caminho_arquivo,classe_verdadeira,classe_predita
C:\Users\eduar\Desktop\Soybe-main\data\com_fundo\RGB_JPG_QUEBRADOS\grao_DSC_0437_id6.png,RGB_JPG_QUEBRADOS,RGB_JPG_QUEBRADOS
C:\Users\eduar\Desktop\Soybe-main\data\com_fundo\RGB_JPG_CHOCHOS\grao_DSC_0363_id119.png,RGB_JPG_CHOCHOS,RGB_JPG_CHOCHOS
C:\Users\eduar\Desktop\Soybe-main\data\com_fundo\RGB_JPG_Normais\grao_DSC_0680_id84.png,RGB_JPG_Normais,RGB_JPG_Normais
C:\Users\eduar\Desktop\Soybe-main\data\com_fundo\RGB_JPG_IMPUREZAS\grao_DSC_0244_id4.png,RGB_JPG_IMPUREZAS,RGB_JPG_IMPUREZAS
C:\Users\eduar\Desktop\Soybe-main\data\com_fundo\RGB_JPG_Normais\grao_DSC_0375_id94.png,RGB_JPG_Normais,RGB_JPG_Normais
C:\Users\eduar\Desktop\Soybe-main\data\com_fundo\RGB_JPG_Normais\grao_DSC_0646_id62.png,RGB_JPG_Normais,RGB_JPG_Normais
C:\Users\eduar\Desktop\Soybe-main\data\com_fundo\RGB_JPG_Normais\grao_DSC_0368_id57.png,RGB_JPG_Normais,RGB_JPG_Normais
C:\Users\eduar\Desktop\Soybe-main\data\com_fundo\RGB_JPG_IMPUREZAS\grao_DSC_0242_id225.png,RGB_JPG_IMPUREZAS,RGB_JPG_IMPUREZAS
C:\Users\eduar\Desktop\Soybe-main\data\com_fundo\RGB_JPG_IMPUREZAS\grao_DSC_0278_id21.png,RGB_JPG_IMPUREZAS,RGB_JPG_IMPUREZAS
C:\Users\eduar\Desktop\Soybe-main\data\com_fundo\RGB_JPG_IMPUREZAS\grao_DSC_0017_id208.png,RGB_JPG_IMPUREZAS,RGB_JPG_IMPUREZAS
C:\Users\eduar\Desktop\Soybe-main\data\com_fundo\RGB_JPG_ESVERDEADO\grao_DSC_0305_id23.png,RGB_JPG_ESVERDEADO,RGB_JPG_ESVERDEADO
C:\Users\eduar\Desktop\Soybe-main\data\com_fundo\RGB_JPG_IMPUREZAS\grao_DSC_0293_id234.png,RGB_JPG_IMPUREZAS,RGB_JPG_IMPUREZAS
C:\Users\eduar\Desktop\Soybe-main\data\com_fundo\RGB_JPG_QUEBRADOS\grao_DSC_0170_id30.png,RGB_JPG_QUEBRADOS,RGB_JPG_QUEBRADOS
C:\Users\eduar\Desktop\Soybe-main\data\com_fundo\RGB_JPG_Normais\grao_DSC_0514_id30.png,RGB_JPG_Normais,RGB_JPG_Normais
C:\Users\eduar\Desktop\Soybe-main\data\com_fundo\RGB_JPG_Normais\grao_DSC_0371_id24.png,RGB_JPG_Normais,RGB_JPG_Normais
C:\Users\eduar\Desktop\Soybe-main\data\com_fundo\RGB_JPG_IMPUREZAS\grao_DSC_0226_id21.png,RGB_JPG_IMPUREZAS,RGB_JPG_IMPUREZAS
C:\Users\eduar\Desktop\Soybe-main\data\com_fundo\RGB_JPG_CHOCHOS\grao_DSC_0340_id87.png,RGB_JPG_CHOCHOS,RGB_JPG_CHOCHOS
C:\Users\eduar\Desktop\Soybe-main\data\com_fundo\RGB_JPG_Normais\grao_DSC_0373_id59.png,RGB_JPG_Normais,RGB_JPG_Normais
C:\Users\eduar\Desktop\Soybe-main\data\com_fundo\RGB_JPG_IMPUREZAS\grao_DSC_0287_id256.png,RGB_JPG_IMPUREZAS,RGB_JPG_IMPUREZAS
C:\Users\eduar\Desktop\Soybe-main\data\com_fundo\RGB_JPG_QUEBRADOS\grao_DSC_0431_id42.png,RGB_JPG_QUEBRADOS,RGB_JPG_QUEBRADOS
C:\Users\eduar\Desktop\Soybe-main\data\com_fundo\RGB_JPG_Normais\grao_DSC_0477_id91.png,RGB_JPG_Normais,RGB_JPG_Normais
C:\Users\eduar\Desktop\Soybe-main\data\com_fundo\RGB_JPG_QUEBRADOS\grao_DSC_0434_id48.png,RGB_JPG_QUEBRADOS,RGB_JPG_QUEBRADOS
C:\Users\eduar\Desktop\Soybe-main\data\com_fundo\RGB_JPG_CHOCHOS\grao_DSC_0321_id70.png,RGB_JPG_CHOCHOS,RGB_JPG_CHOCHOS
C:\Users\eduar\Desktop\Soybe-main\data\com_fundo\RGB_JPG_Normais\grao_DSC_0212_id5.png,RGB_JPG_Normais,RGB_JPG_Normais
C:\Users\eduar\Desktop\Soybe-main\data\com_fundo\RGB_JPG_Normais\grao_DSC_0492_id10.png,RGB_JPG_Normais,RGB_JPG_Normais
C:\Users\eduar\Desktop\Soybe-main\data\com_fundo\RGB_JPG_IMPUREZAS\grao_DSC_0021_id193.png,RGB_JPG_IMPUREZAS,RGB_JPG_IMPUREZAS
C:\Users\eduar\Desktop\Soybe-main\data\com_fundo\RGB_JPG_Normais\grao_DSC_0377_id54.png,RGB_JPG_Normais,RGB_JPG_Normais
C:\Users\eduar\Desktop\Soybe-main\data\com_fundo\RGB_JPG_IMPUREZAS\grao_DSC_0243_id67.png,RGB_JPG_IMPUREZAS,RGB_JPG_IMPUREZAS
C:\Users\eduar\Desktop\Soybe-main\data\com_fundo\RGB_JPG_CHOCHOS\grao_DSC_0334_id78.png,RGB_JPG_CHOCHOS,RGB_JPG_CHOCHOS
C:\Users\eduar\Desktop\Soybe-main\data\com_fundo\RGB_JPG_IMPUREZAS\grao_DSC_0273_id21.png,RGB_JPG_IMPUREZAS,RGB_JPG_IMPUREZAS
C:\Users\eduar\Desktop\Soybe-main\data\com_fundo\RGB_JPG_CHOCHOS\grao_DSC_0356_id57.png,RGB_JPG_CHOCHOS,RGB_JPG_CHOCHOS
C:\Users\eduar\Desktop\Soybe-main\data\com_fundo\RGB_JPG_Normais\grao_DSC_0501_id8.png,RGB_JPG_Normais,RGB_JPG_Normais
C:\Users\eduar\Desktop\Soybe-main\data\com_fundo\RGB_JPG_IMPUREZAS\grao_DSC_0002_id299.png,RGB_JPG_IMPUREZAS,RGB_JPG_IMPUREZAS
C:\Users\eduar\Desktop\Soybe-main\data\com_fundo\RGB_JPG_Normais\grao_DSC_0496_id34.png,RGB_JPG_Normais,RGB_JPG_Normais
C:\Users\eduar\Desktop\Soybe-main\data\com_fundo\RGB_JPG_Normais\grao_DSC_0468_id33.png,RGB_JPG_Normais,RGB_JPG_Normais
C:\Users\eduar\Desktop\Soybe-main\data\com_fundo\RGB_JPG_QUEBRADOS\grao_DSC_0462_id38.png,RGB_JPG_QUEBRADOS,RGB_JPG_QUEBRADOS
C:\Users\eduar\Desktop\Soybe-main\data\com_fundo\RGB_JPG_QUEBRADOS\grao_DSC_0449_id42.png,RGB_JPG_QUEBRADOS,RGB_JPG_QUEBRADOS
C:\Users\eduar\Desktop\Soybe-main\data\com_fundo\RGB_JPG_Normais\grao_DSC_0513_id4.png,RGB_JPG_Normais,RGB_JPG_Normais
C:\Users\eduar\Desktop\Soybe-main\data\com_fundo\RGB_JPG_Normais\grao_DSC_0479_id37.png,RGB_JPG_Normais,RGB_JPG_Normais
C:\Users\eduar\Desktop\Soybe-main\data\com_fundo\RGB_JPG_Normais\grao_DSC_0382_id95.png,RGB_JPG_Normais,RGB_JPG_Normais
C:\Users\eduar\Desktop\Soybe-main\data\com_fundo\RGB_JPG_Normais\grao_DSC_0645_id77.png,RGB_JPG_Normais,RGB_JPG_Normais
C:\Users\eduar\Desktop\Soybe-main\data\com_fundo\RGB_JPG_Normais\grao_DSC_0487_id17.png,RGB_JPG_Normais,RGB_JPG_Normais
C:\Users\eduar\Desktop\Soybe-main\data\com_fundo\RGB_JPG_Normais\grao_DSC_0634_id96.png,RGB_JPG_Normais,RGB_JPG_Normais
C:\Users\eduar\Desktop\Soybe-main\data\com_fundo\RGB_JPG_IMPUREZAS\grao_DSC_0017_id213.png,RGB_JPG_IMPUREZAS,RGB_JPG_IMPUREZAS
C:\Users\eduar\Desktop\Soybe-main\data\com_fundo\RGB_JPG_Normais\grao_DSC_0674_id30.png,RGB_JPG_Normais,RGB_JPG_Normais
C:\Users\eduar\Desktop\Soybe-main\data\com_fundo\RGB_JPG_IMPUREZAS\grao_DSC_0287_id109.png,RGB_JPG_IMPUREZAS,RGB_JPG_IMPUREZAS
C:\Users\eduar\Desktop\Soybe-main\data\com_fundo\RGB_JPG_IMPUREZAS\grao_DSC_0225_id66.png,RGB_JPG_IMPUREZAS,RGB_JPG_IMPUREZAS
C:\Users\eduar\Desktop\Soybe-main\data\com_fundo\RGB_JPG_Normais\grao_DSC_0381_id102.png,RGB_JPG_Normais,RGB_JPG_Normais
C:\Users\eduar\Desktop\Soybe-main\data\com_fundo\RGB_JPG_Normais\grao_DSC_0479_id76.png,RGB_JPG_Normais,RGB_JPG_Normais
C:\Users\eduar\Desktop\Soybe-main\data\com_fundo\RGB_JPG_QUEBRADOS\grao_DSC_0460_id37.png,RGB_JPG_QUEBRADOS,RGB_JPG_QUEBRADOS
C:\Users\eduar\Desktop\Soybe-main\data\com_fundo\RGB_JPG_IMPUREZAS\grao_DSC_0274_id124.png,RGB_JPG_IMPUREZAS,RGB_JPG_IMPUREZAS
C:\Users\eduar\Desktop\Soybe-main\data\com_fundo\RGB_JPG_Normais\grao_DSC_0629_id94.png,RGB_JPG_Normais,RGB_JPG_Normais
C:\Users\eduar\Desktop\Soybe-main\data\com_fundo\RGB_JPG_CHOCHOS\grao_DSC_0333_id21.png,RGB_JPG_CHOCHOS,RGB_JPG_CHOCHOS
C:\Users\eduar\Desktop\Soybe-main\data\com_fundo\RGB_JPG_IMPUREZAS\grao_DSC_0237_id28.png,RGB_JPG_IMPUREZAS,RGB_JPG_IMPUREZAS
C:\Users\eduar\Desktop\Soybe-main\data\com_fundo\RGB_JPG_Normais\grao_DSC_0510_id80.png,RGB_JPG_Normais,RGB_JPG_Normais
C:\Users\eduar\Desktop\Soybe-main\data\com_fundo\RGB_JPG_Normais\grao_DSC_0321_id7.png,RGB_JPG_Normais,RGB_JPG_CHOCHOS
C:\Users\eduar\Desktop\Soybe-main\data\com_fundo\RGB_JPG_ESVERDEADO\grao_DSC_0301_id76.png,RGB_JPG_ESVERDEADO,RGB_JPG_ESVERDEADO
C:\Users\eduar\Desktop\Soybe-main\data\com_fundo\RGB_JPG_CHOCHOS\grao_DSC_0345_id39.png,RGB_JPG_CHOCHOS,RGB_JPG_CHOCHOS
C:\Users\eduar\Desktop\Soybe-main\data\com_fundo\RGB_JPG_IMPUREZAS\grao_DSC_0022_id102.png,RGB_JPG_IMPUREZAS,RGB_JPG_IMPUREZAS
C:\Users\eduar\Desktop\Soybe-main\data\com_fundo\RGB_JPG_Normais\grao_DSC_0678_id99.png,RGB_JPG_Normais,RGB_JPG_Normais
C:\Users\eduar\Desktop\Soybe-main\data\com_fundo\RGB_JPG_Normais\grao_DSC_0503_id45.png,RGB_JPG_Normais,RGB_JPG_Normais
C:\Users\eduar\Desktop\Soybe-main\data\com_fundo\RGB_JPG_Normais\grao_DSC_0514_id68.png,RGB_JPG_Normais,RGB_JPG_Normais
C:\Users\eduar\Desktop\Soybe-main\data\com_fundo\RGB_JPG_QUEBRADOS\grao_DSC_0418_id48.png,RGB_JPG_QUEBRADOS,RGB_JPG_QUEBRADOS
C:\Users\eduar\Desktop\Soybe-main\data\com_fundo\RGB_JPG_Normais\grao_DSC_0322_id104.png,RGB_JPG_Normais,RGB_JPG_CHOCHOS
C:\Users\eduar\Desktop\Soybe-main\data\com_fundo\RGB_JPG_IMPUREZAS\grao_DSC_0226_id219.png,RGB_JPG_IMPUREZAS,RGB_JPG_IMPUREZAS
C:\Users\eduar\Desktop\Soybe-main\data\com_fundo\RGB_JPG_Normais\grao_DSC_0387_id29.png,RGB_JPG_Normais,RGB_JPG_Normais
C:\Users\eduar\Desktop\Soybe-main\data\com_fundo\RGB_JPG_Normais\grao_DSC_0396_id53.png,RGB_JPG_Normais,RGB_JPG_Normais
C:\Users\eduar\Desktop\Soybe-main\data\com_fundo\RGB_JPG_IMPUREZAS\grao_DSC_0246_id237.png,RGB_JPG_IMPUREZAS,RGB_JPG_IMPUREZAS
C:\Users\eduar\Desktop\Soybe-main\data\com_fundo\RGB_JPG_IMPUREZAS\grao_DSC_0009_id2.png,RGB_JPG_IMPUREZAS,RGB_JPG_IMPUREZAS
C:\Users\eduar\Desktop\Soybe-main\data\com_fundo\RGB_JPG_QUEBRADOS\grao_DSC_0401_id95.png,RGB_JPG_QUEBRADOS,RGB_JPG_QUEBRADOS
C:\Users\eduar\Desktop\Soybe-main\data\com_fundo\RGB_JPG_Normais\grao_DSC_0643_id93.png,RGB_JPG_Normais,RGB_JPG_Normais
C:\Users\eduar\Desktop\Soybe-main\data\com_fundo\RGB_JPG_IMPUREZAS\grao_DSC_0228_id162.png,RGB_JPG_IMPUREZAS,RGB_JPG_IMPUREZAS
C:\Users\eduar\Desktop\Soybe-main\data\com_fundo\RGB_JPG_IMPUREZAS\grao_DSC_0285_id78.png,RGB_JPG_IMPUREZAS,RGB_JPG_IMPUREZAS
C:\Users\eduar\Desktop\Soybe-main\data\com_fundo\RGB_JPG_QUEBRADOS\grao_DSC_0169_id47.png,RGB_JPG_QUEBRADOS,RGB_JPG_QUEBRADOS
C:\Users\eduar\Desktop\Soybe-main\data\com_fundo\RGB_JPG_CHOCHOS\grao_DSC_0346_id35.png,RGB_JPG_CHOCHOS,RGB_JPG_CHOCHOS
C:\Users\eduar\Desktop\Soybe-main\data\com_fundo\RGB_JPG_Normais\grao_DSC_0658_id30.png,RGB_JPG_Normais,RGB_JPG_Normais
C:\Users\eduar\Desktop\Soybe-main\data\com_fundo\RGB_JPG_ESVERDEADO\grao_DSC_0311_id30.png,RGB_JPG_ESVERDEADO,RGB_JPG_CHOCHOS
C:\Users\eduar\Desktop\Soybe-main\data\com_fundo\RGB_JPG_QUEBRADOS\grao_DSC_0173_id85.png,RGB_JPG_QUEBRADOS,RGB_JPG_QUEBRADOS
C:\Users\eduar\Desktop\Soybe-main\data\com_fundo\RGB_JPG_Normais\grao_DSC_0322_id25.png,RGB_JPG_Normais,RGB_JPG_Normais
C:\Users\eduar\Desktop\Soybe-main\data\com_fundo\RGB_JPG_CHOCHOS\grao_DSC_0339_id38.png,RGB_JPG_CHOCHOS,RGB_JPG_CHOCHOS
C:\Users\eduar\Desktop\Soybe-main\data\com_fundo\RGB_JPG_Normais\grao_DSC_0384_id65.png,RGB_JPG_Normais,RGB_JPG_Normais
C:\Users\eduar\Desktop\Soybe-main\data\com_fundo\RGB_JPG_IMPUREZAS\grao_DSC_0263_id78.png,RGB_JPG_IMPUREZAS,RGB_JPG_IMPUREZAS
C:\Users\eduar\Desktop\Soybe-main\data\com_fundo\RGB_JPG_IMPUREZAS\grao_DSC_0227_id82.png,RGB_JPG_IMPUREZAS,RGB_JPG_IMPUREZAS
C:\Users\eduar\Desktop\Soybe-main\data\com_fundo\RGB_JPG_Normais\grao_DSC_0631_id55.png,RGB_JPG_Normais,RGB_JPG_Normais
C:\Users\eduar\Desktop\Soybe-main\data\com_fundo\RGB_JPG_CHOCHOS\grao_DSC_0323_id13.png,RGB_JPG_CHOCHOS,RGB_JPG_Normais
C:\Users\eduar\Desktop\Soybe-main\data\com_fundo\RGB_JPG_QUEBRADOS\grao_DSC_0412_id90.png,RGB_JPG_QUEBRADOS,RGB_JPG_QUEBRADOS
C:\Users\eduar\Desktop\Soybe-main\data\com_fundo\RGB_JPG_Normais\grao_DSC_0666_id55.png,RGB_JPG_Normais,RGB_JPG_Normais
C:\Users\eduar\Desktop\Soybe-main\data\com_fundo\RGB_JPG_IMPUREZAS\grao_DSC_0248_id133.png,RGB_JPG_IMPUREZAS,RGB_JPG_IMPUREZAS
C:\Users\eduar\Desktop\Soybe-main\data\com_fundo\RGB_JPG_Normais\grao_DSC_0395_id84.png,RGB_JPG_Normais,RGB_JPG_Normais
C:\Users\eduar\Desktop\Soybe-main\data\com_fundo\RGB_JPG_IMPUREZAS\grao_DSC_0242_id3.png,RGB_JPG_IMPUREZAS,RGB_JPG_IMPUREZAS
C:\Users\eduar\Desktop\Soybe-main\data\com_fundo\RGB_JPG_Normais\grao_DSC_0480_id91.png,RGB_JPG_Normais,RGB_JPG_Normais
C:\Users\eduar\Desktop\Soybe-main\data\com_fundo\RGB_JPG_CHOCHOS\grao_DSC_0343_id38.png,RGB_JPG_CHOCHOS,RGB_JPG_CHOCHOS
C:\Users\eduar\Desktop\Soybe-main\data\com_fundo\RGB_JPG_INSETOS\grao_DSC_0164_id58.png,RGB_JPG_INSETOS,RGB_JPG_INSETOS
C:\Users\eduar\Desktop\Soybe-main\data\com_fundo\RGB_JPG_QUEBRADOS\grao_DSC_0446_id61.png,RGB_JPG_QUEBRADOS,RGB_JPG_QUEBRADOS
C:\Users\eduar\Desktop\Soybe-main\data\com_fundo\RGB_JPG_QUEBRADOS\grao_DSC_0168_id118.png,RGB_JPG_QUEBRADOS,RGB_JPG_QUEBRADOS
C:\Users\eduar\Desktop\Soybe-main\data\com_fundo\RGB_JPG_IMPUREZAS\grao_DSC_0282_id215.png,RGB_JPG_IMPUREZAS,RGB_JPG_IMPUREZAS
C:\Users\eduar\Desktop\Soybe-main\data\com_fundo\RGB_JPG_QUEBRADOS\grao_DSC_0461_id26.png,RGB_JPG_QUEBRADOS,RGB_JPG_QUEBRADOS
C:\Users\eduar\Desktop\Soybe-main\data\com_fundo\RGB_JPG_Normais\grao_DSC_0134_id1.png,RGB_JPG_Normais,RGB_JPG_Normais
C:\Users\eduar\Desktop\Soybe-main\data\com_fundo\RGB_JPG_Normais\grao_DSC_0618_id29.png,RGB_JPG_Normais,RGB_JPG_Normais
C:\Users\eduar\Desktop\Soybe-main\data\com_fundo\RGB_JPG_IMPUREZAS\grao_DSC_0012_id62.png,RGB_JPG_IMPUREZAS,RGB_JPG_IMPUREZAS
C:\Users\eduar\Desktop\Soybe-main\data\com_fundo\RGB_JPG_CHOCHOS\grao_DSC_0359_id27.png,RGB_JPG_CHOCHOS,RGB_JPG_CHOCHOS
C:\Users\eduar\Desktop\Soybe-main\data\com_fundo\RGB_JPG_IMPUREZAS\grao_DSC_0253_id10.png,RGB_JPG_IMPUREZAS,RGB_JPG_IMPUREZAS
C:\Users\eduar\Desktop\Soybe-main\data\com_fundo\RGB_JPG_IMPUREZAS\grao_DSC_0042_id34.png,RGB_JPG_IMPUREZAS,RGB_JPG_IMPUREZAS
C:\Users\eduar\Desktop\Soybe-main\data\com_fundo\RGB_JPG_Normais\grao_DSC_0497_id72.png,RGB_JPG_Normais,RGB_JPG_Normais
C:\Users\eduar\Desktop\Soybe-main\data\com_fundo\RGB_JPG_ESVERDEADO\grao_DSC_0310_id72.png,RGB_JPG_ESVERDEADO,RGB_JPG_PURPURAS
C:\Users\eduar\Desktop\Soybe-main\data\com_fundo\RGB_JPG_Normais\grao_DSC_0395_id116.png,RGB_JPG_Normais,RGB_JPG_Normais
C:\Users\eduar\Desktop\Soybe-main\data\com_fundo\RGB_JPG_IMPUREZAS\grao_DSC_0019_id19.png,RGB_JPG_IMPUREZAS,RGB_JPG_IMPUREZAS
C:\Users\eduar\Desktop\Soybe-main\data\com_fundo\RGB_JPG_IMPUREZAS\grao_DSC_0245_id6.png,RGB_JPG_IMPUREZAS,RGB_JPG_IMPUREZAS
C:\Users\eduar\Desktop\Soybe-main\data\com_fundo\RGB_JPG_QUEBRADOS\grao_DSC_0461_id10.png,RGB_JPG_QUEBRADOS,RGB_JPG_QUEBRADOS
C:\Users\eduar\Desktop\Soybe-main\data\com_fundo\RGB_JPG_IMPUREZAS\grao_DSC_0275_id70.png,RGB_JPG_IMPUREZAS,RGB_JPG_IMPUREZAS
C:\Users\eduar\Desktop\Soybe-main\data\com_fundo\RGB_JPG_Normais\grao_DSC_0480_id106.png,RGB_JPG_Normais,RGB_JPG_Normais
C:\Users\eduar\Desktop\Soybe-main\data\com_fundo\RGB_JPG_Normais\grao_DSC_0141_id85.png,RGB_JPG_Normais,RGB_JPG_Normais
C:\Users\eduar\Desktop\Soybe-main\data\com_fundo\RGB_JPG_IMPUREZAS\grao_DSC_0285_id90.png,RGB_JPG_IMPUREZAS,RGB_JPG_IMPUREZAS
C:\Users\eduar\Desktop\Soybe-main\data\com_fundo\RGB_JPG_Normais\grao_DSC_0377_id113.png,RGB_JPG_Normais,RGB_JPG_Normais
C:\Users\eduar\Desktop\Soybe-main\data\com_fundo\RGB_JPG_Normais\grao_DSC_0676_id27.png,RGB_JPG_Normais,RGB_JPG_Normais
C:\Users\eduar\Desktop\Soybe-main\data\com_fundo\RGB_JPG_Normais\grao_DSC_0390_id28.png,RGB_JPG_Normais,RGB_JPG_Normais
C:\Users\eduar\Desktop\Soybe-main\data\com_fundo\RGB_JPG_Normais\grao_DSC_0631_id103.png,RGB_JPG_Normais,RGB_JPG_Normais
C:\Users\eduar\Desktop\Soybe-main\data\com_fundo\RGB_JPG_CHOCHOS\grao_DSC_0318_id69.png,RGB_JPG_CHOCHOS,RGB_JPG_CHOCHOS
C:\Users\eduar\Desktop\Soybe-main\data\com_fundo\RGB_JPG_IMPUREZAS\grao_DSC_0246_id260.png,RGB_JPG_IMPUREZAS,RGB_JPG_IMPUREZAS
C:\Users\eduar\Desktop\Soybe-main\data\com_fundo\RGB_JPG_QUEBRADOS\grao_DSC_0422_id13.png,RGB_JPG_QUEBRADOS,RGB_JPG_QUEBRADOS
C:\Users\eduar\Desktop\Soybe-main\data\com_fundo\RGB_JPG_ESVERDEADO\grao_DSC_0311_id57.png,RGB_JPG_ESVERDEADO,RGB_JPG_QUEBRADOS
C:\Users\eduar\Desktop\Soybe-main\data\com_fundo\RGB_JPG_Normais\grao_DSC_0323_id7.png,RGB_JPG_Normais,RGB_JPG_CHOCHOS
C:\Users\eduar\Desktop\Soybe-main\data\com_fundo\RGB_JPG_QUEBRADOS\grao_DSC_0429_id34.png,RGB_JPG_QUEBRADOS,RGB_JPG_QUEBRADOS
C:\Users\eduar\Desktop\Soybe-main\data\com_fundo\RGB_JPG_Normais\grao_DSC_0371_id33.png,RGB_JPG_Normais,RGB_JPG_Normais
C:\Users\eduar\Desktop\Soybe-main\data\com_fundo\RGB_JPG_IMPUREZAS\grao_DSC_0005_id108.png,RGB_JPG_IMPUREZAS,RGB_JPG_IMPUREZAS
C:\Users\eduar\Desktop\Soybe-main\data\com_fundo\RGB_JPG_QUEBRADOS\grao_DSC_0172_id3.png,RGB_JPG_QUEBRADOS,RGB_JPG_QUEBRADOS
C:\Users\eduar\Desktop\Soybe-main\data\com_fundo\RGB_JPG_Normais\grao_DSC_0390_id83.png,RGB_JPG_Normais,RGB_JPG_Normais
C:\Users\eduar\Desktop\Soybe-main\data\com_fundo\RGB_JPG_IMPUREZAS\grao_DSC_0270_id248.png,RGB_JPG_IMPUREZAS,RGB_JPG_IMPUREZAS
C:\Users\eduar\Desktop\Soybe-main\data\com_fundo\RGB_JPG_QUEBRADOS\grao_DSC_0169_id88.png,RGB_JPG_QUEBRADOS,RGB_JPG_QUEBRADOS
C:\Users\eduar\Desktop\Soybe-main\data\com_fundo\RGB_JPG_IMPUREZAS\grao_DSC_0027_id116.png,RGB_JPG_IMPUREZAS,RGB_JPG_IMPUREZAS
C:\Users\eduar\Desktop\Soybe-main\data\com_fundo\RGB_JPG_IMPUREZAS\grao_DSC_0039_id16.png,RGB_JPG_IMPUREZAS,RGB_JPG_IMPUREZAS
C:\Users\eduar\Desktop\Soybe-main\data\com_fundo\RGB_JPG_QUEBRADOS\grao_DSC_0455_id29.png,RGB_JPG_QUEBRADOS,RGB_JPG_QUEBRADOS
C:\Users\eduar\Desktop\Soybe-main\data\com_fundo\RGB_JPG_Normais\grao_DSC_0671_id89.png,RGB_JPG_Normais,RGB_JPG_Normais
C:\Users\eduar\Desktop\Soybe-main\data\com_fundo\RGB_JPG_CHOCHOS\grao_DSC_0341_id49.png,RGB_JPG_CHOCHOS,RGB_JPG_CHOCHOS
C:\Users\eduar\Desktop\Soybe-main\data\com_fundo\RGB_JPG_CHOCHOS\grao_DSC_0351_id57.png,RGB_JPG_CHOCHOS,RGB_JPG_CHOCHOS
C:\Users\eduar\Desktop\Soybe-main\data\com_fundo\RGB_JPG_Normais\grao_DSC_0514_id82.png,RGB_JPG_Normais,RGB_JPG_Normais
C:\Users\eduar\Desktop\Soybe-main\data\com_fundo\RGB_JPG_Normais\grao_DSC_0485_id37.png,RGB_JPG_Normais,RGB_JPG_Normais
C:\Users\eduar\Desktop\Soybe-main\data\com_fundo\RGB_JPG_IMPUREZAS\grao_DSC_0019_id64.png,RGB_JPG_IMPUREZAS,RGB_JPG_IMPUREZAS
C:\Users\eduar\Desktop\Soybe-main\data\com_fundo\RGB_JPG_Normais\grao_DSC_0676_id78.png,RGB_JPG_Normais,RGB_JPG_Normais
C:\Users\eduar\Desktop\Soybe-main\data\com_fundo\RGB_JPG_Normais\grao_DSC_0663_id23.png,RGB_JPG_Normais,RGB_JPG_Normais
C:\Users\eduar\Desktop\Soybe-main\data\com_fundo\RGB_JPG_IMPUREZAS\grao_DSC_0025_id71.png,RGB_JPG_IMPUREZAS,RGB_JPG_IMPUREZAS
C:\Users\eduar\Desktop\Soybe-main\data\com_fundo\RGB_JPG_IMPUREZAS\grao_DSC_0251_id33.png,RGB_JPG_IMPUREZAS,RGB_JPG_IMPUREZAS
C:\Users\eduar\Desktop\Soybe-main\data\com_fundo\RGB_JPG_Normais\grao_DSC_0213_id59.png,RGB_JPG_Normais,RGB_JPG_Normais
C:\Users\eduar\Desktop\Soybe-main\data\com_fundo\RGB_JPG_IMPUREZAS\grao_DSC_0254_id47.png,RGB_JPG_IMPUREZAS,RGB_JPG_IMPUREZAS
C:\Users\eduar\Desktop\Soybe-main\data\com_fundo\RGB_JPG_QUEBRADOS\grao_DSC_0410_id36.png,RGB_JPG_QUEBRADOS,RGB_JPG_QUEBRADOS
C:\Users\eduar\Desktop\Soybe-main\data\com_fundo\RGB_JPG_QUEBRADOS\grao_DSC_0421_id50.png,RGB_JPG_QUEBRADOS,RGB_JPG_QUEBRADOS
C:\Users\eduar\Desktop\Soybe-main\data\com_fundo\RGB_JPG_Normais\grao_DSC_0158_id112.png,RGB_JPG_Normais,RGB_JPG_Normais
C:\Users\eduar\Desktop\Soybe-main\data\com_fundo\RGB_JPG_Normais\grao_DSC_0622_id90.png,RGB_JPG_Normais,RGB_JPG_Normais
C:\Users\eduar\Desktop\Soybe-main\data\com_fundo\RGB_JPG_Normais\grao_DSC_0155_id26.png,RGB_JPG_Normais,RGB_JPG_Normais
C:\Users\eduar\Desktop\Soybe-main\data\com_fundo\RGB_JPG_IMPUREZAS\grao_DSC_0225_id49.png,RGB_JPG_IMPUREZAS,RGB_JPG_IMPUREZAS
C:\Users\eduar\Desktop\Soybe-main\data\com_fundo\RGB_JPG_IMPUREZAS\grao_DSC_0293_id197.png,RGB_JPG_IMPUREZAS,RGB_JPG_IMPUREZAS
C:\Users\eduar\Desktop\Soybe-main\data\com_fundo\RGB_JPG_Normais\grao_DSC_0610_id24.png,RGB_JPG_Normais,RGB_JPG_Normais
C:\Users\eduar\Desktop\Soybe-main\data\com_fundo\RGB_JPG_Normais\grao_DSC_0480_id72.png,RGB_JPG_Normais,RGB_JPG_Normais
C:\Users\eduar\Desktop\Soybe-main\data\com_fundo\RGB_JPG_Normais\grao_DSC_0645_id72.png,RGB_JPG_Normais,RGB_JPG_Normais
C:\Users\eduar\Desktop\Soybe-main\data\com_fundo\RGB_JPG_IMPUREZAS\grao_DSC_0025_id85.png,RGB_JPG_IMPUREZAS,RGB_JPG_IMPUREZAS
C:\Users\eduar\Desktop\Soybe-main\data\com_fundo\RGB_JPG_Normais\grao_DSC_0668_id52.png,RGB_JPG_Normais,RGB_JPG_Normais
C:\Users\eduar\Desktop\Soybe-main\data\com_fundo\RGB_JPG_IMPUREZAS\grao_DSC_0242_id15.png,RGB_JPG_IMPUREZAS,RGB_JPG_IMPUREZAS
C:\Users\eduar\Desktop\Soybe-main\data\com_fundo\RGB_JPG_IMPUREZAS\grao_DSC_0017_id150.png,RGB_JPG_IMPUREZAS,RGB_JPG_IMPUREZAS
C:\Users\eduar\Desktop\Soybe-main\data\com_fundo\RGB_JPG_IMPUREZAS\grao_DSC_0262_id44.png,RGB_JPG_IMPUREZAS,RGB_JPG_IMPUREZAS
C:\Users\eduar\Desktop\Soybe-main\data\com_fundo\RGB_JPG_QUEBRADOS\grao_DSC_0463_id13.png,RGB_JPG_QUEBRADOS,RGB_JPG_QUEBRADOS
C:\Users\eduar\Desktop\Soybe-main\data\com_fundo\RGB_JPG_QUEBRADOS\grao_DSC_0435_id67.png,RGB_JPG_QUEBRADOS,RGB_JPG_QUEBRADOS
C:\Users\eduar\Desktop\Soybe-main\data\com_fundo\RGB_JPG_Normais\grao_DSC_0518_id38.png,RGB_JPG_Normais,RGB_JPG_Normais
C:\Users\eduar\Desktop\Soybe-main\data\com_fundo\RGB_JPG_IMPUREZAS\grao_DSC_0295_id173.png,RGB_JPG_IMPUREZAS,RGB_JPG_IMPUREZAS
C:\Users\eduar\Desktop\Soybe-main\data\com_fundo\RGB_JPG_Normais\grao_DSC_0322_id43.png,RGB_JPG_Normais,RGB_JPG_CHOCHOS
C:\Users\eduar\Desktop\Soybe-main\data\com_fundo\RGB_JPG_CHOCHOS\grao_DSC_0351_id5.png,RGB_JPG_CHOCHOS,RGB_JPG_CHOCHOS
C:\Users\eduar\Desktop\Soybe-main\data\com_fundo\RGB_JPG_IMPUREZAS\grao_DSC_0013_id13.png,RGB_JPG_IMPUREZAS,RGB_JPG_IMPUREZAS
C:\Users\eduar\Desktop\Soybe-main\data\com_fundo\RGB_JPG_IMPUREZAS\grao_DSC_0249_id162.png,RGB_JPG_IMPUREZAS,RGB_JPG_IMPUREZAS
C:\Users\eduar\Desktop\Soybe-main\data\com_fundo\RGB_JPG_Normais\grao_DSC_0480_id16.png,RGB_JPG_Normais,RGB_JPG_Normais
C:\Users\eduar\Desktop\Soybe-main\data\com_fundo\RGB_JPG_QUEBRADOS\grao_DSC_0412_id4.png,RGB_JPG_QUEBRADOS,RGB_JPG_QUEBRADOS
C:\Users\eduar\Desktop\Soybe-main\data\com_fundo\RGB_JPG_QUEBRADOS\grao_DSC_0462_id65.png,RGB_JPG_QUEBRADOS,RGB_JPG_QUEBRADOS
C:\Users\eduar\Desktop\Soybe-main\data\com_fundo\RGB_JPG_Normais\grao_DSC_0621_id82.png,RGB_JPG_Normais,RGB_JPG_Normais
C:\Users\eduar\Desktop\Soybe-main\data\com_fundo\RGB_JPG_Normais\grao_DSC_0384_id89.png,RGB_JPG_Normais,RGB_JPG_Normais
C:\Users\eduar\Desktop\Soybe-main\data\com_fundo\RGB_JPG_IMPUREZAS\grao_DSC_0266_id73.png,RGB_JPG_IMPUREZAS,RGB_JPG_IMPUREZAS
C:\Users\eduar\Desktop\Soybe-main\data\com_fundo\RGB_JPG_IMPUREZAS\grao_DSC_0268_id30.png,RGB_JPG_IMPUREZAS,RGB_JPG_IMPUREZAS
C:\Users\eduar\Desktop\Soybe-main\data\com_fundo\RGB_JPG_Normais\grao_DSC_0502_id37.png,RGB_JPG_Normais,RGB_JPG_Normais
C:\Users\eduar\Desktop\Soybe-main\data\com_fundo\RGB_JPG_IMPUREZAS\grao_DSC_0295_id75.png,RGB_JPG_IMPUREZAS,RGB_JPG_IMPUREZAS
C:\Users\eduar\Desktop\Soybe-main\data\com_fundo\RGB_JPG_CHOCHOS\grao_DSC_0349_id96.png,RGB_JPG_CHOCHOS,RGB_JPG_CHOCHOS
C:\Users\eduar\Desktop\Soybe-main\data\com_fundo\RGB_JPG_IMPUREZAS\grao_DSC_0021_id95.png,RGB_JPG_IMPUREZAS,RGB_JPG_IMPUREZAS
C:\Users\eduar\Desktop\Soybe-main\data\com_fundo\RGB_JPG_CHOCHOS\grao_DSC_0351_id102.png,RGB_JPG_CHOCHOS,RGB_JPG_CHOCHOS
C:\Users\eduar\Desktop\Soybe-main\data\com_fundo\RGB_JPG_ESVERDEADO\grao_DSC_0300_id62.png,RGB_JPG_ESVERDEADO,RGB_JPG_ESVERDEADO
C:\Users\eduar\Desktop\Soybe-main\data\com_fundo\RGB_JPG_Normais\grao_DSC_0400_id59.png,RGB_JPG_Normais,RGB_JPG_Normais
C:\Users\eduar\Desktop\Soybe-main\data\com_fundo\RGB_JPG_IMPUREZAS\grao_DSC_0006_id152.png,RGB_JPG_IMPUREZAS,RGB_JPG_IMPUREZAS
C:\Users\eduar\Desktop\Soybe-main\data\com_fundo\RGB_JPG_Normais\grao_DSC_0512_id39.png,RGB_JPG_Normais,RGB_JPG_Normais
C:\Users\eduar\Desktop\Soybe-main\data\com_fundo\RGB_JPG_Normais\grao_DSC_0470_id107.png,RGB_JPG_Normais,RGB_JPG_Normais
C:\Users\eduar\Desktop\Soybe-main\data\com_fundo\RGB_JPG_PURPURAS\grao_DSC_0147_id19.png,RGB_JPG_PURPURAS,RGB_JPG_CHOCHOS
C:\Users\eduar\Desktop\Soybe-main\data\com_fundo\RGB_JPG_Normais\grao_DSC_0323_id60.png,RGB_JPG_Normais,RGB_JPG_QUEBRADOS
C:\Users\eduar\Desktop\Soybe-main\data\com_fundo\RGB_JPG_CHOCHOS\grao_DSC_0322_id55.png,RGB_JPG_CHOCHOS,RGB_JPG_Normais
C:\Users\eduar\Desktop\Soybe-main\data\com_fundo\RGB_JPG_IMPUREZAS\grao_DSC_0266_id149.png,RGB_JPG_IMPUREZAS,RGB_JPG_IMPUREZAS
C:\Users\eduar\Desktop\Soybe-main\data\com_fundo\RGB_JPG_IMPUREZAS\grao_DSC_0012_id133.png,RGB_JPG_IMPUREZAS,RGB_JPG_IMPUREZAS
C:\Users\eduar\Desktop\Soybe-main\data\com_fundo\RGB_JPG_Normais\grao_DSC_0616_id35.png,RGB_JPG_Normais,RGB_JPG_Normais
C:\Users\eduar\Desktop\Soybe-main\data\com_fundo\RGB_JPG_Normais\grao_DSC_0655_id88.png,RGB_JPG_Normais,RGB_JPG_Normais
C:\Users\eduar\Desktop\Soybe-main\data\com_fundo\RGB_JPG_Normais\grao_DSC_0616_id79.png,RGB_JPG_Normais,RGB_JPG_Normais
C:\Users\eduar\Desktop\Soybe-main\data\com_fundo\RGB_JPG_CHOCHOS\grao_DSC_0319_id80.png,RGB_JPG_CHOCHOS,RGB_JPG_CHOCHOS
C:\Users\eduar\Desktop\Soybe-main\data\com_fundo\RGB_JPG_CHOCHOS\grao_DSC_0349_id29.png,RGB_JPG_CHOCHOS,RGB_JPG_CHOCHOS
C:\Users\eduar\Desktop\Soybe-main\data\com_fundo\RGB_JPG_QUEBRADOS\grao_DSC_0450_id53.png,RGB_JPG_QUEBRADOS,RGB_JPG_QUEBRADOS
C:\Users\eduar\Desktop\Soybe-main\data\com_fundo\RGB_JPG_IMPUREZAS\grao_DSC_0249_id16.png,RGB_JPG_IMPUREZAS,RGB_JPG_IMPUREZAS
C:\Users\eduar\Desktop\Soybe-main\data\com_fundo\RGB_JPG_Normais\grao_DSC_0386_id12.png,RGB_JPG_Normais,RGB_JPG_Normais
C:\Users\eduar\Desktop\Soybe-main\data\com_fundo\RGB_JPG_CHOCHOS\grao_DSC_0315_id43.png,RGB_JPG_CHOCHOS,RGB_JPG_CHOCHOS
C:\Users\eduar\Desktop\Soybe-main\data\com_fundo\RGB_JPG_IMPUREZAS\grao_DSC_0011_id74.png,RGB_JPG_IMPUREZAS,RGB_JPG_IMPUREZAS
C:\Users\eduar\Desktop\Soybe-main\data\com_fundo\RGB_JPG_Normais\grao_DSC_0496_id80.png,RGB_JPG_Normais,RGB_JPG_Normais
C:\Users\eduar\Desktop\Soybe-main\data\com_fundo\RGB_JPG_CHOCHOS\grao_DSC_0355_id43.png,RGB_JPG_CHOCHOS,RGB_JPG_CHOCHOS
C:\Users\eduar\Desktop\Soybe-main\data\com_fundo\RGB_JPG_CHOCHOS\grao_DSC_0353_id32.png,RGB_JPG_CHOCHOS,RGB_JPG_CHOCHOS
C:\Users\eduar\Desktop\Soybe-main\data\com_fundo\RGB_JPG_CHOCHOS\grao_DSC_0329_id22.png,RGB_JPG_CHOCHOS,RGB_JPG_CHOCHOS
C:\Users\eduar\Desktop\Soybe-main\data\com_fundo\RGB_JPG_Normais\grao_DSC_0512_id87.png,RGB_JPG_Normais,RGB_JPG_Normais
C:\Users\eduar\Desktop\Soybe-main\data\com_fundo\RGB_JPG_IMPUREZAS\grao_DSC_0226_id183.png,RGB_JPG_IMPUREZAS,RGB_JPG_IMPUREZAS
C:\Users\eduar\Desktop\Soybe-main\data\com_fundo\RGB_JPG_CHOCHOS\grao_DSC_0348_id73.png,RGB_JPG_CHOCHOS,RGB_JPG_CHOCHOS
C:\Users\eduar\Desktop\Soybe-main\data\com_fundo\RGB_JPG_Normais\grao_DSC_0608_id45.png,RGB_JPG_Normais,RGB_JPG_Normais
C:\Users\eduar\Desktop\Soybe-main\data\com_fundo\RGB_JPG_MAMONAS\grao_DSC_0189_id202.png,RGB_JPG_MAMONAS,RGB_JPG_MAMONAS
C:\Users\eduar\Desktop\Soybe-main\data\com_fundo\RGB_JPG_Normais\grao_DSC_0508_id62.png,RGB_JPG_Normais,RGB_JPG_Normais
C:\Users\eduar\Desktop\Soybe-main\data\com_fundo\RGB_JPG_CHOCHOS\grao_DSC_0359_id13.png,RGB_JPG_CHOCHOS,RGB_JPG_CHOCHOS
C:\Users\eduar\Desktop\Soybe-main\data\com_fundo\RGB_JPG_CHOCHOS\grao_DSC_0331_id74.png,RGB_JPG_CHOCHOS,RGB_JPG_CHOCHOS
C:\Users\eduar\Desktop\Soybe-main\data\com_fundo\RGB_JPG_QUEBRADOS\grao_DSC_0442_id29.png,RGB_JPG_QUEBRADOS,RGB_JPG_QUEBRADOS
C:\Users\eduar\Desktop\Soybe-main\data\com_fundo\RGB_JPG_QUEBRADOS\grao_DSC_0436_id72.png,RGB_JPG_QUEBRADOS,RGB_JPG_QUEBRADOS
C:\Users\eduar\Desktop\Soybe-main\data\com_fundo\RGB_JPG_CHOCHOS\grao_DSC_0314_id24.png,RGB_JPG_CHOCHOS,RGB_JPG_CHOCHOS
C:\Users\eduar\Desktop\Soybe-main\data\com_fundo\RGB_JPG_Normais\grao_DSC_0648_id7.png,RGB_JPG_Normais,RGB_JPG_Normais
C:\Users\eduar\Desktop\Soybe-main\data\com_fundo\RGB_JPG_CHOCHOS\grao_DSC_0334_id73.png,RGB_JPG_CHOCHOS,RGB_JPG_CHOCHOS
C:\Users\eduar\Desktop\Soybe-main\data\com_fundo\RGB_JPG_IMPUREZAS\grao_DSC_0287_id119.png,RGB_JPG_IMPUREZAS,RGB_JPG_IMPUREZAS
C:\Users\eduar\Desktop\Soybe-main\data\com_fundo\RGB_JPG_Normais\grao_DSC_0399_id21.png,RGB_JPG_Normais,RGB_JPG_Normais
C:\Users\eduar\Desktop\Soybe-main\data\com_fundo\RGB_JPG_CHOCHOS\grao_DSC_0313_id73.png,RGB_JPG_CHOCHOS,RGB_JPG_CHOCHOS
C:\Users\eduar\Desktop\Soybe-main\data\com_fundo\RGB_JPG_IMPUREZAS\grao_DSC_0237_id43.png,RGB_JPG_IMPUREZAS,RGB_JPG_IMPUREZAS
C:\Users\eduar\Desktop\Soybe-main\data\com_fundo\RGB_JPG_IMPUREZAS\grao_DSC_0242_id377.png,RGB_JPG_IMPUREZAS,RGB_JPG_IMPUREZAS
C:\Users\eduar\Desktop\Soybe-main\data\com_fundo\RGB_JPG_IMPUREZAS\grao_DSC_0288_id156.png,RGB_JPG_IMPUREZAS,RGB_JPG_IMPUREZAS
C:\Users\eduar\Desktop\Soybe-main\data\com_fundo\RGB_JPG_IMPUREZAS\grao_DSC_0037_id107.png,RGB_JPG_IMPUREZAS,RGB_JPG_IMPUREZAS
C:\Users\eduar\Desktop\Soybe-main\data\com_fundo\RGB_JPG_IMPUREZAS\grao_DSC_0248_id34.png,RGB_JPG_IMPUREZAS,RGB_JPG_IMPUREZAS
C:\Users\eduar\Desktop\Soybe-main\data\com_fundo\RGB_JPG_Normais\grao_DSC_0513_id49.png,RGB_JPG_Normais,RGB_JPG_Normais
C:\Users\eduar\Desktop\Soybe-main\data\com_fundo\RGB_JPG_IMPUREZAS\grao_DSC_0238_id7.png,RGB_JPG_IMPUREZAS,RGB_JPG_IMPUREZAS
C:\Users\eduar\Desktop\Soybe-main\data\com_fundo\RGB_JPG_IMPUREZAS\grao_DSC_0017_id204.png,RGB_JPG_IMPUREZAS,RGB_JPG_IMPUREZAS
C:\Users\eduar\Desktop\Soybe-main\data\com_fundo\RGB_JPG_IMPUREZAS\grao_DSC_0027_id212.png,RGB_JPG_IMPUREZAS,RGB_JPG_IMPUREZAS
C:\Users\eduar\Desktop\Soybe-main\data\com_fundo\RGB_JPG_IMPUREZAS\grao_DSC_0267_id146.png,RGB_JPG_IMPUREZAS,RGB_JPG_IMPUREZAS
C:\Users\eduar\Desktop\Soybe-main\data\com_fundo\RGB_JPG_IMPUREZAS\grao_DSC_0239_id149.png,RGB_JPG_IMPUREZAS,RGB_JPG_IMPUREZAS
C:\Users\eduar\Desktop\Soybe-main\data\com_fundo\RGB_JPG_CHOCHOS\grao_DSC_0335_id65.png,RGB_JPG_CHOCHOS,RGB_JPG_CHOCHOS
C:\Users\eduar\Desktop\Soybe-main\data\com_fundo\RGB_JPG_QUEBRADOS\grao_DSC_0417_id37.png,RGB_JPG_QUEBRADOS,RGB_JPG_QUEBRADOS
C:\Users\eduar\Desktop\Soybe-main\data\com_fundo\RGB_JPG_IMPUREZAS\grao_DSC_0251_id112.png,RGB_JPG_IMPUREZAS,RGB_JPG_IMPUREZAS
C:\Users\eduar\Desktop\Soybe-main\data\com_fundo\RGB_JPG_IMPUREZAS\grao_DSC_0296_id145.png,RGB_JPG_IMPUREZAS,RGB_JPG_IMPUREZAS
C:\Users\eduar\Desktop\Soybe-main\data\com_fundo\RGB_JPG_Normais\grao_DSC_0379_id37.png,RGB_JPG_Normais,RGB_JPG_Normais
C:\Users\eduar\Desktop\Soybe-main\data\com_fundo\RGB_JPG_IMPUREZAS\grao_DSC_0269_id121.png,RGB_JPG_IMPUREZAS,RGB_JPG_IMPUREZAS
C:\Users\eduar\Desktop\Soybe-main\data\com_fundo\RGB_JPG_IMPUREZAS\grao_DSC_0241_id244.png,RGB_JPG_IMPUREZAS,RGB_JPG_IMPUREZAS
C:\Users\eduar\Desktop\Soybe-main\data\com_fundo\RGB_JPG_QUEBRADOS\grao_DSC_0173_id16.png,RGB_JPG_QUEBRADOS,RGB_JPG_QUEBRADOS
C:\Users\eduar\Desktop\Soybe-main\data\com_fundo\RGB_JPG_IMPUREZAS\grao_DSC_0002_id99.png,RGB_JPG_IMPUREZAS,RGB_JPG_IMPUREZAS
C:\Users\eduar\Desktop\Soybe-main\data\com_fundo\RGB_JPG_IMPUREZAS\grao_DSC_0239_id242.png,RGB_JPG_IMPUREZAS,RGB_JPG_IMPUREZAS
C:\Users\eduar\Desktop\Soybe-main\data\com_fundo\RGB_JPG_IMPUREZAS\grao_DSC_0264_id37.png,RGB_JPG_IMPUREZAS,RGB_JPG_IMPUREZAS
C:\Users\eduar\Desktop\Soybe-main\data\com_fundo\RGB_JPG_IMPUREZAS\grao_DSC_0019_id4.png,RGB_JPG_IMPUREZAS,RGB_JPG_IMPUREZAS
C:\Users\eduar\Desktop\Soybe-main\data\com_fundo\RGB_JPG_IMPUREZAS\grao_DSC_0039_id186.png,RGB_JPG_IMPUREZAS,RGB_JPG_IMPUREZAS
C:\Users\eduar\Desktop\Soybe-main\data\com_fundo\RGB_JPG_Normais\grao_DSC_0667_id1.png,RGB_JPG_Normais,RGB_JPG_Normais
C:\Users\eduar\Desktop\Soybe-main\data\com_fundo\RGB_JPG_CHOCHOS\grao_DSC_0345_id83.png,RGB_JPG_CHOCHOS,RGB_JPG_CHOCHOS
C:\Users\eduar\Desktop\Soybe-main\data\com_fundo\RGB_JPG_IMPUREZAS\grao_DSC_0231_id213.png,RGB_JPG_IMPUREZAS,RGB_JPG_IMPUREZAS
C:\Users\eduar\Desktop\Soybe-main\data\com_fundo\RGB_JPG_Normais\grao_DSC_0673_id44.png,RGB_JPG_Normais,RGB_JPG_Normais
C:\Users\eduar\Desktop\Soybe-main\data\com_fundo\RGB_JPG_PURPURAS\grao_DSC_0050_id13.png,RGB_JPG_PURPURAS,RGB_JPG_PURPURAS
C:\Users\eduar\Desktop\Soybe-main\data\com_fundo\RGB_JPG_QUEBRADOS\grao_DSC_0426_id96.png,RGB_JPG_QUEBRADOS,RGB_JPG_QUEBRADOS
C:\Users\eduar\Desktop\Soybe-main\data\com_fundo\RGB_JPG_IMPUREZAS\grao_DSC_0010_id128.png,RGB_JPG_IMPUREZAS,RGB_JPG_IMPUREZAS
C:\Users\eduar\Desktop\Soybe-main\data\com_fundo\RGB_JPG_IMPUREZAS\grao_DSC_0296_id110.png,RGB_JPG_IMPUREZAS,RGB_JPG_IMPUREZAS
C:\Users\eduar\Desktop\Soybe-main\data\com_fundo\RGB_JPG_IMPUREZAS\grao_DSC_0265_id116.png,RGB_JPG_IMPUREZAS,RGB_JPG_IMPUREZAS
C:\Users\eduar\Desktop\Soybe-main\data\com_fundo\RGB_JPG_CHOCHOS\grao_DSC_0360_id12.png,RGB_JPG_CHOCHOS,RGB_JPG_CHOCHOS
C:\Users\eduar\Desktop\Soybe-main\data\com_fundo\RGB_JPG_CHOCHOS\grao_DSC_0353_id35.png,RGB_JPG_CHOCHOS,RGB_JPG_CHOCHOS
C:\Users\eduar\Desktop\Soybe-main\data\com_fundo\RGB_JPG_Normais\grao_DSC_0658_id98.png,RGB_JPG_Normais,RGB_JPG_Normais
C:\Users\eduar\Desktop\Soybe-main\data\com_fundo\RGB_JPG_CHOCHOS\grao_DSC_0328_id41.png,RGB_JPG_CHOCHOS,RGB_JPG_CHOCHOS
C:\Users\eduar\Desktop\Soybe-main\data\com_fundo\RGB_JPG_IMPUREZAS\grao_DSC_0030_id143.png,RGB_JPG_IMPUREZAS,RGB_JPG_IMPUREZAS
C:\Users\eduar\Desktop\Soybe-main\data\com_fundo\RGB_JPG_Normais\grao_DSC_0484_id51.png,RGB_JPG_Normais,RGB_JPG_Normais
C:\Users\eduar\Desktop\Soybe-main\data\com_fundo\RGB_JPG_CHOCHOS\grao_DSC_0363_id117.png,RGB_JPG_CHOCHOS,RGB_JPG_CHOCHOS
C:\Users\eduar\Desktop\Soybe-main\data\com_fundo\RGB_JPG_IMPUREZAS\grao_DSC_0227_id199.png,RGB_JPG_IMPUREZAS,RGB_JPG_IMPUREZAS
C:\Users\eduar\Desktop\Soybe-main\data\com_fundo\RGB_JPG_IMPUREZAS\grao_DSC_0282_id52.png,RGB_JPG_IMPUREZAS,RGB_JPG_IMPUREZAS
C:\Users\eduar\Desktop\Soybe-main\data\com_fundo\RGB_JPG_CHOCHOS\grao_DSC_0313_id54.png,RGB_JPG_CHOCHOS,RGB_JPG_CHOCHOS
C:\Users\eduar\Desktop\Soybe-main\data\com_fundo\RGB_JPG_PURPURAS\grao_DSC_0051_id28.png,RGB_JPG_PURPURAS,RGB_JPG_PURPURAS
C:\Users\eduar\Desktop\Soybe-main\data\com_fundo\RGB_JPG_Normais\grao_DSC_0508_id15.png,RGB_JPG_Normais,RGB_JPG_Normais
C:\Users\eduar\Desktop\Soybe-main\data\com_fundo\RGB_JPG_CHOCHOS\grao_DSC_0334_id53.png,RGB_JPG_CHOCHOS,RGB_JPG_CHOCHOS
C:\Users\eduar\Desktop\Soybe-main\data\com_fundo\RGB_JPG_Normais\grao_DSC_0144_id31.png,RGB_JPG_Normais,RGB_JPG_Normais
C:\Users\eduar\Desktop\Soybe-main\data\com_fundo\RGB_JPG_Normais\grao_DSC_0395_id68.png,RGB_JPG_Normais,RGB_JPG_Normais
C:\Users\eduar\Desktop\Soybe-main\data\com_fundo\RGB_JPG_IMPUREZAS\grao_DSC_0282_id71.png,RGB_JPG_IMPUREZAS,RGB_JPG_IMPUREZAS
C:\Users\eduar\Desktop\Soybe-main\data\com_fundo\RGB_JPG_IMPUREZAS\grao_DSC_0283_id54.png,RGB_JPG_IMPUREZAS,RGB_JPG_IMPUREZAS
C:\Users\eduar\Desktop\Soybe-main\data\com_fundo\RGB_JPG_CHOCHOS\grao_DSC_0323_id101.png,RGB_JPG_CHOCHOS,RGB_JPG_CHOCHOS
C:\Users\eduar\Desktop\Soybe-main\data\com_fundo\RGB_JPG_Normais\grao_DSC_0370_id1.png,RGB_JPG_Normais,RGB_JPG_CHOCHOS
C:\Users\eduar\Desktop\Soybe-main\data\com_fundo\RGB_JPG_CHOCHOS\grao_DSC_0358_id106.png,RGB_JPG_CHOCHOS,RGB_JPG_CHOCHOS
C:\Users\eduar\Desktop\Soybe-main\data\com_fundo\RGB_JPG_ESVERDEADO\grao_DSC_0305_id62.png,RGB_JPG_ESVERDEADO,RGB_JPG_ESVERDEADO
C:\Users\eduar\Desktop\Soybe-main\data\com_fundo\RGB_JPG_IMPUREZAS\grao_DSC_0240_id86.png,RGB_JPG_IMPUREZAS,RGB_JPG_IMPUREZAS
C:\Users\eduar\Desktop\Soybe-main\data\com_fundo\RGB_JPG_Normais\grao_DSC_0397_id53.png,RGB_JPG_Normais,RGB_JPG_QUEBRADOS
C:\Users\eduar\Desktop\Soybe-main\data\com_fundo\RGB_JPG_Normais\grao_DSC_0518_id58.png,RGB_JPG_Normais,RGB_JPG_Normais
C:\Users\eduar\Desktop\Soybe-main\data\com_fundo\RGB_JPG_IMPUREZAS\grao_DSC_0018_id220.png,RGB_JPG_IMPUREZAS,RGB_JPG_IMPUREZAS
C:\Users\eduar\Desktop\Soybe-main\data\com_fundo\RGB_JPG_CHOCHOS\grao_DSC_0341_id31.png,RGB_JPG_CHOCHOS,RGB_JPG_CHOCHOS
C:\Users\eduar\Desktop\Soybe-main\data\com_fundo\RGB_JPG_IMPUREZAS\grao_DSC_0293_id222.png,RGB_JPG_IMPUREZAS,RGB_JPG_IMPUREZAS
C:\Users\eduar\Desktop\Soybe-main\data\com_fundo\RGB_JPG_IMPUREZAS\grao_DSC_0019_id84.png,RGB_JPG_IMPUREZAS,RGB_JPG_IMPUREZAS
C:\Users\eduar\Desktop\Soybe-main\data\com_fundo\RGB_JPG_IMPUREZAS\grao_DSC_0239_id351.png,RGB_JPG_IMPUREZAS,RGB_JPG_IMPUREZAS
C:\Users\eduar\Desktop\Soybe-main\data\com_fundo\RGB_JPG_Normais\grao_DSC_0607_id94.png,RGB_JPG_Normais,RGB_JPG_Normais
C:\Users\eduar\Desktop\Soybe-main\data\com_fundo\RGB_JPG_IMPUREZAS\grao_DSC_0269_id166.png,RGB_JPG_IMPUREZAS,RGB_JPG_IMPUREZAS
C:\Users\eduar\Desktop\Soybe-main\data\com_fundo\RGB_JPG_Normais\grao_DSC_0221_id45.png,RGB_JPG_Normais,RGB_JPG_Normais
C:\Users\eduar\Desktop\Soybe-main\data\com_fundo\RGB_JPG_CHOCHOS\grao_DSC_0318_id80.png,RGB_JPG_CHOCHOS,RGB_JPG_CHOCHOS
C:\Users\eduar\Desktop\Soybe-main\data\com_fundo\RGB_JPG_IMPUREZAS\grao_DSC_0231_id43.png,RGB_JPG_IMPUREZAS,RGB_JPG_IMPUREZAS
C:\Users\eduar\Desktop\Soybe-main\data\com_fundo\RGB_JPG_Normais\grao_DSC_0516_id80.png,RGB_JPG_Normais,RGB_JPG_Normais
C:\Users\eduar\Desktop\Soybe-main\data\com_fundo\RGB_JPG_Normais\grao_DSC_0672_id59.png,RGB_JPG_Normais,RGB_JPG_Normais
C:\Users\eduar\Desktop\Soybe-main\data\com_fundo\RGB_JPG_Normais\grao_DSC_0608_id87.png,RGB_JPG_Normais,RGB_JPG_Normais
C:\Users\eduar\Desktop\Soybe-main\data\com_fundo\RGB_JPG_IMPUREZAS\grao_DSC_0292_id127.png,RGB_JPG_IMPUREZAS,RGB_JPG_IMPUREZAS
C:\Users\eduar\Desktop\Soybe-main\data\com_fundo\RGB_JPG_IMPUREZAS\grao_DSC_0240_id270.png,RGB_JPG_IMPUREZAS,RGB_JPG_IMPUREZAS
C:\Users\eduar\Desktop\Soybe-main\data\com_fundo\RGB_JPG_CHOCHOS\grao_DSC_0363_id95.png,RGB_JPG_CHOCHOS,RGB_JPG_CHOCHOS
C:\Users\eduar\Desktop\Soybe-main\data\com_fundo\RGB_JPG_Normais\grao_DSC_0515_id58.png,RGB_JPG_Normais,RGB_JPG_Normais
C:\Users\eduar\Desktop\Soybe-main\data\com_fundo\RGB_JPG_Normais\grao_DSC_0647_id48.png,RGB_JPG_Normais,RGB_JPG_Normais
C:\Users\eduar\Desktop\Soybe-main\data\com_fundo\RGB_JPG_IMPUREZAS\grao_DSC_0244_id137.png,RGB_JPG_IMPUREZAS,RGB_JPG_IMPUREZAS
C:\Users\eduar\Desktop\Soybe-main\data\com_fundo\RGB_JPG_IMPUREZAS\grao_DSC_0259_id229.png,RGB_JPG_IMPUREZAS,RGB_JPG_IMPUREZAS
C:\Users\eduar\Desktop\Soybe-main\data\com_fundo\RGB_JPG_CHOCHOS\grao_DSC_0341_id58.png,RGB_JPG_CHOCHOS,RGB_JPG_CHOCHOS
C:\Users\eduar\Desktop\Soybe-main\data\com_fundo\RGB_JPG_IMPUREZAS\grao_DSC_0241_id171.png,RGB_JPG_IMPUREZAS,RGB_JPG_IMPUREZAS
C:\Users\eduar\Desktop\Soybe-main\data\com_fundo\RGB_JPG_Normais\grao_DSC_0621_id24.png,RGB_JPG_Normais,RGB_JPG_Normais
C:\Users\eduar\Desktop\Soybe-main\data\com_fundo\RGB_JPG_Normais\grao_DSC_0485_id86.png,RGB_JPG_Normais,RGB_JPG_Normais
C:\Users\eduar\Desktop\Soybe-main\data\com_fundo\RGB_JPG_IMPUREZAS\grao_DSC_0246_id187.png,RGB_JPG_IMPUREZAS,RGB_JPG_IMPUREZAS
C:\Users\eduar\Desktop\Soybe-main\data\com_fundo\RGB_JPG_Normais\grao_DSC_0519_id72.png,RGB_JPG_Normais,RGB_JPG_Normais
C:\Users\eduar\Desktop\Soybe-main\data\com_fundo\RGB_JPG_Normais\grao_DSC_0153_id15.png,RGB_JPG_Normais,RGB_JPG_Normais
C:\Users\eduar\Desktop\Soybe-main\data\com_fundo\RGB_JPG_ESVERDEADO\grao_DSC_0301_id43.png,RGB_JPG_ESVERDEADO,RGB_JPG_ESVERDEADO
C:\Users\eduar\Desktop\Soybe-main\data\com_fundo\RGB_JPG_ESVERDEADO\grao_DSC_0299_id17.png,RGB_JPG_ESVERDEADO,RGB_JPG_ESVERDEADO
C:\Users\eduar\Desktop\Soybe-main\data\com_fundo\RGB_JPG_Normais\grao_DSC_0370_id105.png,RGB_JPG_Normais,RGB_JPG_Normais
C:\Users\eduar\Desktop\Soybe-main\data\com_fundo\RGB_JPG_Normais\grao_DSC_0636_id52.png,RGB_JPG_Normais,RGB_JPG_Normais
C:\Users\eduar\Desktop\Soybe-main\data\com_fundo\RGB_JPG_QUEBRADOS\grao_DSC_0413_id71.png,RGB_JPG_QUEBRADOS,RGB_JPG_QUEBRADOS
C:\Users\eduar\Desktop\Soybe-main\data\com_fundo\RGB_JPG_QUEBRADOS\grao_DSC_0170_id12.png,RGB_JPG_QUEBRADOS,RGB_JPG_QUEBRADOS
C:\Users\eduar\Desktop\Soybe-main\data\com_fundo\RGB_JPG_QUEBRADOS\grao_DSC_0428_id10.png,RGB_JPG_QUEBRADOS,RGB_JPG_QUEBRADOS
C:\Users\eduar\Desktop\Soybe-main\data\com_fundo\RGB_JPG_Normais\grao_DSC_0152_id40.png,RGB_JPG_Normais,RGB_JPG_Normais
C:\Users\eduar\Desktop\Soybe-main\data\com_fundo\RGB_JPG_IMPUREZAS\grao_DSC_0267_id144.png,RGB_JPG_IMPUREZAS,RGB_JPG_IMPUREZAS
C:\Users\eduar\Desktop\Soybe-main\data\com_fundo\RGB_JPG_QUEBRADOS\grao_DSC_0408_id82.png,RGB_JPG_QUEBRADOS,RGB_JPG_QUEBRADOS
C:\Users\eduar\Desktop\Soybe-main\data\com_fundo\RGB_JPG_IMPUREZAS\grao_DSC_0288_id3.png,RGB_JPG_IMPUREZAS,RGB_JPG_IMPUREZAS
C:\Users\eduar\Desktop\Soybe-main\data\com_fundo\RGB_JPG_QUEBRADOS\grao_DSC_0446_id103.png,RGB_JPG_QUEBRADOS,RGB_JPG_QUEBRADOS
C:\Users\eduar\Desktop\Soybe-main\data\com_fundo\RGB_JPG_Normais\grao_DSC_0388_id86.png,RGB_JPG_Normais,RGB_JPG_Normais
C:\Users\eduar\Desktop\Soybe-main\data\com_fundo\RGB_JPG_Normais\grao_DSC_0517_id44.png,RGB_JPG_Normais,RGB_JPG_Normais
C:\Users\eduar\Desktop\Soybe-main\data\com_fundo\RGB_JPG_QUEBRADOS\grao_DSC_0169_id112.png,RGB_JPG_QUEBRADOS,RGB_JPG_QUEBRADOS
C:\Users\eduar\Desktop\Soybe-main\data\com_fundo\RGB_JPG_IMPUREZAS\grao_DSC_0026_id64.png,RGB_JPG_IMPUREZAS,RGB_JPG_IMPUREZAS
C:\Users\eduar\Desktop\Soybe-main\data\com_fundo\RGB_JPG_QUEBRADOS\grao_DSC_0446_id85.png,RGB_JPG_QUEBRADOS,RGB_JPG_QUEBRADOS
C:\Users\eduar\Desktop\Soybe-main\data\com_fundo\RGB_JPG_Normais\grao_DSC_0489_id10.png,RGB_JPG_Normais,RGB_JPG_Normais
C:\Users\eduar\Desktop\Soybe-main\data\com_fundo\RGB_JPG_QUEBRADOS\grao_DSC_0426_id2.png,RGB_JPG_QUEBRADOS,RGB_JPG_QUEBRADOS
C:\Users\eduar\Desktop\Soybe-main\data\com_fundo\RGB_JPG_Normais\grao_DSC_0153_id27.png,RGB_JPG_Normais,RGB_JPG_Normais
C:\Users\eduar\Desktop\Soybe-main\data\com_fundo\RGB_JPG_QUEBRADOS\grao_DSC_0172_id60.png,RGB_JPG_QUEBRADOS,RGB_JPG_QUEBRADOS
C:\Users\eduar\Desktop\Soybe-main\data\com_fundo\RGB_JPG_IMPUREZAS\grao_DSC_0283_id45.png,RGB_JPG_IMPUREZAS,RGB_JPG_IMPUREZAS
C:\Users\eduar\Desktop\Soybe-main\data\com_fundo\RGB_JPG_Normais\grao_DSC_0133_id79.png,RGB_JPG_Normais,RGB_JPG_Normais
C:\Users\eduar\Desktop\Soybe-main\data\com_fundo\RGB_JPG_Normais\grao_DSC_0633_id101.png,RGB_JPG_Normais,RGB_JPG_Normais
C:\Users\eduar\Desktop\Soybe-main\data\com_fundo\RGB_JPG_IMPUREZAS\grao_DSC_0042_id20.png,RGB_JPG_IMPUREZAS,RGB_JPG_IMPUREZAS
C:\Users\eduar\Desktop\Soybe-main\data\com_fundo\RGB_JPG_Normais\grao_DSC_0385_id105.png,RGB_JPG_Normais,RGB_JPG_Normais
C:\Users\eduar\Desktop\Soybe-main\data\com_fundo\RGB_JPG_IMPUREZAS\grao_DSC_0228_id105.png,RGB_JPG_IMPUREZAS,RGB_JPG_IMPUREZAS
C:\Users\eduar\Desktop\Soybe-main\data\com_fundo\RGB_JPG_Normais\grao_DSC_0480_id49.png,RGB_JPG_Normais,RGB_JPG_Normais
C:\Users\eduar\Desktop\Soybe-main\data\com_fundo\RGB_JPG_QUEBRADOS\grao_DSC_0444_id30.png,RGB_JPG_QUEBRADOS,RGB_JPG_QUEBRADOS
C:\Users\eduar\Desktop\Soybe-main\data\com_fundo\RGB_JPG_QUEBRADOS\grao_DSC_0406_id30.png,RGB_JPG_QUEBRADOS,RGB_JPG_QUEBRADOS
C:\Users\eduar\Desktop\Soybe-main\data\com_fundo\RGB_JPG_QUEBRADOS\grao_DSC_0435_id21.png,RGB_JPG_QUEBRADOS,RGB_JPG_QUEBRADOS
C:\Users\eduar\Desktop\Soybe-main\data\com_fundo\RGB_JPG_IMPUREZAS\grao_DSC_0284_id151.png,RGB_JPG_IMPUREZAS,RGB_JPG_IMPUREZAS
C:\Users\eduar\Desktop\Soybe-main\data\com_fundo\RGB_JPG_Normais\grao_DSC_0483_id59.png,RGB_JPG_Normais,RGB_JPG_Normais
C:\Users\eduar\Desktop\Soybe-main\data\com_fundo\RGB_JPG_IMPUREZAS\grao_DSC_0265_id64.png,RGB_JPG_IMPUREZAS,RGB_JPG_IMPUREZAS
C:\Users\eduar\Desktop\Soybe-main\data\com_fundo\RGB_JPG_QUEBRADOS\grao_DSC_0441_id52.png,RGB_JPG_QUEBRADOS,RGB_JPG_QUEBRADOS
C:\Users\eduar\Desktop\Soybe-main\data\com_fundo\RGB_JPG_Normais\grao_DSC_0636_id10.png,RGB_JPG_Normais,RGB_JPG_Normais
C:\Users\eduar\Desktop\Soybe-main\data\com_fundo\RGB_JPG_IMPUREZAS\grao_DSC_0277_id174.png,RGB_JPG_IMPUREZAS,RGB_JPG_IMPUREZAS
C:\Users\eduar\Desktop\Soybe-main\data\com_fundo\RGB_JPG_CHOCHOS\grao_DSC_0344_id2.png,RGB_JPG_CHOCHOS,RGB_JPG_CHOCHOS
C:\Users\eduar\Desktop\Soybe-main\data\com_fundo\RGB_JPG_Normais\grao_DSC_0646_id98.png,RGB_JPG_Normais,RGB_JPG_Normais
C:\Users\eduar\Desktop\Soybe-main\data\com_fundo\RGB_JPG_Normais\grao_DSC_0479_id98.png,RGB_JPG_Normais,RGB_JPG_Normais
C:\Users\eduar\Desktop\Soybe-main\data\com_fundo\RGB_JPG_Normais\grao_DSC_0673_id81.png,RGB_JPG_Normais,RGB_JPG_Normais
C:\Users\eduar\Desktop\Soybe-main\data\com_fundo\RGB_JPG_IMPUREZAS\grao_DSC_0024_id74.png,RGB_JPG_IMPUREZAS,RGB_JPG_IMPUREZAS
C:\Users\eduar\Desktop\Soybe-main\data\com_fundo\RGB_JPG_Normais\grao_DSC_0143_id39.png,RGB_JPG_Normais,RGB_JPG_Normais
C:\Users\eduar\Desktop\Soybe-main\data\com_fundo\RGB_JPG_Normais\grao_DSC_0654_id52.png,RGB_JPG_Normais,RGB_JPG_Normais
C:\Users\eduar\Desktop\Soybe-main\data\com_fundo\RGB_JPG_QUEBRADOS\grao_DSC_0420_id13.png,RGB_JPG_QUEBRADOS,RGB_JPG_QUEBRADOS
C:\Users\eduar\Desktop\Soybe-main\data\com_fundo\RGB_JPG_IMPUREZAS\grao_DSC_0279_id21.png,RGB_JPG_IMPUREZAS,RGB_JPG_IMPUREZAS
C:\Users\eduar\Desktop\Soybe-main\data\com_fundo\RGB_JPG_IMPUREZAS\grao_DSC_0260_id166.png,RGB_JPG_IMPUREZAS,RGB_JPG_IMPUREZAS
C:\Users\eduar\Desktop\Soybe-main\data\com_fundo\RGB_JPG_Normais\grao_DSC_0371_id44.png,RGB_JPG_Normais,RGB_JPG_Normais
C:\Users\eduar\Desktop\Soybe-main\data\com_fundo\RGB_JPG_IMPUREZAS\grao_DSC_0296_id176.png,RGB_JPG_IMPUREZAS,RGB_JPG_IMPUREZAS
C:\Users\eduar\Desktop\Soybe-main\data\com_fundo\RGB_JPG_Normais\grao_DSC_0629_id88.png,RGB_JPG_Normais,RGB_JPG_Normais
C:\Users\eduar\Desktop\Soybe-main\data\com_fundo\RGB_JPG_IMPUREZAS\grao_DSC_0223_id70.png,RGB_JPG_IMPUREZAS,RGB_JPG_IMPUREZAS
C:\Users\eduar\Desktop\Soybe-main\data\com_fundo\RGB_JPG_QUEBRADOS\grao_DSC_0442_id60.png,RGB_JPG_QUEBRADOS,RGB_JPG_QUEBRADOS
C:\Users\eduar\Desktop\Soybe-main\data\com_fundo\RGB_JPG_Normais\grao_DSC_0612_id41.png,RGB_JPG_Normais,RGB_JPG_Normais
C:\Users\eduar\Desktop\Soybe-main\data\com_fundo\RGB_JPG_CHOCHOS\grao_DSC_0349_id52.png,RGB_JPG_CHOCHOS,RGB_JPG_CHOCHOS
C:\Users\eduar\Desktop\Soybe-main\data\com_fundo\RGB_JPG_IMPUREZAS\grao_DSC_0282_id23.png,RGB_JPG_IMPUREZAS,RGB_JPG_IMPUREZAS
C:\Users\eduar\Desktop\Soybe-main\data\com_fundo\RGB_JPG_Normais\grao_DSC_0159_id77.png,RGB_JPG_Normais,RGB_JPG_Normais
C:\Users\eduar\Desktop\Soybe-main\data\com_fundo\RGB_JPG_IMPUREZAS\grao_DSC_0275_id99.png,RGB_JPG_IMPUREZAS,RGB_JPG_IMPUREZAS
C:\Users\eduar\Desktop\Soybe-main\data\com_fundo\RGB_JPG_Normais\grao_DSC_0476_id11.png,RGB_JPG_Normais,RGB_JPG_Normais
C:\Users\eduar\Desktop\Soybe-main\data\com_fundo\RGB_JPG_IMPUREZAS\grao_DSC_0292_id74.png,RGB_JPG_IMPUREZAS,RGB_JPG_IMPUREZAS
C:\Users\eduar\Desktop\Soybe-main\data\com_fundo\RGB_JPG_IMPUREZAS\grao_DSC_0030_id121.png,RGB_JPG_IMPUREZAS,RGB_JPG_IMPUREZAS
C:\Users\eduar\Desktop\Soybe-main\data\com_fundo\RGB_JPG_Normais\grao_DSC_0637_id57.png,RGB_JPG_Normais,RGB_JPG_Normais
C:\Users\eduar\Desktop\Soybe-main\data\com_fundo\RGB_JPG_Normais\grao_DSC_0477_id23.png,RGB_JPG_Normais,RGB_JPG_Normais
C:\Users\eduar\Desktop\Soybe-main\data\com_fundo\RGB_JPG_IMPUREZAS\grao_DSC_0285_id178.png,RGB_JPG_IMPUREZAS,RGB_JPG_IMPUREZAS
C:\Users\eduar\Desktop\Soybe-main\data\com_fundo\RGB_JPG_Normais\grao_DSC_0671_id55.png,RGB_JPG_Normais,RGB_JPG_Normais
C:\Users\eduar\Desktop\Soybe-main\data\com_fundo\RGB_JPG_IMPUREZAS\grao_DSC_0282_id101.png,RGB_JPG_IMPUREZAS,RGB_JPG_IMPUREZAS
C:\Users\eduar\Desktop\Soybe-main\data\com_fundo\RGB_JPG_Normais\grao_DSC_0659_id67.png,RGB_JPG_Normais,RGB_JPG_Normais
C:\Users\eduar\Desktop\Soybe-main\data\com_fundo\RGB_JPG_Normais\grao_DSC_0659_id77.png,RGB_JPG_Normais,RGB_JPG_Normais
C:\Users\eduar\Desktop\Soybe-main\data\com_fundo\RGB_JPG_CHOCHOS\grao_DSC_0325_id101.png,RGB_JPG_CHOCHOS,RGB_JPG_CHOCHOS
C:\Users\eduar\Desktop\Soybe-main\data\com_fundo\RGB_JPG_IMPUREZAS\grao_DSC_0028_id24.png,RGB_JPG_IMPUREZAS,RGB_JPG_IMPUREZAS
C:\Users\eduar\Desktop\Soybe-main\data\com_fundo\RGB_JPG_QUEBRADOS\grao_DSC_0466_id72.png,RGB_JPG_QUEBRADOS,RGB_JPG_QUEBRADOS
C:\Users\eduar\Desktop\Soybe-main\data\com_fundo\RGB_JPG_IMPUREZAS\grao_DSC_0015_id42.png,RGB_JPG_IMPUREZAS,RGB_JPG_IMPUREZAS
C:\Users\eduar\Desktop\Soybe-main\data\com_fundo\RGB_JPG_IMPUREZAS\grao_DSC_0237_id131.png,RGB_JPG_IMPUREZAS,RGB_JPG_IMPUREZAS
C:\Users\eduar\Desktop\Soybe-main\data\com_fundo\RGB_JPG_INSETOS\grao_DSC_0164_id75.png,RGB_JPG_INSETOS,RGB_JPG_INSETOS
C:\Users\eduar\Desktop\Soybe-main\data\com_fundo\RGB_JPG_Normais\grao_DSC_0608_id104.png,RGB_JPG_Normais,RGB_JPG_Normais
C:\Users\eduar\Desktop\Soybe-main\data\com_fundo\RGB_JPG_Normais\grao_DSC_0220_id8.png,RGB_JPG_Normais,RGB_JPG_Normais
C:\Users\eduar\Desktop\Soybe-main\data\com_fundo\RGB_JPG_IMPUREZAS\grao_DSC_0019_id1.png,RGB_JPG_IMPUREZAS,RGB_JPG_IMPUREZAS
C:\Users\eduar\Desktop\Soybe-main\data\com_fundo\RGB_JPG_Normais\grao_DSC_0644_id25.png,RGB_JPG_Normais,RGB_JPG_Normais
C:\Users\eduar\Desktop\Soybe-main\data\com_fundo\RGB_JPG_IMPUREZAS\grao_DSC_0293_id85.png,RGB_JPG_IMPUREZAS,RGB_JPG_IMPUREZAS
C:\Users\eduar\Desktop\Soybe-main\data\com_fundo\RGB_JPG_Normais\grao_DSC_0213_id64.png,RGB_JPG_Normais,RGB_JPG_CHOCHOS
C:\Users\eduar\Desktop\Soybe-main\data\com_fundo\RGB_JPG_Normais\grao_DSC_0484_id74.png,RGB_JPG_Normais,RGB_JPG_Normais
C:\Users\eduar\Desktop\Soybe-main\data\com_fundo\RGB_JPG_Normais\grao_DSC_0657_id84.png,RGB_JPG_Normais,RGB_JPG_Normais
C:\Users\eduar\Desktop\Soybe-main\data\com_fundo\RGB_JPG_IMPUREZAS\grao_DSC_0258_id116.png,RGB_JPG_IMPUREZAS,RGB_JPG_IMPUREZAS
C:\Users\eduar\Desktop\Soybe-main\data\com_fundo\RGB_JPG_Normais\grao_DSC_0150_id5.png,RGB_JPG_Normais,RGB_JPG_Normais
C:\Users\eduar\Desktop\Soybe-main\data\com_fundo\RGB_JPG_CHOCHOS\grao_DSC_0313_id84.png,RGB_JPG_CHOCHOS,RGB_JPG_CHOCHOS
C:\Users\eduar\Desktop\Soybe-main\data\com_fundo\RGB_JPG_Normais\grao_DSC_0649_id7.png,RGB_JPG_Normais,RGB_JPG_Normais
C:\Users\eduar\Desktop\Soybe-main\data\com_fundo\RGB_JPG_QUEBRADOS\grao_DSC_0420_id42.png,RGB_JPG_QUEBRADOS,RGB_JPG_QUEBRADOS
C:\Users\eduar\Desktop\Soybe-main\data\com_fundo\RGB_JPG_IMPUREZAS\grao_DSC_0259_id133.png,RGB_JPG_IMPUREZAS,RGB_JPG_IMPUREZAS
C:\Users\eduar\Desktop\Soybe-main\data\com_fundo\RGB_JPG_IMPUREZAS\grao_DSC_0253_id135.png,RGB_JPG_IMPUREZAS,RGB_JPG_IMPUREZAS
C:\Users\eduar\Desktop\Soybe-main\data\com_fundo\RGB_JPG_Normais\grao_DSC_0647_id55.png,RGB_JPG_Normais,RGB_JPG_Normais
C:\Users\eduar\Desktop\Soybe-main\data\com_fundo\RGB_JPG_Normais\grao_DSC_0651_id2.png,RGB_JPG_Normais,RGB_JPG_Normais
C:\Users\eduar\Desktop\Soybe-main\data\com_fundo\RGB_JPG_IMPUREZAS\grao_DSC_0018_id4.png,RGB_JPG_IMPUREZAS,RGB_JPG_IMPUREZAS
C:\Users\eduar\Desktop\Soybe-main\data\com_fundo\RGB_JPG_IMPUREZAS\grao_DSC_0230_id101.png,RGB_JPG_IMPUREZAS,RGB_JPG_IMPUREZAS
C:\Users\eduar\Desktop\Soybe-main\data\com_fundo\RGB_JPG_IMPUREZAS\grao_DSC_0022_id11.png,RGB_JPG_IMPUREZAS,RGB_JPG_IMPUREZAS
C:\Users\eduar\Desktop\Soybe-main\data\com_fundo\RGB_JPG_IMPUREZAS\grao_DSC_0256_id170.png,RGB_JPG_IMPUREZAS,RGB_JPG_IMPUREZAS
C:\Users\eduar\Desktop\Soybe-main\data\com_fundo\RGB_JPG_Normais\grao_DSC_0159_id56.png,RGB_JPG_Normais,RGB_JPG_Normais
C:\Users\eduar\Desktop\Soybe-main\data\com_fundo\RGB_JPG_Normais\grao_DSC_0641_id99.png,RGB_JPG_Normais,RGB_JPG_Normais
C:\Users\eduar\Desktop\Soybe-main\data\com_fundo\RGB_JPG_QUEBRADOS\grao_DSC_0434_id102.png,RGB_JPG_QUEBRADOS,RGB_JPG_QUEBRADOS
C:\Users\eduar\Desktop\Soybe-main\data\com_fundo\RGB_JPG_QUEBRADOS\grao_DSC_0435_id64.png,RGB_JPG_QUEBRADOS,RGB_JPG_QUEBRADOS
C:\Users\eduar\Desktop\Soybe-main\data\com_fundo\RGB_JPG_QUEBRADOS\grao_DSC_0171_id22.png,RGB_JPG_QUEBRADOS,RGB_JPG_QUEBRADOS
C:\Users\eduar\Desktop\Soybe-main\data\com_fundo\RGB_JPG_QUEBRADOS\grao_DSC_0454_id28.png,RGB_JPG_QUEBRADOS,RGB_JPG_QUEBRADOS
C:\Users\eduar\Desktop\Soybe-main\data\com_fundo\RGB_JPG_Normais\grao_DSC_0393_id40.png,RGB_JPG_Normais,RGB_JPG_Normais
C:\Users\eduar\Desktop\Soybe-main\data\com_fundo\RGB_JPG_Normais\grao_DSC_0516_id93.png,RGB_JPG_Normais,RGB_JPG_Normais
C:\Users\eduar\Desktop\Soybe-main\data\com_fundo\RGB_JPG_IMPUREZAS\grao_DSC_0238_id189.png,RGB_JPG_IMPUREZAS,RGB_JPG_IMPUREZAS
C:\Users\eduar\Desktop\Soybe-main\data\com_fundo\RGB_JPG_IMPUREZAS\grao_DSC_0007_id64.png,RGB_JPG_IMPUREZAS,RGB_JPG_IMPUREZAS
C:\Users\eduar\Desktop\Soybe-main\data\com_fundo\RGB_JPG_Normais\grao_DSC_0140_id23.png,RGB_JPG_Normais,RGB_JPG_Normais
C:\Users\eduar\Desktop\Soybe-main\data\com_fundo\RGB_JPG_Normais\grao_DSC_0391_id36.png,RGB_JPG_Normais,RGB_JPG_Normais
C:\Users\eduar\Desktop\Soybe-main\data\com_fundo\RGB_JPG_Normais\grao_DSC_0663_id21.png,RGB_JPG_Normais,RGB_JPG_Normais
C:\Users\eduar\Desktop\Soybe-main\data\com_fundo\RGB_JPG_Normais\grao_DSC_0667_id68.png,RGB_JPG_Normais,RGB_JPG_Normais
C:\Users\eduar\Desktop\Soybe-main\data\com_fundo\RGB_JPG_CHOCHOS\grao_DSC_0321_id65.png,RGB_JPG_CHOCHOS,RGB_JPG_CHOCHOS
C:\Users\eduar\Desktop\Soybe-main\data\com_fundo\RGB_JPG_CHOCHOS\grao_DSC_0167_id15.png,RGB_JPG_CHOCHOS,RGB_JPG_CHOCHOS
C:\Users\eduar\Desktop\Soybe-main\data\com_fundo\RGB_JPG_Normais\grao_DSC_0491_id3.png,RGB_JPG_Normais,RGB_JPG_Normais
C:\Users\eduar\Desktop\Soybe-main\data\com_fundo\RGB_JPG_Normais\grao_DSC_0637_id9.png,RGB_JPG_Normais,RGB_JPG_Normais
C:\Users\eduar\Desktop\Soybe-main\data\com_fundo\RGB_JPG_ESVERDEADO\grao_DSC_0303_id63.png,RGB_JPG_ESVERDEADO,RGB_JPG_ESVERDEADO
C:\Users\eduar\Desktop\Soybe-main\data\com_fundo\RGB_JPG_Normais\grao_DSC_0499_id11.png,RGB_JPG_Normais,RGB_JPG_Normais
C:\Users\eduar\Desktop\Soybe-main\data\com_fundo\RGB_JPG_CHOCHOS\grao_DSC_0335_id82.png,RGB_JPG_CHOCHOS,RGB_JPG_CHOCHOS
C:\Users\eduar\Desktop\Soybe-main\data\com_fundo\RGB_JPG_CHOCHOS\grao_DSC_0350_id28.png,RGB_JPG_CHOCHOS,RGB_JPG_CHOCHOS
C:\Users\eduar\Desktop\Soybe-main\data\com_fundo\RGB_JPG_IMPUREZAS\grao_DSC_0262_id171.png,RGB_JPG_IMPUREZAS,RGB_JPG_IMPUREZAS
C:\Users\eduar\Desktop\Soybe-main\data\com_fundo\RGB_JPG_Normais\grao_DSC_0494_id68.png,RGB_JPG_Normais,RGB_JPG_Normais
C:\Users\eduar\Desktop\Soybe-main\data\com_fundo\RGB_JPG_QUEBRADOS\grao_DSC_0463_id10.png,RGB_JPG_QUEBRADOS,RGB_JPG_QUEBRADOS
C:\Users\eduar\Desktop\Soybe-main\data\com_fundo\RGB_JPG_IMPUREZAS\grao_DSC_0006_id150.png,RGB_JPG_IMPUREZAS,RGB_JPG_IMPUREZAS
C:\Users\eduar\Desktop\Soybe-main\data\com_fundo\RGB_JPG_Normais\grao_DSC_0393_id28.png,RGB_JPG_Normais,RGB_JPG_Normais
C:\Users\eduar\Desktop\Soybe-main\data\com_fundo\RGB_JPG_CHOCHOS\grao_DSC_0315_id66.png,RGB_JPG_CHOCHOS,RGB_JPG_CHOCHOS
C:\Users\eduar\Desktop\Soybe-main\data\com_fundo\RGB_JPG_IMPUREZAS\grao_DSC_0282_id50.png,RGB_JPG_IMPUREZAS,RGB_JPG_IMPUREZAS
C:\Users\eduar\Desktop\Soybe-main\data\com_fundo\RGB_JPG_Normais\grao_DSC_0624_id45.png,RGB_JPG_Normais,RGB_JPG_Normais
C:\Users\eduar\Desktop\Soybe-main\data\com_fundo\RGB_JPG_IMPUREZAS\grao_DSC_0284_id199.png,RGB_JPG_IMPUREZAS,RGB_JPG_IMPUREZAS
C:\Users\eduar\Desktop\Soybe-main\data\com_fundo\RGB_JPG_Normais\grao_DSC_0143_id37.png,RGB_JPG_Normais,RGB_JPG_Normais
C:\Users\eduar\Desktop\Soybe-main\data\com_fundo\RGB_JPG_ESVERDEADO\grao_DSC_0306_id76.png,RGB_JPG_ESVERDEADO,RGB_JPG_ESVERDEADO
C:\Users\eduar\Desktop\Soybe-main\data\com_fundo\RGB_JPG_ESVERDEADO\grao_DSC_0307_id76.png,RGB_JPG_ESVERDEADO,RGB_JPG_ESVERDEADO
C:\Users\eduar\Desktop\Soybe-main\data\com_fundo\RGB_JPG_Normais\grao_DSC_0372_id58.png,RGB_JPG_Normais,RGB_JPG_Normais
C:\Users\eduar\Desktop\Soybe-main\data\com_fundo\RGB_JPG_ESVERDEADO\grao_DSC_0308_id18.png,RGB_JPG_ESVERDEADO,RGB_JPG_ESVERDEADO
C:\Users\eduar\Desktop\Soybe-main\data\com_fundo\RGB_JPG_Normais\grao_DSC_0659_id20.png,RGB_JPG_Normais,RGB_JPG_Normais
C:\Users\eduar\Desktop\Soybe-main\data\com_fundo\RGB_JPG_Normais\grao_DSC_0614_id14.png,RGB_JPG_Normais,RGB_JPG_Normais
C:\Users\eduar\Desktop\Soybe-main\data\com_fundo\RGB_JPG_IMPUREZAS\grao_DSC_0229_id264.png,RGB_JPG_IMPUREZAS,RGB_JPG_IMPUREZAS
C:\Users\eduar\Desktop\Soybe-main\data\com_fundo\RGB_JPG_Normais\grao_DSC_0665_id20.png,RGB_JPG_Normais,RGB_JPG_Normais
C:\Users\eduar\Desktop\Soybe-main\data\com_fundo\RGB_JPG_QUEBRADOS\grao_DSC_0434_id82.png,RGB_JPG_QUEBRADOS,RGB_JPG_QUEBRADOS
C:\Users\eduar\Desktop\Soybe-main\data\com_fundo\RGB_JPG_QUEBRADOS\grao_DSC_0404_id54.png,RGB_JPG_QUEBRADOS,RGB_JPG_QUEBRADOS
C:\Users\eduar\Desktop\Soybe-main\data\com_fundo\RGB_JPG_IMPUREZAS\grao_DSC_0223_id22.png,RGB_JPG_IMPUREZAS,RGB_JPG_IMPUREZAS
C:\Users\eduar\Desktop\Soybe-main\data\com_fundo\RGB_JPG_Normais\grao_DSC_0135_id98.png,RGB_JPG_Normais,RGB_JPG_Normais
C:\Users\eduar\Desktop\Soybe-main\data\com_fundo\RGB_JPG_Normais\grao_DSC_0484_id6.png,RGB_JPG_Normais,RGB_JPG_Normais
C:\Users\eduar\Desktop\Soybe-main\data\com_fundo\RGB_JPG_CHOCHOS\grao_DSC_0338_id70.png,RGB_JPG_CHOCHOS,RGB_JPG_CHOCHOS
C:\Users\eduar\Desktop\Soybe-main\data\com_fundo\RGB_JPG_Normais\grao_DSC_0648_id106.png,RGB_JPG_Normais,RGB_JPG_Normais
C:\Users\eduar\Desktop\Soybe-main\data\com_fundo\RGB_JPG_Normais\grao_DSC_0660_id6.png,RGB_JPG_Normais,RGB_JPG_Normais
C:\Users\eduar\Desktop\Soybe-main\data\com_fundo\RGB_JPG_Normais\grao_DSC_0386_id45.png,RGB_JPG_Normais,RGB_JPG_Normais
C:\Users\eduar\Desktop\Soybe-main\data\com_fundo\RGB_JPG_Normais\grao_DSC_0520_id56.png,RGB_JPG_Normais,RGB_JPG_Normais
C:\Users\eduar\Desktop\Soybe-main\data\com_fundo\RGB_JPG_IMPUREZAS\grao_DSC_0260_id73.png,RGB_JPG_IMPUREZAS,RGB_JPG_IMPUREZAS
C:\Users\eduar\Desktop\Soybe-main\data\com_fundo\RGB_JPG_QUEBRADOS\grao_DSC_0428_id61.png,RGB_JPG_QUEBRADOS,RGB_JPG_QUEBRADOS
C:\Users\eduar\Desktop\Soybe-main\data\com_fundo\RGB_JPG_ESVERDEADO\grao_DSC_0310_id26.png,RGB_JPG_ESVERDEADO,RGB_JPG_ESVERDEADO
C:\Users\eduar\Desktop\Soybe-main\data\com_fundo\RGB_JPG_IMPUREZAS\grao_DSC_0040_id87.png,RGB_JPG_IMPUREZAS,RGB_JPG_IMPUREZAS
C:\Users\eduar\Desktop\Soybe-main\data\com_fundo\RGB_JPG_CHOCHOS\grao_DSC_0341_id92.png,RGB_JPG_CHOCHOS,RGB_JPG_CHOCHOS
C:\Users\eduar\Desktop\Soybe-main\data\com_fundo\RGB_JPG_QUEBRADOS\grao_DSC_0407_id52.png,RGB_JPG_QUEBRADOS,RGB_JPG_Normais
C:\Users\eduar\Desktop\Soybe-main\data\com_fundo\RGB_JPG_Normais\grao_DSC_0386_id61.png,RGB_JPG_Normais,RGB_JPG_Normais
C:\Users\eduar\Desktop\Soybe-main\data\com_fundo\RGB_JPG_QUEBRADOS\grao_DSC_0447_id1.png,RGB_JPG_QUEBRADOS,RGB_JPG_QUEBRADOS
C:\Users\eduar\Desktop\Soybe-main\data\com_fundo\RGB_JPG_Normais\grao_DSC_0373_id62.png,RGB_JPG_Normais,RGB_JPG_Normais
C:\Users\eduar\Desktop\Soybe-main\data\com_fundo\RGB_JPG_Normais\grao_DSC_0133_id64.png,RGB_JPG_Normais,RGB_JPG_Normais
C:\Users\eduar\Desktop\Soybe-main\data\com_fundo\RGB_JPG_IMPUREZAS\grao_DSC_0251_id278.png,RGB_JPG_IMPUREZAS,RGB_JPG_IMPUREZAS
C:\Users\eduar\Desktop\Soybe-main\data\com_fundo\RGB_JPG_Normais\grao_DSC_0393_id9.png,RGB_JPG_Normais,RGB_JPG_Normais
C:\Users\eduar\Desktop\Soybe-main\data\com_fundo\RGB_JPG_CHOCHOS\grao_DSC_0337_id29.png,RGB_JPG_CHOCHOS,RGB_JPG_CHOCHOS
C:\Users\eduar\Desktop\Soybe-main\data\com_fundo\RGB_JPG_QUEBRADOS\grao_DSC_0444_id16.png,RGB_JPG_QUEBRADOS,RGB_JPG_QUEBRADOS
C:\Users\eduar\Desktop\Soybe-main\data\com_fundo\RGB_JPG_IMPUREZAS\grao_DSC_0246_id216.png,RGB_JPG_IMPUREZAS,RGB_JPG_IMPUREZAS
C:\Users\eduar\Desktop\Soybe-main\data\com_fundo\RGB_JPG_Normais\grao_DSC_0370_id89.png,RGB_JPG_Normais,RGB_JPG_Normais
C:\Users\eduar\Desktop\Soybe-main\data\com_fundo\RGB_JPG_CHOCHOS\grao_DSC_0363_id52.png,RGB_JPG_CHOCHOS,RGB_JPG_CHOCHOS
C:\Users\eduar\Desktop\Soybe-main\data\com_fundo\RGB_JPG_Normais\grao_DSC_0632_id81.png,RGB_JPG_Normais,RGB_JPG_Normais
C:\Users\eduar\Desktop\Soybe-main\data\com_fundo\RGB_JPG_Normais\grao_DSC_0513_id40.png,RGB_JPG_Normais,RGB_JPG_Normais
C:\Users\eduar\Desktop\Soybe-main\data\com_fundo\RGB_JPG_IMPUREZAS\grao_DSC_0276_id220.png,RGB_JPG_IMPUREZAS,RGB_JPG_IMPUREZAS
C:\Users\eduar\Desktop\Soybe-main\data\com_fundo\RGB_JPG_IMPUREZAS\grao_DSC_0005_id31.png,RGB_JPG_IMPUREZAS,RGB_JPG_IMPUREZAS
C:\Users\eduar\Desktop\Soybe-main\data\com_fundo\RGB_JPG_IMPUREZAS\grao_DSC_0002_id420.png,RGB_JPG_IMPUREZAS,RGB_JPG_IMPUREZAS
C:\Users\eduar\Desktop\Soybe-main\data\com_fundo\RGB_JPG_IMPUREZAS\grao_DSC_0265_id156.png,RGB_JPG_IMPUREZAS,RGB_JPG_IMPUREZAS
C:\Users\eduar\Desktop\Soybe-main\data\com_fundo\RGB_JPG_Normais\grao_DSC_0152_id41.png,RGB_JPG_Normais,RGB_JPG_Normais
C:\Users\eduar\Desktop\Soybe-main\data\com_fundo\RGB_JPG_QUEBRADOS\grao_DSC_0464_id77.png,RGB_JPG_QUEBRADOS,RGB_JPG_QUEBRADOS
C:\Users\eduar\Desktop\Soybe-main\data\com_fundo\RGB_JPG_CHOCHOS\grao_DSC_0325_id18.png,RGB_JPG_CHOCHOS,RGB_JPG_CHOCHOS
C:\Users\eduar\Desktop\Soybe-main\data\com_fundo\RGB_JPG_CHOCHOS\grao_DSC_0335_id12.png,RGB_JPG_CHOCHOS,RGB_JPG_CHOCHOS
C:\Users\eduar\Desktop\Soybe-main\data\com_fundo\RGB_JPG_MAMONAS\grao_DSC_0185_id28.png,RGB_JPG_MAMONAS,RGB_JPG_MAMONAS
C:\Users\eduar\Desktop\Soybe-main\data\com_fundo\RGB_JPG_IMPUREZAS\grao_DSC_0281_id87.png,RGB_JPG_IMPUREZAS,RGB_JPG_IMPUREZAS
C:\Users\eduar\Desktop\Soybe-main\data\com_fundo\RGB_JPG_QUEBRADOS\grao_DSC_0444_id80.png,RGB_JPG_QUEBRADOS,RGB_JPG_QUEBRADOS
C:\Users\eduar\Desktop\Soybe-main\data\com_fundo\RGB_JPG_Normais\grao_DSC_0382_id50.png,RGB_JPG_Normais,RGB_JPG_Normais
C:\Users\eduar\Desktop\Soybe-main\data\com_fundo\RGB_JPG_IMPUREZAS\grao_DSC_0253_id205.png,RGB_JPG_IMPUREZAS,RGB_JPG_IMPUREZAS
C:\Users\eduar\Desktop\Soybe-main\data\com_fundo\RGB_JPG_QUEBRADOS\grao_DSC_0438_id23.png,RGB_JPG_QUEBRADOS,RGB_JPG_QUEBRADOS
C:\Users\eduar\Desktop\Soybe-main\data\com_fundo\RGB_JPG_Normais\grao_DSC_0646_id78.png,RGB_JPG_Normais,RGB_JPG_Normais
C:\Users\eduar\Desktop\Soybe-main\data\com_fundo\RGB_JPG_IMPUREZAS\grao_DSC_0285_id222.png,RGB_JPG_IMPUREZAS,RGB_JPG_IMPUREZAS
C:\Users\eduar\Desktop\Soybe-main\data\com_fundo\RGB_JPG_QUEBRADOS\grao_DSC_0419_id6.png,RGB_JPG_QUEBRADOS,RGB_JPG_QUEBRADOS
C:\Users\eduar\Desktop\Soybe-main\data\com_fundo\RGB_JPG_Normais\grao_DSC_0659_id93.png,RGB_JPG_Normais,RGB_JPG_Normais
C:\Users\eduar\Desktop\Soybe-main\data\com_fundo\RGB_JPG_QUEBRADOS\grao_DSC_0427_id1.png,RGB_JPG_QUEBRADOS,RGB_JPG_QUEBRADOS
C:\Users\eduar\Desktop\Soybe-main\data\com_fundo\RGB_JPG_ESVERDEADO\grao_DSC_0311_id71.png,RGB_JPG_ESVERDEADO,RGB_JPG_ESVERDEADO
C:\Users\eduar\Desktop\Soybe-main\data\com_fundo\RGB_JPG_QUEBRADOS\grao_DSC_0409_id80.png,RGB_JPG_QUEBRADOS,RGB_JPG_QUEBRADOS
C:\Users\eduar\Desktop\Soybe-main\data\com_fundo\RGB_JPG_IMPUREZAS\grao_DSC_0227_id84.png,RGB_JPG_IMPUREZAS,RGB_JPG_IMPUREZAS
C:\Users\eduar\Desktop\Soybe-main\data\com_fundo\RGB_JPG_MAMONAS\grao_DSC_0185_id65.png,RGB_JPG_MAMONAS,RGB_JPG_MAMONAS
C:\Users\eduar\Desktop\Soybe-main\data\com_fundo\RGB_JPG_Normais\grao_DSC_0472_id108.png,RGB_JPG_Normais,RGB_JPG_Normais
C:\Users\eduar\Desktop\Soybe-main\data\com_fundo\RGB_JPG_CHOCHOS\grao_DSC_0336_id21.png,RGB_JPG_CHOCHOS,RGB_JPG_CHOCHOS
C:\Users\eduar\Desktop\Soybe-main\data\com_fundo\RGB_JPG_QUEBRADOS\grao_DSC_0410_id60.png,RGB_JPG_QUEBRADOS,RGB_JPG_QUEBRADOS
C:\Users\eduar\Desktop\Soybe-main\data\com_fundo\RGB_JPG_Normais\grao_DSC_0614_id19.png,RGB_JPG_Normais,RGB_JPG_Normais
C:\Users\eduar\Desktop\Soybe-main\data\com_fundo\RGB_JPG_Normais\grao_DSC_0365_id34.png,RGB_JPG_Normais,RGB_JPG_Normais
C:\Users\eduar\Desktop\Soybe-main\data\com_fundo\RGB_JPG_IMPUREZAS\grao_DSC_0294_id158.png,RGB_JPG_IMPUREZAS,RGB_JPG_IMPUREZAS
C:\Users\eduar\Desktop\Soybe-main\data\com_fundo\RGB_JPG_Normais\grao_DSC_0212_id59.png,RGB_JPG_Normais,RGB_JPG_Normais
C:\Users\eduar\Desktop\Soybe-main\data\com_fundo\RGB_JPG_IMPUREZAS\grao_DSC_0013_id46.png,RGB_JPG_IMPUREZAS,RGB_JPG_IMPUREZAS
C:\Users\eduar\Desktop\Soybe-main\data\com_fundo\RGB_JPG_IMPUREZAS\grao_DSC_0259_id68.png,RGB_JPG_IMPUREZAS,RGB_JPG_IMPUREZAS
C:\Users\eduar\Desktop\Soybe-main\data\com_fundo\RGB_JPG_IMPUREZAS\grao_DSC_0002_id292.png,RGB_JPG_IMPUREZAS,RGB_JPG_IMPUREZAS
C:\Users\eduar\Desktop\Soybe-main\data\com_fundo\RGB_JPG_Normais\grao_DSC_0385_id96.png,RGB_JPG_Normais,RGB_JPG_Normais
C:\Users\eduar\Desktop\Soybe-main\data\com_fundo\RGB_JPG_Normais\grao_DSC_0502_id85.png,RGB_JPG_Normais,RGB_JPG_Normais
C:\Users\eduar\Desktop\Soybe-main\data\com_fundo\RGB_JPG_QUEBRADOS\grao_DSC_0422_id72.png,RGB_JPG_QUEBRADOS,RGB_JPG_QUEBRADOS
C:\Users\eduar\Desktop\Soybe-main\data\com_fundo\RGB_JPG_ESVERDEADO\grao_DSC_0309_id74.png,RGB_JPG_ESVERDEADO,RGB_JPG_ESVERDEADO
C:\Users\eduar\Desktop\Soybe-main\data\com_fundo\RGB_JPG_Normais\grao_DSC_0615_id42.png,RGB_JPG_Normais,RGB_JPG_Normais
C:\Users\eduar\Desktop\Soybe-main\data\com_fundo\RGB_JPG_CHOCHOS\grao_DSC_0349_id83.png,RGB_JPG_CHOCHOS,RGB_JPG_CHOCHOS
C:\Users\eduar\Desktop\Soybe-main\data\com_fundo\RGB_JPG_Normais\grao_DSC_0649_id100.png,RGB_JPG_Normais,RGB_JPG_Normais
C:\Users\eduar\Desktop\Soybe-main\data\com_fundo\RGB_JPG_QUEBRADOS\grao_DSC_0418_id28.png,RGB_JPG_QUEBRADOS,RGB_JPG_QUEBRADOS
C:\Users\eduar\Desktop\Soybe-main\data\com_fundo\RGB_JPG_Normais\grao_DSC_0502_id25.png,RGB_JPG_Normais,RGB_JPG_Normais
C:\Users\eduar\Desktop\Soybe-main\data\com_fundo\RGB_JPG_CHOCHOS\grao_DSC_0350_id32.png,RGB_JPG_CHOCHOS,RGB_JPG_CHOCHOS
C:\Users\eduar\Desktop\Soybe-main\data\com_fundo\RGB_JPG_Normais\grao_DSC_0321_id19.png,RGB_JPG_Normais,RGB_JPG_CHOCHOS
C:\Users\eduar\Desktop\Soybe-main\data\com_fundo\RGB_JPG_Normais\grao_DSC_0666_id52.png,RGB_JPG_Normais,RGB_JPG_Normais
C:\Users\eduar\Desktop\Soybe-main\data\com_fundo\RGB_JPG_Normais\grao_DSC_0374_id116.png,RGB_JPG_Normais,RGB_JPG_Normais
C:\Users\eduar\Desktop\Soybe-main\data\com_fundo\RGB_JPG_Normais\grao_DSC_0158_id110.png,RGB_JPG_Normais,RGB_JPG_Normais
C:\Users\eduar\Desktop\Soybe-main\data\com_fundo\RGB_JPG_IMPUREZAS\grao_DSC_0237_id81.png,RGB_JPG_IMPUREZAS,RGB_JPG_IMPUREZAS
C:\Users\eduar\Desktop\Soybe-main\data\com_fundo\RGB_JPG_Normais\grao_DSC_0670_id9.png,RGB_JPG_Normais,RGB_JPG_Normais
C:\Users\eduar\Desktop\Soybe-main\data\com_fundo\RGB_JPG_IMPUREZAS\grao_DSC_0244_id122.png,RGB_JPG_IMPUREZAS,RGB_JPG_IMPUREZAS
C:\Users\eduar\Desktop\Soybe-main\data\com_fundo\RGB_JPG_Normais\grao_DSC_0151_id84.png,RGB_JPG_Normais,RGB_JPG_Normais
C:\Users\eduar\Desktop\Soybe-main\data\com_fundo\RGB_JPG_QUEBRADOS\grao_DSC_0453_id16.png,RGB_JPG_QUEBRADOS,RGB_JPG_QUEBRADOS
C:\Users\eduar\Desktop\Soybe-main\data\com_fundo\RGB_JPG_IMPUREZAS\grao_DSC_0287_id274.png,RGB_JPG_IMPUREZAS,RGB_JPG_IMPUREZAS
C:\Users\eduar\Desktop\Soybe-main\data\com_fundo\RGB_JPG_QUEBRADOS\grao_DSC_0467_id56.png,RGB_JPG_QUEBRADOS,RGB_JPG_QUEBRADOS
C:\Users\eduar\Desktop\Soybe-main\data\com_fundo\RGB_JPG_Normais\grao_DSC_0616_id7.png,RGB_JPG_Normais,RGB_JPG_Normais
C:\Users\eduar\Desktop\Soybe-main\data\com_fundo\RGB_JPG_IMPUREZAS\grao_DSC_0016_id128.png,RGB_JPG_IMPUREZAS,RGB_JPG_IMPUREZAS
C:\Users\eduar\Desktop\Soybe-main\data\com_fundo\RGB_JPG_ESVERDEADO\grao_DSC_0304_id3.png,RGB_JPG_ESVERDEADO,RGB_JPG_Normais
C:\Users\eduar\Desktop\Soybe-main\data\com_fundo\RGB_JPG_IMPUREZAS\grao_DSC_0037_id66.png,RGB_JPG_IMPUREZAS,RGB_JPG_IMPUREZAS
C:\Users\eduar\Desktop\Soybe-main\data\com_fundo\RGB_JPG_Normais\grao_DSC_0372_id27.png,RGB_JPG_Normais,RGB_JPG_Normais
C:\Users\eduar\Desktop\Soybe-main\data\com_fundo\RGB_JPG_IMPUREZAS\grao_DSC_0259_id132.png,RGB_JPG_IMPUREZAS,RGB_JPG_IMPUREZAS
C:\Users\eduar\Desktop\Soybe-main\data\com_fundo\RGB_JPG_Normais\grao_DSC_0645_id42.png,RGB_JPG_Normais,RGB_JPG_Normais
C:\Users\eduar\Desktop\Soybe-main\data\com_fundo\RGB_JPG_QUEBRADOS\grao_DSC_0418_id56.png,RGB_JPG_QUEBRADOS,RGB_JPG_QUEBRADOS
C:\Users\eduar\Desktop\Soybe-main\data\com_fundo\RGB_JPG_Normais\grao_DSC_0674_id50.png,RGB_JPG_Normais,RGB_JPG_Normais
C:\Users\eduar\Desktop\Soybe-main\data\com_fundo\RGB_JPG_Normais\grao_DSC_0666_id11.png,RGB_JPG_Normais,RGB_JPG_Normais
C:\Users\eduar\Desktop\Soybe-main\data\com_fundo\RGB_JPG_Normais\grao_DSC_0143_id51.png,RGB_JPG_Normais,RGB_JPG_Normais
C:\Users\eduar\Desktop\Soybe-main\data\com_fundo\RGB_JPG_QUEBRADOS\grao_DSC_0402_id70.png,RGB_JPG_QUEBRADOS,RGB_JPG_QUEBRADOS
C:\Users\eduar\Desktop\Soybe-main\data\com_fundo\RGB_JPG_IMPUREZAS\grao_DSC_0275_id224.png,RGB_JPG_IMPUREZAS,RGB_JPG_IMPUREZAS
C:\Users\eduar\Desktop\Soybe-main\data\com_fundo\RGB_JPG_CHOCHOS\grao_DSC_0357_id63.png,RGB_JPG_CHOCHOS,RGB_JPG_CHOCHOS
C:\Users\eduar\Desktop\Soybe-main\data\com_fundo\RGB_JPG_Normais\grao_DSC_0137_id1.png,RGB_JPG_Normais,RGB_JPG_Normais
C:\Users\eduar\Desktop\Soybe-main\data\com_fundo\RGB_JPG_IMPUREZAS\grao_DSC_0275_id189.png,RGB_JPG_IMPUREZAS,RGB_JPG_IMPUREZAS
C:\Users\eduar\Desktop\Soybe-main\data\com_fundo\RGB_JPG_CHOCHOS\grao_DSC_0329_id79.png,RGB_JPG_CHOCHOS,RGB_JPG_CHOCHOS
C:\Users\eduar\Desktop\Soybe-main\data\com_fundo\RGB_JPG_CHOCHOS\grao_DSC_0346_id65.png,RGB_JPG_CHOCHOS,RGB_JPG_CHOCHOS
C:\Users\eduar\Desktop\Soybe-main\data\com_fundo\RGB_JPG_Normais\grao_DSC_0642_id75.png,RGB_JPG_Normais,RGB_JPG_Normais
C:\Users\eduar\Desktop\Soybe-main\data\com_fundo\RGB_JPG_Normais\grao_DSC_0642_id3.png,RGB_JPG_Normais,RGB_JPG_Normais
C:\Users\eduar\Desktop\Soybe-main\data\com_fundo\RGB_JPG_QUEBRADOS\grao_DSC_0419_id32.png,RGB_JPG_QUEBRADOS,RGB_JPG_QUEBRADOS
C:\Users\eduar\Desktop\Soybe-main\data\com_fundo\RGB_JPG_Normais\grao_DSC_0397_id8.png,RGB_JPG_Normais,RGB_JPG_Normais
C:\Users\eduar\Desktop\Soybe-main\data\com_fundo\RGB_JPG_Normais\grao_DSC_0650_id61.png,RGB_JPG_Normais,RGB_JPG_Normais
C:\Users\eduar\Desktop\Soybe-main\data\com_fundo\RGB_JPG_MAMONAS\grao_DSC_0186_id24.png,RGB_JPG_MAMONAS,RGB_JPG_MAMONAS
C:\Users\eduar\Desktop\Soybe-main\data\com_fundo\RGB_JPG_CHOCHOS\grao_DSC_0357_id29.png,RGB_JPG_CHOCHOS,RGB_JPG_CHOCHOS
C:\Users\eduar\Desktop\Soybe-main\data\com_fundo\RGB_JPG_IMPUREZAS\grao_DSC_0254_id71.png,RGB_JPG_IMPUREZAS,RGB_JPG_IMPUREZAS
C:\Users\eduar\Desktop\Soybe-main\data\com_fundo\RGB_JPG_Normais\grao_DSC_0484_id71.png,RGB_JPG_Normais,RGB_JPG_Normais
C:\Users\eduar\Desktop\Soybe-main\data\com_fundo\RGB_JPG_IMPUREZAS\grao_DSC_0038_id45.png,RGB_JPG_IMPUREZAS,RGB_JPG_IMPUREZAS
C:\Users\eduar\Desktop\Soybe-main\data\com_fundo\RGB_JPG_ESVERDEADO\grao_DSC_0310_id15.png,RGB_JPG_ESVERDEADO,RGB_JPG_ESVERDEADO
C:\Users\eduar\Desktop\Soybe-main\data\com_fundo\RGB_JPG_QUEBRADOS\grao_DSC_0401_id12.png,RGB_JPG_QUEBRADOS,RGB_JPG_QUEBRADOS
C:\Users\eduar\Desktop\Soybe-main\data\com_fundo\RGB_JPG_Normais\grao_DSC_0142_id98.png,RGB_JPG_Normais,RGB_JPG_Normais
C:\Users\eduar\Desktop\Soybe-main\data\com_fundo\RGB_JPG_IMPUREZAS\grao_DSC_0282_id206.png,RGB_JPG_IMPUREZAS,RGB_JPG_IMPUREZAS
C:\Users\eduar\Desktop\Soybe-main\data\com_fundo\RGB_JPG_IMPUREZAS\grao_DSC_0269_id206.png,RGB_JPG_IMPUREZAS,RGB_JPG_IMPUREZAS
C:\Users\eduar\Desktop\Soybe-main\data\com_fundo\RGB_JPG_QUEBRADOS\grao_DSC_0434_id93.png,RGB_JPG_QUEBRADOS,RGB_JPG_QUEBRADOS
C:\Users\eduar\Desktop\Soybe-main\data\com_fundo\RGB_JPG_IMPUREZAS\grao_DSC_0230_id57.png,RGB_JPG_IMPUREZAS,RGB_JPG_IMPUREZAS
C:\Users\eduar\Desktop\Soybe-main\data\com_fundo\RGB_JPG_Normais\grao_DSC_0614_id32.png,RGB_JPG_Normais,RGB_JPG_Normais
C:\Users\eduar\Desktop\Soybe-main\data\com_fundo\RGB_JPG_Normais\grao_DSC_0218_id32.png,RGB_JPG_Normais,RGB_JPG_Normais
C:\Users\eduar\Desktop\Soybe-main\data\com_fundo\RGB_JPG_Normais\grao_DSC_0370_id96.png,RGB_JPG_Normais,RGB_JPG_Normais
C:\Users\eduar\Desktop\Soybe-main\data\com_fundo\RGB_JPG_Normais\grao_DSC_0144_id20.png,RGB_JPG_Normais,RGB_JPG_Normais
C:\Users\eduar\Desktop\Soybe-main\data\com_fundo\RGB_JPG_QUEBRADOS\grao_DSC_0435_id45.png,RGB_JPG_QUEBRADOS,RGB_JPG_QUEBRADOS
C:\Users\eduar\Desktop\Soybe-main\data\com_fundo\RGB_JPG_Normais\grao_DSC_0475_id102.png,RGB_JPG_Normais,RGB_JPG_Normais
C:\Users\eduar\Desktop\Soybe-main\data\com_fundo\RGB_JPG_IMPUREZAS\grao_DSC_0036_id98.png,RGB_JPG_IMPUREZAS,RGB_JPG_IMPUREZAS
C:\Users\eduar\Desktop\Soybe-main\data\com_fundo\RGB_JPG_Normais\grao_DSC_0475_id22.png,RGB_JPG_Normais,RGB_JPG_Normais
C:\Users\eduar\Desktop\Soybe-main\data\com_fundo\RGB_JPG_Normais\grao_DSC_0154_id76.png,RGB_JPG_Normais,RGB_JPG_Normais
C:\Users\eduar\Desktop\Soybe-main\data\com_fundo\RGB_JPG_Normais\grao_DSC_0492_id48.png,RGB_JPG_Normais,RGB_JPG_Normais
C:\Users\eduar\Desktop\Soybe-main\data\com_fundo\RGB_JPG_CHOCHOS\grao_DSC_0329_id107.png,RGB_JPG_CHOCHOS,RGB_JPG_CHOCHOS
C:\Users\eduar\Desktop\Soybe-main\data\com_fundo\RGB_JPG_Normais\grao_DSC_0674_id17.png,RGB_JPG_Normais,RGB_JPG_Normais
C:\Users\eduar\Desktop\Soybe-main\data\com_fundo\RGB_JPG_IMPUREZAS\grao_DSC_0289_id200.png,RGB_JPG_IMPUREZAS,RGB_JPG_IMPUREZAS
C:\Users\eduar\Desktop\Soybe-main\data\com_fundo\RGB_JPG_IMPUREZAS\grao_DSC_0287_id3.png,RGB_JPG_IMPUREZAS,RGB_JPG_IMPUREZAS
C:\Users\eduar\Desktop\Soybe-main\data\com_fundo\RGB_JPG_Normais\grao_DSC_0395_id114.png,RGB_JPG_Normais,RGB_JPG_Normais
C:\Users\eduar\Desktop\Soybe-main\data\com_fundo\RGB_JPG_QUEBRADOS\grao_DSC_0427_id100.png,RGB_JPG_QUEBRADOS,RGB_JPG_QUEBRADOS
C:\Users\eduar\Desktop\Soybe-main\data\com_fundo\RGB_JPG_Normais\grao_DSC_0653_id39.png,RGB_JPG_Normais,RGB_JPG_Normais
C:\Users\eduar\Desktop\Soybe-main\data\com_fundo\RGB_JPG_CHOCHOS\grao_DSC_0328_id53.png,RGB_JPG_CHOCHOS,RGB_JPG_CHOCHOS
C:\Users\eduar\Desktop\Soybe-main\data\com_fundo\RGB_JPG_IMPUREZAS\grao_DSC_0294_id59.png,RGB_JPG_IMPUREZAS,RGB_JPG_IMPUREZAS
C:\Users\eduar\Desktop\Soybe-main\data\com_fundo\RGB_JPG_IMPUREZAS\grao_DSC_0003_id115.png,RGB_JPG_IMPUREZAS,RGB_JPG_IMPUREZAS
C:\Users\eduar\Desktop\Soybe-main\data\com_fundo\RGB_JPG_Normais\grao_DSC_0155_id56.png,RGB_JPG_Normais,RGB_JPG_Normais
C:\Users\eduar\Desktop\Soybe-main\data\com_fundo\RGB_JPG_QUEBRADOS\grao_DSC_0422_id12.png,RGB_JPG_QUEBRADOS,RGB_JPG_QUEBRADOS
C:\Users\eduar\Desktop\Soybe-main\data\com_fundo\RGB_JPG_Normais\grao_DSC_0366_id30.png,RGB_JPG_Normais,RGB_JPG_CHOCHOS
C:\Users\eduar\Desktop\Soybe-main\data\com_fundo\RGB_JPG_IMPUREZAS\grao_DSC_0239_id217.png,RGB_JPG_IMPUREZAS,RGB_JPG_IMPUREZAS
C:\Users\eduar\Desktop\Soybe-main\data\com_fundo\RGB_JPG_MAMONAS\grao_DSC_0186_id71.png,RGB_JPG_MAMONAS,RGB_JPG_MAMONAS
C:\Users\eduar\Desktop\Soybe-main\data\com_fundo\RGB_JPG_IMPUREZAS\grao_DSC_0246_id263.png,RGB_JPG_IMPUREZAS,RGB_JPG_IMPUREZAS
C:\Users\eduar\Desktop\Soybe-main\data\com_fundo\RGB_JPG_Normais\grao_DSC_0476_id53.png,RGB_JPG_Normais,RGB_JPG_Normais
C:\Users\eduar\Desktop\Soybe-main\data\com_fundo\RGB_JPG_IMPUREZAS\grao_DSC_0250_id180.png,RGB_JPG_IMPUREZAS,RGB_JPG_IMPUREZAS
C:\Users\eduar\Desktop\Soybe-main\data\com_fundo\RGB_JPG_IMPUREZAS\grao_DSC_0042_id136.png,RGB_JPG_IMPUREZAS,RGB_JPG_IMPUREZAS
C:\Users\eduar\Desktop\Soybe-main\data\com_fundo\RGB_JPG_Normais\grao_DSC_0370_id69.png,RGB_JPG_Normais,RGB_JPG_Normais
C:\Users\eduar\Desktop\Soybe-main\data\com_fundo\RGB_JPG_Normais\grao_DSC_0660_id103.png,RGB_JPG_Normais,RGB_JPG_Normais
C:\Users\eduar\Desktop\Soybe-main\data\com_fundo\RGB_JPG_IMPUREZAS\grao_DSC_0238_id212.png,RGB_JPG_IMPUREZAS,RGB_JPG_IMPUREZAS
C:\Users\eduar\Desktop\Soybe-main\data\com_fundo\RGB_JPG_QUEBRADOS\grao_DSC_0466_id41.png,RGB_JPG_QUEBRADOS,RGB_JPG_QUEBRADOS
C:\Users\eduar\Desktop\Soybe-main\data\com_fundo\RGB_JPG_Normais\grao_DSC_0512_id19.png,RGB_JPG_Normais,RGB_JPG_Normais
C:\Users\eduar\Desktop\Soybe-main\data\com_fundo\RGB_JPG_IMPUREZAS\grao_DSC_0037_id77.png,RGB_JPG_IMPUREZAS,RGB_JPG_IMPUREZAS
C:\Users\eduar\Desktop\Soybe-main\data\com_fundo\RGB_JPG_Normais\grao_DSC_0516_id6.png,RGB_JPG_Normais,RGB_JPG_Normais
C:\Users\eduar\Desktop\Soybe-main\data\com_fundo\RGB_JPG_QUEBRADOS\grao_DSC_0415_id63.png,RGB_JPG_QUEBRADOS,RGB_JPG_QUEBRADOS
C:\Users\eduar\Desktop\Soybe-main\data\com_fundo\RGB_JPG_Normais\grao_DSC_0650_id106.png,RGB_JPG_Normais,RGB_JPG_Normais
C:\Users\eduar\Desktop\Soybe-main\data\com_fundo\RGB_JPG_CHOCHOS\grao_DSC_0326_id30.png,RGB_JPG_CHOCHOS,RGB_JPG_CHOCHOS
C:\Users\eduar\Desktop\Soybe-main\data\com_fundo\RGB_JPG_IMPUREZAS\grao_DSC_0248_id160.png,RGB_JPG_IMPUREZAS,RGB_JPG_IMPUREZAS
C:\Users\eduar\Desktop\Soybe-main\data\com_fundo\RGB_JPG_QUEBRADOS\grao_DSC_0467_id5.png,RGB_JPG_QUEBRADOS,RGB_JPG_QUEBRADOS
C:\Users\eduar\Desktop\Soybe-main\data\com_fundo\RGB_JPG_Normais\grao_DSC_0512_id62.png,RGB_JPG_Normais,RGB_JPG_Normais
C:\Users\eduar\Desktop\Soybe-main\data\com_fundo\RGB_JPG_Normais\grao_DSC_0632_id8.png,RGB_JPG_Normais,RGB_JPG_Normais
C:\Users\eduar\Desktop\Soybe-main\data\com_fundo\RGB_JPG_IMPUREZAS\grao_DSC_0279_id114.png,RGB_JPG_IMPUREZAS,RGB_JPG_IMPUREZAS
C:\Users\eduar\Desktop\Soybe-main\data\com_fundo\RGB_JPG_Normais\grao_DSC_0216_id52.png,RGB_JPG_Normais,RGB_JPG_Normais
C:\Users\eduar\Desktop\Soybe-main\data\com_fundo\RGB_JPG_IMPUREZAS\grao_DSC_0280_id127.png,RGB_JPG_IMPUREZAS,RGB_JPG_IMPUREZAS
C:\Users\eduar\Desktop\Soybe-main\data\com_fundo\RGB_JPG_IMPUREZAS\grao_DSC_0292_id88.png,RGB_JPG_IMPUREZAS,RGB_JPG_IMPUREZAS
C:\Users\eduar\Desktop\Soybe-main\data\com_fundo\RGB_JPG_IMPUREZAS\grao_DSC_0018_id64.png,RGB_JPG_IMPUREZAS,RGB_JPG_IMPUREZAS
C:\Users\eduar\Desktop\Soybe-main\data\com_fundo\RGB_JPG_Normais\grao_DSC_0216_id74.png,RGB_JPG_Normais,RGB_JPG_Normais
C:\Users\eduar\Desktop\Soybe-main\data\com_fundo\RGB_JPG_IMPUREZAS\grao_DSC_0237_id231.png,RGB_JPG_IMPUREZAS,RGB_JPG_IMPUREZAS
C:\Users\eduar\Desktop\Soybe-main\data\com_fundo\RGB_JPG_CHOCHOS\grao_DSC_0350_id42.png,RGB_JPG_CHOCHOS,RGB_JPG_CHOCHOS
C:\Users\eduar\Desktop\Soybe-main\data\com_fundo\RGB_JPG_Normais\grao_DSC_0367_id36.png,RGB_JPG_Normais,RGB_JPG_PURPURAS
C:\Users\eduar\Desktop\Soybe-main\data\com_fundo\RGB_JPG_IMPUREZAS\grao_DSC_0231_id96.png,RGB_JPG_IMPUREZAS,RGB_JPG_IMPUREZAS
C:\Users\eduar\Desktop\Soybe-main\data\com_fundo\RGB_JPG_CHOCHOS\grao_DSC_0361_id84.png,RGB_JPG_CHOCHOS,RGB_JPG_CHOCHOS
C:\Users\eduar\Desktop\Soybe-main\data\com_fundo\RGB_JPG_ESVERDEADO\grao_DSC_0302_id16.png,RGB_JPG_ESVERDEADO,RGB_JPG_ESVERDEADO
C:\Users\eduar\Desktop\Soybe-main\data\com_fundo\RGB_JPG_ESVERDEADO\grao_DSC_0311_id22.png,RGB_JPG_ESVERDEADO,RGB_JPG_CHOCHOS
C:\Users\eduar\Desktop\Soybe-main\data\com_fundo\RGB_JPG_IMPUREZAS\grao_DSC_0291_id139.png,RGB_JPG_IMPUREZAS,RGB_JPG_IMPUREZAS
C:\Users\eduar\Desktop\Soybe-main\data\com_fundo\RGB_JPG_IMPUREZAS\grao_DSC_0253_id194.png,RGB_JPG_IMPUREZAS,RGB_JPG_IMPUREZAS
C:\Users\eduar\Desktop\Soybe-main\data\com_fundo\RGB_JPG_Normais\grao_DSC_0469_id65.png,RGB_JPG_Normais,RGB_JPG_Normais
C:\Users\eduar\Desktop\Soybe-main\data\com_fundo\RGB_JPG_QUEBRADOS\grao_DSC_0440_id77.png,RGB_JPG_QUEBRADOS,RGB_JPG_QUEBRADOS
C:\Users\eduar\Desktop\Soybe-main\data\com_fundo\RGB_JPG_CHOCHOS\grao_DSC_0357_id62.png,RGB_JPG_CHOCHOS,RGB_JPG_CHOCHOS
C:\Users\eduar\Desktop\Soybe-main\data\com_fundo\RGB_JPG_Normais\grao_DSC_0666_id72.png,RGB_JPG_Normais,RGB_JPG_Normais
C:\Users\eduar\Desktop\Soybe-main\data\com_fundo\RGB_JPG_CHOCHOS\grao_DSC_0361_id109.png,RGB_JPG_CHOCHOS,RGB_JPG_CHOCHOS
C:\Users\eduar\Desktop\Soybe-main\data\com_fundo\RGB_JPG_Normais\grao_DSC_0675_id63.png,RGB_JPG_Normais,RGB_JPG_Normais
C:\Users\eduar\Desktop\Soybe-main\data\com_fundo\RGB_JPG_Normais\grao_DSC_0636_id76.png,RGB_JPG_Normais,RGB_JPG_Normais
C:\Users\eduar\Desktop\Soybe-main\data\com_fundo\RGB_JPG_IMPUREZAS\grao_DSC_0003_id148.png,RGB_JPG_IMPUREZAS,RGB_JPG_IMPUREZAS
C:\Users\eduar\Desktop\Soybe-main\data\com_fundo\RGB_JPG_QUEBRADOS\grao_DSC_0458_id34.png,RGB_JPG_QUEBRADOS,RGB_JPG_QUEBRADOS
C:\Users\eduar\Desktop\Soybe-main\data\com_fundo\RGB_JPG_CHOCHOS\grao_DSC_0334_id52.png,RGB_JPG_CHOCHOS,RGB_JPG_CHOCHOS
C:\Users\eduar\Desktop\Soybe-main\data\com_fundo\RGB_JPG_QUEBRADOS\grao_DSC_0455_id10.png,RGB_JPG_QUEBRADOS,RGB_JPG_QUEBRADOS
C:\Users\eduar\Desktop\Soybe-main\data\com_fundo\RGB_JPG_Normais\grao_DSC_0646_id77.png,RGB_JPG_Normais,RGB_JPG_Normais
C:\Users\eduar\Desktop\Soybe-main\data\com_fundo\RGB_JPG_QUEBRADOS\grao_DSC_0403_id36.png,RGB_JPG_QUEBRADOS,RGB_JPG_QUEBRADOS
C:\Users\eduar\Desktop\Soybe-main\data\com_fundo\RGB_JPG_IMPUREZAS\grao_DSC_0285_id83.png,RGB_JPG_IMPUREZAS,RGB_JPG_IMPUREZAS
C:\Users\eduar\Desktop\Soybe-main\data\com_fundo\RGB_JPG_QUEBRADOS\grao_DSC_0417_id50.png,RGB_JPG_QUEBRADOS,RGB_JPG_CHOCHOS
C:\Users\eduar\Desktop\Soybe-main\data\com_fundo\RGB_JPG_CHOCHOS\grao_DSC_0364_id36.png,RGB_JPG_CHOCHOS,RGB_JPG_CHOCHOS
C:\Users\eduar\Desktop\Soybe-main\data\com_fundo\RGB_JPG_CHOCHOS\grao_DSC_0324_id60.png,RGB_JPG_CHOCHOS,RGB_JPG_CHOCHOS
C:\Users\eduar\Desktop\Soybe-main\data\com_fundo\RGB_JPG_IMPUREZAS\grao_DSC_0228_id99.png,RGB_JPG_IMPUREZAS,RGB_JPG_IMPUREZAS
C:\Users\eduar\Desktop\Soybe-main\data\com_fundo\RGB_JPG_IMPUREZAS\grao_DSC_0010_id95.png,RGB_JPG_IMPUREZAS,RGB_JPG_IMPUREZAS
C:\Users\eduar\Desktop\Soybe-main\data\com_fundo\RGB_JPG_Normais\grao_DSC_0484_id96.png,RGB_JPG_Normais,RGB_JPG_Normais
C:\Users\eduar\Desktop\Soybe-main\data\com_fundo\RGB_JPG_Normais\grao_DSC_0468_id54.png,RGB_JPG_Normais,RGB_JPG_Normais
C:\Users\eduar\Desktop\Soybe-main\data\com_fundo\RGB_JPG_QUEBRADOS\grao_DSC_0413_id15.png,RGB_JPG_QUEBRADOS,RGB_JPG_QUEBRADOS
C:\Users\eduar\Desktop\Soybe-main\data\com_fundo\RGB_JPG_Normais\grao_DSC_0499_id56.png,RGB_JPG_Normais,RGB_JPG_Normais
C:\Users\eduar\Desktop\Soybe-main\data\com_fundo\RGB_JPG_Normais\grao_DSC_0656_id97.png,RGB_JPG_Normais,RGB_JPG_Normais
C:\Users\eduar\Desktop\Soybe-main\data\com_fundo\RGB_JPG_IMPUREZAS\grao_DSC_0038_id180.png,RGB_JPG_IMPUREZAS,RGB_JPG_IMPUREZAS
C:\Users\eduar\Desktop\Soybe-main\data\com_fundo\RGB_JPG_QUEBRADOS\grao_DSC_0461_id33.png,RGB_JPG_QUEBRADOS,RGB_JPG_QUEBRADOS
C:\Users\eduar\Desktop\Soybe-main\data\com_fundo\RGB_JPG_Normais\grao_DSC_0156_id25.png,RGB_JPG_Normais,RGB_JPG_Normais
C:\Users\eduar\Desktop\Soybe-main\data\com_fundo\RGB_JPG_Normais\grao_DSC_0667_id25.png,RGB_JPG_Normais,RGB_JPG_Normais
C:\Users\eduar\Desktop\Soybe-main\data\com_fundo\RGB_JPG_CHOCHOS\grao_DSC_0359_id60.png,RGB_JPG_CHOCHOS,RGB_JPG_CHOCHOS
C:\Users\eduar\Desktop\Soybe-main\data\com_fundo\RGB_JPG_IMPUREZAS\grao_DSC_0007_id173.png,RGB_JPG_IMPUREZAS,RGB_JPG_IMPUREZAS
C:\Users\eduar\Desktop\Soybe-main\data\com_fundo\RGB_JPG_Normais\grao_DSC_0384_id109.png,RGB_JPG_Normais,RGB_JPG_Normais
C:\Users\eduar\Desktop\Soybe-main\data\com_fundo\RGB_JPG_IMPUREZAS\grao_DSC_0026_id9.png,RGB_JPG_IMPUREZAS,RGB_JPG_IMPUREZAS
C:\Users\eduar\Desktop\Soybe-main\data\com_fundo\RGB_JPG_Normais\grao_DSC_0391_id79.png,RGB_JPG_Normais,RGB_JPG_Normais
C:\Users\eduar\Desktop\Soybe-main\data\com_fundo\RGB_JPG_Normais\grao_DSC_0640_id38.png,RGB_JPG_Normais,RGB_JPG_Normais
C:\Users\eduar\Desktop\Soybe-main\data\com_fundo\RGB_JPG_CHOCHOS\grao_DSC_0348_id78.png,RGB_JPG_CHOCHOS,RGB_JPG_CHOCHOS
C:\Users\eduar\Desktop\Soybe-main\data\com_fundo\RGB_JPG_ESVERDEADO\grao_DSC_0303_id86.png,RGB_JPG_ESVERDEADO,RGB_JPG_CHOCHOS
C:\Users\eduar\Desktop\Soybe-main\data\com_fundo\RGB_JPG_Normais\grao_DSC_0375_id54.png,RGB_JPG_Normais,RGB_JPG_Normais
C:\Users\eduar\Desktop\Soybe-main\data\com_fundo\RGB_JPG_Normais\grao_DSC_0154_id112.png,RGB_JPG_Normais,RGB_JPG_Normais
C:\Users\eduar\Desktop\Soybe-main\data\com_fundo\RGB_JPG_Normais\grao_DSC_0493_id20.png,RGB_JPG_Normais,RGB_JPG_Normais
C:\Users\eduar\Desktop\Soybe-main\data\com_fundo\RGB_JPG_IMPUREZAS\grao_DSC_0002_id248.png,RGB_JPG_IMPUREZAS,RGB_JPG_IMPUREZAS
C:\Users\eduar\Desktop\Soybe-main\data\com_fundo\RGB_JPG_MAMONAS\grao_DSC_0186_id32.png,RGB_JPG_MAMONAS,RGB_JPG_MAMONAS
C:\Users\eduar\Desktop\Soybe-main\data\com_fundo\RGB_JPG_Normais\grao_DSC_0370_id24.png,RGB_JPG_Normais,RGB_JPG_Normais
C:\Users\eduar\Desktop\Soybe-main\data\com_fundo\RGB_JPG_IMPUREZAS\grao_DSC_0279_id90.png,RGB_JPG_IMPUREZAS,RGB_JPG_IMPUREZAS
C:\Users\eduar\Desktop\Soybe-main\data\com_fundo\RGB_JPG_Normais\grao_DSC_0384_id40.png,RGB_JPG_Normais,RGB_JPG_Normais
C:\Users\eduar\Desktop\Soybe-main\data\com_fundo\RGB_JPG_IMPUREZAS\grao_DSC_0255_id16.png,RGB_JPG_IMPUREZAS,RGB_JPG_IMPUREZAS
C:\Users\eduar\Desktop\Soybe-main\data\com_fundo\RGB_JPG_QUEBRADOS\grao_DSC_0450_id92.png,RGB_JPG_QUEBRADOS,RGB_JPG_QUEBRADOS
C:\Users\eduar\Desktop\Soybe-main\data\com_fundo\RGB_JPG_Normais\grao_DSC_0503_id46.png,RGB_JPG_Normais,RGB_JPG_Normais
C:\Users\eduar\Desktop\Soybe-main\data\com_fundo\RGB_JPG_IMPUREZAS\grao_DSC_0294_id199.png,RGB_JPG_IMPUREZAS,RGB_JPG_IMPUREZAS
C:\Users\eduar\Desktop\Soybe-main\data\com_fundo\RGB_JPG_CHOCHOS\grao_DSC_0314_id66.png,RGB_JPG_CHOCHOS,RGB_JPG_CHOCHOS
C:\Users\eduar\Desktop\Soybe-main\data\com_fundo\RGB_JPG_Normais\grao_DSC_0609_id24.png,RGB_JPG_Normais,RGB_JPG_Normais
C:\Users\eduar\Desktop\Soybe-main\data\com_fundo\RGB_JPG_IMPUREZAS\grao_DSC_0276_id47.png,RGB_JPG_IMPUREZAS,RGB_JPG_IMPUREZAS
C:\Users\eduar\Desktop\Soybe-main\data\com_fundo\RGB_JPG_Normais\grao_DSC_0320_id26.png,RGB_JPG_Normais,RGB_JPG_CHOCHOS
C:\Users\eduar\Desktop\Soybe-main\data\com_fundo\RGB_JPG_QUEBRADOS\grao_DSC_0436_id68.png,RGB_JPG_QUEBRADOS,RGB_JPG_QUEBRADOS
C:\Users\eduar\Desktop\Soybe-main\data\com_fundo\RGB_JPG_Normais\grao_DSC_0391_id48.png,RGB_JPG_Normais,RGB_JPG_Normais
C:\Users\eduar\Desktop\Soybe-main\data\com_fundo\RGB_JPG_IMPUREZAS\grao_DSC_0005_id72.png,RGB_JPG_IMPUREZAS,RGB_JPG_IMPUREZAS
C:\Users\eduar\Desktop\Soybe-main\data\com_fundo\RGB_JPG_Normais\grao_DSC_0158_id79.png,RGB_JPG_Normais,RGB_JPG_Normais
C:\Users\eduar\Desktop\Soybe-main\data\com_fundo\RGB_JPG_Normais\grao_DSC_0142_id75.png,RGB_JPG_Normais,RGB_JPG_Normais
C:\Users\eduar\Desktop\Soybe-main\data\com_fundo\RGB_JPG_IMPUREZAS\grao_DSC_0245_id270.png,RGB_JPG_IMPUREZAS,RGB_JPG_IMPUREZAS
C:\Users\eduar\Desktop\Soybe-main\data\com_fundo\RGB_JPG_Normais\grao_DSC_0503_id42.png,RGB_JPG_Normais,RGB_JPG_Normais
C:\Users\eduar\Desktop\Soybe-main\data\com_fundo\RGB_JPG_Normais\grao_DSC_0654_id106.png,RGB_JPG_Normais,RGB_JPG_Normais
C:\Users\eduar\Desktop\Soybe-main\data\com_fundo\RGB_JPG_Normais\grao_DSC_0656_id45.png,RGB_JPG_Normais,RGB_JPG_Normais
C:\Users\eduar\Desktop\Soybe-main\data\com_fundo\RGB_JPG_CHOCHOS\grao_DSC_0353_id21.png,RGB_JPG_CHOCHOS,RGB_JPG_CHOCHOS
C:\Users\eduar\Desktop\Soybe-main\data\com_fundo\RGB_JPG_Normais\grao_DSC_0653_id12.png,RGB_JPG_Normais,RGB_JPG_Normais
C:\Users\eduar\Desktop\Soybe-main\data\com_fundo\RGB_JPG_PURPURAS\grao_DSC_0049_id37.png,RGB_JPG_PURPURAS,RGB_JPG_PURPURAS
C:\Users\eduar\Desktop\Soybe-main\data\com_fundo\RGB_JPG_QUEBRADOS\grao_DSC_0406_id50.png,RGB_JPG_QUEBRADOS,RGB_JPG_QUEBRADOS
C:\Users\eduar\Desktop\Soybe-main\data\com_fundo\RGB_JPG_IMPUREZAS\grao_DSC_0280_id10.png,RGB_JPG_IMPUREZAS,RGB_JPG_IMPUREZAS
C:\Users\eduar\Desktop\Soybe-main\data\com_fundo\RGB_JPG_IMPUREZAS\grao_DSC_0290_id201.png,RGB_JPG_IMPUREZAS,RGB_JPG_IMPUREZAS
C:\Users\eduar\Desktop\Soybe-main\data\com_fundo\RGB_JPG_Normais\grao_DSC_0474_id9.png,RGB_JPG_Normais,RGB_JPG_Normais
C:\Users\eduar\Desktop\Soybe-main\data\com_fundo\RGB_JPG_CHOCHOS\grao_DSC_0342_id102.png,RGB_JPG_CHOCHOS,RGB_JPG_CHOCHOS
C:\Users\eduar\Desktop\Soybe-main\data\com_fundo\RGB_JPG_Normais\grao_DSC_0624_id11.png,RGB_JPG_Normais,RGB_JPG_Normais
C:\Users\eduar\Desktop\Soybe-main\data\com_fundo\RGB_JPG_IMPUREZAS\grao_DSC_0036_id268.png,RGB_JPG_IMPUREZAS,RGB_JPG_IMPUREZAS
C:\Users\eduar\Desktop\Soybe-main\data\com_fundo\RGB_JPG_Normais\grao_DSC_0669_id20.png,RGB_JPG_Normais,RGB_JPG_Normais
C:\Users\eduar\Desktop\Soybe-main\data\com_fundo\RGB_JPG_QUEBRADOS\grao_DSC_0404_id38.png,RGB_JPG_QUEBRADOS,RGB_JPG_QUEBRADOS
C:\Users\eduar\Desktop\Soybe-main\data\com_fundo\RGB_JPG_Normais\grao_DSC_0368_id102.png,RGB_JPG_Normais,RGB_JPG_Normais
C:\Users\eduar\Desktop\Soybe-main\data\com_fundo\RGB_JPG_QUEBRADOS\grao_DSC_0170_id18.png,RGB_JPG_QUEBRADOS,RGB_JPG_QUEBRADOS
C:\Users\eduar\Desktop\Soybe-main\data\com_fundo\RGB_JPG_IMPUREZAS\grao_DSC_0012_id13.png,RGB_JPG_IMPUREZAS,RGB_JPG_IMPUREZAS
C:\Users\eduar\Desktop\Soybe-main\data\com_fundo\RGB_JPG_Normais\grao_DSC_0640_id1.png,RGB_JPG_Normais,RGB_JPG_Normais
C:\Users\eduar\Desktop\Soybe-main\data\com_fundo\RGB_JPG_QUEBRADOS\grao_DSC_0450_id1.png,RGB_JPG_QUEBRADOS,RGB_JPG_QUEBRADOS
C:\Users\eduar\Desktop\Soybe-main\data\com_fundo\RGB_JPG_IMPUREZAS\grao_DSC_0247_id79.png,RGB_JPG_IMPUREZAS,RGB_JPG_IMPUREZAS
C:\Users\eduar\Desktop\Soybe-main\data\com_fundo\RGB_JPG_QUEBRADOS\grao_DSC_0408_id51.png,RGB_JPG_QUEBRADOS,RGB_JPG_QUEBRADOS
C:\Users\eduar\Desktop\Soybe-main\data\com_fundo\RGB_JPG_CHOCHOS\grao_DSC_0320_id114.png,RGB_JPG_CHOCHOS,RGB_JPG_CHOCHOS
C:\Users\eduar\Desktop\Soybe-main\data\com_fundo\RGB_JPG_QUEBRADOS\grao_DSC_0459_id5.png,RGB_JPG_QUEBRADOS,RGB_JPG_QUEBRADOS
C:\Users\eduar\Desktop\Soybe-main\data\com_fundo\RGB_JPG_Normais\grao_DSC_0365_id89.png,RGB_JPG_Normais,RGB_JPG_Normais
C:\Users\eduar\Desktop\Soybe-main\data\com_fundo\RGB_JPG_IMPUREZAS\grao_DSC_0283_id70.png,RGB_JPG_IMPUREZAS,RGB_JPG_IMPUREZAS
C:\Users\eduar\Desktop\Soybe-main\data\com_fundo\RGB_JPG_IMPUREZAS\grao_DSC_0275_id38.png,RGB_JPG_IMPUREZAS,RGB_JPG_IMPUREZAS
C:\Users\eduar\Desktop\Soybe-main\data\com_fundo\RGB_JPG_IMPUREZAS\grao_DSC_0021_id122.png,RGB_JPG_IMPUREZAS,RGB_JPG_IMPUREZAS
C:\Users\eduar\Desktop\Soybe-main\data\com_fundo\RGB_JPG_CHOCHOS\grao_DSC_0363_id130.png,RGB_JPG_CHOCHOS,RGB_JPG_CHOCHOS
C:\Users\eduar\Desktop\Soybe-main\data\com_fundo\RGB_JPG_Normais\grao_DSC_0134_id99.png,RGB_JPG_Normais,RGB_JPG_Normais
C:\Users\eduar\Desktop\Soybe-main\data\com_fundo\RGB_JPG_IMPUREZAS\grao_DSC_0039_id90.png,RGB_JPG_IMPUREZAS,RGB_JPG_IMPUREZAS
C:\Users\eduar\Desktop\Soybe-main\data\com_fundo\RGB_JPG_QUEBRADOS\grao_DSC_0172_id71.png,RGB_JPG_QUEBRADOS,RGB_JPG_QUEBRADOS
C:\Users\eduar\Desktop\Soybe-main\data\com_fundo\RGB_JPG_Normais\grao_DSC_0670_id69.png,RGB_JPG_Normais,RGB_JPG_Normais
C:\Users\eduar\Desktop\Soybe-main\data\com_fundo\RGB_JPG_IMPUREZAS\grao_DSC_0017_id249.png,RGB_JPG_IMPUREZAS,RGB_JPG_IMPUREZAS
C:\Users\eduar\Desktop\Soybe-main\data\com_fundo\RGB_JPG_Normais\grao_DSC_0217_id4.png,RGB_JPG_Normais,RGB_JPG_Normais
C:\Users\eduar\Desktop\Soybe-main\data\com_fundo\RGB_JPG_Normais\grao_DSC_0161_id110.png,RGB_JPG_Normais,RGB_JPG_Normais
C:\Users\eduar\Desktop\Soybe-main\data\com_fundo\RGB_JPG_Normais\grao_DSC_0659_id18.png,RGB_JPG_Normais,RGB_JPG_Normais
C:\Users\eduar\Desktop\Soybe-main\data\com_fundo\RGB_JPG_Normais\grao_DSC_0513_id38.png,RGB_JPG_Normais,RGB_JPG_Normais
C:\Users\eduar\Desktop\Soybe-main\data\com_fundo\RGB_JPG_Normais\grao_DSC_0369_id117.png,RGB_JPG_Normais,RGB_JPG_Normais
C:\Users\eduar\Desktop\Soybe-main\data\com_fundo\RGB_JPG_IMPUREZAS\grao_DSC_0282_id179.png,RGB_JPG_IMPUREZAS,RGB_JPG_IMPUREZAS
C:\Users\eduar\Desktop\Soybe-main\data\com_fundo\RGB_JPG_Normais\grao_DSC_0637_id35.png,RGB_JPG_Normais,RGB_JPG_Normais
C:\Users\eduar\Desktop\Soybe-main\data\com_fundo\RGB_JPG_Normais\grao_DSC_0469_id46.png,RGB_JPG_Normais,RGB_JPG_Normais
C:\Users\eduar\Desktop\Soybe-main\data\com_fundo\RGB_JPG_IMPUREZAS\grao_DSC_0005_id152.png,RGB_JPG_IMPUREZAS,RGB_JPG_IMPUREZAS
C:\Users\eduar\Desktop\Soybe-main\data\com_fundo\RGB_JPG_Normais\grao_DSC_0651_id71.png,RGB_JPG_Normais,RGB_JPG_Normais
C:\Users\eduar\Desktop\Soybe-main\data\com_fundo\RGB_JPG_IMPUREZAS\grao_DSC_0276_id198.png,RGB_JPG_IMPUREZAS,RGB_JPG_IMPUREZAS
C:\Users\eduar\Desktop\Soybe-main\data\com_fundo\RGB_JPG_CHOCHOS\grao_DSC_0314_id40.png,RGB_JPG_CHOCHOS,RGB_JPG_CHOCHOS
C:\Users\eduar\Desktop\Soybe-main\data\com_fundo\RGB_JPG_ESVERDEADO\grao_DSC_0306_id80.png,RGB_JPG_ESVERDEADO,RGB_JPG_ESVERDEADO
C:\Users\eduar\Desktop\Soybe-main\data\com_fundo\RGB_JPG_CHOCHOS\grao_DSC_0321_id88.png,RGB_JPG_CHOCHOS,RGB_JPG_CHOCHOS
C:\Users\eduar\Desktop\Soybe-main\data\com_fundo\RGB_JPG_CHOCHOS\grao_DSC_0353_id33.png,RGB_JPG_CHOCHOS,RGB_JPG_CHOCHOS
C:\Users\eduar\Desktop\Soybe-main\data\com_fundo\RGB_JPG_CHOCHOS\grao_DSC_0314_id31.png,RGB_JPG_CHOCHOS,RGB_JPG_CHOCHOS
C:\Users\eduar\Desktop\Soybe-main\data\com_fundo\RGB_JPG_ESVERDEADO\grao_DSC_0302_id31.png,RGB_JPG_ESVERDEADO,RGB_JPG_ESVERDEADO
C:\Users\eduar\Desktop\Soybe-main\data\com_fundo\RGB_JPG_IMPUREZAS\grao_DSC_0033_id55.png,RGB_JPG_IMPUREZAS,RGB_JPG_IMPUREZAS
C:\Users\eduar\Desktop\Soybe-main\data\com_fundo\RGB_JPG_CHOCHOS\grao_DSC_0342_id96.png,RGB_JPG_CHOCHOS,RGB_JPG_CHOCHOS
C:\Users\eduar\Desktop\Soybe-main\data\com_fundo\RGB_JPG_IMPUREZAS\grao_DSC_0253_id217.png,RGB_JPG_IMPUREZAS,RGB_JPG_IMPUREZAS
C:\Users\eduar\Desktop\Soybe-main\data\com_fundo\RGB_JPG_QUEBRADOS\grao_DSC_0437_id77.png,RGB_JPG_QUEBRADOS,RGB_JPG_QUEBRADOS
C:\Users\eduar\Desktop\Soybe-main\data\com_fundo\RGB_JPG_Normais\grao_DSC_0518_id24.png,RGB_JPG_Normais,RGB_JPG_Normais
C:\Users\eduar\Desktop\Soybe-main\data\com_fundo\RGB_JPG_CHOCHOS\grao_DSC_0321_id19.png,RGB_JPG_CHOCHOS,RGB_JPG_CHOCHOS
C:\Users\eduar\Desktop\Soybe-main\data\com_fundo\RGB_JPG_Normais\grao_DSC_0374_id109.png,RGB_JPG_Normais,RGB_JPG_Normais
C:\Users\eduar\Desktop\Soybe-main\data\com_fundo\RGB_JPG_IMPUREZAS\grao_DSC_0007_id6.png,RGB_JPG_IMPUREZAS,RGB_JPG_IMPUREZAS
C:\Users\eduar\Desktop\Soybe-main\data\com_fundo\RGB_JPG_Normais\grao_DSC_0617_id39.png,RGB_JPG_Normais,RGB_JPG_Normais
C:\Users\eduar\Desktop\Soybe-main\data\com_fundo\RGB_JPG_QUEBRADOS\grao_DSC_0420_id106.png,RGB_JPG_QUEBRADOS,RGB_JPG_QUEBRADOS
C:\Users\eduar\Desktop\Soybe-main\data\com_fundo\RGB_JPG_IMPUREZAS\grao_DSC_0276_id6.png,RGB_JPG_IMPUREZAS,RGB_JPG_IMPUREZAS
C:\Users\eduar\Desktop\Soybe-main\data\com_fundo\RGB_JPG_Normais\grao_DSC_0502_id78.png,RGB_JPG_Normais,RGB_JPG_Normais
C:\Users\eduar\Desktop\Soybe-main\data\com_fundo\RGB_JPG_IMPUREZAS\grao_DSC_0004_id61.png,RGB_JPG_IMPUREZAS,RGB_JPG_IMPUREZAS
C:\Users\eduar\Desktop\Soybe-main\data\com_fundo\RGB_JPG_CHOCHOS\grao_DSC_0353_id30.png,RGB_JPG_CHOCHOS,RGB_JPG_CHOCHOS
C:\Users\eduar\Desktop\Soybe-main\data\com_fundo\RGB_JPG_IMPUREZAS\grao_DSC_0241_id155.png,RGB_JPG_IMPUREZAS,RGB_JPG_IMPUREZAS
C:\Users\eduar\Desktop\Soybe-main\data\com_fundo\RGB_JPG_QUEBRADOS\grao_DSC_0442_id10.png,RGB_JPG_QUEBRADOS,RGB_JPG_Normais
C:\Users\eduar\Desktop\Soybe-main\data\com_fundo\RGB_JPG_IMPUREZAS\grao_DSC_0265_id4.png,RGB_JPG_IMPUREZAS,RGB_JPG_IMPUREZAS
C:\Users\eduar\Desktop\Soybe-main\data\com_fundo\RGB_JPG_Normais\grao_DSC_0217_id38.png,RGB_JPG_Normais,RGB_JPG_Normais
C:\Users\eduar\Desktop\Soybe-main\data\com_fundo\RGB_JPG_CHOCHOS\grao_DSC_0335_id4.png,RGB_JPG_CHOCHOS,RGB_JPG_CHOCHOS
C:\Users\eduar\Desktop\Soybe-main\data\com_fundo\RGB_JPG_IMPUREZAS\grao_DSC_0289_id78.png,RGB_JPG_IMPUREZAS,RGB_JPG_IMPUREZAS
C:\Users\eduar\Desktop\Soybe-main\data\com_fundo\RGB_JPG_QUEBRADOS\grao_DSC_0413_id40.png,RGB_JPG_QUEBRADOS,RGB_JPG_QUEBRADOS
C:\Users\eduar\Desktop\Soybe-main\data\com_fundo\RGB_JPG_Normais\grao_DSC_0156_id89.png,RGB_JPG_Normais,RGB_JPG_Normais
C:\Users\eduar\Desktop\Soybe-main\data\com_fundo\RGB_JPG_Normais\grao_DSC_0520_id85.png,RGB_JPG_Normais,RGB_JPG_Normais
C:\Users\eduar\Desktop\Soybe-main\data\com_fundo\RGB_JPG_Normais\grao_DSC_0657_id38.png,RGB_JPG_Normais,RGB_JPG_Normais
C:\Users\eduar\Desktop\Soybe-main\data\com_fundo\RGB_JPG_IMPUREZAS\grao_DSC_0252_id28.png,RGB_JPG_IMPUREZAS,RGB_JPG_IMPUREZAS
C:\Users\eduar\Desktop\Soybe-main\data\com_fundo\RGB_JPG_INSETOS\grao_DSC_0163_id71.png,RGB_JPG_INSETOS,RGB_JPG_INSETOS
C:\Users\eduar\Desktop\Soybe-main\data\com_fundo\RGB_JPG_Normais\grao_DSC_0212_id49.png,RGB_JPG_Normais,RGB_JPG_Normais
C:\Users\eduar\Desktop\Soybe-main\data\com_fundo\RGB_JPG_QUEBRADOS\grao_DSC_0422_id37.png,RGB_JPG_QUEBRADOS,RGB_JPG_QUEBRADOS
C:\Users\eduar\Desktop\Soybe-main\data\com_fundo\RGB_JPG_IMPUREZAS\grao_DSC_0269_id76.png,RGB_JPG_IMPUREZAS,RGB_JPG_IMPUREZAS
C:\Users\eduar\Desktop\Soybe-main\data\com_fundo\RGB_JPG_Normais\grao_DSC_0473_id87.png,RGB_JPG_Normais,RGB_JPG_Normais
C:\Users\eduar\Desktop\Soybe-main\data\com_fundo\RGB_JPG_Normais\grao_DSC_0639_id72.png,RGB_JPG_Normais,RGB_JPG_Normais
C:\Users\eduar\Desktop\Soybe-main\data\com_fundo\RGB_JPG_Normais\grao_DSC_0669_id67.png,RGB_JPG_Normais,RGB_JPG_Normais
C:\Users\eduar\Desktop\Soybe-main\data\com_fundo\RGB_JPG_Normais\grao_DSC_0474_id12.png,RGB_JPG_Normais,RGB_JPG_Normais
C:\Users\eduar\Desktop\Soybe-main\data\com_fundo\RGB_JPG_QUEBRADOS\grao_DSC_0459_id18.png,RGB_JPG_QUEBRADOS,RGB_JPG_QUEBRADOS
C:\Users\eduar\Desktop\Soybe-main\data\com_fundo\RGB_JPG_IMPUREZAS\grao_DSC_0242_id263.png,RGB_JPG_IMPUREZAS,RGB_JPG_IMPUREZAS
C:\Users\eduar\Desktop\Soybe-main\data\com_fundo\RGB_JPG_QUEBRADOS\grao_DSC_0445_id29.png,RGB_JPG_QUEBRADOS,RGB_JPG_QUEBRADOS
C:\Users\eduar\Desktop\Soybe-main\data\com_fundo\RGB_JPG_Normais\grao_DSC_0141_id4.png,RGB_JPG_Normais,RGB_JPG_Normais
C:\Users\eduar\Desktop\Soybe-main\data\com_fundo\RGB_JPG_CHOCHOS\grao_DSC_0362_id61.png,RGB_JPG_CHOCHOS,RGB_JPG_CHOCHOS
C:\Users\eduar\Desktop\Soybe-main\data\com_fundo\RGB_JPG_Normais\grao_DSC_0649_id4.png,RGB_JPG_Normais,RGB_JPG_Normais
C:\Users\eduar\Desktop\Soybe-main\data\com_fundo\RGB_JPG_IMPUREZAS\grao_DSC_0002_id243.png,RGB_JPG_IMPUREZAS,RGB_JPG_IMPUREZAS
C:\Users\eduar\Desktop\Soybe-main\data\com_fundo\RGB_JPG_IMPUREZAS\grao_DSC_0289_id138.png,RGB_JPG_IMPUREZAS,RGB_JPG_IMPUREZAS
C:\Users\eduar\Desktop\Soybe-main\data\com_fundo\RGB_JPG_Normais\grao_DSC_0134_id8.png,RGB_JPG_Normais,RGB_JPG_Normais
C:\Users\eduar\Desktop\Soybe-main\data\com_fundo\RGB_JPG_Normais\grao_DSC_0153_id70.png,RGB_JPG_Normais,RGB_JPG_Normais
C:\Users\eduar\Desktop\Soybe-main\data\com_fundo\RGB_JPG_Normais\grao_DSC_0512_id15.png,RGB_JPG_Normais,RGB_JPG_Normais
C:\Users\eduar\Desktop\Soybe-main\data\com_fundo\RGB_JPG_QUEBRADOS\grao_DSC_0173_id46.png,RGB_JPG_QUEBRADOS,RGB_JPG_QUEBRADOS
C:\Users\eduar\Desktop\Soybe-main\data\com_fundo\RGB_JPG_QUEBRADOS\grao_DSC_0446_id100.png,RGB_JPG_QUEBRADOS,RGB_JPG_QUEBRADOS
C:\Users\eduar\Desktop\Soybe-main\data\com_fundo\RGB_JPG_QUEBRADOS\grao_DSC_0453_id24.png,RGB_JPG_QUEBRADOS,RGB_JPG_QUEBRADOS
C:\Users\eduar\Desktop\Soybe-main\data\com_fundo\RGB_JPG_Normais\grao_DSC_0477_id35.png,RGB_JPG_Normais,RGB_JPG_Normais
C:\Users\eduar\Desktop\Soybe-main\data\com_fundo\RGB_JPG_QUEBRADOS\grao_DSC_0467_id69.png,RGB_JPG_QUEBRADOS,RGB_JPG_QUEBRADOS
C:\Users\eduar\Desktop\Soybe-main\data\com_fundo\RGB_JPG_IMPUREZAS\grao_DSC_0043_id192.png,RGB_JPG_IMPUREZAS,RGB_JPG_IMPUREZAS
C:\Users\eduar\Desktop\Soybe-main\data\com_fundo\RGB_JPG_Normais\grao_DSC_0675_id9.png,RGB_JPG_Normais,RGB_JPG_Normais
C:\Users\eduar\Desktop\Soybe-main\data\com_fundo\RGB_JPG_Normais\grao_DSC_0646_id80.png,RGB_JPG_Normais,RGB_JPG_Normais
C:\Users\eduar\Desktop\Soybe-main\data\com_fundo\RGB_JPG_IMPUREZAS\grao_DSC_0016_id132.png,RGB_JPG_IMPUREZAS,RGB_JPG_IMPUREZAS
C:\Users\eduar\Desktop\Soybe-main\data\com_fundo\RGB_JPG_Normais\grao_DSC_0496_id51.png,RGB_JPG_Normais,RGB_JPG_Normais
C:\Users\eduar\Desktop\Soybe-main\data\com_fundo\RGB_JPG_IMPUREZAS\grao_DSC_0273_id89.png,RGB_JPG_IMPUREZAS,RGB_JPG_IMPUREZAS
C:\Users\eduar\Desktop\Soybe-main\data\com_fundo\RGB_JPG_IMPUREZAS\grao_DSC_0291_id144.png,RGB_JPG_IMPUREZAS,RGB_JPG_IMPUREZAS
C:\Users\eduar\Desktop\Soybe-main\data\com_fundo\RGB_JPG_CHOCHOS\grao_DSC_0345_id54.png,RGB_JPG_CHOCHOS,RGB_JPG_CHOCHOS
C:\Users\eduar\Desktop\Soybe-main\data\com_fundo\RGB_JPG_Normais\grao_DSC_0475_id32.png,RGB_JPG_Normais,RGB_JPG_Normais
C:\Users\eduar\Desktop\Soybe-main\data\com_fundo\RGB_JPG_IMPUREZAS\grao_DSC_0020_id15.png,RGB_JPG_IMPUREZAS,RGB_JPG_IMPUREZAS
C:\Users\eduar\Desktop\Soybe-main\data\com_fundo\RGB_JPG_CHOCHOS\grao_DSC_0336_id88.png,RGB_JPG_CHOCHOS,RGB_JPG_CHOCHOS
C:\Users\eduar\Desktop\Soybe-main\data\com_fundo\RGB_JPG_Normais\grao_DSC_0641_id98.png,RGB_JPG_Normais,RGB_JPG_Normais
C:\Users\eduar\Desktop\Soybe-main\data\com_fundo\RGB_JPG_Normais\grao_DSC_0158_id81.png,RGB_JPG_Normais,RGB_JPG_Normais
C:\Users\eduar\Desktop\Soybe-main\data\com_fundo\RGB_JPG_QUEBRADOS\grao_DSC_0453_id79.png,RGB_JPG_QUEBRADOS,RGB_JPG_QUEBRADOS
C:\Users\eduar\Desktop\Soybe-main\data\com_fundo\RGB_JPG_Normais\grao_DSC_0468_id95.png,RGB_JPG_Normais,RGB_JPG_Normais
C:\Users\eduar\Desktop\Soybe-main\data\com_fundo\RGB_JPG_QUEBRADOS\grao_DSC_0426_id65.png,RGB_JPG_QUEBRADOS,RGB_JPG_QUEBRADOS
C:\Users\eduar\Desktop\Soybe-main\data\com_fundo\RGB_JPG_IMPUREZAS\grao_DSC_0254_id109.png,RGB_JPG_IMPUREZAS,RGB_JPG_IMPUREZAS
C:\Users\eduar\Desktop\Soybe-main\data\com_fundo\RGB_JPG_Normais\grao_DSC_0365_id54.png,RGB_JPG_Normais,RGB_JPG_Normais
C:\Users\eduar\Desktop\Soybe-main\data\com_fundo\RGB_JPG_IMPUREZAS\grao_DSC_0287_id11.png,RGB_JPG_IMPUREZAS,RGB_JPG_IMPUREZAS
C:\Users\eduar\Desktop\Soybe-main\data\com_fundo\RGB_JPG_Normais\grao_DSC_0477_id104.png,RGB_JPG_Normais,RGB_JPG_Normais
C:\Users\eduar\Desktop\Soybe-main\data\com_fundo\RGB_JPG_ESVERDEADO\grao_DSC_0308_id39.png,RGB_JPG_ESVERDEADO,RGB_JPG_ESVERDEADO
C:\Users\eduar\Desktop\Soybe-main\data\com_fundo\RGB_JPG_IMPUREZAS\grao_DSC_0278_id157.png,RGB_JPG_IMPUREZAS,RGB_JPG_IMPUREZAS
C:\Users\eduar\Desktop\Soybe-main\data\com_fundo\RGB_JPG_Normais\grao_DSC_0662_id52.png,RGB_JPG_Normais,RGB_JPG_Normais
C:\Users\eduar\Desktop\Soybe-main\data\com_fundo\RGB_JPG_Normais\grao_DSC_0375_id84.png,RGB_JPG_Normais,RGB_JPG_Normais
C:\Users\eduar\Desktop\Soybe-main\data\com_fundo\RGB_JPG_IMPUREZAS\grao_DSC_0243_id135.png,RGB_JPG_IMPUREZAS,RGB_JPG_IMPUREZAS
C:\Users\eduar\Desktop\Soybe-main\data\com_fundo\RGB_JPG_QUEBRADOS\grao_DSC_0412_id57.png,RGB_JPG_QUEBRADOS,RGB_JPG_QUEBRADOS
C:\Users\eduar\Desktop\Soybe-main\data\com_fundo\RGB_JPG_Normais\grao_DSC_0397_id30.png,RGB_JPG_Normais,RGB_JPG_Normais
C:\Users\eduar\Desktop\Soybe-main\data\com_fundo\RGB_JPG_IMPUREZAS\grao_DSC_0242_id191.png,RGB_JPG_IMPUREZAS,RGB_JPG_IMPUREZAS
C:\Users\eduar\Desktop\Soybe-main\data\com_fundo\RGB_JPG_IMPUREZAS\grao_DSC_0232_id7.png,RGB_JPG_IMPUREZAS,RGB_JPG_IMPUREZAS
C:\Users\eduar\Desktop\Soybe-main\data\com_fundo\RGB_JPG_IMPUREZAS\grao_DSC_0236_id20.png,RGB_JPG_IMPUREZAS,RGB_JPG_IMPUREZAS
C:\Users\eduar\Desktop\Soybe-main\data\com_fundo\RGB_JPG_ESVERDEADO\grao_DSC_0304_id64.png,RGB_JPG_ESVERDEADO,RGB_JPG_ESVERDEADO
C:\Users\eduar\Desktop\Soybe-main\data\com_fundo\RGB_JPG_IMPUREZAS\grao_DSC_0231_id99.png,RGB_JPG_IMPUREZAS,RGB_JPG_IMPUREZAS
C:\Users\eduar\Desktop\Soybe-main\data\com_fundo\RGB_JPG_IMPUREZAS\grao_DSC_0268_id17.png,RGB_JPG_IMPUREZAS,RGB_JPG_IMPUREZAS
C:\Users\eduar\Desktop\Soybe-main\data\com_fundo\RGB_JPG_INSETOS\grao_DSC_0163_id21.png,RGB_JPG_INSETOS,RGB_JPG_INSETOS
C:\Users\eduar\Desktop\Soybe-main\data\com_fundo\RGB_JPG_Normais\grao_DSC_0616_id88.png,RGB_JPG_Normais,RGB_JPG_Normais
C:\Users\eduar\Desktop\Soybe-main\data\com_fundo\RGB_JPG_Normais\grao_DSC_0157_id17.png,RGB_JPG_Normais,RGB_JPG_Normais
C:\Users\eduar\Desktop\Soybe-main\data\com_fundo\RGB_JPG_Normais\grao_DSC_0614_id37.png,RGB_JPG_Normais,RGB_JPG_Normais
C:\Users\eduar\Desktop\Soybe-main\data\com_fundo\RGB_JPG_IMPUREZAS\grao_DSC_0041_id27.png,RGB_JPG_IMPUREZAS,RGB_JPG_IMPUREZAS
C:\Users\eduar\Desktop\Soybe-main\data\com_fundo\RGB_JPG_Normais\grao_DSC_0514_id46.png,RGB_JPG_Normais,RGB_JPG_Normais
C:\Users\eduar\Desktop\Soybe-main\data\com_fundo\RGB_JPG_Normais\grao_DSC_0219_id30.png,RGB_JPG_Normais,RGB_JPG_Normais
C:\Users\eduar\Desktop\Soybe-main\data\com_fundo\RGB_JPG_IMPUREZAS\grao_DSC_0018_id210.png,RGB_JPG_IMPUREZAS,RGB_JPG_IMPUREZAS
C:\Users\eduar\Desktop\Soybe-main\data\com_fundo\RGB_JPG_Normais\grao_DSC_0649_id45.png,RGB_JPG_Normais,RGB_JPG_Normais
C:\Users\eduar\Desktop\Soybe-main\data\com_fundo\RGB_JPG_Normais\grao_DSC_0495_id25.png,RGB_JPG_Normais,RGB_JPG_Normais
C:\Users\eduar\Desktop\Soybe-main\data\com_fundo\RGB_JPG_Normais\grao_DSC_0519_id67.png,RGB_JPG_Normais,RGB_JPG_Normais
C:\Users\eduar\Desktop\Soybe-main\data\com_fundo\RGB_JPG_QUEBRADOS\grao_DSC_0169_id91.png,RGB_JPG_QUEBRADOS,RGB_JPG_QUEBRADOS
C:\Users\eduar\Desktop\Soybe-main\data\com_fundo\RGB_JPG_Normais\grao_DSC_0660_id66.png,RGB_JPG_Normais,RGB_JPG_Normais
C:\Users\eduar\Desktop\Soybe-main\data\com_fundo\RGB_JPG_IMPUREZAS\grao_DSC_0252_id97.png,RGB_JPG_IMPUREZAS,RGB_JPG_IMPUREZAS
C:\Users\eduar\Desktop\Soybe-main\data\com_fundo\RGB_JPG_QUEBRADOS\grao_DSC_0419_id10.png,RGB_JPG_QUEBRADOS,RGB_JPG_QUEBRADOS
C:\Users\eduar\Desktop\Soybe-main\data\com_fundo\RGB_JPG_CHOCHOS\grao_DSC_0329_id20.png,RGB_JPG_CHOCHOS,RGB_JPG_CHOCHOS
C:\Users\eduar\Desktop\Soybe-main\data\com_fundo\RGB_JPG_Normais\grao_DSC_0507_id74.png,RGB_JPG_Normais,RGB_JPG_Normais
C:\Users\eduar\Desktop\Soybe-main\data\com_fundo\RGB_JPG_Normais\grao_DSC_0651_id93.png,RGB_JPG_Normais,RGB_JPG_Normais
C:\Users\eduar\Desktop\Soybe-main\data\com_fundo\RGB_JPG_CHOCHOS\grao_DSC_0325_id105.png,RGB_JPG_CHOCHOS,RGB_JPG_CHOCHOS
C:\Users\eduar\Desktop\Soybe-main\data\com_fundo\RGB_JPG_QUEBRADOS\grao_DSC_0409_id65.png,RGB_JPG_QUEBRADOS,RGB_JPG_QUEBRADOS
C:\Users\eduar\Desktop\Soybe-main\data\com_fundo\RGB_JPG_IMPUREZAS\grao_DSC_0033_id83.png,RGB_JPG_IMPUREZAS,RGB_JPG_IMPUREZAS
C:\Users\eduar\Desktop\Soybe-main\data\com_fundo\RGB_JPG_IMPUREZAS\grao_DSC_0225_id89.png,RGB_JPG_IMPUREZAS,RGB_JPG_IMPUREZAS
C:\Users\eduar\Desktop\Soybe-main\data\com_fundo\RGB_JPG_Normais\grao_DSC_0390_id41.png,RGB_JPG_Normais,RGB_JPG_Normais
C:\Users\eduar\Desktop\Soybe-main\data\com_fundo\RGB_JPG_IMPUREZAS\grao_DSC_0018_id216.png,RGB_JPG_IMPUREZAS,RGB_JPG_IMPUREZAS
C:\Users\eduar\Desktop\Soybe-main\data\com_fundo\RGB_JPG_IMPUREZAS\grao_DSC_0258_id128.png,RGB_JPG_IMPUREZAS,RGB_JPG_IMPUREZAS
C:\Users\eduar\Desktop\Soybe-main\data\com_fundo\RGB_JPG_IMPUREZAS\grao_DSC_0281_id51.png,RGB_JPG_IMPUREZAS,RGB_JPG_IMPUREZAS
C:\Users\eduar\Desktop\Soybe-main\data\com_fundo\RGB_JPG_QUEBRADOS\grao_DSC_0428_id51.png,RGB_JPG_QUEBRADOS,RGB_JPG_QUEBRADOS
C:\Users\eduar\Desktop\Soybe-main\data\com_fundo\RGB_JPG_QUEBRADOS\grao_DSC_0431_id73.png,RGB_JPG_QUEBRADOS,RGB_JPG_QUEBRADOS
C:\Users\eduar\Desktop\Soybe-main\data\com_fundo\RGB_JPG_IMPUREZAS\grao_DSC_0228_id137.png,RGB_JPG_IMPUREZAS,RGB_JPG_IMPUREZAS
C:\Users\eduar\Desktop\Soybe-main\data\com_fundo\RGB_JPG_IMPUREZAS\grao_DSC_0240_id310.png,RGB_JPG_IMPUREZAS,RGB_JPG_IMPUREZAS
C:\Users\eduar\Desktop\Soybe-main\data\com_fundo\RGB_JPG_IMPUREZAS\grao_DSC_0231_id67.png,RGB_JPG_IMPUREZAS,RGB_JPG_IMPUREZAS
C:\Users\eduar\Desktop\Soybe-main\data\com_fundo\RGB_JPG_Normais\grao_DSC_0476_id88.png,RGB_JPG_Normais,RGB_JPG_Normais
C:\Users\eduar\Desktop\Soybe-main\data\com_fundo\RGB_JPG_Normais\grao_DSC_0156_id64.png,RGB_JPG_Normais,RGB_JPG_Normais
C:\Users\eduar\Desktop\Soybe-main\data\com_fundo\RGB_JPG_Normais\grao_DSC_0669_id22.png,RGB_JPG_Normais,RGB_JPG_Normais
C:\Users\eduar\Desktop\Soybe-main\data\com_fundo\RGB_JPG_Normais\grao_DSC_0214_id4.png,RGB_JPG_Normais,RGB_JPG_Normais
C:\Users\eduar\Desktop\Soybe-main\data\com_fundo\RGB_JPG_QUEBRADOS\grao_DSC_0405_id76.png,RGB_JPG_QUEBRADOS,RGB_JPG_QUEBRADOS
C:\Users\eduar\Desktop\Soybe-main\data\com_fundo\RGB_JPG_IMPUREZAS\grao_DSC_0287_id200.png,RGB_JPG_IMPUREZAS,RGB_JPG_IMPUREZAS
C:\Users\eduar\Desktop\Soybe-main\data\com_fundo\RGB_JPG_Normais\grao_DSC_0381_id38.png,RGB_JPG_Normais,RGB_JPG_Normais
C:\Users\eduar\Desktop\Soybe-main\data\com_fundo\RGB_JPG_Normais\grao_DSC_0154_id62.png,RGB_JPG_Normais,RGB_JPG_Normais
C:\Users\eduar\Desktop\Soybe-main\data\com_fundo\RGB_JPG_Normais\grao_DSC_0519_id11.png,RGB_JPG_Normais,RGB_JPG_Normais
C:\Users\eduar\Desktop\Soybe-main\data\com_fundo\RGB_JPG_QUEBRADOS\grao_DSC_0429_id74.png,RGB_JPG_QUEBRADOS,RGB_JPG_QUEBRADOS
C:\Users\eduar\Desktop\Soybe-main\data\com_fundo\RGB_JPG_IMPUREZAS\grao_DSC_0005_id88.png,RGB_JPG_IMPUREZAS,RGB_JPG_IMPUREZAS
C:\Users\eduar\Desktop\Soybe-main\data\com_fundo\RGB_JPG_Normais\grao_DSC_0385_id42.png,RGB_JPG_Normais,RGB_JPG_Normais
C:\Users\eduar\Desktop\Soybe-main\data\com_fundo\RGB_JPG_IMPUREZAS\grao_DSC_0253_id125.png,RGB_JPG_IMPUREZAS,RGB_JPG_IMPUREZAS
C:\Users\eduar\Desktop\Soybe-main\data\com_fundo\RGB_JPG_Normais\grao_DSC_0472_id29.png,RGB_JPG_Normais,RGB_JPG_Normais
C:\Users\eduar\Desktop\Soybe-main\data\com_fundo\RGB_JPG_IMPUREZAS\grao_DSC_0039_id7.png,RGB_JPG_IMPUREZAS,RGB_JPG_IMPUREZAS
C:\Users\eduar\Desktop\Soybe-main\data\com_fundo\RGB_JPG_Normais\grao_DSC_0157_id80.png,RGB_JPG_Normais,RGB_JPG_Normais
C:\Users\eduar\Desktop\Soybe-main\data\com_fundo\RGB_JPG_Normais\grao_DSC_0396_id73.png,RGB_JPG_Normais,RGB_JPG_Normais
C:\Users\eduar\Desktop\Soybe-main\data\com_fundo\RGB_JPG_Normais\grao_DSC_0517_id34.png,RGB_JPG_Normais,RGB_JPG_Normais
C:\Users\eduar\Desktop\Soybe-main\data\com_fundo\RGB_JPG_CHOCHOS\grao_DSC_0333_id50.png,RGB_JPG_CHOCHOS,RGB_JPG_CHOCHOS
C:\Users\eduar\Desktop\Soybe-main\data\com_fundo\RGB_JPG_QUEBRADOS\grao_DSC_0426_id23.png,RGB_JPG_QUEBRADOS,RGB_JPG_QUEBRADOS
C:\Users\eduar\Desktop\Soybe-main\data\com_fundo\RGB_JPG_IMPUREZAS\grao_DSC_0020_id49.png,RGB_JPG_IMPUREZAS,RGB_JPG_IMPUREZAS
C:\Users\eduar\Desktop\Soybe-main\data\com_fundo\RGB_JPG_CHOCHOS\grao_DSC_0355_id24.png,RGB_JPG_CHOCHOS,RGB_JPG_CHOCHOS
C:\Users\eduar\Desktop\Soybe-main\data\com_fundo\RGB_JPG_QUEBRADOS\grao_DSC_0430_id1.png,RGB_JPG_QUEBRADOS,RGB_JPG_QUEBRADOS
C:\Users\eduar\Desktop\Soybe-main\data\com_fundo\RGB_JPG_CHOCHOS\grao_DSC_0337_id75.png,RGB_JPG_CHOCHOS,RGB_JPG_CHOCHOS
C:\Users\eduar\Desktop\Soybe-main\data\com_fundo\RGB_JPG_CHOCHOS\grao_DSC_0346_id78.png,RGB_JPG_CHOCHOS,RGB_JPG_CHOCHOS
C:\Users\eduar\Desktop\Soybe-main\data\com_fundo\RGB_JPG_IMPUREZAS\grao_DSC_0272_id60.png,RGB_JPG_IMPUREZAS,RGB_JPG_IMPUREZAS
C:\Users\eduar\Desktop\Soybe-main\data\com_fundo\RGB_JPG_Normais\grao_DSC_0365_id123.png,RGB_JPG_Normais,RGB_JPG_Normais
C:\Users\eduar\Desktop\Soybe-main\data\com_fundo\RGB_JPG_CHOCHOS\grao_DSC_0325_id47.png,RGB_JPG_CHOCHOS,RGB_JPG_CHOCHOS
C:\Users\eduar\Desktop\Soybe-main\data\com_fundo\RGB_JPG_IMPUREZAS\grao_DSC_0275_id134.png,RGB_JPG_IMPUREZAS,RGB_JPG_IMPUREZAS
C:\Users\eduar\Desktop\Soybe-main\data\com_fundo\RGB_JPG_IMPUREZAS\grao_DSC_0272_id33.png,RGB_JPG_IMPUREZAS,RGB_JPG_IMPUREZAS
C:\Users\eduar\Desktop\Soybe-main\data\com_fundo\RGB_JPG_Normais\grao_DSC_0495_id15.png,RGB_JPG_Normais,RGB_JPG_Normais
C:\Users\eduar\Desktop\Soybe-main\data\com_fundo\RGB_JPG_IMPUREZAS\grao_DSC_0231_id3.png,RGB_JPG_IMPUREZAS,RGB_JPG_IMPUREZAS
C:\Users\eduar\Desktop\Soybe-main\data\com_fundo\RGB_JPG_IMPUREZAS\grao_DSC_0244_id125.png,RGB_JPG_IMPUREZAS,RGB_JPG_IMPUREZAS
C:\Users\eduar\Desktop\Soybe-main\data\com_fundo\RGB_JPG_Normais\grao_DSC_0613_id2.png,RGB_JPG_Normais,RGB_JPG_Normais
C:\Users\eduar\Desktop\Soybe-main\data\com_fundo\RGB_JPG_PURPURAS\grao_DSC_0048_id36.png,RGB_JPG_PURPURAS,RGB_JPG_PURPURAS
C:\Users\eduar\Desktop\Soybe-main\data\com_fundo\RGB_JPG_Normais\grao_DSC_0677_id36.png,RGB_JPG_Normais,RGB_JPG_Normais
C:\Users\eduar\Desktop\Soybe-main\data\com_fundo\RGB_JPG_IMPUREZAS\grao_DSC_0259_id236.png,RGB_JPG_IMPUREZAS,RGB_JPG_IMPUREZAS
C:\Users\eduar\Desktop\Soybe-main\data\com_fundo\RGB_JPG_CHOCHOS\grao_DSC_0321_id42.png,RGB_JPG_CHOCHOS,RGB_JPG_Normais
C:\Users\eduar\Desktop\Soybe-main\data\com_fundo\RGB_JPG_QUEBRADOS\grao_DSC_0421_id51.png,RGB_JPG_QUEBRADOS,RGB_JPG_QUEBRADOS
C:\Users\eduar\Desktop\Soybe-main\data\com_fundo\RGB_JPG_Normais\grao_DSC_0212_id45.png,RGB_JPG_Normais,RGB_JPG_Normais
C:\Users\eduar\Desktop\Soybe-main\data\com_fundo\RGB_JPG_IMPUREZAS\grao_DSC_0024_id32.png,RGB_JPG_IMPUREZAS,RGB_JPG_IMPUREZAS
C:\Users\eduar\Desktop\Soybe-main\data\com_fundo\RGB_JPG_IMPUREZAS\grao_DSC_0263_id111.png,RGB_JPG_IMPUREZAS,RGB_JPG_IMPUREZAS
C:\Users\eduar\Desktop\Soybe-main\data\com_fundo\RGB_JPG_Normais\grao_DSC_0211_id34.png,RGB_JPG_Normais,RGB_JPG_Normais
C:\Users\eduar\Desktop\Soybe-main\data\com_fundo\RGB_JPG_IMPUREZAS\grao_DSC_0276_id248.png,RGB_JPG_IMPUREZAS,RGB_JPG_IMPUREZAS
C:\Users\eduar\Desktop\Soybe-main\data\com_fundo\RGB_JPG_IMPUREZAS\grao_DSC_0042_id57.png,RGB_JPG_IMPUREZAS,RGB_JPG_IMPUREZAS
C:\Users\eduar\Desktop\Soybe-main\data\com_fundo\RGB_JPG_Normais\grao_DSC_0662_id61.png,RGB_JPG_Normais,RGB_JPG_Normais
C:\Users\eduar\Desktop\Soybe-main\data\com_fundo\RGB_JPG_IMPUREZAS\grao_DSC_0286_id137.png,RGB_JPG_IMPUREZAS,RGB_JPG_IMPUREZAS
C:\Users\eduar\Desktop\Soybe-main\data\com_fundo\RGB_JPG_IMPUREZAS\grao_DSC_0042_id42.png,RGB_JPG_IMPUREZAS,RGB_JPG_IMPUREZAS
C:\Users\eduar\Desktop\Soybe-main\data\com_fundo\RGB_JPG_CHOCHOS\grao_DSC_0333_id65.png,RGB_JPG_CHOCHOS,RGB_JPG_CHOCHOS
C:\Users\eduar\Desktop\Soybe-main\data\com_fundo\RGB_JPG_CHOCHOS\grao_DSC_0342_id23.png,RGB_JPG_CHOCHOS,RGB_JPG_CHOCHOS
C:\Users\eduar\Desktop\Soybe-main\data\com_fundo\RGB_JPG_CHOCHOS\grao_DSC_0336_id7.png,RGB_JPG_CHOCHOS,RGB_JPG_CHOCHOS
C:\Users\eduar\Desktop\Soybe-main\data\com_fundo\RGB_JPG_IMPUREZAS\grao_DSC_0042_id113.png,RGB_JPG_IMPUREZAS,RGB_JPG_IMPUREZAS
C:\Users\eduar\Desktop\Soybe-main\data\com_fundo\RGB_JPG_IMPUREZAS\grao_DSC_0043_id159.png,RGB_JPG_IMPUREZAS,RGB_JPG_IMPUREZAS
C:\Users\eduar\Desktop\Soybe-main\data\com_fundo\RGB_JPG_CHOCHOS\grao_DSC_0326_id81.png,RGB_JPG_CHOCHOS,RGB_JPG_CHOCHOS
C:\Users\eduar\Desktop\Soybe-main\data\com_fundo\RGB_JPG_CHOCHOS\grao_DSC_0348_id55.png,RGB_JPG_CHOCHOS,RGB_JPG_CHOCHOS
C:\Users\eduar\Desktop\Soybe-main\data\com_fundo\RGB_JPG_Normais\grao_DSC_0374_id16.png,RGB_JPG_Normais,RGB_JPG_Normais
C:\Users\eduar\Desktop\Soybe-main\data\com_fundo\RGB_JPG_IMPUREZAS\grao_DSC_0228_id2.png,RGB_JPG_IMPUREZAS,RGB_JPG_IMPUREZAS
C:\Users\eduar\Desktop\Soybe-main\data\com_fundo\RGB_JPG_Normais\grao_DSC_0667_id6.png,RGB_JPG_Normais,RGB_JPG_Normais
C:\Users\eduar\Desktop\Soybe-main\data\com_fundo\RGB_JPG_QUEBRADOS\grao_DSC_0443_id29.png,RGB_JPG_QUEBRADOS,RGB_JPG_Normais
C:\Users\eduar\Desktop\Soybe-main\data\com_fundo\RGB_JPG_Normais\grao_DSC_0674_id45.png,RGB_JPG_Normais,RGB_JPG_Normais
C:\Users\eduar\Desktop\Soybe-main\data\com_fundo\RGB_JPG_Normais\grao_DSC_0386_id43.png,RGB_JPG_Normais,RGB_JPG_Normais
C:\Users\eduar\Desktop\Soybe-main\data\com_fundo\RGB_JPG_Normais\grao_DSC_0610_id30.png,RGB_JPG_Normais,RGB_JPG_Normais
C:\Users\eduar\Desktop\Soybe-main\data\com_fundo\RGB_JPG_IMPUREZAS\grao_DSC_0036_id226.png,RGB_JPG_IMPUREZAS,RGB_JPG_IMPUREZAS
C:\Users\eduar\Desktop\Soybe-main\data\com_fundo\RGB_JPG_IMPUREZAS\grao_DSC_0274_id94.png,RGB_JPG_IMPUREZAS,RGB_JPG_IMPUREZAS
C:\Users\eduar\Desktop\Soybe-main\data\com_fundo\RGB_JPG_Normais\grao_DSC_0133_id76.png,RGB_JPG_Normais,RGB_JPG_Normais
C:\Users\eduar\Desktop\Soybe-main\data\com_fundo\RGB_JPG_Normais\grao_DSC_0470_id4.png,RGB_JPG_Normais,RGB_JPG_Normais
C:\Users\eduar\Desktop\Soybe-main\data\com_fundo\RGB_JPG_IMPUREZAS\grao_DSC_0294_id224.png,RGB_JPG_IMPUREZAS,RGB_JPG_IMPUREZAS
C:\Users\eduar\Desktop\Soybe-main\data\com_fundo\RGB_JPG_Normais\grao_DSC_0393_id30.png,RGB_JPG_Normais,RGB_JPG_Normais
C:\Users\eduar\Desktop\Soybe-main\data\com_fundo\RGB_JPG_CHOCHOS\grao_DSC_0349_id54.png,RGB_JPG_CHOCHOS,RGB_JPG_CHOCHOS
C:\Users\eduar\Desktop\Soybe-main\data\com_fundo\RGB_JPG_Normais\grao_DSC_0474_id66.png,RGB_JPG_Normais,RGB_JPG_Normais
C:\Users\eduar\Desktop\Soybe-main\data\com_fundo\RGB_JPG_Normais\grao_DSC_0389_id84.png,RGB_JPG_Normais,RGB_JPG_Normais
C:\Users\eduar\Desktop\Soybe-main\data\com_fundo\RGB_JPG_IMPUREZAS\grao_DSC_0293_id380.png,RGB_JPG_IMPUREZAS,RGB_JPG_IMPUREZAS
C:\Users\eduar\Desktop\Soybe-main\data\com_fundo\RGB_JPG_IMPUREZAS\grao_DSC_0224_id57.png,RGB_JPG_IMPUREZAS,RGB_JPG_IMPUREZAS
C:\Users\eduar\Desktop\Soybe-main\data\com_fundo\RGB_JPG_Normais\grao_DSC_0493_id95.png,RGB_JPG_Normais,RGB_JPG_Normais
C:\Users\eduar\Desktop\Soybe-main\data\com_fundo\RGB_JPG_CHOCHOS\grao_DSC_0350_id21.png,RGB_JPG_CHOCHOS,RGB_JPG_CHOCHOS
C:\Users\eduar\Desktop\Soybe-main\data\com_fundo\RGB_JPG_IMPUREZAS\grao_DSC_0276_id62.png,RGB_JPG_IMPUREZAS,RGB_JPG_IMPUREZAS
C:\Users\eduar\Desktop\Soybe-main\data\com_fundo\RGB_JPG_IMPUREZAS\grao_DSC_0242_id40.png,RGB_JPG_IMPUREZAS,RGB_JPG_IMPUREZAS
C:\Users\eduar\Desktop\Soybe-main\data\com_fundo\RGB_JPG_IMPUREZAS\grao_DSC_0261_id6.png,RGB_JPG_IMPUREZAS,RGB_JPG_IMPUREZAS
C:\Users\eduar\Desktop\Soybe-main\data\com_fundo\RGB_JPG_Normais\grao_DSC_0475_id27.png,RGB_JPG_Normais,RGB_JPG_Normais
C:\Users\eduar\Desktop\Soybe-main\data\com_fundo\RGB_JPG_Normais\grao_DSC_0397_id101.png,RGB_JPG_Normais,RGB_JPG_Normais
C:\Users\eduar\Desktop\Soybe-main\data\com_fundo\RGB_JPG_IMPUREZAS\grao_DSC_0019_id150.png,RGB_JPG_IMPUREZAS,RGB_JPG_IMPUREZAS
C:\Users\eduar\Desktop\Soybe-main\data\com_fundo\RGB_JPG_Normais\grao_DSC_0673_id42.png,RGB_JPG_Normais,RGB_JPG_Normais
C:\Users\eduar\Desktop\Soybe-main\data\com_fundo\RGB_JPG_ESVERDEADO\grao_DSC_0310_id45.png,RGB_JPG_ESVERDEADO,RGB_JPG_ESVERDEADO
C:\Users\eduar\Desktop\Soybe-main\data\com_fundo\RGB_JPG_IMPUREZAS\grao_DSC_0229_id30.png,RGB_JPG_IMPUREZAS,RGB_JPG_IMPUREZAS
C:\Users\eduar\Desktop\Soybe-main\data\com_fundo\RGB_JPG_CHOCHOS\grao_DSC_0332_id31.png,RGB_JPG_CHOCHOS,RGB_JPG_CHOCHOS
C:\Users\eduar\Desktop\Soybe-main\data\com_fundo\RGB_JPG_QUEBRADOS\grao_DSC_0467_id8.png,RGB_JPG_QUEBRADOS,RGB_JPG_QUEBRADOS
C:\Users\eduar\Desktop\Soybe-main\data\com_fundo\RGB_JPG_PURPURAS\grao_DSC_0049_id17.png,RGB_JPG_PURPURAS,RGB_JPG_PURPURAS
C:\Users\eduar\Desktop\Soybe-main\data\com_fundo\RGB_JPG_CHOCHOS\grao_DSC_0357_id64.png,RGB_JPG_CHOCHOS,RGB_JPG_CHOCHOS
C:\Users\eduar\Desktop\Soybe-main\data\com_fundo\RGB_JPG_IMPUREZAS\grao_DSC_0281_id48.png,RGB_JPG_IMPUREZAS,RGB_JPG_IMPUREZAS
C:\Users\eduar\Desktop\Soybe-main\data\com_fundo\RGB_JPG_Normais\grao_DSC_0374_id5.png,RGB_JPG_Normais,RGB_JPG_Normais
C:\Users\eduar\Desktop\Soybe-main\data\com_fundo\RGB_JPG_Normais\grao_DSC_0154_id13.png,RGB_JPG_Normais,RGB_JPG_Normais
C:\Users\eduar\Desktop\Soybe-main\data\com_fundo\RGB_JPG_IMPUREZAS\grao_DSC_0240_id241.png,RGB_JPG_IMPUREZAS,RGB_JPG_IMPUREZAS
C:\Users\eduar\Desktop\Soybe-main\data\com_fundo\RGB_JPG_IMPUREZAS\grao_DSC_0033_id106.png,RGB_JPG_IMPUREZAS,RGB_JPG_IMPUREZAS
C:\Users\eduar\Desktop\Soybe-main\data\com_fundo\RGB_JPG_Normais\grao_DSC_0503_id35.png,RGB_JPG_Normais,RGB_JPG_Normais
C:\Users\eduar\Desktop\Soybe-main\data\com_fundo\RGB_JPG_QUEBRADOS\grao_DSC_0415_id24.png,RGB_JPG_QUEBRADOS,RGB_JPG_QUEBRADOS
C:\Users\eduar\Desktop\Soybe-main\data\com_fundo\RGB_JPG_Normais\grao_DSC_0657_id82.png,RGB_JPG_Normais,RGB_JPG_Normais
C:\Users\eduar\Desktop\Soybe-main\data\com_fundo\RGB_JPG_CHOCHOS\grao_DSC_0361_id67.png,RGB_JPG_CHOCHOS,RGB_JPG_CHOCHOS
C:\Users\eduar\Desktop\Soybe-main\data\com_fundo\RGB_JPG_Normais\grao_DSC_0491_id32.png,RGB_JPG_Normais,RGB_JPG_Normais
C:\Users\eduar\Desktop\Soybe-main\data\com_fundo\RGB_JPG_Normais\grao_DSC_0503_id92.png,RGB_JPG_Normais,RGB_JPG_Normais
C:\Users\eduar\Desktop\Soybe-main\data\com_fundo\RGB_JPG_Normais\grao_DSC_0649_id5.png,RGB_JPG_Normais,RGB_JPG_Normais
C:\Users\eduar\Desktop\Soybe-main\data\com_fundo\RGB_JPG_IMPUREZAS\grao_DSC_0251_id16.png,RGB_JPG_IMPUREZAS,RGB_JPG_IMPUREZAS
C:\Users\eduar\Desktop\Soybe-main\data\com_fundo\RGB_JPG_Normais\grao_DSC_0479_id36.png,RGB_JPG_Normais,RGB_JPG_Normais
C:\Users\eduar\Desktop\Soybe-main\data\com_fundo\RGB_JPG_Normais\grao_DSC_0493_id70.png,RGB_JPG_Normais,RGB_JPG_Normais
C:\Users\eduar\Desktop\Soybe-main\data\com_fundo\RGB_JPG_Normais\grao_DSC_0379_id38.png,RGB_JPG_Normais,RGB_JPG_Normais
C:\Users\eduar\Desktop\Soybe-main\data\com_fundo\RGB_JPG_Normais\grao_DSC_0632_id43.png,RGB_JPG_Normais,RGB_JPG_Normais
C:\Users\eduar\Desktop\Soybe-main\data\com_fundo\RGB_JPG_IMPUREZAS\grao_DSC_0252_id220.png,RGB_JPG_IMPUREZAS,RGB_JPG_IMPUREZAS
C:\Users\eduar\Desktop\Soybe-main\data\com_fundo\RGB_JPG_Normais\grao_DSC_0621_id81.png,RGB_JPG_Normais,RGB_JPG_Normais
C:\Users\eduar\Desktop\Soybe-main\data\com_fundo\RGB_JPG_IMPUREZAS\grao_DSC_0025_id289.png,RGB_JPG_IMPUREZAS,RGB_JPG_IMPUREZAS
C:\Users\eduar\Desktop\Soybe-main\data\com_fundo\RGB_JPG_QUEBRADOS\grao_DSC_0450_id49.png,RGB_JPG_QUEBRADOS,RGB_JPG_QUEBRADOS
C:\Users\eduar\Desktop\Soybe-main\data\com_fundo\RGB_JPG_IMPUREZAS\grao_DSC_0022_id24.png,RGB_JPG_IMPUREZAS,RGB_JPG_IMPUREZAS
C:\Users\eduar\Desktop\Soybe-main\data\com_fundo\RGB_JPG_IMPUREZAS\grao_DSC_0025_id193.png,RGB_JPG_IMPUREZAS,RGB_JPG_IMPUREZAS
C:\Users\eduar\Desktop\Soybe-main\data\com_fundo\RGB_JPG_CHOCHOS\grao_DSC_0356_id39.png,RGB_JPG_CHOCHOS,RGB_JPG_CHOCHOS
C:\Users\eduar\Desktop\Soybe-main\data\com_fundo\RGB_JPG_IMPUREZAS\grao_DSC_0295_id103.png,RGB_JPG_IMPUREZAS,RGB_JPG_IMPUREZAS
C:\Users\eduar\Desktop\Soybe-main\data\com_fundo\RGB_JPG_QUEBRADOS\grao_DSC_0447_id96.png,RGB_JPG_QUEBRADOS,RGB_JPG_QUEBRADOS
C:\Users\eduar\Desktop\Soybe-main\data\com_fundo\RGB_JPG_IMPUREZAS\grao_DSC_0226_id18.png,RGB_JPG_IMPUREZAS,RGB_JPG_IMPUREZAS
C:\Users\eduar\Desktop\Soybe-main\data\com_fundo\RGB_JPG_Normais\grao_DSC_0654_id30.png,RGB_JPG_Normais,RGB_JPG_Normais
C:\Users\eduar\Desktop\Soybe-main\data\com_fundo\RGB_JPG_QUEBRADOS\grao_DSC_0434_id65.png,RGB_JPG_QUEBRADOS,RGB_JPG_QUEBRADOS
C:\Users\eduar\Desktop\Soybe-main\data\com_fundo\RGB_JPG_Normais\grao_DSC_0504_id14.png,RGB_JPG_Normais,RGB_JPG_Normais
C:\Users\eduar\Desktop\Soybe-main\data\com_fundo\RGB_JPG_Normais\grao_DSC_0395_id21.png,RGB_JPG_Normais,RGB_JPG_Normais
C:\Users\eduar\Desktop\Soybe-main\data\com_fundo\RGB_JPG_Normais\grao_DSC_0500_id71.png,RGB_JPG_Normais,RGB_JPG_Normais
C:\Users\eduar\Desktop\Soybe-main\data\com_fundo\RGB_JPG_QUEBRADOS\grao_DSC_0402_id8.png,RGB_JPG_QUEBRADOS,RGB_JPG_QUEBRADOS
C:\Users\eduar\Desktop\Soybe-main\data\com_fundo\RGB_JPG_IMPUREZAS\grao_DSC_0287_id188.png,RGB_JPG_IMPUREZAS,RGB_JPG_IMPUREZAS
C:\Users\eduar\Desktop\Soybe-main\data\com_fundo\RGB_JPG_IMPUREZAS\grao_DSC_0225_id3.png,RGB_JPG_IMPUREZAS,RGB_JPG_IMPUREZAS
C:\Users\eduar\Desktop\Soybe-main\data\com_fundo\RGB_JPG_Normais\grao_DSC_0620_id99.png,RGB_JPG_Normais,RGB_JPG_Normais
C:\Users\eduar\Desktop\Soybe-main\data\com_fundo\RGB_JPG_IMPUREZAS\grao_DSC_0242_id125.png,RGB_JPG_IMPUREZAS,RGB_JPG_IMPUREZAS
C:\Users\eduar\Desktop\Soybe-main\data\com_fundo\RGB_JPG_Normais\grao_DSC_0615_id84.png,RGB_JPG_Normais,RGB_JPG_Normais
C:\Users\eduar\Desktop\Soybe-main\data\com_fundo\RGB_JPG_Normais\grao_DSC_0160_id101.png,RGB_JPG_Normais,RGB_JPG_Normais
C:\Users\eduar\Desktop\Soybe-main\data\com_fundo\RGB_JPG_Normais\grao_DSC_0675_id5.png,RGB_JPG_Normais,RGB_JPG_Normais
C:\Users\eduar\Desktop\Soybe-main\data\com_fundo\RGB_JPG_Normais\grao_DSC_0373_id105.png,RGB_JPG_Normais,RGB_JPG_Normais
C:\Users\eduar\Desktop\Soybe-main\data\com_fundo\RGB_JPG_IMPUREZAS\grao_DSC_0239_id37.png,RGB_JPG_IMPUREZAS,RGB_JPG_IMPUREZAS
C:\Users\eduar\Desktop\Soybe-main\data\com_fundo\RGB_JPG_MAMONAS\grao_DSC_0189_id151.png,RGB_JPG_MAMONAS,RGB_JPG_MAMONAS
C:\Users\eduar\Desktop\Soybe-main\data\com_fundo\RGB_JPG_IMPUREZAS\grao_DSC_0252_id128.png,RGB_JPG_IMPUREZAS,RGB_JPG_IMPUREZAS
C:\Users\eduar\Desktop\Soybe-main\data\com_fundo\RGB_JPG_Normais\grao_DSC_0672_id85.png,RGB_JPG_Normais,RGB_JPG_Normais
C:\Users\eduar\Desktop\Soybe-main\data\com_fundo\RGB_JPG_CHOCHOS\grao_DSC_0360_id89.png,RGB_JPG_CHOCHOS,RGB_JPG_CHOCHOS
C:\Users\eduar\Desktop\Soybe-main\data\com_fundo\RGB_JPG_IMPUREZAS\grao_DSC_0287_id48.png,RGB_JPG_IMPUREZAS,RGB_JPG_IMPUREZAS
C:\Users\eduar\Desktop\Soybe-main\data\com_fundo\RGB_JPG_Normais\grao_DSC_0644_id86.png,RGB_JPG_Normais,RGB_JPG_Normais
C:\Users\eduar\Desktop\Soybe-main\data\com_fundo\RGB_JPG_Normais\grao_DSC_0507_id75.png,RGB_JPG_Normais,RGB_JPG_Normais
C:\Users\eduar\Desktop\Soybe-main\data\com_fundo\RGB_JPG_QUEBRADOS\grao_DSC_0413_id56.png,RGB_JPG_QUEBRADOS,RGB_JPG_QUEBRADOS
C:\Users\eduar\Desktop\Soybe-main\data\com_fundo\RGB_JPG_QUEBRADOS\grao_DSC_0429_id69.png,RGB_JPG_QUEBRADOS,RGB_JPG_QUEBRADOS
C:\Users\eduar\Desktop\Soybe-main\data\com_fundo\RGB_JPG_Normais\grao_DSC_0392_id39.png,RGB_JPG_Normais,RGB_JPG_Normais
C:\Users\eduar\Desktop\Soybe-main\data\com_fundo\RGB_JPG_QUEBRADOS\grao_DSC_0419_id51.png,RGB_JPG_QUEBRADOS,RGB_JPG_QUEBRADOS
C:\Users\eduar\Desktop\Soybe-main\data\com_fundo\RGB_JPG_IMPUREZAS\grao_DSC_0030_id171.png,RGB_JPG_IMPUREZAS,RGB_JPG_IMPUREZAS
C:\Users\eduar\Desktop\Soybe-main\data\com_fundo\RGB_JPG_QUEBRADOS\grao_DSC_0168_id70.png,RGB_JPG_QUEBRADOS,RGB_JPG_QUEBRADOS
C:\Users\eduar\Desktop\Soybe-main\data\com_fundo\RGB_JPG_Normais\grao_DSC_0152_id81.png,RGB_JPG_Normais,RGB_JPG_Normais
C:\Users\eduar\Desktop\Soybe-main\data\com_fundo\RGB_JPG_CHOCHOS\grao_DSC_0340_id28.png,RGB_JPG_CHOCHOS,RGB_JPG_CHOCHOS
C:\Users\eduar\Desktop\Soybe-main\data\com_fundo\RGB_JPG_IMPUREZAS\grao_DSC_0252_id129.png,RGB_JPG_IMPUREZAS,RGB_JPG_IMPUREZAS
C:\Users\eduar\Desktop\Soybe-main\data\com_fundo\RGB_JPG_IMPUREZAS\grao_DSC_0267_id64.png,RGB_JPG_IMPUREZAS,RGB_JPG_IMPUREZAS
C:\Users\eduar\Desktop\Soybe-main\data\com_fundo\RGB_JPG_QUEBRADOS\grao_DSC_0454_id82.png,RGB_JPG_QUEBRADOS,RGB_JPG_QUEBRADOS
C:\Users\eduar\Desktop\Soybe-main\data\com_fundo\RGB_JPG_CHOCHOS\grao_DSC_0348_id77.png,RGB_JPG_CHOCHOS,RGB_JPG_CHOCHOS
C:\Users\eduar\Desktop\Soybe-main\data\com_fundo\RGB_JPG_CHOCHOS\grao_DSC_0167_id2.png,RGB_JPG_CHOCHOS,RGB_JPG_CHOCHOS
C:\Users\eduar\Desktop\Soybe-main\data\com_fundo\RGB_JPG_IMPUREZAS\grao_DSC_0256_id69.png,RGB_JPG_IMPUREZAS,RGB_JPG_IMPUREZAS
C:\Users\eduar\Desktop\Soybe-main\data\com_fundo\RGB_JPG_Normais\grao_DSC_0671_id45.png,RGB_JPG_Normais,RGB_JPG_Normais
C:\Users\eduar\Desktop\Soybe-main\data\com_fundo\RGB_JPG_IMPUREZAS\grao_DSC_0260_id97.png,RGB_JPG_IMPUREZAS,RGB_JPG_IMPUREZAS
C:\Users\eduar\Desktop\Soybe-main\data\com_fundo\RGB_JPG_CHOCHOS\grao_DSC_0315_id35.png,RGB_JPG_CHOCHOS,RGB_JPG_CHOCHOS
C:\Users\eduar\Desktop\Soybe-main\data\com_fundo\RGB_JPG_IMPUREZAS\grao_DSC_0270_id19.png,RGB_JPG_IMPUREZAS,RGB_JPG_IMPUREZAS
C:\Users\eduar\Desktop\Soybe-main\data\com_fundo\RGB_JPG_CHOCHOS\grao_DSC_0329_id49.png,RGB_JPG_CHOCHOS,RGB_JPG_CHOCHOS
C:\Users\eduar\Desktop\Soybe-main\data\com_fundo\RGB_JPG_QUEBRADOS\grao_DSC_0403_id31.png,RGB_JPG_QUEBRADOS,RGB_JPG_QUEBRADOS
C:\Users\eduar\Desktop\Soybe-main\data\com_fundo\RGB_JPG_Normais\grao_DSC_0661_id2.png,RGB_JPG_Normais,RGB_JPG_Normais
C:\Users\eduar\Desktop\Soybe-main\data\com_fundo\RGB_JPG_MAMONAS\grao_DSC_0186_id64.png,RGB_JPG_MAMONAS,RGB_JPG_MAMONAS
C:\Users\eduar\Desktop\Soybe-main\data\com_fundo\RGB_JPG_Normais\grao_DSC_0619_id100.png,RGB_JPG_Normais,RGB_JPG_Normais
C:\Users\eduar\Desktop\Soybe-main\data\com_fundo\RGB_JPG_QUEBRADOS\grao_DSC_0173_id2.png,RGB_JPG_QUEBRADOS,RGB_JPG_QUEBRADOS
C:\Users\eduar\Desktop\Soybe-main\data\com_fundo\RGB_JPG_CHOCHOS\grao_DSC_0335_id6.png,RGB_JPG_CHOCHOS,RGB_JPG_CHOCHOS
C:\Users\eduar\Desktop\Soybe-main\data\com_fundo\RGB_JPG_CHOCHOS\grao_DSC_0360_id1.png,RGB_JPG_CHOCHOS,RGB_JPG_CHOCHOS
C:\Users\eduar\Desktop\Soybe-main\data\com_fundo\RGB_JPG_QUEBRADOS\grao_DSC_0450_id76.png,RGB_JPG_QUEBRADOS,RGB_JPG_QUEBRADOS
C:\Users\eduar\Desktop\Soybe-main\data\com_fundo\RGB_JPG_IMPUREZAS\grao_DSC_0294_id74.png,RGB_JPG_IMPUREZAS,RGB_JPG_IMPUREZAS
C:\Users\eduar\Desktop\Soybe-main\data\com_fundo\RGB_JPG_Normais\grao_DSC_0369_id37.png,RGB_JPG_Normais,RGB_JPG_Normais
C:\Users\eduar\Desktop\Soybe-main\data\com_fundo\RGB_JPG_Normais\grao_DSC_0157_id48.png,RGB_JPG_Normais,RGB_JPG_Normais
C:\Users\eduar\Desktop\Soybe-main\data\com_fundo\RGB_JPG_IMPUREZAS\grao_DSC_0030_id113.png,RGB_JPG_IMPUREZAS,RGB_JPG_IMPUREZAS
C:\Users\eduar\Desktop\Soybe-main\data\com_fundo\RGB_JPG_QUEBRADOS\grao_DSC_0467_id40.png,RGB_JPG_QUEBRADOS,RGB_JPG_QUEBRADOS
C:\Users\eduar\Desktop\Soybe-main\data\com_fundo\RGB_JPG_Normais\grao_DSC_0480_id58.png,RGB_JPG_Normais,RGB_JPG_Normais
C:\Users\eduar\Desktop\Soybe-main\data\com_fundo\RGB_JPG_IMPUREZAS\grao_DSC_0248_id113.png,RGB_JPG_IMPUREZAS,RGB_JPG_IMPUREZAS
C:\Users\eduar\Desktop\Soybe-main\data\com_fundo\RGB_JPG_QUEBRADOS\grao_DSC_0444_id89.png,RGB_JPG_QUEBRADOS,RGB_JPG_QUEBRADOS
C:\Users\eduar\Desktop\Soybe-main\data\com_fundo\RGB_JPG_Normais\grao_DSC_0160_id68.png,RGB_JPG_Normais,RGB_JPG_Normais
C:\Users\eduar\Desktop\Soybe-main\data\com_fundo\RGB_JPG_Normais\grao_DSC_0477_id17.png,RGB_JPG_Normais,RGB_JPG_Normais
C:\Users\eduar\Desktop\Soybe-main\data\com_fundo\RGB_JPG_Normais\grao_DSC_0391_id38.png,RGB_JPG_Normais,RGB_JPG_Normais
C:\Users\eduar\Desktop\Soybe-main\data\com_fundo\RGB_JPG_Normais\grao_DSC_0133_id80.png,RGB_JPG_Normais,RGB_JPG_Normais
C:\Users\eduar\Desktop\Soybe-main\data\com_fundo\RGB_JPG_Normais\grao_DSC_0610_id4.png,RGB_JPG_Normais,RGB_JPG_Normais
C:\Users\eduar\Desktop\Soybe-main\data\com_fundo\RGB_JPG_CHOCHOS\grao_DSC_0334_id91.png,RGB_JPG_CHOCHOS,RGB_JPG_CHOCHOS
C:\Users\eduar\Desktop\Soybe-main\data\com_fundo\RGB_JPG_Normais\grao_DSC_0657_id99.png,RGB_JPG_Normais,RGB_JPG_Normais
C:\Users\eduar\Desktop\Soybe-main\data\com_fundo\RGB_JPG_MAMONAS\grao_DSC_0190_id58.png,RGB_JPG_MAMONAS,RGB_JPG_MAMONAS
C:\Users\eduar\Desktop\Soybe-main\data\com_fundo\RGB_JPG_Normais\grao_DSC_0213_id9.png,RGB_JPG_Normais,RGB_JPG_Normais
C:\Users\eduar\Desktop\Soybe-main\data\com_fundo\RGB_JPG_Normais\grao_DSC_0155_id86.png,RGB_JPG_Normais,RGB_JPG_Normais
C:\Users\eduar\Desktop\Soybe-main\data\com_fundo\RGB_JPG_PURPURAS\grao_DSC_0145_id13.png,RGB_JPG_PURPURAS,RGB_JPG_PURPURAS
C:\Users\eduar\Desktop\Soybe-main\data\com_fundo\RGB_JPG_Normais\grao_DSC_0668_id53.png,RGB_JPG_Normais,RGB_JPG_Normais
C:\Users\eduar\Desktop\Soybe-main\data\com_fundo\RGB_JPG_IMPUREZAS\grao_DSC_0273_id137.png,RGB_JPG_IMPUREZAS,RGB_JPG_IMPUREZAS
C:\Users\eduar\Desktop\Soybe-main\data\com_fundo\RGB_JPG_Normais\grao_DSC_0661_id36.png,RGB_JPG_Normais,RGB_JPG_Normais
C:\Users\eduar\Desktop\Soybe-main\data\com_fundo\RGB_JPG_CHOCHOS\grao_DSC_0334_id105.png,RGB_JPG_CHOCHOS,RGB_JPG_CHOCHOS
C:\Users\eduar\Desktop\Soybe-main\data\com_fundo\RGB_JPG_Normais\grao_DSC_0369_id88.png,RGB_JPG_Normais,RGB_JPG_Normais
C:\Users\eduar\Desktop\Soybe-main\data\com_fundo\RGB_JPG_Normais\grao_DSC_0669_id4.png,RGB_JPG_Normais,RGB_JPG_Normais
C:\Users\eduar\Desktop\Soybe-main\data\com_fundo\RGB_JPG_QUEBRADOS\grao_DSC_0448_id58.png,RGB_JPG_QUEBRADOS,RGB_JPG_QUEBRADOS
C:\Users\eduar\Desktop\Soybe-main\data\com_fundo\RGB_JPG_Normais\grao_DSC_0666_id105.png,RGB_JPG_Normais,RGB_JPG_Normais
C:\Users\eduar\Desktop\Soybe-main\data\com_fundo\RGB_JPG_IMPUREZAS\grao_DSC_0017_id307.png,RGB_JPG_IMPUREZAS,RGB_JPG_IMPUREZAS
C:\Users\eduar\Desktop\Soybe-main\data\com_fundo\RGB_JPG_CHOCHOS\grao_DSC_0359_id49.png,RGB_JPG_CHOCHOS,RGB_JPG_CHOCHOS
C:\Users\eduar\Desktop\Soybe-main\data\com_fundo\RGB_JPG_Normais\grao_DSC_0620_id15.png,RGB_JPG_Normais,RGB_JPG_Normais
C:\Users\eduar\Desktop\Soybe-main\data\com_fundo\RGB_JPG_CHOCHOS\grao_DSC_0340_id57.png,RGB_JPG_CHOCHOS,RGB_JPG_CHOCHOS
C:\Users\eduar\Desktop\Soybe-main\data\com_fundo\RGB_JPG_IMPUREZAS\grao_DSC_0288_id254.png,RGB_JPG_IMPUREZAS,RGB_JPG_IMPUREZAS
C:\Users\eduar\Desktop\Soybe-main\data\com_fundo\RGB_JPG_Normais\grao_DSC_0374_id84.png,RGB_JPG_Normais,RGB_JPG_Normais
C:\Users\eduar\Desktop\Soybe-main\data\com_fundo\RGB_JPG_IMPUREZAS\grao_DSC_0244_id59.png,RGB_JPG_IMPUREZAS,RGB_JPG_IMPUREZAS
C:\Users\eduar\Desktop\Soybe-main\data\com_fundo\RGB_JPG_QUEBRADOS\grao_DSC_0432_id73.png,RGB_JPG_QUEBRADOS,RGB_JPG_QUEBRADOS
C:\Users\eduar\Desktop\Soybe-main\data\com_fundo\RGB_JPG_Normais\grao_DSC_0624_id96.png,RGB_JPG_Normais,RGB_JPG_Normais
C:\Users\eduar\Desktop\Soybe-main\data\com_fundo\RGB_JPG_Normais\grao_DSC_0517_id69.png,RGB_JPG_Normais,RGB_JPG_Normais
C:\Users\eduar\Desktop\Soybe-main\data\com_fundo\RGB_JPG_QUEBRADOS\grao_DSC_0439_id88.png,RGB_JPG_QUEBRADOS,RGB_JPG_QUEBRADOS
C:\Users\eduar\Desktop\Soybe-main\data\com_fundo\RGB_JPG_CHOCHOS\grao_DSC_0351_id36.png,RGB_JPG_CHOCHOS,RGB_JPG_CHOCHOS
C:\Users\eduar\Desktop\Soybe-main\data\com_fundo\RGB_JPG_Normais\grao_DSC_0670_id80.png,RGB_JPG_Normais,RGB_JPG_Normais
C:\Users\eduar\Desktop\Soybe-main\data\com_fundo\RGB_JPG_IMPUREZAS\grao_DSC_0286_id10.png,RGB_JPG_IMPUREZAS,RGB_JPG_IMPUREZAS
C:\Users\eduar\Desktop\Soybe-main\data\com_fundo\RGB_JPG_CHOCHOS\grao_DSC_0318_id67.png,RGB_JPG_CHOCHOS,RGB_JPG_CHOCHOS
C:\Users\eduar\Desktop\Soybe-main\data\com_fundo\RGB_JPG_CHOCHOS\grao_DSC_0359_id105.png,RGB_JPG_CHOCHOS,RGB_JPG_CHOCHOS
C:\Users\eduar\Desktop\Soybe-main\data\com_fundo\RGB_JPG_Normais\grao_DSC_0140_id75.png,RGB_JPG_Normais,RGB_JPG_Normais
C:\Users\eduar\Desktop\Soybe-main\data\com_fundo\RGB_JPG_IMPUREZAS\grao_DSC_0039_id162.png,RGB_JPG_IMPUREZAS,RGB_JPG_IMPUREZAS
C:\Users\eduar\Desktop\Soybe-main\data\com_fundo\RGB_JPG_Normais\grao_DSC_0492_id91.png,RGB_JPG_Normais,RGB_JPG_Normais
C:\Users\eduar\Desktop\Soybe-main\data\com_fundo\RGB_JPG_Normais\grao_DSC_0156_id13.png,RGB_JPG_Normais,RGB_JPG_Normais
C:\Users\eduar\Desktop\Soybe-main\data\com_fundo\RGB_JPG_Normais\grao_DSC_0513_id3.png,RGB_JPG_Normais,RGB_JPG_Normais
C:\Users\eduar\Desktop\Soybe-main\data\com_fundo\RGB_JPG_Normais\grao_DSC_0322_id12.png,RGB_JPG_Normais,RGB_JPG_CHOCHOS
C:\Users\eduar\Desktop\Soybe-main\data\com_fundo\RGB_JPG_Normais\grao_DSC_0618_id50.png,RGB_JPG_Normais,RGB_JPG_Normais
C:\Users\eduar\Desktop\Soybe-main\data\com_fundo\RGB_JPG_Normais\grao_DSC_0611_id90.png,RGB_JPG_Normais,RGB_JPG_Normais
C:\Users\eduar\Desktop\Soybe-main\data\com_fundo\RGB_JPG_IMPUREZAS\grao_DSC_0290_id249.png,RGB_JPG_IMPUREZAS,RGB_JPG_IMPUREZAS
C:\Users\eduar\Desktop\Soybe-main\data\com_fundo\RGB_JPG_CHOCHOS\grao_DSC_0330_id13.png,RGB_JPG_CHOCHOS,RGB_JPG_CHOCHOS
C:\Users\eduar\Desktop\Soybe-main\data\com_fundo\RGB_JPG_Normais\grao_DSC_0663_id16.png,RGB_JPG_Normais,RGB_JPG_Normais
C:\Users\eduar\Desktop\Soybe-main\data\com_fundo\RGB_JPG_QUEBRADOS\grao_DSC_0168_id15.png,RGB_JPG_QUEBRADOS,RGB_JPG_QUEBRADOS
C:\Users\eduar\Desktop\Soybe-main\data\com_fundo\RGB_JPG_Normais\grao_DSC_0486_id41.png,RGB_JPG_Normais,RGB_JPG_Normais
C:\Users\eduar\Desktop\Soybe-main\data\com_fundo\RGB_JPG_CHOCHOS\grao_DSC_0316_id62.png,RGB_JPG_CHOCHOS,RGB_JPG_CHOCHOS
C:\Users\eduar\Desktop\Soybe-main\data\com_fundo\RGB_JPG_IMPUREZAS\grao_DSC_0038_id224.png,RGB_JPG_IMPUREZAS,RGB_JPG_IMPUREZAS
C:\Users\eduar\Desktop\Soybe-main\data\com_fundo\RGB_JPG_IMPUREZAS\grao_DSC_0228_id167.png,RGB_JPG_IMPUREZAS,RGB_JPG_IMPUREZAS
C:\Users\eduar\Desktop\Soybe-main\data\com_fundo\RGB_JPG_CHOCHOS\grao_DSC_0326_id24.png,RGB_JPG_CHOCHOS,RGB_JPG_CHOCHOS
C:\Users\eduar\Desktop\Soybe-main\data\com_fundo\RGB_JPG_Normais\grao_DSC_0494_id84.png,RGB_JPG_Normais,RGB_JPG_Normais
C:\Users\eduar\Desktop\Soybe-main\data\com_fundo\RGB_JPG_Normais\grao_DSC_0320_id24.png,RGB_JPG_Normais,RGB_JPG_CHOCHOS
C:\Users\eduar\Desktop\Soybe-main\data\com_fundo\RGB_JPG_Normais\grao_DSC_0676_id60.png,RGB_JPG_Normais,RGB_JPG_Normais
C:\Users\eduar\Desktop\Soybe-main\data\com_fundo\RGB_JPG_Normais\grao_DSC_0652_id93.png,RGB_JPG_Normais,RGB_JPG_Normais
C:\Users\eduar\Desktop\Soybe-main\data\com_fundo\RGB_JPG_IMPUREZAS\grao_DSC_0034_id22.png,RGB_JPG_IMPUREZAS,RGB_JPG_IMPUREZAS
C:\Users\eduar\Desktop\Soybe-main\data\com_fundo\RGB_JPG_Normais\grao_DSC_0486_id24.png,RGB_JPG_Normais,RGB_JPG_Normais
C:\Users\eduar\Desktop\Soybe-main\data\com_fundo\RGB_JPG_IMPUREZAS\grao_DSC_0294_id181.png,RGB_JPG_IMPUREZAS,RGB_JPG_IMPUREZAS
C:\Users\eduar\Desktop\Soybe-main\data\com_fundo\RGB_JPG_IMPUREZAS\grao_DSC_0230_id62.png,RGB_JPG_IMPUREZAS,RGB_JPG_IMPUREZAS
C:\Users\eduar\Desktop\Soybe-main\data\com_fundo\RGB_JPG_CHOCHOS\grao_DSC_0350_id81.png,RGB_JPG_CHOCHOS,RGB_JPG_CHOCHOS
C:\Users\eduar\Desktop\Soybe-main\data\com_fundo\RGB_JPG_IMPUREZAS\grao_DSC_0265_id133.png,RGB_JPG_IMPUREZAS,RGB_JPG_IMPUREZAS
C:\Users\eduar\Desktop\Soybe-main\data\com_fundo\RGB_JPG_CHOCHOS\grao_DSC_0340_id37.png,RGB_JPG_CHOCHOS,RGB_JPG_CHOCHOS
C:\Users\eduar\Desktop\Soybe-main\data\com_fundo\RGB_JPG_IMPUREZAS\grao_DSC_0259_id131.png,RGB_JPG_IMPUREZAS,RGB_JPG_IMPUREZAS
C:\Users\eduar\Desktop\Soybe-main\data\com_fundo\RGB_JPG_IMPUREZAS\grao_DSC_0293_id316.png,RGB_JPG_IMPUREZAS,RGB_JPG_IMPUREZAS
C:\Users\eduar\Desktop\Soybe-main\data\com_fundo\RGB_JPG_QUEBRADOS\grao_DSC_0458_id91.png,RGB_JPG_QUEBRADOS,RGB_JPG_QUEBRADOS
C:\Users\eduar\Desktop\Soybe-main\data\com_fundo\RGB_JPG_Normais\grao_DSC_0513_id78.png,RGB_JPG_Normais,RGB_JPG_Normais
C:\Users\eduar\Desktop\Soybe-main\data\com_fundo\RGB_JPG_Normais\grao_DSC_0365_id5.png,RGB_JPG_Normais,RGB_JPG_Normais
C:\Users\eduar\Desktop\Soybe-main\data\com_fundo\RGB_JPG_INSETOS\grao_DSC_0164_id17.png,RGB_JPG_INSETOS,RGB_JPG_INSETOS
C:\Users\eduar\Desktop\Soybe-main\data\com_fundo\RGB_JPG_CHOCHOS\grao_DSC_0335_id43.png,RGB_JPG_CHOCHOS,RGB_JPG_CHOCHOS
C:\Users\eduar\Desktop\Soybe-main\data\com_fundo\RGB_JPG_IMPUREZAS\grao_DSC_0240_id345.png,RGB_JPG_IMPUREZAS,RGB_JPG_IMPUREZAS
C:\Users\eduar\Desktop\Soybe-main\data\com_fundo\RGB_JPG_Normais\grao_DSC_0670_id24.png,RGB_JPG_Normais,RGB_JPG_Normais
C:\Users\eduar\Desktop\Soybe-main\data\com_fundo\RGB_JPG_Normais\grao_DSC_0470_id46.png,RGB_JPG_Normais,RGB_JPG_Normais
C:\Users\eduar\Desktop\Soybe-main\data\com_fundo\RGB_JPG_Normais\grao_DSC_0520_id61.png,RGB_JPG_Normais,RGB_JPG_Normais
C:\Users\eduar\Desktop\Soybe-main\data\com_fundo\RGB_JPG_IMPUREZAS\grao_DSC_0031_id3.png,RGB_JPG_IMPUREZAS,RGB_JPG_IMPUREZAS
C:\Users\eduar\Desktop\Soybe-main\data\com_fundo\RGB_JPG_Normais\grao_DSC_0664_id87.png,RGB_JPG_Normais,RGB_JPG_Normais
C:\Users\eduar\Desktop\Soybe-main\data\com_fundo\RGB_JPG_Normais\grao_DSC_0607_id50.png,RGB_JPG_Normais,RGB_JPG_Normais
C:\Users\eduar\Desktop\Soybe-main\data\com_fundo\RGB_JPG_IMPUREZAS\grao_DSC_0027_id211.png,RGB_JPG_IMPUREZAS,RGB_JPG_IMPUREZAS
C:\Users\eduar\Desktop\Soybe-main\data\com_fundo\RGB_JPG_IMPUREZAS\grao_DSC_0230_id233.png,RGB_JPG_IMPUREZAS,RGB_JPG_IMPUREZAS
C:\Users\eduar\Desktop\Soybe-main\data\com_fundo\RGB_JPG_Normais\grao_DSC_0161_id12.png,RGB_JPG_Normais,RGB_JPG_Normais
C:\Users\eduar\Desktop\Soybe-main\data\com_fundo\RGB_JPG_Normais\grao_DSC_0509_id99.png,RGB_JPG_Normais,RGB_JPG_Normais
C:\Users\eduar\Desktop\Soybe-main\data\com_fundo\RGB_JPG_IMPUREZAS\grao_DSC_0278_id130.png,RGB_JPG_IMPUREZAS,RGB_JPG_IMPUREZAS
C:\Users\eduar\Desktop\Soybe-main\data\com_fundo\RGB_JPG_Normais\grao_DSC_0654_id49.png,RGB_JPG_Normais,RGB_JPG_Normais
C:\Users\eduar\Desktop\Soybe-main\data\com_fundo\RGB_JPG_Normais\grao_DSC_0369_id10.png,RGB_JPG_Normais,RGB_JPG_Normais
C:\Users\eduar\Desktop\Soybe-main\data\com_fundo\RGB_JPG_QUEBRADOS\grao_DSC_0169_id12.png,RGB_JPG_QUEBRADOS,RGB_JPG_QUEBRADOS
C:\Users\eduar\Desktop\Soybe-main\data\com_fundo\RGB_JPG_QUEBRADOS\grao_DSC_0441_id76.png,RGB_JPG_QUEBRADOS,RGB_JPG_QUEBRADOS
C:\Users\eduar\Desktop\Soybe-main\data\com_fundo\RGB_JPG_IMPUREZAS\grao_DSC_0269_id68.png,RGB_JPG_IMPUREZAS,RGB_JPG_IMPUREZAS
C:\Users\eduar\Desktop\Soybe-main\data\com_fundo\RGB_JPG_Normais\grao_DSC_0372_id109.png,RGB_JPG_Normais,RGB_JPG_Normais
C:\Users\eduar\Desktop\Soybe-main\data\com_fundo\RGB_JPG_Normais\grao_DSC_0624_id77.png,RGB_JPG_Normais,RGB_JPG_Normais
C:\Users\eduar\Desktop\Soybe-main\data\com_fundo\RGB_JPG_IMPUREZAS\grao_DSC_0002_id303.png,RGB_JPG_IMPUREZAS,RGB_JPG_IMPUREZAS
C:\Users\eduar\Desktop\Soybe-main\data\com_fundo\RGB_JPG_IMPUREZAS\grao_DSC_0246_id231.png,RGB_JPG_IMPUREZAS,RGB_JPG_IMPUREZAS
C:\Users\eduar\Desktop\Soybe-main\data\com_fundo\RGB_JPG_IMPUREZAS\grao_DSC_0270_id138.png,RGB_JPG_IMPUREZAS,RGB_JPG_IMPUREZAS
C:\Users\eduar\Desktop\Soybe-main\data\com_fundo\RGB_JPG_QUEBRADOS\grao_DSC_0437_id1.png,RGB_JPG_QUEBRADOS,RGB_JPG_QUEBRADOS
C:\Users\eduar\Desktop\Soybe-main\data\com_fundo\RGB_JPG_Normais\grao_DSC_0379_id73.png,RGB_JPG_Normais,RGB_JPG_Normais
C:\Users\eduar\Desktop\Soybe-main\data\com_fundo\RGB_JPG_Normais\grao_DSC_0622_id8.png,RGB_JPG_Normais,RGB_JPG_Normais
C:\Users\eduar\Desktop\Soybe-main\data\com_fundo\RGB_JPG_IMPUREZAS\grao_DSC_0004_id195.png,RGB_JPG_IMPUREZAS,RGB_JPG_IMPUREZAS
C:\Users\eduar\Desktop\Soybe-main\data\com_fundo\RGB_JPG_QUEBRADOS\grao_DSC_0455_id47.png,RGB_JPG_QUEBRADOS,RGB_JPG_QUEBRADOS
C:\Users\eduar\Desktop\Soybe-main\data\com_fundo\RGB_JPG_Normais\grao_DSC_0394_id18.png,RGB_JPG_Normais,RGB_JPG_Normais
C:\Users\eduar\Desktop\Soybe-main\data\com_fundo\RGB_JPG_IMPUREZAS\grao_DSC_0260_id148.png,RGB_JPG_IMPUREZAS,RGB_JPG_IMPUREZAS
C:\Users\eduar\Desktop\Soybe-main\data\com_fundo\RGB_JPG_IMPUREZAS\grao_DSC_0236_id158.png,RGB_JPG_IMPUREZAS,RGB_JPG_IMPUREZAS
C:\Users\eduar\Desktop\Soybe-main\data\com_fundo\RGB_JPG_IMPUREZAS\grao_DSC_0272_id159.png,RGB_JPG_IMPUREZAS,RGB_JPG_IMPUREZAS
C:\Users\eduar\Desktop\Soybe-main\data\com_fundo\RGB_JPG_IMPUREZAS\grao_DSC_0285_id73.png,RGB_JPG_IMPUREZAS,RGB_JPG_IMPUREZAS
C:\Users\eduar\Desktop\Soybe-main\data\com_fundo\RGB_JPG_Normais\grao_DSC_0492_id101.png,RGB_JPG_Normais,RGB_JPG_Normais
C:\Users\eduar\Desktop\Soybe-main\data\com_fundo\RGB_JPG_IMPUREZAS\grao_DSC_0031_id126.png,RGB_JPG_IMPUREZAS,RGB_JPG_IMPUREZAS
C:\Users\eduar\Desktop\Soybe-main\data\com_fundo\RGB_JPG_Normais\grao_DSC_0515_id42.png,RGB_JPG_Normais,RGB_JPG_Normais
C:\Users\eduar\Desktop\Soybe-main\data\com_fundo\RGB_JPG_Normais\grao_DSC_0631_id65.png,RGB_JPG_Normais,RGB_JPG_Normais
C:\Users\eduar\Desktop\Soybe-main\data\com_fundo\RGB_JPG_Normais\grao_DSC_0632_id97.png,RGB_JPG_Normais,RGB_JPG_Normais
C:\Users\eduar\Desktop\Soybe-main\data\com_fundo\RGB_JPG_Normais\grao_DSC_0477_id47.png,RGB_JPG_Normais,RGB_JPG_Normais
C:\Users\eduar\Desktop\Soybe-main\data\com_fundo\RGB_JPG_Normais\grao_DSC_0631_id9.png,RGB_JPG_Normais,RGB_JPG_Normais
C:\Users\eduar\Desktop\Soybe-main\data\com_fundo\RGB_JPG_CHOCHOS\grao_DSC_0325_id78.png,RGB_JPG_CHOCHOS,RGB_JPG_CHOCHOS
C:\Users\eduar\Desktop\Soybe-main\data\com_fundo\RGB_JPG_Normais\grao_DSC_0471_id72.png,RGB_JPG_Normais,RGB_JPG_Normais
C:\Users\eduar\Desktop\Soybe-main\data\com_fundo\RGB_JPG_QUEBRADOS\grao_DSC_0403_id3.png,RGB_JPG_QUEBRADOS,RGB_JPG_QUEBRADOS
C:\Users\eduar\Desktop\Soybe-main\data\com_fundo\RGB_JPG_Normais\grao_DSC_0143_id94.png,RGB_JPG_Normais,RGB_JPG_Normais
C:\Users\eduar\Desktop\Soybe-main\data\com_fundo\RGB_JPG_MAMONAS\grao_DSC_0188_id123.png,RGB_JPG_MAMONAS,RGB_JPG_MAMONAS
C:\Users\eduar\Desktop\Soybe-main\data\com_fundo\RGB_JPG_INSETOS\grao_DSC_0164_id34.png,RGB_JPG_INSETOS,RGB_JPG_Normais
C:\Users\eduar\Desktop\Soybe-main\data\com_fundo\RGB_JPG_Normais\grao_DSC_0494_id18.png,RGB_JPG_Normais,RGB_JPG_Normais
C:\Users\eduar\Desktop\Soybe-main\data\com_fundo\RGB_JPG_QUEBRADOS\grao_DSC_0426_id46.png,RGB_JPG_QUEBRADOS,RGB_JPG_QUEBRADOS
C:\Users\eduar\Desktop\Soybe-main\data\com_fundo\RGB_JPG_IMPUREZAS\grao_DSC_0007_id133.png,RGB_JPG_IMPUREZAS,RGB_JPG_IMPUREZAS
C:\Users\eduar\Desktop\Soybe-main\data\com_fundo\RGB_JPG_CHOCHOS\grao_DSC_0339_id102.png,RGB_JPG_CHOCHOS,RGB_JPG_CHOCHOS
C:\Users\eduar\Desktop\Soybe-main\data\com_fundo\RGB_JPG_IMPUREZAS\grao_DSC_0021_id94.png,RGB_JPG_IMPUREZAS,RGB_JPG_IMPUREZAS
C:\Users\eduar\Desktop\Soybe-main\data\com_fundo\RGB_JPG_Normais\grao_DSC_0613_id26.png,RGB_JPG_Normais,RGB_JPG_Normais
C:\Users\eduar\Desktop\Soybe-main\data\com_fundo\RGB_JPG_Normais\grao_DSC_0157_id107.png,RGB_JPG_Normais,RGB_JPG_Normais
C:\Users\eduar\Desktop\Soybe-main\data\com_fundo\RGB_JPG_Normais\grao_DSC_0498_id25.png,RGB_JPG_Normais,RGB_JPG_Normais
C:\Users\eduar\Desktop\Soybe-main\data\com_fundo\RGB_JPG_Normais\grao_DSC_0155_id77.png,RGB_JPG_Normais,RGB_JPG_Normais
C:\Users\eduar\Desktop\Soybe-main\data\com_fundo\RGB_JPG_Normais\grao_DSC_0640_id22.png,RGB_JPG_Normais,RGB_JPG_Normais
C:\Users\eduar\Desktop\Soybe-main\data\com_fundo\RGB_JPG_QUEBRADOS\grao_DSC_0172_id20.png,RGB_JPG_QUEBRADOS,RGB_JPG_QUEBRADOS
C:\Users\eduar\Desktop\Soybe-main\data\com_fundo\RGB_JPG_Normais\grao_DSC_0638_id12.png,RGB_JPG_Normais,RGB_JPG_Normais
C:\Users\eduar\Desktop\Soybe-main\data\com_fundo\RGB_JPG_CHOCHOS\grao_DSC_0335_id8.png,RGB_JPG_CHOCHOS,RGB_JPG_CHOCHOS
C:\Users\eduar\Desktop\Soybe-main\data\com_fundo\RGB_JPG_Normais\grao_DSC_0150_id65.png,RGB_JPG_Normais,RGB_JPG_Normais
C:\Users\eduar\Desktop\Soybe-main\data\com_fundo\RGB_JPG_Normais\grao_DSC_0471_id80.png,RGB_JPG_Normais,RGB_JPG_Normais
C:\Users\eduar\Desktop\Soybe-main\data\com_fundo\RGB_JPG_QUEBRADOS\grao_DSC_0441_id44.png,RGB_JPG_QUEBRADOS,RGB_JPG_QUEBRADOS
C:\Users\eduar\Desktop\Soybe-main\data\com_fundo\RGB_JPG_Normais\grao_DSC_0495_id3.png,RGB_JPG_Normais,RGB_JPG_Normais
C:\Users\eduar\Desktop\Soybe-main\data\com_fundo\RGB_JPG_Normais\grao_DSC_0484_id53.png,RGB_JPG_Normais,RGB_JPG_Normais
C:\Users\eduar\Desktop\Soybe-main\data\com_fundo\RGB_JPG_IMPUREZAS\grao_DSC_0028_id208.png,RGB_JPG_IMPUREZAS,RGB_JPG_IMPUREZAS
C:\Users\eduar\Desktop\Soybe-main\data\com_fundo\RGB_JPG_IMPUREZAS\grao_DSC_0018_id125.png,RGB_JPG_IMPUREZAS,RGB_JPG_IMPUREZAS
C:\Users\eduar\Desktop\Soybe-main\data\com_fundo\RGB_JPG_Normais\grao_DSC_0320_id20.png,RGB_JPG_Normais,RGB_JPG_CHOCHOS
C:\Users\eduar\Desktop\Soybe-main\data\com_fundo\RGB_JPG_Normais\grao_DSC_0655_id92.png,RGB_JPG_Normais,RGB_JPG_Normais
C:\Users\eduar\Desktop\Soybe-main\data\com_fundo\RGB_JPG_MAMONAS\grao_DSC_0189_id149.png,RGB_JPG_MAMONAS,RGB_JPG_MAMONAS
C:\Users\eduar\Desktop\Soybe-main\data\com_fundo\RGB_JPG_QUEBRADOS\grao_DSC_0406_id26.png,RGB_JPG_QUEBRADOS,RGB_JPG_QUEBRADOS
C:\Users\eduar\Desktop\Soybe-main\data\com_fundo\RGB_JPG_IMPUREZAS\grao_DSC_0007_id195.png,RGB_JPG_IMPUREZAS,RGB_JPG_IMPUREZAS
C:\Users\eduar\Desktop\Soybe-main\data\com_fundo\RGB_JPG_CHOCHOS\grao_DSC_0320_id96.png,RGB_JPG_CHOCHOS,RGB_JPG_Normais
C:\Users\eduar\Desktop\Soybe-main\data\com_fundo\RGB_JPG_IMPUREZAS\grao_DSC_0236_id88.png,RGB_JPG_IMPUREZAS,RGB_JPG_IMPUREZAS
C:\Users\eduar\Desktop\Soybe-main\data\com_fundo\RGB_JPG_IMPUREZAS\grao_DSC_0277_id1.png,RGB_JPG_IMPUREZAS,RGB_JPG_IMPUREZAS
C:\Users\eduar\Desktop\Soybe-main\data\com_fundo\RGB_JPG_IMPUREZAS\grao_DSC_0240_id132.png,RGB_JPG_IMPUREZAS,RGB_JPG_IMPUREZAS
C:\Users\eduar\Desktop\Soybe-main\data\com_fundo\RGB_JPG_Normais\grao_DSC_0666_id96.png,RGB_JPG_Normais,RGB_JPG_Normais
C:\Users\eduar\Desktop\Soybe-main\data\com_fundo\RGB_JPG_Normais\grao_DSC_0140_id63.png,RGB_JPG_Normais,RGB_JPG_Normais
C:\Users\eduar\Desktop\Soybe-main\data\com_fundo\RGB_JPG_Normais\grao_DSC_0486_id34.png,RGB_JPG_Normais,RGB_JPG_Normais
C:\Users\eduar\Desktop\Soybe-main\data\com_fundo\RGB_JPG_Normais\grao_DSC_0381_id78.png,RGB_JPG_Normais,RGB_JPG_Normais
C:\Users\eduar\Desktop\Soybe-main\data\com_fundo\RGB_JPG_QUEBRADOS\grao_DSC_0405_id17.png,RGB_JPG_QUEBRADOS,RGB_JPG_QUEBRADOS
C:\Users\eduar\Desktop\Soybe-main\data\com_fundo\RGB_JPG_Normais\grao_DSC_0633_id92.png,RGB_JPG_Normais,RGB_JPG_Normais
C:\Users\eduar\Desktop\Soybe-main\data\com_fundo\RGB_JPG_IMPUREZAS\grao_DSC_0006_id66.png,RGB_JPG_IMPUREZAS,RGB_JPG_IMPUREZAS
C:\Users\eduar\Desktop\Soybe-main\data\com_fundo\RGB_JPG_Normais\grao_DSC_0515_id64.png,RGB_JPG_Normais,RGB_JPG_Normais
C:\Users\eduar\Desktop\Soybe-main\data\com_fundo\RGB_JPG_Normais\grao_DSC_0649_id2.png,RGB_JPG_Normais,RGB_JPG_Normais
C:\Users\eduar\Desktop\Soybe-main\data\com_fundo\RGB_JPG_CHOCHOS\grao_DSC_0345_id44.png,RGB_JPG_CHOCHOS,RGB_JPG_CHOCHOS
C:\Users\eduar\Desktop\Soybe-main\data\com_fundo\RGB_JPG_Normais\grao_DSC_0323_id106.png,RGB_JPG_Normais,RGB_JPG_CHOCHOS
C:\Users\eduar\Desktop\Soybe-main\data\com_fundo\RGB_JPG_Normais\grao_DSC_0637_id4.png,RGB_JPG_Normais,RGB_JPG_Normais
C:\Users\eduar\Desktop\Soybe-main\data\com_fundo\RGB_JPG_IMPUREZAS\grao_DSC_0272_id18.png,RGB_JPG_IMPUREZAS,RGB_JPG_IMPUREZAS
C:\Users\eduar\Desktop\Soybe-main\data\com_fundo\RGB_JPG_ESVERDEADO\grao_DSC_0309_id60.png,RGB_JPG_ESVERDEADO,RGB_JPG_ESVERDEADO
C:\Users\eduar\Desktop\Soybe-main\data\com_fundo\RGB_JPG_QUEBRADOS\grao_DSC_0432_id26.png,RGB_JPG_QUEBRADOS,RGB_JPG_QUEBRADOS
C:\Users\eduar\Desktop\Soybe-main\data\com_fundo\RGB_JPG_Normais\grao_DSC_0390_id35.png,RGB_JPG_Normais,RGB_JPG_Normais
C:\Users\eduar\Desktop\Soybe-main\data\com_fundo\RGB_JPG_Normais\grao_DSC_0155_id41.png,RGB_JPG_Normais,RGB_JPG_Normais
C:\Users\eduar\Desktop\Soybe-main\data\com_fundo\RGB_JPG_Normais\grao_DSC_0617_id33.png,RGB_JPG_Normais,RGB_JPG_Normais
C:\Users\eduar\Desktop\Soybe-main\data\com_fundo\RGB_JPG_Normais\grao_DSC_0672_id90.png,RGB_JPG_Normais,RGB_JPG_Normais
C:\Users\eduar\Desktop\Soybe-main\data\com_fundo\RGB_JPG_Normais\grao_DSC_0135_id43.png,RGB_JPG_Normais,RGB_JPG_Normais
C:\Users\eduar\Desktop\Soybe-main\data\com_fundo\RGB_JPG_IMPUREZAS\grao_DSC_0242_id231.png,RGB_JPG_IMPUREZAS,RGB_JPG_IMPUREZAS
C:\Users\eduar\Desktop\Soybe-main\data\com_fundo\RGB_JPG_Normais\grao_DSC_0217_id18.png,RGB_JPG_Normais,RGB_JPG_Normais
C:\Users\eduar\Desktop\Soybe-main\data\com_fundo\RGB_JPG_IMPUREZAS\grao_DSC_0272_id132.png,RGB_JPG_IMPUREZAS,RGB_JPG_IMPUREZAS
C:\Users\eduar\Desktop\Soybe-main\data\com_fundo\RGB_JPG_Normais\grao_DSC_0218_id39.png,RGB_JPG_Normais,RGB_JPG_Normais
C:\Users\eduar\Desktop\Soybe-main\data\com_fundo\RGB_JPG_IMPUREZAS\grao_DSC_0282_id43.png,RGB_JPG_IMPUREZAS,RGB_JPG_IMPUREZAS
C:\Users\eduar\Desktop\Soybe-main\data\com_fundo\RGB_JPG_Normais\grao_DSC_0322_id85.png,RGB_JPG_Normais,RGB_JPG_CHOCHOS
C:\Users\eduar\Desktop\Soybe-main\data\com_fundo\RGB_JPG_Normais\grao_DSC_0134_id15.png,RGB_JPG_Normais,RGB_JPG_Normais
C:\Users\eduar\Desktop\Soybe-main\data\com_fundo\RGB_JPG_Normais\grao_DSC_0320_id53.png,RGB_JPG_Normais,RGB_JPG_CHOCHOS
C:\Users\eduar\Desktop\Soybe-main\data\com_fundo\RGB_JPG_IMPUREZAS\grao_DSC_0024_id44.png,RGB_JPG_IMPUREZAS,RGB_JPG_IMPUREZAS
C:\Users\eduar\Desktop\Soybe-main\data\com_fundo\RGB_JPG_Normais\grao_DSC_0477_id108.png,RGB_JPG_Normais,RGB_JPG_Normais
C:\Users\eduar\Desktop\Soybe-main\data\com_fundo\RGB_JPG_IMPUREZAS\grao_DSC_0035_id26.png,RGB_JPG_IMPUREZAS,RGB_JPG_IMPUREZAS
C:\Users\eduar\Desktop\Soybe-main\data\com_fundo\RGB_JPG_CHOCHOS\grao_DSC_0342_id1.png,RGB_JPG_CHOCHOS,RGB_JPG_CHOCHOS
C:\Users\eduar\Desktop\Soybe-main\data\com_fundo\RGB_JPG_Normais\grao_DSC_0365_id116.png,RGB_JPG_Normais,RGB_JPG_Normais
C:\Users\eduar\Desktop\Soybe-main\data\com_fundo\RGB_JPG_IMPUREZAS\grao_DSC_0290_id240.png,RGB_JPG_IMPUREZAS,RGB_JPG_IMPUREZAS
C:\Users\eduar\Desktop\Soybe-main\data\com_fundo\RGB_JPG_Normais\grao_DSC_0321_id23.png,RGB_JPG_Normais,RGB_JPG_CHOCHOS
C:\Users\eduar\Desktop\Soybe-main\data\com_fundo\RGB_JPG_ESVERDEADO\grao_DSC_0312_id32.png,RGB_JPG_ESVERDEADO,RGB_JPG_ESVERDEADO
C:\Users\eduar\Desktop\Soybe-main\data\com_fundo\RGB_JPG_Normais\grao_DSC_0369_id82.png,RGB_JPG_Normais,RGB_JPG_Normais
C:\Users\eduar\Desktop\Soybe-main\data\com_fundo\RGB_JPG_CHOCHOS\grao_DSC_0328_id52.png,RGB_JPG_CHOCHOS,RGB_JPG_CHOCHOS
C:\Users\eduar\Desktop\Soybe-main\data\com_fundo\RGB_JPG_Normais\grao_DSC_0668_id48.png,RGB_JPG_Normais,RGB_JPG_Normais
C:\Users\eduar\Desktop\Soybe-main\data\com_fundo\RGB_JPG_CHOCHOS\grao_DSC_0339_id19.png,RGB_JPG_CHOCHOS,RGB_JPG_CHOCHOS
C:\Users\eduar\Desktop\Soybe-main\data\com_fundo\RGB_JPG_CHOCHOS\grao_DSC_0360_id10.png,RGB_JPG_CHOCHOS,RGB_JPG_CHOCHOS
C:\Users\eduar\Desktop\Soybe-main\data\com_fundo\RGB_JPG_Normais\grao_DSC_0389_id49.png,RGB_JPG_Normais,RGB_JPG_Normais
C:\Users\eduar\Desktop\Soybe-main\data\com_fundo\RGB_JPG_Normais\grao_DSC_0371_id84.png,RGB_JPG_Normais,RGB_JPG_Normais
C:\Users\eduar\Desktop\Soybe-main\data\com_fundo\RGB_JPG_Normais\grao_DSC_0622_id92.png,RGB_JPG_Normais,RGB_JPG_Normais
C:\Users\eduar\Desktop\Soybe-main\data\com_fundo\RGB_JPG_IMPUREZAS\grao_DSC_0254_id105.png,RGB_JPG_IMPUREZAS,RGB_JPG_IMPUREZAS
C:\Users\eduar\Desktop\Soybe-main\data\com_fundo\RGB_JPG_CHOCHOS\grao_DSC_0318_id57.png,RGB_JPG_CHOCHOS,RGB_JPG_CHOCHOS
C:\Users\eduar\Desktop\Soybe-main\data\com_fundo\RGB_JPG_Normais\grao_DSC_0153_id22.png,RGB_JPG_Normais,RGB_JPG_Normais
C:\Users\eduar\Desktop\Soybe-main\data\com_fundo\RGB_JPG_CHOCHOS\grao_DSC_0349_id41.png,RGB_JPG_CHOCHOS,RGB_JPG_CHOCHOS
C:\Users\eduar\Desktop\Soybe-main\data\com_fundo\RGB_JPG_INSETOS\grao_DSC_0164_id109.png,RGB_JPG_INSETOS,RGB_JPG_INSETOS
C:\Users\eduar\Desktop\Soybe-main\data\com_fundo\RGB_JPG_Normais\grao_DSC_0609_id61.png,RGB_JPG_Normais,RGB_JPG_Normais
C:\Users\eduar\Desktop\Soybe-main\data\com_fundo\RGB_JPG_IMPUREZAS\grao_DSC_0032_id43.png,RGB_JPG_IMPUREZAS,RGB_JPG_IMPUREZAS
C:\Users\eduar\Desktop\Soybe-main\data\com_fundo\RGB_JPG_IMPUREZAS\grao_DSC_0022_id134.png,RGB_JPG_IMPUREZAS,RGB_JPG_IMPUREZAS
C:\Users\eduar\Desktop\Soybe-main\data\com_fundo\RGB_JPG_IMPUREZAS\grao_DSC_0025_id192.png,RGB_JPG_IMPUREZAS,RGB_JPG_IMPUREZAS
C:\Users\eduar\Desktop\Soybe-main\data\com_fundo\RGB_JPG_CHOCHOS\grao_DSC_0348_id102.png,RGB_JPG_CHOCHOS,RGB_JPG_CHOCHOS
C:\Users\eduar\Desktop\Soybe-main\data\com_fundo\RGB_JPG_Normais\grao_DSC_0375_id64.png,RGB_JPG_Normais,RGB_JPG_Normais
C:\Users\eduar\Desktop\Soybe-main\data\com_fundo\RGB_JPG_IMPUREZAS\grao_DSC_0228_id281.png,RGB_JPG_IMPUREZAS,RGB_JPG_IMPUREZAS
C:\Users\eduar\Desktop\Soybe-main\data\com_fundo\RGB_JPG_QUEBRADOS\grao_DSC_0434_id66.png,RGB_JPG_QUEBRADOS,RGB_JPG_QUEBRADOS
C:\Users\eduar\Desktop\Soybe-main\data\com_fundo\RGB_JPG_Normais\grao_DSC_0633_id14.png,RGB_JPG_Normais,RGB_JPG_Normais
C:\Users\eduar\Desktop\Soybe-main\data\com_fundo\RGB_JPG_CHOCHOS\grao_DSC_0331_id122.png,RGB_JPG_CHOCHOS,RGB_JPG_CHOCHOS
C:\Users\eduar\Desktop\Soybe-main\data\com_fundo\RGB_JPG_IMPUREZAS\grao_DSC_0239_id119.png,RGB_JPG_IMPUREZAS,RGB_JPG_IMPUREZAS
C:\Users\eduar\Desktop\Soybe-main\data\com_fundo\RGB_JPG_QUEBRADOS\grao_DSC_0401_id10.png,RGB_JPG_QUEBRADOS,RGB_JPG_QUEBRADOS
C:\Users\eduar\Desktop\Soybe-main\data\com_fundo\RGB_JPG_Normais\grao_DSC_0153_id67.png,RGB_JPG_Normais,RGB_JPG_Normais
C:\Users\eduar\Desktop\Soybe-main\data\com_fundo\RGB_JPG_Normais\grao_DSC_0501_id19.png,RGB_JPG_Normais,RGB_JPG_Normais
C:\Users\eduar\Desktop\Soybe-main\data\com_fundo\RGB_JPG_IMPUREZAS\grao_DSC_0254_id91.png,RGB_JPG_IMPUREZAS,RGB_JPG_IMPUREZAS
C:\Users\eduar\Desktop\Soybe-main\data\com_fundo\RGB_JPG_IMPUREZAS\grao_DSC_0278_id36.png,RGB_JPG_IMPUREZAS,RGB_JPG_IMPUREZAS
C:\Users\eduar\Desktop\Soybe-main\data\com_fundo\RGB_JPG_Normais\grao_DSC_0469_id68.png,RGB_JPG_Normais,RGB_JPG_Normais
C:\Users\eduar\Desktop\Soybe-main\data\com_fundo\RGB_JPG_Normais\grao_DSC_0672_id55.png,RGB_JPG_Normais,RGB_JPG_Normais
C:\Users\eduar\Desktop\Soybe-main\data\com_fundo\RGB_JPG_Normais\grao_DSC_0161_id41.png,RGB_JPG_Normais,RGB_JPG_Normais
C:\Users\eduar\Desktop\Soybe-main\data\com_fundo\RGB_JPG_Normais\grao_DSC_0666_id36.png,RGB_JPG_Normais,RGB_JPG_Normais
C:\Users\eduar\Desktop\Soybe-main\data\com_fundo\RGB_JPG_QUEBRADOS\grao_DSC_0443_id25.png,RGB_JPG_QUEBRADOS,RGB_JPG_QUEBRADOS
C:\Users\eduar\Desktop\Soybe-main\data\com_fundo\RGB_JPG_IMPUREZAS\grao_DSC_0252_id199.png,RGB_JPG_IMPUREZAS,RGB_JPG_IMPUREZAS
C:\Users\eduar\Desktop\Soybe-main\data\com_fundo\RGB_JPG_Normais\grao_DSC_0385_id70.png,RGB_JPG_Normais,RGB_JPG_Normais
C:\Users\eduar\Desktop\Soybe-main\data\com_fundo\RGB_JPG_Normais\grao_DSC_0651_id66.png,RGB_JPG_Normais,RGB_JPG_Normais
C:\Users\eduar\Desktop\Soybe-main\data\com_fundo\RGB_JPG_IMPUREZAS\grao_DSC_0247_id211.png,RGB_JPG_IMPUREZAS,RGB_JPG_IMPUREZAS
C:\Users\eduar\Desktop\Soybe-main\data\com_fundo\RGB_JPG_Normais\grao_DSC_0468_id16.png,RGB_JPG_Normais,RGB_JPG_Normais
C:\Users\eduar\Desktop\Soybe-main\data\com_fundo\RGB_JPG_QUEBRADOS\grao_DSC_0431_id6.png,RGB_JPG_QUEBRADOS,RGB_JPG_QUEBRADOS
C:\Users\eduar\Desktop\Soybe-main\data\com_fundo\RGB_JPG_QUEBRADOS\grao_DSC_0445_id45.png,RGB_JPG_QUEBRADOS,RGB_JPG_QUEBRADOS
C:\Users\eduar\Desktop\Soybe-main\data\com_fundo\RGB_JPG_CHOCHOS\grao_DSC_0325_id84.png,RGB_JPG_CHOCHOS,RGB_JPG_CHOCHOS
C:\Users\eduar\Desktop\Soybe-main\data\com_fundo\RGB_JPG_QUEBRADOS\grao_DSC_0451_id24.png,RGB_JPG_QUEBRADOS,RGB_JPG_QUEBRADOS
C:\Users\eduar\Desktop\Soybe-main\data\com_fundo\RGB_JPG_IMPUREZAS\grao_DSC_0294_id30.png,RGB_JPG_IMPUREZAS,RGB_JPG_IMPUREZAS
C:\Users\eduar\Desktop\Soybe-main\data\com_fundo\RGB_JPG_QUEBRADOS\grao_DSC_0172_id116.png,RGB_JPG_QUEBRADOS,RGB_JPG_QUEBRADOS
C:\Users\eduar\Desktop\Soybe-main\data\com_fundo\RGB_JPG_Normais\grao_DSC_0322_id51.png,RGB_JPG_Normais,RGB_JPG_CHOCHOS
C:\Users\eduar\Desktop\Soybe-main\data\com_fundo\RGB_JPG_IMPUREZAS\grao_DSC_0018_id5.png,RGB_JPG_IMPUREZAS,RGB_JPG_IMPUREZAS
C:\Users\eduar\Desktop\Soybe-main\data\com_fundo\RGB_JPG_QUEBRADOS\grao_DSC_0445_id34.png,RGB_JPG_QUEBRADOS,RGB_JPG_QUEBRADOS
C:\Users\eduar\Desktop\Soybe-main\data\com_fundo\RGB_JPG_ESVERDEADO\grao_DSC_0312_id2.png,RGB_JPG_ESVERDEADO,RGB_JPG_ESVERDEADO
C:\Users\eduar\Desktop\Soybe-main\data\com_fundo\RGB_JPG_Normais\grao_DSC_0616_id97.png,RGB_JPG_Normais,RGB_JPG_Normais
C:\Users\eduar\Desktop\Soybe-main\data\com_fundo\RGB_JPG_IMPUREZAS\grao_DSC_0025_id330.png,RGB_JPG_IMPUREZAS,RGB_JPG_IMPUREZAS
C:\Users\eduar\Desktop\Soybe-main\data\com_fundo\RGB_JPG_IMPUREZAS\grao_DSC_0240_id191.png,RGB_JPG_IMPUREZAS,RGB_JPG_IMPUREZAS
C:\Users\eduar\Desktop\Soybe-main\data\com_fundo\RGB_JPG_PURPURAS\grao_DSC_0046_id18.png,RGB_JPG_PURPURAS,RGB_JPG_PURPURAS
C:\Users\eduar\Desktop\Soybe-main\data\com_fundo\RGB_JPG_Normais\grao_DSC_0394_id1.png,RGB_JPG_Normais,RGB_JPG_QUEBRADOS
C:\Users\eduar\Desktop\Soybe-main\data\com_fundo\RGB_JPG_IMPUREZAS\grao_DSC_0026_id39.png,RGB_JPG_IMPUREZAS,RGB_JPG_IMPUREZAS
C:\Users\eduar\Desktop\Soybe-main\data\com_fundo\RGB_JPG_IMPUREZAS\grao_DSC_0296_id196.png,RGB_JPG_IMPUREZAS,RGB_JPG_IMPUREZAS
C:\Users\eduar\Desktop\Soybe-main\data\com_fundo\RGB_JPG_QUEBRADOS\grao_DSC_0170_id52.png,RGB_JPG_QUEBRADOS,RGB_JPG_QUEBRADOS
C:\Users\eduar\Desktop\Soybe-main\data\com_fundo\RGB_JPG_Normais\grao_DSC_0622_id12.png,RGB_JPG_Normais,RGB_JPG_Normais
C:\Users\eduar\Desktop\Soybe-main\data\com_fundo\RGB_JPG_Normais\grao_DSC_0141_id7.png,RGB_JPG_Normais,RGB_JPG_Normais
C:\Users\eduar\Desktop\Soybe-main\data\com_fundo\RGB_JPG_CHOCHOS\grao_DSC_0349_id79.png,RGB_JPG_CHOCHOS,RGB_JPG_CHOCHOS
C:\Users\eduar\Desktop\Soybe-main\data\com_fundo\RGB_JPG_IMPUREZAS\grao_DSC_0038_id2.png,RGB_JPG_IMPUREZAS,RGB_JPG_IMPUREZAS
C:\Users\eduar\Desktop\Soybe-main\data\com_fundo\RGB_JPG_QUEBRADOS\grao_DSC_0401_id22.png,RGB_JPG_QUEBRADOS,RGB_JPG_QUEBRADOS
C:\Users\eduar\Desktop\Soybe-main\data\com_fundo\RGB_JPG_Normais\grao_DSC_0213_id55.png,RGB_JPG_Normais,RGB_JPG_CHOCHOS
C:\Users\eduar\Desktop\Soybe-main\data\com_fundo\RGB_JPG_Normais\grao_DSC_0488_id60.png,RGB_JPG_Normais,RGB_JPG_Normais
C:\Users\eduar\Desktop\Soybe-main\data\com_fundo\RGB_JPG_Normais\grao_DSC_0158_id88.png,RGB_JPG_Normais,RGB_JPG_Normais
C:\Users\eduar\Desktop\Soybe-main\data\com_fundo\RGB_JPG_CHOCHOS\grao_DSC_0334_id7.png,RGB_JPG_CHOCHOS,RGB_JPG_CHOCHOS
C:\Users\eduar\Desktop\Soybe-main\data\com_fundo\RGB_JPG_QUEBRADOS\grao_DSC_0439_id33.png,RGB_JPG_QUEBRADOS,RGB_JPG_QUEBRADOS
C:\Users\eduar\Desktop\Soybe-main\data\com_fundo\RGB_JPG_MAMONAS\grao_DSC_0185_id29.png,RGB_JPG_MAMONAS,RGB_JPG_MAMONAS
C:\Users\eduar\Desktop\Soybe-main\data\com_fundo\RGB_JPG_Normais\grao_DSC_0387_id78.png,RGB_JPG_Normais,RGB_JPG_Normais
C:\Users\eduar\Desktop\Soybe-main\data\com_fundo\RGB_JPG_Normais\grao_DSC_0495_id5.png,RGB_JPG_Normais,RGB_JPG_Normais
C:\Users\eduar\Desktop\Soybe-main\data\com_fundo\RGB_JPG_Normais\grao_DSC_0656_id70.png,RGB_JPG_Normais,RGB_JPG_Normais
C:\Users\eduar\Desktop\Soybe-main\data\com_fundo\RGB_JPG_QUEBRADOS\grao_DSC_0420_id60.png,RGB_JPG_QUEBRADOS,RGB_JPG_QUEBRADOS
C:\Users\eduar\Desktop\Soybe-main\data\com_fundo\RGB_JPG_IMPUREZAS\grao_DSC_0242_id77.png,RGB_JPG_IMPUREZAS,RGB_JPG_IMPUREZAS
C:\Users\eduar\Desktop\Soybe-main\data\com_fundo\RGB_JPG_IMPUREZAS\grao_DSC_0034_id23.png,RGB_JPG_IMPUREZAS,RGB_JPG_IMPUREZAS
C:\Users\eduar\Desktop\Soybe-main\data\com_fundo\RGB_JPG_IMPUREZAS\grao_DSC_0238_id136.png,RGB_JPG_IMPUREZAS,RGB_JPG_IMPUREZAS
C:\Users\eduar\Desktop\Soybe-main\data\com_fundo\RGB_JPG_Normais\grao_DSC_0475_id33.png,RGB_JPG_Normais,RGB_JPG_Normais
C:\Users\eduar\Desktop\Soybe-main\data\com_fundo\RGB_JPG_Normais\grao_DSC_0392_id69.png,RGB_JPG_Normais,RGB_JPG_Normais
C:\Users\eduar\Desktop\Soybe-main\data\com_fundo\RGB_JPG_Normais\grao_DSC_0373_id33.png,RGB_JPG_Normais,RGB_JPG_Normais
C:\Users\eduar\Desktop\Soybe-main\data\com_fundo\RGB_JPG_QUEBRADOS\grao_DSC_0414_id21.png,RGB_JPG_QUEBRADOS,RGB_JPG_QUEBRADOS
C:\Users\eduar\Desktop\Soybe-main\data\com_fundo\RGB_JPG_IMPUREZAS\grao_DSC_0018_id57.png,RGB_JPG_IMPUREZAS,RGB_JPG_IMPUREZAS
C:\Users\eduar\Desktop\Soybe-main\data\com_fundo\RGB_JPG_IMPUREZAS\grao_DSC_0021_id167.png,RGB_JPG_IMPUREZAS,RGB_JPG_IMPUREZAS
C:\Users\eduar\Desktop\Soybe-main\data\com_fundo\RGB_JPG_IMPUREZAS\grao_DSC_0241_id39.png,RGB_JPG_IMPUREZAS,RGB_JPG_IMPUREZAS
C:\Users\eduar\Desktop\Soybe-main\data\com_fundo\RGB_JPG_Normais\grao_DSC_0513_id36.png,RGB_JPG_Normais,RGB_JPG_Normais
C:\Users\eduar\Desktop\Soybe-main\data\com_fundo\RGB_JPG_INSETOS\grao_DSC_0163_id9.png,RGB_JPG_INSETOS,RGB_JPG_INSETOS
C:\Users\eduar\Desktop\Soybe-main\data\com_fundo\RGB_JPG_IMPUREZAS\grao_DSC_0229_id222.png,RGB_JPG_IMPUREZAS,RGB_JPG_IMPUREZAS
C:\Users\eduar\Desktop\Soybe-main\data\com_fundo\RGB_JPG_Normais\grao_DSC_0478_id3.png,RGB_JPG_Normais,RGB_JPG_Normais
C:\Users\eduar\Desktop\Soybe-main\data\com_fundo\RGB_JPG_Normais\grao_DSC_0509_id22.png,RGB_JPG_Normais,RGB_JPG_Normais
C:\Users\eduar\Desktop\Soybe-main\data\com_fundo\RGB_JPG_Normais\grao_DSC_0506_id49.png,RGB_JPG_Normais,RGB_JPG_Normais
C:\Users\eduar\Desktop\Soybe-main\data\com_fundo\RGB_JPG_QUEBRADOS\grao_DSC_0417_id86.png,RGB_JPG_QUEBRADOS,RGB_JPG_QUEBRADOS
C:\Users\eduar\Desktop\Soybe-main\data\com_fundo\RGB_JPG_IMPUREZAS\grao_DSC_0281_id44.png,RGB_JPG_IMPUREZAS,RGB_JPG_IMPUREZAS
C:\Users\eduar\Desktop\Soybe-main\data\com_fundo\RGB_JPG_PURPURAS\grao_DSC_0047_id13.png,RGB_JPG_PURPURAS,RGB_JPG_PURPURAS
C:\Users\eduar\Desktop\Soybe-main\data\com_fundo\RGB_JPG_Normais\grao_DSC_0517_id98.png,RGB_JPG_Normais,RGB_JPG_Normais
C:\Users\eduar\Desktop\Soybe-main\data\com_fundo\RGB_JPG_IMPUREZAS\grao_DSC_0274_id52.png,RGB_JPG_IMPUREZAS,RGB_JPG_IMPUREZAS
C:\Users\eduar\Desktop\Soybe-main\data\com_fundo\RGB_JPG_Normais\grao_DSC_0654_id84.png,RGB_JPG_Normais,RGB_JPG_Normais
C:\Users\eduar\Desktop\Soybe-main\data\com_fundo\RGB_JPG_Normais\grao_DSC_0677_id68.png,RGB_JPG_Normais,RGB_JPG_Normais
C:\Users\eduar\Desktop\Soybe-main\data\com_fundo\RGB_JPG_Normais\grao_DSC_0507_id21.png,RGB_JPG_Normais,RGB_JPG_QUEBRADOS
C:\Users\eduar\Desktop\Soybe-main\data\com_fundo\RGB_JPG_IMPUREZAS\grao_DSC_0024_id120.png,RGB_JPG_IMPUREZAS,RGB_JPG_IMPUREZAS
C:\Users\eduar\Desktop\Soybe-main\data\com_fundo\RGB_JPG_QUEBRADOS\grao_DSC_0422_id84.png,RGB_JPG_QUEBRADOS,RGB_JPG_QUEBRADOS
C:\Users\eduar\Desktop\Soybe-main\data\com_fundo\RGB_JPG_Normais\grao_DSC_0136_id21.png,RGB_JPG_Normais,RGB_JPG_Normais
C:\Users\eduar\Desktop\Soybe-main\data\com_fundo\RGB_JPG_QUEBRADOS\grao_DSC_0440_id95.png,RGB_JPG_QUEBRADOS,RGB_JPG_QUEBRADOS
C:\Users\eduar\Desktop\Soybe-main\data\com_fundo\RGB_JPG_Normais\grao_DSC_0498_id65.png,RGB_JPG_Normais,RGB_JPG_Normais
C:\Users\eduar\Desktop\Soybe-main\data\com_fundo\RGB_JPG_QUEBRADOS\grao_DSC_0418_id81.png,RGB_JPG_QUEBRADOS,RGB_JPG_QUEBRADOS
C:\Users\eduar\Desktop\Soybe-main\data\com_fundo\RGB_JPG_IMPUREZAS\grao_DSC_0232_id15.png,RGB_JPG_IMPUREZAS,RGB_JPG_IMPUREZAS
C:\Users\eduar\Desktop\Soybe-main\data\com_fundo\RGB_JPG_CHOCHOS\grao_DSC_0339_id68.png,RGB_JPG_CHOCHOS,RGB_JPG_CHOCHOS
C:\Users\eduar\Desktop\Soybe-main\data\com_fundo\RGB_JPG_QUEBRADOS\grao_DSC_0424_id5.png,RGB_JPG_QUEBRADOS,RGB_JPG_QUEBRADOS
C:\Users\eduar\Desktop\Soybe-main\data\com_fundo\RGB_JPG_IMPUREZAS\grao_DSC_0292_id223.png,RGB_JPG_IMPUREZAS,RGB_JPG_IMPUREZAS
C:\Users\eduar\Desktop\Soybe-main\data\com_fundo\RGB_JPG_QUEBRADOS\grao_DSC_0173_id12.png,RGB_JPG_QUEBRADOS,RGB_JPG_QUEBRADOS
C:\Users\eduar\Desktop\Soybe-main\data\com_fundo\RGB_JPG_CHOCHOS\grao_DSC_0319_id21.png,RGB_JPG_CHOCHOS,RGB_JPG_CHOCHOS
C:\Users\eduar\Desktop\Soybe-main\data\com_fundo\RGB_JPG_CHOCHOS\grao_DSC_0322_id61.png,RGB_JPG_CHOCHOS,RGB_JPG_Normais
C:\Users\eduar\Desktop\Soybe-main\data\com_fundo\RGB_JPG_IMPUREZAS\grao_DSC_0041_id45.png,RGB_JPG_IMPUREZAS,RGB_JPG_IMPUREZAS
C:\Users\eduar\Desktop\Soybe-main\data\com_fundo\RGB_JPG_Normais\grao_DSC_0639_id94.png,RGB_JPG_Normais,RGB_JPG_Normais
C:\Users\eduar\Desktop\Soybe-main\data\com_fundo\RGB_JPG_QUEBRADOS\grao_DSC_0431_id49.png,RGB_JPG_QUEBRADOS,RGB_JPG_QUEBRADOS
C:\Users\eduar\Desktop\Soybe-main\data\com_fundo\RGB_JPG_IMPUREZAS\grao_DSC_0239_id104.png,RGB_JPG_IMPUREZAS,RGB_JPG_IMPUREZAS
C:\Users\eduar\Desktop\Soybe-main\data\com_fundo\RGB_JPG_IMPUREZAS\grao_DSC_0013_id27.png,RGB_JPG_IMPUREZAS,RGB_JPG_IMPUREZAS
C:\Users\eduar\Desktop\Soybe-main\data\com_fundo\RGB_JPG_Normais\grao_DSC_0365_id46.png,RGB_JPG_Normais,RGB_JPG_CHOCHOS
C:\Users\eduar\Desktop\Soybe-main\data\com_fundo\RGB_JPG_Normais\grao_DSC_0615_id80.png,RGB_JPG_Normais,RGB_JPG_Normais
C:\Users\eduar\Desktop\Soybe-main\data\com_fundo\RGB_JPG_QUEBRADOS\grao_DSC_0454_id42.png,RGB_JPG_QUEBRADOS,RGB_JPG_QUEBRADOS
C:\Users\eduar\Desktop\Soybe-main\data\com_fundo\RGB_JPG_QUEBRADOS\grao_DSC_0409_id19.png,RGB_JPG_QUEBRADOS,RGB_JPG_QUEBRADOS
C:\Users\eduar\Desktop\Soybe-main\data\com_fundo\RGB_JPG_QUEBRADOS\grao_DSC_0435_id23.png,RGB_JPG_QUEBRADOS,RGB_JPG_Normais
C:\Users\eduar\Desktop\Soybe-main\data\com_fundo\RGB_JPG_IMPUREZAS\grao_DSC_0003_id92.png,RGB_JPG_IMPUREZAS,RGB_JPG_IMPUREZAS
C:\Users\eduar\Desktop\Soybe-main\data\com_fundo\RGB_JPG_ESVERDEADO\grao_DSC_0306_id67.png,RGB_JPG_ESVERDEADO,RGB_JPG_ESVERDEADO
C:\Users\eduar\Desktop\Soybe-main\data\com_fundo\RGB_JPG_QUEBRADOS\grao_DSC_0427_id67.png,RGB_JPG_QUEBRADOS,RGB_JPG_QUEBRADOS
C:\Users\eduar\Desktop\Soybe-main\data\com_fundo\RGB_JPG_CHOCHOS\grao_DSC_0331_id15.png,RGB_JPG_CHOCHOS,RGB_JPG_CHOCHOS
C:\Users\eduar\Desktop\Soybe-main\data\com_fundo\RGB_JPG_QUEBRADOS\grao_DSC_0412_id86.png,RGB_JPG_QUEBRADOS,RGB_JPG_QUEBRADOS
C:\Users\eduar\Desktop\Soybe-main\data\com_fundo\RGB_JPG_Normais\grao_DSC_0503_id34.png,RGB_JPG_Normais,RGB_JPG_Normais
C:\Users\eduar\Desktop\Soybe-main\data\com_fundo\RGB_JPG_IMPUREZAS\grao_DSC_0293_id244.png,RGB_JPG_IMPUREZAS,RGB_JPG_IMPUREZAS
C:\Users\eduar\Desktop\Soybe-main\data\com_fundo\RGB_JPG_Normais\grao_DSC_0638_id47.png,RGB_JPG_Normais,RGB_JPG_Normais
C:\Users\eduar\Desktop\Soybe-main\data\com_fundo\RGB_JPG_CHOCHOS\grao_DSC_0356_id63.png,RGB_JPG_CHOCHOS,RGB_JPG_CHOCHOS
C:\Users\eduar\Desktop\Soybe-main\data\com_fundo\RGB_JPG_IMPUREZAS\grao_DSC_0293_id346.png,RGB_JPG_IMPUREZAS,RGB_JPG_IMPUREZAS
C:\Users\eduar\Desktop\Soybe-main\data\com_fundo\RGB_JPG_Normais\grao_DSC_0648_id92.png,RGB_JPG_Normais,RGB_JPG_Normais
C:\Users\eduar\Desktop\Soybe-main\data\com_fundo\RGB_JPG_PURPURAS\grao_DSC_0145_id8.png,RGB_JPG_PURPURAS,RGB_JPG_INSETOS
C:\Users\eduar\Desktop\Soybe-main\data\com_fundo\RGB_JPG_IMPUREZAS\grao_DSC_0249_id71.png,RGB_JPG_IMPUREZAS,RGB_JPG_IMPUREZAS
C:\Users\eduar\Desktop\Soybe-main\data\com_fundo\RGB_JPG_Normais\grao_DSC_0367_id15.png,RGB_JPG_Normais,RGB_JPG_CHOCHOS
C:\Users\eduar\Desktop\Soybe-main\data\com_fundo\RGB_JPG_Normais\grao_DSC_0615_id111.png,RGB_JPG_Normais,RGB_JPG_Normais
C:\Users\eduar\Desktop\Soybe-main\data\com_fundo\RGB_JPG_Normais\grao_DSC_0672_id25.png,RGB_JPG_Normais,RGB_JPG_Normais
C:\Users\eduar\Desktop\Soybe-main\data\com_fundo\RGB_JPG_Normais\grao_DSC_0494_id62.png,RGB_JPG_Normais,RGB_JPG_Normais
C:\Users\eduar\Desktop\Soybe-main\data\com_fundo\RGB_JPG_CHOCHOS\grao_DSC_0348_id104.png,RGB_JPG_CHOCHOS,RGB_JPG_CHOCHOS
C:\Users\eduar\Desktop\Soybe-main\data\com_fundo\RGB_JPG_Normais\grao_DSC_0219_id27.png,RGB_JPG_Normais,RGB_JPG_Normais
C:\Users\eduar\Desktop\Soybe-main\data\com_fundo\RGB_JPG_Normais\grao_DSC_0488_id54.png,RGB_JPG_Normais,RGB_JPG_Normais
C:\Users\eduar\Desktop\Soybe-main\data\com_fundo\RGB_JPG_IMPUREZAS\grao_DSC_0025_id172.png,RGB_JPG_IMPUREZAS,RGB_JPG_IMPUREZAS
C:\Users\eduar\Desktop\Soybe-main\data\com_fundo\RGB_JPG_Normais\grao_DSC_0137_id59.png,RGB_JPG_Normais,RGB_JPG_Normais
C:\Users\eduar\Desktop\Soybe-main\data\com_fundo\RGB_JPG_Normais\grao_DSC_0394_id57.png,RGB_JPG_Normais,RGB_JPG_Normais
C:\Users\eduar\Desktop\Soybe-main\data\com_fundo\RGB_JPG_IMPUREZAS\grao_DSC_0268_id142.png,RGB_JPG_IMPUREZAS,RGB_JPG_IMPUREZAS
C:\Users\eduar\Desktop\Soybe-main\data\com_fundo\RGB_JPG_QUEBRADOS\grao_DSC_0405_id69.png,RGB_JPG_QUEBRADOS,RGB_JPG_QUEBRADOS
C:\Users\eduar\Desktop\Soybe-main\data\com_fundo\RGB_JPG_Normais\grao_DSC_0613_id5.png,RGB_JPG_Normais,RGB_JPG_Normais
C:\Users\eduar\Desktop\Soybe-main\data\com_fundo\RGB_JPG_IMPUREZAS\grao_DSC_0241_id15.png,RGB_JPG_IMPUREZAS,RGB_JPG_IMPUREZAS
C:\Users\eduar\Desktop\Soybe-main\data\com_fundo\RGB_JPG_CHOCHOS\grao_DSC_0315_id63.png,RGB_JPG_CHOCHOS,RGB_JPG_CHOCHOS
C:\Users\eduar\Desktop\Soybe-main\data\com_fundo\RGB_JPG_CHOCHOS\grao_DSC_0345_id94.png,RGB_JPG_CHOCHOS,RGB_JPG_CHOCHOS
C:\Users\eduar\Desktop\Soybe-main\data\com_fundo\RGB_JPG_IMPUREZAS\grao_DSC_0021_id40.png,RGB_JPG_IMPUREZAS,RGB_JPG_IMPUREZAS
C:\Users\eduar\Desktop\Soybe-main\data\com_fundo\RGB_JPG_Normais\grao_DSC_0621_id69.png,RGB_JPG_Normais,RGB_JPG_Normais
C:\Users\eduar\Desktop\Soybe-main\data\com_fundo\RGB_JPG_IMPUREZAS\grao_DSC_0289_id61.png,RGB_JPG_IMPUREZAS,RGB_JPG_IMPUREZAS
C:\Users\eduar\Desktop\Soybe-main\data\com_fundo\RGB_JPG_Normais\grao_DSC_0612_id52.png,RGB_JPG_Normais,RGB_JPG_Normais
C:\Users\eduar\Desktop\Soybe-main\data\com_fundo\RGB_JPG_CHOCHOS\grao_DSC_0333_id90.png,RGB_JPG_CHOCHOS,RGB_JPG_CHOCHOS
C:\Users\eduar\Desktop\Soybe-main\data\com_fundo\RGB_JPG_IMPUREZAS\grao_DSC_0295_id46.png,RGB_JPG_IMPUREZAS,RGB_JPG_IMPUREZAS
C:\Users\eduar\Desktop\Soybe-main\data\com_fundo\RGB_JPG_Normais\grao_DSC_0323_id165.png,RGB_JPG_Normais,RGB_JPG_CHOCHOS
C:\Users\eduar\Desktop\Soybe-main\data\com_fundo\RGB_JPG_IMPUREZAS\grao_DSC_0017_id217.png,RGB_JPG_IMPUREZAS,RGB_JPG_IMPUREZAS
C:\Users\eduar\Desktop\Soybe-main\data\com_fundo\RGB_JPG_CHOCHOS\grao_DSC_0350_id17.png,RGB_JPG_CHOCHOS,RGB_JPG_CHOCHOS
C:\Users\eduar\Desktop\Soybe-main\data\com_fundo\RGB_JPG_IMPUREZAS\grao_DSC_0004_id168.png,RGB_JPG_IMPUREZAS,RGB_JPG_IMPUREZAS
C:\Users\eduar\Desktop\Soybe-main\data\com_fundo\RGB_JPG_IMPUREZAS\grao_DSC_0293_id96.png,RGB_JPG_IMPUREZAS,RGB_JPG_IMPUREZAS
C:\Users\eduar\Desktop\Soybe-main\data\com_fundo\RGB_JPG_IMPUREZAS\grao_DSC_0016_id37.png,RGB_JPG_IMPUREZAS,RGB_JPG_IMPUREZAS
C:\Users\eduar\Desktop\Soybe-main\data\com_fundo\RGB_JPG_IMPUREZAS\grao_DSC_0025_id69.png,RGB_JPG_IMPUREZAS,RGB_JPG_IMPUREZAS
C:\Users\eduar\Desktop\Soybe-main\data\com_fundo\RGB_JPG_Normais\grao_DSC_0154_id55.png,RGB_JPG_Normais,RGB_JPG_Normais
C:\Users\eduar\Desktop\Soybe-main\data\com_fundo\RGB_JPG_IMPUREZAS\grao_DSC_0296_id278.png,RGB_JPG_IMPUREZAS,RGB_JPG_IMPUREZAS
C:\Users\eduar\Desktop\Soybe-main\data\com_fundo\RGB_JPG_IMPUREZAS\grao_DSC_0284_id12.png,RGB_JPG_IMPUREZAS,RGB_JPG_IMPUREZAS
C:\Users\eduar\Desktop\Soybe-main\data\com_fundo\RGB_JPG_IMPUREZAS\grao_DSC_0289_id8.png,RGB_JPG_IMPUREZAS,RGB_JPG_IMPUREZAS
C:\Users\eduar\Desktop\Soybe-main\data\com_fundo\RGB_JPG_IMPUREZAS\grao_DSC_0273_id28.png,RGB_JPG_IMPUREZAS,RGB_JPG_IMPUREZAS
C:\Users\eduar\Desktop\Soybe-main\data\com_fundo\RGB_JPG_QUEBRADOS\grao_DSC_0456_id26.png,RGB_JPG_QUEBRADOS,RGB_JPG_QUEBRADOS
C:\Users\eduar\Desktop\Soybe-main\data\com_fundo\RGB_JPG_Normais\grao_DSC_0478_id29.png,RGB_JPG_Normais,RGB_JPG_Normais
C:\Users\eduar\Desktop\Soybe-main\data\com_fundo\RGB_JPG_Normais\grao_DSC_0611_id57.png,RGB_JPG_Normais,RGB_JPG_Normais
C:\Users\eduar\Desktop\Soybe-main\data\com_fundo\RGB_JPG_Normais\grao_DSC_0655_id101.png,RGB_JPG_Normais,RGB_JPG_Normais
C:\Users\eduar\Desktop\Soybe-main\data\com_fundo\RGB_JPG_IMPUREZAS\grao_DSC_0281_id186.png,RGB_JPG_IMPUREZAS,RGB_JPG_IMPUREZAS
C:\Users\eduar\Desktop\Soybe-main\data\com_fundo\RGB_JPG_Normais\grao_DSC_0383_id25.png,RGB_JPG_Normais,RGB_JPG_Normais
C:\Users\eduar\Desktop\Soybe-main\data\com_fundo\RGB_JPG_Normais\grao_DSC_0392_id50.png,RGB_JPG_Normais,RGB_JPG_Normais
C:\Users\eduar\Desktop\Soybe-main\data\com_fundo\RGB_JPG_Normais\grao_DSC_0501_id34.png,RGB_JPG_Normais,RGB_JPG_Normais
C:\Users\eduar\Desktop\Soybe-main\data\com_fundo\RGB_JPG_Normais\grao_DSC_0648_id109.png,RGB_JPG_Normais,RGB_JPG_Normais
C:\Users\eduar\Desktop\Soybe-main\data\com_fundo\RGB_JPG_CHOCHOS\grao_DSC_0332_id12.png,RGB_JPG_CHOCHOS,RGB_JPG_CHOCHOS
C:\Users\eduar\Desktop\Soybe-main\data\com_fundo\RGB_JPG_Normais\grao_DSC_0496_id45.png,RGB_JPG_Normais,RGB_JPG_Normais
C:\Users\eduar\Desktop\Soybe-main\data\com_fundo\RGB_JPG_IMPUREZAS\grao_DSC_0228_id75.png,RGB_JPG_IMPUREZAS,RGB_JPG_IMPUREZAS
C:\Users\eduar\Desktop\Soybe-main\data\com_fundo\RGB_JPG_Normais\grao_DSC_0607_id67.png,RGB_JPG_Normais,RGB_JPG_Normais
C:\Users\eduar\Desktop\Soybe-main\data\com_fundo\RGB_JPG_Normais\grao_DSC_0140_id86.png,RGB_JPG_Normais,RGB_JPG_Normais
C:\Users\eduar\Desktop\Soybe-main\data\com_fundo\RGB_JPG_CHOCHOS\grao_DSC_0346_id64.png,RGB_JPG_CHOCHOS,RGB_JPG_CHOCHOS
C:\Users\eduar\Desktop\Soybe-main\data\com_fundo\RGB_JPG_IMPUREZAS\grao_DSC_0229_id69.png,RGB_JPG_IMPUREZAS,RGB_JPG_IMPUREZAS
C:\Users\eduar\Desktop\Soybe-main\data\com_fundo\RGB_JPG_IMPUREZAS\grao_DSC_0294_id240.png,RGB_JPG_IMPUREZAS,RGB_JPG_IMPUREZAS
C:\Users\eduar\Desktop\Soybe-main\data\com_fundo\RGB_JPG_IMPUREZAS\grao_DSC_0247_id134.png,RGB_JPG_IMPUREZAS,RGB_JPG_IMPUREZAS
C:\Users\eduar\Desktop\Soybe-main\data\com_fundo\RGB_JPG_Normais\grao_DSC_0503_id11.png,RGB_JPG_Normais,RGB_JPG_Normais
C:\Users\eduar\Desktop\Soybe-main\data\com_fundo\RGB_JPG_Normais\grao_DSC_0144_id72.png,RGB_JPG_Normais,RGB_JPG_Normais
C:\Users\eduar\Desktop\Soybe-main\data\com_fundo\RGB_JPG_Normais\grao_DSC_0322_id4.png,RGB_JPG_Normais,RGB_JPG_CHOCHOS
C:\Users\eduar\Desktop\Soybe-main\data\com_fundo\RGB_JPG_Normais\grao_DSC_0395_id82.png,RGB_JPG_Normais,RGB_JPG_Normais
C:\Users\eduar\Desktop\Soybe-main\data\com_fundo\RGB_JPG_Normais\grao_DSC_0378_id80.png,RGB_JPG_Normais,RGB_JPG_Normais
C:\Users\eduar\Desktop\Soybe-main\data\com_fundo\RGB_JPG_IMPUREZAS\grao_DSC_0248_id73.png,RGB_JPG_IMPUREZAS,RGB_JPG_IMPUREZAS
C:\Users\eduar\Desktop\Soybe-main\data\com_fundo\RGB_JPG_Normais\grao_DSC_0636_id88.png,RGB_JPG_Normais,RGB_JPG_Normais
C:\Users\eduar\Desktop\Soybe-main\data\com_fundo\RGB_JPG_Normais\grao_DSC_0636_id80.png,RGB_JPG_Normais,RGB_JPG_Normais
C:\Users\eduar\Desktop\Soybe-main\data\com_fundo\RGB_JPG_CHOCHOS\grao_DSC_0315_id26.png,RGB_JPG_CHOCHOS,RGB_JPG_CHOCHOS
C:\Users\eduar\Desktop\Soybe-main\data\com_fundo\RGB_JPG_Normais\grao_DSC_0660_id47.png,RGB_JPG_Normais,RGB_JPG_Normais
C:\Users\eduar\Desktop\Soybe-main\data\com_fundo\RGB_JPG_ESVERDEADO\grao_DSC_0303_id1.png,RGB_JPG_ESVERDEADO,RGB_JPG_ESVERDEADO
C:\Users\eduar\Desktop\Soybe-main\data\com_fundo\RGB_JPG_Normais\grao_DSC_0157_id69.png,RGB_JPG_Normais,RGB_JPG_Normais
C:\Users\eduar\Desktop\Soybe-main\data\com_fundo\RGB_JPG_ESVERDEADO\grao_DSC_0301_id41.png,RGB_JPG_ESVERDEADO,RGB_JPG_ESVERDEADO
C:\Users\eduar\Desktop\Soybe-main\data\com_fundo\RGB_JPG_CHOCHOS\grao_DSC_0337_id107.png,RGB_JPG_CHOCHOS,RGB_JPG_CHOCHOS
C:\Users\eduar\Desktop\Soybe-main\data\com_fundo\RGB_JPG_Normais\grao_DSC_0373_id40.png,RGB_JPG_Normais,RGB_JPG_Normais
C:\Users\eduar\Desktop\Soybe-main\data\com_fundo\RGB_JPG_QUEBRADOS\grao_DSC_0443_id8.png,RGB_JPG_QUEBRADOS,RGB_JPG_QUEBRADOS
C:\Users\eduar\Desktop\Soybe-main\data\com_fundo\RGB_JPG_IMPUREZAS\grao_DSC_0265_id183.png,RGB_JPG_IMPUREZAS,RGB_JPG_CHOCHOS
C:\Users\eduar\Desktop\Soybe-main\data\com_fundo\RGB_JPG_Normais\grao_DSC_0210_id79.png,RGB_JPG_Normais,RGB_JPG_Normais
C:\Users\eduar\Desktop\Soybe-main\data\com_fundo\RGB_JPG_IMPUREZAS\grao_DSC_0243_id193.png,RGB_JPG_IMPUREZAS,RGB_JPG_IMPUREZAS
C:\Users\eduar\Desktop\Soybe-main\data\com_fundo\RGB_JPG_CHOCHOS\grao_DSC_0363_id129.png,RGB_JPG_CHOCHOS,RGB_JPG_CHOCHOS
C:\Users\eduar\Desktop\Soybe-main\data\com_fundo\RGB_JPG_Normais\grao_DSC_0501_id83.png,RGB_JPG_Normais,RGB_JPG_Normais
C:\Users\eduar\Desktop\Soybe-main\data\com_fundo\RGB_JPG_Normais\grao_DSC_0140_id30.png,RGB_JPG_Normais,RGB_JPG_Normais
C:\Users\eduar\Desktop\Soybe-main\data\com_fundo\RGB_JPG_MAMONAS\grao_DSC_0185_id50.png,RGB_JPG_MAMONAS,RGB_JPG_MAMONAS
C:\Users\eduar\Desktop\Soybe-main\data\com_fundo\RGB_JPG_IMPUREZAS\grao_DSC_0270_id249.png,RGB_JPG_IMPUREZAS,RGB_JPG_IMPUREZAS
C:\Users\eduar\Desktop\Soybe-main\data\com_fundo\RGB_JPG_QUEBRADOS\grao_DSC_0449_id91.png,RGB_JPG_QUEBRADOS,RGB_JPG_QUEBRADOS
C:\Users\eduar\Desktop\Soybe-main\data\com_fundo\RGB_JPG_QUEBRADOS\grao_DSC_0426_id70.png,RGB_JPG_QUEBRADOS,RGB_JPG_QUEBRADOS
C:\Users\eduar\Desktop\Soybe-main\data\com_fundo\RGB_JPG_Normais\grao_DSC_0624_id95.png,RGB_JPG_Normais,RGB_JPG_Normais
C:\Users\eduar\Desktop\Soybe-main\data\com_fundo\RGB_JPG_IMPUREZAS\grao_DSC_0246_id236.png,RGB_JPG_IMPUREZAS,RGB_JPG_IMPUREZAS
C:\Users\eduar\Desktop\Soybe-main\data\com_fundo\RGB_JPG_IMPUREZAS\grao_DSC_0252_id221.png,RGB_JPG_IMPUREZAS,RGB_JPG_IMPUREZAS
C:\Users\eduar\Desktop\Soybe-main\data\com_fundo\RGB_JPG_Normais\grao_DSC_0629_id28.png,RGB_JPG_Normais,RGB_JPG_Normais
C:\Users\eduar\Desktop\Soybe-main\data\com_fundo\RGB_JPG_QUEBRADOS\grao_DSC_0465_id94.png,RGB_JPG_QUEBRADOS,RGB_JPG_QUEBRADOS
C:\Users\eduar\Desktop\Soybe-main\data\com_fundo\RGB_JPG_IMPUREZAS\grao_DSC_0244_id197.png,RGB_JPG_IMPUREZAS,RGB_JPG_IMPUREZAS
C:\Users\eduar\Desktop\Soybe-main\data\com_fundo\RGB_JPG_CHOCHOS\grao_DSC_0351_id24.png,RGB_JPG_CHOCHOS,RGB_JPG_CHOCHOS
C:\Users\eduar\Desktop\Soybe-main\data\com_fundo\RGB_JPG_IMPUREZAS\grao_DSC_0274_id63.png,RGB_JPG_IMPUREZAS,RGB_JPG_IMPUREZAS
C:\Users\eduar\Desktop\Soybe-main\data\com_fundo\RGB_JPG_IMPUREZAS\grao_DSC_0257_id181.png,RGB_JPG_IMPUREZAS,RGB_JPG_IMPUREZAS
C:\Users\eduar\Desktop\Soybe-main\data\com_fundo\RGB_JPG_Normais\grao_DSC_0153_id103.png,RGB_JPG_Normais,RGB_JPG_Normais
C:\Users\eduar\Desktop\Soybe-main\data\com_fundo\RGB_JPG_Normais\grao_DSC_0514_id74.png,RGB_JPG_Normais,RGB_JPG_Normais
C:\Users\eduar\Desktop\Soybe-main\data\com_fundo\RGB_JPG_IMPUREZAS\grao_DSC_0034_id56.png,RGB_JPG_IMPUREZAS,RGB_JPG_IMPUREZAS
C:\Users\eduar\Desktop\Soybe-main\data\com_fundo\RGB_JPG_CHOCHOS\grao_DSC_0328_id61.png,RGB_JPG_CHOCHOS,RGB_JPG_CHOCHOS
C:\Users\eduar\Desktop\Soybe-main\data\com_fundo\RGB_JPG_Normais\grao_DSC_0477_id60.png,RGB_JPG_Normais,RGB_JPG_Normais
C:\Users\eduar\Desktop\Soybe-main\data\com_fundo\RGB_JPG_IMPUREZAS\grao_DSC_0277_id220.png,RGB_JPG_IMPUREZAS,RGB_JPG_IMPUREZAS
C:\Users\eduar\Desktop\Soybe-main\data\com_fundo\RGB_JPG_QUEBRADOS\grao_DSC_0465_id11.png,RGB_JPG_QUEBRADOS,RGB_JPG_QUEBRADOS
C:\Users\eduar\Desktop\Soybe-main\data\com_fundo\RGB_JPG_IMPUREZAS\grao_DSC_0240_id148.png,RGB_JPG_IMPUREZAS,RGB_JPG_IMPUREZAS
C:\Users\eduar\Desktop\Soybe-main\data\com_fundo\RGB_JPG_QUEBRADOS\grao_DSC_0172_id2.png,RGB_JPG_QUEBRADOS,RGB_JPG_QUEBRADOS
C:\Users\eduar\Desktop\Soybe-main\data\com_fundo\RGB_JPG_Normais\grao_DSC_0495_id67.png,RGB_JPG_Normais,RGB_JPG_Normais
C:\Users\eduar\Desktop\Soybe-main\data\com_fundo\RGB_JPG_MAMONAS\grao_DSC_0189_id18.png,RGB_JPG_MAMONAS,RGB_JPG_MAMONAS
C:\Users\eduar\Desktop\Soybe-main\data\com_fundo\RGB_JPG_CHOCHOS\grao_DSC_0350_id92.png,RGB_JPG_CHOCHOS,RGB_JPG_CHOCHOS
C:\Users\eduar\Desktop\Soybe-main\data\com_fundo\RGB_JPG_Normais\grao_DSC_0655_id104.png,RGB_JPG_Normais,RGB_JPG_Normais
C:\Users\eduar\Desktop\Soybe-main\data\com_fundo\RGB_JPG_Normais\grao_DSC_0374_id105.png,RGB_JPG_Normais,RGB_JPG_Normais
C:\Users\eduar\Desktop\Soybe-main\data\com_fundo\RGB_JPG_IMPUREZAS\grao_DSC_0269_id98.png,RGB_JPG_IMPUREZAS,RGB_JPG_IMPUREZAS
C:\Users\eduar\Desktop\Soybe-main\data\com_fundo\RGB_JPG_Normais\grao_DSC_0629_id8.png,RGB_JPG_Normais,RGB_JPG_Normais
C:\Users\eduar\Desktop\Soybe-main\data\com_fundo\RGB_JPG_Normais\grao_DSC_0153_id111.png,RGB_JPG_Normais,RGB_JPG_Normais
C:\Users\eduar\Desktop\Soybe-main\data\com_fundo\RGB_JPG_Normais\grao_DSC_0396_id90.png,RGB_JPG_Normais,RGB_JPG_Normais
C:\Users\eduar\Desktop\Soybe-main\data\com_fundo\RGB_JPG_Normais\grao_DSC_0144_id101.png,RGB_JPG_Normais,RGB_JPG_Normais
C:\Users\eduar\Desktop\Soybe-main\data\com_fundo\RGB_JPG_CHOCHOS\grao_DSC_0361_id32.png,RGB_JPG_CHOCHOS,RGB_JPG_CHOCHOS
C:\Users\eduar\Desktop\Soybe-main\data\com_fundo\RGB_JPG_IMPUREZAS\grao_DSC_0037_id39.png,RGB_JPG_IMPUREZAS,RGB_JPG_IMPUREZAS
C:\Users\eduar\Desktop\Soybe-main\data\com_fundo\RGB_JPG_CHOCHOS\grao_DSC_0319_id88.png,RGB_JPG_CHOCHOS,RGB_JPG_CHOCHOS
C:\Users\eduar\Desktop\Soybe-main\data\com_fundo\RGB_JPG_QUEBRADOS\grao_DSC_0169_id87.png,RGB_JPG_QUEBRADOS,RGB_JPG_QUEBRADOS
C:\Users\eduar\Desktop\Soybe-main\data\com_fundo\RGB_JPG_IMPUREZAS\grao_DSC_0036_id100.png,RGB_JPG_IMPUREZAS,RGB_JPG_IMPUREZAS
C:\Users\eduar\Desktop\Soybe-main\data\com_fundo\RGB_JPG_CHOCHOS\grao_DSC_0357_id42.png,RGB_JPG_CHOCHOS,RGB_JPG_CHOCHOS
C:\Users\eduar\Desktop\Soybe-main\data\com_fundo\RGB_JPG_Normais\grao_DSC_0389_id76.png,RGB_JPG_Normais,RGB_JPG_Normais
C:\Users\eduar\Desktop\Soybe-main\data\com_fundo\RGB_JPG_Normais\grao_DSC_0647_id8.png,RGB_JPG_Normais,RGB_JPG_Normais
C:\Users\eduar\Desktop\Soybe-main\data\com_fundo\RGB_JPG_CHOCHOS\grao_DSC_0333_id105.png,RGB_JPG_CHOCHOS,RGB_JPG_CHOCHOS
C:\Users\eduar\Desktop\Soybe-main\data\com_fundo\RGB_JPG_Normais\grao_DSC_0488_id76.png,RGB_JPG_Normais,RGB_JPG_Normais
C:\Users\eduar\Desktop\Soybe-main\data\com_fundo\RGB_JPG_Normais\grao_DSC_0215_id25.png,RGB_JPG_Normais,RGB_JPG_Normais
C:\Users\eduar\Desktop\Soybe-main\data\com_fundo\RGB_JPG_Normais\grao_DSC_0476_id40.png,RGB_JPG_Normais,RGB_JPG_Normais
C:\Users\eduar\Desktop\Soybe-main\data\com_fundo\RGB_JPG_IMPUREZAS\grao_DSC_0039_id49.png,RGB_JPG_IMPUREZAS,RGB_JPG_IMPUREZAS
C:\Users\eduar\Desktop\Soybe-main\data\com_fundo\RGB_JPG_QUEBRADOS\grao_DSC_0173_id97.png,RGB_JPG_QUEBRADOS,RGB_JPG_QUEBRADOS
C:\Users\eduar\Desktop\Soybe-main\data\com_fundo\RGB_JPG_Normais\grao_DSC_0633_id55.png,RGB_JPG_Normais,RGB_JPG_Normais
C:\Users\eduar\Desktop\Soybe-main\data\com_fundo\RGB_JPG_IMPUREZAS\grao_DSC_0018_id171.png,RGB_JPG_IMPUREZAS,RGB_JPG_IMPUREZAS
C:\Users\eduar\Desktop\Soybe-main\data\com_fundo\RGB_JPG_QUEBRADOS\grao_DSC_0430_id81.png,RGB_JPG_QUEBRADOS,RGB_JPG_QUEBRADOS
C:\Users\eduar\Desktop\Soybe-main\data\com_fundo\RGB_JPG_QUEBRADOS\grao_DSC_0462_id81.png,RGB_JPG_QUEBRADOS,RGB_JPG_QUEBRADOS
C:\Users\eduar\Desktop\Soybe-main\data\com_fundo\RGB_JPG_QUEBRADOS\grao_DSC_0465_id76.png,RGB_JPG_QUEBRADOS,RGB_JPG_QUEBRADOS
C:\Users\eduar\Desktop\Soybe-main\data\com_fundo\RGB_JPG_QUEBRADOS\grao_DSC_0435_id32.png,RGB_JPG_QUEBRADOS,RGB_JPG_QUEBRADOS
C:\Users\eduar\Desktop\Soybe-main\data\com_fundo\RGB_JPG_Normais\grao_DSC_0509_id31.png,RGB_JPG_Normais,RGB_JPG_Normais
C:\Users\eduar\Desktop\Soybe-main\data\com_fundo\RGB_JPG_QUEBRADOS\grao_DSC_0457_id82.png,RGB_JPG_QUEBRADOS,RGB_JPG_QUEBRADOS
C:\Users\eduar\Desktop\Soybe-main\data\com_fundo\RGB_JPG_Normais\grao_DSC_0472_id7.png,RGB_JPG_Normais,RGB_JPG_Normais
C:\Users\eduar\Desktop\Soybe-main\data\com_fundo\RGB_JPG_Normais\grao_DSC_0133_id94.png,RGB_JPG_Normais,RGB_JPG_Normais
C:\Users\eduar\Desktop\Soybe-main\data\com_fundo\RGB_JPG_Normais\grao_DSC_0220_id67.png,RGB_JPG_Normais,RGB_JPG_Normais
C:\Users\eduar\Desktop\Soybe-main\data\com_fundo\RGB_JPG_QUEBRADOS\grao_DSC_0456_id32.png,RGB_JPG_QUEBRADOS,RGB_JPG_QUEBRADOS
C:\Users\eduar\Desktop\Soybe-main\data\com_fundo\RGB_JPG_PURPURAS\grao_DSC_0146_id6.png,RGB_JPG_PURPURAS,RGB_JPG_PURPURAS
C:\Users\eduar\Desktop\Soybe-main\data\com_fundo\RGB_JPG_PURPURAS\grao_DSC_0146_id4.png,RGB_JPG_PURPURAS,RGB_JPG_PURPURAS
C:\Users\eduar\Desktop\Soybe-main\data\com_fundo\RGB_JPG_Normais\grao_DSC_0505_id53.png,RGB_JPG_Normais,RGB_JPG_Normais
C:\Users\eduar\Desktop\Soybe-main\data\com_fundo\RGB_JPG_Normais\grao_DSC_0382_id61.png,RGB_JPG_Normais,RGB_JPG_Normais
C:\Users\eduar\Desktop\Soybe-main\data\com_fundo\RGB_JPG_Normais\grao_DSC_0150_id24.png,RGB_JPG_Normais,RGB_JPG_Normais
C:\Users\eduar\Desktop\Soybe-main\data\com_fundo\RGB_JPG_IMPUREZAS\grao_DSC_0288_id115.png,RGB_JPG_IMPUREZAS,RGB_JPG_IMPUREZAS
C:\Users\eduar\Desktop\Soybe-main\data\com_fundo\RGB_JPG_CHOCHOS\grao_DSC_0323_id145.png,RGB_JPG_CHOCHOS,RGB_JPG_CHOCHOS
C:\Users\eduar\Desktop\Soybe-main\data\com_fundo\RGB_JPG_Normais\grao_DSC_0214_id12.png,RGB_JPG_Normais,RGB_JPG_Normais
C:\Users\eduar\Desktop\Soybe-main\data\com_fundo\RGB_JPG_IMPUREZAS\grao_DSC_0291_id91.png,RGB_JPG_IMPUREZAS,RGB_JPG_IMPUREZAS
C:\Users\eduar\Desktop\Soybe-main\data\com_fundo\RGB_JPG_Normais\grao_DSC_0612_id75.png,RGB_JPG_Normais,RGB_JPG_Normais
C:\Users\eduar\Desktop\Soybe-main\data\com_fundo\RGB_JPG_IMPUREZAS\grao_DSC_0290_id7.png,RGB_JPG_IMPUREZAS,RGB_JPG_IMPUREZAS
C:\Users\eduar\Desktop\Soybe-main\data\com_fundo\RGB_JPG_Normais\grao_DSC_0500_id9.png,RGB_JPG_Normais,RGB_JPG_Normais
C:\Users\eduar\Desktop\Soybe-main\data\com_fundo\RGB_JPG_Normais\grao_DSC_0490_id30.png,RGB_JPG_Normais,RGB_JPG_Normais
C:\Users\eduar\Desktop\Soybe-main\data\com_fundo\RGB_JPG_Normais\grao_DSC_0667_id5.png,RGB_JPG_Normais,RGB_JPG_Normais
C:\Users\eduar\Desktop\Soybe-main\data\com_fundo\RGB_JPG_QUEBRADOS\grao_DSC_0421_id2.png,RGB_JPG_QUEBRADOS,RGB_JPG_QUEBRADOS
C:\Users\eduar\Desktop\Soybe-main\data\com_fundo\RGB_JPG_CHOCHOS\grao_DSC_0335_id98.png,RGB_JPG_CHOCHOS,RGB_JPG_CHOCHOS
C:\Users\eduar\Desktop\Soybe-main\data\com_fundo\RGB_JPG_CHOCHOS\grao_DSC_0346_id100.png,RGB_JPG_CHOCHOS,RGB_JPG_CHOCHOS
C:\Users\eduar\Desktop\Soybe-main\data\com_fundo\RGB_JPG_Normais\grao_DSC_0615_id105.png,RGB_JPG_Normais,RGB_JPG_Normais
C:\Users\eduar\Desktop\Soybe-main\data\com_fundo\RGB_JPG_Normais\grao_DSC_0158_id82.png,RGB_JPG_Normais,RGB_JPG_Normais
C:\Users\eduar\Desktop\Soybe-main\data\com_fundo\RGB_JPG_Normais\grao_DSC_0379_id66.png,RGB_JPG_Normais,RGB_JPG_Normais
C:\Users\eduar\Desktop\Soybe-main\data\com_fundo\RGB_JPG_IMPUREZAS\grao_DSC_0236_id37.png,RGB_JPG_IMPUREZAS,RGB_JPG_IMPUREZAS
C:\Users\eduar\Desktop\Soybe-main\data\com_fundo\RGB_JPG_CHOCHOS\grao_DSC_0313_id69.png,RGB_JPG_CHOCHOS,RGB_JPG_CHOCHOS
C:\Users\eduar\Desktop\Soybe-main\data\com_fundo\RGB_JPG_Normais\grao_DSC_0623_id83.png,RGB_JPG_Normais,RGB_JPG_Normais
C:\Users\eduar\Desktop\Soybe-main\data\com_fundo\RGB_JPG_Normais\grao_DSC_0470_id53.png,RGB_JPG_Normais,RGB_JPG_Normais
C:\Users\eduar\Desktop\Soybe-main\data\com_fundo\RGB_JPG_IMPUREZAS\grao_DSC_0270_id18.png,RGB_JPG_IMPUREZAS,RGB_JPG_IMPUREZAS
C:\Users\eduar\Desktop\Soybe-main\data\com_fundo\RGB_JPG_MAMONAS\grao_DSC_0187_id66.png,RGB_JPG_MAMONAS,RGB_JPG_MAMONAS
C:\Users\eduar\Desktop\Soybe-main\data\com_fundo\RGB_JPG_Normais\grao_DSC_0479_id102.png,RGB_JPG_Normais,RGB_JPG_Normais
C:\Users\eduar\Desktop\Soybe-main\data\com_fundo\RGB_JPG_QUEBRADOS\grao_DSC_0444_id14.png,RGB_JPG_QUEBRADOS,RGB_JPG_QUEBRADOS
C:\Users\eduar\Desktop\Soybe-main\data\com_fundo\RGB_JPG_Normais\grao_DSC_0611_id58.png,RGB_JPG_Normais,RGB_JPG_Normais
C:\Users\eduar\Desktop\Soybe-main\data\com_fundo\RGB_JPG_Normais\grao_DSC_0610_id14.png,RGB_JPG_Normais,RGB_JPG_Normais
C:\Users\eduar\Desktop\Soybe-main\data\com_fundo\RGB_JPG_Normais\grao_DSC_0493_id52.png,RGB_JPG_Normais,RGB_JPG_Normais
C:\Users\eduar\Desktop\Soybe-main\data\com_fundo\RGB_JPG_QUEBRADOS\grao_DSC_0411_id69.png,RGB_JPG_QUEBRADOS,RGB_JPG_QUEBRADOS
C:\Users\eduar\Desktop\Soybe-main\data\com_fundo\RGB_JPG_INSETOS\grao_DSC_0164_id60.png,RGB_JPG_INSETOS,RGB_JPG_Normais
C:\Users\eduar\Desktop\Soybe-main\data\com_fundo\RGB_JPG_QUEBRADOS\grao_DSC_0449_id59.png,RGB_JPG_QUEBRADOS,RGB_JPG_QUEBRADOS
C:\Users\eduar\Desktop\Soybe-main\data\com_fundo\RGB_JPG_Normais\grao_DSC_0157_id35.png,RGB_JPG_Normais,RGB_JPG_Normais
C:\Users\eduar\Desktop\Soybe-main\data\com_fundo\RGB_JPG_QUEBRADOS\grao_DSC_0430_id85.png,RGB_JPG_QUEBRADOS,RGB_JPG_QUEBRADOS
C:\Users\eduar\Desktop\Soybe-main\data\com_fundo\RGB_JPG_IMPUREZAS\grao_DSC_0228_id7.png,RGB_JPG_IMPUREZAS,RGB_JPG_IMPUREZAS
C:\Users\eduar\Desktop\Soybe-main\data\com_fundo\RGB_JPG_CHOCHOS\grao_DSC_0337_id52.png,RGB_JPG_CHOCHOS,RGB_JPG_CHOCHOS
C:\Users\eduar\Desktop\Soybe-main\data\com_fundo\RGB_JPG_Normais\grao_DSC_0382_id100.png,RGB_JPG_Normais,RGB_JPG_QUEBRADOS
C:\Users\eduar\Desktop\Soybe-main\data\com_fundo\RGB_JPG_QUEBRADOS\grao_DSC_0444_id93.png,RGB_JPG_QUEBRADOS,RGB_JPG_QUEBRADOS
C:\Users\eduar\Desktop\Soybe-main\data\com_fundo\RGB_JPG_Normais\grao_DSC_0144_id45.png,RGB_JPG_Normais,RGB_JPG_Normais
C:\Users\eduar\Desktop\Soybe-main\data\com_fundo\RGB_JPG_Normais\grao_DSC_0155_id39.png,RGB_JPG_Normais,RGB_JPG_Normais
C:\Users\eduar\Desktop\Soybe-main\data\com_fundo\RGB_JPG_IMPUREZAS\grao_DSC_0225_id148.png,RGB_JPG_IMPUREZAS,RGB_JPG_IMPUREZAS
C:\Users\eduar\Desktop\Soybe-main\data\com_fundo\RGB_JPG_Normais\grao_DSC_0663_id13.png,RGB_JPG_Normais,RGB_JPG_Normais
C:\Users\eduar\Desktop\Soybe-main\data\com_fundo\RGB_JPG_CHOCHOS\grao_DSC_0313_id30.png,RGB_JPG_CHOCHOS,RGB_JPG_CHOCHOS
C:\Users\eduar\Desktop\Soybe-main\data\com_fundo\RGB_JPG_QUEBRADOS\grao_DSC_0427_id82.png,RGB_JPG_QUEBRADOS,RGB_JPG_QUEBRADOS
C:\Users\eduar\Desktop\Soybe-main\data\com_fundo\RGB_JPG_IMPUREZAS\grao_DSC_0247_id204.png,RGB_JPG_IMPUREZAS,RGB_JPG_IMPUREZAS
C:\Users\eduar\Desktop\Soybe-main\data\com_fundo\RGB_JPG_Normais\grao_DSC_0638_id65.png,RGB_JPG_Normais,RGB_JPG_Normais
C:\Users\eduar\Desktop\Soybe-main\data\com_fundo\RGB_JPG_Normais\grao_DSC_0508_id43.png,RGB_JPG_Normais,RGB_JPG_Normais
C:\Users\eduar\Desktop\Soybe-main\data\com_fundo\RGB_JPG_QUEBRADOS\grao_DSC_0444_id88.png,RGB_JPG_QUEBRADOS,RGB_JPG_QUEBRADOS
C:\Users\eduar\Desktop\Soybe-main\data\com_fundo\RGB_JPG_QUEBRADOS\grao_DSC_0444_id7.png,RGB_JPG_QUEBRADOS,RGB_JPG_QUEBRADOS
C:\Users\eduar\Desktop\Soybe-main\data\com_fundo\RGB_JPG_IMPUREZAS\grao_DSC_0036_id5.png,RGB_JPG_IMPUREZAS,RGB_JPG_IMPUREZAS
C:\Users\eduar\Desktop\Soybe-main\data\com_fundo\RGB_JPG_IMPUREZAS\grao_DSC_0239_id81.png,RGB_JPG_IMPUREZAS,RGB_JPG_IMPUREZAS
C:\Users\eduar\Desktop\Soybe-main\data\com_fundo\RGB_JPG_CHOCHOS\grao_DSC_0339_id33.png,RGB_JPG_CHOCHOS,RGB_JPG_CHOCHOS
C:\Users\eduar\Desktop\Soybe-main\data\com_fundo\RGB_JPG_QUEBRADOS\grao_DSC_0411_id19.png,RGB_JPG_QUEBRADOS,RGB_JPG_QUEBRADOS
C:\Users\eduar\Desktop\Soybe-main\data\com_fundo\RGB_JPG_QUEBRADOS\grao_DSC_0434_id71.png,RGB_JPG_QUEBRADOS,RGB_JPG_QUEBRADOS
C:\Users\eduar\Desktop\Soybe-main\data\com_fundo\RGB_JPG_IMPUREZAS\grao_DSC_0248_id195.png,RGB_JPG_IMPUREZAS,RGB_JPG_IMPUREZAS
C:\Users\eduar\Desktop\Soybe-main\data\com_fundo\RGB_JPG_CHOCHOS\grao_DSC_0321_id2.png,RGB_JPG_CHOCHOS,RGB_JPG_CHOCHOS
C:\Users\eduar\Desktop\Soybe-main\data\com_fundo\RGB_JPG_QUEBRADOS\grao_DSC_0169_id4.png,RGB_JPG_QUEBRADOS,RGB_JPG_QUEBRADOS
C:\Users\eduar\Desktop\Soybe-main\data\com_fundo\RGB_JPG_Normais\grao_DSC_0320_id69.png,RGB_JPG_Normais,RGB_JPG_CHOCHOS
C:\Users\eduar\Desktop\Soybe-main\data\com_fundo\RGB_JPG_Normais\grao_DSC_0321_id46.png,RGB_JPG_Normais,RGB_JPG_CHOCHOS
C:\Users\eduar\Desktop\Soybe-main\data\com_fundo\RGB_JPG_Normais\grao_DSC_0470_id48.png,RGB_JPG_Normais,RGB_JPG_Normais
C:\Users\eduar\Desktop\Soybe-main\data\com_fundo\RGB_JPG_Normais\grao_DSC_0664_id99.png,RGB_JPG_Normais,RGB_JPG_Normais
C:\Users\eduar\Desktop\Soybe-main\data\com_fundo\RGB_JPG_CHOCHOS\grao_DSC_0343_id100.png,RGB_JPG_CHOCHOS,RGB_JPG_CHOCHOS
C:\Users\eduar\Desktop\Soybe-main\data\com_fundo\RGB_JPG_Normais\grao_DSC_0661_id49.png,RGB_JPG_Normais,RGB_JPG_Normais
C:\Users\eduar\Desktop\Soybe-main\data\com_fundo\RGB_JPG_QUEBRADOS\grao_DSC_0438_id80.png,RGB_JPG_QUEBRADOS,RGB_JPG_QUEBRADOS
C:\Users\eduar\Desktop\Soybe-main\data\com_fundo\RGB_JPG_Normais\grao_DSC_0673_id4.png,RGB_JPG_Normais,RGB_JPG_Normais
C:\Users\eduar\Desktop\Soybe-main\data\com_fundo\RGB_JPG_Normais\grao_DSC_0644_id99.png,RGB_JPG_Normais,RGB_JPG_Normais
C:\Users\eduar\Desktop\Soybe-main\data\com_fundo\RGB_JPG_Normais\grao_DSC_0515_id49.png,RGB_JPG_Normais,RGB_JPG_Normais
C:\Users\eduar\Desktop\Soybe-main\data\com_fundo\RGB_JPG_IMPUREZAS\grao_DSC_0225_id51.png,RGB_JPG_IMPUREZAS,RGB_JPG_IMPUREZAS
C:\Users\eduar\Desktop\Soybe-main\data\com_fundo\RGB_JPG_CHOCHOS\grao_DSC_0341_id22.png,RGB_JPG_CHOCHOS,RGB_JPG_CHOCHOS
C:\Users\eduar\Desktop\Soybe-main\data\com_fundo\RGB_JPG_Normais\grao_DSC_0158_id4.png,RGB_JPG_Normais,RGB_JPG_Normais
C:\Users\eduar\Desktop\Soybe-main\data\com_fundo\RGB_JPG_IMPUREZAS\grao_DSC_0237_id226.png,RGB_JPG_IMPUREZAS,RGB_JPG_IMPUREZAS
C:\Users\eduar\Desktop\Soybe-main\data\com_fundo\RGB_JPG_QUEBRADOS\grao_DSC_0436_id96.png,RGB_JPG_QUEBRADOS,RGB_JPG_QUEBRADOS
C:\Users\eduar\Desktop\Soybe-main\data\com_fundo\RGB_JPG_IMPUREZAS\grao_DSC_0292_id144.png,RGB_JPG_IMPUREZAS,RGB_JPG_IMPUREZAS
C:\Users\eduar\Desktop\Soybe-main\data\com_fundo\RGB_JPG_QUEBRADOS\grao_DSC_0440_id26.png,RGB_JPG_QUEBRADOS,RGB_JPG_IMPUREZAS
C:\Users\eduar\Desktop\Soybe-main\data\com_fundo\RGB_JPG_CHOCHOS\grao_DSC_0323_id177.png,RGB_JPG_CHOCHOS,RGB_JPG_CHOCHOS
C:\Users\eduar\Desktop\Soybe-main\data\com_fundo\RGB_JPG_IMPUREZAS\grao_DSC_0027_id24.png,RGB_JPG_IMPUREZAS,RGB_JPG_IMPUREZAS
C:\Users\eduar\Desktop\Soybe-main\data\com_fundo\RGB_JPG_Normais\grao_DSC_0511_id18.png,RGB_JPG_Normais,RGB_JPG_Normais
C:\Users\eduar\Desktop\Soybe-main\data\com_fundo\RGB_JPG_Normais\grao_DSC_0142_id9.png,RGB_JPG_Normais,RGB_JPG_Normais
C:\Users\eduar\Desktop\Soybe-main\data\com_fundo\RGB_JPG_IMPUREZAS\grao_DSC_0003_id162.png,RGB_JPG_IMPUREZAS,RGB_JPG_IMPUREZAS
C:\Users\eduar\Desktop\Soybe-main\data\com_fundo\RGB_JPG_Normais\grao_DSC_0659_id2.png,RGB_JPG_Normais,RGB_JPG_Normais
C:\Users\eduar\Desktop\Soybe-main\data\com_fundo\RGB_JPG_IMPUREZAS\grao_DSC_0238_id247.png,RGB_JPG_IMPUREZAS,RGB_JPG_IMPUREZAS
C:\Users\eduar\Desktop\Soybe-main\data\com_fundo\RGB_JPG_QUEBRADOS\grao_DSC_0414_id41.png,RGB_JPG_QUEBRADOS,RGB_JPG_QUEBRADOS
C:\Users\eduar\Desktop\Soybe-main\data\com_fundo\RGB_JPG_Normais\grao_DSC_0133_id36.png,RGB_JPG_Normais,RGB_JPG_Normais
C:\Users\eduar\Desktop\Soybe-main\data\com_fundo\RGB_JPG_Normais\grao_DSC_0156_id74.png,RGB_JPG_Normais,RGB_JPG_Normais
C:\Users\eduar\Desktop\Soybe-main\data\com_fundo\RGB_JPG_QUEBRADOS\grao_DSC_0422_id88.png,RGB_JPG_QUEBRADOS,RGB_JPG_QUEBRADOS
C:\Users\eduar\Desktop\Soybe-main\data\com_fundo\RGB_JPG_QUEBRADOS\grao_DSC_0448_id24.png,RGB_JPG_QUEBRADOS,RGB_JPG_QUEBRADOS
C:\Users\eduar\Desktop\Soybe-main\data\com_fundo\RGB_JPG_QUEBRADOS\grao_DSC_0427_id48.png,RGB_JPG_QUEBRADOS,RGB_JPG_QUEBRADOS
C:\Users\eduar\Desktop\Soybe-main\data\com_fundo\RGB_JPG_Normais\grao_DSC_0647_id76.png,RGB_JPG_Normais,RGB_JPG_Normais
C:\Users\eduar\Desktop\Soybe-main\data\com_fundo\RGB_JPG_CHOCHOS\grao_DSC_0323_id89.png,RGB_JPG_CHOCHOS,RGB_JPG_CHOCHOS
C:\Users\eduar\Desktop\Soybe-main\data\com_fundo\RGB_JPG_Normais\grao_DSC_0656_id53.png,RGB_JPG_Normais,RGB_JPG_Normais
C:\Users\eduar\Desktop\Soybe-main\data\com_fundo\RGB_JPG_IMPUREZAS\grao_DSC_0258_id202.png,RGB_JPG_IMPUREZAS,RGB_JPG_IMPUREZAS
C:\Users\eduar\Desktop\Soybe-main\data\com_fundo\RGB_JPG_Normais\grao_DSC_0376_id24.png,RGB_JPG_Normais,RGB_JPG_Normais
C:\Users\eduar\Desktop\Soybe-main\data\com_fundo\RGB_JPG_IMPUREZAS\grao_DSC_0296_id63.png,RGB_JPG_IMPUREZAS,RGB_JPG_IMPUREZAS
C:\Users\eduar\Desktop\Soybe-main\data\com_fundo\RGB_JPG_Normais\grao_DSC_0646_id91.png,RGB_JPG_Normais,RGB_JPG_Normais
C:\Users\eduar\Desktop\Soybe-main\data\com_fundo\RGB_JPG_IMPUREZAS\grao_DSC_0263_id71.png,RGB_JPG_IMPUREZAS,RGB_JPG_IMPUREZAS
C:\Users\eduar\Desktop\Soybe-main\data\com_fundo\RGB_JPG_Normais\grao_DSC_0630_id47.png,RGB_JPG_Normais,RGB_JPG_ESVERDEADO
C:\Users\eduar\Desktop\Soybe-main\data\com_fundo\RGB_JPG_IMPUREZAS\grao_DSC_0284_id137.png,RGB_JPG_IMPUREZAS,RGB_JPG_IMPUREZAS
C:\Users\eduar\Desktop\Soybe-main\data\com_fundo\RGB_JPG_QUEBRADOS\grao_DSC_0466_id31.png,RGB_JPG_QUEBRADOS,RGB_JPG_QUEBRADOS
C:\Users\eduar\Desktop\Soybe-main\data\com_fundo\RGB_JPG_Normais\grao_DSC_0616_id68.png,RGB_JPG_Normais,RGB_JPG_Normais
C:\Users\eduar\Desktop\Soybe-main\data\com_fundo\RGB_JPG_Normais\grao_DSC_0668_id26.png,RGB_JPG_Normais,RGB_JPG_Normais
C:\Users\eduar\Desktop\Soybe-main\data\com_fundo\RGB_JPG_Normais\grao_DSC_0485_id20.png,RGB_JPG_Normais,RGB_JPG_Normais
C:\Users\eduar\Desktop\Soybe-main\data\com_fundo\RGB_JPG_Normais\grao_DSC_0375_id65.png,RGB_JPG_Normais,RGB_JPG_Normais
C:\Users\eduar\Desktop\Soybe-main\data\com_fundo\RGB_JPG_Normais\grao_DSC_0212_id92.png,RGB_JPG_Normais,RGB_JPG_Normais
C:\Users\eduar\Desktop\Soybe-main\data\com_fundo\RGB_JPG_IMPUREZAS\grao_DSC_0237_id46.png,RGB_JPG_IMPUREZAS,RGB_JPG_IMPUREZAS
C:\Users\eduar\Desktop\Soybe-main\data\com_fundo\RGB_JPG_QUEBRADOS\grao_DSC_0432_id86.png,RGB_JPG_QUEBRADOS,RGB_JPG_QUEBRADOS
C:\Users\eduar\Desktop\Soybe-main\data\com_fundo\RGB_JPG_IMPUREZAS\grao_DSC_0251_id270.png,RGB_JPG_IMPUREZAS,RGB_JPG_IMPUREZAS
C:\Users\eduar\Desktop\Soybe-main\data\com_fundo\RGB_JPG_Normais\grao_DSC_0397_id21.png,RGB_JPG_Normais,RGB_JPG_Normais
C:\Users\eduar\Desktop\Soybe-main\data\com_fundo\RGB_JPG_Normais\grao_DSC_0638_id91.png,RGB_JPG_Normais,RGB_JPG_Normais
C:\Users\eduar\Desktop\Soybe-main\data\com_fundo\RGB_JPG_Normais\grao_DSC_0630_id26.png,RGB_JPG_Normais,RGB_JPG_Normais
C:\Users\eduar\Desktop\Soybe-main\data\com_fundo\RGB_JPG_IMPUREZAS\grao_DSC_0023_id154.png,RGB_JPG_IMPUREZAS,RGB_JPG_IMPUREZAS
C:\Users\eduar\Desktop\Soybe-main\data\com_fundo\RGB_JPG_Normais\grao_DSC_0493_id75.png,RGB_JPG_Normais,RGB_JPG_Normais
C:\Users\eduar\Desktop\Soybe-main\data\com_fundo\RGB_JPG_Normais\grao_DSC_0380_id20.png,RGB_JPG_Normais,RGB_JPG_Normais
C:\Users\eduar\Desktop\Soybe-main\data\com_fundo\RGB_JPG_IMPUREZAS\grao_DSC_0281_id49.png,RGB_JPG_IMPUREZAS,RGB_JPG_IMPUREZAS
C:\Users\eduar\Desktop\Soybe-main\data\com_fundo\RGB_JPG_CHOCHOS\grao_DSC_0320_id68.png,RGB_JPG_CHOCHOS,RGB_JPG_Normais
C:\Users\eduar\Desktop\Soybe-main\data\com_fundo\RGB_JPG_Normais\grao_DSC_0142_id7.png,RGB_JPG_Normais,RGB_JPG_Normais
C:\Users\eduar\Desktop\Soybe-main\data\com_fundo\RGB_JPG_IMPUREZAS\grao_DSC_0259_id222.png,RGB_JPG_IMPUREZAS,RGB_JPG_IMPUREZAS
C:\Users\eduar\Desktop\Soybe-main\data\com_fundo\RGB_JPG_IMPUREZAS\grao_DSC_0045_id51.png,RGB_JPG_IMPUREZAS,RGB_JPG_IMPUREZAS
C:\Users\eduar\Desktop\Soybe-main\data\com_fundo\RGB_JPG_CHOCHOS\grao_DSC_0325_id64.png,RGB_JPG_CHOCHOS,RGB_JPG_CHOCHOS
C:\Users\eduar\Desktop\Soybe-main\data\com_fundo\RGB_JPG_Normais\grao_DSC_0496_id83.png,RGB_JPG_Normais,RGB_JPG_Normais
C:\Users\eduar\Desktop\Soybe-main\data\com_fundo\RGB_JPG_IMPUREZAS\grao_DSC_0296_id128.png,RGB_JPG_IMPUREZAS,RGB_JPG_IMPUREZAS
C:\Users\eduar\Desktop\Soybe-main\data\com_fundo\RGB_JPG_Normais\grao_DSC_0143_id21.png,RGB_JPG_Normais,RGB_JPG_Normais
C:\Users\eduar\Desktop\Soybe-main\data\com_fundo\RGB_JPG_IMPUREZAS\grao_DSC_0002_id321.png,RGB_JPG_IMPUREZAS,RGB_JPG_IMPUREZAS
C:\Users\eduar\Desktop\Soybe-main\data\com_fundo\RGB_JPG_IMPUREZAS\grao_DSC_0288_id85.png,RGB_JPG_IMPUREZAS,RGB_JPG_IMPUREZAS
C:\Users\eduar\Desktop\Soybe-main\data\com_fundo\RGB_JPG_IMPUREZAS\grao_DSC_0038_id114.png,RGB_JPG_IMPUREZAS,RGB_JPG_IMPUREZAS
C:\Users\eduar\Desktop\Soybe-main\data\com_fundo\RGB_JPG_CHOCHOS\grao_DSC_0358_id74.png,RGB_JPG_CHOCHOS,RGB_JPG_CHOCHOS
C:\Users\eduar\Desktop\Soybe-main\data\com_fundo\RGB_JPG_Normais\grao_DSC_0613_id115.png,RGB_JPG_Normais,RGB_JPG_Normais
C:\Users\eduar\Desktop\Soybe-main\data\com_fundo\RGB_JPG_Normais\grao_DSC_0378_id6.png,RGB_JPG_Normais,RGB_JPG_Normais
C:\Users\eduar\Desktop\Soybe-main\data\com_fundo\RGB_JPG_IMPUREZAS\grao_DSC_0293_id259.png,RGB_JPG_IMPUREZAS,RGB_JPG_IMPUREZAS
C:\Users\eduar\Desktop\Soybe-main\data\com_fundo\RGB_JPG_IMPUREZAS\grao_DSC_0268_id81.png,RGB_JPG_IMPUREZAS,RGB_JPG_IMPUREZAS
C:\Users\eduar\Desktop\Soybe-main\data\com_fundo\RGB_JPG_IMPUREZAS\grao_DSC_0228_id33.png,RGB_JPG_IMPUREZAS,RGB_JPG_IMPUREZAS
C:\Users\eduar\Desktop\Soybe-main\data\com_fundo\RGB_JPG_IMPUREZAS\grao_DSC_0017_id3.png,RGB_JPG_IMPUREZAS,RGB_JPG_IMPUREZAS
C:\Users\eduar\Desktop\Soybe-main\data\com_fundo\RGB_JPG_Normais\grao_DSC_0321_id16.png,RGB_JPG_Normais,RGB_JPG_CHOCHOS
C:\Users\eduar\Desktop\Soybe-main\data\com_fundo\RGB_JPG_QUEBRADOS\grao_DSC_0464_id55.png,RGB_JPG_QUEBRADOS,RGB_JPG_QUEBRADOS
C:\Users\eduar\Desktop\Soybe-main\data\com_fundo\RGB_JPG_Normais\grao_DSC_0379_id48.png,RGB_JPG_Normais,RGB_JPG_Normais
C:\Users\eduar\Desktop\Soybe-main\data\com_fundo\RGB_JPG_IMPUREZAS\grao_DSC_0225_id102.png,RGB_JPG_IMPUREZAS,RGB_JPG_IMPUREZAS
C:\Users\eduar\Desktop\Soybe-main\data\com_fundo\RGB_JPG_Normais\grao_DSC_0505_id57.png,RGB_JPG_Normais,RGB_JPG_Normais
C:\Users\eduar\Desktop\Soybe-main\data\com_fundo\RGB_JPG_Normais\grao_DSC_0210_id85.png,RGB_JPG_Normais,RGB_JPG_Normais
C:\Users\eduar\Desktop\Soybe-main\data\com_fundo\RGB_JPG_IMPUREZAS\grao_DSC_0240_id308.png,RGB_JPG_IMPUREZAS,RGB_JPG_IMPUREZAS
C:\Users\eduar\Desktop\Soybe-main\data\com_fundo\RGB_JPG_Normais\grao_DSC_0154_id35.png,RGB_JPG_Normais,RGB_JPG_Normais
C:\Users\eduar\Desktop\Soybe-main\data\com_fundo\RGB_JPG_CHOCHOS\grao_DSC_0359_id75.png,RGB_JPG_CHOCHOS,RGB_JPG_CHOCHOS
C:\Users\eduar\Desktop\Soybe-main\data\com_fundo\RGB_JPG_Normais\grao_DSC_0616_id58.png,RGB_JPG_Normais,RGB_JPG_Normais
C:\Users\eduar\Desktop\Soybe-main\data\com_fundo\RGB_JPG_IMPUREZAS\grao_DSC_0240_id7.png,RGB_JPG_IMPUREZAS,RGB_JPG_IMPUREZAS
C:\Users\eduar\Desktop\Soybe-main\data\com_fundo\RGB_JPG_Normais\grao_DSC_0140_id14.png,RGB_JPG_Normais,RGB_JPG_Normais
C:\Users\eduar\Desktop\Soybe-main\data\com_fundo\RGB_JPG_IMPUREZAS\grao_DSC_0252_id237.png,RGB_JPG_IMPUREZAS,RGB_JPG_IMPUREZAS
C:\Users\eduar\Desktop\Soybe-main\data\com_fundo\RGB_JPG_IMPUREZAS\grao_DSC_0258_id135.png,RGB_JPG_IMPUREZAS,RGB_JPG_IMPUREZAS
C:\Users\eduar\Desktop\Soybe-main\data\com_fundo\RGB_JPG_IMPUREZAS\grao_DSC_0260_id30.png,RGB_JPG_IMPUREZAS,RGB_JPG_IMPUREZAS
C:\Users\eduar\Desktop\Soybe-main\data\com_fundo\RGB_JPG_QUEBRADOS\grao_DSC_0437_id106.png,RGB_JPG_QUEBRADOS,RGB_JPG_QUEBRADOS
C:\Users\eduar\Desktop\Soybe-main\data\com_fundo\RGB_JPG_Normais\grao_DSC_0392_id63.png,RGB_JPG_Normais,RGB_JPG_Normais
C:\Users\eduar\Desktop\Soybe-main\data\com_fundo\RGB_JPG_Normais\grao_DSC_0374_id3.png,RGB_JPG_Normais,RGB_JPG_Normais
C:\Users\eduar\Desktop\Soybe-main\data\com_fundo\RGB_JPG_IMPUREZAS\grao_DSC_0241_id220.png,RGB_JPG_IMPUREZAS,RGB_JPG_IMPUREZAS
C:\Users\eduar\Desktop\Soybe-main\data\com_fundo\RGB_JPG_CHOCHOS\grao_DSC_0361_id42.png,RGB_JPG_CHOCHOS,RGB_JPG_PURPURAS
C:\Users\eduar\Desktop\Soybe-main\data\com_fundo\RGB_JPG_Normais\grao_DSC_0677_id59.png,RGB_JPG_Normais,RGB_JPG_Normais
C:\Users\eduar\Desktop\Soybe-main\data\com_fundo\RGB_JPG_QUEBRADOS\grao_DSC_0435_id94.png,RGB_JPG_QUEBRADOS,RGB_JPG_QUEBRADOS
C:\Users\eduar\Desktop\Soybe-main\data\com_fundo\RGB_JPG_MAMONAS\grao_DSC_0187_id39.png,RGB_JPG_MAMONAS,RGB_JPG_MAMONAS
C:\Users\eduar\Desktop\Soybe-main\data\com_fundo\RGB_JPG_Normais\grao_DSC_0512_id63.png,RGB_JPG_Normais,RGB_JPG_Normais
C:\Users\eduar\Desktop\Soybe-main\data\com_fundo\RGB_JPG_IMPUREZAS\grao_DSC_0040_id134.png,RGB_JPG_IMPUREZAS,RGB_JPG_IMPUREZAS
C:\Users\eduar\Desktop\Soybe-main\data\com_fundo\RGB_JPG_Normais\grao_DSC_0621_id18.png,RGB_JPG_Normais,RGB_JPG_Normais
C:\Users\eduar\Desktop\Soybe-main\data\com_fundo\RGB_JPG_IMPUREZAS\grao_DSC_0244_id174.png,RGB_JPG_IMPUREZAS,RGB_JPG_IMPUREZAS
C:\Users\eduar\Desktop\Soybe-main\data\com_fundo\RGB_JPG_CHOCHOS\grao_DSC_0362_id54.png,RGB_JPG_CHOCHOS,RGB_JPG_CHOCHOS
C:\Users\eduar\Desktop\Soybe-main\data\com_fundo\RGB_JPG_IMPUREZAS\grao_DSC_0228_id263.png,RGB_JPG_IMPUREZAS,RGB_JPG_IMPUREZAS
C:\Users\eduar\Desktop\Soybe-main\data\com_fundo\RGB_JPG_IMPUREZAS\grao_DSC_0259_id243.png,RGB_JPG_IMPUREZAS,RGB_JPG_IMPUREZAS
C:\Users\eduar\Desktop\Soybe-main\data\com_fundo\RGB_JPG_Normais\grao_DSC_0654_id10.png,RGB_JPG_Normais,RGB_JPG_Normais
C:\Users\eduar\Desktop\Soybe-main\data\com_fundo\RGB_JPG_IMPUREZAS\grao_DSC_0254_id14.png,RGB_JPG_IMPUREZAS,RGB_JPG_IMPUREZAS
C:\Users\eduar\Desktop\Soybe-main\data\com_fundo\RGB_JPG_QUEBRADOS\grao_DSC_0407_id41.png,RGB_JPG_QUEBRADOS,RGB_JPG_QUEBRADOS
C:\Users\eduar\Desktop\Soybe-main\data\com_fundo\RGB_JPG_Normais\grao_DSC_0398_id82.png,RGB_JPG_Normais,RGB_JPG_Normais
C:\Users\eduar\Desktop\Soybe-main\data\com_fundo\RGB_JPG_Normais\grao_DSC_0512_id76.png,RGB_JPG_Normais,RGB_JPG_Normais
C:\Users\eduar\Desktop\Soybe-main\data\com_fundo\RGB_JPG_IMPUREZAS\grao_DSC_0005_id191.png,RGB_JPG_IMPUREZAS,RGB_JPG_IMPUREZAS
C:\Users\eduar\Desktop\Soybe-main\data\com_fundo\RGB_JPG_QUEBRADOS\grao_DSC_0441_id3.png,RGB_JPG_QUEBRADOS,RGB_JPG_QUEBRADOS
C:\Users\eduar\Desktop\Soybe-main\data\com_fundo\RGB_JPG_QUEBRADOS\grao_DSC_0422_id10.png,RGB_JPG_QUEBRADOS,RGB_JPG_QUEBRADOS
C:\Users\eduar\Desktop\Soybe-main\data\com_fundo\RGB_JPG_QUEBRADOS\grao_DSC_0421_id48.png,RGB_JPG_QUEBRADOS,RGB_JPG_QUEBRADOS
C:\Users\eduar\Desktop\Soybe-main\data\com_fundo\RGB_JPG_Normais\grao_DSC_0643_id86.png,RGB_JPG_Normais,RGB_JPG_Normais
C:\Users\eduar\Desktop\Soybe-main\data\com_fundo\RGB_JPG_Normais\grao_DSC_0631_id78.png,RGB_JPG_Normais,RGB_JPG_Normais
C:\Users\eduar\Desktop\Soybe-main\data\com_fundo\RGB_JPG_Normais\grao_DSC_0647_id51.png,RGB_JPG_Normais,RGB_JPG_Normais
C:\Users\eduar\Desktop\Soybe-main\data\com_fundo\RGB_JPG_IMPUREZAS\grao_DSC_0040_id60.png,RGB_JPG_IMPUREZAS,RGB_JPG_IMPUREZAS
C:\Users\eduar\Desktop\Soybe-main\data\com_fundo\RGB_JPG_CHOCHOS\grao_DSC_0320_id105.png,RGB_JPG_CHOCHOS,RGB_JPG_Normais
C:\Users\eduar\Desktop\Soybe-main\data\com_fundo\RGB_JPG_ESVERDEADO\grao_DSC_0302_id7.png,RGB_JPG_ESVERDEADO,RGB_JPG_CHOCHOS
C:\Users\eduar\Desktop\Soybe-main\data\com_fundo\RGB_JPG_Normais\grao_DSC_0509_id2.png,RGB_JPG_Normais,RGB_JPG_Normais
C:\Users\eduar\Desktop\Soybe-main\data\com_fundo\RGB_JPG_Normais\grao_DSC_0487_id33.png,RGB_JPG_Normais,RGB_JPG_Normais
C:\Users\eduar\Desktop\Soybe-main\data\com_fundo\RGB_JPG_CHOCHOS\grao_DSC_0342_id88.png,RGB_JPG_CHOCHOS,RGB_JPG_CHOCHOS
C:\Users\eduar\Desktop\Soybe-main\data\com_fundo\RGB_JPG_QUEBRADOS\grao_DSC_0439_id93.png,RGB_JPG_QUEBRADOS,RGB_JPG_QUEBRADOS
C:\Users\eduar\Desktop\Soybe-main\data\com_fundo\RGB_JPG_IMPUREZAS\grao_DSC_0023_id46.png,RGB_JPG_IMPUREZAS,RGB_JPG_IMPUREZAS
C:\Users\eduar\Desktop\Soybe-main\data\com_fundo\RGB_JPG_IMPUREZAS\grao_DSC_0287_id141.png,RGB_JPG_IMPUREZAS,RGB_JPG_IMPUREZAS
C:\Users\eduar\Desktop\Soybe-main\data\com_fundo\RGB_JPG_Normais\grao_DSC_0508_id10.png,RGB_JPG_Normais,RGB_JPG_Normais
C:\Users\eduar\Desktop\Soybe-main\data\com_fundo\RGB_JPG_Normais\grao_DSC_0659_id40.png,RGB_JPG_Normais,RGB_JPG_Normais
C:\Users\eduar\Desktop\Soybe-main\data\com_fundo\RGB_JPG_IMPUREZAS\grao_DSC_0293_id100.png,RGB_JPG_IMPUREZAS,RGB_JPG_IMPUREZAS
C:\Users\eduar\Desktop\Soybe-main\data\com_fundo\RGB_JPG_IMPUREZAS\grao_DSC_0284_id166.png,RGB_JPG_IMPUREZAS,RGB_JPG_IMPUREZAS
C:\Users\eduar\Desktop\Soybe-main\data\com_fundo\RGB_JPG_QUEBRADOS\grao_DSC_0445_id21.png,RGB_JPG_QUEBRADOS,RGB_JPG_QUEBRADOS
C:\Users\eduar\Desktop\Soybe-main\data\com_fundo\RGB_JPG_IMPUREZAS\grao_DSC_0245_id22.png,RGB_JPG_IMPUREZAS,RGB_JPG_IMPUREZAS
C:\Users\eduar\Desktop\Soybe-main\data\com_fundo\RGB_JPG_CHOCHOS\grao_DSC_0327_id99.png,RGB_JPG_CHOCHOS,RGB_JPG_CHOCHOS
C:\Users\eduar\Desktop\Soybe-main\data\com_fundo\RGB_JPG_PURPURAS\grao_DSC_0050_id50.png,RGB_JPG_PURPURAS,RGB_JPG_PURPURAS
C:\Users\eduar\Desktop\Soybe-main\data\com_fundo\RGB_JPG_CHOCHOS\grao_DSC_0342_id67.png,RGB_JPG_CHOCHOS,RGB_JPG_CHOCHOS
C:\Users\eduar\Desktop\Soybe-main\data\com_fundo\RGB_JPG_QUEBRADOS\grao_DSC_0426_id82.png,RGB_JPG_QUEBRADOS,RGB_JPG_QUEBRADOS
C:\Users\eduar\Desktop\Soybe-main\data\com_fundo\RGB_JPG_QUEBRADOS\grao_DSC_0450_id51.png,RGB_JPG_QUEBRADOS,RGB_JPG_QUEBRADOS
C:\Users\eduar\Desktop\Soybe-main\data\com_fundo\RGB_JPG_MAMONAS\grao_DSC_0190_id66.png,RGB_JPG_MAMONAS,RGB_JPG_MAMONAS
C:\Users\eduar\Desktop\Soybe-main\data\com_fundo\RGB_JPG_IMPUREZAS\grao_DSC_0240_id135.png,RGB_JPG_IMPUREZAS,RGB_JPG_IMPUREZAS
C:\Users\eduar\Desktop\Soybe-main\data\com_fundo\RGB_JPG_Normais\grao_DSC_0637_id72.png,RGB_JPG_Normais,RGB_JPG_Normais
C:\Users\eduar\Desktop\Soybe-main\data\com_fundo\RGB_JPG_IMPUREZAS\grao_DSC_0006_id159.png,RGB_JPG_IMPUREZAS,RGB_JPG_IMPUREZAS
C:\Users\eduar\Desktop\Soybe-main\data\com_fundo\RGB_JPG_IMPUREZAS\grao_DSC_0007_id109.png,RGB_JPG_IMPUREZAS,RGB_JPG_IMPUREZAS
C:\Users\eduar\Desktop\Soybe-main\data\com_fundo\RGB_JPG_IMPUREZAS\grao_DSC_0288_id202.png,RGB_JPG_IMPUREZAS,RGB_JPG_IMPUREZAS
C:\Users\eduar\Desktop\Soybe-main\data\com_fundo\RGB_JPG_IMPUREZAS\grao_DSC_0226_id4.png,RGB_JPG_IMPUREZAS,RGB_JPG_IMPUREZAS
C:\Users\eduar\Desktop\Soybe-main\data\com_fundo\RGB_JPG_IMPUREZAS\grao_DSC_0277_id177.png,RGB_JPG_IMPUREZAS,RGB_JPG_IMPUREZAS
C:\Users\eduar\Desktop\Soybe-main\data\com_fundo\RGB_JPG_IMPUREZAS\grao_DSC_0003_id160.png,RGB_JPG_IMPUREZAS,RGB_JPG_IMPUREZAS
C:\Users\eduar\Desktop\Soybe-main\data\com_fundo\RGB_JPG_CHOCHOS\grao_DSC_0346_id7.png,RGB_JPG_CHOCHOS,RGB_JPG_CHOCHOS
C:\Users\eduar\Desktop\Soybe-main\data\com_fundo\RGB_JPG_Normais\grao_DSC_0514_id64.png,RGB_JPG_Normais,RGB_JPG_Normais
C:\Users\eduar\Desktop\Soybe-main\data\com_fundo\RGB_JPG_IMPUREZAS\grao_DSC_0019_id58.png,RGB_JPG_IMPUREZAS,RGB_JPG_IMPUREZAS
C:\Users\eduar\Desktop\Soybe-main\data\com_fundo\RGB_JPG_QUEBRADOS\grao_DSC_0401_id24.png,RGB_JPG_QUEBRADOS,RGB_JPG_QUEBRADOS
C:\Users\eduar\Desktop\Soybe-main\data\com_fundo\RGB_JPG_CHOCHOS\grao_DSC_0322_id33.png,RGB_JPG_CHOCHOS,RGB_JPG_CHOCHOS
C:\Users\eduar\Desktop\Soybe-main\data\com_fundo\RGB_JPG_Normais\grao_DSC_0371_id37.png,RGB_JPG_Normais,RGB_JPG_Normais
C:\Users\eduar\Desktop\Soybe-main\data\com_fundo\RGB_JPG_Normais\grao_DSC_0630_id61.png,RGB_JPG_Normais,RGB_JPG_Normais
C:\Users\eduar\Desktop\Soybe-main\data\com_fundo\RGB_JPG_Normais\grao_DSC_0142_id110.png,RGB_JPG_Normais,RGB_JPG_Normais
C:\Users\eduar\Desktop\Soybe-main\data\com_fundo\RGB_JPG_CHOCHOS\grao_DSC_0329_id11.png,RGB_JPG_CHOCHOS,RGB_JPG_CHOCHOS
C:\Users\eduar\Desktop\Soybe-main\data\com_fundo\RGB_JPG_QUEBRADOS\grao_DSC_0408_id33.png,RGB_JPG_QUEBRADOS,RGB_JPG_QUEBRADOS
C:\Users\eduar\Desktop\Soybe-main\data\com_fundo\RGB_JPG_Normais\grao_DSC_0606_id45.png,RGB_JPG_Normais,RGB_JPG_Normais
C:\Users\eduar\Desktop\Soybe-main\data\com_fundo\RGB_JPG_CHOCHOS\grao_DSC_0355_id12.png,RGB_JPG_CHOCHOS,RGB_JPG_CHOCHOS
C:\Users\eduar\Desktop\Soybe-main\data\com_fundo\RGB_JPG_Normais\grao_DSC_0632_id13.png,RGB_JPG_Normais,RGB_JPG_Normais
C:\Users\eduar\Desktop\Soybe-main\data\com_fundo\RGB_JPG_Normais\grao_DSC_0142_id83.png,RGB_JPG_Normais,RGB_JPG_Normais
C:\Users\eduar\Desktop\Soybe-main\data\com_fundo\RGB_JPG_Normais\grao_DSC_0656_id61.png,RGB_JPG_Normais,RGB_JPG_Normais
C:\Users\eduar\Desktop\Soybe-main\data\com_fundo\RGB_JPG_CHOCHOS\grao_DSC_0346_id17.png,RGB_JPG_CHOCHOS,RGB_JPG_CHOCHOS
C:\Users\eduar\Desktop\Soybe-main\data\com_fundo\RGB_JPG_Normais\grao_DSC_0647_id11.png,RGB_JPG_Normais,RGB_JPG_Normais
C:\Users\eduar\Desktop\Soybe-main\data\com_fundo\RGB_JPG_IMPUREZAS\grao_DSC_0230_id264.png,RGB_JPG_IMPUREZAS,RGB_JPG_IMPUREZAS
C:\Users\eduar\Desktop\Soybe-main\data\com_fundo\RGB_JPG_Normais\grao_DSC_0666_id41.png,RGB_JPG_Normais,RGB_JPG_Normais
C:\Users\eduar\Desktop\Soybe-main\data\com_fundo\RGB_JPG_IMPUREZAS\grao_DSC_0237_id44.png,RGB_JPG_IMPUREZAS,RGB_JPG_IMPUREZAS
C:\Users\eduar\Desktop\Soybe-main\data\com_fundo\RGB_JPG_ESVERDEADO\grao_DSC_0307_id95.png,RGB_JPG_ESVERDEADO,RGB_JPG_ESVERDEADO
C:\Users\eduar\Desktop\Soybe-main\data\com_fundo\RGB_JPG_Normais\grao_DSC_0623_id78.png,RGB_JPG_Normais,RGB_JPG_Normais
C:\Users\eduar\Desktop\Soybe-main\data\com_fundo\RGB_JPG_Normais\grao_DSC_0500_id56.png,RGB_JPG_Normais,RGB_JPG_Normais
C:\Users\eduar\Desktop\Soybe-main\data\com_fundo\RGB_JPG_IMPUREZAS\grao_DSC_0017_id29.png,RGB_JPG_IMPUREZAS,RGB_JPG_IMPUREZAS
C:\Users\eduar\Desktop\Soybe-main\data\com_fundo\RGB_JPG_CHOCHOS\grao_DSC_0350_id99.png,RGB_JPG_CHOCHOS,RGB_JPG_CHOCHOS
C:\Users\eduar\Desktop\Soybe-main\data\com_fundo\RGB_JPG_IMPUREZAS\grao_DSC_0275_id39.png,RGB_JPG_IMPUREZAS,RGB_JPG_IMPUREZAS
C:\Users\eduar\Desktop\Soybe-main\data\com_fundo\RGB_JPG_Normais\grao_DSC_0643_id51.png,RGB_JPG_Normais,RGB_JPG_Normais
C:\Users\eduar\Desktop\Soybe-main\data\com_fundo\RGB_JPG_Normais\grao_DSC_0381_id68.png,RGB_JPG_Normais,RGB_JPG_Normais
C:\Users\eduar\Desktop\Soybe-main\data\com_fundo\RGB_JPG_IMPUREZAS\grao_DSC_0004_id155.png,RGB_JPG_IMPUREZAS,RGB_JPG_IMPUREZAS
C:\Users\eduar\Desktop\Soybe-main\data\com_fundo\RGB_JPG_CHOCHOS\grao_DSC_0360_id69.png,RGB_JPG_CHOCHOS,RGB_JPG_Normais
C:\Users\eduar\Desktop\Soybe-main\data\com_fundo\RGB_JPG_IMPUREZAS\grao_DSC_0010_id59.png,RGB_JPG_IMPUREZAS,RGB_JPG_IMPUREZAS
C:\Users\eduar\Desktop\Soybe-main\data\com_fundo\RGB_JPG_Normais\grao_DSC_0470_id10.png,RGB_JPG_Normais,RGB_JPG_Normais
C:\Users\eduar\Desktop\Soybe-main\data\com_fundo\RGB_JPG_CHOCHOS\grao_DSC_0328_id49.png,RGB_JPG_CHOCHOS,RGB_JPG_CHOCHOS
C:\Users\eduar\Desktop\Soybe-main\data\com_fundo\RGB_JPG_IMPUREZAS\grao_DSC_0251_id87.png,RGB_JPG_IMPUREZAS,RGB_JPG_IMPUREZAS
C:\Users\eduar\Desktop\Soybe-main\data\com_fundo\RGB_JPG_IMPUREZAS\grao_DSC_0282_id5.png,RGB_JPG_IMPUREZAS,RGB_JPG_IMPUREZAS
C:\Users\eduar\Desktop\Soybe-main\data\com_fundo\RGB_JPG_IMPUREZAS\grao_DSC_0237_id124.png,RGB_JPG_IMPUREZAS,RGB_JPG_IMPUREZAS
C:\Users\eduar\Desktop\Soybe-main\data\com_fundo\RGB_JPG_Normais\grao_DSC_0152_id22.png,RGB_JPG_Normais,RGB_JPG_Normais
C:\Users\eduar\Desktop\Soybe-main\data\com_fundo\RGB_JPG_CHOCHOS\grao_DSC_0328_id33.png,RGB_JPG_CHOCHOS,RGB_JPG_CHOCHOS
C:\Users\eduar\Desktop\Soybe-main\data\com_fundo\RGB_JPG_Normais\grao_DSC_0624_id105.png,RGB_JPG_Normais,RGB_JPG_Normais
C:\Users\eduar\Desktop\Soybe-main\data\com_fundo\RGB_JPG_Normais\grao_DSC_0477_id24.png,RGB_JPG_Normais,RGB_JPG_Normais
C:\Users\eduar\Desktop\Soybe-main\data\com_fundo\RGB_JPG_IMPUREZAS\grao_DSC_0029_id162.png,RGB_JPG_IMPUREZAS,RGB_JPG_IMPUREZAS
C:\Users\eduar\Desktop\Soybe-main\data\com_fundo\RGB_JPG_IMPUREZAS\grao_DSC_0295_id20.png,RGB_JPG_IMPUREZAS,RGB_JPG_IMPUREZAS
C:\Users\eduar\Desktop\Soybe-main\data\com_fundo\RGB_JPG_QUEBRADOS\grao_DSC_0427_id64.png,RGB_JPG_QUEBRADOS,RGB_JPG_QUEBRADOS
C:\Users\eduar\Desktop\Soybe-main\data\com_fundo\RGB_JPG_MAMONAS\grao_DSC_0190_id212.png,RGB_JPG_MAMONAS,RGB_JPG_MAMONAS
C:\Users\eduar\Desktop\Soybe-main\data\com_fundo\RGB_JPG_IMPUREZAS\grao_DSC_0292_id172.png,RGB_JPG_IMPUREZAS,RGB_JPG_IMPUREZAS
C:\Users\eduar\Desktop\Soybe-main\data\com_fundo\RGB_JPG_Normais\grao_DSC_0487_id36.png,RGB_JPG_Normais,RGB_JPG_Normais
C:\Users\eduar\Desktop\Soybe-main\data\com_fundo\RGB_JPG_IMPUREZAS\grao_DSC_0292_id90.png,RGB_JPG_IMPUREZAS,RGB_JPG_IMPUREZAS
C:\Users\eduar\Desktop\Soybe-main\data\com_fundo\RGB_JPG_IMPUREZAS\grao_DSC_0020_id99.png,RGB_JPG_IMPUREZAS,RGB_JPG_IMPUREZAS
C:\Users\eduar\Desktop\Soybe-main\data\com_fundo\RGB_JPG_Normais\grao_DSC_0390_id5.png,RGB_JPG_Normais,RGB_JPG_Normais
C:\Users\eduar\Desktop\Soybe-main\data\com_fundo\RGB_JPG_Normais\grao_DSC_0649_id57.png,RGB_JPG_Normais,RGB_JPG_Normais
C:\Users\eduar\Desktop\Soybe-main\data\com_fundo\RGB_JPG_Normais\grao_DSC_0618_id62.png,RGB_JPG_Normais,RGB_JPG_Normais
C:\Users\eduar\Desktop\Soybe-main\data\com_fundo\RGB_JPG_Normais\grao_DSC_0391_id49.png,RGB_JPG_Normais,RGB_JPG_Normais
C:\Users\eduar\Desktop\Soybe-main\data\com_fundo\RGB_JPG_IMPUREZAS\grao_DSC_0284_id80.png,RGB_JPG_IMPUREZAS,RGB_JPG_IMPUREZAS
C:\Users\eduar\Desktop\Soybe-main\data\com_fundo\RGB_JPG_IMPUREZAS\grao_DSC_0019_id185.png,RGB_JPG_IMPUREZAS,RGB_JPG_IMPUREZAS
C:\Users\eduar\Desktop\Soybe-main\data\com_fundo\RGB_JPG_IMPUREZAS\grao_DSC_0277_id41.png,RGB_JPG_IMPUREZAS,RGB_JPG_IMPUREZAS
C:\Users\eduar\Desktop\Soybe-main\data\com_fundo\RGB_JPG_IMPUREZAS\grao_DSC_0283_id8.png,RGB_JPG_IMPUREZAS,RGB_JPG_IMPUREZAS
C:\Users\eduar\Desktop\Soybe-main\data\com_fundo\RGB_JPG_QUEBRADOS\grao_DSC_0451_id42.png,RGB_JPG_QUEBRADOS,RGB_JPG_QUEBRADOS
C:\Users\eduar\Desktop\Soybe-main\data\com_fundo\RGB_JPG_IMPUREZAS\grao_DSC_0268_id86.png,RGB_JPG_IMPUREZAS,RGB_JPG_IMPUREZAS
C:\Users\eduar\Desktop\Soybe-main\data\com_fundo\RGB_JPG_Normais\grao_DSC_0162_id18.png,RGB_JPG_Normais,RGB_JPG_Normais
C:\Users\eduar\Desktop\Soybe-main\data\com_fundo\RGB_JPG_Normais\grao_DSC_0502_id97.png,RGB_JPG_Normais,RGB_JPG_Normais
C:\Users\eduar\Desktop\Soybe-main\data\com_fundo\RGB_JPG_Normais\grao_DSC_0519_id45.png,RGB_JPG_Normais,RGB_JPG_Normais
C:\Users\eduar\Desktop\Soybe-main\data\com_fundo\RGB_JPG_IMPUREZAS\grao_DSC_0296_id224.png,RGB_JPG_IMPUREZAS,RGB_JPG_IMPUREZAS
C:\Users\eduar\Desktop\Soybe-main\data\com_fundo\RGB_JPG_IMPUREZAS\grao_DSC_0273_id97.png,RGB_JPG_IMPUREZAS,RGB_JPG_IMPUREZAS
C:\Users\eduar\Desktop\Soybe-main\data\com_fundo\RGB_JPG_Normais\grao_DSC_0213_id65.png,RGB_JPG_Normais,RGB_JPG_PURPURAS
C:\Users\eduar\Desktop\Soybe-main\data\com_fundo\RGB_JPG_Normais\grao_DSC_0621_id104.png,RGB_JPG_Normais,RGB_JPG_Normais
C:\Users\eduar\Desktop\Soybe-main\data\com_fundo\RGB_JPG_ESVERDEADO\grao_DSC_0305_id39.png,RGB_JPG_ESVERDEADO,RGB_JPG_ESVERDEADO
C:\Users\eduar\Desktop\Soybe-main\data\com_fundo\RGB_JPG_Normais\grao_DSC_0386_id67.png,RGB_JPG_Normais,RGB_JPG_Normais
C:\Users\eduar\Desktop\Soybe-main\data\com_fundo\RGB_JPG_QUEBRADOS\grao_DSC_0172_id62.png,RGB_JPG_QUEBRADOS,RGB_JPG_QUEBRADOS
C:\Users\eduar\Desktop\Soybe-main\data\com_fundo\RGB_JPG_IMPUREZAS\grao_DSC_0279_id44.png,RGB_JPG_IMPUREZAS,RGB_JPG_IMPUREZAS
C:\Users\eduar\Desktop\Soybe-main\data\com_fundo\RGB_JPG_Normais\grao_DSC_0652_id96.png,RGB_JPG_Normais,RGB_JPG_Normais
C:\Users\eduar\Desktop\Soybe-main\data\com_fundo\RGB_JPG_IMPUREZAS\grao_DSC_0031_id42.png,RGB_JPG_IMPUREZAS,RGB_JPG_IMPUREZAS
C:\Users\eduar\Desktop\Soybe-main\data\com_fundo\RGB_JPG_IMPUREZAS\grao_DSC_0238_id62.png,RGB_JPG_IMPUREZAS,RGB_JPG_IMPUREZAS
C:\Users\eduar\Desktop\Soybe-main\data\com_fundo\RGB_JPG_IMPUREZAS\grao_DSC_0244_id5.png,RGB_JPG_IMPUREZAS,RGB_JPG_IMPUREZAS
C:\Users\eduar\Desktop\Soybe-main\data\com_fundo\RGB_JPG_IMPUREZAS\grao_DSC_0228_id286.png,RGB_JPG_IMPUREZAS,RGB_JPG_IMPUREZAS
C:\Users\eduar\Desktop\Soybe-main\data\com_fundo\RGB_JPG_Normais\grao_DSC_0380_id73.png,RGB_JPG_Normais,RGB_JPG_Normais
C:\Users\eduar\Desktop\Soybe-main\data\com_fundo\RGB_JPG_IMPUREZAS\grao_DSC_0293_id174.png,RGB_JPG_IMPUREZAS,RGB_JPG_IMPUREZAS
C:\Users\eduar\Desktop\Soybe-main\data\com_fundo\RGB_JPG_Normais\grao_DSC_0478_id78.png,RGB_JPG_Normais,RGB_JPG_Normais
C:\Users\eduar\Desktop\Soybe-main\data\com_fundo\RGB_JPG_QUEBRADOS\grao_DSC_0420_id77.png,RGB_JPG_QUEBRADOS,RGB_JPG_QUEBRADOS
C:\Users\eduar\Desktop\Soybe-main\data\com_fundo\RGB_JPG_Normais\grao_DSC_0650_id15.png,RGB_JPG_Normais,RGB_JPG_Normais
C:\Users\eduar\Desktop\Soybe-main\data\com_fundo\RGB_JPG_CHOCHOS\grao_DSC_0350_id66.png,RGB_JPG_CHOCHOS,RGB_JPG_CHOCHOS
C:\Users\eduar\Desktop\Soybe-main\data\com_fundo\RGB_JPG_IMPUREZAS\grao_DSC_0227_id190.png,RGB_JPG_IMPUREZAS,RGB_JPG_IMPUREZAS
C:\Users\eduar\Desktop\Soybe-main\data\com_fundo\RGB_JPG_IMPUREZAS\grao_DSC_0283_id225.png,RGB_JPG_IMPUREZAS,RGB_JPG_IMPUREZAS
C:\Users\eduar\Desktop\Soybe-main\data\com_fundo\RGB_JPG_CHOCHOS\grao_DSC_0315_id33.png,RGB_JPG_CHOCHOS,RGB_JPG_CHOCHOS
C:\Users\eduar\Desktop\Soybe-main\data\com_fundo\RGB_JPG_CHOCHOS\grao_DSC_0331_id112.png,RGB_JPG_CHOCHOS,RGB_JPG_CHOCHOS
C:\Users\eduar\Desktop\Soybe-main\data\com_fundo\RGB_JPG_QUEBRADOS\grao_DSC_0435_id84.png,RGB_JPG_QUEBRADOS,RGB_JPG_QUEBRADOS
C:\Users\eduar\Desktop\Soybe-main\data\com_fundo\RGB_JPG_Normais\grao_DSC_0161_id99.png,RGB_JPG_Normais,RGB_JPG_Normais
C:\Users\eduar\Desktop\Soybe-main\data\com_fundo\RGB_JPG_QUEBRADOS\grao_DSC_0423_id102.png,RGB_JPG_QUEBRADOS,RGB_JPG_QUEBRADOS
C:\Users\eduar\Desktop\Soybe-main\data\com_fundo\RGB_JPG_QUEBRADOS\grao_DSC_0404_id14.png,RGB_JPG_QUEBRADOS,RGB_JPG_QUEBRADOS
C:\Users\eduar\Desktop\Soybe-main\data\com_fundo\RGB_JPG_Normais\grao_DSC_0639_id42.png,RGB_JPG_Normais,RGB_JPG_Normais
C:\Users\eduar\Desktop\Soybe-main\data\com_fundo\RGB_JPG_QUEBRADOS\grao_DSC_0421_id38.png,RGB_JPG_QUEBRADOS,RGB_JPG_QUEBRADOS
C:\Users\eduar\Desktop\Soybe-main\data\com_fundo\RGB_JPG_Normais\grao_DSC_0397_id34.png,RGB_JPG_Normais,RGB_JPG_Normais
C:\Users\eduar\Desktop\Soybe-main\data\com_fundo\RGB_JPG_Normais\grao_DSC_0501_id47.png,RGB_JPG_Normais,RGB_JPG_Normais
C:\Users\eduar\Desktop\Soybe-main\data\com_fundo\RGB_JPG_IMPUREZAS\grao_DSC_0265_id6.png,RGB_JPG_IMPUREZAS,RGB_JPG_IMPUREZAS
C:\Users\eduar\Desktop\Soybe-main\data\com_fundo\RGB_JPG_Normais\grao_DSC_0501_id41.png,RGB_JPG_Normais,RGB_JPG_Normais
C:\Users\eduar\Desktop\Soybe-main\data\com_fundo\RGB_JPG_IMPUREZAS\grao_DSC_0270_id158.png,RGB_JPG_IMPUREZAS,RGB_JPG_IMPUREZAS
C:\Users\eduar\Desktop\Soybe-main\data\com_fundo\RGB_JPG_Normais\grao_DSC_0640_id20.png,RGB_JPG_Normais,RGB_JPG_Normais
C:\Users\eduar\Desktop\Soybe-main\data\com_fundo\RGB_JPG_Normais\grao_DSC_0322_id75.png,RGB_JPG_Normais,RGB_JPG_CHOCHOS
C:\Users\eduar\Desktop\Soybe-main\data\com_fundo\RGB_JPG_CHOCHOS\grao_DSC_0167_id87.png,RGB_JPG_CHOCHOS,RGB_JPG_CHOCHOS
C:\Users\eduar\Desktop\Soybe-main\data\com_fundo\RGB_JPG_CHOCHOS\grao_DSC_0329_id41.png,RGB_JPG_CHOCHOS,RGB_JPG_CHOCHOS
C:\Users\eduar\Desktop\Soybe-main\data\com_fundo\RGB_JPG_Normais\grao_DSC_0492_id65.png,RGB_JPG_Normais,RGB_JPG_Normais
C:\Users\eduar\Desktop\Soybe-main\data\com_fundo\RGB_JPG_ESVERDEADO\grao_DSC_0309_id16.png,RGB_JPG_ESVERDEADO,RGB_JPG_ESVERDEADO
C:\Users\eduar\Desktop\Soybe-main\data\com_fundo\RGB_JPG_IMPUREZAS\grao_DSC_0294_id148.png,RGB_JPG_IMPUREZAS,RGB_JPG_IMPUREZAS
C:\Users\eduar\Desktop\Soybe-main\data\com_fundo\RGB_JPG_Normais\grao_DSC_0487_id66.png,RGB_JPG_Normais,RGB_JPG_Normais
C:\Users\eduar\Desktop\Soybe-main\data\com_fundo\RGB_JPG_IMPUREZAS\grao_DSC_0038_id212.png,RGB_JPG_IMPUREZAS,RGB_JPG_IMPUREZAS
C:\Users\eduar\Desktop\Soybe-main\data\com_fundo\RGB_JPG_CHOCHOS\grao_DSC_0327_id106.png,RGB_JPG_CHOCHOS,RGB_JPG_CHOCHOS
C:\Users\eduar\Desktop\Soybe-main\data\com_fundo\RGB_JPG_Normais\grao_DSC_0648_id89.png,RGB_JPG_Normais,RGB_JPG_Normais
C:\Users\eduar\Desktop\Soybe-main\data\com_fundo\RGB_JPG_IMPUREZAS\grao_DSC_0225_id186.png,RGB_JPG_IMPUREZAS,RGB_JPG_IMPUREZAS
C:\Users\eduar\Desktop\Soybe-main\data\com_fundo\RGB_JPG_Normais\grao_DSC_0518_id39.png,RGB_JPG_Normais,RGB_JPG_Normais
C:\Users\eduar\Desktop\Soybe-main\data\com_fundo\RGB_JPG_IMPUREZAS\grao_DSC_0249_id155.png,RGB_JPG_IMPUREZAS,RGB_JPG_IMPUREZAS
C:\Users\eduar\Desktop\Soybe-main\data\com_fundo\RGB_JPG_CHOCHOS\grao_DSC_0349_id86.png,RGB_JPG_CHOCHOS,RGB_JPG_CHOCHOS
C:\Users\eduar\Desktop\Soybe-main\data\com_fundo\RGB_JPG_Normais\grao_DSC_0390_id115.png,RGB_JPG_Normais,RGB_JPG_Normais
C:\Users\eduar\Desktop\Soybe-main\data\com_fundo\RGB_JPG_IMPUREZAS\grao_DSC_0027_id45.png,RGB_JPG_IMPUREZAS,RGB_JPG_IMPUREZAS
C:\Users\eduar\Desktop\Soybe-main\data\com_fundo\RGB_JPG_IMPUREZAS\grao_DSC_0002_id152.png,RGB_JPG_IMPUREZAS,RGB_JPG_IMPUREZAS
C:\Users\eduar\Desktop\Soybe-main\data\com_fundo\RGB_JPG_CHOCHOS\grao_DSC_0323_id128.png,RGB_JPG_CHOCHOS,RGB_JPG_CHOCHOS
C:\Users\eduar\Desktop\Soybe-main\data\com_fundo\RGB_JPG_Normais\grao_DSC_0649_id26.png,RGB_JPG_Normais,RGB_JPG_Normais
C:\Users\eduar\Desktop\Soybe-main\data\com_fundo\RGB_JPG_CHOCHOS\grao_DSC_0347_id90.png,RGB_JPG_CHOCHOS,RGB_JPG_CHOCHOS
C:\Users\eduar\Desktop\Soybe-main\data\com_fundo\RGB_JPG_QUEBRADOS\grao_DSC_0402_id16.png,RGB_JPG_QUEBRADOS,RGB_JPG_QUEBRADOS
C:\Users\eduar\Desktop\Soybe-main\data\com_fundo\RGB_JPG_CHOCHOS\grao_DSC_0344_id32.png,RGB_JPG_CHOCHOS,RGB_JPG_CHOCHOS
C:\Users\eduar\Desktop\Soybe-main\data\com_fundo\RGB_JPG_Normais\grao_DSC_0471_id65.png,RGB_JPG_Normais,RGB_JPG_Normais
C:\Users\eduar\Desktop\Soybe-main\data\com_fundo\RGB_JPG_Normais\grao_DSC_0656_id71.png,RGB_JPG_Normais,RGB_JPG_Normais
C:\Users\eduar\Desktop\Soybe-main\data\com_fundo\RGB_JPG_Normais\grao_DSC_0370_id65.png,RGB_JPG_Normais,RGB_JPG_Normais
C:\Users\eduar\Desktop\Soybe-main\data\com_fundo\RGB_JPG_QUEBRADOS\grao_DSC_0464_id38.png,RGB_JPG_QUEBRADOS,RGB_JPG_QUEBRADOS
C:\Users\eduar\Desktop\Soybe-main\data\com_fundo\RGB_JPG_Normais\grao_DSC_0470_id47.png,RGB_JPG_Normais,RGB_JPG_Normais
C:\Users\eduar\Desktop\Soybe-main\data\com_fundo\RGB_JPG_Normais\grao_DSC_0495_id37.png,RGB_JPG_Normais,RGB_JPG_Normais
C:\Users\eduar\Desktop\Soybe-main\data\com_fundo\RGB_JPG_Normais\grao_DSC_0367_id90.png,RGB_JPG_Normais,RGB_JPG_ESVERDEADO
C:\Users\eduar\Desktop\Soybe-main\data\com_fundo\RGB_JPG_Normais\grao_DSC_0615_id17.png,RGB_JPG_Normais,RGB_JPG_Normais
C:\Users\eduar\Desktop\Soybe-main\data\com_fundo\RGB_JPG_Normais\grao_DSC_0387_id12.png,RGB_JPG_Normais,RGB_JPG_Normais
C:\Users\eduar\Desktop\Soybe-main\data\com_fundo\RGB_JPG_QUEBRADOS\grao_DSC_0404_id13.png,RGB_JPG_QUEBRADOS,RGB_JPG_QUEBRADOS
C:\Users\eduar\Desktop\Soybe-main\data\com_fundo\RGB_JPG_QUEBRADOS\grao_DSC_0169_id8.png,RGB_JPG_QUEBRADOS,RGB_JPG_QUEBRADOS
C:\Users\eduar\Desktop\Soybe-main\data\com_fundo\RGB_JPG_Normais\grao_DSC_0643_id57.png,RGB_JPG_Normais,RGB_JPG_Normais
C:\Users\eduar\Desktop\Soybe-main\data\com_fundo\RGB_JPG_Normais\grao_DSC_0484_id34.png,RGB_JPG_Normais,RGB_JPG_Normais
C:\Users\eduar\Desktop\Soybe-main\data\com_fundo\RGB_JPG_Normais\grao_DSC_0373_id54.png,RGB_JPG_Normais,RGB_JPG_Normais
C:\Users\eduar\Desktop\Soybe-main\data\com_fundo\RGB_JPG_CHOCHOS\grao_DSC_0339_id32.png,RGB_JPG_CHOCHOS,RGB_JPG_CHOCHOS
C:\Users\eduar\Desktop\Soybe-main\data\com_fundo\RGB_JPG_QUEBRADOS\grao_DSC_0437_id57.png,RGB_JPG_QUEBRADOS,RGB_JPG_QUEBRADOS
C:\Users\eduar\Desktop\Soybe-main\data\com_fundo\RGB_JPG_Normais\grao_DSC_0161_id26.png,RGB_JPG_Normais,RGB_JPG_Normais
C:\Users\eduar\Desktop\Soybe-main\data\com_fundo\RGB_JPG_IMPUREZAS\grao_DSC_0275_id17.png,RGB_JPG_IMPUREZAS,RGB_JPG_IMPUREZAS
C:\Users\eduar\Desktop\Soybe-main\data\com_fundo\RGB_JPG_IMPUREZAS\grao_DSC_0009_id84.png,RGB_JPG_IMPUREZAS,RGB_JPG_IMPUREZAS
C:\Users\eduar\Desktop\Soybe-main\data\com_fundo\RGB_JPG_Normais\grao_DSC_0140_id41.png,RGB_JPG_Normais,RGB_JPG_Normais
C:\Users\eduar\Desktop\Soybe-main\data\com_fundo\RGB_JPG_IMPUREZAS\grao_DSC_0002_id268.png,RGB_JPG_IMPUREZAS,RGB_JPG_IMPUREZAS
C:\Users\eduar\Desktop\Soybe-main\data\com_fundo\RGB_JPG_IMPUREZAS\grao_DSC_0024_id91.png,RGB_JPG_IMPUREZAS,RGB_JPG_IMPUREZAS
C:\Users\eduar\Desktop\Soybe-main\data\com_fundo\RGB_JPG_Normais\grao_DSC_0615_id28.png,RGB_JPG_Normais,RGB_JPG_Normais
C:\Users\eduar\Desktop\Soybe-main\data\com_fundo\RGB_JPG_Normais\grao_DSC_0505_id1.png,RGB_JPG_Normais,RGB_JPG_Normais
C:\Users\eduar\Desktop\Soybe-main\data\com_fundo\RGB_JPG_IMPUREZAS\grao_DSC_0240_id74.png,RGB_JPG_IMPUREZAS,RGB_JPG_IMPUREZAS
C:\Users\eduar\Desktop\Soybe-main\data\com_fundo\RGB_JPG_Normais\grao_DSC_0634_id21.png,RGB_JPG_Normais,RGB_JPG_Normais
C:\Users\eduar\Desktop\Soybe-main\data\com_fundo\RGB_JPG_Normais\grao_DSC_0637_id101.png,RGB_JPG_Normais,RGB_JPG_Normais
C:\Users\eduar\Desktop\Soybe-main\data\com_fundo\RGB_JPG_Normais\grao_DSC_0393_id92.png,RGB_JPG_Normais,RGB_JPG_Normais
C:\Users\eduar\Desktop\Soybe-main\data\com_fundo\RGB_JPG_Normais\grao_DSC_0654_id22.png,RGB_JPG_Normais,RGB_JPG_Normais
C:\Users\eduar\Desktop\Soybe-main\data\com_fundo\RGB_JPG_IMPUREZAS\grao_DSC_0036_id13.png,RGB_JPG_IMPUREZAS,RGB_JPG_IMPUREZAS
C:\Users\eduar\Desktop\Soybe-main\data\com_fundo\RGB_JPG_CHOCHOS\grao_DSC_0327_id27.png,RGB_JPG_CHOCHOS,RGB_JPG_CHOCHOS
C:\Users\eduar\Desktop\Soybe-main\data\com_fundo\RGB_JPG_IMPUREZAS\grao_DSC_0246_id177.png,RGB_JPG_IMPUREZAS,RGB_JPG_IMPUREZAS
C:\Users\eduar\Desktop\Soybe-main\data\com_fundo\RGB_JPG_CHOCHOS\grao_DSC_0339_id86.png,RGB_JPG_CHOCHOS,RGB_JPG_CHOCHOS
C:\Users\eduar\Desktop\Soybe-main\data\com_fundo\RGB_JPG_IMPUREZAS\grao_DSC_0038_id39.png,RGB_JPG_IMPUREZAS,RGB_JPG_IMPUREZAS
C:\Users\eduar\Desktop\Soybe-main\data\com_fundo\RGB_JPG_Normais\grao_DSC_0511_id8.png,RGB_JPG_Normais,RGB_JPG_Normais
C:\Users\eduar\Desktop\Soybe-main\data\com_fundo\RGB_JPG_Normais\grao_DSC_0322_id84.png,RGB_JPG_Normais,RGB_JPG_CHOCHOS
C:\Users\eduar\Desktop\Soybe-main\data\com_fundo\RGB_JPG_Normais\grao_DSC_0514_id66.png,RGB_JPG_Normais,RGB_JPG_Normais
C:\Users\eduar\Desktop\Soybe-main\data\com_fundo\RGB_JPG_IMPUREZAS\grao_DSC_0235_id3.png,RGB_JPG_IMPUREZAS,RGB_JPG_IMPUREZAS
C:\Users\eduar\Desktop\Soybe-main\data\com_fundo\RGB_JPG_IMPUREZAS\grao_DSC_0239_id167.png,RGB_JPG_IMPUREZAS,RGB_JPG_IMPUREZAS
C:\Users\eduar\Desktop\Soybe-main\data\com_fundo\RGB_JPG_MAMONAS\grao_DSC_0186_id8.png,RGB_JPG_MAMONAS,RGB_JPG_MAMONAS
C:\Users\eduar\Desktop\Soybe-main\data\com_fundo\RGB_JPG_IMPUREZAS\grao_DSC_0009_id3.png,RGB_JPG_IMPUREZAS,RGB_JPG_IMPUREZAS
C:\Users\eduar\Desktop\Soybe-main\data\com_fundo\RGB_JPG_Normais\grao_DSC_0144_id37.png,RGB_JPG_Normais,RGB_JPG_Normais
C:\Users\eduar\Desktop\Soybe-main\data\com_fundo\RGB_JPG_QUEBRADOS\grao_DSC_0448_id37.png,RGB_JPG_QUEBRADOS,RGB_JPG_QUEBRADOS
C:\Users\eduar\Desktop\Soybe-main\data\com_fundo\RGB_JPG_IMPUREZAS\grao_DSC_0293_id150.png,RGB_JPG_IMPUREZAS,RGB_JPG_IMPUREZAS
C:\Users\eduar\Desktop\Soybe-main\data\com_fundo\RGB_JPG_IMPUREZAS\grao_DSC_0018_id213.png,RGB_JPG_IMPUREZAS,RGB_JPG_IMPUREZAS
C:\Users\eduar\Desktop\Soybe-main\data\com_fundo\RGB_JPG_Normais\grao_DSC_0649_id9.png,RGB_JPG_Normais,RGB_JPG_Normais
C:\Users\eduar\Desktop\Soybe-main\data\com_fundo\RGB_JPG_Normais\grao_DSC_0322_id71.png,RGB_JPG_Normais,RGB_JPG_CHOCHOS
C:\Users\eduar\Desktop\Soybe-main\data\com_fundo\RGB_JPG_Normais\grao_DSC_0134_id82.png,RGB_JPG_Normais,RGB_JPG_Normais
C:\Users\eduar\Desktop\Soybe-main\data\com_fundo\RGB_JPG_Normais\grao_DSC_0143_id110.png,RGB_JPG_Normais,RGB_JPG_Normais
C:\Users\eduar\Desktop\Soybe-main\data\com_fundo\RGB_JPG_CHOCHOS\grao_DSC_0327_id17.png,RGB_JPG_CHOCHOS,RGB_JPG_CHOCHOS
C:\Users\eduar\Desktop\Soybe-main\data\com_fundo\RGB_JPG_CHOCHOS\grao_DSC_0341_id54.png,RGB_JPG_CHOCHOS,RGB_JPG_CHOCHOS
C:\Users\eduar\Desktop\Soybe-main\data\com_fundo\RGB_JPG_Normais\grao_DSC_0649_id17.png,RGB_JPG_Normais,RGB_JPG_Normais
C:\Users\eduar\Desktop\Soybe-main\data\com_fundo\RGB_JPG_IMPUREZAS\grao_DSC_0283_id83.png,RGB_JPG_IMPUREZAS,RGB_JPG_IMPUREZAS
C:\Users\eduar\Desktop\Soybe-main\data\com_fundo\RGB_JPG_QUEBRADOS\grao_DSC_0401_id51.png,RGB_JPG_QUEBRADOS,RGB_JPG_QUEBRADOS
C:\Users\eduar\Desktop\Soybe-main\data\com_fundo\RGB_JPG_QUEBRADOS\grao_DSC_0427_id54.png,RGB_JPG_QUEBRADOS,RGB_JPG_QUEBRADOS
C:\Users\eduar\Desktop\Soybe-main\data\com_fundo\RGB_JPG_Normais\grao_DSC_0518_id30.png,RGB_JPG_Normais,RGB_JPG_Normais
C:\Users\eduar\Desktop\Soybe-main\data\com_fundo\RGB_JPG_IMPUREZAS\grao_DSC_0286_id55.png,RGB_JPG_IMPUREZAS,RGB_JPG_IMPUREZAS
C:\Users\eduar\Desktop\Soybe-main\data\com_fundo\RGB_JPG_IMPUREZAS\grao_DSC_0277_id63.png,RGB_JPG_IMPUREZAS,RGB_JPG_IMPUREZAS
C:\Users\eduar\Desktop\Soybe-main\data\com_fundo\RGB_JPG_Normais\grao_DSC_0639_id58.png,RGB_JPG_Normais,RGB_JPG_Normais
C:\Users\eduar\Desktop\Soybe-main\data\com_fundo\RGB_JPG_IMPUREZAS\grao_DSC_0270_id213.png,RGB_JPG_IMPUREZAS,RGB_JPG_IMPUREZAS
C:\Users\eduar\Desktop\Soybe-main\data\com_fundo\RGB_JPG_QUEBRADOS\grao_DSC_0427_id68.png,RGB_JPG_QUEBRADOS,RGB_JPG_QUEBRADOS
C:\Users\eduar\Desktop\Soybe-main\data\com_fundo\RGB_JPG_CHOCHOS\grao_DSC_0362_id95.png,RGB_JPG_CHOCHOS,RGB_JPG_CHOCHOS
C:\Users\eduar\Desktop\Soybe-main\data\com_fundo\RGB_JPG_IMPUREZAS\grao_DSC_0237_id253.png,RGB_JPG_IMPUREZAS,RGB_JPG_IMPUREZAS
C:\Users\eduar\Desktop\Soybe-main\data\com_fundo\RGB_JPG_IMPUREZAS\grao_DSC_0040_id63.png,RGB_JPG_IMPUREZAS,RGB_JPG_IMPUREZAS
C:\Users\eduar\Desktop\Soybe-main\data\com_fundo\RGB_JPG_Normais\grao_DSC_0217_id20.png,RGB_JPG_Normais,RGB_JPG_Normais
C:\Users\eduar\Desktop\Soybe-main\data\com_fundo\RGB_JPG_IMPUREZAS\grao_DSC_0241_id174.png,RGB_JPG_IMPUREZAS,RGB_JPG_IMPUREZAS
C:\Users\eduar\Desktop\Soybe-main\data\com_fundo\RGB_JPG_QUEBRADOS\grao_DSC_0173_id127.png,RGB_JPG_QUEBRADOS,RGB_JPG_QUEBRADOS
C:\Users\eduar\Desktop\Soybe-main\data\com_fundo\RGB_JPG_Normais\grao_DSC_0649_id30.png,RGB_JPG_Normais,RGB_JPG_Normais
C:\Users\eduar\Desktop\Soybe-main\data\com_fundo\RGB_JPG_IMPUREZAS\grao_DSC_0023_id89.png,RGB_JPG_IMPUREZAS,RGB_JPG_IMPUREZAS
C:\Users\eduar\Desktop\Soybe-main\data\com_fundo\RGB_JPG_IMPUREZAS\grao_DSC_0241_id51.png,RGB_JPG_IMPUREZAS,RGB_JPG_IMPUREZAS
C:\Users\eduar\Desktop\Soybe-main\data\com_fundo\RGB_JPG_IMPUREZAS\grao_DSC_0293_id304.png,RGB_JPG_IMPUREZAS,RGB_JPG_IMPUREZAS
C:\Users\eduar\Desktop\Soybe-main\data\com_fundo\RGB_JPG_ESVERDEADO\grao_DSC_0310_id43.png,RGB_JPG_ESVERDEADO,RGB_JPG_CHOCHOS
C:\Users\eduar\Desktop\Soybe-main\data\com_fundo\RGB_JPG_CHOCHOS\grao_DSC_0313_id82.png,RGB_JPG_CHOCHOS,RGB_JPG_CHOCHOS
C:\Users\eduar\Desktop\Soybe-main\data\com_fundo\RGB_JPG_Normais\grao_DSC_0479_id35.png,RGB_JPG_Normais,RGB_JPG_Normais
C:\Users\eduar\Desktop\Soybe-main\data\com_fundo\RGB_JPG_IMPUREZAS\grao_DSC_0242_id168.png,RGB_JPG_IMPUREZAS,RGB_JPG_IMPUREZAS
C:\Users\eduar\Desktop\Soybe-main\data\com_fundo\RGB_JPG_Normais\grao_DSC_0489_id92.png,RGB_JPG_Normais,RGB_JPG_Normais
C:\Users\eduar\Desktop\Soybe-main\data\com_fundo\RGB_JPG_Normais\grao_DSC_0664_id60.png,RGB_JPG_Normais,RGB_JPG_Normais
C:\Users\eduar\Desktop\Soybe-main\data\com_fundo\RGB_JPG_QUEBRADOS\grao_DSC_0464_id22.png,RGB_JPG_QUEBRADOS,RGB_JPG_QUEBRADOS
C:\Users\eduar\Desktop\Soybe-main\data\com_fundo\RGB_JPG_CHOCHOS\grao_DSC_0342_id20.png,RGB_JPG_CHOCHOS,RGB_JPG_CHOCHOS
C:\Users\eduar\Desktop\Soybe-main\data\com_fundo\RGB_JPG_IMPUREZAS\grao_DSC_0004_id143.png,RGB_JPG_IMPUREZAS,RGB_JPG_IMPUREZAS
C:\Users\eduar\Desktop\Soybe-main\data\com_fundo\RGB_JPG_QUEBRADOS\grao_DSC_0401_id82.png,RGB_JPG_QUEBRADOS,RGB_JPG_Normais
C:\Users\eduar\Desktop\Soybe-main\data\com_fundo\RGB_JPG_Normais\grao_DSC_0509_id54.png,RGB_JPG_Normais,RGB_JPG_Normais
C:\Users\eduar\Desktop\Soybe-main\data\com_fundo\RGB_JPG_QUEBRADOS\grao_DSC_0172_id95.png,RGB_JPG_QUEBRADOS,RGB_JPG_QUEBRADOS
C:\Users\eduar\Desktop\Soybe-main\data\com_fundo\RGB_JPG_Normais\grao_DSC_0518_id19.png,RGB_JPG_Normais,RGB_JPG_Normais
C:\Users\eduar\Desktop\Soybe-main\data\com_fundo\RGB_JPG_IMPUREZAS\grao_DSC_0238_id108.png,RGB_JPG_IMPUREZAS,RGB_JPG_IMPUREZAS
C:\Users\eduar\Desktop\Soybe-main\data\com_fundo\RGB_JPG_CHOCHOS\grao_DSC_0323_id7.png,RGB_JPG_CHOCHOS,RGB_JPG_CHOCHOS
C:\Users\eduar\Desktop\Soybe-main\data\com_fundo\RGB_JPG_CHOCHOS\grao_DSC_0364_id57.png,RGB_JPG_CHOCHOS,RGB_JPG_CHOCHOS
C:\Users\eduar\Desktop\Soybe-main\data\com_fundo\RGB_JPG_Normais\grao_DSC_0400_id98.png,RGB_JPG_Normais,RGB_JPG_Normais
C:\Users\eduar\Desktop\Soybe-main\data\com_fundo\RGB_JPG_Normais\grao_DSC_0614_id10.png,RGB_JPG_Normais,RGB_JPG_Normais
C:\Users\eduar\Desktop\Soybe-main\data\com_fundo\RGB_JPG_QUEBRADOS\grao_DSC_0423_id50.png,RGB_JPG_QUEBRADOS,RGB_JPG_QUEBRADOS
C:\Users\eduar\Desktop\Soybe-main\data\com_fundo\RGB_JPG_Normais\grao_DSC_0516_id78.png,RGB_JPG_Normais,RGB_JPG_Normais
C:\Users\eduar\Desktop\Soybe-main\data\com_fundo\RGB_JPG_Normais\grao_DSC_0153_id87.png,RGB_JPG_Normais,RGB_JPG_Normais
C:\Users\eduar\Desktop\Soybe-main\data\com_fundo\RGB_JPG_Normais\grao_DSC_0654_id43.png,RGB_JPG_Normais,RGB_JPG_Normais
C:\Users\eduar\Desktop\Soybe-main\data\com_fundo\RGB_JPG_IMPUREZAS\grao_DSC_0227_id92.png,RGB_JPG_IMPUREZAS,RGB_JPG_IMPUREZAS
C:\Users\eduar\Desktop\Soybe-main\data\com_fundo\RGB_JPG_IMPUREZAS\grao_DSC_0242_id220.png,RGB_JPG_IMPUREZAS,RGB_JPG_IMPUREZAS
C:\Users\eduar\Desktop\Soybe-main\data\com_fundo\RGB_JPG_Normais\grao_DSC_0381_id35.png,RGB_JPG_Normais,RGB_JPG_Normais
C:\Users\eduar\Desktop\Soybe-main\data\com_fundo\RGB_JPG_Normais\grao_DSC_0637_id30.png,RGB_JPG_Normais,RGB_JPG_Normais
C:\Users\eduar\Desktop\Soybe-main\data\com_fundo\RGB_JPG_QUEBRADOS\grao_DSC_0401_id72.png,RGB_JPG_QUEBRADOS,RGB_JPG_QUEBRADOS
C:\Users\eduar\Desktop\Soybe-main\data\com_fundo\RGB_JPG_CHOCHOS\grao_DSC_0343_id85.png,RGB_JPG_CHOCHOS,RGB_JPG_CHOCHOS
C:\Users\eduar\Desktop\Soybe-main\data\com_fundo\RGB_JPG_Normais\grao_DSC_0675_id7.png,RGB_JPG_Normais,RGB_JPG_Normais
C:\Users\eduar\Desktop\Soybe-main\data\com_fundo\RGB_JPG_Normais\grao_DSC_0650_id19.png,RGB_JPG_Normais,RGB_JPG_Normais
C:\Users\eduar\Desktop\Soybe-main\data\com_fundo\RGB_JPG_Normais\grao_DSC_0393_id11.png,RGB_JPG_Normais,RGB_JPG_Normais
C:\Users\eduar\Desktop\Soybe-main\data\com_fundo\RGB_JPG_Normais\grao_DSC_0658_id50.png,RGB_JPG_Normais,RGB_JPG_Normais
C:\Users\eduar\Desktop\Soybe-main\data\com_fundo\RGB_JPG_CHOCHOS\grao_DSC_0314_id53.png,RGB_JPG_CHOCHOS,RGB_JPG_CHOCHOS
C:\Users\eduar\Desktop\Soybe-main\data\com_fundo\RGB_JPG_QUEBRADOS\grao_DSC_0439_id89.png,RGB_JPG_QUEBRADOS,RGB_JPG_QUEBRADOS
C:\Users\eduar\Desktop\Soybe-main\data\com_fundo\RGB_JPG_CHOCHOS\grao_DSC_0343_id88.png,RGB_JPG_CHOCHOS,RGB_JPG_CHOCHOS
C:\Users\eduar\Desktop\Soybe-main\data\com_fundo\RGB_JPG_Normais\grao_DSC_0660_id42.png,RGB_JPG_Normais,RGB_JPG_Normais
C:\Users\eduar\Desktop\Soybe-main\data\com_fundo\RGB_JPG_Normais\grao_DSC_0644_id92.png,RGB_JPG_Normais,RGB_JPG_Normais
C:\Users\eduar\Desktop\Soybe-main\data\com_fundo\RGB_JPG_IMPUREZAS\grao_DSC_0269_id87.png,RGB_JPG_IMPUREZAS,RGB_JPG_IMPUREZAS
C:\Users\eduar\Desktop\Soybe-main\data\com_fundo\RGB_JPG_CHOCHOS\grao_DSC_0329_id84.png,RGB_JPG_CHOCHOS,RGB_JPG_CHOCHOS
C:\Users\eduar\Desktop\Soybe-main\data\com_fundo\RGB_JPG_Normais\grao_DSC_0670_id75.png,RGB_JPG_Normais,RGB_JPG_Normais
C:\Users\eduar\Desktop\Soybe-main\data\com_fundo\RGB_JPG_Normais\grao_DSC_0474_id45.png,RGB_JPG_Normais,RGB_JPG_Normais
C:\Users\eduar\Desktop\Soybe-main\data\com_fundo\RGB_JPG_Normais\grao_DSC_0382_id115.png,RGB_JPG_Normais,RGB_JPG_Normais
C:\Users\eduar\Desktop\Soybe-main\data\com_fundo\RGB_JPG_IMPUREZAS\grao_DSC_0270_id226.png,RGB_JPG_IMPUREZAS,RGB_JPG_IMPUREZAS
C:\Users\eduar\Desktop\Soybe-main\data\com_fundo\RGB_JPG_Normais\grao_DSC_0392_id26.png,RGB_JPG_Normais,RGB_JPG_Normais
C:\Users\eduar\Desktop\Soybe-main\data\com_fundo\RGB_JPG_IMPUREZAS\grao_DSC_0040_id1.png,RGB_JPG_IMPUREZAS,RGB_JPG_IMPUREZAS
C:\Users\eduar\Desktop\Soybe-main\data\com_fundo\RGB_JPG_Normais\grao_DSC_0505_id31.png,RGB_JPG_Normais,RGB_JPG_Normais
C:\Users\eduar\Desktop\Soybe-main\data\com_fundo\RGB_JPG_IMPUREZAS\grao_DSC_0258_id55.png,RGB_JPG_IMPUREZAS,RGB_JPG_IMPUREZAS
C:\Users\eduar\Desktop\Soybe-main\data\com_fundo\RGB_JPG_Normais\grao_DSC_0664_id13.png,RGB_JPG_Normais,RGB_JPG_Normais
C:\Users\eduar\Desktop\Soybe-main\data\com_fundo\RGB_JPG_Normais\grao_DSC_0500_id62.png,RGB_JPG_Normais,RGB_JPG_Normais
C:\Users\eduar\Desktop\Soybe-main\data\com_fundo\RGB_JPG_CHOCHOS\grao_DSC_0344_id48.png,RGB_JPG_CHOCHOS,RGB_JPG_CHOCHOS
C:\Users\eduar\Desktop\Soybe-main\data\com_fundo\RGB_JPG_IMPUREZAS\grao_DSC_0264_id76.png,RGB_JPG_IMPUREZAS,RGB_JPG_IMPUREZAS
C:\Users\eduar\Desktop\Soybe-main\data\com_fundo\RGB_JPG_Normais\grao_DSC_0152_id68.png,RGB_JPG_Normais,RGB_JPG_Normais
C:\Users\eduar\Desktop\Soybe-main\data\com_fundo\RGB_JPG_IMPUREZAS\grao_DSC_0280_id113.png,RGB_JPG_IMPUREZAS,RGB_JPG_IMPUREZAS
C:\Users\eduar\Desktop\Soybe-main\data\com_fundo\RGB_JPG_QUEBRADOS\grao_DSC_0445_id70.png,RGB_JPG_QUEBRADOS,RGB_JPG_QUEBRADOS
C:\Users\eduar\Desktop\Soybe-main\data\com_fundo\RGB_JPG_QUEBRADOS\grao_DSC_0421_id54.png,RGB_JPG_QUEBRADOS,RGB_JPG_QUEBRADOS
C:\Users\eduar\Desktop\Soybe-main\data\com_fundo\RGB_JPG_Normais\grao_DSC_0144_id30.png,RGB_JPG_Normais,RGB_JPG_Normais
C:\Users\eduar\Desktop\Soybe-main\data\com_fundo\RGB_JPG_CHOCHOS\grao_DSC_0358_id41.png,RGB_JPG_CHOCHOS,RGB_JPG_CHOCHOS
C:\Users\eduar\Desktop\Soybe-main\data\com_fundo\RGB_JPG_ESVERDEADO\grao_DSC_0304_id83.png,RGB_JPG_ESVERDEADO,RGB_JPG_ESVERDEADO
C:\Users\eduar\Desktop\Soybe-main\data\com_fundo\RGB_JPG_Normais\grao_DSC_0135_id1.png,RGB_JPG_Normais,RGB_JPG_Normais
C:\Users\eduar\Desktop\Soybe-main\data\com_fundo\RGB_JPG_QUEBRADOS\grao_DSC_0403_id40.png,RGB_JPG_QUEBRADOS,RGB_JPG_QUEBRADOS
C:\Users\eduar\Desktop\Soybe-main\data\com_fundo\RGB_JPG_ESVERDEADO\grao_DSC_0299_id60.png,RGB_JPG_ESVERDEADO,RGB_JPG_ESVERDEADO
C:\Users\eduar\Desktop\Soybe-main\data\com_fundo\RGB_JPG_IMPUREZAS\grao_DSC_0236_id197.png,RGB_JPG_IMPUREZAS,RGB_JPG_IMPUREZAS
C:\Users\eduar\Desktop\Soybe-main\data\com_fundo\RGB_JPG_Normais\grao_DSC_0133_id102.png,RGB_JPG_Normais,RGB_JPG_Normais
C:\Users\eduar\Desktop\Soybe-main\data\com_fundo\RGB_JPG_Normais\grao_DSC_0510_id88.png,RGB_JPG_Normais,RGB_JPG_Normais
C:\Users\eduar\Desktop\Soybe-main\data\com_fundo\RGB_JPG_IMPUREZAS\grao_DSC_0038_id22.png,RGB_JPG_IMPUREZAS,RGB_JPG_IMPUREZAS
C:\Users\eduar\Desktop\Soybe-main\data\com_fundo\RGB_JPG_QUEBRADOS\grao_DSC_0448_id53.png,RGB_JPG_QUEBRADOS,RGB_JPG_QUEBRADOS
C:\Users\eduar\Desktop\Soybe-main\data\com_fundo\RGB_JPG_QUEBRADOS\grao_DSC_0427_id90.png,RGB_JPG_QUEBRADOS,RGB_JPG_QUEBRADOS
C:\Users\eduar\Desktop\Soybe-main\data\com_fundo\RGB_JPG_QUEBRADOS\grao_DSC_0433_id68.png,RGB_JPG_QUEBRADOS,RGB_JPG_QUEBRADOS
C:\Users\eduar\Desktop\Soybe-main\data\com_fundo\RGB_JPG_IMPUREZAS\grao_DSC_0230_id228.png,RGB_JPG_IMPUREZAS,RGB_JPG_IMPUREZAS
C:\Users\eduar\Desktop\Soybe-main\data\com_fundo\RGB_JPG_CHOCHOS\grao_DSC_0321_id104.png,RGB_JPG_CHOCHOS,RGB_JPG_Normais
C:\Users\eduar\Desktop\Soybe-main\data\com_fundo\RGB_JPG_IMPUREZAS\grao_DSC_0246_id15.png,RGB_JPG_IMPUREZAS,RGB_JPG_IMPUREZAS
C:\Users\eduar\Desktop\Soybe-main\data\com_fundo\RGB_JPG_Normais\grao_DSC_0497_id57.png,RGB_JPG_Normais,RGB_JPG_Normais
C:\Users\eduar\Desktop\Soybe-main\data\com_fundo\RGB_JPG_IMPUREZAS\grao_DSC_0281_id137.png,RGB_JPG_IMPUREZAS,RGB_JPG_IMPUREZAS
C:\Users\eduar\Desktop\Soybe-main\data\com_fundo\RGB_JPG_Normais\grao_DSC_0617_id34.png,RGB_JPG_Normais,RGB_JPG_Normais
C:\Users\eduar\Desktop\Soybe-main\data\com_fundo\RGB_JPG_Normais\grao_DSC_0473_id20.png,RGB_JPG_Normais,RGB_JPG_Normais
C:\Users\eduar\Desktop\Soybe-main\data\com_fundo\RGB_JPG_Normais\grao_DSC_0214_id20.png,RGB_JPG_Normais,RGB_JPG_Normais
C:\Users\eduar\Desktop\Soybe-main\data\com_fundo\RGB_JPG_QUEBRADOS\grao_DSC_0462_id60.png,RGB_JPG_QUEBRADOS,RGB_JPG_QUEBRADOS
C:\Users\eduar\Desktop\Soybe-main\data\com_fundo\RGB_JPG_IMPUREZAS\grao_DSC_0293_id158.png,RGB_JPG_IMPUREZAS,RGB_JPG_IMPUREZAS
C:\Users\eduar\Desktop\Soybe-main\data\com_fundo\RGB_JPG_Normais\grao_DSC_0470_id50.png,RGB_JPG_Normais,RGB_JPG_Normais
C:\Users\eduar\Desktop\Soybe-main\data\com_fundo\RGB_JPG_Normais\grao_DSC_0486_id48.png,RGB_JPG_Normais,RGB_JPG_Normais
C:\Users\eduar\Desktop\Soybe-main\data\com_fundo\RGB_JPG_CHOCHOS\grao_DSC_0341_id23.png,RGB_JPG_CHOCHOS,RGB_JPG_CHOCHOS
C:\Users\eduar\Desktop\Soybe-main\data\com_fundo\RGB_JPG_IMPUREZAS\grao_DSC_0279_id124.png,RGB_JPG_IMPUREZAS,RGB_JPG_IMPUREZAS
C:\Users\eduar\Desktop\Soybe-main\data\com_fundo\RGB_JPG_IMPUREZAS\grao_DSC_0270_id119.png,RGB_JPG_IMPUREZAS,RGB_JPG_IMPUREZAS
C:\Users\eduar\Desktop\Soybe-main\data\com_fundo\RGB_JPG_QUEBRADOS\grao_DSC_0415_id65.png,RGB_JPG_QUEBRADOS,RGB_JPG_QUEBRADOS
C:\Users\eduar\Desktop\Soybe-main\data\com_fundo\RGB_JPG_QUEBRADOS\grao_DSC_0424_id1.png,RGB_JPG_QUEBRADOS,RGB_JPG_QUEBRADOS
C:\Users\eduar\Desktop\Soybe-main\data\com_fundo\RGB_JPG_Normais\grao_DSC_0483_id3.png,RGB_JPG_Normais,RGB_JPG_Normais
C:\Users\eduar\Desktop\Soybe-main\data\com_fundo\RGB_JPG_QUEBRADOS\grao_DSC_0439_id99.png,RGB_JPG_QUEBRADOS,RGB_JPG_QUEBRADOS
C:\Users\eduar\Desktop\Soybe-main\data\com_fundo\RGB_JPG_IMPUREZAS\grao_DSC_0288_id137.png,RGB_JPG_IMPUREZAS,RGB_JPG_IMPUREZAS
C:\Users\eduar\Desktop\Soybe-main\data\com_fundo\RGB_JPG_IMPUREZAS\grao_DSC_0012_id19.png,RGB_JPG_IMPUREZAS,RGB_JPG_IMPUREZAS
C:\Users\eduar\Desktop\Soybe-main\data\com_fundo\RGB_JPG_CHOCHOS\grao_DSC_0328_id117.png,RGB_JPG_CHOCHOS,RGB_JPG_CHOCHOS
C:\Users\eduar\Desktop\Soybe-main\data\com_fundo\RGB_JPG_Normais\grao_DSC_0650_id8.png,RGB_JPG_Normais,RGB_JPG_Normais
C:\Users\eduar\Desktop\Soybe-main\data\com_fundo\RGB_JPG_Normais\grao_DSC_0321_id27.png,RGB_JPG_Normais,RGB_JPG_CHOCHOS
C:\Users\eduar\Desktop\Soybe-main\data\com_fundo\RGB_JPG_ESVERDEADO\grao_DSC_0303_id47.png,RGB_JPG_ESVERDEADO,RGB_JPG_ESVERDEADO
C:\Users\eduar\Desktop\Soybe-main\data\com_fundo\RGB_JPG_IMPUREZAS\grao_DSC_0238_id193.png,RGB_JPG_IMPUREZAS,RGB_JPG_IMPUREZAS
C:\Users\eduar\Desktop\Soybe-main\data\com_fundo\RGB_JPG_CHOCHOS\grao_DSC_0356_id35.png,RGB_JPG_CHOCHOS,RGB_JPG_CHOCHOS
C:\Users\eduar\Desktop\Soybe-main\data\com_fundo\RGB_JPG_Normais\grao_DSC_0161_id47.png,RGB_JPG_Normais,RGB_JPG_Normais
C:\Users\eduar\Desktop\Soybe-main\data\com_fundo\RGB_JPG_QUEBRADOS\grao_DSC_0449_id2.png,RGB_JPG_QUEBRADOS,RGB_JPG_QUEBRADOS
C:\Users\eduar\Desktop\Soybe-main\data\com_fundo\RGB_JPG_QUEBRADOS\grao_DSC_0452_id80.png,RGB_JPG_QUEBRADOS,RGB_JPG_QUEBRADOS
C:\Users\eduar\Desktop\Soybe-main\data\com_fundo\RGB_JPG_IMPUREZAS\grao_DSC_0038_id73.png,RGB_JPG_IMPUREZAS,RGB_JPG_IMPUREZAS
C:\Users\eduar\Desktop\Soybe-main\data\com_fundo\RGB_JPG_IMPUREZAS\grao_DSC_0038_id58.png,RGB_JPG_IMPUREZAS,RGB_JPG_IMPUREZAS
C:\Users\eduar\Desktop\Soybe-main\data\com_fundo\RGB_JPG_Normais\grao_DSC_0142_id20.png,RGB_JPG_Normais,RGB_JPG_Normais
C:\Users\eduar\Desktop\Soybe-main\data\com_fundo\RGB_JPG_Normais\grao_DSC_0211_id41.png,RGB_JPG_Normais,RGB_JPG_Normais
C:\Users\eduar\Desktop\Soybe-main\data\com_fundo\RGB_JPG_CHOCHOS\grao_DSC_0329_id15.png,RGB_JPG_CHOCHOS,RGB_JPG_CHOCHOS
C:\Users\eduar\Desktop\Soybe-main\data\com_fundo\RGB_JPG_IMPUREZAS\grao_DSC_0286_id129.png,RGB_JPG_IMPUREZAS,RGB_JPG_IMPUREZAS
C:\Users\eduar\Desktop\Soybe-main\data\com_fundo\RGB_JPG_QUEBRADOS\grao_DSC_0424_id25.png,RGB_JPG_QUEBRADOS,RGB_JPG_QUEBRADOS
C:\Users\eduar\Desktop\Soybe-main\data\com_fundo\RGB_JPG_Normais\grao_DSC_0385_id104.png,RGB_JPG_Normais,RGB_JPG_Normais
C:\Users\eduar\Desktop\Soybe-main\data\com_fundo\RGB_JPG_QUEBRADOS\grao_DSC_0436_id42.png,RGB_JPG_QUEBRADOS,RGB_JPG_QUEBRADOS
C:\Users\eduar\Desktop\Soybe-main\data\com_fundo\RGB_JPG_IMPUREZAS\grao_DSC_0243_id31.png,RGB_JPG_IMPUREZAS,RGB_JPG_IMPUREZAS
C:\Users\eduar\Desktop\Soybe-main\data\com_fundo\RGB_JPG_IMPUREZAS\grao_DSC_0274_id286.png,RGB_JPG_IMPUREZAS,RGB_JPG_IMPUREZAS
C:\Users\eduar\Desktop\Soybe-main\data\com_fundo\RGB_JPG_Normais\grao_DSC_0502_id66.png,RGB_JPG_Normais,RGB_JPG_Normais
C:\Users\eduar\Desktop\Soybe-main\data\com_fundo\RGB_JPG_IMPUREZAS\grao_DSC_0036_id40.png,RGB_JPG_IMPUREZAS,RGB_JPG_IMPUREZAS
C:\Users\eduar\Desktop\Soybe-main\data\com_fundo\RGB_JPG_IMPUREZAS\grao_DSC_0250_id120.png,RGB_JPG_IMPUREZAS,RGB_JPG_IMPUREZAS
C:\Users\eduar\Desktop\Soybe-main\data\com_fundo\RGB_JPG_Normais\grao_DSC_0374_id69.png,RGB_JPG_Normais,RGB_JPG_Normais
C:\Users\eduar\Desktop\Soybe-main\data\com_fundo\RGB_JPG_CHOCHOS\grao_DSC_0355_id90.png,RGB_JPG_CHOCHOS,RGB_JPG_CHOCHOS
C:\Users\eduar\Desktop\Soybe-main\data\com_fundo\RGB_JPG_Normais\grao_DSC_0648_id64.png,RGB_JPG_Normais,RGB_JPG_Normais
C:\Users\eduar\Desktop\Soybe-main\data\com_fundo\RGB_JPG_Normais\grao_DSC_0646_id51.png,RGB_JPG_Normais,RGB_JPG_Normais
C:\Users\eduar\Desktop\Soybe-main\data\com_fundo\RGB_JPG_Normais\grao_DSC_0639_id30.png,RGB_JPG_Normais,RGB_JPG_Normais
C:\Users\eduar\Desktop\Soybe-main\data\com_fundo\RGB_JPG_IMPUREZAS\grao_DSC_0019_id244.png,RGB_JPG_IMPUREZAS,RGB_JPG_IMPUREZAS
C:\Users\eduar\Desktop\Soybe-main\data\com_fundo\RGB_JPG_IMPUREZAS\grao_DSC_0272_id37.png,RGB_JPG_IMPUREZAS,RGB_JPG_IMPUREZAS
C:\Users\eduar\Desktop\Soybe-main\data\com_fundo\RGB_JPG_IMPUREZAS\grao_DSC_0288_id140.png,RGB_JPG_IMPUREZAS,RGB_JPG_IMPUREZAS
C:\Users\eduar\Desktop\Soybe-main\data\com_fundo\RGB_JPG_QUEBRADOS\grao_DSC_0424_id80.png,RGB_JPG_QUEBRADOS,RGB_JPG_QUEBRADOS
C:\Users\eduar\Desktop\Soybe-main\data\com_fundo\RGB_JPG_IMPUREZAS\grao_DSC_0006_id67.png,RGB_JPG_IMPUREZAS,RGB_JPG_IMPUREZAS
C:\Users\eduar\Desktop\Soybe-main\data\com_fundo\RGB_JPG_IMPUREZAS\grao_DSC_0041_id3.png,RGB_JPG_IMPUREZAS,RGB_JPG_IMPUREZAS
C:\Users\eduar\Desktop\Soybe-main\data\com_fundo\RGB_JPG_QUEBRADOS\grao_DSC_0407_id46.png,RGB_JPG_QUEBRADOS,RGB_JPG_QUEBRADOS
C:\Users\eduar\Desktop\Soybe-main\data\com_fundo\RGB_JPG_IMPUREZAS\grao_DSC_0242_id96.png,RGB_JPG_IMPUREZAS,RGB_JPG_IMPUREZAS
C:\Users\eduar\Desktop\Soybe-main\data\com_fundo\RGB_JPG_Normais\grao_DSC_0159_id104.png,RGB_JPG_Normais,RGB_JPG_Normais
C:\Users\eduar\Desktop\Soybe-main\data\com_fundo\RGB_JPG_QUEBRADOS\grao_DSC_0462_id44.png,RGB_JPG_QUEBRADOS,RGB_JPG_QUEBRADOS
C:\Users\eduar\Desktop\Soybe-main\data\com_fundo\RGB_JPG_Normais\grao_DSC_0629_id11.png,RGB_JPG_Normais,RGB_JPG_Normais
C:\Users\eduar\Desktop\Soybe-main\data\com_fundo\RGB_JPG_Normais\grao_DSC_0372_id67.png,RGB_JPG_Normais,RGB_JPG_Normais
C:\Users\eduar\Desktop\Soybe-main\data\com_fundo\RGB_JPG_QUEBRADOS\grao_DSC_0420_id7.png,RGB_JPG_QUEBRADOS,RGB_JPG_QUEBRADOS
C:\Users\eduar\Desktop\Soybe-main\data\com_fundo\RGB_JPG_Normais\grao_DSC_0159_id75.png,RGB_JPG_Normais,RGB_JPG_Normais
C:\Users\eduar\Desktop\Soybe-main\data\com_fundo\RGB_JPG_Normais\grao_DSC_0370_id73.png,RGB_JPG_Normais,RGB_JPG_Normais
C:\Users\eduar\Desktop\Soybe-main\data\com_fundo\RGB_JPG_Normais\grao_DSC_0507_id72.png,RGB_JPG_Normais,RGB_JPG_Normais
C:\Users\eduar\Desktop\Soybe-main\data\com_fundo\RGB_JPG_Normais\grao_DSC_0470_id21.png,RGB_JPG_Normais,RGB_JPG_QUEBRADOS
C:\Users\eduar\Desktop\Soybe-main\data\com_fundo\RGB_JPG_IMPUREZAS\grao_DSC_0294_id142.png,RGB_JPG_IMPUREZAS,RGB_JPG_IMPUREZAS
C:\Users\eduar\Desktop\Soybe-main\data\com_fundo\RGB_JPG_Normais\grao_DSC_0388_id87.png,RGB_JPG_Normais,RGB_JPG_Normais
C:\Users\eduar\Desktop\Soybe-main\data\com_fundo\RGB_JPG_CHOCHOS\grao_DSC_0336_id41.png,RGB_JPG_CHOCHOS,RGB_JPG_CHOCHOS
C:\Users\eduar\Desktop\Soybe-main\data\com_fundo\RGB_JPG_CHOCHOS\grao_DSC_0320_id108.png,RGB_JPG_CHOCHOS,RGB_JPG_Normais
C:\Users\eduar\Desktop\Soybe-main\data\com_fundo\RGB_JPG_QUEBRADOS\grao_DSC_0412_id78.png,RGB_JPG_QUEBRADOS,RGB_JPG_QUEBRADOS
C:\Users\eduar\Desktop\Soybe-main\data\com_fundo\RGB_JPG_QUEBRADOS\grao_DSC_0425_id48.png,RGB_JPG_QUEBRADOS,RGB_JPG_QUEBRADOS
C:\Users\eduar\Desktop\Soybe-main\data\com_fundo\RGB_JPG_Normais\grao_DSC_0496_id13.png,RGB_JPG_Normais,RGB_JPG_Normais
C:\Users\eduar\Desktop\Soybe-main\data\com_fundo\RGB_JPG_Normais\grao_DSC_0496_id88.png,RGB_JPG_Normais,RGB_JPG_Normais
C:\Users\eduar\Desktop\Soybe-main\data\com_fundo\RGB_JPG_Normais\grao_DSC_0679_id60.png,RGB_JPG_Normais,RGB_JPG_Normais
C:\Users\eduar\Desktop\Soybe-main\data\com_fundo\RGB_JPG_Normais\grao_DSC_0379_id4.png,RGB_JPG_Normais,RGB_JPG_Normais
C:\Users\eduar\Desktop\Soybe-main\data\com_fundo\RGB_JPG_CHOCHOS\grao_DSC_0341_id55.png,RGB_JPG_CHOCHOS,RGB_JPG_CHOCHOS
C:\Users\eduar\Desktop\Soybe-main\data\com_fundo\RGB_JPG_CHOCHOS\grao_DSC_0333_id58.png,RGB_JPG_CHOCHOS,RGB_JPG_CHOCHOS
C:\Users\eduar\Desktop\Soybe-main\data\com_fundo\RGB_JPG_IMPUREZAS\grao_DSC_0025_id274.png,RGB_JPG_IMPUREZAS,RGB_JPG_IMPUREZAS
C:\Users\eduar\Desktop\Soybe-main\data\com_fundo\RGB_JPG_IMPUREZAS\grao_DSC_0021_id145.png,RGB_JPG_IMPUREZAS,RGB_JPG_IMPUREZAS
C:\Users\eduar\Desktop\Soybe-main\data\com_fundo\RGB_JPG_Normais\grao_DSC_0607_id37.png,RGB_JPG_Normais,RGB_JPG_Normais
C:\Users\eduar\Desktop\Soybe-main\data\com_fundo\RGB_JPG_Normais\grao_DSC_0654_id92.png,RGB_JPG_Normais,RGB_JPG_Normais
C:\Users\eduar\Desktop\Soybe-main\data\com_fundo\RGB_JPG_CHOCHOS\grao_DSC_0346_id99.png,RGB_JPG_CHOCHOS,RGB_JPG_CHOCHOS
C:\Users\eduar\Desktop\Soybe-main\data\com_fundo\RGB_JPG_CHOCHOS\grao_DSC_0167_id76.png,RGB_JPG_CHOCHOS,RGB_JPG_CHOCHOS
C:\Users\eduar\Desktop\Soybe-main\data\com_fundo\RGB_JPG_Normais\grao_DSC_0221_id41.png,RGB_JPG_Normais,RGB_JPG_Normais
C:\Users\eduar\Desktop\Soybe-main\data\com_fundo\RGB_JPG_IMPUREZAS\grao_DSC_0230_id168.png,RGB_JPG_IMPUREZAS,RGB_JPG_IMPUREZAS
C:\Users\eduar\Desktop\Soybe-main\data\com_fundo\RGB_JPG_QUEBRADOS\grao_DSC_0420_id50.png,RGB_JPG_QUEBRADOS,RGB_JPG_QUEBRADOS
C:\Users\eduar\Desktop\Soybe-main\data\com_fundo\RGB_JPG_QUEBRADOS\grao_DSC_0411_id38.png,RGB_JPG_QUEBRADOS,RGB_JPG_QUEBRADOS
C:\Users\eduar\Desktop\Soybe-main\data\com_fundo\RGB_JPG_Normais\grao_DSC_0488_id93.png,RGB_JPG_Normais,RGB_JPG_Normais
C:\Users\eduar\Desktop\Soybe-main\data\com_fundo\RGB_JPG_IMPUREZAS\grao_DSC_0007_id126.png,RGB_JPG_IMPUREZAS,RGB_JPG_IMPUREZAS
C:\Users\eduar\Desktop\Soybe-main\data\com_fundo\RGB_JPG_Normais\grao_DSC_0508_id87.png,RGB_JPG_Normais,RGB_JPG_Normais
C:\Users\eduar\Desktop\Soybe-main\data\com_fundo\RGB_JPG_QUEBRADOS\grao_DSC_0407_id70.png,RGB_JPG_QUEBRADOS,RGB_JPG_QUEBRADOS
C:\Users\eduar\Desktop\Soybe-main\data\com_fundo\RGB_JPG_Normais\grao_DSC_0612_id68.png,RGB_JPG_Normais,RGB_JPG_Normais
C:\Users\eduar\Desktop\Soybe-main\data\com_fundo\RGB_JPG_QUEBRADOS\grao_DSC_0407_id56.png,RGB_JPG_QUEBRADOS,RGB_JPG_QUEBRADOS
C:\Users\eduar\Desktop\Soybe-main\data\com_fundo\RGB_JPG_MAMONAS\grao_DSC_0190_id174.png,RGB_JPG_MAMONAS,RGB_JPG_MAMONAS
C:\Users\eduar\Desktop\Soybe-main\data\com_fundo\RGB_JPG_Normais\grao_DSC_0365_id110.png,RGB_JPG_Normais,RGB_JPG_Normais
C:\Users\eduar\Desktop\Soybe-main\data\com_fundo\RGB_JPG_QUEBRADOS\grao_DSC_0406_id41.png,RGB_JPG_QUEBRADOS,RGB_JPG_QUEBRADOS
C:\Users\eduar\Desktop\Soybe-main\data\com_fundo\RGB_JPG_Normais\grao_DSC_0640_id25.png,RGB_JPG_Normais,RGB_JPG_Normais
C:\Users\eduar\Desktop\Soybe-main\data\com_fundo\RGB_JPG_Normais\grao_DSC_0470_id94.png,RGB_JPG_Normais,RGB_JPG_Normais
C:\Users\eduar\Desktop\Soybe-main\data\com_fundo\RGB_JPG_IMPUREZAS\grao_DSC_0245_id191.png,RGB_JPG_IMPUREZAS,RGB_JPG_IMPUREZAS
C:\Users\eduar\Desktop\Soybe-main\data\com_fundo\RGB_JPG_CHOCHOS\grao_DSC_0345_id34.png,RGB_JPG_CHOCHOS,RGB_JPG_CHOCHOS
C:\Users\eduar\Desktop\Soybe-main\data\com_fundo\RGB_JPG_QUEBRADOS\grao_DSC_0412_id39.png,RGB_JPG_QUEBRADOS,RGB_JPG_QUEBRADOS
C:\Users\eduar\Desktop\Soybe-main\data\com_fundo\RGB_JPG_CHOCHOS\grao_DSC_0323_id3.png,RGB_JPG_CHOCHOS,RGB_JPG_CHOCHOS
C:\Users\eduar\Desktop\Soybe-main\data\com_fundo\RGB_JPG_CHOCHOS\grao_DSC_0357_id92.png,RGB_JPG_CHOCHOS,RGB_JPG_CHOCHOS
C:\Users\eduar\Desktop\Soybe-main\data\com_fundo\RGB_JPG_Normais\grao_DSC_0661_id64.png,RGB_JPG_Normais,RGB_JPG_Normais
C:\Users\eduar\Desktop\Soybe-main\data\com_fundo\RGB_JPG_Normais\grao_DSC_0482_id8.png,RGB_JPG_Normais,RGB_JPG_Normais
C:\Users\eduar\Desktop\Soybe-main\data\com_fundo\RGB_JPG_QUEBRADOS\grao_DSC_0418_id97.png,RGB_JPG_QUEBRADOS,RGB_JPG_QUEBRADOS
C:\Users\eduar\Desktop\Soybe-main\data\com_fundo\RGB_JPG_IMPUREZAS\grao_DSC_0284_id101.png,RGB_JPG_IMPUREZAS,RGB_JPG_IMPUREZAS
C:\Users\eduar\Desktop\Soybe-main\data\com_fundo\RGB_JPG_Normais\grao_DSC_0385_id55.png,RGB_JPG_Normais,RGB_JPG_Normais
C:\Users\eduar\Desktop\Soybe-main\data\com_fundo\RGB_JPG_IMPUREZAS\grao_DSC_0244_id36.png,RGB_JPG_IMPUREZAS,RGB_JPG_IMPUREZAS
C:\Users\eduar\Desktop\Soybe-main\data\com_fundo\RGB_JPG_IMPUREZAS\grao_DSC_0267_id134.png,RGB_JPG_IMPUREZAS,RGB_JPG_IMPUREZAS
C:\Users\eduar\Desktop\Soybe-main\data\com_fundo\RGB_JPG_IMPUREZAS\grao_DSC_0005_id202.png,RGB_JPG_IMPUREZAS,RGB_JPG_IMPUREZAS
C:\Users\eduar\Desktop\Soybe-main\data\com_fundo\RGB_JPG_Normais\grao_DSC_0152_id92.png,RGB_JPG_Normais,RGB_JPG_Normais
C:\Users\eduar\Desktop\Soybe-main\data\com_fundo\RGB_JPG_IMPUREZAS\grao_DSC_0293_id207.png,RGB_JPG_IMPUREZAS,RGB_JPG_IMPUREZAS
C:\Users\eduar\Desktop\Soybe-main\data\com_fundo\RGB_JPG_ESVERDEADO\grao_DSC_0307_id54.png,RGB_JPG_ESVERDEADO,RGB_JPG_ESVERDEADO
C:\Users\eduar\Desktop\Soybe-main\data\com_fundo\RGB_JPG_CHOCHOS\grao_DSC_0329_id3.png,RGB_JPG_CHOCHOS,RGB_JPG_CHOCHOS
C:\Users\eduar\Desktop\Soybe-main\data\com_fundo\RGB_JPG_IMPUREZAS\grao_DSC_0229_id288.png,RGB_JPG_IMPUREZAS,RGB_JPG_IMPUREZAS
C:\Users\eduar\Desktop\Soybe-main\data\com_fundo\RGB_JPG_Normais\grao_DSC_0382_id2.png,RGB_JPG_Normais,RGB_JPG_Normais
C:\Users\eduar\Desktop\Soybe-main\data\com_fundo\RGB_JPG_Normais\grao_DSC_0387_id10.png,RGB_JPG_Normais,RGB_JPG_Normais
C:\Users\eduar\Desktop\Soybe-main\data\com_fundo\RGB_JPG_CHOCHOS\grao_DSC_0338_id5.png,RGB_JPG_CHOCHOS,RGB_JPG_CHOCHOS
C:\Users\eduar\Desktop\Soybe-main\data\com_fundo\RGB_JPG_CHOCHOS\grao_DSC_0346_id1.png,RGB_JPG_CHOCHOS,RGB_JPG_CHOCHOS
C:\Users\eduar\Desktop\Soybe-main\data\com_fundo\RGB_JPG_Normais\grao_DSC_0398_id42.png,RGB_JPG_Normais,RGB_JPG_Normais
C:\Users\eduar\Desktop\Soybe-main\data\com_fundo\RGB_JPG_IMPUREZAS\grao_DSC_0258_id5.png,RGB_JPG_IMPUREZAS,RGB_JPG_IMPUREZAS
C:\Users\eduar\Desktop\Soybe-main\data\com_fundo\RGB_JPG_Normais\grao_DSC_0388_id8.png,RGB_JPG_Normais,RGB_JPG_Normais
C:\Users\eduar\Desktop\Soybe-main\data\com_fundo\RGB_JPG_IMPUREZAS\grao_DSC_0286_id31.png,RGB_JPG_IMPUREZAS,RGB_JPG_IMPUREZAS
C:\Users\eduar\Desktop\Soybe-main\data\com_fundo\RGB_JPG_Normais\grao_DSC_0496_id53.png,RGB_JPG_Normais,RGB_JPG_Normais
C:\Users\eduar\Desktop\Soybe-main\data\com_fundo\RGB_JPG_IMPUREZAS\grao_DSC_0002_id80.png,RGB_JPG_IMPUREZAS,RGB_JPG_IMPUREZAS
C:\Users\eduar\Desktop\Soybe-main\data\com_fundo\RGB_JPG_Normais\grao_DSC_0646_id43.png,RGB_JPG_Normais,RGB_JPG_Normais
C:\Users\eduar\Desktop\Soybe-main\data\com_fundo\RGB_JPG_IMPUREZAS\grao_DSC_0004_id242.png,RGB_JPG_IMPUREZAS,RGB_JPG_IMPUREZAS
C:\Users\eduar\Desktop\Soybe-main\data\com_fundo\RGB_JPG_QUEBRADOS\grao_DSC_0404_id8.png,RGB_JPG_QUEBRADOS,RGB_JPG_QUEBRADOS
C:\Users\eduar\Desktop\Soybe-main\data\com_fundo\RGB_JPG_IMPUREZAS\grao_DSC_0017_id64.png,RGB_JPG_IMPUREZAS,RGB_JPG_IMPUREZAS
C:\Users\eduar\Desktop\Soybe-main\data\com_fundo\RGB_JPG_PURPURAS\grao_DSC_0050_id1.png,RGB_JPG_PURPURAS,RGB_JPG_PURPURAS
C:\Users\eduar\Desktop\Soybe-main\data\com_fundo\RGB_JPG_QUEBRADOS\grao_DSC_0459_id92.png,RGB_JPG_QUEBRADOS,RGB_JPG_QUEBRADOS
C:\Users\eduar\Desktop\Soybe-main\data\com_fundo\RGB_JPG_Normais\grao_DSC_0485_id9.png,RGB_JPG_Normais,RGB_JPG_Normais
C:\Users\eduar\Desktop\Soybe-main\data\com_fundo\RGB_JPG_QUEBRADOS\grao_DSC_0406_id34.png,RGB_JPG_QUEBRADOS,RGB_JPG_QUEBRADOS
C:\Users\eduar\Desktop\Soybe-main\data\com_fundo\RGB_JPG_Normais\grao_DSC_0497_id71.png,RGB_JPG_Normais,RGB_JPG_Normais
C:\Users\eduar\Desktop\Soybe-main\data\com_fundo\RGB_JPG_Normais\grao_DSC_0639_id99.png,RGB_JPG_Normais,RGB_JPG_Normais
C:\Users\eduar\Desktop\Soybe-main\data\com_fundo\RGB_JPG_Normais\grao_DSC_0473_id77.png,RGB_JPG_Normais,RGB_JPG_Normais
C:\Users\eduar\Desktop\Soybe-main\data\com_fundo\RGB_JPG_Normais\grao_DSC_0378_id30.png,RGB_JPG_Normais,RGB_JPG_Normais
C:\Users\eduar\Desktop\Soybe-main\data\com_fundo\RGB_JPG_IMPUREZAS\grao_DSC_0241_id262.png,RGB_JPG_IMPUREZAS,RGB_JPG_IMPUREZAS
C:\Users\eduar\Desktop\Soybe-main\data\com_fundo\RGB_JPG_CHOCHOS\grao_DSC_0330_id102.png,RGB_JPG_CHOCHOS,RGB_JPG_CHOCHOS
C:\Users\eduar\Desktop\Soybe-main\data\com_fundo\RGB_JPG_Normais\grao_DSC_0667_id12.png,RGB_JPG_Normais,RGB_JPG_Normais
C:\Users\eduar\Desktop\Soybe-main\data\com_fundo\RGB_JPG_Normais\grao_DSC_0505_id3.png,RGB_JPG_Normais,RGB_JPG_Normais
C:\Users\eduar\Desktop\Soybe-main\data\com_fundo\RGB_JPG_Normais\grao_DSC_0493_id27.png,RGB_JPG_Normais,RGB_JPG_Normais
C:\Users\eduar\Desktop\Soybe-main\data\com_fundo\RGB_JPG_IMPUREZAS\grao_DSC_0002_id40.png,RGB_JPG_IMPUREZAS,RGB_JPG_IMPUREZAS
C:\Users\eduar\Desktop\Soybe-main\data\com_fundo\RGB_JPG_CHOCHOS\grao_DSC_0320_id99.png,RGB_JPG_CHOCHOS,RGB_JPG_Normais
C:\Users\eduar\Desktop\Soybe-main\data\com_fundo\RGB_JPG_Normais\grao_DSC_0472_id23.png,RGB_JPG_Normais,RGB_JPG_Normais
C:\Users\eduar\Desktop\Soybe-main\data\com_fundo\RGB_JPG_Normais\grao_DSC_0647_id34.png,RGB_JPG_Normais,RGB_JPG_Normais
C:\Users\eduar\Desktop\Soybe-main\data\com_fundo\RGB_JPG_Normais\grao_DSC_0669_id42.png,RGB_JPG_Normais,RGB_JPG_Normais
C:\Users\eduar\Desktop\Soybe-main\data\com_fundo\RGB_JPG_Normais\grao_DSC_0396_id49.png,RGB_JPG_Normais,RGB_JPG_Normais
C:\Users\eduar\Desktop\Soybe-main\data\com_fundo\RGB_JPG_IMPUREZAS\grao_DSC_0032_id81.png,RGB_JPG_IMPUREZAS,RGB_JPG_IMPUREZAS
C:\Users\eduar\Desktop\Soybe-main\data\com_fundo\RGB_JPG_CHOCHOS\grao_DSC_0328_id95.png,RGB_JPG_CHOCHOS,RGB_JPG_PURPURAS
C:\Users\eduar\Desktop\Soybe-main\data\com_fundo\RGB_JPG_CHOCHOS\grao_DSC_0364_id60.png,RGB_JPG_CHOCHOS,RGB_JPG_CHOCHOS
C:\Users\eduar\Desktop\Soybe-main\data\com_fundo\RGB_JPG_CHOCHOS\grao_DSC_0322_id111.png,RGB_JPG_CHOCHOS,RGB_JPG_CHOCHOS
C:\Users\eduar\Desktop\Soybe-main\data\com_fundo\RGB_JPG_CHOCHOS\grao_DSC_0323_id23.png,RGB_JPG_CHOCHOS,RGB_JPG_Normais
C:\Users\eduar\Desktop\Soybe-main\data\com_fundo\RGB_JPG_IMPUREZAS\grao_DSC_0019_id76.png,RGB_JPG_IMPUREZAS,RGB_JPG_IMPUREZAS
C:\Users\eduar\Desktop\Soybe-main\data\com_fundo\RGB_JPG_IMPUREZAS\grao_DSC_0242_id102.png,RGB_JPG_IMPUREZAS,RGB_JPG_IMPUREZAS
C:\Users\eduar\Desktop\Soybe-main\data\com_fundo\RGB_JPG_IMPUREZAS\grao_DSC_0287_id107.png,RGB_JPG_IMPUREZAS,RGB_JPG_IMPUREZAS
C:\Users\eduar\Desktop\Soybe-main\data\com_fundo\RGB_JPG_IMPUREZAS\grao_DSC_0239_id35.png,RGB_JPG_IMPUREZAS,RGB_JPG_IMPUREZAS
C:\Users\eduar\Desktop\Soybe-main\data\com_fundo\RGB_JPG_Normais\grao_DSC_0652_id91.png,RGB_JPG_Normais,RGB_JPG_Normais
C:\Users\eduar\Desktop\Soybe-main\data\com_fundo\RGB_JPG_IMPUREZAS\grao_DSC_0268_id29.png,RGB_JPG_IMPUREZAS,RGB_JPG_IMPUREZAS
C:\Users\eduar\Desktop\Soybe-main\data\com_fundo\RGB_JPG_IMPUREZAS\grao_DSC_0270_id40.png,RGB_JPG_IMPUREZAS,RGB_JPG_IMPUREZAS
C:\Users\eduar\Desktop\Soybe-main\data\com_fundo\RGB_JPG_QUEBRADOS\grao_DSC_0423_id23.png,RGB_JPG_QUEBRADOS,RGB_JPG_QUEBRADOS
C:\Users\eduar\Desktop\Soybe-main\data\com_fundo\RGB_JPG_Normais\grao_DSC_0368_id91.png,RGB_JPG_Normais,RGB_JPG_Normais
C:\Users\eduar\Desktop\Soybe-main\data\com_fundo\RGB_JPG_CHOCHOS\grao_DSC_0328_id104.png,RGB_JPG_CHOCHOS,RGB_JPG_CHOCHOS
C:\Users\eduar\Desktop\Soybe-main\data\com_fundo\RGB_JPG_IMPUREZAS\grao_DSC_0008_id60.png,RGB_JPG_IMPUREZAS,RGB_JPG_IMPUREZAS
C:\Users\eduar\Desktop\Soybe-main\data\com_fundo\RGB_JPG_Normais\grao_DSC_0210_id1.png,RGB_JPG_Normais,RGB_JPG_Normais
C:\Users\eduar\Desktop\Soybe-main\data\com_fundo\RGB_JPG_QUEBRADOS\grao_DSC_0410_id22.png,RGB_JPG_QUEBRADOS,RGB_JPG_QUEBRADOS
C:\Users\eduar\Desktop\Soybe-main\data\com_fundo\RGB_JPG_Normais\grao_DSC_0504_id1.png,RGB_JPG_Normais,RGB_JPG_Normais
C:\Users\eduar\Desktop\Soybe-main\data\com_fundo\RGB_JPG_IMPUREZAS\grao_DSC_0011_id56.png,RGB_JPG_IMPUREZAS,RGB_JPG_IMPUREZAS
C:\Users\eduar\Desktop\Soybe-main\data\com_fundo\RGB_JPG_ESVERDEADO\grao_DSC_0303_id64.png,RGB_JPG_ESVERDEADO,RGB_JPG_ESVERDEADO
C:\Users\eduar\Desktop\Soybe-main\data\com_fundo\RGB_JPG_CHOCHOS\grao_DSC_0345_id15.png,RGB_JPG_CHOCHOS,RGB_JPG_CHOCHOS
C:\Users\eduar\Desktop\Soybe-main\data\com_fundo\RGB_JPG_Normais\grao_DSC_0671_id79.png,RGB_JPG_Normais,RGB_JPG_Normais
C:\Users\eduar\Desktop\Soybe-main\data\com_fundo\RGB_JPG_QUEBRADOS\grao_DSC_0413_id57.png,RGB_JPG_QUEBRADOS,RGB_JPG_QUEBRADOS
C:\Users\eduar\Desktop\Soybe-main\data\com_fundo\RGB_JPG_Normais\grao_DSC_0620_id96.png,RGB_JPG_Normais,RGB_JPG_Normais
C:\Users\eduar\Desktop\Soybe-main\data\com_fundo\RGB_JPG_Normais\grao_DSC_0323_id143.png,RGB_JPG_Normais,RGB_JPG_CHOCHOS
C:\Users\eduar\Desktop\Soybe-main\data\com_fundo\RGB_JPG_IMPUREZAS\grao_DSC_0035_id18.png,RGB_JPG_IMPUREZAS,RGB_JPG_IMPUREZAS
C:\Users\eduar\Desktop\Soybe-main\data\com_fundo\RGB_JPG_IMPUREZAS\grao_DSC_0293_id196.png,RGB_JPG_IMPUREZAS,RGB_JPG_IMPUREZAS
C:\Users\eduar\Desktop\Soybe-main\data\com_fundo\RGB_JPG_Normais\grao_DSC_0133_id18.png,RGB_JPG_Normais,RGB_JPG_Normais
C:\Users\eduar\Desktop\Soybe-main\data\com_fundo\RGB_JPG_IMPUREZAS\grao_DSC_0038_id93.png,RGB_JPG_IMPUREZAS,RGB_JPG_IMPUREZAS
C:\Users\eduar\Desktop\Soybe-main\data\com_fundo\RGB_JPG_IMPUREZAS\grao_DSC_0034_id40.png,RGB_JPG_IMPUREZAS,RGB_JPG_IMPUREZAS
C:\Users\eduar\Desktop\Soybe-main\data\com_fundo\RGB_JPG_IMPUREZAS\grao_DSC_0003_id241.png,RGB_JPG_IMPUREZAS,RGB_JPG_IMPUREZAS
C:\Users\eduar\Desktop\Soybe-main\data\com_fundo\RGB_JPG_CHOCHOS\grao_DSC_0361_id107.png,RGB_JPG_CHOCHOS,RGB_JPG_CHOCHOS
C:\Users\eduar\Desktop\Soybe-main\data\com_fundo\RGB_JPG_CHOCHOS\grao_DSC_0347_id32.png,RGB_JPG_CHOCHOS,RGB_JPG_ESVERDEADO
C:\Users\eduar\Desktop\Soybe-main\data\com_fundo\RGB_JPG_Normais\grao_DSC_0489_id75.png,RGB_JPG_Normais,RGB_JPG_Normais
C:\Users\eduar\Desktop\Soybe-main\data\com_fundo\RGB_JPG_IMPUREZAS\grao_DSC_0288_id161.png,RGB_JPG_IMPUREZAS,RGB_JPG_IMPUREZAS
C:\Users\eduar\Desktop\Soybe-main\data\com_fundo\RGB_JPG_Normais\grao_DSC_0481_id91.png,RGB_JPG_Normais,RGB_JPG_Normais
C:\Users\eduar\Desktop\Soybe-main\data\com_fundo\RGB_JPG_QUEBRADOS\grao_DSC_0411_id8.png,RGB_JPG_QUEBRADOS,RGB_JPG_QUEBRADOS
C:\Users\eduar\Desktop\Soybe-main\data\com_fundo\RGB_JPG_QUEBRADOS\grao_DSC_0447_id68.png,RGB_JPG_QUEBRADOS,RGB_JPG_QUEBRADOS
C:\Users\eduar\Desktop\Soybe-main\data\com_fundo\RGB_JPG_IMPUREZAS\grao_DSC_0240_id266.png,RGB_JPG_IMPUREZAS,RGB_JPG_IMPUREZAS
C:\Users\eduar\Desktop\Soybe-main\data\com_fundo\RGB_JPG_Normais\grao_DSC_0516_id53.png,RGB_JPG_Normais,RGB_JPG_Normais
C:\Users\eduar\Desktop\Soybe-main\data\com_fundo\RGB_JPG_QUEBRADOS\grao_DSC_0405_id31.png,RGB_JPG_QUEBRADOS,RGB_JPG_QUEBRADOS
C:\Users\eduar\Desktop\Soybe-main\data\com_fundo\RGB_JPG_IMPUREZAS\grao_DSC_0262_id203.png,RGB_JPG_IMPUREZAS,RGB_JPG_IMPUREZAS
C:\Users\eduar\Desktop\Soybe-main\data\com_fundo\RGB_JPG_Normais\grao_DSC_0214_id37.png,RGB_JPG_Normais,RGB_JPG_Normais
C:\Users\eduar\Desktop\Soybe-main\data\com_fundo\RGB_JPG_IMPUREZAS\grao_DSC_0042_id105.png,RGB_JPG_IMPUREZAS,RGB_JPG_IMPUREZAS
C:\Users\eduar\Desktop\Soybe-main\data\com_fundo\RGB_JPG_Normais\grao_DSC_0221_id26.png,RGB_JPG_Normais,RGB_JPG_Normais
C:\Users\eduar\Desktop\Soybe-main\data\com_fundo\RGB_JPG_Normais\grao_DSC_0658_id90.png,RGB_JPG_Normais,RGB_JPG_Normais
C:\Users\eduar\Desktop\Soybe-main\data\com_fundo\RGB_JPG_QUEBRADOS\grao_DSC_0428_id75.png,RGB_JPG_QUEBRADOS,RGB_JPG_QUEBRADOS
C:\Users\eduar\Desktop\Soybe-main\data\com_fundo\RGB_JPG_IMPUREZAS\grao_DSC_0287_id139.png,RGB_JPG_IMPUREZAS,RGB_JPG_IMPUREZAS
C:\Users\eduar\Desktop\Soybe-main\data\com_fundo\RGB_JPG_Normais\grao_DSC_0478_id57.png,RGB_JPG_Normais,RGB_JPG_Normais
C:\Users\eduar\Desktop\Soybe-main\data\com_fundo\RGB_JPG_QUEBRADOS\grao_DSC_0169_id32.png,RGB_JPG_QUEBRADOS,RGB_JPG_QUEBRADOS
C:\Users\eduar\Desktop\Soybe-main\data\com_fundo\RGB_JPG_IMPUREZAS\grao_DSC_0247_id108.png,RGB_JPG_IMPUREZAS,RGB_JPG_IMPUREZAS
C:\Users\eduar\Desktop\Soybe-main\data\com_fundo\RGB_JPG_Normais\grao_DSC_0474_id92.png,RGB_JPG_Normais,RGB_JPG_Normais
C:\Users\eduar\Desktop\Soybe-main\data\com_fundo\RGB_JPG_Normais\grao_DSC_0491_id4.png,RGB_JPG_Normais,RGB_JPG_Normais
C:\Users\eduar\Desktop\Soybe-main\data\com_fundo\RGB_JPG_Normais\grao_DSC_0380_id78.png,RGB_JPG_Normais,RGB_JPG_Normais
C:\Users\eduar\Desktop\Soybe-main\data\com_fundo\RGB_JPG_IMPUREZAS\grao_DSC_0290_id213.png,RGB_JPG_IMPUREZAS,RGB_JPG_IMPUREZAS
C:\Users\eduar\Desktop\Soybe-main\data\com_fundo\RGB_JPG_IMPUREZAS\grao_DSC_0246_id24.png,RGB_JPG_IMPUREZAS,RGB_JPG_IMPUREZAS
C:\Users\eduar\Desktop\Soybe-main\data\com_fundo\RGB_JPG_MAMONAS\grao_DSC_0190_id99.png,RGB_JPG_MAMONAS,RGB_JPG_MAMONAS
C:\Users\eduar\Desktop\Soybe-main\data\com_fundo\RGB_JPG_Normais\grao_DSC_0646_id83.png,RGB_JPG_Normais,RGB_JPG_Normais
C:\Users\eduar\Desktop\Soybe-main\data\com_fundo\RGB_JPG_QUEBRADOS\grao_DSC_0438_id109.png,RGB_JPG_QUEBRADOS,RGB_JPG_QUEBRADOS
C:\Users\eduar\Desktop\Soybe-main\data\com_fundo\RGB_JPG_QUEBRADOS\grao_DSC_0169_id74.png,RGB_JPG_QUEBRADOS,RGB_JPG_QUEBRADOS
C:\Users\eduar\Desktop\Soybe-main\data\com_fundo\RGB_JPG_Normais\grao_DSC_0375_id41.png,RGB_JPG_Normais,RGB_JPG_Normais
C:\Users\eduar\Desktop\Soybe-main\data\com_fundo\RGB_JPG_QUEBRADOS\grao_DSC_0443_id58.png,RGB_JPG_QUEBRADOS,RGB_JPG_QUEBRADOS
C:\Users\eduar\Desktop\Soybe-main\data\com_fundo\RGB_JPG_Normais\grao_DSC_0483_id51.png,RGB_JPG_Normais,RGB_JPG_Normais
C:\Users\eduar\Desktop\Soybe-main\data\com_fundo\RGB_JPG_Normais\grao_DSC_0669_id64.png,RGB_JPG_Normais,RGB_JPG_Normais
C:\Users\eduar\Desktop\Soybe-main\data\com_fundo\RGB_JPG_CHOCHOS\grao_DSC_0348_id66.png,RGB_JPG_CHOCHOS,RGB_JPG_CHOCHOS
C:\Users\eduar\Desktop\Soybe-main\data\com_fundo\RGB_JPG_QUEBRADOS\grao_DSC_0170_id104.png,RGB_JPG_QUEBRADOS,RGB_JPG_QUEBRADOS
C:\Users\eduar\Desktop\Soybe-main\data\com_fundo\RGB_JPG_IMPUREZAS\grao_DSC_0242_id207.png,RGB_JPG_IMPUREZAS,RGB_JPG_IMPUREZAS
C:\Users\eduar\Desktop\Soybe-main\data\com_fundo\RGB_JPG_IMPUREZAS\grao_DSC_0260_id7.png,RGB_JPG_IMPUREZAS,RGB_JPG_IMPUREZAS
C:\Users\eduar\Desktop\Soybe-main\data\com_fundo\RGB_JPG_Normais\grao_DSC_0615_id60.png,RGB_JPG_Normais,RGB_JPG_Normais
C:\Users\eduar\Desktop\Soybe-main\data\com_fundo\RGB_JPG_Normais\grao_DSC_0612_id98.png,RGB_JPG_Normais,RGB_JPG_Normais
C:\Users\eduar\Desktop\Soybe-main\data\com_fundo\RGB_JPG_IMPUREZAS\grao_DSC_0246_id119.png,RGB_JPG_IMPUREZAS,RGB_JPG_IMPUREZAS
C:\Users\eduar\Desktop\Soybe-main\data\com_fundo\RGB_JPG_IMPUREZAS\grao_DSC_0002_id128.png,RGB_JPG_IMPUREZAS,RGB_JPG_IMPUREZAS
C:\Users\eduar\Desktop\Soybe-main\data\com_fundo\RGB_JPG_Normais\grao_DSC_0369_id53.png,RGB_JPG_Normais,RGB_JPG_Normais
C:\Users\eduar\Desktop\Soybe-main\data\com_fundo\RGB_JPG_MAMONAS\grao_DSC_0188_id134.png,RGB_JPG_MAMONAS,RGB_JPG_MAMONAS
C:\Users\eduar\Desktop\Soybe-main\data\com_fundo\RGB_JPG_QUEBRADOS\grao_DSC_0168_id3.png,RGB_JPG_QUEBRADOS,RGB_JPG_QUEBRADOS
C:\Users\eduar\Desktop\Soybe-main\data\com_fundo\RGB_JPG_IMPUREZAS\grao_DSC_0258_id60.png,RGB_JPG_IMPUREZAS,RGB_JPG_IMPUREZAS
C:\Users\eduar\Desktop\Soybe-main\data\com_fundo\RGB_JPG_Normais\grao_DSC_0387_id70.png,RGB_JPG_Normais,RGB_JPG_Normais
C:\Users\eduar\Desktop\Soybe-main\data\com_fundo\RGB_JPG_IMPUREZAS\grao_DSC_0246_id173.png,RGB_JPG_IMPUREZAS,RGB_JPG_IMPUREZAS
C:\Users\eduar\Desktop\Soybe-main\data\com_fundo\RGB_JPG_IMPUREZAS\grao_DSC_0275_id264.png,RGB_JPG_IMPUREZAS,RGB_JPG_IMPUREZAS
C:\Users\eduar\Desktop\Soybe-main\data\com_fundo\RGB_JPG_CHOCHOS\grao_DSC_0358_id43.png,RGB_JPG_CHOCHOS,RGB_JPG_CHOCHOS
C:\Users\eduar\Desktop\Soybe-main\data\com_fundo\RGB_JPG_Normais\grao_DSC_0653_id95.png,RGB_JPG_Normais,RGB_JPG_Normais
C:\Users\eduar\Desktop\Soybe-main\data\com_fundo\RGB_JPG_Normais\grao_DSC_0391_id19.png,RGB_JPG_Normais,RGB_JPG_Normais
C:\Users\eduar\Desktop\Soybe-main\data\com_fundo\RGB_JPG_Normais\grao_DSC_0222_id47.png,RGB_JPG_Normais,RGB_JPG_Normais
C:\Users\eduar\Desktop\Soybe-main\data\com_fundo\RGB_JPG_ESVERDEADO\grao_DSC_0310_id57.png,RGB_JPG_ESVERDEADO,RGB_JPG_ESVERDEADO
C:\Users\eduar\Desktop\Soybe-main\data\com_fundo\RGB_JPG_Normais\grao_DSC_0151_id101.png,RGB_JPG_Normais,RGB_JPG_Normais
C:\Users\eduar\Desktop\Soybe-main\data\com_fundo\RGB_JPG_Normais\grao_DSC_0643_id98.png,RGB_JPG_Normais,RGB_JPG_Normais
C:\Users\eduar\Desktop\Soybe-main\data\com_fundo\RGB_JPG_Normais\grao_DSC_0386_id2.png,RGB_JPG_Normais,RGB_JPG_Normais
C:\Users\eduar\Desktop\Soybe-main\data\com_fundo\RGB_JPG_CHOCHOS\grao_DSC_0364_id34.png,RGB_JPG_CHOCHOS,RGB_JPG_CHOCHOS
C:\Users\eduar\Desktop\Soybe-main\data\com_fundo\RGB_JPG_Normais\grao_DSC_0395_id69.png,RGB_JPG_Normais,RGB_JPG_Normais
C:\Users\eduar\Desktop\Soybe-main\data\com_fundo\RGB_JPG_IMPUREZAS\grao_DSC_0028_id172.png,RGB_JPG_IMPUREZAS,RGB_JPG_IMPUREZAS
C:\Users\eduar\Desktop\Soybe-main\data\com_fundo\RGB_JPG_Normais\grao_DSC_0671_id30.png,RGB_JPG_Normais,RGB_JPG_Normais
C:\Users\eduar\Desktop\Soybe-main\data\com_fundo\RGB_JPG_Normais\grao_DSC_0136_id56.png,RGB_JPG_Normais,RGB_JPG_Normais
C:\Users\eduar\Desktop\Soybe-main\data\com_fundo\RGB_JPG_IMPUREZAS\grao_DSC_0239_id289.png,RGB_JPG_IMPUREZAS,RGB_JPG_IMPUREZAS
C:\Users\eduar\Desktop\Soybe-main\data\com_fundo\RGB_JPG_IMPUREZAS\grao_DSC_0264_id164.png,RGB_JPG_IMPUREZAS,RGB_JPG_IMPUREZAS
C:\Users\eduar\Desktop\Soybe-main\data\com_fundo\RGB_JPG_IMPUREZAS\grao_DSC_0245_id152.png,RGB_JPG_IMPUREZAS,RGB_JPG_IMPUREZAS
C:\Users\eduar\Desktop\Soybe-main\data\com_fundo\RGB_JPG_Normais\grao_DSC_0372_id101.png,RGB_JPG_Normais,RGB_JPG_Normais
C:\Users\eduar\Desktop\Soybe-main\data\com_fundo\RGB_JPG_Normais\grao_DSC_0144_id26.png,RGB_JPG_Normais,RGB_JPG_Normais
C:\Users\eduar\Desktop\Soybe-main\data\com_fundo\RGB_JPG_Normais\grao_DSC_0632_id44.png,RGB_JPG_Normais,RGB_JPG_Normais
C:\Users\eduar\Desktop\Soybe-main\data\com_fundo\RGB_JPG_Normais\grao_DSC_0512_id13.png,RGB_JPG_Normais,RGB_JPG_Normais
C:\Users\eduar\Desktop\Soybe-main\data\com_fundo\RGB_JPG_Normais\grao_DSC_0622_id83.png,RGB_JPG_Normais,RGB_JPG_Normais
C:\Users\eduar\Desktop\Soybe-main\data\com_fundo\RGB_JPG_Normais\grao_DSC_0506_id86.png,RGB_JPG_Normais,RGB_JPG_Normais
C:\Users\eduar\Desktop\Soybe-main\data\com_fundo\RGB_JPG_Normais\grao_DSC_0644_id66.png,RGB_JPG_Normais,RGB_JPG_Normais
C:\Users\eduar\Desktop\Soybe-main\data\com_fundo\RGB_JPG_Normais\grao_DSC_0665_id11.png,RGB_JPG_Normais,RGB_JPG_Normais
C:\Users\eduar\Desktop\Soybe-main\data\com_fundo\RGB_JPG_IMPUREZAS\grao_DSC_0230_id31.png,RGB_JPG_IMPUREZAS,RGB_JPG_IMPUREZAS
C:\Users\eduar\Desktop\Soybe-main\data\com_fundo\RGB_JPG_IMPUREZAS\grao_DSC_0296_id5.png,RGB_JPG_IMPUREZAS,RGB_JPG_IMPUREZAS
C:\Users\eduar\Desktop\Soybe-main\data\com_fundo\RGB_JPG_Normais\grao_DSC_0493_id46.png,RGB_JPG_Normais,RGB_JPG_Normais
C:\Users\eduar\Desktop\Soybe-main\data\com_fundo\RGB_JPG_Normais\grao_DSC_0514_id65.png,RGB_JPG_Normais,RGB_JPG_Normais
C:\Users\eduar\Desktop\Soybe-main\data\com_fundo\RGB_JPG_IMPUREZAS\grao_DSC_0266_id32.png,RGB_JPG_IMPUREZAS,RGB_JPG_IMPUREZAS
C:\Users\eduar\Desktop\Soybe-main\data\com_fundo\RGB_JPG_Normais\grao_DSC_0640_id31.png,RGB_JPG_Normais,RGB_JPG_Normais
C:\Users\eduar\Desktop\Soybe-main\data\com_fundo\RGB_JPG_IMPUREZAS\grao_DSC_0248_id95.png,RGB_JPG_IMPUREZAS,RGB_JPG_IMPUREZAS
C:\Users\eduar\Desktop\Soybe-main\data\com_fundo\RGB_JPG_IMPUREZAS\grao_DSC_0294_id4.png,RGB_JPG_IMPUREZAS,RGB_JPG_IMPUREZAS
C:\Users\eduar\Desktop\Soybe-main\data\com_fundo\RGB_JPG_Normais\grao_DSC_0621_id32.png,RGB_JPG_Normais,RGB_JPG_Normais
C:\Users\eduar\Desktop\Soybe-main\data\com_fundo\RGB_JPG_Normais\grao_DSC_0517_id53.png,RGB_JPG_Normais,RGB_JPG_Normais
C:\Users\eduar\Desktop\Soybe-main\data\com_fundo\RGB_JPG_IMPUREZAS\grao_DSC_0292_id251.png,RGB_JPG_IMPUREZAS,RGB_JPG_IMPUREZAS
C:\Users\eduar\Desktop\Soybe-main\data\com_fundo\RGB_JPG_Normais\grao_DSC_0477_id37.png,RGB_JPG_Normais,RGB_JPG_Normais
C:\Users\eduar\Desktop\Soybe-main\data\com_fundo\RGB_JPG_Normais\grao_DSC_0647_id99.png,RGB_JPG_Normais,RGB_JPG_Normais
C:\Users\eduar\Desktop\Soybe-main\data\com_fundo\RGB_JPG_IMPUREZAS\grao_DSC_0246_id75.png,RGB_JPG_IMPUREZAS,RGB_JPG_IMPUREZAS
C:\Users\eduar\Desktop\Soybe-main\data\com_fundo\RGB_JPG_IMPUREZAS\grao_DSC_0006_id38.png,RGB_JPG_IMPUREZAS,RGB_JPG_IMPUREZAS
C:\Users\eduar\Desktop\Soybe-main\data\com_fundo\RGB_JPG_QUEBRADOS\grao_DSC_0442_id59.png,RGB_JPG_QUEBRADOS,RGB_JPG_QUEBRADOS
C:\Users\eduar\Desktop\Soybe-main\data\com_fundo\RGB_JPG_CHOCHOS\grao_DSC_0337_id66.png,RGB_JPG_CHOCHOS,RGB_JPG_CHOCHOS
C:\Users\eduar\Desktop\Soybe-main\data\com_fundo\RGB_JPG_Normais\grao_DSC_0368_id65.png,RGB_JPG_Normais,RGB_JPG_Normais
C:\Users\eduar\Desktop\Soybe-main\data\com_fundo\RGB_JPG_QUEBRADOS\grao_DSC_0424_id8.png,RGB_JPG_QUEBRADOS,RGB_JPG_QUEBRADOS
C:\Users\eduar\Desktop\Soybe-main\data\com_fundo\RGB_JPG_IMPUREZAS\grao_DSC_0011_id164.png,RGB_JPG_IMPUREZAS,RGB_JPG_IMPUREZAS
C:\Users\eduar\Desktop\Soybe-main\data\com_fundo\RGB_JPG_QUEBRADOS\grao_DSC_0427_id83.png,RGB_JPG_QUEBRADOS,RGB_JPG_QUEBRADOS
C:\Users\eduar\Desktop\Soybe-main\data\com_fundo\RGB_JPG_IMPUREZAS\grao_DSC_0252_id217.png,RGB_JPG_IMPUREZAS,RGB_JPG_IMPUREZAS
C:\Users\eduar\Desktop\Soybe-main\data\com_fundo\RGB_JPG_CHOCHOS\grao_DSC_0362_id78.png,RGB_JPG_CHOCHOS,RGB_JPG_CHOCHOS
C:\Users\eduar\Desktop\Soybe-main\data\com_fundo\RGB_JPG_CHOCHOS\grao_DSC_0342_id8.png,RGB_JPG_CHOCHOS,RGB_JPG_CHOCHOS
C:\Users\eduar\Desktop\Soybe-main\data\com_fundo\RGB_JPG_QUEBRADOS\grao_DSC_0420_id107.png,RGB_JPG_QUEBRADOS,RGB_JPG_QUEBRADOS
C:\Users\eduar\Desktop\Soybe-main\data\com_fundo\RGB_JPG_IMPUREZAS\grao_DSC_0043_id163.png,RGB_JPG_IMPUREZAS,RGB_JPG_IMPUREZAS
C:\Users\eduar\Desktop\Soybe-main\data\com_fundo\RGB_JPG_Normais\grao_DSC_0133_id7.png,RGB_JPG_Normais,RGB_JPG_Normais
C:\Users\eduar\Desktop\Soybe-main\data\com_fundo\RGB_JPG_Normais\grao_DSC_0159_id11.png,RGB_JPG_Normais,RGB_JPG_Normais
C:\Users\eduar\Desktop\Soybe-main\data\com_fundo\RGB_JPG_CHOCHOS\grao_DSC_0320_id29.png,RGB_JPG_CHOCHOS,RGB_JPG_Normais
C:\Users\eduar\Desktop\Soybe-main\data\com_fundo\RGB_JPG_QUEBRADOS\grao_DSC_0433_id42.png,RGB_JPG_QUEBRADOS,RGB_JPG_QUEBRADOS
C:\Users\eduar\Desktop\Soybe-main\data\com_fundo\RGB_JPG_IMPUREZAS\grao_DSC_0228_id128.png,RGB_JPG_IMPUREZAS,RGB_JPG_IMPUREZAS
C:\Users\eduar\Desktop\Soybe-main\data\com_fundo\RGB_JPG_Normais\grao_DSC_0366_id114.png,RGB_JPG_Normais,RGB_JPG_Normais
C:\Users\eduar\Desktop\Soybe-main\data\com_fundo\RGB_JPG_Normais\grao_DSC_0222_id29.png,RGB_JPG_Normais,RGB_JPG_Normais
C:\Users\eduar\Desktop\Soybe-main\data\com_fundo\RGB_JPG_IMPUREZAS\grao_DSC_0294_id114.png,RGB_JPG_IMPUREZAS,RGB_JPG_IMPUREZAS
C:\Users\eduar\Desktop\Soybe-main\data\com_fundo\RGB_JPG_IMPUREZAS\grao_DSC_0231_id27.png,RGB_JPG_IMPUREZAS,RGB_JPG_IMPUREZAS
C:\Users\eduar\Desktop\Soybe-main\data\com_fundo\RGB_JPG_CHOCHOS\grao_DSC_0364_id113.png,RGB_JPG_CHOCHOS,RGB_JPG_CHOCHOS
C:\Users\eduar\Desktop\Soybe-main\data\com_fundo\RGB_JPG_Normais\grao_DSC_0675_id3.png,RGB_JPG_Normais,RGB_JPG_Normais
C:\Users\eduar\Desktop\Soybe-main\data\com_fundo\RGB_JPG_CHOCHOS\grao_DSC_0345_id20.png,RGB_JPG_CHOCHOS,RGB_JPG_CHOCHOS
C:\Users\eduar\Desktop\Soybe-main\data\com_fundo\RGB_JPG_IMPUREZAS\grao_DSC_0269_id48.png,RGB_JPG_IMPUREZAS,RGB_JPG_IMPUREZAS
C:\Users\eduar\Desktop\Soybe-main\data\com_fundo\RGB_JPG_Normais\grao_DSC_0222_id13.png,RGB_JPG_Normais,RGB_JPG_Normais
C:\Users\eduar\Desktop\Soybe-main\data\com_fundo\RGB_JPG_CHOCHOS\grao_DSC_0359_id108.png,RGB_JPG_CHOCHOS,RGB_JPG_CHOCHOS
C:\Users\eduar\Desktop\Soybe-main\data\com_fundo\RGB_JPG_QUEBRADOS\grao_DSC_0444_id39.png,RGB_JPG_QUEBRADOS,RGB_JPG_QUEBRADOS
C:\Users\eduar\Desktop\Soybe-main\data\com_fundo\RGB_JPG_ESVERDEADO\grao_DSC_0307_id39.png,RGB_JPG_ESVERDEADO,RGB_JPG_ESVERDEADO
C:\Users\eduar\Desktop\Soybe-main\data\com_fundo\RGB_JPG_MAMONAS\grao_DSC_0186_id81.png,RGB_JPG_MAMONAS,RGB_JPG_MAMONAS
C:\Users\eduar\Desktop\Soybe-main\data\com_fundo\RGB_JPG_Normais\grao_DSC_0520_id3.png,RGB_JPG_Normais,RGB_JPG_Normais
C:\Users\eduar\Desktop\Soybe-main\data\com_fundo\RGB_JPG_Normais\grao_DSC_0504_id98.png,RGB_JPG_Normais,RGB_JPG_Normais
C:\Users\eduar\Desktop\Soybe-main\data\com_fundo\RGB_JPG_IMPUREZAS\grao_DSC_0293_id249.png,RGB_JPG_IMPUREZAS,RGB_JPG_IMPUREZAS
C:\Users\eduar\Desktop\Soybe-main\data\com_fundo\RGB_JPG_Normais\grao_DSC_0607_id70.png,RGB_JPG_Normais,RGB_JPG_Normais
C:\Users\eduar\Desktop\Soybe-main\data\com_fundo\RGB_JPG_Normais\grao_DSC_0618_id23.png,RGB_JPG_Normais,RGB_JPG_Normais
C:\Users\eduar\Desktop\Soybe-main\data\com_fundo\RGB_JPG_QUEBRADOS\grao_DSC_0463_id1.png,RGB_JPG_QUEBRADOS,RGB_JPG_QUEBRADOS
C:\Users\eduar\Desktop\Soybe-main\data\com_fundo\RGB_JPG_IMPUREZAS\grao_DSC_0248_id55.png,RGB_JPG_IMPUREZAS,RGB_JPG_IMPUREZAS
C:\Users\eduar\Desktop\Soybe-main\data\com_fundo\RGB_JPG_IMPUREZAS\grao_DSC_0003_id246.png,RGB_JPG_IMPUREZAS,RGB_JPG_IMPUREZAS
C:\Users\eduar\Desktop\Soybe-main\data\com_fundo\RGB_JPG_IMPUREZAS\grao_DSC_0019_id110.png,RGB_JPG_IMPUREZAS,RGB_JPG_IMPUREZAS
C:\Users\eduar\Desktop\Soybe-main\data\com_fundo\RGB_JPG_IMPUREZAS\grao_DSC_0041_id37.png,RGB_JPG_IMPUREZAS,RGB_JPG_IMPUREZAS
C:\Users\eduar\Desktop\Soybe-main\data\com_fundo\RGB_JPG_IMPUREZAS\grao_DSC_0256_id46.png,RGB_JPG_IMPUREZAS,RGB_JPG_IMPUREZAS
C:\Users\eduar\Desktop\Soybe-main\data\com_fundo\RGB_JPG_QUEBRADOS\grao_DSC_0464_id29.png,RGB_JPG_QUEBRADOS,RGB_JPG_QUEBRADOS
C:\Users\eduar\Desktop\Soybe-main\data\com_fundo\RGB_JPG_Normais\grao_DSC_0322_id99.png,RGB_JPG_Normais,RGB_JPG_CHOCHOS
C:\Users\eduar\Desktop\Soybe-main\data\com_fundo\RGB_JPG_QUEBRADOS\grao_DSC_0428_id83.png,RGB_JPG_QUEBRADOS,RGB_JPG_QUEBRADOS
C:\Users\eduar\Desktop\Soybe-main\data\com_fundo\RGB_JPG_IMPUREZAS\grao_DSC_0286_id59.png,RGB_JPG_IMPUREZAS,RGB_JPG_IMPUREZAS
C:\Users\eduar\Desktop\Soybe-main\data\com_fundo\RGB_JPG_IMPUREZAS\grao_DSC_0248_id49.png,RGB_JPG_IMPUREZAS,RGB_JPG_IMPUREZAS
C:\Users\eduar\Desktop\Soybe-main\data\com_fundo\RGB_JPG_IMPUREZAS\grao_DSC_0037_id85.png,RGB_JPG_IMPUREZAS,RGB_JPG_IMPUREZAS
C:\Users\eduar\Desktop\Soybe-main\data\com_fundo\RGB_JPG_IMPUREZAS\grao_DSC_0272_id49.png,RGB_JPG_IMPUREZAS,RGB_JPG_IMPUREZAS
C:\Users\eduar\Desktop\Soybe-main\data\com_fundo\RGB_JPG_IMPUREZAS\grao_DSC_0017_id151.png,RGB_JPG_IMPUREZAS,RGB_JPG_IMPUREZAS
C:\Users\eduar\Desktop\Soybe-main\data\com_fundo\RGB_JPG_IMPUREZAS\grao_DSC_0246_id93.png,RGB_JPG_IMPUREZAS,RGB_JPG_IMPUREZAS
C:\Users\eduar\Desktop\Soybe-main\data\com_fundo\RGB_JPG_CHOCHOS\grao_DSC_0349_id15.png,RGB_JPG_CHOCHOS,RGB_JPG_CHOCHOS
C:\Users\eduar\Desktop\Soybe-main\data\com_fundo\RGB_JPG_QUEBRADOS\grao_DSC_0413_id16.png,RGB_JPG_QUEBRADOS,RGB_JPG_QUEBRADOS
C:\Users\eduar\Desktop\Soybe-main\data\com_fundo\RGB_JPG_Normais\grao_DSC_0377_id9.png,RGB_JPG_Normais,RGB_JPG_Normais
C:\Users\eduar\Desktop\Soybe-main\data\com_fundo\RGB_JPG_IMPUREZAS\grao_DSC_0029_id90.png,RGB_JPG_IMPUREZAS,RGB_JPG_IMPUREZAS
C:\Users\eduar\Desktop\Soybe-main\data\com_fundo\RGB_JPG_QUEBRADOS\grao_DSC_0173_id75.png,RGB_JPG_QUEBRADOS,RGB_JPG_QUEBRADOS
C:\Users\eduar\Desktop\Soybe-main\data\com_fundo\RGB_JPG_IMPUREZAS\grao_DSC_0253_id84.png,RGB_JPG_IMPUREZAS,RGB_JPG_IMPUREZAS
C:\Users\eduar\Desktop\Soybe-main\data\com_fundo\RGB_JPG_ESVERDEADO\grao_DSC_0307_id20.png,RGB_JPG_ESVERDEADO,RGB_JPG_ESVERDEADO
C:\Users\eduar\Desktop\Soybe-main\data\com_fundo\RGB_JPG_IMPUREZAS\grao_DSC_0004_id220.png,RGB_JPG_IMPUREZAS,RGB_JPG_IMPUREZAS
C:\Users\eduar\Desktop\Soybe-main\data\com_fundo\RGB_JPG_QUEBRADOS\grao_DSC_0433_id33.png,RGB_JPG_QUEBRADOS,RGB_JPG_QUEBRADOS
C:\Users\eduar\Desktop\Soybe-main\data\com_fundo\RGB_JPG_Normais\grao_DSC_0475_id24.png,RGB_JPG_Normais,RGB_JPG_Normais
C:\Users\eduar\Desktop\Soybe-main\data\com_fundo\RGB_JPG_IMPUREZAS\grao_DSC_0021_id39.png,RGB_JPG_IMPUREZAS,RGB_JPG_IMPUREZAS
C:\Users\eduar\Desktop\Soybe-main\data\com_fundo\RGB_JPG_Normais\grao_DSC_0512_id18.png,RGB_JPG_Normais,RGB_JPG_Normais
C:\Users\eduar\Desktop\Soybe-main\data\com_fundo\RGB_JPG_CHOCHOS\grao_DSC_0319_id16.png,RGB_JPG_CHOCHOS,RGB_JPG_CHOCHOS
C:\Users\eduar\Desktop\Soybe-main\data\com_fundo\RGB_JPG_Normais\grao_DSC_0673_id68.png,RGB_JPG_Normais,RGB_JPG_Normais
C:\Users\eduar\Desktop\Soybe-main\data\com_fundo\RGB_JPG_IMPUREZAS\grao_DSC_0257_id235.png,RGB_JPG_IMPUREZAS,RGB_JPG_IMPUREZAS
C:\Users\eduar\Desktop\Soybe-main\data\com_fundo\RGB_JPG_QUEBRADOS\grao_DSC_0417_id66.png,RGB_JPG_QUEBRADOS,RGB_JPG_QUEBRADOS
C:\Users\eduar\Desktop\Soybe-main\data\com_fundo\RGB_JPG_Normais\grao_DSC_0394_id40.png,RGB_JPG_Normais,RGB_JPG_Normais
C:\Users\eduar\Desktop\Soybe-main\data\com_fundo\RGB_JPG_Normais\grao_DSC_0469_id44.png,RGB_JPG_Normais,RGB_JPG_QUEBRADOS
C:\Users\eduar\Desktop\Soybe-main\data\com_fundo\RGB_JPG_Normais\grao_DSC_0506_id48.png,RGB_JPG_Normais,RGB_JPG_Normais
C:\Users\eduar\Desktop\Soybe-main\data\com_fundo\RGB_JPG_IMPUREZAS\grao_DSC_0245_id145.png,RGB_JPG_IMPUREZAS,RGB_JPG_IMPUREZAS
C:\Users\eduar\Desktop\Soybe-main\data\com_fundo\RGB_JPG_IMPUREZAS\grao_DSC_0282_id62.png,RGB_JPG_IMPUREZAS,RGB_JPG_IMPUREZAS
C:\Users\eduar\Desktop\Soybe-main\data\com_fundo\RGB_JPG_IMPUREZAS\grao_DSC_0231_id173.png,RGB_JPG_IMPUREZAS,RGB_JPG_IMPUREZAS
C:\Users\eduar\Desktop\Soybe-main\data\com_fundo\RGB_JPG_Normais\grao_DSC_0380_id2.png,RGB_JPG_Normais,RGB_JPG_Normais
C:\Users\eduar\Desktop\Soybe-main\data\com_fundo\RGB_JPG_Normais\grao_DSC_0396_id72.png,RGB_JPG_Normais,RGB_JPG_QUEBRADOS
C:\Users\eduar\Desktop\Soybe-main\data\com_fundo\RGB_JPG_Normais\grao_DSC_0483_id55.png,RGB_JPG_Normais,RGB_JPG_Normais
C:\Users\eduar\Desktop\Soybe-main\data\com_fundo\RGB_JPG_MAMONAS\grao_DSC_0188_id104.png,RGB_JPG_MAMONAS,RGB_JPG_MAMONAS
C:\Users\eduar\Desktop\Soybe-main\data\com_fundo\RGB_JPG_IMPUREZAS\grao_DSC_0280_id103.png,RGB_JPG_IMPUREZAS,RGB_JPG_IMPUREZAS
C:\Users\eduar\Desktop\Soybe-main\data\com_fundo\RGB_JPG_IMPUREZAS\grao_DSC_0240_id84.png,RGB_JPG_IMPUREZAS,RGB_JPG_IMPUREZAS
C:\Users\eduar\Desktop\Soybe-main\data\com_fundo\RGB_JPG_Normais\grao_DSC_0518_id8.png,RGB_JPG_Normais,RGB_JPG_Normais
C:\Users\eduar\Desktop\Soybe-main\data\com_fundo\RGB_JPG_Normais\grao_DSC_0505_id14.png,RGB_JPG_Normais,RGB_JPG_Normais
C:\Users\eduar\Desktop\Soybe-main\data\com_fundo\RGB_JPG_IMPUREZAS\grao_DSC_0006_id100.png,RGB_JPG_IMPUREZAS,RGB_JPG_IMPUREZAS
C:\Users\eduar\Desktop\Soybe-main\data\com_fundo\RGB_JPG_Normais\grao_DSC_0478_id2.png,RGB_JPG_Normais,RGB_JPG_Normais
C:\Users\eduar\Desktop\Soybe-main\data\com_fundo\RGB_JPG_CHOCHOS\grao_DSC_0344_id82.png,RGB_JPG_CHOCHOS,RGB_JPG_CHOCHOS
C:\Users\eduar\Desktop\Soybe-main\data\com_fundo\RGB_JPG_CHOCHOS\grao_DSC_0331_id64.png,RGB_JPG_CHOCHOS,RGB_JPG_CHOCHOS
C:\Users\eduar\Desktop\Soybe-main\data\com_fundo\RGB_JPG_QUEBRADOS\grao_DSC_0168_id109.png,RGB_JPG_QUEBRADOS,RGB_JPG_QUEBRADOS
C:\Users\eduar\Desktop\Soybe-main\data\com_fundo\RGB_JPG_Normais\grao_DSC_0647_id6.png,RGB_JPG_Normais,RGB_JPG_Normais
C:\Users\eduar\Desktop\Soybe-main\data\com_fundo\RGB_JPG_Normais\grao_DSC_0156_id37.png,RGB_JPG_Normais,RGB_JPG_Normais
C:\Users\eduar\Desktop\Soybe-main\data\com_fundo\RGB_JPG_Normais\grao_DSC_0611_id33.png,RGB_JPG_Normais,RGB_JPG_Normais
C:\Users\eduar\Desktop\Soybe-main\data\com_fundo\RGB_JPG_Normais\grao_DSC_0384_id101.png,RGB_JPG_Normais,RGB_JPG_Normais
C:\Users\eduar\Desktop\Soybe-main\data\com_fundo\RGB_JPG_IMPUREZAS\grao_DSC_0002_id38.png,RGB_JPG_IMPUREZAS,RGB_JPG_IMPUREZAS
C:\Users\eduar\Desktop\Soybe-main\data\com_fundo\RGB_JPG_QUEBRADOS\grao_DSC_0447_id53.png,RGB_JPG_QUEBRADOS,RGB_JPG_QUEBRADOS
C:\Users\eduar\Desktop\Soybe-main\data\com_fundo\RGB_JPG_ESVERDEADO\grao_DSC_0303_id83.png,RGB_JPG_ESVERDEADO,RGB_JPG_Normais
C:\Users\eduar\Desktop\Soybe-main\data\com_fundo\RGB_JPG_Normais\grao_DSC_0503_id103.png,RGB_JPG_Normais,RGB_JPG_Normais
C:\Users\eduar\Desktop\Soybe-main\data\com_fundo\RGB_JPG_CHOCHOS\grao_DSC_0316_id3.png,RGB_JPG_CHOCHOS,RGB_JPG_CHOCHOS
C:\Users\eduar\Desktop\Soybe-main\data\com_fundo\RGB_JPG_Normais\grao_DSC_0321_id42.png,RGB_JPG_Normais,RGB_JPG_Normais
C:\Users\eduar\Desktop\Soybe-main\data\com_fundo\RGB_JPG_PURPURAS\grao_DSC_0051_id16.png,RGB_JPG_PURPURAS,RGB_JPG_PURPURAS
C:\Users\eduar\Desktop\Soybe-main\data\com_fundo\RGB_JPG_Normais\grao_DSC_0155_id47.png,RGB_JPG_Normais,RGB_JPG_Normais
C:\Users\eduar\Desktop\Soybe-main\data\com_fundo\RGB_JPG_CHOCHOS\grao_DSC_0328_id93.png,RGB_JPG_CHOCHOS,RGB_JPG_CHOCHOS
C:\Users\eduar\Desktop\Soybe-main\data\com_fundo\RGB_JPG_Normais\grao_DSC_0495_id31.png,RGB_JPG_Normais,RGB_JPG_Normais
C:\Users\eduar\Desktop\Soybe-main\data\com_fundo\RGB_JPG_IMPUREZAS\grao_DSC_0009_id76.png,RGB_JPG_IMPUREZAS,RGB_JPG_IMPUREZAS
C:\Users\eduar\Desktop\Soybe-main\data\com_fundo\RGB_JPG_Normais\grao_DSC_0515_id15.png,RGB_JPG_Normais,RGB_JPG_Normais
C:\Users\eduar\Desktop\Soybe-main\data\com_fundo\RGB_JPG_Normais\grao_DSC_0480_id63.png,RGB_JPG_Normais,RGB_JPG_Normais
C:\Users\eduar\Desktop\Soybe-main\data\com_fundo\RGB_JPG_Normais\grao_DSC_0158_id91.png,RGB_JPG_Normais,RGB_JPG_Normais
C:\Users\eduar\Desktop\Soybe-main\data\com_fundo\RGB_JPG_Normais\grao_DSC_0506_id56.png,RGB_JPG_Normais,RGB_JPG_Normais
C:\Users\eduar\Desktop\Soybe-main\data\com_fundo\RGB_JPG_Normais\grao_DSC_0380_id3.png,RGB_JPG_Normais,RGB_JPG_Normais
C:\Users\eduar\Desktop\Soybe-main\data\com_fundo\RGB_JPG_Normais\grao_DSC_0381_id19.png,RGB_JPG_Normais,RGB_JPG_Normais
C:\Users\eduar\Desktop\Soybe-main\data\com_fundo\RGB_JPG_ESVERDEADO\grao_DSC_0308_id5.png,RGB_JPG_ESVERDEADO,RGB_JPG_ESVERDEADO
C:\Users\eduar\Desktop\Soybe-main\data\com_fundo\RGB_JPG_QUEBRADOS\grao_DSC_0460_id96.png,RGB_JPG_QUEBRADOS,RGB_JPG_QUEBRADOS
C:\Users\eduar\Desktop\Soybe-main\data\com_fundo\RGB_JPG_Normais\grao_DSC_0662_id9.png,RGB_JPG_Normais,RGB_JPG_Normais
C:\Users\eduar\Desktop\Soybe-main\data\com_fundo\RGB_JPG_QUEBRADOS\grao_DSC_0461_id64.png,RGB_JPG_QUEBRADOS,RGB_JPG_QUEBRADOS
C:\Users\eduar\Desktop\Soybe-main\data\com_fundo\RGB_JPG_QUEBRADOS\grao_DSC_0415_id20.png,RGB_JPG_QUEBRADOS,RGB_JPG_QUEBRADOS
C:\Users\eduar\Desktop\Soybe-main\data\com_fundo\RGB_JPG_Normais\grao_DSC_0676_id44.png,RGB_JPG_Normais,RGB_JPG_Normais
C:\Users\eduar\Desktop\Soybe-main\data\com_fundo\RGB_JPG_Normais\grao_DSC_0320_id7.png,RGB_JPG_Normais,RGB_JPG_CHOCHOS
C:\Users\eduar\Desktop\Soybe-main\data\com_fundo\RGB_JPG_Normais\grao_DSC_0153_id37.png,RGB_JPG_Normais,RGB_JPG_Normais
C:\Users\eduar\Desktop\Soybe-main\data\com_fundo\RGB_JPG_Normais\grao_DSC_0607_id56.png,RGB_JPG_Normais,RGB_JPG_Normais
C:\Users\eduar\Desktop\Soybe-main\data\com_fundo\RGB_JPG_IMPUREZAS\grao_DSC_0002_id204.png,RGB_JPG_IMPUREZAS,RGB_JPG_IMPUREZAS
C:\Users\eduar\Desktop\Soybe-main\data\com_fundo\RGB_JPG_CHOCHOS\grao_DSC_0325_id49.png,RGB_JPG_CHOCHOS,RGB_JPG_CHOCHOS
C:\Users\eduar\Desktop\Soybe-main\data\com_fundo\RGB_JPG_Normais\grao_DSC_0676_id10.png,RGB_JPG_Normais,RGB_JPG_Normais
C:\Users\eduar\Desktop\Soybe-main\data\com_fundo\RGB_JPG_Normais\grao_DSC_0220_id19.png,RGB_JPG_Normais,RGB_JPG_Normais
C:\Users\eduar\Desktop\Soybe-main\data\com_fundo\RGB_JPG_Normais\grao_DSC_0322_id48.png,RGB_JPG_Normais,RGB_JPG_CHOCHOS
C:\Users\eduar\Desktop\Soybe-main\data\com_fundo\RGB_JPG_IMPUREZAS\grao_DSC_0291_id85.png,RGB_JPG_IMPUREZAS,RGB_JPG_IMPUREZAS
C:\Users\eduar\Desktop\Soybe-main\data\com_fundo\RGB_JPG_IMPUREZAS\grao_DSC_0248_id79.png,RGB_JPG_IMPUREZAS,RGB_JPG_IMPUREZAS
C:\Users\eduar\Desktop\Soybe-main\data\com_fundo\RGB_JPG_Normais\grao_DSC_0155_id97.png,RGB_JPG_Normais,RGB_JPG_Normais
C:\Users\eduar\Desktop\Soybe-main\data\com_fundo\RGB_JPG_Normais\grao_DSC_0481_id19.png,RGB_JPG_Normais,RGB_JPG_Normais
C:\Users\eduar\Desktop\Soybe-main\data\com_fundo\RGB_JPG_Normais\grao_DSC_0650_id43.png,RGB_JPG_Normais,RGB_JPG_Normais
C:\Users\eduar\Desktop\Soybe-main\data\com_fundo\RGB_JPG_IMPUREZAS\grao_DSC_0036_id27.png,RGB_JPG_IMPUREZAS,RGB_JPG_IMPUREZAS
C:\Users\eduar\Desktop\Soybe-main\data\com_fundo\RGB_JPG_CHOCHOS\grao_DSC_0326_id27.png,RGB_JPG_CHOCHOS,RGB_JPG_CHOCHOS
C:\Users\eduar\Desktop\Soybe-main\data\com_fundo\RGB_JPG_IMPUREZAS\grao_DSC_0237_id105.png,RGB_JPG_IMPUREZAS,RGB_JPG_IMPUREZAS
C:\Users\eduar\Desktop\Soybe-main\data\com_fundo\RGB_JPG_QUEBRADOS\grao_DSC_0173_id118.png,RGB_JPG_QUEBRADOS,RGB_JPG_QUEBRADOS
C:\Users\eduar\Desktop\Soybe-main\data\com_fundo\RGB_JPG_Normais\grao_DSC_0675_id67.png,RGB_JPG_Normais,RGB_JPG_Normais
C:\Users\eduar\Desktop\Soybe-main\data\com_fundo\RGB_JPG_Normais\grao_DSC_0624_id115.png,RGB_JPG_Normais,RGB_JPG_Normais
C:\Users\eduar\Desktop\Soybe-main\data\com_fundo\RGB_JPG_Normais\grao_DSC_0472_id35.png,RGB_JPG_Normais,RGB_JPG_Normais
C:\Users\eduar\Desktop\Soybe-main\data\com_fundo\RGB_JPG_IMPUREZAS\grao_DSC_0231_id13.png,RGB_JPG_IMPUREZAS,RGB_JPG_IMPUREZAS
C:\Users\eduar\Desktop\Soybe-main\data\com_fundo\RGB_JPG_QUEBRADOS\grao_DSC_0409_id45.png,RGB_JPG_QUEBRADOS,RGB_JPG_QUEBRADOS
C:\Users\eduar\Desktop\Soybe-main\data\com_fundo\RGB_JPG_Normais\grao_DSC_0375_id33.png,RGB_JPG_Normais,RGB_JPG_Normais
C:\Users\eduar\Desktop\Soybe-main\data\com_fundo\RGB_JPG_IMPUREZAS\grao_DSC_0257_id112.png,RGB_JPG_IMPUREZAS,RGB_JPG_IMPUREZAS
C:\Users\eduar\Desktop\Soybe-main\data\com_fundo\RGB_JPG_IMPUREZAS\grao_DSC_0255_id38.png,RGB_JPG_IMPUREZAS,RGB_JPG_IMPUREZAS
C:\Users\eduar\Desktop\Soybe-main\data\com_fundo\RGB_JPG_Normais\grao_DSC_0162_id5.png,RGB_JPG_Normais,RGB_JPG_Normais
C:\Users\eduar\Desktop\Soybe-main\data\com_fundo\RGB_JPG_Normais\grao_DSC_0152_id98.png,RGB_JPG_Normais,RGB_JPG_Normais
C:\Users\eduar\Desktop\Soybe-main\data\com_fundo\RGB_JPG_ESVERDEADO\grao_DSC_0303_id66.png,RGB_JPG_ESVERDEADO,RGB_JPG_ESVERDEADO
C:\Users\eduar\Desktop\Soybe-main\data\com_fundo\RGB_JPG_IMPUREZAS\grao_DSC_0279_id216.png,RGB_JPG_IMPUREZAS,RGB_JPG_IMPUREZAS
C:\Users\eduar\Desktop\Soybe-main\data\com_fundo\RGB_JPG_IMPUREZAS\grao_DSC_0278_id179.png,RGB_JPG_IMPUREZAS,RGB_JPG_IMPUREZAS
C:\Users\eduar\Desktop\Soybe-main\data\com_fundo\RGB_JPG_Normais\grao_DSC_0502_id46.png,RGB_JPG_Normais,RGB_JPG_Normais
C:\Users\eduar\Desktop\Soybe-main\data\com_fundo\RGB_JPG_IMPUREZAS\grao_DSC_0226_id186.png,RGB_JPG_IMPUREZAS,RGB_JPG_IMPUREZAS
C:\Users\eduar\Desktop\Soybe-main\data\com_fundo\RGB_JPG_IMPUREZAS\grao_DSC_0289_id97.png,RGB_JPG_IMPUREZAS,RGB_JPG_IMPUREZAS
C:\Users\eduar\Desktop\Soybe-main\data\com_fundo\RGB_JPG_QUEBRADOS\grao_DSC_0441_id61.png,RGB_JPG_QUEBRADOS,RGB_JPG_QUEBRADOS
C:\Users\eduar\Desktop\Soybe-main\data\com_fundo\RGB_JPG_CHOCHOS\grao_DSC_0362_id101.png,RGB_JPG_CHOCHOS,RGB_JPG_CHOCHOS
C:\Users\eduar\Desktop\Soybe-main\data\com_fundo\RGB_JPG_Normais\grao_DSC_0486_id79.png,RGB_JPG_Normais,RGB_JPG_Normais
C:\Users\eduar\Desktop\Soybe-main\data\com_fundo\RGB_JPG_IMPUREZAS\grao_DSC_0004_id24.png,RGB_JPG_IMPUREZAS,RGB_JPG_IMPUREZAS
C:\Users\eduar\Desktop\Soybe-main\data\com_fundo\RGB_JPG_Normais\grao_DSC_0636_id54.png,RGB_JPG_Normais,RGB_JPG_Normais
C:\Users\eduar\Desktop\Soybe-main\data\com_fundo\RGB_JPG_IMPUREZAS\grao_DSC_0242_id345.png,RGB_JPG_IMPUREZAS,RGB_JPG_IMPUREZAS
C:\Users\eduar\Desktop\Soybe-main\data\com_fundo\RGB_JPG_Normais\grao_DSC_0210_id28.png,RGB_JPG_Normais,RGB_JPG_Normais
C:\Users\eduar\Desktop\Soybe-main\data\com_fundo\RGB_JPG_QUEBRADOS\grao_DSC_0415_id59.png,RGB_JPG_QUEBRADOS,RGB_JPG_QUEBRADOS
C:\Users\eduar\Desktop\Soybe-main\data\com_fundo\RGB_JPG_IMPUREZAS\grao_DSC_0236_id31.png,RGB_JPG_IMPUREZAS,RGB_JPG_IMPUREZAS
C:\Users\eduar\Desktop\Soybe-main\data\com_fundo\RGB_JPG_Normais\grao_DSC_0485_id11.png,RGB_JPG_Normais,RGB_JPG_Normais
C:\Users\eduar\Desktop\Soybe-main\data\com_fundo\RGB_JPG_CHOCHOS\grao_DSC_0335_id22.png,RGB_JPG_CHOCHOS,RGB_JPG_CHOCHOS
C:\Users\eduar\Desktop\Soybe-main\data\com_fundo\RGB_JPG_Normais\grao_DSC_0397_id110.png,RGB_JPG_Normais,RGB_JPG_Normais
C:\Users\eduar\Desktop\Soybe-main\data\com_fundo\RGB_JPG_QUEBRADOS\grao_DSC_0459_id7.png,RGB_JPG_QUEBRADOS,RGB_JPG_QUEBRADOS
C:\Users\eduar\Desktop\Soybe-main\data\com_fundo\RGB_JPG_QUEBRADOS\grao_DSC_0450_id64.png,RGB_JPG_QUEBRADOS,RGB_JPG_QUEBRADOS
C:\Users\eduar\Desktop\Soybe-main\data\com_fundo\RGB_JPG_Normais\grao_DSC_0212_id82.png,RGB_JPG_Normais,RGB_JPG_Normais
C:\Users\eduar\Desktop\Soybe-main\data\com_fundo\RGB_JPG_IMPUREZAS\grao_DSC_0292_id40.png,RGB_JPG_IMPUREZAS,RGB_JPG_IMPUREZAS
C:\Users\eduar\Desktop\Soybe-main\data\com_fundo\RGB_JPG_QUEBRADOS\grao_DSC_0407_id36.png,RGB_JPG_QUEBRADOS,RGB_JPG_QUEBRADOS
C:\Users\eduar\Desktop\Soybe-main\data\com_fundo\RGB_JPG_IMPUREZAS\grao_DSC_0259_id90.png,RGB_JPG_IMPUREZAS,RGB_JPG_IMPUREZAS
C:\Users\eduar\Desktop\Soybe-main\data\com_fundo\RGB_JPG_IMPUREZAS\grao_DSC_0041_id146.png,RGB_JPG_IMPUREZAS,RGB_JPG_IMPUREZAS
C:\Users\eduar\Desktop\Soybe-main\data\com_fundo\RGB_JPG_Normais\grao_DSC_0483_id16.png,RGB_JPG_Normais,RGB_JPG_Normais
C:\Users\eduar\Desktop\Soybe-main\data\com_fundo\RGB_JPG_IMPUREZAS\grao_DSC_0279_id94.png,RGB_JPG_IMPUREZAS,RGB_JPG_IMPUREZAS
C:\Users\eduar\Desktop\Soybe-main\data\com_fundo\RGB_JPG_IMPUREZAS\grao_DSC_0002_id143.png,RGB_JPG_IMPUREZAS,RGB_JPG_IMPUREZAS
C:\Users\eduar\Desktop\Soybe-main\data\com_fundo\RGB_JPG_Normais\grao_DSC_0390_id60.png,RGB_JPG_Normais,RGB_JPG_Normais
C:\Users\eduar\Desktop\Soybe-main\data\com_fundo\RGB_JPG_Normais\grao_DSC_0616_id72.png,RGB_JPG_Normais,RGB_JPG_Normais
C:\Users\eduar\Desktop\Soybe-main\data\com_fundo\RGB_JPG_Normais\grao_DSC_0480_id69.png,RGB_JPG_Normais,RGB_JPG_Normais
C:\Users\eduar\Desktop\Soybe-main\data\com_fundo\RGB_JPG_ESVERDEADO\grao_DSC_0311_id5.png,RGB_JPG_ESVERDEADO,RGB_JPG_ESVERDEADO
C:\Users\eduar\Desktop\Soybe-main\data\com_fundo\RGB_JPG_QUEBRADOS\grao_DSC_0466_id26.png,RGB_JPG_QUEBRADOS,RGB_JPG_QUEBRADOS
C:\Users\eduar\Desktop\Soybe-main\data\com_fundo\RGB_JPG_IMPUREZAS\grao_DSC_0274_id242.png,RGB_JPG_IMPUREZAS,RGB_JPG_IMPUREZAS
C:\Users\eduar\Desktop\Soybe-main\data\com_fundo\RGB_JPG_Normais\grao_DSC_0158_id73.png,RGB_JPG_Normais,RGB_JPG_Normais
C:\Users\eduar\Desktop\Soybe-main\data\com_fundo\RGB_JPG_QUEBRADOS\grao_DSC_0412_id56.png,RGB_JPG_QUEBRADOS,RGB_JPG_QUEBRADOS
C:\Users\eduar\Desktop\Soybe-main\data\com_fundo\RGB_JPG_CHOCHOS\grao_DSC_0317_id25.png,RGB_JPG_CHOCHOS,RGB_JPG_CHOCHOS
C:\Users\eduar\Desktop\Soybe-main\data\com_fundo\RGB_JPG_Normais\grao_DSC_0400_id12.png,RGB_JPG_Normais,RGB_JPG_Normais
C:\Users\eduar\Desktop\Soybe-main\data\com_fundo\RGB_JPG_IMPUREZAS\grao_DSC_0257_id222.png,RGB_JPG_IMPUREZAS,RGB_JPG_IMPUREZAS
C:\Users\eduar\Desktop\Soybe-main\data\com_fundo\RGB_JPG_IMPUREZAS\grao_DSC_0036_id278.png,RGB_JPG_IMPUREZAS,RGB_JPG_IMPUREZAS
C:\Users\eduar\Desktop\Soybe-main\data\com_fundo\RGB_JPG_Normais\grao_DSC_0501_id29.png,RGB_JPG_Normais,RGB_JPG_Normais
C:\Users\eduar\Desktop\Soybe-main\data\com_fundo\RGB_JPG_QUEBRADOS\grao_DSC_0452_id78.png,RGB_JPG_QUEBRADOS,RGB_JPG_QUEBRADOS
C:\Users\eduar\Desktop\Soybe-main\data\com_fundo\RGB_JPG_Normais\grao_DSC_0213_id19.png,RGB_JPG_Normais,RGB_JPG_Normais
C:\Users\eduar\Desktop\Soybe-main\data\com_fundo\RGB_JPG_IMPUREZAS\grao_DSC_0025_id167.png,RGB_JPG_IMPUREZAS,RGB_JPG_IMPUREZAS
C:\Users\eduar\Desktop\Soybe-main\data\com_fundo\RGB_JPG_Normais\grao_DSC_0210_id37.png,RGB_JPG_Normais,RGB_JPG_Normais
C:\Users\eduar\Desktop\Soybe-main\data\com_fundo\RGB_JPG_Normais\grao_DSC_0482_id45.png,RGB_JPG_Normais,RGB_JPG_Normais
C:\Users\eduar\Desktop\Soybe-main\data\com_fundo\RGB_JPG_Normais\grao_DSC_0642_id85.png,RGB_JPG_Normais,RGB_JPG_Normais
C:\Users\eduar\Desktop\Soybe-main\data\com_fundo\RGB_JPG_Normais\grao_DSC_0479_id39.png,RGB_JPG_Normais,RGB_JPG_Normais
C:\Users\eduar\Desktop\Soybe-main\data\com_fundo\RGB_JPG_Normais\grao_DSC_0663_id36.png,RGB_JPG_Normais,RGB_JPG_Normais
C:\Users\eduar\Desktop\Soybe-main\data\com_fundo\RGB_JPG_Normais\grao_DSC_0636_id53.png,RGB_JPG_Normais,RGB_JPG_Normais
C:\Users\eduar\Desktop\Soybe-main\data\com_fundo\RGB_JPG_Normais\grao_DSC_0473_id98.png,RGB_JPG_Normais,RGB_JPG_Normais
C:\Users\eduar\Desktop\Soybe-main\data\com_fundo\RGB_JPG_IMPUREZAS\grao_DSC_0036_id271.png,RGB_JPG_IMPUREZAS,RGB_JPG_IMPUREZAS
C:\Users\eduar\Desktop\Soybe-main\data\com_fundo\RGB_JPG_Normais\grao_DSC_0478_id53.png,RGB_JPG_Normais,RGB_JPG_Normais
C:\Users\eduar\Desktop\Soybe-main\data\com_fundo\RGB_JPG_IMPUREZAS\grao_DSC_0031_id109.png,RGB_JPG_IMPUREZAS,RGB_JPG_IMPUREZAS
C:\Users\eduar\Desktop\Soybe-main\data\com_fundo\RGB_JPG_IMPUREZAS\grao_DSC_0253_id82.png,RGB_JPG_IMPUREZAS,RGB_JPG_IMPUREZAS
C:\Users\eduar\Desktop\Soybe-main\data\com_fundo\RGB_JPG_IMPUREZAS\grao_DSC_0027_id155.png,RGB_JPG_IMPUREZAS,RGB_JPG_IMPUREZAS
C:\Users\eduar\Desktop\Soybe-main\data\com_fundo\RGB_JPG_IMPUREZAS\grao_DSC_0241_id133.png,RGB_JPG_IMPUREZAS,RGB_JPG_IMPUREZAS
C:\Users\eduar\Desktop\Soybe-main\data\com_fundo\RGB_JPG_CHOCHOS\grao_DSC_0359_id52.png,RGB_JPG_CHOCHOS,RGB_JPG_CHOCHOS
C:\Users\eduar\Desktop\Soybe-main\data\com_fundo\RGB_JPG_IMPUREZAS\grao_DSC_0251_id167.png,RGB_JPG_IMPUREZAS,RGB_JPG_IMPUREZAS
C:\Users\eduar\Desktop\Soybe-main\data\com_fundo\RGB_JPG_CHOCHOS\grao_DSC_0362_id4.png,RGB_JPG_CHOCHOS,RGB_JPG_CHOCHOS
C:\Users\eduar\Desktop\Soybe-main\data\com_fundo\RGB_JPG_Normais\grao_DSC_0154_id79.png,RGB_JPG_Normais,RGB_JPG_Normais
C:\Users\eduar\Desktop\Soybe-main\data\com_fundo\RGB_JPG_Normais\grao_DSC_0518_id15.png,RGB_JPG_Normais,RGB_JPG_Normais
C:\Users\eduar\Desktop\Soybe-main\data\com_fundo\RGB_JPG_QUEBRADOS\grao_DSC_0434_id6.png,RGB_JPG_QUEBRADOS,RGB_JPG_QUEBRADOS
C:\Users\eduar\Desktop\Soybe-main\data\com_fundo\RGB_JPG_ESVERDEADO\grao_DSC_0306_id35.png,RGB_JPG_ESVERDEADO,RGB_JPG_ESVERDEADO
C:\Users\eduar\Desktop\Soybe-main\data\com_fundo\RGB_JPG_Normais\grao_DSC_0618_id85.png,RGB_JPG_Normais,RGB_JPG_Normais
C:\Users\eduar\Desktop\Soybe-main\data\com_fundo\RGB_JPG_Normais\grao_DSC_0399_id106.png,RGB_JPG_Normais,RGB_JPG_Normais
C:\Users\eduar\Desktop\Soybe-main\data\com_fundo\RGB_JPG_IMPUREZAS\grao_DSC_0028_id52.png,RGB_JPG_IMPUREZAS,RGB_JPG_IMPUREZAS
C:\Users\eduar\Desktop\Soybe-main\data\com_fundo\RGB_JPG_Normais\grao_DSC_0484_id95.png,RGB_JPG_Normais,RGB_JPG_Normais
C:\Users\eduar\Desktop\Soybe-main\data\com_fundo\RGB_JPG_ESVERDEADO\grao_DSC_0306_id47.png,RGB_JPG_ESVERDEADO,RGB_JPG_QUEBRADOS
C:\Users\eduar\Desktop\Soybe-main\data\com_fundo\RGB_JPG_QUEBRADOS\grao_DSC_0440_id6.png,RGB_JPG_QUEBRADOS,RGB_JPG_QUEBRADOS
C:\Users\eduar\Desktop\Soybe-main\data\com_fundo\RGB_JPG_IMPUREZAS\grao_DSC_0284_id106.png,RGB_JPG_IMPUREZAS,RGB_JPG_IMPUREZAS
C:\Users\eduar\Desktop\Soybe-main\data\com_fundo\RGB_JPG_ESVERDEADO\grao_DSC_0312_id13.png,RGB_JPG_ESVERDEADO,RGB_JPG_ESVERDEADO
C:\Users\eduar\Desktop\Soybe-main\data\com_fundo\RGB_JPG_Normais\grao_DSC_0643_id16.png,RGB_JPG_Normais,RGB_JPG_Normais
C:\Users\eduar\Desktop\Soybe-main\data\com_fundo\RGB_JPG_CHOCHOS\grao_DSC_0353_id93.png,RGB_JPG_CHOCHOS,RGB_JPG_CHOCHOS
C:\Users\eduar\Desktop\Soybe-main\data\com_fundo\RGB_JPG_Normais\grao_DSC_0655_id6.png,RGB_JPG_Normais,RGB_JPG_Normais
C:\Users\eduar\Desktop\Soybe-main\data\com_fundo\RGB_JPG_Normais\grao_DSC_0665_id28.png,RGB_JPG_Normais,RGB_JPG_Normais
C:\Users\eduar\Desktop\Soybe-main\data\com_fundo\RGB_JPG_Normais\grao_DSC_0399_id27.png,RGB_JPG_Normais,RGB_JPG_Normais
C:\Users\eduar\Desktop\Soybe-main\data\com_fundo\RGB_JPG_CHOCHOS\grao_DSC_0359_id102.png,RGB_JPG_CHOCHOS,RGB_JPG_CHOCHOS
C:\Users\eduar\Desktop\Soybe-main\data\com_fundo\RGB_JPG_Normais\grao_DSC_0671_id76.png,RGB_JPG_Normais,RGB_JPG_Normais
C:\Users\eduar\Desktop\Soybe-main\data\com_fundo\RGB_JPG_Normais\grao_DSC_0613_id114.png,RGB_JPG_Normais,RGB_JPG_Normais
C:\Users\eduar\Desktop\Soybe-main\data\com_fundo\RGB_JPG_Normais\grao_DSC_0157_id92.png,RGB_JPG_Normais,RGB_JPG_Normais
C:\Users\eduar\Desktop\Soybe-main\data\com_fundo\RGB_JPG_IMPUREZAS\grao_DSC_0240_id280.png,RGB_JPG_IMPUREZAS,RGB_JPG_IMPUREZAS
C:\Users\eduar\Desktop\Soybe-main\data\com_fundo\RGB_JPG_Normais\grao_DSC_0143_id36.png,RGB_JPG_Normais,RGB_JPG_Normais
C:\Users\eduar\Desktop\Soybe-main\data\com_fundo\RGB_JPG_QUEBRADOS\grao_DSC_0403_id63.png,RGB_JPG_QUEBRADOS,RGB_JPG_QUEBRADOS
C:\Users\eduar\Desktop\Soybe-main\data\com_fundo\RGB_JPG_Normais\grao_DSC_0484_id66.png,RGB_JPG_Normais,RGB_JPG_Normais
C:\Users\eduar\Desktop\Soybe-main\data\com_fundo\RGB_JPG_IMPUREZAS\grao_DSC_0285_id100.png,RGB_JPG_IMPUREZAS,RGB_JPG_IMPUREZAS
C:\Users\eduar\Desktop\Soybe-main\data\com_fundo\RGB_JPG_MAMONAS\grao_DSC_0190_id146.png,RGB_JPG_MAMONAS,RGB_JPG_MAMONAS
C:\Users\eduar\Desktop\Soybe-main\data\com_fundo\RGB_JPG_IMPUREZAS\grao_DSC_0273_id177.png,RGB_JPG_IMPUREZAS,RGB_JPG_IMPUREZAS
C:\Users\eduar\Desktop\Soybe-main\data\com_fundo\RGB_JPG_IMPUREZAS\grao_DSC_0273_id117.png,RGB_JPG_IMPUREZAS,RGB_JPG_IMPUREZAS
C:\Users\eduar\Desktop\Soybe-main\data\com_fundo\RGB_JPG_IMPUREZAS\grao_DSC_0021_id209.png,RGB_JPG_IMPUREZAS,RGB_JPG_IMPUREZAS
C:\Users\eduar\Desktop\Soybe-main\data\com_fundo\RGB_JPG_IMPUREZAS\grao_DSC_0286_id117.png,RGB_JPG_IMPUREZAS,RGB_JPG_IMPUREZAS
C:\Users\eduar\Desktop\Soybe-main\data\com_fundo\RGB_JPG_IMPUREZAS\grao_DSC_0288_id246.png,RGB_JPG_IMPUREZAS,RGB_JPG_IMPUREZAS
C:\Users\eduar\Desktop\Soybe-main\data\com_fundo\RGB_JPG_QUEBRADOS\grao_DSC_0412_id8.png,RGB_JPG_QUEBRADOS,RGB_JPG_QUEBRADOS
C:\Users\eduar\Desktop\Soybe-main\data\com_fundo\RGB_JPG_QUEBRADOS\grao_DSC_0450_id93.png,RGB_JPG_QUEBRADOS,RGB_JPG_QUEBRADOS
C:\Users\eduar\Desktop\Soybe-main\data\com_fundo\RGB_JPG_Normais\grao_DSC_0213_id10.png,RGB_JPG_Normais,RGB_JPG_CHOCHOS
C:\Users\eduar\Desktop\Soybe-main\data\com_fundo\RGB_JPG_QUEBRADOS\grao_DSC_0403_id16.png,RGB_JPG_QUEBRADOS,RGB_JPG_QUEBRADOS
C:\Users\eduar\Desktop\Soybe-main\data\com_fundo\RGB_JPG_Normais\grao_DSC_0672_id71.png,RGB_JPG_Normais,RGB_JPG_Normais
C:\Users\eduar\Desktop\Soybe-main\data\com_fundo\RGB_JPG_Normais\grao_DSC_0392_id110.png,RGB_JPG_Normais,RGB_JPG_Normais
C:\Users\eduar\Desktop\Soybe-main\data\com_fundo\RGB_JPG_Normais\grao_DSC_0365_id63.png,RGB_JPG_Normais,RGB_JPG_Normais
C:\Users\eduar\Desktop\Soybe-main\data\com_fundo\RGB_JPG_Normais\grao_DSC_0485_id61.png,RGB_JPG_Normais,RGB_JPG_Normais
C:\Users\eduar\Desktop\Soybe-main\data\com_fundo\RGB_JPG_QUEBRADOS\grao_DSC_0460_id54.png,RGB_JPG_QUEBRADOS,RGB_JPG_QUEBRADOS
C:\Users\eduar\Desktop\Soybe-main\data\com_fundo\RGB_JPG_IMPUREZAS\grao_DSC_0274_id108.png,RGB_JPG_IMPUREZAS,RGB_JPG_IMPUREZAS
C:\Users\eduar\Desktop\Soybe-main\data\com_fundo\RGB_JPG_IMPUREZAS\grao_DSC_0002_id59.png,RGB_JPG_IMPUREZAS,RGB_JPG_IMPUREZAS
C:\Users\eduar\Desktop\Soybe-main\data\com_fundo\RGB_JPG_QUEBRADOS\grao_DSC_0406_id43.png,RGB_JPG_QUEBRADOS,RGB_JPG_QUEBRADOS
C:\Users\eduar\Desktop\Soybe-main\data\com_fundo\RGB_JPG_Normais\grao_DSC_0157_id111.png,RGB_JPG_Normais,RGB_JPG_Normais
C:\Users\eduar\Desktop\Soybe-main\data\com_fundo\RGB_JPG_CHOCHOS\grao_DSC_0359_id69.png,RGB_JPG_CHOCHOS,RGB_JPG_CHOCHOS
C:\Users\eduar\Desktop\Soybe-main\data\com_fundo\RGB_JPG_CHOCHOS\grao_DSC_0338_id9.png,RGB_JPG_CHOCHOS,RGB_JPG_CHOCHOS
C:\Users\eduar\Desktop\Soybe-main\data\com_fundo\RGB_JPG_QUEBRADOS\grao_DSC_0411_id54.png,RGB_JPG_QUEBRADOS,RGB_JPG_QUEBRADOS
C:\Users\eduar\Desktop\Soybe-main\data\com_fundo\RGB_JPG_QUEBRADOS\grao_DSC_0419_id86.png,RGB_JPG_QUEBRADOS,RGB_JPG_QUEBRADOS
C:\Users\eduar\Desktop\Soybe-main\data\com_fundo\RGB_JPG_IMPUREZAS\grao_DSC_0283_id85.png,RGB_JPG_IMPUREZAS,RGB_JPG_IMPUREZAS
C:\Users\eduar\Desktop\Soybe-main\data\com_fundo\RGB_JPG_Normais\grao_DSC_0391_id96.png,RGB_JPG_Normais,RGB_JPG_Normais
C:\Users\eduar\Desktop\Soybe-main\data\com_fundo\RGB_JPG_Normais\grao_DSC_0612_id48.png,RGB_JPG_Normais,RGB_JPG_Normais
C:\Users\eduar\Desktop\Soybe-main\data\com_fundo\RGB_JPG_Normais\grao_DSC_0629_id48.png,RGB_JPG_Normais,RGB_JPG_Normais
C:\Users\eduar\Desktop\Soybe-main\data\com_fundo\RGB_JPG_Normais\grao_DSC_0653_id89.png,RGB_JPG_Normais,RGB_JPG_Normais
C:\Users\eduar\Desktop\Soybe-main\data\com_fundo\RGB_JPG_IMPUREZAS\grao_DSC_0294_id257.png,RGB_JPG_IMPUREZAS,RGB_JPG_IMPUREZAS
C:\Users\eduar\Desktop\Soybe-main\data\com_fundo\RGB_JPG_PURPURAS\grao_DSC_0049_id28.png,RGB_JPG_PURPURAS,RGB_JPG_PURPURAS
C:\Users\eduar\Desktop\Soybe-main\data\com_fundo\RGB_JPG_CHOCHOS\grao_DSC_0315_id6.png,RGB_JPG_CHOCHOS,RGB_JPG_CHOCHOS
C:\Users\eduar\Desktop\Soybe-main\data\com_fundo\RGB_JPG_IMPUREZAS\grao_DSC_0293_id187.png,RGB_JPG_IMPUREZAS,RGB_JPG_IMPUREZAS
C:\Users\eduar\Desktop\Soybe-main\data\com_fundo\RGB_JPG_Normais\grao_DSC_0647_id9.png,RGB_JPG_Normais,RGB_JPG_Normais
C:\Users\eduar\Desktop\Soybe-main\data\com_fundo\RGB_JPG_IMPUREZAS\grao_DSC_0008_id146.png,RGB_JPG_IMPUREZAS,RGB_JPG_IMPUREZAS
C:\Users\eduar\Desktop\Soybe-main\data\com_fundo\RGB_JPG_Normais\grao_DSC_0679_id55.png,RGB_JPG_Normais,RGB_JPG_Normais
C:\Users\eduar\Desktop\Soybe-main\data\com_fundo\RGB_JPG_Normais\grao_DSC_0615_id6.png,RGB_JPG_Normais,RGB_JPG_Normais
C:\Users\eduar\Desktop\Soybe-main\data\com_fundo\RGB_JPG_IMPUREZAS\grao_DSC_0019_id201.png,RGB_JPG_IMPUREZAS,RGB_JPG_IMPUREZAS
C:\Users\eduar\Desktop\Soybe-main\data\com_fundo\RGB_JPG_CHOCHOS\grao_DSC_0361_id23.png,RGB_JPG_CHOCHOS,RGB_JPG_CHOCHOS
C:\Users\eduar\Desktop\Soybe-main\data\com_fundo\RGB_JPG_QUEBRADOS\grao_DSC_0463_id30.png,RGB_JPG_QUEBRADOS,RGB_JPG_QUEBRADOS
C:\Users\eduar\Desktop\Soybe-main\data\com_fundo\RGB_JPG_CHOCHOS\grao_DSC_0347_id10.png,RGB_JPG_CHOCHOS,RGB_JPG_CHOCHOS
C:\Users\eduar\Desktop\Soybe-main\data\com_fundo\RGB_JPG_IMPUREZAS\grao_DSC_0003_id187.png,RGB_JPG_IMPUREZAS,RGB_JPG_IMPUREZAS
C:\Users\eduar\Desktop\Soybe-main\data\com_fundo\RGB_JPG_Normais\grao_DSC_0379_id84.png,RGB_JPG_Normais,RGB_JPG_Normais
C:\Users\eduar\Desktop\Soybe-main\data\com_fundo\RGB_JPG_QUEBRADOS\grao_DSC_0420_id54.png,RGB_JPG_QUEBRADOS,RGB_JPG_QUEBRADOS
C:\Users\eduar\Desktop\Soybe-main\data\com_fundo\RGB_JPG_IMPUREZAS\grao_DSC_0276_id346.png,RGB_JPG_IMPUREZAS,RGB_JPG_IMPUREZAS
C:\Users\eduar\Desktop\Soybe-main\data\com_fundo\RGB_JPG_Normais\grao_DSC_0400_id8.png,RGB_JPG_Normais,RGB_JPG_Normais
C:\Users\eduar\Desktop\Soybe-main\data\com_fundo\RGB_JPG_QUEBRADOS\grao_DSC_0169_id65.png,RGB_JPG_QUEBRADOS,RGB_JPG_QUEBRADOS
C:\Users\eduar\Desktop\Soybe-main\data\com_fundo\RGB_JPG_CHOCHOS\grao_DSC_0337_id18.png,RGB_JPG_CHOCHOS,RGB_JPG_CHOCHOS
C:\Users\eduar\Desktop\Soybe-main\data\com_fundo\RGB_JPG_ESVERDEADO\grao_DSC_0306_id44.png,RGB_JPG_ESVERDEADO,RGB_JPG_ESVERDEADO
C:\Users\eduar\Desktop\Soybe-main\data\com_fundo\RGB_JPG_Normais\grao_DSC_0395_id104.png,RGB_JPG_Normais,RGB_JPG_Normais
C:\Users\eduar\Desktop\Soybe-main\data\com_fundo\RGB_JPG_Normais\grao_DSC_0606_id6.png,RGB_JPG_Normais,RGB_JPG_Normais
C:\Users\eduar\Desktop\Soybe-main\data\com_fundo\RGB_JPG_IMPUREZAS\grao_DSC_0243_id188.png,RGB_JPG_IMPUREZAS,RGB_JPG_IMPUREZAS
C:\Users\eduar\Desktop\Soybe-main\data\com_fundo\RGB_JPG_CHOCHOS\grao_DSC_0350_id11.png,RGB_JPG_CHOCHOS,RGB_JPG_CHOCHOS
C:\Users\eduar\Desktop\Soybe-main\data\com_fundo\RGB_JPG_CHOCHOS\grao_DSC_0362_id35.png,RGB_JPG_CHOCHOS,RGB_JPG_CHOCHOS
C:\Users\eduar\Desktop\Soybe-main\data\com_fundo\RGB_JPG_Normais\grao_DSC_0651_id14.png,RGB_JPG_Normais,RGB_JPG_Normais
C:\Users\eduar\Desktop\Soybe-main\data\com_fundo\RGB_JPG_CHOCHOS\grao_DSC_0323_id158.png,RGB_JPG_CHOCHOS,RGB_JPG_CHOCHOS
C:\Users\eduar\Desktop\Soybe-main\data\com_fundo\RGB_JPG_CHOCHOS\grao_DSC_0362_id82.png,RGB_JPG_CHOCHOS,RGB_JPG_CHOCHOS
C:\Users\eduar\Desktop\Soybe-main\data\com_fundo\RGB_JPG_Normais\grao_DSC_0143_id81.png,RGB_JPG_Normais,RGB_JPG_Normais
C:\Users\eduar\Desktop\Soybe-main\data\com_fundo\RGB_JPG_Normais\grao_DSC_0617_id5.png,RGB_JPG_Normais,RGB_JPG_Normais
C:\Users\eduar\Desktop\Soybe-main\data\com_fundo\RGB_JPG_Normais\grao_DSC_0157_id52.png,RGB_JPG_Normais,RGB_JPG_Normais
C:\Users\eduar\Desktop\Soybe-main\data\com_fundo\RGB_JPG_CHOCHOS\grao_DSC_0329_id40.png,RGB_JPG_CHOCHOS,RGB_JPG_CHOCHOS
C:\Users\eduar\Desktop\Soybe-main\data\com_fundo\RGB_JPG_Normais\grao_DSC_0158_id107.png,RGB_JPG_Normais,RGB_JPG_Normais
C:\Users\eduar\Desktop\Soybe-main\data\com_fundo\RGB_JPG_Normais\grao_DSC_0513_id16.png,RGB_JPG_Normais,RGB_JPG_Normais
C:\Users\eduar\Desktop\Soybe-main\data\com_fundo\RGB_JPG_IMPUREZAS\grao_DSC_0032_id28.png,RGB_JPG_IMPUREZAS,RGB_JPG_IMPUREZAS
C:\Users\eduar\Desktop\Soybe-main\data\com_fundo\RGB_JPG_QUEBRADOS\grao_DSC_0440_id98.png,RGB_JPG_QUEBRADOS,RGB_JPG_QUEBRADOS
C:\Users\eduar\Desktop\Soybe-main\data\com_fundo\RGB_JPG_IMPUREZAS\grao_DSC_0228_id282.png,RGB_JPG_IMPUREZAS,RGB_JPG_IMPUREZAS
C:\Users\eduar\Desktop\Soybe-main\data\com_fundo\RGB_JPG_IMPUREZAS\grao_DSC_0045_id100.png,RGB_JPG_IMPUREZAS,RGB_JPG_IMPUREZAS
C:\Users\eduar\Desktop\Soybe-main\data\com_fundo\RGB_JPG_Normais\grao_DSC_0507_id10.png,RGB_JPG_Normais,RGB_JPG_Normais
C:\Users\eduar\Desktop\Soybe-main\data\com_fundo\RGB_JPG_IMPUREZAS\grao_DSC_0279_id20.png,RGB_JPG_IMPUREZAS,RGB_JPG_IMPUREZAS
C:\Users\eduar\Desktop\Soybe-main\data\com_fundo\RGB_JPG_IMPUREZAS\grao_DSC_0289_id17.png,RGB_JPG_IMPUREZAS,RGB_JPG_IMPUREZAS
C:\Users\eduar\Desktop\Soybe-main\data\com_fundo\RGB_JPG_Normais\grao_DSC_0156_id63.png,RGB_JPG_Normais,RGB_JPG_Normais
C:\Users\eduar\Desktop\Soybe-main\data\com_fundo\RGB_JPG_CHOCHOS\grao_DSC_0320_id67.png,RGB_JPG_CHOCHOS,RGB_JPG_CHOCHOS
C:\Users\eduar\Desktop\Soybe-main\data\com_fundo\RGB_JPG_Normais\grao_DSC_0629_id35.png,RGB_JPG_Normais,RGB_JPG_Normais
C:\Users\eduar\Desktop\Soybe-main\data\com_fundo\RGB_JPG_Normais\grao_DSC_0381_id20.png,RGB_JPG_Normais,RGB_JPG_Normais
C:\Users\eduar\Desktop\Soybe-main\data\com_fundo\RGB_JPG_QUEBRADOS\grao_DSC_0405_id78.png,RGB_JPG_QUEBRADOS,RGB_JPG_QUEBRADOS
C:\Users\eduar\Desktop\Soybe-main\data\com_fundo\RGB_JPG_CHOCHOS\grao_DSC_0331_id87.png,RGB_JPG_CHOCHOS,RGB_JPG_CHOCHOS
C:\Users\eduar\Desktop\Soybe-main\data\com_fundo\RGB_JPG_IMPUREZAS\grao_DSC_0247_id36.png,RGB_JPG_IMPUREZAS,RGB_JPG_IMPUREZAS
C:\Users\eduar\Desktop\Soybe-main\data\com_fundo\RGB_JPG_Normais\grao_DSC_0385_id59.png,RGB_JPG_Normais,RGB_JPG_Normais
C:\Users\eduar\Desktop\Soybe-main\data\com_fundo\RGB_JPG_Normais\grao_DSC_0495_id23.png,RGB_JPG_Normais,RGB_JPG_Normais
C:\Users\eduar\Desktop\Soybe-main\data\com_fundo\RGB_JPG_QUEBRADOS\grao_DSC_0413_id22.png,RGB_JPG_QUEBRADOS,RGB_JPG_QUEBRADOS
C:\Users\eduar\Desktop\Soybe-main\data\com_fundo\RGB_JPG_IMPUREZAS\grao_DSC_0224_id79.png,RGB_JPG_IMPUREZAS,RGB_JPG_IMPUREZAS
C:\Users\eduar\Desktop\Soybe-main\data\com_fundo\RGB_JPG_IMPUREZAS\grao_DSC_0276_id330.png,RGB_JPG_IMPUREZAS,RGB_JPG_IMPUREZAS
C:\Users\eduar\Desktop\Soybe-main\data\com_fundo\RGB_JPG_QUEBRADOS\grao_DSC_0411_id1.png,RGB_JPG_QUEBRADOS,RGB_JPG_QUEBRADOS
C:\Users\eduar\Desktop\Soybe-main\data\com_fundo\RGB_JPG_Normais\grao_DSC_0613_id76.png,RGB_JPG_Normais,RGB_JPG_Normais
C:\Users\eduar\Desktop\Soybe-main\data\com_fundo\RGB_JPG_IMPUREZAS\grao_DSC_0037_id108.png,RGB_JPG_IMPUREZAS,RGB_JPG_IMPUREZAS
C:\Users\eduar\Desktop\Soybe-main\data\com_fundo\RGB_JPG_QUEBRADOS\grao_DSC_0442_id31.png,RGB_JPG_QUEBRADOS,RGB_JPG_QUEBRADOS
C:\Users\eduar\Desktop\Soybe-main\data\com_fundo\RGB_JPG_IMPUREZAS\grao_DSC_0224_id154.png,RGB_JPG_IMPUREZAS,RGB_JPG_IMPUREZAS
C:\Users\eduar\Desktop\Soybe-main\data\com_fundo\RGB_JPG_CHOCHOS\grao_DSC_0361_id77.png,RGB_JPG_CHOCHOS,RGB_JPG_CHOCHOS
C:\Users\eduar\Desktop\Soybe-main\data\com_fundo\RGB_JPG_CHOCHOS\grao_DSC_0363_id128.png,RGB_JPG_CHOCHOS,RGB_JPG_CHOCHOS
C:\Users\eduar\Desktop\Soybe-main\data\com_fundo\RGB_JPG_Normais\grao_DSC_0674_id40.png,RGB_JPG_Normais,RGB_JPG_Normais
C:\Users\eduar\Desktop\Soybe-main\data\com_fundo\RGB_JPG_PURPURAS\grao_DSC_0050_id43.png,RGB_JPG_PURPURAS,RGB_JPG_PURPURAS
C:\Users\eduar\Desktop\Soybe-main\data\com_fundo\RGB_JPG_IMPUREZAS\grao_DSC_0238_id134.png,RGB_JPG_IMPUREZAS,RGB_JPG_IMPUREZAS
C:\Users\eduar\Desktop\Soybe-main\data\com_fundo\RGB_JPG_ESVERDEADO\grao_DSC_0309_id43.png,RGB_JPG_ESVERDEADO,RGB_JPG_ESVERDEADO
C:\Users\eduar\Desktop\Soybe-main\data\com_fundo\RGB_JPG_QUEBRADOS\grao_DSC_0171_id36.png,RGB_JPG_QUEBRADOS,RGB_JPG_QUEBRADOS
C:\Users\eduar\Desktop\Soybe-main\data\com_fundo\RGB_JPG_Normais\grao_DSC_0370_id91.png,RGB_JPG_Normais,RGB_JPG_Normais
C:\Users\eduar\Desktop\Soybe-main\data\com_fundo\RGB_JPG_PURPURAS\grao_DSC_0047_id7.png,RGB_JPG_PURPURAS,RGB_JPG_PURPURAS
C:\Users\eduar\Desktop\Soybe-main\data\com_fundo\RGB_JPG_IMPUREZAS\grao_DSC_0262_id134.png,RGB_JPG_IMPUREZAS,RGB_JPG_IMPUREZAS
C:\Users\eduar\Desktop\Soybe-main\data\com_fundo\RGB_JPG_QUEBRADOS\grao_DSC_0461_id12.png,RGB_JPG_QUEBRADOS,RGB_JPG_QUEBRADOS
C:\Users\eduar\Desktop\Soybe-main\data\com_fundo\RGB_JPG_IMPUREZAS\grao_DSC_0276_id56.png,RGB_JPG_IMPUREZAS,RGB_JPG_IMPUREZAS
C:\Users\eduar\Desktop\Soybe-main\data\com_fundo\RGB_JPG_IMPUREZAS\grao_DSC_0031_id79.png,RGB_JPG_IMPUREZAS,RGB_JPG_IMPUREZAS
C:\Users\eduar\Desktop\Soybe-main\data\com_fundo\RGB_JPG_Normais\grao_DSC_0498_id31.png,RGB_JPG_Normais,RGB_JPG_Normais
C:\Users\eduar\Desktop\Soybe-main\data\com_fundo\RGB_JPG_QUEBRADOS\grao_DSC_0452_id31.png,RGB_JPG_QUEBRADOS,RGB_JPG_QUEBRADOS
C:\Users\eduar\Desktop\Soybe-main\data\com_fundo\RGB_JPG_Normais\grao_DSC_0476_id27.png,RGB_JPG_Normais,RGB_JPG_Normais
C:\Users\eduar\Desktop\Soybe-main\data\com_fundo\RGB_JPG_Normais\grao_DSC_0630_id78.png,RGB_JPG_Normais,RGB_JPG_Normais
C:\Users\eduar\Desktop\Soybe-main\data\com_fundo\RGB_JPG_IMPUREZAS\grao_DSC_0283_id42.png,RGB_JPG_IMPUREZAS,RGB_JPG_IMPUREZAS
C:\Users\eduar\Desktop\Soybe-main\data\com_fundo\RGB_JPG_Normais\grao_DSC_0675_id80.png,RGB_JPG_Normais,RGB_JPG_Normais
C:\Users\eduar\Desktop\Soybe-main\data\com_fundo\RGB_JPG_PURPURAS\grao_DSC_0145_id21.png,RGB_JPG_PURPURAS,RGB_JPG_PURPURAS
C:\Users\eduar\Desktop\Soybe-main\data\com_fundo\RGB_JPG_Normais\grao_DSC_0150_id2.png,RGB_JPG_Normais,RGB_JPG_Normais
C:\Users\eduar\Desktop\Soybe-main\data\com_fundo\RGB_JPG_QUEBRADOS\grao_DSC_0169_id31.png,RGB_JPG_QUEBRADOS,RGB_JPG_QUEBRADOS
C:\Users\eduar\Desktop\Soybe-main\data\com_fundo\RGB_JPG_QUEBRADOS\grao_DSC_0410_id38.png,RGB_JPG_QUEBRADOS,RGB_JPG_QUEBRADOS
C:\Users\eduar\Desktop\Soybe-main\data\com_fundo\RGB_JPG_ESVERDEADO\grao_DSC_0305_id27.png,RGB_JPG_ESVERDEADO,RGB_JPG_ESVERDEADO
C:\Users\eduar\Desktop\Soybe-main\data\com_fundo\RGB_JPG_QUEBRADOS\grao_DSC_0459_id22.png,RGB_JPG_QUEBRADOS,RGB_JPG_QUEBRADOS
C:\Users\eduar\Desktop\Soybe-main\data\com_fundo\RGB_JPG_INSETOS\grao_DSC_0163_id55.png,RGB_JPG_INSETOS,RGB_JPG_INSETOS
C:\Users\eduar\Desktop\Soybe-main\data\com_fundo\RGB_JPG_Normais\grao_DSC_0495_id54.png,RGB_JPG_Normais,RGB_JPG_Normais
C:\Users\eduar\Desktop\Soybe-main\data\com_fundo\RGB_JPG_Normais\grao_DSC_0494_id23.png,RGB_JPG_Normais,RGB_JPG_Normais
C:\Users\eduar\Desktop\Soybe-main\data\com_fundo\RGB_JPG_Normais\grao_DSC_0510_id32.png,RGB_JPG_Normais,RGB_JPG_Normais
C:\Users\eduar\Desktop\Soybe-main\data\com_fundo\RGB_JPG_Normais\grao_DSC_0632_id2.png,RGB_JPG_Normais,RGB_JPG_Normais
C:\Users\eduar\Desktop\Soybe-main\data\com_fundo\RGB_JPG_IMPUREZAS\grao_DSC_0255_id100.png,RGB_JPG_IMPUREZAS,RGB_JPG_IMPUREZAS
C:\Users\eduar\Desktop\Soybe-main\data\com_fundo\RGB_JPG_IMPUREZAS\grao_DSC_0262_id137.png,RGB_JPG_IMPUREZAS,RGB_JPG_IMPUREZAS
C:\Users\eduar\Desktop\Soybe-main\data\com_fundo\RGB_JPG_Normais\grao_DSC_0618_id24.png,RGB_JPG_Normais,RGB_JPG_Normais
C:\Users\eduar\Desktop\Soybe-main\data\com_fundo\RGB_JPG_IMPUREZAS\grao_DSC_0225_id159.png,RGB_JPG_IMPUREZAS,RGB_JPG_IMPUREZAS
C:\Users\eduar\Desktop\Soybe-main\data\com_fundo\RGB_JPG_CHOCHOS\grao_DSC_0345_id28.png,RGB_JPG_CHOCHOS,RGB_JPG_CHOCHOS
C:\Users\eduar\Desktop\Soybe-main\data\com_fundo\RGB_JPG_CHOCHOS\grao_DSC_0320_id87.png,RGB_JPG_CHOCHOS,RGB_JPG_CHOCHOS
C:\Users\eduar\Desktop\Soybe-main\data\com_fundo\RGB_JPG_CHOCHOS\grao_DSC_0314_id36.png,RGB_JPG_CHOCHOS,RGB_JPG_CHOCHOS
C:\Users\eduar\Desktop\Soybe-main\data\com_fundo\RGB_JPG_CHOCHOS\grao_DSC_0339_id6.png,RGB_JPG_CHOCHOS,RGB_JPG_CHOCHOS
C:\Users\eduar\Desktop\Soybe-main\data\com_fundo\RGB_JPG_IMPUREZAS\grao_DSC_0268_id195.png,RGB_JPG_IMPUREZAS,RGB_JPG_IMPUREZAS
C:\Users\eduar\Desktop\Soybe-main\data\com_fundo\RGB_JPG_IMPUREZAS\grao_DSC_0003_id18.png,RGB_JPG_IMPUREZAS,RGB_JPG_IMPUREZAS
C:\Users\eduar\Desktop\Soybe-main\data\com_fundo\RGB_JPG_MAMONAS\grao_DSC_0186_id21.png,RGB_JPG_MAMONAS,RGB_JPG_MAMONAS
C:\Users\eduar\Desktop\Soybe-main\data\com_fundo\RGB_JPG_IMPUREZAS\grao_DSC_0264_id108.png,RGB_JPG_IMPUREZAS,RGB_JPG_IMPUREZAS
C:\Users\eduar\Desktop\Soybe-main\data\com_fundo\RGB_JPG_IMPUREZAS\grao_DSC_0019_id192.png,RGB_JPG_IMPUREZAS,RGB_JPG_IMPUREZAS
C:\Users\eduar\Desktop\Soybe-main\data\com_fundo\RGB_JPG_QUEBRADOS\grao_DSC_0429_id64.png,RGB_JPG_QUEBRADOS,RGB_JPG_QUEBRADOS
C:\Users\eduar\Desktop\Soybe-main\data\com_fundo\RGB_JPG_IMPUREZAS\grao_DSC_0028_id18.png,RGB_JPG_IMPUREZAS,RGB_JPG_IMPUREZAS
C:\Users\eduar\Desktop\Soybe-main\data\com_fundo\RGB_JPG_IMPUREZAS\grao_DSC_0280_id85.png,RGB_JPG_IMPUREZAS,RGB_JPG_IMPUREZAS
C:\Users\eduar\Desktop\Soybe-main\data\com_fundo\RGB_JPG_QUEBRADOS\grao_DSC_0424_id24.png,RGB_JPG_QUEBRADOS,RGB_JPG_QUEBRADOS
C:\Users\eduar\Desktop\Soybe-main\data\com_fundo\RGB_JPG_IMPUREZAS\grao_DSC_0295_id106.png,RGB_JPG_IMPUREZAS,RGB_JPG_IMPUREZAS
C:\Users\eduar\Desktop\Soybe-main\data\com_fundo\RGB_JPG_IMPUREZAS\grao_DSC_0257_id155.png,RGB_JPG_IMPUREZAS,RGB_JPG_IMPUREZAS
C:\Users\eduar\Desktop\Soybe-main\data\com_fundo\RGB_JPG_IMPUREZAS\grao_DSC_0282_id142.png,RGB_JPG_IMPUREZAS,RGB_JPG_IMPUREZAS
C:\Users\eduar\Desktop\Soybe-main\data\com_fundo\RGB_JPG_CHOCHOS\grao_DSC_0323_id48.png,RGB_JPG_CHOCHOS,RGB_JPG_Normais
C:\Users\eduar\Desktop\Soybe-main\data\com_fundo\RGB_JPG_QUEBRADOS\grao_DSC_0458_id90.png,RGB_JPG_QUEBRADOS,RGB_JPG_QUEBRADOS
C:\Users\eduar\Desktop\Soybe-main\data\com_fundo\RGB_JPG_PURPURAS\grao_DSC_0146_id10.png,RGB_JPG_PURPURAS,RGB_JPG_Normais
C:\Users\eduar\Desktop\Soybe-main\data\com_fundo\RGB_JPG_QUEBRADOS\grao_DSC_0456_id75.png,RGB_JPG_QUEBRADOS,RGB_JPG_QUEBRADOS
C:\Users\eduar\Desktop\Soybe-main\data\com_fundo\RGB_JPG_IMPUREZAS\grao_DSC_0284_id138.png,RGB_JPG_IMPUREZAS,RGB_JPG_IMPUREZAS
C:\Users\eduar\Desktop\Soybe-main\data\com_fundo\RGB_JPG_Normais\grao_DSC_0608_id95.png,RGB_JPG_Normais,RGB_JPG_Normais
C:\Users\eduar\Desktop\Soybe-main\data\com_fundo\RGB_JPG_QUEBRADOS\grao_DSC_0424_id52.png,RGB_JPG_QUEBRADOS,RGB_JPG_QUEBRADOS
C:\Users\eduar\Desktop\Soybe-main\data\com_fundo\RGB_JPG_QUEBRADOS\grao_DSC_0421_id26.png,RGB_JPG_QUEBRADOS,RGB_JPG_QUEBRADOS
C:\Users\eduar\Desktop\Soybe-main\data\com_fundo\RGB_JPG_IMPUREZAS\grao_DSC_0296_id20.png,RGB_JPG_IMPUREZAS,RGB_JPG_IMPUREZAS
C:\Users\eduar\Desktop\Soybe-main\data\com_fundo\RGB_JPG_Normais\grao_DSC_0482_id65.png,RGB_JPG_Normais,RGB_JPG_Normais
C:\Users\eduar\Desktop\Soybe-main\data\com_fundo\RGB_JPG_QUEBRADOS\grao_DSC_0411_id7.png,RGB_JPG_QUEBRADOS,RGB_JPG_QUEBRADOS
C:\Users\eduar\Desktop\Soybe-main\data\com_fundo\RGB_JPG_QUEBRADOS\grao_DSC_0467_id80.png,RGB_JPG_QUEBRADOS,RGB_JPG_QUEBRADOS
C:\Users\eduar\Desktop\Soybe-main\data\com_fundo\RGB_JPG_IMPUREZAS\grao_DSC_0239_id304.png,RGB_JPG_IMPUREZAS,RGB_JPG_IMPUREZAS
C:\Users\eduar\Desktop\Soybe-main\data\com_fundo\RGB_JPG_IMPUREZAS\grao_DSC_0256_id168.png,RGB_JPG_IMPUREZAS,RGB_JPG_IMPUREZAS
C:\Users\eduar\Desktop\Soybe-main\data\com_fundo\RGB_JPG_IMPUREZAS\grao_DSC_0240_id233.png,RGB_JPG_IMPUREZAS,RGB_JPG_IMPUREZAS
C:\Users\eduar\Desktop\Soybe-main\data\com_fundo\RGB_JPG_IMPUREZAS\grao_DSC_0003_id46.png,RGB_JPG_IMPUREZAS,RGB_JPG_IMPUREZAS
C:\Users\eduar\Desktop\Soybe-main\data\com_fundo\RGB_JPG_QUEBRADOS\grao_DSC_0456_id29.png,RGB_JPG_QUEBRADOS,RGB_JPG_QUEBRADOS
C:\Users\eduar\Desktop\Soybe-main\data\com_fundo\RGB_JPG_CHOCHOS\grao_DSC_0332_id36.png,RGB_JPG_CHOCHOS,RGB_JPG_CHOCHOS
C:\Users\eduar\Desktop\Soybe-main\data\com_fundo\RGB_JPG_IMPUREZAS\grao_DSC_0284_id208.png,RGB_JPG_IMPUREZAS,RGB_JPG_IMPUREZAS
C:\Users\eduar\Desktop\Soybe-main\data\com_fundo\RGB_JPG_QUEBRADOS\grao_DSC_0429_id68.png,RGB_JPG_QUEBRADOS,RGB_JPG_QUEBRADOS
C:\Users\eduar\Desktop\Soybe-main\data\com_fundo\RGB_JPG_CHOCHOS\grao_DSC_0357_id80.png,RGB_JPG_CHOCHOS,RGB_JPG_CHOCHOS
C:\Users\eduar\Desktop\Soybe-main\data\com_fundo\RGB_JPG_IMPUREZAS\grao_DSC_0041_id122.png,RGB_JPG_IMPUREZAS,RGB_JPG_IMPUREZAS
C:\Users\eduar\Desktop\Soybe-main\data\com_fundo\RGB_JPG_QUEBRADOS\grao_DSC_0465_id45.png,RGB_JPG_QUEBRADOS,RGB_JPG_QUEBRADOS
C:\Users\eduar\Desktop\Soybe-main\data\com_fundo\RGB_JPG_Normais\grao_DSC_0369_id22.png,RGB_JPG_Normais,RGB_JPG_Normais
C:\Users\eduar\Desktop\Soybe-main\data\com_fundo\RGB_JPG_Normais\grao_DSC_0644_id95.png,RGB_JPG_Normais,RGB_JPG_Normais
C:\Users\eduar\Desktop\Soybe-main\data\com_fundo\RGB_JPG_Normais\grao_DSC_0389_id28.png,RGB_JPG_Normais,RGB_JPG_Normais
C:\Users\eduar\Desktop\Soybe-main\data\com_fundo\RGB_JPG_Normais\grao_DSC_0503_id25.png,RGB_JPG_Normais,RGB_JPG_Normais
C:\Users\eduar\Desktop\Soybe-main\data\com_fundo\RGB_JPG_IMPUREZAS\grao_DSC_0263_id69.png,RGB_JPG_IMPUREZAS,RGB_JPG_IMPUREZAS
C:\Users\eduar\Desktop\Soybe-main\data\com_fundo\RGB_JPG_Normais\grao_DSC_0516_id7.png,RGB_JPG_Normais,RGB_JPG_Normais
C:\Users\eduar\Desktop\Soybe-main\data\com_fundo\RGB_JPG_Normais\grao_DSC_0616_id41.png,RGB_JPG_Normais,RGB_JPG_Normais
C:\Users\eduar\Desktop\Soybe-main\data\com_fundo\RGB_JPG_QUEBRADOS\grao_DSC_0451_id36.png,RGB_JPG_QUEBRADOS,RGB_JPG_QUEBRADOS
C:\Users\eduar\Desktop\Soybe-main\data\com_fundo\RGB_JPG_Normais\grao_DSC_0211_id14.png,RGB_JPG_Normais,RGB_JPG_Normais
C:\Users\eduar\Desktop\Soybe-main\data\com_fundo\RGB_JPG_Normais\grao_DSC_0513_id59.png,RGB_JPG_Normais,RGB_JPG_Normais
C:\Users\eduar\Desktop\Soybe-main\data\com_fundo\RGB_JPG_CHOCHOS\grao_DSC_0325_id44.png,RGB_JPG_CHOCHOS,RGB_JPG_CHOCHOS
C:\Users\eduar\Desktop\Soybe-main\data\com_fundo\RGB_JPG_CHOCHOS\grao_DSC_0344_id66.png,RGB_JPG_CHOCHOS,RGB_JPG_CHOCHOS
C:\Users\eduar\Desktop\Soybe-main\data\com_fundo\RGB_JPG_IMPUREZAS\grao_DSC_0266_id67.png,RGB_JPG_IMPUREZAS,RGB_JPG_IMPUREZAS
C:\Users\eduar\Desktop\Soybe-main\data\com_fundo\RGB_JPG_IMPUREZAS\grao_DSC_0249_id127.png,RGB_JPG_IMPUREZAS,RGB_JPG_IMPUREZAS
C:\Users\eduar\Desktop\Soybe-main\data\com_fundo\RGB_JPG_IMPUREZAS\grao_DSC_0246_id36.png,RGB_JPG_IMPUREZAS,RGB_JPG_IMPUREZAS
C:\Users\eduar\Desktop\Soybe-main\data\com_fundo\RGB_JPG_IMPUREZAS\grao_DSC_0262_id216.png,RGB_JPG_IMPUREZAS,RGB_JPG_IMPUREZAS
C:\Users\eduar\Desktop\Soybe-main\data\com_fundo\RGB_JPG_IMPUREZAS\grao_DSC_0239_id3.png,RGB_JPG_IMPUREZAS,RGB_JPG_IMPUREZAS
C:\Users\eduar\Desktop\Soybe-main\data\com_fundo\RGB_JPG_QUEBRADOS\grao_DSC_0404_id23.png,RGB_JPG_QUEBRADOS,RGB_JPG_QUEBRADOS
C:\Users\eduar\Desktop\Soybe-main\data\com_fundo\RGB_JPG_Normais\grao_DSC_0382_id69.png,RGB_JPG_Normais,RGB_JPG_Normais
C:\Users\eduar\Desktop\Soybe-main\data\com_fundo\RGB_JPG_IMPUREZAS\grao_DSC_0250_id35.png,RGB_JPG_IMPUREZAS,RGB_JPG_IMPUREZAS
C:\Users\eduar\Desktop\Soybe-main\data\com_fundo\RGB_JPG_IMPUREZAS\grao_DSC_0276_id13.png,RGB_JPG_IMPUREZAS,RGB_JPG_IMPUREZAS
C:\Users\eduar\Desktop\Soybe-main\data\com_fundo\RGB_JPG_IMPUREZAS\grao_DSC_0284_id83.png,RGB_JPG_IMPUREZAS,RGB_JPG_IMPUREZAS
C:\Users\eduar\Desktop\Soybe-main\data\com_fundo\RGB_JPG_IMPUREZAS\grao_DSC_0282_id203.png,RGB_JPG_IMPUREZAS,RGB_JPG_IMPUREZAS
C:\Users\eduar\Desktop\Soybe-main\data\com_fundo\RGB_JPG_QUEBRADOS\grao_DSC_0449_id15.png,RGB_JPG_QUEBRADOS,RGB_JPG_QUEBRADOS
C:\Users\eduar\Desktop\Soybe-main\data\com_fundo\RGB_JPG_CHOCHOS\grao_DSC_0347_id46.png,RGB_JPG_CHOCHOS,RGB_JPG_CHOCHOS
C:\Users\eduar\Desktop\Soybe-main\data\com_fundo\RGB_JPG_IMPUREZAS\grao_DSC_0023_id18.png,RGB_JPG_IMPUREZAS,RGB_JPG_IMPUREZAS
C:\Users\eduar\Desktop\Soybe-main\data\com_fundo\RGB_JPG_Normais\grao_DSC_0618_id106.png,RGB_JPG_Normais,RGB_JPG_Normais
C:\Users\eduar\Desktop\Soybe-main\data\com_fundo\RGB_JPG_CHOCHOS\grao_DSC_0362_id72.png,RGB_JPG_CHOCHOS,RGB_JPG_CHOCHOS
C:\Users\eduar\Desktop\Soybe-main\data\com_fundo\RGB_JPG_IMPUREZAS\grao_DSC_0274_id36.png,RGB_JPG_IMPUREZAS,RGB_JPG_IMPUREZAS
C:\Users\eduar\Desktop\Soybe-main\data\com_fundo\RGB_JPG_Normais\grao_DSC_0616_id53.png,RGB_JPG_Normais,RGB_JPG_Normais
C:\Users\eduar\Desktop\Soybe-main\data\com_fundo\RGB_JPG_Normais\grao_DSC_0624_id37.png,RGB_JPG_Normais,RGB_JPG_Normais
C:\Users\eduar\Desktop\Soybe-main\data\com_fundo\RGB_JPG_CHOCHOS\grao_DSC_0332_id100.png,RGB_JPG_CHOCHOS,RGB_JPG_CHOCHOS
C:\Users\eduar\Desktop\Soybe-main\data\com_fundo\RGB_JPG_QUEBRADOS\grao_DSC_0408_id4.png,RGB_JPG_QUEBRADOS,RGB_JPG_QUEBRADOS
C:\Users\eduar\Desktop\Soybe-main\data\com_fundo\RGB_JPG_IMPUREZAS\grao_DSC_0291_id67.png,RGB_JPG_IMPUREZAS,RGB_JPG_IMPUREZAS
C:\Users\eduar\Desktop\Soybe-main\data\com_fundo\RGB_JPG_IMPUREZAS\grao_DSC_0017_id87.png,RGB_JPG_IMPUREZAS,RGB_JPG_IMPUREZAS
C:\Users\eduar\Desktop\Soybe-main\data\com_fundo\RGB_JPG_IMPUREZAS\grao_DSC_0244_id160.png,RGB_JPG_IMPUREZAS,RGB_JPG_IMPUREZAS
C:\Users\eduar\Desktop\Soybe-main\data\com_fundo\RGB_JPG_Normais\grao_DSC_0606_id113.png,RGB_JPG_Normais,RGB_JPG_Normais
C:\Users\eduar\Desktop\Soybe-main\data\com_fundo\RGB_JPG_Normais\grao_DSC_0501_id23.png,RGB_JPG_Normais,RGB_JPG_Normais
C:\Users\eduar\Desktop\Soybe-main\data\com_fundo\RGB_JPG_IMPUREZAS\grao_DSC_0257_id219.png,RGB_JPG_IMPUREZAS,RGB_JPG_IMPUREZAS
C:\Users\eduar\Desktop\Soybe-main\data\com_fundo\RGB_JPG_IMPUREZAS\grao_DSC_0008_id14.png,RGB_JPG_IMPUREZAS,RGB_JPG_IMPUREZAS
C:\Users\eduar\Desktop\Soybe-main\data\com_fundo\RGB_JPG_Normais\grao_DSC_0469_id28.png,RGB_JPG_Normais,RGB_JPG_Normais
C:\Users\eduar\Desktop\Soybe-main\data\com_fundo\RGB_JPG_QUEBRADOS\grao_DSC_0440_id62.png,RGB_JPG_QUEBRADOS,RGB_JPG_QUEBRADOS
C:\Users\eduar\Desktop\Soybe-main\data\com_fundo\RGB_JPG_Normais\grao_DSC_0636_id15.png,RGB_JPG_Normais,RGB_JPG_Normais
C:\Users\eduar\Desktop\Soybe-main\data\com_fundo\RGB_JPG_IMPUREZAS\grao_DSC_0225_id129.png,RGB_JPG_IMPUREZAS,RGB_JPG_IMPUREZAS
C:\Users\eduar\Desktop\Soybe-main\data\com_fundo\RGB_JPG_IMPUREZAS\grao_DSC_0252_id200.png,RGB_JPG_IMPUREZAS,RGB_JPG_IMPUREZAS
C:\Users\eduar\Desktop\Soybe-main\data\com_fundo\RGB_JPG_Normais\grao_DSC_0472_id59.png,RGB_JPG_Normais,RGB_JPG_Normais
C:\Users\eduar\Desktop\Soybe-main\data\com_fundo\RGB_JPG_IMPUREZAS\grao_DSC_0287_id202.png,RGB_JPG_IMPUREZAS,RGB_JPG_IMPUREZAS
C:\Users\eduar\Desktop\Soybe-main\data\com_fundo\RGB_JPG_Normais\grao_DSC_0220_id15.png,RGB_JPG_Normais,RGB_JPG_Normais
C:\Users\eduar\Desktop\Soybe-main\data\com_fundo\RGB_JPG_IMPUREZAS\grao_DSC_0031_id130.png,RGB_JPG_IMPUREZAS,RGB_JPG_IMPUREZAS
C:\Users\eduar\Desktop\Soybe-main\data\com_fundo\RGB_JPG_QUEBRADOS\grao_DSC_0465_id30.png,RGB_JPG_QUEBRADOS,RGB_JPG_QUEBRADOS
C:\Users\eduar\Desktop\Soybe-main\data\com_fundo\RGB_JPG_QUEBRADOS\grao_DSC_0420_id38.png,RGB_JPG_QUEBRADOS,RGB_JPG_QUEBRADOS
C:\Users\eduar\Desktop\Soybe-main\data\com_fundo\RGB_JPG_IMPUREZAS\grao_DSC_0275_id86.png,RGB_JPG_IMPUREZAS,RGB_JPG_IMPUREZAS
C:\Users\eduar\Desktop\Soybe-main\data\com_fundo\RGB_JPG_Normais\grao_DSC_0620_id97.png,RGB_JPG_Normais,RGB_JPG_Normais
C:\Users\eduar\Desktop\Soybe-main\data\com_fundo\RGB_JPG_IMPUREZAS\grao_DSC_0279_id38.png,RGB_JPG_IMPUREZAS,RGB_JPG_IMPUREZAS
C:\Users\eduar\Desktop\Soybe-main\data\com_fundo\RGB_JPG_QUEBRADOS\grao_DSC_0420_id82.png,RGB_JPG_QUEBRADOS,RGB_JPG_QUEBRADOS
C:\Users\eduar\Desktop\Soybe-main\data\com_fundo\RGB_JPG_IMPUREZAS\grao_DSC_0021_id54.png,RGB_JPG_IMPUREZAS,RGB_JPG_IMPUREZAS
C:\Users\eduar\Desktop\Soybe-main\data\com_fundo\RGB_JPG_PURPURAS\grao_DSC_0047_id20.png,RGB_JPG_PURPURAS,RGB_JPG_PURPURAS
C:\Users\eduar\Desktop\Soybe-main\data\com_fundo\RGB_JPG_Normais\grao_DSC_0515_id53.png,RGB_JPG_Normais,RGB_JPG_Normais
C:\Users\eduar\Desktop\Soybe-main\data\com_fundo\RGB_JPG_Normais\grao_DSC_0651_id101.png,RGB_JPG_Normais,RGB_JPG_Normais
C:\Users\eduar\Desktop\Soybe-main\data\com_fundo\RGB_JPG_Normais\grao_DSC_0620_id32.png,RGB_JPG_Normais,RGB_JPG_Normais
C:\Users\eduar\Desktop\Soybe-main\data\com_fundo\RGB_JPG_Normais\grao_DSC_0499_id103.png,RGB_JPG_Normais,RGB_JPG_Normais
C:\Users\eduar\Desktop\Soybe-main\data\com_fundo\RGB_JPG_IMPUREZAS\grao_DSC_0239_id49.png,RGB_JPG_IMPUREZAS,RGB_JPG_IMPUREZAS
C:\Users\eduar\Desktop\Soybe-main\data\com_fundo\RGB_JPG_Normais\grao_DSC_0473_id33.png,RGB_JPG_Normais,RGB_JPG_Normais
C:\Users\eduar\Desktop\Soybe-main\data\com_fundo\RGB_JPG_CHOCHOS\grao_DSC_0331_id52.png,RGB_JPG_CHOCHOS,RGB_JPG_CHOCHOS
C:\Users\eduar\Desktop\Soybe-main\data\com_fundo\RGB_JPG_Normais\grao_DSC_0629_id58.png,RGB_JPG_Normais,RGB_JPG_Normais
C:\Users\eduar\Desktop\Soybe-main\data\com_fundo\RGB_JPG_IMPUREZAS\grao_DSC_0293_id289.png,RGB_JPG_IMPUREZAS,RGB_JPG_IMPUREZAS
C:\Users\eduar\Desktop\Soybe-main\data\com_fundo\RGB_JPG_CHOCHOS\grao_DSC_0335_id94.png,RGB_JPG_CHOCHOS,RGB_JPG_CHOCHOS
C:\Users\eduar\Desktop\Soybe-main\data\com_fundo\RGB_JPG_IMPUREZAS\grao_DSC_0006_id51.png,RGB_JPG_IMPUREZAS,RGB_JPG_IMPUREZAS
C:\Users\eduar\Desktop\Soybe-main\data\com_fundo\RGB_JPG_QUEBRADOS\grao_DSC_0170_id81.png,RGB_JPG_QUEBRADOS,RGB_JPG_QUEBRADOS
C:\Users\eduar\Desktop\Soybe-main\data\com_fundo\RGB_JPG_IMPUREZAS\grao_DSC_0256_id42.png,RGB_JPG_IMPUREZAS,RGB_JPG_IMPUREZAS
C:\Users\eduar\Desktop\Soybe-main\data\com_fundo\RGB_JPG_IMPUREZAS\grao_DSC_0012_id148.png,RGB_JPG_IMPUREZAS,RGB_JPG_IMPUREZAS
C:\Users\eduar\Desktop\Soybe-main\data\com_fundo\RGB_JPG_QUEBRADOS\grao_DSC_0411_id43.png,RGB_JPG_QUEBRADOS,RGB_JPG_QUEBRADOS
C:\Users\eduar\Desktop\Soybe-main\data\com_fundo\RGB_JPG_ESVERDEADO\grao_DSC_0309_id92.png,RGB_JPG_ESVERDEADO,RGB_JPG_CHOCHOS
C:\Users\eduar\Desktop\Soybe-main\data\com_fundo\RGB_JPG_QUEBRADOS\grao_DSC_0170_id91.png,RGB_JPG_QUEBRADOS,RGB_JPG_QUEBRADOS
C:\Users\eduar\Desktop\Soybe-main\data\com_fundo\RGB_JPG_CHOCHOS\grao_DSC_0324_id56.png,RGB_JPG_CHOCHOS,RGB_JPG_CHOCHOS
C:\Users\eduar\Desktop\Soybe-main\data\com_fundo\RGB_JPG_Normais\grao_DSC_0155_id69.png,RGB_JPG_Normais,RGB_JPG_Normais
C:\Users\eduar\Desktop\Soybe-main\data\com_fundo\RGB_JPG_IMPUREZAS\grao_DSC_0290_id92.png,RGB_JPG_IMPUREZAS,RGB_JPG_IMPUREZAS
C:\Users\eduar\Desktop\Soybe-main\data\com_fundo\RGB_JPG_INSETOS\grao_DSC_0164_id97.png,RGB_JPG_INSETOS,RGB_JPG_INSETOS
C:\Users\eduar\Desktop\Soybe-main\data\com_fundo\RGB_JPG_Normais\grao_DSC_0216_id37.png,RGB_JPG_Normais,RGB_JPG_Normais
C:\Users\eduar\Desktop\Soybe-main\data\com_fundo\RGB_JPG_Normais\grao_DSC_0378_id73.png,RGB_JPG_Normais,RGB_JPG_Normais
C:\Users\eduar\Desktop\Soybe-main\data\com_fundo\RGB_JPG_CHOCHOS\grao_DSC_0355_id7.png,RGB_JPG_CHOCHOS,RGB_JPG_CHOCHOS
C:\Users\eduar\Desktop\Soybe-main\data\com_fundo\RGB_JPG_Normais\grao_DSC_0658_id29.png,RGB_JPG_Normais,RGB_JPG_Normais
C:\Users\eduar\Desktop\Soybe-main\data\com_fundo\RGB_JPG_IMPUREZAS\grao_DSC_0229_id254.png,RGB_JPG_IMPUREZAS,RGB_JPG_IMPUREZAS
C:\Users\eduar\Desktop\Soybe-main\data\com_fundo\RGB_JPG_Normais\grao_DSC_0210_id70.png,RGB_JPG_Normais,RGB_JPG_Normais
C:\Users\eduar\Desktop\Soybe-main\data\com_fundo\RGB_JPG_CHOCHOS\grao_DSC_0347_id1.png,RGB_JPG_CHOCHOS,RGB_JPG_CHOCHOS
C:\Users\eduar\Desktop\Soybe-main\data\com_fundo\RGB_JPG_QUEBRADOS\grao_DSC_0424_id83.png,RGB_JPG_QUEBRADOS,RGB_JPG_QUEBRADOS
C:\Users\eduar\Desktop\Soybe-main\data\com_fundo\RGB_JPG_Normais\grao_DSC_0501_id56.png,RGB_JPG_Normais,RGB_JPG_Normais
C:\Users\eduar\Desktop\Soybe-main\data\com_fundo\RGB_JPG_Normais\grao_DSC_0374_id95.png,RGB_JPG_Normais,RGB_JPG_Normais
C:\Users\eduar\Desktop\Soybe-main\data\com_fundo\RGB_JPG_IMPUREZAS\grao_DSC_0010_id90.png,RGB_JPG_IMPUREZAS,RGB_JPG_IMPUREZAS
C:\Users\eduar\Desktop\Soybe-main\data\com_fundo\RGB_JPG_Normais\grao_DSC_0158_id106.png,RGB_JPG_Normais,RGB_JPG_Normais
C:\Users\eduar\Desktop\Soybe-main\data\com_fundo\RGB_JPG_IMPUREZAS\grao_DSC_0044_id89.png,RGB_JPG_IMPUREZAS,RGB_JPG_IMPUREZAS
C:\Users\eduar\Desktop\Soybe-main\data\com_fundo\RGB_JPG_IMPUREZAS\grao_DSC_0031_id149.png,RGB_JPG_IMPUREZAS,RGB_JPG_IMPUREZAS
C:\Users\eduar\Desktop\Soybe-main\data\com_fundo\RGB_JPG_Normais\grao_DSC_0673_id90.png,RGB_JPG_Normais,RGB_JPG_Normais
C:\Users\eduar\Desktop\Soybe-main\data\com_fundo\RGB_JPG_Normais\grao_DSC_0613_id33.png,RGB_JPG_Normais,RGB_JPG_Normais
C:\Users\eduar\Desktop\Soybe-main\data\com_fundo\RGB_JPG_Normais\grao_DSC_0498_id96.png,RGB_JPG_Normais,RGB_JPG_Normais
C:\Users\eduar\Desktop\Soybe-main\data\com_fundo\RGB_JPG_QUEBRADOS\grao_DSC_0407_id60.png,RGB_JPG_QUEBRADOS,RGB_JPG_Normais
C:\Users\eduar\Desktop\Soybe-main\data\com_fundo\RGB_JPG_Normais\grao_DSC_0608_id92.png,RGB_JPG_Normais,RGB_JPG_Normais
C:\Users\eduar\Desktop\Soybe-main\data\com_fundo\RGB_JPG_Normais\grao_DSC_0655_id23.png,RGB_JPG_Normais,RGB_JPG_Normais
C:\Users\eduar\Desktop\Soybe-main\data\com_fundo\RGB_JPG_CHOCHOS\grao_DSC_0335_id97.png,RGB_JPG_CHOCHOS,RGB_JPG_CHOCHOS
C:\Users\eduar\Desktop\Soybe-main\data\com_fundo\RGB_JPG_Normais\grao_DSC_0639_id32.png,RGB_JPG_Normais,RGB_JPG_Normais
C:\Users\eduar\Desktop\Soybe-main\data\com_fundo\RGB_JPG_IMPUREZAS\grao_DSC_0039_id133.png,RGB_JPG_IMPUREZAS,RGB_JPG_IMPUREZAS
C:\Users\eduar\Desktop\Soybe-main\data\com_fundo\RGB_JPG_IMPUREZAS\grao_DSC_0237_id97.png,RGB_JPG_IMPUREZAS,RGB_JPG_IMPUREZAS
C:\Users\eduar\Desktop\Soybe-main\data\com_fundo\RGB_JPG_CHOCHOS\grao_DSC_0340_id73.png,RGB_JPG_CHOCHOS,RGB_JPG_CHOCHOS
C:\Users\eduar\Desktop\Soybe-main\data\com_fundo\RGB_JPG_Normais\grao_DSC_0487_id46.png,RGB_JPG_Normais,RGB_JPG_Normais
C:\Users\eduar\Desktop\Soybe-main\data\com_fundo\RGB_JPG_IMPUREZAS\grao_DSC_0268_id16.png,RGB_JPG_IMPUREZAS,RGB_JPG_IMPUREZAS
C:\Users\eduar\Desktop\Soybe-main\data\com_fundo\RGB_JPG_IMPUREZAS\grao_DSC_0273_id162.png,RGB_JPG_IMPUREZAS,RGB_JPG_IMPUREZAS
C:\Users\eduar\Desktop\Soybe-main\data\com_fundo\RGB_JPG_CHOCHOS\grao_DSC_0356_id83.png,RGB_JPG_CHOCHOS,RGB_JPG_CHOCHOS
C:\Users\eduar\Desktop\Soybe-main\data\com_fundo\RGB_JPG_CHOCHOS\grao_DSC_0323_id43.png,RGB_JPG_CHOCHOS,RGB_JPG_CHOCHOS
C:\Users\eduar\Desktop\Soybe-main\data\com_fundo\RGB_JPG_IMPUREZAS\grao_DSC_0288_id263.png,RGB_JPG_IMPUREZAS,RGB_JPG_IMPUREZAS
C:\Users\eduar\Desktop\Soybe-main\data\com_fundo\RGB_JPG_IMPUREZAS\grao_DSC_0290_id30.png,RGB_JPG_IMPUREZAS,RGB_JPG_IMPUREZAS
C:\Users\eduar\Desktop\Soybe-main\data\com_fundo\RGB_JPG_QUEBRADOS\grao_DSC_0426_id78.png,RGB_JPG_QUEBRADOS,RGB_JPG_QUEBRADOS
C:\Users\eduar\Desktop\Soybe-main\data\com_fundo\RGB_JPG_Normais\grao_DSC_0377_id94.png,RGB_JPG_Normais,RGB_JPG_Normais
C:\Users\eduar\Desktop\Soybe-main\data\com_fundo\RGB_JPG_Normais\grao_DSC_0505_id69.png,RGB_JPG_Normais,RGB_JPG_Normais
C:\Users\eduar\Desktop\Soybe-main\data\com_fundo\RGB_JPG_QUEBRADOS\grao_DSC_0402_id41.png,RGB_JPG_QUEBRADOS,RGB_JPG_QUEBRADOS
C:\Users\eduar\Desktop\Soybe-main\data\com_fundo\RGB_JPG_IMPUREZAS\grao_DSC_0262_id28.png,RGB_JPG_IMPUREZAS,RGB_JPG_IMPUREZAS
C:\Users\eduar\Desktop\Soybe-main\data\com_fundo\RGB_JPG_QUEBRADOS\grao_DSC_0441_id57.png,RGB_JPG_QUEBRADOS,RGB_JPG_QUEBRADOS
C:\Users\eduar\Desktop\Soybe-main\data\com_fundo\RGB_JPG_QUEBRADOS\grao_DSC_0458_id25.png,RGB_JPG_QUEBRADOS,RGB_JPG_QUEBRADOS
C:\Users\eduar\Desktop\Soybe-main\data\com_fundo\RGB_JPG_IMPUREZAS\grao_DSC_0286_id208.png,RGB_JPG_IMPUREZAS,RGB_JPG_IMPUREZAS
C:\Users\eduar\Desktop\Soybe-main\data\com_fundo\RGB_JPG_Normais\grao_DSC_0624_id58.png,RGB_JPG_Normais,RGB_JPG_Normais
C:\Users\eduar\Desktop\Soybe-main\data\com_fundo\RGB_JPG_Normais\grao_DSC_0610_id62.png,RGB_JPG_Normais,RGB_JPG_Normais
C:\Users\eduar\Desktop\Soybe-main\data\com_fundo\RGB_JPG_Normais\grao_DSC_0134_id33.png,RGB_JPG_Normais,RGB_JPG_Normais
C:\Users\eduar\Desktop\Soybe-main\data\com_fundo\RGB_JPG_Normais\grao_DSC_0374_id9.png,RGB_JPG_Normais,RGB_JPG_Normais
C:\Users\eduar\Desktop\Soybe-main\data\com_fundo\RGB_JPG_Normais\grao_DSC_0624_id32.png,RGB_JPG_Normais,RGB_JPG_Normais
C:\Users\eduar\Desktop\Soybe-main\data\com_fundo\RGB_JPG_Normais\grao_DSC_0667_id36.png,RGB_JPG_Normais,RGB_JPG_Normais
C:\Users\eduar\Desktop\Soybe-main\data\com_fundo\RGB_JPG_IMPUREZAS\grao_DSC_0293_id55.png,RGB_JPG_IMPUREZAS,RGB_JPG_IMPUREZAS
C:\Users\eduar\Desktop\Soybe-main\data\com_fundo\RGB_JPG_Normais\grao_DSC_0496_id77.png,RGB_JPG_Normais,RGB_JPG_Normais
C:\Users\eduar\Desktop\Soybe-main\data\com_fundo\RGB_JPG_CHOCHOS\grao_DSC_0318_id9.png,RGB_JPG_CHOCHOS,RGB_JPG_CHOCHOS
C:\Users\eduar\Desktop\Soybe-main\data\com_fundo\RGB_JPG_Normais\grao_DSC_0631_id59.png,RGB_JPG_Normais,RGB_JPG_Normais
C:\Users\eduar\Desktop\Soybe-main\data\com_fundo\RGB_JPG_Normais\grao_DSC_0623_id81.png,RGB_JPG_Normais,RGB_JPG_Normais
C:\Users\eduar\Desktop\Soybe-main\data\com_fundo\RGB_JPG_IMPUREZAS\grao_DSC_0018_id16.png,RGB_JPG_IMPUREZAS,RGB_JPG_IMPUREZAS
C:\Users\eduar\Desktop\Soybe-main\data\com_fundo\RGB_JPG_QUEBRADOS\grao_DSC_0420_id44.png,RGB_JPG_QUEBRADOS,RGB_JPG_QUEBRADOS
C:\Users\eduar\Desktop\Soybe-main\data\com_fundo\RGB_JPG_Normais\grao_DSC_0219_id49.png,RGB_JPG_Normais,RGB_JPG_Normais
C:\Users\eduar\Desktop\Soybe-main\data\com_fundo\RGB_JPG_Normais\grao_DSC_0481_id89.png,RGB_JPG_Normais,RGB_JPG_Normais
C:\Users\eduar\Desktop\Soybe-main\data\com_fundo\RGB_JPG_Normais\grao_DSC_0150_id72.png,RGB_JPG_Normais,RGB_JPG_Normais
C:\Users\eduar\Desktop\Soybe-main\data\com_fundo\RGB_JPG_CHOCHOS\grao_DSC_0327_id83.png,RGB_JPG_CHOCHOS,RGB_JPG_CHOCHOS
C:\Users\eduar\Desktop\Soybe-main\data\com_fundo\RGB_JPG_Normais\grao_DSC_0477_id27.png,RGB_JPG_Normais,RGB_JPG_Normais
C:\Users\eduar\Desktop\Soybe-main\data\com_fundo\RGB_JPG_Normais\grao_DSC_0400_id92.png,RGB_JPG_Normais,RGB_JPG_Normais
C:\Users\eduar\Desktop\Soybe-main\data\com_fundo\RGB_JPG_IMPUREZAS\grao_DSC_0238_id228.png,RGB_JPG_IMPUREZAS,RGB_JPG_IMPUREZAS
C:\Users\eduar\Desktop\Soybe-main\data\com_fundo\RGB_JPG_QUEBRADOS\grao_DSC_0463_id14.png,RGB_JPG_QUEBRADOS,RGB_JPG_QUEBRADOS
C:\Users\eduar\Desktop\Soybe-main\data\com_fundo\RGB_JPG_IMPUREZAS\grao_DSC_0040_id43.png,RGB_JPG_IMPUREZAS,RGB_JPG_IMPUREZAS
C:\Users\eduar\Desktop\Soybe-main\data\com_fundo\RGB_JPG_IMPUREZAS\grao_DSC_0249_id182.png,RGB_JPG_IMPUREZAS,RGB_JPG_IMPUREZAS
C:\Users\eduar\Desktop\Soybe-main\data\com_fundo\RGB_JPG_Normais\grao_DSC_0476_id15.png,RGB_JPG_Normais,RGB_JPG_Normais
C:\Users\eduar\Desktop\Soybe-main\data\com_fundo\RGB_JPG_QUEBRADOS\grao_DSC_0420_id70.png,RGB_JPG_QUEBRADOS,RGB_JPG_QUEBRADOS
C:\Users\eduar\Desktop\Soybe-main\data\com_fundo\RGB_JPG_Normais\grao_DSC_0394_id103.png,RGB_JPG_Normais,RGB_JPG_QUEBRADOS
C:\Users\eduar\Desktop\Soybe-main\data\com_fundo\RGB_JPG_IMPUREZAS\grao_DSC_0225_id34.png,RGB_JPG_IMPUREZAS,RGB_JPG_IMPUREZAS
C:\Users\eduar\Desktop\Soybe-main\data\com_fundo\RGB_JPG_IMPUREZAS\grao_DSC_0292_id94.png,RGB_JPG_IMPUREZAS,RGB_JPG_IMPUREZAS
C:\Users\eduar\Desktop\Soybe-main\data\com_fundo\RGB_JPG_IMPUREZAS\grao_DSC_0237_id30.png,RGB_JPG_IMPUREZAS,RGB_JPG_IMPUREZAS
C:\Users\eduar\Desktop\Soybe-main\data\com_fundo\RGB_JPG_IMPUREZAS\grao_DSC_0007_id103.png,RGB_JPG_IMPUREZAS,RGB_JPG_IMPUREZAS
C:\Users\eduar\Desktop\Soybe-main\data\com_fundo\RGB_JPG_Normais\grao_DSC_0645_id41.png,RGB_JPG_Normais,RGB_JPG_Normais
C:\Users\eduar\Desktop\Soybe-main\data\com_fundo\RGB_JPG_Normais\grao_DSC_0379_id12.png,RGB_JPG_Normais,RGB_JPG_Normais
C:\Users\eduar\Desktop\Soybe-main\data\com_fundo\RGB_JPG_PURPURAS\grao_DSC_0047_id11.png,RGB_JPG_PURPURAS,RGB_JPG_PURPURAS
C:\Users\eduar\Desktop\Soybe-main\data\com_fundo\RGB_JPG_IMPUREZAS\grao_DSC_0023_id166.png,RGB_JPG_IMPUREZAS,RGB_JPG_IMPUREZAS
C:\Users\eduar\Desktop\Soybe-main\data\com_fundo\RGB_JPG_Normais\grao_DSC_0368_id68.png,RGB_JPG_Normais,RGB_JPG_Normais
C:\Users\eduar\Desktop\Soybe-main\data\com_fundo\RGB_JPG_IMPUREZAS\grao_DSC_0017_id257.png,RGB_JPG_IMPUREZAS,RGB_JPG_IMPUREZAS
C:\Users\eduar\Desktop\Soybe-main\data\com_fundo\RGB_JPG_ESVERDEADO\grao_DSC_0299_id90.png,RGB_JPG_ESVERDEADO,RGB_JPG_ESVERDEADO
C:\Users\eduar\Desktop\Soybe-main\data\com_fundo\RGB_JPG_IMPUREZAS\grao_DSC_0227_id50.png,RGB_JPG_IMPUREZAS,RGB_JPG_IMPUREZAS
C:\Users\eduar\Desktop\Soybe-main\data\com_fundo\RGB_JPG_IMPUREZAS\grao_DSC_0280_id41.png,RGB_JPG_IMPUREZAS,RGB_JPG_IMPUREZAS
C:\Users\eduar\Desktop\Soybe-main\data\com_fundo\RGB_JPG_IMPUREZAS\grao_DSC_0017_id256.png,RGB_JPG_IMPUREZAS,RGB_JPG_IMPUREZAS
C:\Users\eduar\Desktop\Soybe-main\data\com_fundo\RGB_JPG_Normais\grao_DSC_0614_id86.png,RGB_JPG_Normais,RGB_JPG_Normais
C:\Users\eduar\Desktop\Soybe-main\data\com_fundo\RGB_JPG_IMPUREZAS\grao_DSC_0026_id166.png,RGB_JPG_IMPUREZAS,RGB_JPG_IMPUREZAS
C:\Users\eduar\Desktop\Soybe-main\data\com_fundo\RGB_JPG_Normais\grao_DSC_0620_id13.png,RGB_JPG_Normais,RGB_JPG_Normais
C:\Users\eduar\Desktop\Soybe-main\data\com_fundo\RGB_JPG_Normais\grao_DSC_0516_id54.png,RGB_JPG_Normais,RGB_JPG_Normais
C:\Users\eduar\Desktop\Soybe-main\data\com_fundo\RGB_JPG_Normais\grao_DSC_0141_id43.png,RGB_JPG_Normais,RGB_JPG_Normais
C:\Users\eduar\Desktop\Soybe-main\data\com_fundo\RGB_JPG_Normais\grao_DSC_0652_id32.png,RGB_JPG_Normais,RGB_JPG_Normais
C:\Users\eduar\Desktop\Soybe-main\data\com_fundo\RGB_JPG_QUEBRADOS\grao_DSC_0173_id9.png,RGB_JPG_QUEBRADOS,RGB_JPG_QUEBRADOS
C:\Users\eduar\Desktop\Soybe-main\data\com_fundo\RGB_JPG_QUEBRADOS\grao_DSC_0413_id8.png,RGB_JPG_QUEBRADOS,RGB_JPG_QUEBRADOS
C:\Users\eduar\Desktop\Soybe-main\data\com_fundo\RGB_JPG_Normais\grao_DSC_0216_id19.png,RGB_JPG_Normais,RGB_JPG_Normais
C:\Users\eduar\Desktop\Soybe-main\data\com_fundo\RGB_JPG_CHOCHOS\grao_DSC_0324_id4.png,RGB_JPG_CHOCHOS,RGB_JPG_CHOCHOS
C:\Users\eduar\Desktop\Soybe-main\data\com_fundo\RGB_JPG_Normais\grao_DSC_0372_id114.png,RGB_JPG_Normais,RGB_JPG_Normais
C:\Users\eduar\Desktop\Soybe-main\data\com_fundo\RGB_JPG_Normais\grao_DSC_0677_id40.png,RGB_JPG_Normais,RGB_JPG_Normais
C:\Users\eduar\Desktop\Soybe-main\data\com_fundo\RGB_JPG_ESVERDEADO\grao_DSC_0311_id54.png,RGB_JPG_ESVERDEADO,RGB_JPG_ESVERDEADO
C:\Users\eduar\Desktop\Soybe-main\data\com_fundo\RGB_JPG_Normais\grao_DSC_0469_id50.png,RGB_JPG_Normais,RGB_JPG_Normais
C:\Users\eduar\Desktop\Soybe-main\data\com_fundo\RGB_JPG_Normais\grao_DSC_0143_id68.png,RGB_JPG_Normais,RGB_JPG_Normais
C:\Users\eduar\Desktop\Soybe-main\data\com_fundo\RGB_JPG_Normais\grao_DSC_0618_id46.png,RGB_JPG_Normais,RGB_JPG_Normais
C:\Users\eduar\Desktop\Soybe-main\data\com_fundo\RGB_JPG_Normais\grao_DSC_0643_id25.png,RGB_JPG_Normais,RGB_JPG_Normais
C:\Users\eduar\Desktop\Soybe-main\data\com_fundo\RGB_JPG_CHOCHOS\grao_DSC_0318_id54.png,RGB_JPG_CHOCHOS,RGB_JPG_CHOCHOS
C:\Users\eduar\Desktop\Soybe-main\data\com_fundo\RGB_JPG_Normais\grao_DSC_0370_id79.png,RGB_JPG_Normais,RGB_JPG_Normais
C:\Users\eduar\Desktop\Soybe-main\data\com_fundo\RGB_JPG_IMPUREZAS\grao_DSC_0284_id112.png,RGB_JPG_IMPUREZAS,RGB_JPG_IMPUREZAS
C:\Users\eduar\Desktop\Soybe-main\data\com_fundo\RGB_JPG_QUEBRADOS\grao_DSC_0418_id108.png,RGB_JPG_QUEBRADOS,RGB_JPG_QUEBRADOS
C:\Users\eduar\Desktop\Soybe-main\data\com_fundo\RGB_JPG_Normais\grao_DSC_0133_id87.png,RGB_JPG_Normais,RGB_JPG_Normais
C:\Users\eduar\Desktop\Soybe-main\data\com_fundo\RGB_JPG_IMPUREZAS\grao_DSC_0242_id176.png,RGB_JPG_IMPUREZAS,RGB_JPG_IMPUREZAS
C:\Users\eduar\Desktop\Soybe-main\data\com_fundo\RGB_JPG_IMPUREZAS\grao_DSC_0022_id144.png,RGB_JPG_IMPUREZAS,RGB_JPG_IMPUREZAS
C:\Users\eduar\Desktop\Soybe-main\data\com_fundo\RGB_JPG_Normais\grao_DSC_0679_id30.png,RGB_JPG_Normais,RGB_JPG_Normais
C:\Users\eduar\Desktop\Soybe-main\data\com_fundo\RGB_JPG_Normais\grao_DSC_0476_id93.png,RGB_JPG_Normais,RGB_JPG_Normais
C:\Users\eduar\Desktop\Soybe-main\data\com_fundo\RGB_JPG_IMPUREZAS\grao_DSC_0274_id49.png,RGB_JPG_IMPUREZAS,RGB_JPG_IMPUREZAS
C:\Users\eduar\Desktop\Soybe-main\data\com_fundo\RGB_JPG_Normais\grao_DSC_0623_id65.png,RGB_JPG_Normais,RGB_JPG_Normais
C:\Users\eduar\Desktop\Soybe-main\data\com_fundo\RGB_JPG_Normais\grao_DSC_0629_id20.png,RGB_JPG_Normais,RGB_JPG_Normais
C:\Users\eduar\Desktop\Soybe-main\data\com_fundo\RGB_JPG_Normais\grao_DSC_0387_id112.png,RGB_JPG_Normais,RGB_JPG_Normais
C:\Users\eduar\Desktop\Soybe-main\data\com_fundo\RGB_JPG_Normais\grao_DSC_0664_id61.png,RGB_JPG_Normais,RGB_JPG_Normais
C:\Users\eduar\Desktop\Soybe-main\data\com_fundo\RGB_JPG_Normais\grao_DSC_0616_id103.png,RGB_JPG_Normais,RGB_JPG_Normais
C:\Users\eduar\Desktop\Soybe-main\data\com_fundo\RGB_JPG_Normais\grao_DSC_0367_id51.png,RGB_JPG_Normais,RGB_JPG_Normais
C:\Users\eduar\Desktop\Soybe-main\data\com_fundo\RGB_JPG_Normais\grao_DSC_0643_id48.png,RGB_JPG_Normais,RGB_JPG_Normais
C:\Users\eduar\Desktop\Soybe-main\data\com_fundo\RGB_JPG_QUEBRADOS\grao_DSC_0425_id10.png,RGB_JPG_QUEBRADOS,RGB_JPG_QUEBRADOS
C:\Users\eduar\Desktop\Soybe-main\data\com_fundo\RGB_JPG_IMPUREZAS\grao_DSC_0007_id112.png,RGB_JPG_IMPUREZAS,RGB_JPG_IMPUREZAS
C:\Users\eduar\Desktop\Soybe-main\data\com_fundo\RGB_JPG_Normais\grao_DSC_0160_id34.png,RGB_JPG_Normais,RGB_JPG_Normais
C:\Users\eduar\Desktop\Soybe-main\data\com_fundo\RGB_JPG_Normais\grao_DSC_0474_id61.png,RGB_JPG_Normais,RGB_JPG_Normais
C:\Users\eduar\Desktop\Soybe-main\data\com_fundo\RGB_JPG_IMPUREZAS\grao_DSC_0245_id61.png,RGB_JPG_IMPUREZAS,RGB_JPG_IMPUREZAS
C:\Users\eduar\Desktop\Soybe-main\data\com_fundo\RGB_JPG_QUEBRADOS\grao_DSC_0462_id75.png,RGB_JPG_QUEBRADOS,RGB_JPG_QUEBRADOS
C:\Users\eduar\Desktop\Soybe-main\data\com_fundo\RGB_JPG_CHOCHOS\grao_DSC_0356_id28.png,RGB_JPG_CHOCHOS,RGB_JPG_CHOCHOS
C:\Users\eduar\Desktop\Soybe-main\data\com_fundo\RGB_JPG_Normais\grao_DSC_0210_id27.png,RGB_JPG_Normais,RGB_JPG_Normais
C:\Users\eduar\Desktop\Soybe-main\data\com_fundo\RGB_JPG_CHOCHOS\grao_DSC_0313_id90.png,RGB_JPG_CHOCHOS,RGB_JPG_CHOCHOS
C:\Users\eduar\Desktop\Soybe-main\data\com_fundo\RGB_JPG_QUEBRADOS\grao_DSC_0456_id54.png,RGB_JPG_QUEBRADOS,RGB_JPG_QUEBRADOS
C:\Users\eduar\Desktop\Soybe-main\data\com_fundo\RGB_JPG_QUEBRADOS\grao_DSC_0434_id81.png,RGB_JPG_QUEBRADOS,RGB_JPG_QUEBRADOS
C:\Users\eduar\Desktop\Soybe-main\data\com_fundo\RGB_JPG_IMPUREZAS\grao_DSC_0006_id126.png,RGB_JPG_IMPUREZAS,RGB_JPG_IMPUREZAS
C:\Users\eduar\Desktop\Soybe-main\data\com_fundo\RGB_JPG_IMPUREZAS\grao_DSC_0028_id226.png,RGB_JPG_IMPUREZAS,RGB_JPG_IMPUREZAS
C:\Users\eduar\Desktop\Soybe-main\data\com_fundo\RGB_JPG_IMPUREZAS\grao_DSC_0262_id78.png,RGB_JPG_IMPUREZAS,RGB_JPG_IMPUREZAS
C:\Users\eduar\Desktop\Soybe-main\data\com_fundo\RGB_JPG_Normais\grao_DSC_0385_id57.png,RGB_JPG_Normais,RGB_JPG_Normais
C:\Users\eduar\Desktop\Soybe-main\data\com_fundo\RGB_JPG_Normais\grao_DSC_0512_id83.png,RGB_JPG_Normais,RGB_JPG_Normais
C:\Users\eduar\Desktop\Soybe-main\data\com_fundo\RGB_JPG_Normais\grao_DSC_0135_id39.png,RGB_JPG_Normais,RGB_JPG_Normais
C:\Users\eduar\Desktop\Soybe-main\data\com_fundo\RGB_JPG_Normais\grao_DSC_0512_id32.png,RGB_JPG_Normais,RGB_JPG_Normais
C:\Users\eduar\Desktop\Soybe-main\data\com_fundo\RGB_JPG_Normais\grao_DSC_0611_id31.png,RGB_JPG_Normais,RGB_JPG_Normais
C:\Users\eduar\Desktop\Soybe-main\data\com_fundo\RGB_JPG_Normais\grao_DSC_0135_id24.png,RGB_JPG_Normais,RGB_JPG_Normais
C:\Users\eduar\Desktop\Soybe-main\data\com_fundo\RGB_JPG_QUEBRADOS\grao_DSC_0428_id56.png,RGB_JPG_QUEBRADOS,RGB_JPG_QUEBRADOS
C:\Users\eduar\Desktop\Soybe-main\data\com_fundo\RGB_JPG_Normais\grao_DSC_0479_id33.png,RGB_JPG_Normais,RGB_JPG_Normais
C:\Users\eduar\Desktop\Soybe-main\data\com_fundo\RGB_JPG_QUEBRADOS\grao_DSC_0446_id2.png,RGB_JPG_QUEBRADOS,RGB_JPG_QUEBRADOS
C:\Users\eduar\Desktop\Soybe-main\data\com_fundo\RGB_JPG_CHOCHOS\grao_DSC_0340_id85.png,RGB_JPG_CHOCHOS,RGB_JPG_CHOCHOS
C:\Users\eduar\Desktop\Soybe-main\data\com_fundo\RGB_JPG_CHOCHOS\grao_DSC_0342_id3.png,RGB_JPG_CHOCHOS,RGB_JPG_CHOCHOS
C:\Users\eduar\Desktop\Soybe-main\data\com_fundo\RGB_JPG_CHOCHOS\grao_DSC_0355_id81.png,RGB_JPG_CHOCHOS,RGB_JPG_CHOCHOS
C:\Users\eduar\Desktop\Soybe-main\data\com_fundo\RGB_JPG_Normais\grao_DSC_0493_id9.png,RGB_JPG_Normais,RGB_JPG_Normais
C:\Users\eduar\Desktop\Soybe-main\data\com_fundo\RGB_JPG_Normais\grao_DSC_0630_id76.png,RGB_JPG_Normais,RGB_JPG_Normais
C:\Users\eduar\Desktop\Soybe-main\data\com_fundo\RGB_JPG_Normais\grao_DSC_0388_id15.png,RGB_JPG_Normais,RGB_JPG_Normais
C:\Users\eduar\Desktop\Soybe-main\data\com_fundo\RGB_JPG_Normais\grao_DSC_0668_id14.png,RGB_JPG_Normais,RGB_JPG_Normais
C:\Users\eduar\Desktop\Soybe-main\data\com_fundo\RGB_JPG_QUEBRADOS\grao_DSC_0456_id41.png,RGB_JPG_QUEBRADOS,RGB_JPG_QUEBRADOS
C:\Users\eduar\Desktop\Soybe-main\data\com_fundo\RGB_JPG_Normais\grao_DSC_0152_id19.png,RGB_JPG_Normais,RGB_JPG_Normais
C:\Users\eduar\Desktop\Soybe-main\data\com_fundo\RGB_JPG_PURPURAS\grao_DSC_0149_id2.png,RGB_JPG_PURPURAS,RGB_JPG_PURPURAS
C:\Users\eduar\Desktop\Soybe-main\data\com_fundo\RGB_JPG_CHOCHOS\grao_DSC_0334_id68.png,RGB_JPG_CHOCHOS,RGB_JPG_CHOCHOS
C:\Users\eduar\Desktop\Soybe-main\data\com_fundo\RGB_JPG_PURPURAS\grao_DSC_0050_id64.png,RGB_JPG_PURPURAS,RGB_JPG_PURPURAS
C:\Users\eduar\Desktop\Soybe-main\data\com_fundo\RGB_JPG_IMPUREZAS\grao_DSC_0004_id163.png,RGB_JPG_IMPUREZAS,RGB_JPG_IMPUREZAS
C:\Users\eduar\Desktop\Soybe-main\data\com_fundo\RGB_JPG_CHOCHOS\grao_DSC_0344_id67.png,RGB_JPG_CHOCHOS,RGB_JPG_CHOCHOS
C:\Users\eduar\Desktop\Soybe-main\data\com_fundo\RGB_JPG_Normais\grao_DSC_0677_id44.png,RGB_JPG_Normais,RGB_JPG_Normais
C:\Users\eduar\Desktop\Soybe-main\data\com_fundo\RGB_JPG_Normais\grao_DSC_0623_id92.png,RGB_JPG_Normais,RGB_JPG_Normais
C:\Users\eduar\Desktop\Soybe-main\data\com_fundo\RGB_JPG_IMPUREZAS\grao_DSC_0228_id255.png,RGB_JPG_IMPUREZAS,RGB_JPG_IMPUREZAS
C:\Users\eduar\Desktop\Soybe-main\data\com_fundo\RGB_JPG_Normais\grao_DSC_0162_id32.png,RGB_JPG_Normais,RGB_JPG_Normais
C:\Users\eduar\Desktop\Soybe-main\data\com_fundo\RGB_JPG_IMPUREZAS\grao_DSC_0257_id151.png,RGB_JPG_IMPUREZAS,RGB_JPG_IMPUREZAS
C:\Users\eduar\Desktop\Soybe-main\data\com_fundo\RGB_JPG_Normais\grao_DSC_0497_id33.png,RGB_JPG_Normais,RGB_JPG_Normais
C:\Users\eduar\Desktop\Soybe-main\data\com_fundo\RGB_JPG_QUEBRADOS\grao_DSC_0439_id20.png,RGB_JPG_QUEBRADOS,RGB_JPG_QUEBRADOS
C:\Users\eduar\Desktop\Soybe-main\data\com_fundo\RGB_JPG_IMPUREZAS\grao_DSC_0257_id38.png,RGB_JPG_IMPUREZAS,RGB_JPG_IMPUREZAS
C:\Users\eduar\Desktop\Soybe-main\data\com_fundo\RGB_JPG_IMPUREZAS\grao_DSC_0002_id353.png,RGB_JPG_IMPUREZAS,RGB_JPG_IMPUREZAS
C:\Users\eduar\Desktop\Soybe-main\data\com_fundo\RGB_JPG_IMPUREZAS\grao_DSC_0278_id224.png,RGB_JPG_IMPUREZAS,RGB_JPG_IMPUREZAS
C:\Users\eduar\Desktop\Soybe-main\data\com_fundo\RGB_JPG_CHOCHOS\grao_DSC_0338_id72.png,RGB_JPG_CHOCHOS,RGB_JPG_CHOCHOS
C:\Users\eduar\Desktop\Soybe-main\data\com_fundo\RGB_JPG_IMPUREZAS\grao_DSC_0007_id176.png,RGB_JPG_IMPUREZAS,RGB_JPG_IMPUREZAS
C:\Users\eduar\Desktop\Soybe-main\data\com_fundo\RGB_JPG_MAMONAS\grao_DSC_0188_id24.png,RGB_JPG_MAMONAS,RGB_JPG_MAMONAS
C:\Users\eduar\Desktop\Soybe-main\data\com_fundo\RGB_JPG_INSETOS\grao_DSC_0164_id54.png,RGB_JPG_INSETOS,RGB_JPG_INSETOS
C:\Users\eduar\Desktop\Soybe-main\data\com_fundo\RGB_JPG_QUEBRADOS\grao_DSC_0438_id19.png,RGB_JPG_QUEBRADOS,RGB_JPG_QUEBRADOS
C:\Users\eduar\Desktop\Soybe-main\data\com_fundo\RGB_JPG_Normais\grao_DSC_0612_id50.png,RGB_JPG_Normais,RGB_JPG_Normais
C:\Users\eduar\Desktop\Soybe-main\data\com_fundo\RGB_JPG_Normais\grao_DSC_0670_id22.png,RGB_JPG_Normais,RGB_JPG_Normais
C:\Users\eduar\Desktop\Soybe-main\data\com_fundo\RGB_JPG_IMPUREZAS\grao_DSC_0230_id14.png,RGB_JPG_IMPUREZAS,RGB_JPG_IMPUREZAS
C:\Users\eduar\Desktop\Soybe-main\data\com_fundo\RGB_JPG_Normais\grao_DSC_0216_id50.png,RGB_JPG_Normais,RGB_JPG_Normais
C:\Users\eduar\Desktop\Soybe-main\data\com_fundo\RGB_JPG_Normais\grao_DSC_0369_id52.png,RGB_JPG_Normais,RGB_JPG_Normais
C:\Users\eduar\Desktop\Soybe-main\data\com_fundo\RGB_JPG_Normais\grao_DSC_0608_id12.png,RGB_JPG_Normais,RGB_JPG_Normais
C:\Users\eduar\Desktop\Soybe-main\data\com_fundo\RGB_JPG_Normais\grao_DSC_0504_id40.png,RGB_JPG_Normais,RGB_JPG_Normais
C:\Users\eduar\Desktop\Soybe-main\data\com_fundo\RGB_JPG_IMPUREZAS\grao_DSC_0291_id2.png,RGB_JPG_IMPUREZAS,RGB_JPG_IMPUREZAS
C:\Users\eduar\Desktop\Soybe-main\data\com_fundo\RGB_JPG_Normais\grao_DSC_0322_id91.png,RGB_JPG_Normais,RGB_JPG_CHOCHOS
C:\Users\eduar\Desktop\Soybe-main\data\com_fundo\RGB_JPG_IMPUREZAS\grao_DSC_0291_id8.png,RGB_JPG_IMPUREZAS,RGB_JPG_IMPUREZAS
C:\Users\eduar\Desktop\Soybe-main\data\com_fundo\RGB_JPG_IMPUREZAS\grao_DSC_0286_id148.png,RGB_JPG_IMPUREZAS,RGB_JPG_IMPUREZAS
C:\Users\eduar\Desktop\Soybe-main\data\com_fundo\RGB_JPG_Normais\grao_DSC_0369_id104.png,RGB_JPG_Normais,RGB_JPG_Normais
C:\Users\eduar\Desktop\Soybe-main\data\com_fundo\RGB_JPG_IMPUREZAS\grao_DSC_0044_id61.png,RGB_JPG_IMPUREZAS,RGB_JPG_IMPUREZAS
C:\Users\eduar\Desktop\Soybe-main\data\com_fundo\RGB_JPG_Normais\grao_DSC_0658_id33.png,RGB_JPG_Normais,RGB_JPG_Normais
C:\Users\eduar\Desktop\Soybe-main\data\com_fundo\RGB_JPG_ESVERDEADO\grao_DSC_0309_id13.png,RGB_JPG_ESVERDEADO,RGB_JPG_ESVERDEADO
C:\Users\eduar\Desktop\Soybe-main\data\com_fundo\RGB_JPG_CHOCHOS\grao_DSC_0329_id110.png,RGB_JPG_CHOCHOS,RGB_JPG_CHOCHOS
C:\Users\eduar\Desktop\Soybe-main\data\com_fundo\RGB_JPG_Normais\grao_DSC_0392_id106.png,RGB_JPG_Normais,RGB_JPG_Normais
C:\Users\eduar\Desktop\Soybe-main\data\com_fundo\RGB_JPG_Normais\grao_DSC_0485_id23.png,RGB_JPG_Normais,RGB_JPG_Normais
C:\Users\eduar\Desktop\Soybe-main\data\com_fundo\RGB_JPG_Normais\grao_DSC_0375_id7.png,RGB_JPG_Normais,RGB_JPG_Normais
C:\Users\eduar\Desktop\Soybe-main\data\com_fundo\RGB_JPG_IMPUREZAS\grao_DSC_0224_id226.png,RGB_JPG_IMPUREZAS,RGB_JPG_IMPUREZAS
C:\Users\eduar\Desktop\Soybe-main\data\com_fundo\RGB_JPG_IMPUREZAS\grao_DSC_0020_id1.png,RGB_JPG_IMPUREZAS,RGB_JPG_IMPUREZAS
C:\Users\eduar\Desktop\Soybe-main\data\com_fundo\RGB_JPG_QUEBRADOS\grao_DSC_0438_id83.png,RGB_JPG_QUEBRADOS,RGB_JPG_QUEBRADOS
C:\Users\eduar\Desktop\Soybe-main\data\com_fundo\RGB_JPG_Normais\grao_DSC_0659_id31.png,RGB_JPG_Normais,RGB_JPG_Normais
C:\Users\eduar\Desktop\Soybe-main\data\com_fundo\RGB_JPG_QUEBRADOS\grao_DSC_0418_id59.png,RGB_JPG_QUEBRADOS,RGB_JPG_QUEBRADOS
C:\Users\eduar\Desktop\Soybe-main\data\com_fundo\RGB_JPG_Normais\grao_DSC_0400_id94.png,RGB_JPG_Normais,RGB_JPG_Normais
C:\Users\eduar\Desktop\Soybe-main\data\com_fundo\RGB_JPG_Normais\grao_DSC_0623_id110.png,RGB_JPG_Normais,RGB_JPG_Normais
C:\Users\eduar\Desktop\Soybe-main\data\com_fundo\RGB_JPG_IMPUREZAS\grao_DSC_0026_id216.png,RGB_JPG_IMPUREZAS,RGB_JPG_IMPUREZAS
C:\Users\eduar\Desktop\Soybe-main\data\com_fundo\RGB_JPG_Normais\grao_DSC_0636_id36.png,RGB_JPG_Normais,RGB_JPG_Normais
C:\Users\eduar\Desktop\Soybe-main\data\com_fundo\RGB_JPG_Normais\grao_DSC_0647_id26.png,RGB_JPG_Normais,RGB_JPG_Normais
C:\Users\eduar\Desktop\Soybe-main\data\com_fundo\RGB_JPG_Normais\grao_DSC_0366_id15.png,RGB_JPG_Normais,RGB_JPG_Normais
C:\Users\eduar\Desktop\Soybe-main\data\com_fundo\RGB_JPG_Normais\grao_DSC_0158_id55.png,RGB_JPG_Normais,RGB_JPG_Normais
C:\Users\eduar\Desktop\Soybe-main\data\com_fundo\RGB_JPG_CHOCHOS\grao_DSC_0334_id63.png,RGB_JPG_CHOCHOS,RGB_JPG_CHOCHOS
C:\Users\eduar\Desktop\Soybe-main\data\com_fundo\RGB_JPG_Normais\grao_DSC_0400_id29.png,RGB_JPG_Normais,RGB_JPG_Normais
C:\Users\eduar\Desktop\Soybe-main\data\com_fundo\RGB_JPG_QUEBRADOS\grao_DSC_0407_id18.png,RGB_JPG_QUEBRADOS,RGB_JPG_QUEBRADOS
C:\Users\eduar\Desktop\Soybe-main\data\com_fundo\RGB_JPG_CHOCHOS\grao_DSC_0316_id13.png,RGB_JPG_CHOCHOS,RGB_JPG_CHOCHOS
C:\Users\eduar\Desktop\Soybe-main\data\com_fundo\RGB_JPG_QUEBRADOS\grao_DSC_0435_id7.png,RGB_JPG_QUEBRADOS,RGB_JPG_QUEBRADOS
C:\Users\eduar\Desktop\Soybe-main\data\com_fundo\RGB_JPG_QUEBRADOS\grao_DSC_0464_id66.png,RGB_JPG_QUEBRADOS,RGB_JPG_QUEBRADOS
C:\Users\eduar\Desktop\Soybe-main\data\com_fundo\RGB_JPG_Normais\grao_DSC_0379_id30.png,RGB_JPG_Normais,RGB_JPG_Normais
C:\Users\eduar\Desktop\Soybe-main\data\com_fundo\RGB_JPG_Normais\grao_DSC_0156_id42.png,RGB_JPG_Normais,RGB_JPG_Normais
C:\Users\eduar\Desktop\Soybe-main\data\com_fundo\RGB_JPG_IMPUREZAS\grao_DSC_0240_id96.png,RGB_JPG_IMPUREZAS,RGB_JPG_IMPUREZAS
C:\Users\eduar\Desktop\Soybe-main\data\com_fundo\RGB_JPG_Normais\grao_DSC_0486_id19.png,RGB_JPG_Normais,RGB_JPG_Normais
C:\Users\eduar\Desktop\Soybe-main\data\com_fundo\RGB_JPG_Normais\grao_DSC_0144_id85.png,RGB_JPG_Normais,RGB_JPG_Normais
C:\Users\eduar\Desktop\Soybe-main\data\com_fundo\RGB_JPG_Normais\grao_DSC_0479_id22.png,RGB_JPG_Normais,RGB_JPG_QUEBRADOS
C:\Users\eduar\Desktop\Soybe-main\data\com_fundo\RGB_JPG_CHOCHOS\grao_DSC_0338_id93.png,RGB_JPG_CHOCHOS,RGB_JPG_CHOCHOS
C:\Users\eduar\Desktop\Soybe-main\data\com_fundo\RGB_JPG_Normais\grao_DSC_0499_id73.png,RGB_JPG_Normais,RGB_JPG_Normais
C:\Users\eduar\Desktop\Soybe-main\data\com_fundo\RGB_JPG_Normais\grao_DSC_0470_id77.png,RGB_JPG_Normais,RGB_JPG_Normais
C:\Users\eduar\Desktop\Soybe-main\data\com_fundo\RGB_JPG_IMPUREZAS\grao_DSC_0002_id32.png,RGB_JPG_IMPUREZAS,RGB_JPG_IMPUREZAS
C:\Users\eduar\Desktop\Soybe-main\data\com_fundo\RGB_JPG_Normais\grao_DSC_0619_id26.png,RGB_JPG_Normais,RGB_JPG_Normais
C:\Users\eduar\Desktop\Soybe-main\data\com_fundo\RGB_JPG_CHOCHOS\grao_DSC_0349_id55.png,RGB_JPG_CHOCHOS,RGB_JPG_CHOCHOS
C:\Users\eduar\Desktop\Soybe-main\data\com_fundo\RGB_JPG_Normais\grao_DSC_0321_id87.png,RGB_JPG_Normais,RGB_JPG_CHOCHOS
C:\Users\eduar\Desktop\Soybe-main\data\com_fundo\RGB_JPG_Normais\grao_DSC_0378_id50.png,RGB_JPG_Normais,RGB_JPG_Normais
C:\Users\eduar\Desktop\Soybe-main\data\com_fundo\RGB_JPG_IMPUREZAS\grao_DSC_0295_id193.png,RGB_JPG_IMPUREZAS,RGB_JPG_IMPUREZAS
C:\Users\eduar\Desktop\Soybe-main\data\com_fundo\RGB_JPG_IMPUREZAS\grao_DSC_0242_id375.png,RGB_JPG_IMPUREZAS,RGB_JPG_IMPUREZAS
C:\Users\eduar\Desktop\Soybe-main\data\com_fundo\RGB_JPG_QUEBRADOS\grao_DSC_0418_id89.png,RGB_JPG_QUEBRADOS,RGB_JPG_QUEBRADOS
C:\Users\eduar\Desktop\Soybe-main\data\com_fundo\RGB_JPG_IMPUREZAS\grao_DSC_0251_id292.png,RGB_JPG_IMPUREZAS,RGB_JPG_IMPUREZAS
C:\Users\eduar\Desktop\Soybe-main\data\com_fundo\RGB_JPG_Normais\grao_DSC_0618_id9.png,RGB_JPG_Normais,RGB_JPG_Normais
C:\Users\eduar\Desktop\Soybe-main\data\com_fundo\RGB_JPG_Normais\grao_DSC_0481_id96.png,RGB_JPG_Normais,RGB_JPG_Normais
C:\Users\eduar\Desktop\Soybe-main\data\com_fundo\RGB_JPG_Normais\grao_DSC_0140_id1.png,RGB_JPG_Normais,RGB_JPG_Normais
C:\Users\eduar\Desktop\Soybe-main\data\com_fundo\RGB_JPG_IMPUREZAS\grao_DSC_0025_id327.png,RGB_JPG_IMPUREZAS,RGB_JPG_IMPUREZAS
C:\Users\eduar\Desktop\Soybe-main\data\com_fundo\RGB_JPG_Normais\grao_DSC_0512_id10.png,RGB_JPG_Normais,RGB_JPG_Normais
C:\Users\eduar\Desktop\Soybe-main\data\com_fundo\RGB_JPG_Normais\grao_DSC_0511_id79.png,RGB_JPG_Normais,RGB_JPG_Normais
C:\Users\eduar\Desktop\Soybe-main\data\com_fundo\RGB_JPG_QUEBRADOS\grao_DSC_0172_id47.png,RGB_JPG_QUEBRADOS,RGB_JPG_QUEBRADOS
C:\Users\eduar\Desktop\Soybe-main\data\com_fundo\RGB_JPG_Normais\grao_DSC_0481_id14.png,RGB_JPG_Normais,RGB_JPG_Normais
C:\Users\eduar\Desktop\Soybe-main\data\com_fundo\RGB_JPG_CHOCHOS\grao_DSC_0359_id54.png,RGB_JPG_CHOCHOS,RGB_JPG_CHOCHOS
C:\Users\eduar\Desktop\Soybe-main\data\com_fundo\RGB_JPG_ESVERDEADO\grao_DSC_0308_id43.png,RGB_JPG_ESVERDEADO,RGB_JPG_ESVERDEADO
C:\Users\eduar\Desktop\Soybe-main\data\com_fundo\RGB_JPG_Normais\grao_DSC_0649_id21.png,RGB_JPG_Normais,RGB_JPG_Normais
C:\Users\eduar\Desktop\Soybe-main\data\com_fundo\RGB_JPG_IMPUREZAS\grao_DSC_0026_id43.png,RGB_JPG_IMPUREZAS,RGB_JPG_IMPUREZAS
C:\Users\eduar\Desktop\Soybe-main\data\com_fundo\RGB_JPG_CHOCHOS\grao_DSC_0339_id70.png,RGB_JPG_CHOCHOS,RGB_JPG_CHOCHOS
C:\Users\eduar\Desktop\Soybe-main\data\com_fundo\RGB_JPG_Normais\grao_DSC_0396_id103.png,RGB_JPG_Normais,RGB_JPG_Normais
C:\Users\eduar\Desktop\Soybe-main\data\com_fundo\RGB_JPG_IMPUREZAS\grao_DSC_0029_id33.png,RGB_JPG_IMPUREZAS,RGB_JPG_IMPUREZAS
C:\Users\eduar\Desktop\Soybe-main\data\com_fundo\RGB_JPG_CHOCHOS\grao_DSC_0342_id80.png,RGB_JPG_CHOCHOS,RGB_JPG_CHOCHOS
C:\Users\eduar\Desktop\Soybe-main\data\com_fundo\RGB_JPG_Normais\grao_DSC_0660_id1.png,RGB_JPG_Normais,RGB_JPG_Normais
C:\Users\eduar\Desktop\Soybe-main\data\com_fundo\RGB_JPG_Normais\grao_DSC_0516_id22.png,RGB_JPG_Normais,RGB_JPG_Normais
C:\Users\eduar\Desktop\Soybe-main\data\com_fundo\RGB_JPG_IMPUREZAS\grao_DSC_0230_id98.png,RGB_JPG_IMPUREZAS,RGB_JPG_IMPUREZAS
C:\Users\eduar\Desktop\Soybe-main\data\com_fundo\RGB_JPG_Normais\grao_DSC_0476_id105.png,RGB_JPG_Normais,RGB_JPG_Normais
C:\Users\eduar\Desktop\Soybe-main\data\com_fundo\RGB_JPG_IMPUREZAS\grao_DSC_0025_id61.png,RGB_JPG_IMPUREZAS,RGB_JPG_IMPUREZAS
C:\Users\eduar\Desktop\Soybe-main\data\com_fundo\RGB_JPG_IMPUREZAS\grao_DSC_0284_id209.png,RGB_JPG_IMPUREZAS,RGB_JPG_IMPUREZAS
C:\Users\eduar\Desktop\Soybe-main\data\com_fundo\RGB_JPG_Normais\grao_DSC_0632_id5.png,RGB_JPG_Normais,RGB_JPG_Normais
C:\Users\eduar\Desktop\Soybe-main\data\com_fundo\RGB_JPG_Normais\grao_DSC_0619_id71.png,RGB_JPG_Normais,RGB_JPG_Normais
C:\Users\eduar\Desktop\Soybe-main\data\com_fundo\RGB_JPG_CHOCHOS\grao_DSC_0339_id80.png,RGB_JPG_CHOCHOS,RGB_JPG_CHOCHOS
C:\Users\eduar\Desktop\Soybe-main\data\com_fundo\RGB_JPG_QUEBRADOS\grao_DSC_0439_id84.png,RGB_JPG_QUEBRADOS,RGB_JPG_QUEBRADOS
C:\Users\eduar\Desktop\Soybe-main\data\com_fundo\RGB_JPG_QUEBRADOS\grao_DSC_0171_id96.png,RGB_JPG_QUEBRADOS,RGB_JPG_QUEBRADOS
C:\Users\eduar\Desktop\Soybe-main\data\com_fundo\RGB_JPG_Normais\grao_DSC_0397_id2.png,RGB_JPG_Normais,RGB_JPG_Normais
C:\Users\eduar\Desktop\Soybe-main\data\com_fundo\RGB_JPG_IMPUREZAS\grao_DSC_0253_id95.png,RGB_JPG_IMPUREZAS,RGB_JPG_IMPUREZAS
C:\Users\eduar\Desktop\Soybe-main\data\com_fundo\RGB_JPG_QUEBRADOS\grao_DSC_0168_id21.png,RGB_JPG_QUEBRADOS,RGB_JPG_QUEBRADOS
C:\Users\eduar\Desktop\Soybe-main\data\com_fundo\RGB_JPG_CHOCHOS\grao_DSC_0359_id83.png,RGB_JPG_CHOCHOS,RGB_JPG_CHOCHOS
C:\Users\eduar\Desktop\Soybe-main\data\com_fundo\RGB_JPG_Normais\grao_DSC_0662_id39.png,RGB_JPG_Normais,RGB_JPG_Normais
C:\Users\eduar\Desktop\Soybe-main\data\com_fundo\RGB_JPG_IMPUREZAS\grao_DSC_0275_id8.png,RGB_JPG_IMPUREZAS,RGB_JPG_IMPUREZAS
C:\Users\eduar\Desktop\Soybe-main\data\com_fundo\RGB_JPG_Normais\grao_DSC_0390_id53.png,RGB_JPG_Normais,RGB_JPG_Normais
C:\Users\eduar\Desktop\Soybe-main\data\com_fundo\RGB_JPG_IMPUREZAS\grao_DSC_0290_id166.png,RGB_JPG_IMPUREZAS,RGB_JPG_IMPUREZAS
C:\Users\eduar\Desktop\Soybe-main\data\com_fundo\RGB_JPG_QUEBRADOS\grao_DSC_0441_id19.png,RGB_JPG_QUEBRADOS,RGB_JPG_QUEBRADOS
C:\Users\eduar\Desktop\Soybe-main\data\com_fundo\RGB_JPG_Normais\grao_DSC_0673_id70.png,RGB_JPG_Normais,RGB_JPG_Normais
C:\Users\eduar\Desktop\Soybe-main\data\com_fundo\RGB_JPG_Normais\grao_DSC_0489_id90.png,RGB_JPG_Normais,RGB_JPG_Normais
C:\Users\eduar\Desktop\Soybe-main\data\com_fundo\RGB_JPG_IMPUREZAS\grao_DSC_0263_id210.png,RGB_JPG_IMPUREZAS,RGB_JPG_IMPUREZAS
C:\Users\eduar\Desktop\Soybe-main\data\com_fundo\RGB_JPG_Normais\grao_DSC_0632_id58.png,RGB_JPG_Normais,RGB_JPG_Normais
C:\Users\eduar\Desktop\Soybe-main\data\com_fundo\RGB_JPG_IMPUREZAS\grao_DSC_0296_id151.png,RGB_JPG_IMPUREZAS,RGB_JPG_IMPUREZAS
C:\Users\eduar\Desktop\Soybe-main\data\com_fundo\RGB_JPG_IMPUREZAS\grao_DSC_0267_id94.png,RGB_JPG_IMPUREZAS,RGB_JPG_IMPUREZAS
C:\Users\eduar\Desktop\Soybe-main\data\com_fundo\RGB_JPG_Normais\grao_DSC_0504_id87.png,RGB_JPG_Normais,RGB_JPG_Normais
C:\Users\eduar\Desktop\Soybe-main\data\com_fundo\RGB_JPG_Normais\grao_DSC_0383_id83.png,RGB_JPG_Normais,RGB_JPG_Normais
C:\Users\eduar\Desktop\Soybe-main\data\com_fundo\RGB_JPG_CHOCHOS\grao_DSC_0327_id13.png,RGB_JPG_CHOCHOS,RGB_JPG_CHOCHOS
C:\Users\eduar\Desktop\Soybe-main\data\com_fundo\RGB_JPG_IMPUREZAS\grao_DSC_0030_id66.png,RGB_JPG_IMPUREZAS,RGB_JPG_IMPUREZAS
C:\Users\eduar\Desktop\Soybe-main\data\com_fundo\RGB_JPG_CHOCHOS\grao_DSC_0343_id49.png,RGB_JPG_CHOCHOS,RGB_JPG_CHOCHOS
C:\Users\eduar\Desktop\Soybe-main\data\com_fundo\RGB_JPG_Normais\grao_DSC_0501_id55.png,RGB_JPG_Normais,RGB_JPG_Normais
C:\Users\eduar\Desktop\Soybe-main\data\com_fundo\RGB_JPG_Normais\grao_DSC_0612_id103.png,RGB_JPG_Normais,RGB_JPG_Normais
C:\Users\eduar\Desktop\Soybe-main\data\com_fundo\RGB_JPG_Normais\grao_DSC_0157_id6.png,RGB_JPG_Normais,RGB_JPG_Normais
C:\Users\eduar\Desktop\Soybe-main\data\com_fundo\RGB_JPG_IMPUREZAS\grao_DSC_0032_id2.png,RGB_JPG_IMPUREZAS,RGB_JPG_IMPUREZAS
C:\Users\eduar\Desktop\Soybe-main\data\com_fundo\RGB_JPG_Normais\grao_DSC_0503_id4.png,RGB_JPG_Normais,RGB_JPG_Normais
C:\Users\eduar\Desktop\Soybe-main\data\com_fundo\RGB_JPG_CHOCHOS\grao_DSC_0319_id110.png,RGB_JPG_CHOCHOS,RGB_JPG_CHOCHOS
C:\Users\eduar\Desktop\Soybe-main\data\com_fundo\RGB_JPG_Normais\grao_DSC_0646_id50.png,RGB_JPG_Normais,RGB_JPG_Normais
C:\Users\eduar\Desktop\Soybe-main\data\com_fundo\RGB_JPG_Normais\grao_DSC_0158_id76.png,RGB_JPG_Normais,RGB_JPG_Normais
C:\Users\eduar\Desktop\Soybe-main\data\com_fundo\RGB_JPG_Normais\grao_DSC_0213_id53.png,RGB_JPG_Normais,RGB_JPG_Normais
C:\Users\eduar\Desktop\Soybe-main\data\com_fundo\RGB_JPG_Normais\grao_DSC_0622_id57.png,RGB_JPG_Normais,RGB_JPG_Normais
C:\Users\eduar\Desktop\Soybe-main\data\com_fundo\RGB_JPG_IMPUREZAS\grao_DSC_0266_id27.png,RGB_JPG_IMPUREZAS,RGB_JPG_IMPUREZAS
C:\Users\eduar\Desktop\Soybe-main\data\com_fundo\RGB_JPG_IMPUREZAS\grao_DSC_0243_id35.png,RGB_JPG_IMPUREZAS,RGB_JPG_IMPUREZAS
C:\Users\eduar\Desktop\Soybe-main\data\com_fundo\RGB_JPG_IMPUREZAS\grao_DSC_0005_id12.png,RGB_JPG_IMPUREZAS,RGB_JPG_IMPUREZAS
C:\Users\eduar\Desktop\Soybe-main\data\com_fundo\RGB_JPG_CHOCHOS\grao_DSC_0344_id22.png,RGB_JPG_CHOCHOS,RGB_JPG_CHOCHOS
C:\Users\eduar\Desktop\Soybe-main\data\com_fundo\RGB_JPG_IMPUREZAS\grao_DSC_0293_id171.png,RGB_JPG_IMPUREZAS,RGB_JPG_IMPUREZAS
C:\Users\eduar\Desktop\Soybe-main\data\com_fundo\RGB_JPG_IMPUREZAS\grao_DSC_0019_id21.png,RGB_JPG_IMPUREZAS,RGB_JPG_IMPUREZAS
C:\Users\eduar\Desktop\Soybe-main\data\com_fundo\RGB_JPG_INSETOS\grao_DSC_0164_id68.png,RGB_JPG_INSETOS,RGB_JPG_INSETOS
C:\Users\eduar\Desktop\Soybe-main\data\com_fundo\RGB_JPG_Normais\grao_DSC_0468_id4.png,RGB_JPG_Normais,RGB_JPG_Normais
C:\Users\eduar\Desktop\Soybe-main\data\com_fundo\RGB_JPG_CHOCHOS\grao_DSC_0348_id19.png,RGB_JPG_CHOCHOS,RGB_JPG_CHOCHOS
C:\Users\eduar\Desktop\Soybe-main\data\com_fundo\RGB_JPG_QUEBRADOS\grao_DSC_0169_id46.png,RGB_JPG_QUEBRADOS,RGB_JPG_QUEBRADOS
C:\Users\eduar\Desktop\Soybe-main\data\com_fundo\RGB_JPG_QUEBRADOS\grao_DSC_0418_id8.png,RGB_JPG_QUEBRADOS,RGB_JPG_QUEBRADOS
C:\Users\eduar\Desktop\Soybe-main\data\com_fundo\RGB_JPG_INSETOS\grao_DSC_0163_id17.png,RGB_JPG_INSETOS,RGB_JPG_INSETOS
C:\Users\eduar\Desktop\Soybe-main\data\com_fundo\RGB_JPG_Normais\grao_DSC_0508_id93.png,RGB_JPG_Normais,RGB_JPG_Normais
C:\Users\eduar\Desktop\Soybe-main\data\com_fundo\RGB_JPG_CHOCHOS\grao_DSC_0363_id105.png,RGB_JPG_CHOCHOS,RGB_JPG_CHOCHOS
C:\Users\eduar\Desktop\Soybe-main\data\com_fundo\RGB_JPG_Normais\grao_DSC_0676_id104.png,RGB_JPG_Normais,RGB_JPG_Normais
C:\Users\eduar\Desktop\Soybe-main\data\com_fundo\RGB_JPG_IMPUREZAS\grao_DSC_0257_id169.png,RGB_JPG_IMPUREZAS,RGB_JPG_IMPUREZAS
C:\Users\eduar\Desktop\Soybe-main\data\com_fundo\RGB_JPG_Normais\grao_DSC_0474_id32.png,RGB_JPG_Normais,RGB_JPG_Normais
C:\Users\eduar\Desktop\Soybe-main\data\com_fundo\RGB_JPG_Normais\grao_DSC_0161_id8.png,RGB_JPG_Normais,RGB_JPG_Normais
C:\Users\eduar\Desktop\Soybe-main\data\com_fundo\RGB_JPG_QUEBRADOS\grao_DSC_0401_id54.png,RGB_JPG_QUEBRADOS,RGB_JPG_QUEBRADOS
C:\Users\eduar\Desktop\Soybe-main\data\com_fundo\RGB_JPG_PURPURAS\grao_DSC_0049_id30.png,RGB_JPG_PURPURAS,RGB_JPG_PURPURAS
C:\Users\eduar\Desktop\Soybe-main\data\com_fundo\RGB_JPG_IMPUREZAS\grao_DSC_0276_id46.png,RGB_JPG_IMPUREZAS,RGB_JPG_IMPUREZAS
C:\Users\eduar\Desktop\Soybe-main\data\com_fundo\RGB_JPG_Normais\grao_DSC_0154_id72.png,RGB_JPG_Normais,RGB_JPG_Normais
C:\Users\eduar\Desktop\Soybe-main\data\com_fundo\RGB_JPG_Normais\grao_DSC_0478_id72.png,RGB_JPG_Normais,RGB_JPG_Normais
C:\Users\eduar\Desktop\Soybe-main\data\com_fundo\RGB_JPG_Normais\grao_DSC_0152_id46.png,RGB_JPG_Normais,RGB_JPG_Normais
C:\Users\eduar\Desktop\Soybe-main\data\com_fundo\RGB_JPG_IMPUREZAS\grao_DSC_0239_id209.png,RGB_JPG_IMPUREZAS,RGB_JPG_IMPUREZAS
C:\Users\eduar\Desktop\Soybe-main\data\com_fundo\RGB_JPG_Normais\grao_DSC_0629_id55.png,RGB_JPG_Normais,RGB_JPG_Normais
C:\Users\eduar\Desktop\Soybe-main\data\com_fundo\RGB_JPG_IMPUREZAS\grao_DSC_0253_id161.png,RGB_JPG_IMPUREZAS,RGB_JPG_IMPUREZAS
C:\Users\eduar\Desktop\Soybe-main\data\com_fundo\RGB_JPG_Normais\grao_DSC_0510_id38.png,RGB_JPG_Normais,RGB_JPG_Normais
C:\Users\eduar\Desktop\Soybe-main\data\com_fundo\RGB_JPG_IMPUREZAS\grao_DSC_0276_id86.png,RGB_JPG_IMPUREZAS,RGB_JPG_IMPUREZAS
C:\Users\eduar\Desktop\Soybe-main\data\com_fundo\RGB_JPG_Normais\grao_DSC_0648_id44.png,RGB_JPG_Normais,RGB_JPG_Normais
C:\Users\eduar\Desktop\Soybe-main\data\com_fundo\RGB_JPG_CHOCHOS\grao_DSC_0344_id58.png,RGB_JPG_CHOCHOS,RGB_JPG_CHOCHOS
C:\Users\eduar\Desktop\Soybe-main\data\com_fundo\RGB_JPG_Normais\grao_DSC_0634_id79.png,RGB_JPG_Normais,RGB_JPG_Normais
C:\Users\eduar\Desktop\Soybe-main\data\com_fundo\RGB_JPG_PURPURAS\grao_DSC_0046_id32.png,RGB_JPG_PURPURAS,RGB_JPG_PURPURAS
C:\Users\eduar\Desktop\Soybe-main\data\com_fundo\RGB_JPG_IMPUREZAS\grao_DSC_0275_id5.png,RGB_JPG_IMPUREZAS,RGB_JPG_IMPUREZAS
C:\Users\eduar\Desktop\Soybe-main\data\com_fundo\RGB_JPG_Normais\grao_DSC_0370_id26.png,RGB_JPG_Normais,RGB_JPG_Normais
C:\Users\eduar\Desktop\Soybe-main\data\com_fundo\RGB_JPG_Normais\grao_DSC_0484_id30.png,RGB_JPG_Normais,RGB_JPG_Normais
C:\Users\eduar\Desktop\Soybe-main\data\com_fundo\RGB_JPG_Normais\grao_DSC_0509_id44.png,RGB_JPG_Normais,RGB_JPG_Normais
C:\Users\eduar\Desktop\Soybe-main\data\com_fundo\RGB_JPG_CHOCHOS\grao_DSC_0339_id28.png,RGB_JPG_CHOCHOS,RGB_JPG_CHOCHOS
C:\Users\eduar\Desktop\Soybe-main\data\com_fundo\RGB_JPG_CHOCHOS\grao_DSC_0343_id32.png,RGB_JPG_CHOCHOS,RGB_JPG_CHOCHOS
C:\Users\eduar\Desktop\Soybe-main\data\com_fundo\RGB_JPG_Normais\grao_DSC_0134_id100.png,RGB_JPG_Normais,RGB_JPG_Normais
C:\Users\eduar\Desktop\Soybe-main\data\com_fundo\RGB_JPG_IMPUREZAS\grao_DSC_0002_id20.png,RGB_JPG_IMPUREZAS,RGB_JPG_IMPUREZAS
C:\Users\eduar\Desktop\Soybe-main\data\com_fundo\RGB_JPG_Normais\grao_DSC_0473_id7.png,RGB_JPG_Normais,RGB_JPG_Normais
C:\Users\eduar\Desktop\Soybe-main\data\com_fundo\RGB_JPG_QUEBRADOS\grao_DSC_0420_id102.png,RGB_JPG_QUEBRADOS,RGB_JPG_QUEBRADOS
C:\Users\eduar\Desktop\Soybe-main\data\com_fundo\RGB_JPG_QUEBRADOS\grao_DSC_0430_id73.png,RGB_JPG_QUEBRADOS,RGB_JPG_QUEBRADOS
C:\Users\eduar\Desktop\Soybe-main\data\com_fundo\RGB_JPG_Normais\grao_DSC_0657_id36.png,RGB_JPG_Normais,RGB_JPG_Normais
C:\Users\eduar\Desktop\Soybe-main\data\com_fundo\RGB_JPG_CHOCHOS\grao_DSC_0336_id82.png,RGB_JPG_CHOCHOS,RGB_JPG_CHOCHOS
C:\Users\eduar\Desktop\Soybe-main\data\com_fundo\RGB_JPG_Normais\grao_DSC_0630_id94.png,RGB_JPG_Normais,RGB_JPG_Normais
C:\Users\eduar\Desktop\Soybe-main\data\com_fundo\RGB_JPG_IMPUREZAS\grao_DSC_0227_id58.png,RGB_JPG_IMPUREZAS,RGB_JPG_IMPUREZAS
C:\Users\eduar\Desktop\Soybe-main\data\com_fundo\RGB_JPG_Normais\grao_DSC_0636_id81.png,RGB_JPG_Normais,RGB_JPG_Normais
C:\Users\eduar\Desktop\Soybe-main\data\com_fundo\RGB_JPG_Normais\grao_DSC_0659_id23.png,RGB_JPG_Normais,RGB_JPG_Normais
C:\Users\eduar\Desktop\Soybe-main\data\com_fundo\RGB_JPG_Normais\grao_DSC_0680_id56.png,RGB_JPG_Normais,RGB_JPG_Normais
C:\Users\eduar\Desktop\Soybe-main\data\com_fundo\RGB_JPG_CHOCHOS\grao_DSC_0358_id76.png,RGB_JPG_CHOCHOS,RGB_JPG_CHOCHOS
C:\Users\eduar\Desktop\Soybe-main\data\com_fundo\RGB_JPG_IMPUREZAS\grao_DSC_0260_id187.png,RGB_JPG_IMPUREZAS,RGB_JPG_IMPUREZAS
C:\Users\eduar\Desktop\Soybe-main\data\com_fundo\RGB_JPG_MAMONAS\grao_DSC_0187_id31.png,RGB_JPG_MAMONAS,RGB_JPG_MAMONAS
C:\Users\eduar\Desktop\Soybe-main\data\com_fundo\RGB_JPG_CHOCHOS\grao_DSC_0334_id46.png,RGB_JPG_CHOCHOS,RGB_JPG_CHOCHOS
C:\Users\eduar\Desktop\Soybe-main\data\com_fundo\RGB_JPG_Normais\grao_DSC_0658_id72.png,RGB_JPG_Normais,RGB_JPG_Normais
C:\Users\eduar\Desktop\Soybe-main\data\com_fundo\RGB_JPG_QUEBRADOS\grao_DSC_0169_id35.png,RGB_JPG_QUEBRADOS,RGB_JPG_QUEBRADOS
C:\Users\eduar\Desktop\Soybe-main\data\com_fundo\RGB_JPG_Normais\grao_DSC_0484_id56.png,RGB_JPG_Normais,RGB_JPG_Normais
C:\Users\eduar\Desktop\Soybe-main\data\com_fundo\RGB_JPG_Normais\grao_DSC_0400_id37.png,RGB_JPG_Normais,RGB_JPG_Normais
C:\Users\eduar\Desktop\Soybe-main\data\com_fundo\RGB_JPG_IMPUREZAS\grao_DSC_0279_id101.png,RGB_JPG_IMPUREZAS,RGB_JPG_IMPUREZAS
C:\Users\eduar\Desktop\Soybe-main\data\com_fundo\RGB_JPG_Normais\grao_DSC_0222_id33.png,RGB_JPG_Normais,RGB_JPG_Normais
C:\Users\eduar\Desktop\Soybe-main\data\com_fundo\RGB_JPG_Normais\grao_DSC_0641_id40.png,RGB_JPG_Normais,RGB_JPG_Normais
C:\Users\eduar\Desktop\Soybe-main\data\com_fundo\RGB_JPG_Normais\grao_DSC_0399_id12.png,RGB_JPG_Normais,RGB_JPG_Normais
C:\Users\eduar\Desktop\Soybe-main\data\com_fundo\RGB_JPG_IMPUREZAS\grao_DSC_0026_id10.png,RGB_JPG_IMPUREZAS,RGB_JPG_IMPUREZAS
C:\Users\eduar\Desktop\Soybe-main\data\com_fundo\RGB_JPG_IMPUREZAS\grao_DSC_0019_id127.png,RGB_JPG_IMPUREZAS,RGB_JPG_IMPUREZAS
C:\Users\eduar\Desktop\Soybe-main\data\com_fundo\RGB_JPG_Normais\grao_DSC_0506_id25.png,RGB_JPG_Normais,RGB_JPG_Normais
C:\Users\eduar\Desktop\Soybe-main\data\com_fundo\RGB_JPG_IMPUREZAS\grao_DSC_0227_id120.png,RGB_JPG_IMPUREZAS,RGB_JPG_IMPUREZAS
C:\Users\eduar\Desktop\Soybe-main\data\com_fundo\RGB_JPG_IMPUREZAS\grao_DSC_0037_id195.png,RGB_JPG_IMPUREZAS,RGB_JPG_IMPUREZAS
C:\Users\eduar\Desktop\Soybe-main\data\com_fundo\RGB_JPG_Normais\grao_DSC_0135_id54.png,RGB_JPG_Normais,RGB_JPG_Normais
C:\Users\eduar\Desktop\Soybe-main\data\com_fundo\RGB_JPG_Normais\grao_DSC_0652_id92.png,RGB_JPG_Normais,RGB_JPG_Normais
C:\Users\eduar\Desktop\Soybe-main\data\com_fundo\RGB_JPG_QUEBRADOS\grao_DSC_0411_id56.png,RGB_JPG_QUEBRADOS,RGB_JPG_QUEBRADOS
C:\Users\eduar\Desktop\Soybe-main\data\com_fundo\RGB_JPG_Normais\grao_DSC_0671_id54.png,RGB_JPG_Normais,RGB_JPG_Normais
C:\Users\eduar\Desktop\Soybe-main\data\com_fundo\RGB_JPG_QUEBRADOS\grao_DSC_0408_id62.png,RGB_JPG_QUEBRADOS,RGB_JPG_QUEBRADOS
C:\Users\eduar\Desktop\Soybe-main\data\com_fundo\RGB_JPG_Normais\grao_DSC_0638_id79.png,RGB_JPG_Normais,RGB_JPG_Normais
C:\Users\eduar\Desktop\Soybe-main\data\com_fundo\RGB_JPG_IMPUREZAS\grao_DSC_0241_id199.png,RGB_JPG_IMPUREZAS,RGB_JPG_IMPUREZAS
C:\Users\eduar\Desktop\Soybe-main\data\com_fundo\RGB_JPG_ESVERDEADO\grao_DSC_0309_id3.png,RGB_JPG_ESVERDEADO,RGB_JPG_ESVERDEADO
C:\Users\eduar\Desktop\Soybe-main\data\com_fundo\RGB_JPG_Normais\grao_DSC_0140_id53.png,RGB_JPG_Normais,RGB_JPG_Normais
C:\Users\eduar\Desktop\Soybe-main\data\com_fundo\RGB_JPG_IMPUREZAS\grao_DSC_0294_id33.png,RGB_JPG_IMPUREZAS,RGB_JPG_IMPUREZAS
C:\Users\eduar\Desktop\Soybe-main\data\com_fundo\RGB_JPG_IMPUREZAS\grao_DSC_0256_id127.png,RGB_JPG_IMPUREZAS,RGB_JPG_IMPUREZAS
C:\Users\eduar\Desktop\Soybe-main\data\com_fundo\RGB_JPG_Normais\grao_DSC_0653_id10.png,RGB_JPG_Normais,RGB_JPG_Normais
C:\Users\eduar\Desktop\Soybe-main\data\com_fundo\RGB_JPG_Normais\grao_DSC_0468_id70.png,RGB_JPG_Normais,RGB_JPG_Normais
C:\Users\eduar\Desktop\Soybe-main\data\com_fundo\RGB_JPG_IMPUREZAS\grao_DSC_0263_id41.png,RGB_JPG_IMPUREZAS,RGB_JPG_IMPUREZAS
C:\Users\eduar\Desktop\Soybe-main\data\com_fundo\RGB_JPG_Normais\grao_DSC_0384_id16.png,RGB_JPG_Normais,RGB_JPG_Normais
C:\Users\eduar\Desktop\Soybe-main\data\com_fundo\RGB_JPG_QUEBRADOS\grao_DSC_0434_id8.png,RGB_JPG_QUEBRADOS,RGB_JPG_QUEBRADOS
C:\Users\eduar\Desktop\Soybe-main\data\com_fundo\RGB_JPG_IMPUREZAS\grao_DSC_0242_id20.png,RGB_JPG_IMPUREZAS,RGB_JPG_IMPUREZAS
C:\Users\eduar\Desktop\Soybe-main\data\com_fundo\RGB_JPG_Normais\grao_DSC_0508_id34.png,RGB_JPG_Normais,RGB_JPG_Normais
C:\Users\eduar\Desktop\Soybe-main\data\com_fundo\RGB_JPG_CHOCHOS\grao_DSC_0326_id107.png,RGB_JPG_CHOCHOS,RGB_JPG_CHOCHOS
C:\Users\eduar\Desktop\Soybe-main\data\com_fundo\RGB_JPG_Normais\grao_DSC_0211_id35.png,RGB_JPG_Normais,RGB_JPG_Normais
C:\Users\eduar\Desktop\Soybe-main\data\com_fundo\RGB_JPG_IMPUREZAS\grao_DSC_0251_id287.png,RGB_JPG_IMPUREZAS,RGB_JPG_IMPUREZAS
C:\Users\eduar\Desktop\Soybe-main\data\com_fundo\RGB_JPG_CHOCHOS\grao_DSC_0346_id63.png,RGB_JPG_CHOCHOS,RGB_JPG_CHOCHOS
C:\Users\eduar\Desktop\Soybe-main\data\com_fundo\RGB_JPG_IMPUREZAS\grao_DSC_0239_id280.png,RGB_JPG_IMPUREZAS,RGB_JPG_IMPUREZAS
C:\Users\eduar\Desktop\Soybe-main\data\com_fundo\RGB_JPG_Normais\grao_DSC_0488_id63.png,RGB_JPG_Normais,RGB_JPG_Normais
C:\Users\eduar\Desktop\Soybe-main\data\com_fundo\RGB_JPG_IMPUREZAS\grao_DSC_0245_id47.png,RGB_JPG_IMPUREZAS,RGB_JPG_IMPUREZAS
C:\Users\eduar\Desktop\Soybe-main\data\com_fundo\RGB_JPG_Normais\grao_DSC_0659_id37.png,RGB_JPG_Normais,RGB_JPG_Normais
C:\Users\eduar\Desktop\Soybe-main\data\com_fundo\RGB_JPG_Normais\grao_DSC_0643_id22.png,RGB_JPG_Normais,RGB_JPG_Normais
C:\Users\eduar\Desktop\Soybe-main\data\com_fundo\RGB_JPG_IMPUREZAS\grao_DSC_0007_id122.png,RGB_JPG_IMPUREZAS,RGB_JPG_IMPUREZAS
C:\Users\eduar\Desktop\Soybe-main\data\com_fundo\RGB_JPG_Normais\grao_DSC_0321_id110.png,RGB_JPG_Normais,RGB_JPG_CHOCHOS
C:\Users\eduar\Desktop\Soybe-main\data\com_fundo\RGB_JPG_CHOCHOS\grao_DSC_0342_id45.png,RGB_JPG_CHOCHOS,RGB_JPG_CHOCHOS
C:\Users\eduar\Desktop\Soybe-main\data\com_fundo\RGB_JPG_IMPUREZAS\grao_DSC_0244_id42.png,RGB_JPG_IMPUREZAS,RGB_JPG_IMPUREZAS
C:\Users\eduar\Desktop\Soybe-main\data\com_fundo\RGB_JPG_Normais\grao_DSC_0678_id78.png,RGB_JPG_Normais,RGB_JPG_Normais
C:\Users\eduar\Desktop\Soybe-main\data\com_fundo\RGB_JPG_IMPUREZAS\grao_DSC_0275_id6.png,RGB_JPG_IMPUREZAS,RGB_JPG_IMPUREZAS
C:\Users\eduar\Desktop\Soybe-main\data\com_fundo\RGB_JPG_QUEBRADOS\grao_DSC_0466_id33.png,RGB_JPG_QUEBRADOS,RGB_JPG_QUEBRADOS
C:\Users\eduar\Desktop\Soybe-main\data\com_fundo\RGB_JPG_IMPUREZAS\grao_DSC_0008_id39.png,RGB_JPG_IMPUREZAS,RGB_JPG_IMPUREZAS
C:\Users\eduar\Desktop\Soybe-main\data\com_fundo\RGB_JPG_Normais\grao_DSC_0473_id1.png,RGB_JPG_Normais,RGB_JPG_Normais
C:\Users\eduar\Desktop\Soybe-main\data\com_fundo\RGB_JPG_QUEBRADOS\grao_DSC_0432_id83.png,RGB_JPG_QUEBRADOS,RGB_JPG_QUEBRADOS
C:\Users\eduar\Desktop\Soybe-main\data\com_fundo\RGB_JPG_Normais\grao_DSC_0154_id22.png,RGB_JPG_Normais,RGB_JPG_Normais
C:\Users\eduar\Desktop\Soybe-main\data\com_fundo\RGB_JPG_Normais\grao_DSC_0515_id41.png,RGB_JPG_Normais,RGB_JPG_Normais
C:\Users\eduar\Desktop\Soybe-main\data\com_fundo\RGB_JPG_INSETOS\grao_DSC_0164_id80.png,RGB_JPG_INSETOS,RGB_JPG_INSETOS
C:\Users\eduar\Desktop\Soybe-main\data\com_fundo\RGB_JPG_QUEBRADOS\grao_DSC_0458_id5.png,RGB_JPG_QUEBRADOS,RGB_JPG_Normais
C:\Users\eduar\Desktop\Soybe-main\data\com_fundo\RGB_JPG_Normais\grao_DSC_0675_id52.png,RGB_JPG_Normais,RGB_JPG_Normais
C:\Users\eduar\Desktop\Soybe-main\data\com_fundo\RGB_JPG_IMPUREZAS\grao_DSC_0273_id121.png,RGB_JPG_IMPUREZAS,RGB_JPG_IMPUREZAS
C:\Users\eduar\Desktop\Soybe-main\data\com_fundo\RGB_JPG_IMPUREZAS\grao_DSC_0231_id104.png,RGB_JPG_IMPUREZAS,RGB_JPG_IMPUREZAS
C:\Users\eduar\Desktop\Soybe-main\data\com_fundo\RGB_JPG_Normais\grao_DSC_0470_id72.png,RGB_JPG_Normais,RGB_JPG_Normais
C:\Users\eduar\Desktop\Soybe-main\data\com_fundo\RGB_JPG_ESVERDEADO\grao_DSC_0307_id10.png,RGB_JPG_ESVERDEADO,RGB_JPG_CHOCHOS
C:\Users\eduar\Desktop\Soybe-main\data\com_fundo\RGB_JPG_ESVERDEADO\grao_DSC_0309_id68.png,RGB_JPG_ESVERDEADO,RGB_JPG_CHOCHOS
C:\Users\eduar\Desktop\Soybe-main\data\com_fundo\RGB_JPG_IMPUREZAS\grao_DSC_0043_id73.png,RGB_JPG_IMPUREZAS,RGB_JPG_IMPUREZAS
C:\Users\eduar\Desktop\Soybe-main\data\com_fundo\RGB_JPG_CHOCHOS\grao_DSC_0330_id88.png,RGB_JPG_CHOCHOS,RGB_JPG_CHOCHOS
C:\Users\eduar\Desktop\Soybe-main\data\com_fundo\RGB_JPG_QUEBRADOS\grao_DSC_0401_id93.png,RGB_JPG_QUEBRADOS,RGB_JPG_QUEBRADOS
C:\Users\eduar\Desktop\Soybe-main\data\com_fundo\RGB_JPG_QUEBRADOS\grao_DSC_0450_id10.png,RGB_JPG_QUEBRADOS,RGB_JPG_QUEBRADOS
C:\Users\eduar\Desktop\Soybe-main\data\com_fundo\RGB_JPG_IMPUREZAS\grao_DSC_0002_id433.png,RGB_JPG_IMPUREZAS,RGB_JPG_IMPUREZAS
C:\Users\eduar\Desktop\Soybe-main\data\com_fundo\RGB_JPG_CHOCHOS\grao_DSC_0341_id43.png,RGB_JPG_CHOCHOS,RGB_JPG_CHOCHOS
C:\Users\eduar\Desktop\Soybe-main\data\com_fundo\RGB_JPG_IMPUREZAS\grao_DSC_0291_id104.png,RGB_JPG_IMPUREZAS,RGB_JPG_IMPUREZAS
C:\Users\eduar\Desktop\Soybe-main\data\com_fundo\RGB_JPG_Normais\grao_DSC_0369_id113.png,RGB_JPG_Normais,RGB_JPG_Normais
C:\Users\eduar\Desktop\Soybe-main\data\com_fundo\RGB_JPG_QUEBRADOS\grao_DSC_0432_id100.png,RGB_JPG_QUEBRADOS,RGB_JPG_QUEBRADOS
C:\Users\eduar\Desktop\Soybe-main\data\com_fundo\RGB_JPG_Normais\grao_DSC_0384_id97.png,RGB_JPG_Normais,RGB_JPG_Normais
C:\Users\eduar\Desktop\Soybe-main\data\com_fundo\RGB_JPG_Normais\grao_DSC_0505_id88.png,RGB_JPG_Normais,RGB_JPG_Normais
C:\Users\eduar\Desktop\Soybe-main\data\com_fundo\RGB_JPG_Normais\grao_DSC_0398_id15.png,RGB_JPG_Normais,RGB_JPG_Normais
C:\Users\eduar\Desktop\Soybe-main\data\com_fundo\RGB_JPG_Normais\grao_DSC_0219_id48.png,RGB_JPG_Normais,RGB_JPG_Normais
C:\Users\eduar\Desktop\Soybe-main\data\com_fundo\RGB_JPG_IMPUREZAS\grao_DSC_0243_id45.png,RGB_JPG_IMPUREZAS,RGB_JPG_IMPUREZAS
C:\Users\eduar\Desktop\Soybe-main\data\com_fundo\RGB_JPG_Normais\grao_DSC_0667_id69.png,RGB_JPG_Normais,RGB_JPG_Normais
C:\Users\eduar\Desktop\Soybe-main\data\com_fundo\RGB_JPG_IMPUREZAS\grao_DSC_0284_id120.png,RGB_JPG_IMPUREZAS,RGB_JPG_IMPUREZAS
C:\Users\eduar\Desktop\Soybe-main\data\com_fundo\RGB_JPG_Normais\grao_DSC_0666_id75.png,RGB_JPG_Normais,RGB_JPG_Normais
C:\Users\eduar\Desktop\Soybe-main\data\com_fundo\RGB_JPG_Normais\grao_DSC_0376_id18.png,RGB_JPG_Normais,RGB_JPG_Normais
C:\Users\eduar\Desktop\Soybe-main\data\com_fundo\RGB_JPG_IMPUREZAS\grao_DSC_0281_id263.png,RGB_JPG_IMPUREZAS,RGB_JPG_IMPUREZAS
C:\Users\eduar\Desktop\Soybe-main\data\com_fundo\RGB_JPG_QUEBRADOS\grao_DSC_0437_id39.png,RGB_JPG_QUEBRADOS,RGB_JPG_QUEBRADOS
C:\Users\eduar\Desktop\Soybe-main\data\com_fundo\RGB_JPG_CHOCHOS\grao_DSC_0317_id17.png,RGB_JPG_CHOCHOS,RGB_JPG_CHOCHOS
C:\Users\eduar\Desktop\Soybe-main\data\com_fundo\RGB_JPG_Normais\grao_DSC_0662_id67.png,RGB_JPG_Normais,RGB_JPG_Normais
C:\Users\eduar\Desktop\Soybe-main\data\com_fundo\RGB_JPG_Normais\grao_DSC_0615_id85.png,RGB_JPG_Normais,RGB_JPG_Normais
C:\Users\eduar\Desktop\Soybe-main\data\com_fundo\RGB_JPG_IMPUREZAS\grao_DSC_0037_id22.png,RGB_JPG_IMPUREZAS,RGB_JPG_IMPUREZAS
C:\Users\eduar\Desktop\Soybe-main\data\com_fundo\RGB_JPG_IMPUREZAS\grao_DSC_0018_id62.png,RGB_JPG_IMPUREZAS,RGB_JPG_IMPUREZAS
C:\Users\eduar\Desktop\Soybe-main\data\com_fundo\RGB_JPG_IMPUREZAS\grao_DSC_0244_id139.png,RGB_JPG_IMPUREZAS,RGB_JPG_IMPUREZAS
C:\Users\eduar\Desktop\Soybe-main\data\com_fundo\RGB_JPG_ESVERDEADO\grao_DSC_0301_id46.png,RGB_JPG_ESVERDEADO,RGB_JPG_ESVERDEADO
C:\Users\eduar\Desktop\Soybe-main\data\com_fundo\RGB_JPG_IMPUREZAS\grao_DSC_0277_id247.png,RGB_JPG_IMPUREZAS,RGB_JPG_IMPUREZAS
C:\Users\eduar\Desktop\Soybe-main\data\com_fundo\RGB_JPG_PURPURAS\grao_DSC_0050_id70.png,RGB_JPG_PURPURAS,RGB_JPG_CHOCHOS
C:\Users\eduar\Desktop\Soybe-main\data\com_fundo\RGB_JPG_MAMONAS\grao_DSC_0185_id18.png,RGB_JPG_MAMONAS,RGB_JPG_MAMONAS
C:\Users\eduar\Desktop\Soybe-main\data\com_fundo\RGB_JPG_Normais\grao_DSC_0621_id46.png,RGB_JPG_Normais,RGB_JPG_Normais
C:\Users\eduar\Desktop\Soybe-main\data\com_fundo\RGB_JPG_Normais\grao_DSC_0633_id78.png,RGB_JPG_Normais,RGB_JPG_Normais
C:\Users\eduar\Desktop\Soybe-main\data\com_fundo\RGB_JPG_Normais\grao_DSC_0495_id69.png,RGB_JPG_Normais,RGB_JPG_Normais
C:\Users\eduar\Desktop\Soybe-main\data\com_fundo\RGB_JPG_MAMONAS\grao_DSC_0189_id144.png,RGB_JPG_MAMONAS,RGB_JPG_MAMONAS
C:\Users\eduar\Desktop\Soybe-main\data\com_fundo\RGB_JPG_CHOCHOS\grao_DSC_0358_id62.png,RGB_JPG_CHOCHOS,RGB_JPG_CHOCHOS
C:\Users\eduar\Desktop\Soybe-main\data\com_fundo\RGB_JPG_IMPUREZAS\grao_DSC_0032_id108.png,RGB_JPG_IMPUREZAS,RGB_JPG_IMPUREZAS
C:\Users\eduar\Desktop\Soybe-main\data\com_fundo\RGB_JPG_CHOCHOS\grao_DSC_0343_id48.png,RGB_JPG_CHOCHOS,RGB_JPG_CHOCHOS
C:\Users\eduar\Desktop\Soybe-main\data\com_fundo\RGB_JPG_Normais\grao_DSC_0375_id32.png,RGB_JPG_Normais,RGB_JPG_Normais
C:\Users\eduar\Desktop\Soybe-main\data\com_fundo\RGB_JPG_ESVERDEADO\grao_DSC_0305_id84.png,RGB_JPG_ESVERDEADO,RGB_JPG_ESVERDEADO
C:\Users\eduar\Desktop\Soybe-main\data\com_fundo\RGB_JPG_Normais\grao_DSC_0380_id110.png,RGB_JPG_Normais,RGB_JPG_Normais
C:\Users\eduar\Desktop\Soybe-main\data\com_fundo\RGB_JPG_Normais\grao_DSC_0654_id95.png,RGB_JPG_Normais,RGB_JPG_Normais
C:\Users\eduar\Desktop\Soybe-main\data\com_fundo\RGB_JPG_Normais\grao_DSC_0383_id78.png,RGB_JPG_Normais,RGB_JPG_Normais
C:\Users\eduar\Desktop\Soybe-main\data\com_fundo\RGB_JPG_IMPUREZAS\grao_DSC_0036_id122.png,RGB_JPG_IMPUREZAS,RGB_JPG_IMPUREZAS
C:\Users\eduar\Desktop\Soybe-main\data\com_fundo\RGB_JPG_IMPUREZAS\grao_DSC_0039_id3.png,RGB_JPG_IMPUREZAS,RGB_JPG_IMPUREZAS
C:\Users\eduar\Desktop\Soybe-main\data\com_fundo\RGB_JPG_Normais\grao_DSC_0649_id73.png,RGB_JPG_Normais,RGB_JPG_Normais
C:\Users\eduar\Desktop\Soybe-main\data\com_fundo\RGB_JPG_CHOCHOS\grao_DSC_0322_id71.png,RGB_JPG_CHOCHOS,RGB_JPG_CHOCHOS
C:\Users\eduar\Desktop\Soybe-main\data\com_fundo\RGB_JPG_IMPUREZAS\grao_DSC_0272_id88.png,RGB_JPG_IMPUREZAS,RGB_JPG_IMPUREZAS
C:\Users\eduar\Desktop\Soybe-main\data\com_fundo\RGB_JPG_IMPUREZAS\grao_DSC_0265_id136.png,RGB_JPG_IMPUREZAS,RGB_JPG_IMPUREZAS
C:\Users\eduar\Desktop\Soybe-main\data\com_fundo\RGB_JPG_Normais\grao_DSC_0150_id33.png,RGB_JPG_Normais,RGB_JPG_Normais
C:\Users\eduar\Desktop\Soybe-main\data\com_fundo\RGB_JPG_Normais\grao_DSC_0151_id68.png,RGB_JPG_Normais,RGB_JPG_Normais
C:\Users\eduar\Desktop\Soybe-main\data\com_fundo\RGB_JPG_IMPUREZAS\grao_DSC_0025_id116.png,RGB_JPG_IMPUREZAS,RGB_JPG_IMPUREZAS
C:\Users\eduar\Desktop\Soybe-main\data\com_fundo\RGB_JPG_Normais\grao_DSC_0397_id12.png,RGB_JPG_Normais,RGB_JPG_Normais
C:\Users\eduar\Desktop\Soybe-main\data\com_fundo\RGB_JPG_IMPUREZAS\grao_DSC_0288_id36.png,RGB_JPG_IMPUREZAS,RGB_JPG_IMPUREZAS
C:\Users\eduar\Desktop\Soybe-main\data\com_fundo\RGB_JPG_ESVERDEADO\grao_DSC_0300_id74.png,RGB_JPG_ESVERDEADO,RGB_JPG_ESVERDEADO
C:\Users\eduar\Desktop\Soybe-main\data\com_fundo\RGB_JPG_Normais\grao_DSC_0388_id17.png,RGB_JPG_Normais,RGB_JPG_QUEBRADOS
C:\Users\eduar\Desktop\Soybe-main\data\com_fundo\RGB_JPG_QUEBRADOS\grao_DSC_0412_id49.png,RGB_JPG_QUEBRADOS,RGB_JPG_QUEBRADOS
C:\Users\eduar\Desktop\Soybe-main\data\com_fundo\RGB_JPG_Normais\grao_DSC_0641_id58.png,RGB_JPG_Normais,RGB_JPG_Normais
C:\Users\eduar\Desktop\Soybe-main\data\com_fundo\RGB_JPG_QUEBRADOS\grao_DSC_0170_id41.png,RGB_JPG_QUEBRADOS,RGB_JPG_QUEBRADOS
C:\Users\eduar\Desktop\Soybe-main\data\com_fundo\RGB_JPG_Normais\grao_DSC_0397_id72.png,RGB_JPG_Normais,RGB_JPG_Normais
C:\Users\eduar\Desktop\Soybe-main\data\com_fundo\RGB_JPG_Normais\grao_DSC_0389_id29.png,RGB_JPG_Normais,RGB_JPG_Normais
C:\Users\eduar\Desktop\Soybe-main\data\com_fundo\RGB_JPG_Normais\grao_DSC_0676_id33.png,RGB_JPG_Normais,RGB_JPG_Normais
C:\Users\eduar\Desktop\Soybe-main\data\com_fundo\RGB_JPG_IMPUREZAS\grao_DSC_0033_id118.png,RGB_JPG_IMPUREZAS,RGB_JPG_IMPUREZAS
C:\Users\eduar\Desktop\Soybe-main\data\com_fundo\RGB_JPG_IMPUREZAS\grao_DSC_0246_id155.png,RGB_JPG_IMPUREZAS,RGB_JPG_IMPUREZAS
C:\Users\eduar\Desktop\Soybe-main\data\com_fundo\RGB_JPG_IMPUREZAS\grao_DSC_0258_id30.png,RGB_JPG_IMPUREZAS,RGB_JPG_IMPUREZAS
C:\Users\eduar\Desktop\Soybe-main\data\com_fundo\RGB_JPG_IMPUREZAS\grao_DSC_0229_id286.png,RGB_JPG_IMPUREZAS,RGB_JPG_IMPUREZAS
C:\Users\eduar\Desktop\Soybe-main\data\com_fundo\RGB_JPG_Normais\grao_DSC_0642_id82.png,RGB_JPG_Normais,RGB_JPG_Normais
C:\Users\eduar\Desktop\Soybe-main\data\com_fundo\RGB_JPG_CHOCHOS\grao_DSC_0330_id111.png,RGB_JPG_CHOCHOS,RGB_JPG_CHOCHOS
C:\Users\eduar\Desktop\Soybe-main\data\com_fundo\RGB_JPG_Normais\grao_DSC_0640_id30.png,RGB_JPG_Normais,RGB_JPG_Normais
C:\Users\eduar\Desktop\Soybe-main\data\com_fundo\RGB_JPG_CHOCHOS\grao_DSC_0364_id120.png,RGB_JPG_CHOCHOS,RGB_JPG_CHOCHOS
C:\Users\eduar\Desktop\Soybe-main\data\com_fundo\RGB_JPG_Normais\grao_DSC_0210_id11.png,RGB_JPG_Normais,RGB_JPG_Normais
C:\Users\eduar\Desktop\Soybe-main\data\com_fundo\RGB_JPG_QUEBRADOS\grao_DSC_0449_id54.png,RGB_JPG_QUEBRADOS,RGB_JPG_QUEBRADOS
C:\Users\eduar\Desktop\Soybe-main\data\com_fundo\RGB_JPG_IMPUREZAS\grao_DSC_0038_id196.png,RGB_JPG_IMPUREZAS,RGB_JPG_IMPUREZAS
C:\Users\eduar\Desktop\Soybe-main\data\com_fundo\RGB_JPG_Normais\grao_DSC_0514_id100.png,RGB_JPG_Normais,RGB_JPG_Normais
C:\Users\eduar\Desktop\Soybe-main\data\com_fundo\RGB_JPG_MAMONAS\grao_DSC_0188_id84.png,RGB_JPG_MAMONAS,RGB_JPG_MAMONAS
C:\Users\eduar\Desktop\Soybe-main\data\com_fundo\RGB_JPG_Normais\grao_DSC_0680_id24.png,RGB_JPG_Normais,RGB_JPG_Normais
C:\Users\eduar\Desktop\Soybe-main\data\com_fundo\RGB_JPG_Normais\grao_DSC_0373_id45.png,RGB_JPG_Normais,RGB_JPG_Normais
C:\Users\eduar\Desktop\Soybe-main\data\com_fundo\RGB_JPG_Normais\grao_DSC_0624_id34.png,RGB_JPG_Normais,RGB_JPG_Normais
C:\Users\eduar\Desktop\Soybe-main\data\com_fundo\RGB_JPG_Normais\grao_DSC_0656_id95.png,RGB_JPG_Normais,RGB_JPG_Normais
C:\Users\eduar\Desktop\Soybe-main\data\com_fundo\RGB_JPG_IMPUREZAS\grao_DSC_0026_id18.png,RGB_JPG_IMPUREZAS,RGB_JPG_IMPUREZAS
C:\Users\eduar\Desktop\Soybe-main\data\com_fundo\RGB_JPG_CHOCHOS\grao_DSC_0322_id107.png,RGB_JPG_CHOCHOS,RGB_JPG_CHOCHOS
C:\Users\eduar\Desktop\Soybe-main\data\com_fundo\RGB_JPG_Normais\grao_DSC_0370_id113.png,RGB_JPG_Normais,RGB_JPG_Normais
C:\Users\eduar\Desktop\Soybe-main\data\com_fundo\RGB_JPG_Normais\grao_DSC_0391_id76.png,RGB_JPG_Normais,RGB_JPG_Normais
C:\Users\eduar\Desktop\Soybe-main\data\com_fundo\RGB_JPG_IMPUREZAS\grao_DSC_0026_id51.png,RGB_JPG_IMPUREZAS,RGB_JPG_IMPUREZAS
C:\Users\eduar\Desktop\Soybe-main\data\com_fundo\RGB_JPG_CHOCHOS\grao_DSC_0326_id54.png,RGB_JPG_CHOCHOS,RGB_JPG_CHOCHOS
C:\Users\eduar\Desktop\Soybe-main\data\com_fundo\RGB_JPG_IMPUREZAS\grao_DSC_0043_id122.png,RGB_JPG_IMPUREZAS,RGB_JPG_IMPUREZAS
C:\Users\eduar\Desktop\Soybe-main\data\com_fundo\RGB_JPG_QUEBRADOS\grao_DSC_0443_id26.png,RGB_JPG_QUEBRADOS,RGB_JPG_QUEBRADOS
C:\Users\eduar\Desktop\Soybe-main\data\com_fundo\RGB_JPG_IMPUREZAS\grao_DSC_0033_id133.png,RGB_JPG_IMPUREZAS,RGB_JPG_IMPUREZAS
C:\Users\eduar\Desktop\Soybe-main\data\com_fundo\RGB_JPG_Normais\grao_DSC_0220_id49.png,RGB_JPG_Normais,RGB_JPG_Normais
C:\Users\eduar\Desktop\Soybe-main\data\com_fundo\RGB_JPG_Normais\grao_DSC_0161_id56.png,RGB_JPG_Normais,RGB_JPG_Normais
C:\Users\eduar\Desktop\Soybe-main\data\com_fundo\RGB_JPG_MAMONAS\grao_DSC_0188_id49.png,RGB_JPG_MAMONAS,RGB_JPG_MAMONAS
C:\Users\eduar\Desktop\Soybe-main\data\com_fundo\RGB_JPG_CHOCHOS\grao_DSC_0346_id70.png,RGB_JPG_CHOCHOS,RGB_JPG_CHOCHOS
C:\Users\eduar\Desktop\Soybe-main\data\com_fundo\RGB_JPG_QUEBRADOS\grao_DSC_0170_id36.png,RGB_JPG_QUEBRADOS,RGB_JPG_QUEBRADOS
C:\Users\eduar\Desktop\Soybe-main\data\com_fundo\RGB_JPG_CHOCHOS\grao_DSC_0340_id11.png,RGB_JPG_CHOCHOS,RGB_JPG_CHOCHOS
C:\Users\eduar\Desktop\Soybe-main\data\com_fundo\RGB_JPG_Normais\grao_DSC_0155_id37.png,RGB_JPG_Normais,RGB_JPG_Normais
C:\Users\eduar\Desktop\Soybe-main\data\com_fundo\RGB_JPG_IMPUREZAS\grao_DSC_0017_id60.png,RGB_JPG_IMPUREZAS,RGB_JPG_IMPUREZAS
C:\Users\eduar\Desktop\Soybe-main\data\com_fundo\RGB_JPG_ESVERDEADO\grao_DSC_0299_id37.png,RGB_JPG_ESVERDEADO,RGB_JPG_ESVERDEADO
C:\Users\eduar\Desktop\Soybe-main\data\com_fundo\RGB_JPG_ESVERDEADO\grao_DSC_0304_id40.png,RGB_JPG_ESVERDEADO,RGB_JPG_CHOCHOS
C:\Users\eduar\Desktop\Soybe-main\data\com_fundo\RGB_JPG_Normais\grao_DSC_0660_id34.png,RGB_JPG_Normais,RGB_JPG_Normais
C:\Users\eduar\Desktop\Soybe-main\data\com_fundo\RGB_JPG_Normais\grao_DSC_0639_id63.png,RGB_JPG_Normais,RGB_JPG_Normais
C:\Users\eduar\Desktop\Soybe-main\data\com_fundo\RGB_JPG_IMPUREZAS\grao_DSC_0272_id108.png,RGB_JPG_IMPUREZAS,RGB_JPG_IMPUREZAS
C:\Users\eduar\Desktop\Soybe-main\data\com_fundo\RGB_JPG_Normais\grao_DSC_0649_id24.png,RGB_JPG_Normais,RGB_JPG_Normais
C:\Users\eduar\Desktop\Soybe-main\data\com_fundo\RGB_JPG_Normais\grao_DSC_0672_id27.png,RGB_JPG_Normais,RGB_JPG_Normais
C:\Users\eduar\Desktop\Soybe-main\data\com_fundo\RGB_JPG_IMPUREZAS\grao_DSC_0228_id67.png,RGB_JPG_IMPUREZAS,RGB_JPG_IMPUREZAS
C:\Users\eduar\Desktop\Soybe-main\data\com_fundo\RGB_JPG_IMPUREZAS\grao_DSC_0023_id101.png,RGB_JPG_IMPUREZAS,RGB_JPG_IMPUREZAS
C:\Users\eduar\Desktop\Soybe-main\data\com_fundo\RGB_JPG_Normais\grao_DSC_0390_id52.png,RGB_JPG_Normais,RGB_JPG_Normais
C:\Users\eduar\Desktop\Soybe-main\data\com_fundo\RGB_JPG_Normais\grao_DSC_0153_id32.png,RGB_JPG_Normais,RGB_JPG_Normais
C:\Users\eduar\Desktop\Soybe-main\data\com_fundo\RGB_JPG_Normais\grao_DSC_0497_id2.png,RGB_JPG_Normais,RGB_JPG_Normais
C:\Users\eduar\Desktop\Soybe-main\data\com_fundo\RGB_JPG_ESVERDEADO\grao_DSC_0311_id63.png,RGB_JPG_ESVERDEADO,RGB_JPG_ESVERDEADO
C:\Users\eduar\Desktop\Soybe-main\data\com_fundo\RGB_JPG_IMPUREZAS\grao_DSC_0224_id177.png,RGB_JPG_IMPUREZAS,RGB_JPG_IMPUREZAS
C:\Users\eduar\Desktop\Soybe-main\data\com_fundo\RGB_JPG_Normais\grao_DSC_0371_id69.png,RGB_JPG_Normais,RGB_JPG_Normais
C:\Users\eduar\Desktop\Soybe-main\data\com_fundo\RGB_JPG_Normais\grao_DSC_0631_id81.png,RGB_JPG_Normais,RGB_JPG_Normais
C:\Users\eduar\Desktop\Soybe-main\data\com_fundo\RGB_JPG_MAMONAS\grao_DSC_0188_id41.png,RGB_JPG_MAMONAS,RGB_JPG_MAMONAS
C:\Users\eduar\Desktop\Soybe-main\data\com_fundo\RGB_JPG_CHOCHOS\grao_DSC_0353_id29.png,RGB_JPG_CHOCHOS,RGB_JPG_CHOCHOS
C:\Users\eduar\Desktop\Soybe-main\data\com_fundo\RGB_JPG_IMPUREZAS\grao_DSC_0287_id244.png,RGB_JPG_IMPUREZAS,RGB_JPG_IMPUREZAS
C:\Users\eduar\Desktop\Soybe-main\data\com_fundo\RGB_JPG_IMPUREZAS\grao_DSC_0017_id191.png,RGB_JPG_IMPUREZAS,RGB_JPG_IMPUREZAS
C:\Users\eduar\Desktop\Soybe-main\data\com_fundo\RGB_JPG_IMPUREZAS\grao_DSC_0022_id146.png,RGB_JPG_IMPUREZAS,RGB_JPG_IMPUREZAS
C:\Users\eduar\Desktop\Soybe-main\data\com_fundo\RGB_JPG_Normais\grao_DSC_0135_id13.png,RGB_JPG_Normais,RGB_JPG_Normais
C:\Users\eduar\Desktop\Soybe-main\data\com_fundo\RGB_JPG_Normais\grao_DSC_0670_id2.png,RGB_JPG_Normais,RGB_JPG_Normais
C:\Users\eduar\Desktop\Soybe-main\data\com_fundo\RGB_JPG_IMPUREZAS\grao_DSC_0275_id237.png,RGB_JPG_IMPUREZAS,RGB_JPG_IMPUREZAS
C:\Users\eduar\Desktop\Soybe-main\data\com_fundo\RGB_JPG_QUEBRADOS\grao_DSC_0441_id81.png,RGB_JPG_QUEBRADOS,RGB_JPG_QUEBRADOS
C:\Users\eduar\Desktop\Soybe-main\data\com_fundo\RGB_JPG_Normais\grao_DSC_0320_id28.png,RGB_JPG_Normais,RGB_JPG_CHOCHOS
C:\Users\eduar\Desktop\Soybe-main\data\com_fundo\RGB_JPG_IMPUREZAS\grao_DSC_0237_id26.png,RGB_JPG_IMPUREZAS,RGB_JPG_IMPUREZAS
C:\Users\eduar\Desktop\Soybe-main\data\com_fundo\RGB_JPG_ESVERDEADO\grao_DSC_0306_id40.png,RGB_JPG_ESVERDEADO,RGB_JPG_ESVERDEADO
C:\Users\eduar\Desktop\Soybe-main\data\com_fundo\RGB_JPG_QUEBRADOS\grao_DSC_0432_id72.png,RGB_JPG_QUEBRADOS,RGB_JPG_QUEBRADOS
C:\Users\eduar\Desktop\Soybe-main\data\com_fundo\RGB_JPG_IMPUREZAS\grao_DSC_0026_id37.png,RGB_JPG_IMPUREZAS,RGB_JPG_IMPUREZAS
C:\Users\eduar\Desktop\Soybe-main\data\com_fundo\RGB_JPG_Normais\grao_DSC_0323_id162.png,RGB_JPG_Normais,RGB_JPG_CHOCHOS
C:\Users\eduar\Desktop\Soybe-main\data\com_fundo\RGB_JPG_QUEBRADOS\grao_DSC_0433_id66.png,RGB_JPG_QUEBRADOS,RGB_JPG_QUEBRADOS
C:\Users\eduar\Desktop\Soybe-main\data\com_fundo\RGB_JPG_Normais\grao_DSC_0505_id21.png,RGB_JPG_Normais,RGB_JPG_Normais
C:\Users\eduar\Desktop\Soybe-main\data\com_fundo\RGB_JPG_QUEBRADOS\grao_DSC_0436_id52.png,RGB_JPG_QUEBRADOS,RGB_JPG_QUEBRADOS
C:\Users\eduar\Desktop\Soybe-main\data\com_fundo\RGB_JPG_QUEBRADOS\grao_DSC_0438_id66.png,RGB_JPG_QUEBRADOS,RGB_JPG_QUEBRADOS
C:\Users\eduar\Desktop\Soybe-main\data\com_fundo\RGB_JPG_QUEBRADOS\grao_DSC_0445_id66.png,RGB_JPG_QUEBRADOS,RGB_JPG_QUEBRADOS
C:\Users\eduar\Desktop\Soybe-main\data\com_fundo\RGB_JPG_Normais\grao_DSC_0370_id14.png,RGB_JPG_Normais,RGB_JPG_Normais
C:\Users\eduar\Desktop\Soybe-main\data\com_fundo\RGB_JPG_Normais\grao_DSC_0615_id43.png,RGB_JPG_Normais,RGB_JPG_Normais
C:\Users\eduar\Desktop\Soybe-main\data\com_fundo\RGB_JPG_MAMONAS\grao_DSC_0185_id45.png,RGB_JPG_MAMONAS,RGB_JPG_MAMONAS
C:\Users\eduar\Desktop\Soybe-main\data\com_fundo\RGB_JPG_Normais\grao_DSC_0644_id7.png,RGB_JPG_Normais,RGB_JPG_Normais
C:\Users\eduar\Desktop\Soybe-main\data\com_fundo\RGB_JPG_Normais\grao_DSC_0395_id4.png,RGB_JPG_Normais,RGB_JPG_Normais
C:\Users\eduar\Desktop\Soybe-main\data\com_fundo\RGB_JPG_Normais\grao_DSC_0378_id5.png,RGB_JPG_Normais,RGB_JPG_Normais
C:\Users\eduar\Desktop\Soybe-main\data\com_fundo\RGB_JPG_IMPUREZAS\grao_DSC_0267_id180.png,RGB_JPG_IMPUREZAS,RGB_JPG_IMPUREZAS
C:\Users\eduar\Desktop\Soybe-main\data\com_fundo\RGB_JPG_QUEBRADOS\grao_DSC_0409_id94.png,RGB_JPG_QUEBRADOS,RGB_JPG_QUEBRADOS
C:\Users\eduar\Desktop\Soybe-main\data\com_fundo\RGB_JPG_Normais\grao_DSC_0636_id49.png,RGB_JPG_Normais,RGB_JPG_Normais
C:\Users\eduar\Desktop\Soybe-main\data\com_fundo\RGB_JPG_QUEBRADOS\grao_DSC_0418_id96.png,RGB_JPG_QUEBRADOS,RGB_JPG_QUEBRADOS
C:\Users\eduar\Desktop\Soybe-main\data\com_fundo\RGB_JPG_IMPUREZAS\grao_DSC_0025_id202.png,RGB_JPG_IMPUREZAS,RGB_JPG_IMPUREZAS
C:\Users\eduar\Desktop\Soybe-main\data\com_fundo\RGB_JPG_MAMONAS\grao_DSC_0185_id59.png,RGB_JPG_MAMONAS,RGB_JPG_MAMONAS
C:\Users\eduar\Desktop\Soybe-main\data\com_fundo\RGB_JPG_Normais\grao_DSC_0666_id22.png,RGB_JPG_Normais,RGB_JPG_Normais
C:\Users\eduar\Desktop\Soybe-main\data\com_fundo\RGB_JPG_Normais\grao_DSC_0151_id95.png,RGB_JPG_Normais,RGB_JPG_Normais
C:\Users\eduar\Desktop\Soybe-main\data\com_fundo\RGB_JPG_IMPUREZAS\grao_DSC_0230_id234.png,RGB_JPG_IMPUREZAS,RGB_JPG_IMPUREZAS
C:\Users\eduar\Desktop\Soybe-main\data\com_fundo\RGB_JPG_CHOCHOS\grao_DSC_0347_id39.png,RGB_JPG_CHOCHOS,RGB_JPG_CHOCHOS
C:\Users\eduar\Desktop\Soybe-main\data\com_fundo\RGB_JPG_CHOCHOS\grao_DSC_0334_id1.png,RGB_JPG_CHOCHOS,RGB_JPG_CHOCHOS
C:\Users\eduar\Desktop\Soybe-main\data\com_fundo\RGB_JPG_Normais\grao_DSC_0470_id75.png,RGB_JPG_Normais,RGB_JPG_Normais
C:\Users\eduar\Desktop\Soybe-main\data\com_fundo\RGB_JPG_IMPUREZAS\grao_DSC_0246_id115.png,RGB_JPG_IMPUREZAS,RGB_JPG_IMPUREZAS
C:\Users\eduar\Desktop\Soybe-main\data\com_fundo\RGB_JPG_IMPUREZAS\grao_DSC_0244_id75.png,RGB_JPG_IMPUREZAS,RGB_JPG_IMPUREZAS
C:\Users\eduar\Desktop\Soybe-main\data\com_fundo\RGB_JPG_Normais\grao_DSC_0482_id7.png,RGB_JPG_Normais,RGB_JPG_Normais
C:\Users\eduar\Desktop\Soybe-main\data\com_fundo\RGB_JPG_IMPUREZAS\grao_DSC_0229_id94.png,RGB_JPG_IMPUREZAS,RGB_JPG_IMPUREZAS
C:\Users\eduar\Desktop\Soybe-main\data\com_fundo\RGB_JPG_Normais\grao_DSC_0471_id51.png,RGB_JPG_Normais,RGB_JPG_Normais
C:\Users\eduar\Desktop\Soybe-main\data\com_fundo\RGB_JPG_CHOCHOS\grao_DSC_0319_id5.png,RGB_JPG_CHOCHOS,RGB_JPG_CHOCHOS
C:\Users\eduar\Desktop\Soybe-main\data\com_fundo\RGB_JPG_IMPUREZAS\grao_DSC_0012_id91.png,RGB_JPG_IMPUREZAS,RGB_JPG_IMPUREZAS
C:\Users\eduar\Desktop\Soybe-main\data\com_fundo\RGB_JPG_IMPUREZAS\grao_DSC_0038_id67.png,RGB_JPG_IMPUREZAS,RGB_JPG_IMPUREZAS
C:\Users\eduar\Desktop\Soybe-main\data\com_fundo\RGB_JPG_IMPUREZAS\grao_DSC_0287_id242.png,RGB_JPG_IMPUREZAS,RGB_JPG_IMPUREZAS
C:\Users\eduar\Desktop\Soybe-main\data\com_fundo\RGB_JPG_Normais\grao_DSC_0156_id105.png,RGB_JPG_Normais,RGB_JPG_Normais
C:\Users\eduar\Desktop\Soybe-main\data\com_fundo\RGB_JPG_QUEBRADOS\grao_DSC_0414_id51.png,RGB_JPG_QUEBRADOS,RGB_JPG_QUEBRADOS
C:\Users\eduar\Desktop\Soybe-main\data\com_fundo\RGB_JPG_Normais\grao_DSC_0472_id61.png,RGB_JPG_Normais,RGB_JPG_Normais
C:\Users\eduar\Desktop\Soybe-main\data\com_fundo\RGB_JPG_IMPUREZAS\grao_DSC_0007_id132.png,RGB_JPG_IMPUREZAS,RGB_JPG_IMPUREZAS
C:\Users\eduar\Desktop\Soybe-main\data\com_fundo\RGB_JPG_Normais\grao_DSC_0613_id16.png,RGB_JPG_Normais,RGB_JPG_Normais
C:\Users\eduar\Desktop\Soybe-main\data\com_fundo\RGB_JPG_IMPUREZAS\grao_DSC_0241_id168.png,RGB_JPG_IMPUREZAS,RGB_JPG_IMPUREZAS
C:\Users\eduar\Desktop\Soybe-main\data\com_fundo\RGB_JPG_Normais\grao_DSC_0391_id23.png,RGB_JPG_Normais,RGB_JPG_Normais
C:\Users\eduar\Desktop\Soybe-main\data\com_fundo\RGB_JPG_CHOCHOS\grao_DSC_0333_id98.png,RGB_JPG_CHOCHOS,RGB_JPG_CHOCHOS
C:\Users\eduar\Desktop\Soybe-main\data\com_fundo\RGB_JPG_IMPUREZAS\grao_DSC_0239_id286.png,RGB_JPG_IMPUREZAS,RGB_JPG_IMPUREZAS
C:\Users\eduar\Desktop\Soybe-main\data\com_fundo\RGB_JPG_Normais\grao_DSC_0634_id85.png,RGB_JPG_Normais,RGB_JPG_Normais
C:\Users\eduar\Desktop\Soybe-main\data\com_fundo\RGB_JPG_CHOCHOS\grao_DSC_0351_id44.png,RGB_JPG_CHOCHOS,RGB_JPG_CHOCHOS
C:\Users\eduar\Desktop\Soybe-main\data\com_fundo\RGB_JPG_IMPUREZAS\grao_DSC_0003_id24.png,RGB_JPG_IMPUREZAS,RGB_JPG_IMPUREZAS
C:\Users\eduar\Desktop\Soybe-main\data\com_fundo\RGB_JPG_IMPUREZAS\grao_DSC_0003_id39.png,RGB_JPG_IMPUREZAS,RGB_JPG_IMPUREZAS
C:\Users\eduar\Desktop\Soybe-main\data\com_fundo\RGB_JPG_Normais\grao_DSC_0520_id9.png,RGB_JPG_Normais,RGB_JPG_Normais
C:\Users\eduar\Desktop\Soybe-main\data\com_fundo\RGB_JPG_Normais\grao_DSC_0490_id12.png,RGB_JPG_Normais,RGB_JPG_Normais
C:\Users\eduar\Desktop\Soybe-main\data\com_fundo\RGB_JPG_Normais\grao_DSC_0650_id6.png,RGB_JPG_Normais,RGB_JPG_Normais
C:\Users\eduar\Desktop\Soybe-main\data\com_fundo\RGB_JPG_CHOCHOS\grao_DSC_0338_id87.png,RGB_JPG_CHOCHOS,RGB_JPG_CHOCHOS
C:\Users\eduar\Desktop\Soybe-main\data\com_fundo\RGB_JPG_Normais\grao_DSC_0607_id23.png,RGB_JPG_Normais,RGB_JPG_Normais
C:\Users\eduar\Desktop\Soybe-main\data\com_fundo\RGB_JPG_INSETOS\grao_DSC_0163_id80.png,RGB_JPG_INSETOS,RGB_JPG_INSETOS
C:\Users\eduar\Desktop\Soybe-main\data\com_fundo\RGB_JPG_CHOCHOS\grao_DSC_0352_id101.png,RGB_JPG_CHOCHOS,RGB_JPG_CHOCHOS
C:\Users\eduar\Desktop\Soybe-main\data\com_fundo\RGB_JPG_IMPUREZAS\grao_DSC_0258_id147.png,RGB_JPG_IMPUREZAS,RGB_JPG_IMPUREZAS
C:\Users\eduar\Desktop\Soybe-main\data\com_fundo\RGB_JPG_QUEBRADOS\grao_DSC_0409_id17.png,RGB_JPG_QUEBRADOS,RGB_JPG_QUEBRADOS
C:\Users\eduar\Desktop\Soybe-main\data\com_fundo\RGB_JPG_Normais\grao_DSC_0143_id43.png,RGB_JPG_Normais,RGB_JPG_Normais
C:\Users\eduar\Desktop\Soybe-main\data\com_fundo\RGB_JPG_CHOCHOS\grao_DSC_0337_id30.png,RGB_JPG_CHOCHOS,RGB_JPG_CHOCHOS
C:\Users\eduar\Desktop\Soybe-main\data\com_fundo\RGB_JPG_IMPUREZAS\grao_DSC_0035_id21.png,RGB_JPG_IMPUREZAS,RGB_JPG_IMPUREZAS
C:\Users\eduar\Desktop\Soybe-main\data\com_fundo\RGB_JPG_Normais\grao_DSC_0486_id94.png,RGB_JPG_Normais,RGB_JPG_Normais
C:\Users\eduar\Desktop\Soybe-main\data\com_fundo\RGB_JPG_IMPUREZAS\grao_DSC_0228_id248.png,RGB_JPG_IMPUREZAS,RGB_JPG_IMPUREZAS
C:\Users\eduar\Desktop\Soybe-main\data\com_fundo\RGB_JPG_QUEBRADOS\grao_DSC_0170_id76.png,RGB_JPG_QUEBRADOS,RGB_JPG_QUEBRADOS
C:\Users\eduar\Desktop\Soybe-main\data\com_fundo\RGB_JPG_Normais\grao_DSC_0509_id26.png,RGB_JPG_Normais,RGB_JPG_Normais
C:\Users\eduar\Desktop\Soybe-main\data\com_fundo\RGB_JPG_Normais\grao_DSC_0377_id6.png,RGB_JPG_Normais,RGB_JPG_Normais
C:\Users\eduar\Desktop\Soybe-main\data\com_fundo\RGB_JPG_CHOCHOS\grao_DSC_0362_id36.png,RGB_JPG_CHOCHOS,RGB_JPG_CHOCHOS
C:\Users\eduar\Desktop\Soybe-main\data\com_fundo\RGB_JPG_Normais\grao_DSC_0475_id69.png,RGB_JPG_Normais,RGB_JPG_QUEBRADOS
C:\Users\eduar\Desktop\Soybe-main\data\com_fundo\RGB_JPG_IMPUREZAS\grao_DSC_0275_id192.png,RGB_JPG_IMPUREZAS,RGB_JPG_IMPUREZAS
C:\Users\eduar\Desktop\Soybe-main\data\com_fundo\RGB_JPG_Normais\grao_DSC_0665_id88.png,RGB_JPG_Normais,RGB_JPG_Normais
C:\Users\eduar\Desktop\Soybe-main\data\com_fundo\RGB_JPG_MAMONAS\grao_DSC_0185_id46.png,RGB_JPG_MAMONAS,RGB_JPG_MAMONAS
C:\Users\eduar\Desktop\Soybe-main\data\com_fundo\RGB_JPG_IMPUREZAS\grao_DSC_0236_id206.png,RGB_JPG_IMPUREZAS,RGB_JPG_IMPUREZAS
C:\Users\eduar\Desktop\Soybe-main\data\com_fundo\RGB_JPG_Normais\grao_DSC_0617_id94.png,RGB_JPG_Normais,RGB_JPG_Normais
C:\Users\eduar\Desktop\Soybe-main\data\com_fundo\RGB_JPG_QUEBRADOS\grao_DSC_0450_id73.png,RGB_JPG_QUEBRADOS,RGB_JPG_QUEBRADOS
C:\Users\eduar\Desktop\Soybe-main\data\com_fundo\RGB_JPG_QUEBRADOS\grao_DSC_0462_id59.png,RGB_JPG_QUEBRADOS,RGB_JPG_QUEBRADOS
C:\Users\eduar\Desktop\Soybe-main\data\com_fundo\RGB_JPG_ESVERDEADO\grao_DSC_0305_id18.png,RGB_JPG_ESVERDEADO,RGB_JPG_ESVERDEADO
C:\Users\eduar\Desktop\Soybe-main\data\com_fundo\RGB_JPG_Normais\grao_DSC_0399_id85.png,RGB_JPG_Normais,RGB_JPG_Normais
C:\Users\eduar\Desktop\Soybe-main\data\com_fundo\RGB_JPG_Normais\grao_DSC_0619_id28.png,RGB_JPG_Normais,RGB_JPG_Normais
C:\Users\eduar\Desktop\Soybe-main\data\com_fundo\RGB_JPG_Normais\grao_DSC_0383_id18.png,RGB_JPG_Normais,RGB_JPG_Normais
C:\Users\eduar\Desktop\Soybe-main\data\com_fundo\RGB_JPG_QUEBRADOS\grao_DSC_0417_id28.png,RGB_JPG_QUEBRADOS,RGB_JPG_QUEBRADOS
C:\Users\eduar\Desktop\Soybe-main\data\com_fundo\RGB_JPG_Normais\grao_DSC_0644_id45.png,RGB_JPG_Normais,RGB_JPG_Normais
C:\Users\eduar\Desktop\Soybe-main\data\com_fundo\RGB_JPG_QUEBRADOS\grao_DSC_0423_id46.png,RGB_JPG_QUEBRADOS,RGB_JPG_QUEBRADOS
C:\Users\eduar\Desktop\Soybe-main\data\com_fundo\RGB_JPG_Normais\grao_DSC_0378_id105.png,RGB_JPG_Normais,RGB_JPG_Normais
C:\Users\eduar\Desktop\Soybe-main\data\com_fundo\RGB_JPG_Normais\grao_DSC_0509_id81.png,RGB_JPG_Normais,RGB_JPG_Normais
C:\Users\eduar\Desktop\Soybe-main\data\com_fundo\RGB_JPG_Normais\grao_DSC_0516_id30.png,RGB_JPG_Normais,RGB_JPG_Normais
C:\Users\eduar\Desktop\Soybe-main\data\com_fundo\RGB_JPG_CHOCHOS\grao_DSC_0335_id50.png,RGB_JPG_CHOCHOS,RGB_JPG_CHOCHOS
C:\Users\eduar\Desktop\Soybe-main\data\com_fundo\RGB_JPG_IMPUREZAS\grao_DSC_0239_id19.png,RGB_JPG_IMPUREZAS,RGB_JPG_IMPUREZAS
C:\Users\eduar\Desktop\Soybe-main\data\com_fundo\RGB_JPG_Normais\grao_DSC_0152_id94.png,RGB_JPG_Normais,RGB_JPG_Normais
C:\Users\eduar\Desktop\Soybe-main\data\com_fundo\RGB_JPG_CHOCHOS\grao_DSC_0356_id1.png,RGB_JPG_CHOCHOS,RGB_JPG_CHOCHOS
C:\Users\eduar\Desktop\Soybe-main\data\com_fundo\RGB_JPG_CHOCHOS\grao_DSC_0315_id19.png,RGB_JPG_CHOCHOS,RGB_JPG_CHOCHOS
C:\Users\eduar\Desktop\Soybe-main\data\com_fundo\RGB_JPG_Normais\grao_DSC_0473_id34.png,RGB_JPG_Normais,RGB_JPG_Normais
C:\Users\eduar\Desktop\Soybe-main\data\com_fundo\RGB_JPG_IMPUREZAS\grao_DSC_0290_id230.png,RGB_JPG_IMPUREZAS,RGB_JPG_IMPUREZAS
C:\Users\eduar\Desktop\Soybe-main\data\com_fundo\RGB_JPG_QUEBRADOS\grao_DSC_0409_id74.png,RGB_JPG_QUEBRADOS,RGB_JPG_QUEBRADOS
C:\Users\eduar\Desktop\Soybe-main\data\com_fundo\RGB_JPG_Normais\grao_DSC_0636_id23.png,RGB_JPG_Normais,RGB_JPG_Normais
C:\Users\eduar\Desktop\Soybe-main\data\com_fundo\RGB_JPG_Normais\grao_DSC_0643_id50.png,RGB_JPG_Normais,RGB_JPG_Normais
C:\Users\eduar\Desktop\Soybe-main\data\com_fundo\RGB_JPG_QUEBRADOS\grao_DSC_0443_id88.png,RGB_JPG_QUEBRADOS,RGB_JPG_QUEBRADOS
C:\Users\eduar\Desktop\Soybe-main\data\com_fundo\RGB_JPG_Normais\grao_DSC_0483_id18.png,RGB_JPG_Normais,RGB_JPG_Normais
C:\Users\eduar\Desktop\Soybe-main\data\com_fundo\RGB_JPG_IMPUREZAS\grao_DSC_0274_id139.png,RGB_JPG_IMPUREZAS,RGB_JPG_IMPUREZAS
C:\Users\eduar\Desktop\Soybe-main\data\com_fundo\RGB_JPG_Normais\grao_DSC_0647_id39.png,RGB_JPG_Normais,RGB_JPG_Normais
C:\Users\eduar\Desktop\Soybe-main\data\com_fundo\RGB_JPG_Normais\grao_DSC_0519_id32.png,RGB_JPG_Normais,RGB_JPG_Normais
C:\Users\eduar\Desktop\Soybe-main\data\com_fundo\RGB_JPG_QUEBRADOS\grao_DSC_0414_id59.png,RGB_JPG_QUEBRADOS,RGB_JPG_QUEBRADOS
C:\Users\eduar\Desktop\Soybe-main\data\com_fundo\RGB_JPG_Normais\grao_DSC_0620_id31.png,RGB_JPG_Normais,RGB_JPG_Normais
C:\Users\eduar\Desktop\Soybe-main\data\com_fundo\RGB_JPG_IMPUREZAS\grao_DSC_0043_id36.png,RGB_JPG_IMPUREZAS,RGB_JPG_IMPUREZAS
C:\Users\eduar\Desktop\Soybe-main\data\com_fundo\RGB_JPG_Normais\grao_DSC_0376_id11.png,RGB_JPG_Normais,RGB_JPG_Normais
C:\Users\eduar\Desktop\Soybe-main\data\com_fundo\RGB_JPG_IMPUREZAS\grao_DSC_0276_id85.png,RGB_JPG_IMPUREZAS,RGB_JPG_IMPUREZAS
C:\Users\eduar\Desktop\Soybe-main\data\com_fundo\RGB_JPG_IMPUREZAS\grao_DSC_0263_id55.png,RGB_JPG_IMPUREZAS,RGB_JPG_IMPUREZAS
C:\Users\eduar\Desktop\Soybe-main\data\com_fundo\RGB_JPG_Normais\grao_DSC_0676_id84.png,RGB_JPG_Normais,RGB_JPG_Normais
C:\Users\eduar\Desktop\Soybe-main\data\com_fundo\RGB_JPG_MAMONAS\grao_DSC_0187_id33.png,RGB_JPG_MAMONAS,RGB_JPG_MAMONAS
C:\Users\eduar\Desktop\Soybe-main\data\com_fundo\RGB_JPG_Normais\grao_DSC_0385_id106.png,RGB_JPG_Normais,RGB_JPG_Normais
C:\Users\eduar\Desktop\Soybe-main\data\com_fundo\RGB_JPG_IMPUREZAS\grao_DSC_0020_id127.png,RGB_JPG_IMPUREZAS,RGB_JPG_IMPUREZAS
C:\Users\eduar\Desktop\Soybe-main\data\com_fundo\RGB_JPG_QUEBRADOS\grao_DSC_0169_id28.png,RGB_JPG_QUEBRADOS,RGB_JPG_QUEBRADOS
C:\Users\eduar\Desktop\Soybe-main\data\com_fundo\RGB_JPG_IMPUREZAS\grao_DSC_0285_id164.png,RGB_JPG_IMPUREZAS,RGB_JPG_IMPUREZAS
C:\Users\eduar\Desktop\Soybe-main\data\com_fundo\RGB_JPG_QUEBRADOS\grao_DSC_0433_id22.png,RGB_JPG_QUEBRADOS,RGB_JPG_QUEBRADOS
C:\Users\eduar\Desktop\Soybe-main\data\com_fundo\RGB_JPG_QUEBRADOS\grao_DSC_0172_id68.png,RGB_JPG_QUEBRADOS,RGB_JPG_QUEBRADOS
C:\Users\eduar\Desktop\Soybe-main\data\com_fundo\RGB_JPG_Normais\grao_DSC_0378_id109.png,RGB_JPG_Normais,RGB_JPG_Normais
C:\Users\eduar\Desktop\Soybe-main\data\com_fundo\RGB_JPG_IMPUREZAS\grao_DSC_0230_id85.png,RGB_JPG_IMPUREZAS,RGB_JPG_IMPUREZAS
C:\Users\eduar\Desktop\Soybe-main\data\com_fundo\RGB_JPG_IMPUREZAS\grao_DSC_0021_id46.png,RGB_JPG_IMPUREZAS,RGB_JPG_IMPUREZAS
C:\Users\eduar\Desktop\Soybe-main\data\com_fundo\RGB_JPG_IMPUREZAS\grao_DSC_0295_id117.png,RGB_JPG_IMPUREZAS,RGB_JPG_IMPUREZAS
C:\Users\eduar\Desktop\Soybe-main\data\com_fundo\RGB_JPG_Normais\grao_DSC_0677_id73.png,RGB_JPG_Normais,RGB_JPG_Normais
C:\Users\eduar\Desktop\Soybe-main\data\com_fundo\RGB_JPG_Normais\grao_DSC_0630_id84.png,RGB_JPG_Normais,RGB_JPG_Normais
C:\Users\eduar\Desktop\Soybe-main\data\com_fundo\RGB_JPG_Normais\grao_DSC_0365_id39.png,RGB_JPG_Normais,RGB_JPG_Normais
C:\Users\eduar\Desktop\Soybe-main\data\com_fundo\RGB_JPG_IMPUREZAS\grao_DSC_0272_id86.png,RGB_JPG_IMPUREZAS,RGB_JPG_IMPUREZAS
C:\Users\eduar\Desktop\Soybe-main\data\com_fundo\RGB_JPG_Normais\grao_DSC_0153_id54.png,RGB_JPG_Normais,RGB_JPG_Normais
C:\Users\eduar\Desktop\Soybe-main\data\com_fundo\RGB_JPG_ESVERDEADO\grao_DSC_0301_id64.png,RGB_JPG_ESVERDEADO,RGB_JPG_ESVERDEADO
C:\Users\eduar\Desktop\Soybe-main\data\com_fundo\RGB_JPG_IMPUREZAS\grao_DSC_0248_id154.png,RGB_JPG_IMPUREZAS,RGB_JPG_IMPUREZAS
C:\Users\eduar\Desktop\Soybe-main\data\com_fundo\RGB_JPG_IMPUREZAS\grao_DSC_0005_id132.png,RGB_JPG_IMPUREZAS,RGB_JPG_IMPUREZAS
C:\Users\eduar\Desktop\Soybe-main\data\com_fundo\RGB_JPG_QUEBRADOS\grao_DSC_0412_id9.png,RGB_JPG_QUEBRADOS,RGB_JPG_QUEBRADOS
C:\Users\eduar\Desktop\Soybe-main\data\com_fundo\RGB_JPG_Normais\grao_DSC_0389_id102.png,RGB_JPG_Normais,RGB_JPG_Normais
C:\Users\eduar\Desktop\Soybe-main\data\com_fundo\RGB_JPG_MAMONAS\grao_DSC_0186_id47.png,RGB_JPG_MAMONAS,RGB_JPG_MAMONAS
C:\Users\eduar\Desktop\Soybe-main\data\com_fundo\RGB_JPG_MAMONAS\grao_DSC_0187_id119.png,RGB_JPG_MAMONAS,RGB_JPG_MAMONAS
C:\Users\eduar\Desktop\Soybe-main\data\com_fundo\RGB_JPG_IMPUREZAS\grao_DSC_0035_id47.png,RGB_JPG_IMPUREZAS,RGB_JPG_IMPUREZAS
C:\Users\eduar\Desktop\Soybe-main\data\com_fundo\RGB_JPG_QUEBRADOS\grao_DSC_0442_id72.png,RGB_JPG_QUEBRADOS,RGB_JPG_QUEBRADOS
C:\Users\eduar\Desktop\Soybe-main\data\com_fundo\RGB_JPG_IMPUREZAS\grao_DSC_0240_id12.png,RGB_JPG_IMPUREZAS,RGB_JPG_IMPUREZAS
C:\Users\eduar\Desktop\Soybe-main\data\com_fundo\RGB_JPG_CHOCHOS\grao_DSC_0338_id61.png,RGB_JPG_CHOCHOS,RGB_JPG_CHOCHOS
C:\Users\eduar\Desktop\Soybe-main\data\com_fundo\RGB_JPG_IMPUREZAS\grao_DSC_0243_id49.png,RGB_JPG_IMPUREZAS,RGB_JPG_IMPUREZAS
C:\Users\eduar\Desktop\Soybe-main\data\com_fundo\RGB_JPG_Normais\grao_DSC_0382_id43.png,RGB_JPG_Normais,RGB_JPG_Normais
C:\Users\eduar\Desktop\Soybe-main\data\com_fundo\RGB_JPG_QUEBRADOS\grao_DSC_0423_id84.png,RGB_JPG_QUEBRADOS,RGB_JPG_CHOCHOS
C:\Users\eduar\Desktop\Soybe-main\data\com_fundo\RGB_JPG_Normais\grao_DSC_0160_id59.png,RGB_JPG_Normais,RGB_JPG_Normais
C:\Users\eduar\Desktop\Soybe-main\data\com_fundo\RGB_JPG_Normais\grao_DSC_0499_id34.png,RGB_JPG_Normais,RGB_JPG_Normais
C:\Users\eduar\Desktop\Soybe-main\data\com_fundo\RGB_JPG_Normais\grao_DSC_0372_id15.png,RGB_JPG_Normais,RGB_JPG_Normais
C:\Users\eduar\Desktop\Soybe-main\data\com_fundo\RGB_JPG_IMPUREZAS\grao_DSC_0041_id141.png,RGB_JPG_IMPUREZAS,RGB_JPG_IMPUREZAS
C:\Users\eduar\Desktop\Soybe-main\data\com_fundo\RGB_JPG_Normais\grao_DSC_0498_id51.png,RGB_JPG_Normais,RGB_JPG_Normais
C:\Users\eduar\Desktop\Soybe-main\data\com_fundo\RGB_JPG_CHOCHOS\grao_DSC_0332_id63.png,RGB_JPG_CHOCHOS,RGB_JPG_CHOCHOS
C:\Users\eduar\Desktop\Soybe-main\data\com_fundo\RGB_JPG_IMPUREZAS\grao_DSC_0040_id20.png,RGB_JPG_IMPUREZAS,RGB_JPG_IMPUREZAS
C:\Users\eduar\Desktop\Soybe-main\data\com_fundo\RGB_JPG_Normais\grao_DSC_0387_id93.png,RGB_JPG_Normais,RGB_JPG_Normais
C:\Users\eduar\Desktop\Soybe-main\data\com_fundo\RGB_JPG_QUEBRADOS\grao_DSC_0432_id18.png,RGB_JPG_QUEBRADOS,RGB_JPG_QUEBRADOS
C:\Users\eduar\Desktop\Soybe-main\data\com_fundo\RGB_JPG_IMPUREZAS\grao_DSC_0230_id36.png,RGB_JPG_IMPUREZAS,RGB_JPG_IMPUREZAS
C:\Users\eduar\Desktop\Soybe-main\data\com_fundo\RGB_JPG_IMPUREZAS\grao_DSC_0296_id16.png,RGB_JPG_IMPUREZAS,RGB_JPG_IMPUREZAS
C:\Users\eduar\Desktop\Soybe-main\data\com_fundo\RGB_JPG_CHOCHOS\grao_DSC_0337_id109.png,RGB_JPG_CHOCHOS,RGB_JPG_CHOCHOS
C:\Users\eduar\Desktop\Soybe-main\data\com_fundo\RGB_JPG_Normais\grao_DSC_0480_id33.png,RGB_JPG_Normais,RGB_JPG_Normais
C:\Users\eduar\Desktop\Soybe-main\data\com_fundo\RGB_JPG_CHOCHOS\grao_DSC_0350_id70.png,RGB_JPG_CHOCHOS,RGB_JPG_CHOCHOS
C:\Users\eduar\Desktop\Soybe-main\data\com_fundo\RGB_JPG_Normais\grao_DSC_0649_id62.png,RGB_JPG_Normais,RGB_JPG_Normais
C:\Users\eduar\Desktop\Soybe-main\data\com_fundo\RGB_JPG_Normais\grao_DSC_0388_id56.png,RGB_JPG_Normais,RGB_JPG_Normais
C:\Users\eduar\Desktop\Soybe-main\data\com_fundo\RGB_JPG_IMPUREZAS\grao_DSC_0255_id151.png,RGB_JPG_IMPUREZAS,RGB_JPG_IMPUREZAS
C:\Users\eduar\Desktop\Soybe-main\data\com_fundo\RGB_JPG_Normais\grao_DSC_0665_id86.png,RGB_JPG_Normais,RGB_JPG_Normais
C:\Users\eduar\Desktop\Soybe-main\data\com_fundo\RGB_JPG_CHOCHOS\grao_DSC_0340_id71.png,RGB_JPG_CHOCHOS,RGB_JPG_CHOCHOS
C:\Users\eduar\Desktop\Soybe-main\data\com_fundo\RGB_JPG_Normais\grao_DSC_0471_id92.png,RGB_JPG_Normais,RGB_JPG_Normais
C:\Users\eduar\Desktop\Soybe-main\data\com_fundo\RGB_JPG_QUEBRADOS\grao_DSC_0452_id63.png,RGB_JPG_QUEBRADOS,RGB_JPG_QUEBRADOS
C:\Users\eduar\Desktop\Soybe-main\data\com_fundo\RGB_JPG_Normais\grao_DSC_0664_id5.png,RGB_JPG_Normais,RGB_JPG_Normais
C:\Users\eduar\Desktop\Soybe-main\data\com_fundo\RGB_JPG_CHOCHOS\grao_DSC_0324_id49.png,RGB_JPG_CHOCHOS,RGB_JPG_CHOCHOS
C:\Users\eduar\Desktop\Soybe-main\data\com_fundo\RGB_JPG_IMPUREZAS\grao_DSC_0043_id60.png,RGB_JPG_IMPUREZAS,RGB_JPG_IMPUREZAS
C:\Users\eduar\Desktop\Soybe-main\data\com_fundo\RGB_JPG_QUEBRADOS\grao_DSC_0422_id27.png,RGB_JPG_QUEBRADOS,RGB_JPG_QUEBRADOS
C:\Users\eduar\Desktop\Soybe-main\data\com_fundo\RGB_JPG_QUEBRADOS\grao_DSC_0449_id79.png,RGB_JPG_QUEBRADOS,RGB_JPG_QUEBRADOS
C:\Users\eduar\Desktop\Soybe-main\data\com_fundo\RGB_JPG_Normais\grao_DSC_0646_id30.png,RGB_JPG_Normais,RGB_JPG_Normais
C:\Users\eduar\Desktop\Soybe-main\data\com_fundo\RGB_JPG_Normais\grao_DSC_0489_id32.png,RGB_JPG_Normais,RGB_JPG_Normais
C:\Users\eduar\Desktop\Soybe-main\data\com_fundo\RGB_JPG_Normais\grao_DSC_0612_id2.png,RGB_JPG_Normais,RGB_JPG_Normais
C:\Users\eduar\Desktop\Soybe-main\data\com_fundo\RGB_JPG_Normais\grao_DSC_0156_id106.png,RGB_JPG_Normais,RGB_JPG_Normais
C:\Users\eduar\Desktop\Soybe-main\data\com_fundo\RGB_JPG_IMPUREZAS\grao_DSC_0286_id190.png,RGB_JPG_IMPUREZAS,RGB_JPG_IMPUREZAS
C:\Users\eduar\Desktop\Soybe-main\data\com_fundo\RGB_JPG_IMPUREZAS\grao_DSC_0029_id165.png,RGB_JPG_IMPUREZAS,RGB_JPG_IMPUREZAS
C:\Users\eduar\Desktop\Soybe-main\data\com_fundo\RGB_JPG_Normais\grao_DSC_0515_id19.png,RGB_JPG_Normais,RGB_JPG_Normais
C:\Users\eduar\Desktop\Soybe-main\data\com_fundo\RGB_JPG_IMPUREZAS\grao_DSC_0237_id129.png,RGB_JPG_IMPUREZAS,RGB_JPG_IMPUREZAS
C:\Users\eduar\Desktop\Soybe-main\data\com_fundo\RGB_JPG_IMPUREZAS\grao_DSC_0036_id236.png,RGB_JPG_IMPUREZAS,RGB_JPG_IMPUREZAS
C:\Users\eduar\Desktop\Soybe-main\data\com_fundo\RGB_JPG_CHOCHOS\grao_DSC_0341_id105.png,RGB_JPG_CHOCHOS,RGB_JPG_CHOCHOS
C:\Users\eduar\Desktop\Soybe-main\data\com_fundo\RGB_JPG_CHOCHOS\grao_DSC_0333_id61.png,RGB_JPG_CHOCHOS,RGB_JPG_CHOCHOS
C:\Users\eduar\Desktop\Soybe-main\data\com_fundo\RGB_JPG_IMPUREZAS\grao_DSC_0040_id101.png,RGB_JPG_IMPUREZAS,RGB_JPG_IMPUREZAS
C:\Users\eduar\Desktop\Soybe-main\data\com_fundo\RGB_JPG_Normais\grao_DSC_0389_id1.png,RGB_JPG_Normais,RGB_JPG_Normais
C:\Users\eduar\Desktop\Soybe-main\data\com_fundo\RGB_JPG_IMPUREZAS\grao_DSC_0225_id217.png,RGB_JPG_IMPUREZAS,RGB_JPG_IMPUREZAS
C:\Users\eduar\Desktop\Soybe-main\data\com_fundo\RGB_JPG_Normais\grao_DSC_0611_id10.png,RGB_JPG_Normais,RGB_JPG_Normais
C:\Users\eduar\Desktop\Soybe-main\data\com_fundo\RGB_JPG_Normais\grao_DSC_0137_id78.png,RGB_JPG_Normais,RGB_JPG_Normais
C:\Users\eduar\Desktop\Soybe-main\data\com_fundo\RGB_JPG_Normais\grao_DSC_0144_id22.png,RGB_JPG_Normais,RGB_JPG_Normais
C:\Users\eduar\Desktop\Soybe-main\data\com_fundo\RGB_JPG_IMPUREZAS\grao_DSC_0246_id251.png,RGB_JPG_IMPUREZAS,RGB_JPG_IMPUREZAS
C:\Users\eduar\Desktop\Soybe-main\data\com_fundo\RGB_JPG_IMPUREZAS\grao_DSC_0230_id188.png,RGB_JPG_IMPUREZAS,RGB_JPG_IMPUREZAS
C:\Users\eduar\Desktop\Soybe-main\data\com_fundo\RGB_JPG_IMPUREZAS\grao_DSC_0244_id1.png,RGB_JPG_IMPUREZAS,RGB_JPG_IMPUREZAS
C:\Users\eduar\Desktop\Soybe-main\data\com_fundo\RGB_JPG_IMPUREZAS\grao_DSC_0028_id211.png,RGB_JPG_IMPUREZAS,RGB_JPG_IMPUREZAS
C:\Users\eduar\Desktop\Soybe-main\data\com_fundo\RGB_JPG_Normais\grao_DSC_0647_id91.png,RGB_JPG_Normais,RGB_JPG_Normais
C:\Users\eduar\Desktop\Soybe-main\data\com_fundo\RGB_JPG_IMPUREZAS\grao_DSC_0232_id16.png,RGB_JPG_IMPUREZAS,RGB_JPG_IMPUREZAS
C:\Users\eduar\Desktop\Soybe-main\data\com_fundo\RGB_JPG_IMPUREZAS\grao_DSC_0032_id169.png,RGB_JPG_IMPUREZAS,RGB_JPG_IMPUREZAS
C:\Users\eduar\Desktop\Soybe-main\data\com_fundo\RGB_JPG_IMPUREZAS\grao_DSC_0251_id281.png,RGB_JPG_IMPUREZAS,RGB_JPG_IMPUREZAS
C:\Users\eduar\Desktop\Soybe-main\data\com_fundo\RGB_JPG_IMPUREZAS\grao_DSC_0223_id109.png,RGB_JPG_IMPUREZAS,RGB_JPG_IMPUREZAS
C:\Users\eduar\Desktop\Soybe-main\data\com_fundo\RGB_JPG_Normais\grao_DSC_0667_id50.png,RGB_JPG_Normais,RGB_JPG_Normais
C:\Users\eduar\Desktop\Soybe-main\data\com_fundo\RGB_JPG_IMPUREZAS\grao_DSC_0296_id77.png,RGB_JPG_IMPUREZAS,RGB_JPG_IMPUREZAS
C:\Users\eduar\Desktop\Soybe-main\data\com_fundo\RGB_JPG_CHOCHOS\grao_DSC_0341_id33.png,RGB_JPG_CHOCHOS,RGB_JPG_CHOCHOS
C:\Users\eduar\Desktop\Soybe-main\data\com_fundo\RGB_JPG_Normais\grao_DSC_0322_id41.png,RGB_JPG_Normais,RGB_JPG_CHOCHOS
C:\Users\eduar\Desktop\Soybe-main\data\com_fundo\RGB_JPG_Normais\grao_DSC_0670_id23.png,RGB_JPG_Normais,RGB_JPG_Normais
C:\Users\eduar\Desktop\Soybe-main\data\com_fundo\RGB_JPG_IMPUREZAS\grao_DSC_0284_id122.png,RGB_JPG_IMPUREZAS,RGB_JPG_IMPUREZAS
C:\Users\eduar\Desktop\Soybe-main\data\com_fundo\RGB_JPG_IMPUREZAS\grao_DSC_0249_id183.png,RGB_JPG_IMPUREZAS,RGB_JPG_IMPUREZAS
C:\Users\eduar\Desktop\Soybe-main\data\com_fundo\RGB_JPG_Normais\grao_DSC_0499_id77.png,RGB_JPG_Normais,RGB_JPG_Normais
C:\Users\eduar\Desktop\Soybe-main\data\com_fundo\RGB_JPG_QUEBRADOS\grao_DSC_0427_id71.png,RGB_JPG_QUEBRADOS,RGB_JPG_QUEBRADOS
C:\Users\eduar\Desktop\Soybe-main\data\com_fundo\RGB_JPG_QUEBRADOS\grao_DSC_0432_id91.png,RGB_JPG_QUEBRADOS,RGB_JPG_QUEBRADOS
C:\Users\eduar\Desktop\Soybe-main\data\com_fundo\RGB_JPG_IMPUREZAS\grao_DSC_0037_id218.png,RGB_JPG_IMPUREZAS,RGB_JPG_IMPUREZAS
C:\Users\eduar\Desktop\Soybe-main\data\com_fundo\RGB_JPG_MAMONAS\grao_DSC_0189_id86.png,RGB_JPG_MAMONAS,RGB_JPG_MAMONAS
C:\Users\eduar\Desktop\Soybe-main\data\com_fundo\RGB_JPG_Normais\grao_DSC_0134_id76.png,RGB_JPG_Normais,RGB_JPG_Normais
C:\Users\eduar\Desktop\Soybe-main\data\com_fundo\RGB_JPG_QUEBRADOS\grao_DSC_0461_id24.png,RGB_JPG_QUEBRADOS,RGB_JPG_QUEBRADOS
C:\Users\eduar\Desktop\Soybe-main\data\com_fundo\RGB_JPG_Normais\grao_DSC_0399_id20.png,RGB_JPG_Normais,RGB_JPG_Normais
C:\Users\eduar\Desktop\Soybe-main\data\com_fundo\RGB_JPG_Normais\grao_DSC_0650_id17.png,RGB_JPG_Normais,RGB_JPG_Normais
C:\Users\eduar\Desktop\Soybe-main\data\com_fundo\RGB_JPG_Normais\grao_DSC_0642_id4.png,RGB_JPG_Normais,RGB_JPG_Normais
C:\Users\eduar\Desktop\Soybe-main\data\com_fundo\RGB_JPG_Normais\grao_DSC_0612_id34.png,RGB_JPG_Normais,RGB_JPG_Normais
C:\Users\eduar\Desktop\Soybe-main\data\com_fundo\RGB_JPG_IMPUREZAS\grao_DSC_0283_id61.png,RGB_JPG_IMPUREZAS,RGB_JPG_IMPUREZAS
C:\Users\eduar\Desktop\Soybe-main\data\com_fundo\RGB_JPG_Normais\grao_DSC_0643_id82.png,RGB_JPG_Normais,RGB_JPG_Normais
C:\Users\eduar\Desktop\Soybe-main\data\com_fundo\RGB_JPG_QUEBRADOS\grao_DSC_0462_id57.png,RGB_JPG_QUEBRADOS,RGB_JPG_QUEBRADOS
C:\Users\eduar\Desktop\Soybe-main\data\com_fundo\RGB_JPG_Normais\grao_DSC_0322_id14.png,RGB_JPG_Normais,RGB_JPG_CHOCHOS
C:\Users\eduar\Desktop\Soybe-main\data\com_fundo\RGB_JPG_Normais\grao_DSC_0489_id41.png,RGB_JPG_Normais,RGB_JPG_Normais
C:\Users\eduar\Desktop\Soybe-main\data\com_fundo\RGB_JPG_IMPUREZAS\grao_DSC_0238_id157.png,RGB_JPG_IMPUREZAS,RGB_JPG_IMPUREZAS
C:\Users\eduar\Desktop\Soybe-main\data\com_fundo\RGB_JPG_PURPURAS\grao_DSC_0046_id30.png,RGB_JPG_PURPURAS,RGB_JPG_PURPURAS
C:\Users\eduar\Desktop\Soybe-main\data\com_fundo\RGB_JPG_CHOCHOS\grao_DSC_0341_id76.png,RGB_JPG_CHOCHOS,RGB_JPG_CHOCHOS
C:\Users\eduar\Desktop\Soybe-main\data\com_fundo\RGB_JPG_CHOCHOS\grao_DSC_0356_id89.png,RGB_JPG_CHOCHOS,RGB_JPG_CHOCHOS
C:\Users\eduar\Desktop\Soybe-main\data\com_fundo\RGB_JPG_Normais\grao_DSC_0395_id110.png,RGB_JPG_Normais,RGB_JPG_Normais
C:\Users\eduar\Desktop\Soybe-main\data\com_fundo\RGB_JPG_QUEBRADOS\grao_DSC_0406_id4.png,RGB_JPG_QUEBRADOS,RGB_JPG_QUEBRADOS
C:\Users\eduar\Desktop\Soybe-main\data\com_fundo\RGB_JPG_Normais\grao_DSC_0472_id106.png,RGB_JPG_Normais,RGB_JPG_Normais
C:\Users\eduar\Desktop\Soybe-main\data\com_fundo\RGB_JPG_ESVERDEADO\grao_DSC_0311_id42.png,RGB_JPG_ESVERDEADO,RGB_JPG_CHOCHOS
C:\Users\eduar\Desktop\Soybe-main\data\com_fundo\RGB_JPG_IMPUREZAS\grao_DSC_0265_id88.png,RGB_JPG_IMPUREZAS,RGB_JPG_IMPUREZAS
C:\Users\eduar\Desktop\Soybe-main\data\com_fundo\RGB_JPG_IMPUREZAS\grao_DSC_0291_id220.png,RGB_JPG_IMPUREZAS,RGB_JPG_IMPUREZAS
C:\Users\eduar\Desktop\Soybe-main\data\com_fundo\RGB_JPG_QUEBRADOS\grao_DSC_0440_id38.png,RGB_JPG_QUEBRADOS,RGB_JPG_QUEBRADOS
C:\Users\eduar\Desktop\Soybe-main\data\com_fundo\RGB_JPG_IMPUREZAS\grao_DSC_0288_id130.png,RGB_JPG_IMPUREZAS,RGB_JPG_IMPUREZAS
C:\Users\eduar\Desktop\Soybe-main\data\com_fundo\RGB_JPG_Normais\grao_DSC_0321_id72.png,RGB_JPG_Normais,RGB_JPG_CHOCHOS
C:\Users\eduar\Desktop\Soybe-main\data\com_fundo\RGB_JPG_Normais\grao_DSC_0639_id54.png,RGB_JPG_Normais,RGB_JPG_Normais
C:\Users\eduar\Desktop\Soybe-main\data\com_fundo\RGB_JPG_IMPUREZAS\grao_DSC_0269_id23.png,RGB_JPG_IMPUREZAS,RGB_JPG_IMPUREZAS
C:\Users\eduar\Desktop\Soybe-main\data\com_fundo\RGB_JPG_Normais\grao_DSC_0614_id73.png,RGB_JPG_Normais,RGB_JPG_Normais
C:\Users\eduar\Desktop\Soybe-main\data\com_fundo\RGB_JPG_Normais\grao_DSC_0503_id64.png,RGB_JPG_Normais,RGB_JPG_Normais
C:\Users\eduar\Desktop\Soybe-main\data\com_fundo\RGB_JPG_CHOCHOS\grao_DSC_0321_id32.png,RGB_JPG_CHOCHOS,RGB_JPG_Normais
C:\Users\eduar\Desktop\Soybe-main\data\com_fundo\RGB_JPG_Normais\grao_DSC_0507_id36.png,RGB_JPG_Normais,RGB_JPG_Normais
C:\Users\eduar\Desktop\Soybe-main\data\com_fundo\RGB_JPG_QUEBRADOS\grao_DSC_0407_id20.png,RGB_JPG_QUEBRADOS,RGB_JPG_QUEBRADOS
C:\Users\eduar\Desktop\Soybe-main\data\com_fundo\RGB_JPG_ESVERDEADO\grao_DSC_0302_id45.png,RGB_JPG_ESVERDEADO,RGB_JPG_QUEBRADOS
C:\Users\eduar\Desktop\Soybe-main\data\com_fundo\RGB_JPG_Normais\grao_DSC_0652_id73.png,RGB_JPG_Normais,RGB_JPG_Normais
C:\Users\eduar\Desktop\Soybe-main\data\com_fundo\RGB_JPG_IMPUREZAS\grao_DSC_0240_id13.png,RGB_JPG_IMPUREZAS,RGB_JPG_IMPUREZAS
C:\Users\eduar\Desktop\Soybe-main\data\com_fundo\RGB_JPG_Normais\grao_DSC_0614_id87.png,RGB_JPG_Normais,RGB_JPG_Normais
C:\Users\eduar\Desktop\Soybe-main\data\com_fundo\RGB_JPG_Normais\grao_DSC_0516_id88.png,RGB_JPG_Normais,RGB_JPG_Normais
C:\Users\eduar\Desktop\Soybe-main\data\com_fundo\RGB_JPG_ESVERDEADO\grao_DSC_0307_id18.png,RGB_JPG_ESVERDEADO,RGB_JPG_PURPURAS
C:\Users\eduar\Desktop\Soybe-main\data\com_fundo\RGB_JPG_CHOCHOS\grao_DSC_0322_id23.png,RGB_JPG_CHOCHOS,RGB_JPG_CHOCHOS
C:\Users\eduar\Desktop\Soybe-main\data\com_fundo\RGB_JPG_IMPUREZAS\grao_DSC_0027_id204.png,RGB_JPG_IMPUREZAS,RGB_JPG_IMPUREZAS
C:\Users\eduar\Desktop\Soybe-main\data\com_fundo\RGB_JPG_QUEBRADOS\grao_DSC_0446_id16.png,RGB_JPG_QUEBRADOS,RGB_JPG_QUEBRADOS
C:\Users\eduar\Desktop\Soybe-main\data\com_fundo\RGB_JPG_IMPUREZAS\grao_DSC_0295_id141.png,RGB_JPG_IMPUREZAS,RGB_JPG_IMPUREZAS
C:\Users\eduar\Desktop\Soybe-main\data\com_fundo\RGB_JPG_Normais\grao_DSC_0637_id75.png,RGB_JPG_Normais,RGB_JPG_Normais
C:\Users\eduar\Desktop\Soybe-main\data\com_fundo\RGB_JPG_IMPUREZAS\grao_DSC_0280_id133.png,RGB_JPG_IMPUREZAS,RGB_JPG_IMPUREZAS
C:\Users\eduar\Desktop\Soybe-main\data\com_fundo\RGB_JPG_Normais\grao_DSC_0489_id74.png,RGB_JPG_Normais,RGB_JPG_Normais
C:\Users\eduar\Desktop\Soybe-main\data\com_fundo\RGB_JPG_Normais\grao_DSC_0375_id99.png,RGB_JPG_Normais,RGB_JPG_Normais
C:\Users\eduar\Desktop\Soybe-main\data\com_fundo\RGB_JPG_Normais\grao_DSC_0668_id65.png,RGB_JPG_Normais,RGB_JPG_Normais
C:\Users\eduar\Desktop\Soybe-main\data\com_fundo\RGB_JPG_IMPUREZAS\grao_DSC_0292_id52.png,RGB_JPG_IMPUREZAS,RGB_JPG_IMPUREZAS
C:\Users\eduar\Desktop\Soybe-main\data\com_fundo\RGB_JPG_Normais\grao_DSC_0520_id12.png,RGB_JPG_Normais,RGB_JPG_Normais
C:\Users\eduar\Desktop\Soybe-main\data\com_fundo\RGB_JPG_Normais\grao_DSC_0644_id62.png,RGB_JPG_Normais,RGB_JPG_Normais
C:\Users\eduar\Desktop\Soybe-main\data\com_fundo\RGB_JPG_ESVERDEADO\grao_DSC_0304_id50.png,RGB_JPG_ESVERDEADO,RGB_JPG_CHOCHOS
C:\Users\eduar\Desktop\Soybe-main\data\com_fundo\RGB_JPG_IMPUREZAS\grao_DSC_0241_id56.png,RGB_JPG_IMPUREZAS,RGB_JPG_IMPUREZAS
C:\Users\eduar\Desktop\Soybe-main\data\com_fundo\RGB_JPG_IMPUREZAS\grao_DSC_0280_id40.png,RGB_JPG_IMPUREZAS,RGB_JPG_IMPUREZAS
C:\Users\eduar\Desktop\Soybe-main\data\com_fundo\RGB_JPG_ESVERDEADO\grao_DSC_0309_id5.png,RGB_JPG_ESVERDEADO,RGB_JPG_CHOCHOS
C:\Users\eduar\Desktop\Soybe-main\data\com_fundo\RGB_JPG_CHOCHOS\grao_DSC_0359_id68.png,RGB_JPG_CHOCHOS,RGB_JPG_CHOCHOS
C:\Users\eduar\Desktop\Soybe-main\data\com_fundo\RGB_JPG_Normais\grao_DSC_0399_id65.png,RGB_JPG_Normais,RGB_JPG_Normais
C:\Users\eduar\Desktop\Soybe-main\data\com_fundo\RGB_JPG_Normais\grao_DSC_0143_id95.png,RGB_JPG_Normais,RGB_JPG_Normais
C:\Users\eduar\Desktop\Soybe-main\data\com_fundo\RGB_JPG_Normais\grao_DSC_0375_id37.png,RGB_JPG_Normais,RGB_JPG_Normais
C:\Users\eduar\Desktop\Soybe-main\data\com_fundo\RGB_JPG_QUEBRADOS\grao_DSC_0170_id78.png,RGB_JPG_QUEBRADOS,RGB_JPG_QUEBRADOS
C:\Users\eduar\Desktop\Soybe-main\data\com_fundo\RGB_JPG_IMPUREZAS\grao_DSC_0269_id33.png,RGB_JPG_IMPUREZAS,RGB_JPG_IMPUREZAS
C:\Users\eduar\Desktop\Soybe-main\data\com_fundo\RGB_JPG_Normais\grao_DSC_0386_id44.png,RGB_JPG_Normais,RGB_JPG_Normais
C:\Users\eduar\Desktop\Soybe-main\data\com_fundo\RGB_JPG_CHOCHOS\grao_DSC_0349_id60.png,RGB_JPG_CHOCHOS,RGB_JPG_CHOCHOS
C:\Users\eduar\Desktop\Soybe-main\data\com_fundo\RGB_JPG_Normais\grao_DSC_0140_id13.png,RGB_JPG_Normais,RGB_JPG_Normais
C:\Users\eduar\Desktop\Soybe-main\data\com_fundo\RGB_JPG_QUEBRADOS\grao_DSC_0417_id3.png,RGB_JPG_QUEBRADOS,RGB_JPG_QUEBRADOS
C:\Users\eduar\Desktop\Soybe-main\data\com_fundo\RGB_JPG_Normais\grao_DSC_0639_id43.png,RGB_JPG_Normais,RGB_JPG_Normais
C:\Users\eduar\Desktop\Soybe-main\data\com_fundo\RGB_JPG_QUEBRADOS\grao_DSC_0458_id68.png,RGB_JPG_QUEBRADOS,RGB_JPG_QUEBRADOS
C:\Users\eduar\Desktop\Soybe-main\data\com_fundo\RGB_JPG_MAMONAS\grao_DSC_0187_id88.png,RGB_JPG_MAMONAS,RGB_JPG_MAMONAS
C:\Users\eduar\Desktop\Soybe-main\data\com_fundo\RGB_JPG_Normais\grao_DSC_0153_id84.png,RGB_JPG_Normais,RGB_JPG_Normais
C:\Users\eduar\Desktop\Soybe-main\data\com_fundo\RGB_JPG_Normais\grao_DSC_0504_id35.png,RGB_JPG_Normais,RGB_JPG_Normais
C:\Users\eduar\Desktop\Soybe-main\data\com_fundo\RGB_JPG_Normais\grao_DSC_0479_id15.png,RGB_JPG_Normais,RGB_JPG_Normais
C:\Users\eduar\Desktop\Soybe-main\data\com_fundo\RGB_JPG_IMPUREZAS\grao_DSC_0272_id3.png,RGB_JPG_IMPUREZAS,RGB_JPG_IMPUREZAS
C:\Users\eduar\Desktop\Soybe-main\data\com_fundo\RGB_JPG_IMPUREZAS\grao_DSC_0246_id138.png,RGB_JPG_IMPUREZAS,RGB_JPG_IMPUREZAS
C:\Users\eduar\Desktop\Soybe-main\data\com_fundo\RGB_JPG_IMPUREZAS\grao_DSC_0005_id2.png,RGB_JPG_IMPUREZAS,RGB_JPG_IMPUREZAS
C:\Users\eduar\Desktop\Soybe-main\data\com_fundo\RGB_JPG_QUEBRADOS\grao_DSC_0459_id67.png,RGB_JPG_QUEBRADOS,RGB_JPG_QUEBRADOS
C:\Users\eduar\Desktop\Soybe-main\data\com_fundo\RGB_JPG_QUEBRADOS\grao_DSC_0440_id28.png,RGB_JPG_QUEBRADOS,RGB_JPG_QUEBRADOS
C:\Users\eduar\Desktop\Soybe-main\data\com_fundo\RGB_JPG_Normais\grao_DSC_0140_id78.png,RGB_JPG_Normais,RGB_JPG_Normais
C:\Users\eduar\Desktop\Soybe-main\data\com_fundo\RGB_JPG_IMPUREZAS\grao_DSC_0270_id221.png,RGB_JPG_IMPUREZAS,RGB_JPG_IMPUREZAS
C:\Users\eduar\Desktop\Soybe-main\data\com_fundo\RGB_JPG_Normais\grao_DSC_0610_id85.png,RGB_JPG_Normais,RGB_JPG_Normais
C:\Users\eduar\Desktop\Soybe-main\data\com_fundo\RGB_JPG_IMPUREZAS\grao_DSC_0293_id182.png,RGB_JPG_IMPUREZAS,RGB_JPG_IMPUREZAS
C:\Users\eduar\Desktop\Soybe-main\data\com_fundo\RGB_JPG_QUEBRADOS\grao_DSC_0426_id63.png,RGB_JPG_QUEBRADOS,RGB_JPG_QUEBRADOS
C:\Users\eduar\Desktop\Soybe-main\data\com_fundo\RGB_JPG_Normais\grao_DSC_0143_id4.png,RGB_JPG_Normais,RGB_JPG_Normais
C:\Users\eduar\Desktop\Soybe-main\data\com_fundo\RGB_JPG_Normais\grao_DSC_0152_id16.png,RGB_JPG_Normais,RGB_JPG_Normais
C:\Users\eduar\Desktop\Soybe-main\data\com_fundo\RGB_JPG_Normais\grao_DSC_0514_id94.png,RGB_JPG_Normais,RGB_JPG_Normais
C:\Users\eduar\Desktop\Soybe-main\data\com_fundo\RGB_JPG_Normais\grao_DSC_0373_id11.png,RGB_JPG_Normais,RGB_JPG_Normais
C:\Users\eduar\Desktop\Soybe-main\data\com_fundo\RGB_JPG_IMPUREZAS\grao_DSC_0296_id118.png,RGB_JPG_IMPUREZAS,RGB_JPG_IMPUREZAS
C:\Users\eduar\Desktop\Soybe-main\data\com_fundo\RGB_JPG_CHOCHOS\grao_DSC_0345_id104.png,RGB_JPG_CHOCHOS,RGB_JPG_CHOCHOS
C:\Users\eduar\Desktop\Soybe-main\data\com_fundo\RGB_JPG_QUEBRADOS\grao_DSC_0456_id51.png,RGB_JPG_QUEBRADOS,RGB_JPG_QUEBRADOS
C:\Users\eduar\Desktop\Soybe-main\data\com_fundo\RGB_JPG_QUEBRADOS\grao_DSC_0419_id20.png,RGB_JPG_QUEBRADOS,RGB_JPG_QUEBRADOS
C:\Users\eduar\Desktop\Soybe-main\data\com_fundo\RGB_JPG_IMPUREZAS\grao_DSC_0263_id194.png,RGB_JPG_IMPUREZAS,RGB_JPG_IMPUREZAS
C:\Users\eduar\Desktop\Soybe-main\data\com_fundo\RGB_JPG_QUEBRADOS\grao_DSC_0401_id43.png,RGB_JPG_QUEBRADOS,RGB_JPG_QUEBRADOS
C:\Users\eduar\Desktop\Soybe-main\data\com_fundo\RGB_JPG_QUEBRADOS\grao_DSC_0415_id9.png,RGB_JPG_QUEBRADOS,RGB_JPG_QUEBRADOS
C:\Users\eduar\Desktop\Soybe-main\data\com_fundo\RGB_JPG_Normais\grao_DSC_0662_id41.png,RGB_JPG_Normais,RGB_JPG_Normais
C:\Users\eduar\Desktop\Soybe-main\data\com_fundo\RGB_JPG_IMPUREZAS\grao_DSC_0015_id53.png,RGB_JPG_IMPUREZAS,RGB_JPG_IMPUREZAS
C:\Users\eduar\Desktop\Soybe-main\data\com_fundo\RGB_JPG_Normais\grao_DSC_0487_id72.png,RGB_JPG_Normais,RGB_JPG_Normais
C:\Users\eduar\Desktop\Soybe-main\data\com_fundo\RGB_JPG_Normais\grao_DSC_0619_id99.png,RGB_JPG_Normais,RGB_JPG_Normais
C:\Users\eduar\Desktop\Soybe-main\data\com_fundo\RGB_JPG_QUEBRADOS\grao_DSC_0411_id9.png,RGB_JPG_QUEBRADOS,RGB_JPG_QUEBRADOS
C:\Users\eduar\Desktop\Soybe-main\data\com_fundo\RGB_JPG_IMPUREZAS\grao_DSC_0273_id201.png,RGB_JPG_IMPUREZAS,RGB_JPG_IMPUREZAS
C:\Users\eduar\Desktop\Soybe-main\data\com_fundo\RGB_JPG_QUEBRADOS\grao_DSC_0417_id73.png,RGB_JPG_QUEBRADOS,RGB_JPG_QUEBRADOS
C:\Users\eduar\Desktop\Soybe-main\data\com_fundo\RGB_JPG_QUEBRADOS\grao_DSC_0446_id19.png,RGB_JPG_QUEBRADOS,RGB_JPG_QUEBRADOS
C:\Users\eduar\Desktop\Soybe-main\data\com_fundo\RGB_JPG_Normais\grao_DSC_0506_id64.png,RGB_JPG_Normais,RGB_JPG_Normais
C:\Users\eduar\Desktop\Soybe-main\data\com_fundo\RGB_JPG_CHOCHOS\grao_DSC_0348_id6.png,RGB_JPG_CHOCHOS,RGB_JPG_CHOCHOS
C:\Users\eduar\Desktop\Soybe-main\data\com_fundo\RGB_JPG_Normais\grao_DSC_0620_id88.png,RGB_JPG_Normais,RGB_JPG_Normais
C:\Users\eduar\Desktop\Soybe-main\data\com_fundo\RGB_JPG_Normais\grao_DSC_0675_id35.png,RGB_JPG_Normais,RGB_JPG_Normais
C:\Users\eduar\Desktop\Soybe-main\data\com_fundo\RGB_JPG_CHOCHOS\grao_DSC_0356_id22.png,RGB_JPG_CHOCHOS,RGB_JPG_CHOCHOS
C:\Users\eduar\Desktop\Soybe-main\data\com_fundo\RGB_JPG_IMPUREZAS\grao_DSC_0262_id155.png,RGB_JPG_IMPUREZAS,RGB_JPG_IMPUREZAS
C:\Users\eduar\Desktop\Soybe-main\data\com_fundo\RGB_JPG_IMPUREZAS\grao_DSC_0278_id176.png,RGB_JPG_IMPUREZAS,RGB_JPG_IMPUREZAS
C:\Users\eduar\Desktop\Soybe-main\data\com_fundo\RGB_JPG_IMPUREZAS\grao_DSC_0013_id92.png,RGB_JPG_IMPUREZAS,RGB_JPG_IMPUREZAS
C:\Users\eduar\Desktop\Soybe-main\data\com_fundo\RGB_JPG_ESVERDEADO\grao_DSC_0306_id36.png,RGB_JPG_ESVERDEADO,RGB_JPG_ESVERDEADO
C:\Users\eduar\Desktop\Soybe-main\data\com_fundo\RGB_JPG_IMPUREZAS\grao_DSC_0003_id121.png,RGB_JPG_IMPUREZAS,RGB_JPG_IMPUREZAS
C:\Users\eduar\Desktop\Soybe-main\data\com_fundo\RGB_JPG_QUEBRADOS\grao_DSC_0404_id68.png,RGB_JPG_QUEBRADOS,RGB_JPG_QUEBRADOS
C:\Users\eduar\Desktop\Soybe-main\data\com_fundo\RGB_JPG_CHOCHOS\grao_DSC_0358_id111.png,RGB_JPG_CHOCHOS,RGB_JPG_CHOCHOS
C:\Users\eduar\Desktop\Soybe-main\data\com_fundo\RGB_JPG_IMPUREZAS\grao_DSC_0002_id415.png,RGB_JPG_IMPUREZAS,RGB_JPG_IMPUREZAS
C:\Users\eduar\Desktop\Soybe-main\data\com_fundo\RGB_JPG_CHOCHOS\grao_DSC_0342_id13.png,RGB_JPG_CHOCHOS,RGB_JPG_CHOCHOS
C:\Users\eduar\Desktop\Soybe-main\data\com_fundo\RGB_JPG_QUEBRADOS\grao_DSC_0443_id23.png,RGB_JPG_QUEBRADOS,RGB_JPG_QUEBRADOS
C:\Users\eduar\Desktop\Soybe-main\data\com_fundo\RGB_JPG_QUEBRADOS\grao_DSC_0462_id103.png,RGB_JPG_QUEBRADOS,RGB_JPG_QUEBRADOS
C:\Users\eduar\Desktop\Soybe-main\data\com_fundo\RGB_JPG_CHOCHOS\grao_DSC_0341_id70.png,RGB_JPG_CHOCHOS,RGB_JPG_CHOCHOS
C:\Users\eduar\Desktop\Soybe-main\data\com_fundo\RGB_JPG_Normais\grao_DSC_0667_id73.png,RGB_JPG_Normais,RGB_JPG_Normais
C:\Users\eduar\Desktop\Soybe-main\data\com_fundo\RGB_JPG_CHOCHOS\grao_DSC_0347_id30.png,RGB_JPG_CHOCHOS,RGB_JPG_CHOCHOS
C:\Users\eduar\Desktop\Soybe-main\data\com_fundo\RGB_JPG_CHOCHOS\grao_DSC_0167_id83.png,RGB_JPG_CHOCHOS,RGB_JPG_CHOCHOS
C:\Users\eduar\Desktop\Soybe-main\data\com_fundo\RGB_JPG_Normais\grao_DSC_0620_id10.png,RGB_JPG_Normais,RGB_JPG_Normais
C:\Users\eduar\Desktop\Soybe-main\data\com_fundo\RGB_JPG_Normais\grao_DSC_0658_id37.png,RGB_JPG_Normais,RGB_JPG_Normais
C:\Users\eduar\Desktop\Soybe-main\data\com_fundo\RGB_JPG_PURPURAS\grao_DSC_0048_id6.png,RGB_JPG_PURPURAS,RGB_JPG_PURPURAS
C:\Users\eduar\Desktop\Soybe-main\data\com_fundo\RGB_JPG_MAMONAS\grao_DSC_0190_id94.png,RGB_JPG_MAMONAS,RGB_JPG_MAMONAS
C:\Users\eduar\Desktop\Soybe-main\data\com_fundo\RGB_JPG_Normais\grao_DSC_0212_id35.png,RGB_JPG_Normais,RGB_JPG_Normais
C:\Users\eduar\Desktop\Soybe-main\data\com_fundo\RGB_JPG_IMPUREZAS\grao_DSC_0258_id4.png,RGB_JPG_IMPUREZAS,RGB_JPG_IMPUREZAS
C:\Users\eduar\Desktop\Soybe-main\data\com_fundo\RGB_JPG_IMPUREZAS\grao_DSC_0227_id114.png,RGB_JPG_IMPUREZAS,RGB_JPG_IMPUREZAS
C:\Users\eduar\Desktop\Soybe-main\data\com_fundo\RGB_JPG_Normais\grao_DSC_0144_id83.png,RGB_JPG_Normais,RGB_JPG_Normais
C:\Users\eduar\Desktop\Soybe-main\data\com_fundo\RGB_JPG_QUEBRADOS\grao_DSC_0425_id28.png,RGB_JPG_QUEBRADOS,RGB_JPG_QUEBRADOS
C:\Users\eduar\Desktop\Soybe-main\data\com_fundo\RGB_JPG_CHOCHOS\grao_DSC_0331_id43.png,RGB_JPG_CHOCHOS,RGB_JPG_CHOCHOS
C:\Users\eduar\Desktop\Soybe-main\data\com_fundo\RGB_JPG_PURPURAS\grao_DSC_0147_id17.png,RGB_JPG_PURPURAS,RGB_JPG_PURPURAS
C:\Users\eduar\Desktop\Soybe-main\data\com_fundo\RGB_JPG_CHOCHOS\grao_DSC_0342_id34.png,RGB_JPG_CHOCHOS,RGB_JPG_CHOCHOS
C:\Users\eduar\Desktop\Soybe-main\data\com_fundo\RGB_JPG_CHOCHOS\grao_DSC_0342_id38.png,RGB_JPG_CHOCHOS,RGB_JPG_CHOCHOS
C:\Users\eduar\Desktop\Soybe-main\data\com_fundo\RGB_JPG_IMPUREZAS\grao_DSC_0265_id25.png,RGB_JPG_IMPUREZAS,RGB_JPG_IMPUREZAS
C:\Users\eduar\Desktop\Soybe-main\data\com_fundo\RGB_JPG_Normais\grao_DSC_0510_id61.png,RGB_JPG_Normais,RGB_JPG_Normais
C:\Users\eduar\Desktop\Soybe-main\data\com_fundo\RGB_JPG_Normais\grao_DSC_0647_id18.png,RGB_JPG_Normais,RGB_JPG_Normais
C:\Users\eduar\Desktop\Soybe-main\data\com_fundo\RGB_JPG_Normais\grao_DSC_0610_id39.png,RGB_JPG_Normais,RGB_JPG_Normais
C:\Users\eduar\Desktop\Soybe-main\data\com_fundo\RGB_JPG_Normais\grao_DSC_0386_id32.png,RGB_JPG_Normais,RGB_JPG_Normais
C:\Users\eduar\Desktop\Soybe-main\data\com_fundo\RGB_JPG_Normais\grao_DSC_0499_id80.png,RGB_JPG_Normais,RGB_JPG_Normais
C:\Users\eduar\Desktop\Soybe-main\data\com_fundo\RGB_JPG_IMPUREZAS\grao_DSC_0296_id204.png,RGB_JPG_IMPUREZAS,RGB_JPG_IMPUREZAS
C:\Users\eduar\Desktop\Soybe-main\data\com_fundo\RGB_JPG_IMPUREZAS\grao_DSC_0266_id152.png,RGB_JPG_IMPUREZAS,RGB_JPG_IMPUREZAS
C:\Users\eduar\Desktop\Soybe-main\data\com_fundo\RGB_JPG_CHOCHOS\grao_DSC_0344_id49.png,RGB_JPG_CHOCHOS,RGB_JPG_CHOCHOS
C:\Users\eduar\Desktop\Soybe-main\data\com_fundo\RGB_JPG_Normais\grao_DSC_0386_id29.png,RGB_JPG_Normais,RGB_JPG_Normais
C:\Users\eduar\Desktop\Soybe-main\data\com_fundo\RGB_JPG_Normais\grao_DSC_0501_id57.png,RGB_JPG_Normais,RGB_JPG_Normais
C:\Users\eduar\Desktop\Soybe-main\data\com_fundo\RGB_JPG_Normais\grao_DSC_0496_id32.png,RGB_JPG_Normais,RGB_JPG_Normais
C:\Users\eduar\Desktop\Soybe-main\data\com_fundo\RGB_JPG_Normais\grao_DSC_0644_id10.png,RGB_JPG_Normais,RGB_JPG_Normais
C:\Users\eduar\Desktop\Soybe-main\data\com_fundo\RGB_JPG_QUEBRADOS\grao_DSC_0460_id81.png,RGB_JPG_QUEBRADOS,RGB_JPG_QUEBRADOS
C:\Users\eduar\Desktop\Soybe-main\data\com_fundo\RGB_JPG_IMPUREZAS\grao_DSC_0026_id66.png,RGB_JPG_IMPUREZAS,RGB_JPG_IMPUREZAS
C:\Users\eduar\Desktop\Soybe-main\data\com_fundo\RGB_JPG_Normais\grao_DSC_0221_id49.png,RGB_JPG_Normais,RGB_JPG_Normais
C:\Users\eduar\Desktop\Soybe-main\data\com_fundo\RGB_JPG_IMPUREZAS\grao_DSC_0230_id180.png,RGB_JPG_IMPUREZAS,RGB_JPG_IMPUREZAS
C:\Users\eduar\Desktop\Soybe-main\data\com_fundo\RGB_JPG_IMPUREZAS\grao_DSC_0256_id70.png,RGB_JPG_IMPUREZAS,RGB_JPG_IMPUREZAS
C:\Users\eduar\Desktop\Soybe-main\data\com_fundo\RGB_JPG_ESVERDEADO\grao_DSC_0310_id71.png,RGB_JPG_ESVERDEADO,RGB_JPG_ESVERDEADO
C:\Users\eduar\Desktop\Soybe-main\data\com_fundo\RGB_JPG_IMPUREZAS\grao_DSC_0045_id83.png,RGB_JPG_IMPUREZAS,RGB_JPG_IMPUREZAS
C:\Users\eduar\Desktop\Soybe-main\data\com_fundo\RGB_JPG_Normais\grao_DSC_0380_id68.png,RGB_JPG_Normais,RGB_JPG_Normais
C:\Users\eduar\Desktop\Soybe-main\data\com_fundo\RGB_JPG_CHOCHOS\grao_DSC_0327_id75.png,RGB_JPG_CHOCHOS,RGB_JPG_CHOCHOS
C:\Users\eduar\Desktop\Soybe-main\data\com_fundo\RGB_JPG_IMPUREZAS\grao_DSC_0278_id52.png,RGB_JPG_IMPUREZAS,RGB_JPG_IMPUREZAS
C:\Users\eduar\Desktop\Soybe-main\data\com_fundo\RGB_JPG_Normais\grao_DSC_0391_id6.png,RGB_JPG_Normais,RGB_JPG_Normais
C:\Users\eduar\Desktop\Soybe-main\data\com_fundo\RGB_JPG_CHOCHOS\grao_DSC_0340_id12.png,RGB_JPG_CHOCHOS,RGB_JPG_CHOCHOS
C:\Users\eduar\Desktop\Soybe-main\data\com_fundo\RGB_JPG_Normais\grao_DSC_0399_id79.png,RGB_JPG_Normais,RGB_JPG_Normais
C:\Users\eduar\Desktop\Soybe-main\data\com_fundo\RGB_JPG_IMPUREZAS\grao_DSC_0296_id136.png,RGB_JPG_IMPUREZAS,RGB_JPG_IMPUREZAS
C:\Users\eduar\Desktop\Soybe-main\data\com_fundo\RGB_JPG_QUEBRADOS\grao_DSC_0438_id68.png,RGB_JPG_QUEBRADOS,RGB_JPG_QUEBRADOS
C:\Users\eduar\Desktop\Soybe-main\data\com_fundo\RGB_JPG_Normais\grao_DSC_0642_id23.png,RGB_JPG_Normais,RGB_JPG_Normais
C:\Users\eduar\Desktop\Soybe-main\data\com_fundo\RGB_JPG_QUEBRADOS\grao_DSC_0447_id81.png,RGB_JPG_QUEBRADOS,RGB_JPG_QUEBRADOS
C:\Users\eduar\Desktop\Soybe-main\data\com_fundo\RGB_JPG_IMPUREZAS\grao_DSC_0012_id117.png,RGB_JPG_IMPUREZAS,RGB_JPG_IMPUREZAS
C:\Users\eduar\Desktop\Soybe-main\data\com_fundo\RGB_JPG_Normais\grao_DSC_0486_id76.png,RGB_JPG_Normais,RGB_JPG_Normais
C:\Users\eduar\Desktop\Soybe-main\data\com_fundo\RGB_JPG_IMPUREZAS\grao_DSC_0007_id63.png,RGB_JPG_IMPUREZAS,RGB_JPG_IMPUREZAS
C:\Users\eduar\Desktop\Soybe-main\data\com_fundo\RGB_JPG_Normais\grao_DSC_0468_id30.png,RGB_JPG_Normais,RGB_JPG_Normais
C:\Users\eduar\Desktop\Soybe-main\data\com_fundo\RGB_JPG_Normais\grao_DSC_0663_id4.png,RGB_JPG_Normais,RGB_JPG_Normais
C:\Users\eduar\Desktop\Soybe-main\data\com_fundo\RGB_JPG_CHOCHOS\grao_DSC_0334_id72.png,RGB_JPG_CHOCHOS,RGB_JPG_CHOCHOS
C:\Users\eduar\Desktop\Soybe-main\data\com_fundo\RGB_JPG_CHOCHOS\grao_DSC_0351_id39.png,RGB_JPG_CHOCHOS,RGB_JPG_CHOCHOS
C:\Users\eduar\Desktop\Soybe-main\data\com_fundo\RGB_JPG_CHOCHOS\grao_DSC_0349_id27.png,RGB_JPG_CHOCHOS,RGB_JPG_CHOCHOS
C:\Users\eduar\Desktop\Soybe-main\data\com_fundo\RGB_JPG_Normais\grao_DSC_0505_id84.png,RGB_JPG_Normais,RGB_JPG_Normais
C:\Users\eduar\Desktop\Soybe-main\data\com_fundo\RGB_JPG_Normais\grao_DSC_0672_id19.png,RGB_JPG_Normais,RGB_JPG_Normais
C:\Users\eduar\Desktop\Soybe-main\data\com_fundo\RGB_JPG_ESVERDEADO\grao_DSC_0301_id25.png,RGB_JPG_ESVERDEADO,RGB_JPG_ESVERDEADO
C:\Users\eduar\Desktop\Soybe-main\data\com_fundo\RGB_JPG_Normais\grao_DSC_0611_id13.png,RGB_JPG_Normais,RGB_JPG_Normais
C:\Users\eduar\Desktop\Soybe-main\data\com_fundo\RGB_JPG_Normais\grao_DSC_0638_id77.png,RGB_JPG_Normais,RGB_JPG_Normais
C:\Users\eduar\Desktop\Soybe-main\data\com_fundo\RGB_JPG_IMPUREZAS\grao_DSC_0272_id111.png,RGB_JPG_IMPUREZAS,RGB_JPG_IMPUREZAS
C:\Users\eduar\Desktop\Soybe-main\data\com_fundo\RGB_JPG_Normais\grao_DSC_0393_id34.png,RGB_JPG_Normais,RGB_JPG_Normais
C:\Users\eduar\Desktop\Soybe-main\data\com_fundo\RGB_JPG_IMPUREZAS\grao_DSC_0239_id270.png,RGB_JPG_IMPUREZAS,RGB_JPG_IMPUREZAS
C:\Users\eduar\Desktop\Soybe-main\data\com_fundo\RGB_JPG_QUEBRADOS\grao_DSC_0173_id38.png,RGB_JPG_QUEBRADOS,RGB_JPG_QUEBRADOS
C:\Users\eduar\Desktop\Soybe-main\data\com_fundo\RGB_JPG_Normais\grao_DSC_0394_id33.png,RGB_JPG_Normais,RGB_JPG_Normais
C:\Users\eduar\Desktop\Soybe-main\data\com_fundo\RGB_JPG_CHOCHOS\grao_DSC_0316_id9.png,RGB_JPG_CHOCHOS,RGB_JPG_CHOCHOS
C:\Users\eduar\Desktop\Soybe-main\data\com_fundo\RGB_JPG_QUEBRADOS\grao_DSC_0437_id108.png,RGB_JPG_QUEBRADOS,RGB_JPG_QUEBRADOS
C:\Users\eduar\Desktop\Soybe-main\data\com_fundo\RGB_JPG_CHOCHOS\grao_DSC_0320_id65.png,RGB_JPG_CHOCHOS,RGB_JPG_Normais
C:\Users\eduar\Desktop\Soybe-main\data\com_fundo\RGB_JPG_Normais\grao_DSC_0661_id61.png,RGB_JPG_Normais,RGB_JPG_Normais
C:\Users\eduar\Desktop\Soybe-main\data\com_fundo\RGB_JPG_IMPUREZAS\grao_DSC_0003_id9.png,RGB_JPG_IMPUREZAS,RGB_JPG_IMPUREZAS
C:\Users\eduar\Desktop\Soybe-main\data\com_fundo\RGB_JPG_Normais\grao_DSC_0606_id86.png,RGB_JPG_Normais,RGB_JPG_Normais
C:\Users\eduar\Desktop\Soybe-main\data\com_fundo\RGB_JPG_IMPUREZAS\grao_DSC_0241_id78.png,RGB_JPG_IMPUREZAS,RGB_JPG_IMPUREZAS
C:\Users\eduar\Desktop\Soybe-main\data\com_fundo\RGB_JPG_Normais\grao_DSC_0391_id20.png,RGB_JPG_Normais,RGB_JPG_Normais
C:\Users\eduar\Desktop\Soybe-main\data\com_fundo\RGB_JPG_CHOCHOS\grao_DSC_0338_id3.png,RGB_JPG_CHOCHOS,RGB_JPG_CHOCHOS
C:\Users\eduar\Desktop\Soybe-main\data\com_fundo\RGB_JPG_Normais\grao_DSC_0648_id58.png,RGB_JPG_Normais,RGB_JPG_Normais
C:\Users\eduar\Desktop\Soybe-main\data\com_fundo\RGB_JPG_CHOCHOS\grao_DSC_0356_id113.png,RGB_JPG_CHOCHOS,RGB_JPG_CHOCHOS
C:\Users\eduar\Desktop\Soybe-main\data\com_fundo\RGB_JPG_IMPUREZAS\grao_DSC_0229_id21.png,RGB_JPG_IMPUREZAS,RGB_JPG_IMPUREZAS
C:\Users\eduar\Desktop\Soybe-main\data\com_fundo\RGB_JPG_QUEBRADOS\grao_DSC_0454_id34.png,RGB_JPG_QUEBRADOS,RGB_JPG_QUEBRADOS
C:\Users\eduar\Desktop\Soybe-main\data\com_fundo\RGB_JPG_IMPUREZAS\grao_DSC_0003_id82.png,RGB_JPG_IMPUREZAS,RGB_JPG_IMPUREZAS
C:\Users\eduar\Desktop\Soybe-main\data\com_fundo\RGB_JPG_Normais\grao_DSC_0516_id75.png,RGB_JPG_Normais,RGB_JPG_Normais
C:\Users\eduar\Desktop\Soybe-main\data\com_fundo\RGB_JPG_QUEBRADOS\grao_DSC_0168_id22.png,RGB_JPG_QUEBRADOS,RGB_JPG_QUEBRADOS
C:\Users\eduar\Desktop\Soybe-main\data\com_fundo\RGB_JPG_CHOCHOS\grao_DSC_0329_id39.png,RGB_JPG_CHOCHOS,RGB_JPG_CHOCHOS
C:\Users\eduar\Desktop\Soybe-main\data\com_fundo\RGB_JPG_IMPUREZAS\grao_DSC_0030_id37.png,RGB_JPG_IMPUREZAS,RGB_JPG_IMPUREZAS
C:\Users\eduar\Desktop\Soybe-main\data\com_fundo\RGB_JPG_Normais\grao_DSC_0501_id16.png,RGB_JPG_Normais,RGB_JPG_Normais
C:\Users\eduar\Desktop\Soybe-main\data\com_fundo\RGB_JPG_QUEBRADOS\grao_DSC_0463_id2.png,RGB_JPG_QUEBRADOS,RGB_JPG_QUEBRADOS
C:\Users\eduar\Desktop\Soybe-main\data\com_fundo\RGB_JPG_IMPUREZAS\grao_DSC_0002_id406.png,RGB_JPG_IMPUREZAS,RGB_JPG_IMPUREZAS
C:\Users\eduar\Desktop\Soybe-main\data\com_fundo\RGB_JPG_Normais\grao_DSC_0135_id18.png,RGB_JPG_Normais,RGB_JPG_Normais
C:\Users\eduar\Desktop\Soybe-main\data\com_fundo\RGB_JPG_QUEBRADOS\grao_DSC_0427_id114.png,RGB_JPG_QUEBRADOS,RGB_JPG_QUEBRADOS
C:\Users\eduar\Desktop\Soybe-main\data\com_fundo\RGB_JPG_Normais\grao_DSC_0481_id42.png,RGB_JPG_Normais,RGB_JPG_Normais
C:\Users\eduar\Desktop\Soybe-main\data\com_fundo\RGB_JPG_IMPUREZAS\grao_DSC_0224_id174.png,RGB_JPG_IMPUREZAS,RGB_JPG_IMPUREZAS
C:\Users\eduar\Desktop\Soybe-main\data\com_fundo\RGB_JPG_IMPUREZAS\grao_DSC_0010_id3.png,RGB_JPG_IMPUREZAS,RGB_JPG_IMPUREZAS
C:\Users\eduar\Desktop\Soybe-main\data\com_fundo\RGB_JPG_Normais\grao_DSC_0366_id86.png,RGB_JPG_Normais,RGB_JPG_Normais
C:\Users\eduar\Desktop\Soybe-main\data\com_fundo\RGB_JPG_IMPUREZAS\grao_DSC_0026_id2.png,RGB_JPG_IMPUREZAS,RGB_JPG_IMPUREZAS
C:\Users\eduar\Desktop\Soybe-main\data\com_fundo\RGB_JPG_Normais\grao_DSC_0140_id8.png,RGB_JPG_Normais,RGB_JPG_Normais
C:\Users\eduar\Desktop\Soybe-main\data\com_fundo\RGB_JPG_Normais\grao_DSC_0469_id39.png,RGB_JPG_Normais,RGB_JPG_Normais
C:\Users\eduar\Desktop\Soybe-main\data\com_fundo\RGB_JPG_CHOCHOS\grao_DSC_0314_id11.png,RGB_JPG_CHOCHOS,RGB_JPG_CHOCHOS
C:\Users\eduar\Desktop\Soybe-main\data\com_fundo\RGB_JPG_QUEBRADOS\grao_DSC_0451_id10.png,RGB_JPG_QUEBRADOS,RGB_JPG_QUEBRADOS
C:\Users\eduar\Desktop\Soybe-main\data\com_fundo\RGB_JPG_ESVERDEADO\grao_DSC_0309_id8.png,RGB_JPG_ESVERDEADO,RGB_JPG_ESVERDEADO
C:\Users\eduar\Desktop\Soybe-main\data\com_fundo\RGB_JPG_Normais\grao_DSC_0606_id19.png,RGB_JPG_Normais,RGB_JPG_Normais
C:\Users\eduar\Desktop\Soybe-main\data\com_fundo\RGB_JPG_IMPUREZAS\grao_DSC_0239_id10.png,RGB_JPG_IMPUREZAS,RGB_JPG_IMPUREZAS
C:\Users\eduar\Desktop\Soybe-main\data\com_fundo\RGB_JPG_IMPUREZAS\grao_DSC_0261_id87.png,RGB_JPG_IMPUREZAS,RGB_JPG_IMPUREZAS
C:\Users\eduar\Desktop\Soybe-main\data\com_fundo\RGB_JPG_IMPUREZAS\grao_DSC_0241_id130.png,RGB_JPG_IMPUREZAS,RGB_JPG_IMPUREZAS
C:\Users\eduar\Desktop\Soybe-main\data\com_fundo\RGB_JPG_Normais\grao_DSC_0469_id83.png,RGB_JPG_Normais,RGB_JPG_Normais
C:\Users\eduar\Desktop\Soybe-main\data\com_fundo\RGB_JPG_IMPUREZAS\grao_DSC_0040_id172.png,RGB_JPG_IMPUREZAS,RGB_JPG_IMPUREZAS
C:\Users\eduar\Desktop\Soybe-main\data\com_fundo\RGB_JPG_MAMONAS\grao_DSC_0186_id52.png,RGB_JPG_MAMONAS,RGB_JPG_MAMONAS
C:\Users\eduar\Desktop\Soybe-main\data\com_fundo\RGB_JPG_Normais\grao_DSC_0382_id81.png,RGB_JPG_Normais,RGB_JPG_Normais
C:\Users\eduar\Desktop\Soybe-main\data\com_fundo\RGB_JPG_QUEBRADOS\grao_DSC_0427_id22.png,RGB_JPG_QUEBRADOS,RGB_JPG_QUEBRADOS
C:\Users\eduar\Desktop\Soybe-main\data\com_fundo\RGB_JPG_QUEBRADOS\grao_DSC_0403_id19.png,RGB_JPG_QUEBRADOS,RGB_JPG_QUEBRADOS
C:\Users\eduar\Desktop\Soybe-main\data\com_fundo\RGB_JPG_QUEBRADOS\grao_DSC_0428_id62.png,RGB_JPG_QUEBRADOS,RGB_JPG_QUEBRADOS
C:\Users\eduar\Desktop\Soybe-main\data\com_fundo\RGB_JPG_QUEBRADOS\grao_DSC_0411_id62.png,RGB_JPG_QUEBRADOS,RGB_JPG_QUEBRADOS
C:\Users\eduar\Desktop\Soybe-main\data\com_fundo\RGB_JPG_CHOCHOS\grao_DSC_0352_id55.png,RGB_JPG_CHOCHOS,RGB_JPG_CHOCHOS
C:\Users\eduar\Desktop\Soybe-main\data\com_fundo\RGB_JPG_QUEBRADOS\grao_DSC_0426_id71.png,RGB_JPG_QUEBRADOS,RGB_JPG_QUEBRADOS
C:\Users\eduar\Desktop\Soybe-main\data\com_fundo\RGB_JPG_Normais\grao_DSC_0609_id44.png,RGB_JPG_Normais,RGB_JPG_Normais
C:\Users\eduar\Desktop\Soybe-main\data\com_fundo\RGB_JPG_INSETOS\grao_DSC_0163_id18.png,RGB_JPG_INSETOS,RGB_JPG_Normais
C:\Users\eduar\Desktop\Soybe-main\data\com_fundo\RGB_JPG_IMPUREZAS\grao_DSC_0246_id196.png,RGB_JPG_IMPUREZAS,RGB_JPG_IMPUREZAS
C:\Users\eduar\Desktop\Soybe-main\data\com_fundo\RGB_JPG_Normais\grao_DSC_0505_id61.png,RGB_JPG_Normais,RGB_JPG_Normais
C:\Users\eduar\Desktop\Soybe-main\data\com_fundo\RGB_JPG_Normais\grao_DSC_0377_id71.png,RGB_JPG_Normais,RGB_JPG_Normais
C:\Users\eduar\Desktop\Soybe-main\data\com_fundo\RGB_JPG_IMPUREZAS\grao_DSC_0288_id131.png,RGB_JPG_IMPUREZAS,RGB_JPG_IMPUREZAS
C:\Users\eduar\Desktop\Soybe-main\data\com_fundo\RGB_JPG_Normais\grao_DSC_0389_id23.png,RGB_JPG_Normais,RGB_JPG_Normais
C:\Users\eduar\Desktop\Soybe-main\data\com_fundo\RGB_JPG_Normais\grao_DSC_0520_id41.png,RGB_JPG_Normais,RGB_JPG_Normais
C:\Users\eduar\Desktop\Soybe-main\data\com_fundo\RGB_JPG_IMPUREZAS\grao_DSC_0027_id152.png,RGB_JPG_IMPUREZAS,RGB_JPG_IMPUREZAS
C:\Users\eduar\Desktop\Soybe-main\data\com_fundo\RGB_JPG_Normais\grao_DSC_0617_id7.png,RGB_JPG_Normais,RGB_JPG_Normais
C:\Users\eduar\Desktop\Soybe-main\data\com_fundo\RGB_JPG_Normais\grao_DSC_0142_id59.png,RGB_JPG_Normais,RGB_JPG_Normais
C:\Users\eduar\Desktop\Soybe-main\data\com_fundo\RGB_JPG_Normais\grao_DSC_0639_id2.png,RGB_JPG_Normais,RGB_JPG_Normais
C:\Users\eduar\Desktop\Soybe-main\data\com_fundo\RGB_JPG_Normais\grao_DSC_0607_id98.png,RGB_JPG_Normais,RGB_JPG_Normais
C:\Users\eduar\Desktop\Soybe-main\data\com_fundo\RGB_JPG_CHOCHOS\grao_DSC_0318_id58.png,RGB_JPG_CHOCHOS,RGB_JPG_CHOCHOS
C:\Users\eduar\Desktop\Soybe-main\data\com_fundo\RGB_JPG_IMPUREZAS\grao_DSC_0265_id138.png,RGB_JPG_IMPUREZAS,RGB_JPG_IMPUREZAS
C:\Users\eduar\Desktop\Soybe-main\data\com_fundo\RGB_JPG_IMPUREZAS\grao_DSC_0267_id2.png,RGB_JPG_IMPUREZAS,RGB_JPG_IMPUREZAS
C:\Users\eduar\Desktop\Soybe-main\data\com_fundo\RGB_JPG_CHOCHOS\grao_DSC_0326_id1.png,RGB_JPG_CHOCHOS,RGB_JPG_CHOCHOS
C:\Users\eduar\Desktop\Soybe-main\data\com_fundo\RGB_JPG_Normais\grao_DSC_0144_id23.png,RGB_JPG_Normais,RGB_JPG_Normais
C:\Users\eduar\Desktop\Soybe-main\data\com_fundo\RGB_JPG_Normais\grao_DSC_0396_id3.png,RGB_JPG_Normais,RGB_JPG_Normais
C:\Users\eduar\Desktop\Soybe-main\data\com_fundo\RGB_JPG_Normais\grao_DSC_0214_id18.png,RGB_JPG_Normais,RGB_JPG_Normais
C:\Users\eduar\Desktop\Soybe-main\data\com_fundo\RGB_JPG_IMPUREZAS\grao_DSC_0011_id110.png,RGB_JPG_IMPUREZAS,RGB_JPG_IMPUREZAS
C:\Users\eduar\Desktop\Soybe-main\data\com_fundo\RGB_JPG_Normais\grao_DSC_0221_id18.png,RGB_JPG_Normais,RGB_JPG_Normais
C:\Users\eduar\Desktop\Soybe-main\data\com_fundo\RGB_JPG_ESVERDEADO\grao_DSC_0304_id88.png,RGB_JPG_ESVERDEADO,RGB_JPG_ESVERDEADO
C:\Users\eduar\Desktop\Soybe-main\data\com_fundo\RGB_JPG_Normais\grao_DSC_0677_id60.png,RGB_JPG_Normais,RGB_JPG_Normais
C:\Users\eduar\Desktop\Soybe-main\data\com_fundo\RGB_JPG_IMPUREZAS\grao_DSC_0019_id132.png,RGB_JPG_IMPUREZAS,RGB_JPG_IMPUREZAS
C:\Users\eduar\Desktop\Soybe-main\data\com_fundo\RGB_JPG_QUEBRADOS\grao_DSC_0455_id17.png,RGB_JPG_QUEBRADOS,RGB_JPG_QUEBRADOS
C:\Users\eduar\Desktop\Soybe-main\data\com_fundo\RGB_JPG_IMPUREZAS\grao_DSC_0236_id58.png,RGB_JPG_IMPUREZAS,RGB_JPG_IMPUREZAS
C:\Users\eduar\Desktop\Soybe-main\data\com_fundo\RGB_JPG_Normais\grao_DSC_0519_id4.png,RGB_JPG_Normais,RGB_JPG_Normais
C:\Users\eduar\Desktop\Soybe-main\data\com_fundo\RGB_JPG_IMPUREZAS\grao_DSC_0267_id1.png,RGB_JPG_IMPUREZAS,RGB_JPG_IMPUREZAS
C:\Users\eduar\Desktop\Soybe-main\data\com_fundo\RGB_JPG_QUEBRADOS\grao_DSC_0429_id28.png,RGB_JPG_QUEBRADOS,RGB_JPG_QUEBRADOS
C:\Users\eduar\Desktop\Soybe-main\data\com_fundo\RGB_JPG_IMPUREZAS\grao_DSC_0035_id87.png,RGB_JPG_IMPUREZAS,RGB_JPG_IMPUREZAS
C:\Users\eduar\Desktop\Soybe-main\data\com_fundo\RGB_JPG_Normais\grao_DSC_0504_id41.png,RGB_JPG_Normais,RGB_JPG_Normais
C:\Users\eduar\Desktop\Soybe-main\data\com_fundo\RGB_JPG_Normais\grao_DSC_0368_id55.png,RGB_JPG_Normais,RGB_JPG_Normais
C:\Users\eduar\Desktop\Soybe-main\data\com_fundo\RGB_JPG_QUEBRADOS\grao_DSC_0460_id11.png,RGB_JPG_QUEBRADOS,RGB_JPG_QUEBRADOS
C:\Users\eduar\Desktop\Soybe-main\data\com_fundo\RGB_JPG_IMPUREZAS\grao_DSC_0011_id178.png,RGB_JPG_IMPUREZAS,RGB_JPG_IMPUREZAS
C:\Users\eduar\Desktop\Soybe-main\data\com_fundo\RGB_JPG_IMPUREZAS\grao_DSC_0036_id158.png,RGB_JPG_IMPUREZAS,RGB_JPG_IMPUREZAS
C:\Users\eduar\Desktop\Soybe-main\data\com_fundo\RGB_JPG_IMPUREZAS\grao_DSC_0277_id102.png,RGB_JPG_IMPUREZAS,RGB_JPG_IMPUREZAS
C:\Users\eduar\Desktop\Soybe-main\data\com_fundo\RGB_JPG_Normais\grao_DSC_0374_id64.png,RGB_JPG_Normais,RGB_JPG_Normais
C:\Users\eduar\Desktop\Soybe-main\data\com_fundo\RGB_JPG_Normais\grao_DSC_0143_id67.png,RGB_JPG_Normais,RGB_JPG_Normais
C:\Users\eduar\Desktop\Soybe-main\data\com_fundo\RGB_JPG_QUEBRADOS\grao_DSC_0409_id47.png,RGB_JPG_QUEBRADOS,RGB_JPG_QUEBRADOS
C:\Users\eduar\Desktop\Soybe-main\data\com_fundo\RGB_JPG_Normais\grao_DSC_0608_id96.png,RGB_JPG_Normais,RGB_JPG_Normais
C:\Users\eduar\Desktop\Soybe-main\data\com_fundo\RGB_JPG_Normais\grao_DSC_0653_id30.png,RGB_JPG_Normais,RGB_JPG_Normais
C:\Users\eduar\Desktop\Soybe-main\data\com_fundo\RGB_JPG_QUEBRADOS\grao_DSC_0168_id69.png,RGB_JPG_QUEBRADOS,RGB_JPG_QUEBRADOS
C:\Users\eduar\Desktop\Soybe-main\data\com_fundo\RGB_JPG_IMPUREZAS\grao_DSC_0292_id99.png,RGB_JPG_IMPUREZAS,RGB_JPG_IMPUREZAS
C:\Users\eduar\Desktop\Soybe-main\data\com_fundo\RGB_JPG_Normais\grao_DSC_0500_id48.png,RGB_JPG_Normais,RGB_JPG_Normais
C:\Users\eduar\Desktop\Soybe-main\data\com_fundo\RGB_JPG_Normais\grao_DSC_0499_id17.png,RGB_JPG_Normais,RGB_JPG_Normais
C:\Users\eduar\Desktop\Soybe-main\data\com_fundo\RGB_JPG_CHOCHOS\grao_DSC_0351_id65.png,RGB_JPG_CHOCHOS,RGB_JPG_CHOCHOS
C:\Users\eduar\Desktop\Soybe-main\data\com_fundo\RGB_JPG_Normais\grao_DSC_0322_id28.png,RGB_JPG_Normais,RGB_JPG_CHOCHOS
C:\Users\eduar\Desktop\Soybe-main\data\com_fundo\RGB_JPG_CHOCHOS\grao_DSC_0348_id93.png,RGB_JPG_CHOCHOS,RGB_JPG_CHOCHOS
C:\Users\eduar\Desktop\Soybe-main\data\com_fundo\RGB_JPG_Normais\grao_DSC_0211_id56.png,RGB_JPG_Normais,RGB_JPG_Normais
C:\Users\eduar\Desktop\Soybe-main\data\com_fundo\RGB_JPG_Normais\grao_DSC_0636_id105.png,RGB_JPG_Normais,RGB_JPG_Normais
C:\Users\eduar\Desktop\Soybe-main\data\com_fundo\RGB_JPG_CHOCHOS\grao_DSC_0324_id26.png,RGB_JPG_CHOCHOS,RGB_JPG_CHOCHOS
C:\Users\eduar\Desktop\Soybe-main\data\com_fundo\RGB_JPG_Normais\grao_DSC_0385_id113.png,RGB_JPG_Normais,RGB_JPG_Normais
C:\Users\eduar\Desktop\Soybe-main\data\com_fundo\RGB_JPG_ESVERDEADO\grao_DSC_0311_id43.png,RGB_JPG_ESVERDEADO,RGB_JPG_ESVERDEADO
C:\Users\eduar\Desktop\Soybe-main\data\com_fundo\RGB_JPG_Normais\grao_DSC_0372_id102.png,RGB_JPG_Normais,RGB_JPG_Normais
C:\Users\eduar\Desktop\Soybe-main\data\com_fundo\RGB_JPG_Normais\grao_DSC_0390_id25.png,RGB_JPG_Normais,RGB_JPG_Normais
C:\Users\eduar\Desktop\Soybe-main\data\com_fundo\RGB_JPG_IMPUREZAS\grao_DSC_0249_id88.png,RGB_JPG_IMPUREZAS,RGB_JPG_IMPUREZAS
C:\Users\eduar\Desktop\Soybe-main\data\com_fundo\RGB_JPG_MAMONAS\grao_DSC_0190_id282.png,RGB_JPG_MAMONAS,RGB_JPG_MAMONAS
C:\Users\eduar\Desktop\Soybe-main\data\com_fundo\RGB_JPG_QUEBRADOS\grao_DSC_0442_id14.png,RGB_JPG_QUEBRADOS,RGB_JPG_QUEBRADOS
C:\Users\eduar\Desktop\Soybe-main\data\com_fundo\RGB_JPG_CHOCHOS\grao_DSC_0364_id83.png,RGB_JPG_CHOCHOS,RGB_JPG_CHOCHOS
C:\Users\eduar\Desktop\Soybe-main\data\com_fundo\RGB_JPG_Normais\grao_DSC_0217_id15.png,RGB_JPG_Normais,RGB_JPG_Normais
C:\Users\eduar\Desktop\Soybe-main\data\com_fundo\RGB_JPG_IMPUREZAS\grao_DSC_0290_id123.png,RGB_JPG_IMPUREZAS,RGB_JPG_IMPUREZAS
C:\Users\eduar\Desktop\Soybe-main\data\com_fundo\RGB_JPG_QUEBRADOS\grao_DSC_0412_id40.png,RGB_JPG_QUEBRADOS,RGB_JPG_QUEBRADOS
C:\Users\eduar\Desktop\Soybe-main\data\com_fundo\RGB_JPG_Normais\grao_DSC_0513_id56.png,RGB_JPG_Normais,RGB_JPG_Normais
C:\Users\eduar\Desktop\Soybe-main\data\com_fundo\RGB_JPG_IMPUREZAS\grao_DSC_0227_id61.png,RGB_JPG_IMPUREZAS,RGB_JPG_IMPUREZAS
C:\Users\eduar\Desktop\Soybe-main\data\com_fundo\RGB_JPG_CHOCHOS\grao_DSC_0344_id3.png,RGB_JPG_CHOCHOS,RGB_JPG_CHOCHOS
C:\Users\eduar\Desktop\Soybe-main\data\com_fundo\RGB_JPG_IMPUREZAS\grao_DSC_0274_id143.png,RGB_JPG_IMPUREZAS,RGB_JPG_IMPUREZAS
C:\Users\eduar\Desktop\Soybe-main\data\com_fundo\RGB_JPG_QUEBRADOS\grao_DSC_0454_id66.png,RGB_JPG_QUEBRADOS,RGB_JPG_QUEBRADOS
C:\Users\eduar\Desktop\Soybe-main\data\com_fundo\RGB_JPG_Normais\grao_DSC_0617_id54.png,RGB_JPG_Normais,RGB_JPG_Normais
C:\Users\eduar\Desktop\Soybe-main\data\com_fundo\RGB_JPG_IMPUREZAS\grao_DSC_0006_id24.png,RGB_JPG_IMPUREZAS,RGB_JPG_IMPUREZAS
C:\Users\eduar\Desktop\Soybe-main\data\com_fundo\RGB_JPG_CHOCHOS\grao_DSC_0351_id38.png,RGB_JPG_CHOCHOS,RGB_JPG_CHOCHOS
C:\Users\eduar\Desktop\Soybe-main\data\com_fundo\RGB_JPG_CHOCHOS\grao_DSC_0326_id77.png,RGB_JPG_CHOCHOS,RGB_JPG_CHOCHOS
C:\Users\eduar\Desktop\Soybe-main\data\com_fundo\RGB_JPG_CHOCHOS\grao_DSC_0339_id7.png,RGB_JPG_CHOCHOS,RGB_JPG_CHOCHOS
C:\Users\eduar\Desktop\Soybe-main\data\com_fundo\RGB_JPG_IMPUREZAS\grao_DSC_0022_id132.png,RGB_JPG_IMPUREZAS,RGB_JPG_IMPUREZAS
C:\Users\eduar\Desktop\Soybe-main\data\com_fundo\RGB_JPG_QUEBRADOS\grao_DSC_0406_id19.png,RGB_JPG_QUEBRADOS,RGB_JPG_QUEBRADOS
C:\Users\eduar\Desktop\Soybe-main\data\com_fundo\RGB_JPG_IMPUREZAS\grao_DSC_0295_id236.png,RGB_JPG_IMPUREZAS,RGB_JPG_IMPUREZAS
C:\Users\eduar\Desktop\Soybe-main\data\com_fundo\RGB_JPG_Normais\grao_DSC_0514_id92.png,RGB_JPG_Normais,RGB_JPG_Normais
C:\Users\eduar\Desktop\Soybe-main\data\com_fundo\RGB_JPG_QUEBRADOS\grao_DSC_0461_id14.png,RGB_JPG_QUEBRADOS,RGB_JPG_QUEBRADOS
C:\Users\eduar\Desktop\Soybe-main\data\com_fundo\RGB_JPG_IMPUREZAS\grao_DSC_0026_id21.png,RGB_JPG_IMPUREZAS,RGB_JPG_IMPUREZAS
C:\Users\eduar\Desktop\Soybe-main\data\com_fundo\RGB_JPG_QUEBRADOS\grao_DSC_0170_id65.png,RGB_JPG_QUEBRADOS,RGB_JPG_QUEBRADOS
C:\Users\eduar\Desktop\Soybe-main\data\com_fundo\RGB_JPG_IMPUREZAS\grao_DSC_0223_id145.png,RGB_JPG_IMPUREZAS,RGB_JPG_IMPUREZAS
C:\Users\eduar\Desktop\Soybe-main\data\com_fundo\RGB_JPG_IMPUREZAS\grao_DSC_0252_id13.png,RGB_JPG_IMPUREZAS,RGB_JPG_IMPUREZAS
C:\Users\eduar\Desktop\Soybe-main\data\com_fundo\RGB_JPG_ESVERDEADO\grao_DSC_0307_id63.png,RGB_JPG_ESVERDEADO,RGB_JPG_ESVERDEADO
C:\Users\eduar\Desktop\Soybe-main\data\com_fundo\RGB_JPG_IMPUREZAS\grao_DSC_0224_id145.png,RGB_JPG_IMPUREZAS,RGB_JPG_IMPUREZAS
C:\Users\eduar\Desktop\Soybe-main\data\com_fundo\RGB_JPG_IMPUREZAS\grao_DSC_0276_id349.png,RGB_JPG_IMPUREZAS,RGB_JPG_IMPUREZAS
C:\Users\eduar\Desktop\Soybe-main\data\com_fundo\RGB_JPG_Normais\grao_DSC_0492_id88.png,RGB_JPG_Normais,RGB_JPG_Normais
C:\Users\eduar\Desktop\Soybe-main\data\com_fundo\RGB_JPG_QUEBRADOS\grao_DSC_0173_id39.png,RGB_JPG_QUEBRADOS,RGB_JPG_QUEBRADOS
C:\Users\eduar\Desktop\Soybe-main\data\com_fundo\RGB_JPG_IMPUREZAS\grao_DSC_0230_id140.png,RGB_JPG_IMPUREZAS,RGB_JPG_IMPUREZAS
C:\Users\eduar\Desktop\Soybe-main\data\com_fundo\RGB_JPG_ESVERDEADO\grao_DSC_0303_id93.png,RGB_JPG_ESVERDEADO,RGB_JPG_ESVERDEADO
C:\Users\eduar\Desktop\Soybe-main\data\com_fundo\RGB_JPG_Normais\grao_DSC_0498_id78.png,RGB_JPG_Normais,RGB_JPG_Normais
C:\Users\eduar\Desktop\Soybe-main\data\com_fundo\RGB_JPG_Normais\grao_DSC_0481_id82.png,RGB_JPG_Normais,RGB_JPG_Normais
C:\Users\eduar\Desktop\Soybe-main\data\com_fundo\RGB_JPG_IMPUREZAS\grao_DSC_0227_id64.png,RGB_JPG_IMPUREZAS,RGB_JPG_IMPUREZAS
C:\Users\eduar\Desktop\Soybe-main\data\com_fundo\RGB_JPG_Normais\grao_DSC_0143_id49.png,RGB_JPG_Normais,RGB_JPG_Normais
C:\Users\eduar\Desktop\Soybe-main\data\com_fundo\RGB_JPG_Normais\grao_DSC_0495_id11.png,RGB_JPG_Normais,RGB_JPG_Normais
C:\Users\eduar\Desktop\Soybe-main\data\com_fundo\RGB_JPG_Normais\grao_DSC_0477_id5.png,RGB_JPG_Normais,RGB_JPG_Normais
C:\Users\eduar\Desktop\Soybe-main\data\com_fundo\RGB_JPG_IMPUREZAS\grao_DSC_0244_id165.png,RGB_JPG_IMPUREZAS,RGB_JPG_IMPUREZAS
C:\Users\eduar\Desktop\Soybe-main\data\com_fundo\RGB_JPG_QUEBRADOS\grao_DSC_0170_id77.png,RGB_JPG_QUEBRADOS,RGB_JPG_QUEBRADOS
C:\Users\eduar\Desktop\Soybe-main\data\com_fundo\RGB_JPG_Normais\grao_DSC_0377_id1.png,RGB_JPG_Normais,RGB_JPG_Normais
C:\Users\eduar\Desktop\Soybe-main\data\com_fundo\RGB_JPG_IMPUREZAS\grao_DSC_0257_id105.png,RGB_JPG_IMPUREZAS,RGB_JPG_IMPUREZAS
C:\Users\eduar\Desktop\Soybe-main\data\com_fundo\RGB_JPG_INSETOS\grao_DSC_0163_id63.png,RGB_JPG_INSETOS,RGB_JPG_INSETOS
C:\Users\eduar\Desktop\Soybe-main\data\com_fundo\RGB_JPG_Normais\grao_DSC_0487_id11.png,RGB_JPG_Normais,RGB_JPG_Normais
C:\Users\eduar\Desktop\Soybe-main\data\com_fundo\RGB_JPG_IMPUREZAS\grao_DSC_0251_id259.png,RGB_JPG_IMPUREZAS,RGB_JPG_IMPUREZAS
C:\Users\eduar\Desktop\Soybe-main\data\com_fundo\RGB_JPG_IMPUREZAS\grao_DSC_0041_id193.png,RGB_JPG_IMPUREZAS,RGB_JPG_IMPUREZAS
C:\Users\eduar\Desktop\Soybe-main\data\com_fundo\RGB_JPG_Normais\grao_DSC_0375_id70.png,RGB_JPG_Normais,RGB_JPG_QUEBRADOS
C:\Users\eduar\Desktop\Soybe-main\data\com_fundo\RGB_JPG_IMPUREZAS\grao_DSC_0281_id76.png,RGB_JPG_IMPUREZAS,RGB_JPG_IMPUREZAS
C:\Users\eduar\Desktop\Soybe-main\data\com_fundo\RGB_JPG_Normais\grao_DSC_0155_id4.png,RGB_JPG_Normais,RGB_JPG_Normais
C:\Users\eduar\Desktop\Soybe-main\data\com_fundo\RGB_JPG_Normais\grao_DSC_0656_id80.png,RGB_JPG_Normais,RGB_JPG_Normais
C:\Users\eduar\Desktop\Soybe-main\data\com_fundo\RGB_JPG_IMPUREZAS\grao_DSC_0223_id23.png,RGB_JPG_IMPUREZAS,RGB_JPG_IMPUREZAS
C:\Users\eduar\Desktop\Soybe-main\data\com_fundo\RGB_JPG_QUEBRADOS\grao_DSC_0410_id16.png,RGB_JPG_QUEBRADOS,RGB_JPG_QUEBRADOS
C:\Users\eduar\Desktop\Soybe-main\data\com_fundo\RGB_JPG_Normais\grao_DSC_0136_id60.png,RGB_JPG_Normais,RGB_JPG_Normais
C:\Users\eduar\Desktop\Soybe-main\data\com_fundo\RGB_JPG_Normais\grao_DSC_0618_id59.png,RGB_JPG_Normais,RGB_JPG_Normais
C:\Users\eduar\Desktop\Soybe-main\data\com_fundo\RGB_JPG_ESVERDEADO\grao_DSC_0302_id10.png,RGB_JPG_ESVERDEADO,RGB_JPG_ESVERDEADO
C:\Users\eduar\Desktop\Soybe-main\data\com_fundo\RGB_JPG_IMPUREZAS\grao_DSC_0241_id49.png,RGB_JPG_IMPUREZAS,RGB_JPG_IMPUREZAS
C:\Users\eduar\Desktop\Soybe-main\data\com_fundo\RGB_JPG_Normais\grao_DSC_0487_id56.png,RGB_JPG_Normais,RGB_JPG_Normais
C:\Users\eduar\Desktop\Soybe-main\data\com_fundo\RGB_JPG_Normais\grao_DSC_0470_id101.png,RGB_JPG_Normais,RGB_JPG_Normais
C:\Users\eduar\Desktop\Soybe-main\data\com_fundo\RGB_JPG_IMPUREZAS\grao_DSC_0243_id79.png,RGB_JPG_IMPUREZAS,RGB_JPG_IMPUREZAS
C:\Users\eduar\Desktop\Soybe-main\data\com_fundo\RGB_JPG_Normais\grao_DSC_0629_id38.png,RGB_JPG_Normais,RGB_JPG_Normais
C:\Users\eduar\Desktop\Soybe-main\data\com_fundo\RGB_JPG_IMPUREZAS\grao_DSC_0265_id154.png,RGB_JPG_IMPUREZAS,RGB_JPG_IMPUREZAS
C:\Users\eduar\Desktop\Soybe-main\data\com_fundo\RGB_JPG_Normais\grao_DSC_0141_id95.png,RGB_JPG_Normais,RGB_JPG_Normais
C:\Users\eduar\Desktop\Soybe-main\data\com_fundo\RGB_JPG_IMPUREZAS\grao_DSC_0274_id82.png,RGB_JPG_IMPUREZAS,RGB_JPG_IMPUREZAS
C:\Users\eduar\Desktop\Soybe-main\data\com_fundo\RGB_JPG_QUEBRADOS\grao_DSC_0426_id68.png,RGB_JPG_QUEBRADOS,RGB_JPG_QUEBRADOS
C:\Users\eduar\Desktop\Soybe-main\data\com_fundo\RGB_JPG_Normais\grao_DSC_0153_id81.png,RGB_JPG_Normais,RGB_JPG_Normais
C:\Users\eduar\Desktop\Soybe-main\data\com_fundo\RGB_JPG_Normais\grao_DSC_0664_id42.png,RGB_JPG_Normais,RGB_JPG_Normais
C:\Users\eduar\Desktop\Soybe-main\data\com_fundo\RGB_JPG_IMPUREZAS\grao_DSC_0242_id326.png,RGB_JPG_IMPUREZAS,RGB_JPG_IMPUREZAS
C:\Users\eduar\Desktop\Soybe-main\data\com_fundo\RGB_JPG_Normais\grao_DSC_0680_id82.png,RGB_JPG_Normais,RGB_JPG_Normais
C:\Users\eduar\Desktop\Soybe-main\data\com_fundo\RGB_JPG_IMPUREZAS\grao_DSC_0259_id32.png,RGB_JPG_IMPUREZAS,RGB_JPG_IMPUREZAS
C:\Users\eduar\Desktop\Soybe-main\data\com_fundo\RGB_JPG_CHOCHOS\grao_DSC_0347_id96.png,RGB_JPG_CHOCHOS,RGB_JPG_CHOCHOS
C:\Users\eduar\Desktop\Soybe-main\data\com_fundo\RGB_JPG_IMPUREZAS\grao_DSC_0284_id58.png,RGB_JPG_IMPUREZAS,RGB_JPG_IMPUREZAS
C:\Users\eduar\Desktop\Soybe-main\data\com_fundo\RGB_JPG_Normais\grao_DSC_0506_id9.png,RGB_JPG_Normais,RGB_JPG_Normais
C:\Users\eduar\Desktop\Soybe-main\data\com_fundo\RGB_JPG_Normais\grao_DSC_0509_id84.png,RGB_JPG_Normais,RGB_JPG_Normais
C:\Users\eduar\Desktop\Soybe-main\data\com_fundo\RGB_JPG_Normais\grao_DSC_0136_id103.png,RGB_JPG_Normais,RGB_JPG_Normais
C:\Users\eduar\Desktop\Soybe-main\data\com_fundo\RGB_JPG_MAMONAS\grao_DSC_0188_id122.png,RGB_JPG_MAMONAS,RGB_JPG_MAMONAS
C:\Users\eduar\Desktop\Soybe-main\data\com_fundo\RGB_JPG_IMPUREZAS\grao_DSC_0240_id216.png,RGB_JPG_IMPUREZAS,RGB_JPG_IMPUREZAS
C:\Users\eduar\Desktop\Soybe-main\data\com_fundo\RGB_JPG_Normais\grao_DSC_0137_id28.png,RGB_JPG_Normais,RGB_JPG_Normais
C:\Users\eduar\Desktop\Soybe-main\data\com_fundo\RGB_JPG_Normais\grao_DSC_0370_id6.png,RGB_JPG_Normais,RGB_JPG_Normais
C:\Users\eduar\Desktop\Soybe-main\data\com_fundo\RGB_JPG_ESVERDEADO\grao_DSC_0310_id77.png,RGB_JPG_ESVERDEADO,RGB_JPG_ESVERDEADO
C:\Users\eduar\Desktop\Soybe-main\data\com_fundo\RGB_JPG_CHOCHOS\grao_DSC_0332_id4.png,RGB_JPG_CHOCHOS,RGB_JPG_CHOCHOS
C:\Users\eduar\Desktop\Soybe-main\data\com_fundo\RGB_JPG_QUEBRADOS\grao_DSC_0171_id92.png,RGB_JPG_QUEBRADOS,RGB_JPG_QUEBRADOS
C:\Users\eduar\Desktop\Soybe-main\data\com_fundo\RGB_JPG_Normais\grao_DSC_0484_id76.png,RGB_JPG_Normais,RGB_JPG_Normais
C:\Users\eduar\Desktop\Soybe-main\data\com_fundo\RGB_JPG_QUEBRADOS\grao_DSC_0427_id59.png,RGB_JPG_QUEBRADOS,RGB_JPG_QUEBRADOS
C:\Users\eduar\Desktop\Soybe-main\data\com_fundo\RGB_JPG_IMPUREZAS\grao_DSC_0260_id21.png,RGB_JPG_IMPUREZAS,RGB_JPG_IMPUREZAS
C:\Users\eduar\Desktop\Soybe-main\data\com_fundo\RGB_JPG_Normais\grao_DSC_0476_id74.png,RGB_JPG_Normais,RGB_JPG_Normais
C:\Users\eduar\Desktop\Soybe-main\data\com_fundo\RGB_JPG_IMPUREZAS\grao_DSC_0292_id48.png,RGB_JPG_IMPUREZAS,RGB_JPG_IMPUREZAS
C:\Users\eduar\Desktop\Soybe-main\data\com_fundo\RGB_JPG_Normais\grao_DSC_0508_id69.png,RGB_JPG_Normais,RGB_JPG_Normais
C:\Users\eduar\Desktop\Soybe-main\data\com_fundo\RGB_JPG_Normais\grao_DSC_0634_id19.png,RGB_JPG_Normais,RGB_JPG_Normais
C:\Users\eduar\Desktop\Soybe-main\data\com_fundo\RGB_JPG_CHOCHOS\grao_DSC_0324_id82.png,RGB_JPG_CHOCHOS,RGB_JPG_CHOCHOS
C:\Users\eduar\Desktop\Soybe-main\data\com_fundo\RGB_JPG_Normais\grao_DSC_0511_id31.png,RGB_JPG_Normais,RGB_JPG_Normais
C:\Users\eduar\Desktop\Soybe-main\data\com_fundo\RGB_JPG_QUEBRADOS\grao_DSC_0439_id87.png,RGB_JPG_QUEBRADOS,RGB_JPG_QUEBRADOS
C:\Users\eduar\Desktop\Soybe-main\data\com_fundo\RGB_JPG_CHOCHOS\grao_DSC_0316_id76.png,RGB_JPG_CHOCHOS,RGB_JPG_CHOCHOS
C:\Users\eduar\Desktop\Soybe-main\data\com_fundo\RGB_JPG_IMPUREZAS\grao_DSC_0269_id150.png,RGB_JPG_IMPUREZAS,RGB_JPG_IMPUREZAS
C:\Users\eduar\Desktop\Soybe-main\data\com_fundo\RGB_JPG_CHOCHOS\grao_DSC_0322_id122.png,RGB_JPG_CHOCHOS,RGB_JPG_CHOCHOS
C:\Users\eduar\Desktop\Soybe-main\data\com_fundo\RGB_JPG_CHOCHOS\grao_DSC_0364_id32.png,RGB_JPG_CHOCHOS,RGB_JPG_CHOCHOS
C:\Users\eduar\Desktop\Soybe-main\data\com_fundo\RGB_JPG_Normais\grao_DSC_0675_id11.png,RGB_JPG_Normais,RGB_JPG_Normais
C:\Users\eduar\Desktop\Soybe-main\data\com_fundo\RGB_JPG_QUEBRADOS\grao_DSC_0436_id24.png,RGB_JPG_QUEBRADOS,RGB_JPG_QUEBRADOS
C:\Users\eduar\Desktop\Soybe-main\data\com_fundo\RGB_JPG_MAMONAS\grao_DSC_0189_id274.png,RGB_JPG_MAMONAS,RGB_JPG_MAMONAS
C:\Users\eduar\Desktop\Soybe-main\data\com_fundo\RGB_JPG_IMPUREZAS\grao_DSC_0253_id107.png,RGB_JPG_IMPUREZAS,RGB_JPG_IMPUREZAS
C:\Users\eduar\Desktop\Soybe-main\data\com_fundo\RGB_JPG_QUEBRADOS\grao_DSC_0423_id18.png,RGB_JPG_QUEBRADOS,RGB_JPG_QUEBRADOS
C:\Users\eduar\Desktop\Soybe-main\data\com_fundo\RGB_JPG_Normais\grao_DSC_0614_id30.png,RGB_JPG_Normais,RGB_JPG_Normais
C:\Users\eduar\Desktop\Soybe-main\data\com_fundo\RGB_JPG_IMPUREZAS\grao_DSC_0028_id101.png,RGB_JPG_IMPUREZAS,RGB_JPG_IMPUREZAS
C:\Users\eduar\Desktop\Soybe-main\data\com_fundo\RGB_JPG_QUEBRADOS\grao_DSC_0408_id70.png,RGB_JPG_QUEBRADOS,RGB_JPG_QUEBRADOS
C:\Users\eduar\Desktop\Soybe-main\data\com_fundo\RGB_JPG_CHOCHOS\grao_DSC_0317_id70.png,RGB_JPG_CHOCHOS,RGB_JPG_CHOCHOS
C:\Users\eduar\Desktop\Soybe-main\data\com_fundo\RGB_JPG_Normais\grao_DSC_0662_id5.png,RGB_JPG_Normais,RGB_JPG_Normais
C:\Users\eduar\Desktop\Soybe-main\data\com_fundo\RGB_JPG_IMPUREZAS\grao_DSC_0247_id45.png,RGB_JPG_IMPUREZAS,RGB_JPG_IMPUREZAS
C:\Users\eduar\Desktop\Soybe-main\data\com_fundo\RGB_JPG_IMPUREZAS\grao_DSC_0256_id189.png,RGB_JPG_IMPUREZAS,RGB_JPG_IMPUREZAS
C:\Users\eduar\Desktop\Soybe-main\data\com_fundo\RGB_JPG_IMPUREZAS\grao_DSC_0248_id186.png,RGB_JPG_IMPUREZAS,RGB_JPG_IMPUREZAS
C:\Users\eduar\Desktop\Soybe-main\data\com_fundo\RGB_JPG_IMPUREZAS\grao_DSC_0003_id195.png,RGB_JPG_IMPUREZAS,RGB_JPG_IMPUREZAS
C:\Users\eduar\Desktop\Soybe-main\data\com_fundo\RGB_JPG_Normais\grao_DSC_0674_id73.png,RGB_JPG_Normais,RGB_JPG_Normais
C:\Users\eduar\Desktop\Soybe-main\data\com_fundo\RGB_JPG_IMPUREZAS\grao_DSC_0029_id82.png,RGB_JPG_IMPUREZAS,RGB_JPG_IMPUREZAS
C:\Users\eduar\Desktop\Soybe-main\data\com_fundo\RGB_JPG_IMPUREZAS\grao_DSC_0276_id223.png,RGB_JPG_IMPUREZAS,RGB_JPG_IMPUREZAS
C:\Users\eduar\Desktop\Soybe-main\data\com_fundo\RGB_JPG_QUEBRADOS\grao_DSC_0415_id82.png,RGB_JPG_QUEBRADOS,RGB_JPG_QUEBRADOS
C:\Users\eduar\Desktop\Soybe-main\data\com_fundo\RGB_JPG_Normais\grao_DSC_0504_id19.png,RGB_JPG_Normais,RGB_JPG_Normais
C:\Users\eduar\Desktop\Soybe-main\data\com_fundo\RGB_JPG_QUEBRADOS\grao_DSC_0172_id4.png,RGB_JPG_QUEBRADOS,RGB_JPG_QUEBRADOS
C:\Users\eduar\Desktop\Soybe-main\data\com_fundo\RGB_JPG_QUEBRADOS\grao_DSC_0435_id72.png,RGB_JPG_QUEBRADOS,RGB_JPG_QUEBRADOS
C:\Users\eduar\Desktop\Soybe-main\data\com_fundo\RGB_JPG_Normais\grao_DSC_0161_id112.png,RGB_JPG_Normais,RGB_JPG_Normais
C:\Users\eduar\Desktop\Soybe-main\data\com_fundo\RGB_JPG_Normais\grao_DSC_0374_id34.png,RGB_JPG_Normais,RGB_JPG_Normais
C:\Users\eduar\Desktop\Soybe-main\data\com_fundo\RGB_JPG_Normais\grao_DSC_0372_id36.png,RGB_JPG_Normais,RGB_JPG_Normais
C:\Users\eduar\Desktop\Soybe-main\data\com_fundo\RGB_JPG_Normais\grao_DSC_0372_id83.png,RGB_JPG_Normais,RGB_JPG_Normais
C:\Users\eduar\Desktop\Soybe-main\data\com_fundo\RGB_JPG_Normais\grao_DSC_0159_id46.png,RGB_JPG_Normais,RGB_JPG_Normais
C:\Users\eduar\Desktop\Soybe-main\data\com_fundo\RGB_JPG_IMPUREZAS\grao_DSC_0280_id66.png,RGB_JPG_IMPUREZAS,RGB_JPG_IMPUREZAS
C:\Users\eduar\Desktop\Soybe-main\data\com_fundo\RGB_JPG_ESVERDEADO\grao_DSC_0304_id98.png,RGB_JPG_ESVERDEADO,RGB_JPG_ESVERDEADO
C:\Users\eduar\Desktop\Soybe-main\data\com_fundo\RGB_JPG_QUEBRADOS\grao_DSC_0417_id40.png,RGB_JPG_QUEBRADOS,RGB_JPG_QUEBRADOS
C:\Users\eduar\Desktop\Soybe-main\data\com_fundo\RGB_JPG_Normais\grao_DSC_0142_id15.png,RGB_JPG_Normais,RGB_JPG_Normais
C:\Users\eduar\Desktop\Soybe-main\data\com_fundo\RGB_JPG_Normais\grao_DSC_0653_id47.png,RGB_JPG_Normais,RGB_JPG_Normais
C:\Users\eduar\Desktop\Soybe-main\data\com_fundo\RGB_JPG_QUEBRADOS\grao_DSC_0461_id82.png,RGB_JPG_QUEBRADOS,RGB_JPG_QUEBRADOS
C:\Users\eduar\Desktop\Soybe-main\data\com_fundo\RGB_JPG_IMPUREZAS\grao_DSC_0238_id129.png,RGB_JPG_IMPUREZAS,RGB_JPG_IMPUREZAS
C:\Users\eduar\Desktop\Soybe-main\data\com_fundo\RGB_JPG_Normais\grao_DSC_0484_id73.png,RGB_JPG_Normais,RGB_JPG_Normais
C:\Users\eduar\Desktop\Soybe-main\data\com_fundo\RGB_JPG_IMPUREZAS\grao_DSC_0002_id62.png,RGB_JPG_IMPUREZAS,RGB_JPG_IMPUREZAS
C:\Users\eduar\Desktop\Soybe-main\data\com_fundo\RGB_JPG_IMPUREZAS\grao_DSC_0223_id125.png,RGB_JPG_IMPUREZAS,RGB_JPG_IMPUREZAS
C:\Users\eduar\Desktop\Soybe-main\data\com_fundo\RGB_JPG_Normais\grao_DSC_0141_id105.png,RGB_JPG_Normais,RGB_JPG_Normais
C:\Users\eduar\Desktop\Soybe-main\data\com_fundo\RGB_JPG_Normais\grao_DSC_0504_id91.png,RGB_JPG_Normais,RGB_JPG_Normais
C:\Users\eduar\Desktop\Soybe-main\data\com_fundo\RGB_JPG_ESVERDEADO\grao_DSC_0306_id41.png,RGB_JPG_ESVERDEADO,RGB_JPG_ESVERDEADO
C:\Users\eduar\Desktop\Soybe-main\data\com_fundo\RGB_JPG_IMPUREZAS\grao_DSC_0264_id163.png,RGB_JPG_IMPUREZAS,RGB_JPG_IMPUREZAS
C:\Users\eduar\Desktop\Soybe-main\data\com_fundo\RGB_JPG_QUEBRADOS\grao_DSC_0418_id18.png,RGB_JPG_QUEBRADOS,RGB_JPG_QUEBRADOS
C:\Users\eduar\Desktop\Soybe-main\data\com_fundo\RGB_JPG_IMPUREZAS\grao_DSC_0245_id271.png,RGB_JPG_IMPUREZAS,RGB_JPG_IMPUREZAS
C:\Users\eduar\Desktop\Soybe-main\data\com_fundo\RGB_JPG_Normais\grao_DSC_0217_id43.png,RGB_JPG_Normais,RGB_JPG_Normais
C:\Users\eduar\Desktop\Soybe-main\data\com_fundo\RGB_JPG_ESVERDEADO\grao_DSC_0301_id12.png,RGB_JPG_ESVERDEADO,RGB_JPG_ESVERDEADO
C:\Users\eduar\Desktop\Soybe-main\data\com_fundo\RGB_JPG_IMPUREZAS\grao_DSC_0273_id95.png,RGB_JPG_IMPUREZAS,RGB_JPG_IMPUREZAS
C:\Users\eduar\Desktop\Soybe-main\data\com_fundo\RGB_JPG_QUEBRADOS\grao_DSC_0448_id13.png,RGB_JPG_QUEBRADOS,RGB_JPG_QUEBRADOS
C:\Users\eduar\Desktop\Soybe-main\data\com_fundo\RGB_JPG_Normais\grao_DSC_0615_id92.png,RGB_JPG_Normais,RGB_JPG_Normais
C:\Users\eduar\Desktop\Soybe-main\data\com_fundo\RGB_JPG_QUEBRADOS\grao_DSC_0440_id54.png,RGB_JPG_QUEBRADOS,RGB_JPG_QUEBRADOS
C:\Users\eduar\Desktop\Soybe-main\data\com_fundo\RGB_JPG_IMPUREZAS\grao_DSC_0002_id219.png,RGB_JPG_IMPUREZAS,RGB_JPG_IMPUREZAS
C:\Users\eduar\Desktop\Soybe-main\data\com_fundo\RGB_JPG_IMPUREZAS\grao_DSC_0018_id155.png,RGB_JPG_IMPUREZAS,RGB_JPG_IMPUREZAS
C:\Users\eduar\Desktop\Soybe-main\data\com_fundo\RGB_JPG_IMPUREZAS\grao_DSC_0269_id165.png,RGB_JPG_IMPUREZAS,RGB_JPG_IMPUREZAS
C:\Users\eduar\Desktop\Soybe-main\data\com_fundo\RGB_JPG_QUEBRADOS\grao_DSC_0412_id63.png,RGB_JPG_QUEBRADOS,RGB_JPG_QUEBRADOS
C:\Users\eduar\Desktop\Soybe-main\data\com_fundo\RGB_JPG_Normais\grao_DSC_0653_id62.png,RGB_JPG_Normais,RGB_JPG_Normais
C:\Users\eduar\Desktop\Soybe-main\data\com_fundo\RGB_JPG_Normais\grao_DSC_0676_id68.png,RGB_JPG_Normais,RGB_JPG_Normais
C:\Users\eduar\Desktop\Soybe-main\data\com_fundo\RGB_JPG_IMPUREZAS\grao_DSC_0282_id146.png,RGB_JPG_IMPUREZAS,RGB_JPG_IMPUREZAS
C:\Users\eduar\Desktop\Soybe-main\data\com_fundo\RGB_JPG_Normais\grao_DSC_0507_id8.png,RGB_JPG_Normais,RGB_JPG_Normais
C:\Users\eduar\Desktop\Soybe-main\data\com_fundo\RGB_JPG_Normais\grao_DSC_0158_id51.png,RGB_JPG_Normais,RGB_JPG_Normais
C:\Users\eduar\Desktop\Soybe-main\data\com_fundo\RGB_JPG_Normais\grao_DSC_0481_id11.png,RGB_JPG_Normais,RGB_JPG_Normais
C:\Users\eduar\Desktop\Soybe-main\data\com_fundo\RGB_JPG_IMPUREZAS\grao_DSC_0017_id254.png,RGB_JPG_IMPUREZAS,RGB_JPG_IMPUREZAS
C:\Users\eduar\Desktop\Soybe-main\data\com_fundo\RGB_JPG_Normais\grao_DSC_0369_id63.png,RGB_JPG_Normais,RGB_JPG_Normais
C:\Users\eduar\Desktop\Soybe-main\data\com_fundo\RGB_JPG_Normais\grao_DSC_0369_id59.png,RGB_JPG_Normais,RGB_JPG_Normais
C:\Users\eduar\Desktop\Soybe-main\data\com_fundo\RGB_JPG_Normais\grao_DSC_0511_id91.png,RGB_JPG_Normais,RGB_JPG_Normais
C:\Users\eduar\Desktop\Soybe-main\data\com_fundo\RGB_JPG_MAMONAS\grao_DSC_0190_id43.png,RGB_JPG_MAMONAS,RGB_JPG_MAMONAS
C:\Users\eduar\Desktop\Soybe-main\data\com_fundo\RGB_JPG_IMPUREZAS\grao_DSC_0228_id256.png,RGB_JPG_IMPUREZAS,RGB_JPG_IMPUREZAS
C:\Users\eduar\Desktop\Soybe-main\data\com_fundo\RGB_JPG_Normais\grao_DSC_0662_id38.png,RGB_JPG_Normais,RGB_JPG_Normais
C:\Users\eduar\Desktop\Soybe-main\data\com_fundo\RGB_JPG_Normais\grao_DSC_0514_id19.png,RGB_JPG_Normais,RGB_JPG_Normais
C:\Users\eduar\Desktop\Soybe-main\data\com_fundo\RGB_JPG_IMPUREZAS\grao_DSC_0021_id208.png,RGB_JPG_IMPUREZAS,RGB_JPG_IMPUREZAS
C:\Users\eduar\Desktop\Soybe-main\data\com_fundo\RGB_JPG_IMPUREZAS\grao_DSC_0237_id115.png,RGB_JPG_IMPUREZAS,RGB_JPG_IMPUREZAS
C:\Users\eduar\Desktop\Soybe-main\data\com_fundo\RGB_JPG_QUEBRADOS\grao_DSC_0467_id42.png,RGB_JPG_QUEBRADOS,RGB_JPG_QUEBRADOS
C:\Users\eduar\Desktop\Soybe-main\data\com_fundo\RGB_JPG_IMPUREZAS\grao_DSC_0270_id161.png,RGB_JPG_IMPUREZAS,RGB_JPG_IMPUREZAS
C:\Users\eduar\Desktop\Soybe-main\data\com_fundo\RGB_JPG_Normais\grao_DSC_0399_id45.png,RGB_JPG_Normais,RGB_JPG_Normais
C:\Users\eduar\Desktop\Soybe-main\data\com_fundo\RGB_JPG_Normais\grao_DSC_0629_id107.png,RGB_JPG_Normais,RGB_JPG_Normais
C:\Users\eduar\Desktop\Soybe-main\data\com_fundo\RGB_JPG_CHOCHOS\grao_DSC_0320_id32.png,RGB_JPG_CHOCHOS,RGB_JPG_CHOCHOS
C:\Users\eduar\Desktop\Soybe-main\data\com_fundo\RGB_JPG_IMPUREZAS\grao_DSC_0265_id111.png,RGB_JPG_IMPUREZAS,RGB_JPG_IMPUREZAS
C:\Users\eduar\Desktop\Soybe-main\data\com_fundo\RGB_JPG_IMPUREZAS\grao_DSC_0018_id102.png,RGB_JPG_IMPUREZAS,RGB_JPG_IMPUREZAS
C:\Users\eduar\Desktop\Soybe-main\data\com_fundo\RGB_JPG_Normais\grao_DSC_0472_id105.png,RGB_JPG_Normais,RGB_JPG_Normais
C:\Users\eduar\Desktop\Soybe-main\data\com_fundo\RGB_JPG_Normais\grao_DSC_0610_id91.png,RGB_JPG_Normais,RGB_JPG_Normais
C:\Users\eduar\Desktop\Soybe-main\data\com_fundo\RGB_JPG_Normais\grao_DSC_0648_id62.png,RGB_JPG_Normais,RGB_JPG_Normais
C:\Users\eduar\Desktop\Soybe-main\data\com_fundo\RGB_JPG_QUEBRADOS\grao_DSC_0413_id34.png,RGB_JPG_QUEBRADOS,RGB_JPG_QUEBRADOS
C:\Users\eduar\Desktop\Soybe-main\data\com_fundo\RGB_JPG_QUEBRADOS\grao_DSC_0458_id78.png,RGB_JPG_QUEBRADOS,RGB_JPG_QUEBRADOS
C:\Users\eduar\Desktop\Soybe-main\data\com_fundo\RGB_JPG_CHOCHOS\grao_DSC_0327_id61.png,RGB_JPG_CHOCHOS,RGB_JPG_CHOCHOS
C:\Users\eduar\Desktop\Soybe-main\data\com_fundo\RGB_JPG_Normais\grao_DSC_0365_id35.png,RGB_JPG_Normais,RGB_JPG_Normais
C:\Users\eduar\Desktop\Soybe-main\data\com_fundo\RGB_JPG_IMPUREZAS\grao_DSC_0276_id342.png,RGB_JPG_IMPUREZAS,RGB_JPG_IMPUREZAS
C:\Users\eduar\Desktop\Soybe-main\data\com_fundo\RGB_JPG_QUEBRADOS\grao_DSC_0445_id16.png,RGB_JPG_QUEBRADOS,RGB_JPG_QUEBRADOS
C:\Users\eduar\Desktop\Soybe-main\data\com_fundo\RGB_JPG_IMPUREZAS\grao_DSC_0293_id223.png,RGB_JPG_IMPUREZAS,RGB_JPG_IMPUREZAS
C:\Users\eduar\Desktop\Soybe-main\data\com_fundo\RGB_JPG_IMPUREZAS\grao_DSC_0289_id104.png,RGB_JPG_IMPUREZAS,RGB_JPG_IMPUREZAS
C:\Users\eduar\Desktop\Soybe-main\data\com_fundo\RGB_JPG_IMPUREZAS\grao_DSC_0273_id207.png,RGB_JPG_IMPUREZAS,RGB_JPG_IMPUREZAS
C:\Users\eduar\Desktop\Soybe-main\data\com_fundo\RGB_JPG_Normais\grao_DSC_0468_id62.png,RGB_JPG_Normais,RGB_JPG_Normais
C:\Users\eduar\Desktop\Soybe-main\data\com_fundo\RGB_JPG_QUEBRADOS\grao_DSC_0410_id44.png,RGB_JPG_QUEBRADOS,RGB_JPG_QUEBRADOS
C:\Users\eduar\Desktop\Soybe-main\data\com_fundo\RGB_JPG_ESVERDEADO\grao_DSC_0309_id89.png,RGB_JPG_ESVERDEADO,RGB_JPG_ESVERDEADO
C:\Users\eduar\Desktop\Soybe-main\data\com_fundo\RGB_JPG_IMPUREZAS\grao_DSC_0037_id227.png,RGB_JPG_IMPUREZAS,RGB_JPG_IMPUREZAS
C:\Users\eduar\Desktop\Soybe-main\data\com_fundo\RGB_JPG_CHOCHOS\grao_DSC_0329_id52.png,RGB_JPG_CHOCHOS,RGB_JPG_CHOCHOS
C:\Users\eduar\Desktop\Soybe-main\data\com_fundo\RGB_JPG_ESVERDEADO\grao_DSC_0300_id52.png,RGB_JPG_ESVERDEADO,RGB_JPG_ESVERDEADO
C:\Users\eduar\Desktop\Soybe-main\data\com_fundo\RGB_JPG_IMPUREZAS\grao_DSC_0008_id36.png,RGB_JPG_IMPUREZAS,RGB_JPG_IMPUREZAS
C:\Users\eduar\Desktop\Soybe-main\data\com_fundo\RGB_JPG_QUEBRADOS\grao_DSC_0429_id1.png,RGB_JPG_QUEBRADOS,RGB_JPG_QUEBRADOS
C:\Users\eduar\Desktop\Soybe-main\data\com_fundo\RGB_JPG_Normais\grao_DSC_0221_id51.png,RGB_JPG_Normais,RGB_JPG_Normais
C:\Users\eduar\Desktop\Soybe-main\data\com_fundo\RGB_JPG_IMPUREZAS\grao_DSC_0020_id134.png,RGB_JPG_IMPUREZAS,RGB_JPG_IMPUREZAS
C:\Users\eduar\Desktop\Soybe-main\data\com_fundo\RGB_JPG_Normais\grao_DSC_0510_id45.png,RGB_JPG_Normais,RGB_JPG_Normais
C:\Users\eduar\Desktop\Soybe-main\data\com_fundo\RGB_JPG_Normais\grao_DSC_0154_id53.png,RGB_JPG_Normais,RGB_JPG_Normais
C:\Users\eduar\Desktop\Soybe-main\data\com_fundo\RGB_JPG_IMPUREZAS\grao_DSC_0036_id214.png,RGB_JPG_IMPUREZAS,RGB_JPG_IMPUREZAS
C:\Users\eduar\Desktop\Soybe-main\data\com_fundo\RGB_JPG_IMPUREZAS\grao_DSC_0292_id95.png,RGB_JPG_IMPUREZAS,RGB_JPG_IMPUREZAS
C:\Users\eduar\Desktop\Soybe-main\data\com_fundo\RGB_JPG_IMPUREZAS\grao_DSC_0225_id162.png,RGB_JPG_IMPUREZAS,RGB_JPG_IMPUREZAS
C:\Users\eduar\Desktop\Soybe-main\data\com_fundo\RGB_JPG_QUEBRADOS\grao_DSC_0404_id7.png,RGB_JPG_QUEBRADOS,RGB_JPG_QUEBRADOS
C:\Users\eduar\Desktop\Soybe-main\data\com_fundo\RGB_JPG_QUEBRADOS\grao_DSC_0443_id103.png,RGB_JPG_QUEBRADOS,RGB_JPG_QUEBRADOS
C:\Users\eduar\Desktop\Soybe-main\data\com_fundo\RGB_JPG_CHOCHOS\grao_DSC_0332_id90.png,RGB_JPG_CHOCHOS,RGB_JPG_CHOCHOS
C:\Users\eduar\Desktop\Soybe-main\data\com_fundo\RGB_JPG_CHOCHOS\grao_DSC_0359_id3.png,RGB_JPG_CHOCHOS,RGB_JPG_CHOCHOS
C:\Users\eduar\Desktop\Soybe-main\data\com_fundo\RGB_JPG_IMPUREZAS\grao_DSC_0264_id151.png,RGB_JPG_IMPUREZAS,RGB_JPG_IMPUREZAS
C:\Users\eduar\Desktop\Soybe-main\data\com_fundo\RGB_JPG_IMPUREZAS\grao_DSC_0293_id66.png,RGB_JPG_IMPUREZAS,RGB_JPG_IMPUREZAS
C:\Users\eduar\Desktop\Soybe-main\data\com_fundo\RGB_JPG_IMPUREZAS\grao_DSC_0266_id24.png,RGB_JPG_IMPUREZAS,RGB_JPG_IMPUREZAS
C:\Users\eduar\Desktop\Soybe-main\data\com_fundo\RGB_JPG_QUEBRADOS\grao_DSC_0415_id46.png,RGB_JPG_QUEBRADOS,RGB_JPG_QUEBRADOS
C:\Users\eduar\Desktop\Soybe-main\data\com_fundo\RGB_JPG_IMPUREZAS\grao_DSC_0279_id57.png,RGB_JPG_IMPUREZAS,RGB_JPG_IMPUREZAS
C:\Users\eduar\Desktop\Soybe-main\data\com_fundo\RGB_JPG_Normais\grao_DSC_0515_id46.png,RGB_JPG_Normais,RGB_JPG_Normais
C:\Users\eduar\Desktop\Soybe-main\data\com_fundo\RGB_JPG_CHOCHOS\grao_DSC_0319_id9.png,RGB_JPG_CHOCHOS,RGB_JPG_CHOCHOS
C:\Users\eduar\Desktop\Soybe-main\data\com_fundo\RGB_JPG_IMPUREZAS\grao_DSC_0275_id27.png,RGB_JPG_IMPUREZAS,RGB_JPG_IMPUREZAS
C:\Users\eduar\Desktop\Soybe-main\data\com_fundo\RGB_JPG_QUEBRADOS\grao_DSC_0412_id50.png,RGB_JPG_QUEBRADOS,RGB_JPG_QUEBRADOS
C:\Users\eduar\Desktop\Soybe-main\data\com_fundo\RGB_JPG_ESVERDEADO\grao_DSC_0305_id87.png,RGB_JPG_ESVERDEADO,RGB_JPG_ESVERDEADO
C:\Users\eduar\Desktop\Soybe-main\data\com_fundo\RGB_JPG_Normais\grao_DSC_0643_id38.png,RGB_JPG_Normais,RGB_JPG_Normais
C:\Users\eduar\Desktop\Soybe-main\data\com_fundo\RGB_JPG_QUEBRADOS\grao_DSC_0447_id3.png,RGB_JPG_QUEBRADOS,RGB_JPG_QUEBRADOS
C:\Users\eduar\Desktop\Soybe-main\data\com_fundo\RGB_JPG_CHOCHOS\grao_DSC_0343_id15.png,RGB_JPG_CHOCHOS,RGB_JPG_CHOCHOS
C:\Users\eduar\Desktop\Soybe-main\data\com_fundo\RGB_JPG_Normais\grao_DSC_0143_id73.png,RGB_JPG_Normais,RGB_JPG_Normais
C:\Users\eduar\Desktop\Soybe-main\data\com_fundo\RGB_JPG_Normais\grao_DSC_0620_id41.png,RGB_JPG_Normais,RGB_JPG_Normais
C:\Users\eduar\Desktop\Soybe-main\data\com_fundo\RGB_JPG_CHOCHOS\grao_DSC_0320_id94.png,RGB_JPG_CHOCHOS,RGB_JPG_Normais
C:\Users\eduar\Desktop\Soybe-main\data\com_fundo\RGB_JPG_IMPUREZAS\grao_DSC_0021_id191.png,RGB_JPG_IMPUREZAS,RGB_JPG_IMPUREZAS
C:\Users\eduar\Desktop\Soybe-main\data\com_fundo\RGB_JPG_Normais\grao_DSC_0142_id106.png,RGB_JPG_Normais,RGB_JPG_Normais
C:\Users\eduar\Desktop\Soybe-main\data\com_fundo\RGB_JPG_IMPUREZAS\grao_DSC_0237_id199.png,RGB_JPG_IMPUREZAS,RGB_JPG_IMPUREZAS
C:\Users\eduar\Desktop\Soybe-main\data\com_fundo\RGB_JPG_Normais\grao_DSC_0645_id34.png,RGB_JPG_Normais,RGB_JPG_Normais
C:\Users\eduar\Desktop\Soybe-main\data\com_fundo\RGB_JPG_QUEBRADOS\grao_DSC_0425_id43.png,RGB_JPG_QUEBRADOS,RGB_JPG_QUEBRADOS
C:\Users\eduar\Desktop\Soybe-main\data\com_fundo\RGB_JPG_Normais\grao_DSC_0393_id54.png,RGB_JPG_Normais,RGB_JPG_Normais
C:\Users\eduar\Desktop\Soybe-main\data\com_fundo\RGB_JPG_CHOCHOS\grao_DSC_0331_id57.png,RGB_JPG_CHOCHOS,RGB_JPG_Normais
C:\Users\eduar\Desktop\Soybe-main\data\com_fundo\RGB_JPG_Normais\grao_DSC_0515_id33.png,RGB_JPG_Normais,RGB_JPG_Normais
C:\Users\eduar\Desktop\Soybe-main\data\com_fundo\RGB_JPG_CHOCHOS\grao_DSC_0341_id37.png,RGB_JPG_CHOCHOS,RGB_JPG_CHOCHOS
C:\Users\eduar\Desktop\Soybe-main\data\com_fundo\RGB_JPG_QUEBRADOS\grao_DSC_0456_id79.png,RGB_JPG_QUEBRADOS,RGB_JPG_QUEBRADOS
C:\Users\eduar\Desktop\Soybe-main\data\com_fundo\RGB_JPG_ESVERDEADO\grao_DSC_0303_id76.png,RGB_JPG_ESVERDEADO,RGB_JPG_ESVERDEADO
C:\Users\eduar\Desktop\Soybe-main\data\com_fundo\RGB_JPG_ESVERDEADO\grao_DSC_0300_id31.png,RGB_JPG_ESVERDEADO,RGB_JPG_ESVERDEADO
C:\Users\eduar\Desktop\Soybe-main\data\com_fundo\RGB_JPG_ESVERDEADO\grao_DSC_0310_id13.png,RGB_JPG_ESVERDEADO,RGB_JPG_ESVERDEADO
C:\Users\eduar\Desktop\Soybe-main\data\com_fundo\RGB_JPG_QUEBRADOS\grao_DSC_0413_id51.png,RGB_JPG_QUEBRADOS,RGB_JPG_QUEBRADOS
C:\Users\eduar\Desktop\Soybe-main\data\com_fundo\RGB_JPG_Normais\grao_DSC_0385_id107.png,RGB_JPG_Normais,RGB_JPG_Normais
C:\Users\eduar\Desktop\Soybe-main\data\com_fundo\RGB_JPG_Normais\grao_DSC_0677_id103.png,RGB_JPG_Normais,RGB_JPG_Normais
C:\Users\eduar\Desktop\Soybe-main\data\com_fundo\RGB_JPG_IMPUREZAS\grao_DSC_0268_id98.png,RGB_JPG_IMPUREZAS,RGB_JPG_IMPUREZAS
C:\Users\eduar\Desktop\Soybe-main\data\com_fundo\RGB_JPG_Normais\grao_DSC_0468_id85.png,RGB_JPG_Normais,RGB_JPG_Normais
C:\Users\eduar\Desktop\Soybe-main\data\com_fundo\RGB_JPG_Normais\grao_DSC_0365_id45.png,RGB_JPG_Normais,RGB_JPG_Normais
C:\Users\eduar\Desktop\Soybe-main\data\com_fundo\RGB_JPG_Normais\grao_DSC_0633_id23.png,RGB_JPG_Normais,RGB_JPG_Normais
C:\Users\eduar\Desktop\Soybe-main\data\com_fundo\RGB_JPG_QUEBRADOS\grao_DSC_0436_id97.png,RGB_JPG_QUEBRADOS,RGB_JPG_QUEBRADOS
C:\Users\eduar\Desktop\Soybe-main\data\com_fundo\RGB_JPG_Normais\grao_DSC_0150_id103.png,RGB_JPG_Normais,RGB_JPG_Normais
C:\Users\eduar\Desktop\Soybe-main\data\com_fundo\RGB_JPG_IMPUREZAS\grao_DSC_0296_id237.png,RGB_JPG_IMPUREZAS,RGB_JPG_IMPUREZAS
C:\Users\eduar\Desktop\Soybe-main\data\com_fundo\RGB_JPG_ESVERDEADO\grao_DSC_0300_id20.png,RGB_JPG_ESVERDEADO,RGB_JPG_ESVERDEADO
C:\Users\eduar\Desktop\Soybe-main\data\com_fundo\RGB_JPG_QUEBRADOS\grao_DSC_0415_id29.png,RGB_JPG_QUEBRADOS,RGB_JPG_QUEBRADOS
C:\Users\eduar\Desktop\Soybe-main\data\com_fundo\RGB_JPG_MAMONAS\grao_DSC_0185_id64.png,RGB_JPG_MAMONAS,RGB_JPG_MAMONAS
C:\Users\eduar\Desktop\Soybe-main\data\com_fundo\RGB_JPG_Normais\grao_DSC_0621_id65.png,RGB_JPG_Normais,RGB_JPG_Normais
C:\Users\eduar\Desktop\Soybe-main\data\com_fundo\RGB_JPG_IMPUREZAS\grao_DSC_0007_id22.png,RGB_JPG_IMPUREZAS,RGB_JPG_IMPUREZAS
C:\Users\eduar\Desktop\Soybe-main\data\com_fundo\RGB_JPG_ESVERDEADO\grao_DSC_0309_id38.png,RGB_JPG_ESVERDEADO,RGB_JPG_ESVERDEADO
C:\Users\eduar\Desktop\Soybe-main\data\com_fundo\RGB_JPG_QUEBRADOS\grao_DSC_0168_id2.png,RGB_JPG_QUEBRADOS,RGB_JPG_QUEBRADOS
C:\Users\eduar\Desktop\Soybe-main\data\com_fundo\RGB_JPG_Normais\grao_DSC_0505_id20.png,RGB_JPG_Normais,RGB_JPG_Normais
C:\Users\eduar\Desktop\Soybe-main\data\com_fundo\RGB_JPG_QUEBRADOS\grao_DSC_0459_id9.png,RGB_JPG_QUEBRADOS,RGB_JPG_Normais
C:\Users\eduar\Desktop\Soybe-main\data\com_fundo\RGB_JPG_IMPUREZAS\grao_DSC_0260_id151.png,RGB_JPG_IMPUREZAS,RGB_JPG_IMPUREZAS
C:\Users\eduar\Desktop\Soybe-main\data\com_fundo\RGB_JPG_IMPUREZAS\grao_DSC_0227_id213.png,RGB_JPG_IMPUREZAS,RGB_JPG_IMPUREZAS
C:\Users\eduar\Desktop\Soybe-main\data\com_fundo\RGB_JPG_Normais\grao_DSC_0136_id100.png,RGB_JPG_Normais,RGB_JPG_Normais
C:\Users\eduar\Desktop\Soybe-main\data\com_fundo\RGB_JPG_IMPUREZAS\grao_DSC_0274_id2.png,RGB_JPG_IMPUREZAS,RGB_JPG_IMPUREZAS
C:\Users\eduar\Desktop\Soybe-main\data\com_fundo\RGB_JPG_Normais\grao_DSC_0675_id4.png,RGB_JPG_Normais,RGB_JPG_Normais
C:\Users\eduar\Desktop\Soybe-main\data\com_fundo\RGB_JPG_Normais\grao_DSC_0639_id88.png,RGB_JPG_Normais,RGB_JPG_Normais
C:\Users\eduar\Desktop\Soybe-main\data\com_fundo\RGB_JPG_Normais\grao_DSC_0393_id13.png,RGB_JPG_Normais,RGB_JPG_Normais
C:\Users\eduar\Desktop\Soybe-main\data\com_fundo\RGB_JPG_Normais\grao_DSC_0389_id91.png,RGB_JPG_Normais,RGB_JPG_Normais
C:\Users\eduar\Desktop\Soybe-main\data\com_fundo\RGB_JPG_Normais\grao_DSC_0136_id15.png,RGB_JPG_Normais,RGB_JPG_Normais
C:\Users\eduar\Desktop\Soybe-main\data\com_fundo\RGB_JPG_Normais\grao_DSC_0642_id109.png,RGB_JPG_Normais,RGB_JPG_Normais
C:\Users\eduar\Desktop\Soybe-main\data\com_fundo\RGB_JPG_QUEBRADOS\grao_DSC_0413_id87.png,RGB_JPG_QUEBRADOS,RGB_JPG_QUEBRADOS
C:\Users\eduar\Desktop\Soybe-main\data\com_fundo\RGB_JPG_Normais\grao_DSC_0661_id23.png,RGB_JPG_Normais,RGB_JPG_Normais
C:\Users\eduar\Desktop\Soybe-main\data\com_fundo\RGB_JPG_Normais\grao_DSC_0142_id27.png,RGB_JPG_Normais,RGB_JPG_Normais
C:\Users\eduar\Desktop\Soybe-main\data\com_fundo\RGB_JPG_QUEBRADOS\grao_DSC_0429_id14.png,RGB_JPG_QUEBRADOS,RGB_JPG_QUEBRADOS
C:\Users\eduar\Desktop\Soybe-main\data\com_fundo\RGB_JPG_Normais\grao_DSC_0663_id98.png,RGB_JPG_Normais,RGB_JPG_Normais
C:\Users\eduar\Desktop\Soybe-main\data\com_fundo\RGB_JPG_IMPUREZAS\grao_DSC_0016_id63.png,RGB_JPG_IMPUREZAS,RGB_JPG_IMPUREZAS
C:\Users\eduar\Desktop\Soybe-main\data\com_fundo\RGB_JPG_PURPURAS\grao_DSC_0049_id8.png,RGB_JPG_PURPURAS,RGB_JPG_PURPURAS
C:\Users\eduar\Desktop\Soybe-main\data\com_fundo\RGB_JPG_IMPUREZAS\grao_DSC_0257_id192.png,RGB_JPG_IMPUREZAS,RGB_JPG_IMPUREZAS
C:\Users\eduar\Desktop\Soybe-main\data\com_fundo\RGB_JPG_QUEBRADOS\grao_DSC_0410_id26.png,RGB_JPG_QUEBRADOS,RGB_JPG_QUEBRADOS
C:\Users\eduar\Desktop\Soybe-main\data\com_fundo\RGB_JPG_Normais\grao_DSC_0159_id26.png,RGB_JPG_Normais,RGB_JPG_Normais
C:\Users\eduar\Desktop\Soybe-main\data\com_fundo\RGB_JPG_IMPUREZAS\grao_DSC_0230_id182.png,RGB_JPG_IMPUREZAS,RGB_JPG_IMPUREZAS
C:\Users\eduar\Desktop\Soybe-main\data\com_fundo\RGB_JPG_CHOCHOS\grao_DSC_0334_id101.png,RGB_JPG_CHOCHOS,RGB_JPG_CHOCHOS
C:\Users\eduar\Desktop\Soybe-main\data\com_fundo\RGB_JPG_CHOCHOS\grao_DSC_0353_id36.png,RGB_JPG_CHOCHOS,RGB_JPG_CHOCHOS
C:\Users\eduar\Desktop\Soybe-main\data\com_fundo\RGB_JPG_INSETOS\grao_DSC_0164_id18.png,RGB_JPG_INSETOS,RGB_JPG_INSETOS
C:\Users\eduar\Desktop\Soybe-main\data\com_fundo\RGB_JPG_QUEBRADOS\grao_DSC_0428_id87.png,RGB_JPG_QUEBRADOS,RGB_JPG_QUEBRADOS
C:\Users\eduar\Desktop\Soybe-main\data\com_fundo\RGB_JPG_IMPUREZAS\grao_DSC_0224_id243.png,RGB_JPG_IMPUREZAS,RGB_JPG_IMPUREZAS
C:\Users\eduar\Desktop\Soybe-main\data\com_fundo\RGB_JPG_Normais\grao_DSC_0382_id30.png,RGB_JPG_Normais,RGB_JPG_Normais
C:\Users\eduar\Desktop\Soybe-main\data\com_fundo\RGB_JPG_Normais\grao_DSC_0385_id24.png,RGB_JPG_Normais,RGB_JPG_Normais
C:\Users\eduar\Desktop\Soybe-main\data\com_fundo\RGB_JPG_Normais\grao_DSC_0516_id42.png,RGB_JPG_Normais,RGB_JPG_Normais
C:\Users\eduar\Desktop\Soybe-main\data\com_fundo\RGB_JPG_QUEBRADOS\grao_DSC_0462_id89.png,RGB_JPG_QUEBRADOS,RGB_JPG_QUEBRADOS
C:\Users\eduar\Desktop\Soybe-main\data\com_fundo\RGB_JPG_IMPUREZAS\grao_DSC_0286_id136.png,RGB_JPG_IMPUREZAS,RGB_JPG_IMPUREZAS
C:\Users\eduar\Desktop\Soybe-main\data\com_fundo\RGB_JPG_IMPUREZAS\grao_DSC_0294_id157.png,RGB_JPG_IMPUREZAS,RGB_JPG_IMPUREZAS
C:\Users\eduar\Desktop\Soybe-main\data\com_fundo\RGB_JPG_Normais\grao_DSC_0482_id79.png,RGB_JPG_Normais,RGB_JPG_Normais
C:\Users\eduar\Desktop\Soybe-main\data\com_fundo\RGB_JPG_IMPUREZAS\grao_DSC_0036_id183.png,RGB_JPG_IMPUREZAS,RGB_JPG_IMPUREZAS
C:\Users\eduar\Desktop\Soybe-main\data\com_fundo\RGB_JPG_PURPURAS\grao_DSC_0046_id2.png,RGB_JPG_PURPURAS,RGB_JPG_PURPURAS
C:\Users\eduar\Desktop\Soybe-main\data\com_fundo\RGB_JPG_QUEBRADOS\grao_DSC_0437_id49.png,RGB_JPG_QUEBRADOS,RGB_JPG_QUEBRADOS
C:\Users\eduar\Desktop\Soybe-main\data\com_fundo\RGB_JPG_Normais\grao_DSC_0643_id108.png,RGB_JPG_Normais,RGB_JPG_Normais
C:\Users\eduar\Desktop\Soybe-main\data\com_fundo\RGB_JPG_IMPUREZAS\grao_DSC_0002_id106.png,RGB_JPG_IMPUREZAS,RGB_JPG_IMPUREZAS
C:\Users\eduar\Desktop\Soybe-main\data\com_fundo\RGB_JPG_Normais\grao_DSC_0610_id94.png,RGB_JPG_Normais,RGB_JPG_Normais
C:\Users\eduar\Desktop\Soybe-main\data\com_fundo\RGB_JPG_QUEBRADOS\grao_DSC_0432_id66.png,RGB_JPG_QUEBRADOS,RGB_JPG_QUEBRADOS
C:\Users\eduar\Desktop\Soybe-main\data\com_fundo\RGB_JPG_Normais\grao_DSC_0143_id50.png,RGB_JPG_Normais,RGB_JPG_Normais
C:\Users\eduar\Desktop\Soybe-main\data\com_fundo\RGB_JPG_Normais\grao_DSC_0477_id16.png,RGB_JPG_Normais,RGB_JPG_Normais
C:\Users\eduar\Desktop\Soybe-main\data\com_fundo\RGB_JPG_Normais\grao_DSC_0375_id79.png,RGB_JPG_Normais,RGB_JPG_Normais
C:\Users\eduar\Desktop\Soybe-main\data\com_fundo\RGB_JPG_CHOCHOS\grao_DSC_0342_id43.png,RGB_JPG_CHOCHOS,RGB_JPG_CHOCHOS
C:\Users\eduar\Desktop\Soybe-main\data\com_fundo\RGB_JPG_IMPUREZAS\grao_DSC_0231_id123.png,RGB_JPG_IMPUREZAS,RGB_JPG_IMPUREZAS
C:\Users\eduar\Desktop\Soybe-main\data\com_fundo\RGB_JPG_Normais\grao_DSC_0212_id85.png,RGB_JPG_Normais,RGB_JPG_Normais
C:\Users\eduar\Desktop\Soybe-main\data\com_fundo\RGB_JPG_Normais\grao_DSC_0510_id7.png,RGB_JPG_Normais,RGB_JPG_Normais
C:\Users\eduar\Desktop\Soybe-main\data\com_fundo\RGB_JPG_Normais\grao_DSC_0500_id95.png,RGB_JPG_Normais,RGB_JPG_Normais
C:\Users\eduar\Desktop\Soybe-main\data\com_fundo\RGB_JPG_Normais\grao_DSC_0160_id4.png,RGB_JPG_Normais,RGB_JPG_Normais
C:\Users\eduar\Desktop\Soybe-main\data\com_fundo\RGB_JPG_IMPUREZAS\grao_DSC_0018_id66.png,RGB_JPG_IMPUREZAS,RGB_JPG_IMPUREZAS
C:\Users\eduar\Desktop\Soybe-main\data\com_fundo\RGB_JPG_IMPUREZAS\grao_DSC_0227_id21.png,RGB_JPG_IMPUREZAS,RGB_JPG_IMPUREZAS
C:\Users\eduar\Desktop\Soybe-main\data\com_fundo\RGB_JPG_Normais\grao_DSC_0162_id45.png,RGB_JPG_Normais,RGB_JPG_Normais
C:\Users\eduar\Desktop\Soybe-main\data\com_fundo\RGB_JPG_Normais\grao_DSC_0371_id21.png,RGB_JPG_Normais,RGB_JPG_Normais
C:\Users\eduar\Desktop\Soybe-main\data\com_fundo\RGB_JPG_Normais\grao_DSC_0645_id2.png,RGB_JPG_Normais,RGB_JPG_Normais
C:\Users\eduar\Desktop\Soybe-main\data\com_fundo\RGB_JPG_IMPUREZAS\grao_DSC_0004_id111.png,RGB_JPG_IMPUREZAS,RGB_JPG_IMPUREZAS
C:\Users\eduar\Desktop\Soybe-main\data\com_fundo\RGB_JPG_Normais\grao_DSC_0395_id12.png,RGB_JPG_Normais,RGB_JPG_Normais
C:\Users\eduar\Desktop\Soybe-main\data\com_fundo\RGB_JPG_CHOCHOS\grao_DSC_0333_id16.png,RGB_JPG_CHOCHOS,RGB_JPG_CHOCHOS
C:\Users\eduar\Desktop\Soybe-main\data\com_fundo\RGB_JPG_Normais\grao_DSC_0369_id79.png,RGB_JPG_Normais,RGB_JPG_Normais
C:\Users\eduar\Desktop\Soybe-main\data\com_fundo\RGB_JPG_INSETOS\grao_DSC_0163_id95.png,RGB_JPG_INSETOS,RGB_JPG_INSETOS
C:\Users\eduar\Desktop\Soybe-main\data\com_fundo\RGB_JPG_IMPUREZAS\grao_DSC_0272_id70.png,RGB_JPG_IMPUREZAS,RGB_JPG_IMPUREZAS
C:\Users\eduar\Desktop\Soybe-main\data\com_fundo\RGB_JPG_Normais\grao_DSC_0155_id68.png,RGB_JPG_Normais,RGB_JPG_Normais
C:\Users\eduar\Desktop\Soybe-main\data\com_fundo\RGB_JPG_Normais\grao_DSC_0391_id66.png,RGB_JPG_Normais,RGB_JPG_Normais
C:\Users\eduar\Desktop\Soybe-main\data\com_fundo\RGB_JPG_Normais\grao_DSC_0508_id19.png,RGB_JPG_Normais,RGB_JPG_Normais
C:\Users\eduar\Desktop\Soybe-main\data\com_fundo\RGB_JPG_Normais\grao_DSC_0655_id85.png,RGB_JPG_Normais,RGB_JPG_Normais
C:\Users\eduar\Desktop\Soybe-main\data\com_fundo\RGB_JPG_CHOCHOS\grao_DSC_0355_id104.png,RGB_JPG_CHOCHOS,RGB_JPG_CHOCHOS
C:\Users\eduar\Desktop\Soybe-main\data\com_fundo\RGB_JPG_Normais\grao_DSC_0323_id53.png,RGB_JPG_Normais,RGB_JPG_CHOCHOS
C:\Users\eduar\Desktop\Soybe-main\data\com_fundo\RGB_JPG_Normais\grao_DSC_0637_id67.png,RGB_JPG_Normais,RGB_JPG_Normais
C:\Users\eduar\Desktop\Soybe-main\data\com_fundo\RGB_JPG_QUEBRADOS\grao_DSC_0170_id101.png,RGB_JPG_QUEBRADOS,RGB_JPG_QUEBRADOS
C:\Users\eduar\Desktop\Soybe-main\data\com_fundo\RGB_JPG_Normais\grao_DSC_0397_id70.png,RGB_JPG_Normais,RGB_JPG_Normais
C:\Users\eduar\Desktop\Soybe-main\data\com_fundo\RGB_JPG_Normais\grao_DSC_0637_id61.png,RGB_JPG_Normais,RGB_JPG_Normais
C:\Users\eduar\Desktop\Soybe-main\data\com_fundo\RGB_JPG_Normais\grao_DSC_0500_id87.png,RGB_JPG_Normais,RGB_JPG_Normais
C:\Users\eduar\Desktop\Soybe-main\data\com_fundo\RGB_JPG_IMPUREZAS\grao_DSC_0241_id25.png,RGB_JPG_IMPUREZAS,RGB_JPG_IMPUREZAS
C:\Users\eduar\Desktop\Soybe-main\data\com_fundo\RGB_JPG_IMPUREZAS\grao_DSC_0280_id205.png,RGB_JPG_IMPUREZAS,RGB_JPG_IMPUREZAS
C:\Users\eduar\Desktop\Soybe-main\data\com_fundo\RGB_JPG_IMPUREZAS\grao_DSC_0015_id27.png,RGB_JPG_IMPUREZAS,RGB_JPG_IMPUREZAS
C:\Users\eduar\Desktop\Soybe-main\data\com_fundo\RGB_JPG_Normais\grao_DSC_0216_id30.png,RGB_JPG_Normais,RGB_JPG_Normais
C:\Users\eduar\Desktop\Soybe-main\data\com_fundo\RGB_JPG_QUEBRADOS\grao_DSC_0437_id17.png,RGB_JPG_QUEBRADOS,RGB_JPG_QUEBRADOS
C:\Users\eduar\Desktop\Soybe-main\data\com_fundo\RGB_JPG_Normais\grao_DSC_0643_id32.png,RGB_JPG_Normais,RGB_JPG_Normais
C:\Users\eduar\Desktop\Soybe-main\data\com_fundo\RGB_JPG_Normais\grao_DSC_0608_id89.png,RGB_JPG_Normais,RGB_JPG_Normais
C:\Users\eduar\Desktop\Soybe-main\data\com_fundo\RGB_JPG_QUEBRADOS\grao_DSC_0432_id70.png,RGB_JPG_QUEBRADOS,RGB_JPG_QUEBRADOS
C:\Users\eduar\Desktop\Soybe-main\data\com_fundo\RGB_JPG_Normais\grao_DSC_0483_id83.png,RGB_JPG_Normais,RGB_JPG_Normais
C:\Users\eduar\Desktop\Soybe-main\data\com_fundo\RGB_JPG_Normais\grao_DSC_0665_id19.png,RGB_JPG_Normais,RGB_JPG_Normais
C:\Users\eduar\Desktop\Soybe-main\data\com_fundo\RGB_JPG_Normais\grao_DSC_0613_id15.png,RGB_JPG_Normais,RGB_JPG_Normais
C:\Users\eduar\Desktop\Soybe-main\data\com_fundo\RGB_JPG_QUEBRADOS\grao_DSC_0433_id3.png,RGB_JPG_QUEBRADOS,RGB_JPG_QUEBRADOS
C:\Users\eduar\Desktop\Soybe-main\data\com_fundo\RGB_JPG_IMPUREZAS\grao_DSC_0283_id214.png,RGB_JPG_IMPUREZAS,RGB_JPG_IMPUREZAS
C:\Users\eduar\Desktop\Soybe-main\data\com_fundo\RGB_JPG_Normais\grao_DSC_0624_id103.png,RGB_JPG_Normais,RGB_JPG_Normais
C:\Users\eduar\Desktop\Soybe-main\data\com_fundo\RGB_JPG_Normais\grao_DSC_0678_id64.png,RGB_JPG_Normais,RGB_JPG_Normais
C:\Users\eduar\Desktop\Soybe-main\data\com_fundo\RGB_JPG_QUEBRADOS\grao_DSC_0447_id76.png,RGB_JPG_QUEBRADOS,RGB_JPG_QUEBRADOS
C:\Users\eduar\Desktop\Soybe-main\data\com_fundo\RGB_JPG_IMPUREZAS\grao_DSC_0236_id41.png,RGB_JPG_IMPUREZAS,RGB_JPG_IMPUREZAS
C:\Users\eduar\Desktop\Soybe-main\data\com_fundo\RGB_JPG_QUEBRADOS\grao_DSC_0404_id18.png,RGB_JPG_QUEBRADOS,RGB_JPG_QUEBRADOS
C:\Users\eduar\Desktop\Soybe-main\data\com_fundo\RGB_JPG_IMPUREZAS\grao_DSC_0283_id164.png,RGB_JPG_IMPUREZAS,RGB_JPG_IMPUREZAS
C:\Users\eduar\Desktop\Soybe-main\data\com_fundo\RGB_JPG_IMPUREZAS\grao_DSC_0239_id31.png,RGB_JPG_IMPUREZAS,RGB_JPG_IMPUREZAS
C:\Users\eduar\Desktop\Soybe-main\data\com_fundo\RGB_JPG_CHOCHOS\grao_DSC_0317_id78.png,RGB_JPG_CHOCHOS,RGB_JPG_CHOCHOS
C:\Users\eduar\Desktop\Soybe-main\data\com_fundo\RGB_JPG_Normais\grao_DSC_0617_id110.png,RGB_JPG_Normais,RGB_JPG_Normais
C:\Users\eduar\Desktop\Soybe-main\data\com_fundo\RGB_JPG_IMPUREZAS\grao_DSC_0284_id207.png,RGB_JPG_IMPUREZAS,RGB_JPG_IMPUREZAS
C:\Users\eduar\Desktop\Soybe-main\data\com_fundo\RGB_JPG_Normais\grao_DSC_0156_id45.png,RGB_JPG_Normais,RGB_JPG_Normais
C:\Users\eduar\Desktop\Soybe-main\data\com_fundo\RGB_JPG_QUEBRADOS\grao_DSC_0455_id49.png,RGB_JPG_QUEBRADOS,RGB_JPG_Normais
C:\Users\eduar\Desktop\Soybe-main\data\com_fundo\RGB_JPG_IMPUREZAS\grao_DSC_0285_id89.png,RGB_JPG_IMPUREZAS,RGB_JPG_IMPUREZAS
C:\Users\eduar\Desktop\Soybe-main\data\com_fundo\RGB_JPG_Normais\grao_DSC_0136_id50.png,RGB_JPG_Normais,RGB_JPG_Normais
C:\Users\eduar\Desktop\Soybe-main\data\com_fundo\RGB_JPG_IMPUREZAS\grao_DSC_0226_id79.png,RGB_JPG_IMPUREZAS,RGB_JPG_IMPUREZAS
C:\Users\eduar\Desktop\Soybe-main\data\com_fundo\RGB_JPG_QUEBRADOS\grao_DSC_0453_id57.png,RGB_JPG_QUEBRADOS,RGB_JPG_QUEBRADOS
C:\Users\eduar\Desktop\Soybe-main\data\com_fundo\RGB_JPG_IMPUREZAS\grao_DSC_0035_id142.png,RGB_JPG_IMPUREZAS,RGB_JPG_IMPUREZAS
C:\Users\eduar\Desktop\Soybe-main\data\com_fundo\RGB_JPG_IMPUREZAS\grao_DSC_0242_id342.png,RGB_JPG_IMPUREZAS,RGB_JPG_IMPUREZAS
C:\Users\eduar\Desktop\Soybe-main\data\com_fundo\RGB_JPG_Normais\grao_DSC_0486_id29.png,RGB_JPG_Normais,RGB_JPG_Normais
C:\Users\eduar\Desktop\Soybe-main\data\com_fundo\RGB_JPG_ESVERDEADO\grao_DSC_0305_id57.png,RGB_JPG_ESVERDEADO,RGB_JPG_ESVERDEADO
C:\Users\eduar\Desktop\Soybe-main\data\com_fundo\RGB_JPG_CHOCHOS\grao_DSC_0361_id64.png,RGB_JPG_CHOCHOS,RGB_JPG_CHOCHOS
C:\Users\eduar\Desktop\Soybe-main\data\com_fundo\RGB_JPG_CHOCHOS\grao_DSC_0330_id70.png,RGB_JPG_CHOCHOS,RGB_JPG_CHOCHOS
C:\Users\eduar\Desktop\Soybe-main\data\com_fundo\RGB_JPG_Normais\grao_DSC_0615_id1.png,RGB_JPG_Normais,RGB_JPG_Normais
C:\Users\eduar\Desktop\Soybe-main\data\com_fundo\RGB_JPG_Normais\grao_DSC_0509_id85.png,RGB_JPG_Normais,RGB_JPG_Normais
C:\Users\eduar\Desktop\Soybe-main\data\com_fundo\RGB_JPG_Normais\grao_DSC_0677_id77.png,RGB_JPG_Normais,RGB_JPG_Normais
C:\Users\eduar\Desktop\Soybe-main\data\com_fundo\RGB_JPG_IMPUREZAS\grao_DSC_0228_id39.png,RGB_JPG_IMPUREZAS,RGB_JPG_IMPUREZAS
C:\Users\eduar\Desktop\Soybe-main\data\com_fundo\RGB_JPG_CHOCHOS\grao_DSC_0332_id58.png,RGB_JPG_CHOCHOS,RGB_JPG_CHOCHOS
C:\Users\eduar\Desktop\Soybe-main\data\com_fundo\RGB_JPG_IMPUREZAS\grao_DSC_0296_id97.png,RGB_JPG_IMPUREZAS,RGB_JPG_IMPUREZAS
C:\Users\eduar\Desktop\Soybe-main\data\com_fundo\RGB_JPG_Normais\grao_DSC_0679_id54.png,RGB_JPG_Normais,RGB_JPG_Normais
C:\Users\eduar\Desktop\Soybe-main\data\com_fundo\RGB_JPG_Normais\grao_DSC_0645_id13.png,RGB_JPG_Normais,RGB_JPG_Normais
C:\Users\eduar\Desktop\Soybe-main\data\com_fundo\RGB_JPG_CHOCHOS\grao_DSC_0334_id62.png,RGB_JPG_CHOCHOS,RGB_JPG_CHOCHOS
C:\Users\eduar\Desktop\Soybe-main\data\com_fundo\RGB_JPG_Normais\grao_DSC_0680_id88.png,RGB_JPG_Normais,RGB_JPG_Normais
C:\Users\eduar\Desktop\Soybe-main\data\com_fundo\RGB_JPG_IMPUREZAS\grao_DSC_0018_id38.png,RGB_JPG_IMPUREZAS,RGB_JPG_IMPUREZAS
C:\Users\eduar\Desktop\Soybe-main\data\com_fundo\RGB_JPG_IMPUREZAS\grao_DSC_0275_id183.png,RGB_JPG_IMPUREZAS,RGB_JPG_IMPUREZAS
C:\Users\eduar\Desktop\Soybe-main\data\com_fundo\RGB_JPG_ESVERDEADO\grao_DSC_0305_id30.png,RGB_JPG_ESVERDEADO,RGB_JPG_ESVERDEADO
C:\Users\eduar\Desktop\Soybe-main\data\com_fundo\RGB_JPG_Normais\grao_DSC_0371_id82.png,RGB_JPG_Normais,RGB_JPG_Normais
C:\Users\eduar\Desktop\Soybe-main\data\com_fundo\RGB_JPG_Normais\grao_DSC_0210_id87.png,RGB_JPG_Normais,RGB_JPG_Normais
C:\Users\eduar\Desktop\Soybe-main\data\com_fundo\RGB_JPG_Normais\grao_DSC_0611_id27.png,RGB_JPG_Normais,RGB_JPG_Normais
C:\Users\eduar\Desktop\Soybe-main\data\com_fundo\RGB_JPG_Normais\grao_DSC_0666_id69.png,RGB_JPG_Normais,RGB_JPG_Normais
C:\Users\eduar\Desktop\Soybe-main\data\com_fundo\RGB_JPG_Normais\grao_DSC_0631_id79.png,RGB_JPG_Normais,RGB_JPG_Normais
C:\Users\eduar\Desktop\Soybe-main\data\com_fundo\RGB_JPG_IMPUREZAS\grao_DSC_0003_id86.png,RGB_JPG_IMPUREZAS,RGB_JPG_IMPUREZAS
C:\Users\eduar\Desktop\Soybe-main\data\com_fundo\RGB_JPG_QUEBRADOS\grao_DSC_0404_id66.png,RGB_JPG_QUEBRADOS,RGB_JPG_QUEBRADOS
C:\Users\eduar\Desktop\Soybe-main\data\com_fundo\RGB_JPG_Normais\grao_DSC_0386_id8.png,RGB_JPG_Normais,RGB_JPG_Normais
C:\Users\eduar\Desktop\Soybe-main\data\com_fundo\RGB_JPG_IMPUREZAS\grao_DSC_0036_id117.png,RGB_JPG_IMPUREZAS,RGB_JPG_IMPUREZAS
C:\Users\eduar\Desktop\Soybe-main\data\com_fundo\RGB_JPG_Normais\grao_DSC_0481_id2.png,RGB_JPG_Normais,RGB_JPG_Normais
C:\Users\eduar\Desktop\Soybe-main\data\com_fundo\RGB_JPG_Normais\grao_DSC_0211_id39.png,RGB_JPG_Normais,RGB_JPG_Normais
C:\Users\eduar\Desktop\Soybe-main\data\com_fundo\RGB_JPG_QUEBRADOS\grao_DSC_0442_id11.png,RGB_JPG_QUEBRADOS,RGB_JPG_QUEBRADOS
C:\Users\eduar\Desktop\Soybe-main\data\com_fundo\RGB_JPG_Normais\grao_DSC_0510_id91.png,RGB_JPG_Normais,RGB_JPG_Normais
C:\Users\eduar\Desktop\Soybe-main\data\com_fundo\RGB_JPG_Normais\grao_DSC_0673_id62.png,RGB_JPG_Normais,RGB_JPG_Normais
C:\Users\eduar\Desktop\Soybe-main\data\com_fundo\RGB_JPG_QUEBRADOS\grao_DSC_0413_id92.png,RGB_JPG_QUEBRADOS,RGB_JPG_QUEBRADOS
C:\Users\eduar\Desktop\Soybe-main\data\com_fundo\RGB_JPG_QUEBRADOS\grao_DSC_0452_id79.png,RGB_JPG_QUEBRADOS,RGB_JPG_QUEBRADOS
C:\Users\eduar\Desktop\Soybe-main\data\com_fundo\RGB_JPG_Normais\grao_DSC_0376_id44.png,RGB_JPG_Normais,RGB_JPG_Normais
C:\Users\eduar\Desktop\Soybe-main\data\com_fundo\RGB_JPG_IMPUREZAS\grao_DSC_0026_id12.png,RGB_JPG_IMPUREZAS,RGB_JPG_IMPUREZAS
C:\Users\eduar\Desktop\Soybe-main\data\com_fundo\RGB_JPG_Normais\grao_DSC_0323_id128.png,RGB_JPG_Normais,RGB_JPG_CHOCHOS
C:\Users\eduar\Desktop\Soybe-main\data\com_fundo\RGB_JPG_IMPUREZAS\grao_DSC_0238_id249.png,RGB_JPG_IMPUREZAS,RGB_JPG_IMPUREZAS
C:\Users\eduar\Desktop\Soybe-main\data\com_fundo\RGB_JPG_Normais\grao_DSC_0141_id93.png,RGB_JPG_Normais,RGB_JPG_Normais
C:\Users\eduar\Desktop\Soybe-main\data\com_fundo\RGB_JPG_IMPUREZAS\grao_DSC_0036_id121.png,RGB_JPG_IMPUREZAS,RGB_JPG_IMPUREZAS
C:\Users\eduar\Desktop\Soybe-main\data\com_fundo\RGB_JPG_Normais\grao_DSC_0656_id85.png,RGB_JPG_Normais,RGB_JPG_Normais
C:\Users\eduar\Desktop\Soybe-main\data\com_fundo\RGB_JPG_Normais\grao_DSC_0633_id52.png,RGB_JPG_Normais,RGB_JPG_Normais
C:\Users\eduar\Desktop\Soybe-main\data\com_fundo\RGB_JPG_IMPUREZAS\grao_DSC_0237_id263.png,RGB_JPG_IMPUREZAS,RGB_JPG_IMPUREZAS
C:\Users\eduar\Desktop\Soybe-main\data\com_fundo\RGB_JPG_QUEBRADOS\grao_DSC_0448_id84.png,RGB_JPG_QUEBRADOS,RGB_JPG_QUEBRADOS
C:\Users\eduar\Desktop\Soybe-main\data\com_fundo\RGB_JPG_IMPUREZAS\grao_DSC_0011_id73.png,RGB_JPG_IMPUREZAS,RGB_JPG_IMPUREZAS
C:\Users\eduar\Desktop\Soybe-main\data\com_fundo\RGB_JPG_IMPUREZAS\grao_DSC_0033_id91.png,RGB_JPG_IMPUREZAS,RGB_JPG_IMPUREZAS
C:\Users\eduar\Desktop\Soybe-main\data\com_fundo\RGB_JPG_QUEBRADOS\grao_DSC_0168_id40.png,RGB_JPG_QUEBRADOS,RGB_JPG_QUEBRADOS
C:\Users\eduar\Desktop\Soybe-main\data\com_fundo\RGB_JPG_CHOCHOS\grao_DSC_0316_id66.png,RGB_JPG_CHOCHOS,RGB_JPG_CHOCHOS
C:\Users\eduar\Desktop\Soybe-main\data\com_fundo\RGB_JPG_Normais\grao_DSC_0609_id31.png,RGB_JPG_Normais,RGB_JPG_Normais
C:\Users\eduar\Desktop\Soybe-main\data\com_fundo\RGB_JPG_Normais\grao_DSC_0498_id73.png,RGB_JPG_Normais,RGB_JPG_Normais
C:\Users\eduar\Desktop\Soybe-main\data\com_fundo\RGB_JPG_Normais\grao_DSC_0496_id44.png,RGB_JPG_Normais,RGB_JPG_Normais
C:\Users\eduar\Desktop\Soybe-main\data\com_fundo\RGB_JPG_QUEBRADOS\grao_DSC_0437_id75.png,RGB_JPG_QUEBRADOS,RGB_JPG_QUEBRADOS
C:\Users\eduar\Desktop\Soybe-main\data\com_fundo\RGB_JPG_Normais\grao_DSC_0382_id85.png,RGB_JPG_Normais,RGB_JPG_Normais
C:\Users\eduar\Desktop\Soybe-main\data\com_fundo\RGB_JPG_Normais\grao_DSC_0484_id81.png,RGB_JPG_Normais,RGB_JPG_Normais
C:\Users\eduar\Desktop\Soybe-main\data\com_fundo\RGB_JPG_QUEBRADOS\grao_DSC_0172_id106.png,RGB_JPG_QUEBRADOS,RGB_JPG_QUEBRADOS
C:\Users\eduar\Desktop\Soybe-main\data\com_fundo\RGB_JPG_Normais\grao_DSC_0140_id104.png,RGB_JPG_Normais,RGB_JPG_Normais
C:\Users\eduar\Desktop\Soybe-main\data\com_fundo\RGB_JPG_IMPUREZAS\grao_DSC_0256_id71.png,RGB_JPG_IMPUREZAS,RGB_JPG_IMPUREZAS
C:\Users\eduar\Desktop\Soybe-main\data\com_fundo\RGB_JPG_Normais\grao_DSC_0649_id81.png,RGB_JPG_Normais,RGB_JPG_Normais
C:\Users\eduar\Desktop\Soybe-main\data\com_fundo\RGB_JPG_Normais\grao_DSC_0211_id20.png,RGB_JPG_Normais,RGB_JPG_Normais
C:\Users\eduar\Desktop\Soybe-main\data\com_fundo\RGB_JPG_Normais\grao_DSC_0517_id73.png,RGB_JPG_Normais,RGB_JPG_Normais
C:\Users\eduar\Desktop\Soybe-main\data\com_fundo\RGB_JPG_IMPUREZAS\grao_DSC_0283_id217.png,RGB_JPG_IMPUREZAS,RGB_JPG_IMPUREZAS
C:\Users\eduar\Desktop\Soybe-main\data\com_fundo\RGB_JPG_IMPUREZAS\grao_DSC_0020_id3.png,RGB_JPG_IMPUREZAS,RGB_JPG_IMPUREZAS
C:\Users\eduar\Desktop\Soybe-main\data\com_fundo\RGB_JPG_Normais\grao_DSC_0616_id54.png,RGB_JPG_Normais,RGB_JPG_Normais
C:\Users\eduar\Desktop\Soybe-main\data\com_fundo\RGB_JPG_Normais\grao_DSC_0150_id90.png,RGB_JPG_Normais,RGB_JPG_Normais
C:\Users\eduar\Desktop\Soybe-main\data\com_fundo\RGB_JPG_ESVERDEADO\grao_DSC_0310_id21.png,RGB_JPG_ESVERDEADO,RGB_JPG_CHOCHOS
C:\Users\eduar\Desktop\Soybe-main\data\com_fundo\RGB_JPG_QUEBRADOS\grao_DSC_0413_id7.png,RGB_JPG_QUEBRADOS,RGB_JPG_QUEBRADOS
C:\Users\eduar\Desktop\Soybe-main\data\com_fundo\RGB_JPG_Normais\grao_DSC_0320_id67.png,RGB_JPG_Normais,RGB_JPG_CHOCHOS
C:\Users\eduar\Desktop\Soybe-main\data\com_fundo\RGB_JPG_Normais\grao_DSC_0323_id169.png,RGB_JPG_Normais,RGB_JPG_CHOCHOS
C:\Users\eduar\Desktop\Soybe-main\data\com_fundo\RGB_JPG_Normais\grao_DSC_0156_id100.png,RGB_JPG_Normais,RGB_JPG_Normais
C:\Users\eduar\Desktop\Soybe-main\data\com_fundo\RGB_JPG_QUEBRADOS\grao_DSC_0448_id49.png,RGB_JPG_QUEBRADOS,RGB_JPG_QUEBRADOS
C:\Users\eduar\Desktop\Soybe-main\data\com_fundo\RGB_JPG_CHOCHOS\grao_DSC_0355_id48.png,RGB_JPG_CHOCHOS,RGB_JPG_CHOCHOS
C:\Users\eduar\Desktop\Soybe-main\data\com_fundo\RGB_JPG_IMPUREZAS\grao_DSC_0293_id26.png,RGB_JPG_IMPUREZAS,RGB_JPG_IMPUREZAS
C:\Users\eduar\Desktop\Soybe-main\data\com_fundo\RGB_JPG_IMPUREZAS\grao_DSC_0274_id64.png,RGB_JPG_IMPUREZAS,RGB_JPG_IMPUREZAS
C:\Users\eduar\Desktop\Soybe-main\data\com_fundo\RGB_JPG_IMPUREZAS\grao_DSC_0288_id167.png,RGB_JPG_IMPUREZAS,RGB_JPG_IMPUREZAS
C:\Users\eduar\Desktop\Soybe-main\data\com_fundo\RGB_JPG_CHOCHOS\grao_DSC_0334_id20.png,RGB_JPG_CHOCHOS,RGB_JPG_CHOCHOS
C:\Users\eduar\Desktop\Soybe-main\data\com_fundo\RGB_JPG_Normais\grao_DSC_0613_id6.png,RGB_JPG_Normais,RGB_JPG_Normais
C:\Users\eduar\Desktop\Soybe-main\data\com_fundo\RGB_JPG_ESVERDEADO\grao_DSC_0304_id55.png,RGB_JPG_ESVERDEADO,RGB_JPG_CHOCHOS
C:\Users\eduar\Desktop\Soybe-main\data\com_fundo\RGB_JPG_Normais\grao_DSC_0134_id65.png,RGB_JPG_Normais,RGB_JPG_Normais
C:\Users\eduar\Desktop\Soybe-main\data\com_fundo\RGB_JPG_IMPUREZAS\grao_DSC_0296_id241.png,RGB_JPG_IMPUREZAS,RGB_JPG_IMPUREZAS
C:\Users\eduar\Desktop\Soybe-main\data\com_fundo\RGB_JPG_IMPUREZAS\grao_DSC_0283_id244.png,RGB_JPG_IMPUREZAS,RGB_JPG_IMPUREZAS
C:\Users\eduar\Desktop\Soybe-main\data\com_fundo\RGB_JPG_Normais\grao_DSC_0161_id79.png,RGB_JPG_Normais,RGB_JPG_Normais
C:\Users\eduar\Desktop\Soybe-main\data\com_fundo\RGB_JPG_Normais\grao_DSC_0220_id64.png,RGB_JPG_Normais,RGB_JPG_Normais
C:\Users\eduar\Desktop\Soybe-main\data\com_fundo\RGB_JPG_QUEBRADOS\grao_DSC_0460_id94.png,RGB_JPG_QUEBRADOS,RGB_JPG_QUEBRADOS
C:\Users\eduar\Desktop\Soybe-main\data\com_fundo\RGB_JPG_CHOCHOS\grao_DSC_0329_id65.png,RGB_JPG_CHOCHOS,RGB_JPG_CHOCHOS
C:\Users\eduar\Desktop\Soybe-main\data\com_fundo\RGB_JPG_Normais\grao_DSC_0608_id34.png,RGB_JPG_Normais,RGB_JPG_Normais
C:\Users\eduar\Desktop\Soybe-main\data\com_fundo\RGB_JPG_IMPUREZAS\grao_DSC_0259_id242.png,RGB_JPG_IMPUREZAS,RGB_JPG_IMPUREZAS
C:\Users\eduar\Desktop\Soybe-main\data\com_fundo\RGB_JPG_IMPUREZAS\grao_DSC_0036_id52.png,RGB_JPG_IMPUREZAS,RGB_JPG_IMPUREZAS
C:\Users\eduar\Desktop\Soybe-main\data\com_fundo\RGB_JPG_IMPUREZAS\grao_DSC_0257_id199.png,RGB_JPG_IMPUREZAS,RGB_JPG_IMPUREZAS
C:\Users\eduar\Desktop\Soybe-main\data\com_fundo\RGB_JPG_INSETOS\grao_DSC_0163_id36.png,RGB_JPG_INSETOS,RGB_JPG_Normais
C:\Users\eduar\Desktop\Soybe-main\data\com_fundo\RGB_JPG_IMPUREZAS\grao_DSC_0251_id24.png,RGB_JPG_IMPUREZAS,RGB_JPG_IMPUREZAS
C:\Users\eduar\Desktop\Soybe-main\data\com_fundo\RGB_JPG_Normais\grao_DSC_0611_id18.png,RGB_JPG_Normais,RGB_JPG_Normais
C:\Users\eduar\Desktop\Soybe-main\data\com_fundo\RGB_JPG_Normais\grao_DSC_0394_id70.png,RGB_JPG_Normais,RGB_JPG_Normais
C:\Users\eduar\Desktop\Soybe-main\data\com_fundo\RGB_JPG_QUEBRADOS\grao_DSC_0170_id109.png,RGB_JPG_QUEBRADOS,RGB_JPG_QUEBRADOS
C:\Users\eduar\Desktop\Soybe-main\data\com_fundo\RGB_JPG_IMPUREZAS\grao_DSC_0225_id37.png,RGB_JPG_IMPUREZAS,RGB_JPG_IMPUREZAS
C:\Users\eduar\Desktop\Soybe-main\data\com_fundo\RGB_JPG_Normais\grao_DSC_0670_id50.png,RGB_JPG_Normais,RGB_JPG_Normais
C:\Users\eduar\Desktop\Soybe-main\data\com_fundo\RGB_JPG_Normais\grao_DSC_0624_id42.png,RGB_JPG_Normais,RGB_JPG_Normais
C:\Users\eduar\Desktop\Soybe-main\data\com_fundo\RGB_JPG_Normais\grao_DSC_0651_id74.png,RGB_JPG_Normais,RGB_JPG_Normais
C:\Users\eduar\Desktop\Soybe-main\data\com_fundo\RGB_JPG_IMPUREZAS\grao_DSC_0256_id175.png,RGB_JPG_IMPUREZAS,RGB_JPG_IMPUREZAS
C:\Users\eduar\Desktop\Soybe-main\data\com_fundo\RGB_JPG_Normais\grao_DSC_0501_id82.png,RGB_JPG_Normais,RGB_JPG_Normais
C:\Users\eduar\Desktop\Soybe-main\data\com_fundo\RGB_JPG_Normais\grao_DSC_0616_id9.png,RGB_JPG_Normais,RGB_JPG_Normais
C:\Users\eduar\Desktop\Soybe-main\data\com_fundo\RGB_JPG_Normais\grao_DSC_0612_id94.png,RGB_JPG_Normais,RGB_JPG_Normais
C:\Users\eduar\Desktop\Soybe-main\data\com_fundo\RGB_JPG_IMPUREZAS\grao_DSC_0002_id185.png,RGB_JPG_IMPUREZAS,RGB_JPG_IMPUREZAS
C:\Users\eduar\Desktop\Soybe-main\data\com_fundo\RGB_JPG_IMPUREZAS\grao_DSC_0236_id134.png,RGB_JPG_IMPUREZAS,RGB_JPG_IMPUREZAS
C:\Users\eduar\Desktop\Soybe-main\data\com_fundo\RGB_JPG_Normais\grao_DSC_0378_id23.png,RGB_JPG_Normais,RGB_JPG_Normais
C:\Users\eduar\Desktop\Soybe-main\data\com_fundo\RGB_JPG_CHOCHOS\grao_DSC_0339_id35.png,RGB_JPG_CHOCHOS,RGB_JPG_CHOCHOS
C:\Users\eduar\Desktop\Soybe-main\data\com_fundo\RGB_JPG_CHOCHOS\grao_DSC_0342_id91.png,RGB_JPG_CHOCHOS,RGB_JPG_CHOCHOS
C:\Users\eduar\Desktop\Soybe-main\data\com_fundo\RGB_JPG_CHOCHOS\grao_DSC_0318_id76.png,RGB_JPG_CHOCHOS,RGB_JPG_CHOCHOS
C:\Users\eduar\Desktop\Soybe-main\data\com_fundo\RGB_JPG_Normais\grao_DSC_0375_id82.png,RGB_JPG_Normais,RGB_JPG_Normais
C:\Users\eduar\Desktop\Soybe-main\data\com_fundo\RGB_JPG_IMPUREZAS\grao_DSC_0279_id185.png,RGB_JPG_IMPUREZAS,RGB_JPG_IMPUREZAS
C:\Users\eduar\Desktop\Soybe-main\data\com_fundo\RGB_JPG_Normais\grao_DSC_0670_id14.png,RGB_JPG_Normais,RGB_JPG_Normais
C:\Users\eduar\Desktop\Soybe-main\data\com_fundo\RGB_JPG_Normais\grao_DSC_0510_id44.png,RGB_JPG_Normais,RGB_JPG_Normais
C:\Users\eduar\Desktop\Soybe-main\data\com_fundo\RGB_JPG_Normais\grao_DSC_0639_id44.png,RGB_JPG_Normais,RGB_JPG_Normais
C:\Users\eduar\Desktop\Soybe-main\data\com_fundo\RGB_JPG_IMPUREZAS\grao_DSC_0293_id7.png,RGB_JPG_IMPUREZAS,RGB_JPG_IMPUREZAS
C:\Users\eduar\Desktop\Soybe-main\data\com_fundo\RGB_JPG_QUEBRADOS\grao_DSC_0433_id58.png,RGB_JPG_QUEBRADOS,RGB_JPG_QUEBRADOS
C:\Users\eduar\Desktop\Soybe-main\data\com_fundo\RGB_JPG_CHOCHOS\grao_DSC_0328_id58.png,RGB_JPG_CHOCHOS,RGB_JPG_CHOCHOS
C:\Users\eduar\Desktop\Soybe-main\data\com_fundo\RGB_JPG_Normais\grao_DSC_0492_id45.png,RGB_JPG_Normais,RGB_JPG_Normais
C:\Users\eduar\Desktop\Soybe-main\data\com_fundo\RGB_JPG_IMPUREZAS\grao_DSC_0023_id11.png,RGB_JPG_IMPUREZAS,RGB_JPG_IMPUREZAS
C:\Users\eduar\Desktop\Soybe-main\data\com_fundo\RGB_JPG_CHOCHOS\grao_DSC_0341_id44.png,RGB_JPG_CHOCHOS,RGB_JPG_CHOCHOS
C:\Users\eduar\Desktop\Soybe-main\data\com_fundo\RGB_JPG_Normais\grao_DSC_0649_id103.png,RGB_JPG_Normais,RGB_JPG_Normais
C:\Users\eduar\Desktop\Soybe-main\data\com_fundo\RGB_JPG_QUEBRADOS\grao_DSC_0430_id83.png,RGB_JPG_QUEBRADOS,RGB_JPG_QUEBRADOS
C:\Users\eduar\Desktop\Soybe-main\data\com_fundo\RGB_JPG_CHOCHOS\grao_DSC_0330_id97.png,RGB_JPG_CHOCHOS,RGB_JPG_CHOCHOS
C:\Users\eduar\Desktop\Soybe-main\data\com_fundo\RGB_JPG_IMPUREZAS\grao_DSC_0245_id13.png,RGB_JPG_IMPUREZAS,RGB_JPG_IMPUREZAS
C:\Users\eduar\Desktop\Soybe-main\data\com_fundo\RGB_JPG_IMPUREZAS\grao_DSC_0262_id124.png,RGB_JPG_IMPUREZAS,RGB_JPG_IMPUREZAS
C:\Users\eduar\Desktop\Soybe-main\data\com_fundo\RGB_JPG_IMPUREZAS\grao_DSC_0240_id198.png,RGB_JPG_IMPUREZAS,RGB_JPG_IMPUREZAS
C:\Users\eduar\Desktop\Soybe-main\data\com_fundo\RGB_JPG_Normais\grao_DSC_0516_id79.png,RGB_JPG_Normais,RGB_JPG_Normais
C:\Users\eduar\Desktop\Soybe-main\data\com_fundo\RGB_JPG_QUEBRADOS\grao_DSC_0418_id70.png,RGB_JPG_QUEBRADOS,RGB_JPG_QUEBRADOS
C:\Users\eduar\Desktop\Soybe-main\data\com_fundo\RGB_JPG_Normais\grao_DSC_0517_id47.png,RGB_JPG_Normais,RGB_JPG_Normais
C:\Users\eduar\Desktop\Soybe-main\data\com_fundo\RGB_JPG_Normais\grao_DSC_0218_id34.png,RGB_JPG_Normais,RGB_JPG_Normais
C:\Users\eduar\Desktop\Soybe-main\data\com_fundo\RGB_JPG_QUEBRADOS\grao_DSC_0428_id86.png,RGB_JPG_QUEBRADOS,RGB_JPG_QUEBRADOS
C:\Users\eduar\Desktop\Soybe-main\data\com_fundo\RGB_JPG_Normais\grao_DSC_0321_id1.png,RGB_JPG_Normais,RGB_JPG_CHOCHOS
C:\Users\eduar\Desktop\Soybe-main\data\com_fundo\RGB_JPG_QUEBRADOS\grao_DSC_0417_id67.png,RGB_JPG_QUEBRADOS,RGB_JPG_QUEBRADOS
C:\Users\eduar\Desktop\Soybe-main\data\com_fundo\RGB_JPG_CHOCHOS\grao_DSC_0334_id31.png,RGB_JPG_CHOCHOS,RGB_JPG_CHOCHOS
C:\Users\eduar\Desktop\Soybe-main\data\com_fundo\RGB_JPG_Normais\grao_DSC_0210_id83.png,RGB_JPG_Normais,RGB_JPG_Normais
C:\Users\eduar\Desktop\Soybe-main\data\com_fundo\RGB_JPG_QUEBRADOS\grao_DSC_0418_id109.png,RGB_JPG_QUEBRADOS,RGB_JPG_QUEBRADOS
C:\Users\eduar\Desktop\Soybe-main\data\com_fundo\RGB_JPG_Normais\grao_DSC_0470_id44.png,RGB_JPG_Normais,RGB_JPG_Normais
C:\Users\eduar\Desktop\Soybe-main\data\com_fundo\RGB_JPG_Normais\grao_DSC_0387_id31.png,RGB_JPG_Normais,RGB_JPG_Normais
C:\Users\eduar\Desktop\Soybe-main\data\com_fundo\RGB_JPG_IMPUREZAS\grao_DSC_0228_id48.png,RGB_JPG_IMPUREZAS,RGB_JPG_IMPUREZAS
C:\Users\eduar\Desktop\Soybe-main\data\com_fundo\RGB_JPG_IMPUREZAS\grao_DSC_0243_id23.png,RGB_JPG_IMPUREZAS,RGB_JPG_IMPUREZAS
C:\Users\eduar\Desktop\Soybe-main\data\com_fundo\RGB_JPG_IMPUREZAS\grao_DSC_0295_id120.png,RGB_JPG_IMPUREZAS,RGB_JPG_IMPUREZAS
C:\Users\eduar\Desktop\Soybe-main\data\com_fundo\RGB_JPG_PURPURAS\grao_DSC_0047_id4.png,RGB_JPG_PURPURAS,RGB_JPG_PURPURAS
C:\Users\eduar\Desktop\Soybe-main\data\com_fundo\RGB_JPG_IMPUREZAS\grao_DSC_0265_id107.png,RGB_JPG_IMPUREZAS,RGB_JPG_IMPUREZAS
C:\Users\eduar\Desktop\Soybe-main\data\com_fundo\RGB_JPG_Normais\grao_DSC_0653_id38.png,RGB_JPG_Normais,RGB_JPG_Normais
C:\Users\eduar\Desktop\Soybe-main\data\com_fundo\RGB_JPG_QUEBRADOS\grao_DSC_0439_id18.png,RGB_JPG_QUEBRADOS,RGB_JPG_QUEBRADOS
C:\Users\eduar\Desktop\Soybe-main\data\com_fundo\RGB_JPG_Normais\grao_DSC_0152_id45.png,RGB_JPG_Normais,RGB_JPG_Normais
C:\Users\eduar\Desktop\Soybe-main\data\com_fundo\RGB_JPG_IMPUREZAS\grao_DSC_0276_id192.png,RGB_JPG_IMPUREZAS,RGB_JPG_IMPUREZAS
C:\Users\eduar\Desktop\Soybe-main\data\com_fundo\RGB_JPG_IMPUREZAS\grao_DSC_0029_id59.png,RGB_JPG_IMPUREZAS,RGB_JPG_IMPUREZAS
C:\Users\eduar\Desktop\Soybe-main\data\com_fundo\RGB_JPG_IMPUREZAS\grao_DSC_0015_id2.png,RGB_JPG_IMPUREZAS,RGB_JPG_IMPUREZAS
C:\Users\eduar\Desktop\Soybe-main\data\com_fundo\RGB_JPG_CHOCHOS\grao_DSC_0326_id97.png,RGB_JPG_CHOCHOS,RGB_JPG_CHOCHOS
C:\Users\eduar\Desktop\Soybe-main\data\com_fundo\RGB_JPG_CHOCHOS\grao_DSC_0317_id68.png,RGB_JPG_CHOCHOS,RGB_JPG_CHOCHOS
C:\Users\eduar\Desktop\Soybe-main\data\com_fundo\RGB_JPG_Normais\grao_DSC_0665_id82.png,RGB_JPG_Normais,RGB_JPG_Normais
C:\Users\eduar\Desktop\Soybe-main\data\com_fundo\RGB_JPG_QUEBRADOS\grao_DSC_0422_id83.png,RGB_JPG_QUEBRADOS,RGB_JPG_QUEBRADOS
C:\Users\eduar\Desktop\Soybe-main\data\com_fundo\RGB_JPG_IMPUREZAS\grao_DSC_0002_id329.png,RGB_JPG_IMPUREZAS,RGB_JPG_IMPUREZAS
C:\Users\eduar\Desktop\Soybe-main\data\com_fundo\RGB_JPG_Normais\grao_DSC_0653_id6.png,RGB_JPG_Normais,RGB_JPG_Normais
C:\Users\eduar\Desktop\Soybe-main\data\com_fundo\RGB_JPG_Normais\grao_DSC_0642_id83.png,RGB_JPG_Normais,RGB_JPG_Normais
C:\Users\eduar\Desktop\Soybe-main\data\com_fundo\RGB_JPG_Normais\grao_DSC_0133_id72.png,RGB_JPG_Normais,RGB_JPG_Normais
C:\Users\eduar\Desktop\Soybe-main\data\com_fundo\RGB_JPG_CHOCHOS\grao_DSC_0344_id20.png,RGB_JPG_CHOCHOS,RGB_JPG_CHOCHOS
C:\Users\eduar\Desktop\Soybe-main\data\com_fundo\RGB_JPG_IMPUREZAS\grao_DSC_0256_id212.png,RGB_JPG_IMPUREZAS,RGB_JPG_IMPUREZAS
C:\Users\eduar\Desktop\Soybe-main\data\com_fundo\RGB_JPG_CHOCHOS\grao_DSC_0361_id69.png,RGB_JPG_CHOCHOS,RGB_JPG_CHOCHOS
C:\Users\eduar\Desktop\Soybe-main\data\com_fundo\RGB_JPG_QUEBRADOS\grao_DSC_0460_id91.png,RGB_JPG_QUEBRADOS,RGB_JPG_QUEBRADOS
C:\Users\eduar\Desktop\Soybe-main\data\com_fundo\RGB_JPG_Normais\grao_DSC_0323_id58.png,RGB_JPG_Normais,RGB_JPG_CHOCHOS
C:\Users\eduar\Desktop\Soybe-main\data\com_fundo\RGB_JPG_Normais\grao_DSC_0381_id8.png,RGB_JPG_Normais,RGB_JPG_Normais
C:\Users\eduar\Desktop\Soybe-main\data\com_fundo\RGB_JPG_MAMONAS\grao_DSC_0190_id240.png,RGB_JPG_MAMONAS,RGB_JPG_MAMONAS
C:\Users\eduar\Desktop\Soybe-main\data\com_fundo\RGB_JPG_Normais\grao_DSC_0371_id88.png,RGB_JPG_Normais,RGB_JPG_Normais
C:\Users\eduar\Desktop\Soybe-main\data\com_fundo\RGB_JPG_Normais\grao_DSC_0653_id14.png,RGB_JPG_Normais,RGB_JPG_Normais
C:\Users\eduar\Desktop\Soybe-main\data\com_fundo\RGB_JPG_Normais\grao_DSC_0137_id15.png,RGB_JPG_Normais,RGB_JPG_Normais
C:\Users\eduar\Desktop\Soybe-main\data\com_fundo\RGB_JPG_Normais\grao_DSC_0612_id90.png,RGB_JPG_Normais,RGB_JPG_Normais
C:\Users\eduar\Desktop\Soybe-main\data\com_fundo\RGB_JPG_IMPUREZAS\grao_DSC_0026_id15.png,RGB_JPG_IMPUREZAS,RGB_JPG_IMPUREZAS
C:\Users\eduar\Desktop\Soybe-main\data\com_fundo\RGB_JPG_IMPUREZAS\grao_DSC_0223_id32.png,RGB_JPG_IMPUREZAS,RGB_JPG_IMPUREZAS
C:\Users\eduar\Desktop\Soybe-main\data\com_fundo\RGB_JPG_ESVERDEADO\grao_DSC_0309_id28.png,RGB_JPG_ESVERDEADO,RGB_JPG_ESVERDEADO
C:\Users\eduar\Desktop\Soybe-main\data\com_fundo\RGB_JPG_INSETOS\grao_DSC_0164_id102.png,RGB_JPG_INSETOS,RGB_JPG_INSETOS
C:\Users\eduar\Desktop\Soybe-main\data\com_fundo\RGB_JPG_IMPUREZAS\grao_DSC_0260_id181.png,RGB_JPG_IMPUREZAS,RGB_JPG_IMPUREZAS
C:\Users\eduar\Desktop\Soybe-main\data\com_fundo\RGB_JPG_Normais\grao_DSC_0652_id3.png,RGB_JPG_Normais,RGB_JPG_Normais
C:\Users\eduar\Desktop\Soybe-main\data\com_fundo\RGB_JPG_IMPUREZAS\grao_DSC_0015_id69.png,RGB_JPG_IMPUREZAS,RGB_JPG_IMPUREZAS
C:\Users\eduar\Desktop\Soybe-main\data\com_fundo\RGB_JPG_ESVERDEADO\grao_DSC_0301_id23.png,RGB_JPG_ESVERDEADO,RGB_JPG_ESVERDEADO
C:\Users\eduar\Desktop\Soybe-main\data\com_fundo\RGB_JPG_Normais\grao_DSC_0162_id22.png,RGB_JPG_Normais,RGB_JPG_Normais
C:\Users\eduar\Desktop\Soybe-main\data\com_fundo\RGB_JPG_Normais\grao_DSC_0144_id76.png,RGB_JPG_Normais,RGB_JPG_Normais
C:\Users\eduar\Desktop\Soybe-main\data\com_fundo\RGB_JPG_INSETOS\grao_DSC_0164_id14.png,RGB_JPG_INSETOS,RGB_JPG_INSETOS
C:\Users\eduar\Desktop\Soybe-main\data\com_fundo\RGB_JPG_Normais\grao_DSC_0143_id61.png,RGB_JPG_Normais,RGB_JPG_Normais
C:\Users\eduar\Desktop\Soybe-main\data\com_fundo\RGB_JPG_IMPUREZAS\grao_DSC_0029_id63.png,RGB_JPG_IMPUREZAS,RGB_JPG_IMPUREZAS
C:\Users\eduar\Desktop\Soybe-main\data\com_fundo\RGB_JPG_Normais\grao_DSC_0390_id72.png,RGB_JPG_Normais,RGB_JPG_Normais
C:\Users\eduar\Desktop\Soybe-main\data\com_fundo\RGB_JPG_Normais\grao_DSC_0652_id7.png,RGB_JPG_Normais,RGB_JPG_Normais
C:\Users\eduar\Desktop\Soybe-main\data\com_fundo\RGB_JPG_Normais\grao_DSC_0608_id49.png,RGB_JPG_Normais,RGB_JPG_Normais
C:\Users\eduar\Desktop\Soybe-main\data\com_fundo\RGB_JPG_IMPUREZAS\grao_DSC_0285_id265.png,RGB_JPG_IMPUREZAS,RGB_JPG_IMPUREZAS
C:\Users\eduar\Desktop\Soybe-main\data\com_fundo\RGB_JPG_IMPUREZAS\grao_DSC_0277_id65.png,RGB_JPG_IMPUREZAS,RGB_JPG_IMPUREZAS
C:\Users\eduar\Desktop\Soybe-main\data\com_fundo\RGB_JPG_IMPUREZAS\grao_DSC_0270_id225.png,RGB_JPG_IMPUREZAS,RGB_JPG_IMPUREZAS
C:\Users\eduar\Desktop\Soybe-main\data\com_fundo\RGB_JPG_CHOCHOS\grao_DSC_0331_id104.png,RGB_JPG_CHOCHOS,RGB_JPG_CHOCHOS
C:\Users\eduar\Desktop\Soybe-main\data\com_fundo\RGB_JPG_CHOCHOS\grao_DSC_0323_id106.png,RGB_JPG_CHOCHOS,RGB_JPG_CHOCHOS
C:\Users\eduar\Desktop\Soybe-main\data\com_fundo\RGB_JPG_CHOCHOS\grao_DSC_0343_id3.png,RGB_JPG_CHOCHOS,RGB_JPG_CHOCHOS
C:\Users\eduar\Desktop\Soybe-main\data\com_fundo\RGB_JPG_IMPUREZAS\grao_DSC_0274_id54.png,RGB_JPG_IMPUREZAS,RGB_JPG_IMPUREZAS
C:\Users\eduar\Desktop\Soybe-main\data\com_fundo\RGB_JPG_Normais\grao_DSC_0392_id55.png,RGB_JPG_Normais,RGB_JPG_Normais
C:\Users\eduar\Desktop\Soybe-main\data\com_fundo\RGB_JPG_CHOCHOS\grao_DSC_0356_id103.png,RGB_JPG_CHOCHOS,RGB_JPG_CHOCHOS
C:\Users\eduar\Desktop\Soybe-main\data\com_fundo\RGB_JPG_Normais\grao_DSC_0161_id11.png,RGB_JPG_Normais,RGB_JPG_Normais
C:\Users\eduar\Desktop\Soybe-main\data\com_fundo\RGB_JPG_Normais\grao_DSC_0614_id52.png,RGB_JPG_Normais,RGB_JPG_Normais
C:\Users\eduar\Desktop\Soybe-main\data\com_fundo\RGB_JPG_CHOCHOS\grao_DSC_0316_id65.png,RGB_JPG_CHOCHOS,RGB_JPG_CHOCHOS
C:\Users\eduar\Desktop\Soybe-main\data\com_fundo\RGB_JPG_QUEBRADOS\grao_DSC_0426_id22.png,RGB_JPG_QUEBRADOS,RGB_JPG_QUEBRADOS
C:\Users\eduar\Desktop\Soybe-main\data\com_fundo\RGB_JPG_Normais\grao_DSC_0383_id24.png,RGB_JPG_Normais,RGB_JPG_Normais
C:\Users\eduar\Desktop\Soybe-main\data\com_fundo\RGB_JPG_IMPUREZAS\grao_DSC_0240_id11.png,RGB_JPG_IMPUREZAS,RGB_JPG_IMPUREZAS
C:\Users\eduar\Desktop\Soybe-main\data\com_fundo\RGB_JPG_Normais\grao_DSC_0631_id4.png,RGB_JPG_Normais,RGB_JPG_Normais
C:\Users\eduar\Desktop\Soybe-main\data\com_fundo\RGB_JPG_IMPUREZAS\grao_DSC_0016_id31.png,RGB_JPG_IMPUREZAS,RGB_JPG_IMPUREZAS
C:\Users\eduar\Desktop\Soybe-main\data\com_fundo\RGB_JPG_Normais\grao_DSC_0612_id88.png,RGB_JPG_Normais,RGB_JPG_Normais
C:\Users\eduar\Desktop\Soybe-main\data\com_fundo\RGB_JPG_Normais\grao_DSC_0666_id34.png,RGB_JPG_Normais,RGB_JPG_Normais
C:\Users\eduar\Desktop\Soybe-main\data\com_fundo\RGB_JPG_Normais\grao_DSC_0518_id46.png,RGB_JPG_Normais,RGB_JPG_Normais
C:\Users\eduar\Desktop\Soybe-main\data\com_fundo\RGB_JPG_Normais\grao_DSC_0658_id58.png,RGB_JPG_Normais,RGB_JPG_Normais
C:\Users\eduar\Desktop\Soybe-main\data\com_fundo\RGB_JPG_Normais\grao_DSC_0511_id55.png,RGB_JPG_Normais,RGB_JPG_Normais
C:\Users\eduar\Desktop\Soybe-main\data\com_fundo\RGB_JPG_Normais\grao_DSC_0515_id43.png,RGB_JPG_Normais,RGB_JPG_Normais
C:\Users\eduar\Desktop\Soybe-main\data\com_fundo\RGB_JPG_Normais\grao_DSC_0651_id32.png,RGB_JPG_Normais,RGB_JPG_Normais
C:\Users\eduar\Desktop\Soybe-main\data\com_fundo\RGB_JPG_IMPUREZAS\grao_DSC_0039_id168.png,RGB_JPG_IMPUREZAS,RGB_JPG_IMPUREZAS
C:\Users\eduar\Desktop\Soybe-main\data\com_fundo\RGB_JPG_QUEBRADOS\grao_DSC_0446_id76.png,RGB_JPG_QUEBRADOS,RGB_JPG_QUEBRADOS
C:\Users\eduar\Desktop\Soybe-main\data\com_fundo\RGB_JPG_Normais\grao_DSC_0394_id11.png,RGB_JPG_Normais,RGB_JPG_Normais
C:\Users\eduar\Desktop\Soybe-main\data\com_fundo\RGB_JPG_IMPUREZAS\grao_DSC_0020_id38.png,RGB_JPG_IMPUREZAS,RGB_JPG_IMPUREZAS
C:\Users\eduar\Desktop\Soybe-main\data\com_fundo\RGB_JPG_IMPUREZAS\grao_DSC_0293_id305.png,RGB_JPG_IMPUREZAS,RGB_JPG_IMPUREZAS
C:\Users\eduar\Desktop\Soybe-main\data\com_fundo\RGB_JPG_Normais\grao_DSC_0519_id40.png,RGB_JPG_Normais,RGB_JPG_Normais
C:\Users\eduar\Desktop\Soybe-main\data\com_fundo\RGB_JPG_IMPUREZAS\grao_DSC_0248_id53.png,RGB_JPG_IMPUREZAS,RGB_JPG_IMPUREZAS
C:\Users\eduar\Desktop\Soybe-main\data\com_fundo\RGB_JPG_Normais\grao_DSC_0638_id104.png,RGB_JPG_Normais,RGB_JPG_Normais
C:\Users\eduar\Desktop\Soybe-main\data\com_fundo\RGB_JPG_Normais\grao_DSC_0400_id58.png,RGB_JPG_Normais,RGB_JPG_Normais
C:\Users\eduar\Desktop\Soybe-main\data\com_fundo\RGB_JPG_MAMONAS\grao_DSC_0190_id211.png,RGB_JPG_MAMONAS,RGB_JPG_MAMONAS
C:\Users\eduar\Desktop\Soybe-main\data\com_fundo\RGB_JPG_Normais\grao_DSC_0215_id38.png,RGB_JPG_Normais,RGB_JPG_Normais
C:\Users\eduar\Desktop\Soybe-main\data\com_fundo\RGB_JPG_PURPURAS\grao_DSC_0046_id36.png,RGB_JPG_PURPURAS,RGB_JPG_PURPURAS
C:\Users\eduar\Desktop\Soybe-main\data\com_fundo\RGB_JPG_Normais\grao_DSC_0160_id81.png,RGB_JPG_Normais,RGB_JPG_Normais
C:\Users\eduar\Desktop\Soybe-main\data\com_fundo\RGB_JPG_Normais\grao_DSC_0155_id23.png,RGB_JPG_Normais,RGB_JPG_Normais
C:\Users\eduar\Desktop\Soybe-main\data\com_fundo\RGB_JPG_MAMONAS\grao_DSC_0190_id285.png,RGB_JPG_MAMONAS,RGB_JPG_MAMONAS
C:\Users\eduar\Desktop\Soybe-main\data\com_fundo\RGB_JPG_IMPUREZAS\grao_DSC_0248_id61.png,RGB_JPG_IMPUREZAS,RGB_JPG_IMPUREZAS
C:\Users\eduar\Desktop\Soybe-main\data\com_fundo\RGB_JPG_QUEBRADOS\grao_DSC_0457_id22.png,RGB_JPG_QUEBRADOS,RGB_JPG_QUEBRADOS
C:\Users\eduar\Desktop\Soybe-main\data\com_fundo\RGB_JPG_Normais\grao_DSC_0678_id35.png,RGB_JPG_Normais,RGB_JPG_Normais
C:\Users\eduar\Desktop\Soybe-main\data\com_fundo\RGB_JPG_Normais\grao_DSC_0386_id68.png,RGB_JPG_Normais,RGB_JPG_Normais
C:\Users\eduar\Desktop\Soybe-main\data\com_fundo\RGB_JPG_CHOCHOS\grao_DSC_0342_id24.png,RGB_JPG_CHOCHOS,RGB_JPG_CHOCHOS
C:\Users\eduar\Desktop\Soybe-main\data\com_fundo\RGB_JPG_Normais\grao_DSC_0647_id15.png,RGB_JPG_Normais,RGB_JPG_Normais
C:\Users\eduar\Desktop\Soybe-main\data\com_fundo\RGB_JPG_Normais\grao_DSC_0158_id9.png,RGB_JPG_Normais,RGB_JPG_Normais
C:\Users\eduar\Desktop\Soybe-main\data\com_fundo\RGB_JPG_IMPUREZAS\grao_DSC_0295_id32.png,RGB_JPG_IMPUREZAS,RGB_JPG_IMPUREZAS
C:\Users\eduar\Desktop\Soybe-main\data\com_fundo\RGB_JPG_Normais\grao_DSC_0634_id38.png,RGB_JPG_Normais,RGB_JPG_Normais
C:\Users\eduar\Desktop\Soybe-main\data\com_fundo\RGB_JPG_CHOCHOS\grao_DSC_0328_id35.png,RGB_JPG_CHOCHOS,RGB_JPG_CHOCHOS
C:\Users\eduar\Desktop\Soybe-main\data\com_fundo\RGB_JPG_Normais\grao_DSC_0638_id14.png,RGB_JPG_Normais,RGB_JPG_Normais
C:\Users\eduar\Desktop\Soybe-main\data\com_fundo\RGB_JPG_CHOCHOS\grao_DSC_0328_id17.png,RGB_JPG_CHOCHOS,RGB_JPG_CHOCHOS
C:\Users\eduar\Desktop\Soybe-main\data\com_fundo\RGB_JPG_Normais\grao_DSC_0507_id83.png,RGB_JPG_Normais,RGB_JPG_Normais
C:\Users\eduar\Desktop\Soybe-main\data\com_fundo\RGB_JPG_IMPUREZAS\grao_DSC_0272_id103.png,RGB_JPG_IMPUREZAS,RGB_JPG_IMPUREZAS
C:\Users\eduar\Desktop\Soybe-main\data\com_fundo\RGB_JPG_Normais\grao_DSC_0391_id62.png,RGB_JPG_Normais,RGB_JPG_Normais
C:\Users\eduar\Desktop\Soybe-main\data\com_fundo\RGB_JPG_IMPUREZAS\grao_DSC_0231_id157.png,RGB_JPG_IMPUREZAS,RGB_JPG_IMPUREZAS
C:\Users\eduar\Desktop\Soybe-main\data\com_fundo\RGB_JPG_ESVERDEADO\grao_DSC_0309_id27.png,RGB_JPG_ESVERDEADO,RGB_JPG_ESVERDEADO
C:\Users\eduar\Desktop\Soybe-main\data\com_fundo\RGB_JPG_CHOCHOS\grao_DSC_0313_id57.png,RGB_JPG_CHOCHOS,RGB_JPG_CHOCHOS
C:\Users\eduar\Desktop\Soybe-main\data\com_fundo\RGB_JPG_QUEBRADOS\grao_DSC_0402_id68.png,RGB_JPG_QUEBRADOS,RGB_JPG_QUEBRADOS
C:\Users\eduar\Desktop\Soybe-main\data\com_fundo\RGB_JPG_Normais\grao_DSC_0153_id85.png,RGB_JPG_Normais,RGB_JPG_Normais
C:\Users\eduar\Desktop\Soybe-main\data\com_fundo\RGB_JPG_Normais\grao_DSC_0666_id88.png,RGB_JPG_Normais,RGB_JPG_Normais
C:\Users\eduar\Desktop\Soybe-main\data\com_fundo\RGB_JPG_IMPUREZAS\grao_DSC_0237_id76.png,RGB_JPG_IMPUREZAS,RGB_JPG_IMPUREZAS
C:\Users\eduar\Desktop\Soybe-main\data\com_fundo\RGB_JPG_IMPUREZAS\grao_DSC_0290_id200.png,RGB_JPG_IMPUREZAS,RGB_JPG_IMPUREZAS
C:\Users\eduar\Desktop\Soybe-main\data\com_fundo\RGB_JPG_ESVERDEADO\grao_DSC_0305_id53.png,RGB_JPG_ESVERDEADO,RGB_JPG_CHOCHOS
C:\Users\eduar\Desktop\Soybe-main\data\com_fundo\RGB_JPG_CHOCHOS\grao_DSC_0326_id64.png,RGB_JPG_CHOCHOS,RGB_JPG_CHOCHOS
C:\Users\eduar\Desktop\Soybe-main\data\com_fundo\RGB_JPG_CHOCHOS\grao_DSC_0338_id15.png,RGB_JPG_CHOCHOS,RGB_JPG_CHOCHOS
C:\Users\eduar\Desktop\Soybe-main\data\com_fundo\RGB_JPG_Normais\grao_DSC_0391_id107.png,RGB_JPG_Normais,RGB_JPG_Normais
C:\Users\eduar\Desktop\Soybe-main\data\com_fundo\RGB_JPG_IMPUREZAS\grao_DSC_0269_id136.png,RGB_JPG_IMPUREZAS,RGB_JPG_IMPUREZAS
C:\Users\eduar\Desktop\Soybe-main\data\com_fundo\RGB_JPG_QUEBRADOS\grao_DSC_0465_id85.png,RGB_JPG_QUEBRADOS,RGB_JPG_QUEBRADOS
C:\Users\eduar\Desktop\Soybe-main\data\com_fundo\RGB_JPG_IMPUREZAS\grao_DSC_0260_id111.png,RGB_JPG_IMPUREZAS,RGB_JPG_IMPUREZAS
C:\Users\eduar\Desktop\Soybe-main\data\com_fundo\RGB_JPG_Normais\grao_DSC_0499_id87.png,RGB_JPG_Normais,RGB_JPG_Normais
C:\Users\eduar\Desktop\Soybe-main\data\com_fundo\RGB_JPG_Normais\grao_DSC_0484_id39.png,RGB_JPG_Normais,RGB_JPG_Normais
C:\Users\eduar\Desktop\Soybe-main\data\com_fundo\RGB_JPG_Normais\grao_DSC_0663_id43.png,RGB_JPG_Normais,RGB_JPG_Normais
C:\Users\eduar\Desktop\Soybe-main\data\com_fundo\RGB_JPG_IMPUREZAS\grao_DSC_0267_id92.png,RGB_JPG_IMPUREZAS,RGB_JPG_IMPUREZAS
C:\Users\eduar\Desktop\Soybe-main\data\com_fundo\RGB_JPG_IMPUREZAS\grao_DSC_0229_id290.png,RGB_JPG_IMPUREZAS,RGB_JPG_IMPUREZAS
C:\Users\eduar\Desktop\Soybe-main\data\com_fundo\RGB_JPG_Normais\grao_DSC_0611_id63.png,RGB_JPG_Normais,RGB_JPG_Normais
C:\Users\eduar\Desktop\Soybe-main\data\com_fundo\RGB_JPG_Normais\grao_DSC_0606_id42.png,RGB_JPG_Normais,RGB_JPG_Normais
C:\Users\eduar\Desktop\Soybe-main\data\com_fundo\RGB_JPG_CHOCHOS\grao_DSC_0364_id46.png,RGB_JPG_CHOCHOS,RGB_JPG_CHOCHOS
C:\Users\eduar\Desktop\Soybe-main\data\com_fundo\RGB_JPG_Normais\grao_DSC_0155_id79.png,RGB_JPG_Normais,RGB_JPG_Normais
C:\Users\eduar\Desktop\Soybe-main\data\com_fundo\RGB_JPG_QUEBRADOS\grao_DSC_0463_id27.png,RGB_JPG_QUEBRADOS,RGB_JPG_QUEBRADOS
C:\Users\eduar\Desktop\Soybe-main\data\com_fundo\RGB_JPG_QUEBRADOS\grao_DSC_0401_id37.png,RGB_JPG_QUEBRADOS,RGB_JPG_QUEBRADOS
C:\Users\eduar\Desktop\Soybe-main\data\com_fundo\RGB_JPG_Normais\grao_DSC_0629_id69.png,RGB_JPG_Normais,RGB_JPG_Normais
C:\Users\eduar\Desktop\Soybe-main\data\com_fundo\RGB_JPG_Normais\grao_DSC_0623_id31.png,RGB_JPG_Normais,RGB_JPG_Normais
C:\Users\eduar\Desktop\Soybe-main\data\com_fundo\RGB_JPG_Normais\grao_DSC_0486_id51.png,RGB_JPG_Normais,RGB_JPG_Normais
C:\Users\eduar\Desktop\Soybe-main\data\com_fundo\RGB_JPG_IMPUREZAS\grao_DSC_0251_id121.png,RGB_JPG_IMPUREZAS,RGB_JPG_IMPUREZAS
C:\Users\eduar\Desktop\Soybe-main\data\com_fundo\RGB_JPG_IMPUREZAS\grao_DSC_0256_id128.png,RGB_JPG_IMPUREZAS,RGB_JPG_IMPUREZAS
C:\Users\eduar\Desktop\Soybe-main\data\com_fundo\RGB_JPG_IMPUREZAS\grao_DSC_0286_id239.png,RGB_JPG_IMPUREZAS,RGB_JPG_IMPUREZAS
C:\Users\eduar\Desktop\Soybe-main\data\com_fundo\RGB_JPG_Normais\grao_DSC_0389_id48.png,RGB_JPG_Normais,RGB_JPG_Normais
C:\Users\eduar\Desktop\Soybe-main\data\com_fundo\RGB_JPG_IMPUREZAS\grao_DSC_0267_id4.png,RGB_JPG_IMPUREZAS,RGB_JPG_IMPUREZAS
C:\Users\eduar\Desktop\Soybe-main\data\com_fundo\RGB_JPG_IMPUREZAS\grao_DSC_0014_id20.png,RGB_JPG_IMPUREZAS,RGB_JPG_IMPUREZAS
C:\Users\eduar\Desktop\Soybe-main\data\com_fundo\RGB_JPG_Normais\grao_DSC_0481_id62.png,RGB_JPG_Normais,RGB_JPG_Normais
C:\Users\eduar\Desktop\Soybe-main\data\com_fundo\RGB_JPG_IMPUREZAS\grao_DSC_0273_id56.png,RGB_JPG_IMPUREZAS,RGB_JPG_IMPUREZAS
C:\Users\eduar\Desktop\Soybe-main\data\com_fundo\RGB_JPG_IMPUREZAS\grao_DSC_0014_id77.png,RGB_JPG_IMPUREZAS,RGB_JPG_IMPUREZAS
C:\Users\eduar\Desktop\Soybe-main\data\com_fundo\RGB_JPG_CHOCHOS\grao_DSC_0356_id91.png,RGB_JPG_CHOCHOS,RGB_JPG_Normais
C:\Users\eduar\Desktop\Soybe-main\data\com_fundo\RGB_JPG_Normais\grao_DSC_0398_id24.png,RGB_JPG_Normais,RGB_JPG_Normais
C:\Users\eduar\Desktop\Soybe-main\data\com_fundo\RGB_JPG_IMPUREZAS\grao_DSC_0242_id54.png,RGB_JPG_IMPUREZAS,RGB_JPG_IMPUREZAS
C:\Users\eduar\Desktop\Soybe-main\data\com_fundo\RGB_JPG_QUEBRADOS\grao_DSC_0450_id89.png,RGB_JPG_QUEBRADOS,RGB_JPG_QUEBRADOS
C:\Users\eduar\Desktop\Soybe-main\data\com_fundo\RGB_JPG_Normais\grao_DSC_0214_id24.png,RGB_JPG_Normais,RGB_JPG_Normais
C:\Users\eduar\Desktop\Soybe-main\data\com_fundo\RGB_JPG_IMPUREZAS\grao_DSC_0029_id34.png,RGB_JPG_IMPUREZAS,RGB_JPG_IMPUREZAS
C:\Users\eduar\Desktop\Soybe-main\data\com_fundo\RGB_JPG_Normais\grao_DSC_0473_id44.png,RGB_JPG_Normais,RGB_JPG_Normais
C:\Users\eduar\Desktop\Soybe-main\data\com_fundo\RGB_JPG_Normais\grao_DSC_0495_id46.png,RGB_JPG_Normais,RGB_JPG_Normais
C:\Users\eduar\Desktop\Soybe-main\data\com_fundo\RGB_JPG_Normais\grao_DSC_0477_id8.png,RGB_JPG_Normais,RGB_JPG_Normais
C:\Users\eduar\Desktop\Soybe-main\data\com_fundo\RGB_JPG_CHOCHOS\grao_DSC_0339_id36.png,RGB_JPG_CHOCHOS,RGB_JPG_CHOCHOS
C:\Users\eduar\Desktop\Soybe-main\data\com_fundo\RGB_JPG_IMPUREZAS\grao_DSC_0278_id138.png,RGB_JPG_IMPUREZAS,RGB_JPG_IMPUREZAS
C:\Users\eduar\Desktop\Soybe-main\data\com_fundo\RGB_JPG_QUEBRADOS\grao_DSC_0442_id66.png,RGB_JPG_QUEBRADOS,RGB_JPG_QUEBRADOS
C:\Users\eduar\Desktop\Soybe-main\data\com_fundo\RGB_JPG_Normais\grao_DSC_0393_id69.png,RGB_JPG_Normais,RGB_JPG_Normais
C:\Users\eduar\Desktop\Soybe-main\data\com_fundo\RGB_JPG_Normais\grao_DSC_0479_id59.png,RGB_JPG_Normais,RGB_JPG_Normais
C:\Users\eduar\Desktop\Soybe-main\data\com_fundo\RGB_JPG_Normais\grao_DSC_0366_id66.png,RGB_JPG_Normais,RGB_JPG_Normais
C:\Users\eduar\Desktop\Soybe-main\data\com_fundo\RGB_JPG_IMPUREZAS\grao_DSC_0267_id170.png,RGB_JPG_IMPUREZAS,RGB_JPG_IMPUREZAS
C:\Users\eduar\Desktop\Soybe-main\data\com_fundo\RGB_JPG_ESVERDEADO\grao_DSC_0300_id59.png,RGB_JPG_ESVERDEADO,RGB_JPG_ESVERDEADO
C:\Users\eduar\Desktop\Soybe-main\data\com_fundo\RGB_JPG_IMPUREZAS\grao_DSC_0281_id260.png,RGB_JPG_IMPUREZAS,RGB_JPG_IMPUREZAS
C:\Users\eduar\Desktop\Soybe-main\data\com_fundo\RGB_JPG_QUEBRADOS\grao_DSC_0412_id34.png,RGB_JPG_QUEBRADOS,RGB_JPG_QUEBRADOS
C:\Users\eduar\Desktop\Soybe-main\data\com_fundo\RGB_JPG_Normais\grao_DSC_0654_id35.png,RGB_JPG_Normais,RGB_JPG_Normais
C:\Users\eduar\Desktop\Soybe-main\data\com_fundo\RGB_JPG_IMPUREZAS\grao_DSC_0274_id157.png,RGB_JPG_IMPUREZAS,RGB_JPG_IMPUREZAS
C:\Users\eduar\Desktop\Soybe-main\data\com_fundo\RGB_JPG_IMPUREZAS\grao_DSC_0256_id172.png,RGB_JPG_IMPUREZAS,RGB_JPG_IMPUREZAS
C:\Users\eduar\Desktop\Soybe-main\data\com_fundo\RGB_JPG_Normais\grao_DSC_0622_id25.png,RGB_JPG_Normais,RGB_JPG_Normais
C:\Users\eduar\Desktop\Soybe-main\data\com_fundo\RGB_JPG_Normais\grao_DSC_0381_id3.png,RGB_JPG_Normais,RGB_JPG_Normais
C:\Users\eduar\Desktop\Soybe-main\data\com_fundo\RGB_JPG_Normais\grao_DSC_0669_id28.png,RGB_JPG_Normais,RGB_JPG_Normais
C:\Users\eduar\Desktop\Soybe-main\data\com_fundo\RGB_JPG_QUEBRADOS\grao_DSC_0441_id75.png,RGB_JPG_QUEBRADOS,RGB_JPG_QUEBRADOS
C:\Users\eduar\Desktop\Soybe-main\data\com_fundo\RGB_JPG_Normais\grao_DSC_0394_id13.png,RGB_JPG_Normais,RGB_JPG_Normais
C:\Users\eduar\Desktop\Soybe-main\data\com_fundo\RGB_JPG_CHOCHOS\grao_DSC_0333_id83.png,RGB_JPG_CHOCHOS,RGB_JPG_CHOCHOS
C:\Users\eduar\Desktop\Soybe-main\data\com_fundo\RGB_JPG_Normais\grao_DSC_0387_id57.png,RGB_JPG_Normais,RGB_JPG_Normais
C:\Users\eduar\Desktop\Soybe-main\data\com_fundo\RGB_JPG_Normais\grao_DSC_0656_id77.png,RGB_JPG_Normais,RGB_JPG_Normais
C:\Users\eduar\Desktop\Soybe-main\data\com_fundo\RGB_JPG_Normais\grao_DSC_0500_id19.png,RGB_JPG_Normais,RGB_JPG_Normais
C:\Users\eduar\Desktop\Soybe-main\data\com_fundo\RGB_JPG_Normais\grao_DSC_0372_id42.png,RGB_JPG_Normais,RGB_JPG_Normais
C:\Users\eduar\Desktop\Soybe-main\data\com_fundo\RGB_JPG_Normais\grao_DSC_0642_id6.png,RGB_JPG_Normais,RGB_JPG_Normais
C:\Users\eduar\Desktop\Soybe-main\data\com_fundo\RGB_JPG_QUEBRADOS\grao_DSC_0435_id30.png,RGB_JPG_QUEBRADOS,RGB_JPG_QUEBRADOS
C:\Users\eduar\Desktop\Soybe-main\data\com_fundo\RGB_JPG_CHOCHOS\grao_DSC_0363_id113.png,RGB_JPG_CHOCHOS,RGB_JPG_CHOCHOS
C:\Users\eduar\Desktop\Soybe-main\data\com_fundo\RGB_JPG_Normais\grao_DSC_0663_id56.png,RGB_JPG_Normais,RGB_JPG_Normais
C:\Users\eduar\Desktop\Soybe-main\data\com_fundo\RGB_JPG_IMPUREZAS\grao_DSC_0007_id70.png,RGB_JPG_IMPUREZAS,RGB_JPG_IMPUREZAS
C:\Users\eduar\Desktop\Soybe-main\data\com_fundo\RGB_JPG_QUEBRADOS\grao_DSC_0168_id101.png,RGB_JPG_QUEBRADOS,RGB_JPG_QUEBRADOS
C:\Users\eduar\Desktop\Soybe-main\data\com_fundo\RGB_JPG_IMPUREZAS\grao_DSC_0006_id69.png,RGB_JPG_IMPUREZAS,RGB_JPG_IMPUREZAS
C:\Users\eduar\Desktop\Soybe-main\data\com_fundo\RGB_JPG_Normais\grao_DSC_0151_id53.png,RGB_JPG_Normais,RGB_JPG_Normais
C:\Users\eduar\Desktop\Soybe-main\data\com_fundo\RGB_JPG_Normais\grao_DSC_0492_id44.png,RGB_JPG_Normais,RGB_JPG_Normais
C:\Users\eduar\Desktop\Soybe-main\data\com_fundo\RGB_JPG_CHOCHOS\grao_DSC_0357_id98.png,RGB_JPG_CHOCHOS,RGB_JPG_CHOCHOS
C:\Users\eduar\Desktop\Soybe-main\data\com_fundo\RGB_JPG_Normais\grao_DSC_0376_id50.png,RGB_JPG_Normais,RGB_JPG_Normais
C:\Users\eduar\Desktop\Soybe-main\data\com_fundo\RGB_JPG_Normais\grao_DSC_0488_id81.png,RGB_JPG_Normais,RGB_JPG_Normais
C:\Users\eduar\Desktop\Soybe-main\data\com_fundo\RGB_JPG_Normais\grao_DSC_0390_id8.png,RGB_JPG_Normais,RGB_JPG_Normais
C:\Users\eduar\Desktop\Soybe-main\data\com_fundo\RGB_JPG_IMPUREZAS\grao_DSC_0005_id70.png,RGB_JPG_IMPUREZAS,RGB_JPG_IMPUREZAS
C:\Users\eduar\Desktop\Soybe-main\data\com_fundo\RGB_JPG_IMPUREZAS\grao_DSC_0262_id89.png,RGB_JPG_IMPUREZAS,RGB_JPG_IMPUREZAS
C:\Users\eduar\Desktop\Soybe-main\data\com_fundo\RGB_JPG_PURPURAS\grao_DSC_0051_id1.png,RGB_JPG_PURPURAS,RGB_JPG_PURPURAS
C:\Users\eduar\Desktop\Soybe-main\data\com_fundo\RGB_JPG_Normais\grao_DSC_0505_id89.png,RGB_JPG_Normais,RGB_JPG_Normais
C:\Users\eduar\Desktop\Soybe-main\data\com_fundo\RGB_JPG_Normais\grao_DSC_0680_id19.png,RGB_JPG_Normais,RGB_JPG_Normais
C:\Users\eduar\Desktop\Soybe-main\data\com_fundo\RGB_JPG_Normais\grao_DSC_0639_id89.png,RGB_JPG_Normais,RGB_JPG_Normais
C:\Users\eduar\Desktop\Soybe-main\data\com_fundo\RGB_JPG_Normais\grao_DSC_0386_id96.png,RGB_JPG_Normais,RGB_JPG_Normais
C:\Users\eduar\Desktop\Soybe-main\data\com_fundo\RGB_JPG_IMPUREZAS\grao_DSC_0230_id40.png,RGB_JPG_IMPUREZAS,RGB_JPG_IMPUREZAS
C:\Users\eduar\Desktop\Soybe-main\data\com_fundo\RGB_JPG_QUEBRADOS\grao_DSC_0453_id29.png,RGB_JPG_QUEBRADOS,RGB_JPG_QUEBRADOS
C:\Users\eduar\Desktop\Soybe-main\data\com_fundo\RGB_JPG_QUEBRADOS\grao_DSC_0425_id49.png,RGB_JPG_QUEBRADOS,RGB_JPG_QUEBRADOS
C:\Users\eduar\Desktop\Soybe-main\data\com_fundo\RGB_JPG_Normais\grao_DSC_0389_id73.png,RGB_JPG_Normais,RGB_JPG_Normais
C:\Users\eduar\Desktop\Soybe-main\data\com_fundo\RGB_JPG_IMPUREZAS\grao_DSC_0242_id52.png,RGB_JPG_IMPUREZAS,RGB_JPG_IMPUREZAS
C:\Users\eduar\Desktop\Soybe-main\data\com_fundo\RGB_JPG_Normais\grao_DSC_0394_id48.png,RGB_JPG_Normais,RGB_JPG_Normais
C:\Users\eduar\Desktop\Soybe-main\data\com_fundo\RGB_JPG_Normais\grao_DSC_0158_id90.png,RGB_JPG_Normais,RGB_JPG_Normais
C:\Users\eduar\Desktop\Soybe-main\data\com_fundo\RGB_JPG_Normais\grao_DSC_0469_id33.png,RGB_JPG_Normais,RGB_JPG_Normais
C:\Users\eduar\Desktop\Soybe-main\data\com_fundo\RGB_JPG_Normais\grao_DSC_0388_id23.png,RGB_JPG_Normais,RGB_JPG_Normais
C:\Users\eduar\Desktop\Soybe-main\data\com_fundo\RGB_JPG_Normais\grao_DSC_0368_id112.png,RGB_JPG_Normais,RGB_JPG_Normais
C:\Users\eduar\Desktop\Soybe-main\data\com_fundo\RGB_JPG_Normais\grao_DSC_0501_id30.png,RGB_JPG_Normais,RGB_JPG_Normais
C:\Users\eduar\Desktop\Soybe-main\data\com_fundo\RGB_JPG_Normais\grao_DSC_0503_id71.png,RGB_JPG_Normais,RGB_JPG_Normais
C:\Users\eduar\Desktop\Soybe-main\data\com_fundo\RGB_JPG_QUEBRADOS\grao_DSC_0405_id63.png,RGB_JPG_QUEBRADOS,RGB_JPG_QUEBRADOS
C:\Users\eduar\Desktop\Soybe-main\data\com_fundo\RGB_JPG_IMPUREZAS\grao_DSC_0294_id34.png,RGB_JPG_IMPUREZAS,RGB_JPG_IMPUREZAS
C:\Users\eduar\Desktop\Soybe-main\data\com_fundo\RGB_JPG_IMPUREZAS\grao_DSC_0029_id88.png,RGB_JPG_IMPUREZAS,RGB_JPG_IMPUREZAS
C:\Users\eduar\Desktop\Soybe-main\data\com_fundo\RGB_JPG_Normais\grao_DSC_0470_id65.png,RGB_JPG_Normais,RGB_JPG_Normais
C:\Users\eduar\Desktop\Soybe-main\data\com_fundo\RGB_JPG_IMPUREZAS\grao_DSC_0284_id2.png,RGB_JPG_IMPUREZAS,RGB_JPG_IMPUREZAS
C:\Users\eduar\Desktop\Soybe-main\data\com_fundo\RGB_JPG_Normais\grao_DSC_0369_id41.png,RGB_JPG_Normais,RGB_JPG_Normais
C:\Users\eduar\Desktop\Soybe-main\data\com_fundo\RGB_JPG_IMPUREZAS\grao_DSC_0277_id82.png,RGB_JPG_IMPUREZAS,RGB_JPG_IMPUREZAS
C:\Users\eduar\Desktop\Soybe-main\data\com_fundo\RGB_JPG_Normais\grao_DSC_0674_id57.png,RGB_JPG_Normais,RGB_JPG_Normais
C:\Users\eduar\Desktop\Soybe-main\data\com_fundo\RGB_JPG_IMPUREZAS\grao_DSC_0261_id119.png,RGB_JPG_IMPUREZAS,RGB_JPG_IMPUREZAS
C:\Users\eduar\Desktop\Soybe-main\data\com_fundo\RGB_JPG_IMPUREZAS\grao_DSC_0274_id165.png,RGB_JPG_IMPUREZAS,RGB_JPG_IMPUREZAS
C:\Users\eduar\Desktop\Soybe-main\data\com_fundo\RGB_JPG_Normais\grao_DSC_0140_id26.png,RGB_JPG_Normais,RGB_JPG_Normais
C:\Users\eduar\Desktop\Soybe-main\data\com_fundo\RGB_JPG_IMPUREZAS\grao_DSC_0293_id111.png,RGB_JPG_IMPUREZAS,RGB_JPG_IMPUREZAS
C:\Users\eduar\Desktop\Soybe-main\data\com_fundo\RGB_JPG_Normais\grao_DSC_0606_id3.png,RGB_JPG_Normais,RGB_JPG_CHOCHOS
C:\Users\eduar\Desktop\Soybe-main\data\com_fundo\RGB_JPG_CHOCHOS\grao_DSC_0330_id69.png,RGB_JPG_CHOCHOS,RGB_JPG_CHOCHOS
C:\Users\eduar\Desktop\Soybe-main\data\com_fundo\RGB_JPG_IMPUREZAS\grao_DSC_0241_id81.png,RGB_JPG_IMPUREZAS,RGB_JPG_IMPUREZAS
C:\Users\eduar\Desktop\Soybe-main\data\com_fundo\RGB_JPG_Normais\grao_DSC_0374_id89.png,RGB_JPG_Normais,RGB_JPG_Normais
C:\Users\eduar\Desktop\Soybe-main\data\com_fundo\RGB_JPG_QUEBRADOS\grao_DSC_0169_id39.png,RGB_JPG_QUEBRADOS,RGB_JPG_QUEBRADOS
C:\Users\eduar\Desktop\Soybe-main\data\com_fundo\RGB_JPG_CHOCHOS\grao_DSC_0358_id21.png,RGB_JPG_CHOCHOS,RGB_JPG_CHOCHOS
C:\Users\eduar\Desktop\Soybe-main\data\com_fundo\RGB_JPG_Normais\grao_DSC_0479_id101.png,RGB_JPG_Normais,RGB_JPG_Normais
C:\Users\eduar\Desktop\Soybe-main\data\com_fundo\RGB_JPG_QUEBRADOS\grao_DSC_0425_id20.png,RGB_JPG_QUEBRADOS,RGB_JPG_QUEBRADOS
C:\Users\eduar\Desktop\Soybe-main\data\com_fundo\RGB_JPG_QUEBRADOS\grao_DSC_0438_id110.png,RGB_JPG_QUEBRADOS,RGB_JPG_QUEBRADOS
C:\Users\eduar\Desktop\Soybe-main\data\com_fundo\RGB_JPG_IMPUREZAS\grao_DSC_0028_id199.png,RGB_JPG_IMPUREZAS,RGB_JPG_IMPUREZAS
C:\Users\eduar\Desktop\Soybe-main\data\com_fundo\RGB_JPG_QUEBRADOS\grao_DSC_0465_id21.png,RGB_JPG_QUEBRADOS,RGB_JPG_QUEBRADOS
C:\Users\eduar\Desktop\Soybe-main\data\com_fundo\RGB_JPG_Normais\grao_DSC_0321_id54.png,RGB_JPG_Normais,RGB_JPG_CHOCHOS
C:\Users\eduar\Desktop\Soybe-main\data\com_fundo\RGB_JPG_Normais\grao_DSC_0323_id145.png,RGB_JPG_Normais,RGB_JPG_CHOCHOS
C:\Users\eduar\Desktop\Soybe-main\data\com_fundo\RGB_JPG_IMPUREZAS\grao_DSC_0020_id180.png,RGB_JPG_IMPUREZAS,RGB_JPG_IMPUREZAS
C:\Users\eduar\Desktop\Soybe-main\data\com_fundo\RGB_JPG_Normais\grao_DSC_0649_id28.png,RGB_JPG_Normais,RGB_JPG_Normais
C:\Users\eduar\Desktop\Soybe-main\data\com_fundo\RGB_JPG_IMPUREZAS\grao_DSC_0261_id173.png,RGB_JPG_IMPUREZAS,RGB_JPG_IMPUREZAS
C:\Users\eduar\Desktop\Soybe-main\data\com_fundo\RGB_JPG_Normais\grao_DSC_0655_id19.png,RGB_JPG_Normais,RGB_JPG_Normais
C:\Users\eduar\Desktop\Soybe-main\data\com_fundo\RGB_JPG_Normais\grao_DSC_0631_id82.png,RGB_JPG_Normais,RGB_JPG_Normais
C:\Users\eduar\Desktop\Soybe-main\data\com_fundo\RGB_JPG_Normais\grao_DSC_0519_id50.png,RGB_JPG_Normais,RGB_JPG_Normais
C:\Users\eduar\Desktop\Soybe-main\data\com_fundo\RGB_JPG_Normais\grao_DSC_0621_id52.png,RGB_JPG_Normais,RGB_JPG_Normais
C:\Users\eduar\Desktop\Soybe-main\data\com_fundo\RGB_JPG_IMPUREZAS\grao_DSC_0278_id113.png,RGB_JPG_IMPUREZAS,RGB_JPG_IMPUREZAS
C:\Users\eduar\Desktop\Soybe-main\data\com_fundo\RGB_JPG_IMPUREZAS\grao_DSC_0019_id32.png,RGB_JPG_IMPUREZAS,RGB_JPG_IMPUREZAS
C:\Users\eduar\Desktop\Soybe-main\data\com_fundo\RGB_JPG_Normais\grao_DSC_0619_id83.png,RGB_JPG_Normais,RGB_JPG_Normais
C:\Users\eduar\Desktop\Soybe-main\data\com_fundo\RGB_JPG_QUEBRADOS\grao_DSC_0438_id57.png,RGB_JPG_QUEBRADOS,RGB_JPG_QUEBRADOS
C:\Users\eduar\Desktop\Soybe-main\data\com_fundo\RGB_JPG_Normais\grao_DSC_0666_id42.png,RGB_JPG_Normais,RGB_JPG_Normais
C:\Users\eduar\Desktop\Soybe-main\data\com_fundo\RGB_JPG_CHOCHOS\grao_DSC_0345_id29.png,RGB_JPG_CHOCHOS,RGB_JPG_CHOCHOS
C:\Users\eduar\Desktop\Soybe-main\data\com_fundo\RGB_JPG_Normais\grao_DSC_0675_id90.png,RGB_JPG_Normais,RGB_JPG_Normais
C:\Users\eduar\Desktop\Soybe-main\data\com_fundo\RGB_JPG_QUEBRADOS\grao_DSC_0442_id84.png,RGB_JPG_QUEBRADOS,RGB_JPG_QUEBRADOS
C:\Users\eduar\Desktop\Soybe-main\data\com_fundo\RGB_JPG_CHOCHOS\grao_DSC_0322_id43.png,RGB_JPG_CHOCHOS,RGB_JPG_CHOCHOS
C:\Users\eduar\Desktop\Soybe-main\data\com_fundo\RGB_JPG_IMPUREZAS\grao_DSC_0240_id31.png,RGB_JPG_IMPUREZAS,RGB_JPG_IMPUREZAS
C:\Users\eduar\Desktop\Soybe-main\data\com_fundo\RGB_JPG_Normais\grao_DSC_0321_id61.png,RGB_JPG_Normais,RGB_JPG_CHOCHOS
C:\Users\eduar\Desktop\Soybe-main\data\com_fundo\RGB_JPG_QUEBRADOS\grao_DSC_0171_id77.png,RGB_JPG_QUEBRADOS,RGB_JPG_QUEBRADOS
C:\Users\eduar\Desktop\Soybe-main\data\com_fundo\RGB_JPG_QUEBRADOS\grao_DSC_0444_id52.png,RGB_JPG_QUEBRADOS,RGB_JPG_QUEBRADOS
C:\Users\eduar\Desktop\Soybe-main\data\com_fundo\RGB_JPG_CHOCHOS\grao_DSC_0347_id15.png,RGB_JPG_CHOCHOS,RGB_JPG_CHOCHOS
C:\Users\eduar\Desktop\Soybe-main\data\com_fundo\RGB_JPG_Normais\grao_DSC_0371_id104.png,RGB_JPG_Normais,RGB_JPG_Normais
C:\Users\eduar\Desktop\Soybe-main\data\com_fundo\RGB_JPG_Normais\grao_DSC_0608_id31.png,RGB_JPG_Normais,RGB_JPG_Normais
C:\Users\eduar\Desktop\Soybe-main\data\com_fundo\RGB_JPG_Normais\grao_DSC_0144_id42.png,RGB_JPG_Normais,RGB_JPG_Normais
C:\Users\eduar\Desktop\Soybe-main\data\com_fundo\RGB_JPG_IMPUREZAS\grao_DSC_0039_id50.png,RGB_JPG_IMPUREZAS,RGB_JPG_IMPUREZAS
C:\Users\eduar\Desktop\Soybe-main\data\com_fundo\RGB_JPG_QUEBRADOS\grao_DSC_0410_id42.png,RGB_JPG_QUEBRADOS,RGB_JPG_QUEBRADOS
C:\Users\eduar\Desktop\Soybe-main\data\com_fundo\RGB_JPG_Normais\grao_DSC_0612_id24.png,RGB_JPG_Normais,RGB_JPG_Normais
C:\Users\eduar\Desktop\Soybe-main\data\com_fundo\RGB_JPG_QUEBRADOS\grao_DSC_0169_id89.png,RGB_JPG_QUEBRADOS,RGB_JPG_QUEBRADOS
C:\Users\eduar\Desktop\Soybe-main\data\com_fundo\RGB_JPG_Normais\grao_DSC_0481_id99.png,RGB_JPG_Normais,RGB_JPG_Normais
C:\Users\eduar\Desktop\Soybe-main\data\com_fundo\RGB_JPG_IMPUREZAS\grao_DSC_0021_id99.png,RGB_JPG_IMPUREZAS,RGB_JPG_IMPUREZAS
C:\Users\eduar\Desktop\Soybe-main\data\com_fundo\RGB_JPG_Normais\grao_DSC_0677_id54.png,RGB_JPG_Normais,RGB_JPG_Normais
C:\Users\eduar\Desktop\Soybe-main\data\com_fundo\RGB_JPG_Normais\grao_DSC_0491_id56.png,RGB_JPG_Normais,RGB_JPG_Normais
C:\Users\eduar\Desktop\Soybe-main\data\com_fundo\RGB_JPG_IMPUREZAS\grao_DSC_0279_id214.png,RGB_JPG_IMPUREZAS,RGB_JPG_IMPUREZAS
C:\Users\eduar\Desktop\Soybe-main\data\com_fundo\RGB_JPG_QUEBRADOS\grao_DSC_0448_id8.png,RGB_JPG_QUEBRADOS,RGB_JPG_QUEBRADOS
C:\Users\eduar\Desktop\Soybe-main\data\com_fundo\RGB_JPG_Normais\grao_DSC_0479_id44.png,RGB_JPG_Normais,RGB_JPG_Normais
C:\Users\eduar\Desktop\Soybe-main\data\com_fundo\RGB_JPG_Normais\grao_DSC_0515_id99.png,RGB_JPG_Normais,RGB_JPG_Normais
C:\Users\eduar\Desktop\Soybe-main\data\com_fundo\RGB_JPG_IMPUREZAS\grao_DSC_0276_id130.png,RGB_JPG_IMPUREZAS,RGB_JPG_IMPUREZAS
C:\Users\eduar\Desktop\Soybe-main\data\com_fundo\RGB_JPG_IMPUREZAS\grao_DSC_0284_id108.png,RGB_JPG_IMPUREZAS,RGB_JPG_IMPUREZAS
C:\Users\eduar\Desktop\Soybe-main\data\com_fundo\RGB_JPG_QUEBRADOS\grao_DSC_0465_id38.png,RGB_JPG_QUEBRADOS,RGB_JPG_QUEBRADOS
C:\Users\eduar\Desktop\Soybe-main\data\com_fundo\RGB_JPG_IMPUREZAS\grao_DSC_0246_id55.png,RGB_JPG_IMPUREZAS,RGB_JPG_IMPUREZAS
C:\Users\eduar\Desktop\Soybe-main\data\com_fundo\RGB_JPG_IMPUREZAS\grao_DSC_0252_id244.png,RGB_JPG_IMPUREZAS,RGB_JPG_IMPUREZAS
C:\Users\eduar\Desktop\Soybe-main\data\com_fundo\RGB_JPG_IMPUREZAS\grao_DSC_0273_id80.png,RGB_JPG_IMPUREZAS,RGB_JPG_IMPUREZAS
C:\Users\eduar\Desktop\Soybe-main\data\com_fundo\RGB_JPG_Normais\grao_DSC_0376_id49.png,RGB_JPG_Normais,RGB_JPG_Normais
C:\Users\eduar\Desktop\Soybe-main\data\com_fundo\RGB_JPG_IMPUREZAS\grao_DSC_0257_id248.png,RGB_JPG_IMPUREZAS,RGB_JPG_IMPUREZAS
C:\Users\eduar\Desktop\Soybe-main\data\com_fundo\RGB_JPG_QUEBRADOS\grao_DSC_0464_id36.png,RGB_JPG_QUEBRADOS,RGB_JPG_QUEBRADOS
C:\Users\eduar\Desktop\Soybe-main\data\com_fundo\RGB_JPG_Normais\grao_DSC_0631_id90.png,RGB_JPG_Normais,RGB_JPG_Normais
C:\Users\eduar\Desktop\Soybe-main\data\com_fundo\RGB_JPG_IMPUREZAS\grao_DSC_0231_id183.png,RGB_JPG_IMPUREZAS,RGB_JPG_IMPUREZAS
C:\Users\eduar\Desktop\Soybe-main\data\com_fundo\RGB_JPG_Normais\grao_DSC_0471_id67.png,RGB_JPG_Normais,RGB_JPG_Normais
C:\Users\eduar\Desktop\Soybe-main\data\com_fundo\RGB_JPG_Normais\grao_DSC_0499_id58.png,RGB_JPG_Normais,RGB_JPG_Normais
C:\Users\eduar\Desktop\Soybe-main\data\com_fundo\RGB_JPG_IMPUREZAS\grao_DSC_0236_id5.png,RGB_JPG_IMPUREZAS,RGB_JPG_IMPUREZAS
C:\Users\eduar\Desktop\Soybe-main\data\com_fundo\RGB_JPG_QUEBRADOS\grao_DSC_0462_id43.png,RGB_JPG_QUEBRADOS,RGB_JPG_QUEBRADOS
C:\Users\eduar\Desktop\Soybe-main\data\com_fundo\RGB_JPG_IMPUREZAS\grao_DSC_0026_id127.png,RGB_JPG_IMPUREZAS,RGB_JPG_IMPUREZAS
C:\Users\eduar\Desktop\Soybe-main\data\com_fundo\RGB_JPG_QUEBRADOS\grao_DSC_0173_id14.png,RGB_JPG_QUEBRADOS,RGB_JPG_QUEBRADOS
C:\Users\eduar\Desktop\Soybe-main\data\com_fundo\RGB_JPG_Normais\grao_DSC_0676_id86.png,RGB_JPG_Normais,RGB_JPG_Normais
C:\Users\eduar\Desktop\Soybe-main\data\com_fundo\RGB_JPG_PURPURAS\grao_DSC_0147_id12.png,RGB_JPG_PURPURAS,RGB_JPG_PURPURAS
C:\Users\eduar\Desktop\Soybe-main\data\com_fundo\RGB_JPG_Normais\grao_DSC_0485_id48.png,RGB_JPG_Normais,RGB_JPG_Normais
C:\Users\eduar\Desktop\Soybe-main\data\com_fundo\RGB_JPG_IMPUREZAS\grao_DSC_0274_id287.png,RGB_JPG_IMPUREZAS,RGB_JPG_IMPUREZAS
C:\Users\eduar\Desktop\Soybe-main\data\com_fundo\RGB_JPG_Normais\grao_DSC_0660_id48.png,RGB_JPG_Normais,RGB_JPG_Normais
C:\Users\eduar\Desktop\Soybe-main\data\com_fundo\RGB_JPG_Normais\grao_DSC_0150_id83.png,RGB_JPG_Normais,RGB_JPG_Normais
C:\Users\eduar\Desktop\Soybe-main\data\com_fundo\RGB_JPG_CHOCHOS\grao_DSC_0321_id28.png,RGB_JPG_CHOCHOS,RGB_JPG_CHOCHOS
C:\Users\eduar\Desktop\Soybe-main\data\com_fundo\RGB_JPG_IMPUREZAS\grao_DSC_0287_id122.png,RGB_JPG_IMPUREZAS,RGB_JPG_IMPUREZAS
C:\Users\eduar\Desktop\Soybe-main\data\com_fundo\RGB_JPG_Normais\grao_DSC_0622_id108.png,RGB_JPG_Normais,RGB_JPG_Normais
C:\Users\eduar\Desktop\Soybe-main\data\com_fundo\RGB_JPG_IMPUREZAS\grao_DSC_0241_id64.png,RGB_JPG_IMPUREZAS,RGB_JPG_IMPUREZAS
C:\Users\eduar\Desktop\Soybe-main\data\com_fundo\RGB_JPG_ESVERDEADO\grao_DSC_0306_id19.png,RGB_JPG_ESVERDEADO,RGB_JPG_Normais
C:\Users\eduar\Desktop\Soybe-main\data\com_fundo\RGB_JPG_CHOCHOS\grao_DSC_0357_id21.png,RGB_JPG_CHOCHOS,RGB_JPG_Normais
C:\Users\eduar\Desktop\Soybe-main\data\com_fundo\RGB_JPG_ESVERDEADO\grao_DSC_0303_id56.png,RGB_JPG_ESVERDEADO,RGB_JPG_ESVERDEADO
C:\Users\eduar\Desktop\Soybe-main\data\com_fundo\RGB_JPG_Normais\grao_DSC_0653_id87.png,RGB_JPG_Normais,RGB_JPG_Normais
C:\Users\eduar\Desktop\Soybe-main\data\com_fundo\RGB_JPG_QUEBRADOS\grao_DSC_0447_id95.png,RGB_JPG_QUEBRADOS,RGB_JPG_QUEBRADOS
C:\Users\eduar\Desktop\Soybe-main\data\com_fundo\RGB_JPG_IMPUREZAS\grao_DSC_0025_id332.png,RGB_JPG_IMPUREZAS,RGB_JPG_IMPUREZAS
C:\Users\eduar\Desktop\Soybe-main\data\com_fundo\RGB_JPG_IMPUREZAS\grao_DSC_0273_id186.png,RGB_JPG_IMPUREZAS,RGB_JPG_IMPUREZAS
C:\Users\eduar\Desktop\Soybe-main\data\com_fundo\RGB_JPG_CHOCHOS\grao_DSC_0323_id60.png,RGB_JPG_CHOCHOS,RGB_JPG_QUEBRADOS
C:\Users\eduar\Desktop\Soybe-main\data\com_fundo\RGB_JPG_ESVERDEADO\grao_DSC_0309_id52.png,RGB_JPG_ESVERDEADO,RGB_JPG_ESVERDEADO
C:\Users\eduar\Desktop\Soybe-main\data\com_fundo\RGB_JPG_IMPUREZAS\grao_DSC_0236_id42.png,RGB_JPG_IMPUREZAS,RGB_JPG_IMPUREZAS
C:\Users\eduar\Desktop\Soybe-main\data\com_fundo\RGB_JPG_IMPUREZAS\grao_DSC_0018_id257.png,RGB_JPG_IMPUREZAS,RGB_JPG_IMPUREZAS
C:\Users\eduar\Desktop\Soybe-main\data\com_fundo\RGB_JPG_Normais\grao_DSC_0498_id46.png,RGB_JPG_Normais,RGB_JPG_Normais
C:\Users\eduar\Desktop\Soybe-main\data\com_fundo\RGB_JPG_CHOCHOS\grao_DSC_0336_id49.png,RGB_JPG_CHOCHOS,RGB_JPG_CHOCHOS
C:\Users\eduar\Desktop\Soybe-main\data\com_fundo\RGB_JPG_QUEBRADOS\grao_DSC_0457_id21.png,RGB_JPG_QUEBRADOS,RGB_JPG_QUEBRADOS
C:\Users\eduar\Desktop\Soybe-main\data\com_fundo\RGB_JPG_CHOCHOS\grao_DSC_0352_id74.png,RGB_JPG_CHOCHOS,RGB_JPG_CHOCHOS
C:\Users\eduar\Desktop\Soybe-main\data\com_fundo\RGB_JPG_CHOCHOS\grao_DSC_0353_id103.png,RGB_JPG_CHOCHOS,RGB_JPG_CHOCHOS
C:\Users\eduar\Desktop\Soybe-main\data\com_fundo\RGB_JPG_Normais\grao_DSC_0370_id47.png,RGB_JPG_Normais,RGB_JPG_Normais
C:\Users\eduar\Desktop\Soybe-main\data\com_fundo\RGB_JPG_CHOCHOS\grao_DSC_0323_id108.png,RGB_JPG_CHOCHOS,RGB_JPG_CHOCHOS
C:\Users\eduar\Desktop\Soybe-main\data\com_fundo\RGB_JPG_Normais\grao_DSC_0662_id42.png,RGB_JPG_Normais,RGB_JPG_Normais
C:\Users\eduar\Desktop\Soybe-main\data\com_fundo\RGB_JPG_IMPUREZAS\grao_DSC_0264_id10.png,RGB_JPG_IMPUREZAS,RGB_JPG_IMPUREZAS
C:\Users\eduar\Desktop\Soybe-main\data\com_fundo\RGB_JPG_Normais\grao_DSC_0489_id94.png,RGB_JPG_Normais,RGB_JPG_Normais
C:\Users\eduar\Desktop\Soybe-main\data\com_fundo\RGB_JPG_Normais\grao_DSC_0393_id8.png,RGB_JPG_Normais,RGB_JPG_Normais
C:\Users\eduar\Desktop\Soybe-main\data\com_fundo\RGB_JPG_Normais\grao_DSC_0394_id105.png,RGB_JPG_Normais,RGB_JPG_Normais
C:\Users\eduar\Desktop\Soybe-main\data\com_fundo\RGB_JPG_IMPUREZAS\grao_DSC_0272_id38.png,RGB_JPG_IMPUREZAS,RGB_JPG_IMPUREZAS
C:\Users\eduar\Desktop\Soybe-main\data\com_fundo\RGB_JPG_QUEBRADOS\grao_DSC_0462_id62.png,RGB_JPG_QUEBRADOS,RGB_JPG_QUEBRADOS
C:\Users\eduar\Desktop\Soybe-main\data\com_fundo\RGB_JPG_Normais\grao_DSC_0505_id27.png,RGB_JPG_Normais,RGB_JPG_Normais
C:\Users\eduar\Desktop\Soybe-main\data\com_fundo\RGB_JPG_QUEBRADOS\grao_DSC_0448_id81.png,RGB_JPG_QUEBRADOS,RGB_JPG_QUEBRADOS
C:\Users\eduar\Desktop\Soybe-main\data\com_fundo\RGB_JPG_Normais\grao_DSC_0645_id18.png,RGB_JPG_Normais,RGB_JPG_Normais
C:\Users\eduar\Desktop\Soybe-main\data\com_fundo\RGB_JPG_Normais\grao_DSC_0213_id28.png,RGB_JPG_Normais,RGB_JPG_Normais
C:\Users\eduar\Desktop\Soybe-main\data\com_fundo\RGB_JPG_ESVERDEADO\grao_DSC_0299_id27.png,RGB_JPG_ESVERDEADO,RGB_JPG_ESVERDEADO
C:\Users\eduar\Desktop\Soybe-main\data\com_fundo\RGB_JPG_Normais\grao_DSC_0380_id64.png,RGB_JPG_Normais,RGB_JPG_Normais
C:\Users\eduar\Desktop\Soybe-main\data\com_fundo\RGB_JPG_Normais\grao_DSC_0660_id61.png,RGB_JPG_Normais,RGB_JPG_Normais
C:\Users\eduar\Desktop\Soybe-main\data\com_fundo\RGB_JPG_Normais\grao_DSC_0499_id109.png,RGB_JPG_Normais,RGB_JPG_Normais
C:\Users\eduar\Desktop\Soybe-main\data\com_fundo\RGB_JPG_IMPUREZAS\grao_DSC_0251_id246.png,RGB_JPG_IMPUREZAS,RGB_JPG_IMPUREZAS
C:\Users\eduar\Desktop\Soybe-main\data\com_fundo\RGB_JPG_QUEBRADOS\grao_DSC_0169_id71.png,RGB_JPG_QUEBRADOS,RGB_JPG_CHOCHOS
C:\Users\eduar\Desktop\Soybe-main\data\com_fundo\RGB_JPG_Normais\grao_DSC_0636_id48.png,RGB_JPG_Normais,RGB_JPG_Normais
C:\Users\eduar\Desktop\Soybe-main\data\com_fundo\RGB_JPG_Normais\grao_DSC_0396_id6.png,RGB_JPG_Normais,RGB_JPG_ESVERDEADO
C:\Users\eduar\Desktop\Soybe-main\data\com_fundo\RGB_JPG_Normais\grao_DSC_0485_id82.png,RGB_JPG_Normais,RGB_JPG_Normais
C:\Users\eduar\Desktop\Soybe-main\data\com_fundo\RGB_JPG_CHOCHOS\grao_DSC_0364_id29.png,RGB_JPG_CHOCHOS,RGB_JPG_CHOCHOS
C:\Users\eduar\Desktop\Soybe-main\data\com_fundo\RGB_JPG_Normais\grao_DSC_0652_id81.png,RGB_JPG_Normais,RGB_JPG_Normais
C:\Users\eduar\Desktop\Soybe-main\data\com_fundo\RGB_JPG_CHOCHOS\grao_DSC_0352_id17.png,RGB_JPG_CHOCHOS,RGB_JPG_CHOCHOS
C:\Users\eduar\Desktop\Soybe-main\data\com_fundo\RGB_JPG_QUEBRADOS\grao_DSC_0408_id48.png,RGB_JPG_QUEBRADOS,RGB_JPG_QUEBRADOS
C:\Users\eduar\Desktop\Soybe-main\data\com_fundo\RGB_JPG_IMPUREZAS\grao_DSC_0231_id95.png,RGB_JPG_IMPUREZAS,RGB_JPG_IMPUREZAS
C:\Users\eduar\Desktop\Soybe-main\data\com_fundo\RGB_JPG_QUEBRADOS\grao_DSC_0408_id76.png,RGB_JPG_QUEBRADOS,RGB_JPG_QUEBRADOS
C:\Users\eduar\Desktop\Soybe-main\data\com_fundo\RGB_JPG_Normais\grao_DSC_0379_id99.png,RGB_JPG_Normais,RGB_JPG_Normais
C:\Users\eduar\Desktop\Soybe-main\data\com_fundo\RGB_JPG_QUEBRADOS\grao_DSC_0430_id89.png,RGB_JPG_QUEBRADOS,RGB_JPG_QUEBRADOS
C:\Users\eduar\Desktop\Soybe-main\data\com_fundo\RGB_JPG_CHOCHOS\grao_DSC_0334_id10.png,RGB_JPG_CHOCHOS,RGB_JPG_CHOCHOS
C:\Users\eduar\Desktop\Soybe-main\data\com_fundo\RGB_JPG_CHOCHOS\grao_DSC_0326_id104.png,RGB_JPG_CHOCHOS,RGB_JPG_CHOCHOS
C:\Users\eduar\Desktop\Soybe-main\data\com_fundo\RGB_JPG_IMPUREZAS\grao_DSC_0251_id47.png,RGB_JPG_IMPUREZAS,RGB_JPG_IMPUREZAS
C:\Users\eduar\Desktop\Soybe-main\data\com_fundo\RGB_JPG_CHOCHOS\grao_DSC_0348_id7.png,RGB_JPG_CHOCHOS,RGB_JPG_CHOCHOS
C:\Users\eduar\Desktop\Soybe-main\data\com_fundo\RGB_JPG_IMPUREZAS\grao_DSC_0249_id111.png,RGB_JPG_IMPUREZAS,RGB_JPG_IMPUREZAS
C:\Users\eduar\Desktop\Soybe-main\data\com_fundo\RGB_JPG_IMPUREZAS\grao_DSC_0037_id60.png,RGB_JPG_IMPUREZAS,RGB_JPG_IMPUREZAS
C:\Users\eduar\Desktop\Soybe-main\data\com_fundo\RGB_JPG_IMPUREZAS\grao_DSC_0274_id221.png,RGB_JPG_IMPUREZAS,RGB_JPG_IMPUREZAS
C:\Users\eduar\Desktop\Soybe-main\data\com_fundo\RGB_JPG_MAMONAS\grao_DSC_0187_id70.png,RGB_JPG_MAMONAS,RGB_JPG_MAMONAS
C:\Users\eduar\Desktop\Soybe-main\data\com_fundo\RGB_JPG_IMPUREZAS\grao_DSC_0010_id91.png,RGB_JPG_IMPUREZAS,RGB_JPG_IMPUREZAS
C:\Users\eduar\Desktop\Soybe-main\data\com_fundo\RGB_JPG_IMPUREZAS\grao_DSC_0262_id163.png,RGB_JPG_IMPUREZAS,RGB_JPG_IMPUREZAS
C:\Users\eduar\Desktop\Soybe-main\data\com_fundo\RGB_JPG_QUEBRADOS\grao_DSC_0460_id50.png,RGB_JPG_QUEBRADOS,RGB_JPG_QUEBRADOS
C:\Users\eduar\Desktop\Soybe-main\data\com_fundo\RGB_JPG_ESVERDEADO\grao_DSC_0299_id38.png,RGB_JPG_ESVERDEADO,RGB_JPG_ESVERDEADO
C:\Users\eduar\Desktop\Soybe-main\data\com_fundo\RGB_JPG_QUEBRADOS\grao_DSC_0439_id58.png,RGB_JPG_QUEBRADOS,RGB_JPG_QUEBRADOS
C:\Users\eduar\Desktop\Soybe-main\data\com_fundo\RGB_JPG_Normais\grao_DSC_0382_id34.png,RGB_JPG_Normais,RGB_JPG_Normais
C:\Users\eduar\Desktop\Soybe-main\data\com_fundo\RGB_JPG_IMPUREZAS\grao_DSC_0236_id162.png,RGB_JPG_IMPUREZAS,RGB_JPG_IMPUREZAS
C:\Users\eduar\Desktop\Soybe-main\data\com_fundo\RGB_JPG_Normais\grao_DSC_0481_id53.png,RGB_JPG_Normais,RGB_JPG_Normais
C:\Users\eduar\Desktop\Soybe-main\data\com_fundo\RGB_JPG_Normais\grao_DSC_0620_id111.png,RGB_JPG_Normais,RGB_JPG_Normais
C:\Users\eduar\Desktop\Soybe-main\data\com_fundo\RGB_JPG_CHOCHOS\grao_DSC_0327_id97.png,RGB_JPG_CHOCHOS,RGB_JPG_CHOCHOS
C:\Users\eduar\Desktop\Soybe-main\data\com_fundo\RGB_JPG_QUEBRADOS\grao_DSC_0450_id7.png,RGB_JPG_QUEBRADOS,RGB_JPG_QUEBRADOS
C:\Users\eduar\Desktop\Soybe-main\data\com_fundo\RGB_JPG_IMPUREZAS\grao_DSC_0252_id114.png,RGB_JPG_IMPUREZAS,RGB_JPG_IMPUREZAS
C:\Users\eduar\Desktop\Soybe-main\data\com_fundo\RGB_JPG_QUEBRADOS\grao_DSC_0424_id51.png,RGB_JPG_QUEBRADOS,RGB_JPG_QUEBRADOS
C:\Users\eduar\Desktop\Soybe-main\data\com_fundo\RGB_JPG_IMPUREZAS\grao_DSC_0258_id54.png,RGB_JPG_IMPUREZAS,RGB_JPG_IMPUREZAS
C:\Users\eduar\Desktop\Soybe-main\data\com_fundo\RGB_JPG_IMPUREZAS\grao_DSC_0260_id183.png,RGB_JPG_IMPUREZAS,RGB_JPG_IMPUREZAS
C:\Users\eduar\Desktop\Soybe-main\data\com_fundo\RGB_JPG_IMPUREZAS\grao_DSC_0240_id113.png,RGB_JPG_IMPUREZAS,RGB_JPG_IMPUREZAS
C:\Users\eduar\Desktop\Soybe-main\data\com_fundo\RGB_JPG_IMPUREZAS\grao_DSC_0041_id12.png,RGB_JPG_IMPUREZAS,RGB_JPG_IMPUREZAS
C:\Users\eduar\Desktop\Soybe-main\data\com_fundo\RGB_JPG_QUEBRADOS\grao_DSC_0454_id68.png,RGB_JPG_QUEBRADOS,RGB_JPG_QUEBRADOS
C:\Users\eduar\Desktop\Soybe-main\data\com_fundo\RGB_JPG_Normais\grao_DSC_0137_id21.png,RGB_JPG_Normais,RGB_JPG_Normais
C:\Users\eduar\Desktop\Soybe-main\data\com_fundo\RGB_JPG_CHOCHOS\grao_DSC_0330_id16.png,RGB_JPG_CHOCHOS,RGB_JPG_CHOCHOS
C:\Users\eduar\Desktop\Soybe-main\data\com_fundo\RGB_JPG_Normais\grao_DSC_0479_id83.png,RGB_JPG_Normais,RGB_JPG_Normais
C:\Users\eduar\Desktop\Soybe-main\data\com_fundo\RGB_JPG_IMPUREZAS\grao_DSC_0280_id72.png,RGB_JPG_IMPUREZAS,RGB_JPG_IMPUREZAS
C:\Users\eduar\Desktop\Soybe-main\data\com_fundo\RGB_JPG_Normais\grao_DSC_0372_id94.png,RGB_JPG_Normais,RGB_JPG_Normais
C:\Users\eduar\Desktop\Soybe-main\data\com_fundo\RGB_JPG_IMPUREZAS\grao_DSC_0241_id1.png,RGB_JPG_IMPUREZAS,RGB_JPG_IMPUREZAS
C:\Users\eduar\Desktop\Soybe-main\data\com_fundo\RGB_JPG_Normais\grao_DSC_0504_id18.png,RGB_JPG_Normais,RGB_JPG_Normais
C:\Users\eduar\Desktop\Soybe-main\data\com_fundo\RGB_JPG_Normais\grao_DSC_0660_id3.png,RGB_JPG_Normais,RGB_JPG_Normais
C:\Users\eduar\Desktop\Soybe-main\data\com_fundo\RGB_JPG_Normais\grao_DSC_0383_id45.png,RGB_JPG_Normais,RGB_JPG_Normais
C:\Users\eduar\Desktop\Soybe-main\data\com_fundo\RGB_JPG_Normais\grao_DSC_0485_id14.png,RGB_JPG_Normais,RGB_JPG_Normais
C:\Users\eduar\Desktop\Soybe-main\data\com_fundo\RGB_JPG_Normais\grao_DSC_0663_id64.png,RGB_JPG_Normais,RGB_JPG_Normais
C:\Users\eduar\Desktop\Soybe-main\data\com_fundo\RGB_JPG_QUEBRADOS\grao_DSC_0408_id7.png,RGB_JPG_QUEBRADOS,RGB_JPG_QUEBRADOS
C:\Users\eduar\Desktop\Soybe-main\data\com_fundo\RGB_JPG_Normais\grao_DSC_0660_id90.png,RGB_JPG_Normais,RGB_JPG_Normais
C:\Users\eduar\Desktop\Soybe-main\data\com_fundo\RGB_JPG_Normais\grao_DSC_0372_id54.png,RGB_JPG_Normais,RGB_JPG_Normais
C:\Users\eduar\Desktop\Soybe-main\data\com_fundo\RGB_JPG_CHOCHOS\grao_DSC_0332_id98.png,RGB_JPG_CHOCHOS,RGB_JPG_CHOCHOS
C:\Users\eduar\Desktop\Soybe-main\data\com_fundo\RGB_JPG_IMPUREZAS\grao_DSC_0031_id66.png,RGB_JPG_IMPUREZAS,RGB_JPG_IMPUREZAS
C:\Users\eduar\Desktop\Soybe-main\data\com_fundo\RGB_JPG_IMPUREZAS\grao_DSC_0287_id167.png,RGB_JPG_IMPUREZAS,RGB_JPG_IMPUREZAS
C:\Users\eduar\Desktop\Soybe-main\data\com_fundo\RGB_JPG_CHOCHOS\grao_DSC_0322_id77.png,RGB_JPG_CHOCHOS,RGB_JPG_Normais
C:\Users\eduar\Desktop\Soybe-main\data\com_fundo\RGB_JPG_IMPUREZAS\grao_DSC_0029_id2.png,RGB_JPG_IMPUREZAS,RGB_JPG_IMPUREZAS
C:\Users\eduar\Desktop\Soybe-main\data\com_fundo\RGB_JPG_QUEBRADOS\grao_DSC_0467_id59.png,RGB_JPG_QUEBRADOS,RGB_JPG_QUEBRADOS
C:\Users\eduar\Desktop\Soybe-main\data\com_fundo\RGB_JPG_IMPUREZAS\grao_DSC_0274_id274.png,RGB_JPG_IMPUREZAS,RGB_JPG_IMPUREZAS
C:\Users\eduar\Desktop\Soybe-main\data\com_fundo\RGB_JPG_Normais\grao_DSC_0142_id92.png,RGB_JPG_Normais,RGB_JPG_Normais
C:\Users\eduar\Desktop\Soybe-main\data\com_fundo\RGB_JPG_Normais\grao_DSC_0153_id97.png,RGB_JPG_Normais,RGB_JPG_Normais
C:\Users\eduar\Desktop\Soybe-main\data\com_fundo\RGB_JPG_IMPUREZAS\grao_DSC_0291_id206.png,RGB_JPG_IMPUREZAS,RGB_JPG_IMPUREZAS
C:\Users\eduar\Desktop\Soybe-main\data\com_fundo\RGB_JPG_Normais\grao_DSC_0395_id25.png,RGB_JPG_Normais,RGB_JPG_Normais
C:\Users\eduar\Desktop\Soybe-main\data\com_fundo\RGB_JPG_IMPUREZAS\grao_DSC_0242_id260.png,RGB_JPG_IMPUREZAS,RGB_JPG_IMPUREZAS
C:\Users\eduar\Desktop\Soybe-main\data\com_fundo\RGB_JPG_QUEBRADOS\grao_DSC_0418_id53.png,RGB_JPG_QUEBRADOS,RGB_JPG_QUEBRADOS
C:\Users\eduar\Desktop\Soybe-main\data\com_fundo\RGB_JPG_Normais\grao_DSC_0680_id9.png,RGB_JPG_Normais,RGB_JPG_Normais
C:\Users\eduar\Desktop\Soybe-main\data\com_fundo\RGB_JPG_Normais\grao_DSC_0514_id39.png,RGB_JPG_Normais,RGB_JPG_Normais
C:\Users\eduar\Desktop\Soybe-main\data\com_fundo\RGB_JPG_IMPUREZAS\grao_DSC_0002_id327.png,RGB_JPG_IMPUREZAS,RGB_JPG_IMPUREZAS
C:\Users\eduar\Desktop\Soybe-main\data\com_fundo\RGB_JPG_CHOCHOS\grao_DSC_0357_id46.png,RGB_JPG_CHOCHOS,RGB_JPG_CHOCHOS
C:\Users\eduar\Desktop\Soybe-main\data\com_fundo\RGB_JPG_QUEBRADOS\grao_DSC_0424_id41.png,RGB_JPG_QUEBRADOS,RGB_JPG_QUEBRADOS
C:\Users\eduar\Desktop\Soybe-main\data\com_fundo\RGB_JPG_Normais\grao_DSC_0491_id26.png,RGB_JPG_Normais,RGB_JPG_Normais
C:\Users\eduar\Desktop\Soybe-main\data\com_fundo\RGB_JPG_Normais\grao_DSC_0647_id63.png,RGB_JPG_Normais,RGB_JPG_Normais
C:\Users\eduar\Desktop\Soybe-main\data\com_fundo\RGB_JPG_QUEBRADOS\grao_DSC_0443_id12.png,RGB_JPG_QUEBRADOS,RGB_JPG_QUEBRADOS
C:\Users\eduar\Desktop\Soybe-main\data\com_fundo\RGB_JPG_QUEBRADOS\grao_DSC_0467_id14.png,RGB_JPG_QUEBRADOS,RGB_JPG_QUEBRADOS
C:\Users\eduar\Desktop\Soybe-main\data\com_fundo\RGB_JPG_QUEBRADOS\grao_DSC_0173_id28.png,RGB_JPG_QUEBRADOS,RGB_JPG_QUEBRADOS
C:\Users\eduar\Desktop\Soybe-main\data\com_fundo\RGB_JPG_CHOCHOS\grao_DSC_0315_id16.png,RGB_JPG_CHOCHOS,RGB_JPG_CHOCHOS
C:\Users\eduar\Desktop\Soybe-main\data\com_fundo\RGB_JPG_Normais\grao_DSC_0616_id104.png,RGB_JPG_Normais,RGB_JPG_Normais
C:\Users\eduar\Desktop\Soybe-main\data\com_fundo\RGB_JPG_Normais\grao_DSC_0514_id34.png,RGB_JPG_Normais,RGB_JPG_Normais
C:\Users\eduar\Desktop\Soybe-main\data\com_fundo\RGB_JPG_QUEBRADOS\grao_DSC_0420_id39.png,RGB_JPG_QUEBRADOS,RGB_JPG_QUEBRADOS
C:\Users\eduar\Desktop\Soybe-main\data\com_fundo\RGB_JPG_Normais\grao_DSC_0656_id29.png,RGB_JPG_Normais,RGB_JPG_Normais
C:\Users\eduar\Desktop\Soybe-main\data\com_fundo\RGB_JPG_CHOCHOS\grao_DSC_0313_id50.png,RGB_JPG_CHOCHOS,RGB_JPG_CHOCHOS
C:\Users\eduar\Desktop\Soybe-main\data\com_fundo\RGB_JPG_Normais\grao_DSC_0613_id59.png,RGB_JPG_Normais,RGB_JPG_Normais
C:\Users\eduar\Desktop\Soybe-main\data\com_fundo\RGB_JPG_Normais\grao_DSC_0616_id94.png,RGB_JPG_Normais,RGB_JPG_Normais
C:\Users\eduar\Desktop\Soybe-main\data\com_fundo\RGB_JPG_IMPUREZAS\grao_DSC_0273_id229.png,RGB_JPG_IMPUREZAS,RGB_JPG_IMPUREZAS
C:\Users\eduar\Desktop\Soybe-main\data\com_fundo\RGB_JPG_Normais\grao_DSC_0153_id12.png,RGB_JPG_Normais,RGB_JPG_Normais
C:\Users\eduar\Desktop\Soybe-main\data\com_fundo\RGB_JPG_IMPUREZAS\grao_DSC_0261_id146.png,RGB_JPG_IMPUREZAS,RGB_JPG_IMPUREZAS
C:\Users\eduar\Desktop\Soybe-main\data\com_fundo\RGB_JPG_IMPUREZAS\grao_DSC_0248_id7.png,RGB_JPG_IMPUREZAS,RGB_JPG_IMPUREZAS
C:\Users\eduar\Desktop\Soybe-main\data\com_fundo\RGB_JPG_Normais\grao_DSC_0652_id45.png,RGB_JPG_Normais,RGB_JPG_Normais
C:\Users\eduar\Desktop\Soybe-main\data\com_fundo\RGB_JPG_QUEBRADOS\grao_DSC_0457_id23.png,RGB_JPG_QUEBRADOS,RGB_JPG_QUEBRADOS
C:\Users\eduar\Desktop\Soybe-main\data\com_fundo\RGB_JPG_IMPUREZAS\grao_DSC_0024_id132.png,RGB_JPG_IMPUREZAS,RGB_JPG_IMPUREZAS
C:\Users\eduar\Desktop\Soybe-main\data\com_fundo\RGB_JPG_Normais\grao_DSC_0652_id13.png,RGB_JPG_Normais,RGB_JPG_Normais
C:\Users\eduar\Desktop\Soybe-main\data\com_fundo\RGB_JPG_IMPUREZAS\grao_DSC_0027_id114.png,RGB_JPG_IMPUREZAS,RGB_JPG_IMPUREZAS
C:\Users\eduar\Desktop\Soybe-main\data\com_fundo\RGB_JPG_IMPUREZAS\grao_DSC_0272_id64.png,RGB_JPG_IMPUREZAS,RGB_JPG_IMPUREZAS
C:\Users\eduar\Desktop\Soybe-main\data\com_fundo\RGB_JPG_IMPUREZAS\grao_DSC_0012_id17.png,RGB_JPG_IMPUREZAS,RGB_JPG_IMPUREZAS
C:\Users\eduar\Desktop\Soybe-main\data\com_fundo\RGB_JPG_IMPUREZAS\grao_DSC_0004_id140.png,RGB_JPG_IMPUREZAS,RGB_JPG_IMPUREZAS
C:\Users\eduar\Desktop\Soybe-main\data\com_fundo\RGB_JPG_Normais\grao_DSC_0372_id52.png,RGB_JPG_Normais,RGB_JPG_Normais
C:\Users\eduar\Desktop\Soybe-main\data\com_fundo\RGB_JPG_CHOCHOS\grao_DSC_0353_id2.png,RGB_JPG_CHOCHOS,RGB_JPG_CHOCHOS
C:\Users\eduar\Desktop\Soybe-main\data\com_fundo\RGB_JPG_IMPUREZAS\grao_DSC_0008_id126.png,RGB_JPG_IMPUREZAS,RGB_JPG_IMPUREZAS
C:\Users\eduar\Desktop\Soybe-main\data\com_fundo\RGB_JPG_QUEBRADOS\grao_DSC_0410_id61.png,RGB_JPG_QUEBRADOS,RGB_JPG_CHOCHOS
C:\Users\eduar\Desktop\Soybe-main\data\com_fundo\RGB_JPG_Normais\grao_DSC_0607_id78.png,RGB_JPG_Normais,RGB_JPG_Normais
C:\Users\eduar\Desktop\Soybe-main\data\com_fundo\RGB_JPG_QUEBRADOS\grao_DSC_0434_id76.png,RGB_JPG_QUEBRADOS,RGB_JPG_QUEBRADOS
C:\Users\eduar\Desktop\Soybe-main\data\com_fundo\RGB_JPG_IMPUREZAS\grao_DSC_0236_id136.png,RGB_JPG_IMPUREZAS,RGB_JPG_IMPUREZAS
C:\Users\eduar\Desktop\Soybe-main\data\com_fundo\RGB_JPG_Normais\grao_DSC_0675_id101.png,RGB_JPG_Normais,RGB_JPG_Normais
C:\Users\eduar\Desktop\Soybe-main\data\com_fundo\RGB_JPG_Normais\grao_DSC_0678_id66.png,RGB_JPG_Normais,RGB_JPG_Normais
C:\Users\eduar\Desktop\Soybe-main\data\com_fundo\RGB_JPG_Normais\grao_DSC_0469_id9.png,RGB_JPG_Normais,RGB_JPG_Normais
C:\Users\eduar\Desktop\Soybe-main\data\com_fundo\RGB_JPG_IMPUREZAS\grao_DSC_0017_id310.png,RGB_JPG_IMPUREZAS,RGB_JPG_IMPUREZAS
C:\Users\eduar\Desktop\Soybe-main\data\com_fundo\RGB_JPG_IMPUREZAS\grao_DSC_0268_id182.png,RGB_JPG_IMPUREZAS,RGB_JPG_IMPUREZAS
C:\Users\eduar\Desktop\Soybe-main\data\com_fundo\RGB_JPG_IMPUREZAS\grao_DSC_0227_id131.png,RGB_JPG_IMPUREZAS,RGB_JPG_IMPUREZAS
C:\Users\eduar\Desktop\Soybe-main\data\com_fundo\RGB_JPG_CHOCHOS\grao_DSC_0322_id8.png,RGB_JPG_CHOCHOS,RGB_JPG_CHOCHOS
C:\Users\eduar\Desktop\Soybe-main\data\com_fundo\RGB_JPG_CHOCHOS\grao_DSC_0325_id70.png,RGB_JPG_CHOCHOS,RGB_JPG_Normais
C:\Users\eduar\Desktop\Soybe-main\data\com_fundo\RGB_JPG_IMPUREZAS\grao_DSC_0240_id170.png,RGB_JPG_IMPUREZAS,RGB_JPG_IMPUREZAS
C:\Users\eduar\Desktop\Soybe-main\data\com_fundo\RGB_JPG_Normais\grao_DSC_0648_id75.png,RGB_JPG_Normais,RGB_JPG_Normais
C:\Users\eduar\Desktop\Soybe-main\data\com_fundo\RGB_JPG_CHOCHOS\grao_DSC_0337_id11.png,RGB_JPG_CHOCHOS,RGB_JPG_CHOCHOS
C:\Users\eduar\Desktop\Soybe-main\data\com_fundo\RGB_JPG_Normais\grao_DSC_0672_id30.png,RGB_JPG_Normais,RGB_JPG_Normais
C:\Users\eduar\Desktop\Soybe-main\data\com_fundo\RGB_JPG_Normais\grao_DSC_0380_id91.png,RGB_JPG_Normais,RGB_JPG_Normais
C:\Users\eduar\Desktop\Soybe-main\data\com_fundo\RGB_JPG_Normais\grao_DSC_0606_id67.png,RGB_JPG_Normais,RGB_JPG_Normais
C:\Users\eduar\Desktop\Soybe-main\data\com_fundo\RGB_JPG_Normais\grao_DSC_0613_id52.png,RGB_JPG_Normais,RGB_JPG_Normais
C:\Users\eduar\Desktop\Soybe-main\data\com_fundo\RGB_JPG_IMPUREZAS\grao_DSC_0240_id269.png,RGB_JPG_IMPUREZAS,RGB_JPG_IMPUREZAS
C:\Users\eduar\Desktop\Soybe-main\data\com_fundo\RGB_JPG_CHOCHOS\grao_DSC_0340_id18.png,RGB_JPG_CHOCHOS,RGB_JPG_CHOCHOS
C:\Users\eduar\Desktop\Soybe-main\data\com_fundo\RGB_JPG_IMPUREZAS\grao_DSC_0267_id37.png,RGB_JPG_IMPUREZAS,RGB_JPG_IMPUREZAS
C:\Users\eduar\Desktop\Soybe-main\data\com_fundo\RGB_JPG_ESVERDEADO\grao_DSC_0300_id73.png,RGB_JPG_ESVERDEADO,RGB_JPG_ESVERDEADO
C:\Users\eduar\Desktop\Soybe-main\data\com_fundo\RGB_JPG_Normais\grao_DSC_0155_id48.png,RGB_JPG_Normais,RGB_JPG_Normais
C:\Users\eduar\Desktop\Soybe-main\data\com_fundo\RGB_JPG_IMPUREZAS\grao_DSC_0248_id140.png,RGB_JPG_IMPUREZAS,RGB_JPG_IMPUREZAS
C:\Users\eduar\Desktop\Soybe-main\data\com_fundo\RGB_JPG_IMPUREZAS\grao_DSC_0287_id90.png,RGB_JPG_IMPUREZAS,RGB_JPG_IMPUREZAS
C:\Users\eduar\Desktop\Soybe-main\data\com_fundo\RGB_JPG_CHOCHOS\grao_DSC_0329_id109.png,RGB_JPG_CHOCHOS,RGB_JPG_CHOCHOS
C:\Users\eduar\Desktop\Soybe-main\data\com_fundo\RGB_JPG_CHOCHOS\grao_DSC_0320_id110.png,RGB_JPG_CHOCHOS,RGB_JPG_Normais
C:\Users\eduar\Desktop\Soybe-main\data\com_fundo\RGB_JPG_IMPUREZAS\grao_DSC_0003_id306.png,RGB_JPG_IMPUREZAS,RGB_JPG_IMPUREZAS
C:\Users\eduar\Desktop\Soybe-main\data\com_fundo\RGB_JPG_IMPUREZAS\grao_DSC_0295_id136.png,RGB_JPG_IMPUREZAS,RGB_JPG_IMPUREZAS
C:\Users\eduar\Desktop\Soybe-main\data\com_fundo\RGB_JPG_CHOCHOS\grao_DSC_0321_id36.png,RGB_JPG_CHOCHOS,RGB_JPG_Normais
C:\Users\eduar\Desktop\Soybe-main\data\com_fundo\RGB_JPG_Normais\grao_DSC_0622_id70.png,RGB_JPG_Normais,RGB_JPG_Normais
C:\Users\eduar\Desktop\Soybe-main\data\com_fundo\RGB_JPG_Normais\grao_DSC_0666_id6.png,RGB_JPG_Normais,RGB_JPG_Normais
C:\Users\eduar\Desktop\Soybe-main\data\com_fundo\RGB_JPG_Normais\grao_DSC_0390_id10.png,RGB_JPG_Normais,RGB_JPG_Normais
C:\Users\eduar\Desktop\Soybe-main\data\com_fundo\RGB_JPG_Normais\grao_DSC_0506_id63.png,RGB_JPG_Normais,RGB_JPG_Normais
C:\Users\eduar\Desktop\Soybe-main\data\com_fundo\RGB_JPG_IMPUREZAS\grao_DSC_0241_id75.png,RGB_JPG_IMPUREZAS,RGB_JPG_IMPUREZAS
C:\Users\eduar\Desktop\Soybe-main\data\com_fundo\RGB_JPG_IMPUREZAS\grao_DSC_0228_id113.png,RGB_JPG_IMPUREZAS,RGB_JPG_IMPUREZAS
C:\Users\eduar\Desktop\Soybe-main\data\com_fundo\RGB_JPG_Normais\grao_DSC_0511_id43.png,RGB_JPG_Normais,RGB_JPG_Normais
C:\Users\eduar\Desktop\Soybe-main\data\com_fundo\RGB_JPG_MAMONAS\grao_DSC_0185_id58.png,RGB_JPG_MAMONAS,RGB_JPG_MAMONAS
C:\Users\eduar\Desktop\Soybe-main\data\com_fundo\RGB_JPG_Normais\grao_DSC_0489_id96.png,RGB_JPG_Normais,RGB_JPG_Normais
C:\Users\eduar\Desktop\Soybe-main\data\com_fundo\RGB_JPG_IMPUREZAS\grao_DSC_0245_id74.png,RGB_JPG_IMPUREZAS,RGB_JPG_IMPUREZAS
C:\Users\eduar\Desktop\Soybe-main\data\com_fundo\RGB_JPG_IMPUREZAS\grao_DSC_0040_id133.png,RGB_JPG_IMPUREZAS,RGB_JPG_IMPUREZAS
C:\Users\eduar\Desktop\Soybe-main\data\com_fundo\RGB_JPG_QUEBRADOS\grao_DSC_0173_id52.png,RGB_JPG_QUEBRADOS,RGB_JPG_QUEBRADOS
C:\Users\eduar\Desktop\Soybe-main\data\com_fundo\RGB_JPG_IMPUREZAS\grao_DSC_0283_id240.png,RGB_JPG_IMPUREZAS,RGB_JPG_IMPUREZAS
C:\Users\eduar\Desktop\Soybe-main\data\com_fundo\RGB_JPG_IMPUREZAS\grao_DSC_0043_id23.png,RGB_JPG_IMPUREZAS,RGB_JPG_IMPUREZAS
C:\Users\eduar\Desktop\Soybe-main\data\com_fundo\RGB_JPG_IMPUREZAS\grao_DSC_0019_id154.png,RGB_JPG_IMPUREZAS,RGB_JPG_IMPUREZAS
C:\Users\eduar\Desktop\Soybe-main\data\com_fundo\RGB_JPG_Normais\grao_DSC_0161_id10.png,RGB_JPG_Normais,RGB_JPG_Normais
C:\Users\eduar\Desktop\Soybe-main\data\com_fundo\RGB_JPG_Normais\grao_DSC_0509_id74.png,RGB_JPG_Normais,RGB_JPG_Normais
C:\Users\eduar\Desktop\Soybe-main\data\com_fundo\RGB_JPG_IMPUREZAS\grao_DSC_0266_id134.png,RGB_JPG_IMPUREZAS,RGB_JPG_IMPUREZAS
C:\Users\eduar\Desktop\Soybe-main\data\com_fundo\RGB_JPG_IMPUREZAS\grao_DSC_0253_id110.png,RGB_JPG_IMPUREZAS,RGB_JPG_IMPUREZAS
C:\Users\eduar\Desktop\Soybe-main\data\com_fundo\RGB_JPG_IMPUREZAS\grao_DSC_0282_id149.png,RGB_JPG_IMPUREZAS,RGB_JPG_IMPUREZAS
C:\Users\eduar\Desktop\Soybe-main\data\com_fundo\RGB_JPG_Normais\grao_DSC_0619_id24.png,RGB_JPG_Normais,RGB_JPG_Normais
C:\Users\eduar\Desktop\Soybe-main\data\com_fundo\RGB_JPG_Normais\grao_DSC_0379_id25.png,RGB_JPG_Normais,RGB_JPG_Normais
C:\Users\eduar\Desktop\Soybe-main\data\com_fundo\RGB_JPG_Normais\grao_DSC_0474_id51.png,RGB_JPG_Normais,RGB_JPG_Normais
C:\Users\eduar\Desktop\Soybe-main\data\com_fundo\RGB_JPG_QUEBRADOS\grao_DSC_0428_id17.png,RGB_JPG_QUEBRADOS,RGB_JPG_QUEBRADOS
C:\Users\eduar\Desktop\Soybe-main\data\com_fundo\RGB_JPG_Normais\grao_DSC_0624_id28.png,RGB_JPG_Normais,RGB_JPG_Normais
C:\Users\eduar\Desktop\Soybe-main\data\com_fundo\RGB_JPG_Normais\grao_DSC_0369_id93.png,RGB_JPG_Normais,RGB_JPG_Normais
C:\Users\eduar\Desktop\Soybe-main\data\com_fundo\RGB_JPG_Normais\grao_DSC_0395_id81.png,RGB_JPG_Normais,RGB_JPG_Normais
C:\Users\eduar\Desktop\Soybe-main\data\com_fundo\RGB_JPG_CHOCHOS\grao_DSC_0356_id62.png,RGB_JPG_CHOCHOS,RGB_JPG_CHOCHOS
C:\Users\eduar\Desktop\Soybe-main\data\com_fundo\RGB_JPG_Normais\grao_DSC_0389_id111.png,RGB_JPG_Normais,RGB_JPG_Normais
C:\Users\eduar\Desktop\Soybe-main\data\com_fundo\RGB_JPG_IMPUREZAS\grao_DSC_0017_id49.png,RGB_JPG_IMPUREZAS,RGB_JPG_IMPUREZAS
C:\Users\eduar\Desktop\Soybe-main\data\com_fundo\RGB_JPG_IMPUREZAS\grao_DSC_0259_id108.png,RGB_JPG_IMPUREZAS,RGB_JPG_IMPUREZAS
C:\Users\eduar\Desktop\Soybe-main\data\com_fundo\RGB_JPG_Normais\grao_DSC_0395_id29.png,RGB_JPG_Normais,RGB_JPG_Normais
C:\Users\eduar\Desktop\Soybe-main\data\com_fundo\RGB_JPG_IMPUREZAS\grao_DSC_0240_id312.png,RGB_JPG_IMPUREZAS,RGB_JPG_IMPUREZAS
C:\Users\eduar\Desktop\Soybe-main\data\com_fundo\RGB_JPG_Normais\grao_DSC_0371_id48.png,RGB_JPG_Normais,RGB_JPG_Normais
C:\Users\eduar\Desktop\Soybe-main\data\com_fundo\RGB_JPG_CHOCHOS\grao_DSC_0340_id29.png,RGB_JPG_CHOCHOS,RGB_JPG_CHOCHOS
C:\Users\eduar\Desktop\Soybe-main\data\com_fundo\RGB_JPG_Normais\grao_DSC_0629_id10.png,RGB_JPG_Normais,RGB_JPG_Normais
C:\Users\eduar\Desktop\Soybe-main\data\com_fundo\RGB_JPG_Normais\grao_DSC_0398_id87.png,RGB_JPG_Normais,RGB_JPG_Normais
C:\Users\eduar\Desktop\Soybe-main\data\com_fundo\RGB_JPG_IMPUREZAS\grao_DSC_0002_id408.png,RGB_JPG_IMPUREZAS,RGB_JPG_IMPUREZAS
C:\Users\eduar\Desktop\Soybe-main\data\com_fundo\RGB_JPG_IMPUREZAS\grao_DSC_0030_id149.png,RGB_JPG_IMPUREZAS,RGB_JPG_IMPUREZAS
C:\Users\eduar\Desktop\Soybe-main\data\com_fundo\RGB_JPG_IMPUREZAS\grao_DSC_0295_id92.png,RGB_JPG_IMPUREZAS,RGB_JPG_IMPUREZAS
C:\Users\eduar\Desktop\Soybe-main\data\com_fundo\RGB_JPG_Normais\grao_DSC_0388_id103.png,RGB_JPG_Normais,RGB_JPG_Normais
C:\Users\eduar\Desktop\Soybe-main\data\com_fundo\RGB_JPG_QUEBRADOS\grao_DSC_0432_id10.png,RGB_JPG_QUEBRADOS,RGB_JPG_QUEBRADOS
C:\Users\eduar\Desktop\Soybe-main\data\com_fundo\RGB_JPG_IMPUREZAS\grao_DSC_0293_id161.png,RGB_JPG_IMPUREZAS,RGB_JPG_IMPUREZAS
C:\Users\eduar\Desktop\Soybe-main\data\com_fundo\RGB_JPG_IMPUREZAS\grao_DSC_0293_id129.png,RGB_JPG_IMPUREZAS,RGB_JPG_IMPUREZAS
C:\Users\eduar\Desktop\Soybe-main\data\com_fundo\RGB_JPG_CHOCHOS\grao_DSC_0332_id86.png,RGB_JPG_CHOCHOS,RGB_JPG_CHOCHOS
C:\Users\eduar\Desktop\Soybe-main\data\com_fundo\RGB_JPG_IMPUREZAS\grao_DSC_0287_id255.png,RGB_JPG_IMPUREZAS,RGB_JPG_IMPUREZAS
C:\Users\eduar\Desktop\Soybe-main\data\com_fundo\RGB_JPG_Normais\grao_DSC_0494_id4.png,RGB_JPG_Normais,RGB_JPG_Normais
C:\Users\eduar\Desktop\Soybe-main\data\com_fundo\RGB_JPG_IMPUREZAS\grao_DSC_0228_id170.png,RGB_JPG_IMPUREZAS,RGB_JPG_IMPUREZAS
C:\Users\eduar\Desktop\Soybe-main\data\com_fundo\RGB_JPG_Normais\grao_DSC_0369_id72.png,RGB_JPG_Normais,RGB_JPG_Normais
C:\Users\eduar\Desktop\Soybe-main\data\com_fundo\RGB_JPG_QUEBRADOS\grao_DSC_0462_id49.png,RGB_JPG_QUEBRADOS,RGB_JPG_QUEBRADOS
C:\Users\eduar\Desktop\Soybe-main\data\com_fundo\RGB_JPG_Normais\grao_DSC_0387_id84.png,RGB_JPG_Normais,RGB_JPG_Normais
C:\Users\eduar\Desktop\Soybe-main\data\com_fundo\RGB_JPG_Normais\grao_DSC_0664_id75.png,RGB_JPG_Normais,RGB_JPG_Normais
C:\Users\eduar\Desktop\Soybe-main\data\com_fundo\RGB_JPG_Normais\grao_DSC_0220_id61.png,RGB_JPG_Normais,RGB_JPG_Normais
C:\Users\eduar\Desktop\Soybe-main\data\com_fundo\RGB_JPG_Normais\grao_DSC_0396_id21.png,RGB_JPG_Normais,RGB_JPG_Normais
C:\Users\eduar\Desktop\Soybe-main\data\com_fundo\RGB_JPG_Normais\grao_DSC_0365_id12.png,RGB_JPG_Normais,RGB_JPG_Normais
C:\Users\eduar\Desktop\Soybe-main\data\com_fundo\RGB_JPG_Normais\grao_DSC_0667_id27.png,RGB_JPG_Normais,RGB_JPG_Normais
C:\Users\eduar\Desktop\Soybe-main\data\com_fundo\RGB_JPG_IMPUREZAS\grao_DSC_0018_id150.png,RGB_JPG_IMPUREZAS,RGB_JPG_IMPUREZAS
C:\Users\eduar\Desktop\Soybe-main\data\com_fundo\RGB_JPG_Normais\grao_DSC_0212_id69.png,RGB_JPG_Normais,RGB_JPG_Normais
C:\Users\eduar\Desktop\Soybe-main\data\com_fundo\RGB_JPG_Normais\grao_DSC_0142_id46.png,RGB_JPG_Normais,RGB_JPG_Normais
C:\Users\eduar\Desktop\Soybe-main\data\com_fundo\RGB_JPG_IMPUREZAS\grao_DSC_0243_id140.png,RGB_JPG_IMPUREZAS,RGB_JPG_IMPUREZAS
C:\Users\eduar\Desktop\Soybe-main\data\com_fundo\RGB_JPG_Normais\grao_DSC_0660_id69.png,RGB_JPG_Normais,RGB_JPG_Normais
C:\Users\eduar\Desktop\Soybe-main\data\com_fundo\RGB_JPG_Normais\grao_DSC_0653_id56.png,RGB_JPG_Normais,RGB_JPG_Normais
C:\Users\eduar\Desktop\Soybe-main\data\com_fundo\RGB_JPG_Normais\grao_DSC_0651_id73.png,RGB_JPG_Normais,RGB_JPG_Normais
C:\Users\eduar\Desktop\Soybe-main\data\com_fundo\RGB_JPG_Normais\grao_DSC_0365_id57.png,RGB_JPG_Normais,RGB_JPG_Normais
C:\Users\eduar\Desktop\Soybe-main\data\com_fundo\RGB_JPG_PURPURAS\grao_DSC_0050_id29.png,RGB_JPG_PURPURAS,RGB_JPG_PURPURAS
C:\Users\eduar\Desktop\Soybe-main\data\com_fundo\RGB_JPG_IMPUREZAS\grao_DSC_0006_id88.png,RGB_JPG_IMPUREZAS,RGB_JPG_IMPUREZAS
C:\Users\eduar\Desktop\Soybe-main\data\com_fundo\RGB_JPG_Normais\grao_DSC_0141_id60.png,RGB_JPG_Normais,RGB_JPG_Normais
C:\Users\eduar\Desktop\Soybe-main\data\com_fundo\RGB_JPG_Normais\grao_DSC_0646_id41.png,RGB_JPG_Normais,RGB_JPG_Normais
C:\Users\eduar\Desktop\Soybe-main\data\com_fundo\RGB_JPG_Normais\grao_DSC_0649_id10.png,RGB_JPG_Normais,RGB_JPG_Normais
C:\Users\eduar\Desktop\Soybe-main\data\com_fundo\RGB_JPG_Normais\grao_DSC_0482_id44.png,RGB_JPG_Normais,RGB_JPG_Normais
C:\Users\eduar\Desktop\Soybe-main\data\com_fundo\RGB_JPG_Normais\grao_DSC_0370_id108.png,RGB_JPG_Normais,RGB_JPG_Normais
C:\Users\eduar\Desktop\Soybe-main\data\com_fundo\RGB_JPG_IMPUREZAS\grao_DSC_0044_id148.png,RGB_JPG_IMPUREZAS,RGB_JPG_IMPUREZAS
C:\Users\eduar\Desktop\Soybe-main\data\com_fundo\RGB_JPG_QUEBRADOS\grao_DSC_0450_id31.png,RGB_JPG_QUEBRADOS,RGB_JPG_QUEBRADOS
C:\Users\eduar\Desktop\Soybe-main\data\com_fundo\RGB_JPG_Normais\grao_DSC_0609_id70.png,RGB_JPG_Normais,RGB_JPG_Normais
C:\Users\eduar\Desktop\Soybe-main\data\com_fundo\RGB_JPG_IMPUREZAS\grao_DSC_0230_id208.png,RGB_JPG_IMPUREZAS,RGB_JPG_IMPUREZAS
C:\Users\eduar\Desktop\Soybe-main\data\com_fundo\RGB_JPG_ESVERDEADO\grao_DSC_0304_id87.png,RGB_JPG_ESVERDEADO,RGB_JPG_ESVERDEADO
C:\Users\eduar\Desktop\Soybe-main\data\com_fundo\RGB_JPG_IMPUREZAS\grao_DSC_0239_id326.png,RGB_JPG_IMPUREZAS,RGB_JPG_IMPUREZAS
C:\Users\eduar\Desktop\Soybe-main\data\com_fundo\RGB_JPG_IMPUREZAS\grao_DSC_0224_id91.png,RGB_JPG_IMPUREZAS,RGB_JPG_IMPUREZAS
C:\Users\eduar\Desktop\Soybe-main\data\com_fundo\RGB_JPG_Normais\grao_DSC_0665_id43.png,RGB_JPG_Normais,RGB_JPG_Normais
C:\Users\eduar\Desktop\Soybe-main\data\com_fundo\RGB_JPG_IMPUREZAS\grao_DSC_0290_id24.png,RGB_JPG_IMPUREZAS,RGB_JPG_IMPUREZAS
C:\Users\eduar\Desktop\Soybe-main\data\com_fundo\RGB_JPG_CHOCHOS\grao_DSC_0341_id18.png,RGB_JPG_CHOCHOS,RGB_JPG_CHOCHOS
C:\Users\eduar\Desktop\Soybe-main\data\com_fundo\RGB_JPG_QUEBRADOS\grao_DSC_0452_id7.png,RGB_JPG_QUEBRADOS,RGB_JPG_QUEBRADOS
C:\Users\eduar\Desktop\Soybe-main\data\com_fundo\RGB_JPG_Normais\grao_DSC_0656_id15.png,RGB_JPG_Normais,RGB_JPG_Normais
C:\Users\eduar\Desktop\Soybe-main\data\com_fundo\RGB_JPG_IMPUREZAS\grao_DSC_0250_id122.png,RGB_JPG_IMPUREZAS,RGB_JPG_IMPUREZAS
C:\Users\eduar\Desktop\Soybe-main\data\com_fundo\RGB_JPG_Normais\grao_DSC_0608_id14.png,RGB_JPG_Normais,RGB_JPG_Normais
C:\Users\eduar\Desktop\Soybe-main\data\com_fundo\RGB_JPG_IMPUREZAS\grao_DSC_0279_id91.png,RGB_JPG_IMPUREZAS,RGB_JPG_IMPUREZAS
C:\Users\eduar\Desktop\Soybe-main\data\com_fundo\RGB_JPG_IMPUREZAS\grao_DSC_0011_id92.png,RGB_JPG_IMPUREZAS,RGB_JPG_IMPUREZAS
C:\Users\eduar\Desktop\Soybe-main\data\com_fundo\RGB_JPG_IMPUREZAS\grao_DSC_0295_id57.png,RGB_JPG_IMPUREZAS,RGB_JPG_IMPUREZAS
C:\Users\eduar\Desktop\Soybe-main\data\com_fundo\RGB_JPG_IMPUREZAS\grao_DSC_0253_id72.png,RGB_JPG_IMPUREZAS,RGB_JPG_IMPUREZAS
C:\Users\eduar\Desktop\Soybe-main\data\com_fundo\RGB_JPG_QUEBRADOS\grao_DSC_0401_id3.png,RGB_JPG_QUEBRADOS,RGB_JPG_QUEBRADOS
C:\Users\eduar\Desktop\Soybe-main\data\com_fundo\RGB_JPG_IMPUREZAS\grao_DSC_0223_id97.png,RGB_JPG_IMPUREZAS,RGB_JPG_IMPUREZAS
C:\Users\eduar\Desktop\Soybe-main\data\com_fundo\RGB_JPG_IMPUREZAS\grao_DSC_0275_id122.png,RGB_JPG_IMPUREZAS,RGB_JPG_IMPUREZAS
C:\Users\eduar\Desktop\Soybe-main\data\com_fundo\RGB_JPG_Normais\grao_DSC_0646_id28.png,RGB_JPG_Normais,RGB_JPG_Normais
C:\Users\eduar\Desktop\Soybe-main\data\com_fundo\RGB_JPG_IMPUREZAS\grao_DSC_0263_id101.png,RGB_JPG_IMPUREZAS,RGB_JPG_IMPUREZAS
C:\Users\eduar\Desktop\Soybe-main\data\com_fundo\RGB_JPG_Normais\grao_DSC_0134_id91.png,RGB_JPG_Normais,RGB_JPG_Normais
C:\Users\eduar\Desktop\Soybe-main\data\com_fundo\RGB_JPG_INSETOS\grao_DSC_0165_id2.png,RGB_JPG_INSETOS,RGB_JPG_Normais
C:\Users\eduar\Desktop\Soybe-main\data\com_fundo\RGB_JPG_IMPUREZAS\grao_DSC_0293_id235.png,RGB_JPG_IMPUREZAS,RGB_JPG_IMPUREZAS
C:\Users\eduar\Desktop\Soybe-main\data\com_fundo\RGB_JPG_IMPUREZAS\grao_DSC_0286_id176.png,RGB_JPG_IMPUREZAS,RGB_JPG_IMPUREZAS
C:\Users\eduar\Desktop\Soybe-main\data\com_fundo\RGB_JPG_Normais\grao_DSC_0672_id70.png,RGB_JPG_Normais,RGB_JPG_Normais
C:\Users\eduar\Desktop\Soybe-main\data\com_fundo\RGB_JPG_Normais\grao_DSC_0157_id13.png,RGB_JPG_Normais,RGB_JPG_Normais
C:\Users\eduar\Desktop\Soybe-main\data\com_fundo\RGB_JPG_Normais\grao_DSC_0623_id1.png,RGB_JPG_Normais,RGB_JPG_Normais
C:\Users\eduar\Desktop\Soybe-main\data\com_fundo\RGB_JPG_Normais\grao_DSC_0323_id89.png,RGB_JPG_Normais,RGB_JPG_CHOCHOS
C:\Users\eduar\Desktop\Soybe-main\data\com_fundo\RGB_JPG_IMPUREZAS\grao_DSC_0277_id49.png,RGB_JPG_IMPUREZAS,RGB_JPG_IMPUREZAS
C:\Users\eduar\Desktop\Soybe-main\data\com_fundo\RGB_JPG_IMPUREZAS\grao_DSC_0025_id97.png,RGB_JPG_IMPUREZAS,RGB_JPG_IMPUREZAS
C:\Users\eduar\Desktop\Soybe-main\data\com_fundo\RGB_JPG_Normais\grao_DSC_0379_id72.png,RGB_JPG_Normais,RGB_JPG_QUEBRADOS
C:\Users\eduar\Desktop\Soybe-main\data\com_fundo\RGB_JPG_Normais\grao_DSC_0398_id62.png,RGB_JPG_Normais,RGB_JPG_Normais
C:\Users\eduar\Desktop\Soybe-main\data\com_fundo\RGB_JPG_IMPUREZAS\grao_DSC_0225_id136.png,RGB_JPG_IMPUREZAS,RGB_JPG_IMPUREZAS
C:\Users\eduar\Desktop\Soybe-main\data\com_fundo\RGB_JPG_IMPUREZAS\grao_DSC_0227_id3.png,RGB_JPG_IMPUREZAS,RGB_JPG_IMPUREZAS
C:\Users\eduar\Desktop\Soybe-main\data\com_fundo\RGB_JPG_Normais\grao_DSC_0150_id86.png,RGB_JPG_Normais,RGB_JPG_Normais
C:\Users\eduar\Desktop\Soybe-main\data\com_fundo\RGB_JPG_ESVERDEADO\grao_DSC_0303_id43.png,RGB_JPG_ESVERDEADO,RGB_JPG_ESVERDEADO
C:\Users\eduar\Desktop\Soybe-main\data\com_fundo\RGB_JPG_IMPUREZAS\grao_DSC_0253_id103.png,RGB_JPG_IMPUREZAS,RGB_JPG_IMPUREZAS
C:\Users\eduar\Desktop\Soybe-main\data\com_fundo\RGB_JPG_Normais\grao_DSC_0479_id28.png,RGB_JPG_Normais,RGB_JPG_Normais
C:\Users\eduar\Desktop\Soybe-main\data\com_fundo\RGB_JPG_IMPUREZAS\grao_DSC_0025_id188.png,RGB_JPG_IMPUREZAS,RGB_JPG_IMPUREZAS
C:\Users\eduar\Desktop\Soybe-main\data\com_fundo\RGB_JPG_IMPUREZAS\grao_DSC_0279_id58.png,RGB_JPG_IMPUREZAS,RGB_JPG_IMPUREZAS
C:\Users\eduar\Desktop\Soybe-main\data\com_fundo\RGB_JPG_CHOCHOS\grao_DSC_0317_id10.png,RGB_JPG_CHOCHOS,RGB_JPG_CHOCHOS
C:\Users\eduar\Desktop\Soybe-main\data\com_fundo\RGB_JPG_IMPUREZAS\grao_DSC_0280_id12.png,RGB_JPG_IMPUREZAS,RGB_JPG_IMPUREZAS
C:\Users\eduar\Desktop\Soybe-main\data\com_fundo\RGB_JPG_Normais\grao_DSC_0482_id69.png,RGB_JPG_Normais,RGB_JPG_Normais
C:\Users\eduar\Desktop\Soybe-main\data\com_fundo\RGB_JPG_Normais\grao_DSC_0373_id18.png,RGB_JPG_Normais,RGB_JPG_Normais
C:\Users\eduar\Desktop\Soybe-main\data\com_fundo\RGB_JPG_Normais\grao_DSC_0667_id91.png,RGB_JPG_Normais,RGB_JPG_Normais
C:\Users\eduar\Desktop\Soybe-main\data\com_fundo\RGB_JPG_Normais\grao_DSC_0640_id3.png,RGB_JPG_Normais,RGB_JPG_Normais
C:\Users\eduar\Desktop\Soybe-main\data\com_fundo\RGB_JPG_Normais\grao_DSC_0375_id48.png,RGB_JPG_Normais,RGB_JPG_Normais
C:\Users\eduar\Desktop\Soybe-main\data\com_fundo\RGB_JPG_Normais\grao_DSC_0220_id38.png,RGB_JPG_Normais,RGB_JPG_Normais
C:\Users\eduar\Desktop\Soybe-main\data\com_fundo\RGB_JPG_Normais\grao_DSC_0489_id87.png,RGB_JPG_Normais,RGB_JPG_Normais
C:\Users\eduar\Desktop\Soybe-main\data\com_fundo\RGB_JPG_Normais\grao_DSC_0621_id20.png,RGB_JPG_Normais,RGB_JPG_Normais
C:\Users\eduar\Desktop\Soybe-main\data\com_fundo\RGB_JPG_IMPUREZAS\grao_DSC_0011_id174.png,RGB_JPG_IMPUREZAS,RGB_JPG_IMPUREZAS
C:\Users\eduar\Desktop\Soybe-main\data\com_fundo\RGB_JPG_QUEBRADOS\grao_DSC_0415_id61.png,RGB_JPG_QUEBRADOS,RGB_JPG_QUEBRADOS
C:\Users\eduar\Desktop\Soybe-main\data\com_fundo\RGB_JPG_Normais\grao_DSC_0632_id77.png,RGB_JPG_Normais,RGB_JPG_Normais
C:\Users\eduar\Desktop\Soybe-main\data\com_fundo\RGB_JPG_Normais\grao_DSC_0140_id21.png,RGB_JPG_Normais,RGB_JPG_Normais
C:\Users\eduar\Desktop\Soybe-main\data\com_fundo\RGB_JPG_Normais\grao_DSC_0510_id11.png,RGB_JPG_Normais,RGB_JPG_Normais
C:\Users\eduar\Desktop\Soybe-main\data\com_fundo\RGB_JPG_Normais\grao_DSC_0136_id113.png,RGB_JPG_Normais,RGB_JPG_Normais
C:\Users\eduar\Desktop\Soybe-main\data\com_fundo\RGB_JPG_QUEBRADOS\grao_DSC_0453_id43.png,RGB_JPG_QUEBRADOS,RGB_JPG_QUEBRADOS
C:\Users\eduar\Desktop\Soybe-main\data\com_fundo\RGB_JPG_Normais\grao_DSC_0676_id92.png,RGB_JPG_Normais,RGB_JPG_Normais
C:\Users\eduar\Desktop\Soybe-main\data\com_fundo\RGB_JPG_Normais\grao_DSC_0624_id23.png,RGB_JPG_Normais,RGB_JPG_Normais
C:\Users\eduar\Desktop\Soybe-main\data\com_fundo\RGB_JPG_CHOCHOS\grao_DSC_0324_id55.png,RGB_JPG_CHOCHOS,RGB_JPG_CHOCHOS
C:\Users\eduar\Desktop\Soybe-main\data\com_fundo\RGB_JPG_Normais\grao_DSC_0321_id68.png,RGB_JPG_Normais,RGB_JPG_CHOCHOS
C:\Users\eduar\Desktop\Soybe-main\data\com_fundo\RGB_JPG_IMPUREZAS\grao_DSC_0028_id6.png,RGB_JPG_IMPUREZAS,RGB_JPG_IMPUREZAS
C:\Users\eduar\Desktop\Soybe-main\data\com_fundo\RGB_JPG_Normais\grao_DSC_0490_id44.png,RGB_JPG_Normais,RGB_JPG_Normais
C:\Users\eduar\Desktop\Soybe-main\data\com_fundo\RGB_JPG_Normais\grao_DSC_0153_id114.png,RGB_JPG_Normais,RGB_JPG_Normais
C:\Users\eduar\Desktop\Soybe-main\data\com_fundo\RGB_JPG_Normais\grao_DSC_0620_id67.png,RGB_JPG_Normais,RGB_JPG_Normais
C:\Users\eduar\Desktop\Soybe-main\data\com_fundo\RGB_JPG_QUEBRADOS\grao_DSC_0412_id77.png,RGB_JPG_QUEBRADOS,RGB_JPG_QUEBRADOS
C:\Users\eduar\Desktop\Soybe-main\data\com_fundo\RGB_JPG_Normais\grao_DSC_0667_id53.png,RGB_JPG_Normais,RGB_JPG_Normais
C:\Users\eduar\Desktop\Soybe-main\data\com_fundo\RGB_JPG_Normais\grao_DSC_0160_id9.png,RGB_JPG_Normais,RGB_JPG_Normais
C:\Users\eduar\Desktop\Soybe-main\data\com_fundo\RGB_JPG_Normais\grao_DSC_0676_id75.png,RGB_JPG_Normais,RGB_JPG_Normais
C:\Users\eduar\Desktop\Soybe-main\data\com_fundo\RGB_JPG_Normais\grao_DSC_0399_id87.png,RGB_JPG_Normais,RGB_JPG_Normais
C:\Users\eduar\Desktop\Soybe-main\data\com_fundo\RGB_JPG_CHOCHOS\grao_DSC_0316_id8.png,RGB_JPG_CHOCHOS,RGB_JPG_CHOCHOS
C:\Users\eduar\Desktop\Soybe-main\data\com_fundo\RGB_JPG_Normais\grao_DSC_0141_id17.png,RGB_JPG_Normais,RGB_JPG_Normais
C:\Users\eduar\Desktop\Soybe-main\data\com_fundo\RGB_JPG_IMPUREZAS\grao_DSC_0285_id147.png,RGB_JPG_IMPUREZAS,RGB_JPG_IMPUREZAS
C:\Users\eduar\Desktop\Soybe-main\data\com_fundo\RGB_JPG_QUEBRADOS\grao_DSC_0437_id99.png,RGB_JPG_QUEBRADOS,RGB_JPG_QUEBRADOS
C:\Users\eduar\Desktop\Soybe-main\data\com_fundo\RGB_JPG_IMPUREZAS\grao_DSC_0025_id253.png,RGB_JPG_IMPUREZAS,RGB_JPG_IMPUREZAS
C:\Users\eduar\Desktop\Soybe-main\data\com_fundo\RGB_JPG_IMPUREZAS\grao_DSC_0003_id163.png,RGB_JPG_IMPUREZAS,RGB_JPG_IMPUREZAS
C:\Users\eduar\Desktop\Soybe-main\data\com_fundo\RGB_JPG_IMPUREZAS\grao_DSC_0239_id45.png,RGB_JPG_IMPUREZAS,RGB_JPG_IMPUREZAS
C:\Users\eduar\Desktop\Soybe-main\data\com_fundo\RGB_JPG_Normais\grao_DSC_0671_id17.png,RGB_JPG_Normais,RGB_JPG_Normais
C:\Users\eduar\Desktop\Soybe-main\data\com_fundo\RGB_JPG_IMPUREZAS\grao_DSC_0002_id44.png,RGB_JPG_IMPUREZAS,RGB_JPG_IMPUREZAS
C:\Users\eduar\Desktop\Soybe-main\data\com_fundo\RGB_JPG_QUEBRADOS\grao_DSC_0439_id45.png,RGB_JPG_QUEBRADOS,RGB_JPG_QUEBRADOS
C:\Users\eduar\Desktop\Soybe-main\data\com_fundo\RGB_JPG_QUEBRADOS\grao_DSC_0411_id21.png,RGB_JPG_QUEBRADOS,RGB_JPG_QUEBRADOS
C:\Users\eduar\Desktop\Soybe-main\data\com_fundo\RGB_JPG_IMPUREZAS\grao_DSC_0292_id165.png,RGB_JPG_IMPUREZAS,RGB_JPG_IMPUREZAS
C:\Users\eduar\Desktop\Soybe-main\data\com_fundo\RGB_JPG_Normais\grao_DSC_0671_id7.png,RGB_JPG_Normais,RGB_JPG_Normais
C:\Users\eduar\Desktop\Soybe-main\data\com_fundo\RGB_JPG_CHOCHOS\grao_DSC_0331_id103.png,RGB_JPG_CHOCHOS,RGB_JPG_CHOCHOS
C:\Users\eduar\Desktop\Soybe-main\data\com_fundo\RGB_JPG_Normais\grao_DSC_0385_id44.png,RGB_JPG_Normais,RGB_JPG_Normais
C:\Users\eduar\Desktop\Soybe-main\data\com_fundo\RGB_JPG_MAMONAS\grao_DSC_0188_id46.png,RGB_JPG_MAMONAS,RGB_JPG_MAMONAS
C:\Users\eduar\Desktop\Soybe-main\data\com_fundo\RGB_JPG_Normais\grao_DSC_0141_id80.png,RGB_JPG_Normais,RGB_JPG_Normais
C:\Users\eduar\Desktop\Soybe-main\data\com_fundo\RGB_JPG_Normais\grao_DSC_0211_id100.png,RGB_JPG_Normais,RGB_JPG_Normais
C:\Users\eduar\Desktop\Soybe-main\data\com_fundo\RGB_JPG_Normais\grao_DSC_0612_id84.png,RGB_JPG_Normais,RGB_JPG_Normais
C:\Users\eduar\Desktop\Soybe-main\data\com_fundo\RGB_JPG_IMPUREZAS\grao_DSC_0287_id269.png,RGB_JPG_IMPUREZAS,RGB_JPG_IMPUREZAS
C:\Users\eduar\Desktop\Soybe-main\data\com_fundo\RGB_JPG_Normais\grao_DSC_0629_id42.png,RGB_JPG_Normais,RGB_JPG_Normais
C:\Users\eduar\Desktop\Soybe-main\data\com_fundo\RGB_JPG_IMPUREZAS\grao_DSC_0295_id139.png,RGB_JPG_IMPUREZAS,RGB_JPG_IMPUREZAS
C:\Users\eduar\Desktop\Soybe-main\data\com_fundo\RGB_JPG_Normais\grao_DSC_0484_id84.png,RGB_JPG_Normais,RGB_JPG_Normais
C:\Users\eduar\Desktop\Soybe-main\data\com_fundo\RGB_JPG_Normais\grao_DSC_0481_id6.png,RGB_JPG_Normais,RGB_JPG_Normais
C:\Users\eduar\Desktop\Soybe-main\data\com_fundo\RGB_JPG_QUEBRADOS\grao_DSC_0415_id11.png,RGB_JPG_QUEBRADOS,RGB_JPG_QUEBRADOS
C:\Users\eduar\Desktop\Soybe-main\data\com_fundo\RGB_JPG_PURPURAS\grao_DSC_0047_id47.png,RGB_JPG_PURPURAS,RGB_JPG_CHOCHOS
C:\Users\eduar\Desktop\Soybe-main\data\com_fundo\RGB_JPG_Normais\grao_DSC_0158_id17.png,RGB_JPG_Normais,RGB_JPG_Normais
C:\Users\eduar\Desktop\Soybe-main\data\com_fundo\RGB_JPG_QUEBRADOS\grao_DSC_0420_id66.png,RGB_JPG_QUEBRADOS,RGB_JPG_QUEBRADOS
C:\Users\eduar\Desktop\Soybe-main\data\com_fundo\RGB_JPG_QUEBRADOS\grao_DSC_0427_id84.png,RGB_JPG_QUEBRADOS,RGB_JPG_QUEBRADOS
C:\Users\eduar\Desktop\Soybe-main\data\com_fundo\RGB_JPG_IMPUREZAS\grao_DSC_0296_id129.png,RGB_JPG_IMPUREZAS,RGB_JPG_IMPUREZAS
C:\Users\eduar\Desktop\Soybe-main\data\com_fundo\RGB_JPG_Normais\grao_DSC_0392_id92.png,RGB_JPG_Normais,RGB_JPG_Normais
C:\Users\eduar\Desktop\Soybe-main\data\com_fundo\RGB_JPG_Normais\grao_DSC_0474_id68.png,RGB_JPG_Normais,RGB_JPG_Normais
C:\Users\eduar\Desktop\Soybe-main\data\com_fundo\RGB_JPG_IMPUREZAS\grao_DSC_0228_id46.png,RGB_JPG_IMPUREZAS,RGB_JPG_IMPUREZAS
C:\Users\eduar\Desktop\Soybe-main\data\com_fundo\RGB_JPG_Normais\grao_DSC_0377_id97.png,RGB_JPG_Normais,RGB_JPG_Normais
C:\Users\eduar\Desktop\Soybe-main\data\com_fundo\RGB_JPG_QUEBRADOS\grao_DSC_0432_id111.png,RGB_JPG_QUEBRADOS,RGB_JPG_QUEBRADOS
C:\Users\eduar\Desktop\Soybe-main\data\com_fundo\RGB_JPG_IMPUREZAS\grao_DSC_0002_id223.png,RGB_JPG_IMPUREZAS,RGB_JPG_IMPUREZAS
C:\Users\eduar\Desktop\Soybe-main\data\com_fundo\RGB_JPG_CHOCHOS\grao_DSC_0359_id82.png,RGB_JPG_CHOCHOS,RGB_JPG_CHOCHOS
C:\Users\eduar\Desktop\Soybe-main\data\com_fundo\RGB_JPG_IMPUREZAS\grao_DSC_0276_id319.png,RGB_JPG_IMPUREZAS,RGB_JPG_IMPUREZAS
C:\Users\eduar\Desktop\Soybe-main\data\com_fundo\RGB_JPG_IMPUREZAS\grao_DSC_0247_id53.png,RGB_JPG_IMPUREZAS,RGB_JPG_IMPUREZAS
C:\Users\eduar\Desktop\Soybe-main\data\com_fundo\RGB_JPG_Normais\grao_DSC_0371_id59.png,RGB_JPG_Normais,RGB_JPG_Normais
C:\Users\eduar\Desktop\Soybe-main\data\com_fundo\RGB_JPG_Normais\grao_DSC_0486_id39.png,RGB_JPG_Normais,RGB_JPG_Normais
C:\Users\eduar\Desktop\Soybe-main\data\com_fundo\RGB_JPG_Normais\grao_DSC_0142_id64.png,RGB_JPG_Normais,RGB_JPG_Normais
C:\Users\eduar\Desktop\Soybe-main\data\com_fundo\RGB_JPG_IMPUREZAS\grao_DSC_0030_id48.png,RGB_JPG_IMPUREZAS,RGB_JPG_IMPUREZAS
C:\Users\eduar\Desktop\Soybe-main\data\com_fundo\RGB_JPG_Normais\grao_DSC_0642_id101.png,RGB_JPG_Normais,RGB_JPG_Normais
C:\Users\eduar\Desktop\Soybe-main\data\com_fundo\RGB_JPG_Normais\grao_DSC_0470_id84.png,RGB_JPG_Normais,RGB_JPG_Normais
C:\Users\eduar\Desktop\Soybe-main\data\com_fundo\RGB_JPG_Normais\grao_DSC_0377_id110.png,RGB_JPG_Normais,RGB_JPG_Normais
C:\Users\eduar\Desktop\Soybe-main\data\com_fundo\RGB_JPG_IMPUREZAS\grao_DSC_0036_id51.png,RGB_JPG_IMPUREZAS,RGB_JPG_IMPUREZAS
C:\Users\eduar\Desktop\Soybe-main\data\com_fundo\RGB_JPG_IMPUREZAS\grao_DSC_0229_id232.png,RGB_JPG_IMPUREZAS,RGB_JPG_IMPUREZAS
C:\Users\eduar\Desktop\Soybe-main\data\com_fundo\RGB_JPG_Normais\grao_DSC_0377_id13.png,RGB_JPG_Normais,RGB_JPG_Normais
C:\Users\eduar\Desktop\Soybe-main\data\com_fundo\RGB_JPG_IMPUREZAS\grao_DSC_0262_id79.png,RGB_JPG_IMPUREZAS,RGB_JPG_IMPUREZAS
C:\Users\eduar\Desktop\Soybe-main\data\com_fundo\RGB_JPG_ESVERDEADO\grao_DSC_0310_id29.png,RGB_JPG_ESVERDEADO,RGB_JPG_ESVERDEADO
C:\Users\eduar\Desktop\Soybe-main\data\com_fundo\RGB_JPG_CHOCHOS\grao_DSC_0364_id98.png,RGB_JPG_CHOCHOS,RGB_JPG_CHOCHOS
C:\Users\eduar\Desktop\Soybe-main\data\com_fundo\RGB_JPG_Normais\grao_DSC_0133_id106.png,RGB_JPG_Normais,RGB_JPG_Normais
C:\Users\eduar\Desktop\Soybe-main\data\com_fundo\RGB_JPG_IMPUREZAS\grao_DSC_0243_id1.png,RGB_JPG_IMPUREZAS,RGB_JPG_IMPUREZAS
C:\Users\eduar\Desktop\Soybe-main\data\com_fundo\RGB_JPG_ESVERDEADO\grao_DSC_0303_id78.png,RGB_JPG_ESVERDEADO,RGB_JPG_ESVERDEADO
C:\Users\eduar\Desktop\Soybe-main\data\com_fundo\RGB_JPG_CHOCHOS\grao_DSC_0343_id66.png,RGB_JPG_CHOCHOS,RGB_JPG_CHOCHOS
C:\Users\eduar\Desktop\Soybe-main\data\com_fundo\RGB_JPG_Normais\grao_DSC_0323_id37.png,RGB_JPG_Normais,RGB_JPG_CHOCHOS
C:\Users\eduar\Desktop\Soybe-main\data\com_fundo\RGB_JPG_Normais\grao_DSC_0680_id69.png,RGB_JPG_Normais,RGB_JPG_Normais
C:\Users\eduar\Desktop\Soybe-main\data\com_fundo\RGB_JPG_IMPUREZAS\grao_DSC_0015_id17.png,RGB_JPG_IMPUREZAS,RGB_JPG_IMPUREZAS
C:\Users\eduar\Desktop\Soybe-main\data\com_fundo\RGB_JPG_QUEBRADOS\grao_DSC_0422_id79.png,RGB_JPG_QUEBRADOS,RGB_JPG_QUEBRADOS
C:\Users\eduar\Desktop\Soybe-main\data\com_fundo\RGB_JPG_Normais\grao_DSC_0393_id37.png,RGB_JPG_Normais,RGB_JPG_Normais
C:\Users\eduar\Desktop\Soybe-main\data\com_fundo\RGB_JPG_Normais\grao_DSC_0141_id99.png,RGB_JPG_Normais,RGB_JPG_Normais
C:\Users\eduar\Desktop\Soybe-main\data\com_fundo\RGB_JPG_Normais\grao_DSC_0619_id102.png,RGB_JPG_Normais,RGB_JPG_Normais
C:\Users\eduar\Desktop\Soybe-main\data\com_fundo\RGB_JPG_IMPUREZAS\grao_DSC_0293_id247.png,RGB_JPG_IMPUREZAS,RGB_JPG_IMPUREZAS
C:\Users\eduar\Desktop\Soybe-main\data\com_fundo\RGB_JPG_Normais\grao_DSC_0474_id14.png,RGB_JPG_Normais,RGB_JPG_Normais
C:\Users\eduar\Desktop\Soybe-main\data\com_fundo\RGB_JPG_Normais\grao_DSC_0137_id93.png,RGB_JPG_Normais,RGB_JPG_Normais
C:\Users\eduar\Desktop\Soybe-main\data\com_fundo\RGB_JPG_Normais\grao_DSC_0480_id73.png,RGB_JPG_Normais,RGB_JPG_Normais
C:\Users\eduar\Desktop\Soybe-main\data\com_fundo\RGB_JPG_IMPUREZAS\grao_DSC_0253_id127.png,RGB_JPG_IMPUREZAS,RGB_JPG_IMPUREZAS
C:\Users\eduar\Desktop\Soybe-main\data\com_fundo\RGB_JPG_IMPUREZAS\grao_DSC_0288_id136.png,RGB_JPG_IMPUREZAS,RGB_JPG_IMPUREZAS
C:\Users\eduar\Desktop\Soybe-main\data\com_fundo\RGB_JPG_Normais\grao_DSC_0471_id7.png,RGB_JPG_Normais,RGB_JPG_Normais
C:\Users\eduar\Desktop\Soybe-main\data\com_fundo\RGB_JPG_Normais\grao_DSC_0144_id96.png,RGB_JPG_Normais,RGB_JPG_Normais
C:\Users\eduar\Desktop\Soybe-main\data\com_fundo\RGB_JPG_IMPUREZAS\grao_DSC_0281_id104.png,RGB_JPG_IMPUREZAS,RGB_JPG_IMPUREZAS
C:\Users\eduar\Desktop\Soybe-main\data\com_fundo\RGB_JPG_IMPUREZAS\grao_DSC_0264_id22.png,RGB_JPG_IMPUREZAS,RGB_JPG_IMPUREZAS
C:\Users\eduar\Desktop\Soybe-main\data\com_fundo\RGB_JPG_IMPUREZAS\grao_DSC_0241_id61.png,RGB_JPG_IMPUREZAS,RGB_JPG_IMPUREZAS
C:\Users\eduar\Desktop\Soybe-main\data\com_fundo\RGB_JPG_CHOCHOS\grao_DSC_0320_id83.png,RGB_JPG_CHOCHOS,RGB_JPG_Normais
C:\Users\eduar\Desktop\Soybe-main\data\com_fundo\RGB_JPG_IMPUREZAS\grao_DSC_0015_id80.png,RGB_JPG_IMPUREZAS,RGB_JPG_IMPUREZAS
C:\Users\eduar\Desktop\Soybe-main\data\com_fundo\RGB_JPG_Normais\grao_DSC_0372_id31.png,RGB_JPG_Normais,RGB_JPG_Normais
C:\Users\eduar\Desktop\Soybe-main\data\com_fundo\RGB_JPG_IMPUREZAS\grao_DSC_0287_id98.png,RGB_JPG_IMPUREZAS,RGB_JPG_IMPUREZAS
C:\Users\eduar\Desktop\Soybe-main\data\com_fundo\RGB_JPG_QUEBRADOS\grao_DSC_0409_id88.png,RGB_JPG_QUEBRADOS,RGB_JPG_QUEBRADOS
C:\Users\eduar\Desktop\Soybe-main\data\com_fundo\RGB_JPG_Normais\grao_DSC_0648_id77.png,RGB_JPG_Normais,RGB_JPG_Normais
C:\Users\eduar\Desktop\Soybe-main\data\com_fundo\RGB_JPG_Normais\grao_DSC_0497_id28.png,RGB_JPG_Normais,RGB_JPG_Normais
C:\Users\eduar\Desktop\Soybe-main\data\com_fundo\RGB_JPG_Normais\grao_DSC_0616_id66.png,RGB_JPG_Normais,RGB_JPG_Normais
C:\Users\eduar\Desktop\Soybe-main\data\com_fundo\RGB_JPG_Normais\grao_DSC_0614_id27.png,RGB_JPG_Normais,RGB_JPG_Normais
C:\Users\eduar\Desktop\Soybe-main\data\com_fundo\RGB_JPG_Normais\grao_DSC_0481_id1.png,RGB_JPG_Normais,RGB_JPG_Normais
C:\Users\eduar\Desktop\Soybe-main\data\com_fundo\RGB_JPG_Normais\grao_DSC_0507_id86.png,RGB_JPG_Normais,RGB_JPG_Normais
C:\Users\eduar\Desktop\Soybe-main\data\com_fundo\RGB_JPG_Normais\grao_DSC_0633_id67.png,RGB_JPG_Normais,RGB_JPG_Normais
C:\Users\eduar\Desktop\Soybe-main\data\com_fundo\RGB_JPG_ESVERDEADO\grao_DSC_0311_id69.png,RGB_JPG_ESVERDEADO,RGB_JPG_ESVERDEADO
C:\Users\eduar\Desktop\Soybe-main\data\com_fundo\RGB_JPG_IMPUREZAS\grao_DSC_0293_id109.png,RGB_JPG_IMPUREZAS,RGB_JPG_IMPUREZAS
C:\Users\eduar\Desktop\Soybe-main\data\com_fundo\RGB_JPG_CHOCHOS\grao_DSC_0338_id27.png,RGB_JPG_CHOCHOS,RGB_JPG_CHOCHOS
C:\Users\eduar\Desktop\Soybe-main\data\com_fundo\RGB_JPG_Normais\grao_DSC_0143_id70.png,RGB_JPG_Normais,RGB_JPG_Normais
C:\Users\eduar\Desktop\Soybe-main\data\com_fundo\RGB_JPG_IMPUREZAS\grao_DSC_0041_id173.png,RGB_JPG_IMPUREZAS,RGB_JPG_IMPUREZAS
C:\Users\eduar\Desktop\Soybe-main\data\com_fundo\RGB_JPG_Normais\grao_DSC_0370_id77.png,RGB_JPG_Normais,RGB_JPG_Normais
C:\Users\eduar\Desktop\Soybe-main\data\com_fundo\RGB_JPG_Normais\grao_DSC_0608_id79.png,RGB_JPG_Normais,RGB_JPG_Normais
C:\Users\eduar\Desktop\Soybe-main\data\com_fundo\RGB_JPG_Normais\grao_DSC_0516_id3.png,RGB_JPG_Normais,RGB_JPG_Normais
C:\Users\eduar\Desktop\Soybe-main\data\com_fundo\RGB_JPG_IMPUREZAS\grao_DSC_0257_id236.png,RGB_JPG_IMPUREZAS,RGB_JPG_IMPUREZAS
C:\Users\eduar\Desktop\Soybe-main\data\com_fundo\RGB_JPG_Normais\grao_DSC_0614_id31.png,RGB_JPG_Normais,RGB_JPG_Normais
C:\Users\eduar\Desktop\Soybe-main\data\com_fundo\RGB_JPG_QUEBRADOS\grao_DSC_0438_id67.png,RGB_JPG_QUEBRADOS,RGB_JPG_QUEBRADOS
C:\Users\eduar\Desktop\Soybe-main\data\com_fundo\RGB_JPG_Normais\grao_DSC_0393_id44.png,RGB_JPG_Normais,RGB_JPG_Normais
C:\Users\eduar\Desktop\Soybe-main\data\com_fundo\RGB_JPG_CHOCHOS\grao_DSC_0350_id24.png,RGB_JPG_CHOCHOS,RGB_JPG_CHOCHOS
C:\Users\eduar\Desktop\Soybe-main\data\com_fundo\RGB_JPG_Normais\grao_DSC_0323_id27.png,RGB_JPG_Normais,RGB_JPG_CHOCHOS
C:\Users\eduar\Desktop\Soybe-main\data\com_fundo\RGB_JPG_IMPUREZAS\grao_DSC_0038_id225.png,RGB_JPG_IMPUREZAS,RGB_JPG_IMPUREZAS
C:\Users\eduar\Desktop\Soybe-main\data\com_fundo\RGB_JPG_Normais\grao_DSC_0160_id10.png,RGB_JPG_Normais,RGB_JPG_Normais
C:\Users\eduar\Desktop\Soybe-main\data\com_fundo\RGB_JPG_IMPUREZAS\grao_DSC_0025_id38.png,RGB_JPG_IMPUREZAS,RGB_JPG_IMPUREZAS
C:\Users\eduar\Desktop\Soybe-main\data\com_fundo\RGB_JPG_Normais\grao_DSC_0612_id105.png,RGB_JPG_Normais,RGB_JPG_Normais
C:\Users\eduar\Desktop\Soybe-main\data\com_fundo\RGB_JPG_CHOCHOS\grao_DSC_0360_id23.png,RGB_JPG_CHOCHOS,RGB_JPG_CHOCHOS
C:\Users\eduar\Desktop\Soybe-main\data\com_fundo\RGB_JPG_Normais\grao_DSC_0475_id11.png,RGB_JPG_Normais,RGB_JPG_Normais
C:\Users\eduar\Desktop\Soybe-main\data\com_fundo\RGB_JPG_Normais\grao_DSC_0477_id94.png,RGB_JPG_Normais,RGB_JPG_Normais
C:\Users\eduar\Desktop\Soybe-main\data\com_fundo\RGB_JPG_IMPUREZAS\grao_DSC_0231_id117.png,RGB_JPG_IMPUREZAS,RGB_JPG_IMPUREZAS
C:\Users\eduar\Desktop\Soybe-main\data\com_fundo\RGB_JPG_Normais\grao_DSC_0502_id1.png,RGB_JPG_Normais,RGB_JPG_Normais
C:\Users\eduar\Desktop\Soybe-main\data\com_fundo\RGB_JPG_Normais\grao_DSC_0388_id77.png,RGB_JPG_Normais,RGB_JPG_Normais
C:\Users\eduar\Desktop\Soybe-main\data\com_fundo\RGB_JPG_CHOCHOS\grao_DSC_0318_id4.png,RGB_JPG_CHOCHOS,RGB_JPG_CHOCHOS
C:\Users\eduar\Desktop\Soybe-main\data\com_fundo\RGB_JPG_Normais\grao_DSC_0654_id80.png,RGB_JPG_Normais,RGB_JPG_Normais
C:\Users\eduar\Desktop\Soybe-main\data\com_fundo\RGB_JPG_Normais\grao_DSC_0376_id101.png,RGB_JPG_Normais,RGB_JPG_Normais
C:\Users\eduar\Desktop\Soybe-main\data\com_fundo\RGB_JPG_Normais\grao_DSC_0216_id4.png,RGB_JPG_Normais,RGB_JPG_Normais
C:\Users\eduar\Desktop\Soybe-main\data\com_fundo\RGB_JPG_IMPUREZAS\grao_DSC_0270_id21.png,RGB_JPG_IMPUREZAS,RGB_JPG_IMPUREZAS
C:\Users\eduar\Desktop\Soybe-main\data\com_fundo\RGB_JPG_CHOCHOS\grao_DSC_0340_id69.png,RGB_JPG_CHOCHOS,RGB_JPG_CHOCHOS
C:\Users\eduar\Desktop\Soybe-main\data\com_fundo\RGB_JPG_QUEBRADOS\grao_DSC_0456_id13.png,RGB_JPG_QUEBRADOS,RGB_JPG_QUEBRADOS
C:\Users\eduar\Desktop\Soybe-main\data\com_fundo\RGB_JPG_ESVERDEADO\grao_DSC_0303_id50.png,RGB_JPG_ESVERDEADO,RGB_JPG_CHOCHOS
C:\Users\eduar\Desktop\Soybe-main\data\com_fundo\RGB_JPG_CHOCHOS\grao_DSC_0344_id52.png,RGB_JPG_CHOCHOS,RGB_JPG_CHOCHOS
C:\Users\eduar\Desktop\Soybe-main\data\com_fundo\RGB_JPG_IMPUREZAS\grao_DSC_0012_id3.png,RGB_JPG_IMPUREZAS,RGB_JPG_IMPUREZAS
C:\Users\eduar\Desktop\Soybe-main\data\com_fundo\RGB_JPG_CHOCHOS\grao_DSC_0318_id31.png,RGB_JPG_CHOCHOS,RGB_JPG_CHOCHOS
C:\Users\eduar\Desktop\Soybe-main\data\com_fundo\RGB_JPG_QUEBRADOS\grao_DSC_0404_id57.png,RGB_JPG_QUEBRADOS,RGB_JPG_QUEBRADOS
C:\Users\eduar\Desktop\Soybe-main\data\com_fundo\RGB_JPG_IMPUREZAS\grao_DSC_0024_id62.png,RGB_JPG_IMPUREZAS,RGB_JPG_IMPUREZAS
C:\Users\eduar\Desktop\Soybe-main\data\com_fundo\RGB_JPG_IMPUREZAS\grao_DSC_0262_id20.png,RGB_JPG_IMPUREZAS,RGB_JPG_IMPUREZAS
C:\Users\eduar\Desktop\Soybe-main\data\com_fundo\RGB_JPG_QUEBRADOS\grao_DSC_0462_id53.png,RGB_JPG_QUEBRADOS,RGB_JPG_QUEBRADOS
C:\Users\eduar\Desktop\Soybe-main\data\com_fundo\RGB_JPG_Normais\grao_DSC_0517_id54.png,RGB_JPG_Normais,RGB_JPG_Normais
C:\Users\eduar\Desktop\Soybe-main\data\com_fundo\RGB_JPG_Normais\grao_DSC_0390_id62.png,RGB_JPG_Normais,RGB_JPG_Normais
C:\Users\eduar\Desktop\Soybe-main\data\com_fundo\RGB_JPG_Normais\grao_DSC_0468_id13.png,RGB_JPG_Normais,RGB_JPG_QUEBRADOS
C:\Users\eduar\Desktop\Soybe-main\data\com_fundo\RGB_JPG_Normais\grao_DSC_0629_id99.png,RGB_JPG_Normais,RGB_JPG_Normais
C:\Users\eduar\Desktop\Soybe-main\data\com_fundo\RGB_JPG_Normais\grao_DSC_0499_id104.png,RGB_JPG_Normais,RGB_JPG_Normais
C:\Users\eduar\Desktop\Soybe-main\data\com_fundo\RGB_JPG_IMPUREZAS\grao_DSC_0036_id137.png,RGB_JPG_IMPUREZAS,RGB_JPG_IMPUREZAS
C:\Users\eduar\Desktop\Soybe-main\data\com_fundo\RGB_JPG_Normais\grao_DSC_0508_id95.png,RGB_JPG_Normais,RGB_JPG_Normais
C:\Users\eduar\Desktop\Soybe-main\data\com_fundo\RGB_JPG_Normais\grao_DSC_0650_id50.png,RGB_JPG_Normais,RGB_JPG_Normais
C:\Users\eduar\Desktop\Soybe-main\data\com_fundo\RGB_JPG_MAMONAS\grao_DSC_0189_id55.png,RGB_JPG_MAMONAS,RGB_JPG_MAMONAS
C:\Users\eduar\Desktop\Soybe-main\data\com_fundo\RGB_JPG_Normais\grao_DSC_0385_id16.png,RGB_JPG_Normais,RGB_JPG_Normais
C:\Users\eduar\Desktop\Soybe-main\data\com_fundo\RGB_JPG_Normais\grao_DSC_0377_id38.png,RGB_JPG_Normais,RGB_JPG_Normais
C:\Users\eduar\Desktop\Soybe-main\data\com_fundo\RGB_JPG_QUEBRADOS\grao_DSC_0463_id20.png,RGB_JPG_QUEBRADOS,RGB_JPG_QUEBRADOS
C:\Users\eduar\Desktop\Soybe-main\data\com_fundo\RGB_JPG_CHOCHOS\grao_DSC_0339_id34.png,RGB_JPG_CHOCHOS,RGB_JPG_CHOCHOS
C:\Users\eduar\Desktop\Soybe-main\data\com_fundo\RGB_JPG_Normais\grao_DSC_0486_id49.png,RGB_JPG_Normais,RGB_JPG_Normais
C:\Users\eduar\Desktop\Soybe-main\data\com_fundo\RGB_JPG_Normais\grao_DSC_0650_id99.png,RGB_JPG_Normais,RGB_JPG_Normais
C:\Users\eduar\Desktop\Soybe-main\data\com_fundo\RGB_JPG_Normais\grao_DSC_0622_id60.png,RGB_JPG_Normais,RGB_JPG_Normais
C:\Users\eduar\Desktop\Soybe-main\data\com_fundo\RGB_JPG_Normais\grao_DSC_0608_id42.png,RGB_JPG_Normais,RGB_JPG_Normais
C:\Users\eduar\Desktop\Soybe-main\data\com_fundo\RGB_JPG_IMPUREZAS\grao_DSC_0266_id4.png,RGB_JPG_IMPUREZAS,RGB_JPG_IMPUREZAS
C:\Users\eduar\Desktop\Soybe-main\data\com_fundo\RGB_JPG_IMPUREZAS\grao_DSC_0230_id239.png,RGB_JPG_IMPUREZAS,RGB_JPG_IMPUREZAS
C:\Users\eduar\Desktop\Soybe-main\data\com_fundo\RGB_JPG_Normais\grao_DSC_0144_id62.png,RGB_JPG_Normais,RGB_JPG_Normais
C:\Users\eduar\Desktop\Soybe-main\data\com_fundo\RGB_JPG_IMPUREZAS\grao_DSC_0224_id210.png,RGB_JPG_IMPUREZAS,RGB_JPG_IMPUREZAS
C:\Users\eduar\Desktop\Soybe-main\data\com_fundo\RGB_JPG_IMPUREZAS\grao_DSC_0275_id294.png,RGB_JPG_IMPUREZAS,RGB_JPG_IMPUREZAS
C:\Users\eduar\Desktop\Soybe-main\data\com_fundo\RGB_JPG_Normais\grao_DSC_0615_id15.png,RGB_JPG_Normais,RGB_JPG_Normais
C:\Users\eduar\Desktop\Soybe-main\data\com_fundo\RGB_JPG_Normais\grao_DSC_0624_id76.png,RGB_JPG_Normais,RGB_JPG_Normais
C:\Users\eduar\Desktop\Soybe-main\data\com_fundo\RGB_JPG_Normais\grao_DSC_0158_id72.png,RGB_JPG_Normais,RGB_JPG_Normais
C:\Users\eduar\Desktop\Soybe-main\data\com_fundo\RGB_JPG_Normais\grao_DSC_0383_id26.png,RGB_JPG_Normais,RGB_JPG_Normais
C:\Users\eduar\Desktop\Soybe-main\data\com_fundo\RGB_JPG_IMPUREZAS\grao_DSC_0259_id194.png,RGB_JPG_IMPUREZAS,RGB_JPG_IMPUREZAS
C:\Users\eduar\Desktop\Soybe-main\data\com_fundo\RGB_JPG_Normais\grao_DSC_0651_id34.png,RGB_JPG_Normais,RGB_JPG_Normais
C:\Users\eduar\Desktop\Soybe-main\data\com_fundo\RGB_JPG_IMPUREZAS\grao_DSC_0249_id91.png,RGB_JPG_IMPUREZAS,RGB_JPG_IMPUREZAS
C:\Users\eduar\Desktop\Soybe-main\data\com_fundo\RGB_JPG_Normais\grao_DSC_0493_id66.png,RGB_JPG_Normais,RGB_JPG_Normais
C:\Users\eduar\Desktop\Soybe-main\data\com_fundo\RGB_JPG_Normais\grao_DSC_0152_id108.png,RGB_JPG_Normais,RGB_JPG_Normais
C:\Users\eduar\Desktop\Soybe-main\data\com_fundo\RGB_JPG_QUEBRADOS\grao_DSC_0432_id17.png,RGB_JPG_QUEBRADOS,RGB_JPG_QUEBRADOS
C:\Users\eduar\Desktop\Soybe-main\data\com_fundo\RGB_JPG_Normais\grao_DSC_0612_id57.png,RGB_JPG_Normais,RGB_JPG_Normais
C:\Users\eduar\Desktop\Soybe-main\data\com_fundo\RGB_JPG_PURPURAS\grao_DSC_0049_id4.png,RGB_JPG_PURPURAS,RGB_JPG_PURPURAS
C:\Users\eduar\Desktop\Soybe-main\data\com_fundo\RGB_JPG_QUEBRADOS\grao_DSC_0403_id64.png,RGB_JPG_QUEBRADOS,RGB_JPG_QUEBRADOS
C:\Users\eduar\Desktop\Soybe-main\data\com_fundo\RGB_JPG_Normais\grao_DSC_0655_id49.png,RGB_JPG_Normais,RGB_JPG_Normais
C:\Users\eduar\Desktop\Soybe-main\data\com_fundo\RGB_JPG_IMPUREZAS\grao_DSC_0028_id106.png,RGB_JPG_IMPUREZAS,RGB_JPG_IMPUREZAS
C:\Users\eduar\Desktop\Soybe-main\data\com_fundo\RGB_JPG_IMPUREZAS\grao_DSC_0246_id43.png,RGB_JPG_IMPUREZAS,RGB_JPG_IMPUREZAS
C:\Users\eduar\Desktop\Soybe-main\data\com_fundo\RGB_JPG_IMPUREZAS\grao_DSC_0281_id237.png,RGB_JPG_IMPUREZAS,RGB_JPG_IMPUREZAS
C:\Users\eduar\Desktop\Soybe-main\data\com_fundo\RGB_JPG_Normais\grao_DSC_0399_id86.png,RGB_JPG_Normais,RGB_JPG_Normais
C:\Users\eduar\Desktop\Soybe-main\data\com_fundo\RGB_JPG_Normais\grao_DSC_0161_id49.png,RGB_JPG_Normais,RGB_JPG_Normais
C:\Users\eduar\Desktop\Soybe-main\data\com_fundo\RGB_JPG_IMPUREZAS\grao_DSC_0268_id124.png,RGB_JPG_IMPUREZAS,RGB_JPG_IMPUREZAS
C:\Users\eduar\Desktop\Soybe-main\data\com_fundo\RGB_JPG_Normais\grao_DSC_0497_id84.png,RGB_JPG_Normais,RGB_JPG_Normais
C:\Users\eduar\Desktop\Soybe-main\data\com_fundo\RGB_JPG_CHOCHOS\grao_DSC_0341_id16.png,RGB_JPG_CHOCHOS,RGB_JPG_CHOCHOS
C:\Users\eduar\Desktop\Soybe-main\data\com_fundo\RGB_JPG_IMPUREZAS\grao_DSC_0031_id1.png,RGB_JPG_IMPUREZAS,RGB_JPG_IMPUREZAS
C:\Users\eduar\Desktop\Soybe-main\data\com_fundo\RGB_JPG_IMPUREZAS\grao_DSC_0274_id220.png,RGB_JPG_IMPUREZAS,RGB_JPG_IMPUREZAS
C:\Users\eduar\Desktop\Soybe-main\data\com_fundo\RGB_JPG_IMPUREZAS\grao_DSC_0031_id161.png,RGB_JPG_IMPUREZAS,RGB_JPG_IMPUREZAS
C:\Users\eduar\Desktop\Soybe-main\data\com_fundo\RGB_JPG_PURPURAS\grao_DSC_0048_id33.png,RGB_JPG_PURPURAS,RGB_JPG_PURPURAS
