caminho_arquivo,classe_verdadeira,classe_predita
C:\Users\eduar\Desktop\Soybe-main\data\com_fundo\RGB_JPG_CHOCHOS\grao_DSC_0326_id1.png,RGB_JPG_CHOCHOS,RGB_JPG_CHOCHOS
C:\Users\eduar\Desktop\Soybe-main\data\com_fundo\RGB_JPG_CHOCHOS\grao_DSC_0326_id10.png,RGB_JPG_CHOCHOS,RGB_JPG_CHOCHOS
C:\Users\eduar\Desktop\Soybe-main\data\com_fundo\RGB_JPG_CHOCHOS\grao_DSC_0326_id100.png,RGB_JPG_CHOCHOS,RGB_JPG_CHOCHOS
C:\Users\eduar\Desktop\Soybe-main\data\com_fundo\RGB_JPG_CHOCHOS\grao_DSC_0326_id101.png,RGB_JPG_CHOCHOS,RGB_JPG_CHOCHOS
C:\Users\eduar\Desktop\Soybe-main\data\com_fundo\RGB_JPG_CHOCHOS\grao_DSC_0326_id102.png,RGB_JPG_CHOCHOS,RGB_JPG_CHOCHOS
C:\Users\eduar\Desktop\Soybe-main\data\com_fundo\RGB_JPG_CHOCHOS\grao_DSC_0326_id103.png,RGB_JPG_CHOCHOS,RGB_JPG_CHOCHOS
C:\Users\eduar\Desktop\Soybe-main\data\com_fundo\RGB_JPG_CHOCHOS\grao_DSC_0326_id104.png,RGB_JPG_CHOCHOS,RGB_JPG_CHOCHOS
C:\Users\eduar\Desktop\Soybe-main\data\com_fundo\RGB_JPG_CHOCHOS\grao_DSC_0326_id105.png,RGB_JPG_CHOCHOS,RGB_JPG_CHOCHOS
C:\Users\eduar\Desktop\Soybe-main\data\com_fundo\RGB_JPG_CHOCHOS\grao_DSC_0326_id106.png,RGB_JPG_CHOCHOS,RGB_JPG_CHOCHOS
C:\Users\eduar\Desktop\Soybe-main\data\com_fundo\RGB_JPG_CHOCHOS\grao_DSC_0326_id107.png,RGB_JPG_CHOCHOS,RGB_JPG_CHOCHOS
C:\Users\eduar\Desktop\Soybe-main\data\com_fundo\RGB_JPG_CHOCHOS\grao_DSC_0326_id108.png,RGB_JPG_CHOCHOS,RGB_JPG_CHOCHOS
C:\Users\eduar\Desktop\Soybe-main\data\com_fundo\RGB_JPG_CHOCHOS\grao_DSC_0326_id109.png,RGB_JPG_CHOCHOS,RGB_JPG_CHOCHOS
C:\Users\eduar\Desktop\Soybe-main\data\com_fundo\RGB_JPG_CHOCHOS\grao_DSC_0326_id11.png,RGB_JPG_CHOCHOS,RGB_JPG_CHOCHOS
C:\Users\eduar\Desktop\Soybe-main\data\com_fundo\RGB_JPG_CHOCHOS\grao_DSC_0326_id12.png,RGB_JPG_CHOCHOS,RGB_JPG_CHOCHOS
C:\Users\eduar\Desktop\Soybe-main\data\com_fundo\RGB_JPG_CHOCHOS\grao_DSC_0326_id13.png,RGB_JPG_CHOCHOS,RGB_JPG_CHOCHOS
C:\Users\eduar\Desktop\Soybe-main\data\com_fundo\RGB_JPG_CHOCHOS\grao_DSC_0326_id14.png,RGB_JPG_CHOCHOS,RGB_JPG_CHOCHOS
C:\Users\eduar\Desktop\Soybe-main\data\com_fundo\RGB_JPG_CHOCHOS\grao_DSC_0326_id15.png,RGB_JPG_CHOCHOS,RGB_JPG_CHOCHOS
C:\Users\eduar\Desktop\Soybe-main\data\com_fundo\RGB_JPG_CHOCHOS\grao_DSC_0326_id16.png,RGB_JPG_CHOCHOS,RGB_JPG_CHOCHOS
C:\Users\eduar\Desktop\Soybe-main\data\com_fundo\RGB_JPG_CHOCHOS\grao_DSC_0326_id17.png,RGB_JPG_CHOCHOS,RGB_JPG_CHOCHOS
C:\Users\eduar\Desktop\Soybe-main\data\com_fundo\RGB_JPG_CHOCHOS\grao_DSC_0326_id18.png,RGB_JPG_CHOCHOS,RGB_JPG_CHOCHOS
C:\Users\eduar\Desktop\Soybe-main\data\com_fundo\RGB_JPG_CHOCHOS\grao_DSC_0326_id19.png,RGB_JPG_CHOCHOS,RGB_JPG_CHOCHOS
C:\Users\eduar\Desktop\Soybe-main\data\com_fundo\RGB_JPG_CHOCHOS\grao_DSC_0326_id2.png,RGB_JPG_CHOCHOS,RGB_JPG_CHOCHOS
C:\Users\eduar\Desktop\Soybe-main\data\com_fundo\RGB_JPG_CHOCHOS\grao_DSC_0326_id20.png,RGB_JPG_CHOCHOS,RGB_JPG_CHOCHOS
C:\Users\eduar\Desktop\Soybe-main\data\com_fundo\RGB_JPG_CHOCHOS\grao_DSC_0326_id21.png,RGB_JPG_CHOCHOS,RGB_JPG_CHOCHOS
C:\Users\eduar\Desktop\Soybe-main\data\com_fundo\RGB_JPG_CHOCHOS\grao_DSC_0326_id22.png,RGB_JPG_CHOCHOS,RGB_JPG_CHOCHOS
C:\Users\eduar\Desktop\Soybe-main\data\com_fundo\RGB_JPG_CHOCHOS\grao_DSC_0326_id23.png,RGB_JPG_CHOCHOS,RGB_JPG_CHOCHOS
C:\Users\eduar\Desktop\Soybe-main\data\com_fundo\RGB_JPG_CHOCHOS\grao_DSC_0326_id24.png,RGB_JPG_CHOCHOS,RGB_JPG_CHOCHOS
C:\Users\eduar\Desktop\Soybe-main\data\com_fundo\RGB_JPG_CHOCHOS\grao_DSC_0326_id25.png,RGB_JPG_CHOCHOS,RGB_JPG_CHOCHOS
C:\Users\eduar\Desktop\Soybe-main\data\com_fundo\RGB_JPG_CHOCHOS\grao_DSC_0326_id26.png,RGB_JPG_CHOCHOS,RGB_JPG_CHOCHOS
C:\Users\eduar\Desktop\Soybe-main\data\com_fundo\RGB_JPG_CHOCHOS\grao_DSC_0326_id27.png,RGB_JPG_CHOCHOS,RGB_JPG_CHOCHOS
C:\Users\eduar\Desktop\Soybe-main\data\com_fundo\RGB_JPG_CHOCHOS\grao_DSC_0326_id28.png,RGB_JPG_CHOCHOS,RGB_JPG_CHOCHOS
C:\Users\eduar\Desktop\Soybe-main\data\com_fundo\RGB_JPG_CHOCHOS\grao_DSC_0326_id29.png,RGB_JPG_CHOCHOS,RGB_JPG_CHOCHOS
C:\Users\eduar\Desktop\Soybe-main\data\com_fundo\RGB_JPG_CHOCHOS\grao_DSC_0326_id3.png,RGB_JPG_CHOCHOS,RGB_JPG_CHOCHOS
C:\Users\eduar\Desktop\Soybe-main\data\com_fundo\RGB_JPG_CHOCHOS\grao_DSC_0326_id30.png,RGB_JPG_CHOCHOS,RGB_JPG_CHOCHOS
C:\Users\eduar\Desktop\Soybe-main\data\com_fundo\RGB_JPG_CHOCHOS\grao_DSC_0326_id31.png,RGB_JPG_CHOCHOS,RGB_JPG_CHOCHOS
C:\Users\eduar\Desktop\Soybe-main\data\com_fundo\RGB_JPG_CHOCHOS\grao_DSC_0326_id32.png,RGB_JPG_CHOCHOS,RGB_JPG_CHOCHOS
C:\Users\eduar\Desktop\Soybe-main\data\com_fundo\RGB_JPG_CHOCHOS\grao_DSC_0326_id33.png,RGB_JPG_CHOCHOS,RGB_JPG_CHOCHOS
C:\Users\eduar\Desktop\Soybe-main\data\com_fundo\RGB_JPG_CHOCHOS\grao_DSC_0326_id34.png,RGB_JPG_CHOCHOS,RGB_JPG_CHOCHOS
C:\Users\eduar\Desktop\Soybe-main\data\com_fundo\RGB_JPG_CHOCHOS\grao_DSC_0326_id35.png,RGB_JPG_CHOCHOS,RGB_JPG_CHOCHOS
C:\Users\eduar\Desktop\Soybe-main\data\com_fundo\RGB_JPG_CHOCHOS\grao_DSC_0326_id36.png,RGB_JPG_CHOCHOS,RGB_JPG_CHOCHOS
C:\Users\eduar\Desktop\Soybe-main\data\com_fundo\RGB_JPG_CHOCHOS\grao_DSC_0326_id37.png,RGB_JPG_CHOCHOS,RGB_JPG_CHOCHOS
C:\Users\eduar\Desktop\Soybe-main\data\com_fundo\RGB_JPG_CHOCHOS\grao_DSC_0326_id38.png,RGB_JPG_CHOCHOS,RGB_JPG_CHOCHOS
C:\Users\eduar\Desktop\Soybe-main\data\com_fundo\RGB_JPG_CHOCHOS\grao_DSC_0326_id39.png,RGB_JPG_CHOCHOS,RGB_JPG_CHOCHOS
C:\Users\eduar\Desktop\Soybe-main\data\com_fundo\RGB_JPG_CHOCHOS\grao_DSC_0326_id4.png,RGB_JPG_CHOCHOS,RGB_JPG_CHOCHOS
C:\Users\eduar\Desktop\Soybe-main\data\com_fundo\RGB_JPG_CHOCHOS\grao_DSC_0326_id40.png,RGB_JPG_CHOCHOS,RGB_JPG_CHOCHOS
C:\Users\eduar\Desktop\Soybe-main\data\com_fundo\RGB_JPG_CHOCHOS\grao_DSC_0326_id41.png,RGB_JPG_CHOCHOS,RGB_JPG_CHOCHOS
C:\Users\eduar\Desktop\Soybe-main\data\com_fundo\RGB_JPG_CHOCHOS\grao_DSC_0326_id42.png,RGB_JPG_CHOCHOS,RGB_JPG_CHOCHOS
C:\Users\eduar\Desktop\Soybe-main\data\com_fundo\RGB_JPG_CHOCHOS\grao_DSC_0326_id43.png,RGB_JPG_CHOCHOS,RGB_JPG_CHOCHOS
C:\Users\eduar\Desktop\Soybe-main\data\com_fundo\RGB_JPG_CHOCHOS\grao_DSC_0326_id44.png,RGB_JPG_CHOCHOS,RGB_JPG_CHOCHOS
C:\Users\eduar\Desktop\Soybe-main\data\com_fundo\RGB_JPG_CHOCHOS\grao_DSC_0326_id45.png,RGB_JPG_CHOCHOS,RGB_JPG_CHOCHOS
C:\Users\eduar\Desktop\Soybe-main\data\com_fundo\RGB_JPG_CHOCHOS\grao_DSC_0326_id46.png,RGB_JPG_CHOCHOS,RGB_JPG_CHOCHOS
C:\Users\eduar\Desktop\Soybe-main\data\com_fundo\RGB_JPG_CHOCHOS\grao_DSC_0326_id47.png,RGB_JPG_CHOCHOS,RGB_JPG_CHOCHOS
C:\Users\eduar\Desktop\Soybe-main\data\com_fundo\RGB_JPG_CHOCHOS\grao_DSC_0326_id49.png,RGB_JPG_CHOCHOS,RGB_JPG_CHOCHOS
C:\Users\eduar\Desktop\Soybe-main\data\com_fundo\RGB_JPG_CHOCHOS\grao_DSC_0326_id5.png,RGB_JPG_CHOCHOS,RGB_JPG_CHOCHOS
C:\Users\eduar\Desktop\Soybe-main\data\com_fundo\RGB_JPG_CHOCHOS\grao_DSC_0326_id50.png,RGB_JPG_CHOCHOS,RGB_JPG_CHOCHOS
C:\Users\eduar\Desktop\Soybe-main\data\com_fundo\RGB_JPG_CHOCHOS\grao_DSC_0326_id51.png,RGB_JPG_CHOCHOS,RGB_JPG_CHOCHOS
C:\Users\eduar\Desktop\Soybe-main\data\com_fundo\RGB_JPG_CHOCHOS\grao_DSC_0326_id52.png,RGB_JPG_CHOCHOS,RGB_JPG_CHOCHOS
C:\Users\eduar\Desktop\Soybe-main\data\com_fundo\RGB_JPG_CHOCHOS\grao_DSC_0326_id53.png,RGB_JPG_CHOCHOS,RGB_JPG_CHOCHOS
C:\Users\eduar\Desktop\Soybe-main\data\com_fundo\RGB_JPG_CHOCHOS\grao_DSC_0326_id54.png,RGB_JPG_CHOCHOS,RGB_JPG_CHOCHOS
C:\Users\eduar\Desktop\Soybe-main\data\com_fundo\RGB_JPG_CHOCHOS\grao_DSC_0326_id55.png,RGB_JPG_CHOCHOS,RGB_JPG_CHOCHOS
C:\Users\eduar\Desktop\Soybe-main\data\com_fundo\RGB_JPG_CHOCHOS\grao_DSC_0326_id56.png,RGB_JPG_CHOCHOS,RGB_JPG_CHOCHOS
C:\Users\eduar\Desktop\Soybe-main\data\com_fundo\RGB_JPG_CHOCHOS\grao_DSC_0326_id57.png,RGB_JPG_CHOCHOS,RGB_JPG_CHOCHOS
C:\Users\eduar\Desktop\Soybe-main\data\com_fundo\RGB_JPG_CHOCHOS\grao_DSC_0326_id58.png,RGB_JPG_CHOCHOS,RGB_JPG_CHOCHOS
C:\Users\eduar\Desktop\Soybe-main\data\com_fundo\RGB_JPG_CHOCHOS\grao_DSC_0326_id59.png,RGB_JPG_CHOCHOS,RGB_JPG_CHOCHOS
C:\Users\eduar\Desktop\Soybe-main\data\com_fundo\RGB_JPG_CHOCHOS\grao_DSC_0326_id6.png,RGB_JPG_CHOCHOS,RGB_JPG_CHOCHOS
C:\Users\eduar\Desktop\Soybe-main\data\com_fundo\RGB_JPG_CHOCHOS\grao_DSC_0326_id60.png,RGB_JPG_CHOCHOS,RGB_JPG_CHOCHOS
C:\Users\eduar\Desktop\Soybe-main\data\com_fundo\RGB_JPG_CHOCHOS\grao_DSC_0326_id61.png,RGB_JPG_CHOCHOS,RGB_JPG_CHOCHOS
C:\Users\eduar\Desktop\Soybe-main\data\com_fundo\RGB_JPG_CHOCHOS\grao_DSC_0326_id62.png,RGB_JPG_CHOCHOS,RGB_JPG_CHOCHOS
C:\Users\eduar\Desktop\Soybe-main\data\com_fundo\RGB_JPG_CHOCHOS\grao_DSC_0326_id63.png,RGB_JPG_CHOCHOS,RGB_JPG_CHOCHOS
C:\Users\eduar\Desktop\Soybe-main\data\com_fundo\RGB_JPG_CHOCHOS\grao_DSC_0326_id64.png,RGB_JPG_CHOCHOS,RGB_JPG_CHOCHOS
C:\Users\eduar\Desktop\Soybe-main\data\com_fundo\RGB_JPG_CHOCHOS\grao_DSC_0326_id65.png,RGB_JPG_CHOCHOS,RGB_JPG_CHOCHOS
C:\Users\eduar\Desktop\Soybe-main\data\com_fundo\RGB_JPG_CHOCHOS\grao_DSC_0326_id66.png,RGB_JPG_CHOCHOS,RGB_JPG_CHOCHOS
C:\Users\eduar\Desktop\Soybe-main\data\com_fundo\RGB_JPG_CHOCHOS\grao_DSC_0326_id67.png,RGB_JPG_CHOCHOS,RGB_JPG_CHOCHOS
C:\Users\eduar\Desktop\Soybe-main\data\com_fundo\RGB_JPG_CHOCHOS\grao_DSC_0326_id68.png,RGB_JPG_CHOCHOS,RGB_JPG_CHOCHOS
C:\Users\eduar\Desktop\Soybe-main\data\com_fundo\RGB_JPG_CHOCHOS\grao_DSC_0326_id69.png,RGB_JPG_CHOCHOS,RGB_JPG_CHOCHOS
C:\Users\eduar\Desktop\Soybe-main\data\com_fundo\RGB_JPG_CHOCHOS\grao_DSC_0326_id7.png,RGB_JPG_CHOCHOS,RGB_JPG_CHOCHOS
C:\Users\eduar\Desktop\Soybe-main\data\com_fundo\RGB_JPG_CHOCHOS\grao_DSC_0326_id70.png,RGB_JPG_CHOCHOS,RGB_JPG_CHOCHOS
C:\Users\eduar\Desktop\Soybe-main\data\com_fundo\RGB_JPG_CHOCHOS\grao_DSC_0326_id71.png,RGB_JPG_CHOCHOS,RGB_JPG_CHOCHOS
C:\Users\eduar\Desktop\Soybe-main\data\com_fundo\RGB_JPG_CHOCHOS\grao_DSC_0326_id72.png,RGB_JPG_CHOCHOS,RGB_JPG_CHOCHOS
C:\Users\eduar\Desktop\Soybe-main\data\com_fundo\RGB_JPG_CHOCHOS\grao_DSC_0326_id73.png,RGB_JPG_CHOCHOS,RGB_JPG_CHOCHOS
C:\Users\eduar\Desktop\Soybe-main\data\com_fundo\RGB_JPG_CHOCHOS\grao_DSC_0326_id74.png,RGB_JPG_CHOCHOS,RGB_JPG_CHOCHOS
C:\Users\eduar\Desktop\Soybe-main\data\com_fundo\RGB_JPG_CHOCHOS\grao_DSC_0326_id75.png,RGB_JPG_CHOCHOS,RGB_JPG_CHOCHOS
C:\Users\eduar\Desktop\Soybe-main\data\com_fundo\RGB_JPG_CHOCHOS\grao_DSC_0326_id76.png,RGB_JPG_CHOCHOS,RGB_JPG_CHOCHOS
C:\Users\eduar\Desktop\Soybe-main\data\com_fundo\RGB_JPG_CHOCHOS\grao_DSC_0326_id77.png,RGB_JPG_CHOCHOS,RGB_JPG_CHOCHOS
C:\Users\eduar\Desktop\Soybe-main\data\com_fundo\RGB_JPG_CHOCHOS\grao_DSC_0326_id78.png,RGB_JPG_CHOCHOS,RGB_JPG_CHOCHOS
C:\Users\eduar\Desktop\Soybe-main\data\com_fundo\RGB_JPG_CHOCHOS\grao_DSC_0326_id79.png,RGB_JPG_CHOCHOS,RGB_JPG_CHOCHOS
C:\Users\eduar\Desktop\Soybe-main\data\com_fundo\RGB_JPG_CHOCHOS\grao_DSC_0326_id8.png,RGB_JPG_CHOCHOS,RGB_JPG_CHOCHOS
C:\Users\eduar\Desktop\Soybe-main\data\com_fundo\RGB_JPG_CHOCHOS\grao_DSC_0326_id80.png,RGB_JPG_CHOCHOS,RGB_JPG_CHOCHOS
C:\Users\eduar\Desktop\Soybe-main\data\com_fundo\RGB_JPG_CHOCHOS\grao_DSC_0326_id81.png,RGB_JPG_CHOCHOS,RGB_JPG_CHOCHOS
C:\Users\eduar\Desktop\Soybe-main\data\com_fundo\RGB_JPG_CHOCHOS\grao_DSC_0326_id82.png,RGB_JPG_CHOCHOS,RGB_JPG_CHOCHOS
C:\Users\eduar\Desktop\Soybe-main\data\com_fundo\RGB_JPG_CHOCHOS\grao_DSC_0326_id83.png,RGB_JPG_CHOCHOS,RGB_JPG_CHOCHOS
C:\Users\eduar\Desktop\Soybe-main\data\com_fundo\RGB_JPG_CHOCHOS\grao_DSC_0326_id84.png,RGB_JPG_CHOCHOS,RGB_JPG_CHOCHOS
C:\Users\eduar\Desktop\Soybe-main\data\com_fundo\RGB_JPG_CHOCHOS\grao_DSC_0326_id85.png,RGB_JPG_CHOCHOS,RGB_JPG_CHOCHOS
C:\Users\eduar\Desktop\Soybe-main\data\com_fundo\RGB_JPG_CHOCHOS\grao_DSC_0326_id86.png,RGB_JPG_CHOCHOS,RGB_JPG_CHOCHOS
C:\Users\eduar\Desktop\Soybe-main\data\com_fundo\RGB_JPG_CHOCHOS\grao_DSC_0326_id87.png,RGB_JPG_CHOCHOS,RGB_JPG_CHOCHOS
C:\Users\eduar\Desktop\Soybe-main\data\com_fundo\RGB_JPG_CHOCHOS\grao_DSC_0326_id88.png,RGB_JPG_CHOCHOS,RGB_JPG_CHOCHOS
C:\Users\eduar\Desktop\Soybe-main\data\com_fundo\RGB_JPG_CHOCHOS\grao_DSC_0326_id89.png,RGB_JPG_CHOCHOS,RGB_JPG_CHOCHOS
C:\Users\eduar\Desktop\Soybe-main\data\com_fundo\RGB_JPG_CHOCHOS\grao_DSC_0326_id9.png,RGB_JPG_CHOCHOS,RGB_JPG_CHOCHOS
C:\Users\eduar\Desktop\Soybe-main\data\com_fundo\RGB_JPG_CHOCHOS\grao_DSC_0326_id90.png,RGB_JPG_CHOCHOS,RGB_JPG_CHOCHOS
C:\Users\eduar\Desktop\Soybe-main\data\com_fundo\RGB_JPG_CHOCHOS\grao_DSC_0326_id91.png,RGB_JPG_CHOCHOS,RGB_JPG_CHOCHOS
C:\Users\eduar\Desktop\Soybe-main\data\com_fundo\RGB_JPG_CHOCHOS\grao_DSC_0326_id92.png,RGB_JPG_CHOCHOS,RGB_JPG_CHOCHOS
C:\Users\eduar\Desktop\Soybe-main\data\com_fundo\RGB_JPG_CHOCHOS\grao_DSC_0326_id93.png,RGB_JPG_CHOCHOS,RGB_JPG_CHOCHOS
C:\Users\eduar\Desktop\Soybe-main\data\com_fundo\RGB_JPG_CHOCHOS\grao_DSC_0326_id94.png,RGB_JPG_CHOCHOS,RGB_JPG_CHOCHOS
C:\Users\eduar\Desktop\Soybe-main\data\com_fundo\RGB_JPG_CHOCHOS\grao_DSC_0326_id95.png,RGB_JPG_CHOCHOS,RGB_JPG_CHOCHOS
C:\Users\eduar\Desktop\Soybe-main\data\com_fundo\RGB_JPG_CHOCHOS\grao_DSC_0326_id96.png,RGB_JPG_CHOCHOS,RGB_JPG_CHOCHOS
C:\Users\eduar\Desktop\Soybe-main\data\com_fundo\RGB_JPG_CHOCHOS\grao_DSC_0326_id97.png,RGB_JPG_CHOCHOS,RGB_JPG_CHOCHOS
C:\Users\eduar\Desktop\Soybe-main\data\com_fundo\RGB_JPG_CHOCHOS\grao_DSC_0326_id98.png,RGB_JPG_CHOCHOS,RGB_JPG_CHOCHOS
C:\Users\eduar\Desktop\Soybe-main\data\com_fundo\RGB_JPG_CHOCHOS\grao_DSC_0326_id99.png,RGB_JPG_CHOCHOS,RGB_JPG_CHOCHOS
C:\Users\eduar\Desktop\Soybe-main\data\com_fundo\RGB_JPG_CHOCHOS\grao_DSC_0329_id1.png,RGB_JPG_CHOCHOS,RGB_JPG_CHOCHOS
C:\Users\eduar\Desktop\Soybe-main\data\com_fundo\RGB_JPG_CHOCHOS\grao_DSC_0329_id10.png,RGB_JPG_CHOCHOS,RGB_JPG_CHOCHOS
C:\Users\eduar\Desktop\Soybe-main\data\com_fundo\RGB_JPG_CHOCHOS\grao_DSC_0329_id100.png,RGB_JPG_CHOCHOS,RGB_JPG_CHOCHOS
C:\Users\eduar\Desktop\Soybe-main\data\com_fundo\RGB_JPG_CHOCHOS\grao_DSC_0329_id101.png,RGB_JPG_CHOCHOS,RGB_JPG_CHOCHOS
C:\Users\eduar\Desktop\Soybe-main\data\com_fundo\RGB_JPG_CHOCHOS\grao_DSC_0329_id102.png,RGB_JPG_CHOCHOS,RGB_JPG_CHOCHOS
C:\Users\eduar\Desktop\Soybe-main\data\com_fundo\RGB_JPG_CHOCHOS\grao_DSC_0329_id103.png,RGB_JPG_CHOCHOS,RGB_JPG_CHOCHOS
C:\Users\eduar\Desktop\Soybe-main\data\com_fundo\RGB_JPG_CHOCHOS\grao_DSC_0329_id104.png,RGB_JPG_CHOCHOS,RGB_JPG_CHOCHOS
C:\Users\eduar\Desktop\Soybe-main\data\com_fundo\RGB_JPG_CHOCHOS\grao_DSC_0329_id105.png,RGB_JPG_CHOCHOS,RGB_JPG_CHOCHOS
C:\Users\eduar\Desktop\Soybe-main\data\com_fundo\RGB_JPG_CHOCHOS\grao_DSC_0329_id106.png,RGB_JPG_CHOCHOS,RGB_JPG_CHOCHOS
C:\Users\eduar\Desktop\Soybe-main\data\com_fundo\RGB_JPG_CHOCHOS\grao_DSC_0329_id107.png,RGB_JPG_CHOCHOS,RGB_JPG_CHOCHOS
C:\Users\eduar\Desktop\Soybe-main\data\com_fundo\RGB_JPG_CHOCHOS\grao_DSC_0329_id108.png,RGB_JPG_CHOCHOS,RGB_JPG_CHOCHOS
C:\Users\eduar\Desktop\Soybe-main\data\com_fundo\RGB_JPG_CHOCHOS\grao_DSC_0329_id109.png,RGB_JPG_CHOCHOS,RGB_JPG_CHOCHOS
C:\Users\eduar\Desktop\Soybe-main\data\com_fundo\RGB_JPG_CHOCHOS\grao_DSC_0329_id11.png,RGB_JPG_CHOCHOS,RGB_JPG_CHOCHOS
C:\Users\eduar\Desktop\Soybe-main\data\com_fundo\RGB_JPG_CHOCHOS\grao_DSC_0329_id110.png,RGB_JPG_CHOCHOS,RGB_JPG_PURPURAS
C:\Users\eduar\Desktop\Soybe-main\data\com_fundo\RGB_JPG_CHOCHOS\grao_DSC_0329_id111.png,RGB_JPG_CHOCHOS,RGB_JPG_CHOCHOS
C:\Users\eduar\Desktop\Soybe-main\data\com_fundo\RGB_JPG_CHOCHOS\grao_DSC_0329_id112.png,RGB_JPG_CHOCHOS,RGB_JPG_CHOCHOS
C:\Users\eduar\Desktop\Soybe-main\data\com_fundo\RGB_JPG_CHOCHOS\grao_DSC_0329_id12.png,RGB_JPG_CHOCHOS,RGB_JPG_CHOCHOS
C:\Users\eduar\Desktop\Soybe-main\data\com_fundo\RGB_JPG_CHOCHOS\grao_DSC_0329_id14.png,RGB_JPG_CHOCHOS,RGB_JPG_CHOCHOS
C:\Users\eduar\Desktop\Soybe-main\data\com_fundo\RGB_JPG_CHOCHOS\grao_DSC_0329_id15.png,RGB_JPG_CHOCHOS,RGB_JPG_Normais
C:\Users\eduar\Desktop\Soybe-main\data\com_fundo\RGB_JPG_CHOCHOS\grao_DSC_0329_id16.png,RGB_JPG_CHOCHOS,RGB_JPG_CHOCHOS
C:\Users\eduar\Desktop\Soybe-main\data\com_fundo\RGB_JPG_CHOCHOS\grao_DSC_0329_id17.png,RGB_JPG_CHOCHOS,RGB_JPG_CHOCHOS
C:\Users\eduar\Desktop\Soybe-main\data\com_fundo\RGB_JPG_CHOCHOS\grao_DSC_0329_id18.png,RGB_JPG_CHOCHOS,RGB_JPG_CHOCHOS
C:\Users\eduar\Desktop\Soybe-main\data\com_fundo\RGB_JPG_CHOCHOS\grao_DSC_0329_id19.png,RGB_JPG_CHOCHOS,RGB_JPG_CHOCHOS
C:\Users\eduar\Desktop\Soybe-main\data\com_fundo\RGB_JPG_CHOCHOS\grao_DSC_0329_id2.png,RGB_JPG_CHOCHOS,RGB_JPG_CHOCHOS
C:\Users\eduar\Desktop\Soybe-main\data\com_fundo\RGB_JPG_CHOCHOS\grao_DSC_0329_id20.png,RGB_JPG_CHOCHOS,RGB_JPG_CHOCHOS
C:\Users\eduar\Desktop\Soybe-main\data\com_fundo\RGB_JPG_CHOCHOS\grao_DSC_0329_id21.png,RGB_JPG_CHOCHOS,RGB_JPG_CHOCHOS
C:\Users\eduar\Desktop\Soybe-main\data\com_fundo\RGB_JPG_CHOCHOS\grao_DSC_0329_id22.png,RGB_JPG_CHOCHOS,RGB_JPG_CHOCHOS
C:\Users\eduar\Desktop\Soybe-main\data\com_fundo\RGB_JPG_CHOCHOS\grao_DSC_0329_id24.png,RGB_JPG_CHOCHOS,RGB_JPG_CHOCHOS
C:\Users\eduar\Desktop\Soybe-main\data\com_fundo\RGB_JPG_CHOCHOS\grao_DSC_0329_id25.png,RGB_JPG_CHOCHOS,RGB_JPG_CHOCHOS
C:\Users\eduar\Desktop\Soybe-main\data\com_fundo\RGB_JPG_CHOCHOS\grao_DSC_0329_id27.png,RGB_JPG_CHOCHOS,RGB_JPG_CHOCHOS
C:\Users\eduar\Desktop\Soybe-main\data\com_fundo\RGB_JPG_CHOCHOS\grao_DSC_0329_id29.png,RGB_JPG_CHOCHOS,RGB_JPG_CHOCHOS
C:\Users\eduar\Desktop\Soybe-main\data\com_fundo\RGB_JPG_CHOCHOS\grao_DSC_0329_id3.png,RGB_JPG_CHOCHOS,RGB_JPG_CHOCHOS
C:\Users\eduar\Desktop\Soybe-main\data\com_fundo\RGB_JPG_CHOCHOS\grao_DSC_0329_id30.png,RGB_JPG_CHOCHOS,RGB_JPG_CHOCHOS
C:\Users\eduar\Desktop\Soybe-main\data\com_fundo\RGB_JPG_CHOCHOS\grao_DSC_0329_id31.png,RGB_JPG_CHOCHOS,RGB_JPG_CHOCHOS
C:\Users\eduar\Desktop\Soybe-main\data\com_fundo\RGB_JPG_CHOCHOS\grao_DSC_0329_id32.png,RGB_JPG_CHOCHOS,RGB_JPG_CHOCHOS
C:\Users\eduar\Desktop\Soybe-main\data\com_fundo\RGB_JPG_CHOCHOS\grao_DSC_0329_id33.png,RGB_JPG_CHOCHOS,RGB_JPG_CHOCHOS
C:\Users\eduar\Desktop\Soybe-main\data\com_fundo\RGB_JPG_CHOCHOS\grao_DSC_0329_id34.png,RGB_JPG_CHOCHOS,RGB_JPG_CHOCHOS
C:\Users\eduar\Desktop\Soybe-main\data\com_fundo\RGB_JPG_CHOCHOS\grao_DSC_0329_id35.png,RGB_JPG_CHOCHOS,RGB_JPG_CHOCHOS
C:\Users\eduar\Desktop\Soybe-main\data\com_fundo\RGB_JPG_CHOCHOS\grao_DSC_0329_id36.png,RGB_JPG_CHOCHOS,RGB_JPG_CHOCHOS
C:\Users\eduar\Desktop\Soybe-main\data\com_fundo\RGB_JPG_CHOCHOS\grao_DSC_0329_id37.png,RGB_JPG_CHOCHOS,RGB_JPG_CHOCHOS
C:\Users\eduar\Desktop\Soybe-main\data\com_fundo\RGB_JPG_CHOCHOS\grao_DSC_0329_id38.png,RGB_JPG_CHOCHOS,RGB_JPG_CHOCHOS
C:\Users\eduar\Desktop\Soybe-main\data\com_fundo\RGB_JPG_CHOCHOS\grao_DSC_0329_id39.png,RGB_JPG_CHOCHOS,RGB_JPG_CHOCHOS
C:\Users\eduar\Desktop\Soybe-main\data\com_fundo\RGB_JPG_CHOCHOS\grao_DSC_0329_id4.png,RGB_JPG_CHOCHOS,RGB_JPG_CHOCHOS
C:\Users\eduar\Desktop\Soybe-main\data\com_fundo\RGB_JPG_CHOCHOS\grao_DSC_0329_id40.png,RGB_JPG_CHOCHOS,RGB_JPG_CHOCHOS
C:\Users\eduar\Desktop\Soybe-main\data\com_fundo\RGB_JPG_CHOCHOS\grao_DSC_0329_id41.png,RGB_JPG_CHOCHOS,RGB_JPG_CHOCHOS
C:\Users\eduar\Desktop\Soybe-main\data\com_fundo\RGB_JPG_CHOCHOS\grao_DSC_0329_id42.png,RGB_JPG_CHOCHOS,RGB_JPG_CHOCHOS
C:\Users\eduar\Desktop\Soybe-main\data\com_fundo\RGB_JPG_CHOCHOS\grao_DSC_0329_id43.png,RGB_JPG_CHOCHOS,RGB_JPG_CHOCHOS
C:\Users\eduar\Desktop\Soybe-main\data\com_fundo\RGB_JPG_CHOCHOS\grao_DSC_0329_id44.png,RGB_JPG_CHOCHOS,RGB_JPG_CHOCHOS
C:\Users\eduar\Desktop\Soybe-main\data\com_fundo\RGB_JPG_CHOCHOS\grao_DSC_0329_id45.png,RGB_JPG_CHOCHOS,RGB_JPG_CHOCHOS
C:\Users\eduar\Desktop\Soybe-main\data\com_fundo\RGB_JPG_CHOCHOS\grao_DSC_0329_id46.png,RGB_JPG_CHOCHOS,RGB_JPG_CHOCHOS
C:\Users\eduar\Desktop\Soybe-main\data\com_fundo\RGB_JPG_CHOCHOS\grao_DSC_0329_id47.png,RGB_JPG_CHOCHOS,RGB_JPG_CHOCHOS
C:\Users\eduar\Desktop\Soybe-main\data\com_fundo\RGB_JPG_CHOCHOS\grao_DSC_0329_id48.png,RGB_JPG_CHOCHOS,RGB_JPG_CHOCHOS
C:\Users\eduar\Desktop\Soybe-main\data\com_fundo\RGB_JPG_CHOCHOS\grao_DSC_0329_id49.png,RGB_JPG_CHOCHOS,RGB_JPG_CHOCHOS
C:\Users\eduar\Desktop\Soybe-main\data\com_fundo\RGB_JPG_CHOCHOS\grao_DSC_0329_id5.png,RGB_JPG_CHOCHOS,RGB_JPG_CHOCHOS
C:\Users\eduar\Desktop\Soybe-main\data\com_fundo\RGB_JPG_CHOCHOS\grao_DSC_0329_id50.png,RGB_JPG_CHOCHOS,RGB_JPG_CHOCHOS
C:\Users\eduar\Desktop\Soybe-main\data\com_fundo\RGB_JPG_CHOCHOS\grao_DSC_0329_id52.png,RGB_JPG_CHOCHOS,RGB_JPG_CHOCHOS
C:\Users\eduar\Desktop\Soybe-main\data\com_fundo\RGB_JPG_CHOCHOS\grao_DSC_0329_id53.png,RGB_JPG_CHOCHOS,RGB_JPG_ESVERDEADO
C:\Users\eduar\Desktop\Soybe-main\data\com_fundo\RGB_JPG_CHOCHOS\grao_DSC_0329_id54.png,RGB_JPG_CHOCHOS,RGB_JPG_CHOCHOS
C:\Users\eduar\Desktop\Soybe-main\data\com_fundo\RGB_JPG_CHOCHOS\grao_DSC_0329_id55.png,RGB_JPG_CHOCHOS,RGB_JPG_CHOCHOS
C:\Users\eduar\Desktop\Soybe-main\data\com_fundo\RGB_JPG_CHOCHOS\grao_DSC_0329_id56.png,RGB_JPG_CHOCHOS,RGB_JPG_CHOCHOS
C:\Users\eduar\Desktop\Soybe-main\data\com_fundo\RGB_JPG_CHOCHOS\grao_DSC_0329_id57.png,RGB_JPG_CHOCHOS,RGB_JPG_CHOCHOS
C:\Users\eduar\Desktop\Soybe-main\data\com_fundo\RGB_JPG_CHOCHOS\grao_DSC_0329_id58.png,RGB_JPG_CHOCHOS,RGB_JPG_CHOCHOS
C:\Users\eduar\Desktop\Soybe-main\data\com_fundo\RGB_JPG_CHOCHOS\grao_DSC_0329_id59.png,RGB_JPG_CHOCHOS,RGB_JPG_CHOCHOS
C:\Users\eduar\Desktop\Soybe-main\data\com_fundo\RGB_JPG_CHOCHOS\grao_DSC_0329_id6.png,RGB_JPG_CHOCHOS,RGB_JPG_CHOCHOS
C:\Users\eduar\Desktop\Soybe-main\data\com_fundo\RGB_JPG_CHOCHOS\grao_DSC_0329_id60.png,RGB_JPG_CHOCHOS,RGB_JPG_CHOCHOS
C:\Users\eduar\Desktop\Soybe-main\data\com_fundo\RGB_JPG_CHOCHOS\grao_DSC_0329_id61.png,RGB_JPG_CHOCHOS,RGB_JPG_CHOCHOS
C:\Users\eduar\Desktop\Soybe-main\data\com_fundo\RGB_JPG_CHOCHOS\grao_DSC_0329_id62.png,RGB_JPG_CHOCHOS,RGB_JPG_CHOCHOS
C:\Users\eduar\Desktop\Soybe-main\data\com_fundo\RGB_JPG_CHOCHOS\grao_DSC_0329_id63.png,RGB_JPG_CHOCHOS,RGB_JPG_CHOCHOS
C:\Users\eduar\Desktop\Soybe-main\data\com_fundo\RGB_JPG_CHOCHOS\grao_DSC_0329_id64.png,RGB_JPG_CHOCHOS,RGB_JPG_CHOCHOS
C:\Users\eduar\Desktop\Soybe-main\data\com_fundo\RGB_JPG_CHOCHOS\grao_DSC_0329_id65.png,RGB_JPG_CHOCHOS,RGB_JPG_CHOCHOS
C:\Users\eduar\Desktop\Soybe-main\data\com_fundo\RGB_JPG_CHOCHOS\grao_DSC_0329_id66.png,RGB_JPG_CHOCHOS,RGB_JPG_CHOCHOS
C:\Users\eduar\Desktop\Soybe-main\data\com_fundo\RGB_JPG_CHOCHOS\grao_DSC_0329_id67.png,RGB_JPG_CHOCHOS,RGB_JPG_CHOCHOS
C:\Users\eduar\Desktop\Soybe-main\data\com_fundo\RGB_JPG_CHOCHOS\grao_DSC_0329_id68.png,RGB_JPG_CHOCHOS,RGB_JPG_CHOCHOS
C:\Users\eduar\Desktop\Soybe-main\data\com_fundo\RGB_JPG_CHOCHOS\grao_DSC_0329_id69.png,RGB_JPG_CHOCHOS,RGB_JPG_CHOCHOS
C:\Users\eduar\Desktop\Soybe-main\data\com_fundo\RGB_JPG_CHOCHOS\grao_DSC_0329_id7.png,RGB_JPG_CHOCHOS,RGB_JPG_CHOCHOS
C:\Users\eduar\Desktop\Soybe-main\data\com_fundo\RGB_JPG_CHOCHOS\grao_DSC_0329_id70.png,RGB_JPG_CHOCHOS,RGB_JPG_CHOCHOS
C:\Users\eduar\Desktop\Soybe-main\data\com_fundo\RGB_JPG_CHOCHOS\grao_DSC_0329_id71.png,RGB_JPG_CHOCHOS,RGB_JPG_CHOCHOS
C:\Users\eduar\Desktop\Soybe-main\data\com_fundo\RGB_JPG_CHOCHOS\grao_DSC_0329_id72.png,RGB_JPG_CHOCHOS,RGB_JPG_CHOCHOS
C:\Users\eduar\Desktop\Soybe-main\data\com_fundo\RGB_JPG_CHOCHOS\grao_DSC_0329_id73.png,RGB_JPG_CHOCHOS,RGB_JPG_CHOCHOS
C:\Users\eduar\Desktop\Soybe-main\data\com_fundo\RGB_JPG_CHOCHOS\grao_DSC_0329_id74.png,RGB_JPG_CHOCHOS,RGB_JPG_CHOCHOS
C:\Users\eduar\Desktop\Soybe-main\data\com_fundo\RGB_JPG_CHOCHOS\grao_DSC_0329_id75.png,RGB_JPG_CHOCHOS,RGB_JPG_CHOCHOS
C:\Users\eduar\Desktop\Soybe-main\data\com_fundo\RGB_JPG_CHOCHOS\grao_DSC_0329_id76.png,RGB_JPG_CHOCHOS,RGB_JPG_CHOCHOS
C:\Users\eduar\Desktop\Soybe-main\data\com_fundo\RGB_JPG_CHOCHOS\grao_DSC_0329_id77.png,RGB_JPG_CHOCHOS,RGB_JPG_CHOCHOS
C:\Users\eduar\Desktop\Soybe-main\data\com_fundo\RGB_JPG_CHOCHOS\grao_DSC_0329_id79.png,RGB_JPG_CHOCHOS,RGB_JPG_CHOCHOS
C:\Users\eduar\Desktop\Soybe-main\data\com_fundo\RGB_JPG_CHOCHOS\grao_DSC_0329_id8.png,RGB_JPG_CHOCHOS,RGB_JPG_CHOCHOS
C:\Users\eduar\Desktop\Soybe-main\data\com_fundo\RGB_JPG_CHOCHOS\grao_DSC_0329_id80.png,RGB_JPG_CHOCHOS,RGB_JPG_CHOCHOS
C:\Users\eduar\Desktop\Soybe-main\data\com_fundo\RGB_JPG_CHOCHOS\grao_DSC_0329_id81.png,RGB_JPG_CHOCHOS,RGB_JPG_CHOCHOS
C:\Users\eduar\Desktop\Soybe-main\data\com_fundo\RGB_JPG_CHOCHOS\grao_DSC_0329_id82.png,RGB_JPG_CHOCHOS,RGB_JPG_CHOCHOS
C:\Users\eduar\Desktop\Soybe-main\data\com_fundo\RGB_JPG_CHOCHOS\grao_DSC_0329_id83.png,RGB_JPG_CHOCHOS,RGB_JPG_CHOCHOS
C:\Users\eduar\Desktop\Soybe-main\data\com_fundo\RGB_JPG_CHOCHOS\grao_DSC_0329_id84.png,RGB_JPG_CHOCHOS,RGB_JPG_CHOCHOS
C:\Users\eduar\Desktop\Soybe-main\data\com_fundo\RGB_JPG_CHOCHOS\grao_DSC_0329_id85.png,RGB_JPG_CHOCHOS,RGB_JPG_CHOCHOS
C:\Users\eduar\Desktop\Soybe-main\data\com_fundo\RGB_JPG_CHOCHOS\grao_DSC_0329_id86.png,RGB_JPG_CHOCHOS,RGB_JPG_CHOCHOS
C:\Users\eduar\Desktop\Soybe-main\data\com_fundo\RGB_JPG_CHOCHOS\grao_DSC_0329_id87.png,RGB_JPG_CHOCHOS,RGB_JPG_CHOCHOS
C:\Users\eduar\Desktop\Soybe-main\data\com_fundo\RGB_JPG_CHOCHOS\grao_DSC_0329_id88.png,RGB_JPG_CHOCHOS,RGB_JPG_CHOCHOS
C:\Users\eduar\Desktop\Soybe-main\data\com_fundo\RGB_JPG_CHOCHOS\grao_DSC_0329_id89.png,RGB_JPG_CHOCHOS,RGB_JPG_CHOCHOS
C:\Users\eduar\Desktop\Soybe-main\data\com_fundo\RGB_JPG_CHOCHOS\grao_DSC_0329_id9.png,RGB_JPG_CHOCHOS,RGB_JPG_CHOCHOS
C:\Users\eduar\Desktop\Soybe-main\data\com_fundo\RGB_JPG_CHOCHOS\grao_DSC_0329_id90.png,RGB_JPG_CHOCHOS,RGB_JPG_CHOCHOS
C:\Users\eduar\Desktop\Soybe-main\data\com_fundo\RGB_JPG_CHOCHOS\grao_DSC_0329_id91.png,RGB_JPG_CHOCHOS,RGB_JPG_CHOCHOS
C:\Users\eduar\Desktop\Soybe-main\data\com_fundo\RGB_JPG_CHOCHOS\grao_DSC_0329_id92.png,RGB_JPG_CHOCHOS,RGB_JPG_CHOCHOS
C:\Users\eduar\Desktop\Soybe-main\data\com_fundo\RGB_JPG_CHOCHOS\grao_DSC_0329_id93.png,RGB_JPG_CHOCHOS,RGB_JPG_CHOCHOS
C:\Users\eduar\Desktop\Soybe-main\data\com_fundo\RGB_JPG_CHOCHOS\grao_DSC_0329_id94.png,RGB_JPG_CHOCHOS,RGB_JPG_CHOCHOS
C:\Users\eduar\Desktop\Soybe-main\data\com_fundo\RGB_JPG_CHOCHOS\grao_DSC_0329_id95.png,RGB_JPG_CHOCHOS,RGB_JPG_CHOCHOS
C:\Users\eduar\Desktop\Soybe-main\data\com_fundo\RGB_JPG_CHOCHOS\grao_DSC_0329_id96.png,RGB_JPG_CHOCHOS,RGB_JPG_CHOCHOS
C:\Users\eduar\Desktop\Soybe-main\data\com_fundo\RGB_JPG_CHOCHOS\grao_DSC_0329_id97.png,RGB_JPG_CHOCHOS,RGB_JPG_CHOCHOS
C:\Users\eduar\Desktop\Soybe-main\data\com_fundo\RGB_JPG_CHOCHOS\grao_DSC_0329_id98.png,RGB_JPG_CHOCHOS,RGB_JPG_CHOCHOS
C:\Users\eduar\Desktop\Soybe-main\data\com_fundo\RGB_JPG_CHOCHOS\grao_DSC_0329_id99.png,RGB_JPG_CHOCHOS,RGB_JPG_CHOCHOS
C:\Users\eduar\Desktop\Soybe-main\data\com_fundo\RGB_JPG_CHOCHOS\grao_DSC_0330_id1.png,RGB_JPG_CHOCHOS,RGB_JPG_CHOCHOS
C:\Users\eduar\Desktop\Soybe-main\data\com_fundo\RGB_JPG_CHOCHOS\grao_DSC_0330_id10.png,RGB_JPG_CHOCHOS,RGB_JPG_CHOCHOS
C:\Users\eduar\Desktop\Soybe-main\data\com_fundo\RGB_JPG_CHOCHOS\grao_DSC_0330_id100.png,RGB_JPG_CHOCHOS,RGB_JPG_CHOCHOS
C:\Users\eduar\Desktop\Soybe-main\data\com_fundo\RGB_JPG_CHOCHOS\grao_DSC_0330_id101.png,RGB_JPG_CHOCHOS,RGB_JPG_CHOCHOS
C:\Users\eduar\Desktop\Soybe-main\data\com_fundo\RGB_JPG_CHOCHOS\grao_DSC_0330_id102.png,RGB_JPG_CHOCHOS,RGB_JPG_CHOCHOS
C:\Users\eduar\Desktop\Soybe-main\data\com_fundo\RGB_JPG_CHOCHOS\grao_DSC_0330_id103.png,RGB_JPG_CHOCHOS,RGB_JPG_CHOCHOS
C:\Users\eduar\Desktop\Soybe-main\data\com_fundo\RGB_JPG_CHOCHOS\grao_DSC_0330_id104.png,RGB_JPG_CHOCHOS,RGB_JPG_CHOCHOS
C:\Users\eduar\Desktop\Soybe-main\data\com_fundo\RGB_JPG_CHOCHOS\grao_DSC_0330_id105.png,RGB_JPG_CHOCHOS,RGB_JPG_CHOCHOS
C:\Users\eduar\Desktop\Soybe-main\data\com_fundo\RGB_JPG_CHOCHOS\grao_DSC_0330_id106.png,RGB_JPG_CHOCHOS,RGB_JPG_CHOCHOS
C:\Users\eduar\Desktop\Soybe-main\data\com_fundo\RGB_JPG_CHOCHOS\grao_DSC_0330_id107.png,RGB_JPG_CHOCHOS,RGB_JPG_PURPURAS
C:\Users\eduar\Desktop\Soybe-main\data\com_fundo\RGB_JPG_CHOCHOS\grao_DSC_0330_id108.png,RGB_JPG_CHOCHOS,RGB_JPG_CHOCHOS
C:\Users\eduar\Desktop\Soybe-main\data\com_fundo\RGB_JPG_CHOCHOS\grao_DSC_0330_id109.png,RGB_JPG_CHOCHOS,RGB_JPG_CHOCHOS
C:\Users\eduar\Desktop\Soybe-main\data\com_fundo\RGB_JPG_CHOCHOS\grao_DSC_0330_id11.png,RGB_JPG_CHOCHOS,RGB_JPG_CHOCHOS
C:\Users\eduar\Desktop\Soybe-main\data\com_fundo\RGB_JPG_CHOCHOS\grao_DSC_0330_id110.png,RGB_JPG_CHOCHOS,RGB_JPG_CHOCHOS
C:\Users\eduar\Desktop\Soybe-main\data\com_fundo\RGB_JPG_CHOCHOS\grao_DSC_0330_id111.png,RGB_JPG_CHOCHOS,RGB_JPG_CHOCHOS
C:\Users\eduar\Desktop\Soybe-main\data\com_fundo\RGB_JPG_CHOCHOS\grao_DSC_0330_id112.png,RGB_JPG_CHOCHOS,RGB_JPG_ESVERDEADO
C:\Users\eduar\Desktop\Soybe-main\data\com_fundo\RGB_JPG_CHOCHOS\grao_DSC_0330_id12.png,RGB_JPG_CHOCHOS,RGB_JPG_CHOCHOS
C:\Users\eduar\Desktop\Soybe-main\data\com_fundo\RGB_JPG_CHOCHOS\grao_DSC_0330_id13.png,RGB_JPG_CHOCHOS,RGB_JPG_CHOCHOS
C:\Users\eduar\Desktop\Soybe-main\data\com_fundo\RGB_JPG_CHOCHOS\grao_DSC_0330_id14.png,RGB_JPG_CHOCHOS,RGB_JPG_CHOCHOS
C:\Users\eduar\Desktop\Soybe-main\data\com_fundo\RGB_JPG_CHOCHOS\grao_DSC_0330_id15.png,RGB_JPG_CHOCHOS,RGB_JPG_CHOCHOS
C:\Users\eduar\Desktop\Soybe-main\data\com_fundo\RGB_JPG_CHOCHOS\grao_DSC_0330_id16.png,RGB_JPG_CHOCHOS,RGB_JPG_CHOCHOS
C:\Users\eduar\Desktop\Soybe-main\data\com_fundo\RGB_JPG_CHOCHOS\grao_DSC_0330_id17.png,RGB_JPG_CHOCHOS,RGB_JPG_CHOCHOS
C:\Users\eduar\Desktop\Soybe-main\data\com_fundo\RGB_JPG_CHOCHOS\grao_DSC_0330_id18.png,RGB_JPG_CHOCHOS,RGB_JPG_CHOCHOS
C:\Users\eduar\Desktop\Soybe-main\data\com_fundo\RGB_JPG_CHOCHOS\grao_DSC_0330_id19.png,RGB_JPG_CHOCHOS,RGB_JPG_CHOCHOS
C:\Users\eduar\Desktop\Soybe-main\data\com_fundo\RGB_JPG_CHOCHOS\grao_DSC_0330_id2.png,RGB_JPG_CHOCHOS,RGB_JPG_CHOCHOS
C:\Users\eduar\Desktop\Soybe-main\data\com_fundo\RGB_JPG_CHOCHOS\grao_DSC_0330_id20.png,RGB_JPG_CHOCHOS,RGB_JPG_CHOCHOS
C:\Users\eduar\Desktop\Soybe-main\data\com_fundo\RGB_JPG_CHOCHOS\grao_DSC_0330_id21.png,RGB_JPG_CHOCHOS,RGB_JPG_CHOCHOS
C:\Users\eduar\Desktop\Soybe-main\data\com_fundo\RGB_JPG_CHOCHOS\grao_DSC_0330_id22.png,RGB_JPG_CHOCHOS,RGB_JPG_CHOCHOS
C:\Users\eduar\Desktop\Soybe-main\data\com_fundo\RGB_JPG_CHOCHOS\grao_DSC_0330_id23.png,RGB_JPG_CHOCHOS,RGB_JPG_CHOCHOS
C:\Users\eduar\Desktop\Soybe-main\data\com_fundo\RGB_JPG_CHOCHOS\grao_DSC_0330_id24.png,RGB_JPG_CHOCHOS,RGB_JPG_CHOCHOS
C:\Users\eduar\Desktop\Soybe-main\data\com_fundo\RGB_JPG_CHOCHOS\grao_DSC_0330_id25.png,RGB_JPG_CHOCHOS,RGB_JPG_ESVERDEADO
C:\Users\eduar\Desktop\Soybe-main\data\com_fundo\RGB_JPG_CHOCHOS\grao_DSC_0330_id28.png,RGB_JPG_CHOCHOS,RGB_JPG_CHOCHOS
C:\Users\eduar\Desktop\Soybe-main\data\com_fundo\RGB_JPG_CHOCHOS\grao_DSC_0330_id29.png,RGB_JPG_CHOCHOS,RGB_JPG_CHOCHOS
C:\Users\eduar\Desktop\Soybe-main\data\com_fundo\RGB_JPG_CHOCHOS\grao_DSC_0330_id3.png,RGB_JPG_CHOCHOS,RGB_JPG_CHOCHOS
C:\Users\eduar\Desktop\Soybe-main\data\com_fundo\RGB_JPG_CHOCHOS\grao_DSC_0330_id30.png,RGB_JPG_CHOCHOS,RGB_JPG_CHOCHOS
C:\Users\eduar\Desktop\Soybe-main\data\com_fundo\RGB_JPG_CHOCHOS\grao_DSC_0330_id31.png,RGB_JPG_CHOCHOS,RGB_JPG_CHOCHOS
C:\Users\eduar\Desktop\Soybe-main\data\com_fundo\RGB_JPG_CHOCHOS\grao_DSC_0330_id32.png,RGB_JPG_CHOCHOS,RGB_JPG_CHOCHOS
C:\Users\eduar\Desktop\Soybe-main\data\com_fundo\RGB_JPG_CHOCHOS\grao_DSC_0330_id33.png,RGB_JPG_CHOCHOS,RGB_JPG_CHOCHOS
C:\Users\eduar\Desktop\Soybe-main\data\com_fundo\RGB_JPG_CHOCHOS\grao_DSC_0330_id34.png,RGB_JPG_CHOCHOS,RGB_JPG_CHOCHOS
C:\Users\eduar\Desktop\Soybe-main\data\com_fundo\RGB_JPG_CHOCHOS\grao_DSC_0330_id35.png,RGB_JPG_CHOCHOS,RGB_JPG_CHOCHOS
C:\Users\eduar\Desktop\Soybe-main\data\com_fundo\RGB_JPG_CHOCHOS\grao_DSC_0330_id36.png,RGB_JPG_CHOCHOS,RGB_JPG_CHOCHOS
C:\Users\eduar\Desktop\Soybe-main\data\com_fundo\RGB_JPG_CHOCHOS\grao_DSC_0330_id37.png,RGB_JPG_CHOCHOS,RGB_JPG_CHOCHOS
C:\Users\eduar\Desktop\Soybe-main\data\com_fundo\RGB_JPG_CHOCHOS\grao_DSC_0330_id38.png,RGB_JPG_CHOCHOS,RGB_JPG_ESVERDEADO
C:\Users\eduar\Desktop\Soybe-main\data\com_fundo\RGB_JPG_CHOCHOS\grao_DSC_0330_id39.png,RGB_JPG_CHOCHOS,RGB_JPG_CHOCHOS
C:\Users\eduar\Desktop\Soybe-main\data\com_fundo\RGB_JPG_CHOCHOS\grao_DSC_0330_id4.png,RGB_JPG_CHOCHOS,RGB_JPG_CHOCHOS
C:\Users\eduar\Desktop\Soybe-main\data\com_fundo\RGB_JPG_CHOCHOS\grao_DSC_0330_id40.png,RGB_JPG_CHOCHOS,RGB_JPG_CHOCHOS
C:\Users\eduar\Desktop\Soybe-main\data\com_fundo\RGB_JPG_CHOCHOS\grao_DSC_0330_id41.png,RGB_JPG_CHOCHOS,RGB_JPG_CHOCHOS
C:\Users\eduar\Desktop\Soybe-main\data\com_fundo\RGB_JPG_CHOCHOS\grao_DSC_0330_id42.png,RGB_JPG_CHOCHOS,RGB_JPG_CHOCHOS
C:\Users\eduar\Desktop\Soybe-main\data\com_fundo\RGB_JPG_CHOCHOS\grao_DSC_0330_id43.png,RGB_JPG_CHOCHOS,RGB_JPG_CHOCHOS
C:\Users\eduar\Desktop\Soybe-main\data\com_fundo\RGB_JPG_CHOCHOS\grao_DSC_0330_id44.png,RGB_JPG_CHOCHOS,RGB_JPG_CHOCHOS
C:\Users\eduar\Desktop\Soybe-main\data\com_fundo\RGB_JPG_CHOCHOS\grao_DSC_0330_id45.png,RGB_JPG_CHOCHOS,RGB_JPG_CHOCHOS
C:\Users\eduar\Desktop\Soybe-main\data\com_fundo\RGB_JPG_CHOCHOS\grao_DSC_0330_id46.png,RGB_JPG_CHOCHOS,RGB_JPG_CHOCHOS
C:\Users\eduar\Desktop\Soybe-main\data\com_fundo\RGB_JPG_CHOCHOS\grao_DSC_0330_id47.png,RGB_JPG_CHOCHOS,RGB_JPG_CHOCHOS
C:\Users\eduar\Desktop\Soybe-main\data\com_fundo\RGB_JPG_CHOCHOS\grao_DSC_0330_id48.png,RGB_JPG_CHOCHOS,RGB_JPG_CHOCHOS
C:\Users\eduar\Desktop\Soybe-main\data\com_fundo\RGB_JPG_CHOCHOS\grao_DSC_0330_id49.png,RGB_JPG_CHOCHOS,RGB_JPG_CHOCHOS
C:\Users\eduar\Desktop\Soybe-main\data\com_fundo\RGB_JPG_CHOCHOS\grao_DSC_0330_id5.png,RGB_JPG_CHOCHOS,RGB_JPG_CHOCHOS
C:\Users\eduar\Desktop\Soybe-main\data\com_fundo\RGB_JPG_CHOCHOS\grao_DSC_0330_id50.png,RGB_JPG_CHOCHOS,RGB_JPG_PURPURAS
C:\Users\eduar\Desktop\Soybe-main\data\com_fundo\RGB_JPG_CHOCHOS\grao_DSC_0330_id51.png,RGB_JPG_CHOCHOS,RGB_JPG_CHOCHOS
C:\Users\eduar\Desktop\Soybe-main\data\com_fundo\RGB_JPG_CHOCHOS\grao_DSC_0330_id52.png,RGB_JPG_CHOCHOS,RGB_JPG_ESVERDEADO
C:\Users\eduar\Desktop\Soybe-main\data\com_fundo\RGB_JPG_CHOCHOS\grao_DSC_0330_id54.png,RGB_JPG_CHOCHOS,RGB_JPG_CHOCHOS
C:\Users\eduar\Desktop\Soybe-main\data\com_fundo\RGB_JPG_CHOCHOS\grao_DSC_0330_id55.png,RGB_JPG_CHOCHOS,RGB_JPG_CHOCHOS
C:\Users\eduar\Desktop\Soybe-main\data\com_fundo\RGB_JPG_CHOCHOS\grao_DSC_0330_id56.png,RGB_JPG_CHOCHOS,RGB_JPG_CHOCHOS
C:\Users\eduar\Desktop\Soybe-main\data\com_fundo\RGB_JPG_CHOCHOS\grao_DSC_0330_id57.png,RGB_JPG_CHOCHOS,RGB_JPG_CHOCHOS
C:\Users\eduar\Desktop\Soybe-main\data\com_fundo\RGB_JPG_CHOCHOS\grao_DSC_0330_id58.png,RGB_JPG_CHOCHOS,RGB_JPG_CHOCHOS
C:\Users\eduar\Desktop\Soybe-main\data\com_fundo\RGB_JPG_CHOCHOS\grao_DSC_0330_id59.png,RGB_JPG_CHOCHOS,RGB_JPG_CHOCHOS
C:\Users\eduar\Desktop\Soybe-main\data\com_fundo\RGB_JPG_CHOCHOS\grao_DSC_0330_id6.png,RGB_JPG_CHOCHOS,RGB_JPG_CHOCHOS
C:\Users\eduar\Desktop\Soybe-main\data\com_fundo\RGB_JPG_CHOCHOS\grao_DSC_0330_id60.png,RGB_JPG_CHOCHOS,RGB_JPG_CHOCHOS
C:\Users\eduar\Desktop\Soybe-main\data\com_fundo\RGB_JPG_CHOCHOS\grao_DSC_0330_id61.png,RGB_JPG_CHOCHOS,RGB_JPG_CHOCHOS
C:\Users\eduar\Desktop\Soybe-main\data\com_fundo\RGB_JPG_CHOCHOS\grao_DSC_0330_id62.png,RGB_JPG_CHOCHOS,RGB_JPG_CHOCHOS
C:\Users\eduar\Desktop\Soybe-main\data\com_fundo\RGB_JPG_CHOCHOS\grao_DSC_0330_id63.png,RGB_JPG_CHOCHOS,RGB_JPG_CHOCHOS
C:\Users\eduar\Desktop\Soybe-main\data\com_fundo\RGB_JPG_CHOCHOS\grao_DSC_0330_id64.png,RGB_JPG_CHOCHOS,RGB_JPG_CHOCHOS
C:\Users\eduar\Desktop\Soybe-main\data\com_fundo\RGB_JPG_CHOCHOS\grao_DSC_0330_id66.png,RGB_JPG_CHOCHOS,RGB_JPG_CHOCHOS
C:\Users\eduar\Desktop\Soybe-main\data\com_fundo\RGB_JPG_CHOCHOS\grao_DSC_0330_id67.png,RGB_JPG_CHOCHOS,RGB_JPG_CHOCHOS
C:\Users\eduar\Desktop\Soybe-main\data\com_fundo\RGB_JPG_CHOCHOS\grao_DSC_0330_id68.png,RGB_JPG_CHOCHOS,RGB_JPG_CHOCHOS
C:\Users\eduar\Desktop\Soybe-main\data\com_fundo\RGB_JPG_CHOCHOS\grao_DSC_0330_id69.png,RGB_JPG_CHOCHOS,RGB_JPG_CHOCHOS
C:\Users\eduar\Desktop\Soybe-main\data\com_fundo\RGB_JPG_CHOCHOS\grao_DSC_0330_id7.png,RGB_JPG_CHOCHOS,RGB_JPG_CHOCHOS
C:\Users\eduar\Desktop\Soybe-main\data\com_fundo\RGB_JPG_CHOCHOS\grao_DSC_0330_id70.png,RGB_JPG_CHOCHOS,RGB_JPG_CHOCHOS
C:\Users\eduar\Desktop\Soybe-main\data\com_fundo\RGB_JPG_CHOCHOS\grao_DSC_0330_id71.png,RGB_JPG_CHOCHOS,RGB_JPG_CHOCHOS
C:\Users\eduar\Desktop\Soybe-main\data\com_fundo\RGB_JPG_CHOCHOS\grao_DSC_0330_id72.png,RGB_JPG_CHOCHOS,RGB_JPG_CHOCHOS
C:\Users\eduar\Desktop\Soybe-main\data\com_fundo\RGB_JPG_CHOCHOS\grao_DSC_0330_id73.png,RGB_JPG_CHOCHOS,RGB_JPG_CHOCHOS
C:\Users\eduar\Desktop\Soybe-main\data\com_fundo\RGB_JPG_CHOCHOS\grao_DSC_0330_id74.png,RGB_JPG_CHOCHOS,RGB_JPG_CHOCHOS
C:\Users\eduar\Desktop\Soybe-main\data\com_fundo\RGB_JPG_CHOCHOS\grao_DSC_0330_id75.png,RGB_JPG_CHOCHOS,RGB_JPG_CHOCHOS
C:\Users\eduar\Desktop\Soybe-main\data\com_fundo\RGB_JPG_CHOCHOS\grao_DSC_0330_id76.png,RGB_JPG_CHOCHOS,RGB_JPG_CHOCHOS
C:\Users\eduar\Desktop\Soybe-main\data\com_fundo\RGB_JPG_CHOCHOS\grao_DSC_0330_id78.png,RGB_JPG_CHOCHOS,RGB_JPG_CHOCHOS
C:\Users\eduar\Desktop\Soybe-main\data\com_fundo\RGB_JPG_CHOCHOS\grao_DSC_0330_id79.png,RGB_JPG_CHOCHOS,RGB_JPG_CHOCHOS
C:\Users\eduar\Desktop\Soybe-main\data\com_fundo\RGB_JPG_CHOCHOS\grao_DSC_0330_id8.png,RGB_JPG_CHOCHOS,RGB_JPG_CHOCHOS
C:\Users\eduar\Desktop\Soybe-main\data\com_fundo\RGB_JPG_CHOCHOS\grao_DSC_0330_id80.png,RGB_JPG_CHOCHOS,RGB_JPG_CHOCHOS
C:\Users\eduar\Desktop\Soybe-main\data\com_fundo\RGB_JPG_CHOCHOS\grao_DSC_0330_id81.png,RGB_JPG_CHOCHOS,RGB_JPG_CHOCHOS
C:\Users\eduar\Desktop\Soybe-main\data\com_fundo\RGB_JPG_CHOCHOS\grao_DSC_0330_id82.png,RGB_JPG_CHOCHOS,RGB_JPG_CHOCHOS
C:\Users\eduar\Desktop\Soybe-main\data\com_fundo\RGB_JPG_CHOCHOS\grao_DSC_0330_id83.png,RGB_JPG_CHOCHOS,RGB_JPG_CHOCHOS
C:\Users\eduar\Desktop\Soybe-main\data\com_fundo\RGB_JPG_CHOCHOS\grao_DSC_0330_id84.png,RGB_JPG_CHOCHOS,RGB_JPG_CHOCHOS
C:\Users\eduar\Desktop\Soybe-main\data\com_fundo\RGB_JPG_CHOCHOS\grao_DSC_0330_id85.png,RGB_JPG_CHOCHOS,RGB_JPG_CHOCHOS
C:\Users\eduar\Desktop\Soybe-main\data\com_fundo\RGB_JPG_CHOCHOS\grao_DSC_0330_id86.png,RGB_JPG_CHOCHOS,RGB_JPG_CHOCHOS
C:\Users\eduar\Desktop\Soybe-main\data\com_fundo\RGB_JPG_CHOCHOS\grao_DSC_0330_id87.png,RGB_JPG_CHOCHOS,RGB_JPG_CHOCHOS
C:\Users\eduar\Desktop\Soybe-main\data\com_fundo\RGB_JPG_CHOCHOS\grao_DSC_0330_id88.png,RGB_JPG_CHOCHOS,RGB_JPG_CHOCHOS
C:\Users\eduar\Desktop\Soybe-main\data\com_fundo\RGB_JPG_CHOCHOS\grao_DSC_0330_id89.png,RGB_JPG_CHOCHOS,RGB_JPG_CHOCHOS
C:\Users\eduar\Desktop\Soybe-main\data\com_fundo\RGB_JPG_CHOCHOS\grao_DSC_0330_id9.png,RGB_JPG_CHOCHOS,RGB_JPG_CHOCHOS
C:\Users\eduar\Desktop\Soybe-main\data\com_fundo\RGB_JPG_CHOCHOS\grao_DSC_0330_id90.png,RGB_JPG_CHOCHOS,RGB_JPG_CHOCHOS
C:\Users\eduar\Desktop\Soybe-main\data\com_fundo\RGB_JPG_CHOCHOS\grao_DSC_0330_id91.png,RGB_JPG_CHOCHOS,RGB_JPG_CHOCHOS
C:\Users\eduar\Desktop\Soybe-main\data\com_fundo\RGB_JPG_CHOCHOS\grao_DSC_0330_id92.png,RGB_JPG_CHOCHOS,RGB_JPG_CHOCHOS
C:\Users\eduar\Desktop\Soybe-main\data\com_fundo\RGB_JPG_CHOCHOS\grao_DSC_0330_id93.png,RGB_JPG_CHOCHOS,RGB_JPG_CHOCHOS
C:\Users\eduar\Desktop\Soybe-main\data\com_fundo\RGB_JPG_CHOCHOS\grao_DSC_0330_id94.png,RGB_JPG_CHOCHOS,RGB_JPG_CHOCHOS
C:\Users\eduar\Desktop\Soybe-main\data\com_fundo\RGB_JPG_CHOCHOS\grao_DSC_0330_id95.png,RGB_JPG_CHOCHOS,RGB_JPG_CHOCHOS
C:\Users\eduar\Desktop\Soybe-main\data\com_fundo\RGB_JPG_CHOCHOS\grao_DSC_0330_id96.png,RGB_JPG_CHOCHOS,RGB_JPG_CHOCHOS
C:\Users\eduar\Desktop\Soybe-main\data\com_fundo\RGB_JPG_CHOCHOS\grao_DSC_0330_id97.png,RGB_JPG_CHOCHOS,RGB_JPG_CHOCHOS
C:\Users\eduar\Desktop\Soybe-main\data\com_fundo\RGB_JPG_CHOCHOS\grao_DSC_0330_id98.png,RGB_JPG_CHOCHOS,RGB_JPG_CHOCHOS
C:\Users\eduar\Desktop\Soybe-main\data\com_fundo\RGB_JPG_CHOCHOS\grao_DSC_0330_id99.png,RGB_JPG_CHOCHOS,RGB_JPG_CHOCHOS
C:\Users\eduar\Desktop\Soybe-main\data\com_fundo\RGB_JPG_CHOCHOS\grao_DSC_0332_id1.png,RGB_JPG_CHOCHOS,RGB_JPG_CHOCHOS
C:\Users\eduar\Desktop\Soybe-main\data\com_fundo\RGB_JPG_CHOCHOS\grao_DSC_0332_id10.png,RGB_JPG_CHOCHOS,RGB_JPG_CHOCHOS
C:\Users\eduar\Desktop\Soybe-main\data\com_fundo\RGB_JPG_CHOCHOS\grao_DSC_0332_id100.png,RGB_JPG_CHOCHOS,RGB_JPG_CHOCHOS
C:\Users\eduar\Desktop\Soybe-main\data\com_fundo\RGB_JPG_CHOCHOS\grao_DSC_0332_id101.png,RGB_JPG_CHOCHOS,RGB_JPG_CHOCHOS
C:\Users\eduar\Desktop\Soybe-main\data\com_fundo\RGB_JPG_CHOCHOS\grao_DSC_0332_id102.png,RGB_JPG_CHOCHOS,RGB_JPG_CHOCHOS
C:\Users\eduar\Desktop\Soybe-main\data\com_fundo\RGB_JPG_CHOCHOS\grao_DSC_0332_id103.png,RGB_JPG_CHOCHOS,RGB_JPG_CHOCHOS
C:\Users\eduar\Desktop\Soybe-main\data\com_fundo\RGB_JPG_CHOCHOS\grao_DSC_0332_id104.png,RGB_JPG_CHOCHOS,RGB_JPG_CHOCHOS
C:\Users\eduar\Desktop\Soybe-main\data\com_fundo\RGB_JPG_CHOCHOS\grao_DSC_0332_id105.png,RGB_JPG_CHOCHOS,RGB_JPG_CHOCHOS
C:\Users\eduar\Desktop\Soybe-main\data\com_fundo\RGB_JPG_CHOCHOS\grao_DSC_0332_id106.png,RGB_JPG_CHOCHOS,RGB_JPG_CHOCHOS
C:\Users\eduar\Desktop\Soybe-main\data\com_fundo\RGB_JPG_CHOCHOS\grao_DSC_0332_id107.png,RGB_JPG_CHOCHOS,RGB_JPG_CHOCHOS
C:\Users\eduar\Desktop\Soybe-main\data\com_fundo\RGB_JPG_CHOCHOS\grao_DSC_0332_id108.png,RGB_JPG_CHOCHOS,RGB_JPG_CHOCHOS
C:\Users\eduar\Desktop\Soybe-main\data\com_fundo\RGB_JPG_CHOCHOS\grao_DSC_0332_id109.png,RGB_JPG_CHOCHOS,RGB_JPG_CHOCHOS
C:\Users\eduar\Desktop\Soybe-main\data\com_fundo\RGB_JPG_CHOCHOS\grao_DSC_0332_id11.png,RGB_JPG_CHOCHOS,RGB_JPG_CHOCHOS
C:\Users\eduar\Desktop\Soybe-main\data\com_fundo\RGB_JPG_CHOCHOS\grao_DSC_0332_id110.png,RGB_JPG_CHOCHOS,RGB_JPG_CHOCHOS
C:\Users\eduar\Desktop\Soybe-main\data\com_fundo\RGB_JPG_CHOCHOS\grao_DSC_0332_id111.png,RGB_JPG_CHOCHOS,RGB_JPG_CHOCHOS
C:\Users\eduar\Desktop\Soybe-main\data\com_fundo\RGB_JPG_CHOCHOS\grao_DSC_0332_id112.png,RGB_JPG_CHOCHOS,RGB_JPG_CHOCHOS
C:\Users\eduar\Desktop\Soybe-main\data\com_fundo\RGB_JPG_CHOCHOS\grao_DSC_0332_id12.png,RGB_JPG_CHOCHOS,RGB_JPG_CHOCHOS
C:\Users\eduar\Desktop\Soybe-main\data\com_fundo\RGB_JPG_CHOCHOS\grao_DSC_0332_id13.png,RGB_JPG_CHOCHOS,RGB_JPG_CHOCHOS
C:\Users\eduar\Desktop\Soybe-main\data\com_fundo\RGB_JPG_CHOCHOS\grao_DSC_0332_id14.png,RGB_JPG_CHOCHOS,RGB_JPG_CHOCHOS
C:\Users\eduar\Desktop\Soybe-main\data\com_fundo\RGB_JPG_CHOCHOS\grao_DSC_0332_id15.png,RGB_JPG_CHOCHOS,RGB_JPG_CHOCHOS
C:\Users\eduar\Desktop\Soybe-main\data\com_fundo\RGB_JPG_CHOCHOS\grao_DSC_0332_id16.png,RGB_JPG_CHOCHOS,RGB_JPG_CHOCHOS
C:\Users\eduar\Desktop\Soybe-main\data\com_fundo\RGB_JPG_CHOCHOS\grao_DSC_0332_id17.png,RGB_JPG_CHOCHOS,RGB_JPG_CHOCHOS
C:\Users\eduar\Desktop\Soybe-main\data\com_fundo\RGB_JPG_CHOCHOS\grao_DSC_0332_id18.png,RGB_JPG_CHOCHOS,RGB_JPG_CHOCHOS
C:\Users\eduar\Desktop\Soybe-main\data\com_fundo\RGB_JPG_CHOCHOS\grao_DSC_0332_id19.png,RGB_JPG_CHOCHOS,RGB_JPG_CHOCHOS
C:\Users\eduar\Desktop\Soybe-main\data\com_fundo\RGB_JPG_CHOCHOS\grao_DSC_0332_id2.png,RGB_JPG_CHOCHOS,RGB_JPG_CHOCHOS
C:\Users\eduar\Desktop\Soybe-main\data\com_fundo\RGB_JPG_CHOCHOS\grao_DSC_0332_id20.png,RGB_JPG_CHOCHOS,RGB_JPG_CHOCHOS
C:\Users\eduar\Desktop\Soybe-main\data\com_fundo\RGB_JPG_CHOCHOS\grao_DSC_0332_id21.png,RGB_JPG_CHOCHOS,RGB_JPG_CHOCHOS
C:\Users\eduar\Desktop\Soybe-main\data\com_fundo\RGB_JPG_CHOCHOS\grao_DSC_0332_id22.png,RGB_JPG_CHOCHOS,RGB_JPG_CHOCHOS
C:\Users\eduar\Desktop\Soybe-main\data\com_fundo\RGB_JPG_CHOCHOS\grao_DSC_0332_id23.png,RGB_JPG_CHOCHOS,RGB_JPG_CHOCHOS
C:\Users\eduar\Desktop\Soybe-main\data\com_fundo\RGB_JPG_CHOCHOS\grao_DSC_0332_id24.png,RGB_JPG_CHOCHOS,RGB_JPG_CHOCHOS
C:\Users\eduar\Desktop\Soybe-main\data\com_fundo\RGB_JPG_CHOCHOS\grao_DSC_0332_id25.png,RGB_JPG_CHOCHOS,RGB_JPG_CHOCHOS
C:\Users\eduar\Desktop\Soybe-main\data\com_fundo\RGB_JPG_CHOCHOS\grao_DSC_0332_id26.png,RGB_JPG_CHOCHOS,RGB_JPG_CHOCHOS
C:\Users\eduar\Desktop\Soybe-main\data\com_fundo\RGB_JPG_CHOCHOS\grao_DSC_0332_id27.png,RGB_JPG_CHOCHOS,RGB_JPG_CHOCHOS
C:\Users\eduar\Desktop\Soybe-main\data\com_fundo\RGB_JPG_CHOCHOS\grao_DSC_0332_id28.png,RGB_JPG_CHOCHOS,RGB_JPG_CHOCHOS
C:\Users\eduar\Desktop\Soybe-main\data\com_fundo\RGB_JPG_CHOCHOS\grao_DSC_0332_id29.png,RGB_JPG_CHOCHOS,RGB_JPG_CHOCHOS
C:\Users\eduar\Desktop\Soybe-main\data\com_fundo\RGB_JPG_CHOCHOS\grao_DSC_0332_id3.png,RGB_JPG_CHOCHOS,RGB_JPG_CHOCHOS
C:\Users\eduar\Desktop\Soybe-main\data\com_fundo\RGB_JPG_CHOCHOS\grao_DSC_0332_id30.png,RGB_JPG_CHOCHOS,RGB_JPG_CHOCHOS
C:\Users\eduar\Desktop\Soybe-main\data\com_fundo\RGB_JPG_CHOCHOS\grao_DSC_0332_id31.png,RGB_JPG_CHOCHOS,RGB_JPG_CHOCHOS
C:\Users\eduar\Desktop\Soybe-main\data\com_fundo\RGB_JPG_CHOCHOS\grao_DSC_0332_id32.png,RGB_JPG_CHOCHOS,RGB_JPG_CHOCHOS
C:\Users\eduar\Desktop\Soybe-main\data\com_fundo\RGB_JPG_CHOCHOS\grao_DSC_0332_id33.png,RGB_JPG_CHOCHOS,RGB_JPG_CHOCHOS
C:\Users\eduar\Desktop\Soybe-main\data\com_fundo\RGB_JPG_CHOCHOS\grao_DSC_0332_id34.png,RGB_JPG_CHOCHOS,RGB_JPG_CHOCHOS
C:\Users\eduar\Desktop\Soybe-main\data\com_fundo\RGB_JPG_CHOCHOS\grao_DSC_0332_id35.png,RGB_JPG_CHOCHOS,RGB_JPG_CHOCHOS
C:\Users\eduar\Desktop\Soybe-main\data\com_fundo\RGB_JPG_CHOCHOS\grao_DSC_0332_id36.png,RGB_JPG_CHOCHOS,RGB_JPG_CHOCHOS
C:\Users\eduar\Desktop\Soybe-main\data\com_fundo\RGB_JPG_CHOCHOS\grao_DSC_0332_id37.png,RGB_JPG_CHOCHOS,RGB_JPG_CHOCHOS
C:\Users\eduar\Desktop\Soybe-main\data\com_fundo\RGB_JPG_CHOCHOS\grao_DSC_0332_id38.png,RGB_JPG_CHOCHOS,RGB_JPG_CHOCHOS
C:\Users\eduar\Desktop\Soybe-main\data\com_fundo\RGB_JPG_CHOCHOS\grao_DSC_0332_id39.png,RGB_JPG_CHOCHOS,RGB_JPG_CHOCHOS
C:\Users\eduar\Desktop\Soybe-main\data\com_fundo\RGB_JPG_CHOCHOS\grao_DSC_0332_id4.png,RGB_JPG_CHOCHOS,RGB_JPG_CHOCHOS
C:\Users\eduar\Desktop\Soybe-main\data\com_fundo\RGB_JPG_CHOCHOS\grao_DSC_0332_id40.png,RGB_JPG_CHOCHOS,RGB_JPG_CHOCHOS
C:\Users\eduar\Desktop\Soybe-main\data\com_fundo\RGB_JPG_CHOCHOS\grao_DSC_0332_id41.png,RGB_JPG_CHOCHOS,RGB_JPG_CHOCHOS
C:\Users\eduar\Desktop\Soybe-main\data\com_fundo\RGB_JPG_CHOCHOS\grao_DSC_0332_id42.png,RGB_JPG_CHOCHOS,RGB_JPG_CHOCHOS
C:\Users\eduar\Desktop\Soybe-main\data\com_fundo\RGB_JPG_CHOCHOS\grao_DSC_0332_id43.png,RGB_JPG_CHOCHOS,RGB_JPG_CHOCHOS
C:\Users\eduar\Desktop\Soybe-main\data\com_fundo\RGB_JPG_CHOCHOS\grao_DSC_0332_id44.png,RGB_JPG_CHOCHOS,RGB_JPG_CHOCHOS
C:\Users\eduar\Desktop\Soybe-main\data\com_fundo\RGB_JPG_CHOCHOS\grao_DSC_0332_id45.png,RGB_JPG_CHOCHOS,RGB_JPG_CHOCHOS
C:\Users\eduar\Desktop\Soybe-main\data\com_fundo\RGB_JPG_CHOCHOS\grao_DSC_0332_id46.png,RGB_JPG_CHOCHOS,RGB_JPG_CHOCHOS
C:\Users\eduar\Desktop\Soybe-main\data\com_fundo\RGB_JPG_CHOCHOS\grao_DSC_0332_id47.png,RGB_JPG_CHOCHOS,RGB_JPG_CHOCHOS
C:\Users\eduar\Desktop\Soybe-main\data\com_fundo\RGB_JPG_CHOCHOS\grao_DSC_0332_id48.png,RGB_JPG_CHOCHOS,RGB_JPG_CHOCHOS
C:\Users\eduar\Desktop\Soybe-main\data\com_fundo\RGB_JPG_CHOCHOS\grao_DSC_0332_id49.png,RGB_JPG_CHOCHOS,RGB_JPG_CHOCHOS
C:\Users\eduar\Desktop\Soybe-main\data\com_fundo\RGB_JPG_CHOCHOS\grao_DSC_0332_id5.png,RGB_JPG_CHOCHOS,RGB_JPG_CHOCHOS
C:\Users\eduar\Desktop\Soybe-main\data\com_fundo\RGB_JPG_CHOCHOS\grao_DSC_0332_id50.png,RGB_JPG_CHOCHOS,RGB_JPG_CHOCHOS
C:\Users\eduar\Desktop\Soybe-main\data\com_fundo\RGB_JPG_CHOCHOS\grao_DSC_0332_id51.png,RGB_JPG_CHOCHOS,RGB_JPG_CHOCHOS
C:\Users\eduar\Desktop\Soybe-main\data\com_fundo\RGB_JPG_CHOCHOS\grao_DSC_0332_id52.png,RGB_JPG_CHOCHOS,RGB_JPG_CHOCHOS
C:\Users\eduar\Desktop\Soybe-main\data\com_fundo\RGB_JPG_CHOCHOS\grao_DSC_0332_id53.png,RGB_JPG_CHOCHOS,RGB_JPG_CHOCHOS
C:\Users\eduar\Desktop\Soybe-main\data\com_fundo\RGB_JPG_CHOCHOS\grao_DSC_0332_id54.png,RGB_JPG_CHOCHOS,RGB_JPG_CHOCHOS
C:\Users\eduar\Desktop\Soybe-main\data\com_fundo\RGB_JPG_CHOCHOS\grao_DSC_0332_id55.png,RGB_JPG_CHOCHOS,RGB_JPG_CHOCHOS
C:\Users\eduar\Desktop\Soybe-main\data\com_fundo\RGB_JPG_CHOCHOS\grao_DSC_0332_id56.png,RGB_JPG_CHOCHOS,RGB_JPG_CHOCHOS
C:\Users\eduar\Desktop\Soybe-main\data\com_fundo\RGB_JPG_CHOCHOS\grao_DSC_0332_id57.png,RGB_JPG_CHOCHOS,RGB_JPG_CHOCHOS
C:\Users\eduar\Desktop\Soybe-main\data\com_fundo\RGB_JPG_CHOCHOS\grao_DSC_0332_id58.png,RGB_JPG_CHOCHOS,RGB_JPG_CHOCHOS
C:\Users\eduar\Desktop\Soybe-main\data\com_fundo\RGB_JPG_CHOCHOS\grao_DSC_0332_id59.png,RGB_JPG_CHOCHOS,RGB_JPG_CHOCHOS
C:\Users\eduar\Desktop\Soybe-main\data\com_fundo\RGB_JPG_CHOCHOS\grao_DSC_0332_id6.png,RGB_JPG_CHOCHOS,RGB_JPG_CHOCHOS
C:\Users\eduar\Desktop\Soybe-main\data\com_fundo\RGB_JPG_CHOCHOS\grao_DSC_0332_id60.png,RGB_JPG_CHOCHOS,RGB_JPG_CHOCHOS
C:\Users\eduar\Desktop\Soybe-main\data\com_fundo\RGB_JPG_CHOCHOS\grao_DSC_0332_id61.png,RGB_JPG_CHOCHOS,RGB_JPG_CHOCHOS
C:\Users\eduar\Desktop\Soybe-main\data\com_fundo\RGB_JPG_CHOCHOS\grao_DSC_0332_id62.png,RGB_JPG_CHOCHOS,RGB_JPG_CHOCHOS
C:\Users\eduar\Desktop\Soybe-main\data\com_fundo\RGB_JPG_CHOCHOS\grao_DSC_0332_id63.png,RGB_JPG_CHOCHOS,RGB_JPG_CHOCHOS
C:\Users\eduar\Desktop\Soybe-main\data\com_fundo\RGB_JPG_CHOCHOS\grao_DSC_0332_id64.png,RGB_JPG_CHOCHOS,RGB_JPG_CHOCHOS
C:\Users\eduar\Desktop\Soybe-main\data\com_fundo\RGB_JPG_CHOCHOS\grao_DSC_0332_id65.png,RGB_JPG_CHOCHOS,RGB_JPG_CHOCHOS
C:\Users\eduar\Desktop\Soybe-main\data\com_fundo\RGB_JPG_CHOCHOS\grao_DSC_0332_id66.png,RGB_JPG_CHOCHOS,RGB_JPG_CHOCHOS
C:\Users\eduar\Desktop\Soybe-main\data\com_fundo\RGB_JPG_CHOCHOS\grao_DSC_0332_id67.png,RGB_JPG_CHOCHOS,RGB_JPG_CHOCHOS
C:\Users\eduar\Desktop\Soybe-main\data\com_fundo\RGB_JPG_CHOCHOS\grao_DSC_0332_id68.png,RGB_JPG_CHOCHOS,RGB_JPG_CHOCHOS
C:\Users\eduar\Desktop\Soybe-main\data\com_fundo\RGB_JPG_CHOCHOS\grao_DSC_0332_id7.png,RGB_JPG_CHOCHOS,RGB_JPG_CHOCHOS
C:\Users\eduar\Desktop\Soybe-main\data\com_fundo\RGB_JPG_CHOCHOS\grao_DSC_0332_id71.png,RGB_JPG_CHOCHOS,RGB_JPG_CHOCHOS
C:\Users\eduar\Desktop\Soybe-main\data\com_fundo\RGB_JPG_CHOCHOS\grao_DSC_0332_id72.png,RGB_JPG_CHOCHOS,RGB_JPG_CHOCHOS
C:\Users\eduar\Desktop\Soybe-main\data\com_fundo\RGB_JPG_CHOCHOS\grao_DSC_0332_id73.png,RGB_JPG_CHOCHOS,RGB_JPG_CHOCHOS
C:\Users\eduar\Desktop\Soybe-main\data\com_fundo\RGB_JPG_CHOCHOS\grao_DSC_0332_id74.png,RGB_JPG_CHOCHOS,RGB_JPG_CHOCHOS
C:\Users\eduar\Desktop\Soybe-main\data\com_fundo\RGB_JPG_CHOCHOS\grao_DSC_0332_id75.png,RGB_JPG_CHOCHOS,RGB_JPG_CHOCHOS
C:\Users\eduar\Desktop\Soybe-main\data\com_fundo\RGB_JPG_CHOCHOS\grao_DSC_0332_id76.png,RGB_JPG_CHOCHOS,RGB_JPG_CHOCHOS
C:\Users\eduar\Desktop\Soybe-main\data\com_fundo\RGB_JPG_CHOCHOS\grao_DSC_0332_id77.png,RGB_JPG_CHOCHOS,RGB_JPG_CHOCHOS
C:\Users\eduar\Desktop\Soybe-main\data\com_fundo\RGB_JPG_CHOCHOS\grao_DSC_0332_id78.png,RGB_JPG_CHOCHOS,RGB_JPG_CHOCHOS
C:\Users\eduar\Desktop\Soybe-main\data\com_fundo\RGB_JPG_CHOCHOS\grao_DSC_0332_id79.png,RGB_JPG_CHOCHOS,RGB_JPG_CHOCHOS
C:\Users\eduar\Desktop\Soybe-main\data\com_fundo\RGB_JPG_CHOCHOS\grao_DSC_0332_id8.png,RGB_JPG_CHOCHOS,RGB_JPG_CHOCHOS
C:\Users\eduar\Desktop\Soybe-main\data\com_fundo\RGB_JPG_CHOCHOS\grao_DSC_0332_id80.png,RGB_JPG_CHOCHOS,RGB_JPG_CHOCHOS
C:\Users\eduar\Desktop\Soybe-main\data\com_fundo\RGB_JPG_CHOCHOS\grao_DSC_0332_id81.png,RGB_JPG_CHOCHOS,RGB_JPG_CHOCHOS
C:\Users\eduar\Desktop\Soybe-main\data\com_fundo\RGB_JPG_CHOCHOS\grao_DSC_0332_id82.png,RGB_JPG_CHOCHOS,RGB_JPG_CHOCHOS
C:\Users\eduar\Desktop\Soybe-main\data\com_fundo\RGB_JPG_CHOCHOS\grao_DSC_0332_id83.png,RGB_JPG_CHOCHOS,RGB_JPG_CHOCHOS
C:\Users\eduar\Desktop\Soybe-main\data\com_fundo\RGB_JPG_CHOCHOS\grao_DSC_0332_id84.png,RGB_JPG_CHOCHOS,RGB_JPG_CHOCHOS
C:\Users\eduar\Desktop\Soybe-main\data\com_fundo\RGB_JPG_CHOCHOS\grao_DSC_0332_id85.png,RGB_JPG_CHOCHOS,RGB_JPG_CHOCHOS
C:\Users\eduar\Desktop\Soybe-main\data\com_fundo\RGB_JPG_CHOCHOS\grao_DSC_0332_id86.png,RGB_JPG_CHOCHOS,RGB_JPG_CHOCHOS
C:\Users\eduar\Desktop\Soybe-main\data\com_fundo\RGB_JPG_CHOCHOS\grao_DSC_0332_id87.png,RGB_JPG_CHOCHOS,RGB_JPG_CHOCHOS
C:\Users\eduar\Desktop\Soybe-main\data\com_fundo\RGB_JPG_CHOCHOS\grao_DSC_0332_id88.png,RGB_JPG_CHOCHOS,RGB_JPG_CHOCHOS
C:\Users\eduar\Desktop\Soybe-main\data\com_fundo\RGB_JPG_CHOCHOS\grao_DSC_0332_id89.png,RGB_JPG_CHOCHOS,RGB_JPG_CHOCHOS
C:\Users\eduar\Desktop\Soybe-main\data\com_fundo\RGB_JPG_CHOCHOS\grao_DSC_0332_id9.png,RGB_JPG_CHOCHOS,RGB_JPG_CHOCHOS
C:\Users\eduar\Desktop\Soybe-main\data\com_fundo\RGB_JPG_CHOCHOS\grao_DSC_0332_id90.png,RGB_JPG_CHOCHOS,RGB_JPG_CHOCHOS
C:\Users\eduar\Desktop\Soybe-main\data\com_fundo\RGB_JPG_CHOCHOS\grao_DSC_0332_id91.png,RGB_JPG_CHOCHOS,RGB_JPG_CHOCHOS
C:\Users\eduar\Desktop\Soybe-main\data\com_fundo\RGB_JPG_CHOCHOS\grao_DSC_0332_id92.png,RGB_JPG_CHOCHOS,RGB_JPG_CHOCHOS
C:\Users\eduar\Desktop\Soybe-main\data\com_fundo\RGB_JPG_CHOCHOS\grao_DSC_0332_id93.png,RGB_JPG_CHOCHOS,RGB_JPG_CHOCHOS
C:\Users\eduar\Desktop\Soybe-main\data\com_fundo\RGB_JPG_CHOCHOS\grao_DSC_0332_id94.png,RGB_JPG_CHOCHOS,RGB_JPG_CHOCHOS
C:\Users\eduar\Desktop\Soybe-main\data\com_fundo\RGB_JPG_CHOCHOS\grao_DSC_0332_id95.png,RGB_JPG_CHOCHOS,RGB_JPG_CHOCHOS
C:\Users\eduar\Desktop\Soybe-main\data\com_fundo\RGB_JPG_CHOCHOS\grao_DSC_0332_id96.png,RGB_JPG_CHOCHOS,RGB_JPG_CHOCHOS
C:\Users\eduar\Desktop\Soybe-main\data\com_fundo\RGB_JPG_CHOCHOS\grao_DSC_0332_id97.png,RGB_JPG_CHOCHOS,RGB_JPG_CHOCHOS
C:\Users\eduar\Desktop\Soybe-main\data\com_fundo\RGB_JPG_CHOCHOS\grao_DSC_0332_id98.png,RGB_JPG_CHOCHOS,RGB_JPG_CHOCHOS
C:\Users\eduar\Desktop\Soybe-main\data\com_fundo\RGB_JPG_CHOCHOS\grao_DSC_0332_id99.png,RGB_JPG_CHOCHOS,RGB_JPG_CHOCHOS
C:\Users\eduar\Desktop\Soybe-main\data\com_fundo\RGB_JPG_CHOCHOS\grao_DSC_0353_id10.png,RGB_JPG_CHOCHOS,RGB_JPG_CHOCHOS
C:\Users\eduar\Desktop\Soybe-main\data\com_fundo\RGB_JPG_CHOCHOS\grao_DSC_0353_id100.png,RGB_JPG_CHOCHOS,RGB_JPG_CHOCHOS
C:\Users\eduar\Desktop\Soybe-main\data\com_fundo\RGB_JPG_CHOCHOS\grao_DSC_0353_id101.png,RGB_JPG_CHOCHOS,RGB_JPG_CHOCHOS
C:\Users\eduar\Desktop\Soybe-main\data\com_fundo\RGB_JPG_CHOCHOS\grao_DSC_0353_id102.png,RGB_JPG_CHOCHOS,RGB_JPG_CHOCHOS
C:\Users\eduar\Desktop\Soybe-main\data\com_fundo\RGB_JPG_CHOCHOS\grao_DSC_0353_id103.png,RGB_JPG_CHOCHOS,RGB_JPG_CHOCHOS
C:\Users\eduar\Desktop\Soybe-main\data\com_fundo\RGB_JPG_CHOCHOS\grao_DSC_0353_id104.png,RGB_JPG_CHOCHOS,RGB_JPG_CHOCHOS
C:\Users\eduar\Desktop\Soybe-main\data\com_fundo\RGB_JPG_CHOCHOS\grao_DSC_0353_id105.png,RGB_JPG_CHOCHOS,RGB_JPG_CHOCHOS
C:\Users\eduar\Desktop\Soybe-main\data\com_fundo\RGB_JPG_CHOCHOS\grao_DSC_0353_id106.png,RGB_JPG_CHOCHOS,RGB_JPG_CHOCHOS
C:\Users\eduar\Desktop\Soybe-main\data\com_fundo\RGB_JPG_CHOCHOS\grao_DSC_0353_id11.png,RGB_JPG_CHOCHOS,RGB_JPG_CHOCHOS
C:\Users\eduar\Desktop\Soybe-main\data\com_fundo\RGB_JPG_CHOCHOS\grao_DSC_0353_id12.png,RGB_JPG_CHOCHOS,RGB_JPG_CHOCHOS
C:\Users\eduar\Desktop\Soybe-main\data\com_fundo\RGB_JPG_CHOCHOS\grao_DSC_0353_id13.png,RGB_JPG_CHOCHOS,RGB_JPG_CHOCHOS
C:\Users\eduar\Desktop\Soybe-main\data\com_fundo\RGB_JPG_CHOCHOS\grao_DSC_0353_id14.png,RGB_JPG_CHOCHOS,RGB_JPG_CHOCHOS
C:\Users\eduar\Desktop\Soybe-main\data\com_fundo\RGB_JPG_CHOCHOS\grao_DSC_0353_id15.png,RGB_JPG_CHOCHOS,RGB_JPG_CHOCHOS
C:\Users\eduar\Desktop\Soybe-main\data\com_fundo\RGB_JPG_CHOCHOS\grao_DSC_0353_id16.png,RGB_JPG_CHOCHOS,RGB_JPG_CHOCHOS
C:\Users\eduar\Desktop\Soybe-main\data\com_fundo\RGB_JPG_CHOCHOS\grao_DSC_0353_id17.png,RGB_JPG_CHOCHOS,RGB_JPG_CHOCHOS
C:\Users\eduar\Desktop\Soybe-main\data\com_fundo\RGB_JPG_CHOCHOS\grao_DSC_0353_id18.png,RGB_JPG_CHOCHOS,RGB_JPG_ESVERDEADO
C:\Users\eduar\Desktop\Soybe-main\data\com_fundo\RGB_JPG_CHOCHOS\grao_DSC_0353_id19.png,RGB_JPG_CHOCHOS,RGB_JPG_CHOCHOS
C:\Users\eduar\Desktop\Soybe-main\data\com_fundo\RGB_JPG_CHOCHOS\grao_DSC_0353_id2.png,RGB_JPG_CHOCHOS,RGB_JPG_CHOCHOS
C:\Users\eduar\Desktop\Soybe-main\data\com_fundo\RGB_JPG_CHOCHOS\grao_DSC_0353_id20.png,RGB_JPG_CHOCHOS,RGB_JPG_CHOCHOS
C:\Users\eduar\Desktop\Soybe-main\data\com_fundo\RGB_JPG_CHOCHOS\grao_DSC_0353_id21.png,RGB_JPG_CHOCHOS,RGB_JPG_CHOCHOS
C:\Users\eduar\Desktop\Soybe-main\data\com_fundo\RGB_JPG_CHOCHOS\grao_DSC_0353_id22.png,RGB_JPG_CHOCHOS,RGB_JPG_CHOCHOS
C:\Users\eduar\Desktop\Soybe-main\data\com_fundo\RGB_JPG_CHOCHOS\grao_DSC_0353_id23.png,RGB_JPG_CHOCHOS,RGB_JPG_CHOCHOS
C:\Users\eduar\Desktop\Soybe-main\data\com_fundo\RGB_JPG_CHOCHOS\grao_DSC_0353_id24.png,RGB_JPG_CHOCHOS,RGB_JPG_CHOCHOS
C:\Users\eduar\Desktop\Soybe-main\data\com_fundo\RGB_JPG_CHOCHOS\grao_DSC_0353_id25.png,RGB_JPG_CHOCHOS,RGB_JPG_CHOCHOS
C:\Users\eduar\Desktop\Soybe-main\data\com_fundo\RGB_JPG_CHOCHOS\grao_DSC_0353_id26.png,RGB_JPG_CHOCHOS,RGB_JPG_CHOCHOS
C:\Users\eduar\Desktop\Soybe-main\data\com_fundo\RGB_JPG_CHOCHOS\grao_DSC_0353_id27.png,RGB_JPG_CHOCHOS,RGB_JPG_CHOCHOS
C:\Users\eduar\Desktop\Soybe-main\data\com_fundo\RGB_JPG_CHOCHOS\grao_DSC_0353_id28.png,RGB_JPG_CHOCHOS,RGB_JPG_CHOCHOS
C:\Users\eduar\Desktop\Soybe-main\data\com_fundo\RGB_JPG_CHOCHOS\grao_DSC_0353_id29.png,RGB_JPG_CHOCHOS,RGB_JPG_CHOCHOS
C:\Users\eduar\Desktop\Soybe-main\data\com_fundo\RGB_JPG_CHOCHOS\grao_DSC_0353_id3.png,RGB_JPG_CHOCHOS,RGB_JPG_CHOCHOS
C:\Users\eduar\Desktop\Soybe-main\data\com_fundo\RGB_JPG_CHOCHOS\grao_DSC_0353_id30.png,RGB_JPG_CHOCHOS,RGB_JPG_CHOCHOS
C:\Users\eduar\Desktop\Soybe-main\data\com_fundo\RGB_JPG_CHOCHOS\grao_DSC_0353_id31.png,RGB_JPG_CHOCHOS,RGB_JPG_CHOCHOS
C:\Users\eduar\Desktop\Soybe-main\data\com_fundo\RGB_JPG_CHOCHOS\grao_DSC_0353_id32.png,RGB_JPG_CHOCHOS,RGB_JPG_CHOCHOS
C:\Users\eduar\Desktop\Soybe-main\data\com_fundo\RGB_JPG_CHOCHOS\grao_DSC_0353_id33.png,RGB_JPG_CHOCHOS,RGB_JPG_CHOCHOS
C:\Users\eduar\Desktop\Soybe-main\data\com_fundo\RGB_JPG_CHOCHOS\grao_DSC_0353_id34.png,RGB_JPG_CHOCHOS,RGB_JPG_CHOCHOS
C:\Users\eduar\Desktop\Soybe-main\data\com_fundo\RGB_JPG_CHOCHOS\grao_DSC_0353_id35.png,RGB_JPG_CHOCHOS,RGB_JPG_CHOCHOS
C:\Users\eduar\Desktop\Soybe-main\data\com_fundo\RGB_JPG_CHOCHOS\grao_DSC_0353_id36.png,RGB_JPG_CHOCHOS,RGB_JPG_CHOCHOS
C:\Users\eduar\Desktop\Soybe-main\data\com_fundo\RGB_JPG_CHOCHOS\grao_DSC_0353_id37.png,RGB_JPG_CHOCHOS,RGB_JPG_CHOCHOS
C:\Users\eduar\Desktop\Soybe-main\data\com_fundo\RGB_JPG_CHOCHOS\grao_DSC_0353_id38.png,RGB_JPG_CHOCHOS,RGB_JPG_CHOCHOS
C:\Users\eduar\Desktop\Soybe-main\data\com_fundo\RGB_JPG_CHOCHOS\grao_DSC_0353_id39.png,RGB_JPG_CHOCHOS,RGB_JPG_CHOCHOS
C:\Users\eduar\Desktop\Soybe-main\data\com_fundo\RGB_JPG_CHOCHOS\grao_DSC_0353_id4.png,RGB_JPG_CHOCHOS,RGB_JPG_CHOCHOS
C:\Users\eduar\Desktop\Soybe-main\data\com_fundo\RGB_JPG_CHOCHOS\grao_DSC_0353_id40.png,RGB_JPG_CHOCHOS,RGB_JPG_CHOCHOS
C:\Users\eduar\Desktop\Soybe-main\data\com_fundo\RGB_JPG_CHOCHOS\grao_DSC_0353_id41.png,RGB_JPG_CHOCHOS,RGB_JPG_QUEBRADOS
C:\Users\eduar\Desktop\Soybe-main\data\com_fundo\RGB_JPG_CHOCHOS\grao_DSC_0353_id42.png,RGB_JPG_CHOCHOS,RGB_JPG_CHOCHOS
C:\Users\eduar\Desktop\Soybe-main\data\com_fundo\RGB_JPG_CHOCHOS\grao_DSC_0353_id43.png,RGB_JPG_CHOCHOS,RGB_JPG_CHOCHOS
C:\Users\eduar\Desktop\Soybe-main\data\com_fundo\RGB_JPG_CHOCHOS\grao_DSC_0353_id44.png,RGB_JPG_CHOCHOS,RGB_JPG_CHOCHOS
C:\Users\eduar\Desktop\Soybe-main\data\com_fundo\RGB_JPG_CHOCHOS\grao_DSC_0353_id45.png,RGB_JPG_CHOCHOS,RGB_JPG_CHOCHOS
C:\Users\eduar\Desktop\Soybe-main\data\com_fundo\RGB_JPG_CHOCHOS\grao_DSC_0353_id46.png,RGB_JPG_CHOCHOS,RGB_JPG_CHOCHOS
C:\Users\eduar\Desktop\Soybe-main\data\com_fundo\RGB_JPG_CHOCHOS\grao_DSC_0353_id47.png,RGB_JPG_CHOCHOS,RGB_JPG_CHOCHOS
C:\Users\eduar\Desktop\Soybe-main\data\com_fundo\RGB_JPG_CHOCHOS\grao_DSC_0353_id48.png,RGB_JPG_CHOCHOS,RGB_JPG_CHOCHOS
C:\Users\eduar\Desktop\Soybe-main\data\com_fundo\RGB_JPG_CHOCHOS\grao_DSC_0353_id49.png,RGB_JPG_CHOCHOS,RGB_JPG_CHOCHOS
C:\Users\eduar\Desktop\Soybe-main\data\com_fundo\RGB_JPG_CHOCHOS\grao_DSC_0353_id5.png,RGB_JPG_CHOCHOS,RGB_JPG_CHOCHOS
C:\Users\eduar\Desktop\Soybe-main\data\com_fundo\RGB_JPG_CHOCHOS\grao_DSC_0353_id50.png,RGB_JPG_CHOCHOS,RGB_JPG_CHOCHOS
C:\Users\eduar\Desktop\Soybe-main\data\com_fundo\RGB_JPG_CHOCHOS\grao_DSC_0353_id51.png,RGB_JPG_CHOCHOS,RGB_JPG_CHOCHOS
C:\Users\eduar\Desktop\Soybe-main\data\com_fundo\RGB_JPG_CHOCHOS\grao_DSC_0353_id52.png,RGB_JPG_CHOCHOS,RGB_JPG_CHOCHOS
C:\Users\eduar\Desktop\Soybe-main\data\com_fundo\RGB_JPG_CHOCHOS\grao_DSC_0353_id53.png,RGB_JPG_CHOCHOS,RGB_JPG_CHOCHOS
C:\Users\eduar\Desktop\Soybe-main\data\com_fundo\RGB_JPG_CHOCHOS\grao_DSC_0353_id54.png,RGB_JPG_CHOCHOS,RGB_JPG_CHOCHOS
C:\Users\eduar\Desktop\Soybe-main\data\com_fundo\RGB_JPG_CHOCHOS\grao_DSC_0353_id55.png,RGB_JPG_CHOCHOS,RGB_JPG_CHOCHOS
C:\Users\eduar\Desktop\Soybe-main\data\com_fundo\RGB_JPG_CHOCHOS\grao_DSC_0353_id56.png,RGB_JPG_CHOCHOS,RGB_JPG_CHOCHOS
C:\Users\eduar\Desktop\Soybe-main\data\com_fundo\RGB_JPG_CHOCHOS\grao_DSC_0353_id57.png,RGB_JPG_CHOCHOS,RGB_JPG_CHOCHOS
C:\Users\eduar\Desktop\Soybe-main\data\com_fundo\RGB_JPG_CHOCHOS\grao_DSC_0353_id58.png,RGB_JPG_CHOCHOS,RGB_JPG_CHOCHOS
C:\Users\eduar\Desktop\Soybe-main\data\com_fundo\RGB_JPG_CHOCHOS\grao_DSC_0353_id59.png,RGB_JPG_CHOCHOS,RGB_JPG_CHOCHOS
C:\Users\eduar\Desktop\Soybe-main\data\com_fundo\RGB_JPG_CHOCHOS\grao_DSC_0353_id6.png,RGB_JPG_CHOCHOS,RGB_JPG_CHOCHOS
C:\Users\eduar\Desktop\Soybe-main\data\com_fundo\RGB_JPG_CHOCHOS\grao_DSC_0353_id60.png,RGB_JPG_CHOCHOS,RGB_JPG_CHOCHOS
C:\Users\eduar\Desktop\Soybe-main\data\com_fundo\RGB_JPG_CHOCHOS\grao_DSC_0353_id61.png,RGB_JPG_CHOCHOS,RGB_JPG_CHOCHOS
C:\Users\eduar\Desktop\Soybe-main\data\com_fundo\RGB_JPG_CHOCHOS\grao_DSC_0353_id62.png,RGB_JPG_CHOCHOS,RGB_JPG_CHOCHOS
C:\Users\eduar\Desktop\Soybe-main\data\com_fundo\RGB_JPG_CHOCHOS\grao_DSC_0353_id63.png,RGB_JPG_CHOCHOS,RGB_JPG_CHOCHOS
C:\Users\eduar\Desktop\Soybe-main\data\com_fundo\RGB_JPG_CHOCHOS\grao_DSC_0353_id64.png,RGB_JPG_CHOCHOS,RGB_JPG_CHOCHOS
C:\Users\eduar\Desktop\Soybe-main\data\com_fundo\RGB_JPG_CHOCHOS\grao_DSC_0353_id65.png,RGB_JPG_CHOCHOS,RGB_JPG_CHOCHOS
C:\Users\eduar\Desktop\Soybe-main\data\com_fundo\RGB_JPG_CHOCHOS\grao_DSC_0353_id66.png,RGB_JPG_CHOCHOS,RGB_JPG_CHOCHOS
C:\Users\eduar\Desktop\Soybe-main\data\com_fundo\RGB_JPG_CHOCHOS\grao_DSC_0353_id67.png,RGB_JPG_CHOCHOS,RGB_JPG_CHOCHOS
C:\Users\eduar\Desktop\Soybe-main\data\com_fundo\RGB_JPG_CHOCHOS\grao_DSC_0353_id68.png,RGB_JPG_CHOCHOS,RGB_JPG_CHOCHOS
C:\Users\eduar\Desktop\Soybe-main\data\com_fundo\RGB_JPG_CHOCHOS\grao_DSC_0353_id69.png,RGB_JPG_CHOCHOS,RGB_JPG_CHOCHOS
C:\Users\eduar\Desktop\Soybe-main\data\com_fundo\RGB_JPG_CHOCHOS\grao_DSC_0353_id7.png,RGB_JPG_CHOCHOS,RGB_JPG_CHOCHOS
C:\Users\eduar\Desktop\Soybe-main\data\com_fundo\RGB_JPG_CHOCHOS\grao_DSC_0353_id70.png,RGB_JPG_CHOCHOS,RGB_JPG_CHOCHOS
C:\Users\eduar\Desktop\Soybe-main\data\com_fundo\RGB_JPG_CHOCHOS\grao_DSC_0353_id71.png,RGB_JPG_CHOCHOS,RGB_JPG_CHOCHOS
C:\Users\eduar\Desktop\Soybe-main\data\com_fundo\RGB_JPG_CHOCHOS\grao_DSC_0353_id73.png,RGB_JPG_CHOCHOS,RGB_JPG_CHOCHOS
C:\Users\eduar\Desktop\Soybe-main\data\com_fundo\RGB_JPG_CHOCHOS\grao_DSC_0353_id74.png,RGB_JPG_CHOCHOS,RGB_JPG_CHOCHOS
C:\Users\eduar\Desktop\Soybe-main\data\com_fundo\RGB_JPG_CHOCHOS\grao_DSC_0353_id75.png,RGB_JPG_CHOCHOS,RGB_JPG_CHOCHOS
C:\Users\eduar\Desktop\Soybe-main\data\com_fundo\RGB_JPG_CHOCHOS\grao_DSC_0353_id76.png,RGB_JPG_CHOCHOS,RGB_JPG_CHOCHOS
C:\Users\eduar\Desktop\Soybe-main\data\com_fundo\RGB_JPG_CHOCHOS\grao_DSC_0353_id77.png,RGB_JPG_CHOCHOS,RGB_JPG_CHOCHOS
C:\Users\eduar\Desktop\Soybe-main\data\com_fundo\RGB_JPG_CHOCHOS\grao_DSC_0353_id78.png,RGB_JPG_CHOCHOS,RGB_JPG_CHOCHOS
C:\Users\eduar\Desktop\Soybe-main\data\com_fundo\RGB_JPG_CHOCHOS\grao_DSC_0353_id79.png,RGB_JPG_CHOCHOS,RGB_JPG_CHOCHOS
C:\Users\eduar\Desktop\Soybe-main\data\com_fundo\RGB_JPG_CHOCHOS\grao_DSC_0353_id8.png,RGB_JPG_CHOCHOS,RGB_JPG_QUEBRADOS
C:\Users\eduar\Desktop\Soybe-main\data\com_fundo\RGB_JPG_CHOCHOS\grao_DSC_0353_id80.png,RGB_JPG_CHOCHOS,RGB_JPG_CHOCHOS
C:\Users\eduar\Desktop\Soybe-main\data\com_fundo\RGB_JPG_CHOCHOS\grao_DSC_0353_id81.png,RGB_JPG_CHOCHOS,RGB_JPG_CHOCHOS
C:\Users\eduar\Desktop\Soybe-main\data\com_fundo\RGB_JPG_CHOCHOS\grao_DSC_0353_id82.png,RGB_JPG_CHOCHOS,RGB_JPG_CHOCHOS
C:\Users\eduar\Desktop\Soybe-main\data\com_fundo\RGB_JPG_CHOCHOS\grao_DSC_0353_id83.png,RGB_JPG_CHOCHOS,RGB_JPG_CHOCHOS
C:\Users\eduar\Desktop\Soybe-main\data\com_fundo\RGB_JPG_CHOCHOS\grao_DSC_0353_id84.png,RGB_JPG_CHOCHOS,RGB_JPG_CHOCHOS
C:\Users\eduar\Desktop\Soybe-main\data\com_fundo\RGB_JPG_CHOCHOS\grao_DSC_0353_id85.png,RGB_JPG_CHOCHOS,RGB_JPG_CHOCHOS
C:\Users\eduar\Desktop\Soybe-main\data\com_fundo\RGB_JPG_CHOCHOS\grao_DSC_0353_id86.png,RGB_JPG_CHOCHOS,RGB_JPG_CHOCHOS
C:\Users\eduar\Desktop\Soybe-main\data\com_fundo\RGB_JPG_CHOCHOS\grao_DSC_0353_id87.png,RGB_JPG_CHOCHOS,RGB_JPG_CHOCHOS
C:\Users\eduar\Desktop\Soybe-main\data\com_fundo\RGB_JPG_CHOCHOS\grao_DSC_0353_id88.png,RGB_JPG_CHOCHOS,RGB_JPG_CHOCHOS
C:\Users\eduar\Desktop\Soybe-main\data\com_fundo\RGB_JPG_CHOCHOS\grao_DSC_0353_id89.png,RGB_JPG_CHOCHOS,RGB_JPG_CHOCHOS
C:\Users\eduar\Desktop\Soybe-main\data\com_fundo\RGB_JPG_CHOCHOS\grao_DSC_0353_id9.png,RGB_JPG_CHOCHOS,RGB_JPG_CHOCHOS
C:\Users\eduar\Desktop\Soybe-main\data\com_fundo\RGB_JPG_CHOCHOS\grao_DSC_0353_id90.png,RGB_JPG_CHOCHOS,RGB_JPG_CHOCHOS
C:\Users\eduar\Desktop\Soybe-main\data\com_fundo\RGB_JPG_CHOCHOS\grao_DSC_0353_id91.png,RGB_JPG_CHOCHOS,RGB_JPG_CHOCHOS
C:\Users\eduar\Desktop\Soybe-main\data\com_fundo\RGB_JPG_CHOCHOS\grao_DSC_0353_id92.png,RGB_JPG_CHOCHOS,RGB_JPG_CHOCHOS
C:\Users\eduar\Desktop\Soybe-main\data\com_fundo\RGB_JPG_CHOCHOS\grao_DSC_0353_id93.png,RGB_JPG_CHOCHOS,RGB_JPG_CHOCHOS
C:\Users\eduar\Desktop\Soybe-main\data\com_fundo\RGB_JPG_CHOCHOS\grao_DSC_0353_id94.png,RGB_JPG_CHOCHOS,RGB_JPG_CHOCHOS
C:\Users\eduar\Desktop\Soybe-main\data\com_fundo\RGB_JPG_CHOCHOS\grao_DSC_0353_id95.png,RGB_JPG_CHOCHOS,RGB_JPG_CHOCHOS
C:\Users\eduar\Desktop\Soybe-main\data\com_fundo\RGB_JPG_CHOCHOS\grao_DSC_0353_id96.png,RGB_JPG_CHOCHOS,RGB_JPG_CHOCHOS
C:\Users\eduar\Desktop\Soybe-main\data\com_fundo\RGB_JPG_CHOCHOS\grao_DSC_0353_id97.png,RGB_JPG_CHOCHOS,RGB_JPG_CHOCHOS
C:\Users\eduar\Desktop\Soybe-main\data\com_fundo\RGB_JPG_CHOCHOS\grao_DSC_0353_id98.png,RGB_JPG_CHOCHOS,RGB_JPG_CHOCHOS
C:\Users\eduar\Desktop\Soybe-main\data\com_fundo\RGB_JPG_ESVERDEADO\grao_DSC_0300_id1.png,RGB_JPG_ESVERDEADO,RGB_JPG_ESVERDEADO
C:\Users\eduar\Desktop\Soybe-main\data\com_fundo\RGB_JPG_ESVERDEADO\grao_DSC_0300_id10.png,RGB_JPG_ESVERDEADO,RGB_JPG_ESVERDEADO
C:\Users\eduar\Desktop\Soybe-main\data\com_fundo\RGB_JPG_ESVERDEADO\grao_DSC_0300_id11.png,RGB_JPG_ESVERDEADO,RGB_JPG_ESVERDEADO
C:\Users\eduar\Desktop\Soybe-main\data\com_fundo\RGB_JPG_ESVERDEADO\grao_DSC_0300_id12.png,RGB_JPG_ESVERDEADO,RGB_JPG_ESVERDEADO
C:\Users\eduar\Desktop\Soybe-main\data\com_fundo\RGB_JPG_ESVERDEADO\grao_DSC_0300_id13.png,RGB_JPG_ESVERDEADO,RGB_JPG_ESVERDEADO
C:\Users\eduar\Desktop\Soybe-main\data\com_fundo\RGB_JPG_ESVERDEADO\grao_DSC_0300_id14.png,RGB_JPG_ESVERDEADO,RGB_JPG_ESVERDEADO
C:\Users\eduar\Desktop\Soybe-main\data\com_fundo\RGB_JPG_ESVERDEADO\grao_DSC_0300_id15.png,RGB_JPG_ESVERDEADO,RGB_JPG_ESVERDEADO
C:\Users\eduar\Desktop\Soybe-main\data\com_fundo\RGB_JPG_ESVERDEADO\grao_DSC_0300_id16.png,RGB_JPG_ESVERDEADO,RGB_JPG_ESVERDEADO
C:\Users\eduar\Desktop\Soybe-main\data\com_fundo\RGB_JPG_ESVERDEADO\grao_DSC_0300_id17.png,RGB_JPG_ESVERDEADO,RGB_JPG_ESVERDEADO
C:\Users\eduar\Desktop\Soybe-main\data\com_fundo\RGB_JPG_ESVERDEADO\grao_DSC_0300_id18.png,RGB_JPG_ESVERDEADO,RGB_JPG_ESVERDEADO
C:\Users\eduar\Desktop\Soybe-main\data\com_fundo\RGB_JPG_ESVERDEADO\grao_DSC_0300_id19.png,RGB_JPG_ESVERDEADO,RGB_JPG_ESVERDEADO
C:\Users\eduar\Desktop\Soybe-main\data\com_fundo\RGB_JPG_ESVERDEADO\grao_DSC_0300_id2.png,RGB_JPG_ESVERDEADO,RGB_JPG_CHOCHOS
C:\Users\eduar\Desktop\Soybe-main\data\com_fundo\RGB_JPG_ESVERDEADO\grao_DSC_0300_id20.png,RGB_JPG_ESVERDEADO,RGB_JPG_ESVERDEADO
C:\Users\eduar\Desktop\Soybe-main\data\com_fundo\RGB_JPG_ESVERDEADO\grao_DSC_0300_id21.png,RGB_JPG_ESVERDEADO,RGB_JPG_CHOCHOS
C:\Users\eduar\Desktop\Soybe-main\data\com_fundo\RGB_JPG_ESVERDEADO\grao_DSC_0300_id22.png,RGB_JPG_ESVERDEADO,RGB_JPG_Normais
C:\Users\eduar\Desktop\Soybe-main\data\com_fundo\RGB_JPG_ESVERDEADO\grao_DSC_0300_id23.png,RGB_JPG_ESVERDEADO,RGB_JPG_ESVERDEADO
C:\Users\eduar\Desktop\Soybe-main\data\com_fundo\RGB_JPG_ESVERDEADO\grao_DSC_0300_id25.png,RGB_JPG_ESVERDEADO,RGB_JPG_ESVERDEADO
C:\Users\eduar\Desktop\Soybe-main\data\com_fundo\RGB_JPG_ESVERDEADO\grao_DSC_0300_id26.png,RGB_JPG_ESVERDEADO,RGB_JPG_ESVERDEADO
C:\Users\eduar\Desktop\Soybe-main\data\com_fundo\RGB_JPG_ESVERDEADO\grao_DSC_0300_id27.png,RGB_JPG_ESVERDEADO,RGB_JPG_CHOCHOS
C:\Users\eduar\Desktop\Soybe-main\data\com_fundo\RGB_JPG_ESVERDEADO\grao_DSC_0300_id28.png,RGB_JPG_ESVERDEADO,RGB_JPG_CHOCHOS
C:\Users\eduar\Desktop\Soybe-main\data\com_fundo\RGB_JPG_ESVERDEADO\grao_DSC_0300_id29.png,RGB_JPG_ESVERDEADO,RGB_JPG_CHOCHOS
C:\Users\eduar\Desktop\Soybe-main\data\com_fundo\RGB_JPG_ESVERDEADO\grao_DSC_0300_id3.png,RGB_JPG_ESVERDEADO,RGB_JPG_ESVERDEADO
C:\Users\eduar\Desktop\Soybe-main\data\com_fundo\RGB_JPG_ESVERDEADO\grao_DSC_0300_id31.png,RGB_JPG_ESVERDEADO,RGB_JPG_ESVERDEADO
C:\Users\eduar\Desktop\Soybe-main\data\com_fundo\RGB_JPG_ESVERDEADO\grao_DSC_0300_id32.png,RGB_JPG_ESVERDEADO,RGB_JPG_ESVERDEADO
C:\Users\eduar\Desktop\Soybe-main\data\com_fundo\RGB_JPG_ESVERDEADO\grao_DSC_0300_id33.png,RGB_JPG_ESVERDEADO,RGB_JPG_CHOCHOS
C:\Users\eduar\Desktop\Soybe-main\data\com_fundo\RGB_JPG_ESVERDEADO\grao_DSC_0300_id34.png,RGB_JPG_ESVERDEADO,RGB_JPG_ESVERDEADO
C:\Users\eduar\Desktop\Soybe-main\data\com_fundo\RGB_JPG_ESVERDEADO\grao_DSC_0300_id35.png,RGB_JPG_ESVERDEADO,RGB_JPG_CHOCHOS
C:\Users\eduar\Desktop\Soybe-main\data\com_fundo\RGB_JPG_ESVERDEADO\grao_DSC_0300_id36.png,RGB_JPG_ESVERDEADO,RGB_JPG_ESVERDEADO
C:\Users\eduar\Desktop\Soybe-main\data\com_fundo\RGB_JPG_ESVERDEADO\grao_DSC_0300_id37.png,RGB_JPG_ESVERDEADO,RGB_JPG_CHOCHOS
C:\Users\eduar\Desktop\Soybe-main\data\com_fundo\RGB_JPG_ESVERDEADO\grao_DSC_0300_id38.png,RGB_JPG_ESVERDEADO,RGB_JPG_ESVERDEADO
C:\Users\eduar\Desktop\Soybe-main\data\com_fundo\RGB_JPG_ESVERDEADO\grao_DSC_0300_id39.png,RGB_JPG_ESVERDEADO,RGB_JPG_ESVERDEADO
C:\Users\eduar\Desktop\Soybe-main\data\com_fundo\RGB_JPG_ESVERDEADO\grao_DSC_0300_id4.png,RGB_JPG_ESVERDEADO,RGB_JPG_ESVERDEADO
C:\Users\eduar\Desktop\Soybe-main\data\com_fundo\RGB_JPG_ESVERDEADO\grao_DSC_0300_id40.png,RGB_JPG_ESVERDEADO,RGB_JPG_CHOCHOS
C:\Users\eduar\Desktop\Soybe-main\data\com_fundo\RGB_JPG_ESVERDEADO\grao_DSC_0300_id41.png,RGB_JPG_ESVERDEADO,RGB_JPG_ESVERDEADO
C:\Users\eduar\Desktop\Soybe-main\data\com_fundo\RGB_JPG_ESVERDEADO\grao_DSC_0300_id42.png,RGB_JPG_ESVERDEADO,RGB_JPG_ESVERDEADO
C:\Users\eduar\Desktop\Soybe-main\data\com_fundo\RGB_JPG_ESVERDEADO\grao_DSC_0300_id44.png,RGB_JPG_ESVERDEADO,RGB_JPG_ESVERDEADO
C:\Users\eduar\Desktop\Soybe-main\data\com_fundo\RGB_JPG_ESVERDEADO\grao_DSC_0300_id45.png,RGB_JPG_ESVERDEADO,RGB_JPG_ESVERDEADO
C:\Users\eduar\Desktop\Soybe-main\data\com_fundo\RGB_JPG_ESVERDEADO\grao_DSC_0300_id46.png,RGB_JPG_ESVERDEADO,RGB_JPG_ESVERDEADO
C:\Users\eduar\Desktop\Soybe-main\data\com_fundo\RGB_JPG_ESVERDEADO\grao_DSC_0300_id47.png,RGB_JPG_ESVERDEADO,RGB_JPG_CHOCHOS
C:\Users\eduar\Desktop\Soybe-main\data\com_fundo\RGB_JPG_ESVERDEADO\grao_DSC_0300_id48.png,RGB_JPG_ESVERDEADO,RGB_JPG_ESVERDEADO
C:\Users\eduar\Desktop\Soybe-main\data\com_fundo\RGB_JPG_ESVERDEADO\grao_DSC_0300_id49.png,RGB_JPG_ESVERDEADO,RGB_JPG_ESVERDEADO
C:\Users\eduar\Desktop\Soybe-main\data\com_fundo\RGB_JPG_ESVERDEADO\grao_DSC_0300_id5.png,RGB_JPG_ESVERDEADO,RGB_JPG_ESVERDEADO
C:\Users\eduar\Desktop\Soybe-main\data\com_fundo\RGB_JPG_ESVERDEADO\grao_DSC_0300_id50.png,RGB_JPG_ESVERDEADO,RGB_JPG_CHOCHOS
C:\Users\eduar\Desktop\Soybe-main\data\com_fundo\RGB_JPG_ESVERDEADO\grao_DSC_0300_id51.png,RGB_JPG_ESVERDEADO,RGB_JPG_ESVERDEADO
C:\Users\eduar\Desktop\Soybe-main\data\com_fundo\RGB_JPG_ESVERDEADO\grao_DSC_0300_id52.png,RGB_JPG_ESVERDEADO,RGB_JPG_CHOCHOS
C:\Users\eduar\Desktop\Soybe-main\data\com_fundo\RGB_JPG_ESVERDEADO\grao_DSC_0300_id53.png,RGB_JPG_ESVERDEADO,RGB_JPG_Normais
C:\Users\eduar\Desktop\Soybe-main\data\com_fundo\RGB_JPG_ESVERDEADO\grao_DSC_0300_id54.png,RGB_JPG_ESVERDEADO,RGB_JPG_ESVERDEADO
C:\Users\eduar\Desktop\Soybe-main\data\com_fundo\RGB_JPG_ESVERDEADO\grao_DSC_0300_id56.png,RGB_JPG_ESVERDEADO,RGB_JPG_ESVERDEADO
C:\Users\eduar\Desktop\Soybe-main\data\com_fundo\RGB_JPG_ESVERDEADO\grao_DSC_0300_id57.png,RGB_JPG_ESVERDEADO,RGB_JPG_ESVERDEADO
C:\Users\eduar\Desktop\Soybe-main\data\com_fundo\RGB_JPG_ESVERDEADO\grao_DSC_0300_id58.png,RGB_JPG_ESVERDEADO,RGB_JPG_QUEBRADOS
C:\Users\eduar\Desktop\Soybe-main\data\com_fundo\RGB_JPG_ESVERDEADO\grao_DSC_0300_id59.png,RGB_JPG_ESVERDEADO,RGB_JPG_ESVERDEADO
C:\Users\eduar\Desktop\Soybe-main\data\com_fundo\RGB_JPG_ESVERDEADO\grao_DSC_0300_id6.png,RGB_JPG_ESVERDEADO,RGB_JPG_ESVERDEADO
C:\Users\eduar\Desktop\Soybe-main\data\com_fundo\RGB_JPG_ESVERDEADO\grao_DSC_0300_id60.png,RGB_JPG_ESVERDEADO,RGB_JPG_ESVERDEADO
C:\Users\eduar\Desktop\Soybe-main\data\com_fundo\RGB_JPG_ESVERDEADO\grao_DSC_0300_id61.png,RGB_JPG_ESVERDEADO,RGB_JPG_ESVERDEADO
C:\Users\eduar\Desktop\Soybe-main\data\com_fundo\RGB_JPG_ESVERDEADO\grao_DSC_0300_id62.png,RGB_JPG_ESVERDEADO,RGB_JPG_ESVERDEADO
C:\Users\eduar\Desktop\Soybe-main\data\com_fundo\RGB_JPG_ESVERDEADO\grao_DSC_0300_id64.png,RGB_JPG_ESVERDEADO,RGB_JPG_ESVERDEADO
C:\Users\eduar\Desktop\Soybe-main\data\com_fundo\RGB_JPG_ESVERDEADO\grao_DSC_0300_id65.png,RGB_JPG_ESVERDEADO,RGB_JPG_ESVERDEADO
C:\Users\eduar\Desktop\Soybe-main\data\com_fundo\RGB_JPG_ESVERDEADO\grao_DSC_0300_id66.png,RGB_JPG_ESVERDEADO,RGB_JPG_ESVERDEADO
C:\Users\eduar\Desktop\Soybe-main\data\com_fundo\RGB_JPG_ESVERDEADO\grao_DSC_0300_id67.png,RGB_JPG_ESVERDEADO,RGB_JPG_ESVERDEADO
C:\Users\eduar\Desktop\Soybe-main\data\com_fundo\RGB_JPG_ESVERDEADO\grao_DSC_0300_id68.png,RGB_JPG_ESVERDEADO,RGB_JPG_ESVERDEADO
C:\Users\eduar\Desktop\Soybe-main\data\com_fundo\RGB_JPG_ESVERDEADO\grao_DSC_0300_id69.png,RGB_JPG_ESVERDEADO,RGB_JPG_CHOCHOS
C:\Users\eduar\Desktop\Soybe-main\data\com_fundo\RGB_JPG_ESVERDEADO\grao_DSC_0300_id7.png,RGB_JPG_ESVERDEADO,RGB_JPG_CHOCHOS
C:\Users\eduar\Desktop\Soybe-main\data\com_fundo\RGB_JPG_ESVERDEADO\grao_DSC_0300_id70.png,RGB_JPG_ESVERDEADO,RGB_JPG_CHOCHOS
C:\Users\eduar\Desktop\Soybe-main\data\com_fundo\RGB_JPG_ESVERDEADO\grao_DSC_0300_id71.png,RGB_JPG_ESVERDEADO,RGB_JPG_CHOCHOS
C:\Users\eduar\Desktop\Soybe-main\data\com_fundo\RGB_JPG_ESVERDEADO\grao_DSC_0300_id72.png,RGB_JPG_ESVERDEADO,RGB_JPG_ESVERDEADO
C:\Users\eduar\Desktop\Soybe-main\data\com_fundo\RGB_JPG_ESVERDEADO\grao_DSC_0300_id73.png,RGB_JPG_ESVERDEADO,RGB_JPG_ESVERDEADO
C:\Users\eduar\Desktop\Soybe-main\data\com_fundo\RGB_JPG_ESVERDEADO\grao_DSC_0300_id74.png,RGB_JPG_ESVERDEADO,RGB_JPG_ESVERDEADO
C:\Users\eduar\Desktop\Soybe-main\data\com_fundo\RGB_JPG_ESVERDEADO\grao_DSC_0300_id75.png,RGB_JPG_ESVERDEADO,RGB_JPG_CHOCHOS
C:\Users\eduar\Desktop\Soybe-main\data\com_fundo\RGB_JPG_ESVERDEADO\grao_DSC_0300_id76.png,RGB_JPG_ESVERDEADO,RGB_JPG_ESVERDEADO
C:\Users\eduar\Desktop\Soybe-main\data\com_fundo\RGB_JPG_ESVERDEADO\grao_DSC_0300_id77.png,RGB_JPG_ESVERDEADO,RGB_JPG_ESVERDEADO
C:\Users\eduar\Desktop\Soybe-main\data\com_fundo\RGB_JPG_ESVERDEADO\grao_DSC_0300_id78.png,RGB_JPG_ESVERDEADO,RGB_JPG_ESVERDEADO
C:\Users\eduar\Desktop\Soybe-main\data\com_fundo\RGB_JPG_ESVERDEADO\grao_DSC_0300_id79.png,RGB_JPG_ESVERDEADO,RGB_JPG_ESVERDEADO
C:\Users\eduar\Desktop\Soybe-main\data\com_fundo\RGB_JPG_ESVERDEADO\grao_DSC_0300_id8.png,RGB_JPG_ESVERDEADO,RGB_JPG_CHOCHOS
C:\Users\eduar\Desktop\Soybe-main\data\com_fundo\RGB_JPG_ESVERDEADO\grao_DSC_0300_id80.png,RGB_JPG_ESVERDEADO,RGB_JPG_ESVERDEADO
C:\Users\eduar\Desktop\Soybe-main\data\com_fundo\RGB_JPG_ESVERDEADO\grao_DSC_0300_id81.png,RGB_JPG_ESVERDEADO,RGB_JPG_ESVERDEADO
C:\Users\eduar\Desktop\Soybe-main\data\com_fundo\RGB_JPG_ESVERDEADO\grao_DSC_0300_id82.png,RGB_JPG_ESVERDEADO,RGB_JPG_ESVERDEADO
C:\Users\eduar\Desktop\Soybe-main\data\com_fundo\RGB_JPG_ESVERDEADO\grao_DSC_0300_id83.png,RGB_JPG_ESVERDEADO,RGB_JPG_ESVERDEADO
C:\Users\eduar\Desktop\Soybe-main\data\com_fundo\RGB_JPG_ESVERDEADO\grao_DSC_0300_id84.png,RGB_JPG_ESVERDEADO,RGB_JPG_ESVERDEADO
C:\Users\eduar\Desktop\Soybe-main\data\com_fundo\RGB_JPG_ESVERDEADO\grao_DSC_0300_id85.png,RGB_JPG_ESVERDEADO,RGB_JPG_CHOCHOS
C:\Users\eduar\Desktop\Soybe-main\data\com_fundo\RGB_JPG_ESVERDEADO\grao_DSC_0300_id86.png,RGB_JPG_ESVERDEADO,RGB_JPG_ESVERDEADO
C:\Users\eduar\Desktop\Soybe-main\data\com_fundo\RGB_JPG_ESVERDEADO\grao_DSC_0300_id87.png,RGB_JPG_ESVERDEADO,RGB_JPG_CHOCHOS
C:\Users\eduar\Desktop\Soybe-main\data\com_fundo\RGB_JPG_ESVERDEADO\grao_DSC_0300_id9.png,RGB_JPG_ESVERDEADO,RGB_JPG_ESVERDEADO
C:\Users\eduar\Desktop\Soybe-main\data\com_fundo\RGB_JPG_ESVERDEADO\grao_DSC_0308_id1.png,RGB_JPG_ESVERDEADO,RGB_JPG_CHOCHOS
C:\Users\eduar\Desktop\Soybe-main\data\com_fundo\RGB_JPG_ESVERDEADO\grao_DSC_0308_id10.png,RGB_JPG_ESVERDEADO,RGB_JPG_ESVERDEADO
C:\Users\eduar\Desktop\Soybe-main\data\com_fundo\RGB_JPG_ESVERDEADO\grao_DSC_0308_id11.png,RGB_JPG_ESVERDEADO,RGB_JPG_CHOCHOS
C:\Users\eduar\Desktop\Soybe-main\data\com_fundo\RGB_JPG_ESVERDEADO\grao_DSC_0308_id13.png,RGB_JPG_ESVERDEADO,RGB_JPG_ESVERDEADO
C:\Users\eduar\Desktop\Soybe-main\data\com_fundo\RGB_JPG_ESVERDEADO\grao_DSC_0308_id14.png,RGB_JPG_ESVERDEADO,RGB_JPG_CHOCHOS
C:\Users\eduar\Desktop\Soybe-main\data\com_fundo\RGB_JPG_ESVERDEADO\grao_DSC_0308_id15.png,RGB_JPG_ESVERDEADO,RGB_JPG_ESVERDEADO
C:\Users\eduar\Desktop\Soybe-main\data\com_fundo\RGB_JPG_ESVERDEADO\grao_DSC_0308_id16.png,RGB_JPG_ESVERDEADO,RGB_JPG_ESVERDEADO
C:\Users\eduar\Desktop\Soybe-main\data\com_fundo\RGB_JPG_ESVERDEADO\grao_DSC_0308_id17.png,RGB_JPG_ESVERDEADO,RGB_JPG_ESVERDEADO
C:\Users\eduar\Desktop\Soybe-main\data\com_fundo\RGB_JPG_ESVERDEADO\grao_DSC_0308_id18.png,RGB_JPG_ESVERDEADO,RGB_JPG_ESVERDEADO
C:\Users\eduar\Desktop\Soybe-main\data\com_fundo\RGB_JPG_ESVERDEADO\grao_DSC_0308_id19.png,RGB_JPG_ESVERDEADO,RGB_JPG_ESVERDEADO
C:\Users\eduar\Desktop\Soybe-main\data\com_fundo\RGB_JPG_ESVERDEADO\grao_DSC_0308_id2.png,RGB_JPG_ESVERDEADO,RGB_JPG_ESVERDEADO
C:\Users\eduar\Desktop\Soybe-main\data\com_fundo\RGB_JPG_ESVERDEADO\grao_DSC_0308_id20.png,RGB_JPG_ESVERDEADO,RGB_JPG_ESVERDEADO
C:\Users\eduar\Desktop\Soybe-main\data\com_fundo\RGB_JPG_ESVERDEADO\grao_DSC_0308_id21.png,RGB_JPG_ESVERDEADO,RGB_JPG_ESVERDEADO
C:\Users\eduar\Desktop\Soybe-main\data\com_fundo\RGB_JPG_ESVERDEADO\grao_DSC_0308_id22.png,RGB_JPG_ESVERDEADO,RGB_JPG_ESVERDEADO
C:\Users\eduar\Desktop\Soybe-main\data\com_fundo\RGB_JPG_ESVERDEADO\grao_DSC_0308_id23.png,RGB_JPG_ESVERDEADO,RGB_JPG_ESVERDEADO
C:\Users\eduar\Desktop\Soybe-main\data\com_fundo\RGB_JPG_ESVERDEADO\grao_DSC_0308_id24.png,RGB_JPG_ESVERDEADO,RGB_JPG_ESVERDEADO
C:\Users\eduar\Desktop\Soybe-main\data\com_fundo\RGB_JPG_ESVERDEADO\grao_DSC_0308_id25.png,RGB_JPG_ESVERDEADO,RGB_JPG_CHOCHOS
C:\Users\eduar\Desktop\Soybe-main\data\com_fundo\RGB_JPG_ESVERDEADO\grao_DSC_0308_id26.png,RGB_JPG_ESVERDEADO,RGB_JPG_ESVERDEADO
C:\Users\eduar\Desktop\Soybe-main\data\com_fundo\RGB_JPG_ESVERDEADO\grao_DSC_0308_id27.png,RGB_JPG_ESVERDEADO,RGB_JPG_ESVERDEADO
C:\Users\eduar\Desktop\Soybe-main\data\com_fundo\RGB_JPG_ESVERDEADO\grao_DSC_0308_id28.png,RGB_JPG_ESVERDEADO,RGB_JPG_ESVERDEADO
C:\Users\eduar\Desktop\Soybe-main\data\com_fundo\RGB_JPG_ESVERDEADO\grao_DSC_0308_id29.png,RGB_JPG_ESVERDEADO,RGB_JPG_Normais
C:\Users\eduar\Desktop\Soybe-main\data\com_fundo\RGB_JPG_ESVERDEADO\grao_DSC_0308_id3.png,RGB_JPG_ESVERDEADO,RGB_JPG_QUEBRADOS
C:\Users\eduar\Desktop\Soybe-main\data\com_fundo\RGB_JPG_ESVERDEADO\grao_DSC_0308_id30.png,RGB_JPG_ESVERDEADO,RGB_JPG_ESVERDEADO
C:\Users\eduar\Desktop\Soybe-main\data\com_fundo\RGB_JPG_ESVERDEADO\grao_DSC_0308_id31.png,RGB_JPG_ESVERDEADO,RGB_JPG_ESVERDEADO
C:\Users\eduar\Desktop\Soybe-main\data\com_fundo\RGB_JPG_ESVERDEADO\grao_DSC_0308_id32.png,RGB_JPG_ESVERDEADO,RGB_JPG_CHOCHOS
C:\Users\eduar\Desktop\Soybe-main\data\com_fundo\RGB_JPG_ESVERDEADO\grao_DSC_0308_id33.png,RGB_JPG_ESVERDEADO,RGB_JPG_ESVERDEADO
C:\Users\eduar\Desktop\Soybe-main\data\com_fundo\RGB_JPG_ESVERDEADO\grao_DSC_0308_id34.png,RGB_JPG_ESVERDEADO,RGB_JPG_ESVERDEADO
C:\Users\eduar\Desktop\Soybe-main\data\com_fundo\RGB_JPG_ESVERDEADO\grao_DSC_0308_id35.png,RGB_JPG_ESVERDEADO,RGB_JPG_ESVERDEADO
C:\Users\eduar\Desktop\Soybe-main\data\com_fundo\RGB_JPG_ESVERDEADO\grao_DSC_0308_id36.png,RGB_JPG_ESVERDEADO,RGB_JPG_ESVERDEADO
C:\Users\eduar\Desktop\Soybe-main\data\com_fundo\RGB_JPG_ESVERDEADO\grao_DSC_0308_id37.png,RGB_JPG_ESVERDEADO,RGB_JPG_ESVERDEADO
C:\Users\eduar\Desktop\Soybe-main\data\com_fundo\RGB_JPG_ESVERDEADO\grao_DSC_0308_id38.png,RGB_JPG_ESVERDEADO,RGB_JPG_ESVERDEADO
C:\Users\eduar\Desktop\Soybe-main\data\com_fundo\RGB_JPG_ESVERDEADO\grao_DSC_0308_id39.png,RGB_JPG_ESVERDEADO,RGB_JPG_ESVERDEADO
C:\Users\eduar\Desktop\Soybe-main\data\com_fundo\RGB_JPG_ESVERDEADO\grao_DSC_0308_id4.png,RGB_JPG_ESVERDEADO,RGB_JPG_ESVERDEADO
C:\Users\eduar\Desktop\Soybe-main\data\com_fundo\RGB_JPG_ESVERDEADO\grao_DSC_0308_id40.png,RGB_JPG_ESVERDEADO,RGB_JPG_CHOCHOS
C:\Users\eduar\Desktop\Soybe-main\data\com_fundo\RGB_JPG_ESVERDEADO\grao_DSC_0308_id41.png,RGB_JPG_ESVERDEADO,RGB_JPG_ESVERDEADO
C:\Users\eduar\Desktop\Soybe-main\data\com_fundo\RGB_JPG_ESVERDEADO\grao_DSC_0308_id42.png,RGB_JPG_ESVERDEADO,RGB_JPG_ESVERDEADO
C:\Users\eduar\Desktop\Soybe-main\data\com_fundo\RGB_JPG_ESVERDEADO\grao_DSC_0308_id43.png,RGB_JPG_ESVERDEADO,RGB_JPG_PURPURAS
C:\Users\eduar\Desktop\Soybe-main\data\com_fundo\RGB_JPG_ESVERDEADO\grao_DSC_0308_id44.png,RGB_JPG_ESVERDEADO,RGB_JPG_ESVERDEADO
C:\Users\eduar\Desktop\Soybe-main\data\com_fundo\RGB_JPG_ESVERDEADO\grao_DSC_0308_id45.png,RGB_JPG_ESVERDEADO,RGB_JPG_ESVERDEADO
C:\Users\eduar\Desktop\Soybe-main\data\com_fundo\RGB_JPG_ESVERDEADO\grao_DSC_0308_id46.png,RGB_JPG_ESVERDEADO,RGB_JPG_CHOCHOS
C:\Users\eduar\Desktop\Soybe-main\data\com_fundo\RGB_JPG_ESVERDEADO\grao_DSC_0308_id47.png,RGB_JPG_ESVERDEADO,RGB_JPG_CHOCHOS
C:\Users\eduar\Desktop\Soybe-main\data\com_fundo\RGB_JPG_ESVERDEADO\grao_DSC_0308_id48.png,RGB_JPG_ESVERDEADO,RGB_JPG_CHOCHOS
C:\Users\eduar\Desktop\Soybe-main\data\com_fundo\RGB_JPG_ESVERDEADO\grao_DSC_0308_id49.png,RGB_JPG_ESVERDEADO,RGB_JPG_ESVERDEADO
C:\Users\eduar\Desktop\Soybe-main\data\com_fundo\RGB_JPG_ESVERDEADO\grao_DSC_0308_id5.png,RGB_JPG_ESVERDEADO,RGB_JPG_CHOCHOS
C:\Users\eduar\Desktop\Soybe-main\data\com_fundo\RGB_JPG_ESVERDEADO\grao_DSC_0308_id50.png,RGB_JPG_ESVERDEADO,RGB_JPG_CHOCHOS
C:\Users\eduar\Desktop\Soybe-main\data\com_fundo\RGB_JPG_ESVERDEADO\grao_DSC_0308_id51.png,RGB_JPG_ESVERDEADO,RGB_JPG_ESVERDEADO
C:\Users\eduar\Desktop\Soybe-main\data\com_fundo\RGB_JPG_ESVERDEADO\grao_DSC_0308_id52.png,RGB_JPG_ESVERDEADO,RGB_JPG_ESVERDEADO
C:\Users\eduar\Desktop\Soybe-main\data\com_fundo\RGB_JPG_ESVERDEADO\grao_DSC_0308_id53.png,RGB_JPG_ESVERDEADO,RGB_JPG_ESVERDEADO
C:\Users\eduar\Desktop\Soybe-main\data\com_fundo\RGB_JPG_ESVERDEADO\grao_DSC_0308_id54.png,RGB_JPG_ESVERDEADO,RGB_JPG_ESVERDEADO
C:\Users\eduar\Desktop\Soybe-main\data\com_fundo\RGB_JPG_ESVERDEADO\grao_DSC_0308_id55.png,RGB_JPG_ESVERDEADO,RGB_JPG_ESVERDEADO
C:\Users\eduar\Desktop\Soybe-main\data\com_fundo\RGB_JPG_ESVERDEADO\grao_DSC_0308_id56.png,RGB_JPG_ESVERDEADO,RGB_JPG_ESVERDEADO
C:\Users\eduar\Desktop\Soybe-main\data\com_fundo\RGB_JPG_ESVERDEADO\grao_DSC_0308_id57.png,RGB_JPG_ESVERDEADO,RGB_JPG_ESVERDEADO
C:\Users\eduar\Desktop\Soybe-main\data\com_fundo\RGB_JPG_ESVERDEADO\grao_DSC_0308_id58.png,RGB_JPG_ESVERDEADO,RGB_JPG_ESVERDEADO
C:\Users\eduar\Desktop\Soybe-main\data\com_fundo\RGB_JPG_ESVERDEADO\grao_DSC_0308_id59.png,RGB_JPG_ESVERDEADO,RGB_JPG_CHOCHOS
C:\Users\eduar\Desktop\Soybe-main\data\com_fundo\RGB_JPG_ESVERDEADO\grao_DSC_0308_id6.png,RGB_JPG_ESVERDEADO,RGB_JPG_ESVERDEADO
C:\Users\eduar\Desktop\Soybe-main\data\com_fundo\RGB_JPG_ESVERDEADO\grao_DSC_0308_id60.png,RGB_JPG_ESVERDEADO,RGB_JPG_ESVERDEADO
C:\Users\eduar\Desktop\Soybe-main\data\com_fundo\RGB_JPG_ESVERDEADO\grao_DSC_0308_id61.png,RGB_JPG_ESVERDEADO,RGB_JPG_ESVERDEADO
C:\Users\eduar\Desktop\Soybe-main\data\com_fundo\RGB_JPG_ESVERDEADO\grao_DSC_0308_id62.png,RGB_JPG_ESVERDEADO,RGB_JPG_ESVERDEADO
C:\Users\eduar\Desktop\Soybe-main\data\com_fundo\RGB_JPG_ESVERDEADO\grao_DSC_0308_id63.png,RGB_JPG_ESVERDEADO,RGB_JPG_ESVERDEADO
C:\Users\eduar\Desktop\Soybe-main\data\com_fundo\RGB_JPG_ESVERDEADO\grao_DSC_0308_id64.png,RGB_JPG_ESVERDEADO,RGB_JPG_CHOCHOS
C:\Users\eduar\Desktop\Soybe-main\data\com_fundo\RGB_JPG_ESVERDEADO\grao_DSC_0308_id65.png,RGB_JPG_ESVERDEADO,RGB_JPG_ESVERDEADO
C:\Users\eduar\Desktop\Soybe-main\data\com_fundo\RGB_JPG_ESVERDEADO\grao_DSC_0308_id66.png,RGB_JPG_ESVERDEADO,RGB_JPG_ESVERDEADO
C:\Users\eduar\Desktop\Soybe-main\data\com_fundo\RGB_JPG_ESVERDEADO\grao_DSC_0308_id67.png,RGB_JPG_ESVERDEADO,RGB_JPG_ESVERDEADO
C:\Users\eduar\Desktop\Soybe-main\data\com_fundo\RGB_JPG_ESVERDEADO\grao_DSC_0308_id68.png,RGB_JPG_ESVERDEADO,RGB_JPG_CHOCHOS
C:\Users\eduar\Desktop\Soybe-main\data\com_fundo\RGB_JPG_ESVERDEADO\grao_DSC_0308_id69.png,RGB_JPG_ESVERDEADO,RGB_JPG_CHOCHOS
C:\Users\eduar\Desktop\Soybe-main\data\com_fundo\RGB_JPG_ESVERDEADO\grao_DSC_0308_id7.png,RGB_JPG_ESVERDEADO,RGB_JPG_ESVERDEADO
C:\Users\eduar\Desktop\Soybe-main\data\com_fundo\RGB_JPG_ESVERDEADO\grao_DSC_0308_id70.png,RGB_JPG_ESVERDEADO,RGB_JPG_ESVERDEADO
C:\Users\eduar\Desktop\Soybe-main\data\com_fundo\RGB_JPG_ESVERDEADO\grao_DSC_0308_id71.png,RGB_JPG_ESVERDEADO,RGB_JPG_ESVERDEADO
C:\Users\eduar\Desktop\Soybe-main\data\com_fundo\RGB_JPG_ESVERDEADO\grao_DSC_0308_id73.png,RGB_JPG_ESVERDEADO,RGB_JPG_IMPUREZAS
C:\Users\eduar\Desktop\Soybe-main\data\com_fundo\RGB_JPG_ESVERDEADO\grao_DSC_0308_id74.png,RGB_JPG_ESVERDEADO,RGB_JPG_ESVERDEADO
C:\Users\eduar\Desktop\Soybe-main\data\com_fundo\RGB_JPG_ESVERDEADO\grao_DSC_0308_id75.png,RGB_JPG_ESVERDEADO,RGB_JPG_ESVERDEADO
C:\Users\eduar\Desktop\Soybe-main\data\com_fundo\RGB_JPG_ESVERDEADO\grao_DSC_0308_id76.png,RGB_JPG_ESVERDEADO,RGB_JPG_CHOCHOS
C:\Users\eduar\Desktop\Soybe-main\data\com_fundo\RGB_JPG_ESVERDEADO\grao_DSC_0308_id77.png,RGB_JPG_ESVERDEADO,RGB_JPG_ESVERDEADO
C:\Users\eduar\Desktop\Soybe-main\data\com_fundo\RGB_JPG_ESVERDEADO\grao_DSC_0308_id78.png,RGB_JPG_ESVERDEADO,RGB_JPG_ESVERDEADO
C:\Users\eduar\Desktop\Soybe-main\data\com_fundo\RGB_JPG_ESVERDEADO\grao_DSC_0308_id79.png,RGB_JPG_ESVERDEADO,RGB_JPG_CHOCHOS
C:\Users\eduar\Desktop\Soybe-main\data\com_fundo\RGB_JPG_ESVERDEADO\grao_DSC_0308_id8.png,RGB_JPG_ESVERDEADO,RGB_JPG_ESVERDEADO
C:\Users\eduar\Desktop\Soybe-main\data\com_fundo\RGB_JPG_ESVERDEADO\grao_DSC_0308_id80.png,RGB_JPG_ESVERDEADO,RGB_JPG_ESVERDEADO
C:\Users\eduar\Desktop\Soybe-main\data\com_fundo\RGB_JPG_ESVERDEADO\grao_DSC_0308_id82.png,RGB_JPG_ESVERDEADO,RGB_JPG_ESVERDEADO
C:\Users\eduar\Desktop\Soybe-main\data\com_fundo\RGB_JPG_ESVERDEADO\grao_DSC_0308_id83.png,RGB_JPG_ESVERDEADO,RGB_JPG_ESVERDEADO
C:\Users\eduar\Desktop\Soybe-main\data\com_fundo\RGB_JPG_ESVERDEADO\grao_DSC_0308_id84.png,RGB_JPG_ESVERDEADO,RGB_JPG_ESVERDEADO
C:\Users\eduar\Desktop\Soybe-main\data\com_fundo\RGB_JPG_ESVERDEADO\grao_DSC_0308_id85.png,RGB_JPG_ESVERDEADO,RGB_JPG_ESVERDEADO
C:\Users\eduar\Desktop\Soybe-main\data\com_fundo\RGB_JPG_ESVERDEADO\grao_DSC_0308_id86.png,RGB_JPG_ESVERDEADO,RGB_JPG_CHOCHOS
C:\Users\eduar\Desktop\Soybe-main\data\com_fundo\RGB_JPG_ESVERDEADO\grao_DSC_0308_id87.png,RGB_JPG_ESVERDEADO,RGB_JPG_ESVERDEADO
C:\Users\eduar\Desktop\Soybe-main\data\com_fundo\RGB_JPG_ESVERDEADO\grao_DSC_0308_id88.png,RGB_JPG_ESVERDEADO,RGB_JPG_ESVERDEADO
C:\Users\eduar\Desktop\Soybe-main\data\com_fundo\RGB_JPG_ESVERDEADO\grao_DSC_0308_id89.png,RGB_JPG_ESVERDEADO,RGB_JPG_ESVERDEADO
C:\Users\eduar\Desktop\Soybe-main\data\com_fundo\RGB_JPG_ESVERDEADO\grao_DSC_0308_id9.png,RGB_JPG_ESVERDEADO,RGB_JPG_ESVERDEADO
C:\Users\eduar\Desktop\Soybe-main\data\com_fundo\RGB_JPG_ESVERDEADO\grao_DSC_0308_id90.png,RGB_JPG_ESVERDEADO,RGB_JPG_ESVERDEADO
C:\Users\eduar\Desktop\Soybe-main\data\com_fundo\RGB_JPG_ESVERDEADO\grao_DSC_0308_id91.png,RGB_JPG_ESVERDEADO,RGB_JPG_ESVERDEADO
C:\Users\eduar\Desktop\Soybe-main\data\com_fundo\RGB_JPG_IMPUREZAS\grao_DSC_0029_id1.png,RGB_JPG_IMPUREZAS,RGB_JPG_IMPUREZAS
C:\Users\eduar\Desktop\Soybe-main\data\com_fundo\RGB_JPG_IMPUREZAS\grao_DSC_0029_id101.png,RGB_JPG_IMPUREZAS,RGB_JPG_ESVERDEADO
C:\Users\eduar\Desktop\Soybe-main\data\com_fundo\RGB_JPG_IMPUREZAS\grao_DSC_0029_id104.png,RGB_JPG_IMPUREZAS,RGB_JPG_IMPUREZAS
C:\Users\eduar\Desktop\Soybe-main\data\com_fundo\RGB_JPG_IMPUREZAS\grao_DSC_0029_id106.png,RGB_JPG_IMPUREZAS,RGB_JPG_IMPUREZAS
C:\Users\eduar\Desktop\Soybe-main\data\com_fundo\RGB_JPG_IMPUREZAS\grao_DSC_0029_id107.png,RGB_JPG_IMPUREZAS,RGB_JPG_IMPUREZAS
C:\Users\eduar\Desktop\Soybe-main\data\com_fundo\RGB_JPG_IMPUREZAS\grao_DSC_0029_id112.png,RGB_JPG_IMPUREZAS,RGB_JPG_IMPUREZAS
C:\Users\eduar\Desktop\Soybe-main\data\com_fundo\RGB_JPG_IMPUREZAS\grao_DSC_0029_id119.png,RGB_JPG_IMPUREZAS,RGB_JPG_IMPUREZAS
C:\Users\eduar\Desktop\Soybe-main\data\com_fundo\RGB_JPG_IMPUREZAS\grao_DSC_0029_id120.png,RGB_JPG_IMPUREZAS,RGB_JPG_IMPUREZAS
C:\Users\eduar\Desktop\Soybe-main\data\com_fundo\RGB_JPG_IMPUREZAS\grao_DSC_0029_id121.png,RGB_JPG_IMPUREZAS,RGB_JPG_IMPUREZAS
C:\Users\eduar\Desktop\Soybe-main\data\com_fundo\RGB_JPG_IMPUREZAS\grao_DSC_0029_id123.png,RGB_JPG_IMPUREZAS,RGB_JPG_IMPUREZAS
C:\Users\eduar\Desktop\Soybe-main\data\com_fundo\RGB_JPG_IMPUREZAS\grao_DSC_0029_id124.png,RGB_JPG_IMPUREZAS,RGB_JPG_IMPUREZAS
C:\Users\eduar\Desktop\Soybe-main\data\com_fundo\RGB_JPG_IMPUREZAS\grao_DSC_0029_id126.png,RGB_JPG_IMPUREZAS,RGB_JPG_IMPUREZAS
C:\Users\eduar\Desktop\Soybe-main\data\com_fundo\RGB_JPG_IMPUREZAS\grao_DSC_0029_id13.png,RGB_JPG_IMPUREZAS,RGB_JPG_IMPUREZAS
C:\Users\eduar\Desktop\Soybe-main\data\com_fundo\RGB_JPG_IMPUREZAS\grao_DSC_0029_id131.png,RGB_JPG_IMPUREZAS,RGB_JPG_IMPUREZAS
C:\Users\eduar\Desktop\Soybe-main\data\com_fundo\RGB_JPG_IMPUREZAS\grao_DSC_0029_id135.png,RGB_JPG_IMPUREZAS,RGB_JPG_IMPUREZAS
C:\Users\eduar\Desktop\Soybe-main\data\com_fundo\RGB_JPG_IMPUREZAS\grao_DSC_0029_id138.png,RGB_JPG_IMPUREZAS,RGB_JPG_IMPUREZAS
C:\Users\eduar\Desktop\Soybe-main\data\com_fundo\RGB_JPG_IMPUREZAS\grao_DSC_0029_id139.png,RGB_JPG_IMPUREZAS,RGB_JPG_IMPUREZAS
C:\Users\eduar\Desktop\Soybe-main\data\com_fundo\RGB_JPG_IMPUREZAS\grao_DSC_0029_id14.png,RGB_JPG_IMPUREZAS,RGB_JPG_IMPUREZAS
C:\Users\eduar\Desktop\Soybe-main\data\com_fundo\RGB_JPG_IMPUREZAS\grao_DSC_0029_id141.png,RGB_JPG_IMPUREZAS,RGB_JPG_IMPUREZAS
C:\Users\eduar\Desktop\Soybe-main\data\com_fundo\RGB_JPG_IMPUREZAS\grao_DSC_0029_id142.png,RGB_JPG_IMPUREZAS,RGB_JPG_IMPUREZAS
C:\Users\eduar\Desktop\Soybe-main\data\com_fundo\RGB_JPG_IMPUREZAS\grao_DSC_0029_id143.png,RGB_JPG_IMPUREZAS,RGB_JPG_IMPUREZAS
C:\Users\eduar\Desktop\Soybe-main\data\com_fundo\RGB_JPG_IMPUREZAS\grao_DSC_0029_id145.png,RGB_JPG_IMPUREZAS,RGB_JPG_IMPUREZAS
C:\Users\eduar\Desktop\Soybe-main\data\com_fundo\RGB_JPG_IMPUREZAS\grao_DSC_0029_id146.png,RGB_JPG_IMPUREZAS,RGB_JPG_IMPUREZAS
C:\Users\eduar\Desktop\Soybe-main\data\com_fundo\RGB_JPG_IMPUREZAS\grao_DSC_0029_id149.png,RGB_JPG_IMPUREZAS,RGB_JPG_IMPUREZAS
C:\Users\eduar\Desktop\Soybe-main\data\com_fundo\RGB_JPG_IMPUREZAS\grao_DSC_0029_id15.png,RGB_JPG_IMPUREZAS,RGB_JPG_IMPUREZAS
C:\Users\eduar\Desktop\Soybe-main\data\com_fundo\RGB_JPG_IMPUREZAS\grao_DSC_0029_id153.png,RGB_JPG_IMPUREZAS,RGB_JPG_IMPUREZAS
C:\Users\eduar\Desktop\Soybe-main\data\com_fundo\RGB_JPG_IMPUREZAS\grao_DSC_0029_id156.png,RGB_JPG_IMPUREZAS,RGB_JPG_IMPUREZAS
C:\Users\eduar\Desktop\Soybe-main\data\com_fundo\RGB_JPG_IMPUREZAS\grao_DSC_0029_id158.png,RGB_JPG_IMPUREZAS,RGB_JPG_IMPUREZAS
C:\Users\eduar\Desktop\Soybe-main\data\com_fundo\RGB_JPG_IMPUREZAS\grao_DSC_0029_id160.png,RGB_JPG_IMPUREZAS,RGB_JPG_IMPUREZAS
C:\Users\eduar\Desktop\Soybe-main\data\com_fundo\RGB_JPG_IMPUREZAS\grao_DSC_0029_id161.png,RGB_JPG_IMPUREZAS,RGB_JPG_IMPUREZAS
C:\Users\eduar\Desktop\Soybe-main\data\com_fundo\RGB_JPG_IMPUREZAS\grao_DSC_0029_id162.png,RGB_JPG_IMPUREZAS,RGB_JPG_IMPUREZAS
C:\Users\eduar\Desktop\Soybe-main\data\com_fundo\RGB_JPG_IMPUREZAS\grao_DSC_0029_id164.png,RGB_JPG_IMPUREZAS,RGB_JPG_IMPUREZAS
C:\Users\eduar\Desktop\Soybe-main\data\com_fundo\RGB_JPG_IMPUREZAS\grao_DSC_0029_id165.png,RGB_JPG_IMPUREZAS,RGB_JPG_IMPUREZAS
C:\Users\eduar\Desktop\Soybe-main\data\com_fundo\RGB_JPG_IMPUREZAS\grao_DSC_0029_id166.png,RGB_JPG_IMPUREZAS,RGB_JPG_IMPUREZAS
C:\Users\eduar\Desktop\Soybe-main\data\com_fundo\RGB_JPG_IMPUREZAS\grao_DSC_0029_id169.png,RGB_JPG_IMPUREZAS,RGB_JPG_IMPUREZAS
C:\Users\eduar\Desktop\Soybe-main\data\com_fundo\RGB_JPG_IMPUREZAS\grao_DSC_0029_id17.png,RGB_JPG_IMPUREZAS,RGB_JPG_IMPUREZAS
C:\Users\eduar\Desktop\Soybe-main\data\com_fundo\RGB_JPG_IMPUREZAS\grao_DSC_0029_id170.png,RGB_JPG_IMPUREZAS,RGB_JPG_IMPUREZAS
C:\Users\eduar\Desktop\Soybe-main\data\com_fundo\RGB_JPG_IMPUREZAS\grao_DSC_0029_id171.png,RGB_JPG_IMPUREZAS,RGB_JPG_IMPUREZAS
C:\Users\eduar\Desktop\Soybe-main\data\com_fundo\RGB_JPG_IMPUREZAS\grao_DSC_0029_id173.png,RGB_JPG_IMPUREZAS,RGB_JPG_IMPUREZAS
C:\Users\eduar\Desktop\Soybe-main\data\com_fundo\RGB_JPG_IMPUREZAS\grao_DSC_0029_id174.png,RGB_JPG_IMPUREZAS,RGB_JPG_IMPUREZAS
C:\Users\eduar\Desktop\Soybe-main\data\com_fundo\RGB_JPG_IMPUREZAS\grao_DSC_0029_id18.png,RGB_JPG_IMPUREZAS,RGB_JPG_IMPUREZAS
C:\Users\eduar\Desktop\Soybe-main\data\com_fundo\RGB_JPG_IMPUREZAS\grao_DSC_0029_id180.png,RGB_JPG_IMPUREZAS,RGB_JPG_IMPUREZAS
C:\Users\eduar\Desktop\Soybe-main\data\com_fundo\RGB_JPG_IMPUREZAS\grao_DSC_0029_id2.png,RGB_JPG_IMPUREZAS,RGB_JPG_IMPUREZAS
C:\Users\eduar\Desktop\Soybe-main\data\com_fundo\RGB_JPG_IMPUREZAS\grao_DSC_0029_id21.png,RGB_JPG_IMPUREZAS,RGB_JPG_IMPUREZAS
C:\Users\eduar\Desktop\Soybe-main\data\com_fundo\RGB_JPG_IMPUREZAS\grao_DSC_0029_id22.png,RGB_JPG_IMPUREZAS,RGB_JPG_IMPUREZAS
C:\Users\eduar\Desktop\Soybe-main\data\com_fundo\RGB_JPG_IMPUREZAS\grao_DSC_0029_id27.png,RGB_JPG_IMPUREZAS,RGB_JPG_IMPUREZAS
C:\Users\eduar\Desktop\Soybe-main\data\com_fundo\RGB_JPG_IMPUREZAS\grao_DSC_0029_id3.png,RGB_JPG_IMPUREZAS,RGB_JPG_IMPUREZAS
C:\Users\eduar\Desktop\Soybe-main\data\com_fundo\RGB_JPG_IMPUREZAS\grao_DSC_0029_id31.png,RGB_JPG_IMPUREZAS,RGB_JPG_IMPUREZAS
C:\Users\eduar\Desktop\Soybe-main\data\com_fundo\RGB_JPG_IMPUREZAS\grao_DSC_0029_id32.png,RGB_JPG_IMPUREZAS,RGB_JPG_IMPUREZAS
C:\Users\eduar\Desktop\Soybe-main\data\com_fundo\RGB_JPG_IMPUREZAS\grao_DSC_0029_id33.png,RGB_JPG_IMPUREZAS,RGB_JPG_IMPUREZAS
C:\Users\eduar\Desktop\Soybe-main\data\com_fundo\RGB_JPG_IMPUREZAS\grao_DSC_0029_id34.png,RGB_JPG_IMPUREZAS,RGB_JPG_IMPUREZAS
C:\Users\eduar\Desktop\Soybe-main\data\com_fundo\RGB_JPG_IMPUREZAS\grao_DSC_0029_id35.png,RGB_JPG_IMPUREZAS,RGB_JPG_IMPUREZAS
C:\Users\eduar\Desktop\Soybe-main\data\com_fundo\RGB_JPG_IMPUREZAS\grao_DSC_0029_id36.png,RGB_JPG_IMPUREZAS,RGB_JPG_IMPUREZAS
C:\Users\eduar\Desktop\Soybe-main\data\com_fundo\RGB_JPG_IMPUREZAS\grao_DSC_0029_id37.png,RGB_JPG_IMPUREZAS,RGB_JPG_IMPUREZAS
C:\Users\eduar\Desktop\Soybe-main\data\com_fundo\RGB_JPG_IMPUREZAS\grao_DSC_0029_id38.png,RGB_JPG_IMPUREZAS,RGB_JPG_IMPUREZAS
C:\Users\eduar\Desktop\Soybe-main\data\com_fundo\RGB_JPG_IMPUREZAS\grao_DSC_0029_id4.png,RGB_JPG_IMPUREZAS,RGB_JPG_IMPUREZAS
C:\Users\eduar\Desktop\Soybe-main\data\com_fundo\RGB_JPG_IMPUREZAS\grao_DSC_0029_id40.png,RGB_JPG_IMPUREZAS,RGB_JPG_IMPUREZAS
C:\Users\eduar\Desktop\Soybe-main\data\com_fundo\RGB_JPG_IMPUREZAS\grao_DSC_0029_id41.png,RGB_JPG_IMPUREZAS,RGB_JPG_IMPUREZAS
C:\Users\eduar\Desktop\Soybe-main\data\com_fundo\RGB_JPG_IMPUREZAS\grao_DSC_0029_id42.png,RGB_JPG_IMPUREZAS,RGB_JPG_IMPUREZAS
C:\Users\eduar\Desktop\Soybe-main\data\com_fundo\RGB_JPG_IMPUREZAS\grao_DSC_0029_id50.png,RGB_JPG_IMPUREZAS,RGB_JPG_IMPUREZAS
C:\Users\eduar\Desktop\Soybe-main\data\com_fundo\RGB_JPG_IMPUREZAS\grao_DSC_0029_id52.png,RGB_JPG_IMPUREZAS,RGB_JPG_IMPUREZAS
C:\Users\eduar\Desktop\Soybe-main\data\com_fundo\RGB_JPG_IMPUREZAS\grao_DSC_0029_id53.png,RGB_JPG_IMPUREZAS,RGB_JPG_IMPUREZAS
C:\Users\eduar\Desktop\Soybe-main\data\com_fundo\RGB_JPG_IMPUREZAS\grao_DSC_0029_id54.png,RGB_JPG_IMPUREZAS,RGB_JPG_IMPUREZAS
C:\Users\eduar\Desktop\Soybe-main\data\com_fundo\RGB_JPG_IMPUREZAS\grao_DSC_0029_id56.png,RGB_JPG_IMPUREZAS,RGB_JPG_IMPUREZAS
C:\Users\eduar\Desktop\Soybe-main\data\com_fundo\RGB_JPG_IMPUREZAS\grao_DSC_0029_id57.png,RGB_JPG_IMPUREZAS,RGB_JPG_IMPUREZAS
C:\Users\eduar\Desktop\Soybe-main\data\com_fundo\RGB_JPG_IMPUREZAS\grao_DSC_0029_id58.png,RGB_JPG_IMPUREZAS,RGB_JPG_IMPUREZAS
C:\Users\eduar\Desktop\Soybe-main\data\com_fundo\RGB_JPG_IMPUREZAS\grao_DSC_0029_id59.png,RGB_JPG_IMPUREZAS,RGB_JPG_IMPUREZAS
C:\Users\eduar\Desktop\Soybe-main\data\com_fundo\RGB_JPG_IMPUREZAS\grao_DSC_0029_id61.png,RGB_JPG_IMPUREZAS,RGB_JPG_IMPUREZAS
C:\Users\eduar\Desktop\Soybe-main\data\com_fundo\RGB_JPG_IMPUREZAS\grao_DSC_0029_id62.png,RGB_JPG_IMPUREZAS,RGB_JPG_IMPUREZAS
C:\Users\eduar\Desktop\Soybe-main\data\com_fundo\RGB_JPG_IMPUREZAS\grao_DSC_0029_id63.png,RGB_JPG_IMPUREZAS,RGB_JPG_IMPUREZAS
C:\Users\eduar\Desktop\Soybe-main\data\com_fundo\RGB_JPG_IMPUREZAS\grao_DSC_0029_id67.png,RGB_JPG_IMPUREZAS,RGB_JPG_IMPUREZAS
C:\Users\eduar\Desktop\Soybe-main\data\com_fundo\RGB_JPG_IMPUREZAS\grao_DSC_0029_id73.png,RGB_JPG_IMPUREZAS,RGB_JPG_IMPUREZAS
C:\Users\eduar\Desktop\Soybe-main\data\com_fundo\RGB_JPG_IMPUREZAS\grao_DSC_0029_id75.png,RGB_JPG_IMPUREZAS,RGB_JPG_IMPUREZAS
C:\Users\eduar\Desktop\Soybe-main\data\com_fundo\RGB_JPG_IMPUREZAS\grao_DSC_0029_id76.png,RGB_JPG_IMPUREZAS,RGB_JPG_IMPUREZAS
C:\Users\eduar\Desktop\Soybe-main\data\com_fundo\RGB_JPG_IMPUREZAS\grao_DSC_0029_id77.png,RGB_JPG_IMPUREZAS,RGB_JPG_IMPUREZAS
C:\Users\eduar\Desktop\Soybe-main\data\com_fundo\RGB_JPG_IMPUREZAS\grao_DSC_0029_id78.png,RGB_JPG_IMPUREZAS,RGB_JPG_IMPUREZAS
C:\Users\eduar\Desktop\Soybe-main\data\com_fundo\RGB_JPG_IMPUREZAS\grao_DSC_0029_id79.png,RGB_JPG_IMPUREZAS,RGB_JPG_IMPUREZAS
C:\Users\eduar\Desktop\Soybe-main\data\com_fundo\RGB_JPG_IMPUREZAS\grao_DSC_0029_id80.png,RGB_JPG_IMPUREZAS,RGB_JPG_IMPUREZAS
C:\Users\eduar\Desktop\Soybe-main\data\com_fundo\RGB_JPG_IMPUREZAS\grao_DSC_0029_id82.png,RGB_JPG_IMPUREZAS,RGB_JPG_IMPUREZAS
C:\Users\eduar\Desktop\Soybe-main\data\com_fundo\RGB_JPG_IMPUREZAS\grao_DSC_0029_id86.png,RGB_JPG_IMPUREZAS,RGB_JPG_IMPUREZAS
C:\Users\eduar\Desktop\Soybe-main\data\com_fundo\RGB_JPG_IMPUREZAS\grao_DSC_0029_id87.png,RGB_JPG_IMPUREZAS,RGB_JPG_IMPUREZAS
C:\Users\eduar\Desktop\Soybe-main\data\com_fundo\RGB_JPG_IMPUREZAS\grao_DSC_0029_id88.png,RGB_JPG_IMPUREZAS,RGB_JPG_IMPUREZAS
C:\Users\eduar\Desktop\Soybe-main\data\com_fundo\RGB_JPG_IMPUREZAS\grao_DSC_0029_id89.png,RGB_JPG_IMPUREZAS,RGB_JPG_IMPUREZAS
C:\Users\eduar\Desktop\Soybe-main\data\com_fundo\RGB_JPG_IMPUREZAS\grao_DSC_0029_id9.png,RGB_JPG_IMPUREZAS,RGB_JPG_ESVERDEADO
C:\Users\eduar\Desktop\Soybe-main\data\com_fundo\RGB_JPG_IMPUREZAS\grao_DSC_0029_id90.png,RGB_JPG_IMPUREZAS,RGB_JPG_IMPUREZAS
C:\Users\eduar\Desktop\Soybe-main\data\com_fundo\RGB_JPG_IMPUREZAS\grao_DSC_0029_id94.png,RGB_JPG_IMPUREZAS,RGB_JPG_IMPUREZAS
C:\Users\eduar\Desktop\Soybe-main\data\com_fundo\RGB_JPG_IMPUREZAS\grao_DSC_0029_id97.png,RGB_JPG_IMPUREZAS,RGB_JPG_IMPUREZAS
C:\Users\eduar\Desktop\Soybe-main\data\com_fundo\RGB_JPG_IMPUREZAS\grao_DSC_0029_id98.png,RGB_JPG_IMPUREZAS,RGB_JPG_IMPUREZAS
C:\Users\eduar\Desktop\Soybe-main\data\com_fundo\RGB_JPG_IMPUREZAS\grao_DSC_0029_id99.png,RGB_JPG_IMPUREZAS,RGB_JPG_IMPUREZAS
C:\Users\eduar\Desktop\Soybe-main\data\com_fundo\RGB_JPG_IMPUREZAS\grao_DSC_0224_id1.png,RGB_JPG_IMPUREZAS,RGB_JPG_IMPUREZAS
C:\Users\eduar\Desktop\Soybe-main\data\com_fundo\RGB_JPG_IMPUREZAS\grao_DSC_0224_id105.png,RGB_JPG_IMPUREZAS,RGB_JPG_IMPUREZAS
C:\Users\eduar\Desktop\Soybe-main\data\com_fundo\RGB_JPG_IMPUREZAS\grao_DSC_0224_id106.png,RGB_JPG_IMPUREZAS,RGB_JPG_IMPUREZAS
C:\Users\eduar\Desktop\Soybe-main\data\com_fundo\RGB_JPG_IMPUREZAS\grao_DSC_0224_id108.png,RGB_JPG_IMPUREZAS,RGB_JPG_IMPUREZAS
C:\Users\eduar\Desktop\Soybe-main\data\com_fundo\RGB_JPG_IMPUREZAS\grao_DSC_0224_id110.png,RGB_JPG_IMPUREZAS,RGB_JPG_IMPUREZAS
C:\Users\eduar\Desktop\Soybe-main\data\com_fundo\RGB_JPG_IMPUREZAS\grao_DSC_0224_id111.png,RGB_JPG_IMPUREZAS,RGB_JPG_IMPUREZAS
C:\Users\eduar\Desktop\Soybe-main\data\com_fundo\RGB_JPG_IMPUREZAS\grao_DSC_0224_id113.png,RGB_JPG_IMPUREZAS,RGB_JPG_IMPUREZAS
C:\Users\eduar\Desktop\Soybe-main\data\com_fundo\RGB_JPG_IMPUREZAS\grao_DSC_0224_id114.png,RGB_JPG_IMPUREZAS,RGB_JPG_IMPUREZAS
C:\Users\eduar\Desktop\Soybe-main\data\com_fundo\RGB_JPG_IMPUREZAS\grao_DSC_0224_id115.png,RGB_JPG_IMPUREZAS,RGB_JPG_IMPUREZAS
C:\Users\eduar\Desktop\Soybe-main\data\com_fundo\RGB_JPG_IMPUREZAS\grao_DSC_0224_id116.png,RGB_JPG_IMPUREZAS,RGB_JPG_IMPUREZAS
C:\Users\eduar\Desktop\Soybe-main\data\com_fundo\RGB_JPG_IMPUREZAS\grao_DSC_0224_id117.png,RGB_JPG_IMPUREZAS,RGB_JPG_IMPUREZAS
C:\Users\eduar\Desktop\Soybe-main\data\com_fundo\RGB_JPG_IMPUREZAS\grao_DSC_0224_id120.png,RGB_JPG_IMPUREZAS,RGB_JPG_IMPUREZAS
C:\Users\eduar\Desktop\Soybe-main\data\com_fundo\RGB_JPG_IMPUREZAS\grao_DSC_0224_id122.png,RGB_JPG_IMPUREZAS,RGB_JPG_IMPUREZAS
C:\Users\eduar\Desktop\Soybe-main\data\com_fundo\RGB_JPG_IMPUREZAS\grao_DSC_0224_id123.png,RGB_JPG_IMPUREZAS,RGB_JPG_IMPUREZAS
C:\Users\eduar\Desktop\Soybe-main\data\com_fundo\RGB_JPG_IMPUREZAS\grao_DSC_0224_id124.png,RGB_JPG_IMPUREZAS,RGB_JPG_IMPUREZAS
C:\Users\eduar\Desktop\Soybe-main\data\com_fundo\RGB_JPG_IMPUREZAS\grao_DSC_0224_id126.png,RGB_JPG_IMPUREZAS,RGB_JPG_IMPUREZAS
C:\Users\eduar\Desktop\Soybe-main\data\com_fundo\RGB_JPG_IMPUREZAS\grao_DSC_0224_id134.png,RGB_JPG_IMPUREZAS,RGB_JPG_IMPUREZAS
C:\Users\eduar\Desktop\Soybe-main\data\com_fundo\RGB_JPG_IMPUREZAS\grao_DSC_0224_id136.png,RGB_JPG_IMPUREZAS,RGB_JPG_IMPUREZAS
C:\Users\eduar\Desktop\Soybe-main\data\com_fundo\RGB_JPG_IMPUREZAS\grao_DSC_0224_id137.png,RGB_JPG_IMPUREZAS,RGB_JPG_IMPUREZAS
C:\Users\eduar\Desktop\Soybe-main\data\com_fundo\RGB_JPG_IMPUREZAS\grao_DSC_0224_id138.png,RGB_JPG_IMPUREZAS,RGB_JPG_IMPUREZAS
C:\Users\eduar\Desktop\Soybe-main\data\com_fundo\RGB_JPG_IMPUREZAS\grao_DSC_0224_id139.png,RGB_JPG_IMPUREZAS,RGB_JPG_IMPUREZAS
C:\Users\eduar\Desktop\Soybe-main\data\com_fundo\RGB_JPG_IMPUREZAS\grao_DSC_0224_id140.png,RGB_JPG_IMPUREZAS,RGB_JPG_IMPUREZAS
C:\Users\eduar\Desktop\Soybe-main\data\com_fundo\RGB_JPG_IMPUREZAS\grao_DSC_0224_id141.png,RGB_JPG_IMPUREZAS,RGB_JPG_IMPUREZAS
C:\Users\eduar\Desktop\Soybe-main\data\com_fundo\RGB_JPG_IMPUREZAS\grao_DSC_0224_id142.png,RGB_JPG_IMPUREZAS,RGB_JPG_IMPUREZAS
C:\Users\eduar\Desktop\Soybe-main\data\com_fundo\RGB_JPG_IMPUREZAS\grao_DSC_0224_id143.png,RGB_JPG_IMPUREZAS,RGB_JPG_IMPUREZAS
C:\Users\eduar\Desktop\Soybe-main\data\com_fundo\RGB_JPG_IMPUREZAS\grao_DSC_0224_id144.png,RGB_JPG_IMPUREZAS,RGB_JPG_IMPUREZAS
C:\Users\eduar\Desktop\Soybe-main\data\com_fundo\RGB_JPG_IMPUREZAS\grao_DSC_0224_id145.png,RGB_JPG_IMPUREZAS,RGB_JPG_IMPUREZAS
C:\Users\eduar\Desktop\Soybe-main\data\com_fundo\RGB_JPG_IMPUREZAS\grao_DSC_0224_id146.png,RGB_JPG_IMPUREZAS,RGB_JPG_IMPUREZAS
C:\Users\eduar\Desktop\Soybe-main\data\com_fundo\RGB_JPG_IMPUREZAS\grao_DSC_0224_id147.png,RGB_JPG_IMPUREZAS,RGB_JPG_IMPUREZAS
C:\Users\eduar\Desktop\Soybe-main\data\com_fundo\RGB_JPG_IMPUREZAS\grao_DSC_0224_id148.png,RGB_JPG_IMPUREZAS,RGB_JPG_IMPUREZAS
C:\Users\eduar\Desktop\Soybe-main\data\com_fundo\RGB_JPG_IMPUREZAS\grao_DSC_0224_id149.png,RGB_JPG_IMPUREZAS,RGB_JPG_IMPUREZAS
C:\Users\eduar\Desktop\Soybe-main\data\com_fundo\RGB_JPG_IMPUREZAS\grao_DSC_0224_id151.png,RGB_JPG_IMPUREZAS,RGB_JPG_IMPUREZAS
C:\Users\eduar\Desktop\Soybe-main\data\com_fundo\RGB_JPG_IMPUREZAS\grao_DSC_0224_id152.png,RGB_JPG_IMPUREZAS,RGB_JPG_IMPUREZAS
C:\Users\eduar\Desktop\Soybe-main\data\com_fundo\RGB_JPG_IMPUREZAS\grao_DSC_0224_id154.png,RGB_JPG_IMPUREZAS,RGB_JPG_IMPUREZAS
C:\Users\eduar\Desktop\Soybe-main\data\com_fundo\RGB_JPG_IMPUREZAS\grao_DSC_0224_id161.png,RGB_JPG_IMPUREZAS,RGB_JPG_IMPUREZAS
C:\Users\eduar\Desktop\Soybe-main\data\com_fundo\RGB_JPG_IMPUREZAS\grao_DSC_0224_id165.png,RGB_JPG_IMPUREZAS,RGB_JPG_IMPUREZAS
C:\Users\eduar\Desktop\Soybe-main\data\com_fundo\RGB_JPG_IMPUREZAS\grao_DSC_0224_id166.png,RGB_JPG_IMPUREZAS,RGB_JPG_IMPUREZAS
C:\Users\eduar\Desktop\Soybe-main\data\com_fundo\RGB_JPG_IMPUREZAS\grao_DSC_0224_id167.png,RGB_JPG_IMPUREZAS,RGB_JPG_IMPUREZAS
C:\Users\eduar\Desktop\Soybe-main\data\com_fundo\RGB_JPG_IMPUREZAS\grao_DSC_0224_id171.png,RGB_JPG_IMPUREZAS,RGB_JPG_IMPUREZAS
C:\Users\eduar\Desktop\Soybe-main\data\com_fundo\RGB_JPG_IMPUREZAS\grao_DSC_0224_id172.png,RGB_JPG_IMPUREZAS,RGB_JPG_IMPUREZAS
C:\Users\eduar\Desktop\Soybe-main\data\com_fundo\RGB_JPG_IMPUREZAS\grao_DSC_0224_id173.png,RGB_JPG_IMPUREZAS,RGB_JPG_IMPUREZAS
C:\Users\eduar\Desktop\Soybe-main\data\com_fundo\RGB_JPG_IMPUREZAS\grao_DSC_0224_id174.png,RGB_JPG_IMPUREZAS,RGB_JPG_IMPUREZAS
C:\Users\eduar\Desktop\Soybe-main\data\com_fundo\RGB_JPG_IMPUREZAS\grao_DSC_0224_id175.png,RGB_JPG_IMPUREZAS,RGB_JPG_IMPUREZAS
C:\Users\eduar\Desktop\Soybe-main\data\com_fundo\RGB_JPG_IMPUREZAS\grao_DSC_0224_id176.png,RGB_JPG_IMPUREZAS,RGB_JPG_IMPUREZAS
C:\Users\eduar\Desktop\Soybe-main\data\com_fundo\RGB_JPG_IMPUREZAS\grao_DSC_0224_id177.png,RGB_JPG_IMPUREZAS,RGB_JPG_IMPUREZAS
C:\Users\eduar\Desktop\Soybe-main\data\com_fundo\RGB_JPG_IMPUREZAS\grao_DSC_0224_id178.png,RGB_JPG_IMPUREZAS,RGB_JPG_IMPUREZAS
C:\Users\eduar\Desktop\Soybe-main\data\com_fundo\RGB_JPG_IMPUREZAS\grao_DSC_0224_id183.png,RGB_JPG_IMPUREZAS,RGB_JPG_IMPUREZAS
C:\Users\eduar\Desktop\Soybe-main\data\com_fundo\RGB_JPG_IMPUREZAS\grao_DSC_0224_id191.png,RGB_JPG_IMPUREZAS,RGB_JPG_IMPUREZAS
C:\Users\eduar\Desktop\Soybe-main\data\com_fundo\RGB_JPG_IMPUREZAS\grao_DSC_0224_id194.png,RGB_JPG_IMPUREZAS,RGB_JPG_IMPUREZAS
C:\Users\eduar\Desktop\Soybe-main\data\com_fundo\RGB_JPG_IMPUREZAS\grao_DSC_0224_id196.png,RGB_JPG_IMPUREZAS,RGB_JPG_IMPUREZAS
C:\Users\eduar\Desktop\Soybe-main\data\com_fundo\RGB_JPG_IMPUREZAS\grao_DSC_0224_id197.png,RGB_JPG_IMPUREZAS,RGB_JPG_IMPUREZAS
C:\Users\eduar\Desktop\Soybe-main\data\com_fundo\RGB_JPG_IMPUREZAS\grao_DSC_0224_id198.png,RGB_JPG_IMPUREZAS,RGB_JPG_IMPUREZAS
C:\Users\eduar\Desktop\Soybe-main\data\com_fundo\RGB_JPG_IMPUREZAS\grao_DSC_0224_id2.png,RGB_JPG_IMPUREZAS,RGB_JPG_IMPUREZAS
C:\Users\eduar\Desktop\Soybe-main\data\com_fundo\RGB_JPG_IMPUREZAS\grao_DSC_0224_id20.png,RGB_JPG_IMPUREZAS,RGB_JPG_IMPUREZAS
C:\Users\eduar\Desktop\Soybe-main\data\com_fundo\RGB_JPG_IMPUREZAS\grao_DSC_0224_id200.png,RGB_JPG_IMPUREZAS,RGB_JPG_IMPUREZAS
C:\Users\eduar\Desktop\Soybe-main\data\com_fundo\RGB_JPG_IMPUREZAS\grao_DSC_0224_id201.png,RGB_JPG_IMPUREZAS,RGB_JPG_IMPUREZAS
C:\Users\eduar\Desktop\Soybe-main\data\com_fundo\RGB_JPG_IMPUREZAS\grao_DSC_0224_id202.png,RGB_JPG_IMPUREZAS,RGB_JPG_IMPUREZAS
C:\Users\eduar\Desktop\Soybe-main\data\com_fundo\RGB_JPG_IMPUREZAS\grao_DSC_0224_id203.png,RGB_JPG_IMPUREZAS,RGB_JPG_IMPUREZAS
C:\Users\eduar\Desktop\Soybe-main\data\com_fundo\RGB_JPG_IMPUREZAS\grao_DSC_0224_id204.png,RGB_JPG_IMPUREZAS,RGB_JPG_IMPUREZAS
C:\Users\eduar\Desktop\Soybe-main\data\com_fundo\RGB_JPG_IMPUREZAS\grao_DSC_0224_id205.png,RGB_JPG_IMPUREZAS,RGB_JPG_IMPUREZAS
C:\Users\eduar\Desktop\Soybe-main\data\com_fundo\RGB_JPG_IMPUREZAS\grao_DSC_0224_id206.png,RGB_JPG_IMPUREZAS,RGB_JPG_IMPUREZAS
C:\Users\eduar\Desktop\Soybe-main\data\com_fundo\RGB_JPG_IMPUREZAS\grao_DSC_0224_id207.png,RGB_JPG_IMPUREZAS,RGB_JPG_IMPUREZAS
C:\Users\eduar\Desktop\Soybe-main\data\com_fundo\RGB_JPG_IMPUREZAS\grao_DSC_0224_id208.png,RGB_JPG_IMPUREZAS,RGB_JPG_IMPUREZAS
C:\Users\eduar\Desktop\Soybe-main\data\com_fundo\RGB_JPG_IMPUREZAS\grao_DSC_0224_id21.png,RGB_JPG_IMPUREZAS,RGB_JPG_IMPUREZAS
C:\Users\eduar\Desktop\Soybe-main\data\com_fundo\RGB_JPG_IMPUREZAS\grao_DSC_0224_id210.png,RGB_JPG_IMPUREZAS,RGB_JPG_IMPUREZAS
C:\Users\eduar\Desktop\Soybe-main\data\com_fundo\RGB_JPG_IMPUREZAS\grao_DSC_0224_id211.png,RGB_JPG_IMPUREZAS,RGB_JPG_IMPUREZAS
C:\Users\eduar\Desktop\Soybe-main\data\com_fundo\RGB_JPG_IMPUREZAS\grao_DSC_0224_id215.png,RGB_JPG_IMPUREZAS,RGB_JPG_IMPUREZAS
C:\Users\eduar\Desktop\Soybe-main\data\com_fundo\RGB_JPG_IMPUREZAS\grao_DSC_0224_id217.png,RGB_JPG_IMPUREZAS,RGB_JPG_IMPUREZAS
C:\Users\eduar\Desktop\Soybe-main\data\com_fundo\RGB_JPG_IMPUREZAS\grao_DSC_0224_id22.png,RGB_JPG_IMPUREZAS,RGB_JPG_IMPUREZAS
C:\Users\eduar\Desktop\Soybe-main\data\com_fundo\RGB_JPG_IMPUREZAS\grao_DSC_0224_id223.png,RGB_JPG_IMPUREZAS,RGB_JPG_IMPUREZAS
C:\Users\eduar\Desktop\Soybe-main\data\com_fundo\RGB_JPG_IMPUREZAS\grao_DSC_0224_id226.png,RGB_JPG_IMPUREZAS,RGB_JPG_IMPUREZAS
C:\Users\eduar\Desktop\Soybe-main\data\com_fundo\RGB_JPG_IMPUREZAS\grao_DSC_0224_id227.png,RGB_JPG_IMPUREZAS,RGB_JPG_IMPUREZAS
C:\Users\eduar\Desktop\Soybe-main\data\com_fundo\RGB_JPG_IMPUREZAS\grao_DSC_0224_id228.png,RGB_JPG_IMPUREZAS,RGB_JPG_IMPUREZAS
C:\Users\eduar\Desktop\Soybe-main\data\com_fundo\RGB_JPG_IMPUREZAS\grao_DSC_0224_id229.png,RGB_JPG_IMPUREZAS,RGB_JPG_IMPUREZAS
C:\Users\eduar\Desktop\Soybe-main\data\com_fundo\RGB_JPG_IMPUREZAS\grao_DSC_0224_id23.png,RGB_JPG_IMPUREZAS,RGB_JPG_IMPUREZAS
C:\Users\eduar\Desktop\Soybe-main\data\com_fundo\RGB_JPG_IMPUREZAS\grao_DSC_0224_id230.png,RGB_JPG_IMPUREZAS,RGB_JPG_IMPUREZAS
C:\Users\eduar\Desktop\Soybe-main\data\com_fundo\RGB_JPG_IMPUREZAS\grao_DSC_0224_id231.png,RGB_JPG_IMPUREZAS,RGB_JPG_IMPUREZAS
C:\Users\eduar\Desktop\Soybe-main\data\com_fundo\RGB_JPG_IMPUREZAS\grao_DSC_0224_id232.png,RGB_JPG_IMPUREZAS,RGB_JPG_IMPUREZAS
C:\Users\eduar\Desktop\Soybe-main\data\com_fundo\RGB_JPG_IMPUREZAS\grao_DSC_0224_id233.png,RGB_JPG_IMPUREZAS,RGB_JPG_IMPUREZAS
C:\Users\eduar\Desktop\Soybe-main\data\com_fundo\RGB_JPG_IMPUREZAS\grao_DSC_0224_id234.png,RGB_JPG_IMPUREZAS,RGB_JPG_IMPUREZAS
C:\Users\eduar\Desktop\Soybe-main\data\com_fundo\RGB_JPG_IMPUREZAS\grao_DSC_0224_id235.png,RGB_JPG_IMPUREZAS,RGB_JPG_IMPUREZAS
C:\Users\eduar\Desktop\Soybe-main\data\com_fundo\RGB_JPG_IMPUREZAS\grao_DSC_0224_id236.png,RGB_JPG_IMPUREZAS,RGB_JPG_IMPUREZAS
C:\Users\eduar\Desktop\Soybe-main\data\com_fundo\RGB_JPG_IMPUREZAS\grao_DSC_0224_id238.png,RGB_JPG_IMPUREZAS,RGB_JPG_IMPUREZAS
C:\Users\eduar\Desktop\Soybe-main\data\com_fundo\RGB_JPG_IMPUREZAS\grao_DSC_0224_id239.png,RGB_JPG_IMPUREZAS,RGB_JPG_IMPUREZAS
C:\Users\eduar\Desktop\Soybe-main\data\com_fundo\RGB_JPG_IMPUREZAS\grao_DSC_0224_id24.png,RGB_JPG_IMPUREZAS,RGB_JPG_IMPUREZAS
C:\Users\eduar\Desktop\Soybe-main\data\com_fundo\RGB_JPG_IMPUREZAS\grao_DSC_0224_id243.png,RGB_JPG_IMPUREZAS,RGB_JPG_IMPUREZAS
C:\Users\eduar\Desktop\Soybe-main\data\com_fundo\RGB_JPG_IMPUREZAS\grao_DSC_0224_id244.png,RGB_JPG_IMPUREZAS,RGB_JPG_IMPUREZAS
C:\Users\eduar\Desktop\Soybe-main\data\com_fundo\RGB_JPG_IMPUREZAS\grao_DSC_0224_id245.png,RGB_JPG_IMPUREZAS,RGB_JPG_IMPUREZAS
C:\Users\eduar\Desktop\Soybe-main\data\com_fundo\RGB_JPG_IMPUREZAS\grao_DSC_0224_id248.png,RGB_JPG_IMPUREZAS,RGB_JPG_IMPUREZAS
C:\Users\eduar\Desktop\Soybe-main\data\com_fundo\RGB_JPG_IMPUREZAS\grao_DSC_0224_id254.png,RGB_JPG_IMPUREZAS,RGB_JPG_IMPUREZAS
C:\Users\eduar\Desktop\Soybe-main\data\com_fundo\RGB_JPG_IMPUREZAS\grao_DSC_0224_id255.png,RGB_JPG_IMPUREZAS,RGB_JPG_IMPUREZAS
C:\Users\eduar\Desktop\Soybe-main\data\com_fundo\RGB_JPG_IMPUREZAS\grao_DSC_0224_id257.png,RGB_JPG_IMPUREZAS,RGB_JPG_IMPUREZAS
C:\Users\eduar\Desktop\Soybe-main\data\com_fundo\RGB_JPG_IMPUREZAS\grao_DSC_0224_id258.png,RGB_JPG_IMPUREZAS,RGB_JPG_IMPUREZAS
C:\Users\eduar\Desktop\Soybe-main\data\com_fundo\RGB_JPG_IMPUREZAS\grao_DSC_0224_id26.png,RGB_JPG_IMPUREZAS,RGB_JPG_IMPUREZAS
C:\Users\eduar\Desktop\Soybe-main\data\com_fundo\RGB_JPG_IMPUREZAS\grao_DSC_0224_id27.png,RGB_JPG_IMPUREZAS,RGB_JPG_IMPUREZAS
C:\Users\eduar\Desktop\Soybe-main\data\com_fundo\RGB_JPG_IMPUREZAS\grao_DSC_0224_id28.png,RGB_JPG_IMPUREZAS,RGB_JPG_IMPUREZAS
C:\Users\eduar\Desktop\Soybe-main\data\com_fundo\RGB_JPG_IMPUREZAS\grao_DSC_0224_id29.png,RGB_JPG_IMPUREZAS,RGB_JPG_IMPUREZAS
C:\Users\eduar\Desktop\Soybe-main\data\com_fundo\RGB_JPG_IMPUREZAS\grao_DSC_0224_id3.png,RGB_JPG_IMPUREZAS,RGB_JPG_IMPUREZAS
C:\Users\eduar\Desktop\Soybe-main\data\com_fundo\RGB_JPG_IMPUREZAS\grao_DSC_0224_id31.png,RGB_JPG_IMPUREZAS,RGB_JPG_IMPUREZAS
C:\Users\eduar\Desktop\Soybe-main\data\com_fundo\RGB_JPG_IMPUREZAS\grao_DSC_0224_id32.png,RGB_JPG_IMPUREZAS,RGB_JPG_IMPUREZAS
C:\Users\eduar\Desktop\Soybe-main\data\com_fundo\RGB_JPG_IMPUREZAS\grao_DSC_0224_id33.png,RGB_JPG_IMPUREZAS,RGB_JPG_IMPUREZAS
C:\Users\eduar\Desktop\Soybe-main\data\com_fundo\RGB_JPG_IMPUREZAS\grao_DSC_0224_id34.png,RGB_JPG_IMPUREZAS,RGB_JPG_IMPUREZAS
C:\Users\eduar\Desktop\Soybe-main\data\com_fundo\RGB_JPG_IMPUREZAS\grao_DSC_0224_id36.png,RGB_JPG_IMPUREZAS,RGB_JPG_IMPUREZAS
C:\Users\eduar\Desktop\Soybe-main\data\com_fundo\RGB_JPG_IMPUREZAS\grao_DSC_0224_id4.png,RGB_JPG_IMPUREZAS,RGB_JPG_IMPUREZAS
C:\Users\eduar\Desktop\Soybe-main\data\com_fundo\RGB_JPG_IMPUREZAS\grao_DSC_0224_id40.png,RGB_JPG_IMPUREZAS,RGB_JPG_IMPUREZAS
C:\Users\eduar\Desktop\Soybe-main\data\com_fundo\RGB_JPG_IMPUREZAS\grao_DSC_0224_id43.png,RGB_JPG_IMPUREZAS,RGB_JPG_IMPUREZAS
C:\Users\eduar\Desktop\Soybe-main\data\com_fundo\RGB_JPG_IMPUREZAS\grao_DSC_0224_id45.png,RGB_JPG_IMPUREZAS,RGB_JPG_IMPUREZAS
C:\Users\eduar\Desktop\Soybe-main\data\com_fundo\RGB_JPG_IMPUREZAS\grao_DSC_0224_id46.png,RGB_JPG_IMPUREZAS,RGB_JPG_IMPUREZAS
C:\Users\eduar\Desktop\Soybe-main\data\com_fundo\RGB_JPG_IMPUREZAS\grao_DSC_0224_id5.png,RGB_JPG_IMPUREZAS,RGB_JPG_IMPUREZAS
C:\Users\eduar\Desktop\Soybe-main\data\com_fundo\RGB_JPG_IMPUREZAS\grao_DSC_0224_id50.png,RGB_JPG_IMPUREZAS,RGB_JPG_IMPUREZAS
C:\Users\eduar\Desktop\Soybe-main\data\com_fundo\RGB_JPG_IMPUREZAS\grao_DSC_0224_id53.png,RGB_JPG_IMPUREZAS,RGB_JPG_IMPUREZAS
C:\Users\eduar\Desktop\Soybe-main\data\com_fundo\RGB_JPG_IMPUREZAS\grao_DSC_0224_id54.png,RGB_JPG_IMPUREZAS,RGB_JPG_IMPUREZAS
C:\Users\eduar\Desktop\Soybe-main\data\com_fundo\RGB_JPG_IMPUREZAS\grao_DSC_0224_id56.png,RGB_JPG_IMPUREZAS,RGB_JPG_IMPUREZAS
C:\Users\eduar\Desktop\Soybe-main\data\com_fundo\RGB_JPG_IMPUREZAS\grao_DSC_0224_id57.png,RGB_JPG_IMPUREZAS,RGB_JPG_IMPUREZAS
C:\Users\eduar\Desktop\Soybe-main\data\com_fundo\RGB_JPG_IMPUREZAS\grao_DSC_0224_id58.png,RGB_JPG_IMPUREZAS,RGB_JPG_IMPUREZAS
C:\Users\eduar\Desktop\Soybe-main\data\com_fundo\RGB_JPG_IMPUREZAS\grao_DSC_0224_id6.png,RGB_JPG_IMPUREZAS,RGB_JPG_IMPUREZAS
C:\Users\eduar\Desktop\Soybe-main\data\com_fundo\RGB_JPG_IMPUREZAS\grao_DSC_0224_id60.png,RGB_JPG_IMPUREZAS,RGB_JPG_IMPUREZAS
C:\Users\eduar\Desktop\Soybe-main\data\com_fundo\RGB_JPG_IMPUREZAS\grao_DSC_0224_id61.png,RGB_JPG_IMPUREZAS,RGB_JPG_IMPUREZAS
C:\Users\eduar\Desktop\Soybe-main\data\com_fundo\RGB_JPG_IMPUREZAS\grao_DSC_0224_id62.png,RGB_JPG_IMPUREZAS,RGB_JPG_IMPUREZAS
C:\Users\eduar\Desktop\Soybe-main\data\com_fundo\RGB_JPG_IMPUREZAS\grao_DSC_0224_id66.png,RGB_JPG_IMPUREZAS,RGB_JPG_IMPUREZAS
C:\Users\eduar\Desktop\Soybe-main\data\com_fundo\RGB_JPG_IMPUREZAS\grao_DSC_0224_id69.png,RGB_JPG_IMPUREZAS,RGB_JPG_IMPUREZAS
C:\Users\eduar\Desktop\Soybe-main\data\com_fundo\RGB_JPG_IMPUREZAS\grao_DSC_0224_id7.png,RGB_JPG_IMPUREZAS,RGB_JPG_IMPUREZAS
C:\Users\eduar\Desktop\Soybe-main\data\com_fundo\RGB_JPG_IMPUREZAS\grao_DSC_0224_id77.png,RGB_JPG_IMPUREZAS,RGB_JPG_IMPUREZAS
C:\Users\eduar\Desktop\Soybe-main\data\com_fundo\RGB_JPG_IMPUREZAS\grao_DSC_0224_id79.png,RGB_JPG_IMPUREZAS,RGB_JPG_IMPUREZAS
C:\Users\eduar\Desktop\Soybe-main\data\com_fundo\RGB_JPG_IMPUREZAS\grao_DSC_0224_id83.png,RGB_JPG_IMPUREZAS,RGB_JPG_IMPUREZAS
C:\Users\eduar\Desktop\Soybe-main\data\com_fundo\RGB_JPG_IMPUREZAS\grao_DSC_0224_id84.png,RGB_JPG_IMPUREZAS,RGB_JPG_IMPUREZAS
C:\Users\eduar\Desktop\Soybe-main\data\com_fundo\RGB_JPG_IMPUREZAS\grao_DSC_0224_id85.png,RGB_JPG_IMPUREZAS,RGB_JPG_IMPUREZAS
C:\Users\eduar\Desktop\Soybe-main\data\com_fundo\RGB_JPG_IMPUREZAS\grao_DSC_0224_id86.png,RGB_JPG_IMPUREZAS,RGB_JPG_IMPUREZAS
C:\Users\eduar\Desktop\Soybe-main\data\com_fundo\RGB_JPG_IMPUREZAS\grao_DSC_0224_id87.png,RGB_JPG_IMPUREZAS,RGB_JPG_IMPUREZAS
C:\Users\eduar\Desktop\Soybe-main\data\com_fundo\RGB_JPG_IMPUREZAS\grao_DSC_0224_id88.png,RGB_JPG_IMPUREZAS,RGB_JPG_IMPUREZAS
C:\Users\eduar\Desktop\Soybe-main\data\com_fundo\RGB_JPG_IMPUREZAS\grao_DSC_0224_id89.png,RGB_JPG_IMPUREZAS,RGB_JPG_IMPUREZAS
C:\Users\eduar\Desktop\Soybe-main\data\com_fundo\RGB_JPG_IMPUREZAS\grao_DSC_0224_id90.png,RGB_JPG_IMPUREZAS,RGB_JPG_IMPUREZAS
C:\Users\eduar\Desktop\Soybe-main\data\com_fundo\RGB_JPG_IMPUREZAS\grao_DSC_0224_id91.png,RGB_JPG_IMPUREZAS,RGB_JPG_IMPUREZAS
C:\Users\eduar\Desktop\Soybe-main\data\com_fundo\RGB_JPG_IMPUREZAS\grao_DSC_0224_id92.png,RGB_JPG_IMPUREZAS,RGB_JPG_IMPUREZAS
C:\Users\eduar\Desktop\Soybe-main\data\com_fundo\RGB_JPG_IMPUREZAS\grao_DSC_0224_id93.png,RGB_JPG_IMPUREZAS,RGB_JPG_IMPUREZAS
C:\Users\eduar\Desktop\Soybe-main\data\com_fundo\RGB_JPG_IMPUREZAS\grao_DSC_0224_id94.png,RGB_JPG_IMPUREZAS,RGB_JPG_IMPUREZAS
C:\Users\eduar\Desktop\Soybe-main\data\com_fundo\RGB_JPG_IMPUREZAS\grao_DSC_0226_id1.png,RGB_JPG_IMPUREZAS,RGB_JPG_IMPUREZAS
C:\Users\eduar\Desktop\Soybe-main\data\com_fundo\RGB_JPG_IMPUREZAS\grao_DSC_0226_id10.png,RGB_JPG_IMPUREZAS,RGB_JPG_IMPUREZAS
C:\Users\eduar\Desktop\Soybe-main\data\com_fundo\RGB_JPG_IMPUREZAS\grao_DSC_0226_id100.png,RGB_JPG_IMPUREZAS,RGB_JPG_IMPUREZAS
C:\Users\eduar\Desktop\Soybe-main\data\com_fundo\RGB_JPG_IMPUREZAS\grao_DSC_0226_id101.png,RGB_JPG_IMPUREZAS,RGB_JPG_IMPUREZAS
C:\Users\eduar\Desktop\Soybe-main\data\com_fundo\RGB_JPG_IMPUREZAS\grao_DSC_0226_id102.png,RGB_JPG_IMPUREZAS,RGB_JPG_IMPUREZAS
C:\Users\eduar\Desktop\Soybe-main\data\com_fundo\RGB_JPG_IMPUREZAS\grao_DSC_0226_id103.png,RGB_JPG_IMPUREZAS,RGB_JPG_IMPUREZAS
C:\Users\eduar\Desktop\Soybe-main\data\com_fundo\RGB_JPG_IMPUREZAS\grao_DSC_0226_id104.png,RGB_JPG_IMPUREZAS,RGB_JPG_IMPUREZAS
C:\Users\eduar\Desktop\Soybe-main\data\com_fundo\RGB_JPG_IMPUREZAS\grao_DSC_0226_id106.png,RGB_JPG_IMPUREZAS,RGB_JPG_IMPUREZAS
C:\Users\eduar\Desktop\Soybe-main\data\com_fundo\RGB_JPG_IMPUREZAS\grao_DSC_0226_id111.png,RGB_JPG_IMPUREZAS,RGB_JPG_IMPUREZAS
C:\Users\eduar\Desktop\Soybe-main\data\com_fundo\RGB_JPG_IMPUREZAS\grao_DSC_0226_id117.png,RGB_JPG_IMPUREZAS,RGB_JPG_IMPUREZAS
C:\Users\eduar\Desktop\Soybe-main\data\com_fundo\RGB_JPG_IMPUREZAS\grao_DSC_0226_id118.png,RGB_JPG_IMPUREZAS,RGB_JPG_IMPUREZAS
C:\Users\eduar\Desktop\Soybe-main\data\com_fundo\RGB_JPG_IMPUREZAS\grao_DSC_0226_id119.png,RGB_JPG_IMPUREZAS,RGB_JPG_IMPUREZAS
C:\Users\eduar\Desktop\Soybe-main\data\com_fundo\RGB_JPG_IMPUREZAS\grao_DSC_0226_id120.png,RGB_JPG_IMPUREZAS,RGB_JPG_IMPUREZAS
C:\Users\eduar\Desktop\Soybe-main\data\com_fundo\RGB_JPG_IMPUREZAS\grao_DSC_0226_id122.png,RGB_JPG_IMPUREZAS,RGB_JPG_IMPUREZAS
C:\Users\eduar\Desktop\Soybe-main\data\com_fundo\RGB_JPG_IMPUREZAS\grao_DSC_0226_id13.png,RGB_JPG_IMPUREZAS,RGB_JPG_IMPUREZAS
C:\Users\eduar\Desktop\Soybe-main\data\com_fundo\RGB_JPG_IMPUREZAS\grao_DSC_0226_id131.png,RGB_JPG_IMPUREZAS,RGB_JPG_IMPUREZAS
C:\Users\eduar\Desktop\Soybe-main\data\com_fundo\RGB_JPG_IMPUREZAS\grao_DSC_0226_id132.png,RGB_JPG_IMPUREZAS,RGB_JPG_IMPUREZAS
C:\Users\eduar\Desktop\Soybe-main\data\com_fundo\RGB_JPG_IMPUREZAS\grao_DSC_0226_id133.png,RGB_JPG_IMPUREZAS,RGB_JPG_IMPUREZAS
C:\Users\eduar\Desktop\Soybe-main\data\com_fundo\RGB_JPG_IMPUREZAS\grao_DSC_0226_id134.png,RGB_JPG_IMPUREZAS,RGB_JPG_IMPUREZAS
C:\Users\eduar\Desktop\Soybe-main\data\com_fundo\RGB_JPG_IMPUREZAS\grao_DSC_0226_id135.png,RGB_JPG_IMPUREZAS,RGB_JPG_IMPUREZAS
C:\Users\eduar\Desktop\Soybe-main\data\com_fundo\RGB_JPG_IMPUREZAS\grao_DSC_0226_id136.png,RGB_JPG_IMPUREZAS,RGB_JPG_IMPUREZAS
C:\Users\eduar\Desktop\Soybe-main\data\com_fundo\RGB_JPG_IMPUREZAS\grao_DSC_0226_id140.png,RGB_JPG_IMPUREZAS,RGB_JPG_IMPUREZAS
C:\Users\eduar\Desktop\Soybe-main\data\com_fundo\RGB_JPG_IMPUREZAS\grao_DSC_0226_id147.png,RGB_JPG_IMPUREZAS,RGB_JPG_IMPUREZAS
C:\Users\eduar\Desktop\Soybe-main\data\com_fundo\RGB_JPG_IMPUREZAS\grao_DSC_0226_id148.png,RGB_JPG_IMPUREZAS,RGB_JPG_IMPUREZAS
C:\Users\eduar\Desktop\Soybe-main\data\com_fundo\RGB_JPG_IMPUREZAS\grao_DSC_0226_id149.png,RGB_JPG_IMPUREZAS,RGB_JPG_IMPUREZAS
C:\Users\eduar\Desktop\Soybe-main\data\com_fundo\RGB_JPG_IMPUREZAS\grao_DSC_0226_id150.png,RGB_JPG_IMPUREZAS,RGB_JPG_IMPUREZAS
C:\Users\eduar\Desktop\Soybe-main\data\com_fundo\RGB_JPG_IMPUREZAS\grao_DSC_0226_id151.png,RGB_JPG_IMPUREZAS,RGB_JPG_IMPUREZAS
C:\Users\eduar\Desktop\Soybe-main\data\com_fundo\RGB_JPG_IMPUREZAS\grao_DSC_0226_id158.png,RGB_JPG_IMPUREZAS,RGB_JPG_IMPUREZAS
C:\Users\eduar\Desktop\Soybe-main\data\com_fundo\RGB_JPG_IMPUREZAS\grao_DSC_0226_id163.png,RGB_JPG_IMPUREZAS,RGB_JPG_IMPUREZAS
C:\Users\eduar\Desktop\Soybe-main\data\com_fundo\RGB_JPG_IMPUREZAS\grao_DSC_0226_id164.png,RGB_JPG_IMPUREZAS,RGB_JPG_IMPUREZAS
C:\Users\eduar\Desktop\Soybe-main\data\com_fundo\RGB_JPG_IMPUREZAS\grao_DSC_0226_id166.png,RGB_JPG_IMPUREZAS,RGB_JPG_IMPUREZAS
C:\Users\eduar\Desktop\Soybe-main\data\com_fundo\RGB_JPG_IMPUREZAS\grao_DSC_0226_id167.png,RGB_JPG_IMPUREZAS,RGB_JPG_IMPUREZAS
C:\Users\eduar\Desktop\Soybe-main\data\com_fundo\RGB_JPG_IMPUREZAS\grao_DSC_0226_id176.png,RGB_JPG_IMPUREZAS,RGB_JPG_IMPUREZAS
C:\Users\eduar\Desktop\Soybe-main\data\com_fundo\RGB_JPG_IMPUREZAS\grao_DSC_0226_id18.png,RGB_JPG_IMPUREZAS,RGB_JPG_IMPUREZAS
C:\Users\eduar\Desktop\Soybe-main\data\com_fundo\RGB_JPG_IMPUREZAS\grao_DSC_0226_id182.png,RGB_JPG_IMPUREZAS,RGB_JPG_IMPUREZAS
C:\Users\eduar\Desktop\Soybe-main\data\com_fundo\RGB_JPG_IMPUREZAS\grao_DSC_0226_id183.png,RGB_JPG_IMPUREZAS,RGB_JPG_IMPUREZAS
C:\Users\eduar\Desktop\Soybe-main\data\com_fundo\RGB_JPG_IMPUREZAS\grao_DSC_0226_id184.png,RGB_JPG_IMPUREZAS,RGB_JPG_IMPUREZAS
C:\Users\eduar\Desktop\Soybe-main\data\com_fundo\RGB_JPG_IMPUREZAS\grao_DSC_0226_id185.png,RGB_JPG_IMPUREZAS,RGB_JPG_IMPUREZAS
C:\Users\eduar\Desktop\Soybe-main\data\com_fundo\RGB_JPG_IMPUREZAS\grao_DSC_0226_id186.png,RGB_JPG_IMPUREZAS,RGB_JPG_IMPUREZAS
C:\Users\eduar\Desktop\Soybe-main\data\com_fundo\RGB_JPG_IMPUREZAS\grao_DSC_0226_id188.png,RGB_JPG_IMPUREZAS,RGB_JPG_IMPUREZAS
C:\Users\eduar\Desktop\Soybe-main\data\com_fundo\RGB_JPG_IMPUREZAS\grao_DSC_0226_id189.png,RGB_JPG_IMPUREZAS,RGB_JPG_IMPUREZAS
C:\Users\eduar\Desktop\Soybe-main\data\com_fundo\RGB_JPG_IMPUREZAS\grao_DSC_0226_id190.png,RGB_JPG_IMPUREZAS,RGB_JPG_IMPUREZAS
C:\Users\eduar\Desktop\Soybe-main\data\com_fundo\RGB_JPG_IMPUREZAS\grao_DSC_0226_id193.png,RGB_JPG_IMPUREZAS,RGB_JPG_IMPUREZAS
C:\Users\eduar\Desktop\Soybe-main\data\com_fundo\RGB_JPG_IMPUREZAS\grao_DSC_0226_id2.png,RGB_JPG_IMPUREZAS,RGB_JPG_IMPUREZAS
C:\Users\eduar\Desktop\Soybe-main\data\com_fundo\RGB_JPG_IMPUREZAS\grao_DSC_0226_id20.png,RGB_JPG_IMPUREZAS,RGB_JPG_IMPUREZAS
C:\Users\eduar\Desktop\Soybe-main\data\com_fundo\RGB_JPG_IMPUREZAS\grao_DSC_0226_id200.png,RGB_JPG_IMPUREZAS,RGB_JPG_IMPUREZAS
C:\Users\eduar\Desktop\Soybe-main\data\com_fundo\RGB_JPG_IMPUREZAS\grao_DSC_0226_id201.png,RGB_JPG_IMPUREZAS,RGB_JPG_IMPUREZAS
C:\Users\eduar\Desktop\Soybe-main\data\com_fundo\RGB_JPG_IMPUREZAS\grao_DSC_0226_id202.png,RGB_JPG_IMPUREZAS,RGB_JPG_IMPUREZAS
C:\Users\eduar\Desktop\Soybe-main\data\com_fundo\RGB_JPG_IMPUREZAS\grao_DSC_0226_id203.png,RGB_JPG_IMPUREZAS,RGB_JPG_IMPUREZAS
C:\Users\eduar\Desktop\Soybe-main\data\com_fundo\RGB_JPG_IMPUREZAS\grao_DSC_0226_id205.png,RGB_JPG_IMPUREZAS,RGB_JPG_IMPUREZAS
C:\Users\eduar\Desktop\Soybe-main\data\com_fundo\RGB_JPG_IMPUREZAS\grao_DSC_0226_id206.png,RGB_JPG_IMPUREZAS,RGB_JPG_IMPUREZAS
C:\Users\eduar\Desktop\Soybe-main\data\com_fundo\RGB_JPG_IMPUREZAS\grao_DSC_0226_id207.png,RGB_JPG_IMPUREZAS,RGB_JPG_IMPUREZAS
C:\Users\eduar\Desktop\Soybe-main\data\com_fundo\RGB_JPG_IMPUREZAS\grao_DSC_0226_id208.png,RGB_JPG_IMPUREZAS,RGB_JPG_IMPUREZAS
C:\Users\eduar\Desktop\Soybe-main\data\com_fundo\RGB_JPG_IMPUREZAS\grao_DSC_0226_id209.png,RGB_JPG_IMPUREZAS,RGB_JPG_IMPUREZAS
C:\Users\eduar\Desktop\Soybe-main\data\com_fundo\RGB_JPG_IMPUREZAS\grao_DSC_0226_id21.png,RGB_JPG_IMPUREZAS,RGB_JPG_IMPUREZAS
C:\Users\eduar\Desktop\Soybe-main\data\com_fundo\RGB_JPG_IMPUREZAS\grao_DSC_0226_id218.png,RGB_JPG_IMPUREZAS,RGB_JPG_IMPUREZAS
C:\Users\eduar\Desktop\Soybe-main\data\com_fundo\RGB_JPG_IMPUREZAS\grao_DSC_0226_id219.png,RGB_JPG_IMPUREZAS,RGB_JPG_IMPUREZAS
C:\Users\eduar\Desktop\Soybe-main\data\com_fundo\RGB_JPG_IMPUREZAS\grao_DSC_0226_id22.png,RGB_JPG_IMPUREZAS,RGB_JPG_IMPUREZAS
C:\Users\eduar\Desktop\Soybe-main\data\com_fundo\RGB_JPG_IMPUREZAS\grao_DSC_0226_id221.png,RGB_JPG_IMPUREZAS,RGB_JPG_IMPUREZAS
C:\Users\eduar\Desktop\Soybe-main\data\com_fundo\RGB_JPG_IMPUREZAS\grao_DSC_0226_id222.png,RGB_JPG_IMPUREZAS,RGB_JPG_IMPUREZAS
C:\Users\eduar\Desktop\Soybe-main\data\com_fundo\RGB_JPG_IMPUREZAS\grao_DSC_0226_id225.png,RGB_JPG_IMPUREZAS,RGB_JPG_IMPUREZAS
C:\Users\eduar\Desktop\Soybe-main\data\com_fundo\RGB_JPG_IMPUREZAS\grao_DSC_0226_id23.png,RGB_JPG_IMPUREZAS,RGB_JPG_IMPUREZAS
C:\Users\eduar\Desktop\Soybe-main\data\com_fundo\RGB_JPG_IMPUREZAS\grao_DSC_0226_id24.png,RGB_JPG_IMPUREZAS,RGB_JPG_IMPUREZAS
C:\Users\eduar\Desktop\Soybe-main\data\com_fundo\RGB_JPG_IMPUREZAS\grao_DSC_0226_id25.png,RGB_JPG_IMPUREZAS,RGB_JPG_IMPUREZAS
C:\Users\eduar\Desktop\Soybe-main\data\com_fundo\RGB_JPG_IMPUREZAS\grao_DSC_0226_id26.png,RGB_JPG_IMPUREZAS,RGB_JPG_IMPUREZAS
C:\Users\eduar\Desktop\Soybe-main\data\com_fundo\RGB_JPG_IMPUREZAS\grao_DSC_0226_id3.png,RGB_JPG_IMPUREZAS,RGB_JPG_IMPUREZAS
C:\Users\eduar\Desktop\Soybe-main\data\com_fundo\RGB_JPG_IMPUREZAS\grao_DSC_0226_id32.png,RGB_JPG_IMPUREZAS,RGB_JPG_IMPUREZAS
C:\Users\eduar\Desktop\Soybe-main\data\com_fundo\RGB_JPG_IMPUREZAS\grao_DSC_0226_id34.png,RGB_JPG_IMPUREZAS,RGB_JPG_IMPUREZAS
C:\Users\eduar\Desktop\Soybe-main\data\com_fundo\RGB_JPG_IMPUREZAS\grao_DSC_0226_id35.png,RGB_JPG_IMPUREZAS,RGB_JPG_IMPUREZAS
C:\Users\eduar\Desktop\Soybe-main\data\com_fundo\RGB_JPG_IMPUREZAS\grao_DSC_0226_id36.png,RGB_JPG_IMPUREZAS,RGB_JPG_IMPUREZAS
C:\Users\eduar\Desktop\Soybe-main\data\com_fundo\RGB_JPG_IMPUREZAS\grao_DSC_0226_id38.png,RGB_JPG_IMPUREZAS,RGB_JPG_IMPUREZAS
C:\Users\eduar\Desktop\Soybe-main\data\com_fundo\RGB_JPG_IMPUREZAS\grao_DSC_0226_id4.png,RGB_JPG_IMPUREZAS,RGB_JPG_IMPUREZAS
C:\Users\eduar\Desktop\Soybe-main\data\com_fundo\RGB_JPG_IMPUREZAS\grao_DSC_0226_id40.png,RGB_JPG_IMPUREZAS,RGB_JPG_ESVERDEADO
C:\Users\eduar\Desktop\Soybe-main\data\com_fundo\RGB_JPG_IMPUREZAS\grao_DSC_0226_id41.png,RGB_JPG_IMPUREZAS,RGB_JPG_IMPUREZAS
C:\Users\eduar\Desktop\Soybe-main\data\com_fundo\RGB_JPG_IMPUREZAS\grao_DSC_0226_id42.png,RGB_JPG_IMPUREZAS,RGB_JPG_IMPUREZAS
C:\Users\eduar\Desktop\Soybe-main\data\com_fundo\RGB_JPG_IMPUREZAS\grao_DSC_0226_id47.png,RGB_JPG_IMPUREZAS,RGB_JPG_IMPUREZAS
C:\Users\eduar\Desktop\Soybe-main\data\com_fundo\RGB_JPG_IMPUREZAS\grao_DSC_0226_id48.png,RGB_JPG_IMPUREZAS,RGB_JPG_IMPUREZAS
C:\Users\eduar\Desktop\Soybe-main\data\com_fundo\RGB_JPG_IMPUREZAS\grao_DSC_0226_id5.png,RGB_JPG_IMPUREZAS,RGB_JPG_IMPUREZAS
C:\Users\eduar\Desktop\Soybe-main\data\com_fundo\RGB_JPG_IMPUREZAS\grao_DSC_0226_id50.png,RGB_JPG_IMPUREZAS,RGB_JPG_IMPUREZAS
C:\Users\eduar\Desktop\Soybe-main\data\com_fundo\RGB_JPG_IMPUREZAS\grao_DSC_0226_id54.png,RGB_JPG_IMPUREZAS,RGB_JPG_IMPUREZAS
C:\Users\eduar\Desktop\Soybe-main\data\com_fundo\RGB_JPG_IMPUREZAS\grao_DSC_0226_id55.png,RGB_JPG_IMPUREZAS,RGB_JPG_IMPUREZAS
C:\Users\eduar\Desktop\Soybe-main\data\com_fundo\RGB_JPG_IMPUREZAS\grao_DSC_0226_id58.png,RGB_JPG_IMPUREZAS,RGB_JPG_IMPUREZAS
C:\Users\eduar\Desktop\Soybe-main\data\com_fundo\RGB_JPG_IMPUREZAS\grao_DSC_0226_id59.png,RGB_JPG_IMPUREZAS,RGB_JPG_IMPUREZAS
C:\Users\eduar\Desktop\Soybe-main\data\com_fundo\RGB_JPG_IMPUREZAS\grao_DSC_0226_id60.png,RGB_JPG_IMPUREZAS,RGB_JPG_IMPUREZAS
C:\Users\eduar\Desktop\Soybe-main\data\com_fundo\RGB_JPG_IMPUREZAS\grao_DSC_0226_id61.png,RGB_JPG_IMPUREZAS,RGB_JPG_IMPUREZAS
C:\Users\eduar\Desktop\Soybe-main\data\com_fundo\RGB_JPG_IMPUREZAS\grao_DSC_0226_id62.png,RGB_JPG_IMPUREZAS,RGB_JPG_QUEBRADOS
C:\Users\eduar\Desktop\Soybe-main\data\com_fundo\RGB_JPG_IMPUREZAS\grao_DSC_0226_id63.png,RGB_JPG_IMPUREZAS,RGB_JPG_IMPUREZAS
C:\Users\eduar\Desktop\Soybe-main\data\com_fundo\RGB_JPG_IMPUREZAS\grao_DSC_0226_id64.png,RGB_JPG_IMPUREZAS,RGB_JPG_IMPUREZAS
C:\Users\eduar\Desktop\Soybe-main\data\com_fundo\RGB_JPG_IMPUREZAS\grao_DSC_0226_id65.png,RGB_JPG_IMPUREZAS,RGB_JPG_IMPUREZAS
C:\Users\eduar\Desktop\Soybe-main\data\com_fundo\RGB_JPG_IMPUREZAS\grao_DSC_0226_id68.png,RGB_JPG_IMPUREZAS,RGB_JPG_IMPUREZAS
C:\Users\eduar\Desktop\Soybe-main\data\com_fundo\RGB_JPG_IMPUREZAS\grao_DSC_0226_id74.png,RGB_JPG_IMPUREZAS,RGB_JPG_IMPUREZAS
C:\Users\eduar\Desktop\Soybe-main\data\com_fundo\RGB_JPG_IMPUREZAS\grao_DSC_0226_id75.png,RGB_JPG_IMPUREZAS,RGB_JPG_IMPUREZAS
C:\Users\eduar\Desktop\Soybe-main\data\com_fundo\RGB_JPG_IMPUREZAS\grao_DSC_0226_id77.png,RGB_JPG_IMPUREZAS,RGB_JPG_IMPUREZAS
C:\Users\eduar\Desktop\Soybe-main\data\com_fundo\RGB_JPG_IMPUREZAS\grao_DSC_0226_id78.png,RGB_JPG_IMPUREZAS,RGB_JPG_IMPUREZAS
C:\Users\eduar\Desktop\Soybe-main\data\com_fundo\RGB_JPG_IMPUREZAS\grao_DSC_0226_id79.png,RGB_JPG_IMPUREZAS,RGB_JPG_IMPUREZAS
C:\Users\eduar\Desktop\Soybe-main\data\com_fundo\RGB_JPG_IMPUREZAS\grao_DSC_0226_id8.png,RGB_JPG_IMPUREZAS,RGB_JPG_IMPUREZAS
C:\Users\eduar\Desktop\Soybe-main\data\com_fundo\RGB_JPG_IMPUREZAS\grao_DSC_0226_id80.png,RGB_JPG_IMPUREZAS,RGB_JPG_IMPUREZAS
C:\Users\eduar\Desktop\Soybe-main\data\com_fundo\RGB_JPG_IMPUREZAS\grao_DSC_0226_id81.png,RGB_JPG_IMPUREZAS,RGB_JPG_IMPUREZAS
C:\Users\eduar\Desktop\Soybe-main\data\com_fundo\RGB_JPG_IMPUREZAS\grao_DSC_0226_id83.png,RGB_JPG_IMPUREZAS,RGB_JPG_IMPUREZAS
C:\Users\eduar\Desktop\Soybe-main\data\com_fundo\RGB_JPG_IMPUREZAS\grao_DSC_0226_id91.png,RGB_JPG_IMPUREZAS,RGB_JPG_IMPUREZAS
C:\Users\eduar\Desktop\Soybe-main\data\com_fundo\RGB_JPG_IMPUREZAS\grao_DSC_0226_id92.png,RGB_JPG_IMPUREZAS,RGB_JPG_IMPUREZAS
C:\Users\eduar\Desktop\Soybe-main\data\com_fundo\RGB_JPG_IMPUREZAS\grao_DSC_0226_id93.png,RGB_JPG_IMPUREZAS,RGB_JPG_IMPUREZAS
C:\Users\eduar\Desktop\Soybe-main\data\com_fundo\RGB_JPG_IMPUREZAS\grao_DSC_0226_id94.png,RGB_JPG_IMPUREZAS,RGB_JPG_IMPUREZAS
C:\Users\eduar\Desktop\Soybe-main\data\com_fundo\RGB_JPG_IMPUREZAS\grao_DSC_0226_id95.png,RGB_JPG_IMPUREZAS,RGB_JPG_IMPUREZAS
C:\Users\eduar\Desktop\Soybe-main\data\com_fundo\RGB_JPG_IMPUREZAS\grao_DSC_0226_id96.png,RGB_JPG_IMPUREZAS,RGB_JPG_IMPUREZAS
C:\Users\eduar\Desktop\Soybe-main\data\com_fundo\RGB_JPG_IMPUREZAS\grao_DSC_0226_id97.png,RGB_JPG_IMPUREZAS,RGB_JPG_IMPUREZAS
C:\Users\eduar\Desktop\Soybe-main\data\com_fundo\RGB_JPG_IMPUREZAS\grao_DSC_0226_id98.png,RGB_JPG_IMPUREZAS,RGB_JPG_IMPUREZAS
C:\Users\eduar\Desktop\Soybe-main\data\com_fundo\RGB_JPG_IMPUREZAS\grao_DSC_0226_id99.png,RGB_JPG_IMPUREZAS,RGB_JPG_IMPUREZAS
C:\Users\eduar\Desktop\Soybe-main\data\com_fundo\RGB_JPG_IMPUREZAS\grao_DSC_0236_id1.png,RGB_JPG_IMPUREZAS,RGB_JPG_IMPUREZAS
C:\Users\eduar\Desktop\Soybe-main\data\com_fundo\RGB_JPG_IMPUREZAS\grao_DSC_0236_id10.png,RGB_JPG_IMPUREZAS,RGB_JPG_IMPUREZAS
C:\Users\eduar\Desktop\Soybe-main\data\com_fundo\RGB_JPG_IMPUREZAS\grao_DSC_0236_id100.png,RGB_JPG_IMPUREZAS,RGB_JPG_IMPUREZAS
C:\Users\eduar\Desktop\Soybe-main\data\com_fundo\RGB_JPG_IMPUREZAS\grao_DSC_0236_id101.png,RGB_JPG_IMPUREZAS,RGB_JPG_IMPUREZAS
C:\Users\eduar\Desktop\Soybe-main\data\com_fundo\RGB_JPG_IMPUREZAS\grao_DSC_0236_id102.png,RGB_JPG_IMPUREZAS,RGB_JPG_IMPUREZAS
C:\Users\eduar\Desktop\Soybe-main\data\com_fundo\RGB_JPG_IMPUREZAS\grao_DSC_0236_id103.png,RGB_JPG_IMPUREZAS,RGB_JPG_IMPUREZAS
C:\Users\eduar\Desktop\Soybe-main\data\com_fundo\RGB_JPG_IMPUREZAS\grao_DSC_0236_id105.png,RGB_JPG_IMPUREZAS,RGB_JPG_IMPUREZAS
C:\Users\eduar\Desktop\Soybe-main\data\com_fundo\RGB_JPG_IMPUREZAS\grao_DSC_0236_id106.png,RGB_JPG_IMPUREZAS,RGB_JPG_IMPUREZAS
C:\Users\eduar\Desktop\Soybe-main\data\com_fundo\RGB_JPG_IMPUREZAS\grao_DSC_0236_id107.png,RGB_JPG_IMPUREZAS,RGB_JPG_IMPUREZAS
C:\Users\eduar\Desktop\Soybe-main\data\com_fundo\RGB_JPG_IMPUREZAS\grao_DSC_0236_id11.png,RGB_JPG_IMPUREZAS,RGB_JPG_IMPUREZAS
C:\Users\eduar\Desktop\Soybe-main\data\com_fundo\RGB_JPG_IMPUREZAS\grao_DSC_0236_id110.png,RGB_JPG_IMPUREZAS,RGB_JPG_IMPUREZAS
C:\Users\eduar\Desktop\Soybe-main\data\com_fundo\RGB_JPG_IMPUREZAS\grao_DSC_0236_id111.png,RGB_JPG_IMPUREZAS,RGB_JPG_IMPUREZAS
C:\Users\eduar\Desktop\Soybe-main\data\com_fundo\RGB_JPG_IMPUREZAS\grao_DSC_0236_id114.png,RGB_JPG_IMPUREZAS,RGB_JPG_IMPUREZAS
C:\Users\eduar\Desktop\Soybe-main\data\com_fundo\RGB_JPG_IMPUREZAS\grao_DSC_0236_id117.png,RGB_JPG_IMPUREZAS,RGB_JPG_IMPUREZAS
C:\Users\eduar\Desktop\Soybe-main\data\com_fundo\RGB_JPG_IMPUREZAS\grao_DSC_0236_id120.png,RGB_JPG_IMPUREZAS,RGB_JPG_IMPUREZAS
C:\Users\eduar\Desktop\Soybe-main\data\com_fundo\RGB_JPG_IMPUREZAS\grao_DSC_0236_id121.png,RGB_JPG_IMPUREZAS,RGB_JPG_IMPUREZAS
C:\Users\eduar\Desktop\Soybe-main\data\com_fundo\RGB_JPG_IMPUREZAS\grao_DSC_0236_id124.png,RGB_JPG_IMPUREZAS,RGB_JPG_IMPUREZAS
C:\Users\eduar\Desktop\Soybe-main\data\com_fundo\RGB_JPG_IMPUREZAS\grao_DSC_0236_id125.png,RGB_JPG_IMPUREZAS,RGB_JPG_IMPUREZAS
C:\Users\eduar\Desktop\Soybe-main\data\com_fundo\RGB_JPG_IMPUREZAS\grao_DSC_0236_id126.png,RGB_JPG_IMPUREZAS,RGB_JPG_IMPUREZAS
C:\Users\eduar\Desktop\Soybe-main\data\com_fundo\RGB_JPG_IMPUREZAS\grao_DSC_0236_id127.png,RGB_JPG_IMPUREZAS,RGB_JPG_IMPUREZAS
C:\Users\eduar\Desktop\Soybe-main\data\com_fundo\RGB_JPG_IMPUREZAS\grao_DSC_0236_id129.png,RGB_JPG_IMPUREZAS,RGB_JPG_IMPUREZAS
C:\Users\eduar\Desktop\Soybe-main\data\com_fundo\RGB_JPG_IMPUREZAS\grao_DSC_0236_id13.png,RGB_JPG_IMPUREZAS,RGB_JPG_IMPUREZAS
C:\Users\eduar\Desktop\Soybe-main\data\com_fundo\RGB_JPG_IMPUREZAS\grao_DSC_0236_id130.png,RGB_JPG_IMPUREZAS,RGB_JPG_IMPUREZAS
C:\Users\eduar\Desktop\Soybe-main\data\com_fundo\RGB_JPG_IMPUREZAS\grao_DSC_0236_id131.png,RGB_JPG_IMPUREZAS,RGB_JPG_IMPUREZAS
C:\Users\eduar\Desktop\Soybe-main\data\com_fundo\RGB_JPG_IMPUREZAS\grao_DSC_0236_id132.png,RGB_JPG_IMPUREZAS,RGB_JPG_IMPUREZAS
C:\Users\eduar\Desktop\Soybe-main\data\com_fundo\RGB_JPG_IMPUREZAS\grao_DSC_0236_id133.png,RGB_JPG_IMPUREZAS,RGB_JPG_IMPUREZAS
C:\Users\eduar\Desktop\Soybe-main\data\com_fundo\RGB_JPG_IMPUREZAS\grao_DSC_0236_id134.png,RGB_JPG_IMPUREZAS,RGB_JPG_IMPUREZAS
C:\Users\eduar\Desktop\Soybe-main\data\com_fundo\RGB_JPG_IMPUREZAS\grao_DSC_0236_id135.png,RGB_JPG_IMPUREZAS,RGB_JPG_IMPUREZAS
C:\Users\eduar\Desktop\Soybe-main\data\com_fundo\RGB_JPG_IMPUREZAS\grao_DSC_0236_id136.png,RGB_JPG_IMPUREZAS,RGB_JPG_IMPUREZAS
C:\Users\eduar\Desktop\Soybe-main\data\com_fundo\RGB_JPG_IMPUREZAS\grao_DSC_0236_id137.png,RGB_JPG_IMPUREZAS,RGB_JPG_IMPUREZAS
C:\Users\eduar\Desktop\Soybe-main\data\com_fundo\RGB_JPG_IMPUREZAS\grao_DSC_0236_id138.png,RGB_JPG_IMPUREZAS,RGB_JPG_IMPUREZAS
C:\Users\eduar\Desktop\Soybe-main\data\com_fundo\RGB_JPG_IMPUREZAS\grao_DSC_0236_id140.png,RGB_JPG_IMPUREZAS,RGB_JPG_IMPUREZAS
C:\Users\eduar\Desktop\Soybe-main\data\com_fundo\RGB_JPG_IMPUREZAS\grao_DSC_0236_id141.png,RGB_JPG_IMPUREZAS,RGB_JPG_IMPUREZAS
C:\Users\eduar\Desktop\Soybe-main\data\com_fundo\RGB_JPG_IMPUREZAS\grao_DSC_0236_id142.png,RGB_JPG_IMPUREZAS,RGB_JPG_IMPUREZAS
C:\Users\eduar\Desktop\Soybe-main\data\com_fundo\RGB_JPG_IMPUREZAS\grao_DSC_0236_id144.png,RGB_JPG_IMPUREZAS,RGB_JPG_IMPUREZAS
C:\Users\eduar\Desktop\Soybe-main\data\com_fundo\RGB_JPG_IMPUREZAS\grao_DSC_0236_id146.png,RGB_JPG_IMPUREZAS,RGB_JPG_IMPUREZAS
C:\Users\eduar\Desktop\Soybe-main\data\com_fundo\RGB_JPG_IMPUREZAS\grao_DSC_0236_id152.png,RGB_JPG_IMPUREZAS,RGB_JPG_IMPUREZAS
C:\Users\eduar\Desktop\Soybe-main\data\com_fundo\RGB_JPG_IMPUREZAS\grao_DSC_0236_id157.png,RGB_JPG_IMPUREZAS,RGB_JPG_IMPUREZAS
C:\Users\eduar\Desktop\Soybe-main\data\com_fundo\RGB_JPG_IMPUREZAS\grao_DSC_0236_id158.png,RGB_JPG_IMPUREZAS,RGB_JPG_IMPUREZAS
C:\Users\eduar\Desktop\Soybe-main\data\com_fundo\RGB_JPG_IMPUREZAS\grao_DSC_0236_id159.png,RGB_JPG_IMPUREZAS,RGB_JPG_IMPUREZAS
C:\Users\eduar\Desktop\Soybe-main\data\com_fundo\RGB_JPG_IMPUREZAS\grao_DSC_0236_id161.png,RGB_JPG_IMPUREZAS,RGB_JPG_IMPUREZAS
C:\Users\eduar\Desktop\Soybe-main\data\com_fundo\RGB_JPG_IMPUREZAS\grao_DSC_0236_id162.png,RGB_JPG_IMPUREZAS,RGB_JPG_IMPUREZAS
C:\Users\eduar\Desktop\Soybe-main\data\com_fundo\RGB_JPG_IMPUREZAS\grao_DSC_0236_id163.png,RGB_JPG_IMPUREZAS,RGB_JPG_IMPUREZAS
C:\Users\eduar\Desktop\Soybe-main\data\com_fundo\RGB_JPG_IMPUREZAS\grao_DSC_0236_id164.png,RGB_JPG_IMPUREZAS,RGB_JPG_IMPUREZAS
C:\Users\eduar\Desktop\Soybe-main\data\com_fundo\RGB_JPG_IMPUREZAS\grao_DSC_0236_id165.png,RGB_JPG_IMPUREZAS,RGB_JPG_IMPUREZAS
C:\Users\eduar\Desktop\Soybe-main\data\com_fundo\RGB_JPG_IMPUREZAS\grao_DSC_0236_id166.png,RGB_JPG_IMPUREZAS,RGB_JPG_IMPUREZAS
C:\Users\eduar\Desktop\Soybe-main\data\com_fundo\RGB_JPG_IMPUREZAS\grao_DSC_0236_id167.png,RGB_JPG_IMPUREZAS,RGB_JPG_IMPUREZAS
C:\Users\eduar\Desktop\Soybe-main\data\com_fundo\RGB_JPG_IMPUREZAS\grao_DSC_0236_id168.png,RGB_JPG_IMPUREZAS,RGB_JPG_IMPUREZAS
C:\Users\eduar\Desktop\Soybe-main\data\com_fundo\RGB_JPG_IMPUREZAS\grao_DSC_0236_id169.png,RGB_JPG_IMPUREZAS,RGB_JPG_IMPUREZAS
C:\Users\eduar\Desktop\Soybe-main\data\com_fundo\RGB_JPG_IMPUREZAS\grao_DSC_0236_id170.png,RGB_JPG_IMPUREZAS,RGB_JPG_IMPUREZAS
C:\Users\eduar\Desktop\Soybe-main\data\com_fundo\RGB_JPG_IMPUREZAS\grao_DSC_0236_id174.png,RGB_JPG_IMPUREZAS,RGB_JPG_IMPUREZAS
C:\Users\eduar\Desktop\Soybe-main\data\com_fundo\RGB_JPG_IMPUREZAS\grao_DSC_0236_id178.png,RGB_JPG_IMPUREZAS,RGB_JPG_IMPUREZAS
C:\Users\eduar\Desktop\Soybe-main\data\com_fundo\RGB_JPG_IMPUREZAS\grao_DSC_0236_id179.png,RGB_JPG_IMPUREZAS,RGB_JPG_IMPUREZAS
C:\Users\eduar\Desktop\Soybe-main\data\com_fundo\RGB_JPG_IMPUREZAS\grao_DSC_0236_id18.png,RGB_JPG_IMPUREZAS,RGB_JPG_IMPUREZAS
C:\Users\eduar\Desktop\Soybe-main\data\com_fundo\RGB_JPG_IMPUREZAS\grao_DSC_0236_id180.png,RGB_JPG_IMPUREZAS,RGB_JPG_IMPUREZAS
C:\Users\eduar\Desktop\Soybe-main\data\com_fundo\RGB_JPG_IMPUREZAS\grao_DSC_0236_id182.png,RGB_JPG_IMPUREZAS,RGB_JPG_IMPUREZAS
C:\Users\eduar\Desktop\Soybe-main\data\com_fundo\RGB_JPG_IMPUREZAS\grao_DSC_0236_id188.png,RGB_JPG_IMPUREZAS,RGB_JPG_IMPUREZAS
C:\Users\eduar\Desktop\Soybe-main\data\com_fundo\RGB_JPG_IMPUREZAS\grao_DSC_0236_id189.png,RGB_JPG_IMPUREZAS,RGB_JPG_IMPUREZAS
C:\Users\eduar\Desktop\Soybe-main\data\com_fundo\RGB_JPG_IMPUREZAS\grao_DSC_0236_id19.png,RGB_JPG_IMPUREZAS,RGB_JPG_IMPUREZAS
C:\Users\eduar\Desktop\Soybe-main\data\com_fundo\RGB_JPG_IMPUREZAS\grao_DSC_0236_id190.png,RGB_JPG_IMPUREZAS,RGB_JPG_IMPUREZAS
C:\Users\eduar\Desktop\Soybe-main\data\com_fundo\RGB_JPG_IMPUREZAS\grao_DSC_0236_id193.png,RGB_JPG_IMPUREZAS,RGB_JPG_IMPUREZAS
C:\Users\eduar\Desktop\Soybe-main\data\com_fundo\RGB_JPG_IMPUREZAS\grao_DSC_0236_id194.png,RGB_JPG_IMPUREZAS,RGB_JPG_IMPUREZAS
C:\Users\eduar\Desktop\Soybe-main\data\com_fundo\RGB_JPG_IMPUREZAS\grao_DSC_0236_id195.png,RGB_JPG_IMPUREZAS,RGB_JPG_IMPUREZAS
C:\Users\eduar\Desktop\Soybe-main\data\com_fundo\RGB_JPG_IMPUREZAS\grao_DSC_0236_id196.png,RGB_JPG_IMPUREZAS,RGB_JPG_IMPUREZAS
C:\Users\eduar\Desktop\Soybe-main\data\com_fundo\RGB_JPG_IMPUREZAS\grao_DSC_0236_id197.png,RGB_JPG_IMPUREZAS,RGB_JPG_IMPUREZAS
C:\Users\eduar\Desktop\Soybe-main\data\com_fundo\RGB_JPG_IMPUREZAS\grao_DSC_0236_id198.png,RGB_JPG_IMPUREZAS,RGB_JPG_IMPUREZAS
C:\Users\eduar\Desktop\Soybe-main\data\com_fundo\RGB_JPG_IMPUREZAS\grao_DSC_0236_id199.png,RGB_JPG_IMPUREZAS,RGB_JPG_IMPUREZAS
C:\Users\eduar\Desktop\Soybe-main\data\com_fundo\RGB_JPG_IMPUREZAS\grao_DSC_0236_id2.png,RGB_JPG_IMPUREZAS,RGB_JPG_IMPUREZAS
C:\Users\eduar\Desktop\Soybe-main\data\com_fundo\RGB_JPG_IMPUREZAS\grao_DSC_0236_id20.png,RGB_JPG_IMPUREZAS,RGB_JPG_IMPUREZAS
C:\Users\eduar\Desktop\Soybe-main\data\com_fundo\RGB_JPG_IMPUREZAS\grao_DSC_0236_id200.png,RGB_JPG_IMPUREZAS,RGB_JPG_IMPUREZAS
C:\Users\eduar\Desktop\Soybe-main\data\com_fundo\RGB_JPG_IMPUREZAS\grao_DSC_0236_id201.png,RGB_JPG_IMPUREZAS,RGB_JPG_IMPUREZAS
C:\Users\eduar\Desktop\Soybe-main\data\com_fundo\RGB_JPG_IMPUREZAS\grao_DSC_0236_id202.png,RGB_JPG_IMPUREZAS,RGB_JPG_IMPUREZAS
C:\Users\eduar\Desktop\Soybe-main\data\com_fundo\RGB_JPG_IMPUREZAS\grao_DSC_0236_id203.png,RGB_JPG_IMPUREZAS,RGB_JPG_IMPUREZAS
C:\Users\eduar\Desktop\Soybe-main\data\com_fundo\RGB_JPG_IMPUREZAS\grao_DSC_0236_id204.png,RGB_JPG_IMPUREZAS,RGB_JPG_IMPUREZAS
C:\Users\eduar\Desktop\Soybe-main\data\com_fundo\RGB_JPG_IMPUREZAS\grao_DSC_0236_id206.png,RGB_JPG_IMPUREZAS,RGB_JPG_IMPUREZAS
C:\Users\eduar\Desktop\Soybe-main\data\com_fundo\RGB_JPG_IMPUREZAS\grao_DSC_0236_id210.png,RGB_JPG_IMPUREZAS,RGB_JPG_IMPUREZAS
C:\Users\eduar\Desktop\Soybe-main\data\com_fundo\RGB_JPG_IMPUREZAS\grao_DSC_0236_id211.png,RGB_JPG_IMPUREZAS,RGB_JPG_IMPUREZAS
C:\Users\eduar\Desktop\Soybe-main\data\com_fundo\RGB_JPG_IMPUREZAS\grao_DSC_0236_id212.png,RGB_JPG_IMPUREZAS,RGB_JPG_IMPUREZAS
C:\Users\eduar\Desktop\Soybe-main\data\com_fundo\RGB_JPG_IMPUREZAS\grao_DSC_0236_id215.png,RGB_JPG_IMPUREZAS,RGB_JPG_IMPUREZAS
C:\Users\eduar\Desktop\Soybe-main\data\com_fundo\RGB_JPG_IMPUREZAS\grao_DSC_0236_id222.png,RGB_JPG_IMPUREZAS,RGB_JPG_IMPUREZAS
C:\Users\eduar\Desktop\Soybe-main\data\com_fundo\RGB_JPG_IMPUREZAS\grao_DSC_0236_id224.png,RGB_JPG_IMPUREZAS,RGB_JPG_IMPUREZAS
C:\Users\eduar\Desktop\Soybe-main\data\com_fundo\RGB_JPG_IMPUREZAS\grao_DSC_0236_id225.png,RGB_JPG_IMPUREZAS,RGB_JPG_IMPUREZAS
C:\Users\eduar\Desktop\Soybe-main\data\com_fundo\RGB_JPG_IMPUREZAS\grao_DSC_0236_id226.png,RGB_JPG_IMPUREZAS,RGB_JPG_IMPUREZAS
C:\Users\eduar\Desktop\Soybe-main\data\com_fundo\RGB_JPG_IMPUREZAS\grao_DSC_0236_id227.png,RGB_JPG_IMPUREZAS,RGB_JPG_IMPUREZAS
C:\Users\eduar\Desktop\Soybe-main\data\com_fundo\RGB_JPG_IMPUREZAS\grao_DSC_0236_id228.png,RGB_JPG_IMPUREZAS,RGB_JPG_IMPUREZAS
C:\Users\eduar\Desktop\Soybe-main\data\com_fundo\RGB_JPG_IMPUREZAS\grao_DSC_0236_id229.png,RGB_JPG_IMPUREZAS,RGB_JPG_IMPUREZAS
C:\Users\eduar\Desktop\Soybe-main\data\com_fundo\RGB_JPG_IMPUREZAS\grao_DSC_0236_id230.png,RGB_JPG_IMPUREZAS,RGB_JPG_IMPUREZAS
C:\Users\eduar\Desktop\Soybe-main\data\com_fundo\RGB_JPG_IMPUREZAS\grao_DSC_0236_id231.png,RGB_JPG_IMPUREZAS,RGB_JPG_IMPUREZAS
C:\Users\eduar\Desktop\Soybe-main\data\com_fundo\RGB_JPG_IMPUREZAS\grao_DSC_0236_id232.png,RGB_JPG_IMPUREZAS,RGB_JPG_IMPUREZAS
C:\Users\eduar\Desktop\Soybe-main\data\com_fundo\RGB_JPG_IMPUREZAS\grao_DSC_0236_id233.png,RGB_JPG_IMPUREZAS,RGB_JPG_IMPUREZAS
C:\Users\eduar\Desktop\Soybe-main\data\com_fundo\RGB_JPG_IMPUREZAS\grao_DSC_0236_id237.png,RGB_JPG_IMPUREZAS,RGB_JPG_IMPUREZAS
C:\Users\eduar\Desktop\Soybe-main\data\com_fundo\RGB_JPG_IMPUREZAS\grao_DSC_0236_id245.png,RGB_JPG_IMPUREZAS,RGB_JPG_IMPUREZAS
C:\Users\eduar\Desktop\Soybe-main\data\com_fundo\RGB_JPG_IMPUREZAS\grao_DSC_0236_id25.png,RGB_JPG_IMPUREZAS,RGB_JPG_IMPUREZAS
C:\Users\eduar\Desktop\Soybe-main\data\com_fundo\RGB_JPG_IMPUREZAS\grao_DSC_0236_id251.png,RGB_JPG_IMPUREZAS,RGB_JPG_IMPUREZAS
C:\Users\eduar\Desktop\Soybe-main\data\com_fundo\RGB_JPG_IMPUREZAS\grao_DSC_0236_id252.png,RGB_JPG_IMPUREZAS,RGB_JPG_IMPUREZAS
C:\Users\eduar\Desktop\Soybe-main\data\com_fundo\RGB_JPG_IMPUREZAS\grao_DSC_0236_id253.png,RGB_JPG_IMPUREZAS,RGB_JPG_IMPUREZAS
C:\Users\eduar\Desktop\Soybe-main\data\com_fundo\RGB_JPG_IMPUREZAS\grao_DSC_0236_id254.png,RGB_JPG_IMPUREZAS,RGB_JPG_IMPUREZAS
C:\Users\eduar\Desktop\Soybe-main\data\com_fundo\RGB_JPG_IMPUREZAS\grao_DSC_0236_id255.png,RGB_JPG_IMPUREZAS,RGB_JPG_IMPUREZAS
C:\Users\eduar\Desktop\Soybe-main\data\com_fundo\RGB_JPG_IMPUREZAS\grao_DSC_0236_id257.png,RGB_JPG_IMPUREZAS,RGB_JPG_IMPUREZAS
C:\Users\eduar\Desktop\Soybe-main\data\com_fundo\RGB_JPG_IMPUREZAS\grao_DSC_0236_id258.png,RGB_JPG_IMPUREZAS,RGB_JPG_IMPUREZAS
C:\Users\eduar\Desktop\Soybe-main\data\com_fundo\RGB_JPG_IMPUREZAS\grao_DSC_0236_id26.png,RGB_JPG_IMPUREZAS,RGB_JPG_IMPUREZAS
C:\Users\eduar\Desktop\Soybe-main\data\com_fundo\RGB_JPG_IMPUREZAS\grao_DSC_0236_id261.png,RGB_JPG_IMPUREZAS,RGB_JPG_IMPUREZAS
C:\Users\eduar\Desktop\Soybe-main\data\com_fundo\RGB_JPG_IMPUREZAS\grao_DSC_0236_id27.png,RGB_JPG_IMPUREZAS,RGB_JPG_IMPUREZAS
C:\Users\eduar\Desktop\Soybe-main\data\com_fundo\RGB_JPG_IMPUREZAS\grao_DSC_0236_id271.png,RGB_JPG_IMPUREZAS,RGB_JPG_IMPUREZAS
C:\Users\eduar\Desktop\Soybe-main\data\com_fundo\RGB_JPG_IMPUREZAS\grao_DSC_0236_id272.png,RGB_JPG_IMPUREZAS,RGB_JPG_IMPUREZAS
C:\Users\eduar\Desktop\Soybe-main\data\com_fundo\RGB_JPG_IMPUREZAS\grao_DSC_0236_id274.png,RGB_JPG_IMPUREZAS,RGB_JPG_IMPUREZAS
C:\Users\eduar\Desktop\Soybe-main\data\com_fundo\RGB_JPG_IMPUREZAS\grao_DSC_0236_id28.png,RGB_JPG_IMPUREZAS,RGB_JPG_IMPUREZAS
C:\Users\eduar\Desktop\Soybe-main\data\com_fundo\RGB_JPG_IMPUREZAS\grao_DSC_0236_id3.png,RGB_JPG_IMPUREZAS,RGB_JPG_IMPUREZAS
C:\Users\eduar\Desktop\Soybe-main\data\com_fundo\RGB_JPG_IMPUREZAS\grao_DSC_0236_id30.png,RGB_JPG_IMPUREZAS,RGB_JPG_IMPUREZAS
C:\Users\eduar\Desktop\Soybe-main\data\com_fundo\RGB_JPG_IMPUREZAS\grao_DSC_0236_id31.png,RGB_JPG_IMPUREZAS,RGB_JPG_IMPUREZAS
C:\Users\eduar\Desktop\Soybe-main\data\com_fundo\RGB_JPG_IMPUREZAS\grao_DSC_0236_id32.png,RGB_JPG_IMPUREZAS,RGB_JPG_IMPUREZAS
C:\Users\eduar\Desktop\Soybe-main\data\com_fundo\RGB_JPG_IMPUREZAS\grao_DSC_0236_id33.png,RGB_JPG_IMPUREZAS,RGB_JPG_IMPUREZAS
C:\Users\eduar\Desktop\Soybe-main\data\com_fundo\RGB_JPG_IMPUREZAS\grao_DSC_0236_id34.png,RGB_JPG_IMPUREZAS,RGB_JPG_IMPUREZAS
C:\Users\eduar\Desktop\Soybe-main\data\com_fundo\RGB_JPG_IMPUREZAS\grao_DSC_0236_id35.png,RGB_JPG_IMPUREZAS,RGB_JPG_IMPUREZAS
C:\Users\eduar\Desktop\Soybe-main\data\com_fundo\RGB_JPG_IMPUREZAS\grao_DSC_0236_id36.png,RGB_JPG_IMPUREZAS,RGB_JPG_IMPUREZAS
C:\Users\eduar\Desktop\Soybe-main\data\com_fundo\RGB_JPG_IMPUREZAS\grao_DSC_0236_id37.png,RGB_JPG_IMPUREZAS,RGB_JPG_IMPUREZAS
C:\Users\eduar\Desktop\Soybe-main\data\com_fundo\RGB_JPG_IMPUREZAS\grao_DSC_0236_id38.png,RGB_JPG_IMPUREZAS,RGB_JPG_IMPUREZAS
C:\Users\eduar\Desktop\Soybe-main\data\com_fundo\RGB_JPG_IMPUREZAS\grao_DSC_0236_id39.png,RGB_JPG_IMPUREZAS,RGB_JPG_IMPUREZAS
C:\Users\eduar\Desktop\Soybe-main\data\com_fundo\RGB_JPG_IMPUREZAS\grao_DSC_0236_id4.png,RGB_JPG_IMPUREZAS,RGB_JPG_IMPUREZAS
C:\Users\eduar\Desktop\Soybe-main\data\com_fundo\RGB_JPG_IMPUREZAS\grao_DSC_0236_id40.png,RGB_JPG_IMPUREZAS,RGB_JPG_IMPUREZAS
C:\Users\eduar\Desktop\Soybe-main\data\com_fundo\RGB_JPG_IMPUREZAS\grao_DSC_0236_id41.png,RGB_JPG_IMPUREZAS,RGB_JPG_IMPUREZAS
C:\Users\eduar\Desktop\Soybe-main\data\com_fundo\RGB_JPG_IMPUREZAS\grao_DSC_0236_id42.png,RGB_JPG_IMPUREZAS,RGB_JPG_IMPUREZAS
C:\Users\eduar\Desktop\Soybe-main\data\com_fundo\RGB_JPG_IMPUREZAS\grao_DSC_0236_id43.png,RGB_JPG_IMPUREZAS,RGB_JPG_IMPUREZAS
C:\Users\eduar\Desktop\Soybe-main\data\com_fundo\RGB_JPG_IMPUREZAS\grao_DSC_0236_id45.png,RGB_JPG_IMPUREZAS,RGB_JPG_IMPUREZAS
C:\Users\eduar\Desktop\Soybe-main\data\com_fundo\RGB_JPG_IMPUREZAS\grao_DSC_0236_id46.png,RGB_JPG_IMPUREZAS,RGB_JPG_IMPUREZAS
C:\Users\eduar\Desktop\Soybe-main\data\com_fundo\RGB_JPG_IMPUREZAS\grao_DSC_0236_id5.png,RGB_JPG_IMPUREZAS,RGB_JPG_IMPUREZAS
C:\Users\eduar\Desktop\Soybe-main\data\com_fundo\RGB_JPG_IMPUREZAS\grao_DSC_0236_id52.png,RGB_JPG_IMPUREZAS,RGB_JPG_IMPUREZAS
C:\Users\eduar\Desktop\Soybe-main\data\com_fundo\RGB_JPG_IMPUREZAS\grao_DSC_0236_id56.png,RGB_JPG_IMPUREZAS,RGB_JPG_IMPUREZAS
C:\Users\eduar\Desktop\Soybe-main\data\com_fundo\RGB_JPG_IMPUREZAS\grao_DSC_0236_id58.png,RGB_JPG_IMPUREZAS,RGB_JPG_IMPUREZAS
C:\Users\eduar\Desktop\Soybe-main\data\com_fundo\RGB_JPG_IMPUREZAS\grao_DSC_0236_id59.png,RGB_JPG_IMPUREZAS,RGB_JPG_IMPUREZAS
C:\Users\eduar\Desktop\Soybe-main\data\com_fundo\RGB_JPG_IMPUREZAS\grao_DSC_0236_id6.png,RGB_JPG_IMPUREZAS,RGB_JPG_IMPUREZAS
C:\Users\eduar\Desktop\Soybe-main\data\com_fundo\RGB_JPG_IMPUREZAS\grao_DSC_0236_id60.png,RGB_JPG_IMPUREZAS,RGB_JPG_IMPUREZAS
C:\Users\eduar\Desktop\Soybe-main\data\com_fundo\RGB_JPG_IMPUREZAS\grao_DSC_0236_id61.png,RGB_JPG_IMPUREZAS,RGB_JPG_IMPUREZAS
C:\Users\eduar\Desktop\Soybe-main\data\com_fundo\RGB_JPG_IMPUREZAS\grao_DSC_0236_id62.png,RGB_JPG_IMPUREZAS,RGB_JPG_IMPUREZAS
C:\Users\eduar\Desktop\Soybe-main\data\com_fundo\RGB_JPG_IMPUREZAS\grao_DSC_0236_id63.png,RGB_JPG_IMPUREZAS,RGB_JPG_IMPUREZAS
C:\Users\eduar\Desktop\Soybe-main\data\com_fundo\RGB_JPG_IMPUREZAS\grao_DSC_0236_id64.png,RGB_JPG_IMPUREZAS,RGB_JPG_IMPUREZAS
C:\Users\eduar\Desktop\Soybe-main\data\com_fundo\RGB_JPG_IMPUREZAS\grao_DSC_0236_id65.png,RGB_JPG_IMPUREZAS,RGB_JPG_IMPUREZAS
C:\Users\eduar\Desktop\Soybe-main\data\com_fundo\RGB_JPG_IMPUREZAS\grao_DSC_0236_id66.png,RGB_JPG_IMPUREZAS,RGB_JPG_IMPUREZAS
C:\Users\eduar\Desktop\Soybe-main\data\com_fundo\RGB_JPG_IMPUREZAS\grao_DSC_0236_id67.png,RGB_JPG_IMPUREZAS,RGB_JPG_IMPUREZAS
C:\Users\eduar\Desktop\Soybe-main\data\com_fundo\RGB_JPG_IMPUREZAS\grao_DSC_0236_id68.png,RGB_JPG_IMPUREZAS,RGB_JPG_IMPUREZAS
C:\Users\eduar\Desktop\Soybe-main\data\com_fundo\RGB_JPG_IMPUREZAS\grao_DSC_0236_id69.png,RGB_JPG_IMPUREZAS,RGB_JPG_IMPUREZAS
C:\Users\eduar\Desktop\Soybe-main\data\com_fundo\RGB_JPG_IMPUREZAS\grao_DSC_0236_id7.png,RGB_JPG_IMPUREZAS,RGB_JPG_IMPUREZAS
C:\Users\eduar\Desktop\Soybe-main\data\com_fundo\RGB_JPG_IMPUREZAS\grao_DSC_0236_id70.png,RGB_JPG_IMPUREZAS,RGB_JPG_IMPUREZAS
C:\Users\eduar\Desktop\Soybe-main\data\com_fundo\RGB_JPG_IMPUREZAS\grao_DSC_0236_id71.png,RGB_JPG_IMPUREZAS,RGB_JPG_IMPUREZAS
C:\Users\eduar\Desktop\Soybe-main\data\com_fundo\RGB_JPG_IMPUREZAS\grao_DSC_0236_id73.png,RGB_JPG_IMPUREZAS,RGB_JPG_IMPUREZAS
C:\Users\eduar\Desktop\Soybe-main\data\com_fundo\RGB_JPG_IMPUREZAS\grao_DSC_0236_id74.png,RGB_JPG_IMPUREZAS,RGB_JPG_IMPUREZAS
C:\Users\eduar\Desktop\Soybe-main\data\com_fundo\RGB_JPG_IMPUREZAS\grao_DSC_0236_id78.png,RGB_JPG_IMPUREZAS,RGB_JPG_IMPUREZAS
C:\Users\eduar\Desktop\Soybe-main\data\com_fundo\RGB_JPG_IMPUREZAS\grao_DSC_0236_id79.png,RGB_JPG_IMPUREZAS,RGB_JPG_IMPUREZAS
C:\Users\eduar\Desktop\Soybe-main\data\com_fundo\RGB_JPG_IMPUREZAS\grao_DSC_0236_id80.png,RGB_JPG_IMPUREZAS,RGB_JPG_IMPUREZAS
C:\Users\eduar\Desktop\Soybe-main\data\com_fundo\RGB_JPG_IMPUREZAS\grao_DSC_0236_id84.png,RGB_JPG_IMPUREZAS,RGB_JPG_IMPUREZAS
C:\Users\eduar\Desktop\Soybe-main\data\com_fundo\RGB_JPG_IMPUREZAS\grao_DSC_0236_id85.png,RGB_JPG_IMPUREZAS,RGB_JPG_IMPUREZAS
C:\Users\eduar\Desktop\Soybe-main\data\com_fundo\RGB_JPG_IMPUREZAS\grao_DSC_0236_id88.png,RGB_JPG_IMPUREZAS,RGB_JPG_IMPUREZAS
C:\Users\eduar\Desktop\Soybe-main\data\com_fundo\RGB_JPG_IMPUREZAS\grao_DSC_0236_id9.png,RGB_JPG_IMPUREZAS,RGB_JPG_IMPUREZAS
C:\Users\eduar\Desktop\Soybe-main\data\com_fundo\RGB_JPG_IMPUREZAS\grao_DSC_0236_id92.png,RGB_JPG_IMPUREZAS,RGB_JPG_IMPUREZAS
C:\Users\eduar\Desktop\Soybe-main\data\com_fundo\RGB_JPG_IMPUREZAS\grao_DSC_0236_id93.png,RGB_JPG_IMPUREZAS,RGB_JPG_IMPUREZAS
C:\Users\eduar\Desktop\Soybe-main\data\com_fundo\RGB_JPG_IMPUREZAS\grao_DSC_0236_id94.png,RGB_JPG_IMPUREZAS,RGB_JPG_IMPUREZAS
C:\Users\eduar\Desktop\Soybe-main\data\com_fundo\RGB_JPG_IMPUREZAS\grao_DSC_0236_id95.png,RGB_JPG_IMPUREZAS,RGB_JPG_IMPUREZAS
C:\Users\eduar\Desktop\Soybe-main\data\com_fundo\RGB_JPG_IMPUREZAS\grao_DSC_0236_id96.png,RGB_JPG_IMPUREZAS,RGB_JPG_IMPUREZAS
C:\Users\eduar\Desktop\Soybe-main\data\com_fundo\RGB_JPG_IMPUREZAS\grao_DSC_0236_id97.png,RGB_JPG_IMPUREZAS,RGB_JPG_IMPUREZAS
C:\Users\eduar\Desktop\Soybe-main\data\com_fundo\RGB_JPG_IMPUREZAS\grao_DSC_0236_id98.png,RGB_JPG_IMPUREZAS,RGB_JPG_IMPUREZAS
C:\Users\eduar\Desktop\Soybe-main\data\com_fundo\RGB_JPG_IMPUREZAS\grao_DSC_0236_id99.png,RGB_JPG_IMPUREZAS,RGB_JPG_IMPUREZAS
C:\Users\eduar\Desktop\Soybe-main\data\com_fundo\RGB_JPG_IMPUREZAS\grao_DSC_0241_id1.png,RGB_JPG_IMPUREZAS,RGB_JPG_IMPUREZAS
C:\Users\eduar\Desktop\Soybe-main\data\com_fundo\RGB_JPG_IMPUREZAS\grao_DSC_0241_id101.png,RGB_JPG_IMPUREZAS,RGB_JPG_IMPUREZAS
C:\Users\eduar\Desktop\Soybe-main\data\com_fundo\RGB_JPG_IMPUREZAS\grao_DSC_0241_id105.png,RGB_JPG_IMPUREZAS,RGB_JPG_IMPUREZAS
C:\Users\eduar\Desktop\Soybe-main\data\com_fundo\RGB_JPG_IMPUREZAS\grao_DSC_0241_id106.png,RGB_JPG_IMPUREZAS,RGB_JPG_IMPUREZAS
C:\Users\eduar\Desktop\Soybe-main\data\com_fundo\RGB_JPG_IMPUREZAS\grao_DSC_0241_id107.png,RGB_JPG_IMPUREZAS,RGB_JPG_IMPUREZAS
C:\Users\eduar\Desktop\Soybe-main\data\com_fundo\RGB_JPG_IMPUREZAS\grao_DSC_0241_id108.png,RGB_JPG_IMPUREZAS,RGB_JPG_IMPUREZAS
C:\Users\eduar\Desktop\Soybe-main\data\com_fundo\RGB_JPG_IMPUREZAS\grao_DSC_0241_id109.png,RGB_JPG_IMPUREZAS,RGB_JPG_IMPUREZAS
C:\Users\eduar\Desktop\Soybe-main\data\com_fundo\RGB_JPG_IMPUREZAS\grao_DSC_0241_id110.png,RGB_JPG_IMPUREZAS,RGB_JPG_IMPUREZAS
C:\Users\eduar\Desktop\Soybe-main\data\com_fundo\RGB_JPG_IMPUREZAS\grao_DSC_0241_id111.png,RGB_JPG_IMPUREZAS,RGB_JPG_IMPUREZAS
C:\Users\eduar\Desktop\Soybe-main\data\com_fundo\RGB_JPG_IMPUREZAS\grao_DSC_0241_id112.png,RGB_JPG_IMPUREZAS,RGB_JPG_IMPUREZAS
C:\Users\eduar\Desktop\Soybe-main\data\com_fundo\RGB_JPG_IMPUREZAS\grao_DSC_0241_id114.png,RGB_JPG_IMPUREZAS,RGB_JPG_IMPUREZAS
C:\Users\eduar\Desktop\Soybe-main\data\com_fundo\RGB_JPG_IMPUREZAS\grao_DSC_0241_id117.png,RGB_JPG_IMPUREZAS,RGB_JPG_IMPUREZAS
C:\Users\eduar\Desktop\Soybe-main\data\com_fundo\RGB_JPG_IMPUREZAS\grao_DSC_0241_id118.png,RGB_JPG_IMPUREZAS,RGB_JPG_IMPUREZAS
C:\Users\eduar\Desktop\Soybe-main\data\com_fundo\RGB_JPG_IMPUREZAS\grao_DSC_0241_id119.png,RGB_JPG_IMPUREZAS,RGB_JPG_IMPUREZAS
C:\Users\eduar\Desktop\Soybe-main\data\com_fundo\RGB_JPG_IMPUREZAS\grao_DSC_0241_id12.png,RGB_JPG_IMPUREZAS,RGB_JPG_IMPUREZAS
C:\Users\eduar\Desktop\Soybe-main\data\com_fundo\RGB_JPG_IMPUREZAS\grao_DSC_0241_id120.png,RGB_JPG_IMPUREZAS,RGB_JPG_IMPUREZAS
C:\Users\eduar\Desktop\Soybe-main\data\com_fundo\RGB_JPG_IMPUREZAS\grao_DSC_0241_id121.png,RGB_JPG_IMPUREZAS,RGB_JPG_IMPUREZAS
C:\Users\eduar\Desktop\Soybe-main\data\com_fundo\RGB_JPG_IMPUREZAS\grao_DSC_0241_id122.png,RGB_JPG_IMPUREZAS,RGB_JPG_IMPUREZAS
C:\Users\eduar\Desktop\Soybe-main\data\com_fundo\RGB_JPG_IMPUREZAS\grao_DSC_0241_id123.png,RGB_JPG_IMPUREZAS,RGB_JPG_IMPUREZAS
C:\Users\eduar\Desktop\Soybe-main\data\com_fundo\RGB_JPG_IMPUREZAS\grao_DSC_0241_id126.png,RGB_JPG_IMPUREZAS,RGB_JPG_IMPUREZAS
C:\Users\eduar\Desktop\Soybe-main\data\com_fundo\RGB_JPG_IMPUREZAS\grao_DSC_0241_id128.png,RGB_JPG_IMPUREZAS,RGB_JPG_IMPUREZAS
C:\Users\eduar\Desktop\Soybe-main\data\com_fundo\RGB_JPG_IMPUREZAS\grao_DSC_0241_id129.png,RGB_JPG_IMPUREZAS,RGB_JPG_IMPUREZAS
C:\Users\eduar\Desktop\Soybe-main\data\com_fundo\RGB_JPG_IMPUREZAS\grao_DSC_0241_id130.png,RGB_JPG_IMPUREZAS,RGB_JPG_IMPUREZAS
C:\Users\eduar\Desktop\Soybe-main\data\com_fundo\RGB_JPG_IMPUREZAS\grao_DSC_0241_id133.png,RGB_JPG_IMPUREZAS,RGB_JPG_IMPUREZAS
C:\Users\eduar\Desktop\Soybe-main\data\com_fundo\RGB_JPG_IMPUREZAS\grao_DSC_0241_id135.png,RGB_JPG_IMPUREZAS,RGB_JPG_IMPUREZAS
C:\Users\eduar\Desktop\Soybe-main\data\com_fundo\RGB_JPG_IMPUREZAS\grao_DSC_0241_id138.png,RGB_JPG_IMPUREZAS,RGB_JPG_IMPUREZAS
C:\Users\eduar\Desktop\Soybe-main\data\com_fundo\RGB_JPG_IMPUREZAS\grao_DSC_0241_id139.png,RGB_JPG_IMPUREZAS,RGB_JPG_IMPUREZAS
C:\Users\eduar\Desktop\Soybe-main\data\com_fundo\RGB_JPG_IMPUREZAS\grao_DSC_0241_id140.png,RGB_JPG_IMPUREZAS,RGB_JPG_IMPUREZAS
C:\Users\eduar\Desktop\Soybe-main\data\com_fundo\RGB_JPG_IMPUREZAS\grao_DSC_0241_id141.png,RGB_JPG_IMPUREZAS,RGB_JPG_IMPUREZAS
C:\Users\eduar\Desktop\Soybe-main\data\com_fundo\RGB_JPG_IMPUREZAS\grao_DSC_0241_id143.png,RGB_JPG_IMPUREZAS,RGB_JPG_IMPUREZAS
C:\Users\eduar\Desktop\Soybe-main\data\com_fundo\RGB_JPG_IMPUREZAS\grao_DSC_0241_id144.png,RGB_JPG_IMPUREZAS,RGB_JPG_IMPUREZAS
C:\Users\eduar\Desktop\Soybe-main\data\com_fundo\RGB_JPG_IMPUREZAS\grao_DSC_0241_id145.png,RGB_JPG_IMPUREZAS,RGB_JPG_IMPUREZAS
C:\Users\eduar\Desktop\Soybe-main\data\com_fundo\RGB_JPG_IMPUREZAS\grao_DSC_0241_id146.png,RGB_JPG_IMPUREZAS,RGB_JPG_IMPUREZAS
C:\Users\eduar\Desktop\Soybe-main\data\com_fundo\RGB_JPG_IMPUREZAS\grao_DSC_0241_id147.png,RGB_JPG_IMPUREZAS,RGB_JPG_IMPUREZAS
C:\Users\eduar\Desktop\Soybe-main\data\com_fundo\RGB_JPG_IMPUREZAS\grao_DSC_0241_id148.png,RGB_JPG_IMPUREZAS,RGB_JPG_IMPUREZAS
C:\Users\eduar\Desktop\Soybe-main\data\com_fundo\RGB_JPG_IMPUREZAS\grao_DSC_0241_id149.png,RGB_JPG_IMPUREZAS,RGB_JPG_IMPUREZAS
C:\Users\eduar\Desktop\Soybe-main\data\com_fundo\RGB_JPG_IMPUREZAS\grao_DSC_0241_id15.png,RGB_JPG_IMPUREZAS,RGB_JPG_IMPUREZAS
C:\Users\eduar\Desktop\Soybe-main\data\com_fundo\RGB_JPG_IMPUREZAS\grao_DSC_0241_id150.png,RGB_JPG_IMPUREZAS,RGB_JPG_IMPUREZAS
C:\Users\eduar\Desktop\Soybe-main\data\com_fundo\RGB_JPG_IMPUREZAS\grao_DSC_0241_id151.png,RGB_JPG_IMPUREZAS,RGB_JPG_IMPUREZAS
C:\Users\eduar\Desktop\Soybe-main\data\com_fundo\RGB_JPG_IMPUREZAS\grao_DSC_0241_id152.png,RGB_JPG_IMPUREZAS,RGB_JPG_IMPUREZAS
C:\Users\eduar\Desktop\Soybe-main\data\com_fundo\RGB_JPG_IMPUREZAS\grao_DSC_0241_id154.png,RGB_JPG_IMPUREZAS,RGB_JPG_IMPUREZAS
C:\Users\eduar\Desktop\Soybe-main\data\com_fundo\RGB_JPG_IMPUREZAS\grao_DSC_0241_id155.png,RGB_JPG_IMPUREZAS,RGB_JPG_IMPUREZAS
C:\Users\eduar\Desktop\Soybe-main\data\com_fundo\RGB_JPG_IMPUREZAS\grao_DSC_0241_id160.png,RGB_JPG_IMPUREZAS,RGB_JPG_IMPUREZAS
C:\Users\eduar\Desktop\Soybe-main\data\com_fundo\RGB_JPG_IMPUREZAS\grao_DSC_0241_id161.png,RGB_JPG_IMPUREZAS,RGB_JPG_IMPUREZAS
C:\Users\eduar\Desktop\Soybe-main\data\com_fundo\RGB_JPG_IMPUREZAS\grao_DSC_0241_id166.png,RGB_JPG_IMPUREZAS,RGB_JPG_IMPUREZAS
C:\Users\eduar\Desktop\Soybe-main\data\com_fundo\RGB_JPG_IMPUREZAS\grao_DSC_0241_id167.png,RGB_JPG_IMPUREZAS,RGB_JPG_IMPUREZAS
C:\Users\eduar\Desktop\Soybe-main\data\com_fundo\RGB_JPG_IMPUREZAS\grao_DSC_0241_id168.png,RGB_JPG_IMPUREZAS,RGB_JPG_IMPUREZAS
C:\Users\eduar\Desktop\Soybe-main\data\com_fundo\RGB_JPG_IMPUREZAS\grao_DSC_0241_id169.png,RGB_JPG_IMPUREZAS,RGB_JPG_IMPUREZAS
C:\Users\eduar\Desktop\Soybe-main\data\com_fundo\RGB_JPG_IMPUREZAS\grao_DSC_0241_id170.png,RGB_JPG_IMPUREZAS,RGB_JPG_IMPUREZAS
C:\Users\eduar\Desktop\Soybe-main\data\com_fundo\RGB_JPG_IMPUREZAS\grao_DSC_0241_id171.png,RGB_JPG_IMPUREZAS,RGB_JPG_IMPUREZAS
C:\Users\eduar\Desktop\Soybe-main\data\com_fundo\RGB_JPG_IMPUREZAS\grao_DSC_0241_id172.png,RGB_JPG_IMPUREZAS,RGB_JPG_IMPUREZAS
C:\Users\eduar\Desktop\Soybe-main\data\com_fundo\RGB_JPG_IMPUREZAS\grao_DSC_0241_id174.png,RGB_JPG_IMPUREZAS,RGB_JPG_IMPUREZAS
C:\Users\eduar\Desktop\Soybe-main\data\com_fundo\RGB_JPG_IMPUREZAS\grao_DSC_0241_id175.png,RGB_JPG_IMPUREZAS,RGB_JPG_IMPUREZAS
C:\Users\eduar\Desktop\Soybe-main\data\com_fundo\RGB_JPG_IMPUREZAS\grao_DSC_0241_id177.png,RGB_JPG_IMPUREZAS,RGB_JPG_IMPUREZAS
C:\Users\eduar\Desktop\Soybe-main\data\com_fundo\RGB_JPG_IMPUREZAS\grao_DSC_0241_id179.png,RGB_JPG_IMPUREZAS,RGB_JPG_IMPUREZAS
C:\Users\eduar\Desktop\Soybe-main\data\com_fundo\RGB_JPG_IMPUREZAS\grao_DSC_0241_id180.png,RGB_JPG_IMPUREZAS,RGB_JPG_IMPUREZAS
C:\Users\eduar\Desktop\Soybe-main\data\com_fundo\RGB_JPG_IMPUREZAS\grao_DSC_0241_id183.png,RGB_JPG_IMPUREZAS,RGB_JPG_IMPUREZAS
C:\Users\eduar\Desktop\Soybe-main\data\com_fundo\RGB_JPG_IMPUREZAS\grao_DSC_0241_id19.png,RGB_JPG_IMPUREZAS,RGB_JPG_IMPUREZAS
C:\Users\eduar\Desktop\Soybe-main\data\com_fundo\RGB_JPG_IMPUREZAS\grao_DSC_0241_id190.png,RGB_JPG_IMPUREZAS,RGB_JPG_IMPUREZAS
C:\Users\eduar\Desktop\Soybe-main\data\com_fundo\RGB_JPG_IMPUREZAS\grao_DSC_0241_id192.png,RGB_JPG_IMPUREZAS,RGB_JPG_IMPUREZAS
C:\Users\eduar\Desktop\Soybe-main\data\com_fundo\RGB_JPG_IMPUREZAS\grao_DSC_0241_id194.png,RGB_JPG_IMPUREZAS,RGB_JPG_IMPUREZAS
C:\Users\eduar\Desktop\Soybe-main\data\com_fundo\RGB_JPG_IMPUREZAS\grao_DSC_0241_id196.png,RGB_JPG_IMPUREZAS,RGB_JPG_IMPUREZAS
C:\Users\eduar\Desktop\Soybe-main\data\com_fundo\RGB_JPG_IMPUREZAS\grao_DSC_0241_id199.png,RGB_JPG_IMPUREZAS,RGB_JPG_IMPUREZAS
C:\Users\eduar\Desktop\Soybe-main\data\com_fundo\RGB_JPG_IMPUREZAS\grao_DSC_0241_id2.png,RGB_JPG_IMPUREZAS,RGB_JPG_IMPUREZAS
C:\Users\eduar\Desktop\Soybe-main\data\com_fundo\RGB_JPG_IMPUREZAS\grao_DSC_0241_id200.png,RGB_JPG_IMPUREZAS,RGB_JPG_IMPUREZAS
C:\Users\eduar\Desktop\Soybe-main\data\com_fundo\RGB_JPG_IMPUREZAS\grao_DSC_0241_id201.png,RGB_JPG_IMPUREZAS,RGB_JPG_IMPUREZAS
C:\Users\eduar\Desktop\Soybe-main\data\com_fundo\RGB_JPG_IMPUREZAS\grao_DSC_0241_id202.png,RGB_JPG_IMPUREZAS,RGB_JPG_IMPUREZAS
C:\Users\eduar\Desktop\Soybe-main\data\com_fundo\RGB_JPG_IMPUREZAS\grao_DSC_0241_id203.png,RGB_JPG_IMPUREZAS,RGB_JPG_IMPUREZAS
C:\Users\eduar\Desktop\Soybe-main\data\com_fundo\RGB_JPG_IMPUREZAS\grao_DSC_0241_id204.png,RGB_JPG_IMPUREZAS,RGB_JPG_IMPUREZAS
C:\Users\eduar\Desktop\Soybe-main\data\com_fundo\RGB_JPG_IMPUREZAS\grao_DSC_0241_id205.png,RGB_JPG_IMPUREZAS,RGB_JPG_IMPUREZAS
C:\Users\eduar\Desktop\Soybe-main\data\com_fundo\RGB_JPG_IMPUREZAS\grao_DSC_0241_id206.png,RGB_JPG_IMPUREZAS,RGB_JPG_IMPUREZAS
C:\Users\eduar\Desktop\Soybe-main\data\com_fundo\RGB_JPG_IMPUREZAS\grao_DSC_0241_id207.png,RGB_JPG_IMPUREZAS,RGB_JPG_IMPUREZAS
C:\Users\eduar\Desktop\Soybe-main\data\com_fundo\RGB_JPG_IMPUREZAS\grao_DSC_0241_id208.png,RGB_JPG_IMPUREZAS,RGB_JPG_IMPUREZAS
C:\Users\eduar\Desktop\Soybe-main\data\com_fundo\RGB_JPG_IMPUREZAS\grao_DSC_0241_id209.png,RGB_JPG_IMPUREZAS,RGB_JPG_IMPUREZAS
C:\Users\eduar\Desktop\Soybe-main\data\com_fundo\RGB_JPG_IMPUREZAS\grao_DSC_0241_id21.png,RGB_JPG_IMPUREZAS,RGB_JPG_IMPUREZAS
C:\Users\eduar\Desktop\Soybe-main\data\com_fundo\RGB_JPG_IMPUREZAS\grao_DSC_0241_id210.png,RGB_JPG_IMPUREZAS,RGB_JPG_IMPUREZAS
C:\Users\eduar\Desktop\Soybe-main\data\com_fundo\RGB_JPG_IMPUREZAS\grao_DSC_0241_id211.png,RGB_JPG_IMPUREZAS,RGB_JPG_IMPUREZAS
C:\Users\eduar\Desktop\Soybe-main\data\com_fundo\RGB_JPG_IMPUREZAS\grao_DSC_0241_id212.png,RGB_JPG_IMPUREZAS,RGB_JPG_IMPUREZAS
C:\Users\eduar\Desktop\Soybe-main\data\com_fundo\RGB_JPG_IMPUREZAS\grao_DSC_0241_id213.png,RGB_JPG_IMPUREZAS,RGB_JPG_IMPUREZAS
C:\Users\eduar\Desktop\Soybe-main\data\com_fundo\RGB_JPG_IMPUREZAS\grao_DSC_0241_id214.png,RGB_JPG_IMPUREZAS,RGB_JPG_IMPUREZAS
C:\Users\eduar\Desktop\Soybe-main\data\com_fundo\RGB_JPG_IMPUREZAS\grao_DSC_0241_id217.png,RGB_JPG_IMPUREZAS,RGB_JPG_IMPUREZAS
C:\Users\eduar\Desktop\Soybe-main\data\com_fundo\RGB_JPG_IMPUREZAS\grao_DSC_0241_id218.png,RGB_JPG_IMPUREZAS,RGB_JPG_IMPUREZAS
C:\Users\eduar\Desktop\Soybe-main\data\com_fundo\RGB_JPG_IMPUREZAS\grao_DSC_0241_id219.png,RGB_JPG_IMPUREZAS,RGB_JPG_IMPUREZAS
C:\Users\eduar\Desktop\Soybe-main\data\com_fundo\RGB_JPG_IMPUREZAS\grao_DSC_0241_id22.png,RGB_JPG_IMPUREZAS,RGB_JPG_IMPUREZAS
C:\Users\eduar\Desktop\Soybe-main\data\com_fundo\RGB_JPG_IMPUREZAS\grao_DSC_0241_id220.png,RGB_JPG_IMPUREZAS,RGB_JPG_IMPUREZAS
C:\Users\eduar\Desktop\Soybe-main\data\com_fundo\RGB_JPG_IMPUREZAS\grao_DSC_0241_id221.png,RGB_JPG_IMPUREZAS,RGB_JPG_IMPUREZAS
C:\Users\eduar\Desktop\Soybe-main\data\com_fundo\RGB_JPG_IMPUREZAS\grao_DSC_0241_id224.png,RGB_JPG_IMPUREZAS,RGB_JPG_IMPUREZAS
C:\Users\eduar\Desktop\Soybe-main\data\com_fundo\RGB_JPG_IMPUREZAS\grao_DSC_0241_id23.png,RGB_JPG_IMPUREZAS,RGB_JPG_IMPUREZAS
C:\Users\eduar\Desktop\Soybe-main\data\com_fundo\RGB_JPG_IMPUREZAS\grao_DSC_0241_id232.png,RGB_JPG_IMPUREZAS,RGB_JPG_IMPUREZAS
C:\Users\eduar\Desktop\Soybe-main\data\com_fundo\RGB_JPG_IMPUREZAS\grao_DSC_0241_id234.png,RGB_JPG_IMPUREZAS,RGB_JPG_IMPUREZAS
C:\Users\eduar\Desktop\Soybe-main\data\com_fundo\RGB_JPG_IMPUREZAS\grao_DSC_0241_id235.png,RGB_JPG_IMPUREZAS,RGB_JPG_IMPUREZAS
C:\Users\eduar\Desktop\Soybe-main\data\com_fundo\RGB_JPG_IMPUREZAS\grao_DSC_0241_id236.png,RGB_JPG_IMPUREZAS,RGB_JPG_IMPUREZAS
C:\Users\eduar\Desktop\Soybe-main\data\com_fundo\RGB_JPG_IMPUREZAS\grao_DSC_0241_id237.png,RGB_JPG_IMPUREZAS,RGB_JPG_IMPUREZAS
C:\Users\eduar\Desktop\Soybe-main\data\com_fundo\RGB_JPG_IMPUREZAS\grao_DSC_0241_id238.png,RGB_JPG_IMPUREZAS,RGB_JPG_IMPUREZAS
C:\Users\eduar\Desktop\Soybe-main\data\com_fundo\RGB_JPG_IMPUREZAS\grao_DSC_0241_id239.png,RGB_JPG_IMPUREZAS,RGB_JPG_IMPUREZAS
C:\Users\eduar\Desktop\Soybe-main\data\com_fundo\RGB_JPG_IMPUREZAS\grao_DSC_0241_id24.png,RGB_JPG_IMPUREZAS,RGB_JPG_IMPUREZAS
C:\Users\eduar\Desktop\Soybe-main\data\com_fundo\RGB_JPG_IMPUREZAS\grao_DSC_0241_id240.png,RGB_JPG_IMPUREZAS,RGB_JPG_IMPUREZAS
C:\Users\eduar\Desktop\Soybe-main\data\com_fundo\RGB_JPG_IMPUREZAS\grao_DSC_0241_id241.png,RGB_JPG_IMPUREZAS,RGB_JPG_IMPUREZAS
C:\Users\eduar\Desktop\Soybe-main\data\com_fundo\RGB_JPG_IMPUREZAS\grao_DSC_0241_id243.png,RGB_JPG_IMPUREZAS,RGB_JPG_IMPUREZAS
C:\Users\eduar\Desktop\Soybe-main\data\com_fundo\RGB_JPG_IMPUREZAS\grao_DSC_0241_id244.png,RGB_JPG_IMPUREZAS,RGB_JPG_IMPUREZAS
C:\Users\eduar\Desktop\Soybe-main\data\com_fundo\RGB_JPG_IMPUREZAS\grao_DSC_0241_id249.png,RGB_JPG_IMPUREZAS,RGB_JPG_IMPUREZAS
C:\Users\eduar\Desktop\Soybe-main\data\com_fundo\RGB_JPG_IMPUREZAS\grao_DSC_0241_id25.png,RGB_JPG_IMPUREZAS,RGB_JPG_IMPUREZAS
C:\Users\eduar\Desktop\Soybe-main\data\com_fundo\RGB_JPG_IMPUREZAS\grao_DSC_0241_id252.png,RGB_JPG_IMPUREZAS,RGB_JPG_IMPUREZAS
C:\Users\eduar\Desktop\Soybe-main\data\com_fundo\RGB_JPG_IMPUREZAS\grao_DSC_0241_id253.png,RGB_JPG_IMPUREZAS,RGB_JPG_IMPUREZAS
C:\Users\eduar\Desktop\Soybe-main\data\com_fundo\RGB_JPG_IMPUREZAS\grao_DSC_0241_id257.png,RGB_JPG_IMPUREZAS,RGB_JPG_IMPUREZAS
C:\Users\eduar\Desktop\Soybe-main\data\com_fundo\RGB_JPG_IMPUREZAS\grao_DSC_0241_id259.png,RGB_JPG_IMPUREZAS,RGB_JPG_IMPUREZAS
C:\Users\eduar\Desktop\Soybe-main\data\com_fundo\RGB_JPG_IMPUREZAS\grao_DSC_0241_id26.png,RGB_JPG_IMPUREZAS,RGB_JPG_IMPUREZAS
C:\Users\eduar\Desktop\Soybe-main\data\com_fundo\RGB_JPG_IMPUREZAS\grao_DSC_0241_id262.png,RGB_JPG_IMPUREZAS,RGB_JPG_IMPUREZAS
C:\Users\eduar\Desktop\Soybe-main\data\com_fundo\RGB_JPG_IMPUREZAS\grao_DSC_0241_id263.png,RGB_JPG_IMPUREZAS,RGB_JPG_IMPUREZAS
C:\Users\eduar\Desktop\Soybe-main\data\com_fundo\RGB_JPG_IMPUREZAS\grao_DSC_0241_id28.png,RGB_JPG_IMPUREZAS,RGB_JPG_IMPUREZAS
C:\Users\eduar\Desktop\Soybe-main\data\com_fundo\RGB_JPG_IMPUREZAS\grao_DSC_0241_id3.png,RGB_JPG_IMPUREZAS,RGB_JPG_IMPUREZAS
C:\Users\eduar\Desktop\Soybe-main\data\com_fundo\RGB_JPG_IMPUREZAS\grao_DSC_0241_id31.png,RGB_JPG_IMPUREZAS,RGB_JPG_IMPUREZAS
C:\Users\eduar\Desktop\Soybe-main\data\com_fundo\RGB_JPG_IMPUREZAS\grao_DSC_0241_id32.png,RGB_JPG_IMPUREZAS,RGB_JPG_IMPUREZAS
C:\Users\eduar\Desktop\Soybe-main\data\com_fundo\RGB_JPG_IMPUREZAS\grao_DSC_0241_id39.png,RGB_JPG_IMPUREZAS,RGB_JPG_IMPUREZAS
C:\Users\eduar\Desktop\Soybe-main\data\com_fundo\RGB_JPG_IMPUREZAS\grao_DSC_0241_id41.png,RGB_JPG_IMPUREZAS,RGB_JPG_IMPUREZAS
C:\Users\eduar\Desktop\Soybe-main\data\com_fundo\RGB_JPG_IMPUREZAS\grao_DSC_0241_id42.png,RGB_JPG_IMPUREZAS,RGB_JPG_IMPUREZAS
C:\Users\eduar\Desktop\Soybe-main\data\com_fundo\RGB_JPG_IMPUREZAS\grao_DSC_0241_id44.png,RGB_JPG_IMPUREZAS,RGB_JPG_IMPUREZAS
C:\Users\eduar\Desktop\Soybe-main\data\com_fundo\RGB_JPG_IMPUREZAS\grao_DSC_0241_id45.png,RGB_JPG_IMPUREZAS,RGB_JPG_IMPUREZAS
C:\Users\eduar\Desktop\Soybe-main\data\com_fundo\RGB_JPG_IMPUREZAS\grao_DSC_0241_id46.png,RGB_JPG_IMPUREZAS,RGB_JPG_IMPUREZAS
C:\Users\eduar\Desktop\Soybe-main\data\com_fundo\RGB_JPG_IMPUREZAS\grao_DSC_0241_id47.png,RGB_JPG_IMPUREZAS,RGB_JPG_IMPUREZAS
C:\Users\eduar\Desktop\Soybe-main\data\com_fundo\RGB_JPG_IMPUREZAS\grao_DSC_0241_id48.png,RGB_JPG_IMPUREZAS,RGB_JPG_IMPUREZAS
C:\Users\eduar\Desktop\Soybe-main\data\com_fundo\RGB_JPG_IMPUREZAS\grao_DSC_0241_id49.png,RGB_JPG_IMPUREZAS,RGB_JPG_IMPUREZAS
C:\Users\eduar\Desktop\Soybe-main\data\com_fundo\RGB_JPG_IMPUREZAS\grao_DSC_0241_id50.png,RGB_JPG_IMPUREZAS,RGB_JPG_IMPUREZAS
C:\Users\eduar\Desktop\Soybe-main\data\com_fundo\RGB_JPG_IMPUREZAS\grao_DSC_0241_id51.png,RGB_JPG_IMPUREZAS,RGB_JPG_IMPUREZAS
C:\Users\eduar\Desktop\Soybe-main\data\com_fundo\RGB_JPG_IMPUREZAS\grao_DSC_0241_id52.png,RGB_JPG_IMPUREZAS,RGB_JPG_IMPUREZAS
C:\Users\eduar\Desktop\Soybe-main\data\com_fundo\RGB_JPG_IMPUREZAS\grao_DSC_0241_id53.png,RGB_JPG_IMPUREZAS,RGB_JPG_IMPUREZAS
C:\Users\eduar\Desktop\Soybe-main\data\com_fundo\RGB_JPG_IMPUREZAS\grao_DSC_0241_id54.png,RGB_JPG_IMPUREZAS,RGB_JPG_IMPUREZAS
C:\Users\eduar\Desktop\Soybe-main\data\com_fundo\RGB_JPG_IMPUREZAS\grao_DSC_0241_id55.png,RGB_JPG_IMPUREZAS,RGB_JPG_IMPUREZAS
C:\Users\eduar\Desktop\Soybe-main\data\com_fundo\RGB_JPG_IMPUREZAS\grao_DSC_0241_id56.png,RGB_JPG_IMPUREZAS,RGB_JPG_IMPUREZAS
C:\Users\eduar\Desktop\Soybe-main\data\com_fundo\RGB_JPG_IMPUREZAS\grao_DSC_0241_id57.png,RGB_JPG_IMPUREZAS,RGB_JPG_IMPUREZAS
C:\Users\eduar\Desktop\Soybe-main\data\com_fundo\RGB_JPG_IMPUREZAS\grao_DSC_0241_id58.png,RGB_JPG_IMPUREZAS,RGB_JPG_IMPUREZAS
C:\Users\eduar\Desktop\Soybe-main\data\com_fundo\RGB_JPG_IMPUREZAS\grao_DSC_0241_id59.png,RGB_JPG_IMPUREZAS,RGB_JPG_IMPUREZAS
C:\Users\eduar\Desktop\Soybe-main\data\com_fundo\RGB_JPG_IMPUREZAS\grao_DSC_0241_id6.png,RGB_JPG_IMPUREZAS,RGB_JPG_IMPUREZAS
C:\Users\eduar\Desktop\Soybe-main\data\com_fundo\RGB_JPG_IMPUREZAS\grao_DSC_0241_id61.png,RGB_JPG_IMPUREZAS,RGB_JPG_IMPUREZAS
C:\Users\eduar\Desktop\Soybe-main\data\com_fundo\RGB_JPG_IMPUREZAS\grao_DSC_0241_id64.png,RGB_JPG_IMPUREZAS,RGB_JPG_IMPUREZAS
C:\Users\eduar\Desktop\Soybe-main\data\com_fundo\RGB_JPG_IMPUREZAS\grao_DSC_0241_id65.png,RGB_JPG_IMPUREZAS,RGB_JPG_IMPUREZAS
C:\Users\eduar\Desktop\Soybe-main\data\com_fundo\RGB_JPG_IMPUREZAS\grao_DSC_0241_id68.png,RGB_JPG_IMPUREZAS,RGB_JPG_IMPUREZAS
C:\Users\eduar\Desktop\Soybe-main\data\com_fundo\RGB_JPG_IMPUREZAS\grao_DSC_0241_id70.png,RGB_JPG_IMPUREZAS,RGB_JPG_IMPUREZAS
C:\Users\eduar\Desktop\Soybe-main\data\com_fundo\RGB_JPG_IMPUREZAS\grao_DSC_0241_id75.png,RGB_JPG_IMPUREZAS,RGB_JPG_IMPUREZAS
C:\Users\eduar\Desktop\Soybe-main\data\com_fundo\RGB_JPG_IMPUREZAS\grao_DSC_0241_id76.png,RGB_JPG_IMPUREZAS,RGB_JPG_IMPUREZAS
C:\Users\eduar\Desktop\Soybe-main\data\com_fundo\RGB_JPG_IMPUREZAS\grao_DSC_0241_id77.png,RGB_JPG_IMPUREZAS,RGB_JPG_IMPUREZAS
C:\Users\eduar\Desktop\Soybe-main\data\com_fundo\RGB_JPG_IMPUREZAS\grao_DSC_0241_id78.png,RGB_JPG_IMPUREZAS,RGB_JPG_IMPUREZAS
C:\Users\eduar\Desktop\Soybe-main\data\com_fundo\RGB_JPG_IMPUREZAS\grao_DSC_0241_id79.png,RGB_JPG_IMPUREZAS,RGB_JPG_IMPUREZAS
C:\Users\eduar\Desktop\Soybe-main\data\com_fundo\RGB_JPG_IMPUREZAS\grao_DSC_0241_id80.png,RGB_JPG_IMPUREZAS,RGB_JPG_IMPUREZAS
C:\Users\eduar\Desktop\Soybe-main\data\com_fundo\RGB_JPG_IMPUREZAS\grao_DSC_0241_id81.png,RGB_JPG_IMPUREZAS,RGB_JPG_IMPUREZAS
C:\Users\eduar\Desktop\Soybe-main\data\com_fundo\RGB_JPG_IMPUREZAS\grao_DSC_0241_id82.png,RGB_JPG_IMPUREZAS,RGB_JPG_IMPUREZAS
C:\Users\eduar\Desktop\Soybe-main\data\com_fundo\RGB_JPG_IMPUREZAS\grao_DSC_0241_id83.png,RGB_JPG_IMPUREZAS,RGB_JPG_IMPUREZAS
C:\Users\eduar\Desktop\Soybe-main\data\com_fundo\RGB_JPG_IMPUREZAS\grao_DSC_0241_id84.png,RGB_JPG_IMPUREZAS,RGB_JPG_IMPUREZAS
C:\Users\eduar\Desktop\Soybe-main\data\com_fundo\RGB_JPG_IMPUREZAS\grao_DSC_0241_id85.png,RGB_JPG_IMPUREZAS,RGB_JPG_IMPUREZAS
C:\Users\eduar\Desktop\Soybe-main\data\com_fundo\RGB_JPG_IMPUREZAS\grao_DSC_0241_id87.png,RGB_JPG_IMPUREZAS,RGB_JPG_IMPUREZAS
C:\Users\eduar\Desktop\Soybe-main\data\com_fundo\RGB_JPG_IMPUREZAS\grao_DSC_0241_id88.png,RGB_JPG_IMPUREZAS,RGB_JPG_IMPUREZAS
C:\Users\eduar\Desktop\Soybe-main\data\com_fundo\RGB_JPG_IMPUREZAS\grao_DSC_0241_id89.png,RGB_JPG_IMPUREZAS,RGB_JPG_IMPUREZAS
C:\Users\eduar\Desktop\Soybe-main\data\com_fundo\RGB_JPG_IMPUREZAS\grao_DSC_0241_id90.png,RGB_JPG_IMPUREZAS,RGB_JPG_IMPUREZAS
C:\Users\eduar\Desktop\Soybe-main\data\com_fundo\RGB_JPG_IMPUREZAS\grao_DSC_0241_id93.png,RGB_JPG_IMPUREZAS,RGB_JPG_IMPUREZAS
C:\Users\eduar\Desktop\Soybe-main\data\com_fundo\RGB_JPG_IMPUREZAS\grao_DSC_0241_id95.png,RGB_JPG_IMPUREZAS,RGB_JPG_IMPUREZAS
C:\Users\eduar\Desktop\Soybe-main\data\com_fundo\RGB_JPG_IMPUREZAS\grao_DSC_0241_id96.png,RGB_JPG_IMPUREZAS,RGB_JPG_IMPUREZAS
C:\Users\eduar\Desktop\Soybe-main\data\com_fundo\RGB_JPG_IMPUREZAS\grao_DSC_0241_id98.png,RGB_JPG_IMPUREZAS,RGB_JPG_IMPUREZAS
C:\Users\eduar\Desktop\Soybe-main\data\com_fundo\RGB_JPG_IMPUREZAS\grao_DSC_0241_id99.png,RGB_JPG_IMPUREZAS,RGB_JPG_IMPUREZAS
C:\Users\eduar\Desktop\Soybe-main\data\com_fundo\RGB_JPG_IMPUREZAS\grao_DSC_0248_id1.png,RGB_JPG_IMPUREZAS,RGB_JPG_IMPUREZAS
C:\Users\eduar\Desktop\Soybe-main\data\com_fundo\RGB_JPG_IMPUREZAS\grao_DSC_0248_id104.png,RGB_JPG_IMPUREZAS,RGB_JPG_IMPUREZAS
C:\Users\eduar\Desktop\Soybe-main\data\com_fundo\RGB_JPG_IMPUREZAS\grao_DSC_0248_id106.png,RGB_JPG_IMPUREZAS,RGB_JPG_IMPUREZAS
C:\Users\eduar\Desktop\Soybe-main\data\com_fundo\RGB_JPG_IMPUREZAS\grao_DSC_0248_id108.png,RGB_JPG_IMPUREZAS,RGB_JPG_IMPUREZAS
C:\Users\eduar\Desktop\Soybe-main\data\com_fundo\RGB_JPG_IMPUREZAS\grao_DSC_0248_id109.png,RGB_JPG_IMPUREZAS,RGB_JPG_IMPUREZAS
C:\Users\eduar\Desktop\Soybe-main\data\com_fundo\RGB_JPG_IMPUREZAS\grao_DSC_0248_id110.png,RGB_JPG_IMPUREZAS,RGB_JPG_IMPUREZAS
C:\Users\eduar\Desktop\Soybe-main\data\com_fundo\RGB_JPG_IMPUREZAS\grao_DSC_0248_id112.png,RGB_JPG_IMPUREZAS,RGB_JPG_IMPUREZAS
C:\Users\eduar\Desktop\Soybe-main\data\com_fundo\RGB_JPG_IMPUREZAS\grao_DSC_0248_id113.png,RGB_JPG_IMPUREZAS,RGB_JPG_IMPUREZAS
C:\Users\eduar\Desktop\Soybe-main\data\com_fundo\RGB_JPG_IMPUREZAS\grao_DSC_0248_id115.png,RGB_JPG_IMPUREZAS,RGB_JPG_IMPUREZAS
C:\Users\eduar\Desktop\Soybe-main\data\com_fundo\RGB_JPG_IMPUREZAS\grao_DSC_0248_id116.png,RGB_JPG_IMPUREZAS,RGB_JPG_IMPUREZAS
C:\Users\eduar\Desktop\Soybe-main\data\com_fundo\RGB_JPG_IMPUREZAS\grao_DSC_0248_id118.png,RGB_JPG_IMPUREZAS,RGB_JPG_IMPUREZAS
C:\Users\eduar\Desktop\Soybe-main\data\com_fundo\RGB_JPG_IMPUREZAS\grao_DSC_0248_id119.png,RGB_JPG_IMPUREZAS,RGB_JPG_IMPUREZAS
C:\Users\eduar\Desktop\Soybe-main\data\com_fundo\RGB_JPG_IMPUREZAS\grao_DSC_0248_id126.png,RGB_JPG_IMPUREZAS,RGB_JPG_IMPUREZAS
C:\Users\eduar\Desktop\Soybe-main\data\com_fundo\RGB_JPG_IMPUREZAS\grao_DSC_0248_id128.png,RGB_JPG_IMPUREZAS,RGB_JPG_IMPUREZAS
C:\Users\eduar\Desktop\Soybe-main\data\com_fundo\RGB_JPG_IMPUREZAS\grao_DSC_0248_id129.png,RGB_JPG_IMPUREZAS,RGB_JPG_IMPUREZAS
C:\Users\eduar\Desktop\Soybe-main\data\com_fundo\RGB_JPG_IMPUREZAS\grao_DSC_0248_id130.png,RGB_JPG_IMPUREZAS,RGB_JPG_IMPUREZAS
C:\Users\eduar\Desktop\Soybe-main\data\com_fundo\RGB_JPG_IMPUREZAS\grao_DSC_0248_id133.png,RGB_JPG_IMPUREZAS,RGB_JPG_IMPUREZAS
C:\Users\eduar\Desktop\Soybe-main\data\com_fundo\RGB_JPG_IMPUREZAS\grao_DSC_0248_id134.png,RGB_JPG_IMPUREZAS,RGB_JPG_IMPUREZAS
C:\Users\eduar\Desktop\Soybe-main\data\com_fundo\RGB_JPG_IMPUREZAS\grao_DSC_0248_id135.png,RGB_JPG_IMPUREZAS,RGB_JPG_IMPUREZAS
C:\Users\eduar\Desktop\Soybe-main\data\com_fundo\RGB_JPG_IMPUREZAS\grao_DSC_0248_id136.png,RGB_JPG_IMPUREZAS,RGB_JPG_IMPUREZAS
C:\Users\eduar\Desktop\Soybe-main\data\com_fundo\RGB_JPG_IMPUREZAS\grao_DSC_0248_id137.png,RGB_JPG_IMPUREZAS,RGB_JPG_IMPUREZAS
C:\Users\eduar\Desktop\Soybe-main\data\com_fundo\RGB_JPG_IMPUREZAS\grao_DSC_0248_id138.png,RGB_JPG_IMPUREZAS,RGB_JPG_IMPUREZAS
C:\Users\eduar\Desktop\Soybe-main\data\com_fundo\RGB_JPG_IMPUREZAS\grao_DSC_0248_id139.png,RGB_JPG_IMPUREZAS,RGB_JPG_IMPUREZAS
C:\Users\eduar\Desktop\Soybe-main\data\com_fundo\RGB_JPG_IMPUREZAS\grao_DSC_0248_id140.png,RGB_JPG_IMPUREZAS,RGB_JPG_IMPUREZAS
C:\Users\eduar\Desktop\Soybe-main\data\com_fundo\RGB_JPG_IMPUREZAS\grao_DSC_0248_id141.png,RGB_JPG_IMPUREZAS,RGB_JPG_IMPUREZAS
C:\Users\eduar\Desktop\Soybe-main\data\com_fundo\RGB_JPG_IMPUREZAS\grao_DSC_0248_id142.png,RGB_JPG_IMPUREZAS,RGB_JPG_IMPUREZAS
C:\Users\eduar\Desktop\Soybe-main\data\com_fundo\RGB_JPG_IMPUREZAS\grao_DSC_0248_id143.png,RGB_JPG_IMPUREZAS,RGB_JPG_IMPUREZAS
C:\Users\eduar\Desktop\Soybe-main\data\com_fundo\RGB_JPG_IMPUREZAS\grao_DSC_0248_id147.png,RGB_JPG_IMPUREZAS,RGB_JPG_IMPUREZAS
C:\Users\eduar\Desktop\Soybe-main\data\com_fundo\RGB_JPG_IMPUREZAS\grao_DSC_0248_id15.png,RGB_JPG_IMPUREZAS,RGB_JPG_IMPUREZAS
C:\Users\eduar\Desktop\Soybe-main\data\com_fundo\RGB_JPG_IMPUREZAS\grao_DSC_0248_id151.png,RGB_JPG_IMPUREZAS,RGB_JPG_IMPUREZAS
C:\Users\eduar\Desktop\Soybe-main\data\com_fundo\RGB_JPG_IMPUREZAS\grao_DSC_0248_id152.png,RGB_JPG_IMPUREZAS,RGB_JPG_IMPUREZAS
C:\Users\eduar\Desktop\Soybe-main\data\com_fundo\RGB_JPG_IMPUREZAS\grao_DSC_0248_id153.png,RGB_JPG_IMPUREZAS,RGB_JPG_IMPUREZAS
C:\Users\eduar\Desktop\Soybe-main\data\com_fundo\RGB_JPG_IMPUREZAS\grao_DSC_0248_id154.png,RGB_JPG_IMPUREZAS,RGB_JPG_IMPUREZAS
C:\Users\eduar\Desktop\Soybe-main\data\com_fundo\RGB_JPG_IMPUREZAS\grao_DSC_0248_id155.png,RGB_JPG_IMPUREZAS,RGB_JPG_IMPUREZAS
C:\Users\eduar\Desktop\Soybe-main\data\com_fundo\RGB_JPG_IMPUREZAS\grao_DSC_0248_id156.png,RGB_JPG_IMPUREZAS,RGB_JPG_IMPUREZAS
C:\Users\eduar\Desktop\Soybe-main\data\com_fundo\RGB_JPG_IMPUREZAS\grao_DSC_0248_id157.png,RGB_JPG_IMPUREZAS,RGB_JPG_IMPUREZAS
C:\Users\eduar\Desktop\Soybe-main\data\com_fundo\RGB_JPG_IMPUREZAS\grao_DSC_0248_id158.png,RGB_JPG_IMPUREZAS,RGB_JPG_IMPUREZAS
C:\Users\eduar\Desktop\Soybe-main\data\com_fundo\RGB_JPG_IMPUREZAS\grao_DSC_0248_id160.png,RGB_JPG_IMPUREZAS,RGB_JPG_IMPUREZAS
C:\Users\eduar\Desktop\Soybe-main\data\com_fundo\RGB_JPG_IMPUREZAS\grao_DSC_0248_id166.png,RGB_JPG_IMPUREZAS,RGB_JPG_IMPUREZAS
C:\Users\eduar\Desktop\Soybe-main\data\com_fundo\RGB_JPG_IMPUREZAS\grao_DSC_0248_id17.png,RGB_JPG_IMPUREZAS,RGB_JPG_IMPUREZAS
C:\Users\eduar\Desktop\Soybe-main\data\com_fundo\RGB_JPG_IMPUREZAS\grao_DSC_0248_id170.png,RGB_JPG_IMPUREZAS,RGB_JPG_IMPUREZAS
C:\Users\eduar\Desktop\Soybe-main\data\com_fundo\RGB_JPG_IMPUREZAS\grao_DSC_0248_id171.png,RGB_JPG_IMPUREZAS,RGB_JPG_IMPUREZAS
C:\Users\eduar\Desktop\Soybe-main\data\com_fundo\RGB_JPG_IMPUREZAS\grao_DSC_0248_id172.png,RGB_JPG_IMPUREZAS,RGB_JPG_IMPUREZAS
C:\Users\eduar\Desktop\Soybe-main\data\com_fundo\RGB_JPG_IMPUREZAS\grao_DSC_0248_id173.png,RGB_JPG_IMPUREZAS,RGB_JPG_IMPUREZAS
C:\Users\eduar\Desktop\Soybe-main\data\com_fundo\RGB_JPG_IMPUREZAS\grao_DSC_0248_id174.png,RGB_JPG_IMPUREZAS,RGB_JPG_IMPUREZAS
C:\Users\eduar\Desktop\Soybe-main\data\com_fundo\RGB_JPG_IMPUREZAS\grao_DSC_0248_id178.png,RGB_JPG_IMPUREZAS,RGB_JPG_IMPUREZAS
C:\Users\eduar\Desktop\Soybe-main\data\com_fundo\RGB_JPG_IMPUREZAS\grao_DSC_0248_id182.png,RGB_JPG_IMPUREZAS,RGB_JPG_IMPUREZAS
C:\Users\eduar\Desktop\Soybe-main\data\com_fundo\RGB_JPG_IMPUREZAS\grao_DSC_0248_id185.png,RGB_JPG_IMPUREZAS,RGB_JPG_IMPUREZAS
C:\Users\eduar\Desktop\Soybe-main\data\com_fundo\RGB_JPG_IMPUREZAS\grao_DSC_0248_id186.png,RGB_JPG_IMPUREZAS,RGB_JPG_IMPUREZAS
C:\Users\eduar\Desktop\Soybe-main\data\com_fundo\RGB_JPG_IMPUREZAS\grao_DSC_0248_id187.png,RGB_JPG_IMPUREZAS,RGB_JPG_IMPUREZAS
C:\Users\eduar\Desktop\Soybe-main\data\com_fundo\RGB_JPG_IMPUREZAS\grao_DSC_0248_id19.png,RGB_JPG_IMPUREZAS,RGB_JPG_IMPUREZAS
C:\Users\eduar\Desktop\Soybe-main\data\com_fundo\RGB_JPG_IMPUREZAS\grao_DSC_0248_id191.png,RGB_JPG_IMPUREZAS,RGB_JPG_IMPUREZAS
C:\Users\eduar\Desktop\Soybe-main\data\com_fundo\RGB_JPG_IMPUREZAS\grao_DSC_0248_id193.png,RGB_JPG_IMPUREZAS,RGB_JPG_IMPUREZAS
C:\Users\eduar\Desktop\Soybe-main\data\com_fundo\RGB_JPG_IMPUREZAS\grao_DSC_0248_id194.png,RGB_JPG_IMPUREZAS,RGB_JPG_IMPUREZAS
C:\Users\eduar\Desktop\Soybe-main\data\com_fundo\RGB_JPG_IMPUREZAS\grao_DSC_0248_id195.png,RGB_JPG_IMPUREZAS,RGB_JPG_IMPUREZAS
C:\Users\eduar\Desktop\Soybe-main\data\com_fundo\RGB_JPG_IMPUREZAS\grao_DSC_0248_id196.png,RGB_JPG_IMPUREZAS,RGB_JPG_IMPUREZAS
C:\Users\eduar\Desktop\Soybe-main\data\com_fundo\RGB_JPG_IMPUREZAS\grao_DSC_0248_id197.png,RGB_JPG_IMPUREZAS,RGB_JPG_IMPUREZAS
C:\Users\eduar\Desktop\Soybe-main\data\com_fundo\RGB_JPG_IMPUREZAS\grao_DSC_0248_id198.png,RGB_JPG_IMPUREZAS,RGB_JPG_IMPUREZAS
C:\Users\eduar\Desktop\Soybe-main\data\com_fundo\RGB_JPG_IMPUREZAS\grao_DSC_0248_id199.png,RGB_JPG_IMPUREZAS,RGB_JPG_IMPUREZAS
C:\Users\eduar\Desktop\Soybe-main\data\com_fundo\RGB_JPG_IMPUREZAS\grao_DSC_0248_id2.png,RGB_JPG_IMPUREZAS,RGB_JPG_IMPUREZAS
C:\Users\eduar\Desktop\Soybe-main\data\com_fundo\RGB_JPG_IMPUREZAS\grao_DSC_0248_id20.png,RGB_JPG_IMPUREZAS,RGB_JPG_IMPUREZAS
C:\Users\eduar\Desktop\Soybe-main\data\com_fundo\RGB_JPG_IMPUREZAS\grao_DSC_0248_id208.png,RGB_JPG_IMPUREZAS,RGB_JPG_IMPUREZAS
C:\Users\eduar\Desktop\Soybe-main\data\com_fundo\RGB_JPG_IMPUREZAS\grao_DSC_0248_id209.png,RGB_JPG_IMPUREZAS,RGB_JPG_IMPUREZAS
C:\Users\eduar\Desktop\Soybe-main\data\com_fundo\RGB_JPG_IMPUREZAS\grao_DSC_0248_id21.png,RGB_JPG_IMPUREZAS,RGB_JPG_IMPUREZAS
C:\Users\eduar\Desktop\Soybe-main\data\com_fundo\RGB_JPG_IMPUREZAS\grao_DSC_0248_id210.png,RGB_JPG_IMPUREZAS,RGB_JPG_IMPUREZAS
C:\Users\eduar\Desktop\Soybe-main\data\com_fundo\RGB_JPG_IMPUREZAS\grao_DSC_0248_id211.png,RGB_JPG_IMPUREZAS,RGB_JPG_IMPUREZAS
C:\Users\eduar\Desktop\Soybe-main\data\com_fundo\RGB_JPG_IMPUREZAS\grao_DSC_0248_id216.png,RGB_JPG_IMPUREZAS,RGB_JPG_IMPUREZAS
C:\Users\eduar\Desktop\Soybe-main\data\com_fundo\RGB_JPG_IMPUREZAS\grao_DSC_0248_id27.png,RGB_JPG_IMPUREZAS,RGB_JPG_IMPUREZAS
C:\Users\eduar\Desktop\Soybe-main\data\com_fundo\RGB_JPG_IMPUREZAS\grao_DSC_0248_id28.png,RGB_JPG_IMPUREZAS,RGB_JPG_IMPUREZAS
C:\Users\eduar\Desktop\Soybe-main\data\com_fundo\RGB_JPG_IMPUREZAS\grao_DSC_0248_id29.png,RGB_JPG_IMPUREZAS,RGB_JPG_IMPUREZAS
C:\Users\eduar\Desktop\Soybe-main\data\com_fundo\RGB_JPG_IMPUREZAS\grao_DSC_0248_id3.png,RGB_JPG_IMPUREZAS,RGB_JPG_IMPUREZAS
C:\Users\eduar\Desktop\Soybe-main\data\com_fundo\RGB_JPG_IMPUREZAS\grao_DSC_0248_id30.png,RGB_JPG_IMPUREZAS,RGB_JPG_IMPUREZAS
C:\Users\eduar\Desktop\Soybe-main\data\com_fundo\RGB_JPG_IMPUREZAS\grao_DSC_0248_id32.png,RGB_JPG_IMPUREZAS,RGB_JPG_IMPUREZAS
C:\Users\eduar\Desktop\Soybe-main\data\com_fundo\RGB_JPG_IMPUREZAS\grao_DSC_0248_id33.png,RGB_JPG_IMPUREZAS,RGB_JPG_IMPUREZAS
C:\Users\eduar\Desktop\Soybe-main\data\com_fundo\RGB_JPG_IMPUREZAS\grao_DSC_0248_id34.png,RGB_JPG_IMPUREZAS,RGB_JPG_IMPUREZAS
C:\Users\eduar\Desktop\Soybe-main\data\com_fundo\RGB_JPG_IMPUREZAS\grao_DSC_0248_id35.png,RGB_JPG_IMPUREZAS,RGB_JPG_IMPUREZAS
C:\Users\eduar\Desktop\Soybe-main\data\com_fundo\RGB_JPG_IMPUREZAS\grao_DSC_0248_id4.png,RGB_JPG_IMPUREZAS,RGB_JPG_IMPUREZAS
C:\Users\eduar\Desktop\Soybe-main\data\com_fundo\RGB_JPG_IMPUREZAS\grao_DSC_0248_id40.png,RGB_JPG_IMPUREZAS,RGB_JPG_IMPUREZAS
C:\Users\eduar\Desktop\Soybe-main\data\com_fundo\RGB_JPG_IMPUREZAS\grao_DSC_0248_id46.png,RGB_JPG_IMPUREZAS,RGB_JPG_IMPUREZAS
C:\Users\eduar\Desktop\Soybe-main\data\com_fundo\RGB_JPG_IMPUREZAS\grao_DSC_0248_id47.png,RGB_JPG_IMPUREZAS,RGB_JPG_IMPUREZAS
C:\Users\eduar\Desktop\Soybe-main\data\com_fundo\RGB_JPG_IMPUREZAS\grao_DSC_0248_id48.png,RGB_JPG_IMPUREZAS,RGB_JPG_IMPUREZAS
C:\Users\eduar\Desktop\Soybe-main\data\com_fundo\RGB_JPG_IMPUREZAS\grao_DSC_0248_id49.png,RGB_JPG_IMPUREZAS,RGB_JPG_IMPUREZAS
C:\Users\eduar\Desktop\Soybe-main\data\com_fundo\RGB_JPG_IMPUREZAS\grao_DSC_0248_id5.png,RGB_JPG_IMPUREZAS,RGB_JPG_IMPUREZAS
C:\Users\eduar\Desktop\Soybe-main\data\com_fundo\RGB_JPG_IMPUREZAS\grao_DSC_0248_id51.png,RGB_JPG_IMPUREZAS,RGB_JPG_IMPUREZAS
C:\Users\eduar\Desktop\Soybe-main\data\com_fundo\RGB_JPG_IMPUREZAS\grao_DSC_0248_id52.png,RGB_JPG_IMPUREZAS,RGB_JPG_IMPUREZAS
C:\Users\eduar\Desktop\Soybe-main\data\com_fundo\RGB_JPG_IMPUREZAS\grao_DSC_0248_id53.png,RGB_JPG_IMPUREZAS,RGB_JPG_IMPUREZAS
C:\Users\eduar\Desktop\Soybe-main\data\com_fundo\RGB_JPG_IMPUREZAS\grao_DSC_0248_id54.png,RGB_JPG_IMPUREZAS,RGB_JPG_IMPUREZAS
C:\Users\eduar\Desktop\Soybe-main\data\com_fundo\RGB_JPG_IMPUREZAS\grao_DSC_0248_id55.png,RGB_JPG_IMPUREZAS,RGB_JPG_IMPUREZAS
C:\Users\eduar\Desktop\Soybe-main\data\com_fundo\RGB_JPG_IMPUREZAS\grao_DSC_0248_id61.png,RGB_JPG_IMPUREZAS,RGB_JPG_IMPUREZAS
C:\Users\eduar\Desktop\Soybe-main\data\com_fundo\RGB_JPG_IMPUREZAS\grao_DSC_0248_id65.png,RGB_JPG_IMPUREZAS,RGB_JPG_IMPUREZAS
C:\Users\eduar\Desktop\Soybe-main\data\com_fundo\RGB_JPG_IMPUREZAS\grao_DSC_0248_id67.png,RGB_JPG_IMPUREZAS,RGB_JPG_IMPUREZAS
C:\Users\eduar\Desktop\Soybe-main\data\com_fundo\RGB_JPG_IMPUREZAS\grao_DSC_0248_id68.png,RGB_JPG_IMPUREZAS,RGB_JPG_IMPUREZAS
C:\Users\eduar\Desktop\Soybe-main\data\com_fundo\RGB_JPG_IMPUREZAS\grao_DSC_0248_id69.png,RGB_JPG_IMPUREZAS,RGB_JPG_IMPUREZAS
C:\Users\eduar\Desktop\Soybe-main\data\com_fundo\RGB_JPG_IMPUREZAS\grao_DSC_0248_id7.png,RGB_JPG_IMPUREZAS,RGB_JPG_IMPUREZAS
C:\Users\eduar\Desktop\Soybe-main\data\com_fundo\RGB_JPG_IMPUREZAS\grao_DSC_0248_id70.png,RGB_JPG_IMPUREZAS,RGB_JPG_IMPUREZAS
C:\Users\eduar\Desktop\Soybe-main\data\com_fundo\RGB_JPG_IMPUREZAS\grao_DSC_0248_id72.png,RGB_JPG_IMPUREZAS,RGB_JPG_IMPUREZAS
C:\Users\eduar\Desktop\Soybe-main\data\com_fundo\RGB_JPG_IMPUREZAS\grao_DSC_0248_id73.png,RGB_JPG_IMPUREZAS,RGB_JPG_IMPUREZAS
C:\Users\eduar\Desktop\Soybe-main\data\com_fundo\RGB_JPG_IMPUREZAS\grao_DSC_0248_id74.png,RGB_JPG_IMPUREZAS,RGB_JPG_IMPUREZAS
C:\Users\eduar\Desktop\Soybe-main\data\com_fundo\RGB_JPG_IMPUREZAS\grao_DSC_0248_id75.png,RGB_JPG_IMPUREZAS,RGB_JPG_IMPUREZAS
C:\Users\eduar\Desktop\Soybe-main\data\com_fundo\RGB_JPG_IMPUREZAS\grao_DSC_0248_id77.png,RGB_JPG_IMPUREZAS,RGB_JPG_IMPUREZAS
C:\Users\eduar\Desktop\Soybe-main\data\com_fundo\RGB_JPG_IMPUREZAS\grao_DSC_0248_id78.png,RGB_JPG_IMPUREZAS,RGB_JPG_IMPUREZAS
C:\Users\eduar\Desktop\Soybe-main\data\com_fundo\RGB_JPG_IMPUREZAS\grao_DSC_0248_id79.png,RGB_JPG_IMPUREZAS,RGB_JPG_IMPUREZAS
C:\Users\eduar\Desktop\Soybe-main\data\com_fundo\RGB_JPG_IMPUREZAS\grao_DSC_0248_id8.png,RGB_JPG_IMPUREZAS,RGB_JPG_IMPUREZAS
C:\Users\eduar\Desktop\Soybe-main\data\com_fundo\RGB_JPG_IMPUREZAS\grao_DSC_0248_id80.png,RGB_JPG_IMPUREZAS,RGB_JPG_IMPUREZAS
C:\Users\eduar\Desktop\Soybe-main\data\com_fundo\RGB_JPG_IMPUREZAS\grao_DSC_0248_id82.png,RGB_JPG_IMPUREZAS,RGB_JPG_IMPUREZAS
C:\Users\eduar\Desktop\Soybe-main\data\com_fundo\RGB_JPG_IMPUREZAS\grao_DSC_0248_id84.png,RGB_JPG_IMPUREZAS,RGB_JPG_IMPUREZAS
C:\Users\eduar\Desktop\Soybe-main\data\com_fundo\RGB_JPG_IMPUREZAS\grao_DSC_0248_id85.png,RGB_JPG_IMPUREZAS,RGB_JPG_IMPUREZAS
C:\Users\eduar\Desktop\Soybe-main\data\com_fundo\RGB_JPG_IMPUREZAS\grao_DSC_0248_id87.png,RGB_JPG_IMPUREZAS,RGB_JPG_IMPUREZAS
C:\Users\eduar\Desktop\Soybe-main\data\com_fundo\RGB_JPG_IMPUREZAS\grao_DSC_0248_id92.png,RGB_JPG_IMPUREZAS,RGB_JPG_IMPUREZAS
C:\Users\eduar\Desktop\Soybe-main\data\com_fundo\RGB_JPG_IMPUREZAS\grao_DSC_0248_id93.png,RGB_JPG_IMPUREZAS,RGB_JPG_IMPUREZAS
C:\Users\eduar\Desktop\Soybe-main\data\com_fundo\RGB_JPG_IMPUREZAS\grao_DSC_0248_id94.png,RGB_JPG_IMPUREZAS,RGB_JPG_IMPUREZAS
C:\Users\eduar\Desktop\Soybe-main\data\com_fundo\RGB_JPG_IMPUREZAS\grao_DSC_0248_id95.png,RGB_JPG_IMPUREZAS,RGB_JPG_IMPUREZAS
C:\Users\eduar\Desktop\Soybe-main\data\com_fundo\RGB_JPG_IMPUREZAS\grao_DSC_0248_id96.png,RGB_JPG_IMPUREZAS,RGB_JPG_IMPUREZAS
C:\Users\eduar\Desktop\Soybe-main\data\com_fundo\RGB_JPG_IMPUREZAS\grao_DSC_0248_id97.png,RGB_JPG_IMPUREZAS,RGB_JPG_IMPUREZAS
C:\Users\eduar\Desktop\Soybe-main\data\com_fundo\RGB_JPG_IMPUREZAS\grao_DSC_0248_id98.png,RGB_JPG_IMPUREZAS,RGB_JPG_IMPUREZAS
C:\Users\eduar\Desktop\Soybe-main\data\com_fundo\RGB_JPG_IMPUREZAS\grao_DSC_0261_id1.png,RGB_JPG_IMPUREZAS,RGB_JPG_IMPUREZAS
C:\Users\eduar\Desktop\Soybe-main\data\com_fundo\RGB_JPG_IMPUREZAS\grao_DSC_0261_id102.png,RGB_JPG_IMPUREZAS,RGB_JPG_IMPUREZAS
C:\Users\eduar\Desktop\Soybe-main\data\com_fundo\RGB_JPG_IMPUREZAS\grao_DSC_0261_id103.png,RGB_JPG_IMPUREZAS,RGB_JPG_IMPUREZAS
C:\Users\eduar\Desktop\Soybe-main\data\com_fundo\RGB_JPG_IMPUREZAS\grao_DSC_0261_id104.png,RGB_JPG_IMPUREZAS,RGB_JPG_IMPUREZAS
C:\Users\eduar\Desktop\Soybe-main\data\com_fundo\RGB_JPG_IMPUREZAS\grao_DSC_0261_id111.png,RGB_JPG_IMPUREZAS,RGB_JPG_IMPUREZAS
C:\Users\eduar\Desktop\Soybe-main\data\com_fundo\RGB_JPG_IMPUREZAS\grao_DSC_0261_id114.png,RGB_JPG_IMPUREZAS,RGB_JPG_IMPUREZAS
C:\Users\eduar\Desktop\Soybe-main\data\com_fundo\RGB_JPG_IMPUREZAS\grao_DSC_0261_id116.png,RGB_JPG_IMPUREZAS,RGB_JPG_IMPUREZAS
C:\Users\eduar\Desktop\Soybe-main\data\com_fundo\RGB_JPG_IMPUREZAS\grao_DSC_0261_id117.png,RGB_JPG_IMPUREZAS,RGB_JPG_IMPUREZAS
C:\Users\eduar\Desktop\Soybe-main\data\com_fundo\RGB_JPG_IMPUREZAS\grao_DSC_0261_id118.png,RGB_JPG_IMPUREZAS,RGB_JPG_IMPUREZAS
C:\Users\eduar\Desktop\Soybe-main\data\com_fundo\RGB_JPG_IMPUREZAS\grao_DSC_0261_id119.png,RGB_JPG_IMPUREZAS,RGB_JPG_IMPUREZAS
C:\Users\eduar\Desktop\Soybe-main\data\com_fundo\RGB_JPG_IMPUREZAS\grao_DSC_0261_id120.png,RGB_JPG_IMPUREZAS,RGB_JPG_IMPUREZAS
C:\Users\eduar\Desktop\Soybe-main\data\com_fundo\RGB_JPG_IMPUREZAS\grao_DSC_0261_id124.png,RGB_JPG_IMPUREZAS,RGB_JPG_IMPUREZAS
C:\Users\eduar\Desktop\Soybe-main\data\com_fundo\RGB_JPG_IMPUREZAS\grao_DSC_0261_id131.png,RGB_JPG_IMPUREZAS,RGB_JPG_IMPUREZAS
C:\Users\eduar\Desktop\Soybe-main\data\com_fundo\RGB_JPG_IMPUREZAS\grao_DSC_0261_id132.png,RGB_JPG_IMPUREZAS,RGB_JPG_IMPUREZAS
C:\Users\eduar\Desktop\Soybe-main\data\com_fundo\RGB_JPG_IMPUREZAS\grao_DSC_0261_id138.png,RGB_JPG_IMPUREZAS,RGB_JPG_IMPUREZAS
C:\Users\eduar\Desktop\Soybe-main\data\com_fundo\RGB_JPG_IMPUREZAS\grao_DSC_0261_id139.png,RGB_JPG_IMPUREZAS,RGB_JPG_IMPUREZAS
C:\Users\eduar\Desktop\Soybe-main\data\com_fundo\RGB_JPG_IMPUREZAS\grao_DSC_0261_id14.png,RGB_JPG_IMPUREZAS,RGB_JPG_IMPUREZAS
C:\Users\eduar\Desktop\Soybe-main\data\com_fundo\RGB_JPG_IMPUREZAS\grao_DSC_0261_id140.png,RGB_JPG_IMPUREZAS,RGB_JPG_IMPUREZAS
C:\Users\eduar\Desktop\Soybe-main\data\com_fundo\RGB_JPG_IMPUREZAS\grao_DSC_0261_id141.png,RGB_JPG_IMPUREZAS,RGB_JPG_IMPUREZAS
C:\Users\eduar\Desktop\Soybe-main\data\com_fundo\RGB_JPG_IMPUREZAS\grao_DSC_0261_id142.png,RGB_JPG_IMPUREZAS,RGB_JPG_IMPUREZAS
C:\Users\eduar\Desktop\Soybe-main\data\com_fundo\RGB_JPG_IMPUREZAS\grao_DSC_0261_id143.png,RGB_JPG_IMPUREZAS,RGB_JPG_IMPUREZAS
C:\Users\eduar\Desktop\Soybe-main\data\com_fundo\RGB_JPG_IMPUREZAS\grao_DSC_0261_id144.png,RGB_JPG_IMPUREZAS,RGB_JPG_IMPUREZAS
C:\Users\eduar\Desktop\Soybe-main\data\com_fundo\RGB_JPG_IMPUREZAS\grao_DSC_0261_id145.png,RGB_JPG_IMPUREZAS,RGB_JPG_IMPUREZAS
C:\Users\eduar\Desktop\Soybe-main\data\com_fundo\RGB_JPG_IMPUREZAS\grao_DSC_0261_id146.png,RGB_JPG_IMPUREZAS,RGB_JPG_IMPUREZAS
C:\Users\eduar\Desktop\Soybe-main\data\com_fundo\RGB_JPG_IMPUREZAS\grao_DSC_0261_id15.png,RGB_JPG_IMPUREZAS,RGB_JPG_IMPUREZAS
C:\Users\eduar\Desktop\Soybe-main\data\com_fundo\RGB_JPG_IMPUREZAS\grao_DSC_0261_id152.png,RGB_JPG_IMPUREZAS,RGB_JPG_IMPUREZAS
C:\Users\eduar\Desktop\Soybe-main\data\com_fundo\RGB_JPG_IMPUREZAS\grao_DSC_0261_id153.png,RGB_JPG_IMPUREZAS,RGB_JPG_IMPUREZAS
C:\Users\eduar\Desktop\Soybe-main\data\com_fundo\RGB_JPG_IMPUREZAS\grao_DSC_0261_id156.png,RGB_JPG_IMPUREZAS,RGB_JPG_IMPUREZAS
C:\Users\eduar\Desktop\Soybe-main\data\com_fundo\RGB_JPG_IMPUREZAS\grao_DSC_0261_id16.png,RGB_JPG_IMPUREZAS,RGB_JPG_IMPUREZAS
C:\Users\eduar\Desktop\Soybe-main\data\com_fundo\RGB_JPG_IMPUREZAS\grao_DSC_0261_id160.png,RGB_JPG_IMPUREZAS,RGB_JPG_IMPUREZAS
C:\Users\eduar\Desktop\Soybe-main\data\com_fundo\RGB_JPG_IMPUREZAS\grao_DSC_0261_id17.png,RGB_JPG_IMPUREZAS,RGB_JPG_IMPUREZAS
C:\Users\eduar\Desktop\Soybe-main\data\com_fundo\RGB_JPG_IMPUREZAS\grao_DSC_0261_id170.png,RGB_JPG_IMPUREZAS,RGB_JPG_IMPUREZAS
C:\Users\eduar\Desktop\Soybe-main\data\com_fundo\RGB_JPG_IMPUREZAS\grao_DSC_0261_id171.png,RGB_JPG_IMPUREZAS,RGB_JPG_IMPUREZAS
C:\Users\eduar\Desktop\Soybe-main\data\com_fundo\RGB_JPG_IMPUREZAS\grao_DSC_0261_id173.png,RGB_JPG_IMPUREZAS,RGB_JPG_IMPUREZAS
C:\Users\eduar\Desktop\Soybe-main\data\com_fundo\RGB_JPG_IMPUREZAS\grao_DSC_0261_id176.png,RGB_JPG_IMPUREZAS,RGB_JPG_IMPUREZAS
C:\Users\eduar\Desktop\Soybe-main\data\com_fundo\RGB_JPG_IMPUREZAS\grao_DSC_0261_id18.png,RGB_JPG_IMPUREZAS,RGB_JPG_IMPUREZAS
C:\Users\eduar\Desktop\Soybe-main\data\com_fundo\RGB_JPG_IMPUREZAS\grao_DSC_0261_id19.png,RGB_JPG_IMPUREZAS,RGB_JPG_IMPUREZAS
C:\Users\eduar\Desktop\Soybe-main\data\com_fundo\RGB_JPG_IMPUREZAS\grao_DSC_0261_id2.png,RGB_JPG_IMPUREZAS,RGB_JPG_IMPUREZAS
C:\Users\eduar\Desktop\Soybe-main\data\com_fundo\RGB_JPG_IMPUREZAS\grao_DSC_0261_id20.png,RGB_JPG_IMPUREZAS,RGB_JPG_IMPUREZAS
C:\Users\eduar\Desktop\Soybe-main\data\com_fundo\RGB_JPG_IMPUREZAS\grao_DSC_0261_id22.png,RGB_JPG_IMPUREZAS,RGB_JPG_IMPUREZAS
C:\Users\eduar\Desktop\Soybe-main\data\com_fundo\RGB_JPG_IMPUREZAS\grao_DSC_0261_id23.png,RGB_JPG_IMPUREZAS,RGB_JPG_IMPUREZAS
C:\Users\eduar\Desktop\Soybe-main\data\com_fundo\RGB_JPG_IMPUREZAS\grao_DSC_0261_id3.png,RGB_JPG_IMPUREZAS,RGB_JPG_IMPUREZAS
C:\Users\eduar\Desktop\Soybe-main\data\com_fundo\RGB_JPG_IMPUREZAS\grao_DSC_0261_id31.png,RGB_JPG_IMPUREZAS,RGB_JPG_IMPUREZAS
C:\Users\eduar\Desktop\Soybe-main\data\com_fundo\RGB_JPG_IMPUREZAS\grao_DSC_0261_id32.png,RGB_JPG_IMPUREZAS,RGB_JPG_IMPUREZAS
C:\Users\eduar\Desktop\Soybe-main\data\com_fundo\RGB_JPG_IMPUREZAS\grao_DSC_0261_id34.png,RGB_JPG_IMPUREZAS,RGB_JPG_IMPUREZAS
C:\Users\eduar\Desktop\Soybe-main\data\com_fundo\RGB_JPG_IMPUREZAS\grao_DSC_0261_id35.png,RGB_JPG_IMPUREZAS,RGB_JPG_IMPUREZAS
C:\Users\eduar\Desktop\Soybe-main\data\com_fundo\RGB_JPG_IMPUREZAS\grao_DSC_0261_id36.png,RGB_JPG_IMPUREZAS,RGB_JPG_IMPUREZAS
C:\Users\eduar\Desktop\Soybe-main\data\com_fundo\RGB_JPG_IMPUREZAS\grao_DSC_0261_id37.png,RGB_JPG_IMPUREZAS,RGB_JPG_IMPUREZAS
C:\Users\eduar\Desktop\Soybe-main\data\com_fundo\RGB_JPG_IMPUREZAS\grao_DSC_0261_id38.png,RGB_JPG_IMPUREZAS,RGB_JPG_IMPUREZAS
C:\Users\eduar\Desktop\Soybe-main\data\com_fundo\RGB_JPG_IMPUREZAS\grao_DSC_0261_id39.png,RGB_JPG_IMPUREZAS,RGB_JPG_IMPUREZAS
C:\Users\eduar\Desktop\Soybe-main\data\com_fundo\RGB_JPG_IMPUREZAS\grao_DSC_0261_id4.png,RGB_JPG_IMPUREZAS,RGB_JPG_IMPUREZAS
C:\Users\eduar\Desktop\Soybe-main\data\com_fundo\RGB_JPG_IMPUREZAS\grao_DSC_0261_id40.png,RGB_JPG_IMPUREZAS,RGB_JPG_IMPUREZAS
C:\Users\eduar\Desktop\Soybe-main\data\com_fundo\RGB_JPG_IMPUREZAS\grao_DSC_0261_id46.png,RGB_JPG_IMPUREZAS,RGB_JPG_IMPUREZAS
C:\Users\eduar\Desktop\Soybe-main\data\com_fundo\RGB_JPG_IMPUREZAS\grao_DSC_0261_id5.png,RGB_JPG_IMPUREZAS,RGB_JPG_IMPUREZAS
C:\Users\eduar\Desktop\Soybe-main\data\com_fundo\RGB_JPG_IMPUREZAS\grao_DSC_0261_id50.png,RGB_JPG_IMPUREZAS,RGB_JPG_IMPUREZAS
C:\Users\eduar\Desktop\Soybe-main\data\com_fundo\RGB_JPG_IMPUREZAS\grao_DSC_0261_id52.png,RGB_JPG_IMPUREZAS,RGB_JPG_IMPUREZAS
C:\Users\eduar\Desktop\Soybe-main\data\com_fundo\RGB_JPG_IMPUREZAS\grao_DSC_0261_id53.png,RGB_JPG_IMPUREZAS,RGB_JPG_IMPUREZAS
C:\Users\eduar\Desktop\Soybe-main\data\com_fundo\RGB_JPG_IMPUREZAS\grao_DSC_0261_id54.png,RGB_JPG_IMPUREZAS,RGB_JPG_IMPUREZAS
C:\Users\eduar\Desktop\Soybe-main\data\com_fundo\RGB_JPG_IMPUREZAS\grao_DSC_0261_id55.png,RGB_JPG_IMPUREZAS,RGB_JPG_IMPUREZAS
C:\Users\eduar\Desktop\Soybe-main\data\com_fundo\RGB_JPG_IMPUREZAS\grao_DSC_0261_id58.png,RGB_JPG_IMPUREZAS,RGB_JPG_IMPUREZAS
C:\Users\eduar\Desktop\Soybe-main\data\com_fundo\RGB_JPG_IMPUREZAS\grao_DSC_0261_id59.png,RGB_JPG_IMPUREZAS,RGB_JPG_IMPUREZAS
C:\Users\eduar\Desktop\Soybe-main\data\com_fundo\RGB_JPG_IMPUREZAS\grao_DSC_0261_id6.png,RGB_JPG_IMPUREZAS,RGB_JPG_IMPUREZAS
C:\Users\eduar\Desktop\Soybe-main\data\com_fundo\RGB_JPG_IMPUREZAS\grao_DSC_0261_id60.png,RGB_JPG_IMPUREZAS,RGB_JPG_IMPUREZAS
C:\Users\eduar\Desktop\Soybe-main\data\com_fundo\RGB_JPG_IMPUREZAS\grao_DSC_0261_id69.png,RGB_JPG_IMPUREZAS,RGB_JPG_IMPUREZAS
C:\Users\eduar\Desktop\Soybe-main\data\com_fundo\RGB_JPG_IMPUREZAS\grao_DSC_0261_id70.png,RGB_JPG_IMPUREZAS,RGB_JPG_IMPUREZAS
C:\Users\eduar\Desktop\Soybe-main\data\com_fundo\RGB_JPG_IMPUREZAS\grao_DSC_0261_id71.png,RGB_JPG_IMPUREZAS,RGB_JPG_IMPUREZAS
C:\Users\eduar\Desktop\Soybe-main\data\com_fundo\RGB_JPG_IMPUREZAS\grao_DSC_0261_id72.png,RGB_JPG_IMPUREZAS,RGB_JPG_IMPUREZAS
C:\Users\eduar\Desktop\Soybe-main\data\com_fundo\RGB_JPG_IMPUREZAS\grao_DSC_0261_id73.png,RGB_JPG_IMPUREZAS,RGB_JPG_IMPUREZAS
C:\Users\eduar\Desktop\Soybe-main\data\com_fundo\RGB_JPG_IMPUREZAS\grao_DSC_0261_id74.png,RGB_JPG_IMPUREZAS,RGB_JPG_IMPUREZAS
C:\Users\eduar\Desktop\Soybe-main\data\com_fundo\RGB_JPG_IMPUREZAS\grao_DSC_0261_id75.png,RGB_JPG_IMPUREZAS,RGB_JPG_IMPUREZAS
C:\Users\eduar\Desktop\Soybe-main\data\com_fundo\RGB_JPG_IMPUREZAS\grao_DSC_0261_id80.png,RGB_JPG_IMPUREZAS,RGB_JPG_IMPUREZAS
C:\Users\eduar\Desktop\Soybe-main\data\com_fundo\RGB_JPG_IMPUREZAS\grao_DSC_0261_id85.png,RGB_JPG_IMPUREZAS,RGB_JPG_IMPUREZAS
C:\Users\eduar\Desktop\Soybe-main\data\com_fundo\RGB_JPG_IMPUREZAS\grao_DSC_0261_id86.png,RGB_JPG_IMPUREZAS,RGB_JPG_IMPUREZAS
C:\Users\eduar\Desktop\Soybe-main\data\com_fundo\RGB_JPG_IMPUREZAS\grao_DSC_0261_id87.png,RGB_JPG_IMPUREZAS,RGB_JPG_IMPUREZAS
C:\Users\eduar\Desktop\Soybe-main\data\com_fundo\RGB_JPG_IMPUREZAS\grao_DSC_0261_id88.png,RGB_JPG_IMPUREZAS,RGB_JPG_IMPUREZAS
C:\Users\eduar\Desktop\Soybe-main\data\com_fundo\RGB_JPG_IMPUREZAS\grao_DSC_0261_id89.png,RGB_JPG_IMPUREZAS,RGB_JPG_IMPUREZAS
C:\Users\eduar\Desktop\Soybe-main\data\com_fundo\RGB_JPG_IMPUREZAS\grao_DSC_0261_id90.png,RGB_JPG_IMPUREZAS,RGB_JPG_IMPUREZAS
C:\Users\eduar\Desktop\Soybe-main\data\com_fundo\RGB_JPG_IMPUREZAS\grao_DSC_0261_id91.png,RGB_JPG_IMPUREZAS,RGB_JPG_IMPUREZAS
C:\Users\eduar\Desktop\Soybe-main\data\com_fundo\RGB_JPG_IMPUREZAS\grao_DSC_0261_id92.png,RGB_JPG_IMPUREZAS,RGB_JPG_IMPUREZAS
C:\Users\eduar\Desktop\Soybe-main\data\com_fundo\RGB_JPG_IMPUREZAS\grao_DSC_0261_id93.png,RGB_JPG_IMPUREZAS,RGB_JPG_IMPUREZAS
C:\Users\eduar\Desktop\Soybe-main\data\com_fundo\RGB_JPG_IMPUREZAS\grao_DSC_0261_id95.png,RGB_JPG_IMPUREZAS,RGB_JPG_IMPUREZAS
C:\Users\eduar\Desktop\Soybe-main\data\com_fundo\RGB_JPG_IMPUREZAS\grao_DSC_0265_id1.png,RGB_JPG_IMPUREZAS,RGB_JPG_IMPUREZAS
C:\Users\eduar\Desktop\Soybe-main\data\com_fundo\RGB_JPG_IMPUREZAS\grao_DSC_0265_id10.png,RGB_JPG_IMPUREZAS,RGB_JPG_IMPUREZAS
C:\Users\eduar\Desktop\Soybe-main\data\com_fundo\RGB_JPG_IMPUREZAS\grao_DSC_0265_id101.png,RGB_JPG_IMPUREZAS,RGB_JPG_IMPUREZAS
C:\Users\eduar\Desktop\Soybe-main\data\com_fundo\RGB_JPG_IMPUREZAS\grao_DSC_0265_id103.png,RGB_JPG_IMPUREZAS,RGB_JPG_IMPUREZAS
C:\Users\eduar\Desktop\Soybe-main\data\com_fundo\RGB_JPG_IMPUREZAS\grao_DSC_0265_id105.png,RGB_JPG_IMPUREZAS,RGB_JPG_IMPUREZAS
C:\Users\eduar\Desktop\Soybe-main\data\com_fundo\RGB_JPG_IMPUREZAS\grao_DSC_0265_id107.png,RGB_JPG_IMPUREZAS,RGB_JPG_QUEBRADOS
C:\Users\eduar\Desktop\Soybe-main\data\com_fundo\RGB_JPG_IMPUREZAS\grao_DSC_0265_id108.png,RGB_JPG_IMPUREZAS,RGB_JPG_IMPUREZAS
C:\Users\eduar\Desktop\Soybe-main\data\com_fundo\RGB_JPG_IMPUREZAS\grao_DSC_0265_id111.png,RGB_JPG_IMPUREZAS,RGB_JPG_IMPUREZAS
C:\Users\eduar\Desktop\Soybe-main\data\com_fundo\RGB_JPG_IMPUREZAS\grao_DSC_0265_id115.png,RGB_JPG_IMPUREZAS,RGB_JPG_IMPUREZAS
C:\Users\eduar\Desktop\Soybe-main\data\com_fundo\RGB_JPG_IMPUREZAS\grao_DSC_0265_id116.png,RGB_JPG_IMPUREZAS,RGB_JPG_IMPUREZAS
C:\Users\eduar\Desktop\Soybe-main\data\com_fundo\RGB_JPG_IMPUREZAS\grao_DSC_0265_id117.png,RGB_JPG_IMPUREZAS,RGB_JPG_IMPUREZAS
C:\Users\eduar\Desktop\Soybe-main\data\com_fundo\RGB_JPG_IMPUREZAS\grao_DSC_0265_id118.png,RGB_JPG_IMPUREZAS,RGB_JPG_IMPUREZAS
C:\Users\eduar\Desktop\Soybe-main\data\com_fundo\RGB_JPG_IMPUREZAS\grao_DSC_0265_id119.png,RGB_JPG_IMPUREZAS,RGB_JPG_IMPUREZAS
C:\Users\eduar\Desktop\Soybe-main\data\com_fundo\RGB_JPG_IMPUREZAS\grao_DSC_0265_id124.png,RGB_JPG_IMPUREZAS,RGB_JPG_IMPUREZAS
C:\Users\eduar\Desktop\Soybe-main\data\com_fundo\RGB_JPG_IMPUREZAS\grao_DSC_0265_id127.png,RGB_JPG_IMPUREZAS,RGB_JPG_IMPUREZAS
C:\Users\eduar\Desktop\Soybe-main\data\com_fundo\RGB_JPG_IMPUREZAS\grao_DSC_0265_id131.png,RGB_JPG_IMPUREZAS,RGB_JPG_IMPUREZAS
C:\Users\eduar\Desktop\Soybe-main\data\com_fundo\RGB_JPG_IMPUREZAS\grao_DSC_0265_id133.png,RGB_JPG_IMPUREZAS,RGB_JPG_IMPUREZAS
C:\Users\eduar\Desktop\Soybe-main\data\com_fundo\RGB_JPG_IMPUREZAS\grao_DSC_0265_id134.png,RGB_JPG_IMPUREZAS,RGB_JPG_IMPUREZAS
C:\Users\eduar\Desktop\Soybe-main\data\com_fundo\RGB_JPG_IMPUREZAS\grao_DSC_0265_id135.png,RGB_JPG_IMPUREZAS,RGB_JPG_IMPUREZAS
C:\Users\eduar\Desktop\Soybe-main\data\com_fundo\RGB_JPG_IMPUREZAS\grao_DSC_0265_id136.png,RGB_JPG_IMPUREZAS,RGB_JPG_IMPUREZAS
C:\Users\eduar\Desktop\Soybe-main\data\com_fundo\RGB_JPG_IMPUREZAS\grao_DSC_0265_id138.png,RGB_JPG_IMPUREZAS,RGB_JPG_IMPUREZAS
C:\Users\eduar\Desktop\Soybe-main\data\com_fundo\RGB_JPG_IMPUREZAS\grao_DSC_0265_id145.png,RGB_JPG_IMPUREZAS,RGB_JPG_IMPUREZAS
C:\Users\eduar\Desktop\Soybe-main\data\com_fundo\RGB_JPG_IMPUREZAS\grao_DSC_0265_id148.png,RGB_JPG_IMPUREZAS,RGB_JPG_IMPUREZAS
C:\Users\eduar\Desktop\Soybe-main\data\com_fundo\RGB_JPG_IMPUREZAS\grao_DSC_0265_id151.png,RGB_JPG_IMPUREZAS,RGB_JPG_IMPUREZAS
C:\Users\eduar\Desktop\Soybe-main\data\com_fundo\RGB_JPG_IMPUREZAS\grao_DSC_0265_id152.png,RGB_JPG_IMPUREZAS,RGB_JPG_IMPUREZAS
C:\Users\eduar\Desktop\Soybe-main\data\com_fundo\RGB_JPG_IMPUREZAS\grao_DSC_0265_id153.png,RGB_JPG_IMPUREZAS,RGB_JPG_IMPUREZAS
C:\Users\eduar\Desktop\Soybe-main\data\com_fundo\RGB_JPG_IMPUREZAS\grao_DSC_0265_id154.png,RGB_JPG_IMPUREZAS,RGB_JPG_IMPUREZAS
C:\Users\eduar\Desktop\Soybe-main\data\com_fundo\RGB_JPG_IMPUREZAS\grao_DSC_0265_id155.png,RGB_JPG_IMPUREZAS,RGB_JPG_IMPUREZAS
C:\Users\eduar\Desktop\Soybe-main\data\com_fundo\RGB_JPG_IMPUREZAS\grao_DSC_0265_id156.png,RGB_JPG_IMPUREZAS,RGB_JPG_IMPUREZAS
C:\Users\eduar\Desktop\Soybe-main\data\com_fundo\RGB_JPG_IMPUREZAS\grao_DSC_0265_id158.png,RGB_JPG_IMPUREZAS,RGB_JPG_IMPUREZAS
C:\Users\eduar\Desktop\Soybe-main\data\com_fundo\RGB_JPG_IMPUREZAS\grao_DSC_0265_id159.png,RGB_JPG_IMPUREZAS,RGB_JPG_IMPUREZAS
C:\Users\eduar\Desktop\Soybe-main\data\com_fundo\RGB_JPG_IMPUREZAS\grao_DSC_0265_id160.png,RGB_JPG_IMPUREZAS,RGB_JPG_IMPUREZAS
C:\Users\eduar\Desktop\Soybe-main\data\com_fundo\RGB_JPG_IMPUREZAS\grao_DSC_0265_id161.png,RGB_JPG_IMPUREZAS,RGB_JPG_IMPUREZAS
C:\Users\eduar\Desktop\Soybe-main\data\com_fundo\RGB_JPG_IMPUREZAS\grao_DSC_0265_id162.png,RGB_JPG_IMPUREZAS,RGB_JPG_IMPUREZAS
C:\Users\eduar\Desktop\Soybe-main\data\com_fundo\RGB_JPG_IMPUREZAS\grao_DSC_0265_id163.png,RGB_JPG_IMPUREZAS,RGB_JPG_IMPUREZAS
C:\Users\eduar\Desktop\Soybe-main\data\com_fundo\RGB_JPG_IMPUREZAS\grao_DSC_0265_id164.png,RGB_JPG_IMPUREZAS,RGB_JPG_IMPUREZAS
C:\Users\eduar\Desktop\Soybe-main\data\com_fundo\RGB_JPG_IMPUREZAS\grao_DSC_0265_id167.png,RGB_JPG_IMPUREZAS,RGB_JPG_IMPUREZAS
C:\Users\eduar\Desktop\Soybe-main\data\com_fundo\RGB_JPG_IMPUREZAS\grao_DSC_0265_id174.png,RGB_JPG_IMPUREZAS,RGB_JPG_IMPUREZAS
C:\Users\eduar\Desktop\Soybe-main\data\com_fundo\RGB_JPG_IMPUREZAS\grao_DSC_0265_id175.png,RGB_JPG_IMPUREZAS,RGB_JPG_IMPUREZAS
C:\Users\eduar\Desktop\Soybe-main\data\com_fundo\RGB_JPG_IMPUREZAS\grao_DSC_0265_id176.png,RGB_JPG_IMPUREZAS,RGB_JPG_IMPUREZAS
C:\Users\eduar\Desktop\Soybe-main\data\com_fundo\RGB_JPG_IMPUREZAS\grao_DSC_0265_id178.png,RGB_JPG_IMPUREZAS,RGB_JPG_IMPUREZAS
C:\Users\eduar\Desktop\Soybe-main\data\com_fundo\RGB_JPG_IMPUREZAS\grao_DSC_0265_id179.png,RGB_JPG_IMPUREZAS,RGB_JPG_IMPUREZAS
C:\Users\eduar\Desktop\Soybe-main\data\com_fundo\RGB_JPG_IMPUREZAS\grao_DSC_0265_id181.png,RGB_JPG_IMPUREZAS,RGB_JPG_IMPUREZAS
C:\Users\eduar\Desktop\Soybe-main\data\com_fundo\RGB_JPG_IMPUREZAS\grao_DSC_0265_id183.png,RGB_JPG_IMPUREZAS,RGB_JPG_QUEBRADOS
C:\Users\eduar\Desktop\Soybe-main\data\com_fundo\RGB_JPG_IMPUREZAS\grao_DSC_0265_id190.png,RGB_JPG_IMPUREZAS,RGB_JPG_IMPUREZAS
C:\Users\eduar\Desktop\Soybe-main\data\com_fundo\RGB_JPG_IMPUREZAS\grao_DSC_0265_id191.png,RGB_JPG_IMPUREZAS,RGB_JPG_IMPUREZAS
C:\Users\eduar\Desktop\Soybe-main\data\com_fundo\RGB_JPG_IMPUREZAS\grao_DSC_0265_id192.png,RGB_JPG_IMPUREZAS,RGB_JPG_IMPUREZAS
C:\Users\eduar\Desktop\Soybe-main\data\com_fundo\RGB_JPG_IMPUREZAS\grao_DSC_0265_id193.png,RGB_JPG_IMPUREZAS,RGB_JPG_IMPUREZAS
C:\Users\eduar\Desktop\Soybe-main\data\com_fundo\RGB_JPG_IMPUREZAS\grao_DSC_0265_id2.png,RGB_JPG_IMPUREZAS,RGB_JPG_IMPUREZAS
C:\Users\eduar\Desktop\Soybe-main\data\com_fundo\RGB_JPG_IMPUREZAS\grao_DSC_0265_id22.png,RGB_JPG_IMPUREZAS,RGB_JPG_IMPUREZAS
C:\Users\eduar\Desktop\Soybe-main\data\com_fundo\RGB_JPG_IMPUREZAS\grao_DSC_0265_id23.png,RGB_JPG_IMPUREZAS,RGB_JPG_IMPUREZAS
C:\Users\eduar\Desktop\Soybe-main\data\com_fundo\RGB_JPG_IMPUREZAS\grao_DSC_0265_id24.png,RGB_JPG_IMPUREZAS,RGB_JPG_IMPUREZAS
C:\Users\eduar\Desktop\Soybe-main\data\com_fundo\RGB_JPG_IMPUREZAS\grao_DSC_0265_id25.png,RGB_JPG_IMPUREZAS,RGB_JPG_IMPUREZAS
C:\Users\eduar\Desktop\Soybe-main\data\com_fundo\RGB_JPG_IMPUREZAS\grao_DSC_0265_id26.png,RGB_JPG_IMPUREZAS,RGB_JPG_IMPUREZAS
C:\Users\eduar\Desktop\Soybe-main\data\com_fundo\RGB_JPG_IMPUREZAS\grao_DSC_0265_id28.png,RGB_JPG_IMPUREZAS,RGB_JPG_IMPUREZAS
C:\Users\eduar\Desktop\Soybe-main\data\com_fundo\RGB_JPG_IMPUREZAS\grao_DSC_0265_id29.png,RGB_JPG_IMPUREZAS,RGB_JPG_IMPUREZAS
C:\Users\eduar\Desktop\Soybe-main\data\com_fundo\RGB_JPG_IMPUREZAS\grao_DSC_0265_id3.png,RGB_JPG_IMPUREZAS,RGB_JPG_IMPUREZAS
C:\Users\eduar\Desktop\Soybe-main\data\com_fundo\RGB_JPG_IMPUREZAS\grao_DSC_0265_id31.png,RGB_JPG_IMPUREZAS,RGB_JPG_IMPUREZAS
C:\Users\eduar\Desktop\Soybe-main\data\com_fundo\RGB_JPG_IMPUREZAS\grao_DSC_0265_id32.png,RGB_JPG_IMPUREZAS,RGB_JPG_IMPUREZAS
C:\Users\eduar\Desktop\Soybe-main\data\com_fundo\RGB_JPG_IMPUREZAS\grao_DSC_0265_id33.png,RGB_JPG_IMPUREZAS,RGB_JPG_IMPUREZAS
C:\Users\eduar\Desktop\Soybe-main\data\com_fundo\RGB_JPG_IMPUREZAS\grao_DSC_0265_id4.png,RGB_JPG_IMPUREZAS,RGB_JPG_IMPUREZAS
C:\Users\eduar\Desktop\Soybe-main\data\com_fundo\RGB_JPG_IMPUREZAS\grao_DSC_0265_id40.png,RGB_JPG_IMPUREZAS,RGB_JPG_IMPUREZAS
C:\Users\eduar\Desktop\Soybe-main\data\com_fundo\RGB_JPG_IMPUREZAS\grao_DSC_0265_id41.png,RGB_JPG_IMPUREZAS,RGB_JPG_IMPUREZAS
C:\Users\eduar\Desktop\Soybe-main\data\com_fundo\RGB_JPG_IMPUREZAS\grao_DSC_0265_id42.png,RGB_JPG_IMPUREZAS,RGB_JPG_IMPUREZAS
C:\Users\eduar\Desktop\Soybe-main\data\com_fundo\RGB_JPG_IMPUREZAS\grao_DSC_0265_id5.png,RGB_JPG_IMPUREZAS,RGB_JPG_IMPUREZAS
C:\Users\eduar\Desktop\Soybe-main\data\com_fundo\RGB_JPG_IMPUREZAS\grao_DSC_0265_id51.png,RGB_JPG_IMPUREZAS,RGB_JPG_IMPUREZAS
C:\Users\eduar\Desktop\Soybe-main\data\com_fundo\RGB_JPG_IMPUREZAS\grao_DSC_0265_id52.png,RGB_JPG_IMPUREZAS,RGB_JPG_IMPUREZAS
C:\Users\eduar\Desktop\Soybe-main\data\com_fundo\RGB_JPG_IMPUREZAS\grao_DSC_0265_id53.png,RGB_JPG_IMPUREZAS,RGB_JPG_IMPUREZAS
C:\Users\eduar\Desktop\Soybe-main\data\com_fundo\RGB_JPG_IMPUREZAS\grao_DSC_0265_id54.png,RGB_JPG_IMPUREZAS,RGB_JPG_IMPUREZAS
C:\Users\eduar\Desktop\Soybe-main\data\com_fundo\RGB_JPG_IMPUREZAS\grao_DSC_0265_id55.png,RGB_JPG_IMPUREZAS,RGB_JPG_IMPUREZAS
C:\Users\eduar\Desktop\Soybe-main\data\com_fundo\RGB_JPG_IMPUREZAS\grao_DSC_0265_id56.png,RGB_JPG_IMPUREZAS,RGB_JPG_IMPUREZAS
C:\Users\eduar\Desktop\Soybe-main\data\com_fundo\RGB_JPG_IMPUREZAS\grao_DSC_0265_id57.png,RGB_JPG_IMPUREZAS,RGB_JPG_IMPUREZAS
C:\Users\eduar\Desktop\Soybe-main\data\com_fundo\RGB_JPG_IMPUREZAS\grao_DSC_0265_id58.png,RGB_JPG_IMPUREZAS,RGB_JPG_IMPUREZAS
C:\Users\eduar\Desktop\Soybe-main\data\com_fundo\RGB_JPG_IMPUREZAS\grao_DSC_0265_id6.png,RGB_JPG_IMPUREZAS,RGB_JPG_IMPUREZAS
C:\Users\eduar\Desktop\Soybe-main\data\com_fundo\RGB_JPG_IMPUREZAS\grao_DSC_0265_id60.png,RGB_JPG_IMPUREZAS,RGB_JPG_IMPUREZAS
C:\Users\eduar\Desktop\Soybe-main\data\com_fundo\RGB_JPG_IMPUREZAS\grao_DSC_0265_id61.png,RGB_JPG_IMPUREZAS,RGB_JPG_IMPUREZAS
C:\Users\eduar\Desktop\Soybe-main\data\com_fundo\RGB_JPG_IMPUREZAS\grao_DSC_0265_id62.png,RGB_JPG_IMPUREZAS,RGB_JPG_IMPUREZAS
C:\Users\eduar\Desktop\Soybe-main\data\com_fundo\RGB_JPG_IMPUREZAS\grao_DSC_0265_id64.png,RGB_JPG_IMPUREZAS,RGB_JPG_IMPUREZAS
C:\Users\eduar\Desktop\Soybe-main\data\com_fundo\RGB_JPG_IMPUREZAS\grao_DSC_0265_id68.png,RGB_JPG_IMPUREZAS,RGB_JPG_IMPUREZAS
C:\Users\eduar\Desktop\Soybe-main\data\com_fundo\RGB_JPG_IMPUREZAS\grao_DSC_0265_id74.png,RGB_JPG_IMPUREZAS,RGB_JPG_IMPUREZAS
C:\Users\eduar\Desktop\Soybe-main\data\com_fundo\RGB_JPG_IMPUREZAS\grao_DSC_0265_id75.png,RGB_JPG_IMPUREZAS,RGB_JPG_IMPUREZAS
C:\Users\eduar\Desktop\Soybe-main\data\com_fundo\RGB_JPG_IMPUREZAS\grao_DSC_0265_id77.png,RGB_JPG_IMPUREZAS,RGB_JPG_IMPUREZAS
C:\Users\eduar\Desktop\Soybe-main\data\com_fundo\RGB_JPG_IMPUREZAS\grao_DSC_0265_id78.png,RGB_JPG_IMPUREZAS,RGB_JPG_IMPUREZAS
C:\Users\eduar\Desktop\Soybe-main\data\com_fundo\RGB_JPG_IMPUREZAS\grao_DSC_0265_id80.png,RGB_JPG_IMPUREZAS,RGB_JPG_IMPUREZAS
C:\Users\eduar\Desktop\Soybe-main\data\com_fundo\RGB_JPG_IMPUREZAS\grao_DSC_0265_id81.png,RGB_JPG_IMPUREZAS,RGB_JPG_IMPUREZAS
C:\Users\eduar\Desktop\Soybe-main\data\com_fundo\RGB_JPG_IMPUREZAS\grao_DSC_0265_id84.png,RGB_JPG_IMPUREZAS,RGB_JPG_IMPUREZAS
C:\Users\eduar\Desktop\Soybe-main\data\com_fundo\RGB_JPG_IMPUREZAS\grao_DSC_0265_id85.png,RGB_JPG_IMPUREZAS,RGB_JPG_IMPUREZAS
C:\Users\eduar\Desktop\Soybe-main\data\com_fundo\RGB_JPG_IMPUREZAS\grao_DSC_0265_id88.png,RGB_JPG_IMPUREZAS,RGB_JPG_IMPUREZAS
C:\Users\eduar\Desktop\Soybe-main\data\com_fundo\RGB_JPG_IMPUREZAS\grao_DSC_0265_id91.png,RGB_JPG_IMPUREZAS,RGB_JPG_IMPUREZAS
C:\Users\eduar\Desktop\Soybe-main\data\com_fundo\RGB_JPG_IMPUREZAS\grao_DSC_0265_id97.png,RGB_JPG_IMPUREZAS,RGB_JPG_IMPUREZAS
C:\Users\eduar\Desktop\Soybe-main\data\com_fundo\RGB_JPG_IMPUREZAS\grao_DSC_0265_id98.png,RGB_JPG_IMPUREZAS,RGB_JPG_IMPUREZAS
C:\Users\eduar\Desktop\Soybe-main\data\com_fundo\RGB_JPG_IMPUREZAS\grao_DSC_0265_id99.png,RGB_JPG_IMPUREZAS,RGB_JPG_IMPUREZAS
C:\Users\eduar\Desktop\Soybe-main\data\com_fundo\RGB_JPG_IMPUREZAS\grao_DSC_0270_id1.png,RGB_JPG_IMPUREZAS,RGB_JPG_IMPUREZAS
C:\Users\eduar\Desktop\Soybe-main\data\com_fundo\RGB_JPG_IMPUREZAS\grao_DSC_0270_id100.png,RGB_JPG_IMPUREZAS,RGB_JPG_IMPUREZAS
C:\Users\eduar\Desktop\Soybe-main\data\com_fundo\RGB_JPG_IMPUREZAS\grao_DSC_0270_id101.png,RGB_JPG_IMPUREZAS,RGB_JPG_IMPUREZAS
C:\Users\eduar\Desktop\Soybe-main\data\com_fundo\RGB_JPG_IMPUREZAS\grao_DSC_0270_id102.png,RGB_JPG_IMPUREZAS,RGB_JPG_IMPUREZAS
C:\Users\eduar\Desktop\Soybe-main\data\com_fundo\RGB_JPG_IMPUREZAS\grao_DSC_0270_id103.png,RGB_JPG_IMPUREZAS,RGB_JPG_IMPUREZAS
C:\Users\eduar\Desktop\Soybe-main\data\com_fundo\RGB_JPG_IMPUREZAS\grao_DSC_0270_id104.png,RGB_JPG_IMPUREZAS,RGB_JPG_IMPUREZAS
C:\Users\eduar\Desktop\Soybe-main\data\com_fundo\RGB_JPG_IMPUREZAS\grao_DSC_0270_id105.png,RGB_JPG_IMPUREZAS,RGB_JPG_IMPUREZAS
C:\Users\eduar\Desktop\Soybe-main\data\com_fundo\RGB_JPG_IMPUREZAS\grao_DSC_0270_id106.png,RGB_JPG_IMPUREZAS,RGB_JPG_IMPUREZAS
C:\Users\eduar\Desktop\Soybe-main\data\com_fundo\RGB_JPG_IMPUREZAS\grao_DSC_0270_id108.png,RGB_JPG_IMPUREZAS,RGB_JPG_IMPUREZAS
C:\Users\eduar\Desktop\Soybe-main\data\com_fundo\RGB_JPG_IMPUREZAS\grao_DSC_0270_id109.png,RGB_JPG_IMPUREZAS,RGB_JPG_IMPUREZAS
C:\Users\eduar\Desktop\Soybe-main\data\com_fundo\RGB_JPG_IMPUREZAS\grao_DSC_0270_id111.png,RGB_JPG_IMPUREZAS,RGB_JPG_IMPUREZAS
C:\Users\eduar\Desktop\Soybe-main\data\com_fundo\RGB_JPG_IMPUREZAS\grao_DSC_0270_id119.png,RGB_JPG_IMPUREZAS,RGB_JPG_IMPUREZAS
C:\Users\eduar\Desktop\Soybe-main\data\com_fundo\RGB_JPG_IMPUREZAS\grao_DSC_0270_id120.png,RGB_JPG_IMPUREZAS,RGB_JPG_IMPUREZAS
C:\Users\eduar\Desktop\Soybe-main\data\com_fundo\RGB_JPG_IMPUREZAS\grao_DSC_0270_id122.png,RGB_JPG_IMPUREZAS,RGB_JPG_IMPUREZAS
C:\Users\eduar\Desktop\Soybe-main\data\com_fundo\RGB_JPG_IMPUREZAS\grao_DSC_0270_id128.png,RGB_JPG_IMPUREZAS,RGB_JPG_IMPUREZAS
C:\Users\eduar\Desktop\Soybe-main\data\com_fundo\RGB_JPG_IMPUREZAS\grao_DSC_0270_id129.png,RGB_JPG_IMPUREZAS,RGB_JPG_IMPUREZAS
C:\Users\eduar\Desktop\Soybe-main\data\com_fundo\RGB_JPG_IMPUREZAS\grao_DSC_0270_id130.png,RGB_JPG_IMPUREZAS,RGB_JPG_IMPUREZAS
C:\Users\eduar\Desktop\Soybe-main\data\com_fundo\RGB_JPG_IMPUREZAS\grao_DSC_0270_id131.png,RGB_JPG_IMPUREZAS,RGB_JPG_IMPUREZAS
C:\Users\eduar\Desktop\Soybe-main\data\com_fundo\RGB_JPG_IMPUREZAS\grao_DSC_0270_id132.png,RGB_JPG_IMPUREZAS,RGB_JPG_IMPUREZAS
C:\Users\eduar\Desktop\Soybe-main\data\com_fundo\RGB_JPG_IMPUREZAS\grao_DSC_0270_id133.png,RGB_JPG_IMPUREZAS,RGB_JPG_IMPUREZAS
C:\Users\eduar\Desktop\Soybe-main\data\com_fundo\RGB_JPG_IMPUREZAS\grao_DSC_0270_id134.png,RGB_JPG_IMPUREZAS,RGB_JPG_IMPUREZAS
C:\Users\eduar\Desktop\Soybe-main\data\com_fundo\RGB_JPG_IMPUREZAS\grao_DSC_0270_id137.png,RGB_JPG_IMPUREZAS,RGB_JPG_IMPUREZAS
C:\Users\eduar\Desktop\Soybe-main\data\com_fundo\RGB_JPG_IMPUREZAS\grao_DSC_0270_id138.png,RGB_JPG_IMPUREZAS,RGB_JPG_IMPUREZAS
C:\Users\eduar\Desktop\Soybe-main\data\com_fundo\RGB_JPG_IMPUREZAS\grao_DSC_0270_id140.png,RGB_JPG_IMPUREZAS,RGB_JPG_IMPUREZAS
C:\Users\eduar\Desktop\Soybe-main\data\com_fundo\RGB_JPG_IMPUREZAS\grao_DSC_0270_id143.png,RGB_JPG_IMPUREZAS,RGB_JPG_IMPUREZAS
C:\Users\eduar\Desktop\Soybe-main\data\com_fundo\RGB_JPG_IMPUREZAS\grao_DSC_0270_id145.png,RGB_JPG_IMPUREZAS,RGB_JPG_IMPUREZAS
C:\Users\eduar\Desktop\Soybe-main\data\com_fundo\RGB_JPG_IMPUREZAS\grao_DSC_0270_id147.png,RGB_JPG_IMPUREZAS,RGB_JPG_IMPUREZAS
C:\Users\eduar\Desktop\Soybe-main\data\com_fundo\RGB_JPG_IMPUREZAS\grao_DSC_0270_id151.png,RGB_JPG_IMPUREZAS,RGB_JPG_IMPUREZAS
C:\Users\eduar\Desktop\Soybe-main\data\com_fundo\RGB_JPG_IMPUREZAS\grao_DSC_0270_id152.png,RGB_JPG_IMPUREZAS,RGB_JPG_IMPUREZAS
C:\Users\eduar\Desktop\Soybe-main\data\com_fundo\RGB_JPG_IMPUREZAS\grao_DSC_0270_id153.png,RGB_JPG_IMPUREZAS,RGB_JPG_IMPUREZAS
C:\Users\eduar\Desktop\Soybe-main\data\com_fundo\RGB_JPG_IMPUREZAS\grao_DSC_0270_id155.png,RGB_JPG_IMPUREZAS,RGB_JPG_IMPUREZAS
C:\Users\eduar\Desktop\Soybe-main\data\com_fundo\RGB_JPG_IMPUREZAS\grao_DSC_0270_id157.png,RGB_JPG_IMPUREZAS,RGB_JPG_IMPUREZAS
C:\Users\eduar\Desktop\Soybe-main\data\com_fundo\RGB_JPG_IMPUREZAS\grao_DSC_0270_id158.png,RGB_JPG_IMPUREZAS,RGB_JPG_IMPUREZAS
C:\Users\eduar\Desktop\Soybe-main\data\com_fundo\RGB_JPG_IMPUREZAS\grao_DSC_0270_id159.png,RGB_JPG_IMPUREZAS,RGB_JPG_IMPUREZAS
C:\Users\eduar\Desktop\Soybe-main\data\com_fundo\RGB_JPG_IMPUREZAS\grao_DSC_0270_id160.png,RGB_JPG_IMPUREZAS,RGB_JPG_IMPUREZAS
C:\Users\eduar\Desktop\Soybe-main\data\com_fundo\RGB_JPG_IMPUREZAS\grao_DSC_0270_id161.png,RGB_JPG_IMPUREZAS,RGB_JPG_IMPUREZAS
C:\Users\eduar\Desktop\Soybe-main\data\com_fundo\RGB_JPG_IMPUREZAS\grao_DSC_0270_id162.png,RGB_JPG_IMPUREZAS,RGB_JPG_IMPUREZAS
C:\Users\eduar\Desktop\Soybe-main\data\com_fundo\RGB_JPG_IMPUREZAS\grao_DSC_0270_id163.png,RGB_JPG_IMPUREZAS,RGB_JPG_IMPUREZAS
C:\Users\eduar\Desktop\Soybe-main\data\com_fundo\RGB_JPG_IMPUREZAS\grao_DSC_0270_id164.png,RGB_JPG_IMPUREZAS,RGB_JPG_IMPUREZAS
C:\Users\eduar\Desktop\Soybe-main\data\com_fundo\RGB_JPG_IMPUREZAS\grao_DSC_0270_id166.png,RGB_JPG_IMPUREZAS,RGB_JPG_IMPUREZAS
C:\Users\eduar\Desktop\Soybe-main\data\com_fundo\RGB_JPG_IMPUREZAS\grao_DSC_0270_id167.png,RGB_JPG_IMPUREZAS,RGB_JPG_IMPUREZAS
C:\Users\eduar\Desktop\Soybe-main\data\com_fundo\RGB_JPG_IMPUREZAS\grao_DSC_0270_id168.png,RGB_JPG_IMPUREZAS,RGB_JPG_IMPUREZAS
C:\Users\eduar\Desktop\Soybe-main\data\com_fundo\RGB_JPG_IMPUREZAS\grao_DSC_0270_id169.png,RGB_JPG_IMPUREZAS,RGB_JPG_IMPUREZAS
C:\Users\eduar\Desktop\Soybe-main\data\com_fundo\RGB_JPG_IMPUREZAS\grao_DSC_0270_id170.png,RGB_JPG_IMPUREZAS,RGB_JPG_IMPUREZAS
C:\Users\eduar\Desktop\Soybe-main\data\com_fundo\RGB_JPG_IMPUREZAS\grao_DSC_0270_id174.png,RGB_JPG_IMPUREZAS,RGB_JPG_IMPUREZAS
C:\Users\eduar\Desktop\Soybe-main\data\com_fundo\RGB_JPG_IMPUREZAS\grao_DSC_0270_id18.png,RGB_JPG_IMPUREZAS,RGB_JPG_IMPUREZAS
C:\Users\eduar\Desktop\Soybe-main\data\com_fundo\RGB_JPG_IMPUREZAS\grao_DSC_0270_id183.png,RGB_JPG_IMPUREZAS,RGB_JPG_IMPUREZAS
C:\Users\eduar\Desktop\Soybe-main\data\com_fundo\RGB_JPG_IMPUREZAS\grao_DSC_0270_id184.png,RGB_JPG_IMPUREZAS,RGB_JPG_IMPUREZAS
C:\Users\eduar\Desktop\Soybe-main\data\com_fundo\RGB_JPG_IMPUREZAS\grao_DSC_0270_id187.png,RGB_JPG_IMPUREZAS,RGB_JPG_IMPUREZAS
C:\Users\eduar\Desktop\Soybe-main\data\com_fundo\RGB_JPG_IMPUREZAS\grao_DSC_0270_id188.png,RGB_JPG_IMPUREZAS,RGB_JPG_IMPUREZAS
C:\Users\eduar\Desktop\Soybe-main\data\com_fundo\RGB_JPG_IMPUREZAS\grao_DSC_0270_id189.png,RGB_JPG_IMPUREZAS,RGB_JPG_IMPUREZAS
C:\Users\eduar\Desktop\Soybe-main\data\com_fundo\RGB_JPG_IMPUREZAS\grao_DSC_0270_id19.png,RGB_JPG_IMPUREZAS,RGB_JPG_IMPUREZAS
C:\Users\eduar\Desktop\Soybe-main\data\com_fundo\RGB_JPG_IMPUREZAS\grao_DSC_0270_id190.png,RGB_JPG_IMPUREZAS,RGB_JPG_IMPUREZAS
C:\Users\eduar\Desktop\Soybe-main\data\com_fundo\RGB_JPG_IMPUREZAS\grao_DSC_0270_id191.png,RGB_JPG_IMPUREZAS,RGB_JPG_IMPUREZAS
C:\Users\eduar\Desktop\Soybe-main\data\com_fundo\RGB_JPG_IMPUREZAS\grao_DSC_0270_id193.png,RGB_JPG_IMPUREZAS,RGB_JPG_IMPUREZAS
C:\Users\eduar\Desktop\Soybe-main\data\com_fundo\RGB_JPG_IMPUREZAS\grao_DSC_0270_id194.png,RGB_JPG_IMPUREZAS,RGB_JPG_IMPUREZAS
C:\Users\eduar\Desktop\Soybe-main\data\com_fundo\RGB_JPG_IMPUREZAS\grao_DSC_0270_id195.png,RGB_JPG_IMPUREZAS,RGB_JPG_IMPUREZAS
C:\Users\eduar\Desktop\Soybe-main\data\com_fundo\RGB_JPG_IMPUREZAS\grao_DSC_0270_id196.png,RGB_JPG_IMPUREZAS,RGB_JPG_IMPUREZAS
C:\Users\eduar\Desktop\Soybe-main\data\com_fundo\RGB_JPG_IMPUREZAS\grao_DSC_0270_id197.png,RGB_JPG_IMPUREZAS,RGB_JPG_IMPUREZAS
C:\Users\eduar\Desktop\Soybe-main\data\com_fundo\RGB_JPG_IMPUREZAS\grao_DSC_0270_id198.png,RGB_JPG_IMPUREZAS,RGB_JPG_IMPUREZAS
C:\Users\eduar\Desktop\Soybe-main\data\com_fundo\RGB_JPG_IMPUREZAS\grao_DSC_0270_id199.png,RGB_JPG_IMPUREZAS,RGB_JPG_IMPUREZAS
C:\Users\eduar\Desktop\Soybe-main\data\com_fundo\RGB_JPG_IMPUREZAS\grao_DSC_0270_id2.png,RGB_JPG_IMPUREZAS,RGB_JPG_IMPUREZAS
C:\Users\eduar\Desktop\Soybe-main\data\com_fundo\RGB_JPG_IMPUREZAS\grao_DSC_0270_id20.png,RGB_JPG_IMPUREZAS,RGB_JPG_IMPUREZAS
C:\Users\eduar\Desktop\Soybe-main\data\com_fundo\RGB_JPG_IMPUREZAS\grao_DSC_0270_id200.png,RGB_JPG_IMPUREZAS,RGB_JPG_IMPUREZAS
C:\Users\eduar\Desktop\Soybe-main\data\com_fundo\RGB_JPG_IMPUREZAS\grao_DSC_0270_id201.png,RGB_JPG_IMPUREZAS,RGB_JPG_IMPUREZAS
C:\Users\eduar\Desktop\Soybe-main\data\com_fundo\RGB_JPG_IMPUREZAS\grao_DSC_0270_id209.png,RGB_JPG_IMPUREZAS,RGB_JPG_IMPUREZAS
C:\Users\eduar\Desktop\Soybe-main\data\com_fundo\RGB_JPG_IMPUREZAS\grao_DSC_0270_id21.png,RGB_JPG_IMPUREZAS,RGB_JPG_IMPUREZAS
C:\Users\eduar\Desktop\Soybe-main\data\com_fundo\RGB_JPG_IMPUREZAS\grao_DSC_0270_id213.png,RGB_JPG_IMPUREZAS,RGB_JPG_IMPUREZAS
C:\Users\eduar\Desktop\Soybe-main\data\com_fundo\RGB_JPG_IMPUREZAS\grao_DSC_0270_id214.png,RGB_JPG_IMPUREZAS,RGB_JPG_IMPUREZAS
C:\Users\eduar\Desktop\Soybe-main\data\com_fundo\RGB_JPG_IMPUREZAS\grao_DSC_0270_id217.png,RGB_JPG_IMPUREZAS,RGB_JPG_IMPUREZAS
C:\Users\eduar\Desktop\Soybe-main\data\com_fundo\RGB_JPG_IMPUREZAS\grao_DSC_0270_id219.png,RGB_JPG_IMPUREZAS,RGB_JPG_IMPUREZAS
C:\Users\eduar\Desktop\Soybe-main\data\com_fundo\RGB_JPG_IMPUREZAS\grao_DSC_0270_id22.png,RGB_JPG_IMPUREZAS,RGB_JPG_IMPUREZAS
C:\Users\eduar\Desktop\Soybe-main\data\com_fundo\RGB_JPG_IMPUREZAS\grao_DSC_0270_id220.png,RGB_JPG_IMPUREZAS,RGB_JPG_IMPUREZAS
C:\Users\eduar\Desktop\Soybe-main\data\com_fundo\RGB_JPG_IMPUREZAS\grao_DSC_0270_id221.png,RGB_JPG_IMPUREZAS,RGB_JPG_IMPUREZAS
C:\Users\eduar\Desktop\Soybe-main\data\com_fundo\RGB_JPG_IMPUREZAS\grao_DSC_0270_id223.png,RGB_JPG_IMPUREZAS,RGB_JPG_IMPUREZAS
C:\Users\eduar\Desktop\Soybe-main\data\com_fundo\RGB_JPG_IMPUREZAS\grao_DSC_0270_id224.png,RGB_JPG_IMPUREZAS,RGB_JPG_IMPUREZAS
C:\Users\eduar\Desktop\Soybe-main\data\com_fundo\RGB_JPG_IMPUREZAS\grao_DSC_0270_id225.png,RGB_JPG_IMPUREZAS,RGB_JPG_IMPUREZAS
C:\Users\eduar\Desktop\Soybe-main\data\com_fundo\RGB_JPG_IMPUREZAS\grao_DSC_0270_id226.png,RGB_JPG_IMPUREZAS,RGB_JPG_IMPUREZAS
C:\Users\eduar\Desktop\Soybe-main\data\com_fundo\RGB_JPG_IMPUREZAS\grao_DSC_0270_id227.png,RGB_JPG_IMPUREZAS,RGB_JPG_IMPUREZAS
C:\Users\eduar\Desktop\Soybe-main\data\com_fundo\RGB_JPG_IMPUREZAS\grao_DSC_0270_id228.png,RGB_JPG_IMPUREZAS,RGB_JPG_IMPUREZAS
C:\Users\eduar\Desktop\Soybe-main\data\com_fundo\RGB_JPG_IMPUREZAS\grao_DSC_0270_id23.png,RGB_JPG_IMPUREZAS,RGB_JPG_IMPUREZAS
C:\Users\eduar\Desktop\Soybe-main\data\com_fundo\RGB_JPG_IMPUREZAS\grao_DSC_0270_id230.png,RGB_JPG_IMPUREZAS,RGB_JPG_IMPUREZAS
C:\Users\eduar\Desktop\Soybe-main\data\com_fundo\RGB_JPG_IMPUREZAS\grao_DSC_0270_id231.png,RGB_JPG_IMPUREZAS,RGB_JPG_IMPUREZAS
C:\Users\eduar\Desktop\Soybe-main\data\com_fundo\RGB_JPG_IMPUREZAS\grao_DSC_0270_id232.png,RGB_JPG_IMPUREZAS,RGB_JPG_IMPUREZAS
C:\Users\eduar\Desktop\Soybe-main\data\com_fundo\RGB_JPG_IMPUREZAS\grao_DSC_0270_id235.png,RGB_JPG_IMPUREZAS,RGB_JPG_IMPUREZAS
C:\Users\eduar\Desktop\Soybe-main\data\com_fundo\RGB_JPG_IMPUREZAS\grao_DSC_0270_id237.png,RGB_JPG_IMPUREZAS,RGB_JPG_IMPUREZAS
C:\Users\eduar\Desktop\Soybe-main\data\com_fundo\RGB_JPG_IMPUREZAS\grao_DSC_0270_id239.png,RGB_JPG_IMPUREZAS,RGB_JPG_IMPUREZAS
C:\Users\eduar\Desktop\Soybe-main\data\com_fundo\RGB_JPG_IMPUREZAS\grao_DSC_0270_id24.png,RGB_JPG_IMPUREZAS,RGB_JPG_IMPUREZAS
C:\Users\eduar\Desktop\Soybe-main\data\com_fundo\RGB_JPG_IMPUREZAS\grao_DSC_0270_id244.png,RGB_JPG_IMPUREZAS,RGB_JPG_IMPUREZAS
C:\Users\eduar\Desktop\Soybe-main\data\com_fundo\RGB_JPG_IMPUREZAS\grao_DSC_0270_id247.png,RGB_JPG_IMPUREZAS,RGB_JPG_IMPUREZAS
C:\Users\eduar\Desktop\Soybe-main\data\com_fundo\RGB_JPG_IMPUREZAS\grao_DSC_0270_id248.png,RGB_JPG_IMPUREZAS,RGB_JPG_IMPUREZAS
C:\Users\eduar\Desktop\Soybe-main\data\com_fundo\RGB_JPG_IMPUREZAS\grao_DSC_0270_id249.png,RGB_JPG_IMPUREZAS,RGB_JPG_IMPUREZAS
C:\Users\eduar\Desktop\Soybe-main\data\com_fundo\RGB_JPG_IMPUREZAS\grao_DSC_0270_id25.png,RGB_JPG_IMPUREZAS,RGB_JPG_IMPUREZAS
C:\Users\eduar\Desktop\Soybe-main\data\com_fundo\RGB_JPG_IMPUREZAS\grao_DSC_0270_id250.png,RGB_JPG_IMPUREZAS,RGB_JPG_IMPUREZAS
C:\Users\eduar\Desktop\Soybe-main\data\com_fundo\RGB_JPG_IMPUREZAS\grao_DSC_0270_id252.png,RGB_JPG_IMPUREZAS,RGB_JPG_IMPUREZAS
C:\Users\eduar\Desktop\Soybe-main\data\com_fundo\RGB_JPG_IMPUREZAS\grao_DSC_0270_id26.png,RGB_JPG_IMPUREZAS,RGB_JPG_IMPUREZAS
C:\Users\eduar\Desktop\Soybe-main\data\com_fundo\RGB_JPG_IMPUREZAS\grao_DSC_0270_id27.png,RGB_JPG_IMPUREZAS,RGB_JPG_IMPUREZAS
C:\Users\eduar\Desktop\Soybe-main\data\com_fundo\RGB_JPG_IMPUREZAS\grao_DSC_0270_id28.png,RGB_JPG_IMPUREZAS,RGB_JPG_IMPUREZAS
C:\Users\eduar\Desktop\Soybe-main\data\com_fundo\RGB_JPG_IMPUREZAS\grao_DSC_0270_id3.png,RGB_JPG_IMPUREZAS,RGB_JPG_IMPUREZAS
C:\Users\eduar\Desktop\Soybe-main\data\com_fundo\RGB_JPG_IMPUREZAS\grao_DSC_0270_id31.png,RGB_JPG_IMPUREZAS,RGB_JPG_IMPUREZAS
C:\Users\eduar\Desktop\Soybe-main\data\com_fundo\RGB_JPG_IMPUREZAS\grao_DSC_0270_id33.png,RGB_JPG_IMPUREZAS,RGB_JPG_IMPUREZAS
C:\Users\eduar\Desktop\Soybe-main\data\com_fundo\RGB_JPG_IMPUREZAS\grao_DSC_0270_id40.png,RGB_JPG_IMPUREZAS,RGB_JPG_IMPUREZAS
C:\Users\eduar\Desktop\Soybe-main\data\com_fundo\RGB_JPG_IMPUREZAS\grao_DSC_0270_id43.png,RGB_JPG_IMPUREZAS,RGB_JPG_IMPUREZAS
C:\Users\eduar\Desktop\Soybe-main\data\com_fundo\RGB_JPG_IMPUREZAS\grao_DSC_0270_id46.png,RGB_JPG_IMPUREZAS,RGB_JPG_IMPUREZAS
C:\Users\eduar\Desktop\Soybe-main\data\com_fundo\RGB_JPG_IMPUREZAS\grao_DSC_0270_id5.png,RGB_JPG_IMPUREZAS,RGB_JPG_IMPUREZAS
C:\Users\eduar\Desktop\Soybe-main\data\com_fundo\RGB_JPG_IMPUREZAS\grao_DSC_0270_id50.png,RGB_JPG_IMPUREZAS,RGB_JPG_IMPUREZAS
C:\Users\eduar\Desktop\Soybe-main\data\com_fundo\RGB_JPG_IMPUREZAS\grao_DSC_0270_id51.png,RGB_JPG_IMPUREZAS,RGB_JPG_IMPUREZAS
C:\Users\eduar\Desktop\Soybe-main\data\com_fundo\RGB_JPG_IMPUREZAS\grao_DSC_0270_id52.png,RGB_JPG_IMPUREZAS,RGB_JPG_IMPUREZAS
C:\Users\eduar\Desktop\Soybe-main\data\com_fundo\RGB_JPG_IMPUREZAS\grao_DSC_0270_id53.png,RGB_JPG_IMPUREZAS,RGB_JPG_IMPUREZAS
C:\Users\eduar\Desktop\Soybe-main\data\com_fundo\RGB_JPG_IMPUREZAS\grao_DSC_0270_id54.png,RGB_JPG_IMPUREZAS,RGB_JPG_IMPUREZAS
C:\Users\eduar\Desktop\Soybe-main\data\com_fundo\RGB_JPG_IMPUREZAS\grao_DSC_0270_id55.png,RGB_JPG_IMPUREZAS,RGB_JPG_IMPUREZAS
C:\Users\eduar\Desktop\Soybe-main\data\com_fundo\RGB_JPG_IMPUREZAS\grao_DSC_0270_id56.png,RGB_JPG_IMPUREZAS,RGB_JPG_IMPUREZAS
C:\Users\eduar\Desktop\Soybe-main\data\com_fundo\RGB_JPG_IMPUREZAS\grao_DSC_0270_id58.png,RGB_JPG_IMPUREZAS,RGB_JPG_IMPUREZAS
C:\Users\eduar\Desktop\Soybe-main\data\com_fundo\RGB_JPG_IMPUREZAS\grao_DSC_0270_id59.png,RGB_JPG_IMPUREZAS,RGB_JPG_IMPUREZAS
C:\Users\eduar\Desktop\Soybe-main\data\com_fundo\RGB_JPG_IMPUREZAS\grao_DSC_0270_id6.png,RGB_JPG_IMPUREZAS,RGB_JPG_IMPUREZAS
C:\Users\eduar\Desktop\Soybe-main\data\com_fundo\RGB_JPG_IMPUREZAS\grao_DSC_0270_id62.png,RGB_JPG_IMPUREZAS,RGB_JPG_IMPUREZAS
C:\Users\eduar\Desktop\Soybe-main\data\com_fundo\RGB_JPG_IMPUREZAS\grao_DSC_0270_id68.png,RGB_JPG_IMPUREZAS,RGB_JPG_IMPUREZAS
C:\Users\eduar\Desktop\Soybe-main\data\com_fundo\RGB_JPG_IMPUREZAS\grao_DSC_0270_id73.png,RGB_JPG_IMPUREZAS,RGB_JPG_IMPUREZAS
C:\Users\eduar\Desktop\Soybe-main\data\com_fundo\RGB_JPG_IMPUREZAS\grao_DSC_0270_id75.png,RGB_JPG_IMPUREZAS,RGB_JPG_IMPUREZAS
C:\Users\eduar\Desktop\Soybe-main\data\com_fundo\RGB_JPG_IMPUREZAS\grao_DSC_0270_id76.png,RGB_JPG_IMPUREZAS,RGB_JPG_IMPUREZAS
C:\Users\eduar\Desktop\Soybe-main\data\com_fundo\RGB_JPG_IMPUREZAS\grao_DSC_0270_id77.png,RGB_JPG_IMPUREZAS,RGB_JPG_IMPUREZAS
C:\Users\eduar\Desktop\Soybe-main\data\com_fundo\RGB_JPG_IMPUREZAS\grao_DSC_0270_id78.png,RGB_JPG_IMPUREZAS,RGB_JPG_IMPUREZAS
C:\Users\eduar\Desktop\Soybe-main\data\com_fundo\RGB_JPG_IMPUREZAS\grao_DSC_0270_id79.png,RGB_JPG_IMPUREZAS,RGB_JPG_IMPUREZAS
C:\Users\eduar\Desktop\Soybe-main\data\com_fundo\RGB_JPG_IMPUREZAS\grao_DSC_0270_id80.png,RGB_JPG_IMPUREZAS,RGB_JPG_IMPUREZAS
C:\Users\eduar\Desktop\Soybe-main\data\com_fundo\RGB_JPG_IMPUREZAS\grao_DSC_0270_id81.png,RGB_JPG_IMPUREZAS,RGB_JPG_IMPUREZAS
C:\Users\eduar\Desktop\Soybe-main\data\com_fundo\RGB_JPG_IMPUREZAS\grao_DSC_0270_id82.png,RGB_JPG_IMPUREZAS,RGB_JPG_IMPUREZAS
C:\Users\eduar\Desktop\Soybe-main\data\com_fundo\RGB_JPG_IMPUREZAS\grao_DSC_0270_id85.png,RGB_JPG_IMPUREZAS,RGB_JPG_IMPUREZAS
C:\Users\eduar\Desktop\Soybe-main\data\com_fundo\RGB_JPG_IMPUREZAS\grao_DSC_0270_id89.png,RGB_JPG_IMPUREZAS,RGB_JPG_IMPUREZAS
C:\Users\eduar\Desktop\Soybe-main\data\com_fundo\RGB_JPG_IMPUREZAS\grao_DSC_0270_id97.png,RGB_JPG_IMPUREZAS,RGB_JPG_IMPUREZAS
C:\Users\eduar\Desktop\Soybe-main\data\com_fundo\RGB_JPG_IMPUREZAS\grao_DSC_0270_id99.png,RGB_JPG_IMPUREZAS,RGB_JPG_IMPUREZAS
C:\Users\eduar\Desktop\Soybe-main\data\com_fundo\RGB_JPG_IMPUREZAS\grao_DSC_0289_id100.png,RGB_JPG_IMPUREZAS,RGB_JPG_IMPUREZAS
C:\Users\eduar\Desktop\Soybe-main\data\com_fundo\RGB_JPG_IMPUREZAS\grao_DSC_0289_id101.png,RGB_JPG_IMPUREZAS,RGB_JPG_IMPUREZAS
C:\Users\eduar\Desktop\Soybe-main\data\com_fundo\RGB_JPG_IMPUREZAS\grao_DSC_0289_id103.png,RGB_JPG_IMPUREZAS,RGB_JPG_IMPUREZAS
C:\Users\eduar\Desktop\Soybe-main\data\com_fundo\RGB_JPG_IMPUREZAS\grao_DSC_0289_id104.png,RGB_JPG_IMPUREZAS,RGB_JPG_IMPUREZAS
C:\Users\eduar\Desktop\Soybe-main\data\com_fundo\RGB_JPG_IMPUREZAS\grao_DSC_0289_id105.png,RGB_JPG_IMPUREZAS,RGB_JPG_IMPUREZAS
C:\Users\eduar\Desktop\Soybe-main\data\com_fundo\RGB_JPG_IMPUREZAS\grao_DSC_0289_id106.png,RGB_JPG_IMPUREZAS,RGB_JPG_IMPUREZAS
C:\Users\eduar\Desktop\Soybe-main\data\com_fundo\RGB_JPG_IMPUREZAS\grao_DSC_0289_id116.png,RGB_JPG_IMPUREZAS,RGB_JPG_IMPUREZAS
C:\Users\eduar\Desktop\Soybe-main\data\com_fundo\RGB_JPG_IMPUREZAS\grao_DSC_0289_id117.png,RGB_JPG_IMPUREZAS,RGB_JPG_IMPUREZAS
C:\Users\eduar\Desktop\Soybe-main\data\com_fundo\RGB_JPG_IMPUREZAS\grao_DSC_0289_id121.png,RGB_JPG_IMPUREZAS,RGB_JPG_IMPUREZAS
C:\Users\eduar\Desktop\Soybe-main\data\com_fundo\RGB_JPG_IMPUREZAS\grao_DSC_0289_id122.png,RGB_JPG_IMPUREZAS,RGB_JPG_IMPUREZAS
C:\Users\eduar\Desktop\Soybe-main\data\com_fundo\RGB_JPG_IMPUREZAS\grao_DSC_0289_id123.png,RGB_JPG_IMPUREZAS,RGB_JPG_IMPUREZAS
C:\Users\eduar\Desktop\Soybe-main\data\com_fundo\RGB_JPG_IMPUREZAS\grao_DSC_0289_id124.png,RGB_JPG_IMPUREZAS,RGB_JPG_IMPUREZAS
C:\Users\eduar\Desktop\Soybe-main\data\com_fundo\RGB_JPG_IMPUREZAS\grao_DSC_0289_id125.png,RGB_JPG_IMPUREZAS,RGB_JPG_IMPUREZAS
C:\Users\eduar\Desktop\Soybe-main\data\com_fundo\RGB_JPG_IMPUREZAS\grao_DSC_0289_id127.png,RGB_JPG_IMPUREZAS,RGB_JPG_IMPUREZAS
C:\Users\eduar\Desktop\Soybe-main\data\com_fundo\RGB_JPG_IMPUREZAS\grao_DSC_0289_id128.png,RGB_JPG_IMPUREZAS,RGB_JPG_IMPUREZAS
C:\Users\eduar\Desktop\Soybe-main\data\com_fundo\RGB_JPG_IMPUREZAS\grao_DSC_0289_id13.png,RGB_JPG_IMPUREZAS,RGB_JPG_IMPUREZAS
C:\Users\eduar\Desktop\Soybe-main\data\com_fundo\RGB_JPG_IMPUREZAS\grao_DSC_0289_id137.png,RGB_JPG_IMPUREZAS,RGB_JPG_IMPUREZAS
C:\Users\eduar\Desktop\Soybe-main\data\com_fundo\RGB_JPG_IMPUREZAS\grao_DSC_0289_id138.png,RGB_JPG_IMPUREZAS,RGB_JPG_IMPUREZAS
C:\Users\eduar\Desktop\Soybe-main\data\com_fundo\RGB_JPG_IMPUREZAS\grao_DSC_0289_id139.png,RGB_JPG_IMPUREZAS,RGB_JPG_IMPUREZAS
C:\Users\eduar\Desktop\Soybe-main\data\com_fundo\RGB_JPG_IMPUREZAS\grao_DSC_0289_id14.png,RGB_JPG_IMPUREZAS,RGB_JPG_IMPUREZAS
C:\Users\eduar\Desktop\Soybe-main\data\com_fundo\RGB_JPG_IMPUREZAS\grao_DSC_0289_id141.png,RGB_JPG_IMPUREZAS,RGB_JPG_IMPUREZAS
C:\Users\eduar\Desktop\Soybe-main\data\com_fundo\RGB_JPG_IMPUREZAS\grao_DSC_0289_id142.png,RGB_JPG_IMPUREZAS,RGB_JPG_IMPUREZAS
C:\Users\eduar\Desktop\Soybe-main\data\com_fundo\RGB_JPG_IMPUREZAS\grao_DSC_0289_id143.png,RGB_JPG_IMPUREZAS,RGB_JPG_IMPUREZAS
C:\Users\eduar\Desktop\Soybe-main\data\com_fundo\RGB_JPG_IMPUREZAS\grao_DSC_0289_id144.png,RGB_JPG_IMPUREZAS,RGB_JPG_IMPUREZAS
C:\Users\eduar\Desktop\Soybe-main\data\com_fundo\RGB_JPG_IMPUREZAS\grao_DSC_0289_id15.png,RGB_JPG_IMPUREZAS,RGB_JPG_IMPUREZAS
C:\Users\eduar\Desktop\Soybe-main\data\com_fundo\RGB_JPG_IMPUREZAS\grao_DSC_0289_id150.png,RGB_JPG_IMPUREZAS,RGB_JPG_IMPUREZAS
C:\Users\eduar\Desktop\Soybe-main\data\com_fundo\RGB_JPG_IMPUREZAS\grao_DSC_0289_id152.png,RGB_JPG_IMPUREZAS,RGB_JPG_IMPUREZAS
C:\Users\eduar\Desktop\Soybe-main\data\com_fundo\RGB_JPG_IMPUREZAS\grao_DSC_0289_id153.png,RGB_JPG_IMPUREZAS,RGB_JPG_IMPUREZAS
C:\Users\eduar\Desktop\Soybe-main\data\com_fundo\RGB_JPG_IMPUREZAS\grao_DSC_0289_id154.png,RGB_JPG_IMPUREZAS,RGB_JPG_IMPUREZAS
C:\Users\eduar\Desktop\Soybe-main\data\com_fundo\RGB_JPG_IMPUREZAS\grao_DSC_0289_id155.png,RGB_JPG_IMPUREZAS,RGB_JPG_IMPUREZAS
C:\Users\eduar\Desktop\Soybe-main\data\com_fundo\RGB_JPG_IMPUREZAS\grao_DSC_0289_id156.png,RGB_JPG_IMPUREZAS,RGB_JPG_IMPUREZAS
C:\Users\eduar\Desktop\Soybe-main\data\com_fundo\RGB_JPG_IMPUREZAS\grao_DSC_0289_id157.png,RGB_JPG_IMPUREZAS,RGB_JPG_IMPUREZAS
C:\Users\eduar\Desktop\Soybe-main\data\com_fundo\RGB_JPG_IMPUREZAS\grao_DSC_0289_id158.png,RGB_JPG_IMPUREZAS,RGB_JPG_IMPUREZAS
C:\Users\eduar\Desktop\Soybe-main\data\com_fundo\RGB_JPG_IMPUREZAS\grao_DSC_0289_id16.png,RGB_JPG_IMPUREZAS,RGB_JPG_IMPUREZAS
C:\Users\eduar\Desktop\Soybe-main\data\com_fundo\RGB_JPG_IMPUREZAS\grao_DSC_0289_id160.png,RGB_JPG_IMPUREZAS,RGB_JPG_IMPUREZAS
C:\Users\eduar\Desktop\Soybe-main\data\com_fundo\RGB_JPG_IMPUREZAS\grao_DSC_0289_id167.png,RGB_JPG_IMPUREZAS,RGB_JPG_IMPUREZAS
C:\Users\eduar\Desktop\Soybe-main\data\com_fundo\RGB_JPG_IMPUREZAS\grao_DSC_0289_id169.png,RGB_JPG_IMPUREZAS,RGB_JPG_IMPUREZAS
C:\Users\eduar\Desktop\Soybe-main\data\com_fundo\RGB_JPG_IMPUREZAS\grao_DSC_0289_id17.png,RGB_JPG_IMPUREZAS,RGB_JPG_IMPUREZAS
C:\Users\eduar\Desktop\Soybe-main\data\com_fundo\RGB_JPG_IMPUREZAS\grao_DSC_0289_id170.png,RGB_JPG_IMPUREZAS,RGB_JPG_IMPUREZAS
C:\Users\eduar\Desktop\Soybe-main\data\com_fundo\RGB_JPG_IMPUREZAS\grao_DSC_0289_id172.png,RGB_JPG_IMPUREZAS,RGB_JPG_IMPUREZAS
C:\Users\eduar\Desktop\Soybe-main\data\com_fundo\RGB_JPG_IMPUREZAS\grao_DSC_0289_id173.png,RGB_JPG_IMPUREZAS,RGB_JPG_IMPUREZAS
C:\Users\eduar\Desktop\Soybe-main\data\com_fundo\RGB_JPG_IMPUREZAS\grao_DSC_0289_id176.png,RGB_JPG_IMPUREZAS,RGB_JPG_IMPUREZAS
C:\Users\eduar\Desktop\Soybe-main\data\com_fundo\RGB_JPG_IMPUREZAS\grao_DSC_0289_id18.png,RGB_JPG_IMPUREZAS,RGB_JPG_IMPUREZAS
C:\Users\eduar\Desktop\Soybe-main\data\com_fundo\RGB_JPG_IMPUREZAS\grao_DSC_0289_id180.png,RGB_JPG_IMPUREZAS,RGB_JPG_IMPUREZAS
C:\Users\eduar\Desktop\Soybe-main\data\com_fundo\RGB_JPG_IMPUREZAS\grao_DSC_0289_id183.png,RGB_JPG_IMPUREZAS,RGB_JPG_IMPUREZAS
C:\Users\eduar\Desktop\Soybe-main\data\com_fundo\RGB_JPG_IMPUREZAS\grao_DSC_0289_id185.png,RGB_JPG_IMPUREZAS,RGB_JPG_IMPUREZAS
C:\Users\eduar\Desktop\Soybe-main\data\com_fundo\RGB_JPG_IMPUREZAS\grao_DSC_0289_id186.png,RGB_JPG_IMPUREZAS,RGB_JPG_ESVERDEADO
C:\Users\eduar\Desktop\Soybe-main\data\com_fundo\RGB_JPG_IMPUREZAS\grao_DSC_0289_id187.png,RGB_JPG_IMPUREZAS,RGB_JPG_IMPUREZAS
C:\Users\eduar\Desktop\Soybe-main\data\com_fundo\RGB_JPG_IMPUREZAS\grao_DSC_0289_id191.png,RGB_JPG_IMPUREZAS,RGB_JPG_IMPUREZAS
C:\Users\eduar\Desktop\Soybe-main\data\com_fundo\RGB_JPG_IMPUREZAS\grao_DSC_0289_id194.png,RGB_JPG_IMPUREZAS,RGB_JPG_IMPUREZAS
C:\Users\eduar\Desktop\Soybe-main\data\com_fundo\RGB_JPG_IMPUREZAS\grao_DSC_0289_id198.png,RGB_JPG_IMPUREZAS,RGB_JPG_IMPUREZAS
C:\Users\eduar\Desktop\Soybe-main\data\com_fundo\RGB_JPG_IMPUREZAS\grao_DSC_0289_id199.png,RGB_JPG_IMPUREZAS,RGB_JPG_IMPUREZAS
C:\Users\eduar\Desktop\Soybe-main\data\com_fundo\RGB_JPG_IMPUREZAS\grao_DSC_0289_id2.png,RGB_JPG_IMPUREZAS,RGB_JPG_IMPUREZAS
C:\Users\eduar\Desktop\Soybe-main\data\com_fundo\RGB_JPG_IMPUREZAS\grao_DSC_0289_id200.png,RGB_JPG_IMPUREZAS,RGB_JPG_IMPUREZAS
C:\Users\eduar\Desktop\Soybe-main\data\com_fundo\RGB_JPG_IMPUREZAS\grao_DSC_0289_id201.png,RGB_JPG_IMPUREZAS,RGB_JPG_IMPUREZAS
C:\Users\eduar\Desktop\Soybe-main\data\com_fundo\RGB_JPG_IMPUREZAS\grao_DSC_0289_id205.png,RGB_JPG_IMPUREZAS,RGB_JPG_IMPUREZAS
C:\Users\eduar\Desktop\Soybe-main\data\com_fundo\RGB_JPG_IMPUREZAS\grao_DSC_0289_id26.png,RGB_JPG_IMPUREZAS,RGB_JPG_IMPUREZAS
C:\Users\eduar\Desktop\Soybe-main\data\com_fundo\RGB_JPG_IMPUREZAS\grao_DSC_0289_id27.png,RGB_JPG_IMPUREZAS,RGB_JPG_IMPUREZAS
C:\Users\eduar\Desktop\Soybe-main\data\com_fundo\RGB_JPG_IMPUREZAS\grao_DSC_0289_id28.png,RGB_JPG_IMPUREZAS,RGB_JPG_IMPUREZAS
C:\Users\eduar\Desktop\Soybe-main\data\com_fundo\RGB_JPG_IMPUREZAS\grao_DSC_0289_id29.png,RGB_JPG_IMPUREZAS,RGB_JPG_IMPUREZAS
C:\Users\eduar\Desktop\Soybe-main\data\com_fundo\RGB_JPG_IMPUREZAS\grao_DSC_0289_id3.png,RGB_JPG_IMPUREZAS,RGB_JPG_IMPUREZAS
C:\Users\eduar\Desktop\Soybe-main\data\com_fundo\RGB_JPG_IMPUREZAS\grao_DSC_0289_id30.png,RGB_JPG_IMPUREZAS,RGB_JPG_IMPUREZAS
C:\Users\eduar\Desktop\Soybe-main\data\com_fundo\RGB_JPG_IMPUREZAS\grao_DSC_0289_id32.png,RGB_JPG_IMPUREZAS,RGB_JPG_IMPUREZAS
C:\Users\eduar\Desktop\Soybe-main\data\com_fundo\RGB_JPG_IMPUREZAS\grao_DSC_0289_id35.png,RGB_JPG_IMPUREZAS,RGB_JPG_IMPUREZAS
C:\Users\eduar\Desktop\Soybe-main\data\com_fundo\RGB_JPG_IMPUREZAS\grao_DSC_0289_id4.png,RGB_JPG_IMPUREZAS,RGB_JPG_IMPUREZAS
C:\Users\eduar\Desktop\Soybe-main\data\com_fundo\RGB_JPG_IMPUREZAS\grao_DSC_0289_id41.png,RGB_JPG_IMPUREZAS,RGB_JPG_IMPUREZAS
C:\Users\eduar\Desktop\Soybe-main\data\com_fundo\RGB_JPG_IMPUREZAS\grao_DSC_0289_id45.png,RGB_JPG_IMPUREZAS,RGB_JPG_IMPUREZAS
C:\Users\eduar\Desktop\Soybe-main\data\com_fundo\RGB_JPG_IMPUREZAS\grao_DSC_0289_id47.png,RGB_JPG_IMPUREZAS,RGB_JPG_IMPUREZAS
C:\Users\eduar\Desktop\Soybe-main\data\com_fundo\RGB_JPG_IMPUREZAS\grao_DSC_0289_id5.png,RGB_JPG_IMPUREZAS,RGB_JPG_IMPUREZAS
C:\Users\eduar\Desktop\Soybe-main\data\com_fundo\RGB_JPG_IMPUREZAS\grao_DSC_0289_id50.png,RGB_JPG_IMPUREZAS,RGB_JPG_IMPUREZAS
C:\Users\eduar\Desktop\Soybe-main\data\com_fundo\RGB_JPG_IMPUREZAS\grao_DSC_0289_id55.png,RGB_JPG_IMPUREZAS,RGB_JPG_IMPUREZAS
C:\Users\eduar\Desktop\Soybe-main\data\com_fundo\RGB_JPG_IMPUREZAS\grao_DSC_0289_id58.png,RGB_JPG_IMPUREZAS,RGB_JPG_IMPUREZAS
C:\Users\eduar\Desktop\Soybe-main\data\com_fundo\RGB_JPG_IMPUREZAS\grao_DSC_0289_id59.png,RGB_JPG_IMPUREZAS,RGB_JPG_IMPUREZAS
C:\Users\eduar\Desktop\Soybe-main\data\com_fundo\RGB_JPG_IMPUREZAS\grao_DSC_0289_id6.png,RGB_JPG_IMPUREZAS,RGB_JPG_IMPUREZAS
C:\Users\eduar\Desktop\Soybe-main\data\com_fundo\RGB_JPG_IMPUREZAS\grao_DSC_0289_id60.png,RGB_JPG_IMPUREZAS,RGB_JPG_IMPUREZAS
C:\Users\eduar\Desktop\Soybe-main\data\com_fundo\RGB_JPG_IMPUREZAS\grao_DSC_0289_id61.png,RGB_JPG_IMPUREZAS,RGB_JPG_IMPUREZAS
C:\Users\eduar\Desktop\Soybe-main\data\com_fundo\RGB_JPG_IMPUREZAS\grao_DSC_0289_id62.png,RGB_JPG_IMPUREZAS,RGB_JPG_IMPUREZAS
C:\Users\eduar\Desktop\Soybe-main\data\com_fundo\RGB_JPG_IMPUREZAS\grao_DSC_0289_id65.png,RGB_JPG_IMPUREZAS,RGB_JPG_IMPUREZAS
C:\Users\eduar\Desktop\Soybe-main\data\com_fundo\RGB_JPG_IMPUREZAS\grao_DSC_0289_id66.png,RGB_JPG_IMPUREZAS,RGB_JPG_IMPUREZAS
C:\Users\eduar\Desktop\Soybe-main\data\com_fundo\RGB_JPG_IMPUREZAS\grao_DSC_0289_id74.png,RGB_JPG_IMPUREZAS,RGB_JPG_IMPUREZAS
C:\Users\eduar\Desktop\Soybe-main\data\com_fundo\RGB_JPG_IMPUREZAS\grao_DSC_0289_id75.png,RGB_JPG_IMPUREZAS,RGB_JPG_IMPUREZAS
C:\Users\eduar\Desktop\Soybe-main\data\com_fundo\RGB_JPG_IMPUREZAS\grao_DSC_0289_id76.png,RGB_JPG_IMPUREZAS,RGB_JPG_IMPUREZAS
C:\Users\eduar\Desktop\Soybe-main\data\com_fundo\RGB_JPG_IMPUREZAS\grao_DSC_0289_id77.png,RGB_JPG_IMPUREZAS,RGB_JPG_IMPUREZAS
C:\Users\eduar\Desktop\Soybe-main\data\com_fundo\RGB_JPG_IMPUREZAS\grao_DSC_0289_id78.png,RGB_JPG_IMPUREZAS,RGB_JPG_IMPUREZAS
C:\Users\eduar\Desktop\Soybe-main\data\com_fundo\RGB_JPG_IMPUREZAS\grao_DSC_0289_id79.png,RGB_JPG_IMPUREZAS,RGB_JPG_IMPUREZAS
C:\Users\eduar\Desktop\Soybe-main\data\com_fundo\RGB_JPG_IMPUREZAS\grao_DSC_0289_id8.png,RGB_JPG_IMPUREZAS,RGB_JPG_IMPUREZAS
C:\Users\eduar\Desktop\Soybe-main\data\com_fundo\RGB_JPG_IMPUREZAS\grao_DSC_0289_id81.png,RGB_JPG_IMPUREZAS,RGB_JPG_IMPUREZAS
C:\Users\eduar\Desktop\Soybe-main\data\com_fundo\RGB_JPG_IMPUREZAS\grao_DSC_0289_id82.png,RGB_JPG_IMPUREZAS,RGB_JPG_IMPUREZAS
C:\Users\eduar\Desktop\Soybe-main\data\com_fundo\RGB_JPG_IMPUREZAS\grao_DSC_0289_id83.png,RGB_JPG_IMPUREZAS,RGB_JPG_IMPUREZAS
C:\Users\eduar\Desktop\Soybe-main\data\com_fundo\RGB_JPG_IMPUREZAS\grao_DSC_0289_id84.png,RGB_JPG_IMPUREZAS,RGB_JPG_IMPUREZAS
C:\Users\eduar\Desktop\Soybe-main\data\com_fundo\RGB_JPG_IMPUREZAS\grao_DSC_0289_id86.png,RGB_JPG_IMPUREZAS,RGB_JPG_IMPUREZAS
C:\Users\eduar\Desktop\Soybe-main\data\com_fundo\RGB_JPG_IMPUREZAS\grao_DSC_0289_id89.png,RGB_JPG_IMPUREZAS,RGB_JPG_IMPUREZAS
C:\Users\eduar\Desktop\Soybe-main\data\com_fundo\RGB_JPG_IMPUREZAS\grao_DSC_0289_id95.png,RGB_JPG_IMPUREZAS,RGB_JPG_IMPUREZAS
C:\Users\eduar\Desktop\Soybe-main\data\com_fundo\RGB_JPG_IMPUREZAS\grao_DSC_0289_id96.png,RGB_JPG_IMPUREZAS,RGB_JPG_IMPUREZAS
C:\Users\eduar\Desktop\Soybe-main\data\com_fundo\RGB_JPG_IMPUREZAS\grao_DSC_0289_id97.png,RGB_JPG_IMPUREZAS,RGB_JPG_IMPUREZAS
C:\Users\eduar\Desktop\Soybe-main\data\com_fundo\RGB_JPG_IMPUREZAS\grao_DSC_0293_id1.png,RGB_JPG_IMPUREZAS,RGB_JPG_IMPUREZAS
C:\Users\eduar\Desktop\Soybe-main\data\com_fundo\RGB_JPG_IMPUREZAS\grao_DSC_0293_id100.png,RGB_JPG_IMPUREZAS,RGB_JPG_IMPUREZAS
C:\Users\eduar\Desktop\Soybe-main\data\com_fundo\RGB_JPG_IMPUREZAS\grao_DSC_0293_id101.png,RGB_JPG_IMPUREZAS,RGB_JPG_IMPUREZAS
C:\Users\eduar\Desktop\Soybe-main\data\com_fundo\RGB_JPG_IMPUREZAS\grao_DSC_0293_id102.png,RGB_JPG_IMPUREZAS,RGB_JPG_IMPUREZAS
C:\Users\eduar\Desktop\Soybe-main\data\com_fundo\RGB_JPG_IMPUREZAS\grao_DSC_0293_id103.png,RGB_JPG_IMPUREZAS,RGB_JPG_IMPUREZAS
C:\Users\eduar\Desktop\Soybe-main\data\com_fundo\RGB_JPG_IMPUREZAS\grao_DSC_0293_id104.png,RGB_JPG_IMPUREZAS,RGB_JPG_IMPUREZAS
C:\Users\eduar\Desktop\Soybe-main\data\com_fundo\RGB_JPG_IMPUREZAS\grao_DSC_0293_id107.png,RGB_JPG_IMPUREZAS,RGB_JPG_IMPUREZAS
C:\Users\eduar\Desktop\Soybe-main\data\com_fundo\RGB_JPG_IMPUREZAS\grao_DSC_0293_id109.png,RGB_JPG_IMPUREZAS,RGB_JPG_IMPUREZAS
C:\Users\eduar\Desktop\Soybe-main\data\com_fundo\RGB_JPG_IMPUREZAS\grao_DSC_0293_id11.png,RGB_JPG_IMPUREZAS,RGB_JPG_IMPUREZAS
C:\Users\eduar\Desktop\Soybe-main\data\com_fundo\RGB_JPG_IMPUREZAS\grao_DSC_0293_id111.png,RGB_JPG_IMPUREZAS,RGB_JPG_IMPUREZAS
C:\Users\eduar\Desktop\Soybe-main\data\com_fundo\RGB_JPG_IMPUREZAS\grao_DSC_0293_id113.png,RGB_JPG_IMPUREZAS,RGB_JPG_IMPUREZAS
C:\Users\eduar\Desktop\Soybe-main\data\com_fundo\RGB_JPG_IMPUREZAS\grao_DSC_0293_id114.png,RGB_JPG_IMPUREZAS,RGB_JPG_IMPUREZAS
C:\Users\eduar\Desktop\Soybe-main\data\com_fundo\RGB_JPG_IMPUREZAS\grao_DSC_0293_id115.png,RGB_JPG_IMPUREZAS,RGB_JPG_IMPUREZAS
C:\Users\eduar\Desktop\Soybe-main\data\com_fundo\RGB_JPG_IMPUREZAS\grao_DSC_0293_id116.png,RGB_JPG_IMPUREZAS,RGB_JPG_IMPUREZAS
C:\Users\eduar\Desktop\Soybe-main\data\com_fundo\RGB_JPG_IMPUREZAS\grao_DSC_0293_id117.png,RGB_JPG_IMPUREZAS,RGB_JPG_IMPUREZAS
C:\Users\eduar\Desktop\Soybe-main\data\com_fundo\RGB_JPG_IMPUREZAS\grao_DSC_0293_id120.png,RGB_JPG_IMPUREZAS,RGB_JPG_IMPUREZAS
C:\Users\eduar\Desktop\Soybe-main\data\com_fundo\RGB_JPG_IMPUREZAS\grao_DSC_0293_id123.png,RGB_JPG_IMPUREZAS,RGB_JPG_IMPUREZAS
C:\Users\eduar\Desktop\Soybe-main\data\com_fundo\RGB_JPG_IMPUREZAS\grao_DSC_0293_id125.png,RGB_JPG_IMPUREZAS,RGB_JPG_IMPUREZAS
C:\Users\eduar\Desktop\Soybe-main\data\com_fundo\RGB_JPG_IMPUREZAS\grao_DSC_0293_id126.png,RGB_JPG_IMPUREZAS,RGB_JPG_IMPUREZAS
C:\Users\eduar\Desktop\Soybe-main\data\com_fundo\RGB_JPG_IMPUREZAS\grao_DSC_0293_id127.png,RGB_JPG_IMPUREZAS,RGB_JPG_IMPUREZAS
C:\Users\eduar\Desktop\Soybe-main\data\com_fundo\RGB_JPG_IMPUREZAS\grao_DSC_0293_id128.png,RGB_JPG_IMPUREZAS,RGB_JPG_IMPUREZAS
C:\Users\eduar\Desktop\Soybe-main\data\com_fundo\RGB_JPG_IMPUREZAS\grao_DSC_0293_id129.png,RGB_JPG_IMPUREZAS,RGB_JPG_IMPUREZAS
C:\Users\eduar\Desktop\Soybe-main\data\com_fundo\RGB_JPG_IMPUREZAS\grao_DSC_0293_id13.png,RGB_JPG_IMPUREZAS,RGB_JPG_IMPUREZAS
C:\Users\eduar\Desktop\Soybe-main\data\com_fundo\RGB_JPG_IMPUREZAS\grao_DSC_0293_id130.png,RGB_JPG_IMPUREZAS,RGB_JPG_IMPUREZAS
C:\Users\eduar\Desktop\Soybe-main\data\com_fundo\RGB_JPG_IMPUREZAS\grao_DSC_0293_id131.png,RGB_JPG_IMPUREZAS,RGB_JPG_IMPUREZAS
C:\Users\eduar\Desktop\Soybe-main\data\com_fundo\RGB_JPG_IMPUREZAS\grao_DSC_0293_id133.png,RGB_JPG_IMPUREZAS,RGB_JPG_IMPUREZAS
C:\Users\eduar\Desktop\Soybe-main\data\com_fundo\RGB_JPG_IMPUREZAS\grao_DSC_0293_id134.png,RGB_JPG_IMPUREZAS,RGB_JPG_IMPUREZAS
C:\Users\eduar\Desktop\Soybe-main\data\com_fundo\RGB_JPG_IMPUREZAS\grao_DSC_0293_id135.png,RGB_JPG_IMPUREZAS,RGB_JPG_IMPUREZAS
C:\Users\eduar\Desktop\Soybe-main\data\com_fundo\RGB_JPG_IMPUREZAS\grao_DSC_0293_id141.png,RGB_JPG_IMPUREZAS,RGB_JPG_IMPUREZAS
C:\Users\eduar\Desktop\Soybe-main\data\com_fundo\RGB_JPG_IMPUREZAS\grao_DSC_0293_id143.png,RGB_JPG_IMPUREZAS,RGB_JPG_IMPUREZAS
C:\Users\eduar\Desktop\Soybe-main\data\com_fundo\RGB_JPG_IMPUREZAS\grao_DSC_0293_id144.png,RGB_JPG_IMPUREZAS,RGB_JPG_IMPUREZAS
C:\Users\eduar\Desktop\Soybe-main\data\com_fundo\RGB_JPG_IMPUREZAS\grao_DSC_0293_id145.png,RGB_JPG_IMPUREZAS,RGB_JPG_IMPUREZAS
C:\Users\eduar\Desktop\Soybe-main\data\com_fundo\RGB_JPG_IMPUREZAS\grao_DSC_0293_id147.png,RGB_JPG_IMPUREZAS,RGB_JPG_IMPUREZAS
C:\Users\eduar\Desktop\Soybe-main\data\com_fundo\RGB_JPG_IMPUREZAS\grao_DSC_0293_id148.png,RGB_JPG_IMPUREZAS,RGB_JPG_IMPUREZAS
C:\Users\eduar\Desktop\Soybe-main\data\com_fundo\RGB_JPG_IMPUREZAS\grao_DSC_0293_id149.png,RGB_JPG_IMPUREZAS,RGB_JPG_IMPUREZAS
C:\Users\eduar\Desktop\Soybe-main\data\com_fundo\RGB_JPG_IMPUREZAS\grao_DSC_0293_id150.png,RGB_JPG_IMPUREZAS,RGB_JPG_IMPUREZAS
C:\Users\eduar\Desktop\Soybe-main\data\com_fundo\RGB_JPG_IMPUREZAS\grao_DSC_0293_id153.png,RGB_JPG_IMPUREZAS,RGB_JPG_IMPUREZAS
C:\Users\eduar\Desktop\Soybe-main\data\com_fundo\RGB_JPG_IMPUREZAS\grao_DSC_0293_id154.png,RGB_JPG_IMPUREZAS,RGB_JPG_IMPUREZAS
C:\Users\eduar\Desktop\Soybe-main\data\com_fundo\RGB_JPG_IMPUREZAS\grao_DSC_0293_id156.png,RGB_JPG_IMPUREZAS,RGB_JPG_IMPUREZAS
C:\Users\eduar\Desktop\Soybe-main\data\com_fundo\RGB_JPG_IMPUREZAS\grao_DSC_0293_id157.png,RGB_JPG_IMPUREZAS,RGB_JPG_IMPUREZAS
C:\Users\eduar\Desktop\Soybe-main\data\com_fundo\RGB_JPG_IMPUREZAS\grao_DSC_0293_id158.png,RGB_JPG_IMPUREZAS,RGB_JPG_IMPUREZAS
C:\Users\eduar\Desktop\Soybe-main\data\com_fundo\RGB_JPG_IMPUREZAS\grao_DSC_0293_id159.png,RGB_JPG_IMPUREZAS,RGB_JPG_IMPUREZAS
C:\Users\eduar\Desktop\Soybe-main\data\com_fundo\RGB_JPG_IMPUREZAS\grao_DSC_0293_id16.png,RGB_JPG_IMPUREZAS,RGB_JPG_IMPUREZAS
C:\Users\eduar\Desktop\Soybe-main\data\com_fundo\RGB_JPG_IMPUREZAS\grao_DSC_0293_id160.png,RGB_JPG_IMPUREZAS,RGB_JPG_IMPUREZAS
C:\Users\eduar\Desktop\Soybe-main\data\com_fundo\RGB_JPG_IMPUREZAS\grao_DSC_0293_id161.png,RGB_JPG_IMPUREZAS,RGB_JPG_IMPUREZAS
C:\Users\eduar\Desktop\Soybe-main\data\com_fundo\RGB_JPG_IMPUREZAS\grao_DSC_0293_id162.png,RGB_JPG_IMPUREZAS,RGB_JPG_IMPUREZAS
C:\Users\eduar\Desktop\Soybe-main\data\com_fundo\RGB_JPG_IMPUREZAS\grao_DSC_0293_id166.png,RGB_JPG_IMPUREZAS,RGB_JPG_IMPUREZAS
C:\Users\eduar\Desktop\Soybe-main\data\com_fundo\RGB_JPG_IMPUREZAS\grao_DSC_0293_id167.png,RGB_JPG_IMPUREZAS,RGB_JPG_IMPUREZAS
C:\Users\eduar\Desktop\Soybe-main\data\com_fundo\RGB_JPG_IMPUREZAS\grao_DSC_0293_id171.png,RGB_JPG_IMPUREZAS,RGB_JPG_IMPUREZAS
C:\Users\eduar\Desktop\Soybe-main\data\com_fundo\RGB_JPG_IMPUREZAS\grao_DSC_0293_id174.png,RGB_JPG_IMPUREZAS,RGB_JPG_IMPUREZAS
C:\Users\eduar\Desktop\Soybe-main\data\com_fundo\RGB_JPG_IMPUREZAS\grao_DSC_0293_id175.png,RGB_JPG_IMPUREZAS,RGB_JPG_IMPUREZAS
C:\Users\eduar\Desktop\Soybe-main\data\com_fundo\RGB_JPG_IMPUREZAS\grao_DSC_0293_id176.png,RGB_JPG_IMPUREZAS,RGB_JPG_IMPUREZAS
C:\Users\eduar\Desktop\Soybe-main\data\com_fundo\RGB_JPG_IMPUREZAS\grao_DSC_0293_id178.png,RGB_JPG_IMPUREZAS,RGB_JPG_IMPUREZAS
C:\Users\eduar\Desktop\Soybe-main\data\com_fundo\RGB_JPG_IMPUREZAS\grao_DSC_0293_id179.png,RGB_JPG_IMPUREZAS,RGB_JPG_IMPUREZAS
C:\Users\eduar\Desktop\Soybe-main\data\com_fundo\RGB_JPG_IMPUREZAS\grao_DSC_0293_id180.png,RGB_JPG_IMPUREZAS,RGB_JPG_IMPUREZAS
C:\Users\eduar\Desktop\Soybe-main\data\com_fundo\RGB_JPG_IMPUREZAS\grao_DSC_0293_id181.png,RGB_JPG_IMPUREZAS,RGB_JPG_IMPUREZAS
C:\Users\eduar\Desktop\Soybe-main\data\com_fundo\RGB_JPG_IMPUREZAS\grao_DSC_0293_id182.png,RGB_JPG_IMPUREZAS,RGB_JPG_IMPUREZAS
C:\Users\eduar\Desktop\Soybe-main\data\com_fundo\RGB_JPG_IMPUREZAS\grao_DSC_0293_id183.png,RGB_JPG_IMPUREZAS,RGB_JPG_IMPUREZAS
C:\Users\eduar\Desktop\Soybe-main\data\com_fundo\RGB_JPG_IMPUREZAS\grao_DSC_0293_id184.png,RGB_JPG_IMPUREZAS,RGB_JPG_IMPUREZAS
C:\Users\eduar\Desktop\Soybe-main\data\com_fundo\RGB_JPG_IMPUREZAS\grao_DSC_0293_id185.png,RGB_JPG_IMPUREZAS,RGB_JPG_IMPUREZAS
C:\Users\eduar\Desktop\Soybe-main\data\com_fundo\RGB_JPG_IMPUREZAS\grao_DSC_0293_id186.png,RGB_JPG_IMPUREZAS,RGB_JPG_IMPUREZAS
C:\Users\eduar\Desktop\Soybe-main\data\com_fundo\RGB_JPG_IMPUREZAS\grao_DSC_0293_id187.png,RGB_JPG_IMPUREZAS,RGB_JPG_IMPUREZAS
C:\Users\eduar\Desktop\Soybe-main\data\com_fundo\RGB_JPG_IMPUREZAS\grao_DSC_0293_id188.png,RGB_JPG_IMPUREZAS,RGB_JPG_IMPUREZAS
C:\Users\eduar\Desktop\Soybe-main\data\com_fundo\RGB_JPG_IMPUREZAS\grao_DSC_0293_id189.png,RGB_JPG_IMPUREZAS,RGB_JPG_IMPUREZAS
C:\Users\eduar\Desktop\Soybe-main\data\com_fundo\RGB_JPG_IMPUREZAS\grao_DSC_0293_id190.png,RGB_JPG_IMPUREZAS,RGB_JPG_IMPUREZAS
C:\Users\eduar\Desktop\Soybe-main\data\com_fundo\RGB_JPG_IMPUREZAS\grao_DSC_0293_id191.png,RGB_JPG_IMPUREZAS,RGB_JPG_IMPUREZAS
C:\Users\eduar\Desktop\Soybe-main\data\com_fundo\RGB_JPG_IMPUREZAS\grao_DSC_0293_id192.png,RGB_JPG_IMPUREZAS,RGB_JPG_IMPUREZAS
C:\Users\eduar\Desktop\Soybe-main\data\com_fundo\RGB_JPG_IMPUREZAS\grao_DSC_0293_id193.png,RGB_JPG_IMPUREZAS,RGB_JPG_IMPUREZAS
C:\Users\eduar\Desktop\Soybe-main\data\com_fundo\RGB_JPG_IMPUREZAS\grao_DSC_0293_id194.png,RGB_JPG_IMPUREZAS,RGB_JPG_IMPUREZAS
C:\Users\eduar\Desktop\Soybe-main\data\com_fundo\RGB_JPG_IMPUREZAS\grao_DSC_0293_id195.png,RGB_JPG_IMPUREZAS,RGB_JPG_IMPUREZAS
C:\Users\eduar\Desktop\Soybe-main\data\com_fundo\RGB_JPG_IMPUREZAS\grao_DSC_0293_id196.png,RGB_JPG_IMPUREZAS,RGB_JPG_IMPUREZAS
C:\Users\eduar\Desktop\Soybe-main\data\com_fundo\RGB_JPG_IMPUREZAS\grao_DSC_0293_id197.png,RGB_JPG_IMPUREZAS,RGB_JPG_IMPUREZAS
C:\Users\eduar\Desktop\Soybe-main\data\com_fundo\RGB_JPG_IMPUREZAS\grao_DSC_0293_id199.png,RGB_JPG_IMPUREZAS,RGB_JPG_IMPUREZAS
C:\Users\eduar\Desktop\Soybe-main\data\com_fundo\RGB_JPG_IMPUREZAS\grao_DSC_0293_id2.png,RGB_JPG_IMPUREZAS,RGB_JPG_IMPUREZAS
C:\Users\eduar\Desktop\Soybe-main\data\com_fundo\RGB_JPG_IMPUREZAS\grao_DSC_0293_id20.png,RGB_JPG_IMPUREZAS,RGB_JPG_IMPUREZAS
C:\Users\eduar\Desktop\Soybe-main\data\com_fundo\RGB_JPG_IMPUREZAS\grao_DSC_0293_id200.png,RGB_JPG_IMPUREZAS,RGB_JPG_IMPUREZAS
C:\Users\eduar\Desktop\Soybe-main\data\com_fundo\RGB_JPG_IMPUREZAS\grao_DSC_0293_id201.png,RGB_JPG_IMPUREZAS,RGB_JPG_IMPUREZAS
C:\Users\eduar\Desktop\Soybe-main\data\com_fundo\RGB_JPG_IMPUREZAS\grao_DSC_0293_id203.png,RGB_JPG_IMPUREZAS,RGB_JPG_IMPUREZAS
C:\Users\eduar\Desktop\Soybe-main\data\com_fundo\RGB_JPG_IMPUREZAS\grao_DSC_0293_id207.png,RGB_JPG_IMPUREZAS,RGB_JPG_IMPUREZAS
C:\Users\eduar\Desktop\Soybe-main\data\com_fundo\RGB_JPG_IMPUREZAS\grao_DSC_0293_id208.png,RGB_JPG_IMPUREZAS,RGB_JPG_IMPUREZAS
C:\Users\eduar\Desktop\Soybe-main\data\com_fundo\RGB_JPG_IMPUREZAS\grao_DSC_0293_id210.png,RGB_JPG_IMPUREZAS,RGB_JPG_IMPUREZAS
C:\Users\eduar\Desktop\Soybe-main\data\com_fundo\RGB_JPG_IMPUREZAS\grao_DSC_0293_id213.png,RGB_JPG_IMPUREZAS,RGB_JPG_IMPUREZAS
C:\Users\eduar\Desktop\Soybe-main\data\com_fundo\RGB_JPG_IMPUREZAS\grao_DSC_0293_id216.png,RGB_JPG_IMPUREZAS,RGB_JPG_IMPUREZAS
C:\Users\eduar\Desktop\Soybe-main\data\com_fundo\RGB_JPG_IMPUREZAS\grao_DSC_0293_id217.png,RGB_JPG_IMPUREZAS,RGB_JPG_IMPUREZAS
C:\Users\eduar\Desktop\Soybe-main\data\com_fundo\RGB_JPG_IMPUREZAS\grao_DSC_0293_id219.png,RGB_JPG_IMPUREZAS,RGB_JPG_IMPUREZAS
C:\Users\eduar\Desktop\Soybe-main\data\com_fundo\RGB_JPG_IMPUREZAS\grao_DSC_0293_id22.png,RGB_JPG_IMPUREZAS,RGB_JPG_IMPUREZAS
C:\Users\eduar\Desktop\Soybe-main\data\com_fundo\RGB_JPG_IMPUREZAS\grao_DSC_0293_id220.png,RGB_JPG_IMPUREZAS,RGB_JPG_IMPUREZAS
C:\Users\eduar\Desktop\Soybe-main\data\com_fundo\RGB_JPG_IMPUREZAS\grao_DSC_0293_id221.png,RGB_JPG_IMPUREZAS,RGB_JPG_IMPUREZAS
C:\Users\eduar\Desktop\Soybe-main\data\com_fundo\RGB_JPG_IMPUREZAS\grao_DSC_0293_id222.png,RGB_JPG_IMPUREZAS,RGB_JPG_IMPUREZAS
C:\Users\eduar\Desktop\Soybe-main\data\com_fundo\RGB_JPG_IMPUREZAS\grao_DSC_0293_id223.png,RGB_JPG_IMPUREZAS,RGB_JPG_IMPUREZAS
C:\Users\eduar\Desktop\Soybe-main\data\com_fundo\RGB_JPG_IMPUREZAS\grao_DSC_0293_id224.png,RGB_JPG_IMPUREZAS,RGB_JPG_IMPUREZAS
C:\Users\eduar\Desktop\Soybe-main\data\com_fundo\RGB_JPG_IMPUREZAS\grao_DSC_0293_id225.png,RGB_JPG_IMPUREZAS,RGB_JPG_IMPUREZAS
C:\Users\eduar\Desktop\Soybe-main\data\com_fundo\RGB_JPG_IMPUREZAS\grao_DSC_0293_id226.png,RGB_JPG_IMPUREZAS,RGB_JPG_IMPUREZAS
C:\Users\eduar\Desktop\Soybe-main\data\com_fundo\RGB_JPG_IMPUREZAS\grao_DSC_0293_id227.png,RGB_JPG_IMPUREZAS,RGB_JPG_IMPUREZAS
C:\Users\eduar\Desktop\Soybe-main\data\com_fundo\RGB_JPG_IMPUREZAS\grao_DSC_0293_id228.png,RGB_JPG_IMPUREZAS,RGB_JPG_IMPUREZAS
C:\Users\eduar\Desktop\Soybe-main\data\com_fundo\RGB_JPG_IMPUREZAS\grao_DSC_0293_id229.png,RGB_JPG_IMPUREZAS,RGB_JPG_IMPUREZAS
C:\Users\eduar\Desktop\Soybe-main\data\com_fundo\RGB_JPG_IMPUREZAS\grao_DSC_0293_id23.png,RGB_JPG_IMPUREZAS,RGB_JPG_IMPUREZAS
C:\Users\eduar\Desktop\Soybe-main\data\com_fundo\RGB_JPG_IMPUREZAS\grao_DSC_0293_id230.png,RGB_JPG_IMPUREZAS,RGB_JPG_IMPUREZAS
C:\Users\eduar\Desktop\Soybe-main\data\com_fundo\RGB_JPG_IMPUREZAS\grao_DSC_0293_id231.png,RGB_JPG_IMPUREZAS,RGB_JPG_IMPUREZAS
C:\Users\eduar\Desktop\Soybe-main\data\com_fundo\RGB_JPG_IMPUREZAS\grao_DSC_0293_id232.png,RGB_JPG_IMPUREZAS,RGB_JPG_IMPUREZAS
C:\Users\eduar\Desktop\Soybe-main\data\com_fundo\RGB_JPG_IMPUREZAS\grao_DSC_0293_id233.png,RGB_JPG_IMPUREZAS,RGB_JPG_IMPUREZAS
C:\Users\eduar\Desktop\Soybe-main\data\com_fundo\RGB_JPG_IMPUREZAS\grao_DSC_0293_id234.png,RGB_JPG_IMPUREZAS,RGB_JPG_IMPUREZAS
C:\Users\eduar\Desktop\Soybe-main\data\com_fundo\RGB_JPG_IMPUREZAS\grao_DSC_0293_id235.png,RGB_JPG_IMPUREZAS,RGB_JPG_IMPUREZAS
C:\Users\eduar\Desktop\Soybe-main\data\com_fundo\RGB_JPG_IMPUREZAS\grao_DSC_0293_id237.png,RGB_JPG_IMPUREZAS,RGB_JPG_IMPUREZAS
C:\Users\eduar\Desktop\Soybe-main\data\com_fundo\RGB_JPG_IMPUREZAS\grao_DSC_0293_id238.png,RGB_JPG_IMPUREZAS,RGB_JPG_IMPUREZAS
C:\Users\eduar\Desktop\Soybe-main\data\com_fundo\RGB_JPG_IMPUREZAS\grao_DSC_0293_id239.png,RGB_JPG_IMPUREZAS,RGB_JPG_IMPUREZAS
C:\Users\eduar\Desktop\Soybe-main\data\com_fundo\RGB_JPG_IMPUREZAS\grao_DSC_0293_id241.png,RGB_JPG_IMPUREZAS,RGB_JPG_IMPUREZAS
C:\Users\eduar\Desktop\Soybe-main\data\com_fundo\RGB_JPG_IMPUREZAS\grao_DSC_0293_id244.png,RGB_JPG_IMPUREZAS,RGB_JPG_IMPUREZAS
C:\Users\eduar\Desktop\Soybe-main\data\com_fundo\RGB_JPG_IMPUREZAS\grao_DSC_0293_id247.png,RGB_JPG_IMPUREZAS,RGB_JPG_IMPUREZAS
C:\Users\eduar\Desktop\Soybe-main\data\com_fundo\RGB_JPG_IMPUREZAS\grao_DSC_0293_id249.png,RGB_JPG_IMPUREZAS,RGB_JPG_IMPUREZAS
C:\Users\eduar\Desktop\Soybe-main\data\com_fundo\RGB_JPG_IMPUREZAS\grao_DSC_0293_id251.png,RGB_JPG_IMPUREZAS,RGB_JPG_IMPUREZAS
C:\Users\eduar\Desktop\Soybe-main\data\com_fundo\RGB_JPG_IMPUREZAS\grao_DSC_0293_id252.png,RGB_JPG_IMPUREZAS,RGB_JPG_IMPUREZAS
C:\Users\eduar\Desktop\Soybe-main\data\com_fundo\RGB_JPG_IMPUREZAS\grao_DSC_0293_id254.png,RGB_JPG_IMPUREZAS,RGB_JPG_IMPUREZAS
C:\Users\eduar\Desktop\Soybe-main\data\com_fundo\RGB_JPG_IMPUREZAS\grao_DSC_0293_id255.png,RGB_JPG_IMPUREZAS,RGB_JPG_IMPUREZAS
C:\Users\eduar\Desktop\Soybe-main\data\com_fundo\RGB_JPG_IMPUREZAS\grao_DSC_0293_id256.png,RGB_JPG_IMPUREZAS,RGB_JPG_IMPUREZAS
C:\Users\eduar\Desktop\Soybe-main\data\com_fundo\RGB_JPG_IMPUREZAS\grao_DSC_0293_id257.png,RGB_JPG_IMPUREZAS,RGB_JPG_IMPUREZAS
C:\Users\eduar\Desktop\Soybe-main\data\com_fundo\RGB_JPG_IMPUREZAS\grao_DSC_0293_id258.png,RGB_JPG_IMPUREZAS,RGB_JPG_IMPUREZAS
C:\Users\eduar\Desktop\Soybe-main\data\com_fundo\RGB_JPG_IMPUREZAS\grao_DSC_0293_id259.png,RGB_JPG_IMPUREZAS,RGB_JPG_IMPUREZAS
C:\Users\eduar\Desktop\Soybe-main\data\com_fundo\RGB_JPG_IMPUREZAS\grao_DSC_0293_id26.png,RGB_JPG_IMPUREZAS,RGB_JPG_IMPUREZAS
C:\Users\eduar\Desktop\Soybe-main\data\com_fundo\RGB_JPG_IMPUREZAS\grao_DSC_0293_id260.png,RGB_JPG_IMPUREZAS,RGB_JPG_IMPUREZAS
C:\Users\eduar\Desktop\Soybe-main\data\com_fundo\RGB_JPG_IMPUREZAS\grao_DSC_0293_id261.png,RGB_JPG_IMPUREZAS,RGB_JPG_IMPUREZAS
C:\Users\eduar\Desktop\Soybe-main\data\com_fundo\RGB_JPG_IMPUREZAS\grao_DSC_0293_id262.png,RGB_JPG_IMPUREZAS,RGB_JPG_IMPUREZAS
C:\Users\eduar\Desktop\Soybe-main\data\com_fundo\RGB_JPG_IMPUREZAS\grao_DSC_0293_id263.png,RGB_JPG_IMPUREZAS,RGB_JPG_IMPUREZAS
C:\Users\eduar\Desktop\Soybe-main\data\com_fundo\RGB_JPG_IMPUREZAS\grao_DSC_0293_id264.png,RGB_JPG_IMPUREZAS,RGB_JPG_IMPUREZAS
C:\Users\eduar\Desktop\Soybe-main\data\com_fundo\RGB_JPG_IMPUREZAS\grao_DSC_0293_id267.png,RGB_JPG_IMPUREZAS,RGB_JPG_IMPUREZAS
C:\Users\eduar\Desktop\Soybe-main\data\com_fundo\RGB_JPG_IMPUREZAS\grao_DSC_0293_id268.png,RGB_JPG_IMPUREZAS,RGB_JPG_IMPUREZAS
C:\Users\eduar\Desktop\Soybe-main\data\com_fundo\RGB_JPG_IMPUREZAS\grao_DSC_0293_id27.png,RGB_JPG_IMPUREZAS,RGB_JPG_IMPUREZAS
C:\Users\eduar\Desktop\Soybe-main\data\com_fundo\RGB_JPG_IMPUREZAS\grao_DSC_0293_id270.png,RGB_JPG_IMPUREZAS,RGB_JPG_IMPUREZAS
C:\Users\eduar\Desktop\Soybe-main\data\com_fundo\RGB_JPG_IMPUREZAS\grao_DSC_0293_id272.png,RGB_JPG_IMPUREZAS,RGB_JPG_IMPUREZAS
C:\Users\eduar\Desktop\Soybe-main\data\com_fundo\RGB_JPG_IMPUREZAS\grao_DSC_0293_id274.png,RGB_JPG_IMPUREZAS,RGB_JPG_IMPUREZAS
C:\Users\eduar\Desktop\Soybe-main\data\com_fundo\RGB_JPG_IMPUREZAS\grao_DSC_0293_id275.png,RGB_JPG_IMPUREZAS,RGB_JPG_IMPUREZAS
C:\Users\eduar\Desktop\Soybe-main\data\com_fundo\RGB_JPG_IMPUREZAS\grao_DSC_0293_id278.png,RGB_JPG_IMPUREZAS,RGB_JPG_IMPUREZAS
C:\Users\eduar\Desktop\Soybe-main\data\com_fundo\RGB_JPG_IMPUREZAS\grao_DSC_0293_id28.png,RGB_JPG_IMPUREZAS,RGB_JPG_IMPUREZAS
C:\Users\eduar\Desktop\Soybe-main\data\com_fundo\RGB_JPG_IMPUREZAS\grao_DSC_0293_id280.png,RGB_JPG_IMPUREZAS,RGB_JPG_IMPUREZAS
C:\Users\eduar\Desktop\Soybe-main\data\com_fundo\RGB_JPG_IMPUREZAS\grao_DSC_0293_id282.png,RGB_JPG_IMPUREZAS,RGB_JPG_IMPUREZAS
C:\Users\eduar\Desktop\Soybe-main\data\com_fundo\RGB_JPG_IMPUREZAS\grao_DSC_0293_id286.png,RGB_JPG_IMPUREZAS,RGB_JPG_IMPUREZAS
C:\Users\eduar\Desktop\Soybe-main\data\com_fundo\RGB_JPG_IMPUREZAS\grao_DSC_0293_id288.png,RGB_JPG_IMPUREZAS,RGB_JPG_IMPUREZAS
C:\Users\eduar\Desktop\Soybe-main\data\com_fundo\RGB_JPG_IMPUREZAS\grao_DSC_0293_id289.png,RGB_JPG_IMPUREZAS,RGB_JPG_IMPUREZAS
C:\Users\eduar\Desktop\Soybe-main\data\com_fundo\RGB_JPG_IMPUREZAS\grao_DSC_0293_id29.png,RGB_JPG_IMPUREZAS,RGB_JPG_IMPUREZAS
C:\Users\eduar\Desktop\Soybe-main\data\com_fundo\RGB_JPG_IMPUREZAS\grao_DSC_0293_id290.png,RGB_JPG_IMPUREZAS,RGB_JPG_IMPUREZAS
C:\Users\eduar\Desktop\Soybe-main\data\com_fundo\RGB_JPG_IMPUREZAS\grao_DSC_0293_id291.png,RGB_JPG_IMPUREZAS,RGB_JPG_IMPUREZAS
C:\Users\eduar\Desktop\Soybe-main\data\com_fundo\RGB_JPG_IMPUREZAS\grao_DSC_0293_id292.png,RGB_JPG_IMPUREZAS,RGB_JPG_IMPUREZAS
C:\Users\eduar\Desktop\Soybe-main\data\com_fundo\RGB_JPG_IMPUREZAS\grao_DSC_0293_id293.png,RGB_JPG_IMPUREZAS,RGB_JPG_IMPUREZAS
C:\Users\eduar\Desktop\Soybe-main\data\com_fundo\RGB_JPG_IMPUREZAS\grao_DSC_0293_id295.png,RGB_JPG_IMPUREZAS,RGB_JPG_IMPUREZAS
C:\Users\eduar\Desktop\Soybe-main\data\com_fundo\RGB_JPG_IMPUREZAS\grao_DSC_0293_id297.png,RGB_JPG_IMPUREZAS,RGB_JPG_IMPUREZAS
C:\Users\eduar\Desktop\Soybe-main\data\com_fundo\RGB_JPG_IMPUREZAS\grao_DSC_0293_id3.png,RGB_JPG_IMPUREZAS,RGB_JPG_IMPUREZAS
C:\Users\eduar\Desktop\Soybe-main\data\com_fundo\RGB_JPG_IMPUREZAS\grao_DSC_0293_id30.png,RGB_JPG_IMPUREZAS,RGB_JPG_IMPUREZAS
C:\Users\eduar\Desktop\Soybe-main\data\com_fundo\RGB_JPG_IMPUREZAS\grao_DSC_0293_id301.png,RGB_JPG_IMPUREZAS,RGB_JPG_IMPUREZAS
C:\Users\eduar\Desktop\Soybe-main\data\com_fundo\RGB_JPG_IMPUREZAS\grao_DSC_0293_id304.png,RGB_JPG_IMPUREZAS,RGB_JPG_IMPUREZAS
C:\Users\eduar\Desktop\Soybe-main\data\com_fundo\RGB_JPG_IMPUREZAS\grao_DSC_0293_id305.png,RGB_JPG_IMPUREZAS,RGB_JPG_IMPUREZAS
C:\Users\eduar\Desktop\Soybe-main\data\com_fundo\RGB_JPG_IMPUREZAS\grao_DSC_0293_id307.png,RGB_JPG_IMPUREZAS,RGB_JPG_IMPUREZAS
C:\Users\eduar\Desktop\Soybe-main\data\com_fundo\RGB_JPG_IMPUREZAS\grao_DSC_0293_id31.png,RGB_JPG_IMPUREZAS,RGB_JPG_IMPUREZAS
C:\Users\eduar\Desktop\Soybe-main\data\com_fundo\RGB_JPG_IMPUREZAS\grao_DSC_0293_id311.png,RGB_JPG_IMPUREZAS,RGB_JPG_IMPUREZAS
C:\Users\eduar\Desktop\Soybe-main\data\com_fundo\RGB_JPG_IMPUREZAS\grao_DSC_0293_id312.png,RGB_JPG_IMPUREZAS,RGB_JPG_IMPUREZAS
C:\Users\eduar\Desktop\Soybe-main\data\com_fundo\RGB_JPG_IMPUREZAS\grao_DSC_0293_id313.png,RGB_JPG_IMPUREZAS,RGB_JPG_IMPUREZAS
C:\Users\eduar\Desktop\Soybe-main\data\com_fundo\RGB_JPG_IMPUREZAS\grao_DSC_0293_id316.png,RGB_JPG_IMPUREZAS,RGB_JPG_IMPUREZAS
C:\Users\eduar\Desktop\Soybe-main\data\com_fundo\RGB_JPG_IMPUREZAS\grao_DSC_0293_id317.png,RGB_JPG_IMPUREZAS,RGB_JPG_IMPUREZAS
C:\Users\eduar\Desktop\Soybe-main\data\com_fundo\RGB_JPG_IMPUREZAS\grao_DSC_0293_id318.png,RGB_JPG_IMPUREZAS,RGB_JPG_IMPUREZAS
C:\Users\eduar\Desktop\Soybe-main\data\com_fundo\RGB_JPG_IMPUREZAS\grao_DSC_0293_id319.png,RGB_JPG_IMPUREZAS,RGB_JPG_IMPUREZAS
C:\Users\eduar\Desktop\Soybe-main\data\com_fundo\RGB_JPG_IMPUREZAS\grao_DSC_0293_id32.png,RGB_JPG_IMPUREZAS,RGB_JPG_IMPUREZAS
C:\Users\eduar\Desktop\Soybe-main\data\com_fundo\RGB_JPG_IMPUREZAS\grao_DSC_0293_id320.png,RGB_JPG_IMPUREZAS,RGB_JPG_IMPUREZAS
C:\Users\eduar\Desktop\Soybe-main\data\com_fundo\RGB_JPG_IMPUREZAS\grao_DSC_0293_id321.png,RGB_JPG_IMPUREZAS,RGB_JPG_IMPUREZAS
C:\Users\eduar\Desktop\Soybe-main\data\com_fundo\RGB_JPG_IMPUREZAS\grao_DSC_0293_id322.png,RGB_JPG_IMPUREZAS,RGB_JPG_IMPUREZAS
C:\Users\eduar\Desktop\Soybe-main\data\com_fundo\RGB_JPG_IMPUREZAS\grao_DSC_0293_id323.png,RGB_JPG_IMPUREZAS,RGB_JPG_IMPUREZAS
C:\Users\eduar\Desktop\Soybe-main\data\com_fundo\RGB_JPG_IMPUREZAS\grao_DSC_0293_id324.png,RGB_JPG_IMPUREZAS,RGB_JPG_IMPUREZAS
C:\Users\eduar\Desktop\Soybe-main\data\com_fundo\RGB_JPG_IMPUREZAS\grao_DSC_0293_id325.png,RGB_JPG_IMPUREZAS,RGB_JPG_IMPUREZAS
C:\Users\eduar\Desktop\Soybe-main\data\com_fundo\RGB_JPG_IMPUREZAS\grao_DSC_0293_id326.png,RGB_JPG_IMPUREZAS,RGB_JPG_IMPUREZAS
C:\Users\eduar\Desktop\Soybe-main\data\com_fundo\RGB_JPG_IMPUREZAS\grao_DSC_0293_id327.png,RGB_JPG_IMPUREZAS,RGB_JPG_IMPUREZAS
C:\Users\eduar\Desktop\Soybe-main\data\com_fundo\RGB_JPG_IMPUREZAS\grao_DSC_0293_id328.png,RGB_JPG_IMPUREZAS,RGB_JPG_IMPUREZAS
C:\Users\eduar\Desktop\Soybe-main\data\com_fundo\RGB_JPG_IMPUREZAS\grao_DSC_0293_id33.png,RGB_JPG_IMPUREZAS,RGB_JPG_IMPUREZAS
C:\Users\eduar\Desktop\Soybe-main\data\com_fundo\RGB_JPG_IMPUREZAS\grao_DSC_0293_id330.png,RGB_JPG_IMPUREZAS,RGB_JPG_IMPUREZAS
C:\Users\eduar\Desktop\Soybe-main\data\com_fundo\RGB_JPG_IMPUREZAS\grao_DSC_0293_id331.png,RGB_JPG_IMPUREZAS,RGB_JPG_IMPUREZAS
C:\Users\eduar\Desktop\Soybe-main\data\com_fundo\RGB_JPG_IMPUREZAS\grao_DSC_0293_id332.png,RGB_JPG_IMPUREZAS,RGB_JPG_IMPUREZAS
C:\Users\eduar\Desktop\Soybe-main\data\com_fundo\RGB_JPG_IMPUREZAS\grao_DSC_0293_id334.png,RGB_JPG_IMPUREZAS,RGB_JPG_IMPUREZAS
C:\Users\eduar\Desktop\Soybe-main\data\com_fundo\RGB_JPG_IMPUREZAS\grao_DSC_0293_id344.png,RGB_JPG_IMPUREZAS,RGB_JPG_IMPUREZAS
C:\Users\eduar\Desktop\Soybe-main\data\com_fundo\RGB_JPG_IMPUREZAS\grao_DSC_0293_id345.png,RGB_JPG_IMPUREZAS,RGB_JPG_IMPUREZAS
C:\Users\eduar\Desktop\Soybe-main\data\com_fundo\RGB_JPG_IMPUREZAS\grao_DSC_0293_id346.png,RGB_JPG_IMPUREZAS,RGB_JPG_IMPUREZAS
C:\Users\eduar\Desktop\Soybe-main\data\com_fundo\RGB_JPG_IMPUREZAS\grao_DSC_0293_id347.png,RGB_JPG_IMPUREZAS,RGB_JPG_IMPUREZAS
C:\Users\eduar\Desktop\Soybe-main\data\com_fundo\RGB_JPG_IMPUREZAS\grao_DSC_0293_id348.png,RGB_JPG_IMPUREZAS,RGB_JPG_IMPUREZAS
C:\Users\eduar\Desktop\Soybe-main\data\com_fundo\RGB_JPG_IMPUREZAS\grao_DSC_0293_id349.png,RGB_JPG_IMPUREZAS,RGB_JPG_IMPUREZAS
C:\Users\eduar\Desktop\Soybe-main\data\com_fundo\RGB_JPG_IMPUREZAS\grao_DSC_0293_id350.png,RGB_JPG_IMPUREZAS,RGB_JPG_IMPUREZAS
C:\Users\eduar\Desktop\Soybe-main\data\com_fundo\RGB_JPG_IMPUREZAS\grao_DSC_0293_id353.png,RGB_JPG_IMPUREZAS,RGB_JPG_IMPUREZAS
C:\Users\eduar\Desktop\Soybe-main\data\com_fundo\RGB_JPG_IMPUREZAS\grao_DSC_0293_id354.png,RGB_JPG_IMPUREZAS,RGB_JPG_IMPUREZAS
C:\Users\eduar\Desktop\Soybe-main\data\com_fundo\RGB_JPG_IMPUREZAS\grao_DSC_0293_id355.png,RGB_JPG_IMPUREZAS,RGB_JPG_IMPUREZAS
C:\Users\eduar\Desktop\Soybe-main\data\com_fundo\RGB_JPG_IMPUREZAS\grao_DSC_0293_id356.png,RGB_JPG_IMPUREZAS,RGB_JPG_IMPUREZAS
C:\Users\eduar\Desktop\Soybe-main\data\com_fundo\RGB_JPG_IMPUREZAS\grao_DSC_0293_id358.png,RGB_JPG_IMPUREZAS,RGB_JPG_IMPUREZAS
C:\Users\eduar\Desktop\Soybe-main\data\com_fundo\RGB_JPG_IMPUREZAS\grao_DSC_0293_id359.png,RGB_JPG_IMPUREZAS,RGB_JPG_IMPUREZAS
C:\Users\eduar\Desktop\Soybe-main\data\com_fundo\RGB_JPG_IMPUREZAS\grao_DSC_0293_id36.png,RGB_JPG_IMPUREZAS,RGB_JPG_IMPUREZAS
C:\Users\eduar\Desktop\Soybe-main\data\com_fundo\RGB_JPG_IMPUREZAS\grao_DSC_0293_id362.png,RGB_JPG_IMPUREZAS,RGB_JPG_IMPUREZAS
C:\Users\eduar\Desktop\Soybe-main\data\com_fundo\RGB_JPG_IMPUREZAS\grao_DSC_0293_id365.png,RGB_JPG_IMPUREZAS,RGB_JPG_IMPUREZAS
C:\Users\eduar\Desktop\Soybe-main\data\com_fundo\RGB_JPG_IMPUREZAS\grao_DSC_0293_id366.png,RGB_JPG_IMPUREZAS,RGB_JPG_IMPUREZAS
C:\Users\eduar\Desktop\Soybe-main\data\com_fundo\RGB_JPG_IMPUREZAS\grao_DSC_0293_id367.png,RGB_JPG_IMPUREZAS,RGB_JPG_IMPUREZAS
C:\Users\eduar\Desktop\Soybe-main\data\com_fundo\RGB_JPG_IMPUREZAS\grao_DSC_0293_id37.png,RGB_JPG_IMPUREZAS,RGB_JPG_IMPUREZAS
C:\Users\eduar\Desktop\Soybe-main\data\com_fundo\RGB_JPG_IMPUREZAS\grao_DSC_0293_id373.png,RGB_JPG_IMPUREZAS,RGB_JPG_IMPUREZAS
C:\Users\eduar\Desktop\Soybe-main\data\com_fundo\RGB_JPG_IMPUREZAS\grao_DSC_0293_id374.png,RGB_JPG_IMPUREZAS,RGB_JPG_IMPUREZAS
C:\Users\eduar\Desktop\Soybe-main\data\com_fundo\RGB_JPG_IMPUREZAS\grao_DSC_0293_id376.png,RGB_JPG_IMPUREZAS,RGB_JPG_IMPUREZAS
C:\Users\eduar\Desktop\Soybe-main\data\com_fundo\RGB_JPG_IMPUREZAS\grao_DSC_0293_id377.png,RGB_JPG_IMPUREZAS,RGB_JPG_IMPUREZAS
C:\Users\eduar\Desktop\Soybe-main\data\com_fundo\RGB_JPG_IMPUREZAS\grao_DSC_0293_id378.png,RGB_JPG_IMPUREZAS,RGB_JPG_IMPUREZAS
C:\Users\eduar\Desktop\Soybe-main\data\com_fundo\RGB_JPG_IMPUREZAS\grao_DSC_0293_id379.png,RGB_JPG_IMPUREZAS,RGB_JPG_IMPUREZAS
C:\Users\eduar\Desktop\Soybe-main\data\com_fundo\RGB_JPG_IMPUREZAS\grao_DSC_0293_id380.png,RGB_JPG_IMPUREZAS,RGB_JPG_IMPUREZAS
C:\Users\eduar\Desktop\Soybe-main\data\com_fundo\RGB_JPG_IMPUREZAS\grao_DSC_0293_id381.png,RGB_JPG_IMPUREZAS,RGB_JPG_IMPUREZAS
C:\Users\eduar\Desktop\Soybe-main\data\com_fundo\RGB_JPG_IMPUREZAS\grao_DSC_0293_id382.png,RGB_JPG_IMPUREZAS,RGB_JPG_IMPUREZAS
C:\Users\eduar\Desktop\Soybe-main\data\com_fundo\RGB_JPG_IMPUREZAS\grao_DSC_0293_id383.png,RGB_JPG_IMPUREZAS,RGB_JPG_IMPUREZAS
C:\Users\eduar\Desktop\Soybe-main\data\com_fundo\RGB_JPG_IMPUREZAS\grao_DSC_0293_id384.png,RGB_JPG_IMPUREZAS,RGB_JPG_IMPUREZAS
C:\Users\eduar\Desktop\Soybe-main\data\com_fundo\RGB_JPG_IMPUREZAS\grao_DSC_0293_id385.png,RGB_JPG_IMPUREZAS,RGB_JPG_IMPUREZAS
C:\Users\eduar\Desktop\Soybe-main\data\com_fundo\RGB_JPG_IMPUREZAS\grao_DSC_0293_id387.png,RGB_JPG_IMPUREZAS,RGB_JPG_IMPUREZAS
C:\Users\eduar\Desktop\Soybe-main\data\com_fundo\RGB_JPG_IMPUREZAS\grao_DSC_0293_id39.png,RGB_JPG_IMPUREZAS,RGB_JPG_IMPUREZAS
C:\Users\eduar\Desktop\Soybe-main\data\com_fundo\RGB_JPG_IMPUREZAS\grao_DSC_0293_id391.png,RGB_JPG_IMPUREZAS,RGB_JPG_IMPUREZAS
C:\Users\eduar\Desktop\Soybe-main\data\com_fundo\RGB_JPG_IMPUREZAS\grao_DSC_0293_id395.png,RGB_JPG_IMPUREZAS,RGB_JPG_IMPUREZAS
C:\Users\eduar\Desktop\Soybe-main\data\com_fundo\RGB_JPG_IMPUREZAS\grao_DSC_0293_id397.png,RGB_JPG_IMPUREZAS,RGB_JPG_IMPUREZAS
C:\Users\eduar\Desktop\Soybe-main\data\com_fundo\RGB_JPG_IMPUREZAS\grao_DSC_0293_id399.png,RGB_JPG_IMPUREZAS,RGB_JPG_IMPUREZAS
C:\Users\eduar\Desktop\Soybe-main\data\com_fundo\RGB_JPG_IMPUREZAS\grao_DSC_0293_id4.png,RGB_JPG_IMPUREZAS,RGB_JPG_IMPUREZAS
C:\Users\eduar\Desktop\Soybe-main\data\com_fundo\RGB_JPG_IMPUREZAS\grao_DSC_0293_id40.png,RGB_JPG_IMPUREZAS,RGB_JPG_IMPUREZAS
C:\Users\eduar\Desktop\Soybe-main\data\com_fundo\RGB_JPG_IMPUREZAS\grao_DSC_0293_id400.png,RGB_JPG_IMPUREZAS,RGB_JPG_IMPUREZAS
C:\Users\eduar\Desktop\Soybe-main\data\com_fundo\RGB_JPG_IMPUREZAS\grao_DSC_0293_id402.png,RGB_JPG_IMPUREZAS,RGB_JPG_IMPUREZAS
C:\Users\eduar\Desktop\Soybe-main\data\com_fundo\RGB_JPG_IMPUREZAS\grao_DSC_0293_id403.png,RGB_JPG_IMPUREZAS,RGB_JPG_IMPUREZAS
C:\Users\eduar\Desktop\Soybe-main\data\com_fundo\RGB_JPG_IMPUREZAS\grao_DSC_0293_id405.png,RGB_JPG_IMPUREZAS,RGB_JPG_IMPUREZAS
C:\Users\eduar\Desktop\Soybe-main\data\com_fundo\RGB_JPG_IMPUREZAS\grao_DSC_0293_id42.png,RGB_JPG_IMPUREZAS,RGB_JPG_IMPUREZAS
C:\Users\eduar\Desktop\Soybe-main\data\com_fundo\RGB_JPG_IMPUREZAS\grao_DSC_0293_id43.png,RGB_JPG_IMPUREZAS,RGB_JPG_IMPUREZAS
C:\Users\eduar\Desktop\Soybe-main\data\com_fundo\RGB_JPG_IMPUREZAS\grao_DSC_0293_id44.png,RGB_JPG_IMPUREZAS,RGB_JPG_IMPUREZAS
C:\Users\eduar\Desktop\Soybe-main\data\com_fundo\RGB_JPG_IMPUREZAS\grao_DSC_0293_id48.png,RGB_JPG_IMPUREZAS,RGB_JPG_IMPUREZAS
C:\Users\eduar\Desktop\Soybe-main\data\com_fundo\RGB_JPG_IMPUREZAS\grao_DSC_0293_id50.png,RGB_JPG_IMPUREZAS,RGB_JPG_IMPUREZAS
C:\Users\eduar\Desktop\Soybe-main\data\com_fundo\RGB_JPG_IMPUREZAS\grao_DSC_0293_id54.png,RGB_JPG_IMPUREZAS,RGB_JPG_IMPUREZAS
C:\Users\eduar\Desktop\Soybe-main\data\com_fundo\RGB_JPG_IMPUREZAS\grao_DSC_0293_id55.png,RGB_JPG_IMPUREZAS,RGB_JPG_IMPUREZAS
C:\Users\eduar\Desktop\Soybe-main\data\com_fundo\RGB_JPG_IMPUREZAS\grao_DSC_0293_id57.png,RGB_JPG_IMPUREZAS,RGB_JPG_IMPUREZAS
C:\Users\eduar\Desktop\Soybe-main\data\com_fundo\RGB_JPG_IMPUREZAS\grao_DSC_0293_id58.png,RGB_JPG_IMPUREZAS,RGB_JPG_IMPUREZAS
C:\Users\eduar\Desktop\Soybe-main\data\com_fundo\RGB_JPG_IMPUREZAS\grao_DSC_0293_id59.png,RGB_JPG_IMPUREZAS,RGB_JPG_IMPUREZAS
C:\Users\eduar\Desktop\Soybe-main\data\com_fundo\RGB_JPG_IMPUREZAS\grao_DSC_0293_id60.png,RGB_JPG_IMPUREZAS,RGB_JPG_IMPUREZAS
C:\Users\eduar\Desktop\Soybe-main\data\com_fundo\RGB_JPG_IMPUREZAS\grao_DSC_0293_id61.png,RGB_JPG_IMPUREZAS,RGB_JPG_IMPUREZAS
C:\Users\eduar\Desktop\Soybe-main\data\com_fundo\RGB_JPG_IMPUREZAS\grao_DSC_0293_id62.png,RGB_JPG_IMPUREZAS,RGB_JPG_IMPUREZAS
C:\Users\eduar\Desktop\Soybe-main\data\com_fundo\RGB_JPG_IMPUREZAS\grao_DSC_0293_id63.png,RGB_JPG_IMPUREZAS,RGB_JPG_IMPUREZAS
C:\Users\eduar\Desktop\Soybe-main\data\com_fundo\RGB_JPG_IMPUREZAS\grao_DSC_0293_id64.png,RGB_JPG_IMPUREZAS,RGB_JPG_IMPUREZAS
C:\Users\eduar\Desktop\Soybe-main\data\com_fundo\RGB_JPG_IMPUREZAS\grao_DSC_0293_id65.png,RGB_JPG_IMPUREZAS,RGB_JPG_IMPUREZAS
C:\Users\eduar\Desktop\Soybe-main\data\com_fundo\RGB_JPG_IMPUREZAS\grao_DSC_0293_id66.png,RGB_JPG_IMPUREZAS,RGB_JPG_IMPUREZAS
C:\Users\eduar\Desktop\Soybe-main\data\com_fundo\RGB_JPG_IMPUREZAS\grao_DSC_0293_id68.png,RGB_JPG_IMPUREZAS,RGB_JPG_IMPUREZAS
C:\Users\eduar\Desktop\Soybe-main\data\com_fundo\RGB_JPG_IMPUREZAS\grao_DSC_0293_id7.png,RGB_JPG_IMPUREZAS,RGB_JPG_IMPUREZAS
C:\Users\eduar\Desktop\Soybe-main\data\com_fundo\RGB_JPG_IMPUREZAS\grao_DSC_0293_id70.png,RGB_JPG_IMPUREZAS,RGB_JPG_IMPUREZAS
C:\Users\eduar\Desktop\Soybe-main\data\com_fundo\RGB_JPG_IMPUREZAS\grao_DSC_0293_id73.png,RGB_JPG_IMPUREZAS,RGB_JPG_IMPUREZAS
C:\Users\eduar\Desktop\Soybe-main\data\com_fundo\RGB_JPG_IMPUREZAS\grao_DSC_0293_id77.png,RGB_JPG_IMPUREZAS,RGB_JPG_IMPUREZAS
C:\Users\eduar\Desktop\Soybe-main\data\com_fundo\RGB_JPG_IMPUREZAS\grao_DSC_0293_id83.png,RGB_JPG_IMPUREZAS,RGB_JPG_IMPUREZAS
C:\Users\eduar\Desktop\Soybe-main\data\com_fundo\RGB_JPG_IMPUREZAS\grao_DSC_0293_id85.png,RGB_JPG_IMPUREZAS,RGB_JPG_IMPUREZAS
C:\Users\eduar\Desktop\Soybe-main\data\com_fundo\RGB_JPG_IMPUREZAS\grao_DSC_0293_id88.png,RGB_JPG_IMPUREZAS,RGB_JPG_IMPUREZAS
C:\Users\eduar\Desktop\Soybe-main\data\com_fundo\RGB_JPG_IMPUREZAS\grao_DSC_0293_id89.png,RGB_JPG_IMPUREZAS,RGB_JPG_IMPUREZAS
C:\Users\eduar\Desktop\Soybe-main\data\com_fundo\RGB_JPG_IMPUREZAS\grao_DSC_0293_id90.png,RGB_JPG_IMPUREZAS,RGB_JPG_IMPUREZAS
C:\Users\eduar\Desktop\Soybe-main\data\com_fundo\RGB_JPG_IMPUREZAS\grao_DSC_0293_id91.png,RGB_JPG_IMPUREZAS,RGB_JPG_IMPUREZAS
C:\Users\eduar\Desktop\Soybe-main\data\com_fundo\RGB_JPG_IMPUREZAS\grao_DSC_0293_id92.png,RGB_JPG_IMPUREZAS,RGB_JPG_IMPUREZAS
C:\Users\eduar\Desktop\Soybe-main\data\com_fundo\RGB_JPG_IMPUREZAS\grao_DSC_0293_id93.png,RGB_JPG_IMPUREZAS,RGB_JPG_IMPUREZAS
C:\Users\eduar\Desktop\Soybe-main\data\com_fundo\RGB_JPG_IMPUREZAS\grao_DSC_0293_id94.png,RGB_JPG_IMPUREZAS,RGB_JPG_IMPUREZAS
C:\Users\eduar\Desktop\Soybe-main\data\com_fundo\RGB_JPG_IMPUREZAS\grao_DSC_0293_id95.png,RGB_JPG_IMPUREZAS,RGB_JPG_IMPUREZAS
C:\Users\eduar\Desktop\Soybe-main\data\com_fundo\RGB_JPG_IMPUREZAS\grao_DSC_0293_id96.png,RGB_JPG_IMPUREZAS,RGB_JPG_IMPUREZAS
C:\Users\eduar\Desktop\Soybe-main\data\com_fundo\RGB_JPG_IMPUREZAS\grao_DSC_0293_id97.png,RGB_JPG_IMPUREZAS,RGB_JPG_IMPUREZAS
C:\Users\eduar\Desktop\Soybe-main\data\com_fundo\RGB_JPG_IMPUREZAS\grao_DSC_0293_id98.png,RGB_JPG_IMPUREZAS,RGB_JPG_IMPUREZAS
C:\Users\eduar\Desktop\Soybe-main\data\com_fundo\RGB_JPG_IMPUREZAS\grao_DSC_0293_id99.png,RGB_JPG_IMPUREZAS,RGB_JPG_IMPUREZAS
C:\Users\eduar\Desktop\Soybe-main\data\com_fundo\RGB_JPG_INSETOS\grao_DSC_0164_id1.png,RGB_JPG_INSETOS,RGB_JPG_PURPURAS
C:\Users\eduar\Desktop\Soybe-main\data\com_fundo\RGB_JPG_INSETOS\grao_DSC_0164_id10.png,RGB_JPG_INSETOS,RGB_JPG_Normais
C:\Users\eduar\Desktop\Soybe-main\data\com_fundo\RGB_JPG_INSETOS\grao_DSC_0164_id100.png,RGB_JPG_INSETOS,RGB_JPG_Normais
C:\Users\eduar\Desktop\Soybe-main\data\com_fundo\RGB_JPG_INSETOS\grao_DSC_0164_id101.png,RGB_JPG_INSETOS,RGB_JPG_Normais
C:\Users\eduar\Desktop\Soybe-main\data\com_fundo\RGB_JPG_INSETOS\grao_DSC_0164_id102.png,RGB_JPG_INSETOS,RGB_JPG_Normais
C:\Users\eduar\Desktop\Soybe-main\data\com_fundo\RGB_JPG_INSETOS\grao_DSC_0164_id103.png,RGB_JPG_INSETOS,RGB_JPG_Normais
C:\Users\eduar\Desktop\Soybe-main\data\com_fundo\RGB_JPG_INSETOS\grao_DSC_0164_id104.png,RGB_JPG_INSETOS,RGB_JPG_Normais
C:\Users\eduar\Desktop\Soybe-main\data\com_fundo\RGB_JPG_INSETOS\grao_DSC_0164_id105.png,RGB_JPG_INSETOS,RGB_JPG_Normais
C:\Users\eduar\Desktop\Soybe-main\data\com_fundo\RGB_JPG_INSETOS\grao_DSC_0164_id106.png,RGB_JPG_INSETOS,RGB_JPG_INSETOS
C:\Users\eduar\Desktop\Soybe-main\data\com_fundo\RGB_JPG_INSETOS\grao_DSC_0164_id107.png,RGB_JPG_INSETOS,RGB_JPG_CHOCHOS
C:\Users\eduar\Desktop\Soybe-main\data\com_fundo\RGB_JPG_INSETOS\grao_DSC_0164_id108.png,RGB_JPG_INSETOS,RGB_JPG_INSETOS
C:\Users\eduar\Desktop\Soybe-main\data\com_fundo\RGB_JPG_INSETOS\grao_DSC_0164_id109.png,RGB_JPG_INSETOS,RGB_JPG_QUEBRADOS
C:\Users\eduar\Desktop\Soybe-main\data\com_fundo\RGB_JPG_INSETOS\grao_DSC_0164_id11.png,RGB_JPG_INSETOS,RGB_JPG_Normais
C:\Users\eduar\Desktop\Soybe-main\data\com_fundo\RGB_JPG_INSETOS\grao_DSC_0164_id110.png,RGB_JPG_INSETOS,RGB_JPG_Normais
C:\Users\eduar\Desktop\Soybe-main\data\com_fundo\RGB_JPG_INSETOS\grao_DSC_0164_id111.png,RGB_JPG_INSETOS,RGB_JPG_CHOCHOS
C:\Users\eduar\Desktop\Soybe-main\data\com_fundo\RGB_JPG_INSETOS\grao_DSC_0164_id112.png,RGB_JPG_INSETOS,RGB_JPG_INSETOS
C:\Users\eduar\Desktop\Soybe-main\data\com_fundo\RGB_JPG_INSETOS\grao_DSC_0164_id113.png,RGB_JPG_INSETOS,RGB_JPG_Normais
C:\Users\eduar\Desktop\Soybe-main\data\com_fundo\RGB_JPG_INSETOS\grao_DSC_0164_id114.png,RGB_JPG_INSETOS,RGB_JPG_CHOCHOS
C:\Users\eduar\Desktop\Soybe-main\data\com_fundo\RGB_JPG_INSETOS\grao_DSC_0164_id115.png,RGB_JPG_INSETOS,RGB_JPG_Normais
C:\Users\eduar\Desktop\Soybe-main\data\com_fundo\RGB_JPG_INSETOS\grao_DSC_0164_id116.png,RGB_JPG_INSETOS,RGB_JPG_QUEBRADOS
C:\Users\eduar\Desktop\Soybe-main\data\com_fundo\RGB_JPG_INSETOS\grao_DSC_0164_id117.png,RGB_JPG_INSETOS,RGB_JPG_CHOCHOS
C:\Users\eduar\Desktop\Soybe-main\data\com_fundo\RGB_JPG_INSETOS\grao_DSC_0164_id118.png,RGB_JPG_INSETOS,RGB_JPG_CHOCHOS
C:\Users\eduar\Desktop\Soybe-main\data\com_fundo\RGB_JPG_INSETOS\grao_DSC_0164_id119.png,RGB_JPG_INSETOS,RGB_JPG_CHOCHOS
C:\Users\eduar\Desktop\Soybe-main\data\com_fundo\RGB_JPG_INSETOS\grao_DSC_0164_id12.png,RGB_JPG_INSETOS,RGB_JPG_INSETOS
C:\Users\eduar\Desktop\Soybe-main\data\com_fundo\RGB_JPG_INSETOS\grao_DSC_0164_id120.png,RGB_JPG_INSETOS,RGB_JPG_Normais
C:\Users\eduar\Desktop\Soybe-main\data\com_fundo\RGB_JPG_INSETOS\grao_DSC_0164_id121.png,RGB_JPG_INSETOS,RGB_JPG_Normais
C:\Users\eduar\Desktop\Soybe-main\data\com_fundo\RGB_JPG_INSETOS\grao_DSC_0164_id122.png,RGB_JPG_INSETOS,RGB_JPG_Normais
C:\Users\eduar\Desktop\Soybe-main\data\com_fundo\RGB_JPG_INSETOS\grao_DSC_0164_id13.png,RGB_JPG_INSETOS,RGB_JPG_Normais
C:\Users\eduar\Desktop\Soybe-main\data\com_fundo\RGB_JPG_INSETOS\grao_DSC_0164_id14.png,RGB_JPG_INSETOS,RGB_JPG_Normais
C:\Users\eduar\Desktop\Soybe-main\data\com_fundo\RGB_JPG_INSETOS\grao_DSC_0164_id15.png,RGB_JPG_INSETOS,RGB_JPG_Normais
C:\Users\eduar\Desktop\Soybe-main\data\com_fundo\RGB_JPG_INSETOS\grao_DSC_0164_id16.png,RGB_JPG_INSETOS,RGB_JPG_Normais
C:\Users\eduar\Desktop\Soybe-main\data\com_fundo\RGB_JPG_INSETOS\grao_DSC_0164_id17.png,RGB_JPG_INSETOS,RGB_JPG_Normais
C:\Users\eduar\Desktop\Soybe-main\data\com_fundo\RGB_JPG_INSETOS\grao_DSC_0164_id18.png,RGB_JPG_INSETOS,RGB_JPG_Normais
C:\Users\eduar\Desktop\Soybe-main\data\com_fundo\RGB_JPG_INSETOS\grao_DSC_0164_id19.png,RGB_JPG_INSETOS,RGB_JPG_Normais
C:\Users\eduar\Desktop\Soybe-main\data\com_fundo\RGB_JPG_INSETOS\grao_DSC_0164_id2.png,RGB_JPG_INSETOS,RGB_JPG_CHOCHOS
C:\Users\eduar\Desktop\Soybe-main\data\com_fundo\RGB_JPG_INSETOS\grao_DSC_0164_id20.png,RGB_JPG_INSETOS,RGB_JPG_Normais
C:\Users\eduar\Desktop\Soybe-main\data\com_fundo\RGB_JPG_INSETOS\grao_DSC_0164_id21.png,RGB_JPG_INSETOS,RGB_JPG_Normais
C:\Users\eduar\Desktop\Soybe-main\data\com_fundo\RGB_JPG_INSETOS\grao_DSC_0164_id22.png,RGB_JPG_INSETOS,RGB_JPG_Normais
C:\Users\eduar\Desktop\Soybe-main\data\com_fundo\RGB_JPG_INSETOS\grao_DSC_0164_id23.png,RGB_JPG_INSETOS,RGB_JPG_PURPURAS
C:\Users\eduar\Desktop\Soybe-main\data\com_fundo\RGB_JPG_INSETOS\grao_DSC_0164_id24.png,RGB_JPG_INSETOS,RGB_JPG_INSETOS
C:\Users\eduar\Desktop\Soybe-main\data\com_fundo\RGB_JPG_INSETOS\grao_DSC_0164_id25.png,RGB_JPG_INSETOS,RGB_JPG_Normais
C:\Users\eduar\Desktop\Soybe-main\data\com_fundo\RGB_JPG_INSETOS\grao_DSC_0164_id26.png,RGB_JPG_INSETOS,RGB_JPG_Normais
C:\Users\eduar\Desktop\Soybe-main\data\com_fundo\RGB_JPG_INSETOS\grao_DSC_0164_id27.png,RGB_JPG_INSETOS,RGB_JPG_Normais
C:\Users\eduar\Desktop\Soybe-main\data\com_fundo\RGB_JPG_INSETOS\grao_DSC_0164_id28.png,RGB_JPG_INSETOS,RGB_JPG_QUEBRADOS
C:\Users\eduar\Desktop\Soybe-main\data\com_fundo\RGB_JPG_INSETOS\grao_DSC_0164_id29.png,RGB_JPG_INSETOS,RGB_JPG_INSETOS
C:\Users\eduar\Desktop\Soybe-main\data\com_fundo\RGB_JPG_INSETOS\grao_DSC_0164_id3.png,RGB_JPG_INSETOS,RGB_JPG_Normais
C:\Users\eduar\Desktop\Soybe-main\data\com_fundo\RGB_JPG_INSETOS\grao_DSC_0164_id30.png,RGB_JPG_INSETOS,RGB_JPG_INSETOS
C:\Users\eduar\Desktop\Soybe-main\data\com_fundo\RGB_JPG_INSETOS\grao_DSC_0164_id31.png,RGB_JPG_INSETOS,RGB_JPG_PURPURAS
C:\Users\eduar\Desktop\Soybe-main\data\com_fundo\RGB_JPG_INSETOS\grao_DSC_0164_id32.png,RGB_JPG_INSETOS,RGB_JPG_Normais
C:\Users\eduar\Desktop\Soybe-main\data\com_fundo\RGB_JPG_INSETOS\grao_DSC_0164_id33.png,RGB_JPG_INSETOS,RGB_JPG_Normais
C:\Users\eduar\Desktop\Soybe-main\data\com_fundo\RGB_JPG_INSETOS\grao_DSC_0164_id34.png,RGB_JPG_INSETOS,RGB_JPG_Normais
C:\Users\eduar\Desktop\Soybe-main\data\com_fundo\RGB_JPG_INSETOS\grao_DSC_0164_id35.png,RGB_JPG_INSETOS,RGB_JPG_Normais
C:\Users\eduar\Desktop\Soybe-main\data\com_fundo\RGB_JPG_INSETOS\grao_DSC_0164_id36.png,RGB_JPG_INSETOS,RGB_JPG_INSETOS
C:\Users\eduar\Desktop\Soybe-main\data\com_fundo\RGB_JPG_INSETOS\grao_DSC_0164_id37.png,RGB_JPG_INSETOS,RGB_JPG_Normais
C:\Users\eduar\Desktop\Soybe-main\data\com_fundo\RGB_JPG_INSETOS\grao_DSC_0164_id38.png,RGB_JPG_INSETOS,RGB_JPG_INSETOS
C:\Users\eduar\Desktop\Soybe-main\data\com_fundo\RGB_JPG_INSETOS\grao_DSC_0164_id39.png,RGB_JPG_INSETOS,RGB_JPG_PURPURAS
C:\Users\eduar\Desktop\Soybe-main\data\com_fundo\RGB_JPG_INSETOS\grao_DSC_0164_id4.png,RGB_JPG_INSETOS,RGB_JPG_Normais
C:\Users\eduar\Desktop\Soybe-main\data\com_fundo\RGB_JPG_INSETOS\grao_DSC_0164_id40.png,RGB_JPG_INSETOS,RGB_JPG_Normais
C:\Users\eduar\Desktop\Soybe-main\data\com_fundo\RGB_JPG_INSETOS\grao_DSC_0164_id41.png,RGB_JPG_INSETOS,RGB_JPG_Normais
C:\Users\eduar\Desktop\Soybe-main\data\com_fundo\RGB_JPG_INSETOS\grao_DSC_0164_id42.png,RGB_JPG_INSETOS,RGB_JPG_CHOCHOS
C:\Users\eduar\Desktop\Soybe-main\data\com_fundo\RGB_JPG_INSETOS\grao_DSC_0164_id43.png,RGB_JPG_INSETOS,RGB_JPG_INSETOS
C:\Users\eduar\Desktop\Soybe-main\data\com_fundo\RGB_JPG_INSETOS\grao_DSC_0164_id44.png,RGB_JPG_INSETOS,RGB_JPG_Normais
C:\Users\eduar\Desktop\Soybe-main\data\com_fundo\RGB_JPG_INSETOS\grao_DSC_0164_id45.png,RGB_JPG_INSETOS,RGB_JPG_PURPURAS
C:\Users\eduar\Desktop\Soybe-main\data\com_fundo\RGB_JPG_INSETOS\grao_DSC_0164_id48.png,RGB_JPG_INSETOS,RGB_JPG_Normais
C:\Users\eduar\Desktop\Soybe-main\data\com_fundo\RGB_JPG_INSETOS\grao_DSC_0164_id5.png,RGB_JPG_INSETOS,RGB_JPG_Normais
C:\Users\eduar\Desktop\Soybe-main\data\com_fundo\RGB_JPG_INSETOS\grao_DSC_0164_id50.png,RGB_JPG_INSETOS,RGB_JPG_INSETOS
C:\Users\eduar\Desktop\Soybe-main\data\com_fundo\RGB_JPG_INSETOS\grao_DSC_0164_id51.png,RGB_JPG_INSETOS,RGB_JPG_INSETOS
C:\Users\eduar\Desktop\Soybe-main\data\com_fundo\RGB_JPG_INSETOS\grao_DSC_0164_id53.png,RGB_JPG_INSETOS,RGB_JPG_INSETOS
C:\Users\eduar\Desktop\Soybe-main\data\com_fundo\RGB_JPG_INSETOS\grao_DSC_0164_id54.png,RGB_JPG_INSETOS,RGB_JPG_Normais
C:\Users\eduar\Desktop\Soybe-main\data\com_fundo\RGB_JPG_INSETOS\grao_DSC_0164_id55.png,RGB_JPG_INSETOS,RGB_JPG_CHOCHOS
C:\Users\eduar\Desktop\Soybe-main\data\com_fundo\RGB_JPG_INSETOS\grao_DSC_0164_id56.png,RGB_JPG_INSETOS,RGB_JPG_QUEBRADOS
C:\Users\eduar\Desktop\Soybe-main\data\com_fundo\RGB_JPG_INSETOS\grao_DSC_0164_id57.png,RGB_JPG_INSETOS,RGB_JPG_PURPURAS
C:\Users\eduar\Desktop\Soybe-main\data\com_fundo\RGB_JPG_INSETOS\grao_DSC_0164_id58.png,RGB_JPG_INSETOS,RGB_JPG_CHOCHOS
C:\Users\eduar\Desktop\Soybe-main\data\com_fundo\RGB_JPG_INSETOS\grao_DSC_0164_id6.png,RGB_JPG_INSETOS,RGB_JPG_Normais
C:\Users\eduar\Desktop\Soybe-main\data\com_fundo\RGB_JPG_INSETOS\grao_DSC_0164_id60.png,RGB_JPG_INSETOS,RGB_JPG_Normais
C:\Users\eduar\Desktop\Soybe-main\data\com_fundo\RGB_JPG_INSETOS\grao_DSC_0164_id61.png,RGB_JPG_INSETOS,RGB_JPG_Normais
C:\Users\eduar\Desktop\Soybe-main\data\com_fundo\RGB_JPG_INSETOS\grao_DSC_0164_id62.png,RGB_JPG_INSETOS,RGB_JPG_Normais
C:\Users\eduar\Desktop\Soybe-main\data\com_fundo\RGB_JPG_INSETOS\grao_DSC_0164_id63.png,RGB_JPG_INSETOS,RGB_JPG_INSETOS
C:\Users\eduar\Desktop\Soybe-main\data\com_fundo\RGB_JPG_INSETOS\grao_DSC_0164_id64.png,RGB_JPG_INSETOS,RGB_JPG_INSETOS
C:\Users\eduar\Desktop\Soybe-main\data\com_fundo\RGB_JPG_INSETOS\grao_DSC_0164_id65.png,RGB_JPG_INSETOS,RGB_JPG_INSETOS
C:\Users\eduar\Desktop\Soybe-main\data\com_fundo\RGB_JPG_INSETOS\grao_DSC_0164_id66.png,RGB_JPG_INSETOS,RGB_JPG_CHOCHOS
C:\Users\eduar\Desktop\Soybe-main\data\com_fundo\RGB_JPG_INSETOS\grao_DSC_0164_id67.png,RGB_JPG_INSETOS,RGB_JPG_Normais
C:\Users\eduar\Desktop\Soybe-main\data\com_fundo\RGB_JPG_INSETOS\grao_DSC_0164_id68.png,RGB_JPG_INSETOS,RGB_JPG_Normais
C:\Users\eduar\Desktop\Soybe-main\data\com_fundo\RGB_JPG_INSETOS\grao_DSC_0164_id69.png,RGB_JPG_INSETOS,RGB_JPG_Normais
C:\Users\eduar\Desktop\Soybe-main\data\com_fundo\RGB_JPG_INSETOS\grao_DSC_0164_id7.png,RGB_JPG_INSETOS,RGB_JPG_Normais
C:\Users\eduar\Desktop\Soybe-main\data\com_fundo\RGB_JPG_INSETOS\grao_DSC_0164_id70.png,RGB_JPG_INSETOS,RGB_JPG_CHOCHOS
C:\Users\eduar\Desktop\Soybe-main\data\com_fundo\RGB_JPG_INSETOS\grao_DSC_0164_id71.png,RGB_JPG_INSETOS,RGB_JPG_INSETOS
C:\Users\eduar\Desktop\Soybe-main\data\com_fundo\RGB_JPG_INSETOS\grao_DSC_0164_id72.png,RGB_JPG_INSETOS,RGB_JPG_INSETOS
C:\Users\eduar\Desktop\Soybe-main\data\com_fundo\RGB_JPG_INSETOS\grao_DSC_0164_id73.png,RGB_JPG_INSETOS,RGB_JPG_Normais
C:\Users\eduar\Desktop\Soybe-main\data\com_fundo\RGB_JPG_INSETOS\grao_DSC_0164_id74.png,RGB_JPG_INSETOS,RGB_JPG_INSETOS
C:\Users\eduar\Desktop\Soybe-main\data\com_fundo\RGB_JPG_INSETOS\grao_DSC_0164_id75.png,RGB_JPG_INSETOS,RGB_JPG_INSETOS
C:\Users\eduar\Desktop\Soybe-main\data\com_fundo\RGB_JPG_INSETOS\grao_DSC_0164_id76.png,RGB_JPG_INSETOS,RGB_JPG_Normais
C:\Users\eduar\Desktop\Soybe-main\data\com_fundo\RGB_JPG_INSETOS\grao_DSC_0164_id77.png,RGB_JPG_INSETOS,RGB_JPG_CHOCHOS
C:\Users\eduar\Desktop\Soybe-main\data\com_fundo\RGB_JPG_INSETOS\grao_DSC_0164_id78.png,RGB_JPG_INSETOS,RGB_JPG_Normais
C:\Users\eduar\Desktop\Soybe-main\data\com_fundo\RGB_JPG_INSETOS\grao_DSC_0164_id79.png,RGB_JPG_INSETOS,RGB_JPG_Normais
C:\Users\eduar\Desktop\Soybe-main\data\com_fundo\RGB_JPG_INSETOS\grao_DSC_0164_id8.png,RGB_JPG_INSETOS,RGB_JPG_Normais
C:\Users\eduar\Desktop\Soybe-main\data\com_fundo\RGB_JPG_INSETOS\grao_DSC_0164_id80.png,RGB_JPG_INSETOS,RGB_JPG_Normais
C:\Users\eduar\Desktop\Soybe-main\data\com_fundo\RGB_JPG_INSETOS\grao_DSC_0164_id81.png,RGB_JPG_INSETOS,RGB_JPG_Normais
C:\Users\eduar\Desktop\Soybe-main\data\com_fundo\RGB_JPG_INSETOS\grao_DSC_0164_id82.png,RGB_JPG_INSETOS,RGB_JPG_Normais
C:\Users\eduar\Desktop\Soybe-main\data\com_fundo\RGB_JPG_INSETOS\grao_DSC_0164_id83.png,RGB_JPG_INSETOS,RGB_JPG_Normais
C:\Users\eduar\Desktop\Soybe-main\data\com_fundo\RGB_JPG_INSETOS\grao_DSC_0164_id84.png,RGB_JPG_INSETOS,RGB_JPG_Normais
C:\Users\eduar\Desktop\Soybe-main\data\com_fundo\RGB_JPG_INSETOS\grao_DSC_0164_id85.png,RGB_JPG_INSETOS,RGB_JPG_PURPURAS
C:\Users\eduar\Desktop\Soybe-main\data\com_fundo\RGB_JPG_INSETOS\grao_DSC_0164_id87.png,RGB_JPG_INSETOS,RGB_JPG_INSETOS
C:\Users\eduar\Desktop\Soybe-main\data\com_fundo\RGB_JPG_INSETOS\grao_DSC_0164_id88.png,RGB_JPG_INSETOS,RGB_JPG_Normais
C:\Users\eduar\Desktop\Soybe-main\data\com_fundo\RGB_JPG_INSETOS\grao_DSC_0164_id89.png,RGB_JPG_INSETOS,RGB_JPG_Normais
C:\Users\eduar\Desktop\Soybe-main\data\com_fundo\RGB_JPG_INSETOS\grao_DSC_0164_id9.png,RGB_JPG_INSETOS,RGB_JPG_Normais
C:\Users\eduar\Desktop\Soybe-main\data\com_fundo\RGB_JPG_INSETOS\grao_DSC_0164_id90.png,RGB_JPG_INSETOS,RGB_JPG_CHOCHOS
C:\Users\eduar\Desktop\Soybe-main\data\com_fundo\RGB_JPG_INSETOS\grao_DSC_0164_id91.png,RGB_JPG_INSETOS,RGB_JPG_CHOCHOS
C:\Users\eduar\Desktop\Soybe-main\data\com_fundo\RGB_JPG_INSETOS\grao_DSC_0164_id92.png,RGB_JPG_INSETOS,RGB_JPG_QUEBRADOS
C:\Users\eduar\Desktop\Soybe-main\data\com_fundo\RGB_JPG_INSETOS\grao_DSC_0164_id93.png,RGB_JPG_INSETOS,RGB_JPG_Normais
C:\Users\eduar\Desktop\Soybe-main\data\com_fundo\RGB_JPG_INSETOS\grao_DSC_0164_id94.png,RGB_JPG_INSETOS,RGB_JPG_Normais
C:\Users\eduar\Desktop\Soybe-main\data\com_fundo\RGB_JPG_INSETOS\grao_DSC_0164_id95.png,RGB_JPG_INSETOS,RGB_JPG_Normais
C:\Users\eduar\Desktop\Soybe-main\data\com_fundo\RGB_JPG_INSETOS\grao_DSC_0164_id96.png,RGB_JPG_INSETOS,RGB_JPG_CHOCHOS
C:\Users\eduar\Desktop\Soybe-main\data\com_fundo\RGB_JPG_INSETOS\grao_DSC_0164_id97.png,RGB_JPG_INSETOS,RGB_JPG_Normais
C:\Users\eduar\Desktop\Soybe-main\data\com_fundo\RGB_JPG_INSETOS\grao_DSC_0164_id98.png,RGB_JPG_INSETOS,RGB_JPG_Normais
C:\Users\eduar\Desktop\Soybe-main\data\com_fundo\RGB_JPG_INSETOS\grao_DSC_0164_id99.png,RGB_JPG_INSETOS,RGB_JPG_INSETOS
C:\Users\eduar\Desktop\Soybe-main\data\com_fundo\RGB_JPG_MAMONAS\grao_DSC_0186_id1.png,RGB_JPG_MAMONAS,RGB_JPG_MAMONAS
C:\Users\eduar\Desktop\Soybe-main\data\com_fundo\RGB_JPG_MAMONAS\grao_DSC_0186_id12.png,RGB_JPG_MAMONAS,RGB_JPG_MAMONAS
C:\Users\eduar\Desktop\Soybe-main\data\com_fundo\RGB_JPG_MAMONAS\grao_DSC_0186_id13.png,RGB_JPG_MAMONAS,RGB_JPG_MAMONAS
C:\Users\eduar\Desktop\Soybe-main\data\com_fundo\RGB_JPG_MAMONAS\grao_DSC_0186_id14.png,RGB_JPG_MAMONAS,RGB_JPG_MAMONAS
C:\Users\eduar\Desktop\Soybe-main\data\com_fundo\RGB_JPG_MAMONAS\grao_DSC_0186_id15.png,RGB_JPG_MAMONAS,RGB_JPG_MAMONAS
C:\Users\eduar\Desktop\Soybe-main\data\com_fundo\RGB_JPG_MAMONAS\grao_DSC_0186_id19.png,RGB_JPG_MAMONAS,RGB_JPG_MAMONAS
C:\Users\eduar\Desktop\Soybe-main\data\com_fundo\RGB_JPG_MAMONAS\grao_DSC_0186_id2.png,RGB_JPG_MAMONAS,RGB_JPG_MAMONAS
C:\Users\eduar\Desktop\Soybe-main\data\com_fundo\RGB_JPG_MAMONAS\grao_DSC_0186_id20.png,RGB_JPG_MAMONAS,RGB_JPG_MAMONAS
C:\Users\eduar\Desktop\Soybe-main\data\com_fundo\RGB_JPG_MAMONAS\grao_DSC_0186_id21.png,RGB_JPG_MAMONAS,RGB_JPG_MAMONAS
C:\Users\eduar\Desktop\Soybe-main\data\com_fundo\RGB_JPG_MAMONAS\grao_DSC_0186_id24.png,RGB_JPG_MAMONAS,RGB_JPG_MAMONAS
C:\Users\eduar\Desktop\Soybe-main\data\com_fundo\RGB_JPG_MAMONAS\grao_DSC_0186_id26.png,RGB_JPG_MAMONAS,RGB_JPG_MAMONAS
C:\Users\eduar\Desktop\Soybe-main\data\com_fundo\RGB_JPG_MAMONAS\grao_DSC_0186_id27.png,RGB_JPG_MAMONAS,RGB_JPG_MAMONAS
C:\Users\eduar\Desktop\Soybe-main\data\com_fundo\RGB_JPG_MAMONAS\grao_DSC_0186_id28.png,RGB_JPG_MAMONAS,RGB_JPG_MAMONAS
C:\Users\eduar\Desktop\Soybe-main\data\com_fundo\RGB_JPG_MAMONAS\grao_DSC_0186_id3.png,RGB_JPG_MAMONAS,RGB_JPG_MAMONAS
C:\Users\eduar\Desktop\Soybe-main\data\com_fundo\RGB_JPG_MAMONAS\grao_DSC_0186_id30.png,RGB_JPG_MAMONAS,RGB_JPG_MAMONAS
C:\Users\eduar\Desktop\Soybe-main\data\com_fundo\RGB_JPG_MAMONAS\grao_DSC_0186_id32.png,RGB_JPG_MAMONAS,RGB_JPG_MAMONAS
C:\Users\eduar\Desktop\Soybe-main\data\com_fundo\RGB_JPG_MAMONAS\grao_DSC_0186_id33.png,RGB_JPG_MAMONAS,RGB_JPG_MAMONAS
C:\Users\eduar\Desktop\Soybe-main\data\com_fundo\RGB_JPG_MAMONAS\grao_DSC_0186_id34.png,RGB_JPG_MAMONAS,RGB_JPG_MAMONAS
C:\Users\eduar\Desktop\Soybe-main\data\com_fundo\RGB_JPG_MAMONAS\grao_DSC_0186_id35.png,RGB_JPG_MAMONAS,RGB_JPG_MAMONAS
C:\Users\eduar\Desktop\Soybe-main\data\com_fundo\RGB_JPG_MAMONAS\grao_DSC_0186_id36.png,RGB_JPG_MAMONAS,RGB_JPG_MAMONAS
C:\Users\eduar\Desktop\Soybe-main\data\com_fundo\RGB_JPG_MAMONAS\grao_DSC_0186_id37.png,RGB_JPG_MAMONAS,RGB_JPG_MAMONAS
C:\Users\eduar\Desktop\Soybe-main\data\com_fundo\RGB_JPG_MAMONAS\grao_DSC_0186_id38.png,RGB_JPG_MAMONAS,RGB_JPG_MAMONAS
C:\Users\eduar\Desktop\Soybe-main\data\com_fundo\RGB_JPG_MAMONAS\grao_DSC_0186_id4.png,RGB_JPG_MAMONAS,RGB_JPG_MAMONAS
C:\Users\eduar\Desktop\Soybe-main\data\com_fundo\RGB_JPG_MAMONAS\grao_DSC_0186_id40.png,RGB_JPG_MAMONAS,RGB_JPG_MAMONAS
C:\Users\eduar\Desktop\Soybe-main\data\com_fundo\RGB_JPG_MAMONAS\grao_DSC_0186_id41.png,RGB_JPG_MAMONAS,RGB_JPG_MAMONAS
C:\Users\eduar\Desktop\Soybe-main\data\com_fundo\RGB_JPG_MAMONAS\grao_DSC_0186_id43.png,RGB_JPG_MAMONAS,RGB_JPG_MAMONAS
C:\Users\eduar\Desktop\Soybe-main\data\com_fundo\RGB_JPG_MAMONAS\grao_DSC_0186_id45.png,RGB_JPG_MAMONAS,RGB_JPG_MAMONAS
C:\Users\eduar\Desktop\Soybe-main\data\com_fundo\RGB_JPG_MAMONAS\grao_DSC_0186_id47.png,RGB_JPG_MAMONAS,RGB_JPG_MAMONAS
C:\Users\eduar\Desktop\Soybe-main\data\com_fundo\RGB_JPG_MAMONAS\grao_DSC_0186_id48.png,RGB_JPG_MAMONAS,RGB_JPG_MAMONAS
C:\Users\eduar\Desktop\Soybe-main\data\com_fundo\RGB_JPG_MAMONAS\grao_DSC_0186_id49.png,RGB_JPG_MAMONAS,RGB_JPG_MAMONAS
C:\Users\eduar\Desktop\Soybe-main\data\com_fundo\RGB_JPG_MAMONAS\grao_DSC_0186_id52.png,RGB_JPG_MAMONAS,RGB_JPG_MAMONAS
C:\Users\eduar\Desktop\Soybe-main\data\com_fundo\RGB_JPG_MAMONAS\grao_DSC_0186_id55.png,RGB_JPG_MAMONAS,RGB_JPG_MAMONAS
C:\Users\eduar\Desktop\Soybe-main\data\com_fundo\RGB_JPG_MAMONAS\grao_DSC_0186_id56.png,RGB_JPG_MAMONAS,RGB_JPG_MAMONAS
C:\Users\eduar\Desktop\Soybe-main\data\com_fundo\RGB_JPG_MAMONAS\grao_DSC_0186_id57.png,RGB_JPG_MAMONAS,RGB_JPG_MAMONAS
C:\Users\eduar\Desktop\Soybe-main\data\com_fundo\RGB_JPG_MAMONAS\grao_DSC_0186_id58.png,RGB_JPG_MAMONAS,RGB_JPG_MAMONAS
C:\Users\eduar\Desktop\Soybe-main\data\com_fundo\RGB_JPG_MAMONAS\grao_DSC_0186_id59.png,RGB_JPG_MAMONAS,RGB_JPG_MAMONAS
C:\Users\eduar\Desktop\Soybe-main\data\com_fundo\RGB_JPG_MAMONAS\grao_DSC_0186_id6.png,RGB_JPG_MAMONAS,RGB_JPG_MAMONAS
C:\Users\eduar\Desktop\Soybe-main\data\com_fundo\RGB_JPG_MAMONAS\grao_DSC_0186_id63.png,RGB_JPG_MAMONAS,RGB_JPG_MAMONAS
C:\Users\eduar\Desktop\Soybe-main\data\com_fundo\RGB_JPG_MAMONAS\grao_DSC_0186_id64.png,RGB_JPG_MAMONAS,RGB_JPG_MAMONAS
C:\Users\eduar\Desktop\Soybe-main\data\com_fundo\RGB_JPG_MAMONAS\grao_DSC_0186_id67.png,RGB_JPG_MAMONAS,RGB_JPG_MAMONAS
C:\Users\eduar\Desktop\Soybe-main\data\com_fundo\RGB_JPG_MAMONAS\grao_DSC_0186_id68.png,RGB_JPG_MAMONAS,RGB_JPG_MAMONAS
C:\Users\eduar\Desktop\Soybe-main\data\com_fundo\RGB_JPG_MAMONAS\grao_DSC_0186_id69.png,RGB_JPG_MAMONAS,RGB_JPG_MAMONAS
C:\Users\eduar\Desktop\Soybe-main\data\com_fundo\RGB_JPG_MAMONAS\grao_DSC_0186_id71.png,RGB_JPG_MAMONAS,RGB_JPG_MAMONAS
C:\Users\eduar\Desktop\Soybe-main\data\com_fundo\RGB_JPG_MAMONAS\grao_DSC_0186_id72.png,RGB_JPG_MAMONAS,RGB_JPG_MAMONAS
C:\Users\eduar\Desktop\Soybe-main\data\com_fundo\RGB_JPG_MAMONAS\grao_DSC_0186_id73.png,RGB_JPG_MAMONAS,RGB_JPG_MAMONAS
C:\Users\eduar\Desktop\Soybe-main\data\com_fundo\RGB_JPG_MAMONAS\grao_DSC_0186_id74.png,RGB_JPG_MAMONAS,RGB_JPG_MAMONAS
C:\Users\eduar\Desktop\Soybe-main\data\com_fundo\RGB_JPG_MAMONAS\grao_DSC_0186_id75.png,RGB_JPG_MAMONAS,RGB_JPG_MAMONAS
C:\Users\eduar\Desktop\Soybe-main\data\com_fundo\RGB_JPG_MAMONAS\grao_DSC_0186_id76.png,RGB_JPG_MAMONAS,RGB_JPG_MAMONAS
C:\Users\eduar\Desktop\Soybe-main\data\com_fundo\RGB_JPG_MAMONAS\grao_DSC_0186_id77.png,RGB_JPG_MAMONAS,RGB_JPG_MAMONAS
C:\Users\eduar\Desktop\Soybe-main\data\com_fundo\RGB_JPG_MAMONAS\grao_DSC_0186_id78.png,RGB_JPG_MAMONAS,RGB_JPG_MAMONAS
C:\Users\eduar\Desktop\Soybe-main\data\com_fundo\RGB_JPG_MAMONAS\grao_DSC_0186_id79.png,RGB_JPG_MAMONAS,RGB_JPG_MAMONAS
C:\Users\eduar\Desktop\Soybe-main\data\com_fundo\RGB_JPG_MAMONAS\grao_DSC_0186_id8.png,RGB_JPG_MAMONAS,RGB_JPG_MAMONAS
C:\Users\eduar\Desktop\Soybe-main\data\com_fundo\RGB_JPG_MAMONAS\grao_DSC_0186_id80.png,RGB_JPG_MAMONAS,RGB_JPG_MAMONAS
C:\Users\eduar\Desktop\Soybe-main\data\com_fundo\RGB_JPG_MAMONAS\grao_DSC_0186_id81.png,RGB_JPG_MAMONAS,RGB_JPG_MAMONAS
C:\Users\eduar\Desktop\Soybe-main\data\com_fundo\RGB_JPG_MAMONAS\grao_DSC_0186_id82.png,RGB_JPG_MAMONAS,RGB_JPG_MAMONAS
C:\Users\eduar\Desktop\Soybe-main\data\com_fundo\RGB_JPG_MAMONAS\grao_DSC_0186_id83.png,RGB_JPG_MAMONAS,RGB_JPG_MAMONAS
C:\Users\eduar\Desktop\Soybe-main\data\com_fundo\RGB_JPG_MAMONAS\grao_DSC_0186_id84.png,RGB_JPG_MAMONAS,RGB_JPG_MAMONAS
C:\Users\eduar\Desktop\Soybe-main\data\com_fundo\RGB_JPG_MAMONAS\grao_DSC_0186_id85.png,RGB_JPG_MAMONAS,RGB_JPG_MAMONAS
C:\Users\eduar\Desktop\Soybe-main\data\com_fundo\RGB_JPG_MAMONAS\grao_DSC_0186_id86.png,RGB_JPG_MAMONAS,RGB_JPG_MAMONAS
C:\Users\eduar\Desktop\Soybe-main\data\com_fundo\RGB_JPG_MAMONAS\grao_DSC_0186_id87.png,RGB_JPG_MAMONAS,RGB_JPG_MAMONAS
C:\Users\eduar\Desktop\Soybe-main\data\com_fundo\RGB_JPG_MAMONAS\grao_DSC_0186_id88.png,RGB_JPG_MAMONAS,RGB_JPG_MAMONAS
C:\Users\eduar\Desktop\Soybe-main\data\com_fundo\RGB_JPG_MAMONAS\grao_DSC_0186_id9.png,RGB_JPG_MAMONAS,RGB_JPG_MAMONAS
C:\Users\eduar\Desktop\Soybe-main\data\com_fundo\RGB_JPG_MAMONAS\grao_DSC_0186_id90.png,RGB_JPG_MAMONAS,RGB_JPG_MAMONAS
C:\Users\eduar\Desktop\Soybe-main\data\com_fundo\RGB_JPG_MAMONAS\grao_DSC_0186_id91.png,RGB_JPG_MAMONAS,RGB_JPG_MAMONAS
C:\Users\eduar\Desktop\Soybe-main\data\com_fundo\RGB_JPG_Normais\grao_DSC_0134_id1.png,RGB_JPG_Normais,RGB_JPG_Normais
C:\Users\eduar\Desktop\Soybe-main\data\com_fundo\RGB_JPG_Normais\grao_DSC_0134_id10.png,RGB_JPG_Normais,RGB_JPG_Normais
C:\Users\eduar\Desktop\Soybe-main\data\com_fundo\RGB_JPG_Normais\grao_DSC_0134_id100.png,RGB_JPG_Normais,RGB_JPG_Normais
C:\Users\eduar\Desktop\Soybe-main\data\com_fundo\RGB_JPG_Normais\grao_DSC_0134_id101.png,RGB_JPG_Normais,RGB_JPG_Normais
C:\Users\eduar\Desktop\Soybe-main\data\com_fundo\RGB_JPG_Normais\grao_DSC_0134_id102.png,RGB_JPG_Normais,RGB_JPG_Normais
C:\Users\eduar\Desktop\Soybe-main\data\com_fundo\RGB_JPG_Normais\grao_DSC_0134_id103.png,RGB_JPG_Normais,RGB_JPG_Normais
C:\Users\eduar\Desktop\Soybe-main\data\com_fundo\RGB_JPG_Normais\grao_DSC_0134_id104.png,RGB_JPG_Normais,RGB_JPG_Normais
C:\Users\eduar\Desktop\Soybe-main\data\com_fundo\RGB_JPG_Normais\grao_DSC_0134_id105.png,RGB_JPG_Normais,RGB_JPG_Normais
C:\Users\eduar\Desktop\Soybe-main\data\com_fundo\RGB_JPG_Normais\grao_DSC_0134_id106.png,RGB_JPG_Normais,RGB_JPG_Normais
C:\Users\eduar\Desktop\Soybe-main\data\com_fundo\RGB_JPG_Normais\grao_DSC_0134_id107.png,RGB_JPG_Normais,RGB_JPG_Normais
C:\Users\eduar\Desktop\Soybe-main\data\com_fundo\RGB_JPG_Normais\grao_DSC_0134_id11.png,RGB_JPG_Normais,RGB_JPG_Normais
C:\Users\eduar\Desktop\Soybe-main\data\com_fundo\RGB_JPG_Normais\grao_DSC_0134_id12.png,RGB_JPG_Normais,RGB_JPG_Normais
C:\Users\eduar\Desktop\Soybe-main\data\com_fundo\RGB_JPG_Normais\grao_DSC_0134_id13.png,RGB_JPG_Normais,RGB_JPG_Normais
C:\Users\eduar\Desktop\Soybe-main\data\com_fundo\RGB_JPG_Normais\grao_DSC_0134_id14.png,RGB_JPG_Normais,RGB_JPG_Normais
C:\Users\eduar\Desktop\Soybe-main\data\com_fundo\RGB_JPG_Normais\grao_DSC_0134_id15.png,RGB_JPG_Normais,RGB_JPG_Normais
C:\Users\eduar\Desktop\Soybe-main\data\com_fundo\RGB_JPG_Normais\grao_DSC_0134_id16.png,RGB_JPG_Normais,RGB_JPG_Normais
C:\Users\eduar\Desktop\Soybe-main\data\com_fundo\RGB_JPG_Normais\grao_DSC_0134_id17.png,RGB_JPG_Normais,RGB_JPG_Normais
C:\Users\eduar\Desktop\Soybe-main\data\com_fundo\RGB_JPG_Normais\grao_DSC_0134_id18.png,RGB_JPG_Normais,RGB_JPG_Normais
C:\Users\eduar\Desktop\Soybe-main\data\com_fundo\RGB_JPG_Normais\grao_DSC_0134_id19.png,RGB_JPG_Normais,RGB_JPG_Normais
C:\Users\eduar\Desktop\Soybe-main\data\com_fundo\RGB_JPG_Normais\grao_DSC_0134_id2.png,RGB_JPG_Normais,RGB_JPG_Normais
C:\Users\eduar\Desktop\Soybe-main\data\com_fundo\RGB_JPG_Normais\grao_DSC_0134_id20.png,RGB_JPG_Normais,RGB_JPG_Normais
C:\Users\eduar\Desktop\Soybe-main\data\com_fundo\RGB_JPG_Normais\grao_DSC_0134_id21.png,RGB_JPG_Normais,RGB_JPG_Normais
C:\Users\eduar\Desktop\Soybe-main\data\com_fundo\RGB_JPG_Normais\grao_DSC_0134_id22.png,RGB_JPG_Normais,RGB_JPG_Normais
C:\Users\eduar\Desktop\Soybe-main\data\com_fundo\RGB_JPG_Normais\grao_DSC_0134_id23.png,RGB_JPG_Normais,RGB_JPG_Normais
C:\Users\eduar\Desktop\Soybe-main\data\com_fundo\RGB_JPG_Normais\grao_DSC_0134_id24.png,RGB_JPG_Normais,RGB_JPG_Normais
C:\Users\eduar\Desktop\Soybe-main\data\com_fundo\RGB_JPG_Normais\grao_DSC_0134_id25.png,RGB_JPG_Normais,RGB_JPG_Normais
C:\Users\eduar\Desktop\Soybe-main\data\com_fundo\RGB_JPG_Normais\grao_DSC_0134_id26.png,RGB_JPG_Normais,RGB_JPG_Normais
C:\Users\eduar\Desktop\Soybe-main\data\com_fundo\RGB_JPG_Normais\grao_DSC_0134_id27.png,RGB_JPG_Normais,RGB_JPG_Normais
C:\Users\eduar\Desktop\Soybe-main\data\com_fundo\RGB_JPG_Normais\grao_DSC_0134_id28.png,RGB_JPG_Normais,RGB_JPG_Normais
C:\Users\eduar\Desktop\Soybe-main\data\com_fundo\RGB_JPG_Normais\grao_DSC_0134_id29.png,RGB_JPG_Normais,RGB_JPG_Normais
C:\Users\eduar\Desktop\Soybe-main\data\com_fundo\RGB_JPG_Normais\grao_DSC_0134_id3.png,RGB_JPG_Normais,RGB_JPG_Normais
C:\Users\eduar\Desktop\Soybe-main\data\com_fundo\RGB_JPG_Normais\grao_DSC_0134_id30.png,RGB_JPG_Normais,RGB_JPG_Normais
C:\Users\eduar\Desktop\Soybe-main\data\com_fundo\RGB_JPG_Normais\grao_DSC_0134_id31.png,RGB_JPG_Normais,RGB_JPG_Normais
C:\Users\eduar\Desktop\Soybe-main\data\com_fundo\RGB_JPG_Normais\grao_DSC_0134_id32.png,RGB_JPG_Normais,RGB_JPG_Normais
C:\Users\eduar\Desktop\Soybe-main\data\com_fundo\RGB_JPG_Normais\grao_DSC_0134_id33.png,RGB_JPG_Normais,RGB_JPG_Normais
C:\Users\eduar\Desktop\Soybe-main\data\com_fundo\RGB_JPG_Normais\grao_DSC_0134_id34.png,RGB_JPG_Normais,RGB_JPG_Normais
C:\Users\eduar\Desktop\Soybe-main\data\com_fundo\RGB_JPG_Normais\grao_DSC_0134_id35.png,RGB_JPG_Normais,RGB_JPG_Normais
C:\Users\eduar\Desktop\Soybe-main\data\com_fundo\RGB_JPG_Normais\grao_DSC_0134_id36.png,RGB_JPG_Normais,RGB_JPG_Normais
C:\Users\eduar\Desktop\Soybe-main\data\com_fundo\RGB_JPG_Normais\grao_DSC_0134_id37.png,RGB_JPG_Normais,RGB_JPG_Normais
C:\Users\eduar\Desktop\Soybe-main\data\com_fundo\RGB_JPG_Normais\grao_DSC_0134_id38.png,RGB_JPG_Normais,RGB_JPG_Normais
C:\Users\eduar\Desktop\Soybe-main\data\com_fundo\RGB_JPG_Normais\grao_DSC_0134_id39.png,RGB_JPG_Normais,RGB_JPG_Normais
C:\Users\eduar\Desktop\Soybe-main\data\com_fundo\RGB_JPG_Normais\grao_DSC_0134_id4.png,RGB_JPG_Normais,RGB_JPG_Normais
C:\Users\eduar\Desktop\Soybe-main\data\com_fundo\RGB_JPG_Normais\grao_DSC_0134_id40.png,RGB_JPG_Normais,RGB_JPG_Normais
C:\Users\eduar\Desktop\Soybe-main\data\com_fundo\RGB_JPG_Normais\grao_DSC_0134_id41.png,RGB_JPG_Normais,RGB_JPG_Normais
C:\Users\eduar\Desktop\Soybe-main\data\com_fundo\RGB_JPG_Normais\grao_DSC_0134_id42.png,RGB_JPG_Normais,RGB_JPG_Normais
C:\Users\eduar\Desktop\Soybe-main\data\com_fundo\RGB_JPG_Normais\grao_DSC_0134_id43.png,RGB_JPG_Normais,RGB_JPG_Normais
C:\Users\eduar\Desktop\Soybe-main\data\com_fundo\RGB_JPG_Normais\grao_DSC_0134_id44.png,RGB_JPG_Normais,RGB_JPG_Normais
C:\Users\eduar\Desktop\Soybe-main\data\com_fundo\RGB_JPG_Normais\grao_DSC_0134_id45.png,RGB_JPG_Normais,RGB_JPG_Normais
C:\Users\eduar\Desktop\Soybe-main\data\com_fundo\RGB_JPG_Normais\grao_DSC_0134_id46.png,RGB_JPG_Normais,RGB_JPG_Normais
C:\Users\eduar\Desktop\Soybe-main\data\com_fundo\RGB_JPG_Normais\grao_DSC_0134_id48.png,RGB_JPG_Normais,RGB_JPG_Normais
C:\Users\eduar\Desktop\Soybe-main\data\com_fundo\RGB_JPG_Normais\grao_DSC_0134_id49.png,RGB_JPG_Normais,RGB_JPG_Normais
C:\Users\eduar\Desktop\Soybe-main\data\com_fundo\RGB_JPG_Normais\grao_DSC_0134_id5.png,RGB_JPG_Normais,RGB_JPG_Normais
C:\Users\eduar\Desktop\Soybe-main\data\com_fundo\RGB_JPG_Normais\grao_DSC_0134_id50.png,RGB_JPG_Normais,RGB_JPG_Normais
C:\Users\eduar\Desktop\Soybe-main\data\com_fundo\RGB_JPG_Normais\grao_DSC_0134_id51.png,RGB_JPG_Normais,RGB_JPG_Normais
C:\Users\eduar\Desktop\Soybe-main\data\com_fundo\RGB_JPG_Normais\grao_DSC_0134_id52.png,RGB_JPG_Normais,RGB_JPG_Normais
C:\Users\eduar\Desktop\Soybe-main\data\com_fundo\RGB_JPG_Normais\grao_DSC_0134_id53.png,RGB_JPG_Normais,RGB_JPG_Normais
C:\Users\eduar\Desktop\Soybe-main\data\com_fundo\RGB_JPG_Normais\grao_DSC_0134_id54.png,RGB_JPG_Normais,RGB_JPG_Normais
C:\Users\eduar\Desktop\Soybe-main\data\com_fundo\RGB_JPG_Normais\grao_DSC_0134_id55.png,RGB_JPG_Normais,RGB_JPG_Normais
C:\Users\eduar\Desktop\Soybe-main\data\com_fundo\RGB_JPG_Normais\grao_DSC_0134_id56.png,RGB_JPG_Normais,RGB_JPG_Normais
C:\Users\eduar\Desktop\Soybe-main\data\com_fundo\RGB_JPG_Normais\grao_DSC_0134_id57.png,RGB_JPG_Normais,RGB_JPG_Normais
C:\Users\eduar\Desktop\Soybe-main\data\com_fundo\RGB_JPG_Normais\grao_DSC_0134_id58.png,RGB_JPG_Normais,RGB_JPG_Normais
C:\Users\eduar\Desktop\Soybe-main\data\com_fundo\RGB_JPG_Normais\grao_DSC_0134_id59.png,RGB_JPG_Normais,RGB_JPG_Normais
C:\Users\eduar\Desktop\Soybe-main\data\com_fundo\RGB_JPG_Normais\grao_DSC_0134_id6.png,RGB_JPG_Normais,RGB_JPG_Normais
C:\Users\eduar\Desktop\Soybe-main\data\com_fundo\RGB_JPG_Normais\grao_DSC_0134_id60.png,RGB_JPG_Normais,RGB_JPG_Normais
C:\Users\eduar\Desktop\Soybe-main\data\com_fundo\RGB_JPG_Normais\grao_DSC_0134_id61.png,RGB_JPG_Normais,RGB_JPG_Normais
C:\Users\eduar\Desktop\Soybe-main\data\com_fundo\RGB_JPG_Normais\grao_DSC_0134_id62.png,RGB_JPG_Normais,RGB_JPG_Normais
C:\Users\eduar\Desktop\Soybe-main\data\com_fundo\RGB_JPG_Normais\grao_DSC_0134_id63.png,RGB_JPG_Normais,RGB_JPG_Normais
C:\Users\eduar\Desktop\Soybe-main\data\com_fundo\RGB_JPG_Normais\grao_DSC_0134_id64.png,RGB_JPG_Normais,RGB_JPG_Normais
C:\Users\eduar\Desktop\Soybe-main\data\com_fundo\RGB_JPG_Normais\grao_DSC_0134_id65.png,RGB_JPG_Normais,RGB_JPG_Normais
C:\Users\eduar\Desktop\Soybe-main\data\com_fundo\RGB_JPG_Normais\grao_DSC_0134_id66.png,RGB_JPG_Normais,RGB_JPG_Normais
C:\Users\eduar\Desktop\Soybe-main\data\com_fundo\RGB_JPG_Normais\grao_DSC_0134_id67.png,RGB_JPG_Normais,RGB_JPG_Normais
C:\Users\eduar\Desktop\Soybe-main\data\com_fundo\RGB_JPG_Normais\grao_DSC_0134_id68.png,RGB_JPG_Normais,RGB_JPG_Normais
C:\Users\eduar\Desktop\Soybe-main\data\com_fundo\RGB_JPG_Normais\grao_DSC_0134_id69.png,RGB_JPG_Normais,RGB_JPG_Normais
C:\Users\eduar\Desktop\Soybe-main\data\com_fundo\RGB_JPG_Normais\grao_DSC_0134_id7.png,RGB_JPG_Normais,RGB_JPG_Normais
C:\Users\eduar\Desktop\Soybe-main\data\com_fundo\RGB_JPG_Normais\grao_DSC_0134_id70.png,RGB_JPG_Normais,RGB_JPG_Normais
C:\Users\eduar\Desktop\Soybe-main\data\com_fundo\RGB_JPG_Normais\grao_DSC_0134_id71.png,RGB_JPG_Normais,RGB_JPG_Normais
C:\Users\eduar\Desktop\Soybe-main\data\com_fundo\RGB_JPG_Normais\grao_DSC_0134_id72.png,RGB_JPG_Normais,RGB_JPG_Normais
C:\Users\eduar\Desktop\Soybe-main\data\com_fundo\RGB_JPG_Normais\grao_DSC_0134_id73.png,RGB_JPG_Normais,RGB_JPG_Normais
C:\Users\eduar\Desktop\Soybe-main\data\com_fundo\RGB_JPG_Normais\grao_DSC_0134_id74.png,RGB_JPG_Normais,RGB_JPG_Normais
C:\Users\eduar\Desktop\Soybe-main\data\com_fundo\RGB_JPG_Normais\grao_DSC_0134_id75.png,RGB_JPG_Normais,RGB_JPG_Normais
C:\Users\eduar\Desktop\Soybe-main\data\com_fundo\RGB_JPG_Normais\grao_DSC_0134_id76.png,RGB_JPG_Normais,RGB_JPG_Normais
C:\Users\eduar\Desktop\Soybe-main\data\com_fundo\RGB_JPG_Normais\grao_DSC_0134_id77.png,RGB_JPG_Normais,RGB_JPG_Normais
C:\Users\eduar\Desktop\Soybe-main\data\com_fundo\RGB_JPG_Normais\grao_DSC_0134_id78.png,RGB_JPG_Normais,RGB_JPG_Normais
C:\Users\eduar\Desktop\Soybe-main\data\com_fundo\RGB_JPG_Normais\grao_DSC_0134_id79.png,RGB_JPG_Normais,RGB_JPG_Normais
C:\Users\eduar\Desktop\Soybe-main\data\com_fundo\RGB_JPG_Normais\grao_DSC_0134_id8.png,RGB_JPG_Normais,RGB_JPG_Normais
C:\Users\eduar\Desktop\Soybe-main\data\com_fundo\RGB_JPG_Normais\grao_DSC_0134_id80.png,RGB_JPG_Normais,RGB_JPG_Normais
C:\Users\eduar\Desktop\Soybe-main\data\com_fundo\RGB_JPG_Normais\grao_DSC_0134_id81.png,RGB_JPG_Normais,RGB_JPG_Normais
C:\Users\eduar\Desktop\Soybe-main\data\com_fundo\RGB_JPG_Normais\grao_DSC_0134_id82.png,RGB_JPG_Normais,RGB_JPG_Normais
C:\Users\eduar\Desktop\Soybe-main\data\com_fundo\RGB_JPG_Normais\grao_DSC_0134_id83.png,RGB_JPG_Normais,RGB_JPG_Normais
C:\Users\eduar\Desktop\Soybe-main\data\com_fundo\RGB_JPG_Normais\grao_DSC_0134_id84.png,RGB_JPG_Normais,RGB_JPG_Normais
C:\Users\eduar\Desktop\Soybe-main\data\com_fundo\RGB_JPG_Normais\grao_DSC_0134_id85.png,RGB_JPG_Normais,RGB_JPG_Normais
C:\Users\eduar\Desktop\Soybe-main\data\com_fundo\RGB_JPG_Normais\grao_DSC_0134_id86.png,RGB_JPG_Normais,RGB_JPG_Normais
C:\Users\eduar\Desktop\Soybe-main\data\com_fundo\RGB_JPG_Normais\grao_DSC_0134_id87.png,RGB_JPG_Normais,RGB_JPG_Normais
C:\Users\eduar\Desktop\Soybe-main\data\com_fundo\RGB_JPG_Normais\grao_DSC_0134_id88.png,RGB_JPG_Normais,RGB_JPG_Normais
C:\Users\eduar\Desktop\Soybe-main\data\com_fundo\RGB_JPG_Normais\grao_DSC_0134_id89.png,RGB_JPG_Normais,RGB_JPG_Normais
C:\Users\eduar\Desktop\Soybe-main\data\com_fundo\RGB_JPG_Normais\grao_DSC_0134_id9.png,RGB_JPG_Normais,RGB_JPG_Normais
C:\Users\eduar\Desktop\Soybe-main\data\com_fundo\RGB_JPG_Normais\grao_DSC_0134_id90.png,RGB_JPG_Normais,RGB_JPG_Normais
C:\Users\eduar\Desktop\Soybe-main\data\com_fundo\RGB_JPG_Normais\grao_DSC_0134_id91.png,RGB_JPG_Normais,RGB_JPG_Normais
C:\Users\eduar\Desktop\Soybe-main\data\com_fundo\RGB_JPG_Normais\grao_DSC_0134_id92.png,RGB_JPG_Normais,RGB_JPG_Normais
C:\Users\eduar\Desktop\Soybe-main\data\com_fundo\RGB_JPG_Normais\grao_DSC_0134_id93.png,RGB_JPG_Normais,RGB_JPG_Normais
C:\Users\eduar\Desktop\Soybe-main\data\com_fundo\RGB_JPG_Normais\grao_DSC_0134_id94.png,RGB_JPG_Normais,RGB_JPG_Normais
C:\Users\eduar\Desktop\Soybe-main\data\com_fundo\RGB_JPG_Normais\grao_DSC_0134_id95.png,RGB_JPG_Normais,RGB_JPG_Normais
C:\Users\eduar\Desktop\Soybe-main\data\com_fundo\RGB_JPG_Normais\grao_DSC_0134_id96.png,RGB_JPG_Normais,RGB_JPG_Normais
C:\Users\eduar\Desktop\Soybe-main\data\com_fundo\RGB_JPG_Normais\grao_DSC_0134_id97.png,RGB_JPG_Normais,RGB_JPG_Normais
C:\Users\eduar\Desktop\Soybe-main\data\com_fundo\RGB_JPG_Normais\grao_DSC_0134_id98.png,RGB_JPG_Normais,RGB_JPG_Normais
C:\Users\eduar\Desktop\Soybe-main\data\com_fundo\RGB_JPG_Normais\grao_DSC_0134_id99.png,RGB_JPG_Normais,RGB_JPG_Normais
C:\Users\eduar\Desktop\Soybe-main\data\com_fundo\RGB_JPG_Normais\grao_DSC_0214_id1.png,RGB_JPG_Normais,RGB_JPG_Normais
C:\Users\eduar\Desktop\Soybe-main\data\com_fundo\RGB_JPG_Normais\grao_DSC_0214_id10.png,RGB_JPG_Normais,RGB_JPG_Normais
C:\Users\eduar\Desktop\Soybe-main\data\com_fundo\RGB_JPG_Normais\grao_DSC_0214_id11.png,RGB_JPG_Normais,RGB_JPG_Normais
C:\Users\eduar\Desktop\Soybe-main\data\com_fundo\RGB_JPG_Normais\grao_DSC_0214_id12.png,RGB_JPG_Normais,RGB_JPG_Normais
C:\Users\eduar\Desktop\Soybe-main\data\com_fundo\RGB_JPG_Normais\grao_DSC_0214_id13.png,RGB_JPG_Normais,RGB_JPG_Normais
C:\Users\eduar\Desktop\Soybe-main\data\com_fundo\RGB_JPG_Normais\grao_DSC_0214_id14.png,RGB_JPG_Normais,RGB_JPG_Normais
C:\Users\eduar\Desktop\Soybe-main\data\com_fundo\RGB_JPG_Normais\grao_DSC_0214_id15.png,RGB_JPG_Normais,RGB_JPG_Normais
C:\Users\eduar\Desktop\Soybe-main\data\com_fundo\RGB_JPG_Normais\grao_DSC_0214_id16.png,RGB_JPG_Normais,RGB_JPG_Normais
C:\Users\eduar\Desktop\Soybe-main\data\com_fundo\RGB_JPG_Normais\grao_DSC_0214_id17.png,RGB_JPG_Normais,RGB_JPG_Normais
C:\Users\eduar\Desktop\Soybe-main\data\com_fundo\RGB_JPG_Normais\grao_DSC_0214_id18.png,RGB_JPG_Normais,RGB_JPG_Normais
C:\Users\eduar\Desktop\Soybe-main\data\com_fundo\RGB_JPG_Normais\grao_DSC_0214_id19.png,RGB_JPG_Normais,RGB_JPG_Normais
C:\Users\eduar\Desktop\Soybe-main\data\com_fundo\RGB_JPG_Normais\grao_DSC_0214_id2.png,RGB_JPG_Normais,RGB_JPG_Normais
C:\Users\eduar\Desktop\Soybe-main\data\com_fundo\RGB_JPG_Normais\grao_DSC_0214_id20.png,RGB_JPG_Normais,RGB_JPG_Normais
C:\Users\eduar\Desktop\Soybe-main\data\com_fundo\RGB_JPG_Normais\grao_DSC_0214_id21.png,RGB_JPG_Normais,RGB_JPG_Normais
C:\Users\eduar\Desktop\Soybe-main\data\com_fundo\RGB_JPG_Normais\grao_DSC_0214_id22.png,RGB_JPG_Normais,RGB_JPG_Normais
C:\Users\eduar\Desktop\Soybe-main\data\com_fundo\RGB_JPG_Normais\grao_DSC_0214_id23.png,RGB_JPG_Normais,RGB_JPG_Normais
C:\Users\eduar\Desktop\Soybe-main\data\com_fundo\RGB_JPG_Normais\grao_DSC_0214_id24.png,RGB_JPG_Normais,RGB_JPG_CHOCHOS
C:\Users\eduar\Desktop\Soybe-main\data\com_fundo\RGB_JPG_Normais\grao_DSC_0214_id25.png,RGB_JPG_Normais,RGB_JPG_Normais
C:\Users\eduar\Desktop\Soybe-main\data\com_fundo\RGB_JPG_Normais\grao_DSC_0214_id26.png,RGB_JPG_Normais,RGB_JPG_Normais
C:\Users\eduar\Desktop\Soybe-main\data\com_fundo\RGB_JPG_Normais\grao_DSC_0214_id27.png,RGB_JPG_Normais,RGB_JPG_Normais
C:\Users\eduar\Desktop\Soybe-main\data\com_fundo\RGB_JPG_Normais\grao_DSC_0214_id28.png,RGB_JPG_Normais,RGB_JPG_Normais
C:\Users\eduar\Desktop\Soybe-main\data\com_fundo\RGB_JPG_Normais\grao_DSC_0214_id29.png,RGB_JPG_Normais,RGB_JPG_Normais
C:\Users\eduar\Desktop\Soybe-main\data\com_fundo\RGB_JPG_Normais\grao_DSC_0214_id3.png,RGB_JPG_Normais,RGB_JPG_Normais
C:\Users\eduar\Desktop\Soybe-main\data\com_fundo\RGB_JPG_Normais\grao_DSC_0214_id30.png,RGB_JPG_Normais,RGB_JPG_Normais
C:\Users\eduar\Desktop\Soybe-main\data\com_fundo\RGB_JPG_Normais\grao_DSC_0214_id31.png,RGB_JPG_Normais,RGB_JPG_Normais
C:\Users\eduar\Desktop\Soybe-main\data\com_fundo\RGB_JPG_Normais\grao_DSC_0214_id32.png,RGB_JPG_Normais,RGB_JPG_Normais
C:\Users\eduar\Desktop\Soybe-main\data\com_fundo\RGB_JPG_Normais\grao_DSC_0214_id33.png,RGB_JPG_Normais,RGB_JPG_Normais
C:\Users\eduar\Desktop\Soybe-main\data\com_fundo\RGB_JPG_Normais\grao_DSC_0214_id34.png,RGB_JPG_Normais,RGB_JPG_Normais
C:\Users\eduar\Desktop\Soybe-main\data\com_fundo\RGB_JPG_Normais\grao_DSC_0214_id35.png,RGB_JPG_Normais,RGB_JPG_Normais
C:\Users\eduar\Desktop\Soybe-main\data\com_fundo\RGB_JPG_Normais\grao_DSC_0214_id36.png,RGB_JPG_Normais,RGB_JPG_Normais
C:\Users\eduar\Desktop\Soybe-main\data\com_fundo\RGB_JPG_Normais\grao_DSC_0214_id37.png,RGB_JPG_Normais,RGB_JPG_Normais
C:\Users\eduar\Desktop\Soybe-main\data\com_fundo\RGB_JPG_Normais\grao_DSC_0214_id38.png,RGB_JPG_Normais,RGB_JPG_Normais
C:\Users\eduar\Desktop\Soybe-main\data\com_fundo\RGB_JPG_Normais\grao_DSC_0214_id39.png,RGB_JPG_Normais,RGB_JPG_Normais
C:\Users\eduar\Desktop\Soybe-main\data\com_fundo\RGB_JPG_Normais\grao_DSC_0214_id4.png,RGB_JPG_Normais,RGB_JPG_Normais
C:\Users\eduar\Desktop\Soybe-main\data\com_fundo\RGB_JPG_Normais\grao_DSC_0214_id40.png,RGB_JPG_Normais,RGB_JPG_Normais
C:\Users\eduar\Desktop\Soybe-main\data\com_fundo\RGB_JPG_Normais\grao_DSC_0214_id41.png,RGB_JPG_Normais,RGB_JPG_Normais
C:\Users\eduar\Desktop\Soybe-main\data\com_fundo\RGB_JPG_Normais\grao_DSC_0214_id42.png,RGB_JPG_Normais,RGB_JPG_Normais
C:\Users\eduar\Desktop\Soybe-main\data\com_fundo\RGB_JPG_Normais\grao_DSC_0214_id43.png,RGB_JPG_Normais,RGB_JPG_Normais
C:\Users\eduar\Desktop\Soybe-main\data\com_fundo\RGB_JPG_Normais\grao_DSC_0214_id44.png,RGB_JPG_Normais,RGB_JPG_Normais
C:\Users\eduar\Desktop\Soybe-main\data\com_fundo\RGB_JPG_Normais\grao_DSC_0214_id45.png,RGB_JPG_Normais,RGB_JPG_Normais
C:\Users\eduar\Desktop\Soybe-main\data\com_fundo\RGB_JPG_Normais\grao_DSC_0214_id46.png,RGB_JPG_Normais,RGB_JPG_Normais
C:\Users\eduar\Desktop\Soybe-main\data\com_fundo\RGB_JPG_Normais\grao_DSC_0214_id47.png,RGB_JPG_Normais,RGB_JPG_Normais
C:\Users\eduar\Desktop\Soybe-main\data\com_fundo\RGB_JPG_Normais\grao_DSC_0214_id48.png,RGB_JPG_Normais,RGB_JPG_Normais
C:\Users\eduar\Desktop\Soybe-main\data\com_fundo\RGB_JPG_Normais\grao_DSC_0214_id49.png,RGB_JPG_Normais,RGB_JPG_Normais
C:\Users\eduar\Desktop\Soybe-main\data\com_fundo\RGB_JPG_Normais\grao_DSC_0214_id5.png,RGB_JPG_Normais,RGB_JPG_Normais
C:\Users\eduar\Desktop\Soybe-main\data\com_fundo\RGB_JPG_Normais\grao_DSC_0214_id50.png,RGB_JPG_Normais,RGB_JPG_Normais
C:\Users\eduar\Desktop\Soybe-main\data\com_fundo\RGB_JPG_Normais\grao_DSC_0214_id51.png,RGB_JPG_Normais,RGB_JPG_Normais
C:\Users\eduar\Desktop\Soybe-main\data\com_fundo\RGB_JPG_Normais\grao_DSC_0214_id52.png,RGB_JPG_Normais,RGB_JPG_Normais
C:\Users\eduar\Desktop\Soybe-main\data\com_fundo\RGB_JPG_Normais\grao_DSC_0214_id6.png,RGB_JPG_Normais,RGB_JPG_Normais
C:\Users\eduar\Desktop\Soybe-main\data\com_fundo\RGB_JPG_Normais\grao_DSC_0214_id7.png,RGB_JPG_Normais,RGB_JPG_Normais
C:\Users\eduar\Desktop\Soybe-main\data\com_fundo\RGB_JPG_Normais\grao_DSC_0214_id8.png,RGB_JPG_Normais,RGB_JPG_Normais
C:\Users\eduar\Desktop\Soybe-main\data\com_fundo\RGB_JPG_Normais\grao_DSC_0214_id9.png,RGB_JPG_Normais,RGB_JPG_Normais
C:\Users\eduar\Desktop\Soybe-main\data\com_fundo\RGB_JPG_Normais\grao_DSC_0216_id1.png,RGB_JPG_Normais,RGB_JPG_Normais
C:\Users\eduar\Desktop\Soybe-main\data\com_fundo\RGB_JPG_Normais\grao_DSC_0216_id10.png,RGB_JPG_Normais,RGB_JPG_Normais
C:\Users\eduar\Desktop\Soybe-main\data\com_fundo\RGB_JPG_Normais\grao_DSC_0216_id11.png,RGB_JPG_Normais,RGB_JPG_Normais
C:\Users\eduar\Desktop\Soybe-main\data\com_fundo\RGB_JPG_Normais\grao_DSC_0216_id12.png,RGB_JPG_Normais,RGB_JPG_Normais
C:\Users\eduar\Desktop\Soybe-main\data\com_fundo\RGB_JPG_Normais\grao_DSC_0216_id13.png,RGB_JPG_Normais,RGB_JPG_Normais
C:\Users\eduar\Desktop\Soybe-main\data\com_fundo\RGB_JPG_Normais\grao_DSC_0216_id14.png,RGB_JPG_Normais,RGB_JPG_Normais
C:\Users\eduar\Desktop\Soybe-main\data\com_fundo\RGB_JPG_Normais\grao_DSC_0216_id15.png,RGB_JPG_Normais,RGB_JPG_Normais
C:\Users\eduar\Desktop\Soybe-main\data\com_fundo\RGB_JPG_Normais\grao_DSC_0216_id16.png,RGB_JPG_Normais,RGB_JPG_Normais
C:\Users\eduar\Desktop\Soybe-main\data\com_fundo\RGB_JPG_Normais\grao_DSC_0216_id17.png,RGB_JPG_Normais,RGB_JPG_Normais
C:\Users\eduar\Desktop\Soybe-main\data\com_fundo\RGB_JPG_Normais\grao_DSC_0216_id18.png,RGB_JPG_Normais,RGB_JPG_Normais
C:\Users\eduar\Desktop\Soybe-main\data\com_fundo\RGB_JPG_Normais\grao_DSC_0216_id19.png,RGB_JPG_Normais,RGB_JPG_Normais
C:\Users\eduar\Desktop\Soybe-main\data\com_fundo\RGB_JPG_Normais\grao_DSC_0216_id2.png,RGB_JPG_Normais,RGB_JPG_Normais
C:\Users\eduar\Desktop\Soybe-main\data\com_fundo\RGB_JPG_Normais\grao_DSC_0216_id20.png,RGB_JPG_Normais,RGB_JPG_Normais
C:\Users\eduar\Desktop\Soybe-main\data\com_fundo\RGB_JPG_Normais\grao_DSC_0216_id21.png,RGB_JPG_Normais,RGB_JPG_Normais
C:\Users\eduar\Desktop\Soybe-main\data\com_fundo\RGB_JPG_Normais\grao_DSC_0216_id22.png,RGB_JPG_Normais,RGB_JPG_Normais
C:\Users\eduar\Desktop\Soybe-main\data\com_fundo\RGB_JPG_Normais\grao_DSC_0216_id23.png,RGB_JPG_Normais,RGB_JPG_Normais
C:\Users\eduar\Desktop\Soybe-main\data\com_fundo\RGB_JPG_Normais\grao_DSC_0216_id24.png,RGB_JPG_Normais,RGB_JPG_Normais
C:\Users\eduar\Desktop\Soybe-main\data\com_fundo\RGB_JPG_Normais\grao_DSC_0216_id25.png,RGB_JPG_Normais,RGB_JPG_Normais
C:\Users\eduar\Desktop\Soybe-main\data\com_fundo\RGB_JPG_Normais\grao_DSC_0216_id26.png,RGB_JPG_Normais,RGB_JPG_Normais
C:\Users\eduar\Desktop\Soybe-main\data\com_fundo\RGB_JPG_Normais\grao_DSC_0216_id27.png,RGB_JPG_Normais,RGB_JPG_Normais
C:\Users\eduar\Desktop\Soybe-main\data\com_fundo\RGB_JPG_Normais\grao_DSC_0216_id28.png,RGB_JPG_Normais,RGB_JPG_Normais
C:\Users\eduar\Desktop\Soybe-main\data\com_fundo\RGB_JPG_Normais\grao_DSC_0216_id29.png,RGB_JPG_Normais,RGB_JPG_Normais
C:\Users\eduar\Desktop\Soybe-main\data\com_fundo\RGB_JPG_Normais\grao_DSC_0216_id3.png,RGB_JPG_Normais,RGB_JPG_Normais
C:\Users\eduar\Desktop\Soybe-main\data\com_fundo\RGB_JPG_Normais\grao_DSC_0216_id30.png,RGB_JPG_Normais,RGB_JPG_Normais
C:\Users\eduar\Desktop\Soybe-main\data\com_fundo\RGB_JPG_Normais\grao_DSC_0216_id31.png,RGB_JPG_Normais,RGB_JPG_Normais
C:\Users\eduar\Desktop\Soybe-main\data\com_fundo\RGB_JPG_Normais\grao_DSC_0216_id32.png,RGB_JPG_Normais,RGB_JPG_Normais
C:\Users\eduar\Desktop\Soybe-main\data\com_fundo\RGB_JPG_Normais\grao_DSC_0216_id33.png,RGB_JPG_Normais,RGB_JPG_Normais
C:\Users\eduar\Desktop\Soybe-main\data\com_fundo\RGB_JPG_Normais\grao_DSC_0216_id34.png,RGB_JPG_Normais,RGB_JPG_Normais
C:\Users\eduar\Desktop\Soybe-main\data\com_fundo\RGB_JPG_Normais\grao_DSC_0216_id35.png,RGB_JPG_Normais,RGB_JPG_Normais
C:\Users\eduar\Desktop\Soybe-main\data\com_fundo\RGB_JPG_Normais\grao_DSC_0216_id36.png,RGB_JPG_Normais,RGB_JPG_Normais
C:\Users\eduar\Desktop\Soybe-main\data\com_fundo\RGB_JPG_Normais\grao_DSC_0216_id37.png,RGB_JPG_Normais,RGB_JPG_Normais
C:\Users\eduar\Desktop\Soybe-main\data\com_fundo\RGB_JPG_Normais\grao_DSC_0216_id38.png,RGB_JPG_Normais,RGB_JPG_Normais
C:\Users\eduar\Desktop\Soybe-main\data\com_fundo\RGB_JPG_Normais\grao_DSC_0216_id39.png,RGB_JPG_Normais,RGB_JPG_Normais
C:\Users\eduar\Desktop\Soybe-main\data\com_fundo\RGB_JPG_Normais\grao_DSC_0216_id4.png,RGB_JPG_Normais,RGB_JPG_Normais
C:\Users\eduar\Desktop\Soybe-main\data\com_fundo\RGB_JPG_Normais\grao_DSC_0216_id40.png,RGB_JPG_Normais,RGB_JPG_Normais
C:\Users\eduar\Desktop\Soybe-main\data\com_fundo\RGB_JPG_Normais\grao_DSC_0216_id41.png,RGB_JPG_Normais,RGB_JPG_Normais
C:\Users\eduar\Desktop\Soybe-main\data\com_fundo\RGB_JPG_Normais\grao_DSC_0216_id42.png,RGB_JPG_Normais,RGB_JPG_Normais
C:\Users\eduar\Desktop\Soybe-main\data\com_fundo\RGB_JPG_Normais\grao_DSC_0216_id43.png,RGB_JPG_Normais,RGB_JPG_Normais
C:\Users\eduar\Desktop\Soybe-main\data\com_fundo\RGB_JPG_Normais\grao_DSC_0216_id44.png,RGB_JPG_Normais,RGB_JPG_Normais
C:\Users\eduar\Desktop\Soybe-main\data\com_fundo\RGB_JPG_Normais\grao_DSC_0216_id45.png,RGB_JPG_Normais,RGB_JPG_Normais
C:\Users\eduar\Desktop\Soybe-main\data\com_fundo\RGB_JPG_Normais\grao_DSC_0216_id46.png,RGB_JPG_Normais,RGB_JPG_Normais
C:\Users\eduar\Desktop\Soybe-main\data\com_fundo\RGB_JPG_Normais\grao_DSC_0216_id47.png,RGB_JPG_Normais,RGB_JPG_Normais
C:\Users\eduar\Desktop\Soybe-main\data\com_fundo\RGB_JPG_Normais\grao_DSC_0216_id48.png,RGB_JPG_Normais,RGB_JPG_Normais
C:\Users\eduar\Desktop\Soybe-main\data\com_fundo\RGB_JPG_Normais\grao_DSC_0216_id49.png,RGB_JPG_Normais,RGB_JPG_Normais
C:\Users\eduar\Desktop\Soybe-main\data\com_fundo\RGB_JPG_Normais\grao_DSC_0216_id5.png,RGB_JPG_Normais,RGB_JPG_Normais
C:\Users\eduar\Desktop\Soybe-main\data\com_fundo\RGB_JPG_Normais\grao_DSC_0216_id50.png,RGB_JPG_Normais,RGB_JPG_Normais
C:\Users\eduar\Desktop\Soybe-main\data\com_fundo\RGB_JPG_Normais\grao_DSC_0216_id52.png,RGB_JPG_Normais,RGB_JPG_Normais
C:\Users\eduar\Desktop\Soybe-main\data\com_fundo\RGB_JPG_Normais\grao_DSC_0216_id53.png,RGB_JPG_Normais,RGB_JPG_Normais
C:\Users\eduar\Desktop\Soybe-main\data\com_fundo\RGB_JPG_Normais\grao_DSC_0216_id54.png,RGB_JPG_Normais,RGB_JPG_Normais
C:\Users\eduar\Desktop\Soybe-main\data\com_fundo\RGB_JPG_Normais\grao_DSC_0216_id55.png,RGB_JPG_Normais,RGB_JPG_Normais
C:\Users\eduar\Desktop\Soybe-main\data\com_fundo\RGB_JPG_Normais\grao_DSC_0216_id56.png,RGB_JPG_Normais,RGB_JPG_Normais
C:\Users\eduar\Desktop\Soybe-main\data\com_fundo\RGB_JPG_Normais\grao_DSC_0216_id57.png,RGB_JPG_Normais,RGB_JPG_Normais
C:\Users\eduar\Desktop\Soybe-main\data\com_fundo\RGB_JPG_Normais\grao_DSC_0216_id58.png,RGB_JPG_Normais,RGB_JPG_Normais
C:\Users\eduar\Desktop\Soybe-main\data\com_fundo\RGB_JPG_Normais\grao_DSC_0216_id6.png,RGB_JPG_Normais,RGB_JPG_Normais
C:\Users\eduar\Desktop\Soybe-main\data\com_fundo\RGB_JPG_Normais\grao_DSC_0216_id60.png,RGB_JPG_Normais,RGB_JPG_Normais
C:\Users\eduar\Desktop\Soybe-main\data\com_fundo\RGB_JPG_Normais\grao_DSC_0216_id61.png,RGB_JPG_Normais,RGB_JPG_Normais
C:\Users\eduar\Desktop\Soybe-main\data\com_fundo\RGB_JPG_Normais\grao_DSC_0216_id62.png,RGB_JPG_Normais,RGB_JPG_Normais
C:\Users\eduar\Desktop\Soybe-main\data\com_fundo\RGB_JPG_Normais\grao_DSC_0216_id63.png,RGB_JPG_Normais,RGB_JPG_Normais
C:\Users\eduar\Desktop\Soybe-main\data\com_fundo\RGB_JPG_Normais\grao_DSC_0216_id64.png,RGB_JPG_Normais,RGB_JPG_Normais
C:\Users\eduar\Desktop\Soybe-main\data\com_fundo\RGB_JPG_Normais\grao_DSC_0216_id65.png,RGB_JPG_Normais,RGB_JPG_Normais
C:\Users\eduar\Desktop\Soybe-main\data\com_fundo\RGB_JPG_Normais\grao_DSC_0216_id66.png,RGB_JPG_Normais,RGB_JPG_Normais
C:\Users\eduar\Desktop\Soybe-main\data\com_fundo\RGB_JPG_Normais\grao_DSC_0216_id67.png,RGB_JPG_Normais,RGB_JPG_Normais
C:\Users\eduar\Desktop\Soybe-main\data\com_fundo\RGB_JPG_Normais\grao_DSC_0216_id68.png,RGB_JPG_Normais,RGB_JPG_Normais
C:\Users\eduar\Desktop\Soybe-main\data\com_fundo\RGB_JPG_Normais\grao_DSC_0216_id69.png,RGB_JPG_Normais,RGB_JPG_Normais
C:\Users\eduar\Desktop\Soybe-main\data\com_fundo\RGB_JPG_Normais\grao_DSC_0216_id7.png,RGB_JPG_Normais,RGB_JPG_Normais
C:\Users\eduar\Desktop\Soybe-main\data\com_fundo\RGB_JPG_Normais\grao_DSC_0216_id70.png,RGB_JPG_Normais,RGB_JPG_Normais
C:\Users\eduar\Desktop\Soybe-main\data\com_fundo\RGB_JPG_Normais\grao_DSC_0216_id71.png,RGB_JPG_Normais,RGB_JPG_Normais
C:\Users\eduar\Desktop\Soybe-main\data\com_fundo\RGB_JPG_Normais\grao_DSC_0216_id72.png,RGB_JPG_Normais,RGB_JPG_Normais
C:\Users\eduar\Desktop\Soybe-main\data\com_fundo\RGB_JPG_Normais\grao_DSC_0216_id73.png,RGB_JPG_Normais,RGB_JPG_Normais
C:\Users\eduar\Desktop\Soybe-main\data\com_fundo\RGB_JPG_Normais\grao_DSC_0216_id74.png,RGB_JPG_Normais,RGB_JPG_Normais
C:\Users\eduar\Desktop\Soybe-main\data\com_fundo\RGB_JPG_Normais\grao_DSC_0216_id8.png,RGB_JPG_Normais,RGB_JPG_Normais
C:\Users\eduar\Desktop\Soybe-main\data\com_fundo\RGB_JPG_Normais\grao_DSC_0216_id9.png,RGB_JPG_Normais,RGB_JPG_Normais
C:\Users\eduar\Desktop\Soybe-main\data\com_fundo\RGB_JPG_Normais\grao_DSC_0222_id1.png,RGB_JPG_Normais,RGB_JPG_Normais
C:\Users\eduar\Desktop\Soybe-main\data\com_fundo\RGB_JPG_Normais\grao_DSC_0222_id10.png,RGB_JPG_Normais,RGB_JPG_Normais
C:\Users\eduar\Desktop\Soybe-main\data\com_fundo\RGB_JPG_Normais\grao_DSC_0222_id11.png,RGB_JPG_Normais,RGB_JPG_Normais
C:\Users\eduar\Desktop\Soybe-main\data\com_fundo\RGB_JPG_Normais\grao_DSC_0222_id12.png,RGB_JPG_Normais,RGB_JPG_Normais
C:\Users\eduar\Desktop\Soybe-main\data\com_fundo\RGB_JPG_Normais\grao_DSC_0222_id13.png,RGB_JPG_Normais,RGB_JPG_Normais
C:\Users\eduar\Desktop\Soybe-main\data\com_fundo\RGB_JPG_Normais\grao_DSC_0222_id14.png,RGB_JPG_Normais,RGB_JPG_Normais
C:\Users\eduar\Desktop\Soybe-main\data\com_fundo\RGB_JPG_Normais\grao_DSC_0222_id15.png,RGB_JPG_Normais,RGB_JPG_Normais
C:\Users\eduar\Desktop\Soybe-main\data\com_fundo\RGB_JPG_Normais\grao_DSC_0222_id16.png,RGB_JPG_Normais,RGB_JPG_Normais
C:\Users\eduar\Desktop\Soybe-main\data\com_fundo\RGB_JPG_Normais\grao_DSC_0222_id17.png,RGB_JPG_Normais,RGB_JPG_Normais
C:\Users\eduar\Desktop\Soybe-main\data\com_fundo\RGB_JPG_Normais\grao_DSC_0222_id18.png,RGB_JPG_Normais,RGB_JPG_Normais
C:\Users\eduar\Desktop\Soybe-main\data\com_fundo\RGB_JPG_Normais\grao_DSC_0222_id19.png,RGB_JPG_Normais,RGB_JPG_Normais
C:\Users\eduar\Desktop\Soybe-main\data\com_fundo\RGB_JPG_Normais\grao_DSC_0222_id2.png,RGB_JPG_Normais,RGB_JPG_Normais
C:\Users\eduar\Desktop\Soybe-main\data\com_fundo\RGB_JPG_Normais\grao_DSC_0222_id20.png,RGB_JPG_Normais,RGB_JPG_Normais
C:\Users\eduar\Desktop\Soybe-main\data\com_fundo\RGB_JPG_Normais\grao_DSC_0222_id21.png,RGB_JPG_Normais,RGB_JPG_Normais
C:\Users\eduar\Desktop\Soybe-main\data\com_fundo\RGB_JPG_Normais\grao_DSC_0222_id22.png,RGB_JPG_Normais,RGB_JPG_Normais
C:\Users\eduar\Desktop\Soybe-main\data\com_fundo\RGB_JPG_Normais\grao_DSC_0222_id23.png,RGB_JPG_Normais,RGB_JPG_Normais
C:\Users\eduar\Desktop\Soybe-main\data\com_fundo\RGB_JPG_Normais\grao_DSC_0222_id24.png,RGB_JPG_Normais,RGB_JPG_Normais
C:\Users\eduar\Desktop\Soybe-main\data\com_fundo\RGB_JPG_Normais\grao_DSC_0222_id25.png,RGB_JPG_Normais,RGB_JPG_Normais
C:\Users\eduar\Desktop\Soybe-main\data\com_fundo\RGB_JPG_Normais\grao_DSC_0222_id26.png,RGB_JPG_Normais,RGB_JPG_Normais
C:\Users\eduar\Desktop\Soybe-main\data\com_fundo\RGB_JPG_Normais\grao_DSC_0222_id27.png,RGB_JPG_Normais,RGB_JPG_Normais
C:\Users\eduar\Desktop\Soybe-main\data\com_fundo\RGB_JPG_Normais\grao_DSC_0222_id28.png,RGB_JPG_Normais,RGB_JPG_Normais
C:\Users\eduar\Desktop\Soybe-main\data\com_fundo\RGB_JPG_Normais\grao_DSC_0222_id29.png,RGB_JPG_Normais,RGB_JPG_Normais
C:\Users\eduar\Desktop\Soybe-main\data\com_fundo\RGB_JPG_Normais\grao_DSC_0222_id3.png,RGB_JPG_Normais,RGB_JPG_Normais
C:\Users\eduar\Desktop\Soybe-main\data\com_fundo\RGB_JPG_Normais\grao_DSC_0222_id30.png,RGB_JPG_Normais,RGB_JPG_Normais
C:\Users\eduar\Desktop\Soybe-main\data\com_fundo\RGB_JPG_Normais\grao_DSC_0222_id31.png,RGB_JPG_Normais,RGB_JPG_Normais
C:\Users\eduar\Desktop\Soybe-main\data\com_fundo\RGB_JPG_Normais\grao_DSC_0222_id32.png,RGB_JPG_Normais,RGB_JPG_Normais
C:\Users\eduar\Desktop\Soybe-main\data\com_fundo\RGB_JPG_Normais\grao_DSC_0222_id33.png,RGB_JPG_Normais,RGB_JPG_Normais
C:\Users\eduar\Desktop\Soybe-main\data\com_fundo\RGB_JPG_Normais\grao_DSC_0222_id34.png,RGB_JPG_Normais,RGB_JPG_Normais
C:\Users\eduar\Desktop\Soybe-main\data\com_fundo\RGB_JPG_Normais\grao_DSC_0222_id35.png,RGB_JPG_Normais,RGB_JPG_Normais
C:\Users\eduar\Desktop\Soybe-main\data\com_fundo\RGB_JPG_Normais\grao_DSC_0222_id36.png,RGB_JPG_Normais,RGB_JPG_Normais
C:\Users\eduar\Desktop\Soybe-main\data\com_fundo\RGB_JPG_Normais\grao_DSC_0222_id37.png,RGB_JPG_Normais,RGB_JPG_Normais
C:\Users\eduar\Desktop\Soybe-main\data\com_fundo\RGB_JPG_Normais\grao_DSC_0222_id39.png,RGB_JPG_Normais,RGB_JPG_Normais
C:\Users\eduar\Desktop\Soybe-main\data\com_fundo\RGB_JPG_Normais\grao_DSC_0222_id4.png,RGB_JPG_Normais,RGB_JPG_Normais
C:\Users\eduar\Desktop\Soybe-main\data\com_fundo\RGB_JPG_Normais\grao_DSC_0222_id40.png,RGB_JPG_Normais,RGB_JPG_Normais
C:\Users\eduar\Desktop\Soybe-main\data\com_fundo\RGB_JPG_Normais\grao_DSC_0222_id41.png,RGB_JPG_Normais,RGB_JPG_Normais
C:\Users\eduar\Desktop\Soybe-main\data\com_fundo\RGB_JPG_Normais\grao_DSC_0222_id42.png,RGB_JPG_Normais,RGB_JPG_Normais
C:\Users\eduar\Desktop\Soybe-main\data\com_fundo\RGB_JPG_Normais\grao_DSC_0222_id43.png,RGB_JPG_Normais,RGB_JPG_Normais
C:\Users\eduar\Desktop\Soybe-main\data\com_fundo\RGB_JPG_Normais\grao_DSC_0222_id44.png,RGB_JPG_Normais,RGB_JPG_Normais
C:\Users\eduar\Desktop\Soybe-main\data\com_fundo\RGB_JPG_Normais\grao_DSC_0222_id45.png,RGB_JPG_Normais,RGB_JPG_Normais
C:\Users\eduar\Desktop\Soybe-main\data\com_fundo\RGB_JPG_Normais\grao_DSC_0222_id46.png,RGB_JPG_Normais,RGB_JPG_Normais
C:\Users\eduar\Desktop\Soybe-main\data\com_fundo\RGB_JPG_Normais\grao_DSC_0222_id47.png,RGB_JPG_Normais,RGB_JPG_Normais
C:\Users\eduar\Desktop\Soybe-main\data\com_fundo\RGB_JPG_Normais\grao_DSC_0222_id48.png,RGB_JPG_Normais,RGB_JPG_Normais
C:\Users\eduar\Desktop\Soybe-main\data\com_fundo\RGB_JPG_Normais\grao_DSC_0222_id49.png,RGB_JPG_Normais,RGB_JPG_Normais
C:\Users\eduar\Desktop\Soybe-main\data\com_fundo\RGB_JPG_Normais\grao_DSC_0222_id5.png,RGB_JPG_Normais,RGB_JPG_Normais
C:\Users\eduar\Desktop\Soybe-main\data\com_fundo\RGB_JPG_Normais\grao_DSC_0222_id50.png,RGB_JPG_Normais,RGB_JPG_Normais
C:\Users\eduar\Desktop\Soybe-main\data\com_fundo\RGB_JPG_Normais\grao_DSC_0222_id51.png,RGB_JPG_Normais,RGB_JPG_Normais
C:\Users\eduar\Desktop\Soybe-main\data\com_fundo\RGB_JPG_Normais\grao_DSC_0222_id6.png,RGB_JPG_Normais,RGB_JPG_Normais
C:\Users\eduar\Desktop\Soybe-main\data\com_fundo\RGB_JPG_Normais\grao_DSC_0222_id7.png,RGB_JPG_Normais,RGB_JPG_Normais
C:\Users\eduar\Desktop\Soybe-main\data\com_fundo\RGB_JPG_Normais\grao_DSC_0222_id8.png,RGB_JPG_Normais,RGB_JPG_Normais
C:\Users\eduar\Desktop\Soybe-main\data\com_fundo\RGB_JPG_Normais\grao_DSC_0222_id9.png,RGB_JPG_Normais,RGB_JPG_Normais
C:\Users\eduar\Desktop\Soybe-main\data\com_fundo\RGB_JPG_Normais\grao_DSC_0375_id1.png,RGB_JPG_Normais,RGB_JPG_Normais
C:\Users\eduar\Desktop\Soybe-main\data\com_fundo\RGB_JPG_Normais\grao_DSC_0375_id10.png,RGB_JPG_Normais,RGB_JPG_Normais
C:\Users\eduar\Desktop\Soybe-main\data\com_fundo\RGB_JPG_Normais\grao_DSC_0375_id100.png,RGB_JPG_Normais,RGB_JPG_Normais
C:\Users\eduar\Desktop\Soybe-main\data\com_fundo\RGB_JPG_Normais\grao_DSC_0375_id101.png,RGB_JPG_Normais,RGB_JPG_Normais
C:\Users\eduar\Desktop\Soybe-main\data\com_fundo\RGB_JPG_Normais\grao_DSC_0375_id102.png,RGB_JPG_Normais,RGB_JPG_Normais
C:\Users\eduar\Desktop\Soybe-main\data\com_fundo\RGB_JPG_Normais\grao_DSC_0375_id103.png,RGB_JPG_Normais,RGB_JPG_Normais
C:\Users\eduar\Desktop\Soybe-main\data\com_fundo\RGB_JPG_Normais\grao_DSC_0375_id104.png,RGB_JPG_Normais,RGB_JPG_Normais
C:\Users\eduar\Desktop\Soybe-main\data\com_fundo\RGB_JPG_Normais\grao_DSC_0375_id105.png,RGB_JPG_Normais,RGB_JPG_Normais
C:\Users\eduar\Desktop\Soybe-main\data\com_fundo\RGB_JPG_Normais\grao_DSC_0375_id106.png,RGB_JPG_Normais,RGB_JPG_Normais
C:\Users\eduar\Desktop\Soybe-main\data\com_fundo\RGB_JPG_Normais\grao_DSC_0375_id107.png,RGB_JPG_Normais,RGB_JPG_Normais
C:\Users\eduar\Desktop\Soybe-main\data\com_fundo\RGB_JPG_Normais\grao_DSC_0375_id108.png,RGB_JPG_Normais,RGB_JPG_Normais
C:\Users\eduar\Desktop\Soybe-main\data\com_fundo\RGB_JPG_Normais\grao_DSC_0375_id109.png,RGB_JPG_Normais,RGB_JPG_Normais
C:\Users\eduar\Desktop\Soybe-main\data\com_fundo\RGB_JPG_Normais\grao_DSC_0375_id11.png,RGB_JPG_Normais,RGB_JPG_Normais
C:\Users\eduar\Desktop\Soybe-main\data\com_fundo\RGB_JPG_Normais\grao_DSC_0375_id12.png,RGB_JPG_Normais,RGB_JPG_Normais
C:\Users\eduar\Desktop\Soybe-main\data\com_fundo\RGB_JPG_Normais\grao_DSC_0375_id13.png,RGB_JPG_Normais,RGB_JPG_Normais
C:\Users\eduar\Desktop\Soybe-main\data\com_fundo\RGB_JPG_Normais\grao_DSC_0375_id14.png,RGB_JPG_Normais,RGB_JPG_Normais
C:\Users\eduar\Desktop\Soybe-main\data\com_fundo\RGB_JPG_Normais\grao_DSC_0375_id15.png,RGB_JPG_Normais,RGB_JPG_QUEBRADOS
C:\Users\eduar\Desktop\Soybe-main\data\com_fundo\RGB_JPG_Normais\grao_DSC_0375_id16.png,RGB_JPG_Normais,RGB_JPG_Normais
C:\Users\eduar\Desktop\Soybe-main\data\com_fundo\RGB_JPG_Normais\grao_DSC_0375_id17.png,RGB_JPG_Normais,RGB_JPG_Normais
C:\Users\eduar\Desktop\Soybe-main\data\com_fundo\RGB_JPG_Normais\grao_DSC_0375_id18.png,RGB_JPG_Normais,RGB_JPG_Normais
C:\Users\eduar\Desktop\Soybe-main\data\com_fundo\RGB_JPG_Normais\grao_DSC_0375_id19.png,RGB_JPG_Normais,RGB_JPG_Normais
C:\Users\eduar\Desktop\Soybe-main\data\com_fundo\RGB_JPG_Normais\grao_DSC_0375_id2.png,RGB_JPG_Normais,RGB_JPG_Normais
C:\Users\eduar\Desktop\Soybe-main\data\com_fundo\RGB_JPG_Normais\grao_DSC_0375_id20.png,RGB_JPG_Normais,RGB_JPG_Normais
C:\Users\eduar\Desktop\Soybe-main\data\com_fundo\RGB_JPG_Normais\grao_DSC_0375_id21.png,RGB_JPG_Normais,RGB_JPG_Normais
C:\Users\eduar\Desktop\Soybe-main\data\com_fundo\RGB_JPG_Normais\grao_DSC_0375_id22.png,RGB_JPG_Normais,RGB_JPG_Normais
C:\Users\eduar\Desktop\Soybe-main\data\com_fundo\RGB_JPG_Normais\grao_DSC_0375_id23.png,RGB_JPG_Normais,RGB_JPG_Normais
C:\Users\eduar\Desktop\Soybe-main\data\com_fundo\RGB_JPG_Normais\grao_DSC_0375_id24.png,RGB_JPG_Normais,RGB_JPG_Normais
C:\Users\eduar\Desktop\Soybe-main\data\com_fundo\RGB_JPG_Normais\grao_DSC_0375_id25.png,RGB_JPG_Normais,RGB_JPG_Normais
C:\Users\eduar\Desktop\Soybe-main\data\com_fundo\RGB_JPG_Normais\grao_DSC_0375_id26.png,RGB_JPG_Normais,RGB_JPG_Normais
C:\Users\eduar\Desktop\Soybe-main\data\com_fundo\RGB_JPG_Normais\grao_DSC_0375_id27.png,RGB_JPG_Normais,RGB_JPG_Normais
C:\Users\eduar\Desktop\Soybe-main\data\com_fundo\RGB_JPG_Normais\grao_DSC_0375_id28.png,RGB_JPG_Normais,RGB_JPG_Normais
C:\Users\eduar\Desktop\Soybe-main\data\com_fundo\RGB_JPG_Normais\grao_DSC_0375_id29.png,RGB_JPG_Normais,RGB_JPG_Normais
C:\Users\eduar\Desktop\Soybe-main\data\com_fundo\RGB_JPG_Normais\grao_DSC_0375_id3.png,RGB_JPG_Normais,RGB_JPG_Normais
C:\Users\eduar\Desktop\Soybe-main\data\com_fundo\RGB_JPG_Normais\grao_DSC_0375_id30.png,RGB_JPG_Normais,RGB_JPG_Normais
C:\Users\eduar\Desktop\Soybe-main\data\com_fundo\RGB_JPG_Normais\grao_DSC_0375_id31.png,RGB_JPG_Normais,RGB_JPG_Normais
C:\Users\eduar\Desktop\Soybe-main\data\com_fundo\RGB_JPG_Normais\grao_DSC_0375_id32.png,RGB_JPG_Normais,RGB_JPG_Normais
C:\Users\eduar\Desktop\Soybe-main\data\com_fundo\RGB_JPG_Normais\grao_DSC_0375_id33.png,RGB_JPG_Normais,RGB_JPG_Normais
C:\Users\eduar\Desktop\Soybe-main\data\com_fundo\RGB_JPG_Normais\grao_DSC_0375_id34.png,RGB_JPG_Normais,RGB_JPG_Normais
C:\Users\eduar\Desktop\Soybe-main\data\com_fundo\RGB_JPG_Normais\grao_DSC_0375_id35.png,RGB_JPG_Normais,RGB_JPG_Normais
C:\Users\eduar\Desktop\Soybe-main\data\com_fundo\RGB_JPG_Normais\grao_DSC_0375_id36.png,RGB_JPG_Normais,RGB_JPG_Normais
C:\Users\eduar\Desktop\Soybe-main\data\com_fundo\RGB_JPG_Normais\grao_DSC_0375_id37.png,RGB_JPG_Normais,RGB_JPG_CHOCHOS
C:\Users\eduar\Desktop\Soybe-main\data\com_fundo\RGB_JPG_Normais\grao_DSC_0375_id38.png,RGB_JPG_Normais,RGB_JPG_Normais
C:\Users\eduar\Desktop\Soybe-main\data\com_fundo\RGB_JPG_Normais\grao_DSC_0375_id39.png,RGB_JPG_Normais,RGB_JPG_Normais
C:\Users\eduar\Desktop\Soybe-main\data\com_fundo\RGB_JPG_Normais\grao_DSC_0375_id4.png,RGB_JPG_Normais,RGB_JPG_Normais
C:\Users\eduar\Desktop\Soybe-main\data\com_fundo\RGB_JPG_Normais\grao_DSC_0375_id40.png,RGB_JPG_Normais,RGB_JPG_Normais
C:\Users\eduar\Desktop\Soybe-main\data\com_fundo\RGB_JPG_Normais\grao_DSC_0375_id41.png,RGB_JPG_Normais,RGB_JPG_Normais
C:\Users\eduar\Desktop\Soybe-main\data\com_fundo\RGB_JPG_Normais\grao_DSC_0375_id43.png,RGB_JPG_Normais,RGB_JPG_Normais
C:\Users\eduar\Desktop\Soybe-main\data\com_fundo\RGB_JPG_Normais\grao_DSC_0375_id44.png,RGB_JPG_Normais,RGB_JPG_Normais
C:\Users\eduar\Desktop\Soybe-main\data\com_fundo\RGB_JPG_Normais\grao_DSC_0375_id45.png,RGB_JPG_Normais,RGB_JPG_Normais
C:\Users\eduar\Desktop\Soybe-main\data\com_fundo\RGB_JPG_Normais\grao_DSC_0375_id46.png,RGB_JPG_Normais,RGB_JPG_Normais
C:\Users\eduar\Desktop\Soybe-main\data\com_fundo\RGB_JPG_Normais\grao_DSC_0375_id47.png,RGB_JPG_Normais,RGB_JPG_Normais
C:\Users\eduar\Desktop\Soybe-main\data\com_fundo\RGB_JPG_Normais\grao_DSC_0375_id48.png,RGB_JPG_Normais,RGB_JPG_Normais
C:\Users\eduar\Desktop\Soybe-main\data\com_fundo\RGB_JPG_Normais\grao_DSC_0375_id49.png,RGB_JPG_Normais,RGB_JPG_Normais
C:\Users\eduar\Desktop\Soybe-main\data\com_fundo\RGB_JPG_Normais\grao_DSC_0375_id5.png,RGB_JPG_Normais,RGB_JPG_Normais
C:\Users\eduar\Desktop\Soybe-main\data\com_fundo\RGB_JPG_Normais\grao_DSC_0375_id50.png,RGB_JPG_Normais,RGB_JPG_Normais
C:\Users\eduar\Desktop\Soybe-main\data\com_fundo\RGB_JPG_Normais\grao_DSC_0375_id51.png,RGB_JPG_Normais,RGB_JPG_Normais
C:\Users\eduar\Desktop\Soybe-main\data\com_fundo\RGB_JPG_Normais\grao_DSC_0375_id52.png,RGB_JPG_Normais,RGB_JPG_Normais
C:\Users\eduar\Desktop\Soybe-main\data\com_fundo\RGB_JPG_Normais\grao_DSC_0375_id53.png,RGB_JPG_Normais,RGB_JPG_Normais
C:\Users\eduar\Desktop\Soybe-main\data\com_fundo\RGB_JPG_Normais\grao_DSC_0375_id54.png,RGB_JPG_Normais,RGB_JPG_Normais
C:\Users\eduar\Desktop\Soybe-main\data\com_fundo\RGB_JPG_Normais\grao_DSC_0375_id55.png,RGB_JPG_Normais,RGB_JPG_Normais
C:\Users\eduar\Desktop\Soybe-main\data\com_fundo\RGB_JPG_Normais\grao_DSC_0375_id56.png,RGB_JPG_Normais,RGB_JPG_Normais
C:\Users\eduar\Desktop\Soybe-main\data\com_fundo\RGB_JPG_Normais\grao_DSC_0375_id57.png,RGB_JPG_Normais,RGB_JPG_Normais
C:\Users\eduar\Desktop\Soybe-main\data\com_fundo\RGB_JPG_Normais\grao_DSC_0375_id58.png,RGB_JPG_Normais,RGB_JPG_Normais
C:\Users\eduar\Desktop\Soybe-main\data\com_fundo\RGB_JPG_Normais\grao_DSC_0375_id59.png,RGB_JPG_Normais,RGB_JPG_Normais
C:\Users\eduar\Desktop\Soybe-main\data\com_fundo\RGB_JPG_Normais\grao_DSC_0375_id6.png,RGB_JPG_Normais,RGB_JPG_CHOCHOS
C:\Users\eduar\Desktop\Soybe-main\data\com_fundo\RGB_JPG_Normais\grao_DSC_0375_id60.png,RGB_JPG_Normais,RGB_JPG_Normais
C:\Users\eduar\Desktop\Soybe-main\data\com_fundo\RGB_JPG_Normais\grao_DSC_0375_id61.png,RGB_JPG_Normais,RGB_JPG_Normais
C:\Users\eduar\Desktop\Soybe-main\data\com_fundo\RGB_JPG_Normais\grao_DSC_0375_id62.png,RGB_JPG_Normais,RGB_JPG_Normais
C:\Users\eduar\Desktop\Soybe-main\data\com_fundo\RGB_JPG_Normais\grao_DSC_0375_id63.png,RGB_JPG_Normais,RGB_JPG_Normais
C:\Users\eduar\Desktop\Soybe-main\data\com_fundo\RGB_JPG_Normais\grao_DSC_0375_id64.png,RGB_JPG_Normais,RGB_JPG_Normais
C:\Users\eduar\Desktop\Soybe-main\data\com_fundo\RGB_JPG_Normais\grao_DSC_0375_id65.png,RGB_JPG_Normais,RGB_JPG_Normais
C:\Users\eduar\Desktop\Soybe-main\data\com_fundo\RGB_JPG_Normais\grao_DSC_0375_id66.png,RGB_JPG_Normais,RGB_JPG_Normais
C:\Users\eduar\Desktop\Soybe-main\data\com_fundo\RGB_JPG_Normais\grao_DSC_0375_id67.png,RGB_JPG_Normais,RGB_JPG_Normais
C:\Users\eduar\Desktop\Soybe-main\data\com_fundo\RGB_JPG_Normais\grao_DSC_0375_id68.png,RGB_JPG_Normais,RGB_JPG_Normais
C:\Users\eduar\Desktop\Soybe-main\data\com_fundo\RGB_JPG_Normais\grao_DSC_0375_id69.png,RGB_JPG_Normais,RGB_JPG_Normais
C:\Users\eduar\Desktop\Soybe-main\data\com_fundo\RGB_JPG_Normais\grao_DSC_0375_id7.png,RGB_JPG_Normais,RGB_JPG_Normais
C:\Users\eduar\Desktop\Soybe-main\data\com_fundo\RGB_JPG_Normais\grao_DSC_0375_id70.png,RGB_JPG_Normais,RGB_JPG_QUEBRADOS
C:\Users\eduar\Desktop\Soybe-main\data\com_fundo\RGB_JPG_Normais\grao_DSC_0375_id71.png,RGB_JPG_Normais,RGB_JPG_Normais
C:\Users\eduar\Desktop\Soybe-main\data\com_fundo\RGB_JPG_Normais\grao_DSC_0375_id72.png,RGB_JPG_Normais,RGB_JPG_Normais
C:\Users\eduar\Desktop\Soybe-main\data\com_fundo\RGB_JPG_Normais\grao_DSC_0375_id73.png,RGB_JPG_Normais,RGB_JPG_Normais
C:\Users\eduar\Desktop\Soybe-main\data\com_fundo\RGB_JPG_Normais\grao_DSC_0375_id74.png,RGB_JPG_Normais,RGB_JPG_Normais
C:\Users\eduar\Desktop\Soybe-main\data\com_fundo\RGB_JPG_Normais\grao_DSC_0375_id75.png,RGB_JPG_Normais,RGB_JPG_Normais
C:\Users\eduar\Desktop\Soybe-main\data\com_fundo\RGB_JPG_Normais\grao_DSC_0375_id76.png,RGB_JPG_Normais,RGB_JPG_Normais
C:\Users\eduar\Desktop\Soybe-main\data\com_fundo\RGB_JPG_Normais\grao_DSC_0375_id77.png,RGB_JPG_Normais,RGB_JPG_Normais
C:\Users\eduar\Desktop\Soybe-main\data\com_fundo\RGB_JPG_Normais\grao_DSC_0375_id78.png,RGB_JPG_Normais,RGB_JPG_Normais
C:\Users\eduar\Desktop\Soybe-main\data\com_fundo\RGB_JPG_Normais\grao_DSC_0375_id79.png,RGB_JPG_Normais,RGB_JPG_Normais
C:\Users\eduar\Desktop\Soybe-main\data\com_fundo\RGB_JPG_Normais\grao_DSC_0375_id8.png,RGB_JPG_Normais,RGB_JPG_Normais
C:\Users\eduar\Desktop\Soybe-main\data\com_fundo\RGB_JPG_Normais\grao_DSC_0375_id80.png,RGB_JPG_Normais,RGB_JPG_Normais
C:\Users\eduar\Desktop\Soybe-main\data\com_fundo\RGB_JPG_Normais\grao_DSC_0375_id81.png,RGB_JPG_Normais,RGB_JPG_Normais
C:\Users\eduar\Desktop\Soybe-main\data\com_fundo\RGB_JPG_Normais\grao_DSC_0375_id82.png,RGB_JPG_Normais,RGB_JPG_Normais
C:\Users\eduar\Desktop\Soybe-main\data\com_fundo\RGB_JPG_Normais\grao_DSC_0375_id83.png,RGB_JPG_Normais,RGB_JPG_Normais
C:\Users\eduar\Desktop\Soybe-main\data\com_fundo\RGB_JPG_Normais\grao_DSC_0375_id84.png,RGB_JPG_Normais,RGB_JPG_Normais
C:\Users\eduar\Desktop\Soybe-main\data\com_fundo\RGB_JPG_Normais\grao_DSC_0375_id85.png,RGB_JPG_Normais,RGB_JPG_Normais
C:\Users\eduar\Desktop\Soybe-main\data\com_fundo\RGB_JPG_Normais\grao_DSC_0375_id86.png,RGB_JPG_Normais,RGB_JPG_Normais
C:\Users\eduar\Desktop\Soybe-main\data\com_fundo\RGB_JPG_Normais\grao_DSC_0375_id87.png,RGB_JPG_Normais,RGB_JPG_Normais
C:\Users\eduar\Desktop\Soybe-main\data\com_fundo\RGB_JPG_Normais\grao_DSC_0375_id88.png,RGB_JPG_Normais,RGB_JPG_Normais
C:\Users\eduar\Desktop\Soybe-main\data\com_fundo\RGB_JPG_Normais\grao_DSC_0375_id89.png,RGB_JPG_Normais,RGB_JPG_Normais
C:\Users\eduar\Desktop\Soybe-main\data\com_fundo\RGB_JPG_Normais\grao_DSC_0375_id9.png,RGB_JPG_Normais,RGB_JPG_Normais
C:\Users\eduar\Desktop\Soybe-main\data\com_fundo\RGB_JPG_Normais\grao_DSC_0375_id90.png,RGB_JPG_Normais,RGB_JPG_Normais
C:\Users\eduar\Desktop\Soybe-main\data\com_fundo\RGB_JPG_Normais\grao_DSC_0375_id91.png,RGB_JPG_Normais,RGB_JPG_Normais
C:\Users\eduar\Desktop\Soybe-main\data\com_fundo\RGB_JPG_Normais\grao_DSC_0375_id92.png,RGB_JPG_Normais,RGB_JPG_Normais
C:\Users\eduar\Desktop\Soybe-main\data\com_fundo\RGB_JPG_Normais\grao_DSC_0375_id93.png,RGB_JPG_Normais,RGB_JPG_Normais
C:\Users\eduar\Desktop\Soybe-main\data\com_fundo\RGB_JPG_Normais\grao_DSC_0375_id94.png,RGB_JPG_Normais,RGB_JPG_Normais
C:\Users\eduar\Desktop\Soybe-main\data\com_fundo\RGB_JPG_Normais\grao_DSC_0375_id95.png,RGB_JPG_Normais,RGB_JPG_Normais
C:\Users\eduar\Desktop\Soybe-main\data\com_fundo\RGB_JPG_Normais\grao_DSC_0375_id96.png,RGB_JPG_Normais,RGB_JPG_Normais
C:\Users\eduar\Desktop\Soybe-main\data\com_fundo\RGB_JPG_Normais\grao_DSC_0375_id97.png,RGB_JPG_Normais,RGB_JPG_Normais
C:\Users\eduar\Desktop\Soybe-main\data\com_fundo\RGB_JPG_Normais\grao_DSC_0375_id98.png,RGB_JPG_Normais,RGB_JPG_Normais
C:\Users\eduar\Desktop\Soybe-main\data\com_fundo\RGB_JPG_Normais\grao_DSC_0375_id99.png,RGB_JPG_Normais,RGB_JPG_Normais
C:\Users\eduar\Desktop\Soybe-main\data\com_fundo\RGB_JPG_Normais\grao_DSC_0383_id1.png,RGB_JPG_Normais,RGB_JPG_Normais
C:\Users\eduar\Desktop\Soybe-main\data\com_fundo\RGB_JPG_Normais\grao_DSC_0383_id10.png,RGB_JPG_Normais,RGB_JPG_Normais
C:\Users\eduar\Desktop\Soybe-main\data\com_fundo\RGB_JPG_Normais\grao_DSC_0383_id100.png,RGB_JPG_Normais,RGB_JPG_Normais
C:\Users\eduar\Desktop\Soybe-main\data\com_fundo\RGB_JPG_Normais\grao_DSC_0383_id101.png,RGB_JPG_Normais,RGB_JPG_Normais
C:\Users\eduar\Desktop\Soybe-main\data\com_fundo\RGB_JPG_Normais\grao_DSC_0383_id102.png,RGB_JPG_Normais,RGB_JPG_Normais
C:\Users\eduar\Desktop\Soybe-main\data\com_fundo\RGB_JPG_Normais\grao_DSC_0383_id103.png,RGB_JPG_Normais,RGB_JPG_Normais
C:\Users\eduar\Desktop\Soybe-main\data\com_fundo\RGB_JPG_Normais\grao_DSC_0383_id104.png,RGB_JPG_Normais,RGB_JPG_Normais
C:\Users\eduar\Desktop\Soybe-main\data\com_fundo\RGB_JPG_Normais\grao_DSC_0383_id105.png,RGB_JPG_Normais,RGB_JPG_CHOCHOS
C:\Users\eduar\Desktop\Soybe-main\data\com_fundo\RGB_JPG_Normais\grao_DSC_0383_id106.png,RGB_JPG_Normais,RGB_JPG_Normais
C:\Users\eduar\Desktop\Soybe-main\data\com_fundo\RGB_JPG_Normais\grao_DSC_0383_id107.png,RGB_JPG_Normais,RGB_JPG_CHOCHOS
C:\Users\eduar\Desktop\Soybe-main\data\com_fundo\RGB_JPG_Normais\grao_DSC_0383_id108.png,RGB_JPG_Normais,RGB_JPG_Normais
C:\Users\eduar\Desktop\Soybe-main\data\com_fundo\RGB_JPG_Normais\grao_DSC_0383_id109.png,RGB_JPG_Normais,RGB_JPG_Normais
C:\Users\eduar\Desktop\Soybe-main\data\com_fundo\RGB_JPG_Normais\grao_DSC_0383_id11.png,RGB_JPG_Normais,RGB_JPG_Normais
C:\Users\eduar\Desktop\Soybe-main\data\com_fundo\RGB_JPG_Normais\grao_DSC_0383_id110.png,RGB_JPG_Normais,RGB_JPG_Normais
C:\Users\eduar\Desktop\Soybe-main\data\com_fundo\RGB_JPG_Normais\grao_DSC_0383_id111.png,RGB_JPG_Normais,RGB_JPG_Normais
C:\Users\eduar\Desktop\Soybe-main\data\com_fundo\RGB_JPG_Normais\grao_DSC_0383_id112.png,RGB_JPG_Normais,RGB_JPG_Normais
C:\Users\eduar\Desktop\Soybe-main\data\com_fundo\RGB_JPG_Normais\grao_DSC_0383_id113.png,RGB_JPG_Normais,RGB_JPG_Normais
C:\Users\eduar\Desktop\Soybe-main\data\com_fundo\RGB_JPG_Normais\grao_DSC_0383_id12.png,RGB_JPG_Normais,RGB_JPG_Normais
C:\Users\eduar\Desktop\Soybe-main\data\com_fundo\RGB_JPG_Normais\grao_DSC_0383_id13.png,RGB_JPG_Normais,RGB_JPG_Normais
C:\Users\eduar\Desktop\Soybe-main\data\com_fundo\RGB_JPG_Normais\grao_DSC_0383_id14.png,RGB_JPG_Normais,RGB_JPG_Normais
C:\Users\eduar\Desktop\Soybe-main\data\com_fundo\RGB_JPG_Normais\grao_DSC_0383_id15.png,RGB_JPG_Normais,RGB_JPG_Normais
C:\Users\eduar\Desktop\Soybe-main\data\com_fundo\RGB_JPG_Normais\grao_DSC_0383_id16.png,RGB_JPG_Normais,RGB_JPG_Normais
C:\Users\eduar\Desktop\Soybe-main\data\com_fundo\RGB_JPG_Normais\grao_DSC_0383_id17.png,RGB_JPG_Normais,RGB_JPG_Normais
C:\Users\eduar\Desktop\Soybe-main\data\com_fundo\RGB_JPG_Normais\grao_DSC_0383_id18.png,RGB_JPG_Normais,RGB_JPG_Normais
C:\Users\eduar\Desktop\Soybe-main\data\com_fundo\RGB_JPG_Normais\grao_DSC_0383_id19.png,RGB_JPG_Normais,RGB_JPG_Normais
C:\Users\eduar\Desktop\Soybe-main\data\com_fundo\RGB_JPG_Normais\grao_DSC_0383_id2.png,RGB_JPG_Normais,RGB_JPG_Normais
C:\Users\eduar\Desktop\Soybe-main\data\com_fundo\RGB_JPG_Normais\grao_DSC_0383_id20.png,RGB_JPG_Normais,RGB_JPG_Normais
C:\Users\eduar\Desktop\Soybe-main\data\com_fundo\RGB_JPG_Normais\grao_DSC_0383_id21.png,RGB_JPG_Normais,RGB_JPG_Normais
C:\Users\eduar\Desktop\Soybe-main\data\com_fundo\RGB_JPG_Normais\grao_DSC_0383_id22.png,RGB_JPG_Normais,RGB_JPG_QUEBRADOS
C:\Users\eduar\Desktop\Soybe-main\data\com_fundo\RGB_JPG_Normais\grao_DSC_0383_id23.png,RGB_JPG_Normais,RGB_JPG_Normais
C:\Users\eduar\Desktop\Soybe-main\data\com_fundo\RGB_JPG_Normais\grao_DSC_0383_id24.png,RGB_JPG_Normais,RGB_JPG_Normais
C:\Users\eduar\Desktop\Soybe-main\data\com_fundo\RGB_JPG_Normais\grao_DSC_0383_id25.png,RGB_JPG_Normais,RGB_JPG_Normais
C:\Users\eduar\Desktop\Soybe-main\data\com_fundo\RGB_JPG_Normais\grao_DSC_0383_id26.png,RGB_JPG_Normais,RGB_JPG_Normais
C:\Users\eduar\Desktop\Soybe-main\data\com_fundo\RGB_JPG_Normais\grao_DSC_0383_id27.png,RGB_JPG_Normais,RGB_JPG_Normais
C:\Users\eduar\Desktop\Soybe-main\data\com_fundo\RGB_JPG_Normais\grao_DSC_0383_id28.png,RGB_JPG_Normais,RGB_JPG_Normais
C:\Users\eduar\Desktop\Soybe-main\data\com_fundo\RGB_JPG_Normais\grao_DSC_0383_id29.png,RGB_JPG_Normais,RGB_JPG_Normais
C:\Users\eduar\Desktop\Soybe-main\data\com_fundo\RGB_JPG_Normais\grao_DSC_0383_id3.png,RGB_JPG_Normais,RGB_JPG_Normais
C:\Users\eduar\Desktop\Soybe-main\data\com_fundo\RGB_JPG_Normais\grao_DSC_0383_id30.png,RGB_JPG_Normais,RGB_JPG_Normais
C:\Users\eduar\Desktop\Soybe-main\data\com_fundo\RGB_JPG_Normais\grao_DSC_0383_id31.png,RGB_JPG_Normais,RGB_JPG_Normais
C:\Users\eduar\Desktop\Soybe-main\data\com_fundo\RGB_JPG_Normais\grao_DSC_0383_id32.png,RGB_JPG_Normais,RGB_JPG_Normais
C:\Users\eduar\Desktop\Soybe-main\data\com_fundo\RGB_JPG_Normais\grao_DSC_0383_id33.png,RGB_JPG_Normais,RGB_JPG_Normais
C:\Users\eduar\Desktop\Soybe-main\data\com_fundo\RGB_JPG_Normais\grao_DSC_0383_id34.png,RGB_JPG_Normais,RGB_JPG_Normais
C:\Users\eduar\Desktop\Soybe-main\data\com_fundo\RGB_JPG_Normais\grao_DSC_0383_id35.png,RGB_JPG_Normais,RGB_JPG_Normais
C:\Users\eduar\Desktop\Soybe-main\data\com_fundo\RGB_JPG_Normais\grao_DSC_0383_id36.png,RGB_JPG_Normais,RGB_JPG_Normais
C:\Users\eduar\Desktop\Soybe-main\data\com_fundo\RGB_JPG_Normais\grao_DSC_0383_id37.png,RGB_JPG_Normais,RGB_JPG_Normais
C:\Users\eduar\Desktop\Soybe-main\data\com_fundo\RGB_JPG_Normais\grao_DSC_0383_id38.png,RGB_JPG_Normais,RGB_JPG_Normais
C:\Users\eduar\Desktop\Soybe-main\data\com_fundo\RGB_JPG_Normais\grao_DSC_0383_id39.png,RGB_JPG_Normais,RGB_JPG_Normais
C:\Users\eduar\Desktop\Soybe-main\data\com_fundo\RGB_JPG_Normais\grao_DSC_0383_id4.png,RGB_JPG_Normais,RGB_JPG_Normais
C:\Users\eduar\Desktop\Soybe-main\data\com_fundo\RGB_JPG_Normais\grao_DSC_0383_id40.png,RGB_JPG_Normais,RGB_JPG_Normais
C:\Users\eduar\Desktop\Soybe-main\data\com_fundo\RGB_JPG_Normais\grao_DSC_0383_id41.png,RGB_JPG_Normais,RGB_JPG_Normais
C:\Users\eduar\Desktop\Soybe-main\data\com_fundo\RGB_JPG_Normais\grao_DSC_0383_id42.png,RGB_JPG_Normais,RGB_JPG_Normais
C:\Users\eduar\Desktop\Soybe-main\data\com_fundo\RGB_JPG_Normais\grao_DSC_0383_id43.png,RGB_JPG_Normais,RGB_JPG_Normais
C:\Users\eduar\Desktop\Soybe-main\data\com_fundo\RGB_JPG_Normais\grao_DSC_0383_id44.png,RGB_JPG_Normais,RGB_JPG_Normais
C:\Users\eduar\Desktop\Soybe-main\data\com_fundo\RGB_JPG_Normais\grao_DSC_0383_id45.png,RGB_JPG_Normais,RGB_JPG_Normais
C:\Users\eduar\Desktop\Soybe-main\data\com_fundo\RGB_JPG_Normais\grao_DSC_0383_id46.png,RGB_JPG_Normais,RGB_JPG_Normais
C:\Users\eduar\Desktop\Soybe-main\data\com_fundo\RGB_JPG_Normais\grao_DSC_0383_id47.png,RGB_JPG_Normais,RGB_JPG_Normais
C:\Users\eduar\Desktop\Soybe-main\data\com_fundo\RGB_JPG_Normais\grao_DSC_0383_id48.png,RGB_JPG_Normais,RGB_JPG_Normais
C:\Users\eduar\Desktop\Soybe-main\data\com_fundo\RGB_JPG_Normais\grao_DSC_0383_id49.png,RGB_JPG_Normais,RGB_JPG_Normais
C:\Users\eduar\Desktop\Soybe-main\data\com_fundo\RGB_JPG_Normais\grao_DSC_0383_id5.png,RGB_JPG_Normais,RGB_JPG_Normais
C:\Users\eduar\Desktop\Soybe-main\data\com_fundo\RGB_JPG_Normais\grao_DSC_0383_id50.png,RGB_JPG_Normais,RGB_JPG_Normais
C:\Users\eduar\Desktop\Soybe-main\data\com_fundo\RGB_JPG_Normais\grao_DSC_0383_id51.png,RGB_JPG_Normais,RGB_JPG_Normais
C:\Users\eduar\Desktop\Soybe-main\data\com_fundo\RGB_JPG_Normais\grao_DSC_0383_id52.png,RGB_JPG_Normais,RGB_JPG_Normais
C:\Users\eduar\Desktop\Soybe-main\data\com_fundo\RGB_JPG_Normais\grao_DSC_0383_id53.png,RGB_JPG_Normais,RGB_JPG_Normais
C:\Users\eduar\Desktop\Soybe-main\data\com_fundo\RGB_JPG_Normais\grao_DSC_0383_id54.png,RGB_JPG_Normais,RGB_JPG_Normais
C:\Users\eduar\Desktop\Soybe-main\data\com_fundo\RGB_JPG_Normais\grao_DSC_0383_id55.png,RGB_JPG_Normais,RGB_JPG_QUEBRADOS
C:\Users\eduar\Desktop\Soybe-main\data\com_fundo\RGB_JPG_Normais\grao_DSC_0383_id56.png,RGB_JPG_Normais,RGB_JPG_Normais
C:\Users\eduar\Desktop\Soybe-main\data\com_fundo\RGB_JPG_Normais\grao_DSC_0383_id57.png,RGB_JPG_Normais,RGB_JPG_Normais
C:\Users\eduar\Desktop\Soybe-main\data\com_fundo\RGB_JPG_Normais\grao_DSC_0383_id58.png,RGB_JPG_Normais,RGB_JPG_Normais
C:\Users\eduar\Desktop\Soybe-main\data\com_fundo\RGB_JPG_Normais\grao_DSC_0383_id59.png,RGB_JPG_Normais,RGB_JPG_Normais
C:\Users\eduar\Desktop\Soybe-main\data\com_fundo\RGB_JPG_Normais\grao_DSC_0383_id6.png,RGB_JPG_Normais,RGB_JPG_Normais
C:\Users\eduar\Desktop\Soybe-main\data\com_fundo\RGB_JPG_Normais\grao_DSC_0383_id60.png,RGB_JPG_Normais,RGB_JPG_Normais
C:\Users\eduar\Desktop\Soybe-main\data\com_fundo\RGB_JPG_Normais\grao_DSC_0383_id61.png,RGB_JPG_Normais,RGB_JPG_Normais
C:\Users\eduar\Desktop\Soybe-main\data\com_fundo\RGB_JPG_Normais\grao_DSC_0383_id62.png,RGB_JPG_Normais,RGB_JPG_Normais
C:\Users\eduar\Desktop\Soybe-main\data\com_fundo\RGB_JPG_Normais\grao_DSC_0383_id63.png,RGB_JPG_Normais,RGB_JPG_Normais
C:\Users\eduar\Desktop\Soybe-main\data\com_fundo\RGB_JPG_Normais\grao_DSC_0383_id64.png,RGB_JPG_Normais,RGB_JPG_Normais
C:\Users\eduar\Desktop\Soybe-main\data\com_fundo\RGB_JPG_Normais\grao_DSC_0383_id65.png,RGB_JPG_Normais,RGB_JPG_Normais
C:\Users\eduar\Desktop\Soybe-main\data\com_fundo\RGB_JPG_Normais\grao_DSC_0383_id66.png,RGB_JPG_Normais,RGB_JPG_Normais
C:\Users\eduar\Desktop\Soybe-main\data\com_fundo\RGB_JPG_Normais\grao_DSC_0383_id67.png,RGB_JPG_Normais,RGB_JPG_Normais
C:\Users\eduar\Desktop\Soybe-main\data\com_fundo\RGB_JPG_Normais\grao_DSC_0383_id68.png,RGB_JPG_Normais,RGB_JPG_QUEBRADOS
C:\Users\eduar\Desktop\Soybe-main\data\com_fundo\RGB_JPG_Normais\grao_DSC_0383_id69.png,RGB_JPG_Normais,RGB_JPG_Normais
C:\Users\eduar\Desktop\Soybe-main\data\com_fundo\RGB_JPG_Normais\grao_DSC_0383_id7.png,RGB_JPG_Normais,RGB_JPG_Normais
C:\Users\eduar\Desktop\Soybe-main\data\com_fundo\RGB_JPG_Normais\grao_DSC_0383_id70.png,RGB_JPG_Normais,RGB_JPG_Normais
C:\Users\eduar\Desktop\Soybe-main\data\com_fundo\RGB_JPG_Normais\grao_DSC_0383_id71.png,RGB_JPG_Normais,RGB_JPG_Normais
C:\Users\eduar\Desktop\Soybe-main\data\com_fundo\RGB_JPG_Normais\grao_DSC_0383_id72.png,RGB_JPG_Normais,RGB_JPG_Normais
C:\Users\eduar\Desktop\Soybe-main\data\com_fundo\RGB_JPG_Normais\grao_DSC_0383_id73.png,RGB_JPG_Normais,RGB_JPG_Normais
C:\Users\eduar\Desktop\Soybe-main\data\com_fundo\RGB_JPG_Normais\grao_DSC_0383_id74.png,RGB_JPG_Normais,RGB_JPG_QUEBRADOS
C:\Users\eduar\Desktop\Soybe-main\data\com_fundo\RGB_JPG_Normais\grao_DSC_0383_id75.png,RGB_JPG_Normais,RGB_JPG_Normais
C:\Users\eduar\Desktop\Soybe-main\data\com_fundo\RGB_JPG_Normais\grao_DSC_0383_id76.png,RGB_JPG_Normais,RGB_JPG_Normais
C:\Users\eduar\Desktop\Soybe-main\data\com_fundo\RGB_JPG_Normais\grao_DSC_0383_id77.png,RGB_JPG_Normais,RGB_JPG_Normais
C:\Users\eduar\Desktop\Soybe-main\data\com_fundo\RGB_JPG_Normais\grao_DSC_0383_id78.png,RGB_JPG_Normais,RGB_JPG_Normais
C:\Users\eduar\Desktop\Soybe-main\data\com_fundo\RGB_JPG_Normais\grao_DSC_0383_id79.png,RGB_JPG_Normais,RGB_JPG_Normais
C:\Users\eduar\Desktop\Soybe-main\data\com_fundo\RGB_JPG_Normais\grao_DSC_0383_id8.png,RGB_JPG_Normais,RGB_JPG_Normais
C:\Users\eduar\Desktop\Soybe-main\data\com_fundo\RGB_JPG_Normais\grao_DSC_0383_id80.png,RGB_JPG_Normais,RGB_JPG_Normais
C:\Users\eduar\Desktop\Soybe-main\data\com_fundo\RGB_JPG_Normais\grao_DSC_0383_id81.png,RGB_JPG_Normais,RGB_JPG_Normais
C:\Users\eduar\Desktop\Soybe-main\data\com_fundo\RGB_JPG_Normais\grao_DSC_0383_id82.png,RGB_JPG_Normais,RGB_JPG_Normais
C:\Users\eduar\Desktop\Soybe-main\data\com_fundo\RGB_JPG_Normais\grao_DSC_0383_id83.png,RGB_JPG_Normais,RGB_JPG_Normais
C:\Users\eduar\Desktop\Soybe-main\data\com_fundo\RGB_JPG_Normais\grao_DSC_0383_id84.png,RGB_JPG_Normais,RGB_JPG_Normais
C:\Users\eduar\Desktop\Soybe-main\data\com_fundo\RGB_JPG_Normais\grao_DSC_0383_id85.png,RGB_JPG_Normais,RGB_JPG_Normais
C:\Users\eduar\Desktop\Soybe-main\data\com_fundo\RGB_JPG_Normais\grao_DSC_0383_id86.png,RGB_JPG_Normais,RGB_JPG_Normais
C:\Users\eduar\Desktop\Soybe-main\data\com_fundo\RGB_JPG_Normais\grao_DSC_0383_id87.png,RGB_JPG_Normais,RGB_JPG_Normais
C:\Users\eduar\Desktop\Soybe-main\data\com_fundo\RGB_JPG_Normais\grao_DSC_0383_id88.png,RGB_JPG_Normais,RGB_JPG_Normais
C:\Users\eduar\Desktop\Soybe-main\data\com_fundo\RGB_JPG_Normais\grao_DSC_0383_id89.png,RGB_JPG_Normais,RGB_JPG_Normais
C:\Users\eduar\Desktop\Soybe-main\data\com_fundo\RGB_JPG_Normais\grao_DSC_0383_id9.png,RGB_JPG_Normais,RGB_JPG_Normais
C:\Users\eduar\Desktop\Soybe-main\data\com_fundo\RGB_JPG_Normais\grao_DSC_0383_id90.png,RGB_JPG_Normais,RGB_JPG_Normais
C:\Users\eduar\Desktop\Soybe-main\data\com_fundo\RGB_JPG_Normais\grao_DSC_0383_id91.png,RGB_JPG_Normais,RGB_JPG_Normais
C:\Users\eduar\Desktop\Soybe-main\data\com_fundo\RGB_JPG_Normais\grao_DSC_0383_id92.png,RGB_JPG_Normais,RGB_JPG_CHOCHOS
C:\Users\eduar\Desktop\Soybe-main\data\com_fundo\RGB_JPG_Normais\grao_DSC_0383_id93.png,RGB_JPG_Normais,RGB_JPG_Normais
C:\Users\eduar\Desktop\Soybe-main\data\com_fundo\RGB_JPG_Normais\grao_DSC_0383_id94.png,RGB_JPG_Normais,RGB_JPG_Normais
C:\Users\eduar\Desktop\Soybe-main\data\com_fundo\RGB_JPG_Normais\grao_DSC_0383_id95.png,RGB_JPG_Normais,RGB_JPG_Normais
C:\Users\eduar\Desktop\Soybe-main\data\com_fundo\RGB_JPG_Normais\grao_DSC_0383_id96.png,RGB_JPG_Normais,RGB_JPG_Normais
C:\Users\eduar\Desktop\Soybe-main\data\com_fundo\RGB_JPG_Normais\grao_DSC_0383_id97.png,RGB_JPG_Normais,RGB_JPG_Normais
C:\Users\eduar\Desktop\Soybe-main\data\com_fundo\RGB_JPG_Normais\grao_DSC_0383_id98.png,RGB_JPG_Normais,RGB_JPG_QUEBRADOS
C:\Users\eduar\Desktop\Soybe-main\data\com_fundo\RGB_JPG_Normais\grao_DSC_0383_id99.png,RGB_JPG_Normais,RGB_JPG_QUEBRADOS
C:\Users\eduar\Desktop\Soybe-main\data\com_fundo\RGB_JPG_Normais\grao_DSC_0392_id1.png,RGB_JPG_Normais,RGB_JPG_Normais
C:\Users\eduar\Desktop\Soybe-main\data\com_fundo\RGB_JPG_Normais\grao_DSC_0392_id10.png,RGB_JPG_Normais,RGB_JPG_Normais
C:\Users\eduar\Desktop\Soybe-main\data\com_fundo\RGB_JPG_Normais\grao_DSC_0392_id100.png,RGB_JPG_Normais,RGB_JPG_Normais
C:\Users\eduar\Desktop\Soybe-main\data\com_fundo\RGB_JPG_Normais\grao_DSC_0392_id101.png,RGB_JPG_Normais,RGB_JPG_Normais
C:\Users\eduar\Desktop\Soybe-main\data\com_fundo\RGB_JPG_Normais\grao_DSC_0392_id102.png,RGB_JPG_Normais,RGB_JPG_Normais
C:\Users\eduar\Desktop\Soybe-main\data\com_fundo\RGB_JPG_Normais\grao_DSC_0392_id103.png,RGB_JPG_Normais,RGB_JPG_Normais
C:\Users\eduar\Desktop\Soybe-main\data\com_fundo\RGB_JPG_Normais\grao_DSC_0392_id104.png,RGB_JPG_Normais,RGB_JPG_Normais
C:\Users\eduar\Desktop\Soybe-main\data\com_fundo\RGB_JPG_Normais\grao_DSC_0392_id105.png,RGB_JPG_Normais,RGB_JPG_Normais
C:\Users\eduar\Desktop\Soybe-main\data\com_fundo\RGB_JPG_Normais\grao_DSC_0392_id106.png,RGB_JPG_Normais,RGB_JPG_Normais
C:\Users\eduar\Desktop\Soybe-main\data\com_fundo\RGB_JPG_Normais\grao_DSC_0392_id107.png,RGB_JPG_Normais,RGB_JPG_Normais
C:\Users\eduar\Desktop\Soybe-main\data\com_fundo\RGB_JPG_Normais\grao_DSC_0392_id108.png,RGB_JPG_Normais,RGB_JPG_Normais
C:\Users\eduar\Desktop\Soybe-main\data\com_fundo\RGB_JPG_Normais\grao_DSC_0392_id109.png,RGB_JPG_Normais,RGB_JPG_Normais
C:\Users\eduar\Desktop\Soybe-main\data\com_fundo\RGB_JPG_Normais\grao_DSC_0392_id11.png,RGB_JPG_Normais,RGB_JPG_Normais
C:\Users\eduar\Desktop\Soybe-main\data\com_fundo\RGB_JPG_Normais\grao_DSC_0392_id110.png,RGB_JPG_Normais,RGB_JPG_Normais
C:\Users\eduar\Desktop\Soybe-main\data\com_fundo\RGB_JPG_Normais\grao_DSC_0392_id111.png,RGB_JPG_Normais,RGB_JPG_Normais
C:\Users\eduar\Desktop\Soybe-main\data\com_fundo\RGB_JPG_Normais\grao_DSC_0392_id12.png,RGB_JPG_Normais,RGB_JPG_Normais
C:\Users\eduar\Desktop\Soybe-main\data\com_fundo\RGB_JPG_Normais\grao_DSC_0392_id13.png,RGB_JPG_Normais,RGB_JPG_Normais
C:\Users\eduar\Desktop\Soybe-main\data\com_fundo\RGB_JPG_Normais\grao_DSC_0392_id14.png,RGB_JPG_Normais,RGB_JPG_Normais
C:\Users\eduar\Desktop\Soybe-main\data\com_fundo\RGB_JPG_Normais\grao_DSC_0392_id15.png,RGB_JPG_Normais,RGB_JPG_Normais
C:\Users\eduar\Desktop\Soybe-main\data\com_fundo\RGB_JPG_Normais\grao_DSC_0392_id16.png,RGB_JPG_Normais,RGB_JPG_Normais
C:\Users\eduar\Desktop\Soybe-main\data\com_fundo\RGB_JPG_Normais\grao_DSC_0392_id17.png,RGB_JPG_Normais,RGB_JPG_Normais
C:\Users\eduar\Desktop\Soybe-main\data\com_fundo\RGB_JPG_Normais\grao_DSC_0392_id19.png,RGB_JPG_Normais,RGB_JPG_Normais
C:\Users\eduar\Desktop\Soybe-main\data\com_fundo\RGB_JPG_Normais\grao_DSC_0392_id2.png,RGB_JPG_Normais,RGB_JPG_Normais
C:\Users\eduar\Desktop\Soybe-main\data\com_fundo\RGB_JPG_Normais\grao_DSC_0392_id22.png,RGB_JPG_Normais,RGB_JPG_Normais
C:\Users\eduar\Desktop\Soybe-main\data\com_fundo\RGB_JPG_Normais\grao_DSC_0392_id23.png,RGB_JPG_Normais,RGB_JPG_Normais
C:\Users\eduar\Desktop\Soybe-main\data\com_fundo\RGB_JPG_Normais\grao_DSC_0392_id24.png,RGB_JPG_Normais,RGB_JPG_Normais
C:\Users\eduar\Desktop\Soybe-main\data\com_fundo\RGB_JPG_Normais\grao_DSC_0392_id25.png,RGB_JPG_Normais,RGB_JPG_Normais
C:\Users\eduar\Desktop\Soybe-main\data\com_fundo\RGB_JPG_Normais\grao_DSC_0392_id26.png,RGB_JPG_Normais,RGB_JPG_Normais
C:\Users\eduar\Desktop\Soybe-main\data\com_fundo\RGB_JPG_Normais\grao_DSC_0392_id27.png,RGB_JPG_Normais,RGB_JPG_Normais
C:\Users\eduar\Desktop\Soybe-main\data\com_fundo\RGB_JPG_Normais\grao_DSC_0392_id28.png,RGB_JPG_Normais,RGB_JPG_Normais
C:\Users\eduar\Desktop\Soybe-main\data\com_fundo\RGB_JPG_Normais\grao_DSC_0392_id29.png,RGB_JPG_Normais,RGB_JPG_Normais
C:\Users\eduar\Desktop\Soybe-main\data\com_fundo\RGB_JPG_Normais\grao_DSC_0392_id3.png,RGB_JPG_Normais,RGB_JPG_Normais
C:\Users\eduar\Desktop\Soybe-main\data\com_fundo\RGB_JPG_Normais\grao_DSC_0392_id30.png,RGB_JPG_Normais,RGB_JPG_Normais
C:\Users\eduar\Desktop\Soybe-main\data\com_fundo\RGB_JPG_Normais\grao_DSC_0392_id31.png,RGB_JPG_Normais,RGB_JPG_Normais
C:\Users\eduar\Desktop\Soybe-main\data\com_fundo\RGB_JPG_Normais\grao_DSC_0392_id32.png,RGB_JPG_Normais,RGB_JPG_Normais
C:\Users\eduar\Desktop\Soybe-main\data\com_fundo\RGB_JPG_Normais\grao_DSC_0392_id33.png,RGB_JPG_Normais,RGB_JPG_Normais
C:\Users\eduar\Desktop\Soybe-main\data\com_fundo\RGB_JPG_Normais\grao_DSC_0392_id34.png,RGB_JPG_Normais,RGB_JPG_Normais
C:\Users\eduar\Desktop\Soybe-main\data\com_fundo\RGB_JPG_Normais\grao_DSC_0392_id35.png,RGB_JPG_Normais,RGB_JPG_Normais
C:\Users\eduar\Desktop\Soybe-main\data\com_fundo\RGB_JPG_Normais\grao_DSC_0392_id36.png,RGB_JPG_Normais,RGB_JPG_Normais
C:\Users\eduar\Desktop\Soybe-main\data\com_fundo\RGB_JPG_Normais\grao_DSC_0392_id37.png,RGB_JPG_Normais,RGB_JPG_Normais
C:\Users\eduar\Desktop\Soybe-main\data\com_fundo\RGB_JPG_Normais\grao_DSC_0392_id38.png,RGB_JPG_Normais,RGB_JPG_Normais
C:\Users\eduar\Desktop\Soybe-main\data\com_fundo\RGB_JPG_Normais\grao_DSC_0392_id39.png,RGB_JPG_Normais,RGB_JPG_Normais
C:\Users\eduar\Desktop\Soybe-main\data\com_fundo\RGB_JPG_Normais\grao_DSC_0392_id4.png,RGB_JPG_Normais,RGB_JPG_Normais
C:\Users\eduar\Desktop\Soybe-main\data\com_fundo\RGB_JPG_Normais\grao_DSC_0392_id40.png,RGB_JPG_Normais,RGB_JPG_Normais
C:\Users\eduar\Desktop\Soybe-main\data\com_fundo\RGB_JPG_Normais\grao_DSC_0392_id41.png,RGB_JPG_Normais,RGB_JPG_Normais
C:\Users\eduar\Desktop\Soybe-main\data\com_fundo\RGB_JPG_Normais\grao_DSC_0392_id42.png,RGB_JPG_Normais,RGB_JPG_Normais
C:\Users\eduar\Desktop\Soybe-main\data\com_fundo\RGB_JPG_Normais\grao_DSC_0392_id43.png,RGB_JPG_Normais,RGB_JPG_Normais
C:\Users\eduar\Desktop\Soybe-main\data\com_fundo\RGB_JPG_Normais\grao_DSC_0392_id44.png,RGB_JPG_Normais,RGB_JPG_Normais
C:\Users\eduar\Desktop\Soybe-main\data\com_fundo\RGB_JPG_Normais\grao_DSC_0392_id45.png,RGB_JPG_Normais,RGB_JPG_Normais
C:\Users\eduar\Desktop\Soybe-main\data\com_fundo\RGB_JPG_Normais\grao_DSC_0392_id46.png,RGB_JPG_Normais,RGB_JPG_QUEBRADOS
C:\Users\eduar\Desktop\Soybe-main\data\com_fundo\RGB_JPG_Normais\grao_DSC_0392_id47.png,RGB_JPG_Normais,RGB_JPG_Normais
C:\Users\eduar\Desktop\Soybe-main\data\com_fundo\RGB_JPG_Normais\grao_DSC_0392_id48.png,RGB_JPG_Normais,RGB_JPG_Normais
C:\Users\eduar\Desktop\Soybe-main\data\com_fundo\RGB_JPG_Normais\grao_DSC_0392_id49.png,RGB_JPG_Normais,RGB_JPG_Normais
C:\Users\eduar\Desktop\Soybe-main\data\com_fundo\RGB_JPG_Normais\grao_DSC_0392_id5.png,RGB_JPG_Normais,RGB_JPG_Normais
C:\Users\eduar\Desktop\Soybe-main\data\com_fundo\RGB_JPG_Normais\grao_DSC_0392_id50.png,RGB_JPG_Normais,RGB_JPG_Normais
C:\Users\eduar\Desktop\Soybe-main\data\com_fundo\RGB_JPG_Normais\grao_DSC_0392_id51.png,RGB_JPG_Normais,RGB_JPG_Normais
C:\Users\eduar\Desktop\Soybe-main\data\com_fundo\RGB_JPG_Normais\grao_DSC_0392_id52.png,RGB_JPG_Normais,RGB_JPG_Normais
C:\Users\eduar\Desktop\Soybe-main\data\com_fundo\RGB_JPG_Normais\grao_DSC_0392_id53.png,RGB_JPG_Normais,RGB_JPG_Normais
C:\Users\eduar\Desktop\Soybe-main\data\com_fundo\RGB_JPG_Normais\grao_DSC_0392_id54.png,RGB_JPG_Normais,RGB_JPG_Normais
C:\Users\eduar\Desktop\Soybe-main\data\com_fundo\RGB_JPG_Normais\grao_DSC_0392_id55.png,RGB_JPG_Normais,RGB_JPG_QUEBRADOS
C:\Users\eduar\Desktop\Soybe-main\data\com_fundo\RGB_JPG_Normais\grao_DSC_0392_id56.png,RGB_JPG_Normais,RGB_JPG_Normais
C:\Users\eduar\Desktop\Soybe-main\data\com_fundo\RGB_JPG_Normais\grao_DSC_0392_id57.png,RGB_JPG_Normais,RGB_JPG_Normais
C:\Users\eduar\Desktop\Soybe-main\data\com_fundo\RGB_JPG_Normais\grao_DSC_0392_id58.png,RGB_JPG_Normais,RGB_JPG_Normais
C:\Users\eduar\Desktop\Soybe-main\data\com_fundo\RGB_JPG_Normais\grao_DSC_0392_id59.png,RGB_JPG_Normais,RGB_JPG_Normais
C:\Users\eduar\Desktop\Soybe-main\data\com_fundo\RGB_JPG_Normais\grao_DSC_0392_id6.png,RGB_JPG_Normais,RGB_JPG_Normais
C:\Users\eduar\Desktop\Soybe-main\data\com_fundo\RGB_JPG_Normais\grao_DSC_0392_id60.png,RGB_JPG_Normais,RGB_JPG_Normais
C:\Users\eduar\Desktop\Soybe-main\data\com_fundo\RGB_JPG_Normais\grao_DSC_0392_id61.png,RGB_JPG_Normais,RGB_JPG_Normais
C:\Users\eduar\Desktop\Soybe-main\data\com_fundo\RGB_JPG_Normais\grao_DSC_0392_id62.png,RGB_JPG_Normais,RGB_JPG_Normais
C:\Users\eduar\Desktop\Soybe-main\data\com_fundo\RGB_JPG_Normais\grao_DSC_0392_id63.png,RGB_JPG_Normais,RGB_JPG_Normais
C:\Users\eduar\Desktop\Soybe-main\data\com_fundo\RGB_JPG_Normais\grao_DSC_0392_id64.png,RGB_JPG_Normais,RGB_JPG_Normais
C:\Users\eduar\Desktop\Soybe-main\data\com_fundo\RGB_JPG_Normais\grao_DSC_0392_id65.png,RGB_JPG_Normais,RGB_JPG_Normais
C:\Users\eduar\Desktop\Soybe-main\data\com_fundo\RGB_JPG_Normais\grao_DSC_0392_id66.png,RGB_JPG_Normais,RGB_JPG_Normais
C:\Users\eduar\Desktop\Soybe-main\data\com_fundo\RGB_JPG_Normais\grao_DSC_0392_id67.png,RGB_JPG_Normais,RGB_JPG_Normais
C:\Users\eduar\Desktop\Soybe-main\data\com_fundo\RGB_JPG_Normais\grao_DSC_0392_id68.png,RGB_JPG_Normais,RGB_JPG_Normais
C:\Users\eduar\Desktop\Soybe-main\data\com_fundo\RGB_JPG_Normais\grao_DSC_0392_id69.png,RGB_JPG_Normais,RGB_JPG_Normais
C:\Users\eduar\Desktop\Soybe-main\data\com_fundo\RGB_JPG_Normais\grao_DSC_0392_id7.png,RGB_JPG_Normais,RGB_JPG_Normais
C:\Users\eduar\Desktop\Soybe-main\data\com_fundo\RGB_JPG_Normais\grao_DSC_0392_id70.png,RGB_JPG_Normais,RGB_JPG_Normais
C:\Users\eduar\Desktop\Soybe-main\data\com_fundo\RGB_JPG_Normais\grao_DSC_0392_id71.png,RGB_JPG_Normais,RGB_JPG_Normais
C:\Users\eduar\Desktop\Soybe-main\data\com_fundo\RGB_JPG_Normais\grao_DSC_0392_id72.png,RGB_JPG_Normais,RGB_JPG_Normais
C:\Users\eduar\Desktop\Soybe-main\data\com_fundo\RGB_JPG_Normais\grao_DSC_0392_id73.png,RGB_JPG_Normais,RGB_JPG_Normais
C:\Users\eduar\Desktop\Soybe-main\data\com_fundo\RGB_JPG_Normais\grao_DSC_0392_id74.png,RGB_JPG_Normais,RGB_JPG_Normais
C:\Users\eduar\Desktop\Soybe-main\data\com_fundo\RGB_JPG_Normais\grao_DSC_0392_id75.png,RGB_JPG_Normais,RGB_JPG_Normais
C:\Users\eduar\Desktop\Soybe-main\data\com_fundo\RGB_JPG_Normais\grao_DSC_0392_id76.png,RGB_JPG_Normais,RGB_JPG_Normais
C:\Users\eduar\Desktop\Soybe-main\data\com_fundo\RGB_JPG_Normais\grao_DSC_0392_id77.png,RGB_JPG_Normais,RGB_JPG_Normais
C:\Users\eduar\Desktop\Soybe-main\data\com_fundo\RGB_JPG_Normais\grao_DSC_0392_id78.png,RGB_JPG_Normais,RGB_JPG_Normais
C:\Users\eduar\Desktop\Soybe-main\data\com_fundo\RGB_JPG_Normais\grao_DSC_0392_id79.png,RGB_JPG_Normais,RGB_JPG_Normais
C:\Users\eduar\Desktop\Soybe-main\data\com_fundo\RGB_JPG_Normais\grao_DSC_0392_id8.png,RGB_JPG_Normais,RGB_JPG_Normais
C:\Users\eduar\Desktop\Soybe-main\data\com_fundo\RGB_JPG_Normais\grao_DSC_0392_id80.png,RGB_JPG_Normais,RGB_JPG_Normais
C:\Users\eduar\Desktop\Soybe-main\data\com_fundo\RGB_JPG_Normais\grao_DSC_0392_id81.png,RGB_JPG_Normais,RGB_JPG_Normais
C:\Users\eduar\Desktop\Soybe-main\data\com_fundo\RGB_JPG_Normais\grao_DSC_0392_id82.png,RGB_JPG_Normais,RGB_JPG_Normais
C:\Users\eduar\Desktop\Soybe-main\data\com_fundo\RGB_JPG_Normais\grao_DSC_0392_id83.png,RGB_JPG_Normais,RGB_JPG_Normais
C:\Users\eduar\Desktop\Soybe-main\data\com_fundo\RGB_JPG_Normais\grao_DSC_0392_id84.png,RGB_JPG_Normais,RGB_JPG_Normais
C:\Users\eduar\Desktop\Soybe-main\data\com_fundo\RGB_JPG_Normais\grao_DSC_0392_id85.png,RGB_JPG_Normais,RGB_JPG_Normais
C:\Users\eduar\Desktop\Soybe-main\data\com_fundo\RGB_JPG_Normais\grao_DSC_0392_id86.png,RGB_JPG_Normais,RGB_JPG_Normais
C:\Users\eduar\Desktop\Soybe-main\data\com_fundo\RGB_JPG_Normais\grao_DSC_0392_id87.png,RGB_JPG_Normais,RGB_JPG_Normais
C:\Users\eduar\Desktop\Soybe-main\data\com_fundo\RGB_JPG_Normais\grao_DSC_0392_id88.png,RGB_JPG_Normais,RGB_JPG_Normais
C:\Users\eduar\Desktop\Soybe-main\data\com_fundo\RGB_JPG_Normais\grao_DSC_0392_id89.png,RGB_JPG_Normais,RGB_JPG_Normais
C:\Users\eduar\Desktop\Soybe-main\data\com_fundo\RGB_JPG_Normais\grao_DSC_0392_id9.png,RGB_JPG_Normais,RGB_JPG_Normais
C:\Users\eduar\Desktop\Soybe-main\data\com_fundo\RGB_JPG_Normais\grao_DSC_0392_id90.png,RGB_JPG_Normais,RGB_JPG_Normais
C:\Users\eduar\Desktop\Soybe-main\data\com_fundo\RGB_JPG_Normais\grao_DSC_0392_id91.png,RGB_JPG_Normais,RGB_JPG_Normais
C:\Users\eduar\Desktop\Soybe-main\data\com_fundo\RGB_JPG_Normais\grao_DSC_0392_id92.png,RGB_JPG_Normais,RGB_JPG_Normais
C:\Users\eduar\Desktop\Soybe-main\data\com_fundo\RGB_JPG_Normais\grao_DSC_0392_id93.png,RGB_JPG_Normais,RGB_JPG_Normais
C:\Users\eduar\Desktop\Soybe-main\data\com_fundo\RGB_JPG_Normais\grao_DSC_0392_id94.png,RGB_JPG_Normais,RGB_JPG_Normais
C:\Users\eduar\Desktop\Soybe-main\data\com_fundo\RGB_JPG_Normais\grao_DSC_0392_id95.png,RGB_JPG_Normais,RGB_JPG_Normais
C:\Users\eduar\Desktop\Soybe-main\data\com_fundo\RGB_JPG_Normais\grao_DSC_0392_id96.png,RGB_JPG_Normais,RGB_JPG_Normais
C:\Users\eduar\Desktop\Soybe-main\data\com_fundo\RGB_JPG_Normais\grao_DSC_0392_id97.png,RGB_JPG_Normais,RGB_JPG_Normais
C:\Users\eduar\Desktop\Soybe-main\data\com_fundo\RGB_JPG_Normais\grao_DSC_0392_id98.png,RGB_JPG_Normais,RGB_JPG_QUEBRADOS
C:\Users\eduar\Desktop\Soybe-main\data\com_fundo\RGB_JPG_Normais\grao_DSC_0392_id99.png,RGB_JPG_Normais,RGB_JPG_Normais
C:\Users\eduar\Desktop\Soybe-main\data\com_fundo\RGB_JPG_Normais\grao_DSC_0393_id1.png,RGB_JPG_Normais,RGB_JPG_QUEBRADOS
C:\Users\eduar\Desktop\Soybe-main\data\com_fundo\RGB_JPG_Normais\grao_DSC_0393_id10.png,RGB_JPG_Normais,RGB_JPG_Normais
C:\Users\eduar\Desktop\Soybe-main\data\com_fundo\RGB_JPG_Normais\grao_DSC_0393_id100.png,RGB_JPG_Normais,RGB_JPG_Normais
C:\Users\eduar\Desktop\Soybe-main\data\com_fundo\RGB_JPG_Normais\grao_DSC_0393_id101.png,RGB_JPG_Normais,RGB_JPG_Normais
C:\Users\eduar\Desktop\Soybe-main\data\com_fundo\RGB_JPG_Normais\grao_DSC_0393_id102.png,RGB_JPG_Normais,RGB_JPG_Normais
C:\Users\eduar\Desktop\Soybe-main\data\com_fundo\RGB_JPG_Normais\grao_DSC_0393_id103.png,RGB_JPG_Normais,RGB_JPG_Normais
C:\Users\eduar\Desktop\Soybe-main\data\com_fundo\RGB_JPG_Normais\grao_DSC_0393_id104.png,RGB_JPG_Normais,RGB_JPG_Normais
C:\Users\eduar\Desktop\Soybe-main\data\com_fundo\RGB_JPG_Normais\grao_DSC_0393_id105.png,RGB_JPG_Normais,RGB_JPG_Normais
C:\Users\eduar\Desktop\Soybe-main\data\com_fundo\RGB_JPG_Normais\grao_DSC_0393_id106.png,RGB_JPG_Normais,RGB_JPG_Normais
C:\Users\eduar\Desktop\Soybe-main\data\com_fundo\RGB_JPG_Normais\grao_DSC_0393_id107.png,RGB_JPG_Normais,RGB_JPG_Normais
C:\Users\eduar\Desktop\Soybe-main\data\com_fundo\RGB_JPG_Normais\grao_DSC_0393_id108.png,RGB_JPG_Normais,RGB_JPG_Normais
C:\Users\eduar\Desktop\Soybe-main\data\com_fundo\RGB_JPG_Normais\grao_DSC_0393_id109.png,RGB_JPG_Normais,RGB_JPG_Normais
C:\Users\eduar\Desktop\Soybe-main\data\com_fundo\RGB_JPG_Normais\grao_DSC_0393_id11.png,RGB_JPG_Normais,RGB_JPG_Normais
C:\Users\eduar\Desktop\Soybe-main\data\com_fundo\RGB_JPG_Normais\grao_DSC_0393_id110.png,RGB_JPG_Normais,RGB_JPG_Normais
C:\Users\eduar\Desktop\Soybe-main\data\com_fundo\RGB_JPG_Normais\grao_DSC_0393_id111.png,RGB_JPG_Normais,RGB_JPG_Normais
C:\Users\eduar\Desktop\Soybe-main\data\com_fundo\RGB_JPG_Normais\grao_DSC_0393_id112.png,RGB_JPG_Normais,RGB_JPG_Normais
C:\Users\eduar\Desktop\Soybe-main\data\com_fundo\RGB_JPG_Normais\grao_DSC_0393_id113.png,RGB_JPG_Normais,RGB_JPG_Normais
C:\Users\eduar\Desktop\Soybe-main\data\com_fundo\RGB_JPG_Normais\grao_DSC_0393_id114.png,RGB_JPG_Normais,RGB_JPG_Normais
C:\Users\eduar\Desktop\Soybe-main\data\com_fundo\RGB_JPG_Normais\grao_DSC_0393_id115.png,RGB_JPG_Normais,RGB_JPG_Normais
C:\Users\eduar\Desktop\Soybe-main\data\com_fundo\RGB_JPG_Normais\grao_DSC_0393_id12.png,RGB_JPG_Normais,RGB_JPG_Normais
C:\Users\eduar\Desktop\Soybe-main\data\com_fundo\RGB_JPG_Normais\grao_DSC_0393_id13.png,RGB_JPG_Normais,RGB_JPG_Normais
C:\Users\eduar\Desktop\Soybe-main\data\com_fundo\RGB_JPG_Normais\grao_DSC_0393_id15.png,RGB_JPG_Normais,RGB_JPG_Normais
C:\Users\eduar\Desktop\Soybe-main\data\com_fundo\RGB_JPG_Normais\grao_DSC_0393_id17.png,RGB_JPG_Normais,RGB_JPG_Normais
C:\Users\eduar\Desktop\Soybe-main\data\com_fundo\RGB_JPG_Normais\grao_DSC_0393_id18.png,RGB_JPG_Normais,RGB_JPG_Normais
C:\Users\eduar\Desktop\Soybe-main\data\com_fundo\RGB_JPG_Normais\grao_DSC_0393_id19.png,RGB_JPG_Normais,RGB_JPG_Normais
C:\Users\eduar\Desktop\Soybe-main\data\com_fundo\RGB_JPG_Normais\grao_DSC_0393_id2.png,RGB_JPG_Normais,RGB_JPG_Normais
C:\Users\eduar\Desktop\Soybe-main\data\com_fundo\RGB_JPG_Normais\grao_DSC_0393_id20.png,RGB_JPG_Normais,RGB_JPG_Normais
C:\Users\eduar\Desktop\Soybe-main\data\com_fundo\RGB_JPG_Normais\grao_DSC_0393_id21.png,RGB_JPG_Normais,RGB_JPG_Normais
C:\Users\eduar\Desktop\Soybe-main\data\com_fundo\RGB_JPG_Normais\grao_DSC_0393_id22.png,RGB_JPG_Normais,RGB_JPG_CHOCHOS
C:\Users\eduar\Desktop\Soybe-main\data\com_fundo\RGB_JPG_Normais\grao_DSC_0393_id23.png,RGB_JPG_Normais,RGB_JPG_Normais
C:\Users\eduar\Desktop\Soybe-main\data\com_fundo\RGB_JPG_Normais\grao_DSC_0393_id24.png,RGB_JPG_Normais,RGB_JPG_Normais
C:\Users\eduar\Desktop\Soybe-main\data\com_fundo\RGB_JPG_Normais\grao_DSC_0393_id25.png,RGB_JPG_Normais,RGB_JPG_Normais
C:\Users\eduar\Desktop\Soybe-main\data\com_fundo\RGB_JPG_Normais\grao_DSC_0393_id26.png,RGB_JPG_Normais,RGB_JPG_Normais
C:\Users\eduar\Desktop\Soybe-main\data\com_fundo\RGB_JPG_Normais\grao_DSC_0393_id27.png,RGB_JPG_Normais,RGB_JPG_Normais
C:\Users\eduar\Desktop\Soybe-main\data\com_fundo\RGB_JPG_Normais\grao_DSC_0393_id28.png,RGB_JPG_Normais,RGB_JPG_Normais
C:\Users\eduar\Desktop\Soybe-main\data\com_fundo\RGB_JPG_Normais\grao_DSC_0393_id29.png,RGB_JPG_Normais,RGB_JPG_Normais
C:\Users\eduar\Desktop\Soybe-main\data\com_fundo\RGB_JPG_Normais\grao_DSC_0393_id3.png,RGB_JPG_Normais,RGB_JPG_Normais
C:\Users\eduar\Desktop\Soybe-main\data\com_fundo\RGB_JPG_Normais\grao_DSC_0393_id30.png,RGB_JPG_Normais,RGB_JPG_Normais
C:\Users\eduar\Desktop\Soybe-main\data\com_fundo\RGB_JPG_Normais\grao_DSC_0393_id31.png,RGB_JPG_Normais,RGB_JPG_Normais
C:\Users\eduar\Desktop\Soybe-main\data\com_fundo\RGB_JPG_Normais\grao_DSC_0393_id32.png,RGB_JPG_Normais,RGB_JPG_Normais
C:\Users\eduar\Desktop\Soybe-main\data\com_fundo\RGB_JPG_Normais\grao_DSC_0393_id33.png,RGB_JPG_Normais,RGB_JPG_Normais
C:\Users\eduar\Desktop\Soybe-main\data\com_fundo\RGB_JPG_Normais\grao_DSC_0393_id34.png,RGB_JPG_Normais,RGB_JPG_Normais
C:\Users\eduar\Desktop\Soybe-main\data\com_fundo\RGB_JPG_Normais\grao_DSC_0393_id35.png,RGB_JPG_Normais,RGB_JPG_QUEBRADOS
C:\Users\eduar\Desktop\Soybe-main\data\com_fundo\RGB_JPG_Normais\grao_DSC_0393_id36.png,RGB_JPG_Normais,RGB_JPG_Normais
C:\Users\eduar\Desktop\Soybe-main\data\com_fundo\RGB_JPG_Normais\grao_DSC_0393_id37.png,RGB_JPG_Normais,RGB_JPG_Normais
C:\Users\eduar\Desktop\Soybe-main\data\com_fundo\RGB_JPG_Normais\grao_DSC_0393_id38.png,RGB_JPG_Normais,RGB_JPG_Normais
C:\Users\eduar\Desktop\Soybe-main\data\com_fundo\RGB_JPG_Normais\grao_DSC_0393_id39.png,RGB_JPG_Normais,RGB_JPG_QUEBRADOS
C:\Users\eduar\Desktop\Soybe-main\data\com_fundo\RGB_JPG_Normais\grao_DSC_0393_id4.png,RGB_JPG_Normais,RGB_JPG_QUEBRADOS
C:\Users\eduar\Desktop\Soybe-main\data\com_fundo\RGB_JPG_Normais\grao_DSC_0393_id40.png,RGB_JPG_Normais,RGB_JPG_Normais
C:\Users\eduar\Desktop\Soybe-main\data\com_fundo\RGB_JPG_Normais\grao_DSC_0393_id41.png,RGB_JPG_Normais,RGB_JPG_Normais
C:\Users\eduar\Desktop\Soybe-main\data\com_fundo\RGB_JPG_Normais\grao_DSC_0393_id42.png,RGB_JPG_Normais,RGB_JPG_Normais
C:\Users\eduar\Desktop\Soybe-main\data\com_fundo\RGB_JPG_Normais\grao_DSC_0393_id43.png,RGB_JPG_Normais,RGB_JPG_Normais
C:\Users\eduar\Desktop\Soybe-main\data\com_fundo\RGB_JPG_Normais\grao_DSC_0393_id44.png,RGB_JPG_Normais,RGB_JPG_Normais
C:\Users\eduar\Desktop\Soybe-main\data\com_fundo\RGB_JPG_Normais\grao_DSC_0393_id45.png,RGB_JPG_Normais,RGB_JPG_Normais
C:\Users\eduar\Desktop\Soybe-main\data\com_fundo\RGB_JPG_Normais\grao_DSC_0393_id46.png,RGB_JPG_Normais,RGB_JPG_Normais
C:\Users\eduar\Desktop\Soybe-main\data\com_fundo\RGB_JPG_Normais\grao_DSC_0393_id47.png,RGB_JPG_Normais,RGB_JPG_Normais
C:\Users\eduar\Desktop\Soybe-main\data\com_fundo\RGB_JPG_Normais\grao_DSC_0393_id48.png,RGB_JPG_Normais,RGB_JPG_Normais
C:\Users\eduar\Desktop\Soybe-main\data\com_fundo\RGB_JPG_Normais\grao_DSC_0393_id49.png,RGB_JPG_Normais,RGB_JPG_Normais
C:\Users\eduar\Desktop\Soybe-main\data\com_fundo\RGB_JPG_Normais\grao_DSC_0393_id5.png,RGB_JPG_Normais,RGB_JPG_Normais
C:\Users\eduar\Desktop\Soybe-main\data\com_fundo\RGB_JPG_Normais\grao_DSC_0393_id50.png,RGB_JPG_Normais,RGB_JPG_Normais
C:\Users\eduar\Desktop\Soybe-main\data\com_fundo\RGB_JPG_Normais\grao_DSC_0393_id51.png,RGB_JPG_Normais,RGB_JPG_Normais
C:\Users\eduar\Desktop\Soybe-main\data\com_fundo\RGB_JPG_Normais\grao_DSC_0393_id52.png,RGB_JPG_Normais,RGB_JPG_Normais
C:\Users\eduar\Desktop\Soybe-main\data\com_fundo\RGB_JPG_Normais\grao_DSC_0393_id53.png,RGB_JPG_Normais,RGB_JPG_Normais
C:\Users\eduar\Desktop\Soybe-main\data\com_fundo\RGB_JPG_Normais\grao_DSC_0393_id54.png,RGB_JPG_Normais,RGB_JPG_Normais
C:\Users\eduar\Desktop\Soybe-main\data\com_fundo\RGB_JPG_Normais\grao_DSC_0393_id55.png,RGB_JPG_Normais,RGB_JPG_Normais
C:\Users\eduar\Desktop\Soybe-main\data\com_fundo\RGB_JPG_Normais\grao_DSC_0393_id56.png,RGB_JPG_Normais,RGB_JPG_Normais
C:\Users\eduar\Desktop\Soybe-main\data\com_fundo\RGB_JPG_Normais\grao_DSC_0393_id57.png,RGB_JPG_Normais,RGB_JPG_Normais
C:\Users\eduar\Desktop\Soybe-main\data\com_fundo\RGB_JPG_Normais\grao_DSC_0393_id58.png,RGB_JPG_Normais,RGB_JPG_Normais
C:\Users\eduar\Desktop\Soybe-main\data\com_fundo\RGB_JPG_Normais\grao_DSC_0393_id59.png,RGB_JPG_Normais,RGB_JPG_Normais
C:\Users\eduar\Desktop\Soybe-main\data\com_fundo\RGB_JPG_Normais\grao_DSC_0393_id6.png,RGB_JPG_Normais,RGB_JPG_Normais
C:\Users\eduar\Desktop\Soybe-main\data\com_fundo\RGB_JPG_Normais\grao_DSC_0393_id60.png,RGB_JPG_Normais,RGB_JPG_QUEBRADOS
C:\Users\eduar\Desktop\Soybe-main\data\com_fundo\RGB_JPG_Normais\grao_DSC_0393_id61.png,RGB_JPG_Normais,RGB_JPG_Normais
C:\Users\eduar\Desktop\Soybe-main\data\com_fundo\RGB_JPG_Normais\grao_DSC_0393_id62.png,RGB_JPG_Normais,RGB_JPG_Normais
C:\Users\eduar\Desktop\Soybe-main\data\com_fundo\RGB_JPG_Normais\grao_DSC_0393_id63.png,RGB_JPG_Normais,RGB_JPG_Normais
C:\Users\eduar\Desktop\Soybe-main\data\com_fundo\RGB_JPG_Normais\grao_DSC_0393_id64.png,RGB_JPG_Normais,RGB_JPG_Normais
C:\Users\eduar\Desktop\Soybe-main\data\com_fundo\RGB_JPG_Normais\grao_DSC_0393_id65.png,RGB_JPG_Normais,RGB_JPG_Normais
C:\Users\eduar\Desktop\Soybe-main\data\com_fundo\RGB_JPG_Normais\grao_DSC_0393_id66.png,RGB_JPG_Normais,RGB_JPG_Normais
C:\Users\eduar\Desktop\Soybe-main\data\com_fundo\RGB_JPG_Normais\grao_DSC_0393_id67.png,RGB_JPG_Normais,RGB_JPG_Normais
C:\Users\eduar\Desktop\Soybe-main\data\com_fundo\RGB_JPG_Normais\grao_DSC_0393_id68.png,RGB_JPG_Normais,RGB_JPG_Normais
C:\Users\eduar\Desktop\Soybe-main\data\com_fundo\RGB_JPG_Normais\grao_DSC_0393_id69.png,RGB_JPG_Normais,RGB_JPG_Normais
C:\Users\eduar\Desktop\Soybe-main\data\com_fundo\RGB_JPG_Normais\grao_DSC_0393_id7.png,RGB_JPG_Normais,RGB_JPG_Normais
C:\Users\eduar\Desktop\Soybe-main\data\com_fundo\RGB_JPG_Normais\grao_DSC_0393_id70.png,RGB_JPG_Normais,RGB_JPG_Normais
C:\Users\eduar\Desktop\Soybe-main\data\com_fundo\RGB_JPG_Normais\grao_DSC_0393_id71.png,RGB_JPG_Normais,RGB_JPG_Normais
C:\Users\eduar\Desktop\Soybe-main\data\com_fundo\RGB_JPG_Normais\grao_DSC_0393_id72.png,RGB_JPG_Normais,RGB_JPG_Normais
C:\Users\eduar\Desktop\Soybe-main\data\com_fundo\RGB_JPG_Normais\grao_DSC_0393_id73.png,RGB_JPG_Normais,RGB_JPG_QUEBRADOS
C:\Users\eduar\Desktop\Soybe-main\data\com_fundo\RGB_JPG_Normais\grao_DSC_0393_id74.png,RGB_JPG_Normais,RGB_JPG_Normais
C:\Users\eduar\Desktop\Soybe-main\data\com_fundo\RGB_JPG_Normais\grao_DSC_0393_id75.png,RGB_JPG_Normais,RGB_JPG_Normais
C:\Users\eduar\Desktop\Soybe-main\data\com_fundo\RGB_JPG_Normais\grao_DSC_0393_id76.png,RGB_JPG_Normais,RGB_JPG_Normais
C:\Users\eduar\Desktop\Soybe-main\data\com_fundo\RGB_JPG_Normais\grao_DSC_0393_id77.png,RGB_JPG_Normais,RGB_JPG_Normais
C:\Users\eduar\Desktop\Soybe-main\data\com_fundo\RGB_JPG_Normais\grao_DSC_0393_id78.png,RGB_JPG_Normais,RGB_JPG_Normais
C:\Users\eduar\Desktop\Soybe-main\data\com_fundo\RGB_JPG_Normais\grao_DSC_0393_id79.png,RGB_JPG_Normais,RGB_JPG_Normais
C:\Users\eduar\Desktop\Soybe-main\data\com_fundo\RGB_JPG_Normais\grao_DSC_0393_id8.png,RGB_JPG_Normais,RGB_JPG_Normais
C:\Users\eduar\Desktop\Soybe-main\data\com_fundo\RGB_JPG_Normais\grao_DSC_0393_id80.png,RGB_JPG_Normais,RGB_JPG_Normais
C:\Users\eduar\Desktop\Soybe-main\data\com_fundo\RGB_JPG_Normais\grao_DSC_0393_id81.png,RGB_JPG_Normais,RGB_JPG_Normais
C:\Users\eduar\Desktop\Soybe-main\data\com_fundo\RGB_JPG_Normais\grao_DSC_0393_id82.png,RGB_JPG_Normais,RGB_JPG_Normais
C:\Users\eduar\Desktop\Soybe-main\data\com_fundo\RGB_JPG_Normais\grao_DSC_0393_id83.png,RGB_JPG_Normais,RGB_JPG_Normais
C:\Users\eduar\Desktop\Soybe-main\data\com_fundo\RGB_JPG_Normais\grao_DSC_0393_id84.png,RGB_JPG_Normais,RGB_JPG_Normais
C:\Users\eduar\Desktop\Soybe-main\data\com_fundo\RGB_JPG_Normais\grao_DSC_0393_id85.png,RGB_JPG_Normais,RGB_JPG_Normais
C:\Users\eduar\Desktop\Soybe-main\data\com_fundo\RGB_JPG_Normais\grao_DSC_0393_id86.png,RGB_JPG_Normais,RGB_JPG_Normais
C:\Users\eduar\Desktop\Soybe-main\data\com_fundo\RGB_JPG_Normais\grao_DSC_0393_id87.png,RGB_JPG_Normais,RGB_JPG_Normais
C:\Users\eduar\Desktop\Soybe-main\data\com_fundo\RGB_JPG_Normais\grao_DSC_0393_id88.png,RGB_JPG_Normais,RGB_JPG_Normais
C:\Users\eduar\Desktop\Soybe-main\data\com_fundo\RGB_JPG_Normais\grao_DSC_0393_id89.png,RGB_JPG_Normais,RGB_JPG_Normais
C:\Users\eduar\Desktop\Soybe-main\data\com_fundo\RGB_JPG_Normais\grao_DSC_0393_id9.png,RGB_JPG_Normais,RGB_JPG_Normais
C:\Users\eduar\Desktop\Soybe-main\data\com_fundo\RGB_JPG_Normais\grao_DSC_0393_id90.png,RGB_JPG_Normais,RGB_JPG_Normais
C:\Users\eduar\Desktop\Soybe-main\data\com_fundo\RGB_JPG_Normais\grao_DSC_0393_id91.png,RGB_JPG_Normais,RGB_JPG_Normais
C:\Users\eduar\Desktop\Soybe-main\data\com_fundo\RGB_JPG_Normais\grao_DSC_0393_id92.png,RGB_JPG_Normais,RGB_JPG_Normais
C:\Users\eduar\Desktop\Soybe-main\data\com_fundo\RGB_JPG_Normais\grao_DSC_0393_id93.png,RGB_JPG_Normais,RGB_JPG_Normais
C:\Users\eduar\Desktop\Soybe-main\data\com_fundo\RGB_JPG_Normais\grao_DSC_0393_id94.png,RGB_JPG_Normais,RGB_JPG_Normais
C:\Users\eduar\Desktop\Soybe-main\data\com_fundo\RGB_JPG_Normais\grao_DSC_0393_id95.png,RGB_JPG_Normais,RGB_JPG_Normais
C:\Users\eduar\Desktop\Soybe-main\data\com_fundo\RGB_JPG_Normais\grao_DSC_0393_id96.png,RGB_JPG_Normais,RGB_JPG_Normais
C:\Users\eduar\Desktop\Soybe-main\data\com_fundo\RGB_JPG_Normais\grao_DSC_0393_id97.png,RGB_JPG_Normais,RGB_JPG_Normais
C:\Users\eduar\Desktop\Soybe-main\data\com_fundo\RGB_JPG_Normais\grao_DSC_0393_id98.png,RGB_JPG_Normais,RGB_JPG_Normais
C:\Users\eduar\Desktop\Soybe-main\data\com_fundo\RGB_JPG_Normais\grao_DSC_0393_id99.png,RGB_JPG_Normais,RGB_JPG_Normais
C:\Users\eduar\Desktop\Soybe-main\data\com_fundo\RGB_JPG_Normais\grao_DSC_0470_id1.png,RGB_JPG_Normais,RGB_JPG_Normais
C:\Users\eduar\Desktop\Soybe-main\data\com_fundo\RGB_JPG_Normais\grao_DSC_0470_id10.png,RGB_JPG_Normais,RGB_JPG_QUEBRADOS
C:\Users\eduar\Desktop\Soybe-main\data\com_fundo\RGB_JPG_Normais\grao_DSC_0470_id100.png,RGB_JPG_Normais,RGB_JPG_Normais
C:\Users\eduar\Desktop\Soybe-main\data\com_fundo\RGB_JPG_Normais\grao_DSC_0470_id101.png,RGB_JPG_Normais,RGB_JPG_Normais
C:\Users\eduar\Desktop\Soybe-main\data\com_fundo\RGB_JPG_Normais\grao_DSC_0470_id102.png,RGB_JPG_Normais,RGB_JPG_Normais
C:\Users\eduar\Desktop\Soybe-main\data\com_fundo\RGB_JPG_Normais\grao_DSC_0470_id103.png,RGB_JPG_Normais,RGB_JPG_Normais
C:\Users\eduar\Desktop\Soybe-main\data\com_fundo\RGB_JPG_Normais\grao_DSC_0470_id104.png,RGB_JPG_Normais,RGB_JPG_Normais
C:\Users\eduar\Desktop\Soybe-main\data\com_fundo\RGB_JPG_Normais\grao_DSC_0470_id105.png,RGB_JPG_Normais,RGB_JPG_Normais
C:\Users\eduar\Desktop\Soybe-main\data\com_fundo\RGB_JPG_Normais\grao_DSC_0470_id106.png,RGB_JPG_Normais,RGB_JPG_Normais
C:\Users\eduar\Desktop\Soybe-main\data\com_fundo\RGB_JPG_Normais\grao_DSC_0470_id107.png,RGB_JPG_Normais,RGB_JPG_Normais
C:\Users\eduar\Desktop\Soybe-main\data\com_fundo\RGB_JPG_Normais\grao_DSC_0470_id108.png,RGB_JPG_Normais,RGB_JPG_Normais
C:\Users\eduar\Desktop\Soybe-main\data\com_fundo\RGB_JPG_Normais\grao_DSC_0470_id109.png,RGB_JPG_Normais,RGB_JPG_Normais
C:\Users\eduar\Desktop\Soybe-main\data\com_fundo\RGB_JPG_Normais\grao_DSC_0470_id11.png,RGB_JPG_Normais,RGB_JPG_Normais
C:\Users\eduar\Desktop\Soybe-main\data\com_fundo\RGB_JPG_Normais\grao_DSC_0470_id110.png,RGB_JPG_Normais,RGB_JPG_Normais
C:\Users\eduar\Desktop\Soybe-main\data\com_fundo\RGB_JPG_Normais\grao_DSC_0470_id111.png,RGB_JPG_Normais,RGB_JPG_Normais
C:\Users\eduar\Desktop\Soybe-main\data\com_fundo\RGB_JPG_Normais\grao_DSC_0470_id112.png,RGB_JPG_Normais,RGB_JPG_Normais
C:\Users\eduar\Desktop\Soybe-main\data\com_fundo\RGB_JPG_Normais\grao_DSC_0470_id12.png,RGB_JPG_Normais,RGB_JPG_Normais
C:\Users\eduar\Desktop\Soybe-main\data\com_fundo\RGB_JPG_Normais\grao_DSC_0470_id13.png,RGB_JPG_Normais,RGB_JPG_Normais
C:\Users\eduar\Desktop\Soybe-main\data\com_fundo\RGB_JPG_Normais\grao_DSC_0470_id14.png,RGB_JPG_Normais,RGB_JPG_Normais
C:\Users\eduar\Desktop\Soybe-main\data\com_fundo\RGB_JPG_Normais\grao_DSC_0470_id15.png,RGB_JPG_Normais,RGB_JPG_Normais
C:\Users\eduar\Desktop\Soybe-main\data\com_fundo\RGB_JPG_Normais\grao_DSC_0470_id16.png,RGB_JPG_Normais,RGB_JPG_Normais
C:\Users\eduar\Desktop\Soybe-main\data\com_fundo\RGB_JPG_Normais\grao_DSC_0470_id17.png,RGB_JPG_Normais,RGB_JPG_Normais
C:\Users\eduar\Desktop\Soybe-main\data\com_fundo\RGB_JPG_Normais\grao_DSC_0470_id18.png,RGB_JPG_Normais,RGB_JPG_Normais
C:\Users\eduar\Desktop\Soybe-main\data\com_fundo\RGB_JPG_Normais\grao_DSC_0470_id19.png,RGB_JPG_Normais,RGB_JPG_Normais
C:\Users\eduar\Desktop\Soybe-main\data\com_fundo\RGB_JPG_Normais\grao_DSC_0470_id2.png,RGB_JPG_Normais,RGB_JPG_Normais
C:\Users\eduar\Desktop\Soybe-main\data\com_fundo\RGB_JPG_Normais\grao_DSC_0470_id20.png,RGB_JPG_Normais,RGB_JPG_Normais
C:\Users\eduar\Desktop\Soybe-main\data\com_fundo\RGB_JPG_Normais\grao_DSC_0470_id21.png,RGB_JPG_Normais,RGB_JPG_QUEBRADOS
C:\Users\eduar\Desktop\Soybe-main\data\com_fundo\RGB_JPG_Normais\grao_DSC_0470_id22.png,RGB_JPG_Normais,RGB_JPG_Normais
C:\Users\eduar\Desktop\Soybe-main\data\com_fundo\RGB_JPG_Normais\grao_DSC_0470_id23.png,RGB_JPG_Normais,RGB_JPG_Normais
C:\Users\eduar\Desktop\Soybe-main\data\com_fundo\RGB_JPG_Normais\grao_DSC_0470_id24.png,RGB_JPG_Normais,RGB_JPG_Normais
C:\Users\eduar\Desktop\Soybe-main\data\com_fundo\RGB_JPG_Normais\grao_DSC_0470_id25.png,RGB_JPG_Normais,RGB_JPG_Normais
C:\Users\eduar\Desktop\Soybe-main\data\com_fundo\RGB_JPG_Normais\grao_DSC_0470_id27.png,RGB_JPG_Normais,RGB_JPG_QUEBRADOS
C:\Users\eduar\Desktop\Soybe-main\data\com_fundo\RGB_JPG_Normais\grao_DSC_0470_id28.png,RGB_JPG_Normais,RGB_JPG_Normais
C:\Users\eduar\Desktop\Soybe-main\data\com_fundo\RGB_JPG_Normais\grao_DSC_0470_id29.png,RGB_JPG_Normais,RGB_JPG_Normais
C:\Users\eduar\Desktop\Soybe-main\data\com_fundo\RGB_JPG_Normais\grao_DSC_0470_id3.png,RGB_JPG_Normais,RGB_JPG_Normais
C:\Users\eduar\Desktop\Soybe-main\data\com_fundo\RGB_JPG_Normais\grao_DSC_0470_id30.png,RGB_JPG_Normais,RGB_JPG_QUEBRADOS
C:\Users\eduar\Desktop\Soybe-main\data\com_fundo\RGB_JPG_Normais\grao_DSC_0470_id31.png,RGB_JPG_Normais,RGB_JPG_Normais
C:\Users\eduar\Desktop\Soybe-main\data\com_fundo\RGB_JPG_Normais\grao_DSC_0470_id32.png,RGB_JPG_Normais,RGB_JPG_QUEBRADOS
C:\Users\eduar\Desktop\Soybe-main\data\com_fundo\RGB_JPG_Normais\grao_DSC_0470_id33.png,RGB_JPG_Normais,RGB_JPG_Normais
C:\Users\eduar\Desktop\Soybe-main\data\com_fundo\RGB_JPG_Normais\grao_DSC_0470_id34.png,RGB_JPG_Normais,RGB_JPG_QUEBRADOS
C:\Users\eduar\Desktop\Soybe-main\data\com_fundo\RGB_JPG_Normais\grao_DSC_0470_id35.png,RGB_JPG_Normais,RGB_JPG_Normais
C:\Users\eduar\Desktop\Soybe-main\data\com_fundo\RGB_JPG_Normais\grao_DSC_0470_id36.png,RGB_JPG_Normais,RGB_JPG_Normais
C:\Users\eduar\Desktop\Soybe-main\data\com_fundo\RGB_JPG_Normais\grao_DSC_0470_id37.png,RGB_JPG_Normais,RGB_JPG_Normais
C:\Users\eduar\Desktop\Soybe-main\data\com_fundo\RGB_JPG_Normais\grao_DSC_0470_id38.png,RGB_JPG_Normais,RGB_JPG_QUEBRADOS
C:\Users\eduar\Desktop\Soybe-main\data\com_fundo\RGB_JPG_Normais\grao_DSC_0470_id39.png,RGB_JPG_Normais,RGB_JPG_Normais
C:\Users\eduar\Desktop\Soybe-main\data\com_fundo\RGB_JPG_Normais\grao_DSC_0470_id4.png,RGB_JPG_Normais,RGB_JPG_QUEBRADOS
C:\Users\eduar\Desktop\Soybe-main\data\com_fundo\RGB_JPG_Normais\grao_DSC_0470_id40.png,RGB_JPG_Normais,RGB_JPG_Normais
C:\Users\eduar\Desktop\Soybe-main\data\com_fundo\RGB_JPG_Normais\grao_DSC_0470_id41.png,RGB_JPG_Normais,RGB_JPG_Normais
C:\Users\eduar\Desktop\Soybe-main\data\com_fundo\RGB_JPG_Normais\grao_DSC_0470_id42.png,RGB_JPG_Normais,RGB_JPG_Normais
C:\Users\eduar\Desktop\Soybe-main\data\com_fundo\RGB_JPG_Normais\grao_DSC_0470_id43.png,RGB_JPG_Normais,RGB_JPG_Normais
C:\Users\eduar\Desktop\Soybe-main\data\com_fundo\RGB_JPG_Normais\grao_DSC_0470_id44.png,RGB_JPG_Normais,RGB_JPG_Normais
C:\Users\eduar\Desktop\Soybe-main\data\com_fundo\RGB_JPG_Normais\grao_DSC_0470_id45.png,RGB_JPG_Normais,RGB_JPG_Normais
C:\Users\eduar\Desktop\Soybe-main\data\com_fundo\RGB_JPG_Normais\grao_DSC_0470_id46.png,RGB_JPG_Normais,RGB_JPG_Normais
C:\Users\eduar\Desktop\Soybe-main\data\com_fundo\RGB_JPG_Normais\grao_DSC_0470_id47.png,RGB_JPG_Normais,RGB_JPG_Normais
C:\Users\eduar\Desktop\Soybe-main\data\com_fundo\RGB_JPG_Normais\grao_DSC_0470_id48.png,RGB_JPG_Normais,RGB_JPG_Normais
C:\Users\eduar\Desktop\Soybe-main\data\com_fundo\RGB_JPG_Normais\grao_DSC_0470_id49.png,RGB_JPG_Normais,RGB_JPG_Normais
C:\Users\eduar\Desktop\Soybe-main\data\com_fundo\RGB_JPG_Normais\grao_DSC_0470_id5.png,RGB_JPG_Normais,RGB_JPG_Normais
C:\Users\eduar\Desktop\Soybe-main\data\com_fundo\RGB_JPG_Normais\grao_DSC_0470_id50.png,RGB_JPG_Normais,RGB_JPG_Normais
C:\Users\eduar\Desktop\Soybe-main\data\com_fundo\RGB_JPG_Normais\grao_DSC_0470_id51.png,RGB_JPG_Normais,RGB_JPG_Normais
C:\Users\eduar\Desktop\Soybe-main\data\com_fundo\RGB_JPG_Normais\grao_DSC_0470_id52.png,RGB_JPG_Normais,RGB_JPG_Normais
C:\Users\eduar\Desktop\Soybe-main\data\com_fundo\RGB_JPG_Normais\grao_DSC_0470_id53.png,RGB_JPG_Normais,RGB_JPG_Normais
C:\Users\eduar\Desktop\Soybe-main\data\com_fundo\RGB_JPG_Normais\grao_DSC_0470_id54.png,RGB_JPG_Normais,RGB_JPG_Normais
C:\Users\eduar\Desktop\Soybe-main\data\com_fundo\RGB_JPG_Normais\grao_DSC_0470_id55.png,RGB_JPG_Normais,RGB_JPG_Normais
C:\Users\eduar\Desktop\Soybe-main\data\com_fundo\RGB_JPG_Normais\grao_DSC_0470_id56.png,RGB_JPG_Normais,RGB_JPG_Normais
C:\Users\eduar\Desktop\Soybe-main\data\com_fundo\RGB_JPG_Normais\grao_DSC_0470_id57.png,RGB_JPG_Normais,RGB_JPG_Normais
C:\Users\eduar\Desktop\Soybe-main\data\com_fundo\RGB_JPG_Normais\grao_DSC_0470_id58.png,RGB_JPG_Normais,RGB_JPG_Normais
C:\Users\eduar\Desktop\Soybe-main\data\com_fundo\RGB_JPG_Normais\grao_DSC_0470_id59.png,RGB_JPG_Normais,RGB_JPG_Normais
C:\Users\eduar\Desktop\Soybe-main\data\com_fundo\RGB_JPG_Normais\grao_DSC_0470_id6.png,RGB_JPG_Normais,RGB_JPG_Normais
C:\Users\eduar\Desktop\Soybe-main\data\com_fundo\RGB_JPG_Normais\grao_DSC_0470_id60.png,RGB_JPG_Normais,RGB_JPG_QUEBRADOS
C:\Users\eduar\Desktop\Soybe-main\data\com_fundo\RGB_JPG_Normais\grao_DSC_0470_id61.png,RGB_JPG_Normais,RGB_JPG_Normais
C:\Users\eduar\Desktop\Soybe-main\data\com_fundo\RGB_JPG_Normais\grao_DSC_0470_id62.png,RGB_JPG_Normais,RGB_JPG_Normais
C:\Users\eduar\Desktop\Soybe-main\data\com_fundo\RGB_JPG_Normais\grao_DSC_0470_id63.png,RGB_JPG_Normais,RGB_JPG_Normais
C:\Users\eduar\Desktop\Soybe-main\data\com_fundo\RGB_JPG_Normais\grao_DSC_0470_id64.png,RGB_JPG_Normais,RGB_JPG_Normais
C:\Users\eduar\Desktop\Soybe-main\data\com_fundo\RGB_JPG_Normais\grao_DSC_0470_id65.png,RGB_JPG_Normais,RGB_JPG_Normais
C:\Users\eduar\Desktop\Soybe-main\data\com_fundo\RGB_JPG_Normais\grao_DSC_0470_id66.png,RGB_JPG_Normais,RGB_JPG_Normais
C:\Users\eduar\Desktop\Soybe-main\data\com_fundo\RGB_JPG_Normais\grao_DSC_0470_id67.png,RGB_JPG_Normais,RGB_JPG_Normais
C:\Users\eduar\Desktop\Soybe-main\data\com_fundo\RGB_JPG_Normais\grao_DSC_0470_id68.png,RGB_JPG_Normais,RGB_JPG_Normais
C:\Users\eduar\Desktop\Soybe-main\data\com_fundo\RGB_JPG_Normais\grao_DSC_0470_id69.png,RGB_JPG_Normais,RGB_JPG_Normais
C:\Users\eduar\Desktop\Soybe-main\data\com_fundo\RGB_JPG_Normais\grao_DSC_0470_id7.png,RGB_JPG_Normais,RGB_JPG_Normais
C:\Users\eduar\Desktop\Soybe-main\data\com_fundo\RGB_JPG_Normais\grao_DSC_0470_id70.png,RGB_JPG_Normais,RGB_JPG_Normais
C:\Users\eduar\Desktop\Soybe-main\data\com_fundo\RGB_JPG_Normais\grao_DSC_0470_id71.png,RGB_JPG_Normais,RGB_JPG_Normais
C:\Users\eduar\Desktop\Soybe-main\data\com_fundo\RGB_JPG_Normais\grao_DSC_0470_id72.png,RGB_JPG_Normais,RGB_JPG_Normais
C:\Users\eduar\Desktop\Soybe-main\data\com_fundo\RGB_JPG_Normais\grao_DSC_0470_id73.png,RGB_JPG_Normais,RGB_JPG_Normais
C:\Users\eduar\Desktop\Soybe-main\data\com_fundo\RGB_JPG_Normais\grao_DSC_0470_id74.png,RGB_JPG_Normais,RGB_JPG_Normais
C:\Users\eduar\Desktop\Soybe-main\data\com_fundo\RGB_JPG_Normais\grao_DSC_0470_id75.png,RGB_JPG_Normais,RGB_JPG_Normais
C:\Users\eduar\Desktop\Soybe-main\data\com_fundo\RGB_JPG_Normais\grao_DSC_0470_id76.png,RGB_JPG_Normais,RGB_JPG_Normais
C:\Users\eduar\Desktop\Soybe-main\data\com_fundo\RGB_JPG_Normais\grao_DSC_0470_id77.png,RGB_JPG_Normais,RGB_JPG_Normais
C:\Users\eduar\Desktop\Soybe-main\data\com_fundo\RGB_JPG_Normais\grao_DSC_0470_id78.png,RGB_JPG_Normais,RGB_JPG_Normais
C:\Users\eduar\Desktop\Soybe-main\data\com_fundo\RGB_JPG_Normais\grao_DSC_0470_id79.png,RGB_JPG_Normais,RGB_JPG_Normais
C:\Users\eduar\Desktop\Soybe-main\data\com_fundo\RGB_JPG_Normais\grao_DSC_0470_id8.png,RGB_JPG_Normais,RGB_JPG_QUEBRADOS
C:\Users\eduar\Desktop\Soybe-main\data\com_fundo\RGB_JPG_Normais\grao_DSC_0470_id80.png,RGB_JPG_Normais,RGB_JPG_Normais
C:\Users\eduar\Desktop\Soybe-main\data\com_fundo\RGB_JPG_Normais\grao_DSC_0470_id81.png,RGB_JPG_Normais,RGB_JPG_Normais
C:\Users\eduar\Desktop\Soybe-main\data\com_fundo\RGB_JPG_Normais\grao_DSC_0470_id82.png,RGB_JPG_Normais,RGB_JPG_Normais
C:\Users\eduar\Desktop\Soybe-main\data\com_fundo\RGB_JPG_Normais\grao_DSC_0470_id83.png,RGB_JPG_Normais,RGB_JPG_Normais
C:\Users\eduar\Desktop\Soybe-main\data\com_fundo\RGB_JPG_Normais\grao_DSC_0470_id84.png,RGB_JPG_Normais,RGB_JPG_Normais
C:\Users\eduar\Desktop\Soybe-main\data\com_fundo\RGB_JPG_Normais\grao_DSC_0470_id85.png,RGB_JPG_Normais,RGB_JPG_Normais
C:\Users\eduar\Desktop\Soybe-main\data\com_fundo\RGB_JPG_Normais\grao_DSC_0470_id86.png,RGB_JPG_Normais,RGB_JPG_Normais
C:\Users\eduar\Desktop\Soybe-main\data\com_fundo\RGB_JPG_Normais\grao_DSC_0470_id87.png,RGB_JPG_Normais,RGB_JPG_Normais
C:\Users\eduar\Desktop\Soybe-main\data\com_fundo\RGB_JPG_Normais\grao_DSC_0470_id88.png,RGB_JPG_Normais,RGB_JPG_Normais
C:\Users\eduar\Desktop\Soybe-main\data\com_fundo\RGB_JPG_Normais\grao_DSC_0470_id89.png,RGB_JPG_Normais,RGB_JPG_Normais
C:\Users\eduar\Desktop\Soybe-main\data\com_fundo\RGB_JPG_Normais\grao_DSC_0470_id9.png,RGB_JPG_Normais,RGB_JPG_Normais
C:\Users\eduar\Desktop\Soybe-main\data\com_fundo\RGB_JPG_Normais\grao_DSC_0470_id90.png,RGB_JPG_Normais,RGB_JPG_QUEBRADOS
C:\Users\eduar\Desktop\Soybe-main\data\com_fundo\RGB_JPG_Normais\grao_DSC_0470_id91.png,RGB_JPG_Normais,RGB_JPG_Normais
C:\Users\eduar\Desktop\Soybe-main\data\com_fundo\RGB_JPG_Normais\grao_DSC_0470_id92.png,RGB_JPG_Normais,RGB_JPG_Normais
C:\Users\eduar\Desktop\Soybe-main\data\com_fundo\RGB_JPG_Normais\grao_DSC_0470_id93.png,RGB_JPG_Normais,RGB_JPG_Normais
C:\Users\eduar\Desktop\Soybe-main\data\com_fundo\RGB_JPG_Normais\grao_DSC_0470_id94.png,RGB_JPG_Normais,RGB_JPG_Normais
C:\Users\eduar\Desktop\Soybe-main\data\com_fundo\RGB_JPG_Normais\grao_DSC_0470_id95.png,RGB_JPG_Normais,RGB_JPG_Normais
C:\Users\eduar\Desktop\Soybe-main\data\com_fundo\RGB_JPG_Normais\grao_DSC_0470_id96.png,RGB_JPG_Normais,RGB_JPG_Normais
C:\Users\eduar\Desktop\Soybe-main\data\com_fundo\RGB_JPG_Normais\grao_DSC_0470_id97.png,RGB_JPG_Normais,RGB_JPG_Normais
C:\Users\eduar\Desktop\Soybe-main\data\com_fundo\RGB_JPG_Normais\grao_DSC_0470_id98.png,RGB_JPG_Normais,RGB_JPG_ESVERDEADO
C:\Users\eduar\Desktop\Soybe-main\data\com_fundo\RGB_JPG_Normais\grao_DSC_0470_id99.png,RGB_JPG_Normais,RGB_JPG_Normais
C:\Users\eduar\Desktop\Soybe-main\data\com_fundo\RGB_JPG_Normais\grao_DSC_0479_id1.png,RGB_JPG_Normais,RGB_JPG_CHOCHOS
C:\Users\eduar\Desktop\Soybe-main\data\com_fundo\RGB_JPG_Normais\grao_DSC_0479_id10.png,RGB_JPG_Normais,RGB_JPG_Normais
C:\Users\eduar\Desktop\Soybe-main\data\com_fundo\RGB_JPG_Normais\grao_DSC_0479_id100.png,RGB_JPG_Normais,RGB_JPG_Normais
C:\Users\eduar\Desktop\Soybe-main\data\com_fundo\RGB_JPG_Normais\grao_DSC_0479_id101.png,RGB_JPG_Normais,RGB_JPG_Normais
C:\Users\eduar\Desktop\Soybe-main\data\com_fundo\RGB_JPG_Normais\grao_DSC_0479_id102.png,RGB_JPG_Normais,RGB_JPG_Normais
C:\Users\eduar\Desktop\Soybe-main\data\com_fundo\RGB_JPG_Normais\grao_DSC_0479_id103.png,RGB_JPG_Normais,RGB_JPG_Normais
C:\Users\eduar\Desktop\Soybe-main\data\com_fundo\RGB_JPG_Normais\grao_DSC_0479_id104.png,RGB_JPG_Normais,RGB_JPG_Normais
C:\Users\eduar\Desktop\Soybe-main\data\com_fundo\RGB_JPG_Normais\grao_DSC_0479_id105.png,RGB_JPG_Normais,RGB_JPG_Normais
C:\Users\eduar\Desktop\Soybe-main\data\com_fundo\RGB_JPG_Normais\grao_DSC_0479_id11.png,RGB_JPG_Normais,RGB_JPG_QUEBRADOS
C:\Users\eduar\Desktop\Soybe-main\data\com_fundo\RGB_JPG_Normais\grao_DSC_0479_id12.png,RGB_JPG_Normais,RGB_JPG_Normais
C:\Users\eduar\Desktop\Soybe-main\data\com_fundo\RGB_JPG_Normais\grao_DSC_0479_id13.png,RGB_JPG_Normais,RGB_JPG_Normais
C:\Users\eduar\Desktop\Soybe-main\data\com_fundo\RGB_JPG_Normais\grao_DSC_0479_id14.png,RGB_JPG_Normais,RGB_JPG_Normais
C:\Users\eduar\Desktop\Soybe-main\data\com_fundo\RGB_JPG_Normais\grao_DSC_0479_id15.png,RGB_JPG_Normais,RGB_JPG_Normais
C:\Users\eduar\Desktop\Soybe-main\data\com_fundo\RGB_JPG_Normais\grao_DSC_0479_id16.png,RGB_JPG_Normais,RGB_JPG_Normais
C:\Users\eduar\Desktop\Soybe-main\data\com_fundo\RGB_JPG_Normais\grao_DSC_0479_id17.png,RGB_JPG_Normais,RGB_JPG_Normais
C:\Users\eduar\Desktop\Soybe-main\data\com_fundo\RGB_JPG_Normais\grao_DSC_0479_id18.png,RGB_JPG_Normais,RGB_JPG_Normais
C:\Users\eduar\Desktop\Soybe-main\data\com_fundo\RGB_JPG_Normais\grao_DSC_0479_id19.png,RGB_JPG_Normais,RGB_JPG_Normais
C:\Users\eduar\Desktop\Soybe-main\data\com_fundo\RGB_JPG_Normais\grao_DSC_0479_id2.png,RGB_JPG_Normais,RGB_JPG_Normais
C:\Users\eduar\Desktop\Soybe-main\data\com_fundo\RGB_JPG_Normais\grao_DSC_0479_id20.png,RGB_JPG_Normais,RGB_JPG_Normais
C:\Users\eduar\Desktop\Soybe-main\data\com_fundo\RGB_JPG_Normais\grao_DSC_0479_id21.png,RGB_JPG_Normais,RGB_JPG_QUEBRADOS
C:\Users\eduar\Desktop\Soybe-main\data\com_fundo\RGB_JPG_Normais\grao_DSC_0479_id22.png,RGB_JPG_Normais,RGB_JPG_QUEBRADOS
C:\Users\eduar\Desktop\Soybe-main\data\com_fundo\RGB_JPG_Normais\grao_DSC_0479_id23.png,RGB_JPG_Normais,RGB_JPG_QUEBRADOS
C:\Users\eduar\Desktop\Soybe-main\data\com_fundo\RGB_JPG_Normais\grao_DSC_0479_id24.png,RGB_JPG_Normais,RGB_JPG_Normais
C:\Users\eduar\Desktop\Soybe-main\data\com_fundo\RGB_JPG_Normais\grao_DSC_0479_id25.png,RGB_JPG_Normais,RGB_JPG_Normais
C:\Users\eduar\Desktop\Soybe-main\data\com_fundo\RGB_JPG_Normais\grao_DSC_0479_id26.png,RGB_JPG_Normais,RGB_JPG_Normais
C:\Users\eduar\Desktop\Soybe-main\data\com_fundo\RGB_JPG_Normais\grao_DSC_0479_id27.png,RGB_JPG_Normais,RGB_JPG_QUEBRADOS
C:\Users\eduar\Desktop\Soybe-main\data\com_fundo\RGB_JPG_Normais\grao_DSC_0479_id28.png,RGB_JPG_Normais,RGB_JPG_QUEBRADOS
C:\Users\eduar\Desktop\Soybe-main\data\com_fundo\RGB_JPG_Normais\grao_DSC_0479_id29.png,RGB_JPG_Normais,RGB_JPG_Normais
C:\Users\eduar\Desktop\Soybe-main\data\com_fundo\RGB_JPG_Normais\grao_DSC_0479_id3.png,RGB_JPG_Normais,RGB_JPG_Normais
C:\Users\eduar\Desktop\Soybe-main\data\com_fundo\RGB_JPG_Normais\grao_DSC_0479_id30.png,RGB_JPG_Normais,RGB_JPG_Normais
C:\Users\eduar\Desktop\Soybe-main\data\com_fundo\RGB_JPG_Normais\grao_DSC_0479_id31.png,RGB_JPG_Normais,RGB_JPG_Normais
C:\Users\eduar\Desktop\Soybe-main\data\com_fundo\RGB_JPG_Normais\grao_DSC_0479_id32.png,RGB_JPG_Normais,RGB_JPG_Normais
C:\Users\eduar\Desktop\Soybe-main\data\com_fundo\RGB_JPG_Normais\grao_DSC_0479_id33.png,RGB_JPG_Normais,RGB_JPG_Normais
C:\Users\eduar\Desktop\Soybe-main\data\com_fundo\RGB_JPG_Normais\grao_DSC_0479_id35.png,RGB_JPG_Normais,RGB_JPG_QUEBRADOS
C:\Users\eduar\Desktop\Soybe-main\data\com_fundo\RGB_JPG_Normais\grao_DSC_0479_id36.png,RGB_JPG_Normais,RGB_JPG_Normais
C:\Users\eduar\Desktop\Soybe-main\data\com_fundo\RGB_JPG_Normais\grao_DSC_0479_id37.png,RGB_JPG_Normais,RGB_JPG_Normais
C:\Users\eduar\Desktop\Soybe-main\data\com_fundo\RGB_JPG_Normais\grao_DSC_0479_id38.png,RGB_JPG_Normais,RGB_JPG_Normais
C:\Users\eduar\Desktop\Soybe-main\data\com_fundo\RGB_JPG_Normais\grao_DSC_0479_id39.png,RGB_JPG_Normais,RGB_JPG_QUEBRADOS
C:\Users\eduar\Desktop\Soybe-main\data\com_fundo\RGB_JPG_Normais\grao_DSC_0479_id4.png,RGB_JPG_Normais,RGB_JPG_Normais
C:\Users\eduar\Desktop\Soybe-main\data\com_fundo\RGB_JPG_Normais\grao_DSC_0479_id40.png,RGB_JPG_Normais,RGB_JPG_Normais
C:\Users\eduar\Desktop\Soybe-main\data\com_fundo\RGB_JPG_Normais\grao_DSC_0479_id41.png,RGB_JPG_Normais,RGB_JPG_Normais
C:\Users\eduar\Desktop\Soybe-main\data\com_fundo\RGB_JPG_Normais\grao_DSC_0479_id42.png,RGB_JPG_Normais,RGB_JPG_Normais
C:\Users\eduar\Desktop\Soybe-main\data\com_fundo\RGB_JPG_Normais\grao_DSC_0479_id43.png,RGB_JPG_Normais,RGB_JPG_QUEBRADOS
C:\Users\eduar\Desktop\Soybe-main\data\com_fundo\RGB_JPG_Normais\grao_DSC_0479_id44.png,RGB_JPG_Normais,RGB_JPG_ESVERDEADO
C:\Users\eduar\Desktop\Soybe-main\data\com_fundo\RGB_JPG_Normais\grao_DSC_0479_id45.png,RGB_JPG_Normais,RGB_JPG_QUEBRADOS
C:\Users\eduar\Desktop\Soybe-main\data\com_fundo\RGB_JPG_Normais\grao_DSC_0479_id46.png,RGB_JPG_Normais,RGB_JPG_Normais
C:\Users\eduar\Desktop\Soybe-main\data\com_fundo\RGB_JPG_Normais\grao_DSC_0479_id47.png,RGB_JPG_Normais,RGB_JPG_QUEBRADOS
C:\Users\eduar\Desktop\Soybe-main\data\com_fundo\RGB_JPG_Normais\grao_DSC_0479_id48.png,RGB_JPG_Normais,RGB_JPG_Normais
C:\Users\eduar\Desktop\Soybe-main\data\com_fundo\RGB_JPG_Normais\grao_DSC_0479_id49.png,RGB_JPG_Normais,RGB_JPG_Normais
C:\Users\eduar\Desktop\Soybe-main\data\com_fundo\RGB_JPG_Normais\grao_DSC_0479_id5.png,RGB_JPG_Normais,RGB_JPG_Normais
C:\Users\eduar\Desktop\Soybe-main\data\com_fundo\RGB_JPG_Normais\grao_DSC_0479_id50.png,RGB_JPG_Normais,RGB_JPG_Normais
C:\Users\eduar\Desktop\Soybe-main\data\com_fundo\RGB_JPG_Normais\grao_DSC_0479_id51.png,RGB_JPG_Normais,RGB_JPG_Normais
C:\Users\eduar\Desktop\Soybe-main\data\com_fundo\RGB_JPG_Normais\grao_DSC_0479_id52.png,RGB_JPG_Normais,RGB_JPG_Normais
C:\Users\eduar\Desktop\Soybe-main\data\com_fundo\RGB_JPG_Normais\grao_DSC_0479_id53.png,RGB_JPG_Normais,RGB_JPG_QUEBRADOS
C:\Users\eduar\Desktop\Soybe-main\data\com_fundo\RGB_JPG_Normais\grao_DSC_0479_id54.png,RGB_JPG_Normais,RGB_JPG_Normais
C:\Users\eduar\Desktop\Soybe-main\data\com_fundo\RGB_JPG_Normais\grao_DSC_0479_id55.png,RGB_JPG_Normais,RGB_JPG_Normais
C:\Users\eduar\Desktop\Soybe-main\data\com_fundo\RGB_JPG_Normais\grao_DSC_0479_id56.png,RGB_JPG_Normais,RGB_JPG_Normais
C:\Users\eduar\Desktop\Soybe-main\data\com_fundo\RGB_JPG_Normais\grao_DSC_0479_id57.png,RGB_JPG_Normais,RGB_JPG_QUEBRADOS
C:\Users\eduar\Desktop\Soybe-main\data\com_fundo\RGB_JPG_Normais\grao_DSC_0479_id58.png,RGB_JPG_Normais,RGB_JPG_Normais
C:\Users\eduar\Desktop\Soybe-main\data\com_fundo\RGB_JPG_Normais\grao_DSC_0479_id59.png,RGB_JPG_Normais,RGB_JPG_QUEBRADOS
C:\Users\eduar\Desktop\Soybe-main\data\com_fundo\RGB_JPG_Normais\grao_DSC_0479_id6.png,RGB_JPG_Normais,RGB_JPG_Normais
C:\Users\eduar\Desktop\Soybe-main\data\com_fundo\RGB_JPG_Normais\grao_DSC_0479_id60.png,RGB_JPG_Normais,RGB_JPG_QUEBRADOS
C:\Users\eduar\Desktop\Soybe-main\data\com_fundo\RGB_JPG_Normais\grao_DSC_0479_id61.png,RGB_JPG_Normais,RGB_JPG_Normais
C:\Users\eduar\Desktop\Soybe-main\data\com_fundo\RGB_JPG_Normais\grao_DSC_0479_id62.png,RGB_JPG_Normais,RGB_JPG_QUEBRADOS
C:\Users\eduar\Desktop\Soybe-main\data\com_fundo\RGB_JPG_Normais\grao_DSC_0479_id63.png,RGB_JPG_Normais,RGB_JPG_Normais
C:\Users\eduar\Desktop\Soybe-main\data\com_fundo\RGB_JPG_Normais\grao_DSC_0479_id64.png,RGB_JPG_Normais,RGB_JPG_Normais
C:\Users\eduar\Desktop\Soybe-main\data\com_fundo\RGB_JPG_Normais\grao_DSC_0479_id65.png,RGB_JPG_Normais,RGB_JPG_Normais
C:\Users\eduar\Desktop\Soybe-main\data\com_fundo\RGB_JPG_Normais\grao_DSC_0479_id66.png,RGB_JPG_Normais,RGB_JPG_Normais
C:\Users\eduar\Desktop\Soybe-main\data\com_fundo\RGB_JPG_Normais\grao_DSC_0479_id67.png,RGB_JPG_Normais,RGB_JPG_QUEBRADOS
C:\Users\eduar\Desktop\Soybe-main\data\com_fundo\RGB_JPG_Normais\grao_DSC_0479_id68.png,RGB_JPG_Normais,RGB_JPG_Normais
C:\Users\eduar\Desktop\Soybe-main\data\com_fundo\RGB_JPG_Normais\grao_DSC_0479_id69.png,RGB_JPG_Normais,RGB_JPG_Normais
C:\Users\eduar\Desktop\Soybe-main\data\com_fundo\RGB_JPG_Normais\grao_DSC_0479_id7.png,RGB_JPG_Normais,RGB_JPG_Normais
C:\Users\eduar\Desktop\Soybe-main\data\com_fundo\RGB_JPG_Normais\grao_DSC_0479_id71.png,RGB_JPG_Normais,RGB_JPG_Normais
C:\Users\eduar\Desktop\Soybe-main\data\com_fundo\RGB_JPG_Normais\grao_DSC_0479_id72.png,RGB_JPG_Normais,RGB_JPG_Normais
C:\Users\eduar\Desktop\Soybe-main\data\com_fundo\RGB_JPG_Normais\grao_DSC_0479_id73.png,RGB_JPG_Normais,RGB_JPG_Normais
C:\Users\eduar\Desktop\Soybe-main\data\com_fundo\RGB_JPG_Normais\grao_DSC_0479_id74.png,RGB_JPG_Normais,RGB_JPG_QUEBRADOS
C:\Users\eduar\Desktop\Soybe-main\data\com_fundo\RGB_JPG_Normais\grao_DSC_0479_id75.png,RGB_JPG_Normais,RGB_JPG_QUEBRADOS
C:\Users\eduar\Desktop\Soybe-main\data\com_fundo\RGB_JPG_Normais\grao_DSC_0479_id76.png,RGB_JPG_Normais,RGB_JPG_Normais
C:\Users\eduar\Desktop\Soybe-main\data\com_fundo\RGB_JPG_Normais\grao_DSC_0479_id78.png,RGB_JPG_Normais,RGB_JPG_Normais
C:\Users\eduar\Desktop\Soybe-main\data\com_fundo\RGB_JPG_Normais\grao_DSC_0479_id79.png,RGB_JPG_Normais,RGB_JPG_Normais
C:\Users\eduar\Desktop\Soybe-main\data\com_fundo\RGB_JPG_Normais\grao_DSC_0479_id8.png,RGB_JPG_Normais,RGB_JPG_QUEBRADOS
C:\Users\eduar\Desktop\Soybe-main\data\com_fundo\RGB_JPG_Normais\grao_DSC_0479_id80.png,RGB_JPG_Normais,RGB_JPG_QUEBRADOS
C:\Users\eduar\Desktop\Soybe-main\data\com_fundo\RGB_JPG_Normais\grao_DSC_0479_id81.png,RGB_JPG_Normais,RGB_JPG_Normais
C:\Users\eduar\Desktop\Soybe-main\data\com_fundo\RGB_JPG_Normais\grao_DSC_0479_id82.png,RGB_JPG_Normais,RGB_JPG_Normais
C:\Users\eduar\Desktop\Soybe-main\data\com_fundo\RGB_JPG_Normais\grao_DSC_0479_id83.png,RGB_JPG_Normais,RGB_JPG_Normais
C:\Users\eduar\Desktop\Soybe-main\data\com_fundo\RGB_JPG_Normais\grao_DSC_0479_id84.png,RGB_JPG_Normais,RGB_JPG_QUEBRADOS
C:\Users\eduar\Desktop\Soybe-main\data\com_fundo\RGB_JPG_Normais\grao_DSC_0479_id85.png,RGB_JPG_Normais,RGB_JPG_QUEBRADOS
C:\Users\eduar\Desktop\Soybe-main\data\com_fundo\RGB_JPG_Normais\grao_DSC_0479_id86.png,RGB_JPG_Normais,RGB_JPG_QUEBRADOS
C:\Users\eduar\Desktop\Soybe-main\data\com_fundo\RGB_JPG_Normais\grao_DSC_0479_id87.png,RGB_JPG_Normais,RGB_JPG_QUEBRADOS
C:\Users\eduar\Desktop\Soybe-main\data\com_fundo\RGB_JPG_Normais\grao_DSC_0479_id88.png,RGB_JPG_Normais,RGB_JPG_Normais
C:\Users\eduar\Desktop\Soybe-main\data\com_fundo\RGB_JPG_Normais\grao_DSC_0479_id89.png,RGB_JPG_Normais,RGB_JPG_Normais
C:\Users\eduar\Desktop\Soybe-main\data\com_fundo\RGB_JPG_Normais\grao_DSC_0479_id9.png,RGB_JPG_Normais,RGB_JPG_Normais
C:\Users\eduar\Desktop\Soybe-main\data\com_fundo\RGB_JPG_Normais\grao_DSC_0479_id90.png,RGB_JPG_Normais,RGB_JPG_Normais
C:\Users\eduar\Desktop\Soybe-main\data\com_fundo\RGB_JPG_Normais\grao_DSC_0479_id91.png,RGB_JPG_Normais,RGB_JPG_Normais
C:\Users\eduar\Desktop\Soybe-main\data\com_fundo\RGB_JPG_Normais\grao_DSC_0479_id92.png,RGB_JPG_Normais,RGB_JPG_Normais
C:\Users\eduar\Desktop\Soybe-main\data\com_fundo\RGB_JPG_Normais\grao_DSC_0479_id93.png,RGB_JPG_Normais,RGB_JPG_Normais
C:\Users\eduar\Desktop\Soybe-main\data\com_fundo\RGB_JPG_Normais\grao_DSC_0479_id94.png,RGB_JPG_Normais,RGB_JPG_QUEBRADOS
C:\Users\eduar\Desktop\Soybe-main\data\com_fundo\RGB_JPG_Normais\grao_DSC_0479_id95.png,RGB_JPG_Normais,RGB_JPG_Normais
C:\Users\eduar\Desktop\Soybe-main\data\com_fundo\RGB_JPG_Normais\grao_DSC_0479_id96.png,RGB_JPG_Normais,RGB_JPG_Normais
C:\Users\eduar\Desktop\Soybe-main\data\com_fundo\RGB_JPG_Normais\grao_DSC_0479_id97.png,RGB_JPG_Normais,RGB_JPG_Normais
C:\Users\eduar\Desktop\Soybe-main\data\com_fundo\RGB_JPG_Normais\grao_DSC_0479_id98.png,RGB_JPG_Normais,RGB_JPG_Normais
C:\Users\eduar\Desktop\Soybe-main\data\com_fundo\RGB_JPG_Normais\grao_DSC_0479_id99.png,RGB_JPG_Normais,RGB_JPG_Normais
C:\Users\eduar\Desktop\Soybe-main\data\com_fundo\RGB_JPG_Normais\grao_DSC_0480_id1.png,RGB_JPG_Normais,RGB_JPG_Normais
C:\Users\eduar\Desktop\Soybe-main\data\com_fundo\RGB_JPG_Normais\grao_DSC_0480_id10.png,RGB_JPG_Normais,RGB_JPG_Normais
C:\Users\eduar\Desktop\Soybe-main\data\com_fundo\RGB_JPG_Normais\grao_DSC_0480_id100.png,RGB_JPG_Normais,RGB_JPG_Normais
C:\Users\eduar\Desktop\Soybe-main\data\com_fundo\RGB_JPG_Normais\grao_DSC_0480_id101.png,RGB_JPG_Normais,RGB_JPG_Normais
C:\Users\eduar\Desktop\Soybe-main\data\com_fundo\RGB_JPG_Normais\grao_DSC_0480_id102.png,RGB_JPG_Normais,RGB_JPG_Normais
C:\Users\eduar\Desktop\Soybe-main\data\com_fundo\RGB_JPG_Normais\grao_DSC_0480_id103.png,RGB_JPG_Normais,RGB_JPG_Normais
C:\Users\eduar\Desktop\Soybe-main\data\com_fundo\RGB_JPG_Normais\grao_DSC_0480_id104.png,RGB_JPG_Normais,RGB_JPG_Normais
C:\Users\eduar\Desktop\Soybe-main\data\com_fundo\RGB_JPG_Normais\grao_DSC_0480_id105.png,RGB_JPG_Normais,RGB_JPG_Normais
C:\Users\eduar\Desktop\Soybe-main\data\com_fundo\RGB_JPG_Normais\grao_DSC_0480_id106.png,RGB_JPG_Normais,RGB_JPG_Normais
C:\Users\eduar\Desktop\Soybe-main\data\com_fundo\RGB_JPG_Normais\grao_DSC_0480_id11.png,RGB_JPG_Normais,RGB_JPG_Normais
C:\Users\eduar\Desktop\Soybe-main\data\com_fundo\RGB_JPG_Normais\grao_DSC_0480_id12.png,RGB_JPG_Normais,RGB_JPG_Normais
C:\Users\eduar\Desktop\Soybe-main\data\com_fundo\RGB_JPG_Normais\grao_DSC_0480_id13.png,RGB_JPG_Normais,RGB_JPG_Normais
C:\Users\eduar\Desktop\Soybe-main\data\com_fundo\RGB_JPG_Normais\grao_DSC_0480_id14.png,RGB_JPG_Normais,RGB_JPG_Normais
C:\Users\eduar\Desktop\Soybe-main\data\com_fundo\RGB_JPG_Normais\grao_DSC_0480_id15.png,RGB_JPG_Normais,RGB_JPG_Normais
C:\Users\eduar\Desktop\Soybe-main\data\com_fundo\RGB_JPG_Normais\grao_DSC_0480_id16.png,RGB_JPG_Normais,RGB_JPG_Normais
C:\Users\eduar\Desktop\Soybe-main\data\com_fundo\RGB_JPG_Normais\grao_DSC_0480_id17.png,RGB_JPG_Normais,RGB_JPG_Normais
C:\Users\eduar\Desktop\Soybe-main\data\com_fundo\RGB_JPG_Normais\grao_DSC_0480_id18.png,RGB_JPG_Normais,RGB_JPG_Normais
C:\Users\eduar\Desktop\Soybe-main\data\com_fundo\RGB_JPG_Normais\grao_DSC_0480_id19.png,RGB_JPG_Normais,RGB_JPG_Normais
C:\Users\eduar\Desktop\Soybe-main\data\com_fundo\RGB_JPG_Normais\grao_DSC_0480_id2.png,RGB_JPG_Normais,RGB_JPG_Normais
C:\Users\eduar\Desktop\Soybe-main\data\com_fundo\RGB_JPG_Normais\grao_DSC_0480_id20.png,RGB_JPG_Normais,RGB_JPG_Normais
C:\Users\eduar\Desktop\Soybe-main\data\com_fundo\RGB_JPG_Normais\grao_DSC_0480_id21.png,RGB_JPG_Normais,RGB_JPG_Normais
C:\Users\eduar\Desktop\Soybe-main\data\com_fundo\RGB_JPG_Normais\grao_DSC_0480_id22.png,RGB_JPG_Normais,RGB_JPG_Normais
C:\Users\eduar\Desktop\Soybe-main\data\com_fundo\RGB_JPG_Normais\grao_DSC_0480_id23.png,RGB_JPG_Normais,RGB_JPG_Normais
C:\Users\eduar\Desktop\Soybe-main\data\com_fundo\RGB_JPG_Normais\grao_DSC_0480_id24.png,RGB_JPG_Normais,RGB_JPG_Normais
C:\Users\eduar\Desktop\Soybe-main\data\com_fundo\RGB_JPG_Normais\grao_DSC_0480_id25.png,RGB_JPG_Normais,RGB_JPG_Normais
C:\Users\eduar\Desktop\Soybe-main\data\com_fundo\RGB_JPG_Normais\grao_DSC_0480_id26.png,RGB_JPG_Normais,RGB_JPG_Normais
C:\Users\eduar\Desktop\Soybe-main\data\com_fundo\RGB_JPG_Normais\grao_DSC_0480_id27.png,RGB_JPG_Normais,RGB_JPG_Normais
C:\Users\eduar\Desktop\Soybe-main\data\com_fundo\RGB_JPG_Normais\grao_DSC_0480_id28.png,RGB_JPG_Normais,RGB_JPG_Normais
C:\Users\eduar\Desktop\Soybe-main\data\com_fundo\RGB_JPG_Normais\grao_DSC_0480_id29.png,RGB_JPG_Normais,RGB_JPG_Normais
C:\Users\eduar\Desktop\Soybe-main\data\com_fundo\RGB_JPG_Normais\grao_DSC_0480_id3.png,RGB_JPG_Normais,RGB_JPG_Normais
C:\Users\eduar\Desktop\Soybe-main\data\com_fundo\RGB_JPG_Normais\grao_DSC_0480_id30.png,RGB_JPG_Normais,RGB_JPG_Normais
C:\Users\eduar\Desktop\Soybe-main\data\com_fundo\RGB_JPG_Normais\grao_DSC_0480_id31.png,RGB_JPG_Normais,RGB_JPG_Normais
C:\Users\eduar\Desktop\Soybe-main\data\com_fundo\RGB_JPG_Normais\grao_DSC_0480_id32.png,RGB_JPG_Normais,RGB_JPG_Normais
C:\Users\eduar\Desktop\Soybe-main\data\com_fundo\RGB_JPG_Normais\grao_DSC_0480_id33.png,RGB_JPG_Normais,RGB_JPG_Normais
C:\Users\eduar\Desktop\Soybe-main\data\com_fundo\RGB_JPG_Normais\grao_DSC_0480_id34.png,RGB_JPG_Normais,RGB_JPG_Normais
C:\Users\eduar\Desktop\Soybe-main\data\com_fundo\RGB_JPG_Normais\grao_DSC_0480_id35.png,RGB_JPG_Normais,RGB_JPG_Normais
C:\Users\eduar\Desktop\Soybe-main\data\com_fundo\RGB_JPG_Normais\grao_DSC_0480_id36.png,RGB_JPG_Normais,RGB_JPG_Normais
C:\Users\eduar\Desktop\Soybe-main\data\com_fundo\RGB_JPG_Normais\grao_DSC_0480_id37.png,RGB_JPG_Normais,RGB_JPG_Normais
C:\Users\eduar\Desktop\Soybe-main\data\com_fundo\RGB_JPG_Normais\grao_DSC_0480_id38.png,RGB_JPG_Normais,RGB_JPG_Normais
C:\Users\eduar\Desktop\Soybe-main\data\com_fundo\RGB_JPG_Normais\grao_DSC_0480_id39.png,RGB_JPG_Normais,RGB_JPG_Normais
C:\Users\eduar\Desktop\Soybe-main\data\com_fundo\RGB_JPG_Normais\grao_DSC_0480_id4.png,RGB_JPG_Normais,RGB_JPG_Normais
C:\Users\eduar\Desktop\Soybe-main\data\com_fundo\RGB_JPG_Normais\grao_DSC_0480_id40.png,RGB_JPG_Normais,RGB_JPG_Normais
C:\Users\eduar\Desktop\Soybe-main\data\com_fundo\RGB_JPG_Normais\grao_DSC_0480_id41.png,RGB_JPG_Normais,RGB_JPG_Normais
C:\Users\eduar\Desktop\Soybe-main\data\com_fundo\RGB_JPG_Normais\grao_DSC_0480_id42.png,RGB_JPG_Normais,RGB_JPG_Normais
C:\Users\eduar\Desktop\Soybe-main\data\com_fundo\RGB_JPG_Normais\grao_DSC_0480_id43.png,RGB_JPG_Normais,RGB_JPG_Normais
C:\Users\eduar\Desktop\Soybe-main\data\com_fundo\RGB_JPG_Normais\grao_DSC_0480_id44.png,RGB_JPG_Normais,RGB_JPG_Normais
C:\Users\eduar\Desktop\Soybe-main\data\com_fundo\RGB_JPG_Normais\grao_DSC_0480_id45.png,RGB_JPG_Normais,RGB_JPG_Normais
C:\Users\eduar\Desktop\Soybe-main\data\com_fundo\RGB_JPG_Normais\grao_DSC_0480_id46.png,RGB_JPG_Normais,RGB_JPG_Normais
C:\Users\eduar\Desktop\Soybe-main\data\com_fundo\RGB_JPG_Normais\grao_DSC_0480_id48.png,RGB_JPG_Normais,RGB_JPG_Normais
C:\Users\eduar\Desktop\Soybe-main\data\com_fundo\RGB_JPG_Normais\grao_DSC_0480_id49.png,RGB_JPG_Normais,RGB_JPG_Normais
C:\Users\eduar\Desktop\Soybe-main\data\com_fundo\RGB_JPG_Normais\grao_DSC_0480_id5.png,RGB_JPG_Normais,RGB_JPG_Normais
C:\Users\eduar\Desktop\Soybe-main\data\com_fundo\RGB_JPG_Normais\grao_DSC_0480_id50.png,RGB_JPG_Normais,RGB_JPG_Normais
C:\Users\eduar\Desktop\Soybe-main\data\com_fundo\RGB_JPG_Normais\grao_DSC_0480_id51.png,RGB_JPG_Normais,RGB_JPG_Normais
C:\Users\eduar\Desktop\Soybe-main\data\com_fundo\RGB_JPG_Normais\grao_DSC_0480_id52.png,RGB_JPG_Normais,RGB_JPG_Normais
C:\Users\eduar\Desktop\Soybe-main\data\com_fundo\RGB_JPG_Normais\grao_DSC_0480_id53.png,RGB_JPG_Normais,RGB_JPG_Normais
C:\Users\eduar\Desktop\Soybe-main\data\com_fundo\RGB_JPG_Normais\grao_DSC_0480_id54.png,RGB_JPG_Normais,RGB_JPG_Normais
C:\Users\eduar\Desktop\Soybe-main\data\com_fundo\RGB_JPG_Normais\grao_DSC_0480_id56.png,RGB_JPG_Normais,RGB_JPG_Normais
C:\Users\eduar\Desktop\Soybe-main\data\com_fundo\RGB_JPG_Normais\grao_DSC_0480_id57.png,RGB_JPG_Normais,RGB_JPG_Normais
C:\Users\eduar\Desktop\Soybe-main\data\com_fundo\RGB_JPG_Normais\grao_DSC_0480_id58.png,RGB_JPG_Normais,RGB_JPG_Normais
C:\Users\eduar\Desktop\Soybe-main\data\com_fundo\RGB_JPG_Normais\grao_DSC_0480_id59.png,RGB_JPG_Normais,RGB_JPG_Normais
C:\Users\eduar\Desktop\Soybe-main\data\com_fundo\RGB_JPG_Normais\grao_DSC_0480_id6.png,RGB_JPG_Normais,RGB_JPG_Normais
C:\Users\eduar\Desktop\Soybe-main\data\com_fundo\RGB_JPG_Normais\grao_DSC_0480_id60.png,RGB_JPG_Normais,RGB_JPG_Normais
C:\Users\eduar\Desktop\Soybe-main\data\com_fundo\RGB_JPG_Normais\grao_DSC_0480_id61.png,RGB_JPG_Normais,RGB_JPG_Normais
C:\Users\eduar\Desktop\Soybe-main\data\com_fundo\RGB_JPG_Normais\grao_DSC_0480_id62.png,RGB_JPG_Normais,RGB_JPG_Normais
C:\Users\eduar\Desktop\Soybe-main\data\com_fundo\RGB_JPG_Normais\grao_DSC_0480_id63.png,RGB_JPG_Normais,RGB_JPG_Normais
C:\Users\eduar\Desktop\Soybe-main\data\com_fundo\RGB_JPG_Normais\grao_DSC_0480_id64.png,RGB_JPG_Normais,RGB_JPG_Normais
C:\Users\eduar\Desktop\Soybe-main\data\com_fundo\RGB_JPG_Normais\grao_DSC_0480_id65.png,RGB_JPG_Normais,RGB_JPG_Normais
C:\Users\eduar\Desktop\Soybe-main\data\com_fundo\RGB_JPG_Normais\grao_DSC_0480_id66.png,RGB_JPG_Normais,RGB_JPG_Normais
C:\Users\eduar\Desktop\Soybe-main\data\com_fundo\RGB_JPG_Normais\grao_DSC_0480_id67.png,RGB_JPG_Normais,RGB_JPG_QUEBRADOS
C:\Users\eduar\Desktop\Soybe-main\data\com_fundo\RGB_JPG_Normais\grao_DSC_0480_id68.png,RGB_JPG_Normais,RGB_JPG_Normais
C:\Users\eduar\Desktop\Soybe-main\data\com_fundo\RGB_JPG_Normais\grao_DSC_0480_id69.png,RGB_JPG_Normais,RGB_JPG_Normais
C:\Users\eduar\Desktop\Soybe-main\data\com_fundo\RGB_JPG_Normais\grao_DSC_0480_id7.png,RGB_JPG_Normais,RGB_JPG_Normais
C:\Users\eduar\Desktop\Soybe-main\data\com_fundo\RGB_JPG_Normais\grao_DSC_0480_id70.png,RGB_JPG_Normais,RGB_JPG_Normais
C:\Users\eduar\Desktop\Soybe-main\data\com_fundo\RGB_JPG_Normais\grao_DSC_0480_id71.png,RGB_JPG_Normais,RGB_JPG_Normais
C:\Users\eduar\Desktop\Soybe-main\data\com_fundo\RGB_JPG_Normais\grao_DSC_0480_id72.png,RGB_JPG_Normais,RGB_JPG_ESVERDEADO
C:\Users\eduar\Desktop\Soybe-main\data\com_fundo\RGB_JPG_Normais\grao_DSC_0480_id73.png,RGB_JPG_Normais,RGB_JPG_Normais
C:\Users\eduar\Desktop\Soybe-main\data\com_fundo\RGB_JPG_Normais\grao_DSC_0480_id74.png,RGB_JPG_Normais,RGB_JPG_Normais
C:\Users\eduar\Desktop\Soybe-main\data\com_fundo\RGB_JPG_Normais\grao_DSC_0480_id75.png,RGB_JPG_Normais,RGB_JPG_Normais
C:\Users\eduar\Desktop\Soybe-main\data\com_fundo\RGB_JPG_Normais\grao_DSC_0480_id76.png,RGB_JPG_Normais,RGB_JPG_Normais
C:\Users\eduar\Desktop\Soybe-main\data\com_fundo\RGB_JPG_Normais\grao_DSC_0480_id78.png,RGB_JPG_Normais,RGB_JPG_Normais
C:\Users\eduar\Desktop\Soybe-main\data\com_fundo\RGB_JPG_Normais\grao_DSC_0480_id79.png,RGB_JPG_Normais,RGB_JPG_Normais
C:\Users\eduar\Desktop\Soybe-main\data\com_fundo\RGB_JPG_Normais\grao_DSC_0480_id8.png,RGB_JPG_Normais,RGB_JPG_Normais
C:\Users\eduar\Desktop\Soybe-main\data\com_fundo\RGB_JPG_Normais\grao_DSC_0480_id80.png,RGB_JPG_Normais,RGB_JPG_Normais
C:\Users\eduar\Desktop\Soybe-main\data\com_fundo\RGB_JPG_Normais\grao_DSC_0480_id81.png,RGB_JPG_Normais,RGB_JPG_Normais
C:\Users\eduar\Desktop\Soybe-main\data\com_fundo\RGB_JPG_Normais\grao_DSC_0480_id82.png,RGB_JPG_Normais,RGB_JPG_Normais
C:\Users\eduar\Desktop\Soybe-main\data\com_fundo\RGB_JPG_Normais\grao_DSC_0480_id83.png,RGB_JPG_Normais,RGB_JPG_Normais
C:\Users\eduar\Desktop\Soybe-main\data\com_fundo\RGB_JPG_Normais\grao_DSC_0480_id84.png,RGB_JPG_Normais,RGB_JPG_Normais
C:\Users\eduar\Desktop\Soybe-main\data\com_fundo\RGB_JPG_Normais\grao_DSC_0480_id85.png,RGB_JPG_Normais,RGB_JPG_Normais
C:\Users\eduar\Desktop\Soybe-main\data\com_fundo\RGB_JPG_Normais\grao_DSC_0480_id86.png,RGB_JPG_Normais,RGB_JPG_Normais
C:\Users\eduar\Desktop\Soybe-main\data\com_fundo\RGB_JPG_Normais\grao_DSC_0480_id87.png,RGB_JPG_Normais,RGB_JPG_Normais
C:\Users\eduar\Desktop\Soybe-main\data\com_fundo\RGB_JPG_Normais\grao_DSC_0480_id88.png,RGB_JPG_Normais,RGB_JPG_Normais
C:\Users\eduar\Desktop\Soybe-main\data\com_fundo\RGB_JPG_Normais\grao_DSC_0480_id89.png,RGB_JPG_Normais,RGB_JPG_Normais
C:\Users\eduar\Desktop\Soybe-main\data\com_fundo\RGB_JPG_Normais\grao_DSC_0480_id9.png,RGB_JPG_Normais,RGB_JPG_Normais
C:\Users\eduar\Desktop\Soybe-main\data\com_fundo\RGB_JPG_Normais\grao_DSC_0480_id90.png,RGB_JPG_Normais,RGB_JPG_Normais
C:\Users\eduar\Desktop\Soybe-main\data\com_fundo\RGB_JPG_Normais\grao_DSC_0480_id91.png,RGB_JPG_Normais,RGB_JPG_Normais
C:\Users\eduar\Desktop\Soybe-main\data\com_fundo\RGB_JPG_Normais\grao_DSC_0480_id92.png,RGB_JPG_Normais,RGB_JPG_Normais
C:\Users\eduar\Desktop\Soybe-main\data\com_fundo\RGB_JPG_Normais\grao_DSC_0480_id93.png,RGB_JPG_Normais,RGB_JPG_Normais
C:\Users\eduar\Desktop\Soybe-main\data\com_fundo\RGB_JPG_Normais\grao_DSC_0480_id94.png,RGB_JPG_Normais,RGB_JPG_Normais
C:\Users\eduar\Desktop\Soybe-main\data\com_fundo\RGB_JPG_Normais\grao_DSC_0480_id95.png,RGB_JPG_Normais,RGB_JPG_Normais
C:\Users\eduar\Desktop\Soybe-main\data\com_fundo\RGB_JPG_Normais\grao_DSC_0480_id96.png,RGB_JPG_Normais,RGB_JPG_Normais
C:\Users\eduar\Desktop\Soybe-main\data\com_fundo\RGB_JPG_Normais\grao_DSC_0480_id97.png,RGB_JPG_Normais,RGB_JPG_Normais
C:\Users\eduar\Desktop\Soybe-main\data\com_fundo\RGB_JPG_Normais\grao_DSC_0480_id98.png,RGB_JPG_Normais,RGB_JPG_Normais
C:\Users\eduar\Desktop\Soybe-main\data\com_fundo\RGB_JPG_Normais\grao_DSC_0480_id99.png,RGB_JPG_Normais,RGB_JPG_Normais
C:\Users\eduar\Desktop\Soybe-main\data\com_fundo\RGB_JPG_Normais\grao_DSC_0484_id1.png,RGB_JPG_Normais,RGB_JPG_Normais
C:\Users\eduar\Desktop\Soybe-main\data\com_fundo\RGB_JPG_Normais\grao_DSC_0484_id10.png,RGB_JPG_Normais,RGB_JPG_Normais
C:\Users\eduar\Desktop\Soybe-main\data\com_fundo\RGB_JPG_Normais\grao_DSC_0484_id100.png,RGB_JPG_Normais,RGB_JPG_Normais
C:\Users\eduar\Desktop\Soybe-main\data\com_fundo\RGB_JPG_Normais\grao_DSC_0484_id101.png,RGB_JPG_Normais,RGB_JPG_Normais
C:\Users\eduar\Desktop\Soybe-main\data\com_fundo\RGB_JPG_Normais\grao_DSC_0484_id102.png,RGB_JPG_Normais,RGB_JPG_Normais
C:\Users\eduar\Desktop\Soybe-main\data\com_fundo\RGB_JPG_Normais\grao_DSC_0484_id11.png,RGB_JPG_Normais,RGB_JPG_Normais
C:\Users\eduar\Desktop\Soybe-main\data\com_fundo\RGB_JPG_Normais\grao_DSC_0484_id12.png,RGB_JPG_Normais,RGB_JPG_Normais
C:\Users\eduar\Desktop\Soybe-main\data\com_fundo\RGB_JPG_Normais\grao_DSC_0484_id13.png,RGB_JPG_Normais,RGB_JPG_Normais
C:\Users\eduar\Desktop\Soybe-main\data\com_fundo\RGB_JPG_Normais\grao_DSC_0484_id14.png,RGB_JPG_Normais,RGB_JPG_Normais
C:\Users\eduar\Desktop\Soybe-main\data\com_fundo\RGB_JPG_Normais\grao_DSC_0484_id15.png,RGB_JPG_Normais,RGB_JPG_Normais
C:\Users\eduar\Desktop\Soybe-main\data\com_fundo\RGB_JPG_Normais\grao_DSC_0484_id16.png,RGB_JPG_Normais,RGB_JPG_Normais
C:\Users\eduar\Desktop\Soybe-main\data\com_fundo\RGB_JPG_Normais\grao_DSC_0484_id17.png,RGB_JPG_Normais,RGB_JPG_Normais
C:\Users\eduar\Desktop\Soybe-main\data\com_fundo\RGB_JPG_Normais\grao_DSC_0484_id18.png,RGB_JPG_Normais,RGB_JPG_Normais
C:\Users\eduar\Desktop\Soybe-main\data\com_fundo\RGB_JPG_Normais\grao_DSC_0484_id19.png,RGB_JPG_Normais,RGB_JPG_Normais
C:\Users\eduar\Desktop\Soybe-main\data\com_fundo\RGB_JPG_Normais\grao_DSC_0484_id2.png,RGB_JPG_Normais,RGB_JPG_Normais
C:\Users\eduar\Desktop\Soybe-main\data\com_fundo\RGB_JPG_Normais\grao_DSC_0484_id20.png,RGB_JPG_Normais,RGB_JPG_Normais
C:\Users\eduar\Desktop\Soybe-main\data\com_fundo\RGB_JPG_Normais\grao_DSC_0484_id21.png,RGB_JPG_Normais,RGB_JPG_Normais
C:\Users\eduar\Desktop\Soybe-main\data\com_fundo\RGB_JPG_Normais\grao_DSC_0484_id22.png,RGB_JPG_Normais,RGB_JPG_Normais
C:\Users\eduar\Desktop\Soybe-main\data\com_fundo\RGB_JPG_Normais\grao_DSC_0484_id23.png,RGB_JPG_Normais,RGB_JPG_Normais
C:\Users\eduar\Desktop\Soybe-main\data\com_fundo\RGB_JPG_Normais\grao_DSC_0484_id24.png,RGB_JPG_Normais,RGB_JPG_Normais
C:\Users\eduar\Desktop\Soybe-main\data\com_fundo\RGB_JPG_Normais\grao_DSC_0484_id25.png,RGB_JPG_Normais,RGB_JPG_Normais
C:\Users\eduar\Desktop\Soybe-main\data\com_fundo\RGB_JPG_Normais\grao_DSC_0484_id26.png,RGB_JPG_Normais,RGB_JPG_Normais
C:\Users\eduar\Desktop\Soybe-main\data\com_fundo\RGB_JPG_Normais\grao_DSC_0484_id27.png,RGB_JPG_Normais,RGB_JPG_Normais
C:\Users\eduar\Desktop\Soybe-main\data\com_fundo\RGB_JPG_Normais\grao_DSC_0484_id28.png,RGB_JPG_Normais,RGB_JPG_Normais
C:\Users\eduar\Desktop\Soybe-main\data\com_fundo\RGB_JPG_Normais\grao_DSC_0484_id29.png,RGB_JPG_Normais,RGB_JPG_Normais
C:\Users\eduar\Desktop\Soybe-main\data\com_fundo\RGB_JPG_Normais\grao_DSC_0484_id3.png,RGB_JPG_Normais,RGB_JPG_Normais
C:\Users\eduar\Desktop\Soybe-main\data\com_fundo\RGB_JPG_Normais\grao_DSC_0484_id30.png,RGB_JPG_Normais,RGB_JPG_Normais
C:\Users\eduar\Desktop\Soybe-main\data\com_fundo\RGB_JPG_Normais\grao_DSC_0484_id31.png,RGB_JPG_Normais,RGB_JPG_Normais
C:\Users\eduar\Desktop\Soybe-main\data\com_fundo\RGB_JPG_Normais\grao_DSC_0484_id32.png,RGB_JPG_Normais,RGB_JPG_Normais
C:\Users\eduar\Desktop\Soybe-main\data\com_fundo\RGB_JPG_Normais\grao_DSC_0484_id33.png,RGB_JPG_Normais,RGB_JPG_Normais
C:\Users\eduar\Desktop\Soybe-main\data\com_fundo\RGB_JPG_Normais\grao_DSC_0484_id34.png,RGB_JPG_Normais,RGB_JPG_Normais
C:\Users\eduar\Desktop\Soybe-main\data\com_fundo\RGB_JPG_Normais\grao_DSC_0484_id35.png,RGB_JPG_Normais,RGB_JPG_Normais
C:\Users\eduar\Desktop\Soybe-main\data\com_fundo\RGB_JPG_Normais\grao_DSC_0484_id36.png,RGB_JPG_Normais,RGB_JPG_Normais
C:\Users\eduar\Desktop\Soybe-main\data\com_fundo\RGB_JPG_Normais\grao_DSC_0484_id37.png,RGB_JPG_Normais,RGB_JPG_Normais
C:\Users\eduar\Desktop\Soybe-main\data\com_fundo\RGB_JPG_Normais\grao_DSC_0484_id38.png,RGB_JPG_Normais,RGB_JPG_Normais
C:\Users\eduar\Desktop\Soybe-main\data\com_fundo\RGB_JPG_Normais\grao_DSC_0484_id39.png,RGB_JPG_Normais,RGB_JPG_Normais
C:\Users\eduar\Desktop\Soybe-main\data\com_fundo\RGB_JPG_Normais\grao_DSC_0484_id4.png,RGB_JPG_Normais,RGB_JPG_Normais
C:\Users\eduar\Desktop\Soybe-main\data\com_fundo\RGB_JPG_Normais\grao_DSC_0484_id40.png,RGB_JPG_Normais,RGB_JPG_Normais
C:\Users\eduar\Desktop\Soybe-main\data\com_fundo\RGB_JPG_Normais\grao_DSC_0484_id41.png,RGB_JPG_Normais,RGB_JPG_Normais
C:\Users\eduar\Desktop\Soybe-main\data\com_fundo\RGB_JPG_Normais\grao_DSC_0484_id42.png,RGB_JPG_Normais,RGB_JPG_Normais
C:\Users\eduar\Desktop\Soybe-main\data\com_fundo\RGB_JPG_Normais\grao_DSC_0484_id43.png,RGB_JPG_Normais,RGB_JPG_Normais
C:\Users\eduar\Desktop\Soybe-main\data\com_fundo\RGB_JPG_Normais\grao_DSC_0484_id44.png,RGB_JPG_Normais,RGB_JPG_Normais
C:\Users\eduar\Desktop\Soybe-main\data\com_fundo\RGB_JPG_Normais\grao_DSC_0484_id45.png,RGB_JPG_Normais,RGB_JPG_Normais
C:\Users\eduar\Desktop\Soybe-main\data\com_fundo\RGB_JPG_Normais\grao_DSC_0484_id46.png,RGB_JPG_Normais,RGB_JPG_Normais
C:\Users\eduar\Desktop\Soybe-main\data\com_fundo\RGB_JPG_Normais\grao_DSC_0484_id47.png,RGB_JPG_Normais,RGB_JPG_Normais
C:\Users\eduar\Desktop\Soybe-main\data\com_fundo\RGB_JPG_Normais\grao_DSC_0484_id48.png,RGB_JPG_Normais,RGB_JPG_Normais
C:\Users\eduar\Desktop\Soybe-main\data\com_fundo\RGB_JPG_Normais\grao_DSC_0484_id49.png,RGB_JPG_Normais,RGB_JPG_Normais
C:\Users\eduar\Desktop\Soybe-main\data\com_fundo\RGB_JPG_Normais\grao_DSC_0484_id5.png,RGB_JPG_Normais,RGB_JPG_Normais
C:\Users\eduar\Desktop\Soybe-main\data\com_fundo\RGB_JPG_Normais\grao_DSC_0484_id50.png,RGB_JPG_Normais,RGB_JPG_Normais
C:\Users\eduar\Desktop\Soybe-main\data\com_fundo\RGB_JPG_Normais\grao_DSC_0484_id51.png,RGB_JPG_Normais,RGB_JPG_Normais
C:\Users\eduar\Desktop\Soybe-main\data\com_fundo\RGB_JPG_Normais\grao_DSC_0484_id52.png,RGB_JPG_Normais,RGB_JPG_Normais
C:\Users\eduar\Desktop\Soybe-main\data\com_fundo\RGB_JPG_Normais\grao_DSC_0484_id53.png,RGB_JPG_Normais,RGB_JPG_Normais
C:\Users\eduar\Desktop\Soybe-main\data\com_fundo\RGB_JPG_Normais\grao_DSC_0484_id54.png,RGB_JPG_Normais,RGB_JPG_Normais
C:\Users\eduar\Desktop\Soybe-main\data\com_fundo\RGB_JPG_Normais\grao_DSC_0484_id55.png,RGB_JPG_Normais,RGB_JPG_Normais
C:\Users\eduar\Desktop\Soybe-main\data\com_fundo\RGB_JPG_Normais\grao_DSC_0484_id56.png,RGB_JPG_Normais,RGB_JPG_Normais
C:\Users\eduar\Desktop\Soybe-main\data\com_fundo\RGB_JPG_Normais\grao_DSC_0484_id57.png,RGB_JPG_Normais,RGB_JPG_Normais
C:\Users\eduar\Desktop\Soybe-main\data\com_fundo\RGB_JPG_Normais\grao_DSC_0484_id58.png,RGB_JPG_Normais,RGB_JPG_Normais
C:\Users\eduar\Desktop\Soybe-main\data\com_fundo\RGB_JPG_Normais\grao_DSC_0484_id6.png,RGB_JPG_Normais,RGB_JPG_Normais
C:\Users\eduar\Desktop\Soybe-main\data\com_fundo\RGB_JPG_Normais\grao_DSC_0484_id60.png,RGB_JPG_Normais,RGB_JPG_Normais
C:\Users\eduar\Desktop\Soybe-main\data\com_fundo\RGB_JPG_Normais\grao_DSC_0484_id61.png,RGB_JPG_Normais,RGB_JPG_Normais
C:\Users\eduar\Desktop\Soybe-main\data\com_fundo\RGB_JPG_Normais\grao_DSC_0484_id62.png,RGB_JPG_Normais,RGB_JPG_Normais
C:\Users\eduar\Desktop\Soybe-main\data\com_fundo\RGB_JPG_Normais\grao_DSC_0484_id63.png,RGB_JPG_Normais,RGB_JPG_Normais
C:\Users\eduar\Desktop\Soybe-main\data\com_fundo\RGB_JPG_Normais\grao_DSC_0484_id64.png,RGB_JPG_Normais,RGB_JPG_Normais
C:\Users\eduar\Desktop\Soybe-main\data\com_fundo\RGB_JPG_Normais\grao_DSC_0484_id65.png,RGB_JPG_Normais,RGB_JPG_Normais
C:\Users\eduar\Desktop\Soybe-main\data\com_fundo\RGB_JPG_Normais\grao_DSC_0484_id66.png,RGB_JPG_Normais,RGB_JPG_Normais
C:\Users\eduar\Desktop\Soybe-main\data\com_fundo\RGB_JPG_Normais\grao_DSC_0484_id67.png,RGB_JPG_Normais,RGB_JPG_Normais
C:\Users\eduar\Desktop\Soybe-main\data\com_fundo\RGB_JPG_Normais\grao_DSC_0484_id68.png,RGB_JPG_Normais,RGB_JPG_Normais
C:\Users\eduar\Desktop\Soybe-main\data\com_fundo\RGB_JPG_Normais\grao_DSC_0484_id69.png,RGB_JPG_Normais,RGB_JPG_Normais
C:\Users\eduar\Desktop\Soybe-main\data\com_fundo\RGB_JPG_Normais\grao_DSC_0484_id7.png,RGB_JPG_Normais,RGB_JPG_Normais
C:\Users\eduar\Desktop\Soybe-main\data\com_fundo\RGB_JPG_Normais\grao_DSC_0484_id70.png,RGB_JPG_Normais,RGB_JPG_Normais
C:\Users\eduar\Desktop\Soybe-main\data\com_fundo\RGB_JPG_Normais\grao_DSC_0484_id71.png,RGB_JPG_Normais,RGB_JPG_Normais
C:\Users\eduar\Desktop\Soybe-main\data\com_fundo\RGB_JPG_Normais\grao_DSC_0484_id72.png,RGB_JPG_Normais,RGB_JPG_Normais
C:\Users\eduar\Desktop\Soybe-main\data\com_fundo\RGB_JPG_Normais\grao_DSC_0484_id73.png,RGB_JPG_Normais,RGB_JPG_Normais
C:\Users\eduar\Desktop\Soybe-main\data\com_fundo\RGB_JPG_Normais\grao_DSC_0484_id74.png,RGB_JPG_Normais,RGB_JPG_Normais
C:\Users\eduar\Desktop\Soybe-main\data\com_fundo\RGB_JPG_Normais\grao_DSC_0484_id75.png,RGB_JPG_Normais,RGB_JPG_Normais
C:\Users\eduar\Desktop\Soybe-main\data\com_fundo\RGB_JPG_Normais\grao_DSC_0484_id76.png,RGB_JPG_Normais,RGB_JPG_Normais
C:\Users\eduar\Desktop\Soybe-main\data\com_fundo\RGB_JPG_Normais\grao_DSC_0484_id77.png,RGB_JPG_Normais,RGB_JPG_Normais
C:\Users\eduar\Desktop\Soybe-main\data\com_fundo\RGB_JPG_Normais\grao_DSC_0484_id78.png,RGB_JPG_Normais,RGB_JPG_Normais
C:\Users\eduar\Desktop\Soybe-main\data\com_fundo\RGB_JPG_Normais\grao_DSC_0484_id79.png,RGB_JPG_Normais,RGB_JPG_Normais
C:\Users\eduar\Desktop\Soybe-main\data\com_fundo\RGB_JPG_Normais\grao_DSC_0484_id8.png,RGB_JPG_Normais,RGB_JPG_Normais
C:\Users\eduar\Desktop\Soybe-main\data\com_fundo\RGB_JPG_Normais\grao_DSC_0484_id80.png,RGB_JPG_Normais,RGB_JPG_Normais
C:\Users\eduar\Desktop\Soybe-main\data\com_fundo\RGB_JPG_Normais\grao_DSC_0484_id81.png,RGB_JPG_Normais,RGB_JPG_Normais
C:\Users\eduar\Desktop\Soybe-main\data\com_fundo\RGB_JPG_Normais\grao_DSC_0484_id82.png,RGB_JPG_Normais,RGB_JPG_Normais
C:\Users\eduar\Desktop\Soybe-main\data\com_fundo\RGB_JPG_Normais\grao_DSC_0484_id83.png,RGB_JPG_Normais,RGB_JPG_Normais
C:\Users\eduar\Desktop\Soybe-main\data\com_fundo\RGB_JPG_Normais\grao_DSC_0484_id84.png,RGB_JPG_Normais,RGB_JPG_Normais
C:\Users\eduar\Desktop\Soybe-main\data\com_fundo\RGB_JPG_Normais\grao_DSC_0484_id85.png,RGB_JPG_Normais,RGB_JPG_Normais
C:\Users\eduar\Desktop\Soybe-main\data\com_fundo\RGB_JPG_Normais\grao_DSC_0484_id86.png,RGB_JPG_Normais,RGB_JPG_Normais
C:\Users\eduar\Desktop\Soybe-main\data\com_fundo\RGB_JPG_Normais\grao_DSC_0484_id87.png,RGB_JPG_Normais,RGB_JPG_Normais
C:\Users\eduar\Desktop\Soybe-main\data\com_fundo\RGB_JPG_Normais\grao_DSC_0484_id88.png,RGB_JPG_Normais,RGB_JPG_Normais
C:\Users\eduar\Desktop\Soybe-main\data\com_fundo\RGB_JPG_Normais\grao_DSC_0484_id89.png,RGB_JPG_Normais,RGB_JPG_Normais
C:\Users\eduar\Desktop\Soybe-main\data\com_fundo\RGB_JPG_Normais\grao_DSC_0484_id9.png,RGB_JPG_Normais,RGB_JPG_Normais
C:\Users\eduar\Desktop\Soybe-main\data\com_fundo\RGB_JPG_Normais\grao_DSC_0484_id90.png,RGB_JPG_Normais,RGB_JPG_Normais
C:\Users\eduar\Desktop\Soybe-main\data\com_fundo\RGB_JPG_Normais\grao_DSC_0484_id91.png,RGB_JPG_Normais,RGB_JPG_Normais
C:\Users\eduar\Desktop\Soybe-main\data\com_fundo\RGB_JPG_Normais\grao_DSC_0484_id92.png,RGB_JPG_Normais,RGB_JPG_Normais
C:\Users\eduar\Desktop\Soybe-main\data\com_fundo\RGB_JPG_Normais\grao_DSC_0484_id93.png,RGB_JPG_Normais,RGB_JPG_Normais
C:\Users\eduar\Desktop\Soybe-main\data\com_fundo\RGB_JPG_Normais\grao_DSC_0484_id94.png,RGB_JPG_Normais,RGB_JPG_Normais
C:\Users\eduar\Desktop\Soybe-main\data\com_fundo\RGB_JPG_Normais\grao_DSC_0484_id95.png,RGB_JPG_Normais,RGB_JPG_Normais
C:\Users\eduar\Desktop\Soybe-main\data\com_fundo\RGB_JPG_Normais\grao_DSC_0484_id96.png,RGB_JPG_Normais,RGB_JPG_Normais
C:\Users\eduar\Desktop\Soybe-main\data\com_fundo\RGB_JPG_Normais\grao_DSC_0484_id97.png,RGB_JPG_Normais,RGB_JPG_Normais
C:\Users\eduar\Desktop\Soybe-main\data\com_fundo\RGB_JPG_Normais\grao_DSC_0484_id98.png,RGB_JPG_Normais,RGB_JPG_Normais
C:\Users\eduar\Desktop\Soybe-main\data\com_fundo\RGB_JPG_Normais\grao_DSC_0484_id99.png,RGB_JPG_Normais,RGB_JPG_Normais
C:\Users\eduar\Desktop\Soybe-main\data\com_fundo\RGB_JPG_Normais\grao_DSC_0503_id1.png,RGB_JPG_Normais,RGB_JPG_Normais
C:\Users\eduar\Desktop\Soybe-main\data\com_fundo\RGB_JPG_Normais\grao_DSC_0503_id10.png,RGB_JPG_Normais,RGB_JPG_Normais
C:\Users\eduar\Desktop\Soybe-main\data\com_fundo\RGB_JPG_Normais\grao_DSC_0503_id100.png,RGB_JPG_Normais,RGB_JPG_Normais
C:\Users\eduar\Desktop\Soybe-main\data\com_fundo\RGB_JPG_Normais\grao_DSC_0503_id101.png,RGB_JPG_Normais,RGB_JPG_Normais
C:\Users\eduar\Desktop\Soybe-main\data\com_fundo\RGB_JPG_Normais\grao_DSC_0503_id102.png,RGB_JPG_Normais,RGB_JPG_Normais
C:\Users\eduar\Desktop\Soybe-main\data\com_fundo\RGB_JPG_Normais\grao_DSC_0503_id103.png,RGB_JPG_Normais,RGB_JPG_Normais
C:\Users\eduar\Desktop\Soybe-main\data\com_fundo\RGB_JPG_Normais\grao_DSC_0503_id11.png,RGB_JPG_Normais,RGB_JPG_Normais
C:\Users\eduar\Desktop\Soybe-main\data\com_fundo\RGB_JPG_Normais\grao_DSC_0503_id12.png,RGB_JPG_Normais,RGB_JPG_Normais
C:\Users\eduar\Desktop\Soybe-main\data\com_fundo\RGB_JPG_Normais\grao_DSC_0503_id15.png,RGB_JPG_Normais,RGB_JPG_Normais
C:\Users\eduar\Desktop\Soybe-main\data\com_fundo\RGB_JPG_Normais\grao_DSC_0503_id16.png,RGB_JPG_Normais,RGB_JPG_Normais
C:\Users\eduar\Desktop\Soybe-main\data\com_fundo\RGB_JPG_Normais\grao_DSC_0503_id17.png,RGB_JPG_Normais,RGB_JPG_Normais
C:\Users\eduar\Desktop\Soybe-main\data\com_fundo\RGB_JPG_Normais\grao_DSC_0503_id18.png,RGB_JPG_Normais,RGB_JPG_Normais
C:\Users\eduar\Desktop\Soybe-main\data\com_fundo\RGB_JPG_Normais\grao_DSC_0503_id19.png,RGB_JPG_Normais,RGB_JPG_QUEBRADOS
C:\Users\eduar\Desktop\Soybe-main\data\com_fundo\RGB_JPG_Normais\grao_DSC_0503_id2.png,RGB_JPG_Normais,RGB_JPG_Normais
C:\Users\eduar\Desktop\Soybe-main\data\com_fundo\RGB_JPG_Normais\grao_DSC_0503_id20.png,RGB_JPG_Normais,RGB_JPG_Normais
C:\Users\eduar\Desktop\Soybe-main\data\com_fundo\RGB_JPG_Normais\grao_DSC_0503_id22.png,RGB_JPG_Normais,RGB_JPG_Normais
C:\Users\eduar\Desktop\Soybe-main\data\com_fundo\RGB_JPG_Normais\grao_DSC_0503_id23.png,RGB_JPG_Normais,RGB_JPG_Normais
C:\Users\eduar\Desktop\Soybe-main\data\com_fundo\RGB_JPG_Normais\grao_DSC_0503_id24.png,RGB_JPG_Normais,RGB_JPG_Normais
C:\Users\eduar\Desktop\Soybe-main\data\com_fundo\RGB_JPG_Normais\grao_DSC_0503_id25.png,RGB_JPG_Normais,RGB_JPG_Normais
C:\Users\eduar\Desktop\Soybe-main\data\com_fundo\RGB_JPG_Normais\grao_DSC_0503_id26.png,RGB_JPG_Normais,RGB_JPG_Normais
C:\Users\eduar\Desktop\Soybe-main\data\com_fundo\RGB_JPG_Normais\grao_DSC_0503_id27.png,RGB_JPG_Normais,RGB_JPG_Normais
C:\Users\eduar\Desktop\Soybe-main\data\com_fundo\RGB_JPG_Normais\grao_DSC_0503_id28.png,RGB_JPG_Normais,RGB_JPG_Normais
C:\Users\eduar\Desktop\Soybe-main\data\com_fundo\RGB_JPG_Normais\grao_DSC_0503_id29.png,RGB_JPG_Normais,RGB_JPG_QUEBRADOS
C:\Users\eduar\Desktop\Soybe-main\data\com_fundo\RGB_JPG_Normais\grao_DSC_0503_id3.png,RGB_JPG_Normais,RGB_JPG_Normais
C:\Users\eduar\Desktop\Soybe-main\data\com_fundo\RGB_JPG_Normais\grao_DSC_0503_id31.png,RGB_JPG_Normais,RGB_JPG_Normais
C:\Users\eduar\Desktop\Soybe-main\data\com_fundo\RGB_JPG_Normais\grao_DSC_0503_id32.png,RGB_JPG_Normais,RGB_JPG_Normais
C:\Users\eduar\Desktop\Soybe-main\data\com_fundo\RGB_JPG_Normais\grao_DSC_0503_id33.png,RGB_JPG_Normais,RGB_JPG_Normais
C:\Users\eduar\Desktop\Soybe-main\data\com_fundo\RGB_JPG_Normais\grao_DSC_0503_id34.png,RGB_JPG_Normais,RGB_JPG_Normais
C:\Users\eduar\Desktop\Soybe-main\data\com_fundo\RGB_JPG_Normais\grao_DSC_0503_id35.png,RGB_JPG_Normais,RGB_JPG_Normais
C:\Users\eduar\Desktop\Soybe-main\data\com_fundo\RGB_JPG_Normais\grao_DSC_0503_id36.png,RGB_JPG_Normais,RGB_JPG_Normais
C:\Users\eduar\Desktop\Soybe-main\data\com_fundo\RGB_JPG_Normais\grao_DSC_0503_id37.png,RGB_JPG_Normais,RGB_JPG_Normais
C:\Users\eduar\Desktop\Soybe-main\data\com_fundo\RGB_JPG_Normais\grao_DSC_0503_id38.png,RGB_JPG_Normais,RGB_JPG_Normais
C:\Users\eduar\Desktop\Soybe-main\data\com_fundo\RGB_JPG_Normais\grao_DSC_0503_id39.png,RGB_JPG_Normais,RGB_JPG_Normais
C:\Users\eduar\Desktop\Soybe-main\data\com_fundo\RGB_JPG_Normais\grao_DSC_0503_id4.png,RGB_JPG_Normais,RGB_JPG_Normais
C:\Users\eduar\Desktop\Soybe-main\data\com_fundo\RGB_JPG_Normais\grao_DSC_0503_id40.png,RGB_JPG_Normais,RGB_JPG_Normais
C:\Users\eduar\Desktop\Soybe-main\data\com_fundo\RGB_JPG_Normais\grao_DSC_0503_id41.png,RGB_JPG_Normais,RGB_JPG_Normais
C:\Users\eduar\Desktop\Soybe-main\data\com_fundo\RGB_JPG_Normais\grao_DSC_0503_id42.png,RGB_JPG_Normais,RGB_JPG_Normais
C:\Users\eduar\Desktop\Soybe-main\data\com_fundo\RGB_JPG_Normais\grao_DSC_0503_id43.png,RGB_JPG_Normais,RGB_JPG_Normais
C:\Users\eduar\Desktop\Soybe-main\data\com_fundo\RGB_JPG_Normais\grao_DSC_0503_id44.png,RGB_JPG_Normais,RGB_JPG_Normais
C:\Users\eduar\Desktop\Soybe-main\data\com_fundo\RGB_JPG_Normais\grao_DSC_0503_id45.png,RGB_JPG_Normais,RGB_JPG_Normais
C:\Users\eduar\Desktop\Soybe-main\data\com_fundo\RGB_JPG_Normais\grao_DSC_0503_id46.png,RGB_JPG_Normais,RGB_JPG_QUEBRADOS
C:\Users\eduar\Desktop\Soybe-main\data\com_fundo\RGB_JPG_Normais\grao_DSC_0503_id47.png,RGB_JPG_Normais,RGB_JPG_Normais
C:\Users\eduar\Desktop\Soybe-main\data\com_fundo\RGB_JPG_Normais\grao_DSC_0503_id48.png,RGB_JPG_Normais,RGB_JPG_Normais
C:\Users\eduar\Desktop\Soybe-main\data\com_fundo\RGB_JPG_Normais\grao_DSC_0503_id49.png,RGB_JPG_Normais,RGB_JPG_Normais
C:\Users\eduar\Desktop\Soybe-main\data\com_fundo\RGB_JPG_Normais\grao_DSC_0503_id5.png,RGB_JPG_Normais,RGB_JPG_Normais
C:\Users\eduar\Desktop\Soybe-main\data\com_fundo\RGB_JPG_Normais\grao_DSC_0503_id50.png,RGB_JPG_Normais,RGB_JPG_Normais
C:\Users\eduar\Desktop\Soybe-main\data\com_fundo\RGB_JPG_Normais\grao_DSC_0503_id51.png,RGB_JPG_Normais,RGB_JPG_Normais
C:\Users\eduar\Desktop\Soybe-main\data\com_fundo\RGB_JPG_Normais\grao_DSC_0503_id52.png,RGB_JPG_Normais,RGB_JPG_Normais
C:\Users\eduar\Desktop\Soybe-main\data\com_fundo\RGB_JPG_Normais\grao_DSC_0503_id53.png,RGB_JPG_Normais,RGB_JPG_Normais
C:\Users\eduar\Desktop\Soybe-main\data\com_fundo\RGB_JPG_Normais\grao_DSC_0503_id54.png,RGB_JPG_Normais,RGB_JPG_Normais
C:\Users\eduar\Desktop\Soybe-main\data\com_fundo\RGB_JPG_Normais\grao_DSC_0503_id55.png,RGB_JPG_Normais,RGB_JPG_Normais
C:\Users\eduar\Desktop\Soybe-main\data\com_fundo\RGB_JPG_Normais\grao_DSC_0503_id56.png,RGB_JPG_Normais,RGB_JPG_Normais
C:\Users\eduar\Desktop\Soybe-main\data\com_fundo\RGB_JPG_Normais\grao_DSC_0503_id57.png,RGB_JPG_Normais,RGB_JPG_Normais
C:\Users\eduar\Desktop\Soybe-main\data\com_fundo\RGB_JPG_Normais\grao_DSC_0503_id58.png,RGB_JPG_Normais,RGB_JPG_Normais
C:\Users\eduar\Desktop\Soybe-main\data\com_fundo\RGB_JPG_Normais\grao_DSC_0503_id59.png,RGB_JPG_Normais,RGB_JPG_Normais
C:\Users\eduar\Desktop\Soybe-main\data\com_fundo\RGB_JPG_Normais\grao_DSC_0503_id6.png,RGB_JPG_Normais,RGB_JPG_Normais
C:\Users\eduar\Desktop\Soybe-main\data\com_fundo\RGB_JPG_Normais\grao_DSC_0503_id60.png,RGB_JPG_Normais,RGB_JPG_Normais
C:\Users\eduar\Desktop\Soybe-main\data\com_fundo\RGB_JPG_Normais\grao_DSC_0503_id61.png,RGB_JPG_Normais,RGB_JPG_Normais
C:\Users\eduar\Desktop\Soybe-main\data\com_fundo\RGB_JPG_Normais\grao_DSC_0503_id62.png,RGB_JPG_Normais,RGB_JPG_Normais
C:\Users\eduar\Desktop\Soybe-main\data\com_fundo\RGB_JPG_Normais\grao_DSC_0503_id63.png,RGB_JPG_Normais,RGB_JPG_Normais
C:\Users\eduar\Desktop\Soybe-main\data\com_fundo\RGB_JPG_Normais\grao_DSC_0503_id64.png,RGB_JPG_Normais,RGB_JPG_Normais
C:\Users\eduar\Desktop\Soybe-main\data\com_fundo\RGB_JPG_Normais\grao_DSC_0503_id65.png,RGB_JPG_Normais,RGB_JPG_Normais
C:\Users\eduar\Desktop\Soybe-main\data\com_fundo\RGB_JPG_Normais\grao_DSC_0503_id66.png,RGB_JPG_Normais,RGB_JPG_Normais
C:\Users\eduar\Desktop\Soybe-main\data\com_fundo\RGB_JPG_Normais\grao_DSC_0503_id67.png,RGB_JPG_Normais,RGB_JPG_Normais
C:\Users\eduar\Desktop\Soybe-main\data\com_fundo\RGB_JPG_Normais\grao_DSC_0503_id68.png,RGB_JPG_Normais,RGB_JPG_Normais
C:\Users\eduar\Desktop\Soybe-main\data\com_fundo\RGB_JPG_Normais\grao_DSC_0503_id69.png,RGB_JPG_Normais,RGB_JPG_Normais
C:\Users\eduar\Desktop\Soybe-main\data\com_fundo\RGB_JPG_Normais\grao_DSC_0503_id7.png,RGB_JPG_Normais,RGB_JPG_Normais
C:\Users\eduar\Desktop\Soybe-main\data\com_fundo\RGB_JPG_Normais\grao_DSC_0503_id70.png,RGB_JPG_Normais,RGB_JPG_Normais
C:\Users\eduar\Desktop\Soybe-main\data\com_fundo\RGB_JPG_Normais\grao_DSC_0503_id71.png,RGB_JPG_Normais,RGB_JPG_Normais
C:\Users\eduar\Desktop\Soybe-main\data\com_fundo\RGB_JPG_Normais\grao_DSC_0503_id72.png,RGB_JPG_Normais,RGB_JPG_Normais
C:\Users\eduar\Desktop\Soybe-main\data\com_fundo\RGB_JPG_Normais\grao_DSC_0503_id73.png,RGB_JPG_Normais,RGB_JPG_Normais
C:\Users\eduar\Desktop\Soybe-main\data\com_fundo\RGB_JPG_Normais\grao_DSC_0503_id74.png,RGB_JPG_Normais,RGB_JPG_Normais
C:\Users\eduar\Desktop\Soybe-main\data\com_fundo\RGB_JPG_Normais\grao_DSC_0503_id75.png,RGB_JPG_Normais,RGB_JPG_Normais
C:\Users\eduar\Desktop\Soybe-main\data\com_fundo\RGB_JPG_Normais\grao_DSC_0503_id76.png,RGB_JPG_Normais,RGB_JPG_Normais
C:\Users\eduar\Desktop\Soybe-main\data\com_fundo\RGB_JPG_Normais\grao_DSC_0503_id77.png,RGB_JPG_Normais,RGB_JPG_QUEBRADOS
C:\Users\eduar\Desktop\Soybe-main\data\com_fundo\RGB_JPG_Normais\grao_DSC_0503_id78.png,RGB_JPG_Normais,RGB_JPG_Normais
C:\Users\eduar\Desktop\Soybe-main\data\com_fundo\RGB_JPG_Normais\grao_DSC_0503_id79.png,RGB_JPG_Normais,RGB_JPG_Normais
C:\Users\eduar\Desktop\Soybe-main\data\com_fundo\RGB_JPG_Normais\grao_DSC_0503_id8.png,RGB_JPG_Normais,RGB_JPG_Normais
C:\Users\eduar\Desktop\Soybe-main\data\com_fundo\RGB_JPG_Normais\grao_DSC_0503_id80.png,RGB_JPG_Normais,RGB_JPG_Normais
C:\Users\eduar\Desktop\Soybe-main\data\com_fundo\RGB_JPG_Normais\grao_DSC_0503_id81.png,RGB_JPG_Normais,RGB_JPG_Normais
C:\Users\eduar\Desktop\Soybe-main\data\com_fundo\RGB_JPG_Normais\grao_DSC_0503_id82.png,RGB_JPG_Normais,RGB_JPG_Normais
C:\Users\eduar\Desktop\Soybe-main\data\com_fundo\RGB_JPG_Normais\grao_DSC_0503_id83.png,RGB_JPG_Normais,RGB_JPG_Normais
C:\Users\eduar\Desktop\Soybe-main\data\com_fundo\RGB_JPG_Normais\grao_DSC_0503_id84.png,RGB_JPG_Normais,RGB_JPG_Normais
C:\Users\eduar\Desktop\Soybe-main\data\com_fundo\RGB_JPG_Normais\grao_DSC_0503_id85.png,RGB_JPG_Normais,RGB_JPG_Normais
C:\Users\eduar\Desktop\Soybe-main\data\com_fundo\RGB_JPG_Normais\grao_DSC_0503_id86.png,RGB_JPG_Normais,RGB_JPG_Normais
C:\Users\eduar\Desktop\Soybe-main\data\com_fundo\RGB_JPG_Normais\grao_DSC_0503_id87.png,RGB_JPG_Normais,RGB_JPG_Normais
C:\Users\eduar\Desktop\Soybe-main\data\com_fundo\RGB_JPG_Normais\grao_DSC_0503_id88.png,RGB_JPG_Normais,RGB_JPG_Normais
C:\Users\eduar\Desktop\Soybe-main\data\com_fundo\RGB_JPG_Normais\grao_DSC_0503_id89.png,RGB_JPG_Normais,RGB_JPG_Normais
C:\Users\eduar\Desktop\Soybe-main\data\com_fundo\RGB_JPG_Normais\grao_DSC_0503_id9.png,RGB_JPG_Normais,RGB_JPG_Normais
C:\Users\eduar\Desktop\Soybe-main\data\com_fundo\RGB_JPG_Normais\grao_DSC_0503_id90.png,RGB_JPG_Normais,RGB_JPG_Normais
C:\Users\eduar\Desktop\Soybe-main\data\com_fundo\RGB_JPG_Normais\grao_DSC_0503_id91.png,RGB_JPG_Normais,RGB_JPG_Normais
C:\Users\eduar\Desktop\Soybe-main\data\com_fundo\RGB_JPG_Normais\grao_DSC_0503_id92.png,RGB_JPG_Normais,RGB_JPG_Normais
C:\Users\eduar\Desktop\Soybe-main\data\com_fundo\RGB_JPG_Normais\grao_DSC_0503_id93.png,RGB_JPG_Normais,RGB_JPG_Normais
C:\Users\eduar\Desktop\Soybe-main\data\com_fundo\RGB_JPG_Normais\grao_DSC_0503_id94.png,RGB_JPG_Normais,RGB_JPG_Normais
C:\Users\eduar\Desktop\Soybe-main\data\com_fundo\RGB_JPG_Normais\grao_DSC_0503_id95.png,RGB_JPG_Normais,RGB_JPG_Normais
C:\Users\eduar\Desktop\Soybe-main\data\com_fundo\RGB_JPG_Normais\grao_DSC_0503_id96.png,RGB_JPG_Normais,RGB_JPG_Normais
C:\Users\eduar\Desktop\Soybe-main\data\com_fundo\RGB_JPG_Normais\grao_DSC_0503_id97.png,RGB_JPG_Normais,RGB_JPG_Normais
C:\Users\eduar\Desktop\Soybe-main\data\com_fundo\RGB_JPG_Normais\grao_DSC_0503_id98.png,RGB_JPG_Normais,RGB_JPG_Normais
C:\Users\eduar\Desktop\Soybe-main\data\com_fundo\RGB_JPG_Normais\grao_DSC_0610_id1.png,RGB_JPG_Normais,RGB_JPG_Normais
C:\Users\eduar\Desktop\Soybe-main\data\com_fundo\RGB_JPG_Normais\grao_DSC_0610_id10.png,RGB_JPG_Normais,RGB_JPG_Normais
C:\Users\eduar\Desktop\Soybe-main\data\com_fundo\RGB_JPG_Normais\grao_DSC_0610_id100.png,RGB_JPG_Normais,RGB_JPG_Normais
C:\Users\eduar\Desktop\Soybe-main\data\com_fundo\RGB_JPG_Normais\grao_DSC_0610_id101.png,RGB_JPG_Normais,RGB_JPG_Normais
C:\Users\eduar\Desktop\Soybe-main\data\com_fundo\RGB_JPG_Normais\grao_DSC_0610_id102.png,RGB_JPG_Normais,RGB_JPG_Normais
C:\Users\eduar\Desktop\Soybe-main\data\com_fundo\RGB_JPG_Normais\grao_DSC_0610_id103.png,RGB_JPG_Normais,RGB_JPG_Normais
C:\Users\eduar\Desktop\Soybe-main\data\com_fundo\RGB_JPG_Normais\grao_DSC_0610_id104.png,RGB_JPG_Normais,RGB_JPG_Normais
C:\Users\eduar\Desktop\Soybe-main\data\com_fundo\RGB_JPG_Normais\grao_DSC_0610_id105.png,RGB_JPG_Normais,RGB_JPG_Normais
C:\Users\eduar\Desktop\Soybe-main\data\com_fundo\RGB_JPG_Normais\grao_DSC_0610_id106.png,RGB_JPG_Normais,RGB_JPG_Normais
C:\Users\eduar\Desktop\Soybe-main\data\com_fundo\RGB_JPG_Normais\grao_DSC_0610_id107.png,RGB_JPG_Normais,RGB_JPG_Normais
C:\Users\eduar\Desktop\Soybe-main\data\com_fundo\RGB_JPG_Normais\grao_DSC_0610_id108.png,RGB_JPG_Normais,RGB_JPG_Normais
C:\Users\eduar\Desktop\Soybe-main\data\com_fundo\RGB_JPG_Normais\grao_DSC_0610_id109.png,RGB_JPG_Normais,RGB_JPG_Normais
C:\Users\eduar\Desktop\Soybe-main\data\com_fundo\RGB_JPG_Normais\grao_DSC_0610_id11.png,RGB_JPG_Normais,RGB_JPG_Normais
C:\Users\eduar\Desktop\Soybe-main\data\com_fundo\RGB_JPG_Normais\grao_DSC_0610_id110.png,RGB_JPG_Normais,RGB_JPG_Normais
C:\Users\eduar\Desktop\Soybe-main\data\com_fundo\RGB_JPG_Normais\grao_DSC_0610_id111.png,RGB_JPG_Normais,RGB_JPG_Normais
C:\Users\eduar\Desktop\Soybe-main\data\com_fundo\RGB_JPG_Normais\grao_DSC_0610_id112.png,RGB_JPG_Normais,RGB_JPG_Normais
C:\Users\eduar\Desktop\Soybe-main\data\com_fundo\RGB_JPG_Normais\grao_DSC_0610_id113.png,RGB_JPG_Normais,RGB_JPG_Normais
C:\Users\eduar\Desktop\Soybe-main\data\com_fundo\RGB_JPG_Normais\grao_DSC_0610_id114.png,RGB_JPG_Normais,RGB_JPG_Normais
C:\Users\eduar\Desktop\Soybe-main\data\com_fundo\RGB_JPG_Normais\grao_DSC_0610_id115.png,RGB_JPG_Normais,RGB_JPG_Normais
C:\Users\eduar\Desktop\Soybe-main\data\com_fundo\RGB_JPG_Normais\grao_DSC_0610_id13.png,RGB_JPG_Normais,RGB_JPG_Normais
C:\Users\eduar\Desktop\Soybe-main\data\com_fundo\RGB_JPG_Normais\grao_DSC_0610_id14.png,RGB_JPG_Normais,RGB_JPG_Normais
C:\Users\eduar\Desktop\Soybe-main\data\com_fundo\RGB_JPG_Normais\grao_DSC_0610_id15.png,RGB_JPG_Normais,RGB_JPG_Normais
C:\Users\eduar\Desktop\Soybe-main\data\com_fundo\RGB_JPG_Normais\grao_DSC_0610_id16.png,RGB_JPG_Normais,RGB_JPG_Normais
C:\Users\eduar\Desktop\Soybe-main\data\com_fundo\RGB_JPG_Normais\grao_DSC_0610_id17.png,RGB_JPG_Normais,RGB_JPG_Normais
C:\Users\eduar\Desktop\Soybe-main\data\com_fundo\RGB_JPG_Normais\grao_DSC_0610_id18.png,RGB_JPG_Normais,RGB_JPG_Normais
C:\Users\eduar\Desktop\Soybe-main\data\com_fundo\RGB_JPG_Normais\grao_DSC_0610_id2.png,RGB_JPG_Normais,RGB_JPG_Normais
C:\Users\eduar\Desktop\Soybe-main\data\com_fundo\RGB_JPG_Normais\grao_DSC_0610_id20.png,RGB_JPG_Normais,RGB_JPG_Normais
C:\Users\eduar\Desktop\Soybe-main\data\com_fundo\RGB_JPG_Normais\grao_DSC_0610_id21.png,RGB_JPG_Normais,RGB_JPG_Normais
C:\Users\eduar\Desktop\Soybe-main\data\com_fundo\RGB_JPG_Normais\grao_DSC_0610_id23.png,RGB_JPG_Normais,RGB_JPG_Normais
C:\Users\eduar\Desktop\Soybe-main\data\com_fundo\RGB_JPG_Normais\grao_DSC_0610_id24.png,RGB_JPG_Normais,RGB_JPG_Normais
C:\Users\eduar\Desktop\Soybe-main\data\com_fundo\RGB_JPG_Normais\grao_DSC_0610_id25.png,RGB_JPG_Normais,RGB_JPG_Normais
C:\Users\eduar\Desktop\Soybe-main\data\com_fundo\RGB_JPG_Normais\grao_DSC_0610_id26.png,RGB_JPG_Normais,RGB_JPG_Normais
C:\Users\eduar\Desktop\Soybe-main\data\com_fundo\RGB_JPG_Normais\grao_DSC_0610_id27.png,RGB_JPG_Normais,RGB_JPG_Normais
C:\Users\eduar\Desktop\Soybe-main\data\com_fundo\RGB_JPG_Normais\grao_DSC_0610_id28.png,RGB_JPG_Normais,RGB_JPG_Normais
C:\Users\eduar\Desktop\Soybe-main\data\com_fundo\RGB_JPG_Normais\grao_DSC_0610_id29.png,RGB_JPG_Normais,RGB_JPG_Normais
C:\Users\eduar\Desktop\Soybe-main\data\com_fundo\RGB_JPG_Normais\grao_DSC_0610_id3.png,RGB_JPG_Normais,RGB_JPG_Normais
C:\Users\eduar\Desktop\Soybe-main\data\com_fundo\RGB_JPG_Normais\grao_DSC_0610_id30.png,RGB_JPG_Normais,RGB_JPG_Normais
C:\Users\eduar\Desktop\Soybe-main\data\com_fundo\RGB_JPG_Normais\grao_DSC_0610_id31.png,RGB_JPG_Normais,RGB_JPG_CHOCHOS
C:\Users\eduar\Desktop\Soybe-main\data\com_fundo\RGB_JPG_Normais\grao_DSC_0610_id32.png,RGB_JPG_Normais,RGB_JPG_Normais
C:\Users\eduar\Desktop\Soybe-main\data\com_fundo\RGB_JPG_Normais\grao_DSC_0610_id33.png,RGB_JPG_Normais,RGB_JPG_Normais
C:\Users\eduar\Desktop\Soybe-main\data\com_fundo\RGB_JPG_Normais\grao_DSC_0610_id34.png,RGB_JPG_Normais,RGB_JPG_Normais
C:\Users\eduar\Desktop\Soybe-main\data\com_fundo\RGB_JPG_Normais\grao_DSC_0610_id35.png,RGB_JPG_Normais,RGB_JPG_Normais
C:\Users\eduar\Desktop\Soybe-main\data\com_fundo\RGB_JPG_Normais\grao_DSC_0610_id36.png,RGB_JPG_Normais,RGB_JPG_Normais
C:\Users\eduar\Desktop\Soybe-main\data\com_fundo\RGB_JPG_Normais\grao_DSC_0610_id37.png,RGB_JPG_Normais,RGB_JPG_CHOCHOS
C:\Users\eduar\Desktop\Soybe-main\data\com_fundo\RGB_JPG_Normais\grao_DSC_0610_id38.png,RGB_JPG_Normais,RGB_JPG_Normais
C:\Users\eduar\Desktop\Soybe-main\data\com_fundo\RGB_JPG_Normais\grao_DSC_0610_id39.png,RGB_JPG_Normais,RGB_JPG_Normais
C:\Users\eduar\Desktop\Soybe-main\data\com_fundo\RGB_JPG_Normais\grao_DSC_0610_id4.png,RGB_JPG_Normais,RGB_JPG_Normais
C:\Users\eduar\Desktop\Soybe-main\data\com_fundo\RGB_JPG_Normais\grao_DSC_0610_id40.png,RGB_JPG_Normais,RGB_JPG_Normais
C:\Users\eduar\Desktop\Soybe-main\data\com_fundo\RGB_JPG_Normais\grao_DSC_0610_id41.png,RGB_JPG_Normais,RGB_JPG_Normais
C:\Users\eduar\Desktop\Soybe-main\data\com_fundo\RGB_JPG_Normais\grao_DSC_0610_id42.png,RGB_JPG_Normais,RGB_JPG_Normais
C:\Users\eduar\Desktop\Soybe-main\data\com_fundo\RGB_JPG_Normais\grao_DSC_0610_id43.png,RGB_JPG_Normais,RGB_JPG_Normais
C:\Users\eduar\Desktop\Soybe-main\data\com_fundo\RGB_JPG_Normais\grao_DSC_0610_id44.png,RGB_JPG_Normais,RGB_JPG_Normais
C:\Users\eduar\Desktop\Soybe-main\data\com_fundo\RGB_JPG_Normais\grao_DSC_0610_id45.png,RGB_JPG_Normais,RGB_JPG_Normais
C:\Users\eduar\Desktop\Soybe-main\data\com_fundo\RGB_JPG_Normais\grao_DSC_0610_id46.png,RGB_JPG_Normais,RGB_JPG_Normais
C:\Users\eduar\Desktop\Soybe-main\data\com_fundo\RGB_JPG_Normais\grao_DSC_0610_id47.png,RGB_JPG_Normais,RGB_JPG_Normais
C:\Users\eduar\Desktop\Soybe-main\data\com_fundo\RGB_JPG_Normais\grao_DSC_0610_id48.png,RGB_JPG_Normais,RGB_JPG_Normais
C:\Users\eduar\Desktop\Soybe-main\data\com_fundo\RGB_JPG_Normais\grao_DSC_0610_id49.png,RGB_JPG_Normais,RGB_JPG_Normais
C:\Users\eduar\Desktop\Soybe-main\data\com_fundo\RGB_JPG_Normais\grao_DSC_0610_id5.png,RGB_JPG_Normais,RGB_JPG_Normais
C:\Users\eduar\Desktop\Soybe-main\data\com_fundo\RGB_JPG_Normais\grao_DSC_0610_id50.png,RGB_JPG_Normais,RGB_JPG_Normais
C:\Users\eduar\Desktop\Soybe-main\data\com_fundo\RGB_JPG_Normais\grao_DSC_0610_id51.png,RGB_JPG_Normais,RGB_JPG_Normais
C:\Users\eduar\Desktop\Soybe-main\data\com_fundo\RGB_JPG_Normais\grao_DSC_0610_id52.png,RGB_JPG_Normais,RGB_JPG_Normais
C:\Users\eduar\Desktop\Soybe-main\data\com_fundo\RGB_JPG_Normais\grao_DSC_0610_id53.png,RGB_JPG_Normais,RGB_JPG_Normais
C:\Users\eduar\Desktop\Soybe-main\data\com_fundo\RGB_JPG_Normais\grao_DSC_0610_id54.png,RGB_JPG_Normais,RGB_JPG_Normais
C:\Users\eduar\Desktop\Soybe-main\data\com_fundo\RGB_JPG_Normais\grao_DSC_0610_id55.png,RGB_JPG_Normais,RGB_JPG_Normais
C:\Users\eduar\Desktop\Soybe-main\data\com_fundo\RGB_JPG_Normais\grao_DSC_0610_id56.png,RGB_JPG_Normais,RGB_JPG_Normais
C:\Users\eduar\Desktop\Soybe-main\data\com_fundo\RGB_JPG_Normais\grao_DSC_0610_id57.png,RGB_JPG_Normais,RGB_JPG_Normais
C:\Users\eduar\Desktop\Soybe-main\data\com_fundo\RGB_JPG_Normais\grao_DSC_0610_id58.png,RGB_JPG_Normais,RGB_JPG_Normais
C:\Users\eduar\Desktop\Soybe-main\data\com_fundo\RGB_JPG_Normais\grao_DSC_0610_id59.png,RGB_JPG_Normais,RGB_JPG_Normais
C:\Users\eduar\Desktop\Soybe-main\data\com_fundo\RGB_JPG_Normais\grao_DSC_0610_id6.png,RGB_JPG_Normais,RGB_JPG_Normais
C:\Users\eduar\Desktop\Soybe-main\data\com_fundo\RGB_JPG_Normais\grao_DSC_0610_id60.png,RGB_JPG_Normais,RGB_JPG_Normais
C:\Users\eduar\Desktop\Soybe-main\data\com_fundo\RGB_JPG_Normais\grao_DSC_0610_id61.png,RGB_JPG_Normais,RGB_JPG_Normais
C:\Users\eduar\Desktop\Soybe-main\data\com_fundo\RGB_JPG_Normais\grao_DSC_0610_id62.png,RGB_JPG_Normais,RGB_JPG_Normais
C:\Users\eduar\Desktop\Soybe-main\data\com_fundo\RGB_JPG_Normais\grao_DSC_0610_id63.png,RGB_JPG_Normais,RGB_JPG_Normais
C:\Users\eduar\Desktop\Soybe-main\data\com_fundo\RGB_JPG_Normais\grao_DSC_0610_id64.png,RGB_JPG_Normais,RGB_JPG_Normais
C:\Users\eduar\Desktop\Soybe-main\data\com_fundo\RGB_JPG_Normais\grao_DSC_0610_id65.png,RGB_JPG_Normais,RGB_JPG_Normais
C:\Users\eduar\Desktop\Soybe-main\data\com_fundo\RGB_JPG_Normais\grao_DSC_0610_id66.png,RGB_JPG_Normais,RGB_JPG_Normais
C:\Users\eduar\Desktop\Soybe-main\data\com_fundo\RGB_JPG_Normais\grao_DSC_0610_id67.png,RGB_JPG_Normais,RGB_JPG_Normais
C:\Users\eduar\Desktop\Soybe-main\data\com_fundo\RGB_JPG_Normais\grao_DSC_0610_id68.png,RGB_JPG_Normais,RGB_JPG_Normais
C:\Users\eduar\Desktop\Soybe-main\data\com_fundo\RGB_JPG_Normais\grao_DSC_0610_id69.png,RGB_JPG_Normais,RGB_JPG_Normais
C:\Users\eduar\Desktop\Soybe-main\data\com_fundo\RGB_JPG_Normais\grao_DSC_0610_id7.png,RGB_JPG_Normais,RGB_JPG_Normais
C:\Users\eduar\Desktop\Soybe-main\data\com_fundo\RGB_JPG_Normais\grao_DSC_0610_id70.png,RGB_JPG_Normais,RGB_JPG_Normais
C:\Users\eduar\Desktop\Soybe-main\data\com_fundo\RGB_JPG_Normais\grao_DSC_0610_id71.png,RGB_JPG_Normais,RGB_JPG_Normais
C:\Users\eduar\Desktop\Soybe-main\data\com_fundo\RGB_JPG_Normais\grao_DSC_0610_id72.png,RGB_JPG_Normais,RGB_JPG_Normais
C:\Users\eduar\Desktop\Soybe-main\data\com_fundo\RGB_JPG_Normais\grao_DSC_0610_id73.png,RGB_JPG_Normais,RGB_JPG_Normais
C:\Users\eduar\Desktop\Soybe-main\data\com_fundo\RGB_JPG_Normais\grao_DSC_0610_id74.png,RGB_JPG_Normais,RGB_JPG_Normais
C:\Users\eduar\Desktop\Soybe-main\data\com_fundo\RGB_JPG_Normais\grao_DSC_0610_id75.png,RGB_JPG_Normais,RGB_JPG_Normais
C:\Users\eduar\Desktop\Soybe-main\data\com_fundo\RGB_JPG_Normais\grao_DSC_0610_id76.png,RGB_JPG_Normais,RGB_JPG_Normais
C:\Users\eduar\Desktop\Soybe-main\data\com_fundo\RGB_JPG_Normais\grao_DSC_0610_id77.png,RGB_JPG_Normais,RGB_JPG_Normais
C:\Users\eduar\Desktop\Soybe-main\data\com_fundo\RGB_JPG_Normais\grao_DSC_0610_id78.png,RGB_JPG_Normais,RGB_JPG_Normais
C:\Users\eduar\Desktop\Soybe-main\data\com_fundo\RGB_JPG_Normais\grao_DSC_0610_id79.png,RGB_JPG_Normais,RGB_JPG_Normais
C:\Users\eduar\Desktop\Soybe-main\data\com_fundo\RGB_JPG_Normais\grao_DSC_0610_id8.png,RGB_JPG_Normais,RGB_JPG_Normais
C:\Users\eduar\Desktop\Soybe-main\data\com_fundo\RGB_JPG_Normais\grao_DSC_0610_id80.png,RGB_JPG_Normais,RGB_JPG_Normais
C:\Users\eduar\Desktop\Soybe-main\data\com_fundo\RGB_JPG_Normais\grao_DSC_0610_id81.png,RGB_JPG_Normais,RGB_JPG_Normais
C:\Users\eduar\Desktop\Soybe-main\data\com_fundo\RGB_JPG_Normais\grao_DSC_0610_id82.png,RGB_JPG_Normais,RGB_JPG_Normais
C:\Users\eduar\Desktop\Soybe-main\data\com_fundo\RGB_JPG_Normais\grao_DSC_0610_id83.png,RGB_JPG_Normais,RGB_JPG_Normais
C:\Users\eduar\Desktop\Soybe-main\data\com_fundo\RGB_JPG_Normais\grao_DSC_0610_id84.png,RGB_JPG_Normais,RGB_JPG_Normais
C:\Users\eduar\Desktop\Soybe-main\data\com_fundo\RGB_JPG_Normais\grao_DSC_0610_id85.png,RGB_JPG_Normais,RGB_JPG_Normais
C:\Users\eduar\Desktop\Soybe-main\data\com_fundo\RGB_JPG_Normais\grao_DSC_0610_id86.png,RGB_JPG_Normais,RGB_JPG_Normais
C:\Users\eduar\Desktop\Soybe-main\data\com_fundo\RGB_JPG_Normais\grao_DSC_0610_id87.png,RGB_JPG_Normais,RGB_JPG_Normais
C:\Users\eduar\Desktop\Soybe-main\data\com_fundo\RGB_JPG_Normais\grao_DSC_0610_id88.png,RGB_JPG_Normais,RGB_JPG_Normais
C:\Users\eduar\Desktop\Soybe-main\data\com_fundo\RGB_JPG_Normais\grao_DSC_0610_id89.png,RGB_JPG_Normais,RGB_JPG_Normais
C:\Users\eduar\Desktop\Soybe-main\data\com_fundo\RGB_JPG_Normais\grao_DSC_0610_id9.png,RGB_JPG_Normais,RGB_JPG_Normais
C:\Users\eduar\Desktop\Soybe-main\data\com_fundo\RGB_JPG_Normais\grao_DSC_0610_id90.png,RGB_JPG_Normais,RGB_JPG_Normais
C:\Users\eduar\Desktop\Soybe-main\data\com_fundo\RGB_JPG_Normais\grao_DSC_0610_id91.png,RGB_JPG_Normais,RGB_JPG_Normais
C:\Users\eduar\Desktop\Soybe-main\data\com_fundo\RGB_JPG_Normais\grao_DSC_0610_id92.png,RGB_JPG_Normais,RGB_JPG_Normais
C:\Users\eduar\Desktop\Soybe-main\data\com_fundo\RGB_JPG_Normais\grao_DSC_0610_id93.png,RGB_JPG_Normais,RGB_JPG_Normais
C:\Users\eduar\Desktop\Soybe-main\data\com_fundo\RGB_JPG_Normais\grao_DSC_0610_id94.png,RGB_JPG_Normais,RGB_JPG_Normais
C:\Users\eduar\Desktop\Soybe-main\data\com_fundo\RGB_JPG_Normais\grao_DSC_0610_id95.png,RGB_JPG_Normais,RGB_JPG_Normais
C:\Users\eduar\Desktop\Soybe-main\data\com_fundo\RGB_JPG_Normais\grao_DSC_0610_id96.png,RGB_JPG_Normais,RGB_JPG_Normais
C:\Users\eduar\Desktop\Soybe-main\data\com_fundo\RGB_JPG_Normais\grao_DSC_0610_id97.png,RGB_JPG_Normais,RGB_JPG_Normais
C:\Users\eduar\Desktop\Soybe-main\data\com_fundo\RGB_JPG_Normais\grao_DSC_0610_id98.png,RGB_JPG_Normais,RGB_JPG_Normais
C:\Users\eduar\Desktop\Soybe-main\data\com_fundo\RGB_JPG_Normais\grao_DSC_0610_id99.png,RGB_JPG_Normais,RGB_JPG_Normais
C:\Users\eduar\Desktop\Soybe-main\data\com_fundo\RGB_JPG_Normais\grao_DSC_0619_id1.png,RGB_JPG_Normais,RGB_JPG_Normais
C:\Users\eduar\Desktop\Soybe-main\data\com_fundo\RGB_JPG_Normais\grao_DSC_0619_id10.png,RGB_JPG_Normais,RGB_JPG_Normais
C:\Users\eduar\Desktop\Soybe-main\data\com_fundo\RGB_JPG_Normais\grao_DSC_0619_id100.png,RGB_JPG_Normais,RGB_JPG_Normais
C:\Users\eduar\Desktop\Soybe-main\data\com_fundo\RGB_JPG_Normais\grao_DSC_0619_id101.png,RGB_JPG_Normais,RGB_JPG_Normais
C:\Users\eduar\Desktop\Soybe-main\data\com_fundo\RGB_JPG_Normais\grao_DSC_0619_id102.png,RGB_JPG_Normais,RGB_JPG_Normais
C:\Users\eduar\Desktop\Soybe-main\data\com_fundo\RGB_JPG_Normais\grao_DSC_0619_id103.png,RGB_JPG_Normais,RGB_JPG_Normais
C:\Users\eduar\Desktop\Soybe-main\data\com_fundo\RGB_JPG_Normais\grao_DSC_0619_id104.png,RGB_JPG_Normais,RGB_JPG_Normais
C:\Users\eduar\Desktop\Soybe-main\data\com_fundo\RGB_JPG_Normais\grao_DSC_0619_id105.png,RGB_JPG_Normais,RGB_JPG_Normais
C:\Users\eduar\Desktop\Soybe-main\data\com_fundo\RGB_JPG_Normais\grao_DSC_0619_id106.png,RGB_JPG_Normais,RGB_JPG_Normais
C:\Users\eduar\Desktop\Soybe-main\data\com_fundo\RGB_JPG_Normais\grao_DSC_0619_id107.png,RGB_JPG_Normais,RGB_JPG_Normais
C:\Users\eduar\Desktop\Soybe-main\data\com_fundo\RGB_JPG_Normais\grao_DSC_0619_id108.png,RGB_JPG_Normais,RGB_JPG_Normais
C:\Users\eduar\Desktop\Soybe-main\data\com_fundo\RGB_JPG_Normais\grao_DSC_0619_id109.png,RGB_JPG_Normais,RGB_JPG_Normais
C:\Users\eduar\Desktop\Soybe-main\data\com_fundo\RGB_JPG_Normais\grao_DSC_0619_id11.png,RGB_JPG_Normais,RGB_JPG_Normais
C:\Users\eduar\Desktop\Soybe-main\data\com_fundo\RGB_JPG_Normais\grao_DSC_0619_id110.png,RGB_JPG_Normais,RGB_JPG_Normais
C:\Users\eduar\Desktop\Soybe-main\data\com_fundo\RGB_JPG_Normais\grao_DSC_0619_id111.png,RGB_JPG_Normais,RGB_JPG_Normais
C:\Users\eduar\Desktop\Soybe-main\data\com_fundo\RGB_JPG_Normais\grao_DSC_0619_id112.png,RGB_JPG_Normais,RGB_JPG_Normais
C:\Users\eduar\Desktop\Soybe-main\data\com_fundo\RGB_JPG_Normais\grao_DSC_0619_id113.png,RGB_JPG_Normais,RGB_JPG_Normais
C:\Users\eduar\Desktop\Soybe-main\data\com_fundo\RGB_JPG_Normais\grao_DSC_0619_id114.png,RGB_JPG_Normais,RGB_JPG_Normais
C:\Users\eduar\Desktop\Soybe-main\data\com_fundo\RGB_JPG_Normais\grao_DSC_0619_id115.png,RGB_JPG_Normais,RGB_JPG_Normais
C:\Users\eduar\Desktop\Soybe-main\data\com_fundo\RGB_JPG_Normais\grao_DSC_0619_id116.png,RGB_JPG_Normais,RGB_JPG_Normais
C:\Users\eduar\Desktop\Soybe-main\data\com_fundo\RGB_JPG_Normais\grao_DSC_0619_id117.png,RGB_JPG_Normais,RGB_JPG_Normais
C:\Users\eduar\Desktop\Soybe-main\data\com_fundo\RGB_JPG_Normais\grao_DSC_0619_id12.png,RGB_JPG_Normais,RGB_JPG_Normais
C:\Users\eduar\Desktop\Soybe-main\data\com_fundo\RGB_JPG_Normais\grao_DSC_0619_id13.png,RGB_JPG_Normais,RGB_JPG_Normais
C:\Users\eduar\Desktop\Soybe-main\data\com_fundo\RGB_JPG_Normais\grao_DSC_0619_id14.png,RGB_JPG_Normais,RGB_JPG_Normais
C:\Users\eduar\Desktop\Soybe-main\data\com_fundo\RGB_JPG_Normais\grao_DSC_0619_id15.png,RGB_JPG_Normais,RGB_JPG_Normais
C:\Users\eduar\Desktop\Soybe-main\data\com_fundo\RGB_JPG_Normais\grao_DSC_0619_id16.png,RGB_JPG_Normais,RGB_JPG_Normais
C:\Users\eduar\Desktop\Soybe-main\data\com_fundo\RGB_JPG_Normais\grao_DSC_0619_id18.png,RGB_JPG_Normais,RGB_JPG_Normais
C:\Users\eduar\Desktop\Soybe-main\data\com_fundo\RGB_JPG_Normais\grao_DSC_0619_id2.png,RGB_JPG_Normais,RGB_JPG_Normais
C:\Users\eduar\Desktop\Soybe-main\data\com_fundo\RGB_JPG_Normais\grao_DSC_0619_id20.png,RGB_JPG_Normais,RGB_JPG_Normais
C:\Users\eduar\Desktop\Soybe-main\data\com_fundo\RGB_JPG_Normais\grao_DSC_0619_id21.png,RGB_JPG_Normais,RGB_JPG_Normais
C:\Users\eduar\Desktop\Soybe-main\data\com_fundo\RGB_JPG_Normais\grao_DSC_0619_id22.png,RGB_JPG_Normais,RGB_JPG_Normais
C:\Users\eduar\Desktop\Soybe-main\data\com_fundo\RGB_JPG_Normais\grao_DSC_0619_id23.png,RGB_JPG_Normais,RGB_JPG_Normais
C:\Users\eduar\Desktop\Soybe-main\data\com_fundo\RGB_JPG_Normais\grao_DSC_0619_id24.png,RGB_JPG_Normais,RGB_JPG_Normais
C:\Users\eduar\Desktop\Soybe-main\data\com_fundo\RGB_JPG_Normais\grao_DSC_0619_id25.png,RGB_JPG_Normais,RGB_JPG_Normais
C:\Users\eduar\Desktop\Soybe-main\data\com_fundo\RGB_JPG_Normais\grao_DSC_0619_id26.png,RGB_JPG_Normais,RGB_JPG_Normais
C:\Users\eduar\Desktop\Soybe-main\data\com_fundo\RGB_JPG_Normais\grao_DSC_0619_id27.png,RGB_JPG_Normais,RGB_JPG_Normais
C:\Users\eduar\Desktop\Soybe-main\data\com_fundo\RGB_JPG_Normais\grao_DSC_0619_id28.png,RGB_JPG_Normais,RGB_JPG_Normais
C:\Users\eduar\Desktop\Soybe-main\data\com_fundo\RGB_JPG_Normais\grao_DSC_0619_id29.png,RGB_JPG_Normais,RGB_JPG_Normais
C:\Users\eduar\Desktop\Soybe-main\data\com_fundo\RGB_JPG_Normais\grao_DSC_0619_id3.png,RGB_JPG_Normais,RGB_JPG_QUEBRADOS
C:\Users\eduar\Desktop\Soybe-main\data\com_fundo\RGB_JPG_Normais\grao_DSC_0619_id30.png,RGB_JPG_Normais,RGB_JPG_Normais
C:\Users\eduar\Desktop\Soybe-main\data\com_fundo\RGB_JPG_Normais\grao_DSC_0619_id31.png,RGB_JPG_Normais,RGB_JPG_Normais
C:\Users\eduar\Desktop\Soybe-main\data\com_fundo\RGB_JPG_Normais\grao_DSC_0619_id32.png,RGB_JPG_Normais,RGB_JPG_Normais
C:\Users\eduar\Desktop\Soybe-main\data\com_fundo\RGB_JPG_Normais\grao_DSC_0619_id33.png,RGB_JPG_Normais,RGB_JPG_Normais
C:\Users\eduar\Desktop\Soybe-main\data\com_fundo\RGB_JPG_Normais\grao_DSC_0619_id34.png,RGB_JPG_Normais,RGB_JPG_Normais
C:\Users\eduar\Desktop\Soybe-main\data\com_fundo\RGB_JPG_Normais\grao_DSC_0619_id35.png,RGB_JPG_Normais,RGB_JPG_Normais
C:\Users\eduar\Desktop\Soybe-main\data\com_fundo\RGB_JPG_Normais\grao_DSC_0619_id36.png,RGB_JPG_Normais,RGB_JPG_Normais
C:\Users\eduar\Desktop\Soybe-main\data\com_fundo\RGB_JPG_Normais\grao_DSC_0619_id37.png,RGB_JPG_Normais,RGB_JPG_Normais
C:\Users\eduar\Desktop\Soybe-main\data\com_fundo\RGB_JPG_Normais\grao_DSC_0619_id38.png,RGB_JPG_Normais,RGB_JPG_Normais
C:\Users\eduar\Desktop\Soybe-main\data\com_fundo\RGB_JPG_Normais\grao_DSC_0619_id39.png,RGB_JPG_Normais,RGB_JPG_Normais
C:\Users\eduar\Desktop\Soybe-main\data\com_fundo\RGB_JPG_Normais\grao_DSC_0619_id4.png,RGB_JPG_Normais,RGB_JPG_Normais
C:\Users\eduar\Desktop\Soybe-main\data\com_fundo\RGB_JPG_Normais\grao_DSC_0619_id40.png,RGB_JPG_Normais,RGB_JPG_Normais
C:\Users\eduar\Desktop\Soybe-main\data\com_fundo\RGB_JPG_Normais\grao_DSC_0619_id41.png,RGB_JPG_Normais,RGB_JPG_Normais
C:\Users\eduar\Desktop\Soybe-main\data\com_fundo\RGB_JPG_Normais\grao_DSC_0619_id42.png,RGB_JPG_Normais,RGB_JPG_Normais
C:\Users\eduar\Desktop\Soybe-main\data\com_fundo\RGB_JPG_Normais\grao_DSC_0619_id43.png,RGB_JPG_Normais,RGB_JPG_Normais
C:\Users\eduar\Desktop\Soybe-main\data\com_fundo\RGB_JPG_Normais\grao_DSC_0619_id44.png,RGB_JPG_Normais,RGB_JPG_Normais
C:\Users\eduar\Desktop\Soybe-main\data\com_fundo\RGB_JPG_Normais\grao_DSC_0619_id45.png,RGB_JPG_Normais,RGB_JPG_Normais
C:\Users\eduar\Desktop\Soybe-main\data\com_fundo\RGB_JPG_Normais\grao_DSC_0619_id46.png,RGB_JPG_Normais,RGB_JPG_Normais
C:\Users\eduar\Desktop\Soybe-main\data\com_fundo\RGB_JPG_Normais\grao_DSC_0619_id47.png,RGB_JPG_Normais,RGB_JPG_Normais
C:\Users\eduar\Desktop\Soybe-main\data\com_fundo\RGB_JPG_Normais\grao_DSC_0619_id48.png,RGB_JPG_Normais,RGB_JPG_QUEBRADOS
C:\Users\eduar\Desktop\Soybe-main\data\com_fundo\RGB_JPG_Normais\grao_DSC_0619_id49.png,RGB_JPG_Normais,RGB_JPG_Normais
C:\Users\eduar\Desktop\Soybe-main\data\com_fundo\RGB_JPG_Normais\grao_DSC_0619_id5.png,RGB_JPG_Normais,RGB_JPG_Normais
C:\Users\eduar\Desktop\Soybe-main\data\com_fundo\RGB_JPG_Normais\grao_DSC_0619_id50.png,RGB_JPG_Normais,RGB_JPG_Normais
C:\Users\eduar\Desktop\Soybe-main\data\com_fundo\RGB_JPG_Normais\grao_DSC_0619_id51.png,RGB_JPG_Normais,RGB_JPG_Normais
C:\Users\eduar\Desktop\Soybe-main\data\com_fundo\RGB_JPG_Normais\grao_DSC_0619_id52.png,RGB_JPG_Normais,RGB_JPG_Normais
C:\Users\eduar\Desktop\Soybe-main\data\com_fundo\RGB_JPG_Normais\grao_DSC_0619_id53.png,RGB_JPG_Normais,RGB_JPG_Normais
C:\Users\eduar\Desktop\Soybe-main\data\com_fundo\RGB_JPG_Normais\grao_DSC_0619_id54.png,RGB_JPG_Normais,RGB_JPG_Normais
C:\Users\eduar\Desktop\Soybe-main\data\com_fundo\RGB_JPG_Normais\grao_DSC_0619_id55.png,RGB_JPG_Normais,RGB_JPG_QUEBRADOS
C:\Users\eduar\Desktop\Soybe-main\data\com_fundo\RGB_JPG_Normais\grao_DSC_0619_id56.png,RGB_JPG_Normais,RGB_JPG_Normais
C:\Users\eduar\Desktop\Soybe-main\data\com_fundo\RGB_JPG_Normais\grao_DSC_0619_id57.png,RGB_JPG_Normais,RGB_JPG_Normais
C:\Users\eduar\Desktop\Soybe-main\data\com_fundo\RGB_JPG_Normais\grao_DSC_0619_id58.png,RGB_JPG_Normais,RGB_JPG_Normais
C:\Users\eduar\Desktop\Soybe-main\data\com_fundo\RGB_JPG_Normais\grao_DSC_0619_id59.png,RGB_JPG_Normais,RGB_JPG_Normais
C:\Users\eduar\Desktop\Soybe-main\data\com_fundo\RGB_JPG_Normais\grao_DSC_0619_id6.png,RGB_JPG_Normais,RGB_JPG_Normais
C:\Users\eduar\Desktop\Soybe-main\data\com_fundo\RGB_JPG_Normais\grao_DSC_0619_id60.png,RGB_JPG_Normais,RGB_JPG_QUEBRADOS
C:\Users\eduar\Desktop\Soybe-main\data\com_fundo\RGB_JPG_Normais\grao_DSC_0619_id61.png,RGB_JPG_Normais,RGB_JPG_Normais
C:\Users\eduar\Desktop\Soybe-main\data\com_fundo\RGB_JPG_Normais\grao_DSC_0619_id62.png,RGB_JPG_Normais,RGB_JPG_Normais
C:\Users\eduar\Desktop\Soybe-main\data\com_fundo\RGB_JPG_Normais\grao_DSC_0619_id63.png,RGB_JPG_Normais,RGB_JPG_Normais
C:\Users\eduar\Desktop\Soybe-main\data\com_fundo\RGB_JPG_Normais\grao_DSC_0619_id64.png,RGB_JPG_Normais,RGB_JPG_Normais
C:\Users\eduar\Desktop\Soybe-main\data\com_fundo\RGB_JPG_Normais\grao_DSC_0619_id65.png,RGB_JPG_Normais,RGB_JPG_Normais
C:\Users\eduar\Desktop\Soybe-main\data\com_fundo\RGB_JPG_Normais\grao_DSC_0619_id66.png,RGB_JPG_Normais,RGB_JPG_Normais
C:\Users\eduar\Desktop\Soybe-main\data\com_fundo\RGB_JPG_Normais\grao_DSC_0619_id67.png,RGB_JPG_Normais,RGB_JPG_Normais
C:\Users\eduar\Desktop\Soybe-main\data\com_fundo\RGB_JPG_Normais\grao_DSC_0619_id68.png,RGB_JPG_Normais,RGB_JPG_Normais
C:\Users\eduar\Desktop\Soybe-main\data\com_fundo\RGB_JPG_Normais\grao_DSC_0619_id69.png,RGB_JPG_Normais,RGB_JPG_Normais
C:\Users\eduar\Desktop\Soybe-main\data\com_fundo\RGB_JPG_Normais\grao_DSC_0619_id7.png,RGB_JPG_Normais,RGB_JPG_Normais
C:\Users\eduar\Desktop\Soybe-main\data\com_fundo\RGB_JPG_Normais\grao_DSC_0619_id70.png,RGB_JPG_Normais,RGB_JPG_Normais
C:\Users\eduar\Desktop\Soybe-main\data\com_fundo\RGB_JPG_Normais\grao_DSC_0619_id71.png,RGB_JPG_Normais,RGB_JPG_Normais
C:\Users\eduar\Desktop\Soybe-main\data\com_fundo\RGB_JPG_Normais\grao_DSC_0619_id72.png,RGB_JPG_Normais,RGB_JPG_Normais
C:\Users\eduar\Desktop\Soybe-main\data\com_fundo\RGB_JPG_Normais\grao_DSC_0619_id73.png,RGB_JPG_Normais,RGB_JPG_Normais
C:\Users\eduar\Desktop\Soybe-main\data\com_fundo\RGB_JPG_Normais\grao_DSC_0619_id74.png,RGB_JPG_Normais,RGB_JPG_Normais
C:\Users\eduar\Desktop\Soybe-main\data\com_fundo\RGB_JPG_Normais\grao_DSC_0619_id75.png,RGB_JPG_Normais,RGB_JPG_Normais
C:\Users\eduar\Desktop\Soybe-main\data\com_fundo\RGB_JPG_Normais\grao_DSC_0619_id76.png,RGB_JPG_Normais,RGB_JPG_Normais
C:\Users\eduar\Desktop\Soybe-main\data\com_fundo\RGB_JPG_Normais\grao_DSC_0619_id77.png,RGB_JPG_Normais,RGB_JPG_Normais
C:\Users\eduar\Desktop\Soybe-main\data\com_fundo\RGB_JPG_Normais\grao_DSC_0619_id78.png,RGB_JPG_Normais,RGB_JPG_Normais
C:\Users\eduar\Desktop\Soybe-main\data\com_fundo\RGB_JPG_Normais\grao_DSC_0619_id79.png,RGB_JPG_Normais,RGB_JPG_Normais
C:\Users\eduar\Desktop\Soybe-main\data\com_fundo\RGB_JPG_Normais\grao_DSC_0619_id8.png,RGB_JPG_Normais,RGB_JPG_Normais
C:\Users\eduar\Desktop\Soybe-main\data\com_fundo\RGB_JPG_Normais\grao_DSC_0619_id80.png,RGB_JPG_Normais,RGB_JPG_Normais
C:\Users\eduar\Desktop\Soybe-main\data\com_fundo\RGB_JPG_Normais\grao_DSC_0619_id81.png,RGB_JPG_Normais,RGB_JPG_Normais
C:\Users\eduar\Desktop\Soybe-main\data\com_fundo\RGB_JPG_Normais\grao_DSC_0619_id82.png,RGB_JPG_Normais,RGB_JPG_Normais
C:\Users\eduar\Desktop\Soybe-main\data\com_fundo\RGB_JPG_Normais\grao_DSC_0619_id83.png,RGB_JPG_Normais,RGB_JPG_Normais
C:\Users\eduar\Desktop\Soybe-main\data\com_fundo\RGB_JPG_Normais\grao_DSC_0619_id84.png,RGB_JPG_Normais,RGB_JPG_Normais
C:\Users\eduar\Desktop\Soybe-main\data\com_fundo\RGB_JPG_Normais\grao_DSC_0619_id85.png,RGB_JPG_Normais,RGB_JPG_Normais
C:\Users\eduar\Desktop\Soybe-main\data\com_fundo\RGB_JPG_Normais\grao_DSC_0619_id86.png,RGB_JPG_Normais,RGB_JPG_Normais
C:\Users\eduar\Desktop\Soybe-main\data\com_fundo\RGB_JPG_Normais\grao_DSC_0619_id87.png,RGB_JPG_Normais,RGB_JPG_Normais
C:\Users\eduar\Desktop\Soybe-main\data\com_fundo\RGB_JPG_Normais\grao_DSC_0619_id88.png,RGB_JPG_Normais,RGB_JPG_Normais
C:\Users\eduar\Desktop\Soybe-main\data\com_fundo\RGB_JPG_Normais\grao_DSC_0619_id89.png,RGB_JPG_Normais,RGB_JPG_Normais
C:\Users\eduar\Desktop\Soybe-main\data\com_fundo\RGB_JPG_Normais\grao_DSC_0619_id9.png,RGB_JPG_Normais,RGB_JPG_Normais
C:\Users\eduar\Desktop\Soybe-main\data\com_fundo\RGB_JPG_Normais\grao_DSC_0619_id90.png,RGB_JPG_Normais,RGB_JPG_Normais
C:\Users\eduar\Desktop\Soybe-main\data\com_fundo\RGB_JPG_Normais\grao_DSC_0619_id91.png,RGB_JPG_Normais,RGB_JPG_Normais
C:\Users\eduar\Desktop\Soybe-main\data\com_fundo\RGB_JPG_Normais\grao_DSC_0619_id92.png,RGB_JPG_Normais,RGB_JPG_Normais
C:\Users\eduar\Desktop\Soybe-main\data\com_fundo\RGB_JPG_Normais\grao_DSC_0619_id93.png,RGB_JPG_Normais,RGB_JPG_Normais
C:\Users\eduar\Desktop\Soybe-main\data\com_fundo\RGB_JPG_Normais\grao_DSC_0619_id94.png,RGB_JPG_Normais,RGB_JPG_Normais
C:\Users\eduar\Desktop\Soybe-main\data\com_fundo\RGB_JPG_Normais\grao_DSC_0619_id95.png,RGB_JPG_Normais,RGB_JPG_Normais
C:\Users\eduar\Desktop\Soybe-main\data\com_fundo\RGB_JPG_Normais\grao_DSC_0619_id96.png,RGB_JPG_Normais,RGB_JPG_Normais
C:\Users\eduar\Desktop\Soybe-main\data\com_fundo\RGB_JPG_Normais\grao_DSC_0619_id97.png,RGB_JPG_Normais,RGB_JPG_Normais
C:\Users\eduar\Desktop\Soybe-main\data\com_fundo\RGB_JPG_Normais\grao_DSC_0619_id98.png,RGB_JPG_Normais,RGB_JPG_Normais
C:\Users\eduar\Desktop\Soybe-main\data\com_fundo\RGB_JPG_Normais\grao_DSC_0619_id99.png,RGB_JPG_Normais,RGB_JPG_Normais
C:\Users\eduar\Desktop\Soybe-main\data\com_fundo\RGB_JPG_Normais\grao_DSC_0645_id1.png,RGB_JPG_Normais,RGB_JPG_Normais
C:\Users\eduar\Desktop\Soybe-main\data\com_fundo\RGB_JPG_Normais\grao_DSC_0645_id10.png,RGB_JPG_Normais,RGB_JPG_Normais
C:\Users\eduar\Desktop\Soybe-main\data\com_fundo\RGB_JPG_Normais\grao_DSC_0645_id11.png,RGB_JPG_Normais,RGB_JPG_Normais
C:\Users\eduar\Desktop\Soybe-main\data\com_fundo\RGB_JPG_Normais\grao_DSC_0645_id12.png,RGB_JPG_Normais,RGB_JPG_Normais
C:\Users\eduar\Desktop\Soybe-main\data\com_fundo\RGB_JPG_Normais\grao_DSC_0645_id13.png,RGB_JPG_Normais,RGB_JPG_Normais
C:\Users\eduar\Desktop\Soybe-main\data\com_fundo\RGB_JPG_Normais\grao_DSC_0645_id14.png,RGB_JPG_Normais,RGB_JPG_Normais
C:\Users\eduar\Desktop\Soybe-main\data\com_fundo\RGB_JPG_Normais\grao_DSC_0645_id15.png,RGB_JPG_Normais,RGB_JPG_Normais
C:\Users\eduar\Desktop\Soybe-main\data\com_fundo\RGB_JPG_Normais\grao_DSC_0645_id16.png,RGB_JPG_Normais,RGB_JPG_Normais
C:\Users\eduar\Desktop\Soybe-main\data\com_fundo\RGB_JPG_Normais\grao_DSC_0645_id17.png,RGB_JPG_Normais,RGB_JPG_Normais
C:\Users\eduar\Desktop\Soybe-main\data\com_fundo\RGB_JPG_Normais\grao_DSC_0645_id18.png,RGB_JPG_Normais,RGB_JPG_Normais
C:\Users\eduar\Desktop\Soybe-main\data\com_fundo\RGB_JPG_Normais\grao_DSC_0645_id19.png,RGB_JPG_Normais,RGB_JPG_Normais
C:\Users\eduar\Desktop\Soybe-main\data\com_fundo\RGB_JPG_Normais\grao_DSC_0645_id2.png,RGB_JPG_Normais,RGB_JPG_Normais
C:\Users\eduar\Desktop\Soybe-main\data\com_fundo\RGB_JPG_Normais\grao_DSC_0645_id20.png,RGB_JPG_Normais,RGB_JPG_Normais
C:\Users\eduar\Desktop\Soybe-main\data\com_fundo\RGB_JPG_Normais\grao_DSC_0645_id21.png,RGB_JPG_Normais,RGB_JPG_Normais
C:\Users\eduar\Desktop\Soybe-main\data\com_fundo\RGB_JPG_Normais\grao_DSC_0645_id22.png,RGB_JPG_Normais,RGB_JPG_Normais
C:\Users\eduar\Desktop\Soybe-main\data\com_fundo\RGB_JPG_Normais\grao_DSC_0645_id23.png,RGB_JPG_Normais,RGB_JPG_Normais
C:\Users\eduar\Desktop\Soybe-main\data\com_fundo\RGB_JPG_Normais\grao_DSC_0645_id24.png,RGB_JPG_Normais,RGB_JPG_Normais
C:\Users\eduar\Desktop\Soybe-main\data\com_fundo\RGB_JPG_Normais\grao_DSC_0645_id25.png,RGB_JPG_Normais,RGB_JPG_Normais
C:\Users\eduar\Desktop\Soybe-main\data\com_fundo\RGB_JPG_Normais\grao_DSC_0645_id26.png,RGB_JPG_Normais,RGB_JPG_Normais
C:\Users\eduar\Desktop\Soybe-main\data\com_fundo\RGB_JPG_Normais\grao_DSC_0645_id27.png,RGB_JPG_Normais,RGB_JPG_Normais
C:\Users\eduar\Desktop\Soybe-main\data\com_fundo\RGB_JPG_Normais\grao_DSC_0645_id28.png,RGB_JPG_Normais,RGB_JPG_Normais
C:\Users\eduar\Desktop\Soybe-main\data\com_fundo\RGB_JPG_Normais\grao_DSC_0645_id29.png,RGB_JPG_Normais,RGB_JPG_Normais
C:\Users\eduar\Desktop\Soybe-main\data\com_fundo\RGB_JPG_Normais\grao_DSC_0645_id3.png,RGB_JPG_Normais,RGB_JPG_Normais
C:\Users\eduar\Desktop\Soybe-main\data\com_fundo\RGB_JPG_Normais\grao_DSC_0645_id30.png,RGB_JPG_Normais,RGB_JPG_Normais
C:\Users\eduar\Desktop\Soybe-main\data\com_fundo\RGB_JPG_Normais\grao_DSC_0645_id31.png,RGB_JPG_Normais,RGB_JPG_Normais
C:\Users\eduar\Desktop\Soybe-main\data\com_fundo\RGB_JPG_Normais\grao_DSC_0645_id32.png,RGB_JPG_Normais,RGB_JPG_Normais
C:\Users\eduar\Desktop\Soybe-main\data\com_fundo\RGB_JPG_Normais\grao_DSC_0645_id33.png,RGB_JPG_Normais,RGB_JPG_Normais
C:\Users\eduar\Desktop\Soybe-main\data\com_fundo\RGB_JPG_Normais\grao_DSC_0645_id34.png,RGB_JPG_Normais,RGB_JPG_Normais
C:\Users\eduar\Desktop\Soybe-main\data\com_fundo\RGB_JPG_Normais\grao_DSC_0645_id35.png,RGB_JPG_Normais,RGB_JPG_Normais
C:\Users\eduar\Desktop\Soybe-main\data\com_fundo\RGB_JPG_Normais\grao_DSC_0645_id36.png,RGB_JPG_Normais,RGB_JPG_Normais
C:\Users\eduar\Desktop\Soybe-main\data\com_fundo\RGB_JPG_Normais\grao_DSC_0645_id37.png,RGB_JPG_Normais,RGB_JPG_Normais
C:\Users\eduar\Desktop\Soybe-main\data\com_fundo\RGB_JPG_Normais\grao_DSC_0645_id38.png,RGB_JPG_Normais,RGB_JPG_Normais
C:\Users\eduar\Desktop\Soybe-main\data\com_fundo\RGB_JPG_Normais\grao_DSC_0645_id39.png,RGB_JPG_Normais,RGB_JPG_Normais
C:\Users\eduar\Desktop\Soybe-main\data\com_fundo\RGB_JPG_Normais\grao_DSC_0645_id4.png,RGB_JPG_Normais,RGB_JPG_Normais
C:\Users\eduar\Desktop\Soybe-main\data\com_fundo\RGB_JPG_Normais\grao_DSC_0645_id40.png,RGB_JPG_Normais,RGB_JPG_Normais
C:\Users\eduar\Desktop\Soybe-main\data\com_fundo\RGB_JPG_Normais\grao_DSC_0645_id41.png,RGB_JPG_Normais,RGB_JPG_Normais
C:\Users\eduar\Desktop\Soybe-main\data\com_fundo\RGB_JPG_Normais\grao_DSC_0645_id42.png,RGB_JPG_Normais,RGB_JPG_Normais
C:\Users\eduar\Desktop\Soybe-main\data\com_fundo\RGB_JPG_Normais\grao_DSC_0645_id43.png,RGB_JPG_Normais,RGB_JPG_Normais
C:\Users\eduar\Desktop\Soybe-main\data\com_fundo\RGB_JPG_Normais\grao_DSC_0645_id44.png,RGB_JPG_Normais,RGB_JPG_Normais
C:\Users\eduar\Desktop\Soybe-main\data\com_fundo\RGB_JPG_Normais\grao_DSC_0645_id45.png,RGB_JPG_Normais,RGB_JPG_Normais
C:\Users\eduar\Desktop\Soybe-main\data\com_fundo\RGB_JPG_Normais\grao_DSC_0645_id46.png,RGB_JPG_Normais,RGB_JPG_Normais
C:\Users\eduar\Desktop\Soybe-main\data\com_fundo\RGB_JPG_Normais\grao_DSC_0645_id47.png,RGB_JPG_Normais,RGB_JPG_Normais
C:\Users\eduar\Desktop\Soybe-main\data\com_fundo\RGB_JPG_Normais\grao_DSC_0645_id48.png,RGB_JPG_Normais,RGB_JPG_Normais
C:\Users\eduar\Desktop\Soybe-main\data\com_fundo\RGB_JPG_Normais\grao_DSC_0645_id49.png,RGB_JPG_Normais,RGB_JPG_Normais
C:\Users\eduar\Desktop\Soybe-main\data\com_fundo\RGB_JPG_Normais\grao_DSC_0645_id5.png,RGB_JPG_Normais,RGB_JPG_Normais
C:\Users\eduar\Desktop\Soybe-main\data\com_fundo\RGB_JPG_Normais\grao_DSC_0645_id50.png,RGB_JPG_Normais,RGB_JPG_Normais
C:\Users\eduar\Desktop\Soybe-main\data\com_fundo\RGB_JPG_Normais\grao_DSC_0645_id51.png,RGB_JPG_Normais,RGB_JPG_Normais
C:\Users\eduar\Desktop\Soybe-main\data\com_fundo\RGB_JPG_Normais\grao_DSC_0645_id52.png,RGB_JPG_Normais,RGB_JPG_Normais
C:\Users\eduar\Desktop\Soybe-main\data\com_fundo\RGB_JPG_Normais\grao_DSC_0645_id53.png,RGB_JPG_Normais,RGB_JPG_Normais
C:\Users\eduar\Desktop\Soybe-main\data\com_fundo\RGB_JPG_Normais\grao_DSC_0645_id54.png,RGB_JPG_Normais,RGB_JPG_Normais
C:\Users\eduar\Desktop\Soybe-main\data\com_fundo\RGB_JPG_Normais\grao_DSC_0645_id55.png,RGB_JPG_Normais,RGB_JPG_Normais
C:\Users\eduar\Desktop\Soybe-main\data\com_fundo\RGB_JPG_Normais\grao_DSC_0645_id56.png,RGB_JPG_Normais,RGB_JPG_Normais
C:\Users\eduar\Desktop\Soybe-main\data\com_fundo\RGB_JPG_Normais\grao_DSC_0645_id57.png,RGB_JPG_Normais,RGB_JPG_Normais
C:\Users\eduar\Desktop\Soybe-main\data\com_fundo\RGB_JPG_Normais\grao_DSC_0645_id59.png,RGB_JPG_Normais,RGB_JPG_Normais
C:\Users\eduar\Desktop\Soybe-main\data\com_fundo\RGB_JPG_Normais\grao_DSC_0645_id6.png,RGB_JPG_Normais,RGB_JPG_Normais
C:\Users\eduar\Desktop\Soybe-main\data\com_fundo\RGB_JPG_Normais\grao_DSC_0645_id60.png,RGB_JPG_Normais,RGB_JPG_Normais
C:\Users\eduar\Desktop\Soybe-main\data\com_fundo\RGB_JPG_Normais\grao_DSC_0645_id61.png,RGB_JPG_Normais,RGB_JPG_Normais
C:\Users\eduar\Desktop\Soybe-main\data\com_fundo\RGB_JPG_Normais\grao_DSC_0645_id62.png,RGB_JPG_Normais,RGB_JPG_Normais
C:\Users\eduar\Desktop\Soybe-main\data\com_fundo\RGB_JPG_Normais\grao_DSC_0645_id63.png,RGB_JPG_Normais,RGB_JPG_Normais
C:\Users\eduar\Desktop\Soybe-main\data\com_fundo\RGB_JPG_Normais\grao_DSC_0645_id64.png,RGB_JPG_Normais,RGB_JPG_Normais
C:\Users\eduar\Desktop\Soybe-main\data\com_fundo\RGB_JPG_Normais\grao_DSC_0645_id65.png,RGB_JPG_Normais,RGB_JPG_Normais
C:\Users\eduar\Desktop\Soybe-main\data\com_fundo\RGB_JPG_Normais\grao_DSC_0645_id66.png,RGB_JPG_Normais,RGB_JPG_Normais
C:\Users\eduar\Desktop\Soybe-main\data\com_fundo\RGB_JPG_Normais\grao_DSC_0645_id67.png,RGB_JPG_Normais,RGB_JPG_Normais
C:\Users\eduar\Desktop\Soybe-main\data\com_fundo\RGB_JPG_Normais\grao_DSC_0645_id68.png,RGB_JPG_Normais,RGB_JPG_Normais
C:\Users\eduar\Desktop\Soybe-main\data\com_fundo\RGB_JPG_Normais\grao_DSC_0645_id69.png,RGB_JPG_Normais,RGB_JPG_Normais
C:\Users\eduar\Desktop\Soybe-main\data\com_fundo\RGB_JPG_Normais\grao_DSC_0645_id7.png,RGB_JPG_Normais,RGB_JPG_Normais
C:\Users\eduar\Desktop\Soybe-main\data\com_fundo\RGB_JPG_Normais\grao_DSC_0645_id70.png,RGB_JPG_Normais,RGB_JPG_Normais
C:\Users\eduar\Desktop\Soybe-main\data\com_fundo\RGB_JPG_Normais\grao_DSC_0645_id71.png,RGB_JPG_Normais,RGB_JPG_Normais
C:\Users\eduar\Desktop\Soybe-main\data\com_fundo\RGB_JPG_Normais\grao_DSC_0645_id72.png,RGB_JPG_Normais,RGB_JPG_Normais
C:\Users\eduar\Desktop\Soybe-main\data\com_fundo\RGB_JPG_Normais\grao_DSC_0645_id73.png,RGB_JPG_Normais,RGB_JPG_Normais
C:\Users\eduar\Desktop\Soybe-main\data\com_fundo\RGB_JPG_Normais\grao_DSC_0645_id74.png,RGB_JPG_Normais,RGB_JPG_Normais
C:\Users\eduar\Desktop\Soybe-main\data\com_fundo\RGB_JPG_Normais\grao_DSC_0645_id75.png,RGB_JPG_Normais,RGB_JPG_Normais
C:\Users\eduar\Desktop\Soybe-main\data\com_fundo\RGB_JPG_Normais\grao_DSC_0645_id76.png,RGB_JPG_Normais,RGB_JPG_Normais
C:\Users\eduar\Desktop\Soybe-main\data\com_fundo\RGB_JPG_Normais\grao_DSC_0645_id77.png,RGB_JPG_Normais,RGB_JPG_Normais
C:\Users\eduar\Desktop\Soybe-main\data\com_fundo\RGB_JPG_Normais\grao_DSC_0645_id78.png,RGB_JPG_Normais,RGB_JPG_Normais
C:\Users\eduar\Desktop\Soybe-main\data\com_fundo\RGB_JPG_Normais\grao_DSC_0645_id79.png,RGB_JPG_Normais,RGB_JPG_Normais
C:\Users\eduar\Desktop\Soybe-main\data\com_fundo\RGB_JPG_Normais\grao_DSC_0645_id8.png,RGB_JPG_Normais,RGB_JPG_Normais
C:\Users\eduar\Desktop\Soybe-main\data\com_fundo\RGB_JPG_Normais\grao_DSC_0645_id80.png,RGB_JPG_Normais,RGB_JPG_Normais
C:\Users\eduar\Desktop\Soybe-main\data\com_fundo\RGB_JPG_Normais\grao_DSC_0645_id81.png,RGB_JPG_Normais,RGB_JPG_Normais
C:\Users\eduar\Desktop\Soybe-main\data\com_fundo\RGB_JPG_Normais\grao_DSC_0645_id82.png,RGB_JPG_Normais,RGB_JPG_Normais
C:\Users\eduar\Desktop\Soybe-main\data\com_fundo\RGB_JPG_Normais\grao_DSC_0645_id83.png,RGB_JPG_Normais,RGB_JPG_Normais
C:\Users\eduar\Desktop\Soybe-main\data\com_fundo\RGB_JPG_Normais\grao_DSC_0645_id84.png,RGB_JPG_Normais,RGB_JPG_Normais
C:\Users\eduar\Desktop\Soybe-main\data\com_fundo\RGB_JPG_Normais\grao_DSC_0645_id85.png,RGB_JPG_Normais,RGB_JPG_Normais
C:\Users\eduar\Desktop\Soybe-main\data\com_fundo\RGB_JPG_Normais\grao_DSC_0645_id86.png,RGB_JPG_Normais,RGB_JPG_Normais
C:\Users\eduar\Desktop\Soybe-main\data\com_fundo\RGB_JPG_Normais\grao_DSC_0645_id87.png,RGB_JPG_Normais,RGB_JPG_Normais
C:\Users\eduar\Desktop\Soybe-main\data\com_fundo\RGB_JPG_Normais\grao_DSC_0645_id88.png,RGB_JPG_Normais,RGB_JPG_Normais
C:\Users\eduar\Desktop\Soybe-main\data\com_fundo\RGB_JPG_Normais\grao_DSC_0645_id89.png,RGB_JPG_Normais,RGB_JPG_Normais
C:\Users\eduar\Desktop\Soybe-main\data\com_fundo\RGB_JPG_Normais\grao_DSC_0645_id9.png,RGB_JPG_Normais,RGB_JPG_Normais
C:\Users\eduar\Desktop\Soybe-main\data\com_fundo\RGB_JPG_Normais\grao_DSC_0645_id90.png,RGB_JPG_Normais,RGB_JPG_Normais
C:\Users\eduar\Desktop\Soybe-main\data\com_fundo\RGB_JPG_Normais\grao_DSC_0645_id91.png,RGB_JPG_Normais,RGB_JPG_Normais
C:\Users\eduar\Desktop\Soybe-main\data\com_fundo\RGB_JPG_Normais\grao_DSC_0645_id92.png,RGB_JPG_Normais,RGB_JPG_Normais
C:\Users\eduar\Desktop\Soybe-main\data\com_fundo\RGB_JPG_Normais\grao_DSC_0645_id93.png,RGB_JPG_Normais,RGB_JPG_Normais
C:\Users\eduar\Desktop\Soybe-main\data\com_fundo\RGB_JPG_Normais\grao_DSC_0646_id1.png,RGB_JPG_Normais,RGB_JPG_Normais
C:\Users\eduar\Desktop\Soybe-main\data\com_fundo\RGB_JPG_Normais\grao_DSC_0646_id10.png,RGB_JPG_Normais,RGB_JPG_Normais
C:\Users\eduar\Desktop\Soybe-main\data\com_fundo\RGB_JPG_Normais\grao_DSC_0646_id100.png,RGB_JPG_Normais,RGB_JPG_Normais
C:\Users\eduar\Desktop\Soybe-main\data\com_fundo\RGB_JPG_Normais\grao_DSC_0646_id101.png,RGB_JPG_Normais,RGB_JPG_Normais
C:\Users\eduar\Desktop\Soybe-main\data\com_fundo\RGB_JPG_Normais\grao_DSC_0646_id102.png,RGB_JPG_Normais,RGB_JPG_Normais
C:\Users\eduar\Desktop\Soybe-main\data\com_fundo\RGB_JPG_Normais\grao_DSC_0646_id11.png,RGB_JPG_Normais,RGB_JPG_Normais
C:\Users\eduar\Desktop\Soybe-main\data\com_fundo\RGB_JPG_Normais\grao_DSC_0646_id12.png,RGB_JPG_Normais,RGB_JPG_Normais
C:\Users\eduar\Desktop\Soybe-main\data\com_fundo\RGB_JPG_Normais\grao_DSC_0646_id13.png,RGB_JPG_Normais,RGB_JPG_Normais
C:\Users\eduar\Desktop\Soybe-main\data\com_fundo\RGB_JPG_Normais\grao_DSC_0646_id14.png,RGB_JPG_Normais,RGB_JPG_Normais
C:\Users\eduar\Desktop\Soybe-main\data\com_fundo\RGB_JPG_Normais\grao_DSC_0646_id15.png,RGB_JPG_Normais,RGB_JPG_Normais
C:\Users\eduar\Desktop\Soybe-main\data\com_fundo\RGB_JPG_Normais\grao_DSC_0646_id16.png,RGB_JPG_Normais,RGB_JPG_Normais
C:\Users\eduar\Desktop\Soybe-main\data\com_fundo\RGB_JPG_Normais\grao_DSC_0646_id17.png,RGB_JPG_Normais,RGB_JPG_Normais
C:\Users\eduar\Desktop\Soybe-main\data\com_fundo\RGB_JPG_Normais\grao_DSC_0646_id18.png,RGB_JPG_Normais,RGB_JPG_Normais
C:\Users\eduar\Desktop\Soybe-main\data\com_fundo\RGB_JPG_Normais\grao_DSC_0646_id19.png,RGB_JPG_Normais,RGB_JPG_Normais
C:\Users\eduar\Desktop\Soybe-main\data\com_fundo\RGB_JPG_Normais\grao_DSC_0646_id2.png,RGB_JPG_Normais,RGB_JPG_Normais
C:\Users\eduar\Desktop\Soybe-main\data\com_fundo\RGB_JPG_Normais\grao_DSC_0646_id20.png,RGB_JPG_Normais,RGB_JPG_Normais
C:\Users\eduar\Desktop\Soybe-main\data\com_fundo\RGB_JPG_Normais\grao_DSC_0646_id21.png,RGB_JPG_Normais,RGB_JPG_Normais
C:\Users\eduar\Desktop\Soybe-main\data\com_fundo\RGB_JPG_Normais\grao_DSC_0646_id22.png,RGB_JPG_Normais,RGB_JPG_Normais
C:\Users\eduar\Desktop\Soybe-main\data\com_fundo\RGB_JPG_Normais\grao_DSC_0646_id23.png,RGB_JPG_Normais,RGB_JPG_Normais
C:\Users\eduar\Desktop\Soybe-main\data\com_fundo\RGB_JPG_Normais\grao_DSC_0646_id24.png,RGB_JPG_Normais,RGB_JPG_Normais
C:\Users\eduar\Desktop\Soybe-main\data\com_fundo\RGB_JPG_Normais\grao_DSC_0646_id25.png,RGB_JPG_Normais,RGB_JPG_Normais
C:\Users\eduar\Desktop\Soybe-main\data\com_fundo\RGB_JPG_Normais\grao_DSC_0646_id26.png,RGB_JPG_Normais,RGB_JPG_Normais
C:\Users\eduar\Desktop\Soybe-main\data\com_fundo\RGB_JPG_Normais\grao_DSC_0646_id27.png,RGB_JPG_Normais,RGB_JPG_Normais
C:\Users\eduar\Desktop\Soybe-main\data\com_fundo\RGB_JPG_Normais\grao_DSC_0646_id28.png,RGB_JPG_Normais,RGB_JPG_Normais
C:\Users\eduar\Desktop\Soybe-main\data\com_fundo\RGB_JPG_Normais\grao_DSC_0646_id29.png,RGB_JPG_Normais,RGB_JPG_Normais
C:\Users\eduar\Desktop\Soybe-main\data\com_fundo\RGB_JPG_Normais\grao_DSC_0646_id3.png,RGB_JPG_Normais,RGB_JPG_Normais
C:\Users\eduar\Desktop\Soybe-main\data\com_fundo\RGB_JPG_Normais\grao_DSC_0646_id30.png,RGB_JPG_Normais,RGB_JPG_Normais
C:\Users\eduar\Desktop\Soybe-main\data\com_fundo\RGB_JPG_Normais\grao_DSC_0646_id31.png,RGB_JPG_Normais,RGB_JPG_Normais
C:\Users\eduar\Desktop\Soybe-main\data\com_fundo\RGB_JPG_Normais\grao_DSC_0646_id32.png,RGB_JPG_Normais,RGB_JPG_Normais
C:\Users\eduar\Desktop\Soybe-main\data\com_fundo\RGB_JPG_Normais\grao_DSC_0646_id33.png,RGB_JPG_Normais,RGB_JPG_Normais
C:\Users\eduar\Desktop\Soybe-main\data\com_fundo\RGB_JPG_Normais\grao_DSC_0646_id34.png,RGB_JPG_Normais,RGB_JPG_Normais
C:\Users\eduar\Desktop\Soybe-main\data\com_fundo\RGB_JPG_Normais\grao_DSC_0646_id35.png,RGB_JPG_Normais,RGB_JPG_Normais
C:\Users\eduar\Desktop\Soybe-main\data\com_fundo\RGB_JPG_Normais\grao_DSC_0646_id36.png,RGB_JPG_Normais,RGB_JPG_Normais
C:\Users\eduar\Desktop\Soybe-main\data\com_fundo\RGB_JPG_Normais\grao_DSC_0646_id37.png,RGB_JPG_Normais,RGB_JPG_Normais
C:\Users\eduar\Desktop\Soybe-main\data\com_fundo\RGB_JPG_Normais\grao_DSC_0646_id38.png,RGB_JPG_Normais,RGB_JPG_Normais
C:\Users\eduar\Desktop\Soybe-main\data\com_fundo\RGB_JPG_Normais\grao_DSC_0646_id39.png,RGB_JPG_Normais,RGB_JPG_Normais
C:\Users\eduar\Desktop\Soybe-main\data\com_fundo\RGB_JPG_Normais\grao_DSC_0646_id4.png,RGB_JPG_Normais,RGB_JPG_Normais
C:\Users\eduar\Desktop\Soybe-main\data\com_fundo\RGB_JPG_Normais\grao_DSC_0646_id40.png,RGB_JPG_Normais,RGB_JPG_Normais
C:\Users\eduar\Desktop\Soybe-main\data\com_fundo\RGB_JPG_Normais\grao_DSC_0646_id41.png,RGB_JPG_Normais,RGB_JPG_Normais
C:\Users\eduar\Desktop\Soybe-main\data\com_fundo\RGB_JPG_Normais\grao_DSC_0646_id42.png,RGB_JPG_Normais,RGB_JPG_Normais
C:\Users\eduar\Desktop\Soybe-main\data\com_fundo\RGB_JPG_Normais\grao_DSC_0646_id43.png,RGB_JPG_Normais,RGB_JPG_Normais
C:\Users\eduar\Desktop\Soybe-main\data\com_fundo\RGB_JPG_Normais\grao_DSC_0646_id44.png,RGB_JPG_Normais,RGB_JPG_Normais
C:\Users\eduar\Desktop\Soybe-main\data\com_fundo\RGB_JPG_Normais\grao_DSC_0646_id45.png,RGB_JPG_Normais,RGB_JPG_Normais
C:\Users\eduar\Desktop\Soybe-main\data\com_fundo\RGB_JPG_Normais\grao_DSC_0646_id46.png,RGB_JPG_Normais,RGB_JPG_Normais
C:\Users\eduar\Desktop\Soybe-main\data\com_fundo\RGB_JPG_Normais\grao_DSC_0646_id48.png,RGB_JPG_Normais,RGB_JPG_Normais
C:\Users\eduar\Desktop\Soybe-main\data\com_fundo\RGB_JPG_Normais\grao_DSC_0646_id5.png,RGB_JPG_Normais,RGB_JPG_Normais
C:\Users\eduar\Desktop\Soybe-main\data\com_fundo\RGB_JPG_Normais\grao_DSC_0646_id50.png,RGB_JPG_Normais,RGB_JPG_Normais
C:\Users\eduar\Desktop\Soybe-main\data\com_fundo\RGB_JPG_Normais\grao_DSC_0646_id51.png,RGB_JPG_Normais,RGB_JPG_Normais
C:\Users\eduar\Desktop\Soybe-main\data\com_fundo\RGB_JPG_Normais\grao_DSC_0646_id52.png,RGB_JPG_Normais,RGB_JPG_Normais
C:\Users\eduar\Desktop\Soybe-main\data\com_fundo\RGB_JPG_Normais\grao_DSC_0646_id53.png,RGB_JPG_Normais,RGB_JPG_Normais
C:\Users\eduar\Desktop\Soybe-main\data\com_fundo\RGB_JPG_Normais\grao_DSC_0646_id54.png,RGB_JPG_Normais,RGB_JPG_Normais
C:\Users\eduar\Desktop\Soybe-main\data\com_fundo\RGB_JPG_Normais\grao_DSC_0646_id55.png,RGB_JPG_Normais,RGB_JPG_Normais
C:\Users\eduar\Desktop\Soybe-main\data\com_fundo\RGB_JPG_Normais\grao_DSC_0646_id56.png,RGB_JPG_Normais,RGB_JPG_Normais
C:\Users\eduar\Desktop\Soybe-main\data\com_fundo\RGB_JPG_Normais\grao_DSC_0646_id57.png,RGB_JPG_Normais,RGB_JPG_Normais
C:\Users\eduar\Desktop\Soybe-main\data\com_fundo\RGB_JPG_Normais\grao_DSC_0646_id58.png,RGB_JPG_Normais,RGB_JPG_Normais
C:\Users\eduar\Desktop\Soybe-main\data\com_fundo\RGB_JPG_Normais\grao_DSC_0646_id59.png,RGB_JPG_Normais,RGB_JPG_Normais
C:\Users\eduar\Desktop\Soybe-main\data\com_fundo\RGB_JPG_Normais\grao_DSC_0646_id6.png,RGB_JPG_Normais,RGB_JPG_Normais
C:\Users\eduar\Desktop\Soybe-main\data\com_fundo\RGB_JPG_Normais\grao_DSC_0646_id60.png,RGB_JPG_Normais,RGB_JPG_Normais
C:\Users\eduar\Desktop\Soybe-main\data\com_fundo\RGB_JPG_Normais\grao_DSC_0646_id61.png,RGB_JPG_Normais,RGB_JPG_Normais
C:\Users\eduar\Desktop\Soybe-main\data\com_fundo\RGB_JPG_Normais\grao_DSC_0646_id62.png,RGB_JPG_Normais,RGB_JPG_Normais
C:\Users\eduar\Desktop\Soybe-main\data\com_fundo\RGB_JPG_Normais\grao_DSC_0646_id63.png,RGB_JPG_Normais,RGB_JPG_Normais
C:\Users\eduar\Desktop\Soybe-main\data\com_fundo\RGB_JPG_Normais\grao_DSC_0646_id64.png,RGB_JPG_Normais,RGB_JPG_Normais
C:\Users\eduar\Desktop\Soybe-main\data\com_fundo\RGB_JPG_Normais\grao_DSC_0646_id65.png,RGB_JPG_Normais,RGB_JPG_Normais
C:\Users\eduar\Desktop\Soybe-main\data\com_fundo\RGB_JPG_Normais\grao_DSC_0646_id66.png,RGB_JPG_Normais,RGB_JPG_Normais
C:\Users\eduar\Desktop\Soybe-main\data\com_fundo\RGB_JPG_Normais\grao_DSC_0646_id67.png,RGB_JPG_Normais,RGB_JPG_Normais
C:\Users\eduar\Desktop\Soybe-main\data\com_fundo\RGB_JPG_Normais\grao_DSC_0646_id68.png,RGB_JPG_Normais,RGB_JPG_Normais
C:\Users\eduar\Desktop\Soybe-main\data\com_fundo\RGB_JPG_Normais\grao_DSC_0646_id69.png,RGB_JPG_Normais,RGB_JPG_Normais
C:\Users\eduar\Desktop\Soybe-main\data\com_fundo\RGB_JPG_Normais\grao_DSC_0646_id7.png,RGB_JPG_Normais,RGB_JPG_Normais
C:\Users\eduar\Desktop\Soybe-main\data\com_fundo\RGB_JPG_Normais\grao_DSC_0646_id70.png,RGB_JPG_Normais,RGB_JPG_Normais
C:\Users\eduar\Desktop\Soybe-main\data\com_fundo\RGB_JPG_Normais\grao_DSC_0646_id71.png,RGB_JPG_Normais,RGB_JPG_Normais
C:\Users\eduar\Desktop\Soybe-main\data\com_fundo\RGB_JPG_Normais\grao_DSC_0646_id72.png,RGB_JPG_Normais,RGB_JPG_Normais
C:\Users\eduar\Desktop\Soybe-main\data\com_fundo\RGB_JPG_Normais\grao_DSC_0646_id73.png,RGB_JPG_Normais,RGB_JPG_Normais
C:\Users\eduar\Desktop\Soybe-main\data\com_fundo\RGB_JPG_Normais\grao_DSC_0646_id74.png,RGB_JPG_Normais,RGB_JPG_Normais
C:\Users\eduar\Desktop\Soybe-main\data\com_fundo\RGB_JPG_Normais\grao_DSC_0646_id75.png,RGB_JPG_Normais,RGB_JPG_Normais
C:\Users\eduar\Desktop\Soybe-main\data\com_fundo\RGB_JPG_Normais\grao_DSC_0646_id76.png,RGB_JPG_Normais,RGB_JPG_Normais
C:\Users\eduar\Desktop\Soybe-main\data\com_fundo\RGB_JPG_Normais\grao_DSC_0646_id77.png,RGB_JPG_Normais,RGB_JPG_Normais
C:\Users\eduar\Desktop\Soybe-main\data\com_fundo\RGB_JPG_Normais\grao_DSC_0646_id78.png,RGB_JPG_Normais,RGB_JPG_Normais
C:\Users\eduar\Desktop\Soybe-main\data\com_fundo\RGB_JPG_Normais\grao_DSC_0646_id79.png,RGB_JPG_Normais,RGB_JPG_Normais
C:\Users\eduar\Desktop\Soybe-main\data\com_fundo\RGB_JPG_Normais\grao_DSC_0646_id8.png,RGB_JPG_Normais,RGB_JPG_Normais
C:\Users\eduar\Desktop\Soybe-main\data\com_fundo\RGB_JPG_Normais\grao_DSC_0646_id80.png,RGB_JPG_Normais,RGB_JPG_Normais
C:\Users\eduar\Desktop\Soybe-main\data\com_fundo\RGB_JPG_Normais\grao_DSC_0646_id81.png,RGB_JPG_Normais,RGB_JPG_Normais
C:\Users\eduar\Desktop\Soybe-main\data\com_fundo\RGB_JPG_Normais\grao_DSC_0646_id82.png,RGB_JPG_Normais,RGB_JPG_Normais
C:\Users\eduar\Desktop\Soybe-main\data\com_fundo\RGB_JPG_Normais\grao_DSC_0646_id83.png,RGB_JPG_Normais,RGB_JPG_Normais
C:\Users\eduar\Desktop\Soybe-main\data\com_fundo\RGB_JPG_Normais\grao_DSC_0646_id84.png,RGB_JPG_Normais,RGB_JPG_Normais
C:\Users\eduar\Desktop\Soybe-main\data\com_fundo\RGB_JPG_Normais\grao_DSC_0646_id85.png,RGB_JPG_Normais,RGB_JPG_Normais
C:\Users\eduar\Desktop\Soybe-main\data\com_fundo\RGB_JPG_Normais\grao_DSC_0646_id86.png,RGB_JPG_Normais,RGB_JPG_Normais
C:\Users\eduar\Desktop\Soybe-main\data\com_fundo\RGB_JPG_Normais\grao_DSC_0646_id87.png,RGB_JPG_Normais,RGB_JPG_Normais
C:\Users\eduar\Desktop\Soybe-main\data\com_fundo\RGB_JPG_Normais\grao_DSC_0646_id88.png,RGB_JPG_Normais,RGB_JPG_Normais
C:\Users\eduar\Desktop\Soybe-main\data\com_fundo\RGB_JPG_Normais\grao_DSC_0646_id89.png,RGB_JPG_Normais,RGB_JPG_Normais
C:\Users\eduar\Desktop\Soybe-main\data\com_fundo\RGB_JPG_Normais\grao_DSC_0646_id9.png,RGB_JPG_Normais,RGB_JPG_Normais
C:\Users\eduar\Desktop\Soybe-main\data\com_fundo\RGB_JPG_Normais\grao_DSC_0646_id90.png,RGB_JPG_Normais,RGB_JPG_Normais
C:\Users\eduar\Desktop\Soybe-main\data\com_fundo\RGB_JPG_Normais\grao_DSC_0646_id91.png,RGB_JPG_Normais,RGB_JPG_Normais
C:\Users\eduar\Desktop\Soybe-main\data\com_fundo\RGB_JPG_Normais\grao_DSC_0646_id92.png,RGB_JPG_Normais,RGB_JPG_Normais
C:\Users\eduar\Desktop\Soybe-main\data\com_fundo\RGB_JPG_Normais\grao_DSC_0646_id93.png,RGB_JPG_Normais,RGB_JPG_Normais
C:\Users\eduar\Desktop\Soybe-main\data\com_fundo\RGB_JPG_Normais\grao_DSC_0646_id94.png,RGB_JPG_Normais,RGB_JPG_Normais
C:\Users\eduar\Desktop\Soybe-main\data\com_fundo\RGB_JPG_Normais\grao_DSC_0646_id95.png,RGB_JPG_Normais,RGB_JPG_Normais
C:\Users\eduar\Desktop\Soybe-main\data\com_fundo\RGB_JPG_Normais\grao_DSC_0646_id96.png,RGB_JPG_Normais,RGB_JPG_Normais
C:\Users\eduar\Desktop\Soybe-main\data\com_fundo\RGB_JPG_Normais\grao_DSC_0646_id97.png,RGB_JPG_Normais,RGB_JPG_Normais
C:\Users\eduar\Desktop\Soybe-main\data\com_fundo\RGB_JPG_Normais\grao_DSC_0646_id98.png,RGB_JPG_Normais,RGB_JPG_Normais
C:\Users\eduar\Desktop\Soybe-main\data\com_fundo\RGB_JPG_Normais\grao_DSC_0646_id99.png,RGB_JPG_Normais,RGB_JPG_Normais
C:\Users\eduar\Desktop\Soybe-main\data\com_fundo\RGB_JPG_Normais\grao_DSC_0662_id10.png,RGB_JPG_Normais,RGB_JPG_Normais
C:\Users\eduar\Desktop\Soybe-main\data\com_fundo\RGB_JPG_Normais\grao_DSC_0662_id100.png,RGB_JPG_Normais,RGB_JPG_Normais
C:\Users\eduar\Desktop\Soybe-main\data\com_fundo\RGB_JPG_Normais\grao_DSC_0662_id101.png,RGB_JPG_Normais,RGB_JPG_Normais
C:\Users\eduar\Desktop\Soybe-main\data\com_fundo\RGB_JPG_Normais\grao_DSC_0662_id102.png,RGB_JPG_Normais,RGB_JPG_Normais
C:\Users\eduar\Desktop\Soybe-main\data\com_fundo\RGB_JPG_Normais\grao_DSC_0662_id103.png,RGB_JPG_Normais,RGB_JPG_Normais
C:\Users\eduar\Desktop\Soybe-main\data\com_fundo\RGB_JPG_Normais\grao_DSC_0662_id104.png,RGB_JPG_Normais,RGB_JPG_Normais
C:\Users\eduar\Desktop\Soybe-main\data\com_fundo\RGB_JPG_Normais\grao_DSC_0662_id11.png,RGB_JPG_Normais,RGB_JPG_Normais
C:\Users\eduar\Desktop\Soybe-main\data\com_fundo\RGB_JPG_Normais\grao_DSC_0662_id12.png,RGB_JPG_Normais,RGB_JPG_Normais
C:\Users\eduar\Desktop\Soybe-main\data\com_fundo\RGB_JPG_Normais\grao_DSC_0662_id13.png,RGB_JPG_Normais,RGB_JPG_Normais
C:\Users\eduar\Desktop\Soybe-main\data\com_fundo\RGB_JPG_Normais\grao_DSC_0662_id14.png,RGB_JPG_Normais,RGB_JPG_Normais
C:\Users\eduar\Desktop\Soybe-main\data\com_fundo\RGB_JPG_Normais\grao_DSC_0662_id15.png,RGB_JPG_Normais,RGB_JPG_Normais
C:\Users\eduar\Desktop\Soybe-main\data\com_fundo\RGB_JPG_Normais\grao_DSC_0662_id16.png,RGB_JPG_Normais,RGB_JPG_Normais
C:\Users\eduar\Desktop\Soybe-main\data\com_fundo\RGB_JPG_Normais\grao_DSC_0662_id17.png,RGB_JPG_Normais,RGB_JPG_Normais
C:\Users\eduar\Desktop\Soybe-main\data\com_fundo\RGB_JPG_Normais\grao_DSC_0662_id18.png,RGB_JPG_Normais,RGB_JPG_Normais
C:\Users\eduar\Desktop\Soybe-main\data\com_fundo\RGB_JPG_Normais\grao_DSC_0662_id19.png,RGB_JPG_Normais,RGB_JPG_Normais
C:\Users\eduar\Desktop\Soybe-main\data\com_fundo\RGB_JPG_Normais\grao_DSC_0662_id2.png,RGB_JPG_Normais,RGB_JPG_Normais
C:\Users\eduar\Desktop\Soybe-main\data\com_fundo\RGB_JPG_Normais\grao_DSC_0662_id20.png,RGB_JPG_Normais,RGB_JPG_Normais
C:\Users\eduar\Desktop\Soybe-main\data\com_fundo\RGB_JPG_Normais\grao_DSC_0662_id21.png,RGB_JPG_Normais,RGB_JPG_Normais
C:\Users\eduar\Desktop\Soybe-main\data\com_fundo\RGB_JPG_Normais\grao_DSC_0662_id22.png,RGB_JPG_Normais,RGB_JPG_Normais
C:\Users\eduar\Desktop\Soybe-main\data\com_fundo\RGB_JPG_Normais\grao_DSC_0662_id23.png,RGB_JPG_Normais,RGB_JPG_Normais
C:\Users\eduar\Desktop\Soybe-main\data\com_fundo\RGB_JPG_Normais\grao_DSC_0662_id24.png,RGB_JPG_Normais,RGB_JPG_Normais
C:\Users\eduar\Desktop\Soybe-main\data\com_fundo\RGB_JPG_Normais\grao_DSC_0662_id25.png,RGB_JPG_Normais,RGB_JPG_Normais
C:\Users\eduar\Desktop\Soybe-main\data\com_fundo\RGB_JPG_Normais\grao_DSC_0662_id26.png,RGB_JPG_Normais,RGB_JPG_Normais
C:\Users\eduar\Desktop\Soybe-main\data\com_fundo\RGB_JPG_Normais\grao_DSC_0662_id27.png,RGB_JPG_Normais,RGB_JPG_Normais
C:\Users\eduar\Desktop\Soybe-main\data\com_fundo\RGB_JPG_Normais\grao_DSC_0662_id28.png,RGB_JPG_Normais,RGB_JPG_Normais
C:\Users\eduar\Desktop\Soybe-main\data\com_fundo\RGB_JPG_Normais\grao_DSC_0662_id29.png,RGB_JPG_Normais,RGB_JPG_Normais
C:\Users\eduar\Desktop\Soybe-main\data\com_fundo\RGB_JPG_Normais\grao_DSC_0662_id3.png,RGB_JPG_Normais,RGB_JPG_Normais
C:\Users\eduar\Desktop\Soybe-main\data\com_fundo\RGB_JPG_Normais\grao_DSC_0662_id30.png,RGB_JPG_Normais,RGB_JPG_Normais
C:\Users\eduar\Desktop\Soybe-main\data\com_fundo\RGB_JPG_Normais\grao_DSC_0662_id31.png,RGB_JPG_Normais,RGB_JPG_Normais
C:\Users\eduar\Desktop\Soybe-main\data\com_fundo\RGB_JPG_Normais\grao_DSC_0662_id32.png,RGB_JPG_Normais,RGB_JPG_Normais
C:\Users\eduar\Desktop\Soybe-main\data\com_fundo\RGB_JPG_Normais\grao_DSC_0662_id33.png,RGB_JPG_Normais,RGB_JPG_Normais
C:\Users\eduar\Desktop\Soybe-main\data\com_fundo\RGB_JPG_Normais\grao_DSC_0662_id34.png,RGB_JPG_Normais,RGB_JPG_Normais
C:\Users\eduar\Desktop\Soybe-main\data\com_fundo\RGB_JPG_Normais\grao_DSC_0662_id35.png,RGB_JPG_Normais,RGB_JPG_Normais
C:\Users\eduar\Desktop\Soybe-main\data\com_fundo\RGB_JPG_Normais\grao_DSC_0662_id36.png,RGB_JPG_Normais,RGB_JPG_Normais
C:\Users\eduar\Desktop\Soybe-main\data\com_fundo\RGB_JPG_Normais\grao_DSC_0662_id37.png,RGB_JPG_Normais,RGB_JPG_Normais
C:\Users\eduar\Desktop\Soybe-main\data\com_fundo\RGB_JPG_Normais\grao_DSC_0662_id38.png,RGB_JPG_Normais,RGB_JPG_Normais
C:\Users\eduar\Desktop\Soybe-main\data\com_fundo\RGB_JPG_Normais\grao_DSC_0662_id39.png,RGB_JPG_Normais,RGB_JPG_Normais
C:\Users\eduar\Desktop\Soybe-main\data\com_fundo\RGB_JPG_Normais\grao_DSC_0662_id4.png,RGB_JPG_Normais,RGB_JPG_Normais
C:\Users\eduar\Desktop\Soybe-main\data\com_fundo\RGB_JPG_Normais\grao_DSC_0662_id40.png,RGB_JPG_Normais,RGB_JPG_Normais
C:\Users\eduar\Desktop\Soybe-main\data\com_fundo\RGB_JPG_Normais\grao_DSC_0662_id41.png,RGB_JPG_Normais,RGB_JPG_Normais
C:\Users\eduar\Desktop\Soybe-main\data\com_fundo\RGB_JPG_Normais\grao_DSC_0662_id42.png,RGB_JPG_Normais,RGB_JPG_Normais
C:\Users\eduar\Desktop\Soybe-main\data\com_fundo\RGB_JPG_Normais\grao_DSC_0662_id43.png,RGB_JPG_Normais,RGB_JPG_Normais
C:\Users\eduar\Desktop\Soybe-main\data\com_fundo\RGB_JPG_Normais\grao_DSC_0662_id44.png,RGB_JPG_Normais,RGB_JPG_Normais
C:\Users\eduar\Desktop\Soybe-main\data\com_fundo\RGB_JPG_Normais\grao_DSC_0662_id45.png,RGB_JPG_Normais,RGB_JPG_Normais
C:\Users\eduar\Desktop\Soybe-main\data\com_fundo\RGB_JPG_Normais\grao_DSC_0662_id46.png,RGB_JPG_Normais,RGB_JPG_Normais
C:\Users\eduar\Desktop\Soybe-main\data\com_fundo\RGB_JPG_Normais\grao_DSC_0662_id47.png,RGB_JPG_Normais,RGB_JPG_Normais
C:\Users\eduar\Desktop\Soybe-main\data\com_fundo\RGB_JPG_Normais\grao_DSC_0662_id48.png,RGB_JPG_Normais,RGB_JPG_Normais
C:\Users\eduar\Desktop\Soybe-main\data\com_fundo\RGB_JPG_Normais\grao_DSC_0662_id49.png,RGB_JPG_Normais,RGB_JPG_Normais
C:\Users\eduar\Desktop\Soybe-main\data\com_fundo\RGB_JPG_Normais\grao_DSC_0662_id5.png,RGB_JPG_Normais,RGB_JPG_Normais
C:\Users\eduar\Desktop\Soybe-main\data\com_fundo\RGB_JPG_Normais\grao_DSC_0662_id50.png,RGB_JPG_Normais,RGB_JPG_Normais
C:\Users\eduar\Desktop\Soybe-main\data\com_fundo\RGB_JPG_Normais\grao_DSC_0662_id51.png,RGB_JPG_Normais,RGB_JPG_Normais
C:\Users\eduar\Desktop\Soybe-main\data\com_fundo\RGB_JPG_Normais\grao_DSC_0662_id52.png,RGB_JPG_Normais,RGB_JPG_Normais
C:\Users\eduar\Desktop\Soybe-main\data\com_fundo\RGB_JPG_Normais\grao_DSC_0662_id53.png,RGB_JPG_Normais,RGB_JPG_Normais
C:\Users\eduar\Desktop\Soybe-main\data\com_fundo\RGB_JPG_Normais\grao_DSC_0662_id54.png,RGB_JPG_Normais,RGB_JPG_Normais
C:\Users\eduar\Desktop\Soybe-main\data\com_fundo\RGB_JPG_Normais\grao_DSC_0662_id55.png,RGB_JPG_Normais,RGB_JPG_Normais
C:\Users\eduar\Desktop\Soybe-main\data\com_fundo\RGB_JPG_Normais\grao_DSC_0662_id56.png,RGB_JPG_Normais,RGB_JPG_Normais
C:\Users\eduar\Desktop\Soybe-main\data\com_fundo\RGB_JPG_Normais\grao_DSC_0662_id57.png,RGB_JPG_Normais,RGB_JPG_Normais
C:\Users\eduar\Desktop\Soybe-main\data\com_fundo\RGB_JPG_Normais\grao_DSC_0662_id58.png,RGB_JPG_Normais,RGB_JPG_Normais
C:\Users\eduar\Desktop\Soybe-main\data\com_fundo\RGB_JPG_Normais\grao_DSC_0662_id59.png,RGB_JPG_Normais,RGB_JPG_Normais
C:\Users\eduar\Desktop\Soybe-main\data\com_fundo\RGB_JPG_Normais\grao_DSC_0662_id6.png,RGB_JPG_Normais,RGB_JPG_Normais
C:\Users\eduar\Desktop\Soybe-main\data\com_fundo\RGB_JPG_Normais\grao_DSC_0662_id60.png,RGB_JPG_Normais,RGB_JPG_Normais
C:\Users\eduar\Desktop\Soybe-main\data\com_fundo\RGB_JPG_Normais\grao_DSC_0662_id61.png,RGB_JPG_Normais,RGB_JPG_Normais
C:\Users\eduar\Desktop\Soybe-main\data\com_fundo\RGB_JPG_Normais\grao_DSC_0662_id62.png,RGB_JPG_Normais,RGB_JPG_Normais
C:\Users\eduar\Desktop\Soybe-main\data\com_fundo\RGB_JPG_Normais\grao_DSC_0662_id63.png,RGB_JPG_Normais,RGB_JPG_Normais
C:\Users\eduar\Desktop\Soybe-main\data\com_fundo\RGB_JPG_Normais\grao_DSC_0662_id64.png,RGB_JPG_Normais,RGB_JPG_Normais
C:\Users\eduar\Desktop\Soybe-main\data\com_fundo\RGB_JPG_Normais\grao_DSC_0662_id65.png,RGB_JPG_Normais,RGB_JPG_Normais
C:\Users\eduar\Desktop\Soybe-main\data\com_fundo\RGB_JPG_Normais\grao_DSC_0662_id66.png,RGB_JPG_Normais,RGB_JPG_Normais
C:\Users\eduar\Desktop\Soybe-main\data\com_fundo\RGB_JPG_Normais\grao_DSC_0662_id67.png,RGB_JPG_Normais,RGB_JPG_Normais
C:\Users\eduar\Desktop\Soybe-main\data\com_fundo\RGB_JPG_Normais\grao_DSC_0662_id68.png,RGB_JPG_Normais,RGB_JPG_Normais
C:\Users\eduar\Desktop\Soybe-main\data\com_fundo\RGB_JPG_Normais\grao_DSC_0662_id69.png,RGB_JPG_Normais,RGB_JPG_Normais
C:\Users\eduar\Desktop\Soybe-main\data\com_fundo\RGB_JPG_Normais\grao_DSC_0662_id7.png,RGB_JPG_Normais,RGB_JPG_Normais
C:\Users\eduar\Desktop\Soybe-main\data\com_fundo\RGB_JPG_Normais\grao_DSC_0662_id70.png,RGB_JPG_Normais,RGB_JPG_Normais
C:\Users\eduar\Desktop\Soybe-main\data\com_fundo\RGB_JPG_Normais\grao_DSC_0662_id71.png,RGB_JPG_Normais,RGB_JPG_Normais
C:\Users\eduar\Desktop\Soybe-main\data\com_fundo\RGB_JPG_Normais\grao_DSC_0662_id72.png,RGB_JPG_Normais,RGB_JPG_Normais
C:\Users\eduar\Desktop\Soybe-main\data\com_fundo\RGB_JPG_Normais\grao_DSC_0662_id73.png,RGB_JPG_Normais,RGB_JPG_Normais
C:\Users\eduar\Desktop\Soybe-main\data\com_fundo\RGB_JPG_Normais\grao_DSC_0662_id74.png,RGB_JPG_Normais,RGB_JPG_Normais
C:\Users\eduar\Desktop\Soybe-main\data\com_fundo\RGB_JPG_Normais\grao_DSC_0662_id75.png,RGB_JPG_Normais,RGB_JPG_Normais
C:\Users\eduar\Desktop\Soybe-main\data\com_fundo\RGB_JPG_Normais\grao_DSC_0662_id76.png,RGB_JPG_Normais,RGB_JPG_Normais
C:\Users\eduar\Desktop\Soybe-main\data\com_fundo\RGB_JPG_Normais\grao_DSC_0662_id77.png,RGB_JPG_Normais,RGB_JPG_Normais
C:\Users\eduar\Desktop\Soybe-main\data\com_fundo\RGB_JPG_Normais\grao_DSC_0662_id78.png,RGB_JPG_Normais,RGB_JPG_Normais
C:\Users\eduar\Desktop\Soybe-main\data\com_fundo\RGB_JPG_Normais\grao_DSC_0662_id79.png,RGB_JPG_Normais,RGB_JPG_Normais
C:\Users\eduar\Desktop\Soybe-main\data\com_fundo\RGB_JPG_Normais\grao_DSC_0662_id8.png,RGB_JPG_Normais,RGB_JPG_Normais
C:\Users\eduar\Desktop\Soybe-main\data\com_fundo\RGB_JPG_Normais\grao_DSC_0662_id80.png,RGB_JPG_Normais,RGB_JPG_Normais
C:\Users\eduar\Desktop\Soybe-main\data\com_fundo\RGB_JPG_Normais\grao_DSC_0662_id81.png,RGB_JPG_Normais,RGB_JPG_Normais
C:\Users\eduar\Desktop\Soybe-main\data\com_fundo\RGB_JPG_Normais\grao_DSC_0662_id82.png,RGB_JPG_Normais,RGB_JPG_Normais
C:\Users\eduar\Desktop\Soybe-main\data\com_fundo\RGB_JPG_Normais\grao_DSC_0662_id83.png,RGB_JPG_Normais,RGB_JPG_Normais
C:\Users\eduar\Desktop\Soybe-main\data\com_fundo\RGB_JPG_Normais\grao_DSC_0662_id84.png,RGB_JPG_Normais,RGB_JPG_Normais
C:\Users\eduar\Desktop\Soybe-main\data\com_fundo\RGB_JPG_Normais\grao_DSC_0662_id85.png,RGB_JPG_Normais,RGB_JPG_Normais
C:\Users\eduar\Desktop\Soybe-main\data\com_fundo\RGB_JPG_Normais\grao_DSC_0662_id86.png,RGB_JPG_Normais,RGB_JPG_Normais
C:\Users\eduar\Desktop\Soybe-main\data\com_fundo\RGB_JPG_Normais\grao_DSC_0662_id87.png,RGB_JPG_Normais,RGB_JPG_Normais
C:\Users\eduar\Desktop\Soybe-main\data\com_fundo\RGB_JPG_Normais\grao_DSC_0662_id88.png,RGB_JPG_Normais,RGB_JPG_Normais
C:\Users\eduar\Desktop\Soybe-main\data\com_fundo\RGB_JPG_Normais\grao_DSC_0662_id89.png,RGB_JPG_Normais,RGB_JPG_Normais
C:\Users\eduar\Desktop\Soybe-main\data\com_fundo\RGB_JPG_Normais\grao_DSC_0662_id9.png,RGB_JPG_Normais,RGB_JPG_Normais
C:\Users\eduar\Desktop\Soybe-main\data\com_fundo\RGB_JPG_Normais\grao_DSC_0662_id90.png,RGB_JPG_Normais,RGB_JPG_Normais
C:\Users\eduar\Desktop\Soybe-main\data\com_fundo\RGB_JPG_Normais\grao_DSC_0662_id91.png,RGB_JPG_Normais,RGB_JPG_Normais
C:\Users\eduar\Desktop\Soybe-main\data\com_fundo\RGB_JPG_Normais\grao_DSC_0662_id92.png,RGB_JPG_Normais,RGB_JPG_Normais
C:\Users\eduar\Desktop\Soybe-main\data\com_fundo\RGB_JPG_Normais\grao_DSC_0662_id93.png,RGB_JPG_Normais,RGB_JPG_Normais
C:\Users\eduar\Desktop\Soybe-main\data\com_fundo\RGB_JPG_Normais\grao_DSC_0662_id94.png,RGB_JPG_Normais,RGB_JPG_Normais
C:\Users\eduar\Desktop\Soybe-main\data\com_fundo\RGB_JPG_Normais\grao_DSC_0662_id95.png,RGB_JPG_Normais,RGB_JPG_Normais
C:\Users\eduar\Desktop\Soybe-main\data\com_fundo\RGB_JPG_Normais\grao_DSC_0662_id96.png,RGB_JPG_Normais,RGB_JPG_Normais
C:\Users\eduar\Desktop\Soybe-main\data\com_fundo\RGB_JPG_Normais\grao_DSC_0662_id97.png,RGB_JPG_Normais,RGB_JPG_Normais
C:\Users\eduar\Desktop\Soybe-main\data\com_fundo\RGB_JPG_Normais\grao_DSC_0662_id98.png,RGB_JPG_Normais,RGB_JPG_Normais
C:\Users\eduar\Desktop\Soybe-main\data\com_fundo\RGB_JPG_Normais\grao_DSC_0662_id99.png,RGB_JPG_Normais,RGB_JPG_Normais
C:\Users\eduar\Desktop\Soybe-main\data\com_fundo\RGB_JPG_Normais\grao_DSC_0670_id1.png,RGB_JPG_Normais,RGB_JPG_Normais
C:\Users\eduar\Desktop\Soybe-main\data\com_fundo\RGB_JPG_Normais\grao_DSC_0670_id10.png,RGB_JPG_Normais,RGB_JPG_Normais
C:\Users\eduar\Desktop\Soybe-main\data\com_fundo\RGB_JPG_Normais\grao_DSC_0670_id11.png,RGB_JPG_Normais,RGB_JPG_Normais
C:\Users\eduar\Desktop\Soybe-main\data\com_fundo\RGB_JPG_Normais\grao_DSC_0670_id12.png,RGB_JPG_Normais,RGB_JPG_Normais
C:\Users\eduar\Desktop\Soybe-main\data\com_fundo\RGB_JPG_Normais\grao_DSC_0670_id13.png,RGB_JPG_Normais,RGB_JPG_Normais
C:\Users\eduar\Desktop\Soybe-main\data\com_fundo\RGB_JPG_Normais\grao_DSC_0670_id14.png,RGB_JPG_Normais,RGB_JPG_Normais
C:\Users\eduar\Desktop\Soybe-main\data\com_fundo\RGB_JPG_Normais\grao_DSC_0670_id15.png,RGB_JPG_Normais,RGB_JPG_Normais
C:\Users\eduar\Desktop\Soybe-main\data\com_fundo\RGB_JPG_Normais\grao_DSC_0670_id16.png,RGB_JPG_Normais,RGB_JPG_Normais
C:\Users\eduar\Desktop\Soybe-main\data\com_fundo\RGB_JPG_Normais\grao_DSC_0670_id17.png,RGB_JPG_Normais,RGB_JPG_Normais
C:\Users\eduar\Desktop\Soybe-main\data\com_fundo\RGB_JPG_Normais\grao_DSC_0670_id18.png,RGB_JPG_Normais,RGB_JPG_Normais
C:\Users\eduar\Desktop\Soybe-main\data\com_fundo\RGB_JPG_Normais\grao_DSC_0670_id19.png,RGB_JPG_Normais,RGB_JPG_Normais
C:\Users\eduar\Desktop\Soybe-main\data\com_fundo\RGB_JPG_Normais\grao_DSC_0670_id2.png,RGB_JPG_Normais,RGB_JPG_QUEBRADOS
C:\Users\eduar\Desktop\Soybe-main\data\com_fundo\RGB_JPG_Normais\grao_DSC_0670_id20.png,RGB_JPG_Normais,RGB_JPG_Normais
C:\Users\eduar\Desktop\Soybe-main\data\com_fundo\RGB_JPG_Normais\grao_DSC_0670_id21.png,RGB_JPG_Normais,RGB_JPG_Normais
C:\Users\eduar\Desktop\Soybe-main\data\com_fundo\RGB_JPG_Normais\grao_DSC_0670_id22.png,RGB_JPG_Normais,RGB_JPG_Normais
C:\Users\eduar\Desktop\Soybe-main\data\com_fundo\RGB_JPG_Normais\grao_DSC_0670_id23.png,RGB_JPG_Normais,RGB_JPG_Normais
C:\Users\eduar\Desktop\Soybe-main\data\com_fundo\RGB_JPG_Normais\grao_DSC_0670_id24.png,RGB_JPG_Normais,RGB_JPG_Normais
C:\Users\eduar\Desktop\Soybe-main\data\com_fundo\RGB_JPG_Normais\grao_DSC_0670_id25.png,RGB_JPG_Normais,RGB_JPG_Normais
C:\Users\eduar\Desktop\Soybe-main\data\com_fundo\RGB_JPG_Normais\grao_DSC_0670_id26.png,RGB_JPG_Normais,RGB_JPG_Normais
C:\Users\eduar\Desktop\Soybe-main\data\com_fundo\RGB_JPG_Normais\grao_DSC_0670_id27.png,RGB_JPG_Normais,RGB_JPG_Normais
C:\Users\eduar\Desktop\Soybe-main\data\com_fundo\RGB_JPG_Normais\grao_DSC_0670_id29.png,RGB_JPG_Normais,RGB_JPG_Normais
C:\Users\eduar\Desktop\Soybe-main\data\com_fundo\RGB_JPG_Normais\grao_DSC_0670_id3.png,RGB_JPG_Normais,RGB_JPG_Normais
C:\Users\eduar\Desktop\Soybe-main\data\com_fundo\RGB_JPG_Normais\grao_DSC_0670_id30.png,RGB_JPG_Normais,RGB_JPG_Normais
C:\Users\eduar\Desktop\Soybe-main\data\com_fundo\RGB_JPG_Normais\grao_DSC_0670_id31.png,RGB_JPG_Normais,RGB_JPG_Normais
C:\Users\eduar\Desktop\Soybe-main\data\com_fundo\RGB_JPG_Normais\grao_DSC_0670_id32.png,RGB_JPG_Normais,RGB_JPG_Normais
C:\Users\eduar\Desktop\Soybe-main\data\com_fundo\RGB_JPG_Normais\grao_DSC_0670_id33.png,RGB_JPG_Normais,RGB_JPG_Normais
C:\Users\eduar\Desktop\Soybe-main\data\com_fundo\RGB_JPG_Normais\grao_DSC_0670_id34.png,RGB_JPG_Normais,RGB_JPG_Normais
C:\Users\eduar\Desktop\Soybe-main\data\com_fundo\RGB_JPG_Normais\grao_DSC_0670_id35.png,RGB_JPG_Normais,RGB_JPG_Normais
C:\Users\eduar\Desktop\Soybe-main\data\com_fundo\RGB_JPG_Normais\grao_DSC_0670_id36.png,RGB_JPG_Normais,RGB_JPG_Normais
C:\Users\eduar\Desktop\Soybe-main\data\com_fundo\RGB_JPG_Normais\grao_DSC_0670_id37.png,RGB_JPG_Normais,RGB_JPG_Normais
C:\Users\eduar\Desktop\Soybe-main\data\com_fundo\RGB_JPG_Normais\grao_DSC_0670_id38.png,RGB_JPG_Normais,RGB_JPG_Normais
C:\Users\eduar\Desktop\Soybe-main\data\com_fundo\RGB_JPG_Normais\grao_DSC_0670_id39.png,RGB_JPG_Normais,RGB_JPG_Normais
C:\Users\eduar\Desktop\Soybe-main\data\com_fundo\RGB_JPG_Normais\grao_DSC_0670_id4.png,RGB_JPG_Normais,RGB_JPG_Normais
C:\Users\eduar\Desktop\Soybe-main\data\com_fundo\RGB_JPG_Normais\grao_DSC_0670_id40.png,RGB_JPG_Normais,RGB_JPG_Normais
C:\Users\eduar\Desktop\Soybe-main\data\com_fundo\RGB_JPG_Normais\grao_DSC_0670_id41.png,RGB_JPG_Normais,RGB_JPG_Normais
C:\Users\eduar\Desktop\Soybe-main\data\com_fundo\RGB_JPG_Normais\grao_DSC_0670_id42.png,RGB_JPG_Normais,RGB_JPG_Normais
C:\Users\eduar\Desktop\Soybe-main\data\com_fundo\RGB_JPG_Normais\grao_DSC_0670_id43.png,RGB_JPG_Normais,RGB_JPG_Normais
C:\Users\eduar\Desktop\Soybe-main\data\com_fundo\RGB_JPG_Normais\grao_DSC_0670_id44.png,RGB_JPG_Normais,RGB_JPG_Normais
C:\Users\eduar\Desktop\Soybe-main\data\com_fundo\RGB_JPG_Normais\grao_DSC_0670_id45.png,RGB_JPG_Normais,RGB_JPG_Normais
C:\Users\eduar\Desktop\Soybe-main\data\com_fundo\RGB_JPG_Normais\grao_DSC_0670_id46.png,RGB_JPG_Normais,RGB_JPG_Normais
C:\Users\eduar\Desktop\Soybe-main\data\com_fundo\RGB_JPG_Normais\grao_DSC_0670_id47.png,RGB_JPG_Normais,RGB_JPG_Normais
C:\Users\eduar\Desktop\Soybe-main\data\com_fundo\RGB_JPG_Normais\grao_DSC_0670_id48.png,RGB_JPG_Normais,RGB_JPG_Normais
C:\Users\eduar\Desktop\Soybe-main\data\com_fundo\RGB_JPG_Normais\grao_DSC_0670_id49.png,RGB_JPG_Normais,RGB_JPG_Normais
C:\Users\eduar\Desktop\Soybe-main\data\com_fundo\RGB_JPG_Normais\grao_DSC_0670_id5.png,RGB_JPG_Normais,RGB_JPG_Normais
C:\Users\eduar\Desktop\Soybe-main\data\com_fundo\RGB_JPG_Normais\grao_DSC_0670_id50.png,RGB_JPG_Normais,RGB_JPG_Normais
C:\Users\eduar\Desktop\Soybe-main\data\com_fundo\RGB_JPG_Normais\grao_DSC_0670_id51.png,RGB_JPG_Normais,RGB_JPG_Normais
C:\Users\eduar\Desktop\Soybe-main\data\com_fundo\RGB_JPG_Normais\grao_DSC_0670_id52.png,RGB_JPG_Normais,RGB_JPG_Normais
C:\Users\eduar\Desktop\Soybe-main\data\com_fundo\RGB_JPG_Normais\grao_DSC_0670_id53.png,RGB_JPG_Normais,RGB_JPG_Normais
C:\Users\eduar\Desktop\Soybe-main\data\com_fundo\RGB_JPG_Normais\grao_DSC_0670_id54.png,RGB_JPG_Normais,RGB_JPG_Normais
C:\Users\eduar\Desktop\Soybe-main\data\com_fundo\RGB_JPG_Normais\grao_DSC_0670_id55.png,RGB_JPG_Normais,RGB_JPG_Normais
C:\Users\eduar\Desktop\Soybe-main\data\com_fundo\RGB_JPG_Normais\grao_DSC_0670_id56.png,RGB_JPG_Normais,RGB_JPG_Normais
C:\Users\eduar\Desktop\Soybe-main\data\com_fundo\RGB_JPG_Normais\grao_DSC_0670_id57.png,RGB_JPG_Normais,RGB_JPG_Normais
C:\Users\eduar\Desktop\Soybe-main\data\com_fundo\RGB_JPG_Normais\grao_DSC_0670_id58.png,RGB_JPG_Normais,RGB_JPG_Normais
C:\Users\eduar\Desktop\Soybe-main\data\com_fundo\RGB_JPG_Normais\grao_DSC_0670_id59.png,RGB_JPG_Normais,RGB_JPG_Normais
C:\Users\eduar\Desktop\Soybe-main\data\com_fundo\RGB_JPG_Normais\grao_DSC_0670_id6.png,RGB_JPG_Normais,RGB_JPG_Normais
C:\Users\eduar\Desktop\Soybe-main\data\com_fundo\RGB_JPG_Normais\grao_DSC_0670_id60.png,RGB_JPG_Normais,RGB_JPG_Normais
C:\Users\eduar\Desktop\Soybe-main\data\com_fundo\RGB_JPG_Normais\grao_DSC_0670_id61.png,RGB_JPG_Normais,RGB_JPG_Normais
C:\Users\eduar\Desktop\Soybe-main\data\com_fundo\RGB_JPG_Normais\grao_DSC_0670_id62.png,RGB_JPG_Normais,RGB_JPG_Normais
C:\Users\eduar\Desktop\Soybe-main\data\com_fundo\RGB_JPG_Normais\grao_DSC_0670_id63.png,RGB_JPG_Normais,RGB_JPG_Normais
C:\Users\eduar\Desktop\Soybe-main\data\com_fundo\RGB_JPG_Normais\grao_DSC_0670_id64.png,RGB_JPG_Normais,RGB_JPG_Normais
C:\Users\eduar\Desktop\Soybe-main\data\com_fundo\RGB_JPG_Normais\grao_DSC_0670_id65.png,RGB_JPG_Normais,RGB_JPG_Normais
C:\Users\eduar\Desktop\Soybe-main\data\com_fundo\RGB_JPG_Normais\grao_DSC_0670_id66.png,RGB_JPG_Normais,RGB_JPG_Normais
C:\Users\eduar\Desktop\Soybe-main\data\com_fundo\RGB_JPG_Normais\grao_DSC_0670_id67.png,RGB_JPG_Normais,RGB_JPG_Normais
C:\Users\eduar\Desktop\Soybe-main\data\com_fundo\RGB_JPG_Normais\grao_DSC_0670_id68.png,RGB_JPG_Normais,RGB_JPG_Normais
C:\Users\eduar\Desktop\Soybe-main\data\com_fundo\RGB_JPG_Normais\grao_DSC_0670_id69.png,RGB_JPG_Normais,RGB_JPG_Normais
C:\Users\eduar\Desktop\Soybe-main\data\com_fundo\RGB_JPG_Normais\grao_DSC_0670_id7.png,RGB_JPG_Normais,RGB_JPG_Normais
C:\Users\eduar\Desktop\Soybe-main\data\com_fundo\RGB_JPG_Normais\grao_DSC_0670_id70.png,RGB_JPG_Normais,RGB_JPG_Normais
C:\Users\eduar\Desktop\Soybe-main\data\com_fundo\RGB_JPG_Normais\grao_DSC_0670_id71.png,RGB_JPG_Normais,RGB_JPG_Normais
C:\Users\eduar\Desktop\Soybe-main\data\com_fundo\RGB_JPG_Normais\grao_DSC_0670_id72.png,RGB_JPG_Normais,RGB_JPG_Normais
C:\Users\eduar\Desktop\Soybe-main\data\com_fundo\RGB_JPG_Normais\grao_DSC_0670_id73.png,RGB_JPG_Normais,RGB_JPG_Normais
C:\Users\eduar\Desktop\Soybe-main\data\com_fundo\RGB_JPG_Normais\grao_DSC_0670_id74.png,RGB_JPG_Normais,RGB_JPG_Normais
C:\Users\eduar\Desktop\Soybe-main\data\com_fundo\RGB_JPG_Normais\grao_DSC_0670_id75.png,RGB_JPG_Normais,RGB_JPG_Normais
C:\Users\eduar\Desktop\Soybe-main\data\com_fundo\RGB_JPG_Normais\grao_DSC_0670_id76.png,RGB_JPG_Normais,RGB_JPG_Normais
C:\Users\eduar\Desktop\Soybe-main\data\com_fundo\RGB_JPG_Normais\grao_DSC_0670_id77.png,RGB_JPG_Normais,RGB_JPG_Normais
C:\Users\eduar\Desktop\Soybe-main\data\com_fundo\RGB_JPG_Normais\grao_DSC_0670_id78.png,RGB_JPG_Normais,RGB_JPG_Normais
C:\Users\eduar\Desktop\Soybe-main\data\com_fundo\RGB_JPG_Normais\grao_DSC_0670_id79.png,RGB_JPG_Normais,RGB_JPG_Normais
C:\Users\eduar\Desktop\Soybe-main\data\com_fundo\RGB_JPG_Normais\grao_DSC_0670_id8.png,RGB_JPG_Normais,RGB_JPG_Normais
C:\Users\eduar\Desktop\Soybe-main\data\com_fundo\RGB_JPG_Normais\grao_DSC_0670_id80.png,RGB_JPG_Normais,RGB_JPG_Normais
C:\Users\eduar\Desktop\Soybe-main\data\com_fundo\RGB_JPG_Normais\grao_DSC_0670_id81.png,RGB_JPG_Normais,RGB_JPG_Normais
C:\Users\eduar\Desktop\Soybe-main\data\com_fundo\RGB_JPG_Normais\grao_DSC_0670_id82.png,RGB_JPG_Normais,RGB_JPG_Normais
C:\Users\eduar\Desktop\Soybe-main\data\com_fundo\RGB_JPG_Normais\grao_DSC_0670_id83.png,RGB_JPG_Normais,RGB_JPG_Normais
C:\Users\eduar\Desktop\Soybe-main\data\com_fundo\RGB_JPG_Normais\grao_DSC_0670_id84.png,RGB_JPG_Normais,RGB_JPG_Normais
C:\Users\eduar\Desktop\Soybe-main\data\com_fundo\RGB_JPG_Normais\grao_DSC_0670_id85.png,RGB_JPG_Normais,RGB_JPG_Normais
C:\Users\eduar\Desktop\Soybe-main\data\com_fundo\RGB_JPG_Normais\grao_DSC_0670_id86.png,RGB_JPG_Normais,RGB_JPG_Normais
C:\Users\eduar\Desktop\Soybe-main\data\com_fundo\RGB_JPG_Normais\grao_DSC_0670_id87.png,RGB_JPG_Normais,RGB_JPG_Normais
C:\Users\eduar\Desktop\Soybe-main\data\com_fundo\RGB_JPG_Normais\grao_DSC_0670_id88.png,RGB_JPG_Normais,RGB_JPG_Normais
C:\Users\eduar\Desktop\Soybe-main\data\com_fundo\RGB_JPG_Normais\grao_DSC_0670_id89.png,RGB_JPG_Normais,RGB_JPG_Normais
C:\Users\eduar\Desktop\Soybe-main\data\com_fundo\RGB_JPG_Normais\grao_DSC_0670_id9.png,RGB_JPG_Normais,RGB_JPG_Normais
C:\Users\eduar\Desktop\Soybe-main\data\com_fundo\RGB_JPG_Normais\grao_DSC_0670_id90.png,RGB_JPG_Normais,RGB_JPG_Normais
C:\Users\eduar\Desktop\Soybe-main\data\com_fundo\RGB_JPG_Normais\grao_DSC_0670_id91.png,RGB_JPG_Normais,RGB_JPG_Normais
C:\Users\eduar\Desktop\Soybe-main\data\com_fundo\RGB_JPG_Normais\grao_DSC_0670_id92.png,RGB_JPG_Normais,RGB_JPG_Normais
C:\Users\eduar\Desktop\Soybe-main\data\com_fundo\RGB_JPG_Normais\grao_DSC_0670_id93.png,RGB_JPG_Normais,RGB_JPG_Normais
C:\Users\eduar\Desktop\Soybe-main\data\com_fundo\RGB_JPG_Normais\grao_DSC_0670_id94.png,RGB_JPG_Normais,RGB_JPG_Normais
C:\Users\eduar\Desktop\Soybe-main\data\com_fundo\RGB_JPG_Normais\grao_DSC_0670_id95.png,RGB_JPG_Normais,RGB_JPG_Normais
C:\Users\eduar\Desktop\Soybe-main\data\com_fundo\RGB_JPG_Normais\grao_DSC_0670_id96.png,RGB_JPG_Normais,RGB_JPG_Normais
C:\Users\eduar\Desktop\Soybe-main\data\com_fundo\RGB_JPG_Normais\grao_DSC_0670_id97.png,RGB_JPG_Normais,RGB_JPG_Normais
C:\Users\eduar\Desktop\Soybe-main\data\com_fundo\RGB_JPG_Normais\grao_DSC_0670_id98.png,RGB_JPG_Normais,RGB_JPG_Normais
C:\Users\eduar\Desktop\Soybe-main\data\com_fundo\RGB_JPG_Normais\grao_DSC_0670_id99.png,RGB_JPG_Normais,RGB_JPG_Normais
C:\Users\eduar\Desktop\Soybe-main\data\com_fundo\RGB_JPG_Normais\grao_DSC_0672_id1.png,RGB_JPG_Normais,RGB_JPG_QUEBRADOS
C:\Users\eduar\Desktop\Soybe-main\data\com_fundo\RGB_JPG_Normais\grao_DSC_0672_id10.png,RGB_JPG_Normais,RGB_JPG_Normais
C:\Users\eduar\Desktop\Soybe-main\data\com_fundo\RGB_JPG_Normais\grao_DSC_0672_id100.png,RGB_JPG_Normais,RGB_JPG_Normais
C:\Users\eduar\Desktop\Soybe-main\data\com_fundo\RGB_JPG_Normais\grao_DSC_0672_id101.png,RGB_JPG_Normais,RGB_JPG_Normais
C:\Users\eduar\Desktop\Soybe-main\data\com_fundo\RGB_JPG_Normais\grao_DSC_0672_id103.png,RGB_JPG_Normais,RGB_JPG_Normais
C:\Users\eduar\Desktop\Soybe-main\data\com_fundo\RGB_JPG_Normais\grao_DSC_0672_id11.png,RGB_JPG_Normais,RGB_JPG_Normais
C:\Users\eduar\Desktop\Soybe-main\data\com_fundo\RGB_JPG_Normais\grao_DSC_0672_id12.png,RGB_JPG_Normais,RGB_JPG_Normais
C:\Users\eduar\Desktop\Soybe-main\data\com_fundo\RGB_JPG_Normais\grao_DSC_0672_id14.png,RGB_JPG_Normais,RGB_JPG_Normais
C:\Users\eduar\Desktop\Soybe-main\data\com_fundo\RGB_JPG_Normais\grao_DSC_0672_id15.png,RGB_JPG_Normais,RGB_JPG_Normais
C:\Users\eduar\Desktop\Soybe-main\data\com_fundo\RGB_JPG_Normais\grao_DSC_0672_id16.png,RGB_JPG_Normais,RGB_JPG_Normais
C:\Users\eduar\Desktop\Soybe-main\data\com_fundo\RGB_JPG_Normais\grao_DSC_0672_id17.png,RGB_JPG_Normais,RGB_JPG_Normais
C:\Users\eduar\Desktop\Soybe-main\data\com_fundo\RGB_JPG_Normais\grao_DSC_0672_id18.png,RGB_JPG_Normais,RGB_JPG_Normais
C:\Users\eduar\Desktop\Soybe-main\data\com_fundo\RGB_JPG_Normais\grao_DSC_0672_id19.png,RGB_JPG_Normais,RGB_JPG_Normais
C:\Users\eduar\Desktop\Soybe-main\data\com_fundo\RGB_JPG_Normais\grao_DSC_0672_id2.png,RGB_JPG_Normais,RGB_JPG_Normais
C:\Users\eduar\Desktop\Soybe-main\data\com_fundo\RGB_JPG_Normais\grao_DSC_0672_id20.png,RGB_JPG_Normais,RGB_JPG_Normais
C:\Users\eduar\Desktop\Soybe-main\data\com_fundo\RGB_JPG_Normais\grao_DSC_0672_id21.png,RGB_JPG_Normais,RGB_JPG_Normais
C:\Users\eduar\Desktop\Soybe-main\data\com_fundo\RGB_JPG_Normais\grao_DSC_0672_id22.png,RGB_JPG_Normais,RGB_JPG_Normais
C:\Users\eduar\Desktop\Soybe-main\data\com_fundo\RGB_JPG_Normais\grao_DSC_0672_id23.png,RGB_JPG_Normais,RGB_JPG_Normais
C:\Users\eduar\Desktop\Soybe-main\data\com_fundo\RGB_JPG_Normais\grao_DSC_0672_id24.png,RGB_JPG_Normais,RGB_JPG_Normais
C:\Users\eduar\Desktop\Soybe-main\data\com_fundo\RGB_JPG_Normais\grao_DSC_0672_id25.png,RGB_JPG_Normais,RGB_JPG_Normais
C:\Users\eduar\Desktop\Soybe-main\data\com_fundo\RGB_JPG_Normais\grao_DSC_0672_id26.png,RGB_JPG_Normais,RGB_JPG_Normais
C:\Users\eduar\Desktop\Soybe-main\data\com_fundo\RGB_JPG_Normais\grao_DSC_0672_id27.png,RGB_JPG_Normais,RGB_JPG_Normais
C:\Users\eduar\Desktop\Soybe-main\data\com_fundo\RGB_JPG_Normais\grao_DSC_0672_id28.png,RGB_JPG_Normais,RGB_JPG_Normais
C:\Users\eduar\Desktop\Soybe-main\data\com_fundo\RGB_JPG_Normais\grao_DSC_0672_id29.png,RGB_JPG_Normais,RGB_JPG_Normais
C:\Users\eduar\Desktop\Soybe-main\data\com_fundo\RGB_JPG_Normais\grao_DSC_0672_id3.png,RGB_JPG_Normais,RGB_JPG_Normais
C:\Users\eduar\Desktop\Soybe-main\data\com_fundo\RGB_JPG_Normais\grao_DSC_0672_id30.png,RGB_JPG_Normais,RGB_JPG_Normais
C:\Users\eduar\Desktop\Soybe-main\data\com_fundo\RGB_JPG_Normais\grao_DSC_0672_id31.png,RGB_JPG_Normais,RGB_JPG_Normais
C:\Users\eduar\Desktop\Soybe-main\data\com_fundo\RGB_JPG_Normais\grao_DSC_0672_id32.png,RGB_JPG_Normais,RGB_JPG_Normais
C:\Users\eduar\Desktop\Soybe-main\data\com_fundo\RGB_JPG_Normais\grao_DSC_0672_id33.png,RGB_JPG_Normais,RGB_JPG_Normais
C:\Users\eduar\Desktop\Soybe-main\data\com_fundo\RGB_JPG_Normais\grao_DSC_0672_id34.png,RGB_JPG_Normais,RGB_JPG_Normais
C:\Users\eduar\Desktop\Soybe-main\data\com_fundo\RGB_JPG_Normais\grao_DSC_0672_id35.png,RGB_JPG_Normais,RGB_JPG_Normais
C:\Users\eduar\Desktop\Soybe-main\data\com_fundo\RGB_JPG_Normais\grao_DSC_0672_id36.png,RGB_JPG_Normais,RGB_JPG_Normais
C:\Users\eduar\Desktop\Soybe-main\data\com_fundo\RGB_JPG_Normais\grao_DSC_0672_id37.png,RGB_JPG_Normais,RGB_JPG_Normais
C:\Users\eduar\Desktop\Soybe-main\data\com_fundo\RGB_JPG_Normais\grao_DSC_0672_id38.png,RGB_JPG_Normais,RGB_JPG_Normais
C:\Users\eduar\Desktop\Soybe-main\data\com_fundo\RGB_JPG_Normais\grao_DSC_0672_id39.png,RGB_JPG_Normais,RGB_JPG_Normais
C:\Users\eduar\Desktop\Soybe-main\data\com_fundo\RGB_JPG_Normais\grao_DSC_0672_id4.png,RGB_JPG_Normais,RGB_JPG_Normais
C:\Users\eduar\Desktop\Soybe-main\data\com_fundo\RGB_JPG_Normais\grao_DSC_0672_id40.png,RGB_JPG_Normais,RGB_JPG_Normais
C:\Users\eduar\Desktop\Soybe-main\data\com_fundo\RGB_JPG_Normais\grao_DSC_0672_id41.png,RGB_JPG_Normais,RGB_JPG_Normais
C:\Users\eduar\Desktop\Soybe-main\data\com_fundo\RGB_JPG_Normais\grao_DSC_0672_id42.png,RGB_JPG_Normais,RGB_JPG_Normais
C:\Users\eduar\Desktop\Soybe-main\data\com_fundo\RGB_JPG_Normais\grao_DSC_0672_id43.png,RGB_JPG_Normais,RGB_JPG_Normais
C:\Users\eduar\Desktop\Soybe-main\data\com_fundo\RGB_JPG_Normais\grao_DSC_0672_id44.png,RGB_JPG_Normais,RGB_JPG_Normais
C:\Users\eduar\Desktop\Soybe-main\data\com_fundo\RGB_JPG_Normais\grao_DSC_0672_id45.png,RGB_JPG_Normais,RGB_JPG_Normais
C:\Users\eduar\Desktop\Soybe-main\data\com_fundo\RGB_JPG_Normais\grao_DSC_0672_id46.png,RGB_JPG_Normais,RGB_JPG_Normais
C:\Users\eduar\Desktop\Soybe-main\data\com_fundo\RGB_JPG_Normais\grao_DSC_0672_id48.png,RGB_JPG_Normais,RGB_JPG_Normais
C:\Users\eduar\Desktop\Soybe-main\data\com_fundo\RGB_JPG_Normais\grao_DSC_0672_id49.png,RGB_JPG_Normais,RGB_JPG_Normais
C:\Users\eduar\Desktop\Soybe-main\data\com_fundo\RGB_JPG_Normais\grao_DSC_0672_id5.png,RGB_JPG_Normais,RGB_JPG_Normais
C:\Users\eduar\Desktop\Soybe-main\data\com_fundo\RGB_JPG_Normais\grao_DSC_0672_id50.png,RGB_JPG_Normais,RGB_JPG_Normais
C:\Users\eduar\Desktop\Soybe-main\data\com_fundo\RGB_JPG_Normais\grao_DSC_0672_id51.png,RGB_JPG_Normais,RGB_JPG_Normais
C:\Users\eduar\Desktop\Soybe-main\data\com_fundo\RGB_JPG_Normais\grao_DSC_0672_id52.png,RGB_JPG_Normais,RGB_JPG_Normais
C:\Users\eduar\Desktop\Soybe-main\data\com_fundo\RGB_JPG_Normais\grao_DSC_0672_id53.png,RGB_JPG_Normais,RGB_JPG_Normais
C:\Users\eduar\Desktop\Soybe-main\data\com_fundo\RGB_JPG_Normais\grao_DSC_0672_id54.png,RGB_JPG_Normais,RGB_JPG_Normais
C:\Users\eduar\Desktop\Soybe-main\data\com_fundo\RGB_JPG_Normais\grao_DSC_0672_id55.png,RGB_JPG_Normais,RGB_JPG_Normais
C:\Users\eduar\Desktop\Soybe-main\data\com_fundo\RGB_JPG_Normais\grao_DSC_0672_id56.png,RGB_JPG_Normais,RGB_JPG_Normais
C:\Users\eduar\Desktop\Soybe-main\data\com_fundo\RGB_JPG_Normais\grao_DSC_0672_id57.png,RGB_JPG_Normais,RGB_JPG_Normais
C:\Users\eduar\Desktop\Soybe-main\data\com_fundo\RGB_JPG_Normais\grao_DSC_0672_id58.png,RGB_JPG_Normais,RGB_JPG_Normais
C:\Users\eduar\Desktop\Soybe-main\data\com_fundo\RGB_JPG_Normais\grao_DSC_0672_id59.png,RGB_JPG_Normais,RGB_JPG_Normais
C:\Users\eduar\Desktop\Soybe-main\data\com_fundo\RGB_JPG_Normais\grao_DSC_0672_id6.png,RGB_JPG_Normais,RGB_JPG_Normais
C:\Users\eduar\Desktop\Soybe-main\data\com_fundo\RGB_JPG_Normais\grao_DSC_0672_id60.png,RGB_JPG_Normais,RGB_JPG_Normais
C:\Users\eduar\Desktop\Soybe-main\data\com_fundo\RGB_JPG_Normais\grao_DSC_0672_id61.png,RGB_JPG_Normais,RGB_JPG_Normais
C:\Users\eduar\Desktop\Soybe-main\data\com_fundo\RGB_JPG_Normais\grao_DSC_0672_id62.png,RGB_JPG_Normais,RGB_JPG_Normais
C:\Users\eduar\Desktop\Soybe-main\data\com_fundo\RGB_JPG_Normais\grao_DSC_0672_id63.png,RGB_JPG_Normais,RGB_JPG_Normais
C:\Users\eduar\Desktop\Soybe-main\data\com_fundo\RGB_JPG_Normais\grao_DSC_0672_id64.png,RGB_JPG_Normais,RGB_JPG_Normais
C:\Users\eduar\Desktop\Soybe-main\data\com_fundo\RGB_JPG_Normais\grao_DSC_0672_id65.png,RGB_JPG_Normais,RGB_JPG_Normais
C:\Users\eduar\Desktop\Soybe-main\data\com_fundo\RGB_JPG_Normais\grao_DSC_0672_id66.png,RGB_JPG_Normais,RGB_JPG_Normais
C:\Users\eduar\Desktop\Soybe-main\data\com_fundo\RGB_JPG_Normais\grao_DSC_0672_id67.png,RGB_JPG_Normais,RGB_JPG_Normais
C:\Users\eduar\Desktop\Soybe-main\data\com_fundo\RGB_JPG_Normais\grao_DSC_0672_id68.png,RGB_JPG_Normais,RGB_JPG_Normais
C:\Users\eduar\Desktop\Soybe-main\data\com_fundo\RGB_JPG_Normais\grao_DSC_0672_id69.png,RGB_JPG_Normais,RGB_JPG_Normais
C:\Users\eduar\Desktop\Soybe-main\data\com_fundo\RGB_JPG_Normais\grao_DSC_0672_id7.png,RGB_JPG_Normais,RGB_JPG_Normais
C:\Users\eduar\Desktop\Soybe-main\data\com_fundo\RGB_JPG_Normais\grao_DSC_0672_id70.png,RGB_JPG_Normais,RGB_JPG_Normais
C:\Users\eduar\Desktop\Soybe-main\data\com_fundo\RGB_JPG_Normais\grao_DSC_0672_id71.png,RGB_JPG_Normais,RGB_JPG_Normais
C:\Users\eduar\Desktop\Soybe-main\data\com_fundo\RGB_JPG_Normais\grao_DSC_0672_id72.png,RGB_JPG_Normais,RGB_JPG_Normais
C:\Users\eduar\Desktop\Soybe-main\data\com_fundo\RGB_JPG_Normais\grao_DSC_0672_id73.png,RGB_JPG_Normais,RGB_JPG_Normais
C:\Users\eduar\Desktop\Soybe-main\data\com_fundo\RGB_JPG_Normais\grao_DSC_0672_id74.png,RGB_JPG_Normais,RGB_JPG_Normais
C:\Users\eduar\Desktop\Soybe-main\data\com_fundo\RGB_JPG_Normais\grao_DSC_0672_id75.png,RGB_JPG_Normais,RGB_JPG_Normais
C:\Users\eduar\Desktop\Soybe-main\data\com_fundo\RGB_JPG_Normais\grao_DSC_0672_id77.png,RGB_JPG_Normais,RGB_JPG_Normais
C:\Users\eduar\Desktop\Soybe-main\data\com_fundo\RGB_JPG_Normais\grao_DSC_0672_id78.png,RGB_JPG_Normais,RGB_JPG_Normais
C:\Users\eduar\Desktop\Soybe-main\data\com_fundo\RGB_JPG_Normais\grao_DSC_0672_id79.png,RGB_JPG_Normais,RGB_JPG_Normais
C:\Users\eduar\Desktop\Soybe-main\data\com_fundo\RGB_JPG_Normais\grao_DSC_0672_id8.png,RGB_JPG_Normais,RGB_JPG_Normais
C:\Users\eduar\Desktop\Soybe-main\data\com_fundo\RGB_JPG_Normais\grao_DSC_0672_id80.png,RGB_JPG_Normais,RGB_JPG_Normais
C:\Users\eduar\Desktop\Soybe-main\data\com_fundo\RGB_JPG_Normais\grao_DSC_0672_id81.png,RGB_JPG_Normais,RGB_JPG_Normais
C:\Users\eduar\Desktop\Soybe-main\data\com_fundo\RGB_JPG_Normais\grao_DSC_0672_id82.png,RGB_JPG_Normais,RGB_JPG_Normais
C:\Users\eduar\Desktop\Soybe-main\data\com_fundo\RGB_JPG_Normais\grao_DSC_0672_id83.png,RGB_JPG_Normais,RGB_JPG_Normais
C:\Users\eduar\Desktop\Soybe-main\data\com_fundo\RGB_JPG_Normais\grao_DSC_0672_id84.png,RGB_JPG_Normais,RGB_JPG_Normais
C:\Users\eduar\Desktop\Soybe-main\data\com_fundo\RGB_JPG_Normais\grao_DSC_0672_id85.png,RGB_JPG_Normais,RGB_JPG_Normais
C:\Users\eduar\Desktop\Soybe-main\data\com_fundo\RGB_JPG_Normais\grao_DSC_0672_id86.png,RGB_JPG_Normais,RGB_JPG_Normais
C:\Users\eduar\Desktop\Soybe-main\data\com_fundo\RGB_JPG_Normais\grao_DSC_0672_id87.png,RGB_JPG_Normais,RGB_JPG_Normais
C:\Users\eduar\Desktop\Soybe-main\data\com_fundo\RGB_JPG_Normais\grao_DSC_0672_id88.png,RGB_JPG_Normais,RGB_JPG_Normais
C:\Users\eduar\Desktop\Soybe-main\data\com_fundo\RGB_JPG_Normais\grao_DSC_0672_id89.png,RGB_JPG_Normais,RGB_JPG_Normais
C:\Users\eduar\Desktop\Soybe-main\data\com_fundo\RGB_JPG_Normais\grao_DSC_0672_id9.png,RGB_JPG_Normais,RGB_JPG_Normais
C:\Users\eduar\Desktop\Soybe-main\data\com_fundo\RGB_JPG_Normais\grao_DSC_0672_id90.png,RGB_JPG_Normais,RGB_JPG_Normais
C:\Users\eduar\Desktop\Soybe-main\data\com_fundo\RGB_JPG_Normais\grao_DSC_0672_id91.png,RGB_JPG_Normais,RGB_JPG_Normais
C:\Users\eduar\Desktop\Soybe-main\data\com_fundo\RGB_JPG_Normais\grao_DSC_0672_id92.png,RGB_JPG_Normais,RGB_JPG_Normais
C:\Users\eduar\Desktop\Soybe-main\data\com_fundo\RGB_JPG_Normais\grao_DSC_0672_id93.png,RGB_JPG_Normais,RGB_JPG_Normais
C:\Users\eduar\Desktop\Soybe-main\data\com_fundo\RGB_JPG_Normais\grao_DSC_0672_id94.png,RGB_JPG_Normais,RGB_JPG_Normais
C:\Users\eduar\Desktop\Soybe-main\data\com_fundo\RGB_JPG_Normais\grao_DSC_0672_id95.png,RGB_JPG_Normais,RGB_JPG_Normais
C:\Users\eduar\Desktop\Soybe-main\data\com_fundo\RGB_JPG_Normais\grao_DSC_0672_id96.png,RGB_JPG_Normais,RGB_JPG_Normais
C:\Users\eduar\Desktop\Soybe-main\data\com_fundo\RGB_JPG_Normais\grao_DSC_0672_id97.png,RGB_JPG_Normais,RGB_JPG_Normais
C:\Users\eduar\Desktop\Soybe-main\data\com_fundo\RGB_JPG_Normais\grao_DSC_0672_id98.png,RGB_JPG_Normais,RGB_JPG_Normais
C:\Users\eduar\Desktop\Soybe-main\data\com_fundo\RGB_JPG_Normais\grao_DSC_0672_id99.png,RGB_JPG_Normais,RGB_JPG_Normais
C:\Users\eduar\Desktop\Soybe-main\data\com_fundo\RGB_JPG_Normais\grao_DSC_0677_id1.png,RGB_JPG_Normais,RGB_JPG_Normais
C:\Users\eduar\Desktop\Soybe-main\data\com_fundo\RGB_JPG_Normais\grao_DSC_0677_id10.png,RGB_JPG_Normais,RGB_JPG_Normais
C:\Users\eduar\Desktop\Soybe-main\data\com_fundo\RGB_JPG_Normais\grao_DSC_0677_id100.png,RGB_JPG_Normais,RGB_JPG_Normais
C:\Users\eduar\Desktop\Soybe-main\data\com_fundo\RGB_JPG_Normais\grao_DSC_0677_id101.png,RGB_JPG_Normais,RGB_JPG_Normais
C:\Users\eduar\Desktop\Soybe-main\data\com_fundo\RGB_JPG_Normais\grao_DSC_0677_id102.png,RGB_JPG_Normais,RGB_JPG_Normais
C:\Users\eduar\Desktop\Soybe-main\data\com_fundo\RGB_JPG_Normais\grao_DSC_0677_id103.png,RGB_JPG_Normais,RGB_JPG_Normais
C:\Users\eduar\Desktop\Soybe-main\data\com_fundo\RGB_JPG_Normais\grao_DSC_0677_id104.png,RGB_JPG_Normais,RGB_JPG_Normais
C:\Users\eduar\Desktop\Soybe-main\data\com_fundo\RGB_JPG_Normais\grao_DSC_0677_id105.png,RGB_JPG_Normais,RGB_JPG_Normais
C:\Users\eduar\Desktop\Soybe-main\data\com_fundo\RGB_JPG_Normais\grao_DSC_0677_id11.png,RGB_JPG_Normais,RGB_JPG_Normais
C:\Users\eduar\Desktop\Soybe-main\data\com_fundo\RGB_JPG_Normais\grao_DSC_0677_id12.png,RGB_JPG_Normais,RGB_JPG_Normais
C:\Users\eduar\Desktop\Soybe-main\data\com_fundo\RGB_JPG_Normais\grao_DSC_0677_id13.png,RGB_JPG_Normais,RGB_JPG_Normais
C:\Users\eduar\Desktop\Soybe-main\data\com_fundo\RGB_JPG_Normais\grao_DSC_0677_id14.png,RGB_JPG_Normais,RGB_JPG_Normais
C:\Users\eduar\Desktop\Soybe-main\data\com_fundo\RGB_JPG_Normais\grao_DSC_0677_id15.png,RGB_JPG_Normais,RGB_JPG_Normais
C:\Users\eduar\Desktop\Soybe-main\data\com_fundo\RGB_JPG_Normais\grao_DSC_0677_id16.png,RGB_JPG_Normais,RGB_JPG_Normais
C:\Users\eduar\Desktop\Soybe-main\data\com_fundo\RGB_JPG_Normais\grao_DSC_0677_id17.png,RGB_JPG_Normais,RGB_JPG_Normais
C:\Users\eduar\Desktop\Soybe-main\data\com_fundo\RGB_JPG_Normais\grao_DSC_0677_id18.png,RGB_JPG_Normais,RGB_JPG_Normais
C:\Users\eduar\Desktop\Soybe-main\data\com_fundo\RGB_JPG_Normais\grao_DSC_0677_id19.png,RGB_JPG_Normais,RGB_JPG_Normais
C:\Users\eduar\Desktop\Soybe-main\data\com_fundo\RGB_JPG_Normais\grao_DSC_0677_id2.png,RGB_JPG_Normais,RGB_JPG_Normais
C:\Users\eduar\Desktop\Soybe-main\data\com_fundo\RGB_JPG_Normais\grao_DSC_0677_id20.png,RGB_JPG_Normais,RGB_JPG_Normais
C:\Users\eduar\Desktop\Soybe-main\data\com_fundo\RGB_JPG_Normais\grao_DSC_0677_id21.png,RGB_JPG_Normais,RGB_JPG_Normais
C:\Users\eduar\Desktop\Soybe-main\data\com_fundo\RGB_JPG_Normais\grao_DSC_0677_id22.png,RGB_JPG_Normais,RGB_JPG_Normais
C:\Users\eduar\Desktop\Soybe-main\data\com_fundo\RGB_JPG_Normais\grao_DSC_0677_id23.png,RGB_JPG_Normais,RGB_JPG_Normais
C:\Users\eduar\Desktop\Soybe-main\data\com_fundo\RGB_JPG_Normais\grao_DSC_0677_id24.png,RGB_JPG_Normais,RGB_JPG_Normais
C:\Users\eduar\Desktop\Soybe-main\data\com_fundo\RGB_JPG_Normais\grao_DSC_0677_id25.png,RGB_JPG_Normais,RGB_JPG_Normais
C:\Users\eduar\Desktop\Soybe-main\data\com_fundo\RGB_JPG_Normais\grao_DSC_0677_id26.png,RGB_JPG_Normais,RGB_JPG_Normais
C:\Users\eduar\Desktop\Soybe-main\data\com_fundo\RGB_JPG_Normais\grao_DSC_0677_id27.png,RGB_JPG_Normais,RGB_JPG_Normais
C:\Users\eduar\Desktop\Soybe-main\data\com_fundo\RGB_JPG_Normais\grao_DSC_0677_id28.png,RGB_JPG_Normais,RGB_JPG_Normais
C:\Users\eduar\Desktop\Soybe-main\data\com_fundo\RGB_JPG_Normais\grao_DSC_0677_id29.png,RGB_JPG_Normais,RGB_JPG_Normais
C:\Users\eduar\Desktop\Soybe-main\data\com_fundo\RGB_JPG_Normais\grao_DSC_0677_id3.png,RGB_JPG_Normais,RGB_JPG_Normais
C:\Users\eduar\Desktop\Soybe-main\data\com_fundo\RGB_JPG_Normais\grao_DSC_0677_id30.png,RGB_JPG_Normais,RGB_JPG_Normais
C:\Users\eduar\Desktop\Soybe-main\data\com_fundo\RGB_JPG_Normais\grao_DSC_0677_id31.png,RGB_JPG_Normais,RGB_JPG_Normais
C:\Users\eduar\Desktop\Soybe-main\data\com_fundo\RGB_JPG_Normais\grao_DSC_0677_id32.png,RGB_JPG_Normais,RGB_JPG_Normais
C:\Users\eduar\Desktop\Soybe-main\data\com_fundo\RGB_JPG_Normais\grao_DSC_0677_id33.png,RGB_JPG_Normais,RGB_JPG_Normais
C:\Users\eduar\Desktop\Soybe-main\data\com_fundo\RGB_JPG_Normais\grao_DSC_0677_id34.png,RGB_JPG_Normais,RGB_JPG_Normais
C:\Users\eduar\Desktop\Soybe-main\data\com_fundo\RGB_JPG_Normais\grao_DSC_0677_id35.png,RGB_JPG_Normais,RGB_JPG_Normais
C:\Users\eduar\Desktop\Soybe-main\data\com_fundo\RGB_JPG_Normais\grao_DSC_0677_id36.png,RGB_JPG_Normais,RGB_JPG_Normais
C:\Users\eduar\Desktop\Soybe-main\data\com_fundo\RGB_JPG_Normais\grao_DSC_0677_id37.png,RGB_JPG_Normais,RGB_JPG_Normais
C:\Users\eduar\Desktop\Soybe-main\data\com_fundo\RGB_JPG_Normais\grao_DSC_0677_id38.png,RGB_JPG_Normais,RGB_JPG_Normais
C:\Users\eduar\Desktop\Soybe-main\data\com_fundo\RGB_JPG_Normais\grao_DSC_0677_id39.png,RGB_JPG_Normais,RGB_JPG_Normais
C:\Users\eduar\Desktop\Soybe-main\data\com_fundo\RGB_JPG_Normais\grao_DSC_0677_id4.png,RGB_JPG_Normais,RGB_JPG_Normais
C:\Users\eduar\Desktop\Soybe-main\data\com_fundo\RGB_JPG_Normais\grao_DSC_0677_id40.png,RGB_JPG_Normais,RGB_JPG_Normais
C:\Users\eduar\Desktop\Soybe-main\data\com_fundo\RGB_JPG_Normais\grao_DSC_0677_id41.png,RGB_JPG_Normais,RGB_JPG_Normais
C:\Users\eduar\Desktop\Soybe-main\data\com_fundo\RGB_JPG_Normais\grao_DSC_0677_id42.png,RGB_JPG_Normais,RGB_JPG_Normais
C:\Users\eduar\Desktop\Soybe-main\data\com_fundo\RGB_JPG_Normais\grao_DSC_0677_id43.png,RGB_JPG_Normais,RGB_JPG_Normais
C:\Users\eduar\Desktop\Soybe-main\data\com_fundo\RGB_JPG_Normais\grao_DSC_0677_id44.png,RGB_JPG_Normais,RGB_JPG_Normais
C:\Users\eduar\Desktop\Soybe-main\data\com_fundo\RGB_JPG_Normais\grao_DSC_0677_id45.png,RGB_JPG_Normais,RGB_JPG_Normais
C:\Users\eduar\Desktop\Soybe-main\data\com_fundo\RGB_JPG_Normais\grao_DSC_0677_id46.png,RGB_JPG_Normais,RGB_JPG_Normais
C:\Users\eduar\Desktop\Soybe-main\data\com_fundo\RGB_JPG_Normais\grao_DSC_0677_id47.png,RGB_JPG_Normais,RGB_JPG_Normais
C:\Users\eduar\Desktop\Soybe-main\data\com_fundo\RGB_JPG_Normais\grao_DSC_0677_id48.png,RGB_JPG_Normais,RGB_JPG_Normais
C:\Users\eduar\Desktop\Soybe-main\data\com_fundo\RGB_JPG_Normais\grao_DSC_0677_id49.png,RGB_JPG_Normais,RGB_JPG_Normais
C:\Users\eduar\Desktop\Soybe-main\data\com_fundo\RGB_JPG_Normais\grao_DSC_0677_id5.png,RGB_JPG_Normais,RGB_JPG_Normais
C:\Users\eduar\Desktop\Soybe-main\data\com_fundo\RGB_JPG_Normais\grao_DSC_0677_id51.png,RGB_JPG_Normais,RGB_JPG_Normais
C:\Users\eduar\Desktop\Soybe-main\data\com_fundo\RGB_JPG_Normais\grao_DSC_0677_id52.png,RGB_JPG_Normais,RGB_JPG_Normais
C:\Users\eduar\Desktop\Soybe-main\data\com_fundo\RGB_JPG_Normais\grao_DSC_0677_id53.png,RGB_JPG_Normais,RGB_JPG_Normais
C:\Users\eduar\Desktop\Soybe-main\data\com_fundo\RGB_JPG_Normais\grao_DSC_0677_id54.png,RGB_JPG_Normais,RGB_JPG_Normais
C:\Users\eduar\Desktop\Soybe-main\data\com_fundo\RGB_JPG_Normais\grao_DSC_0677_id55.png,RGB_JPG_Normais,RGB_JPG_Normais
C:\Users\eduar\Desktop\Soybe-main\data\com_fundo\RGB_JPG_Normais\grao_DSC_0677_id56.png,RGB_JPG_Normais,RGB_JPG_Normais
C:\Users\eduar\Desktop\Soybe-main\data\com_fundo\RGB_JPG_Normais\grao_DSC_0677_id57.png,RGB_JPG_Normais,RGB_JPG_Normais
C:\Users\eduar\Desktop\Soybe-main\data\com_fundo\RGB_JPG_Normais\grao_DSC_0677_id58.png,RGB_JPG_Normais,RGB_JPG_Normais
C:\Users\eduar\Desktop\Soybe-main\data\com_fundo\RGB_JPG_Normais\grao_DSC_0677_id59.png,RGB_JPG_Normais,RGB_JPG_Normais
C:\Users\eduar\Desktop\Soybe-main\data\com_fundo\RGB_JPG_Normais\grao_DSC_0677_id6.png,RGB_JPG_Normais,RGB_JPG_Normais
C:\Users\eduar\Desktop\Soybe-main\data\com_fundo\RGB_JPG_Normais\grao_DSC_0677_id60.png,RGB_JPG_Normais,RGB_JPG_Normais
C:\Users\eduar\Desktop\Soybe-main\data\com_fundo\RGB_JPG_Normais\grao_DSC_0677_id61.png,RGB_JPG_Normais,RGB_JPG_Normais
C:\Users\eduar\Desktop\Soybe-main\data\com_fundo\RGB_JPG_Normais\grao_DSC_0677_id62.png,RGB_JPG_Normais,RGB_JPG_Normais
C:\Users\eduar\Desktop\Soybe-main\data\com_fundo\RGB_JPG_Normais\grao_DSC_0677_id63.png,RGB_JPG_Normais,RGB_JPG_Normais
C:\Users\eduar\Desktop\Soybe-main\data\com_fundo\RGB_JPG_Normais\grao_DSC_0677_id64.png,RGB_JPG_Normais,RGB_JPG_Normais
C:\Users\eduar\Desktop\Soybe-main\data\com_fundo\RGB_JPG_Normais\grao_DSC_0677_id65.png,RGB_JPG_Normais,RGB_JPG_Normais
C:\Users\eduar\Desktop\Soybe-main\data\com_fundo\RGB_JPG_Normais\grao_DSC_0677_id66.png,RGB_JPG_Normais,RGB_JPG_Normais
C:\Users\eduar\Desktop\Soybe-main\data\com_fundo\RGB_JPG_Normais\grao_DSC_0677_id67.png,RGB_JPG_Normais,RGB_JPG_Normais
C:\Users\eduar\Desktop\Soybe-main\data\com_fundo\RGB_JPG_Normais\grao_DSC_0677_id68.png,RGB_JPG_Normais,RGB_JPG_Normais
C:\Users\eduar\Desktop\Soybe-main\data\com_fundo\RGB_JPG_Normais\grao_DSC_0677_id69.png,RGB_JPG_Normais,RGB_JPG_Normais
C:\Users\eduar\Desktop\Soybe-main\data\com_fundo\RGB_JPG_Normais\grao_DSC_0677_id7.png,RGB_JPG_Normais,RGB_JPG_Normais
C:\Users\eduar\Desktop\Soybe-main\data\com_fundo\RGB_JPG_Normais\grao_DSC_0677_id70.png,RGB_JPG_Normais,RGB_JPG_Normais
C:\Users\eduar\Desktop\Soybe-main\data\com_fundo\RGB_JPG_Normais\grao_DSC_0677_id71.png,RGB_JPG_Normais,RGB_JPG_Normais
C:\Users\eduar\Desktop\Soybe-main\data\com_fundo\RGB_JPG_Normais\grao_DSC_0677_id72.png,RGB_JPG_Normais,RGB_JPG_Normais
C:\Users\eduar\Desktop\Soybe-main\data\com_fundo\RGB_JPG_Normais\grao_DSC_0677_id73.png,RGB_JPG_Normais,RGB_JPG_Normais
C:\Users\eduar\Desktop\Soybe-main\data\com_fundo\RGB_JPG_Normais\grao_DSC_0677_id74.png,RGB_JPG_Normais,RGB_JPG_Normais
C:\Users\eduar\Desktop\Soybe-main\data\com_fundo\RGB_JPG_Normais\grao_DSC_0677_id75.png,RGB_JPG_Normais,RGB_JPG_Normais
C:\Users\eduar\Desktop\Soybe-main\data\com_fundo\RGB_JPG_Normais\grao_DSC_0677_id76.png,RGB_JPG_Normais,RGB_JPG_Normais
C:\Users\eduar\Desktop\Soybe-main\data\com_fundo\RGB_JPG_Normais\grao_DSC_0677_id77.png,RGB_JPG_Normais,RGB_JPG_Normais
C:\Users\eduar\Desktop\Soybe-main\data\com_fundo\RGB_JPG_Normais\grao_DSC_0677_id78.png,RGB_JPG_Normais,RGB_JPG_Normais
C:\Users\eduar\Desktop\Soybe-main\data\com_fundo\RGB_JPG_Normais\grao_DSC_0677_id79.png,RGB_JPG_Normais,RGB_JPG_Normais
C:\Users\eduar\Desktop\Soybe-main\data\com_fundo\RGB_JPG_Normais\grao_DSC_0677_id8.png,RGB_JPG_Normais,RGB_JPG_Normais
C:\Users\eduar\Desktop\Soybe-main\data\com_fundo\RGB_JPG_Normais\grao_DSC_0677_id80.png,RGB_JPG_Normais,RGB_JPG_Normais
C:\Users\eduar\Desktop\Soybe-main\data\com_fundo\RGB_JPG_Normais\grao_DSC_0677_id81.png,RGB_JPG_Normais,RGB_JPG_Normais
C:\Users\eduar\Desktop\Soybe-main\data\com_fundo\RGB_JPG_Normais\grao_DSC_0677_id82.png,RGB_JPG_Normais,RGB_JPG_Normais
C:\Users\eduar\Desktop\Soybe-main\data\com_fundo\RGB_JPG_Normais\grao_DSC_0677_id83.png,RGB_JPG_Normais,RGB_JPG_Normais
C:\Users\eduar\Desktop\Soybe-main\data\com_fundo\RGB_JPG_Normais\grao_DSC_0677_id84.png,RGB_JPG_Normais,RGB_JPG_Normais
C:\Users\eduar\Desktop\Soybe-main\data\com_fundo\RGB_JPG_Normais\grao_DSC_0677_id85.png,RGB_JPG_Normais,RGB_JPG_Normais
C:\Users\eduar\Desktop\Soybe-main\data\com_fundo\RGB_JPG_Normais\grao_DSC_0677_id86.png,RGB_JPG_Normais,RGB_JPG_Normais
C:\Users\eduar\Desktop\Soybe-main\data\com_fundo\RGB_JPG_Normais\grao_DSC_0677_id87.png,RGB_JPG_Normais,RGB_JPG_Normais
C:\Users\eduar\Desktop\Soybe-main\data\com_fundo\RGB_JPG_Normais\grao_DSC_0677_id88.png,RGB_JPG_Normais,RGB_JPG_Normais
C:\Users\eduar\Desktop\Soybe-main\data\com_fundo\RGB_JPG_Normais\grao_DSC_0677_id89.png,RGB_JPG_Normais,RGB_JPG_Normais
C:\Users\eduar\Desktop\Soybe-main\data\com_fundo\RGB_JPG_Normais\grao_DSC_0677_id9.png,RGB_JPG_Normais,RGB_JPG_Normais
C:\Users\eduar\Desktop\Soybe-main\data\com_fundo\RGB_JPG_Normais\grao_DSC_0677_id90.png,RGB_JPG_Normais,RGB_JPG_Normais
C:\Users\eduar\Desktop\Soybe-main\data\com_fundo\RGB_JPG_Normais\grao_DSC_0677_id91.png,RGB_JPG_Normais,RGB_JPG_Normais
C:\Users\eduar\Desktop\Soybe-main\data\com_fundo\RGB_JPG_Normais\grao_DSC_0677_id92.png,RGB_JPG_Normais,RGB_JPG_Normais
C:\Users\eduar\Desktop\Soybe-main\data\com_fundo\RGB_JPG_Normais\grao_DSC_0677_id93.png,RGB_JPG_Normais,RGB_JPG_Normais
C:\Users\eduar\Desktop\Soybe-main\data\com_fundo\RGB_JPG_Normais\grao_DSC_0677_id94.png,RGB_JPG_Normais,RGB_JPG_Normais
C:\Users\eduar\Desktop\Soybe-main\data\com_fundo\RGB_JPG_Normais\grao_DSC_0677_id95.png,RGB_JPG_Normais,RGB_JPG_Normais
C:\Users\eduar\Desktop\Soybe-main\data\com_fundo\RGB_JPG_Normais\grao_DSC_0677_id96.png,RGB_JPG_Normais,RGB_JPG_Normais
C:\Users\eduar\Desktop\Soybe-main\data\com_fundo\RGB_JPG_Normais\grao_DSC_0677_id97.png,RGB_JPG_Normais,RGB_JPG_Normais
C:\Users\eduar\Desktop\Soybe-main\data\com_fundo\RGB_JPG_Normais\grao_DSC_0677_id99.png,RGB_JPG_Normais,RGB_JPG_Normais
C:\Users\eduar\Desktop\Soybe-main\data\com_fundo\RGB_JPG_PURPURAS\grao_DSC_0051_id1.png,RGB_JPG_PURPURAS,RGB_JPG_PURPURAS
C:\Users\eduar\Desktop\Soybe-main\data\com_fundo\RGB_JPG_PURPURAS\grao_DSC_0051_id10.png,RGB_JPG_PURPURAS,RGB_JPG_PURPURAS
C:\Users\eduar\Desktop\Soybe-main\data\com_fundo\RGB_JPG_PURPURAS\grao_DSC_0051_id11.png,RGB_JPG_PURPURAS,RGB_JPG_PURPURAS
C:\Users\eduar\Desktop\Soybe-main\data\com_fundo\RGB_JPG_PURPURAS\grao_DSC_0051_id12.png,RGB_JPG_PURPURAS,RGB_JPG_PURPURAS
C:\Users\eduar\Desktop\Soybe-main\data\com_fundo\RGB_JPG_PURPURAS\grao_DSC_0051_id15.png,RGB_JPG_PURPURAS,RGB_JPG_PURPURAS
C:\Users\eduar\Desktop\Soybe-main\data\com_fundo\RGB_JPG_PURPURAS\grao_DSC_0051_id16.png,RGB_JPG_PURPURAS,RGB_JPG_PURPURAS
C:\Users\eduar\Desktop\Soybe-main\data\com_fundo\RGB_JPG_PURPURAS\grao_DSC_0051_id17.png,RGB_JPG_PURPURAS,RGB_JPG_PURPURAS
C:\Users\eduar\Desktop\Soybe-main\data\com_fundo\RGB_JPG_PURPURAS\grao_DSC_0051_id18.png,RGB_JPG_PURPURAS,RGB_JPG_PURPURAS
C:\Users\eduar\Desktop\Soybe-main\data\com_fundo\RGB_JPG_PURPURAS\grao_DSC_0051_id19.png,RGB_JPG_PURPURAS,RGB_JPG_PURPURAS
C:\Users\eduar\Desktop\Soybe-main\data\com_fundo\RGB_JPG_PURPURAS\grao_DSC_0051_id2.png,RGB_JPG_PURPURAS,RGB_JPG_PURPURAS
C:\Users\eduar\Desktop\Soybe-main\data\com_fundo\RGB_JPG_PURPURAS\grao_DSC_0051_id20.png,RGB_JPG_PURPURAS,RGB_JPG_PURPURAS
C:\Users\eduar\Desktop\Soybe-main\data\com_fundo\RGB_JPG_PURPURAS\grao_DSC_0051_id22.png,RGB_JPG_PURPURAS,RGB_JPG_PURPURAS
C:\Users\eduar\Desktop\Soybe-main\data\com_fundo\RGB_JPG_PURPURAS\grao_DSC_0051_id23.png,RGB_JPG_PURPURAS,RGB_JPG_PURPURAS
C:\Users\eduar\Desktop\Soybe-main\data\com_fundo\RGB_JPG_PURPURAS\grao_DSC_0051_id24.png,RGB_JPG_PURPURAS,RGB_JPG_PURPURAS
C:\Users\eduar\Desktop\Soybe-main\data\com_fundo\RGB_JPG_PURPURAS\grao_DSC_0051_id25.png,RGB_JPG_PURPURAS,RGB_JPG_PURPURAS
C:\Users\eduar\Desktop\Soybe-main\data\com_fundo\RGB_JPG_PURPURAS\grao_DSC_0051_id26.png,RGB_JPG_PURPURAS,RGB_JPG_PURPURAS
C:\Users\eduar\Desktop\Soybe-main\data\com_fundo\RGB_JPG_PURPURAS\grao_DSC_0051_id27.png,RGB_JPG_PURPURAS,RGB_JPG_PURPURAS
C:\Users\eduar\Desktop\Soybe-main\data\com_fundo\RGB_JPG_PURPURAS\grao_DSC_0051_id28.png,RGB_JPG_PURPURAS,RGB_JPG_PURPURAS
C:\Users\eduar\Desktop\Soybe-main\data\com_fundo\RGB_JPG_PURPURAS\grao_DSC_0051_id29.png,RGB_JPG_PURPURAS,RGB_JPG_PURPURAS
C:\Users\eduar\Desktop\Soybe-main\data\com_fundo\RGB_JPG_PURPURAS\grao_DSC_0051_id3.png,RGB_JPG_PURPURAS,RGB_JPG_PURPURAS
C:\Users\eduar\Desktop\Soybe-main\data\com_fundo\RGB_JPG_PURPURAS\grao_DSC_0051_id4.png,RGB_JPG_PURPURAS,RGB_JPG_PURPURAS
C:\Users\eduar\Desktop\Soybe-main\data\com_fundo\RGB_JPG_PURPURAS\grao_DSC_0051_id5.png,RGB_JPG_PURPURAS,RGB_JPG_PURPURAS
C:\Users\eduar\Desktop\Soybe-main\data\com_fundo\RGB_JPG_PURPURAS\grao_DSC_0051_id6.png,RGB_JPG_PURPURAS,RGB_JPG_PURPURAS
C:\Users\eduar\Desktop\Soybe-main\data\com_fundo\RGB_JPG_PURPURAS\grao_DSC_0051_id7.png,RGB_JPG_PURPURAS,RGB_JPG_PURPURAS
C:\Users\eduar\Desktop\Soybe-main\data\com_fundo\RGB_JPG_PURPURAS\grao_DSC_0051_id8.png,RGB_JPG_PURPURAS,RGB_JPG_CHOCHOS
C:\Users\eduar\Desktop\Soybe-main\data\com_fundo\RGB_JPG_PURPURAS\grao_DSC_0051_id9.png,RGB_JPG_PURPURAS,RGB_JPG_PURPURAS
C:\Users\eduar\Desktop\Soybe-main\data\com_fundo\RGB_JPG_PURPURAS\grao_DSC_0146_id1.png,RGB_JPG_PURPURAS,RGB_JPG_PURPURAS
C:\Users\eduar\Desktop\Soybe-main\data\com_fundo\RGB_JPG_PURPURAS\grao_DSC_0146_id10.png,RGB_JPG_PURPURAS,RGB_JPG_Normais
C:\Users\eduar\Desktop\Soybe-main\data\com_fundo\RGB_JPG_PURPURAS\grao_DSC_0146_id11.png,RGB_JPG_PURPURAS,RGB_JPG_PURPURAS
C:\Users\eduar\Desktop\Soybe-main\data\com_fundo\RGB_JPG_PURPURAS\grao_DSC_0146_id12.png,RGB_JPG_PURPURAS,RGB_JPG_PURPURAS
C:\Users\eduar\Desktop\Soybe-main\data\com_fundo\RGB_JPG_PURPURAS\grao_DSC_0146_id13.png,RGB_JPG_PURPURAS,RGB_JPG_PURPURAS
C:\Users\eduar\Desktop\Soybe-main\data\com_fundo\RGB_JPG_PURPURAS\grao_DSC_0146_id14.png,RGB_JPG_PURPURAS,RGB_JPG_PURPURAS
C:\Users\eduar\Desktop\Soybe-main\data\com_fundo\RGB_JPG_PURPURAS\grao_DSC_0146_id15.png,RGB_JPG_PURPURAS,RGB_JPG_PURPURAS
C:\Users\eduar\Desktop\Soybe-main\data\com_fundo\RGB_JPG_PURPURAS\grao_DSC_0146_id16.png,RGB_JPG_PURPURAS,RGB_JPG_PURPURAS
C:\Users\eduar\Desktop\Soybe-main\data\com_fundo\RGB_JPG_PURPURAS\grao_DSC_0146_id17.png,RGB_JPG_PURPURAS,RGB_JPG_PURPURAS
C:\Users\eduar\Desktop\Soybe-main\data\com_fundo\RGB_JPG_PURPURAS\grao_DSC_0146_id18.png,RGB_JPG_PURPURAS,RGB_JPG_PURPURAS
C:\Users\eduar\Desktop\Soybe-main\data\com_fundo\RGB_JPG_PURPURAS\grao_DSC_0146_id19.png,RGB_JPG_PURPURAS,RGB_JPG_PURPURAS
C:\Users\eduar\Desktop\Soybe-main\data\com_fundo\RGB_JPG_PURPURAS\grao_DSC_0146_id2.png,RGB_JPG_PURPURAS,RGB_JPG_PURPURAS
C:\Users\eduar\Desktop\Soybe-main\data\com_fundo\RGB_JPG_PURPURAS\grao_DSC_0146_id20.png,RGB_JPG_PURPURAS,RGB_JPG_PURPURAS
C:\Users\eduar\Desktop\Soybe-main\data\com_fundo\RGB_JPG_PURPURAS\grao_DSC_0146_id21.png,RGB_JPG_PURPURAS,RGB_JPG_PURPURAS
C:\Users\eduar\Desktop\Soybe-main\data\com_fundo\RGB_JPG_PURPURAS\grao_DSC_0146_id22.png,RGB_JPG_PURPURAS,RGB_JPG_Normais
C:\Users\eduar\Desktop\Soybe-main\data\com_fundo\RGB_JPG_PURPURAS\grao_DSC_0146_id23.png,RGB_JPG_PURPURAS,RGB_JPG_PURPURAS
C:\Users\eduar\Desktop\Soybe-main\data\com_fundo\RGB_JPG_PURPURAS\grao_DSC_0146_id3.png,RGB_JPG_PURPURAS,RGB_JPG_PURPURAS
C:\Users\eduar\Desktop\Soybe-main\data\com_fundo\RGB_JPG_PURPURAS\grao_DSC_0146_id4.png,RGB_JPG_PURPURAS,RGB_JPG_PURPURAS
C:\Users\eduar\Desktop\Soybe-main\data\com_fundo\RGB_JPG_PURPURAS\grao_DSC_0146_id5.png,RGB_JPG_PURPURAS,RGB_JPG_PURPURAS
C:\Users\eduar\Desktop\Soybe-main\data\com_fundo\RGB_JPG_PURPURAS\grao_DSC_0146_id6.png,RGB_JPG_PURPURAS,RGB_JPG_PURPURAS
C:\Users\eduar\Desktop\Soybe-main\data\com_fundo\RGB_JPG_PURPURAS\grao_DSC_0146_id7.png,RGB_JPG_PURPURAS,RGB_JPG_PURPURAS
C:\Users\eduar\Desktop\Soybe-main\data\com_fundo\RGB_JPG_PURPURAS\grao_DSC_0146_id8.png,RGB_JPG_PURPURAS,RGB_JPG_PURPURAS
C:\Users\eduar\Desktop\Soybe-main\data\com_fundo\RGB_JPG_PURPURAS\grao_DSC_0146_id9.png,RGB_JPG_PURPURAS,RGB_JPG_PURPURAS
C:\Users\eduar\Desktop\Soybe-main\data\com_fundo\RGB_JPG_QUEBRADOS\grao_DSC_0403_id1.png,RGB_JPG_QUEBRADOS,RGB_JPG_QUEBRADOS
C:\Users\eduar\Desktop\Soybe-main\data\com_fundo\RGB_JPG_QUEBRADOS\grao_DSC_0403_id10.png,RGB_JPG_QUEBRADOS,RGB_JPG_QUEBRADOS
C:\Users\eduar\Desktop\Soybe-main\data\com_fundo\RGB_JPG_QUEBRADOS\grao_DSC_0403_id11.png,RGB_JPG_QUEBRADOS,RGB_JPG_QUEBRADOS
C:\Users\eduar\Desktop\Soybe-main\data\com_fundo\RGB_JPG_QUEBRADOS\grao_DSC_0403_id12.png,RGB_JPG_QUEBRADOS,RGB_JPG_QUEBRADOS
C:\Users\eduar\Desktop\Soybe-main\data\com_fundo\RGB_JPG_QUEBRADOS\grao_DSC_0403_id13.png,RGB_JPG_QUEBRADOS,RGB_JPG_QUEBRADOS
C:\Users\eduar\Desktop\Soybe-main\data\com_fundo\RGB_JPG_QUEBRADOS\grao_DSC_0403_id14.png,RGB_JPG_QUEBRADOS,RGB_JPG_QUEBRADOS
C:\Users\eduar\Desktop\Soybe-main\data\com_fundo\RGB_JPG_QUEBRADOS\grao_DSC_0403_id15.png,RGB_JPG_QUEBRADOS,RGB_JPG_QUEBRADOS
C:\Users\eduar\Desktop\Soybe-main\data\com_fundo\RGB_JPG_QUEBRADOS\grao_DSC_0403_id16.png,RGB_JPG_QUEBRADOS,RGB_JPG_QUEBRADOS
C:\Users\eduar\Desktop\Soybe-main\data\com_fundo\RGB_JPG_QUEBRADOS\grao_DSC_0403_id17.png,RGB_JPG_QUEBRADOS,RGB_JPG_QUEBRADOS
C:\Users\eduar\Desktop\Soybe-main\data\com_fundo\RGB_JPG_QUEBRADOS\grao_DSC_0403_id18.png,RGB_JPG_QUEBRADOS,RGB_JPG_QUEBRADOS
C:\Users\eduar\Desktop\Soybe-main\data\com_fundo\RGB_JPG_QUEBRADOS\grao_DSC_0403_id19.png,RGB_JPG_QUEBRADOS,RGB_JPG_QUEBRADOS
C:\Users\eduar\Desktop\Soybe-main\data\com_fundo\RGB_JPG_QUEBRADOS\grao_DSC_0403_id2.png,RGB_JPG_QUEBRADOS,RGB_JPG_QUEBRADOS
C:\Users\eduar\Desktop\Soybe-main\data\com_fundo\RGB_JPG_QUEBRADOS\grao_DSC_0403_id20.png,RGB_JPG_QUEBRADOS,RGB_JPG_QUEBRADOS
C:\Users\eduar\Desktop\Soybe-main\data\com_fundo\RGB_JPG_QUEBRADOS\grao_DSC_0403_id21.png,RGB_JPG_QUEBRADOS,RGB_JPG_QUEBRADOS
C:\Users\eduar\Desktop\Soybe-main\data\com_fundo\RGB_JPG_QUEBRADOS\grao_DSC_0403_id22.png,RGB_JPG_QUEBRADOS,RGB_JPG_QUEBRADOS
C:\Users\eduar\Desktop\Soybe-main\data\com_fundo\RGB_JPG_QUEBRADOS\grao_DSC_0403_id23.png,RGB_JPG_QUEBRADOS,RGB_JPG_QUEBRADOS
C:\Users\eduar\Desktop\Soybe-main\data\com_fundo\RGB_JPG_QUEBRADOS\grao_DSC_0403_id25.png,RGB_JPG_QUEBRADOS,RGB_JPG_QUEBRADOS
C:\Users\eduar\Desktop\Soybe-main\data\com_fundo\RGB_JPG_QUEBRADOS\grao_DSC_0403_id26.png,RGB_JPG_QUEBRADOS,RGB_JPG_QUEBRADOS
C:\Users\eduar\Desktop\Soybe-main\data\com_fundo\RGB_JPG_QUEBRADOS\grao_DSC_0403_id27.png,RGB_JPG_QUEBRADOS,RGB_JPG_QUEBRADOS
C:\Users\eduar\Desktop\Soybe-main\data\com_fundo\RGB_JPG_QUEBRADOS\grao_DSC_0403_id28.png,RGB_JPG_QUEBRADOS,RGB_JPG_QUEBRADOS
C:\Users\eduar\Desktop\Soybe-main\data\com_fundo\RGB_JPG_QUEBRADOS\grao_DSC_0403_id29.png,RGB_JPG_QUEBRADOS,RGB_JPG_QUEBRADOS
C:\Users\eduar\Desktop\Soybe-main\data\com_fundo\RGB_JPG_QUEBRADOS\grao_DSC_0403_id3.png,RGB_JPG_QUEBRADOS,RGB_JPG_QUEBRADOS
C:\Users\eduar\Desktop\Soybe-main\data\com_fundo\RGB_JPG_QUEBRADOS\grao_DSC_0403_id30.png,RGB_JPG_QUEBRADOS,RGB_JPG_QUEBRADOS
C:\Users\eduar\Desktop\Soybe-main\data\com_fundo\RGB_JPG_QUEBRADOS\grao_DSC_0403_id31.png,RGB_JPG_QUEBRADOS,RGB_JPG_QUEBRADOS
C:\Users\eduar\Desktop\Soybe-main\data\com_fundo\RGB_JPG_QUEBRADOS\grao_DSC_0403_id32.png,RGB_JPG_QUEBRADOS,RGB_JPG_QUEBRADOS
C:\Users\eduar\Desktop\Soybe-main\data\com_fundo\RGB_JPG_QUEBRADOS\grao_DSC_0403_id33.png,RGB_JPG_QUEBRADOS,RGB_JPG_QUEBRADOS
C:\Users\eduar\Desktop\Soybe-main\data\com_fundo\RGB_JPG_QUEBRADOS\grao_DSC_0403_id34.png,RGB_JPG_QUEBRADOS,RGB_JPG_QUEBRADOS
C:\Users\eduar\Desktop\Soybe-main\data\com_fundo\RGB_JPG_QUEBRADOS\grao_DSC_0403_id35.png,RGB_JPG_QUEBRADOS,RGB_JPG_QUEBRADOS
C:\Users\eduar\Desktop\Soybe-main\data\com_fundo\RGB_JPG_QUEBRADOS\grao_DSC_0403_id36.png,RGB_JPG_QUEBRADOS,RGB_JPG_QUEBRADOS
C:\Users\eduar\Desktop\Soybe-main\data\com_fundo\RGB_JPG_QUEBRADOS\grao_DSC_0403_id37.png,RGB_JPG_QUEBRADOS,RGB_JPG_QUEBRADOS
C:\Users\eduar\Desktop\Soybe-main\data\com_fundo\RGB_JPG_QUEBRADOS\grao_DSC_0403_id38.png,RGB_JPG_QUEBRADOS,RGB_JPG_QUEBRADOS
C:\Users\eduar\Desktop\Soybe-main\data\com_fundo\RGB_JPG_QUEBRADOS\grao_DSC_0403_id39.png,RGB_JPG_QUEBRADOS,RGB_JPG_QUEBRADOS
C:\Users\eduar\Desktop\Soybe-main\data\com_fundo\RGB_JPG_QUEBRADOS\grao_DSC_0403_id4.png,RGB_JPG_QUEBRADOS,RGB_JPG_QUEBRADOS
C:\Users\eduar\Desktop\Soybe-main\data\com_fundo\RGB_JPG_QUEBRADOS\grao_DSC_0403_id40.png,RGB_JPG_QUEBRADOS,RGB_JPG_QUEBRADOS
C:\Users\eduar\Desktop\Soybe-main\data\com_fundo\RGB_JPG_QUEBRADOS\grao_DSC_0403_id41.png,RGB_JPG_QUEBRADOS,RGB_JPG_QUEBRADOS
C:\Users\eduar\Desktop\Soybe-main\data\com_fundo\RGB_JPG_QUEBRADOS\grao_DSC_0403_id42.png,RGB_JPG_QUEBRADOS,RGB_JPG_QUEBRADOS
C:\Users\eduar\Desktop\Soybe-main\data\com_fundo\RGB_JPG_QUEBRADOS\grao_DSC_0403_id43.png,RGB_JPG_QUEBRADOS,RGB_JPG_QUEBRADOS
C:\Users\eduar\Desktop\Soybe-main\data\com_fundo\RGB_JPG_QUEBRADOS\grao_DSC_0403_id44.png,RGB_JPG_QUEBRADOS,RGB_JPG_QUEBRADOS
C:\Users\eduar\Desktop\Soybe-main\data\com_fundo\RGB_JPG_QUEBRADOS\grao_DSC_0403_id45.png,RGB_JPG_QUEBRADOS,RGB_JPG_QUEBRADOS
C:\Users\eduar\Desktop\Soybe-main\data\com_fundo\RGB_JPG_QUEBRADOS\grao_DSC_0403_id47.png,RGB_JPG_QUEBRADOS,RGB_JPG_QUEBRADOS
C:\Users\eduar\Desktop\Soybe-main\data\com_fundo\RGB_JPG_QUEBRADOS\grao_DSC_0403_id48.png,RGB_JPG_QUEBRADOS,RGB_JPG_QUEBRADOS
C:\Users\eduar\Desktop\Soybe-main\data\com_fundo\RGB_JPG_QUEBRADOS\grao_DSC_0403_id49.png,RGB_JPG_QUEBRADOS,RGB_JPG_QUEBRADOS
C:\Users\eduar\Desktop\Soybe-main\data\com_fundo\RGB_JPG_QUEBRADOS\grao_DSC_0403_id5.png,RGB_JPG_QUEBRADOS,RGB_JPG_QUEBRADOS
C:\Users\eduar\Desktop\Soybe-main\data\com_fundo\RGB_JPG_QUEBRADOS\grao_DSC_0403_id50.png,RGB_JPG_QUEBRADOS,RGB_JPG_QUEBRADOS
C:\Users\eduar\Desktop\Soybe-main\data\com_fundo\RGB_JPG_QUEBRADOS\grao_DSC_0403_id51.png,RGB_JPG_QUEBRADOS,RGB_JPG_QUEBRADOS
C:\Users\eduar\Desktop\Soybe-main\data\com_fundo\RGB_JPG_QUEBRADOS\grao_DSC_0403_id52.png,RGB_JPG_QUEBRADOS,RGB_JPG_QUEBRADOS
C:\Users\eduar\Desktop\Soybe-main\data\com_fundo\RGB_JPG_QUEBRADOS\grao_DSC_0403_id53.png,RGB_JPG_QUEBRADOS,RGB_JPG_QUEBRADOS
C:\Users\eduar\Desktop\Soybe-main\data\com_fundo\RGB_JPG_QUEBRADOS\grao_DSC_0403_id54.png,RGB_JPG_QUEBRADOS,RGB_JPG_QUEBRADOS
C:\Users\eduar\Desktop\Soybe-main\data\com_fundo\RGB_JPG_QUEBRADOS\grao_DSC_0403_id55.png,RGB_JPG_QUEBRADOS,RGB_JPG_QUEBRADOS
C:\Users\eduar\Desktop\Soybe-main\data\com_fundo\RGB_JPG_QUEBRADOS\grao_DSC_0403_id56.png,RGB_JPG_QUEBRADOS,RGB_JPG_QUEBRADOS
C:\Users\eduar\Desktop\Soybe-main\data\com_fundo\RGB_JPG_QUEBRADOS\grao_DSC_0403_id57.png,RGB_JPG_QUEBRADOS,RGB_JPG_QUEBRADOS
C:\Users\eduar\Desktop\Soybe-main\data\com_fundo\RGB_JPG_QUEBRADOS\grao_DSC_0403_id58.png,RGB_JPG_QUEBRADOS,RGB_JPG_QUEBRADOS
C:\Users\eduar\Desktop\Soybe-main\data\com_fundo\RGB_JPG_QUEBRADOS\grao_DSC_0403_id59.png,RGB_JPG_QUEBRADOS,RGB_JPG_QUEBRADOS
C:\Users\eduar\Desktop\Soybe-main\data\com_fundo\RGB_JPG_QUEBRADOS\grao_DSC_0403_id6.png,RGB_JPG_QUEBRADOS,RGB_JPG_QUEBRADOS
C:\Users\eduar\Desktop\Soybe-main\data\com_fundo\RGB_JPG_QUEBRADOS\grao_DSC_0403_id60.png,RGB_JPG_QUEBRADOS,RGB_JPG_QUEBRADOS
C:\Users\eduar\Desktop\Soybe-main\data\com_fundo\RGB_JPG_QUEBRADOS\grao_DSC_0403_id61.png,RGB_JPG_QUEBRADOS,RGB_JPG_QUEBRADOS
C:\Users\eduar\Desktop\Soybe-main\data\com_fundo\RGB_JPG_QUEBRADOS\grao_DSC_0403_id62.png,RGB_JPG_QUEBRADOS,RGB_JPG_QUEBRADOS
C:\Users\eduar\Desktop\Soybe-main\data\com_fundo\RGB_JPG_QUEBRADOS\grao_DSC_0403_id63.png,RGB_JPG_QUEBRADOS,RGB_JPG_QUEBRADOS
C:\Users\eduar\Desktop\Soybe-main\data\com_fundo\RGB_JPG_QUEBRADOS\grao_DSC_0403_id64.png,RGB_JPG_QUEBRADOS,RGB_JPG_QUEBRADOS
C:\Users\eduar\Desktop\Soybe-main\data\com_fundo\RGB_JPG_QUEBRADOS\grao_DSC_0403_id65.png,RGB_JPG_QUEBRADOS,RGB_JPG_QUEBRADOS
C:\Users\eduar\Desktop\Soybe-main\data\com_fundo\RGB_JPG_QUEBRADOS\grao_DSC_0403_id66.png,RGB_JPG_QUEBRADOS,RGB_JPG_QUEBRADOS
C:\Users\eduar\Desktop\Soybe-main\data\com_fundo\RGB_JPG_QUEBRADOS\grao_DSC_0403_id67.png,RGB_JPG_QUEBRADOS,RGB_JPG_QUEBRADOS
C:\Users\eduar\Desktop\Soybe-main\data\com_fundo\RGB_JPG_QUEBRADOS\grao_DSC_0403_id68.png,RGB_JPG_QUEBRADOS,RGB_JPG_QUEBRADOS
C:\Users\eduar\Desktop\Soybe-main\data\com_fundo\RGB_JPG_QUEBRADOS\grao_DSC_0403_id69.png,RGB_JPG_QUEBRADOS,RGB_JPG_QUEBRADOS
C:\Users\eduar\Desktop\Soybe-main\data\com_fundo\RGB_JPG_QUEBRADOS\grao_DSC_0403_id7.png,RGB_JPG_QUEBRADOS,RGB_JPG_QUEBRADOS
C:\Users\eduar\Desktop\Soybe-main\data\com_fundo\RGB_JPG_QUEBRADOS\grao_DSC_0403_id70.png,RGB_JPG_QUEBRADOS,RGB_JPG_QUEBRADOS
C:\Users\eduar\Desktop\Soybe-main\data\com_fundo\RGB_JPG_QUEBRADOS\grao_DSC_0403_id71.png,RGB_JPG_QUEBRADOS,RGB_JPG_QUEBRADOS
C:\Users\eduar\Desktop\Soybe-main\data\com_fundo\RGB_JPG_QUEBRADOS\grao_DSC_0403_id72.png,RGB_JPG_QUEBRADOS,RGB_JPG_QUEBRADOS
C:\Users\eduar\Desktop\Soybe-main\data\com_fundo\RGB_JPG_QUEBRADOS\grao_DSC_0403_id73.png,RGB_JPG_QUEBRADOS,RGB_JPG_QUEBRADOS
C:\Users\eduar\Desktop\Soybe-main\data\com_fundo\RGB_JPG_QUEBRADOS\grao_DSC_0403_id74.png,RGB_JPG_QUEBRADOS,RGB_JPG_QUEBRADOS
C:\Users\eduar\Desktop\Soybe-main\data\com_fundo\RGB_JPG_QUEBRADOS\grao_DSC_0403_id75.png,RGB_JPG_QUEBRADOS,RGB_JPG_QUEBRADOS
C:\Users\eduar\Desktop\Soybe-main\data\com_fundo\RGB_JPG_QUEBRADOS\grao_DSC_0403_id8.png,RGB_JPG_QUEBRADOS,RGB_JPG_QUEBRADOS
C:\Users\eduar\Desktop\Soybe-main\data\com_fundo\RGB_JPG_QUEBRADOS\grao_DSC_0410_id10.png,RGB_JPG_QUEBRADOS,RGB_JPG_QUEBRADOS
C:\Users\eduar\Desktop\Soybe-main\data\com_fundo\RGB_JPG_QUEBRADOS\grao_DSC_0410_id11.png,RGB_JPG_QUEBRADOS,RGB_JPG_QUEBRADOS
C:\Users\eduar\Desktop\Soybe-main\data\com_fundo\RGB_JPG_QUEBRADOS\grao_DSC_0410_id12.png,RGB_JPG_QUEBRADOS,RGB_JPG_QUEBRADOS
C:\Users\eduar\Desktop\Soybe-main\data\com_fundo\RGB_JPG_QUEBRADOS\grao_DSC_0410_id13.png,RGB_JPG_QUEBRADOS,RGB_JPG_CHOCHOS
C:\Users\eduar\Desktop\Soybe-main\data\com_fundo\RGB_JPG_QUEBRADOS\grao_DSC_0410_id14.png,RGB_JPG_QUEBRADOS,RGB_JPG_QUEBRADOS
C:\Users\eduar\Desktop\Soybe-main\data\com_fundo\RGB_JPG_QUEBRADOS\grao_DSC_0410_id15.png,RGB_JPG_QUEBRADOS,RGB_JPG_QUEBRADOS
C:\Users\eduar\Desktop\Soybe-main\data\com_fundo\RGB_JPG_QUEBRADOS\grao_DSC_0410_id16.png,RGB_JPG_QUEBRADOS,RGB_JPG_QUEBRADOS
C:\Users\eduar\Desktop\Soybe-main\data\com_fundo\RGB_JPG_QUEBRADOS\grao_DSC_0410_id17.png,RGB_JPG_QUEBRADOS,RGB_JPG_QUEBRADOS
C:\Users\eduar\Desktop\Soybe-main\data\com_fundo\RGB_JPG_QUEBRADOS\grao_DSC_0410_id18.png,RGB_JPG_QUEBRADOS,RGB_JPG_QUEBRADOS
C:\Users\eduar\Desktop\Soybe-main\data\com_fundo\RGB_JPG_QUEBRADOS\grao_DSC_0410_id19.png,RGB_JPG_QUEBRADOS,RGB_JPG_QUEBRADOS
C:\Users\eduar\Desktop\Soybe-main\data\com_fundo\RGB_JPG_QUEBRADOS\grao_DSC_0410_id2.png,RGB_JPG_QUEBRADOS,RGB_JPG_Normais
C:\Users\eduar\Desktop\Soybe-main\data\com_fundo\RGB_JPG_QUEBRADOS\grao_DSC_0410_id20.png,RGB_JPG_QUEBRADOS,RGB_JPG_QUEBRADOS
C:\Users\eduar\Desktop\Soybe-main\data\com_fundo\RGB_JPG_QUEBRADOS\grao_DSC_0410_id21.png,RGB_JPG_QUEBRADOS,RGB_JPG_CHOCHOS
C:\Users\eduar\Desktop\Soybe-main\data\com_fundo\RGB_JPG_QUEBRADOS\grao_DSC_0410_id22.png,RGB_JPG_QUEBRADOS,RGB_JPG_QUEBRADOS
C:\Users\eduar\Desktop\Soybe-main\data\com_fundo\RGB_JPG_QUEBRADOS\grao_DSC_0410_id23.png,RGB_JPG_QUEBRADOS,RGB_JPG_QUEBRADOS
C:\Users\eduar\Desktop\Soybe-main\data\com_fundo\RGB_JPG_QUEBRADOS\grao_DSC_0410_id24.png,RGB_JPG_QUEBRADOS,RGB_JPG_QUEBRADOS
C:\Users\eduar\Desktop\Soybe-main\data\com_fundo\RGB_JPG_QUEBRADOS\grao_DSC_0410_id25.png,RGB_JPG_QUEBRADOS,RGB_JPG_QUEBRADOS
C:\Users\eduar\Desktop\Soybe-main\data\com_fundo\RGB_JPG_QUEBRADOS\grao_DSC_0410_id26.png,RGB_JPG_QUEBRADOS,RGB_JPG_QUEBRADOS
C:\Users\eduar\Desktop\Soybe-main\data\com_fundo\RGB_JPG_QUEBRADOS\grao_DSC_0410_id27.png,RGB_JPG_QUEBRADOS,RGB_JPG_QUEBRADOS
C:\Users\eduar\Desktop\Soybe-main\data\com_fundo\RGB_JPG_QUEBRADOS\grao_DSC_0410_id28.png,RGB_JPG_QUEBRADOS,RGB_JPG_QUEBRADOS
C:\Users\eduar\Desktop\Soybe-main\data\com_fundo\RGB_JPG_QUEBRADOS\grao_DSC_0410_id29.png,RGB_JPG_QUEBRADOS,RGB_JPG_QUEBRADOS
C:\Users\eduar\Desktop\Soybe-main\data\com_fundo\RGB_JPG_QUEBRADOS\grao_DSC_0410_id3.png,RGB_JPG_QUEBRADOS,RGB_JPG_QUEBRADOS
C:\Users\eduar\Desktop\Soybe-main\data\com_fundo\RGB_JPG_QUEBRADOS\grao_DSC_0410_id30.png,RGB_JPG_QUEBRADOS,RGB_JPG_QUEBRADOS
C:\Users\eduar\Desktop\Soybe-main\data\com_fundo\RGB_JPG_QUEBRADOS\grao_DSC_0410_id31.png,RGB_JPG_QUEBRADOS,RGB_JPG_QUEBRADOS
C:\Users\eduar\Desktop\Soybe-main\data\com_fundo\RGB_JPG_QUEBRADOS\grao_DSC_0410_id32.png,RGB_JPG_QUEBRADOS,RGB_JPG_QUEBRADOS
C:\Users\eduar\Desktop\Soybe-main\data\com_fundo\RGB_JPG_QUEBRADOS\grao_DSC_0410_id33.png,RGB_JPG_QUEBRADOS,RGB_JPG_QUEBRADOS
C:\Users\eduar\Desktop\Soybe-main\data\com_fundo\RGB_JPG_QUEBRADOS\grao_DSC_0410_id34.png,RGB_JPG_QUEBRADOS,RGB_JPG_QUEBRADOS
C:\Users\eduar\Desktop\Soybe-main\data\com_fundo\RGB_JPG_QUEBRADOS\grao_DSC_0410_id35.png,RGB_JPG_QUEBRADOS,RGB_JPG_QUEBRADOS
C:\Users\eduar\Desktop\Soybe-main\data\com_fundo\RGB_JPG_QUEBRADOS\grao_DSC_0410_id36.png,RGB_JPG_QUEBRADOS,RGB_JPG_QUEBRADOS
C:\Users\eduar\Desktop\Soybe-main\data\com_fundo\RGB_JPG_QUEBRADOS\grao_DSC_0410_id37.png,RGB_JPG_QUEBRADOS,RGB_JPG_QUEBRADOS
C:\Users\eduar\Desktop\Soybe-main\data\com_fundo\RGB_JPG_QUEBRADOS\grao_DSC_0410_id38.png,RGB_JPG_QUEBRADOS,RGB_JPG_QUEBRADOS
C:\Users\eduar\Desktop\Soybe-main\data\com_fundo\RGB_JPG_QUEBRADOS\grao_DSC_0410_id39.png,RGB_JPG_QUEBRADOS,RGB_JPG_QUEBRADOS
C:\Users\eduar\Desktop\Soybe-main\data\com_fundo\RGB_JPG_QUEBRADOS\grao_DSC_0410_id4.png,RGB_JPG_QUEBRADOS,RGB_JPG_QUEBRADOS
C:\Users\eduar\Desktop\Soybe-main\data\com_fundo\RGB_JPG_QUEBRADOS\grao_DSC_0410_id40.png,RGB_JPG_QUEBRADOS,RGB_JPG_QUEBRADOS
C:\Users\eduar\Desktop\Soybe-main\data\com_fundo\RGB_JPG_QUEBRADOS\grao_DSC_0410_id41.png,RGB_JPG_QUEBRADOS,RGB_JPG_QUEBRADOS
C:\Users\eduar\Desktop\Soybe-main\data\com_fundo\RGB_JPG_QUEBRADOS\grao_DSC_0410_id42.png,RGB_JPG_QUEBRADOS,RGB_JPG_IMPUREZAS
C:\Users\eduar\Desktop\Soybe-main\data\com_fundo\RGB_JPG_QUEBRADOS\grao_DSC_0410_id43.png,RGB_JPG_QUEBRADOS,RGB_JPG_QUEBRADOS
C:\Users\eduar\Desktop\Soybe-main\data\com_fundo\RGB_JPG_QUEBRADOS\grao_DSC_0410_id44.png,RGB_JPG_QUEBRADOS,RGB_JPG_QUEBRADOS
C:\Users\eduar\Desktop\Soybe-main\data\com_fundo\RGB_JPG_QUEBRADOS\grao_DSC_0410_id45.png,RGB_JPG_QUEBRADOS,RGB_JPG_QUEBRADOS
C:\Users\eduar\Desktop\Soybe-main\data\com_fundo\RGB_JPG_QUEBRADOS\grao_DSC_0410_id46.png,RGB_JPG_QUEBRADOS,RGB_JPG_QUEBRADOS
C:\Users\eduar\Desktop\Soybe-main\data\com_fundo\RGB_JPG_QUEBRADOS\grao_DSC_0410_id47.png,RGB_JPG_QUEBRADOS,RGB_JPG_QUEBRADOS
C:\Users\eduar\Desktop\Soybe-main\data\com_fundo\RGB_JPG_QUEBRADOS\grao_DSC_0410_id48.png,RGB_JPG_QUEBRADOS,RGB_JPG_QUEBRADOS
C:\Users\eduar\Desktop\Soybe-main\data\com_fundo\RGB_JPG_QUEBRADOS\grao_DSC_0410_id49.png,RGB_JPG_QUEBRADOS,RGB_JPG_Normais
C:\Users\eduar\Desktop\Soybe-main\data\com_fundo\RGB_JPG_QUEBRADOS\grao_DSC_0410_id5.png,RGB_JPG_QUEBRADOS,RGB_JPG_QUEBRADOS
C:\Users\eduar\Desktop\Soybe-main\data\com_fundo\RGB_JPG_QUEBRADOS\grao_DSC_0410_id50.png,RGB_JPG_QUEBRADOS,RGB_JPG_QUEBRADOS
C:\Users\eduar\Desktop\Soybe-main\data\com_fundo\RGB_JPG_QUEBRADOS\grao_DSC_0410_id51.png,RGB_JPG_QUEBRADOS,RGB_JPG_QUEBRADOS
C:\Users\eduar\Desktop\Soybe-main\data\com_fundo\RGB_JPG_QUEBRADOS\grao_DSC_0410_id52.png,RGB_JPG_QUEBRADOS,RGB_JPG_QUEBRADOS
C:\Users\eduar\Desktop\Soybe-main\data\com_fundo\RGB_JPG_QUEBRADOS\grao_DSC_0410_id54.png,RGB_JPG_QUEBRADOS,RGB_JPG_QUEBRADOS
C:\Users\eduar\Desktop\Soybe-main\data\com_fundo\RGB_JPG_QUEBRADOS\grao_DSC_0410_id55.png,RGB_JPG_QUEBRADOS,RGB_JPG_QUEBRADOS
C:\Users\eduar\Desktop\Soybe-main\data\com_fundo\RGB_JPG_QUEBRADOS\grao_DSC_0410_id57.png,RGB_JPG_QUEBRADOS,RGB_JPG_QUEBRADOS
C:\Users\eduar\Desktop\Soybe-main\data\com_fundo\RGB_JPG_QUEBRADOS\grao_DSC_0410_id58.png,RGB_JPG_QUEBRADOS,RGB_JPG_ESVERDEADO
C:\Users\eduar\Desktop\Soybe-main\data\com_fundo\RGB_JPG_QUEBRADOS\grao_DSC_0410_id59.png,RGB_JPG_QUEBRADOS,RGB_JPG_QUEBRADOS
C:\Users\eduar\Desktop\Soybe-main\data\com_fundo\RGB_JPG_QUEBRADOS\grao_DSC_0410_id6.png,RGB_JPG_QUEBRADOS,RGB_JPG_QUEBRADOS
C:\Users\eduar\Desktop\Soybe-main\data\com_fundo\RGB_JPG_QUEBRADOS\grao_DSC_0410_id60.png,RGB_JPG_QUEBRADOS,RGB_JPG_QUEBRADOS
C:\Users\eduar\Desktop\Soybe-main\data\com_fundo\RGB_JPG_QUEBRADOS\grao_DSC_0410_id61.png,RGB_JPG_QUEBRADOS,RGB_JPG_CHOCHOS
C:\Users\eduar\Desktop\Soybe-main\data\com_fundo\RGB_JPG_QUEBRADOS\grao_DSC_0410_id62.png,RGB_JPG_QUEBRADOS,RGB_JPG_QUEBRADOS
C:\Users\eduar\Desktop\Soybe-main\data\com_fundo\RGB_JPG_QUEBRADOS\grao_DSC_0410_id63.png,RGB_JPG_QUEBRADOS,RGB_JPG_QUEBRADOS
C:\Users\eduar\Desktop\Soybe-main\data\com_fundo\RGB_JPG_QUEBRADOS\grao_DSC_0410_id64.png,RGB_JPG_QUEBRADOS,RGB_JPG_QUEBRADOS
C:\Users\eduar\Desktop\Soybe-main\data\com_fundo\RGB_JPG_QUEBRADOS\grao_DSC_0410_id65.png,RGB_JPG_QUEBRADOS,RGB_JPG_QUEBRADOS
C:\Users\eduar\Desktop\Soybe-main\data\com_fundo\RGB_JPG_QUEBRADOS\grao_DSC_0410_id66.png,RGB_JPG_QUEBRADOS,RGB_JPG_QUEBRADOS
C:\Users\eduar\Desktop\Soybe-main\data\com_fundo\RGB_JPG_QUEBRADOS\grao_DSC_0410_id67.png,RGB_JPG_QUEBRADOS,RGB_JPG_QUEBRADOS
C:\Users\eduar\Desktop\Soybe-main\data\com_fundo\RGB_JPG_QUEBRADOS\grao_DSC_0410_id68.png,RGB_JPG_QUEBRADOS,RGB_JPG_QUEBRADOS
C:\Users\eduar\Desktop\Soybe-main\data\com_fundo\RGB_JPG_QUEBRADOS\grao_DSC_0410_id69.png,RGB_JPG_QUEBRADOS,RGB_JPG_QUEBRADOS
C:\Users\eduar\Desktop\Soybe-main\data\com_fundo\RGB_JPG_QUEBRADOS\grao_DSC_0410_id7.png,RGB_JPG_QUEBRADOS,RGB_JPG_QUEBRADOS
C:\Users\eduar\Desktop\Soybe-main\data\com_fundo\RGB_JPG_QUEBRADOS\grao_DSC_0410_id70.png,RGB_JPG_QUEBRADOS,RGB_JPG_QUEBRADOS
C:\Users\eduar\Desktop\Soybe-main\data\com_fundo\RGB_JPG_QUEBRADOS\grao_DSC_0410_id71.png,RGB_JPG_QUEBRADOS,RGB_JPG_QUEBRADOS
C:\Users\eduar\Desktop\Soybe-main\data\com_fundo\RGB_JPG_QUEBRADOS\grao_DSC_0410_id72.png,RGB_JPG_QUEBRADOS,RGB_JPG_QUEBRADOS
C:\Users\eduar\Desktop\Soybe-main\data\com_fundo\RGB_JPG_QUEBRADOS\grao_DSC_0410_id73.png,RGB_JPG_QUEBRADOS,RGB_JPG_QUEBRADOS
C:\Users\eduar\Desktop\Soybe-main\data\com_fundo\RGB_JPG_QUEBRADOS\grao_DSC_0410_id74.png,RGB_JPG_QUEBRADOS,RGB_JPG_QUEBRADOS
C:\Users\eduar\Desktop\Soybe-main\data\com_fundo\RGB_JPG_QUEBRADOS\grao_DSC_0410_id8.png,RGB_JPG_QUEBRADOS,RGB_JPG_QUEBRADOS
C:\Users\eduar\Desktop\Soybe-main\data\com_fundo\RGB_JPG_QUEBRADOS\grao_DSC_0410_id9.png,RGB_JPG_QUEBRADOS,RGB_JPG_QUEBRADOS
C:\Users\eduar\Desktop\Soybe-main\data\com_fundo\RGB_JPG_QUEBRADOS\grao_DSC_0421_id1.png,RGB_JPG_QUEBRADOS,RGB_JPG_QUEBRADOS
C:\Users\eduar\Desktop\Soybe-main\data\com_fundo\RGB_JPG_QUEBRADOS\grao_DSC_0421_id10.png,RGB_JPG_QUEBRADOS,RGB_JPG_QUEBRADOS
C:\Users\eduar\Desktop\Soybe-main\data\com_fundo\RGB_JPG_QUEBRADOS\grao_DSC_0421_id100.png,RGB_JPG_QUEBRADOS,RGB_JPG_QUEBRADOS
C:\Users\eduar\Desktop\Soybe-main\data\com_fundo\RGB_JPG_QUEBRADOS\grao_DSC_0421_id101.png,RGB_JPG_QUEBRADOS,RGB_JPG_QUEBRADOS
C:\Users\eduar\Desktop\Soybe-main\data\com_fundo\RGB_JPG_QUEBRADOS\grao_DSC_0421_id102.png,RGB_JPG_QUEBRADOS,RGB_JPG_QUEBRADOS
C:\Users\eduar\Desktop\Soybe-main\data\com_fundo\RGB_JPG_QUEBRADOS\grao_DSC_0421_id103.png,RGB_JPG_QUEBRADOS,RGB_JPG_QUEBRADOS
C:\Users\eduar\Desktop\Soybe-main\data\com_fundo\RGB_JPG_QUEBRADOS\grao_DSC_0421_id104.png,RGB_JPG_QUEBRADOS,RGB_JPG_QUEBRADOS
C:\Users\eduar\Desktop\Soybe-main\data\com_fundo\RGB_JPG_QUEBRADOS\grao_DSC_0421_id105.png,RGB_JPG_QUEBRADOS,RGB_JPG_QUEBRADOS
C:\Users\eduar\Desktop\Soybe-main\data\com_fundo\RGB_JPG_QUEBRADOS\grao_DSC_0421_id106.png,RGB_JPG_QUEBRADOS,RGB_JPG_QUEBRADOS
C:\Users\eduar\Desktop\Soybe-main\data\com_fundo\RGB_JPG_QUEBRADOS\grao_DSC_0421_id107.png,RGB_JPG_QUEBRADOS,RGB_JPG_QUEBRADOS
C:\Users\eduar\Desktop\Soybe-main\data\com_fundo\RGB_JPG_QUEBRADOS\grao_DSC_0421_id108.png,RGB_JPG_QUEBRADOS,RGB_JPG_QUEBRADOS
C:\Users\eduar\Desktop\Soybe-main\data\com_fundo\RGB_JPG_QUEBRADOS\grao_DSC_0421_id109.png,RGB_JPG_QUEBRADOS,RGB_JPG_QUEBRADOS
C:\Users\eduar\Desktop\Soybe-main\data\com_fundo\RGB_JPG_QUEBRADOS\grao_DSC_0421_id11.png,RGB_JPG_QUEBRADOS,RGB_JPG_QUEBRADOS
C:\Users\eduar\Desktop\Soybe-main\data\com_fundo\RGB_JPG_QUEBRADOS\grao_DSC_0421_id110.png,RGB_JPG_QUEBRADOS,RGB_JPG_QUEBRADOS
C:\Users\eduar\Desktop\Soybe-main\data\com_fundo\RGB_JPG_QUEBRADOS\grao_DSC_0421_id12.png,RGB_JPG_QUEBRADOS,RGB_JPG_QUEBRADOS
C:\Users\eduar\Desktop\Soybe-main\data\com_fundo\RGB_JPG_QUEBRADOS\grao_DSC_0421_id13.png,RGB_JPG_QUEBRADOS,RGB_JPG_QUEBRADOS
C:\Users\eduar\Desktop\Soybe-main\data\com_fundo\RGB_JPG_QUEBRADOS\grao_DSC_0421_id14.png,RGB_JPG_QUEBRADOS,RGB_JPG_QUEBRADOS
C:\Users\eduar\Desktop\Soybe-main\data\com_fundo\RGB_JPG_QUEBRADOS\grao_DSC_0421_id15.png,RGB_JPG_QUEBRADOS,RGB_JPG_QUEBRADOS
C:\Users\eduar\Desktop\Soybe-main\data\com_fundo\RGB_JPG_QUEBRADOS\grao_DSC_0421_id16.png,RGB_JPG_QUEBRADOS,RGB_JPG_QUEBRADOS
C:\Users\eduar\Desktop\Soybe-main\data\com_fundo\RGB_JPG_QUEBRADOS\grao_DSC_0421_id17.png,RGB_JPG_QUEBRADOS,RGB_JPG_QUEBRADOS
C:\Users\eduar\Desktop\Soybe-main\data\com_fundo\RGB_JPG_QUEBRADOS\grao_DSC_0421_id18.png,RGB_JPG_QUEBRADOS,RGB_JPG_QUEBRADOS
C:\Users\eduar\Desktop\Soybe-main\data\com_fundo\RGB_JPG_QUEBRADOS\grao_DSC_0421_id19.png,RGB_JPG_QUEBRADOS,RGB_JPG_QUEBRADOS
C:\Users\eduar\Desktop\Soybe-main\data\com_fundo\RGB_JPG_QUEBRADOS\grao_DSC_0421_id2.png,RGB_JPG_QUEBRADOS,RGB_JPG_QUEBRADOS
C:\Users\eduar\Desktop\Soybe-main\data\com_fundo\RGB_JPG_QUEBRADOS\grao_DSC_0421_id20.png,RGB_JPG_QUEBRADOS,RGB_JPG_QUEBRADOS
C:\Users\eduar\Desktop\Soybe-main\data\com_fundo\RGB_JPG_QUEBRADOS\grao_DSC_0421_id21.png,RGB_JPG_QUEBRADOS,RGB_JPG_QUEBRADOS
C:\Users\eduar\Desktop\Soybe-main\data\com_fundo\RGB_JPG_QUEBRADOS\grao_DSC_0421_id22.png,RGB_JPG_QUEBRADOS,RGB_JPG_QUEBRADOS
C:\Users\eduar\Desktop\Soybe-main\data\com_fundo\RGB_JPG_QUEBRADOS\grao_DSC_0421_id23.png,RGB_JPG_QUEBRADOS,RGB_JPG_QUEBRADOS
C:\Users\eduar\Desktop\Soybe-main\data\com_fundo\RGB_JPG_QUEBRADOS\grao_DSC_0421_id24.png,RGB_JPG_QUEBRADOS,RGB_JPG_QUEBRADOS
C:\Users\eduar\Desktop\Soybe-main\data\com_fundo\RGB_JPG_QUEBRADOS\grao_DSC_0421_id25.png,RGB_JPG_QUEBRADOS,RGB_JPG_QUEBRADOS
C:\Users\eduar\Desktop\Soybe-main\data\com_fundo\RGB_JPG_QUEBRADOS\grao_DSC_0421_id26.png,RGB_JPG_QUEBRADOS,RGB_JPG_QUEBRADOS
C:\Users\eduar\Desktop\Soybe-main\data\com_fundo\RGB_JPG_QUEBRADOS\grao_DSC_0421_id28.png,RGB_JPG_QUEBRADOS,RGB_JPG_QUEBRADOS
C:\Users\eduar\Desktop\Soybe-main\data\com_fundo\RGB_JPG_QUEBRADOS\grao_DSC_0421_id29.png,RGB_JPG_QUEBRADOS,RGB_JPG_QUEBRADOS
C:\Users\eduar\Desktop\Soybe-main\data\com_fundo\RGB_JPG_QUEBRADOS\grao_DSC_0421_id3.png,RGB_JPG_QUEBRADOS,RGB_JPG_QUEBRADOS
C:\Users\eduar\Desktop\Soybe-main\data\com_fundo\RGB_JPG_QUEBRADOS\grao_DSC_0421_id30.png,RGB_JPG_QUEBRADOS,RGB_JPG_QUEBRADOS
C:\Users\eduar\Desktop\Soybe-main\data\com_fundo\RGB_JPG_QUEBRADOS\grao_DSC_0421_id31.png,RGB_JPG_QUEBRADOS,RGB_JPG_QUEBRADOS
C:\Users\eduar\Desktop\Soybe-main\data\com_fundo\RGB_JPG_QUEBRADOS\grao_DSC_0421_id33.png,RGB_JPG_QUEBRADOS,RGB_JPG_QUEBRADOS
C:\Users\eduar\Desktop\Soybe-main\data\com_fundo\RGB_JPG_QUEBRADOS\grao_DSC_0421_id34.png,RGB_JPG_QUEBRADOS,RGB_JPG_QUEBRADOS
C:\Users\eduar\Desktop\Soybe-main\data\com_fundo\RGB_JPG_QUEBRADOS\grao_DSC_0421_id35.png,RGB_JPG_QUEBRADOS,RGB_JPG_QUEBRADOS
C:\Users\eduar\Desktop\Soybe-main\data\com_fundo\RGB_JPG_QUEBRADOS\grao_DSC_0421_id36.png,RGB_JPG_QUEBRADOS,RGB_JPG_QUEBRADOS
C:\Users\eduar\Desktop\Soybe-main\data\com_fundo\RGB_JPG_QUEBRADOS\grao_DSC_0421_id37.png,RGB_JPG_QUEBRADOS,RGB_JPG_QUEBRADOS
C:\Users\eduar\Desktop\Soybe-main\data\com_fundo\RGB_JPG_QUEBRADOS\grao_DSC_0421_id38.png,RGB_JPG_QUEBRADOS,RGB_JPG_QUEBRADOS
C:\Users\eduar\Desktop\Soybe-main\data\com_fundo\RGB_JPG_QUEBRADOS\grao_DSC_0421_id39.png,RGB_JPG_QUEBRADOS,RGB_JPG_QUEBRADOS
C:\Users\eduar\Desktop\Soybe-main\data\com_fundo\RGB_JPG_QUEBRADOS\grao_DSC_0421_id4.png,RGB_JPG_QUEBRADOS,RGB_JPG_QUEBRADOS
C:\Users\eduar\Desktop\Soybe-main\data\com_fundo\RGB_JPG_QUEBRADOS\grao_DSC_0421_id40.png,RGB_JPG_QUEBRADOS,RGB_JPG_QUEBRADOS
C:\Users\eduar\Desktop\Soybe-main\data\com_fundo\RGB_JPG_QUEBRADOS\grao_DSC_0421_id41.png,RGB_JPG_QUEBRADOS,RGB_JPG_QUEBRADOS
C:\Users\eduar\Desktop\Soybe-main\data\com_fundo\RGB_JPG_QUEBRADOS\grao_DSC_0421_id42.png,RGB_JPG_QUEBRADOS,RGB_JPG_QUEBRADOS
C:\Users\eduar\Desktop\Soybe-main\data\com_fundo\RGB_JPG_QUEBRADOS\grao_DSC_0421_id43.png,RGB_JPG_QUEBRADOS,RGB_JPG_QUEBRADOS
C:\Users\eduar\Desktop\Soybe-main\data\com_fundo\RGB_JPG_QUEBRADOS\grao_DSC_0421_id44.png,RGB_JPG_QUEBRADOS,RGB_JPG_QUEBRADOS
C:\Users\eduar\Desktop\Soybe-main\data\com_fundo\RGB_JPG_QUEBRADOS\grao_DSC_0421_id45.png,RGB_JPG_QUEBRADOS,RGB_JPG_QUEBRADOS
C:\Users\eduar\Desktop\Soybe-main\data\com_fundo\RGB_JPG_QUEBRADOS\grao_DSC_0421_id46.png,RGB_JPG_QUEBRADOS,RGB_JPG_QUEBRADOS
C:\Users\eduar\Desktop\Soybe-main\data\com_fundo\RGB_JPG_QUEBRADOS\grao_DSC_0421_id47.png,RGB_JPG_QUEBRADOS,RGB_JPG_QUEBRADOS
C:\Users\eduar\Desktop\Soybe-main\data\com_fundo\RGB_JPG_QUEBRADOS\grao_DSC_0421_id48.png,RGB_JPG_QUEBRADOS,RGB_JPG_QUEBRADOS
C:\Users\eduar\Desktop\Soybe-main\data\com_fundo\RGB_JPG_QUEBRADOS\grao_DSC_0421_id49.png,RGB_JPG_QUEBRADOS,RGB_JPG_QUEBRADOS
C:\Users\eduar\Desktop\Soybe-main\data\com_fundo\RGB_JPG_QUEBRADOS\grao_DSC_0421_id5.png,RGB_JPG_QUEBRADOS,RGB_JPG_QUEBRADOS
C:\Users\eduar\Desktop\Soybe-main\data\com_fundo\RGB_JPG_QUEBRADOS\grao_DSC_0421_id50.png,RGB_JPG_QUEBRADOS,RGB_JPG_QUEBRADOS
C:\Users\eduar\Desktop\Soybe-main\data\com_fundo\RGB_JPG_QUEBRADOS\grao_DSC_0421_id51.png,RGB_JPG_QUEBRADOS,RGB_JPG_QUEBRADOS
C:\Users\eduar\Desktop\Soybe-main\data\com_fundo\RGB_JPG_QUEBRADOS\grao_DSC_0421_id52.png,RGB_JPG_QUEBRADOS,RGB_JPG_QUEBRADOS
C:\Users\eduar\Desktop\Soybe-main\data\com_fundo\RGB_JPG_QUEBRADOS\grao_DSC_0421_id53.png,RGB_JPG_QUEBRADOS,RGB_JPG_QUEBRADOS
C:\Users\eduar\Desktop\Soybe-main\data\com_fundo\RGB_JPG_QUEBRADOS\grao_DSC_0421_id54.png,RGB_JPG_QUEBRADOS,RGB_JPG_QUEBRADOS
C:\Users\eduar\Desktop\Soybe-main\data\com_fundo\RGB_JPG_QUEBRADOS\grao_DSC_0421_id55.png,RGB_JPG_QUEBRADOS,RGB_JPG_QUEBRADOS
C:\Users\eduar\Desktop\Soybe-main\data\com_fundo\RGB_JPG_QUEBRADOS\grao_DSC_0421_id56.png,RGB_JPG_QUEBRADOS,RGB_JPG_QUEBRADOS
C:\Users\eduar\Desktop\Soybe-main\data\com_fundo\RGB_JPG_QUEBRADOS\grao_DSC_0421_id57.png,RGB_JPG_QUEBRADOS,RGB_JPG_QUEBRADOS
C:\Users\eduar\Desktop\Soybe-main\data\com_fundo\RGB_JPG_QUEBRADOS\grao_DSC_0421_id58.png,RGB_JPG_QUEBRADOS,RGB_JPG_QUEBRADOS
C:\Users\eduar\Desktop\Soybe-main\data\com_fundo\RGB_JPG_QUEBRADOS\grao_DSC_0421_id59.png,RGB_JPG_QUEBRADOS,RGB_JPG_QUEBRADOS
C:\Users\eduar\Desktop\Soybe-main\data\com_fundo\RGB_JPG_QUEBRADOS\grao_DSC_0421_id6.png,RGB_JPG_QUEBRADOS,RGB_JPG_QUEBRADOS
C:\Users\eduar\Desktop\Soybe-main\data\com_fundo\RGB_JPG_QUEBRADOS\grao_DSC_0421_id60.png,RGB_JPG_QUEBRADOS,RGB_JPG_QUEBRADOS
C:\Users\eduar\Desktop\Soybe-main\data\com_fundo\RGB_JPG_QUEBRADOS\grao_DSC_0421_id61.png,RGB_JPG_QUEBRADOS,RGB_JPG_QUEBRADOS
C:\Users\eduar\Desktop\Soybe-main\data\com_fundo\RGB_JPG_QUEBRADOS\grao_DSC_0421_id62.png,RGB_JPG_QUEBRADOS,RGB_JPG_QUEBRADOS
C:\Users\eduar\Desktop\Soybe-main\data\com_fundo\RGB_JPG_QUEBRADOS\grao_DSC_0421_id63.png,RGB_JPG_QUEBRADOS,RGB_JPG_QUEBRADOS
C:\Users\eduar\Desktop\Soybe-main\data\com_fundo\RGB_JPG_QUEBRADOS\grao_DSC_0421_id64.png,RGB_JPG_QUEBRADOS,RGB_JPG_QUEBRADOS
C:\Users\eduar\Desktop\Soybe-main\data\com_fundo\RGB_JPG_QUEBRADOS\grao_DSC_0421_id65.png,RGB_JPG_QUEBRADOS,RGB_JPG_QUEBRADOS
C:\Users\eduar\Desktop\Soybe-main\data\com_fundo\RGB_JPG_QUEBRADOS\grao_DSC_0421_id66.png,RGB_JPG_QUEBRADOS,RGB_JPG_QUEBRADOS
C:\Users\eduar\Desktop\Soybe-main\data\com_fundo\RGB_JPG_QUEBRADOS\grao_DSC_0421_id67.png,RGB_JPG_QUEBRADOS,RGB_JPG_QUEBRADOS
C:\Users\eduar\Desktop\Soybe-main\data\com_fundo\RGB_JPG_QUEBRADOS\grao_DSC_0421_id68.png,RGB_JPG_QUEBRADOS,RGB_JPG_QUEBRADOS
C:\Users\eduar\Desktop\Soybe-main\data\com_fundo\RGB_JPG_QUEBRADOS\grao_DSC_0421_id69.png,RGB_JPG_QUEBRADOS,RGB_JPG_QUEBRADOS
C:\Users\eduar\Desktop\Soybe-main\data\com_fundo\RGB_JPG_QUEBRADOS\grao_DSC_0421_id7.png,RGB_JPG_QUEBRADOS,RGB_JPG_QUEBRADOS
C:\Users\eduar\Desktop\Soybe-main\data\com_fundo\RGB_JPG_QUEBRADOS\grao_DSC_0421_id70.png,RGB_JPG_QUEBRADOS,RGB_JPG_QUEBRADOS
C:\Users\eduar\Desktop\Soybe-main\data\com_fundo\RGB_JPG_QUEBRADOS\grao_DSC_0421_id71.png,RGB_JPG_QUEBRADOS,RGB_JPG_QUEBRADOS
C:\Users\eduar\Desktop\Soybe-main\data\com_fundo\RGB_JPG_QUEBRADOS\grao_DSC_0421_id72.png,RGB_JPG_QUEBRADOS,RGB_JPG_QUEBRADOS
C:\Users\eduar\Desktop\Soybe-main\data\com_fundo\RGB_JPG_QUEBRADOS\grao_DSC_0421_id73.png,RGB_JPG_QUEBRADOS,RGB_JPG_QUEBRADOS
C:\Users\eduar\Desktop\Soybe-main\data\com_fundo\RGB_JPG_QUEBRADOS\grao_DSC_0421_id74.png,RGB_JPG_QUEBRADOS,RGB_JPG_QUEBRADOS
C:\Users\eduar\Desktop\Soybe-main\data\com_fundo\RGB_JPG_QUEBRADOS\grao_DSC_0421_id75.png,RGB_JPG_QUEBRADOS,RGB_JPG_QUEBRADOS
C:\Users\eduar\Desktop\Soybe-main\data\com_fundo\RGB_JPG_QUEBRADOS\grao_DSC_0421_id76.png,RGB_JPG_QUEBRADOS,RGB_JPG_QUEBRADOS
C:\Users\eduar\Desktop\Soybe-main\data\com_fundo\RGB_JPG_QUEBRADOS\grao_DSC_0421_id77.png,RGB_JPG_QUEBRADOS,RGB_JPG_QUEBRADOS
C:\Users\eduar\Desktop\Soybe-main\data\com_fundo\RGB_JPG_QUEBRADOS\grao_DSC_0421_id78.png,RGB_JPG_QUEBRADOS,RGB_JPG_QUEBRADOS
C:\Users\eduar\Desktop\Soybe-main\data\com_fundo\RGB_JPG_QUEBRADOS\grao_DSC_0421_id79.png,RGB_JPG_QUEBRADOS,RGB_JPG_QUEBRADOS
C:\Users\eduar\Desktop\Soybe-main\data\com_fundo\RGB_JPG_QUEBRADOS\grao_DSC_0421_id8.png,RGB_JPG_QUEBRADOS,RGB_JPG_QUEBRADOS
C:\Users\eduar\Desktop\Soybe-main\data\com_fundo\RGB_JPG_QUEBRADOS\grao_DSC_0421_id80.png,RGB_JPG_QUEBRADOS,RGB_JPG_QUEBRADOS
C:\Users\eduar\Desktop\Soybe-main\data\com_fundo\RGB_JPG_QUEBRADOS\grao_DSC_0421_id81.png,RGB_JPG_QUEBRADOS,RGB_JPG_QUEBRADOS
C:\Users\eduar\Desktop\Soybe-main\data\com_fundo\RGB_JPG_QUEBRADOS\grao_DSC_0421_id82.png,RGB_JPG_QUEBRADOS,RGB_JPG_QUEBRADOS
C:\Users\eduar\Desktop\Soybe-main\data\com_fundo\RGB_JPG_QUEBRADOS\grao_DSC_0421_id83.png,RGB_JPG_QUEBRADOS,RGB_JPG_QUEBRADOS
C:\Users\eduar\Desktop\Soybe-main\data\com_fundo\RGB_JPG_QUEBRADOS\grao_DSC_0421_id84.png,RGB_JPG_QUEBRADOS,RGB_JPG_QUEBRADOS
C:\Users\eduar\Desktop\Soybe-main\data\com_fundo\RGB_JPG_QUEBRADOS\grao_DSC_0421_id85.png,RGB_JPG_QUEBRADOS,RGB_JPG_QUEBRADOS
C:\Users\eduar\Desktop\Soybe-main\data\com_fundo\RGB_JPG_QUEBRADOS\grao_DSC_0421_id86.png,RGB_JPG_QUEBRADOS,RGB_JPG_QUEBRADOS
C:\Users\eduar\Desktop\Soybe-main\data\com_fundo\RGB_JPG_QUEBRADOS\grao_DSC_0421_id87.png,RGB_JPG_QUEBRADOS,RGB_JPG_QUEBRADOS
C:\Users\eduar\Desktop\Soybe-main\data\com_fundo\RGB_JPG_QUEBRADOS\grao_DSC_0421_id88.png,RGB_JPG_QUEBRADOS,RGB_JPG_QUEBRADOS
C:\Users\eduar\Desktop\Soybe-main\data\com_fundo\RGB_JPG_QUEBRADOS\grao_DSC_0421_id89.png,RGB_JPG_QUEBRADOS,RGB_JPG_QUEBRADOS
C:\Users\eduar\Desktop\Soybe-main\data\com_fundo\RGB_JPG_QUEBRADOS\grao_DSC_0421_id9.png,RGB_JPG_QUEBRADOS,RGB_JPG_QUEBRADOS
C:\Users\eduar\Desktop\Soybe-main\data\com_fundo\RGB_JPG_QUEBRADOS\grao_DSC_0421_id90.png,RGB_JPG_QUEBRADOS,RGB_JPG_QUEBRADOS
C:\Users\eduar\Desktop\Soybe-main\data\com_fundo\RGB_JPG_QUEBRADOS\grao_DSC_0421_id91.png,RGB_JPG_QUEBRADOS,RGB_JPG_QUEBRADOS
C:\Users\eduar\Desktop\Soybe-main\data\com_fundo\RGB_JPG_QUEBRADOS\grao_DSC_0421_id92.png,RGB_JPG_QUEBRADOS,RGB_JPG_QUEBRADOS
C:\Users\eduar\Desktop\Soybe-main\data\com_fundo\RGB_JPG_QUEBRADOS\grao_DSC_0421_id93.png,RGB_JPG_QUEBRADOS,RGB_JPG_QUEBRADOS
C:\Users\eduar\Desktop\Soybe-main\data\com_fundo\RGB_JPG_QUEBRADOS\grao_DSC_0421_id94.png,RGB_JPG_QUEBRADOS,RGB_JPG_QUEBRADOS
C:\Users\eduar\Desktop\Soybe-main\data\com_fundo\RGB_JPG_QUEBRADOS\grao_DSC_0421_id95.png,RGB_JPG_QUEBRADOS,RGB_JPG_QUEBRADOS
C:\Users\eduar\Desktop\Soybe-main\data\com_fundo\RGB_JPG_QUEBRADOS\grao_DSC_0421_id96.png,RGB_JPG_QUEBRADOS,RGB_JPG_QUEBRADOS
C:\Users\eduar\Desktop\Soybe-main\data\com_fundo\RGB_JPG_QUEBRADOS\grao_DSC_0421_id97.png,RGB_JPG_QUEBRADOS,RGB_JPG_QUEBRADOS
C:\Users\eduar\Desktop\Soybe-main\data\com_fundo\RGB_JPG_QUEBRADOS\grao_DSC_0421_id98.png,RGB_JPG_QUEBRADOS,RGB_JPG_QUEBRADOS
C:\Users\eduar\Desktop\Soybe-main\data\com_fundo\RGB_JPG_QUEBRADOS\grao_DSC_0421_id99.png,RGB_JPG_QUEBRADOS,RGB_JPG_QUEBRADOS
C:\Users\eduar\Desktop\Soybe-main\data\com_fundo\RGB_JPG_QUEBRADOS\grao_DSC_0422_id10.png,RGB_JPG_QUEBRADOS,RGB_JPG_QUEBRADOS
C:\Users\eduar\Desktop\Soybe-main\data\com_fundo\RGB_JPG_QUEBRADOS\grao_DSC_0422_id11.png,RGB_JPG_QUEBRADOS,RGB_JPG_QUEBRADOS
C:\Users\eduar\Desktop\Soybe-main\data\com_fundo\RGB_JPG_QUEBRADOS\grao_DSC_0422_id12.png,RGB_JPG_QUEBRADOS,RGB_JPG_QUEBRADOS
C:\Users\eduar\Desktop\Soybe-main\data\com_fundo\RGB_JPG_QUEBRADOS\grao_DSC_0422_id13.png,RGB_JPG_QUEBRADOS,RGB_JPG_QUEBRADOS
C:\Users\eduar\Desktop\Soybe-main\data\com_fundo\RGB_JPG_QUEBRADOS\grao_DSC_0422_id14.png,RGB_JPG_QUEBRADOS,RGB_JPG_QUEBRADOS
C:\Users\eduar\Desktop\Soybe-main\data\com_fundo\RGB_JPG_QUEBRADOS\grao_DSC_0422_id15.png,RGB_JPG_QUEBRADOS,RGB_JPG_QUEBRADOS
C:\Users\eduar\Desktop\Soybe-main\data\com_fundo\RGB_JPG_QUEBRADOS\grao_DSC_0422_id16.png,RGB_JPG_QUEBRADOS,RGB_JPG_QUEBRADOS
C:\Users\eduar\Desktop\Soybe-main\data\com_fundo\RGB_JPG_QUEBRADOS\grao_DSC_0422_id17.png,RGB_JPG_QUEBRADOS,RGB_JPG_QUEBRADOS
C:\Users\eduar\Desktop\Soybe-main\data\com_fundo\RGB_JPG_QUEBRADOS\grao_DSC_0422_id18.png,RGB_JPG_QUEBRADOS,RGB_JPG_QUEBRADOS
C:\Users\eduar\Desktop\Soybe-main\data\com_fundo\RGB_JPG_QUEBRADOS\grao_DSC_0422_id19.png,RGB_JPG_QUEBRADOS,RGB_JPG_QUEBRADOS
C:\Users\eduar\Desktop\Soybe-main\data\com_fundo\RGB_JPG_QUEBRADOS\grao_DSC_0422_id2.png,RGB_JPG_QUEBRADOS,RGB_JPG_QUEBRADOS
C:\Users\eduar\Desktop\Soybe-main\data\com_fundo\RGB_JPG_QUEBRADOS\grao_DSC_0422_id20.png,RGB_JPG_QUEBRADOS,RGB_JPG_QUEBRADOS
C:\Users\eduar\Desktop\Soybe-main\data\com_fundo\RGB_JPG_QUEBRADOS\grao_DSC_0422_id21.png,RGB_JPG_QUEBRADOS,RGB_JPG_QUEBRADOS
C:\Users\eduar\Desktop\Soybe-main\data\com_fundo\RGB_JPG_QUEBRADOS\grao_DSC_0422_id23.png,RGB_JPG_QUEBRADOS,RGB_JPG_QUEBRADOS
C:\Users\eduar\Desktop\Soybe-main\data\com_fundo\RGB_JPG_QUEBRADOS\grao_DSC_0422_id24.png,RGB_JPG_QUEBRADOS,RGB_JPG_QUEBRADOS
C:\Users\eduar\Desktop\Soybe-main\data\com_fundo\RGB_JPG_QUEBRADOS\grao_DSC_0422_id25.png,RGB_JPG_QUEBRADOS,RGB_JPG_QUEBRADOS
C:\Users\eduar\Desktop\Soybe-main\data\com_fundo\RGB_JPG_QUEBRADOS\grao_DSC_0422_id26.png,RGB_JPG_QUEBRADOS,RGB_JPG_QUEBRADOS
C:\Users\eduar\Desktop\Soybe-main\data\com_fundo\RGB_JPG_QUEBRADOS\grao_DSC_0422_id27.png,RGB_JPG_QUEBRADOS,RGB_JPG_QUEBRADOS
C:\Users\eduar\Desktop\Soybe-main\data\com_fundo\RGB_JPG_QUEBRADOS\grao_DSC_0422_id28.png,RGB_JPG_QUEBRADOS,RGB_JPG_QUEBRADOS
C:\Users\eduar\Desktop\Soybe-main\data\com_fundo\RGB_JPG_QUEBRADOS\grao_DSC_0422_id29.png,RGB_JPG_QUEBRADOS,RGB_JPG_QUEBRADOS
C:\Users\eduar\Desktop\Soybe-main\data\com_fundo\RGB_JPG_QUEBRADOS\grao_DSC_0422_id3.png,RGB_JPG_QUEBRADOS,RGB_JPG_QUEBRADOS
C:\Users\eduar\Desktop\Soybe-main\data\com_fundo\RGB_JPG_QUEBRADOS\grao_DSC_0422_id30.png,RGB_JPG_QUEBRADOS,RGB_JPG_QUEBRADOS
C:\Users\eduar\Desktop\Soybe-main\data\com_fundo\RGB_JPG_QUEBRADOS\grao_DSC_0422_id31.png,RGB_JPG_QUEBRADOS,RGB_JPG_QUEBRADOS
C:\Users\eduar\Desktop\Soybe-main\data\com_fundo\RGB_JPG_QUEBRADOS\grao_DSC_0422_id32.png,RGB_JPG_QUEBRADOS,RGB_JPG_QUEBRADOS
C:\Users\eduar\Desktop\Soybe-main\data\com_fundo\RGB_JPG_QUEBRADOS\grao_DSC_0422_id34.png,RGB_JPG_QUEBRADOS,RGB_JPG_QUEBRADOS
C:\Users\eduar\Desktop\Soybe-main\data\com_fundo\RGB_JPG_QUEBRADOS\grao_DSC_0422_id35.png,RGB_JPG_QUEBRADOS,RGB_JPG_QUEBRADOS
C:\Users\eduar\Desktop\Soybe-main\data\com_fundo\RGB_JPG_QUEBRADOS\grao_DSC_0422_id36.png,RGB_JPG_QUEBRADOS,RGB_JPG_QUEBRADOS
C:\Users\eduar\Desktop\Soybe-main\data\com_fundo\RGB_JPG_QUEBRADOS\grao_DSC_0422_id37.png,RGB_JPG_QUEBRADOS,RGB_JPG_QUEBRADOS
C:\Users\eduar\Desktop\Soybe-main\data\com_fundo\RGB_JPG_QUEBRADOS\grao_DSC_0422_id38.png,RGB_JPG_QUEBRADOS,RGB_JPG_QUEBRADOS
C:\Users\eduar\Desktop\Soybe-main\data\com_fundo\RGB_JPG_QUEBRADOS\grao_DSC_0422_id39.png,RGB_JPG_QUEBRADOS,RGB_JPG_QUEBRADOS
C:\Users\eduar\Desktop\Soybe-main\data\com_fundo\RGB_JPG_QUEBRADOS\grao_DSC_0422_id4.png,RGB_JPG_QUEBRADOS,RGB_JPG_QUEBRADOS
C:\Users\eduar\Desktop\Soybe-main\data\com_fundo\RGB_JPG_QUEBRADOS\grao_DSC_0422_id40.png,RGB_JPG_QUEBRADOS,RGB_JPG_QUEBRADOS
C:\Users\eduar\Desktop\Soybe-main\data\com_fundo\RGB_JPG_QUEBRADOS\grao_DSC_0422_id41.png,RGB_JPG_QUEBRADOS,RGB_JPG_IMPUREZAS
C:\Users\eduar\Desktop\Soybe-main\data\com_fundo\RGB_JPG_QUEBRADOS\grao_DSC_0422_id42.png,RGB_JPG_QUEBRADOS,RGB_JPG_QUEBRADOS
C:\Users\eduar\Desktop\Soybe-main\data\com_fundo\RGB_JPG_QUEBRADOS\grao_DSC_0422_id43.png,RGB_JPG_QUEBRADOS,RGB_JPG_QUEBRADOS
C:\Users\eduar\Desktop\Soybe-main\data\com_fundo\RGB_JPG_QUEBRADOS\grao_DSC_0422_id44.png,RGB_JPG_QUEBRADOS,RGB_JPG_QUEBRADOS
C:\Users\eduar\Desktop\Soybe-main\data\com_fundo\RGB_JPG_QUEBRADOS\grao_DSC_0422_id45.png,RGB_JPG_QUEBRADOS,RGB_JPG_QUEBRADOS
C:\Users\eduar\Desktop\Soybe-main\data\com_fundo\RGB_JPG_QUEBRADOS\grao_DSC_0422_id46.png,RGB_JPG_QUEBRADOS,RGB_JPG_QUEBRADOS
C:\Users\eduar\Desktop\Soybe-main\data\com_fundo\RGB_JPG_QUEBRADOS\grao_DSC_0422_id47.png,RGB_JPG_QUEBRADOS,RGB_JPG_QUEBRADOS
C:\Users\eduar\Desktop\Soybe-main\data\com_fundo\RGB_JPG_QUEBRADOS\grao_DSC_0422_id48.png,RGB_JPG_QUEBRADOS,RGB_JPG_QUEBRADOS
C:\Users\eduar\Desktop\Soybe-main\data\com_fundo\RGB_JPG_QUEBRADOS\grao_DSC_0422_id49.png,RGB_JPG_QUEBRADOS,RGB_JPG_QUEBRADOS
C:\Users\eduar\Desktop\Soybe-main\data\com_fundo\RGB_JPG_QUEBRADOS\grao_DSC_0422_id5.png,RGB_JPG_QUEBRADOS,RGB_JPG_QUEBRADOS
C:\Users\eduar\Desktop\Soybe-main\data\com_fundo\RGB_JPG_QUEBRADOS\grao_DSC_0422_id50.png,RGB_JPG_QUEBRADOS,RGB_JPG_QUEBRADOS
C:\Users\eduar\Desktop\Soybe-main\data\com_fundo\RGB_JPG_QUEBRADOS\grao_DSC_0422_id51.png,RGB_JPG_QUEBRADOS,RGB_JPG_QUEBRADOS
C:\Users\eduar\Desktop\Soybe-main\data\com_fundo\RGB_JPG_QUEBRADOS\grao_DSC_0422_id52.png,RGB_JPG_QUEBRADOS,RGB_JPG_QUEBRADOS
C:\Users\eduar\Desktop\Soybe-main\data\com_fundo\RGB_JPG_QUEBRADOS\grao_DSC_0422_id53.png,RGB_JPG_QUEBRADOS,RGB_JPG_QUEBRADOS
C:\Users\eduar\Desktop\Soybe-main\data\com_fundo\RGB_JPG_QUEBRADOS\grao_DSC_0422_id54.png,RGB_JPG_QUEBRADOS,RGB_JPG_QUEBRADOS
C:\Users\eduar\Desktop\Soybe-main\data\com_fundo\RGB_JPG_QUEBRADOS\grao_DSC_0422_id55.png,RGB_JPG_QUEBRADOS,RGB_JPG_QUEBRADOS
C:\Users\eduar\Desktop\Soybe-main\data\com_fundo\RGB_JPG_QUEBRADOS\grao_DSC_0422_id56.png,RGB_JPG_QUEBRADOS,RGB_JPG_QUEBRADOS
C:\Users\eduar\Desktop\Soybe-main\data\com_fundo\RGB_JPG_QUEBRADOS\grao_DSC_0422_id57.png,RGB_JPG_QUEBRADOS,RGB_JPG_QUEBRADOS
C:\Users\eduar\Desktop\Soybe-main\data\com_fundo\RGB_JPG_QUEBRADOS\grao_DSC_0422_id58.png,RGB_JPG_QUEBRADOS,RGB_JPG_QUEBRADOS
C:\Users\eduar\Desktop\Soybe-main\data\com_fundo\RGB_JPG_QUEBRADOS\grao_DSC_0422_id59.png,RGB_JPG_QUEBRADOS,RGB_JPG_QUEBRADOS
C:\Users\eduar\Desktop\Soybe-main\data\com_fundo\RGB_JPG_QUEBRADOS\grao_DSC_0422_id6.png,RGB_JPG_QUEBRADOS,RGB_JPG_QUEBRADOS
C:\Users\eduar\Desktop\Soybe-main\data\com_fundo\RGB_JPG_QUEBRADOS\grao_DSC_0422_id60.png,RGB_JPG_QUEBRADOS,RGB_JPG_QUEBRADOS
C:\Users\eduar\Desktop\Soybe-main\data\com_fundo\RGB_JPG_QUEBRADOS\grao_DSC_0422_id61.png,RGB_JPG_QUEBRADOS,RGB_JPG_QUEBRADOS
C:\Users\eduar\Desktop\Soybe-main\data\com_fundo\RGB_JPG_QUEBRADOS\grao_DSC_0422_id62.png,RGB_JPG_QUEBRADOS,RGB_JPG_QUEBRADOS
C:\Users\eduar\Desktop\Soybe-main\data\com_fundo\RGB_JPG_QUEBRADOS\grao_DSC_0422_id63.png,RGB_JPG_QUEBRADOS,RGB_JPG_QUEBRADOS
C:\Users\eduar\Desktop\Soybe-main\data\com_fundo\RGB_JPG_QUEBRADOS\grao_DSC_0422_id64.png,RGB_JPG_QUEBRADOS,RGB_JPG_QUEBRADOS
C:\Users\eduar\Desktop\Soybe-main\data\com_fundo\RGB_JPG_QUEBRADOS\grao_DSC_0422_id65.png,RGB_JPG_QUEBRADOS,RGB_JPG_QUEBRADOS
C:\Users\eduar\Desktop\Soybe-main\data\com_fundo\RGB_JPG_QUEBRADOS\grao_DSC_0422_id66.png,RGB_JPG_QUEBRADOS,RGB_JPG_QUEBRADOS
C:\Users\eduar\Desktop\Soybe-main\data\com_fundo\RGB_JPG_QUEBRADOS\grao_DSC_0422_id67.png,RGB_JPG_QUEBRADOS,RGB_JPG_QUEBRADOS
C:\Users\eduar\Desktop\Soybe-main\data\com_fundo\RGB_JPG_QUEBRADOS\grao_DSC_0422_id68.png,RGB_JPG_QUEBRADOS,RGB_JPG_QUEBRADOS
C:\Users\eduar\Desktop\Soybe-main\data\com_fundo\RGB_JPG_QUEBRADOS\grao_DSC_0422_id69.png,RGB_JPG_QUEBRADOS,RGB_JPG_QUEBRADOS
C:\Users\eduar\Desktop\Soybe-main\data\com_fundo\RGB_JPG_QUEBRADOS\grao_DSC_0422_id7.png,RGB_JPG_QUEBRADOS,RGB_JPG_QUEBRADOS
C:\Users\eduar\Desktop\Soybe-main\data\com_fundo\RGB_JPG_QUEBRADOS\grao_DSC_0422_id70.png,RGB_JPG_QUEBRADOS,RGB_JPG_QUEBRADOS
C:\Users\eduar\Desktop\Soybe-main\data\com_fundo\RGB_JPG_QUEBRADOS\grao_DSC_0422_id71.png,RGB_JPG_QUEBRADOS,RGB_JPG_QUEBRADOS
C:\Users\eduar\Desktop\Soybe-main\data\com_fundo\RGB_JPG_QUEBRADOS\grao_DSC_0422_id72.png,RGB_JPG_QUEBRADOS,RGB_JPG_QUEBRADOS
C:\Users\eduar\Desktop\Soybe-main\data\com_fundo\RGB_JPG_QUEBRADOS\grao_DSC_0422_id73.png,RGB_JPG_QUEBRADOS,RGB_JPG_QUEBRADOS
C:\Users\eduar\Desktop\Soybe-main\data\com_fundo\RGB_JPG_QUEBRADOS\grao_DSC_0422_id74.png,RGB_JPG_QUEBRADOS,RGB_JPG_QUEBRADOS
C:\Users\eduar\Desktop\Soybe-main\data\com_fundo\RGB_JPG_QUEBRADOS\grao_DSC_0422_id75.png,RGB_JPG_QUEBRADOS,RGB_JPG_QUEBRADOS
C:\Users\eduar\Desktop\Soybe-main\data\com_fundo\RGB_JPG_QUEBRADOS\grao_DSC_0422_id76.png,RGB_JPG_QUEBRADOS,RGB_JPG_QUEBRADOS
C:\Users\eduar\Desktop\Soybe-main\data\com_fundo\RGB_JPG_QUEBRADOS\grao_DSC_0422_id77.png,RGB_JPG_QUEBRADOS,RGB_JPG_QUEBRADOS
C:\Users\eduar\Desktop\Soybe-main\data\com_fundo\RGB_JPG_QUEBRADOS\grao_DSC_0422_id78.png,RGB_JPG_QUEBRADOS,RGB_JPG_QUEBRADOS
C:\Users\eduar\Desktop\Soybe-main\data\com_fundo\RGB_JPG_QUEBRADOS\grao_DSC_0422_id79.png,RGB_JPG_QUEBRADOS,RGB_JPG_QUEBRADOS
C:\Users\eduar\Desktop\Soybe-main\data\com_fundo\RGB_JPG_QUEBRADOS\grao_DSC_0422_id8.png,RGB_JPG_QUEBRADOS,RGB_JPG_QUEBRADOS
C:\Users\eduar\Desktop\Soybe-main\data\com_fundo\RGB_JPG_QUEBRADOS\grao_DSC_0422_id80.png,RGB_JPG_QUEBRADOS,RGB_JPG_QUEBRADOS
C:\Users\eduar\Desktop\Soybe-main\data\com_fundo\RGB_JPG_QUEBRADOS\grao_DSC_0422_id81.png,RGB_JPG_QUEBRADOS,RGB_JPG_QUEBRADOS
C:\Users\eduar\Desktop\Soybe-main\data\com_fundo\RGB_JPG_QUEBRADOS\grao_DSC_0422_id82.png,RGB_JPG_QUEBRADOS,RGB_JPG_QUEBRADOS
C:\Users\eduar\Desktop\Soybe-main\data\com_fundo\RGB_JPG_QUEBRADOS\grao_DSC_0422_id83.png,RGB_JPG_QUEBRADOS,RGB_JPG_QUEBRADOS
C:\Users\eduar\Desktop\Soybe-main\data\com_fundo\RGB_JPG_QUEBRADOS\grao_DSC_0422_id84.png,RGB_JPG_QUEBRADOS,RGB_JPG_QUEBRADOS
C:\Users\eduar\Desktop\Soybe-main\data\com_fundo\RGB_JPG_QUEBRADOS\grao_DSC_0422_id85.png,RGB_JPG_QUEBRADOS,RGB_JPG_QUEBRADOS
C:\Users\eduar\Desktop\Soybe-main\data\com_fundo\RGB_JPG_QUEBRADOS\grao_DSC_0422_id86.png,RGB_JPG_QUEBRADOS,RGB_JPG_QUEBRADOS
C:\Users\eduar\Desktop\Soybe-main\data\com_fundo\RGB_JPG_QUEBRADOS\grao_DSC_0422_id87.png,RGB_JPG_QUEBRADOS,RGB_JPG_CHOCHOS
C:\Users\eduar\Desktop\Soybe-main\data\com_fundo\RGB_JPG_QUEBRADOS\grao_DSC_0422_id88.png,RGB_JPG_QUEBRADOS,RGB_JPG_QUEBRADOS
C:\Users\eduar\Desktop\Soybe-main\data\com_fundo\RGB_JPG_QUEBRADOS\grao_DSC_0422_id89.png,RGB_JPG_QUEBRADOS,RGB_JPG_QUEBRADOS
C:\Users\eduar\Desktop\Soybe-main\data\com_fundo\RGB_JPG_QUEBRADOS\grao_DSC_0422_id9.png,RGB_JPG_QUEBRADOS,RGB_JPG_QUEBRADOS
C:\Users\eduar\Desktop\Soybe-main\data\com_fundo\RGB_JPG_QUEBRADOS\grao_DSC_0422_id90.png,RGB_JPG_QUEBRADOS,RGB_JPG_QUEBRADOS
C:\Users\eduar\Desktop\Soybe-main\data\com_fundo\RGB_JPG_QUEBRADOS\grao_DSC_0430_id1.png,RGB_JPG_QUEBRADOS,RGB_JPG_QUEBRADOS
C:\Users\eduar\Desktop\Soybe-main\data\com_fundo\RGB_JPG_QUEBRADOS\grao_DSC_0430_id10.png,RGB_JPG_QUEBRADOS,RGB_JPG_QUEBRADOS
C:\Users\eduar\Desktop\Soybe-main\data\com_fundo\RGB_JPG_QUEBRADOS\grao_DSC_0430_id100.png,RGB_JPG_QUEBRADOS,RGB_JPG_QUEBRADOS
C:\Users\eduar\Desktop\Soybe-main\data\com_fundo\RGB_JPG_QUEBRADOS\grao_DSC_0430_id101.png,RGB_JPG_QUEBRADOS,RGB_JPG_QUEBRADOS
C:\Users\eduar\Desktop\Soybe-main\data\com_fundo\RGB_JPG_QUEBRADOS\grao_DSC_0430_id102.png,RGB_JPG_QUEBRADOS,RGB_JPG_QUEBRADOS
C:\Users\eduar\Desktop\Soybe-main\data\com_fundo\RGB_JPG_QUEBRADOS\grao_DSC_0430_id103.png,RGB_JPG_QUEBRADOS,RGB_JPG_QUEBRADOS
C:\Users\eduar\Desktop\Soybe-main\data\com_fundo\RGB_JPG_QUEBRADOS\grao_DSC_0430_id11.png,RGB_JPG_QUEBRADOS,RGB_JPG_QUEBRADOS
C:\Users\eduar\Desktop\Soybe-main\data\com_fundo\RGB_JPG_QUEBRADOS\grao_DSC_0430_id12.png,RGB_JPG_QUEBRADOS,RGB_JPG_QUEBRADOS
C:\Users\eduar\Desktop\Soybe-main\data\com_fundo\RGB_JPG_QUEBRADOS\grao_DSC_0430_id13.png,RGB_JPG_QUEBRADOS,RGB_JPG_QUEBRADOS
C:\Users\eduar\Desktop\Soybe-main\data\com_fundo\RGB_JPG_QUEBRADOS\grao_DSC_0430_id14.png,RGB_JPG_QUEBRADOS,RGB_JPG_QUEBRADOS
C:\Users\eduar\Desktop\Soybe-main\data\com_fundo\RGB_JPG_QUEBRADOS\grao_DSC_0430_id15.png,RGB_JPG_QUEBRADOS,RGB_JPG_QUEBRADOS
C:\Users\eduar\Desktop\Soybe-main\data\com_fundo\RGB_JPG_QUEBRADOS\grao_DSC_0430_id16.png,RGB_JPG_QUEBRADOS,RGB_JPG_Normais
C:\Users\eduar\Desktop\Soybe-main\data\com_fundo\RGB_JPG_QUEBRADOS\grao_DSC_0430_id19.png,RGB_JPG_QUEBRADOS,RGB_JPG_QUEBRADOS
C:\Users\eduar\Desktop\Soybe-main\data\com_fundo\RGB_JPG_QUEBRADOS\grao_DSC_0430_id2.png,RGB_JPG_QUEBRADOS,RGB_JPG_Normais
C:\Users\eduar\Desktop\Soybe-main\data\com_fundo\RGB_JPG_QUEBRADOS\grao_DSC_0430_id20.png,RGB_JPG_QUEBRADOS,RGB_JPG_QUEBRADOS
C:\Users\eduar\Desktop\Soybe-main\data\com_fundo\RGB_JPG_QUEBRADOS\grao_DSC_0430_id21.png,RGB_JPG_QUEBRADOS,RGB_JPG_QUEBRADOS
C:\Users\eduar\Desktop\Soybe-main\data\com_fundo\RGB_JPG_QUEBRADOS\grao_DSC_0430_id22.png,RGB_JPG_QUEBRADOS,RGB_JPG_QUEBRADOS
C:\Users\eduar\Desktop\Soybe-main\data\com_fundo\RGB_JPG_QUEBRADOS\grao_DSC_0430_id23.png,RGB_JPG_QUEBRADOS,RGB_JPG_QUEBRADOS
C:\Users\eduar\Desktop\Soybe-main\data\com_fundo\RGB_JPG_QUEBRADOS\grao_DSC_0430_id24.png,RGB_JPG_QUEBRADOS,RGB_JPG_QUEBRADOS
C:\Users\eduar\Desktop\Soybe-main\data\com_fundo\RGB_JPG_QUEBRADOS\grao_DSC_0430_id26.png,RGB_JPG_QUEBRADOS,RGB_JPG_Normais
C:\Users\eduar\Desktop\Soybe-main\data\com_fundo\RGB_JPG_QUEBRADOS\grao_DSC_0430_id27.png,RGB_JPG_QUEBRADOS,RGB_JPG_QUEBRADOS
C:\Users\eduar\Desktop\Soybe-main\data\com_fundo\RGB_JPG_QUEBRADOS\grao_DSC_0430_id28.png,RGB_JPG_QUEBRADOS,RGB_JPG_QUEBRADOS
C:\Users\eduar\Desktop\Soybe-main\data\com_fundo\RGB_JPG_QUEBRADOS\grao_DSC_0430_id29.png,RGB_JPG_QUEBRADOS,RGB_JPG_QUEBRADOS
C:\Users\eduar\Desktop\Soybe-main\data\com_fundo\RGB_JPG_QUEBRADOS\grao_DSC_0430_id3.png,RGB_JPG_QUEBRADOS,RGB_JPG_QUEBRADOS
C:\Users\eduar\Desktop\Soybe-main\data\com_fundo\RGB_JPG_QUEBRADOS\grao_DSC_0430_id30.png,RGB_JPG_QUEBRADOS,RGB_JPG_QUEBRADOS
C:\Users\eduar\Desktop\Soybe-main\data\com_fundo\RGB_JPG_QUEBRADOS\grao_DSC_0430_id31.png,RGB_JPG_QUEBRADOS,RGB_JPG_QUEBRADOS
C:\Users\eduar\Desktop\Soybe-main\data\com_fundo\RGB_JPG_QUEBRADOS\grao_DSC_0430_id32.png,RGB_JPG_QUEBRADOS,RGB_JPG_QUEBRADOS
C:\Users\eduar\Desktop\Soybe-main\data\com_fundo\RGB_JPG_QUEBRADOS\grao_DSC_0430_id33.png,RGB_JPG_QUEBRADOS,RGB_JPG_QUEBRADOS
C:\Users\eduar\Desktop\Soybe-main\data\com_fundo\RGB_JPG_QUEBRADOS\grao_DSC_0430_id34.png,RGB_JPG_QUEBRADOS,RGB_JPG_QUEBRADOS
C:\Users\eduar\Desktop\Soybe-main\data\com_fundo\RGB_JPG_QUEBRADOS\grao_DSC_0430_id35.png,RGB_JPG_QUEBRADOS,RGB_JPG_QUEBRADOS
C:\Users\eduar\Desktop\Soybe-main\data\com_fundo\RGB_JPG_QUEBRADOS\grao_DSC_0430_id36.png,RGB_JPG_QUEBRADOS,RGB_JPG_QUEBRADOS
C:\Users\eduar\Desktop\Soybe-main\data\com_fundo\RGB_JPG_QUEBRADOS\grao_DSC_0430_id37.png,RGB_JPG_QUEBRADOS,RGB_JPG_QUEBRADOS
C:\Users\eduar\Desktop\Soybe-main\data\com_fundo\RGB_JPG_QUEBRADOS\grao_DSC_0430_id38.png,RGB_JPG_QUEBRADOS,RGB_JPG_QUEBRADOS
C:\Users\eduar\Desktop\Soybe-main\data\com_fundo\RGB_JPG_QUEBRADOS\grao_DSC_0430_id39.png,RGB_JPG_QUEBRADOS,RGB_JPG_QUEBRADOS
C:\Users\eduar\Desktop\Soybe-main\data\com_fundo\RGB_JPG_QUEBRADOS\grao_DSC_0430_id4.png,RGB_JPG_QUEBRADOS,RGB_JPG_QUEBRADOS
C:\Users\eduar\Desktop\Soybe-main\data\com_fundo\RGB_JPG_QUEBRADOS\grao_DSC_0430_id40.png,RGB_JPG_QUEBRADOS,RGB_JPG_QUEBRADOS
C:\Users\eduar\Desktop\Soybe-main\data\com_fundo\RGB_JPG_QUEBRADOS\grao_DSC_0430_id42.png,RGB_JPG_QUEBRADOS,RGB_JPG_IMPUREZAS
C:\Users\eduar\Desktop\Soybe-main\data\com_fundo\RGB_JPG_QUEBRADOS\grao_DSC_0430_id43.png,RGB_JPG_QUEBRADOS,RGB_JPG_QUEBRADOS
C:\Users\eduar\Desktop\Soybe-main\data\com_fundo\RGB_JPG_QUEBRADOS\grao_DSC_0430_id44.png,RGB_JPG_QUEBRADOS,RGB_JPG_ESVERDEADO
C:\Users\eduar\Desktop\Soybe-main\data\com_fundo\RGB_JPG_QUEBRADOS\grao_DSC_0430_id45.png,RGB_JPG_QUEBRADOS,RGB_JPG_QUEBRADOS
C:\Users\eduar\Desktop\Soybe-main\data\com_fundo\RGB_JPG_QUEBRADOS\grao_DSC_0430_id46.png,RGB_JPG_QUEBRADOS,RGB_JPG_QUEBRADOS
C:\Users\eduar\Desktop\Soybe-main\data\com_fundo\RGB_JPG_QUEBRADOS\grao_DSC_0430_id47.png,RGB_JPG_QUEBRADOS,RGB_JPG_QUEBRADOS
C:\Users\eduar\Desktop\Soybe-main\data\com_fundo\RGB_JPG_QUEBRADOS\grao_DSC_0430_id48.png,RGB_JPG_QUEBRADOS,RGB_JPG_QUEBRADOS
C:\Users\eduar\Desktop\Soybe-main\data\com_fundo\RGB_JPG_QUEBRADOS\grao_DSC_0430_id49.png,RGB_JPG_QUEBRADOS,RGB_JPG_QUEBRADOS
C:\Users\eduar\Desktop\Soybe-main\data\com_fundo\RGB_JPG_QUEBRADOS\grao_DSC_0430_id5.png,RGB_JPG_QUEBRADOS,RGB_JPG_QUEBRADOS
C:\Users\eduar\Desktop\Soybe-main\data\com_fundo\RGB_JPG_QUEBRADOS\grao_DSC_0430_id50.png,RGB_JPG_QUEBRADOS,RGB_JPG_QUEBRADOS
C:\Users\eduar\Desktop\Soybe-main\data\com_fundo\RGB_JPG_QUEBRADOS\grao_DSC_0430_id51.png,RGB_JPG_QUEBRADOS,RGB_JPG_QUEBRADOS
C:\Users\eduar\Desktop\Soybe-main\data\com_fundo\RGB_JPG_QUEBRADOS\grao_DSC_0430_id53.png,RGB_JPG_QUEBRADOS,RGB_JPG_QUEBRADOS
C:\Users\eduar\Desktop\Soybe-main\data\com_fundo\RGB_JPG_QUEBRADOS\grao_DSC_0430_id54.png,RGB_JPG_QUEBRADOS,RGB_JPG_QUEBRADOS
C:\Users\eduar\Desktop\Soybe-main\data\com_fundo\RGB_JPG_QUEBRADOS\grao_DSC_0430_id55.png,RGB_JPG_QUEBRADOS,RGB_JPG_QUEBRADOS
C:\Users\eduar\Desktop\Soybe-main\data\com_fundo\RGB_JPG_QUEBRADOS\grao_DSC_0430_id56.png,RGB_JPG_QUEBRADOS,RGB_JPG_QUEBRADOS
C:\Users\eduar\Desktop\Soybe-main\data\com_fundo\RGB_JPG_QUEBRADOS\grao_DSC_0430_id57.png,RGB_JPG_QUEBRADOS,RGB_JPG_QUEBRADOS
C:\Users\eduar\Desktop\Soybe-main\data\com_fundo\RGB_JPG_QUEBRADOS\grao_DSC_0430_id58.png,RGB_JPG_QUEBRADOS,RGB_JPG_QUEBRADOS
C:\Users\eduar\Desktop\Soybe-main\data\com_fundo\RGB_JPG_QUEBRADOS\grao_DSC_0430_id59.png,RGB_JPG_QUEBRADOS,RGB_JPG_QUEBRADOS
C:\Users\eduar\Desktop\Soybe-main\data\com_fundo\RGB_JPG_QUEBRADOS\grao_DSC_0430_id6.png,RGB_JPG_QUEBRADOS,RGB_JPG_Normais
C:\Users\eduar\Desktop\Soybe-main\data\com_fundo\RGB_JPG_QUEBRADOS\grao_DSC_0430_id60.png,RGB_JPG_QUEBRADOS,RGB_JPG_Normais
C:\Users\eduar\Desktop\Soybe-main\data\com_fundo\RGB_JPG_QUEBRADOS\grao_DSC_0430_id61.png,RGB_JPG_QUEBRADOS,RGB_JPG_QUEBRADOS
C:\Users\eduar\Desktop\Soybe-main\data\com_fundo\RGB_JPG_QUEBRADOS\grao_DSC_0430_id62.png,RGB_JPG_QUEBRADOS,RGB_JPG_QUEBRADOS
C:\Users\eduar\Desktop\Soybe-main\data\com_fundo\RGB_JPG_QUEBRADOS\grao_DSC_0430_id63.png,RGB_JPG_QUEBRADOS,RGB_JPG_QUEBRADOS
C:\Users\eduar\Desktop\Soybe-main\data\com_fundo\RGB_JPG_QUEBRADOS\grao_DSC_0430_id64.png,RGB_JPG_QUEBRADOS,RGB_JPG_QUEBRADOS
C:\Users\eduar\Desktop\Soybe-main\data\com_fundo\RGB_JPG_QUEBRADOS\grao_DSC_0430_id65.png,RGB_JPG_QUEBRADOS,RGB_JPG_QUEBRADOS
C:\Users\eduar\Desktop\Soybe-main\data\com_fundo\RGB_JPG_QUEBRADOS\grao_DSC_0430_id66.png,RGB_JPG_QUEBRADOS,RGB_JPG_QUEBRADOS
C:\Users\eduar\Desktop\Soybe-main\data\com_fundo\RGB_JPG_QUEBRADOS\grao_DSC_0430_id68.png,RGB_JPG_QUEBRADOS,RGB_JPG_QUEBRADOS
C:\Users\eduar\Desktop\Soybe-main\data\com_fundo\RGB_JPG_QUEBRADOS\grao_DSC_0430_id69.png,RGB_JPG_QUEBRADOS,RGB_JPG_QUEBRADOS
C:\Users\eduar\Desktop\Soybe-main\data\com_fundo\RGB_JPG_QUEBRADOS\grao_DSC_0430_id7.png,RGB_JPG_QUEBRADOS,RGB_JPG_QUEBRADOS
C:\Users\eduar\Desktop\Soybe-main\data\com_fundo\RGB_JPG_QUEBRADOS\grao_DSC_0430_id70.png,RGB_JPG_QUEBRADOS,RGB_JPG_QUEBRADOS
C:\Users\eduar\Desktop\Soybe-main\data\com_fundo\RGB_JPG_QUEBRADOS\grao_DSC_0430_id71.png,RGB_JPG_QUEBRADOS,RGB_JPG_QUEBRADOS
C:\Users\eduar\Desktop\Soybe-main\data\com_fundo\RGB_JPG_QUEBRADOS\grao_DSC_0430_id72.png,RGB_JPG_QUEBRADOS,RGB_JPG_QUEBRADOS
C:\Users\eduar\Desktop\Soybe-main\data\com_fundo\RGB_JPG_QUEBRADOS\grao_DSC_0430_id73.png,RGB_JPG_QUEBRADOS,RGB_JPG_QUEBRADOS
C:\Users\eduar\Desktop\Soybe-main\data\com_fundo\RGB_JPG_QUEBRADOS\grao_DSC_0430_id75.png,RGB_JPG_QUEBRADOS,RGB_JPG_QUEBRADOS
C:\Users\eduar\Desktop\Soybe-main\data\com_fundo\RGB_JPG_QUEBRADOS\grao_DSC_0430_id76.png,RGB_JPG_QUEBRADOS,RGB_JPG_QUEBRADOS
C:\Users\eduar\Desktop\Soybe-main\data\com_fundo\RGB_JPG_QUEBRADOS\grao_DSC_0430_id77.png,RGB_JPG_QUEBRADOS,RGB_JPG_QUEBRADOS
C:\Users\eduar\Desktop\Soybe-main\data\com_fundo\RGB_JPG_QUEBRADOS\grao_DSC_0430_id78.png,RGB_JPG_QUEBRADOS,RGB_JPG_QUEBRADOS
C:\Users\eduar\Desktop\Soybe-main\data\com_fundo\RGB_JPG_QUEBRADOS\grao_DSC_0430_id79.png,RGB_JPG_QUEBRADOS,RGB_JPG_CHOCHOS
C:\Users\eduar\Desktop\Soybe-main\data\com_fundo\RGB_JPG_QUEBRADOS\grao_DSC_0430_id8.png,RGB_JPG_QUEBRADOS,RGB_JPG_QUEBRADOS
C:\Users\eduar\Desktop\Soybe-main\data\com_fundo\RGB_JPG_QUEBRADOS\grao_DSC_0430_id80.png,RGB_JPG_QUEBRADOS,RGB_JPG_QUEBRADOS
C:\Users\eduar\Desktop\Soybe-main\data\com_fundo\RGB_JPG_QUEBRADOS\grao_DSC_0430_id81.png,RGB_JPG_QUEBRADOS,RGB_JPG_QUEBRADOS
C:\Users\eduar\Desktop\Soybe-main\data\com_fundo\RGB_JPG_QUEBRADOS\grao_DSC_0430_id83.png,RGB_JPG_QUEBRADOS,RGB_JPG_QUEBRADOS
C:\Users\eduar\Desktop\Soybe-main\data\com_fundo\RGB_JPG_QUEBRADOS\grao_DSC_0430_id84.png,RGB_JPG_QUEBRADOS,RGB_JPG_QUEBRADOS
C:\Users\eduar\Desktop\Soybe-main\data\com_fundo\RGB_JPG_QUEBRADOS\grao_DSC_0430_id85.png,RGB_JPG_QUEBRADOS,RGB_JPG_QUEBRADOS
C:\Users\eduar\Desktop\Soybe-main\data\com_fundo\RGB_JPG_QUEBRADOS\grao_DSC_0430_id86.png,RGB_JPG_QUEBRADOS,RGB_JPG_QUEBRADOS
C:\Users\eduar\Desktop\Soybe-main\data\com_fundo\RGB_JPG_QUEBRADOS\grao_DSC_0430_id87.png,RGB_JPG_QUEBRADOS,RGB_JPG_QUEBRADOS
C:\Users\eduar\Desktop\Soybe-main\data\com_fundo\RGB_JPG_QUEBRADOS\grao_DSC_0430_id88.png,RGB_JPG_QUEBRADOS,RGB_JPG_QUEBRADOS
C:\Users\eduar\Desktop\Soybe-main\data\com_fundo\RGB_JPG_QUEBRADOS\grao_DSC_0430_id89.png,RGB_JPG_QUEBRADOS,RGB_JPG_QUEBRADOS
C:\Users\eduar\Desktop\Soybe-main\data\com_fundo\RGB_JPG_QUEBRADOS\grao_DSC_0430_id9.png,RGB_JPG_QUEBRADOS,RGB_JPG_QUEBRADOS
C:\Users\eduar\Desktop\Soybe-main\data\com_fundo\RGB_JPG_QUEBRADOS\grao_DSC_0430_id91.png,RGB_JPG_QUEBRADOS,RGB_JPG_CHOCHOS
C:\Users\eduar\Desktop\Soybe-main\data\com_fundo\RGB_JPG_QUEBRADOS\grao_DSC_0430_id92.png,RGB_JPG_QUEBRADOS,RGB_JPG_QUEBRADOS
C:\Users\eduar\Desktop\Soybe-main\data\com_fundo\RGB_JPG_QUEBRADOS\grao_DSC_0430_id93.png,RGB_JPG_QUEBRADOS,RGB_JPG_Normais
C:\Users\eduar\Desktop\Soybe-main\data\com_fundo\RGB_JPG_QUEBRADOS\grao_DSC_0430_id94.png,RGB_JPG_QUEBRADOS,RGB_JPG_QUEBRADOS
C:\Users\eduar\Desktop\Soybe-main\data\com_fundo\RGB_JPG_QUEBRADOS\grao_DSC_0430_id95.png,RGB_JPG_QUEBRADOS,RGB_JPG_QUEBRADOS
C:\Users\eduar\Desktop\Soybe-main\data\com_fundo\RGB_JPG_QUEBRADOS\grao_DSC_0430_id96.png,RGB_JPG_QUEBRADOS,RGB_JPG_QUEBRADOS
C:\Users\eduar\Desktop\Soybe-main\data\com_fundo\RGB_JPG_QUEBRADOS\grao_DSC_0430_id98.png,RGB_JPG_QUEBRADOS,RGB_JPG_QUEBRADOS
C:\Users\eduar\Desktop\Soybe-main\data\com_fundo\RGB_JPG_QUEBRADOS\grao_DSC_0430_id99.png,RGB_JPG_QUEBRADOS,RGB_JPG_QUEBRADOS
C:\Users\eduar\Desktop\Soybe-main\data\com_fundo\RGB_JPG_QUEBRADOS\grao_DSC_0448_id1.png,RGB_JPG_QUEBRADOS,RGB_JPG_QUEBRADOS
C:\Users\eduar\Desktop\Soybe-main\data\com_fundo\RGB_JPG_QUEBRADOS\grao_DSC_0448_id10.png,RGB_JPG_QUEBRADOS,RGB_JPG_QUEBRADOS
C:\Users\eduar\Desktop\Soybe-main\data\com_fundo\RGB_JPG_QUEBRADOS\grao_DSC_0448_id11.png,RGB_JPG_QUEBRADOS,RGB_JPG_QUEBRADOS
C:\Users\eduar\Desktop\Soybe-main\data\com_fundo\RGB_JPG_QUEBRADOS\grao_DSC_0448_id12.png,RGB_JPG_QUEBRADOS,RGB_JPG_QUEBRADOS
C:\Users\eduar\Desktop\Soybe-main\data\com_fundo\RGB_JPG_QUEBRADOS\grao_DSC_0448_id13.png,RGB_JPG_QUEBRADOS,RGB_JPG_QUEBRADOS
C:\Users\eduar\Desktop\Soybe-main\data\com_fundo\RGB_JPG_QUEBRADOS\grao_DSC_0448_id14.png,RGB_JPG_QUEBRADOS,RGB_JPG_QUEBRADOS
C:\Users\eduar\Desktop\Soybe-main\data\com_fundo\RGB_JPG_QUEBRADOS\grao_DSC_0448_id15.png,RGB_JPG_QUEBRADOS,RGB_JPG_QUEBRADOS
C:\Users\eduar\Desktop\Soybe-main\data\com_fundo\RGB_JPG_QUEBRADOS\grao_DSC_0448_id16.png,RGB_JPG_QUEBRADOS,RGB_JPG_QUEBRADOS
C:\Users\eduar\Desktop\Soybe-main\data\com_fundo\RGB_JPG_QUEBRADOS\grao_DSC_0448_id17.png,RGB_JPG_QUEBRADOS,RGB_JPG_QUEBRADOS
C:\Users\eduar\Desktop\Soybe-main\data\com_fundo\RGB_JPG_QUEBRADOS\grao_DSC_0448_id18.png,RGB_JPG_QUEBRADOS,RGB_JPG_QUEBRADOS
C:\Users\eduar\Desktop\Soybe-main\data\com_fundo\RGB_JPG_QUEBRADOS\grao_DSC_0448_id19.png,RGB_JPG_QUEBRADOS,RGB_JPG_QUEBRADOS
C:\Users\eduar\Desktop\Soybe-main\data\com_fundo\RGB_JPG_QUEBRADOS\grao_DSC_0448_id2.png,RGB_JPG_QUEBRADOS,RGB_JPG_QUEBRADOS
C:\Users\eduar\Desktop\Soybe-main\data\com_fundo\RGB_JPG_QUEBRADOS\grao_DSC_0448_id20.png,RGB_JPG_QUEBRADOS,RGB_JPG_QUEBRADOS
C:\Users\eduar\Desktop\Soybe-main\data\com_fundo\RGB_JPG_QUEBRADOS\grao_DSC_0448_id21.png,RGB_JPG_QUEBRADOS,RGB_JPG_QUEBRADOS
C:\Users\eduar\Desktop\Soybe-main\data\com_fundo\RGB_JPG_QUEBRADOS\grao_DSC_0448_id24.png,RGB_JPG_QUEBRADOS,RGB_JPG_QUEBRADOS
C:\Users\eduar\Desktop\Soybe-main\data\com_fundo\RGB_JPG_QUEBRADOS\grao_DSC_0448_id25.png,RGB_JPG_QUEBRADOS,RGB_JPG_QUEBRADOS
C:\Users\eduar\Desktop\Soybe-main\data\com_fundo\RGB_JPG_QUEBRADOS\grao_DSC_0448_id26.png,RGB_JPG_QUEBRADOS,RGB_JPG_QUEBRADOS
C:\Users\eduar\Desktop\Soybe-main\data\com_fundo\RGB_JPG_QUEBRADOS\grao_DSC_0448_id27.png,RGB_JPG_QUEBRADOS,RGB_JPG_QUEBRADOS
C:\Users\eduar\Desktop\Soybe-main\data\com_fundo\RGB_JPG_QUEBRADOS\grao_DSC_0448_id28.png,RGB_JPG_QUEBRADOS,RGB_JPG_QUEBRADOS
C:\Users\eduar\Desktop\Soybe-main\data\com_fundo\RGB_JPG_QUEBRADOS\grao_DSC_0448_id29.png,RGB_JPG_QUEBRADOS,RGB_JPG_QUEBRADOS
C:\Users\eduar\Desktop\Soybe-main\data\com_fundo\RGB_JPG_QUEBRADOS\grao_DSC_0448_id3.png,RGB_JPG_QUEBRADOS,RGB_JPG_QUEBRADOS
C:\Users\eduar\Desktop\Soybe-main\data\com_fundo\RGB_JPG_QUEBRADOS\grao_DSC_0448_id30.png,RGB_JPG_QUEBRADOS,RGB_JPG_QUEBRADOS
C:\Users\eduar\Desktop\Soybe-main\data\com_fundo\RGB_JPG_QUEBRADOS\grao_DSC_0448_id31.png,RGB_JPG_QUEBRADOS,RGB_JPG_QUEBRADOS
C:\Users\eduar\Desktop\Soybe-main\data\com_fundo\RGB_JPG_QUEBRADOS\grao_DSC_0448_id32.png,RGB_JPG_QUEBRADOS,RGB_JPG_QUEBRADOS
C:\Users\eduar\Desktop\Soybe-main\data\com_fundo\RGB_JPG_QUEBRADOS\grao_DSC_0448_id33.png,RGB_JPG_QUEBRADOS,RGB_JPG_QUEBRADOS
C:\Users\eduar\Desktop\Soybe-main\data\com_fundo\RGB_JPG_QUEBRADOS\grao_DSC_0448_id34.png,RGB_JPG_QUEBRADOS,RGB_JPG_QUEBRADOS
C:\Users\eduar\Desktop\Soybe-main\data\com_fundo\RGB_JPG_QUEBRADOS\grao_DSC_0448_id35.png,RGB_JPG_QUEBRADOS,RGB_JPG_QUEBRADOS
C:\Users\eduar\Desktop\Soybe-main\data\com_fundo\RGB_JPG_QUEBRADOS\grao_DSC_0448_id36.png,RGB_JPG_QUEBRADOS,RGB_JPG_QUEBRADOS
C:\Users\eduar\Desktop\Soybe-main\data\com_fundo\RGB_JPG_QUEBRADOS\grao_DSC_0448_id37.png,RGB_JPG_QUEBRADOS,RGB_JPG_QUEBRADOS
C:\Users\eduar\Desktop\Soybe-main\data\com_fundo\RGB_JPG_QUEBRADOS\grao_DSC_0448_id38.png,RGB_JPG_QUEBRADOS,RGB_JPG_QUEBRADOS
C:\Users\eduar\Desktop\Soybe-main\data\com_fundo\RGB_JPG_QUEBRADOS\grao_DSC_0448_id39.png,RGB_JPG_QUEBRADOS,RGB_JPG_QUEBRADOS
C:\Users\eduar\Desktop\Soybe-main\data\com_fundo\RGB_JPG_QUEBRADOS\grao_DSC_0448_id4.png,RGB_JPG_QUEBRADOS,RGB_JPG_QUEBRADOS
C:\Users\eduar\Desktop\Soybe-main\data\com_fundo\RGB_JPG_QUEBRADOS\grao_DSC_0448_id40.png,RGB_JPG_QUEBRADOS,RGB_JPG_QUEBRADOS
C:\Users\eduar\Desktop\Soybe-main\data\com_fundo\RGB_JPG_QUEBRADOS\grao_DSC_0448_id41.png,RGB_JPG_QUEBRADOS,RGB_JPG_QUEBRADOS
C:\Users\eduar\Desktop\Soybe-main\data\com_fundo\RGB_JPG_QUEBRADOS\grao_DSC_0448_id42.png,RGB_JPG_QUEBRADOS,RGB_JPG_QUEBRADOS
C:\Users\eduar\Desktop\Soybe-main\data\com_fundo\RGB_JPG_QUEBRADOS\grao_DSC_0448_id43.png,RGB_JPG_QUEBRADOS,RGB_JPG_QUEBRADOS
C:\Users\eduar\Desktop\Soybe-main\data\com_fundo\RGB_JPG_QUEBRADOS\grao_DSC_0448_id44.png,RGB_JPG_QUEBRADOS,RGB_JPG_QUEBRADOS
C:\Users\eduar\Desktop\Soybe-main\data\com_fundo\RGB_JPG_QUEBRADOS\grao_DSC_0448_id45.png,RGB_JPG_QUEBRADOS,RGB_JPG_QUEBRADOS
C:\Users\eduar\Desktop\Soybe-main\data\com_fundo\RGB_JPG_QUEBRADOS\grao_DSC_0448_id46.png,RGB_JPG_QUEBRADOS,RGB_JPG_QUEBRADOS
C:\Users\eduar\Desktop\Soybe-main\data\com_fundo\RGB_JPG_QUEBRADOS\grao_DSC_0448_id47.png,RGB_JPG_QUEBRADOS,RGB_JPG_QUEBRADOS
C:\Users\eduar\Desktop\Soybe-main\data\com_fundo\RGB_JPG_QUEBRADOS\grao_DSC_0448_id48.png,RGB_JPG_QUEBRADOS,RGB_JPG_QUEBRADOS
C:\Users\eduar\Desktop\Soybe-main\data\com_fundo\RGB_JPG_QUEBRADOS\grao_DSC_0448_id49.png,RGB_JPG_QUEBRADOS,RGB_JPG_QUEBRADOS
C:\Users\eduar\Desktop\Soybe-main\data\com_fundo\RGB_JPG_QUEBRADOS\grao_DSC_0448_id5.png,RGB_JPG_QUEBRADOS,RGB_JPG_QUEBRADOS
C:\Users\eduar\Desktop\Soybe-main\data\com_fundo\RGB_JPG_QUEBRADOS\grao_DSC_0448_id51.png,RGB_JPG_QUEBRADOS,RGB_JPG_QUEBRADOS
C:\Users\eduar\Desktop\Soybe-main\data\com_fundo\RGB_JPG_QUEBRADOS\grao_DSC_0448_id52.png,RGB_JPG_QUEBRADOS,RGB_JPG_QUEBRADOS
C:\Users\eduar\Desktop\Soybe-main\data\com_fundo\RGB_JPG_QUEBRADOS\grao_DSC_0448_id53.png,RGB_JPG_QUEBRADOS,RGB_JPG_QUEBRADOS
C:\Users\eduar\Desktop\Soybe-main\data\com_fundo\RGB_JPG_QUEBRADOS\grao_DSC_0448_id54.png,RGB_JPG_QUEBRADOS,RGB_JPG_QUEBRADOS
C:\Users\eduar\Desktop\Soybe-main\data\com_fundo\RGB_JPG_QUEBRADOS\grao_DSC_0448_id55.png,RGB_JPG_QUEBRADOS,RGB_JPG_QUEBRADOS
C:\Users\eduar\Desktop\Soybe-main\data\com_fundo\RGB_JPG_QUEBRADOS\grao_DSC_0448_id56.png,RGB_JPG_QUEBRADOS,RGB_JPG_QUEBRADOS
C:\Users\eduar\Desktop\Soybe-main\data\com_fundo\RGB_JPG_QUEBRADOS\grao_DSC_0448_id57.png,RGB_JPG_QUEBRADOS,RGB_JPG_QUEBRADOS
C:\Users\eduar\Desktop\Soybe-main\data\com_fundo\RGB_JPG_QUEBRADOS\grao_DSC_0448_id58.png,RGB_JPG_QUEBRADOS,RGB_JPG_QUEBRADOS
C:\Users\eduar\Desktop\Soybe-main\data\com_fundo\RGB_JPG_QUEBRADOS\grao_DSC_0448_id59.png,RGB_JPG_QUEBRADOS,RGB_JPG_QUEBRADOS
C:\Users\eduar\Desktop\Soybe-main\data\com_fundo\RGB_JPG_QUEBRADOS\grao_DSC_0448_id6.png,RGB_JPG_QUEBRADOS,RGB_JPG_QUEBRADOS
C:\Users\eduar\Desktop\Soybe-main\data\com_fundo\RGB_JPG_QUEBRADOS\grao_DSC_0448_id62.png,RGB_JPG_QUEBRADOS,RGB_JPG_QUEBRADOS
C:\Users\eduar\Desktop\Soybe-main\data\com_fundo\RGB_JPG_QUEBRADOS\grao_DSC_0448_id63.png,RGB_JPG_QUEBRADOS,RGB_JPG_QUEBRADOS
C:\Users\eduar\Desktop\Soybe-main\data\com_fundo\RGB_JPG_QUEBRADOS\grao_DSC_0448_id64.png,RGB_JPG_QUEBRADOS,RGB_JPG_QUEBRADOS
C:\Users\eduar\Desktop\Soybe-main\data\com_fundo\RGB_JPG_QUEBRADOS\grao_DSC_0448_id65.png,RGB_JPG_QUEBRADOS,RGB_JPG_QUEBRADOS
C:\Users\eduar\Desktop\Soybe-main\data\com_fundo\RGB_JPG_QUEBRADOS\grao_DSC_0448_id66.png,RGB_JPG_QUEBRADOS,RGB_JPG_QUEBRADOS
C:\Users\eduar\Desktop\Soybe-main\data\com_fundo\RGB_JPG_QUEBRADOS\grao_DSC_0448_id67.png,RGB_JPG_QUEBRADOS,RGB_JPG_QUEBRADOS
C:\Users\eduar\Desktop\Soybe-main\data\com_fundo\RGB_JPG_QUEBRADOS\grao_DSC_0448_id68.png,RGB_JPG_QUEBRADOS,RGB_JPG_QUEBRADOS
C:\Users\eduar\Desktop\Soybe-main\data\com_fundo\RGB_JPG_QUEBRADOS\grao_DSC_0448_id69.png,RGB_JPG_QUEBRADOS,RGB_JPG_QUEBRADOS
C:\Users\eduar\Desktop\Soybe-main\data\com_fundo\RGB_JPG_QUEBRADOS\grao_DSC_0448_id7.png,RGB_JPG_QUEBRADOS,RGB_JPG_QUEBRADOS
C:\Users\eduar\Desktop\Soybe-main\data\com_fundo\RGB_JPG_QUEBRADOS\grao_DSC_0448_id70.png,RGB_JPG_QUEBRADOS,RGB_JPG_QUEBRADOS
C:\Users\eduar\Desktop\Soybe-main\data\com_fundo\RGB_JPG_QUEBRADOS\grao_DSC_0448_id71.png,RGB_JPG_QUEBRADOS,RGB_JPG_QUEBRADOS
C:\Users\eduar\Desktop\Soybe-main\data\com_fundo\RGB_JPG_QUEBRADOS\grao_DSC_0448_id72.png,RGB_JPG_QUEBRADOS,RGB_JPG_Normais
C:\Users\eduar\Desktop\Soybe-main\data\com_fundo\RGB_JPG_QUEBRADOS\grao_DSC_0448_id73.png,RGB_JPG_QUEBRADOS,RGB_JPG_QUEBRADOS
C:\Users\eduar\Desktop\Soybe-main\data\com_fundo\RGB_JPG_QUEBRADOS\grao_DSC_0448_id74.png,RGB_JPG_QUEBRADOS,RGB_JPG_QUEBRADOS
C:\Users\eduar\Desktop\Soybe-main\data\com_fundo\RGB_JPG_QUEBRADOS\grao_DSC_0448_id75.png,RGB_JPG_QUEBRADOS,RGB_JPG_QUEBRADOS
C:\Users\eduar\Desktop\Soybe-main\data\com_fundo\RGB_JPG_QUEBRADOS\grao_DSC_0448_id76.png,RGB_JPG_QUEBRADOS,RGB_JPG_QUEBRADOS
C:\Users\eduar\Desktop\Soybe-main\data\com_fundo\RGB_JPG_QUEBRADOS\grao_DSC_0448_id77.png,RGB_JPG_QUEBRADOS,RGB_JPG_QUEBRADOS
C:\Users\eduar\Desktop\Soybe-main\data\com_fundo\RGB_JPG_QUEBRADOS\grao_DSC_0448_id78.png,RGB_JPG_QUEBRADOS,RGB_JPG_QUEBRADOS
C:\Users\eduar\Desktop\Soybe-main\data\com_fundo\RGB_JPG_QUEBRADOS\grao_DSC_0448_id79.png,RGB_JPG_QUEBRADOS,RGB_JPG_QUEBRADOS
C:\Users\eduar\Desktop\Soybe-main\data\com_fundo\RGB_JPG_QUEBRADOS\grao_DSC_0448_id8.png,RGB_JPG_QUEBRADOS,RGB_JPG_QUEBRADOS
C:\Users\eduar\Desktop\Soybe-main\data\com_fundo\RGB_JPG_QUEBRADOS\grao_DSC_0448_id80.png,RGB_JPG_QUEBRADOS,RGB_JPG_QUEBRADOS
C:\Users\eduar\Desktop\Soybe-main\data\com_fundo\RGB_JPG_QUEBRADOS\grao_DSC_0448_id81.png,RGB_JPG_QUEBRADOS,RGB_JPG_QUEBRADOS
C:\Users\eduar\Desktop\Soybe-main\data\com_fundo\RGB_JPG_QUEBRADOS\grao_DSC_0448_id82.png,RGB_JPG_QUEBRADOS,RGB_JPG_QUEBRADOS
C:\Users\eduar\Desktop\Soybe-main\data\com_fundo\RGB_JPG_QUEBRADOS\grao_DSC_0448_id83.png,RGB_JPG_QUEBRADOS,RGB_JPG_QUEBRADOS
C:\Users\eduar\Desktop\Soybe-main\data\com_fundo\RGB_JPG_QUEBRADOS\grao_DSC_0448_id84.png,RGB_JPG_QUEBRADOS,RGB_JPG_QUEBRADOS
C:\Users\eduar\Desktop\Soybe-main\data\com_fundo\RGB_JPG_QUEBRADOS\grao_DSC_0448_id85.png,RGB_JPG_QUEBRADOS,RGB_JPG_QUEBRADOS
C:\Users\eduar\Desktop\Soybe-main\data\com_fundo\RGB_JPG_QUEBRADOS\grao_DSC_0448_id86.png,RGB_JPG_QUEBRADOS,RGB_JPG_QUEBRADOS
C:\Users\eduar\Desktop\Soybe-main\data\com_fundo\RGB_JPG_QUEBRADOS\grao_DSC_0448_id87.png,RGB_JPG_QUEBRADOS,RGB_JPG_QUEBRADOS
C:\Users\eduar\Desktop\Soybe-main\data\com_fundo\RGB_JPG_QUEBRADOS\grao_DSC_0448_id88.png,RGB_JPG_QUEBRADOS,RGB_JPG_QUEBRADOS
C:\Users\eduar\Desktop\Soybe-main\data\com_fundo\RGB_JPG_QUEBRADOS\grao_DSC_0448_id89.png,RGB_JPG_QUEBRADOS,RGB_JPG_QUEBRADOS
C:\Users\eduar\Desktop\Soybe-main\data\com_fundo\RGB_JPG_QUEBRADOS\grao_DSC_0448_id9.png,RGB_JPG_QUEBRADOS,RGB_JPG_QUEBRADOS
C:\Users\eduar\Desktop\Soybe-main\data\com_fundo\RGB_JPG_QUEBRADOS\grao_DSC_0448_id90.png,RGB_JPG_QUEBRADOS,RGB_JPG_QUEBRADOS
C:\Users\eduar\Desktop\Soybe-main\data\com_fundo\RGB_JPG_QUEBRADOS\grao_DSC_0462_id1.png,RGB_JPG_QUEBRADOS,RGB_JPG_QUEBRADOS
C:\Users\eduar\Desktop\Soybe-main\data\com_fundo\RGB_JPG_QUEBRADOS\grao_DSC_0462_id10.png,RGB_JPG_QUEBRADOS,RGB_JPG_QUEBRADOS
C:\Users\eduar\Desktop\Soybe-main\data\com_fundo\RGB_JPG_QUEBRADOS\grao_DSC_0462_id100.png,RGB_JPG_QUEBRADOS,RGB_JPG_QUEBRADOS
C:\Users\eduar\Desktop\Soybe-main\data\com_fundo\RGB_JPG_QUEBRADOS\grao_DSC_0462_id101.png,RGB_JPG_QUEBRADOS,RGB_JPG_QUEBRADOS
C:\Users\eduar\Desktop\Soybe-main\data\com_fundo\RGB_JPG_QUEBRADOS\grao_DSC_0462_id102.png,RGB_JPG_QUEBRADOS,RGB_JPG_QUEBRADOS
C:\Users\eduar\Desktop\Soybe-main\data\com_fundo\RGB_JPG_QUEBRADOS\grao_DSC_0462_id103.png,RGB_JPG_QUEBRADOS,RGB_JPG_QUEBRADOS
C:\Users\eduar\Desktop\Soybe-main\data\com_fundo\RGB_JPG_QUEBRADOS\grao_DSC_0462_id11.png,RGB_JPG_QUEBRADOS,RGB_JPG_QUEBRADOS
C:\Users\eduar\Desktop\Soybe-main\data\com_fundo\RGB_JPG_QUEBRADOS\grao_DSC_0462_id12.png,RGB_JPG_QUEBRADOS,RGB_JPG_QUEBRADOS
C:\Users\eduar\Desktop\Soybe-main\data\com_fundo\RGB_JPG_QUEBRADOS\grao_DSC_0462_id13.png,RGB_JPG_QUEBRADOS,RGB_JPG_QUEBRADOS
C:\Users\eduar\Desktop\Soybe-main\data\com_fundo\RGB_JPG_QUEBRADOS\grao_DSC_0462_id14.png,RGB_JPG_QUEBRADOS,RGB_JPG_QUEBRADOS
C:\Users\eduar\Desktop\Soybe-main\data\com_fundo\RGB_JPG_QUEBRADOS\grao_DSC_0462_id15.png,RGB_JPG_QUEBRADOS,RGB_JPG_QUEBRADOS
C:\Users\eduar\Desktop\Soybe-main\data\com_fundo\RGB_JPG_QUEBRADOS\grao_DSC_0462_id16.png,RGB_JPG_QUEBRADOS,RGB_JPG_QUEBRADOS
C:\Users\eduar\Desktop\Soybe-main\data\com_fundo\RGB_JPG_QUEBRADOS\grao_DSC_0462_id17.png,RGB_JPG_QUEBRADOS,RGB_JPG_QUEBRADOS
C:\Users\eduar\Desktop\Soybe-main\data\com_fundo\RGB_JPG_QUEBRADOS\grao_DSC_0462_id19.png,RGB_JPG_QUEBRADOS,RGB_JPG_QUEBRADOS
C:\Users\eduar\Desktop\Soybe-main\data\com_fundo\RGB_JPG_QUEBRADOS\grao_DSC_0462_id2.png,RGB_JPG_QUEBRADOS,RGB_JPG_QUEBRADOS
C:\Users\eduar\Desktop\Soybe-main\data\com_fundo\RGB_JPG_QUEBRADOS\grao_DSC_0462_id20.png,RGB_JPG_QUEBRADOS,RGB_JPG_QUEBRADOS
C:\Users\eduar\Desktop\Soybe-main\data\com_fundo\RGB_JPG_QUEBRADOS\grao_DSC_0462_id21.png,RGB_JPG_QUEBRADOS,RGB_JPG_QUEBRADOS
C:\Users\eduar\Desktop\Soybe-main\data\com_fundo\RGB_JPG_QUEBRADOS\grao_DSC_0462_id22.png,RGB_JPG_QUEBRADOS,RGB_JPG_QUEBRADOS
C:\Users\eduar\Desktop\Soybe-main\data\com_fundo\RGB_JPG_QUEBRADOS\grao_DSC_0462_id23.png,RGB_JPG_QUEBRADOS,RGB_JPG_QUEBRADOS
C:\Users\eduar\Desktop\Soybe-main\data\com_fundo\RGB_JPG_QUEBRADOS\grao_DSC_0462_id24.png,RGB_JPG_QUEBRADOS,RGB_JPG_QUEBRADOS
C:\Users\eduar\Desktop\Soybe-main\data\com_fundo\RGB_JPG_QUEBRADOS\grao_DSC_0462_id25.png,RGB_JPG_QUEBRADOS,RGB_JPG_QUEBRADOS
C:\Users\eduar\Desktop\Soybe-main\data\com_fundo\RGB_JPG_QUEBRADOS\grao_DSC_0462_id26.png,RGB_JPG_QUEBRADOS,RGB_JPG_QUEBRADOS
C:\Users\eduar\Desktop\Soybe-main\data\com_fundo\RGB_JPG_QUEBRADOS\grao_DSC_0462_id27.png,RGB_JPG_QUEBRADOS,RGB_JPG_QUEBRADOS
C:\Users\eduar\Desktop\Soybe-main\data\com_fundo\RGB_JPG_QUEBRADOS\grao_DSC_0462_id28.png,RGB_JPG_QUEBRADOS,RGB_JPG_QUEBRADOS
C:\Users\eduar\Desktop\Soybe-main\data\com_fundo\RGB_JPG_QUEBRADOS\grao_DSC_0462_id29.png,RGB_JPG_QUEBRADOS,RGB_JPG_QUEBRADOS
C:\Users\eduar\Desktop\Soybe-main\data\com_fundo\RGB_JPG_QUEBRADOS\grao_DSC_0462_id3.png,RGB_JPG_QUEBRADOS,RGB_JPG_QUEBRADOS
C:\Users\eduar\Desktop\Soybe-main\data\com_fundo\RGB_JPG_QUEBRADOS\grao_DSC_0462_id30.png,RGB_JPG_QUEBRADOS,RGB_JPG_QUEBRADOS
C:\Users\eduar\Desktop\Soybe-main\data\com_fundo\RGB_JPG_QUEBRADOS\grao_DSC_0462_id31.png,RGB_JPG_QUEBRADOS,RGB_JPG_QUEBRADOS
C:\Users\eduar\Desktop\Soybe-main\data\com_fundo\RGB_JPG_QUEBRADOS\grao_DSC_0462_id32.png,RGB_JPG_QUEBRADOS,RGB_JPG_QUEBRADOS
C:\Users\eduar\Desktop\Soybe-main\data\com_fundo\RGB_JPG_QUEBRADOS\grao_DSC_0462_id33.png,RGB_JPG_QUEBRADOS,RGB_JPG_QUEBRADOS
C:\Users\eduar\Desktop\Soybe-main\data\com_fundo\RGB_JPG_QUEBRADOS\grao_DSC_0462_id34.png,RGB_JPG_QUEBRADOS,RGB_JPG_QUEBRADOS
C:\Users\eduar\Desktop\Soybe-main\data\com_fundo\RGB_JPG_QUEBRADOS\grao_DSC_0462_id35.png,RGB_JPG_QUEBRADOS,RGB_JPG_QUEBRADOS
C:\Users\eduar\Desktop\Soybe-main\data\com_fundo\RGB_JPG_QUEBRADOS\grao_DSC_0462_id36.png,RGB_JPG_QUEBRADOS,RGB_JPG_QUEBRADOS
C:\Users\eduar\Desktop\Soybe-main\data\com_fundo\RGB_JPG_QUEBRADOS\grao_DSC_0462_id38.png,RGB_JPG_QUEBRADOS,RGB_JPG_QUEBRADOS
C:\Users\eduar\Desktop\Soybe-main\data\com_fundo\RGB_JPG_QUEBRADOS\grao_DSC_0462_id39.png,RGB_JPG_QUEBRADOS,RGB_JPG_QUEBRADOS
C:\Users\eduar\Desktop\Soybe-main\data\com_fundo\RGB_JPG_QUEBRADOS\grao_DSC_0462_id4.png,RGB_JPG_QUEBRADOS,RGB_JPG_QUEBRADOS
C:\Users\eduar\Desktop\Soybe-main\data\com_fundo\RGB_JPG_QUEBRADOS\grao_DSC_0462_id40.png,RGB_JPG_QUEBRADOS,RGB_JPG_QUEBRADOS
C:\Users\eduar\Desktop\Soybe-main\data\com_fundo\RGB_JPG_QUEBRADOS\grao_DSC_0462_id41.png,RGB_JPG_QUEBRADOS,RGB_JPG_QUEBRADOS
C:\Users\eduar\Desktop\Soybe-main\data\com_fundo\RGB_JPG_QUEBRADOS\grao_DSC_0462_id42.png,RGB_JPG_QUEBRADOS,RGB_JPG_QUEBRADOS
C:\Users\eduar\Desktop\Soybe-main\data\com_fundo\RGB_JPG_QUEBRADOS\grao_DSC_0462_id43.png,RGB_JPG_QUEBRADOS,RGB_JPG_QUEBRADOS
C:\Users\eduar\Desktop\Soybe-main\data\com_fundo\RGB_JPG_QUEBRADOS\grao_DSC_0462_id44.png,RGB_JPG_QUEBRADOS,RGB_JPG_QUEBRADOS
C:\Users\eduar\Desktop\Soybe-main\data\com_fundo\RGB_JPG_QUEBRADOS\grao_DSC_0462_id45.png,RGB_JPG_QUEBRADOS,RGB_JPG_QUEBRADOS
C:\Users\eduar\Desktop\Soybe-main\data\com_fundo\RGB_JPG_QUEBRADOS\grao_DSC_0462_id46.png,RGB_JPG_QUEBRADOS,RGB_JPG_QUEBRADOS
C:\Users\eduar\Desktop\Soybe-main\data\com_fundo\RGB_JPG_QUEBRADOS\grao_DSC_0462_id47.png,RGB_JPG_QUEBRADOS,RGB_JPG_QUEBRADOS
C:\Users\eduar\Desktop\Soybe-main\data\com_fundo\RGB_JPG_QUEBRADOS\grao_DSC_0462_id48.png,RGB_JPG_QUEBRADOS,RGB_JPG_QUEBRADOS
C:\Users\eduar\Desktop\Soybe-main\data\com_fundo\RGB_JPG_QUEBRADOS\grao_DSC_0462_id49.png,RGB_JPG_QUEBRADOS,RGB_JPG_QUEBRADOS
C:\Users\eduar\Desktop\Soybe-main\data\com_fundo\RGB_JPG_QUEBRADOS\grao_DSC_0462_id5.png,RGB_JPG_QUEBRADOS,RGB_JPG_QUEBRADOS
C:\Users\eduar\Desktop\Soybe-main\data\com_fundo\RGB_JPG_QUEBRADOS\grao_DSC_0462_id50.png,RGB_JPG_QUEBRADOS,RGB_JPG_QUEBRADOS
C:\Users\eduar\Desktop\Soybe-main\data\com_fundo\RGB_JPG_QUEBRADOS\grao_DSC_0462_id51.png,RGB_JPG_QUEBRADOS,RGB_JPG_QUEBRADOS
C:\Users\eduar\Desktop\Soybe-main\data\com_fundo\RGB_JPG_QUEBRADOS\grao_DSC_0462_id52.png,RGB_JPG_QUEBRADOS,RGB_JPG_QUEBRADOS
C:\Users\eduar\Desktop\Soybe-main\data\com_fundo\RGB_JPG_QUEBRADOS\grao_DSC_0462_id53.png,RGB_JPG_QUEBRADOS,RGB_JPG_QUEBRADOS
C:\Users\eduar\Desktop\Soybe-main\data\com_fundo\RGB_JPG_QUEBRADOS\grao_DSC_0462_id54.png,RGB_JPG_QUEBRADOS,RGB_JPG_QUEBRADOS
C:\Users\eduar\Desktop\Soybe-main\data\com_fundo\RGB_JPG_QUEBRADOS\grao_DSC_0462_id55.png,RGB_JPG_QUEBRADOS,RGB_JPG_QUEBRADOS
C:\Users\eduar\Desktop\Soybe-main\data\com_fundo\RGB_JPG_QUEBRADOS\grao_DSC_0462_id56.png,RGB_JPG_QUEBRADOS,RGB_JPG_QUEBRADOS
C:\Users\eduar\Desktop\Soybe-main\data\com_fundo\RGB_JPG_QUEBRADOS\grao_DSC_0462_id57.png,RGB_JPG_QUEBRADOS,RGB_JPG_QUEBRADOS
C:\Users\eduar\Desktop\Soybe-main\data\com_fundo\RGB_JPG_QUEBRADOS\grao_DSC_0462_id58.png,RGB_JPG_QUEBRADOS,RGB_JPG_QUEBRADOS
C:\Users\eduar\Desktop\Soybe-main\data\com_fundo\RGB_JPG_QUEBRADOS\grao_DSC_0462_id59.png,RGB_JPG_QUEBRADOS,RGB_JPG_QUEBRADOS
C:\Users\eduar\Desktop\Soybe-main\data\com_fundo\RGB_JPG_QUEBRADOS\grao_DSC_0462_id6.png,RGB_JPG_QUEBRADOS,RGB_JPG_QUEBRADOS
C:\Users\eduar\Desktop\Soybe-main\data\com_fundo\RGB_JPG_QUEBRADOS\grao_DSC_0462_id60.png,RGB_JPG_QUEBRADOS,RGB_JPG_QUEBRADOS
C:\Users\eduar\Desktop\Soybe-main\data\com_fundo\RGB_JPG_QUEBRADOS\grao_DSC_0462_id61.png,RGB_JPG_QUEBRADOS,RGB_JPG_QUEBRADOS
C:\Users\eduar\Desktop\Soybe-main\data\com_fundo\RGB_JPG_QUEBRADOS\grao_DSC_0462_id62.png,RGB_JPG_QUEBRADOS,RGB_JPG_QUEBRADOS
C:\Users\eduar\Desktop\Soybe-main\data\com_fundo\RGB_JPG_QUEBRADOS\grao_DSC_0462_id63.png,RGB_JPG_QUEBRADOS,RGB_JPG_QUEBRADOS
C:\Users\eduar\Desktop\Soybe-main\data\com_fundo\RGB_JPG_QUEBRADOS\grao_DSC_0462_id64.png,RGB_JPG_QUEBRADOS,RGB_JPG_QUEBRADOS
C:\Users\eduar\Desktop\Soybe-main\data\com_fundo\RGB_JPG_QUEBRADOS\grao_DSC_0462_id65.png,RGB_JPG_QUEBRADOS,RGB_JPG_QUEBRADOS
C:\Users\eduar\Desktop\Soybe-main\data\com_fundo\RGB_JPG_QUEBRADOS\grao_DSC_0462_id69.png,RGB_JPG_QUEBRADOS,RGB_JPG_QUEBRADOS
C:\Users\eduar\Desktop\Soybe-main\data\com_fundo\RGB_JPG_QUEBRADOS\grao_DSC_0462_id7.png,RGB_JPG_QUEBRADOS,RGB_JPG_QUEBRADOS
C:\Users\eduar\Desktop\Soybe-main\data\com_fundo\RGB_JPG_QUEBRADOS\grao_DSC_0462_id70.png,RGB_JPG_QUEBRADOS,RGB_JPG_QUEBRADOS
C:\Users\eduar\Desktop\Soybe-main\data\com_fundo\RGB_JPG_QUEBRADOS\grao_DSC_0462_id71.png,RGB_JPG_QUEBRADOS,RGB_JPG_QUEBRADOS
C:\Users\eduar\Desktop\Soybe-main\data\com_fundo\RGB_JPG_QUEBRADOS\grao_DSC_0462_id72.png,RGB_JPG_QUEBRADOS,RGB_JPG_QUEBRADOS
C:\Users\eduar\Desktop\Soybe-main\data\com_fundo\RGB_JPG_QUEBRADOS\grao_DSC_0462_id73.png,RGB_JPG_QUEBRADOS,RGB_JPG_QUEBRADOS
C:\Users\eduar\Desktop\Soybe-main\data\com_fundo\RGB_JPG_QUEBRADOS\grao_DSC_0462_id74.png,RGB_JPG_QUEBRADOS,RGB_JPG_QUEBRADOS
C:\Users\eduar\Desktop\Soybe-main\data\com_fundo\RGB_JPG_QUEBRADOS\grao_DSC_0462_id75.png,RGB_JPG_QUEBRADOS,RGB_JPG_QUEBRADOS
C:\Users\eduar\Desktop\Soybe-main\data\com_fundo\RGB_JPG_QUEBRADOS\grao_DSC_0462_id76.png,RGB_JPG_QUEBRADOS,RGB_JPG_QUEBRADOS
C:\Users\eduar\Desktop\Soybe-main\data\com_fundo\RGB_JPG_QUEBRADOS\grao_DSC_0462_id77.png,RGB_JPG_QUEBRADOS,RGB_JPG_QUEBRADOS
C:\Users\eduar\Desktop\Soybe-main\data\com_fundo\RGB_JPG_QUEBRADOS\grao_DSC_0462_id78.png,RGB_JPG_QUEBRADOS,RGB_JPG_QUEBRADOS
C:\Users\eduar\Desktop\Soybe-main\data\com_fundo\RGB_JPG_QUEBRADOS\grao_DSC_0462_id79.png,RGB_JPG_QUEBRADOS,RGB_JPG_QUEBRADOS
C:\Users\eduar\Desktop\Soybe-main\data\com_fundo\RGB_JPG_QUEBRADOS\grao_DSC_0462_id8.png,RGB_JPG_QUEBRADOS,RGB_JPG_QUEBRADOS
C:\Users\eduar\Desktop\Soybe-main\data\com_fundo\RGB_JPG_QUEBRADOS\grao_DSC_0462_id80.png,RGB_JPG_QUEBRADOS,RGB_JPG_QUEBRADOS
C:\Users\eduar\Desktop\Soybe-main\data\com_fundo\RGB_JPG_QUEBRADOS\grao_DSC_0462_id81.png,RGB_JPG_QUEBRADOS,RGB_JPG_QUEBRADOS
C:\Users\eduar\Desktop\Soybe-main\data\com_fundo\RGB_JPG_QUEBRADOS\grao_DSC_0462_id82.png,RGB_JPG_QUEBRADOS,RGB_JPG_QUEBRADOS
C:\Users\eduar\Desktop\Soybe-main\data\com_fundo\RGB_JPG_QUEBRADOS\grao_DSC_0462_id83.png,RGB_JPG_QUEBRADOS,RGB_JPG_QUEBRADOS
C:\Users\eduar\Desktop\Soybe-main\data\com_fundo\RGB_JPG_QUEBRADOS\grao_DSC_0462_id84.png,RGB_JPG_QUEBRADOS,RGB_JPG_IMPUREZAS
C:\Users\eduar\Desktop\Soybe-main\data\com_fundo\RGB_JPG_QUEBRADOS\grao_DSC_0462_id85.png,RGB_JPG_QUEBRADOS,RGB_JPG_QUEBRADOS
C:\Users\eduar\Desktop\Soybe-main\data\com_fundo\RGB_JPG_QUEBRADOS\grao_DSC_0462_id86.png,RGB_JPG_QUEBRADOS,RGB_JPG_QUEBRADOS
C:\Users\eduar\Desktop\Soybe-main\data\com_fundo\RGB_JPG_QUEBRADOS\grao_DSC_0462_id87.png,RGB_JPG_QUEBRADOS,RGB_JPG_QUEBRADOS
C:\Users\eduar\Desktop\Soybe-main\data\com_fundo\RGB_JPG_QUEBRADOS\grao_DSC_0462_id88.png,RGB_JPG_QUEBRADOS,RGB_JPG_QUEBRADOS
C:\Users\eduar\Desktop\Soybe-main\data\com_fundo\RGB_JPG_QUEBRADOS\grao_DSC_0462_id89.png,RGB_JPG_QUEBRADOS,RGB_JPG_QUEBRADOS
C:\Users\eduar\Desktop\Soybe-main\data\com_fundo\RGB_JPG_QUEBRADOS\grao_DSC_0462_id9.png,RGB_JPG_QUEBRADOS,RGB_JPG_QUEBRADOS
C:\Users\eduar\Desktop\Soybe-main\data\com_fundo\RGB_JPG_QUEBRADOS\grao_DSC_0462_id90.png,RGB_JPG_QUEBRADOS,RGB_JPG_QUEBRADOS
C:\Users\eduar\Desktop\Soybe-main\data\com_fundo\RGB_JPG_QUEBRADOS\grao_DSC_0462_id91.png,RGB_JPG_QUEBRADOS,RGB_JPG_QUEBRADOS
C:\Users\eduar\Desktop\Soybe-main\data\com_fundo\RGB_JPG_QUEBRADOS\grao_DSC_0462_id92.png,RGB_JPG_QUEBRADOS,RGB_JPG_QUEBRADOS
C:\Users\eduar\Desktop\Soybe-main\data\com_fundo\RGB_JPG_QUEBRADOS\grao_DSC_0462_id93.png,RGB_JPG_QUEBRADOS,RGB_JPG_QUEBRADOS
C:\Users\eduar\Desktop\Soybe-main\data\com_fundo\RGB_JPG_QUEBRADOS\grao_DSC_0462_id94.png,RGB_JPG_QUEBRADOS,RGB_JPG_QUEBRADOS
C:\Users\eduar\Desktop\Soybe-main\data\com_fundo\RGB_JPG_QUEBRADOS\grao_DSC_0462_id95.png,RGB_JPG_QUEBRADOS,RGB_JPG_QUEBRADOS
C:\Users\eduar\Desktop\Soybe-main\data\com_fundo\RGB_JPG_QUEBRADOS\grao_DSC_0462_id96.png,RGB_JPG_QUEBRADOS,RGB_JPG_QUEBRADOS
C:\Users\eduar\Desktop\Soybe-main\data\com_fundo\RGB_JPG_QUEBRADOS\grao_DSC_0462_id97.png,RGB_JPG_QUEBRADOS,RGB_JPG_QUEBRADOS
C:\Users\eduar\Desktop\Soybe-main\data\com_fundo\RGB_JPG_QUEBRADOS\grao_DSC_0462_id98.png,RGB_JPG_QUEBRADOS,RGB_JPG_QUEBRADOS
C:\Users\eduar\Desktop\Soybe-main\data\com_fundo\RGB_JPG_QUEBRADOS\grao_DSC_0462_id99.png,RGB_JPG_QUEBRADOS,RGB_JPG_QUEBRADOS
C:\Users\eduar\Desktop\Soybe-main\data\com_fundo\RGB_JPG_QUEBRADOS\grao_DSC_0465_id1.png,RGB_JPG_QUEBRADOS,RGB_JPG_QUEBRADOS
C:\Users\eduar\Desktop\Soybe-main\data\com_fundo\RGB_JPG_QUEBRADOS\grao_DSC_0465_id10.png,RGB_JPG_QUEBRADOS,RGB_JPG_QUEBRADOS
C:\Users\eduar\Desktop\Soybe-main\data\com_fundo\RGB_JPG_QUEBRADOS\grao_DSC_0465_id100.png,RGB_JPG_QUEBRADOS,RGB_JPG_QUEBRADOS
C:\Users\eduar\Desktop\Soybe-main\data\com_fundo\RGB_JPG_QUEBRADOS\grao_DSC_0465_id101.png,RGB_JPG_QUEBRADOS,RGB_JPG_QUEBRADOS
C:\Users\eduar\Desktop\Soybe-main\data\com_fundo\RGB_JPG_QUEBRADOS\grao_DSC_0465_id11.png,RGB_JPG_QUEBRADOS,RGB_JPG_QUEBRADOS
C:\Users\eduar\Desktop\Soybe-main\data\com_fundo\RGB_JPG_QUEBRADOS\grao_DSC_0465_id12.png,RGB_JPG_QUEBRADOS,RGB_JPG_QUEBRADOS
C:\Users\eduar\Desktop\Soybe-main\data\com_fundo\RGB_JPG_QUEBRADOS\grao_DSC_0465_id13.png,RGB_JPG_QUEBRADOS,RGB_JPG_QUEBRADOS
C:\Users\eduar\Desktop\Soybe-main\data\com_fundo\RGB_JPG_QUEBRADOS\grao_DSC_0465_id14.png,RGB_JPG_QUEBRADOS,RGB_JPG_QUEBRADOS
C:\Users\eduar\Desktop\Soybe-main\data\com_fundo\RGB_JPG_QUEBRADOS\grao_DSC_0465_id15.png,RGB_JPG_QUEBRADOS,RGB_JPG_QUEBRADOS
C:\Users\eduar\Desktop\Soybe-main\data\com_fundo\RGB_JPG_QUEBRADOS\grao_DSC_0465_id16.png,RGB_JPG_QUEBRADOS,RGB_JPG_QUEBRADOS
C:\Users\eduar\Desktop\Soybe-main\data\com_fundo\RGB_JPG_QUEBRADOS\grao_DSC_0465_id17.png,RGB_JPG_QUEBRADOS,RGB_JPG_QUEBRADOS
C:\Users\eduar\Desktop\Soybe-main\data\com_fundo\RGB_JPG_QUEBRADOS\grao_DSC_0465_id18.png,RGB_JPG_QUEBRADOS,RGB_JPG_QUEBRADOS
C:\Users\eduar\Desktop\Soybe-main\data\com_fundo\RGB_JPG_QUEBRADOS\grao_DSC_0465_id19.png,RGB_JPG_QUEBRADOS,RGB_JPG_QUEBRADOS
C:\Users\eduar\Desktop\Soybe-main\data\com_fundo\RGB_JPG_QUEBRADOS\grao_DSC_0465_id2.png,RGB_JPG_QUEBRADOS,RGB_JPG_QUEBRADOS
C:\Users\eduar\Desktop\Soybe-main\data\com_fundo\RGB_JPG_QUEBRADOS\grao_DSC_0465_id20.png,RGB_JPG_QUEBRADOS,RGB_JPG_QUEBRADOS
C:\Users\eduar\Desktop\Soybe-main\data\com_fundo\RGB_JPG_QUEBRADOS\grao_DSC_0465_id21.png,RGB_JPG_QUEBRADOS,RGB_JPG_QUEBRADOS
C:\Users\eduar\Desktop\Soybe-main\data\com_fundo\RGB_JPG_QUEBRADOS\grao_DSC_0465_id22.png,RGB_JPG_QUEBRADOS,RGB_JPG_QUEBRADOS
C:\Users\eduar\Desktop\Soybe-main\data\com_fundo\RGB_JPG_QUEBRADOS\grao_DSC_0465_id23.png,RGB_JPG_QUEBRADOS,RGB_JPG_QUEBRADOS
C:\Users\eduar\Desktop\Soybe-main\data\com_fundo\RGB_JPG_QUEBRADOS\grao_DSC_0465_id24.png,RGB_JPG_QUEBRADOS,RGB_JPG_QUEBRADOS
C:\Users\eduar\Desktop\Soybe-main\data\com_fundo\RGB_JPG_QUEBRADOS\grao_DSC_0465_id26.png,RGB_JPG_QUEBRADOS,RGB_JPG_QUEBRADOS
C:\Users\eduar\Desktop\Soybe-main\data\com_fundo\RGB_JPG_QUEBRADOS\grao_DSC_0465_id27.png,RGB_JPG_QUEBRADOS,RGB_JPG_QUEBRADOS
C:\Users\eduar\Desktop\Soybe-main\data\com_fundo\RGB_JPG_QUEBRADOS\grao_DSC_0465_id28.png,RGB_JPG_QUEBRADOS,RGB_JPG_QUEBRADOS
C:\Users\eduar\Desktop\Soybe-main\data\com_fundo\RGB_JPG_QUEBRADOS\grao_DSC_0465_id29.png,RGB_JPG_QUEBRADOS,RGB_JPG_QUEBRADOS
C:\Users\eduar\Desktop\Soybe-main\data\com_fundo\RGB_JPG_QUEBRADOS\grao_DSC_0465_id3.png,RGB_JPG_QUEBRADOS,RGB_JPG_QUEBRADOS
C:\Users\eduar\Desktop\Soybe-main\data\com_fundo\RGB_JPG_QUEBRADOS\grao_DSC_0465_id30.png,RGB_JPG_QUEBRADOS,RGB_JPG_QUEBRADOS
C:\Users\eduar\Desktop\Soybe-main\data\com_fundo\RGB_JPG_QUEBRADOS\grao_DSC_0465_id31.png,RGB_JPG_QUEBRADOS,RGB_JPG_QUEBRADOS
C:\Users\eduar\Desktop\Soybe-main\data\com_fundo\RGB_JPG_QUEBRADOS\grao_DSC_0465_id32.png,RGB_JPG_QUEBRADOS,RGB_JPG_QUEBRADOS
C:\Users\eduar\Desktop\Soybe-main\data\com_fundo\RGB_JPG_QUEBRADOS\grao_DSC_0465_id33.png,RGB_JPG_QUEBRADOS,RGB_JPG_QUEBRADOS
C:\Users\eduar\Desktop\Soybe-main\data\com_fundo\RGB_JPG_QUEBRADOS\grao_DSC_0465_id34.png,RGB_JPG_QUEBRADOS,RGB_JPG_QUEBRADOS
C:\Users\eduar\Desktop\Soybe-main\data\com_fundo\RGB_JPG_QUEBRADOS\grao_DSC_0465_id36.png,RGB_JPG_QUEBRADOS,RGB_JPG_QUEBRADOS
C:\Users\eduar\Desktop\Soybe-main\data\com_fundo\RGB_JPG_QUEBRADOS\grao_DSC_0465_id37.png,RGB_JPG_QUEBRADOS,RGB_JPG_QUEBRADOS
C:\Users\eduar\Desktop\Soybe-main\data\com_fundo\RGB_JPG_QUEBRADOS\grao_DSC_0465_id38.png,RGB_JPG_QUEBRADOS,RGB_JPG_QUEBRADOS
C:\Users\eduar\Desktop\Soybe-main\data\com_fundo\RGB_JPG_QUEBRADOS\grao_DSC_0465_id39.png,RGB_JPG_QUEBRADOS,RGB_JPG_QUEBRADOS
C:\Users\eduar\Desktop\Soybe-main\data\com_fundo\RGB_JPG_QUEBRADOS\grao_DSC_0465_id4.png,RGB_JPG_QUEBRADOS,RGB_JPG_QUEBRADOS
C:\Users\eduar\Desktop\Soybe-main\data\com_fundo\RGB_JPG_QUEBRADOS\grao_DSC_0465_id40.png,RGB_JPG_QUEBRADOS,RGB_JPG_QUEBRADOS
C:\Users\eduar\Desktop\Soybe-main\data\com_fundo\RGB_JPG_QUEBRADOS\grao_DSC_0465_id42.png,RGB_JPG_QUEBRADOS,RGB_JPG_QUEBRADOS
C:\Users\eduar\Desktop\Soybe-main\data\com_fundo\RGB_JPG_QUEBRADOS\grao_DSC_0465_id43.png,RGB_JPG_QUEBRADOS,RGB_JPG_QUEBRADOS
C:\Users\eduar\Desktop\Soybe-main\data\com_fundo\RGB_JPG_QUEBRADOS\grao_DSC_0465_id44.png,RGB_JPG_QUEBRADOS,RGB_JPG_QUEBRADOS
C:\Users\eduar\Desktop\Soybe-main\data\com_fundo\RGB_JPG_QUEBRADOS\grao_DSC_0465_id45.png,RGB_JPG_QUEBRADOS,RGB_JPG_QUEBRADOS
C:\Users\eduar\Desktop\Soybe-main\data\com_fundo\RGB_JPG_QUEBRADOS\grao_DSC_0465_id47.png,RGB_JPG_QUEBRADOS,RGB_JPG_QUEBRADOS
C:\Users\eduar\Desktop\Soybe-main\data\com_fundo\RGB_JPG_QUEBRADOS\grao_DSC_0465_id48.png,RGB_JPG_QUEBRADOS,RGB_JPG_QUEBRADOS
C:\Users\eduar\Desktop\Soybe-main\data\com_fundo\RGB_JPG_QUEBRADOS\grao_DSC_0465_id49.png,RGB_JPG_QUEBRADOS,RGB_JPG_QUEBRADOS
C:\Users\eduar\Desktop\Soybe-main\data\com_fundo\RGB_JPG_QUEBRADOS\grao_DSC_0465_id5.png,RGB_JPG_QUEBRADOS,RGB_JPG_QUEBRADOS
C:\Users\eduar\Desktop\Soybe-main\data\com_fundo\RGB_JPG_QUEBRADOS\grao_DSC_0465_id50.png,RGB_JPG_QUEBRADOS,RGB_JPG_QUEBRADOS
C:\Users\eduar\Desktop\Soybe-main\data\com_fundo\RGB_JPG_QUEBRADOS\grao_DSC_0465_id51.png,RGB_JPG_QUEBRADOS,RGB_JPG_QUEBRADOS
C:\Users\eduar\Desktop\Soybe-main\data\com_fundo\RGB_JPG_QUEBRADOS\grao_DSC_0465_id52.png,RGB_JPG_QUEBRADOS,RGB_JPG_QUEBRADOS
C:\Users\eduar\Desktop\Soybe-main\data\com_fundo\RGB_JPG_QUEBRADOS\grao_DSC_0465_id53.png,RGB_JPG_QUEBRADOS,RGB_JPG_QUEBRADOS
C:\Users\eduar\Desktop\Soybe-main\data\com_fundo\RGB_JPG_QUEBRADOS\grao_DSC_0465_id54.png,RGB_JPG_QUEBRADOS,RGB_JPG_QUEBRADOS
C:\Users\eduar\Desktop\Soybe-main\data\com_fundo\RGB_JPG_QUEBRADOS\grao_DSC_0465_id55.png,RGB_JPG_QUEBRADOS,RGB_JPG_QUEBRADOS
C:\Users\eduar\Desktop\Soybe-main\data\com_fundo\RGB_JPG_QUEBRADOS\grao_DSC_0465_id56.png,RGB_JPG_QUEBRADOS,RGB_JPG_QUEBRADOS
C:\Users\eduar\Desktop\Soybe-main\data\com_fundo\RGB_JPG_QUEBRADOS\grao_DSC_0465_id57.png,RGB_JPG_QUEBRADOS,RGB_JPG_QUEBRADOS
C:\Users\eduar\Desktop\Soybe-main\data\com_fundo\RGB_JPG_QUEBRADOS\grao_DSC_0465_id6.png,RGB_JPG_QUEBRADOS,RGB_JPG_QUEBRADOS
C:\Users\eduar\Desktop\Soybe-main\data\com_fundo\RGB_JPG_QUEBRADOS\grao_DSC_0465_id61.png,RGB_JPG_QUEBRADOS,RGB_JPG_QUEBRADOS
C:\Users\eduar\Desktop\Soybe-main\data\com_fundo\RGB_JPG_QUEBRADOS\grao_DSC_0465_id62.png,RGB_JPG_QUEBRADOS,RGB_JPG_QUEBRADOS
C:\Users\eduar\Desktop\Soybe-main\data\com_fundo\RGB_JPG_QUEBRADOS\grao_DSC_0465_id63.png,RGB_JPG_QUEBRADOS,RGB_JPG_QUEBRADOS
C:\Users\eduar\Desktop\Soybe-main\data\com_fundo\RGB_JPG_QUEBRADOS\grao_DSC_0465_id64.png,RGB_JPG_QUEBRADOS,RGB_JPG_QUEBRADOS
C:\Users\eduar\Desktop\Soybe-main\data\com_fundo\RGB_JPG_QUEBRADOS\grao_DSC_0465_id65.png,RGB_JPG_QUEBRADOS,RGB_JPG_QUEBRADOS
C:\Users\eduar\Desktop\Soybe-main\data\com_fundo\RGB_JPG_QUEBRADOS\grao_DSC_0465_id66.png,RGB_JPG_QUEBRADOS,RGB_JPG_QUEBRADOS
C:\Users\eduar\Desktop\Soybe-main\data\com_fundo\RGB_JPG_QUEBRADOS\grao_DSC_0465_id67.png,RGB_JPG_QUEBRADOS,RGB_JPG_QUEBRADOS
C:\Users\eduar\Desktop\Soybe-main\data\com_fundo\RGB_JPG_QUEBRADOS\grao_DSC_0465_id68.png,RGB_JPG_QUEBRADOS,RGB_JPG_QUEBRADOS
C:\Users\eduar\Desktop\Soybe-main\data\com_fundo\RGB_JPG_QUEBRADOS\grao_DSC_0465_id69.png,RGB_JPG_QUEBRADOS,RGB_JPG_QUEBRADOS
C:\Users\eduar\Desktop\Soybe-main\data\com_fundo\RGB_JPG_QUEBRADOS\grao_DSC_0465_id7.png,RGB_JPG_QUEBRADOS,RGB_JPG_QUEBRADOS
C:\Users\eduar\Desktop\Soybe-main\data\com_fundo\RGB_JPG_QUEBRADOS\grao_DSC_0465_id70.png,RGB_JPG_QUEBRADOS,RGB_JPG_QUEBRADOS
C:\Users\eduar\Desktop\Soybe-main\data\com_fundo\RGB_JPG_QUEBRADOS\grao_DSC_0465_id71.png,RGB_JPG_QUEBRADOS,RGB_JPG_QUEBRADOS
C:\Users\eduar\Desktop\Soybe-main\data\com_fundo\RGB_JPG_QUEBRADOS\grao_DSC_0465_id72.png,RGB_JPG_QUEBRADOS,RGB_JPG_QUEBRADOS
C:\Users\eduar\Desktop\Soybe-main\data\com_fundo\RGB_JPG_QUEBRADOS\grao_DSC_0465_id73.png,RGB_JPG_QUEBRADOS,RGB_JPG_QUEBRADOS
C:\Users\eduar\Desktop\Soybe-main\data\com_fundo\RGB_JPG_QUEBRADOS\grao_DSC_0465_id74.png,RGB_JPG_QUEBRADOS,RGB_JPG_QUEBRADOS
C:\Users\eduar\Desktop\Soybe-main\data\com_fundo\RGB_JPG_QUEBRADOS\grao_DSC_0465_id75.png,RGB_JPG_QUEBRADOS,RGB_JPG_QUEBRADOS
C:\Users\eduar\Desktop\Soybe-main\data\com_fundo\RGB_JPG_QUEBRADOS\grao_DSC_0465_id76.png,RGB_JPG_QUEBRADOS,RGB_JPG_QUEBRADOS
C:\Users\eduar\Desktop\Soybe-main\data\com_fundo\RGB_JPG_QUEBRADOS\grao_DSC_0465_id77.png,RGB_JPG_QUEBRADOS,RGB_JPG_QUEBRADOS
C:\Users\eduar\Desktop\Soybe-main\data\com_fundo\RGB_JPG_QUEBRADOS\grao_DSC_0465_id78.png,RGB_JPG_QUEBRADOS,RGB_JPG_QUEBRADOS
C:\Users\eduar\Desktop\Soybe-main\data\com_fundo\RGB_JPG_QUEBRADOS\grao_DSC_0465_id79.png,RGB_JPG_QUEBRADOS,RGB_JPG_QUEBRADOS
C:\Users\eduar\Desktop\Soybe-main\data\com_fundo\RGB_JPG_QUEBRADOS\grao_DSC_0465_id8.png,RGB_JPG_QUEBRADOS,RGB_JPG_QUEBRADOS
C:\Users\eduar\Desktop\Soybe-main\data\com_fundo\RGB_JPG_QUEBRADOS\grao_DSC_0465_id80.png,RGB_JPG_QUEBRADOS,RGB_JPG_QUEBRADOS
C:\Users\eduar\Desktop\Soybe-main\data\com_fundo\RGB_JPG_QUEBRADOS\grao_DSC_0465_id81.png,RGB_JPG_QUEBRADOS,RGB_JPG_QUEBRADOS
C:\Users\eduar\Desktop\Soybe-main\data\com_fundo\RGB_JPG_QUEBRADOS\grao_DSC_0465_id82.png,RGB_JPG_QUEBRADOS,RGB_JPG_QUEBRADOS
C:\Users\eduar\Desktop\Soybe-main\data\com_fundo\RGB_JPG_QUEBRADOS\grao_DSC_0465_id83.png,RGB_JPG_QUEBRADOS,RGB_JPG_QUEBRADOS
C:\Users\eduar\Desktop\Soybe-main\data\com_fundo\RGB_JPG_QUEBRADOS\grao_DSC_0465_id84.png,RGB_JPG_QUEBRADOS,RGB_JPG_QUEBRADOS
C:\Users\eduar\Desktop\Soybe-main\data\com_fundo\RGB_JPG_QUEBRADOS\grao_DSC_0465_id85.png,RGB_JPG_QUEBRADOS,RGB_JPG_QUEBRADOS
C:\Users\eduar\Desktop\Soybe-main\data\com_fundo\RGB_JPG_QUEBRADOS\grao_DSC_0465_id86.png,RGB_JPG_QUEBRADOS,RGB_JPG_QUEBRADOS
C:\Users\eduar\Desktop\Soybe-main\data\com_fundo\RGB_JPG_QUEBRADOS\grao_DSC_0465_id87.png,RGB_JPG_QUEBRADOS,RGB_JPG_QUEBRADOS
C:\Users\eduar\Desktop\Soybe-main\data\com_fundo\RGB_JPG_QUEBRADOS\grao_DSC_0465_id88.png,RGB_JPG_QUEBRADOS,RGB_JPG_QUEBRADOS
C:\Users\eduar\Desktop\Soybe-main\data\com_fundo\RGB_JPG_QUEBRADOS\grao_DSC_0465_id89.png,RGB_JPG_QUEBRADOS,RGB_JPG_QUEBRADOS
C:\Users\eduar\Desktop\Soybe-main\data\com_fundo\RGB_JPG_QUEBRADOS\grao_DSC_0465_id9.png,RGB_JPG_QUEBRADOS,RGB_JPG_QUEBRADOS
C:\Users\eduar\Desktop\Soybe-main\data\com_fundo\RGB_JPG_QUEBRADOS\grao_DSC_0465_id90.png,RGB_JPG_QUEBRADOS,RGB_JPG_QUEBRADOS
C:\Users\eduar\Desktop\Soybe-main\data\com_fundo\RGB_JPG_QUEBRADOS\grao_DSC_0465_id91.png,RGB_JPG_QUEBRADOS,RGB_JPG_QUEBRADOS
C:\Users\eduar\Desktop\Soybe-main\data\com_fundo\RGB_JPG_QUEBRADOS\grao_DSC_0465_id92.png,RGB_JPG_QUEBRADOS,RGB_JPG_QUEBRADOS
C:\Users\eduar\Desktop\Soybe-main\data\com_fundo\RGB_JPG_QUEBRADOS\grao_DSC_0465_id93.png,RGB_JPG_QUEBRADOS,RGB_JPG_QUEBRADOS
C:\Users\eduar\Desktop\Soybe-main\data\com_fundo\RGB_JPG_QUEBRADOS\grao_DSC_0465_id94.png,RGB_JPG_QUEBRADOS,RGB_JPG_QUEBRADOS
C:\Users\eduar\Desktop\Soybe-main\data\com_fundo\RGB_JPG_QUEBRADOS\grao_DSC_0465_id95.png,RGB_JPG_QUEBRADOS,RGB_JPG_QUEBRADOS
C:\Users\eduar\Desktop\Soybe-main\data\com_fundo\RGB_JPG_QUEBRADOS\grao_DSC_0465_id96.png,RGB_JPG_QUEBRADOS,RGB_JPG_QUEBRADOS
C:\Users\eduar\Desktop\Soybe-main\data\com_fundo\RGB_JPG_QUEBRADOS\grao_DSC_0465_id97.png,RGB_JPG_QUEBRADOS,RGB_JPG_QUEBRADOS
C:\Users\eduar\Desktop\Soybe-main\data\com_fundo\RGB_JPG_QUEBRADOS\grao_DSC_0465_id98.png,RGB_JPG_QUEBRADOS,RGB_JPG_QUEBRADOS
C:\Users\eduar\Desktop\Soybe-main\data\com_fundo\RGB_JPG_QUEBRADOS\grao_DSC_0465_id99.png,RGB_JPG_QUEBRADOS,RGB_JPG_QUEBRADOS
