caminho_arquivo,classe_verdadeira,classe_predita
C:\Users\eduar\Desktop\Soybe-main\data\com_fundo\RGB_JPG_CHOCHOS\grao_DSC_0324_id1.png,RGB_JPG_CHOCHOS,RGB_JPG_CHOCHOS
C:\Users\eduar\Desktop\Soybe-main\data\com_fundo\RGB_JPG_CHOCHOS\grao_DSC_0324_id10.png,RGB_JPG_CHOCHOS,RGB_JPG_CHOCHOS
C:\Users\eduar\Desktop\Soybe-main\data\com_fundo\RGB_JPG_CHOCHOS\grao_DSC_0324_id100.png,RGB_JPG_CHOCHOS,RGB_JPG_CHOCHOS
C:\Users\eduar\Desktop\Soybe-main\data\com_fundo\RGB_JPG_CHOCHOS\grao_DSC_0324_id101.png,RGB_JPG_CHOCHOS,RGB_JPG_CHOCHOS
C:\Users\eduar\Desktop\Soybe-main\data\com_fundo\RGB_JPG_CHOCHOS\grao_DSC_0324_id102.png,RGB_JPG_CHOCHOS,RGB_JPG_CHOCHOS
C:\Users\eduar\Desktop\Soybe-main\data\com_fundo\RGB_JPG_CHOCHOS\grao_DSC_0324_id103.png,RGB_JPG_CHOCHOS,RGB_JPG_CHOCHOS
C:\Users\eduar\Desktop\Soybe-main\data\com_fundo\RGB_JPG_CHOCHOS\grao_DSC_0324_id104.png,RGB_JPG_CHOCHOS,RGB_JPG_CHOCHOS
C:\Users\eduar\Desktop\Soybe-main\data\com_fundo\RGB_JPG_CHOCHOS\grao_DSC_0324_id105.png,RGB_JPG_CHOCHOS,RGB_JPG_CHOCHOS
C:\Users\eduar\Desktop\Soybe-main\data\com_fundo\RGB_JPG_CHOCHOS\grao_DSC_0324_id106.png,RGB_JPG_CHOCHOS,RGB_JPG_CHOCHOS
C:\Users\eduar\Desktop\Soybe-main\data\com_fundo\RGB_JPG_CHOCHOS\grao_DSC_0324_id11.png,RGB_JPG_CHOCHOS,RGB_JPG_CHOCHOS
C:\Users\eduar\Desktop\Soybe-main\data\com_fundo\RGB_JPG_CHOCHOS\grao_DSC_0324_id12.png,RGB_JPG_CHOCHOS,RGB_JPG_CHOCHOS
C:\Users\eduar\Desktop\Soybe-main\data\com_fundo\RGB_JPG_CHOCHOS\grao_DSC_0324_id13.png,RGB_JPG_CHOCHOS,RGB_JPG_CHOCHOS
C:\Users\eduar\Desktop\Soybe-main\data\com_fundo\RGB_JPG_CHOCHOS\grao_DSC_0324_id14.png,RGB_JPG_CHOCHOS,RGB_JPG_CHOCHOS
C:\Users\eduar\Desktop\Soybe-main\data\com_fundo\RGB_JPG_CHOCHOS\grao_DSC_0324_id15.png,RGB_JPG_CHOCHOS,RGB_JPG_CHOCHOS
C:\Users\eduar\Desktop\Soybe-main\data\com_fundo\RGB_JPG_CHOCHOS\grao_DSC_0324_id16.png,RGB_JPG_CHOCHOS,RGB_JPG_CHOCHOS
C:\Users\eduar\Desktop\Soybe-main\data\com_fundo\RGB_JPG_CHOCHOS\grao_DSC_0324_id17.png,RGB_JPG_CHOCHOS,RGB_JPG_CHOCHOS
C:\Users\eduar\Desktop\Soybe-main\data\com_fundo\RGB_JPG_CHOCHOS\grao_DSC_0324_id18.png,RGB_JPG_CHOCHOS,RGB_JPG_CHOCHOS
C:\Users\eduar\Desktop\Soybe-main\data\com_fundo\RGB_JPG_CHOCHOS\grao_DSC_0324_id19.png,RGB_JPG_CHOCHOS,RGB_JPG_CHOCHOS
C:\Users\eduar\Desktop\Soybe-main\data\com_fundo\RGB_JPG_CHOCHOS\grao_DSC_0324_id2.png,RGB_JPG_CHOCHOS,RGB_JPG_CHOCHOS
C:\Users\eduar\Desktop\Soybe-main\data\com_fundo\RGB_JPG_CHOCHOS\grao_DSC_0324_id20.png,RGB_JPG_CHOCHOS,RGB_JPG_CHOCHOS
C:\Users\eduar\Desktop\Soybe-main\data\com_fundo\RGB_JPG_CHOCHOS\grao_DSC_0324_id21.png,RGB_JPG_CHOCHOS,RGB_JPG_CHOCHOS
C:\Users\eduar\Desktop\Soybe-main\data\com_fundo\RGB_JPG_CHOCHOS\grao_DSC_0324_id22.png,RGB_JPG_CHOCHOS,RGB_JPG_CHOCHOS
C:\Users\eduar\Desktop\Soybe-main\data\com_fundo\RGB_JPG_CHOCHOS\grao_DSC_0324_id23.png,RGB_JPG_CHOCHOS,RGB_JPG_CHOCHOS
C:\Users\eduar\Desktop\Soybe-main\data\com_fundo\RGB_JPG_CHOCHOS\grao_DSC_0324_id24.png,RGB_JPG_CHOCHOS,RGB_JPG_CHOCHOS
C:\Users\eduar\Desktop\Soybe-main\data\com_fundo\RGB_JPG_CHOCHOS\grao_DSC_0324_id25.png,RGB_JPG_CHOCHOS,RGB_JPG_CHOCHOS
C:\Users\eduar\Desktop\Soybe-main\data\com_fundo\RGB_JPG_CHOCHOS\grao_DSC_0324_id26.png,RGB_JPG_CHOCHOS,RGB_JPG_CHOCHOS
C:\Users\eduar\Desktop\Soybe-main\data\com_fundo\RGB_JPG_CHOCHOS\grao_DSC_0324_id27.png,RGB_JPG_CHOCHOS,RGB_JPG_CHOCHOS
C:\Users\eduar\Desktop\Soybe-main\data\com_fundo\RGB_JPG_CHOCHOS\grao_DSC_0324_id28.png,RGB_JPG_CHOCHOS,RGB_JPG_CHOCHOS
C:\Users\eduar\Desktop\Soybe-main\data\com_fundo\RGB_JPG_CHOCHOS\grao_DSC_0324_id29.png,RGB_JPG_CHOCHOS,RGB_JPG_CHOCHOS
C:\Users\eduar\Desktop\Soybe-main\data\com_fundo\RGB_JPG_CHOCHOS\grao_DSC_0324_id3.png,RGB_JPG_CHOCHOS,RGB_JPG_CHOCHOS
C:\Users\eduar\Desktop\Soybe-main\data\com_fundo\RGB_JPG_CHOCHOS\grao_DSC_0324_id30.png,RGB_JPG_CHOCHOS,RGB_JPG_CHOCHOS
C:\Users\eduar\Desktop\Soybe-main\data\com_fundo\RGB_JPG_CHOCHOS\grao_DSC_0324_id31.png,RGB_JPG_CHOCHOS,RGB_JPG_CHOCHOS
C:\Users\eduar\Desktop\Soybe-main\data\com_fundo\RGB_JPG_CHOCHOS\grao_DSC_0324_id32.png,RGB_JPG_CHOCHOS,RGB_JPG_CHOCHOS
C:\Users\eduar\Desktop\Soybe-main\data\com_fundo\RGB_JPG_CHOCHOS\grao_DSC_0324_id33.png,RGB_JPG_CHOCHOS,RGB_JPG_CHOCHOS
C:\Users\eduar\Desktop\Soybe-main\data\com_fundo\RGB_JPG_CHOCHOS\grao_DSC_0324_id34.png,RGB_JPG_CHOCHOS,RGB_JPG_CHOCHOS
C:\Users\eduar\Desktop\Soybe-main\data\com_fundo\RGB_JPG_CHOCHOS\grao_DSC_0324_id35.png,RGB_JPG_CHOCHOS,RGB_JPG_CHOCHOS
C:\Users\eduar\Desktop\Soybe-main\data\com_fundo\RGB_JPG_CHOCHOS\grao_DSC_0324_id36.png,RGB_JPG_CHOCHOS,RGB_JPG_CHOCHOS
C:\Users\eduar\Desktop\Soybe-main\data\com_fundo\RGB_JPG_CHOCHOS\grao_DSC_0324_id37.png,RGB_JPG_CHOCHOS,RGB_JPG_CHOCHOS
C:\Users\eduar\Desktop\Soybe-main\data\com_fundo\RGB_JPG_CHOCHOS\grao_DSC_0324_id38.png,RGB_JPG_CHOCHOS,RGB_JPG_CHOCHOS
C:\Users\eduar\Desktop\Soybe-main\data\com_fundo\RGB_JPG_CHOCHOS\grao_DSC_0324_id39.png,RGB_JPG_CHOCHOS,RGB_JPG_CHOCHOS
C:\Users\eduar\Desktop\Soybe-main\data\com_fundo\RGB_JPG_CHOCHOS\grao_DSC_0324_id4.png,RGB_JPG_CHOCHOS,RGB_JPG_CHOCHOS
C:\Users\eduar\Desktop\Soybe-main\data\com_fundo\RGB_JPG_CHOCHOS\grao_DSC_0324_id40.png,RGB_JPG_CHOCHOS,RGB_JPG_CHOCHOS
C:\Users\eduar\Desktop\Soybe-main\data\com_fundo\RGB_JPG_CHOCHOS\grao_DSC_0324_id41.png,RGB_JPG_CHOCHOS,RGB_JPG_CHOCHOS
C:\Users\eduar\Desktop\Soybe-main\data\com_fundo\RGB_JPG_CHOCHOS\grao_DSC_0324_id42.png,RGB_JPG_CHOCHOS,RGB_JPG_CHOCHOS
C:\Users\eduar\Desktop\Soybe-main\data\com_fundo\RGB_JPG_CHOCHOS\grao_DSC_0324_id43.png,RGB_JPG_CHOCHOS,RGB_JPG_CHOCHOS
C:\Users\eduar\Desktop\Soybe-main\data\com_fundo\RGB_JPG_CHOCHOS\grao_DSC_0324_id44.png,RGB_JPG_CHOCHOS,RGB_JPG_CHOCHOS
C:\Users\eduar\Desktop\Soybe-main\data\com_fundo\RGB_JPG_CHOCHOS\grao_DSC_0324_id45.png,RGB_JPG_CHOCHOS,RGB_JPG_CHOCHOS
C:\Users\eduar\Desktop\Soybe-main\data\com_fundo\RGB_JPG_CHOCHOS\grao_DSC_0324_id46.png,RGB_JPG_CHOCHOS,RGB_JPG_CHOCHOS
C:\Users\eduar\Desktop\Soybe-main\data\com_fundo\RGB_JPG_CHOCHOS\grao_DSC_0324_id47.png,RGB_JPG_CHOCHOS,RGB_JPG_CHOCHOS
C:\Users\eduar\Desktop\Soybe-main\data\com_fundo\RGB_JPG_CHOCHOS\grao_DSC_0324_id48.png,RGB_JPG_CHOCHOS,RGB_JPG_CHOCHOS
C:\Users\eduar\Desktop\Soybe-main\data\com_fundo\RGB_JPG_CHOCHOS\grao_DSC_0324_id49.png,RGB_JPG_CHOCHOS,RGB_JPG_CHOCHOS
C:\Users\eduar\Desktop\Soybe-main\data\com_fundo\RGB_JPG_CHOCHOS\grao_DSC_0324_id5.png,RGB_JPG_CHOCHOS,RGB_JPG_CHOCHOS
C:\Users\eduar\Desktop\Soybe-main\data\com_fundo\RGB_JPG_CHOCHOS\grao_DSC_0324_id50.png,RGB_JPG_CHOCHOS,RGB_JPG_CHOCHOS
C:\Users\eduar\Desktop\Soybe-main\data\com_fundo\RGB_JPG_CHOCHOS\grao_DSC_0324_id51.png,RGB_JPG_CHOCHOS,RGB_JPG_CHOCHOS
C:\Users\eduar\Desktop\Soybe-main\data\com_fundo\RGB_JPG_CHOCHOS\grao_DSC_0324_id52.png,RGB_JPG_CHOCHOS,RGB_JPG_CHOCHOS
C:\Users\eduar\Desktop\Soybe-main\data\com_fundo\RGB_JPG_CHOCHOS\grao_DSC_0324_id53.png,RGB_JPG_CHOCHOS,RGB_JPG_CHOCHOS
C:\Users\eduar\Desktop\Soybe-main\data\com_fundo\RGB_JPG_CHOCHOS\grao_DSC_0324_id54.png,RGB_JPG_CHOCHOS,RGB_JPG_CHOCHOS
C:\Users\eduar\Desktop\Soybe-main\data\com_fundo\RGB_JPG_CHOCHOS\grao_DSC_0324_id55.png,RGB_JPG_CHOCHOS,RGB_JPG_CHOCHOS
C:\Users\eduar\Desktop\Soybe-main\data\com_fundo\RGB_JPG_CHOCHOS\grao_DSC_0324_id56.png,RGB_JPG_CHOCHOS,RGB_JPG_ESVERDEADO
C:\Users\eduar\Desktop\Soybe-main\data\com_fundo\RGB_JPG_CHOCHOS\grao_DSC_0324_id57.png,RGB_JPG_CHOCHOS,RGB_JPG_CHOCHOS
C:\Users\eduar\Desktop\Soybe-main\data\com_fundo\RGB_JPG_CHOCHOS\grao_DSC_0324_id58.png,RGB_JPG_CHOCHOS,RGB_JPG_CHOCHOS
C:\Users\eduar\Desktop\Soybe-main\data\com_fundo\RGB_JPG_CHOCHOS\grao_DSC_0324_id59.png,RGB_JPG_CHOCHOS,RGB_JPG_CHOCHOS
C:\Users\eduar\Desktop\Soybe-main\data\com_fundo\RGB_JPG_CHOCHOS\grao_DSC_0324_id6.png,RGB_JPG_CHOCHOS,RGB_JPG_CHOCHOS
C:\Users\eduar\Desktop\Soybe-main\data\com_fundo\RGB_JPG_CHOCHOS\grao_DSC_0324_id60.png,RGB_JPG_CHOCHOS,RGB_JPG_CHOCHOS
C:\Users\eduar\Desktop\Soybe-main\data\com_fundo\RGB_JPG_CHOCHOS\grao_DSC_0324_id61.png,RGB_JPG_CHOCHOS,RGB_JPG_ESVERDEADO
C:\Users\eduar\Desktop\Soybe-main\data\com_fundo\RGB_JPG_CHOCHOS\grao_DSC_0324_id62.png,RGB_JPG_CHOCHOS,RGB_JPG_CHOCHOS
C:\Users\eduar\Desktop\Soybe-main\data\com_fundo\RGB_JPG_CHOCHOS\grao_DSC_0324_id63.png,RGB_JPG_CHOCHOS,RGB_JPG_CHOCHOS
C:\Users\eduar\Desktop\Soybe-main\data\com_fundo\RGB_JPG_CHOCHOS\grao_DSC_0324_id64.png,RGB_JPG_CHOCHOS,RGB_JPG_CHOCHOS
C:\Users\eduar\Desktop\Soybe-main\data\com_fundo\RGB_JPG_CHOCHOS\grao_DSC_0324_id65.png,RGB_JPG_CHOCHOS,RGB_JPG_CHOCHOS
C:\Users\eduar\Desktop\Soybe-main\data\com_fundo\RGB_JPG_CHOCHOS\grao_DSC_0324_id66.png,RGB_JPG_CHOCHOS,RGB_JPG_CHOCHOS
C:\Users\eduar\Desktop\Soybe-main\data\com_fundo\RGB_JPG_CHOCHOS\grao_DSC_0324_id67.png,RGB_JPG_CHOCHOS,RGB_JPG_CHOCHOS
C:\Users\eduar\Desktop\Soybe-main\data\com_fundo\RGB_JPG_CHOCHOS\grao_DSC_0324_id68.png,RGB_JPG_CHOCHOS,RGB_JPG_CHOCHOS
C:\Users\eduar\Desktop\Soybe-main\data\com_fundo\RGB_JPG_CHOCHOS\grao_DSC_0324_id7.png,RGB_JPG_CHOCHOS,RGB_JPG_QUEBRADOS
C:\Users\eduar\Desktop\Soybe-main\data\com_fundo\RGB_JPG_CHOCHOS\grao_DSC_0324_id70.png,RGB_JPG_CHOCHOS,RGB_JPG_CHOCHOS
C:\Users\eduar\Desktop\Soybe-main\data\com_fundo\RGB_JPG_CHOCHOS\grao_DSC_0324_id71.png,RGB_JPG_CHOCHOS,RGB_JPG_CHOCHOS
C:\Users\eduar\Desktop\Soybe-main\data\com_fundo\RGB_JPG_CHOCHOS\grao_DSC_0324_id72.png,RGB_JPG_CHOCHOS,RGB_JPG_PURPURAS
C:\Users\eduar\Desktop\Soybe-main\data\com_fundo\RGB_JPG_CHOCHOS\grao_DSC_0324_id74.png,RGB_JPG_CHOCHOS,RGB_JPG_CHOCHOS
C:\Users\eduar\Desktop\Soybe-main\data\com_fundo\RGB_JPG_CHOCHOS\grao_DSC_0324_id75.png,RGB_JPG_CHOCHOS,RGB_JPG_CHOCHOS
C:\Users\eduar\Desktop\Soybe-main\data\com_fundo\RGB_JPG_CHOCHOS\grao_DSC_0324_id76.png,RGB_JPG_CHOCHOS,RGB_JPG_CHOCHOS
C:\Users\eduar\Desktop\Soybe-main\data\com_fundo\RGB_JPG_CHOCHOS\grao_DSC_0324_id77.png,RGB_JPG_CHOCHOS,RGB_JPG_CHOCHOS
C:\Users\eduar\Desktop\Soybe-main\data\com_fundo\RGB_JPG_CHOCHOS\grao_DSC_0324_id78.png,RGB_JPG_CHOCHOS,RGB_JPG_CHOCHOS
C:\Users\eduar\Desktop\Soybe-main\data\com_fundo\RGB_JPG_CHOCHOS\grao_DSC_0324_id79.png,RGB_JPG_CHOCHOS,RGB_JPG_CHOCHOS
C:\Users\eduar\Desktop\Soybe-main\data\com_fundo\RGB_JPG_CHOCHOS\grao_DSC_0324_id8.png,RGB_JPG_CHOCHOS,RGB_JPG_CHOCHOS
C:\Users\eduar\Desktop\Soybe-main\data\com_fundo\RGB_JPG_CHOCHOS\grao_DSC_0324_id80.png,RGB_JPG_CHOCHOS,RGB_JPG_CHOCHOS
C:\Users\eduar\Desktop\Soybe-main\data\com_fundo\RGB_JPG_CHOCHOS\grao_DSC_0324_id81.png,RGB_JPG_CHOCHOS,RGB_JPG_CHOCHOS
C:\Users\eduar\Desktop\Soybe-main\data\com_fundo\RGB_JPG_CHOCHOS\grao_DSC_0324_id82.png,RGB_JPG_CHOCHOS,RGB_JPG_CHOCHOS
C:\Users\eduar\Desktop\Soybe-main\data\com_fundo\RGB_JPG_CHOCHOS\grao_DSC_0324_id83.png,RGB_JPG_CHOCHOS,RGB_JPG_CHOCHOS
C:\Users\eduar\Desktop\Soybe-main\data\com_fundo\RGB_JPG_CHOCHOS\grao_DSC_0324_id84.png,RGB_JPG_CHOCHOS,RGB_JPG_CHOCHOS
C:\Users\eduar\Desktop\Soybe-main\data\com_fundo\RGB_JPG_CHOCHOS\grao_DSC_0324_id85.png,RGB_JPG_CHOCHOS,RGB_JPG_CHOCHOS
C:\Users\eduar\Desktop\Soybe-main\data\com_fundo\RGB_JPG_CHOCHOS\grao_DSC_0324_id86.png,RGB_JPG_CHOCHOS,RGB_JPG_CHOCHOS
C:\Users\eduar\Desktop\Soybe-main\data\com_fundo\RGB_JPG_CHOCHOS\grao_DSC_0324_id87.png,RGB_JPG_CHOCHOS,RGB_JPG_CHOCHOS
C:\Users\eduar\Desktop\Soybe-main\data\com_fundo\RGB_JPG_CHOCHOS\grao_DSC_0324_id88.png,RGB_JPG_CHOCHOS,RGB_JPG_CHOCHOS
C:\Users\eduar\Desktop\Soybe-main\data\com_fundo\RGB_JPG_CHOCHOS\grao_DSC_0324_id89.png,RGB_JPG_CHOCHOS,RGB_JPG_CHOCHOS
C:\Users\eduar\Desktop\Soybe-main\data\com_fundo\RGB_JPG_CHOCHOS\grao_DSC_0324_id9.png,RGB_JPG_CHOCHOS,RGB_JPG_CHOCHOS
C:\Users\eduar\Desktop\Soybe-main\data\com_fundo\RGB_JPG_CHOCHOS\grao_DSC_0324_id90.png,RGB_JPG_CHOCHOS,RGB_JPG_CHOCHOS
C:\Users\eduar\Desktop\Soybe-main\data\com_fundo\RGB_JPG_CHOCHOS\grao_DSC_0324_id91.png,RGB_JPG_CHOCHOS,RGB_JPG_CHOCHOS
C:\Users\eduar\Desktop\Soybe-main\data\com_fundo\RGB_JPG_CHOCHOS\grao_DSC_0324_id92.png,RGB_JPG_CHOCHOS,RGB_JPG_CHOCHOS
C:\Users\eduar\Desktop\Soybe-main\data\com_fundo\RGB_JPG_CHOCHOS\grao_DSC_0324_id93.png,RGB_JPG_CHOCHOS,RGB_JPG_CHOCHOS
C:\Users\eduar\Desktop\Soybe-main\data\com_fundo\RGB_JPG_CHOCHOS\grao_DSC_0324_id94.png,RGB_JPG_CHOCHOS,RGB_JPG_CHOCHOS
C:\Users\eduar\Desktop\Soybe-main\data\com_fundo\RGB_JPG_CHOCHOS\grao_DSC_0324_id95.png,RGB_JPG_CHOCHOS,RGB_JPG_CHOCHOS
C:\Users\eduar\Desktop\Soybe-main\data\com_fundo\RGB_JPG_CHOCHOS\grao_DSC_0324_id96.png,RGB_JPG_CHOCHOS,RGB_JPG_CHOCHOS
C:\Users\eduar\Desktop\Soybe-main\data\com_fundo\RGB_JPG_CHOCHOS\grao_DSC_0324_id97.png,RGB_JPG_CHOCHOS,RGB_JPG_CHOCHOS
C:\Users\eduar\Desktop\Soybe-main\data\com_fundo\RGB_JPG_CHOCHOS\grao_DSC_0324_id98.png,RGB_JPG_CHOCHOS,RGB_JPG_CHOCHOS
C:\Users\eduar\Desktop\Soybe-main\data\com_fundo\RGB_JPG_CHOCHOS\grao_DSC_0324_id99.png,RGB_JPG_CHOCHOS,RGB_JPG_CHOCHOS
C:\Users\eduar\Desktop\Soybe-main\data\com_fundo\RGB_JPG_CHOCHOS\grao_DSC_0340_id1.png,RGB_JPG_CHOCHOS,RGB_JPG_CHOCHOS
C:\Users\eduar\Desktop\Soybe-main\data\com_fundo\RGB_JPG_CHOCHOS\grao_DSC_0340_id10.png,RGB_JPG_CHOCHOS,RGB_JPG_CHOCHOS
C:\Users\eduar\Desktop\Soybe-main\data\com_fundo\RGB_JPG_CHOCHOS\grao_DSC_0340_id100.png,RGB_JPG_CHOCHOS,RGB_JPG_CHOCHOS
C:\Users\eduar\Desktop\Soybe-main\data\com_fundo\RGB_JPG_CHOCHOS\grao_DSC_0340_id101.png,RGB_JPG_CHOCHOS,RGB_JPG_CHOCHOS
C:\Users\eduar\Desktop\Soybe-main\data\com_fundo\RGB_JPG_CHOCHOS\grao_DSC_0340_id102.png,RGB_JPG_CHOCHOS,RGB_JPG_CHOCHOS
C:\Users\eduar\Desktop\Soybe-main\data\com_fundo\RGB_JPG_CHOCHOS\grao_DSC_0340_id103.png,RGB_JPG_CHOCHOS,RGB_JPG_CHOCHOS
C:\Users\eduar\Desktop\Soybe-main\data\com_fundo\RGB_JPG_CHOCHOS\grao_DSC_0340_id104.png,RGB_JPG_CHOCHOS,RGB_JPG_CHOCHOS
C:\Users\eduar\Desktop\Soybe-main\data\com_fundo\RGB_JPG_CHOCHOS\grao_DSC_0340_id11.png,RGB_JPG_CHOCHOS,RGB_JPG_CHOCHOS
C:\Users\eduar\Desktop\Soybe-main\data\com_fundo\RGB_JPG_CHOCHOS\grao_DSC_0340_id12.png,RGB_JPG_CHOCHOS,RGB_JPG_CHOCHOS
C:\Users\eduar\Desktop\Soybe-main\data\com_fundo\RGB_JPG_CHOCHOS\grao_DSC_0340_id13.png,RGB_JPG_CHOCHOS,RGB_JPG_CHOCHOS
C:\Users\eduar\Desktop\Soybe-main\data\com_fundo\RGB_JPG_CHOCHOS\grao_DSC_0340_id14.png,RGB_JPG_CHOCHOS,RGB_JPG_CHOCHOS
C:\Users\eduar\Desktop\Soybe-main\data\com_fundo\RGB_JPG_CHOCHOS\grao_DSC_0340_id15.png,RGB_JPG_CHOCHOS,RGB_JPG_CHOCHOS
C:\Users\eduar\Desktop\Soybe-main\data\com_fundo\RGB_JPG_CHOCHOS\grao_DSC_0340_id16.png,RGB_JPG_CHOCHOS,RGB_JPG_CHOCHOS
C:\Users\eduar\Desktop\Soybe-main\data\com_fundo\RGB_JPG_CHOCHOS\grao_DSC_0340_id17.png,RGB_JPG_CHOCHOS,RGB_JPG_CHOCHOS
C:\Users\eduar\Desktop\Soybe-main\data\com_fundo\RGB_JPG_CHOCHOS\grao_DSC_0340_id18.png,RGB_JPG_CHOCHOS,RGB_JPG_CHOCHOS
C:\Users\eduar\Desktop\Soybe-main\data\com_fundo\RGB_JPG_CHOCHOS\grao_DSC_0340_id2.png,RGB_JPG_CHOCHOS,RGB_JPG_CHOCHOS
C:\Users\eduar\Desktop\Soybe-main\data\com_fundo\RGB_JPG_CHOCHOS\grao_DSC_0340_id20.png,RGB_JPG_CHOCHOS,RGB_JPG_CHOCHOS
C:\Users\eduar\Desktop\Soybe-main\data\com_fundo\RGB_JPG_CHOCHOS\grao_DSC_0340_id21.png,RGB_JPG_CHOCHOS,RGB_JPG_CHOCHOS
C:\Users\eduar\Desktop\Soybe-main\data\com_fundo\RGB_JPG_CHOCHOS\grao_DSC_0340_id22.png,RGB_JPG_CHOCHOS,RGB_JPG_CHOCHOS
C:\Users\eduar\Desktop\Soybe-main\data\com_fundo\RGB_JPG_CHOCHOS\grao_DSC_0340_id23.png,RGB_JPG_CHOCHOS,RGB_JPG_CHOCHOS
C:\Users\eduar\Desktop\Soybe-main\data\com_fundo\RGB_JPG_CHOCHOS\grao_DSC_0340_id24.png,RGB_JPG_CHOCHOS,RGB_JPG_CHOCHOS
C:\Users\eduar\Desktop\Soybe-main\data\com_fundo\RGB_JPG_CHOCHOS\grao_DSC_0340_id25.png,RGB_JPG_CHOCHOS,RGB_JPG_CHOCHOS
C:\Users\eduar\Desktop\Soybe-main\data\com_fundo\RGB_JPG_CHOCHOS\grao_DSC_0340_id27.png,RGB_JPG_CHOCHOS,RGB_JPG_CHOCHOS
C:\Users\eduar\Desktop\Soybe-main\data\com_fundo\RGB_JPG_CHOCHOS\grao_DSC_0340_id28.png,RGB_JPG_CHOCHOS,RGB_JPG_CHOCHOS
C:\Users\eduar\Desktop\Soybe-main\data\com_fundo\RGB_JPG_CHOCHOS\grao_DSC_0340_id29.png,RGB_JPG_CHOCHOS,RGB_JPG_CHOCHOS
C:\Users\eduar\Desktop\Soybe-main\data\com_fundo\RGB_JPG_CHOCHOS\grao_DSC_0340_id3.png,RGB_JPG_CHOCHOS,RGB_JPG_CHOCHOS
C:\Users\eduar\Desktop\Soybe-main\data\com_fundo\RGB_JPG_CHOCHOS\grao_DSC_0340_id30.png,RGB_JPG_CHOCHOS,RGB_JPG_CHOCHOS
C:\Users\eduar\Desktop\Soybe-main\data\com_fundo\RGB_JPG_CHOCHOS\grao_DSC_0340_id31.png,RGB_JPG_CHOCHOS,RGB_JPG_CHOCHOS
C:\Users\eduar\Desktop\Soybe-main\data\com_fundo\RGB_JPG_CHOCHOS\grao_DSC_0340_id32.png,RGB_JPG_CHOCHOS,RGB_JPG_CHOCHOS
C:\Users\eduar\Desktop\Soybe-main\data\com_fundo\RGB_JPG_CHOCHOS\grao_DSC_0340_id33.png,RGB_JPG_CHOCHOS,RGB_JPG_CHOCHOS
C:\Users\eduar\Desktop\Soybe-main\data\com_fundo\RGB_JPG_CHOCHOS\grao_DSC_0340_id34.png,RGB_JPG_CHOCHOS,RGB_JPG_CHOCHOS
C:\Users\eduar\Desktop\Soybe-main\data\com_fundo\RGB_JPG_CHOCHOS\grao_DSC_0340_id35.png,RGB_JPG_CHOCHOS,RGB_JPG_CHOCHOS
C:\Users\eduar\Desktop\Soybe-main\data\com_fundo\RGB_JPG_CHOCHOS\grao_DSC_0340_id36.png,RGB_JPG_CHOCHOS,RGB_JPG_CHOCHOS
C:\Users\eduar\Desktop\Soybe-main\data\com_fundo\RGB_JPG_CHOCHOS\grao_DSC_0340_id37.png,RGB_JPG_CHOCHOS,RGB_JPG_CHOCHOS
C:\Users\eduar\Desktop\Soybe-main\data\com_fundo\RGB_JPG_CHOCHOS\grao_DSC_0340_id38.png,RGB_JPG_CHOCHOS,RGB_JPG_CHOCHOS
C:\Users\eduar\Desktop\Soybe-main\data\com_fundo\RGB_JPG_CHOCHOS\grao_DSC_0340_id39.png,RGB_JPG_CHOCHOS,RGB_JPG_CHOCHOS
C:\Users\eduar\Desktop\Soybe-main\data\com_fundo\RGB_JPG_CHOCHOS\grao_DSC_0340_id4.png,RGB_JPG_CHOCHOS,RGB_JPG_CHOCHOS
C:\Users\eduar\Desktop\Soybe-main\data\com_fundo\RGB_JPG_CHOCHOS\grao_DSC_0340_id40.png,RGB_JPG_CHOCHOS,RGB_JPG_CHOCHOS
C:\Users\eduar\Desktop\Soybe-main\data\com_fundo\RGB_JPG_CHOCHOS\grao_DSC_0340_id41.png,RGB_JPG_CHOCHOS,RGB_JPG_CHOCHOS
C:\Users\eduar\Desktop\Soybe-main\data\com_fundo\RGB_JPG_CHOCHOS\grao_DSC_0340_id42.png,RGB_JPG_CHOCHOS,RGB_JPG_CHOCHOS
C:\Users\eduar\Desktop\Soybe-main\data\com_fundo\RGB_JPG_CHOCHOS\grao_DSC_0340_id43.png,RGB_JPG_CHOCHOS,RGB_JPG_CHOCHOS
C:\Users\eduar\Desktop\Soybe-main\data\com_fundo\RGB_JPG_CHOCHOS\grao_DSC_0340_id44.png,RGB_JPG_CHOCHOS,RGB_JPG_CHOCHOS
C:\Users\eduar\Desktop\Soybe-main\data\com_fundo\RGB_JPG_CHOCHOS\grao_DSC_0340_id45.png,RGB_JPG_CHOCHOS,RGB_JPG_CHOCHOS
C:\Users\eduar\Desktop\Soybe-main\data\com_fundo\RGB_JPG_CHOCHOS\grao_DSC_0340_id46.png,RGB_JPG_CHOCHOS,RGB_JPG_CHOCHOS
C:\Users\eduar\Desktop\Soybe-main\data\com_fundo\RGB_JPG_CHOCHOS\grao_DSC_0340_id47.png,RGB_JPG_CHOCHOS,RGB_JPG_CHOCHOS
C:\Users\eduar\Desktop\Soybe-main\data\com_fundo\RGB_JPG_CHOCHOS\grao_DSC_0340_id48.png,RGB_JPG_CHOCHOS,RGB_JPG_CHOCHOS
C:\Users\eduar\Desktop\Soybe-main\data\com_fundo\RGB_JPG_CHOCHOS\grao_DSC_0340_id49.png,RGB_JPG_CHOCHOS,RGB_JPG_CHOCHOS
C:\Users\eduar\Desktop\Soybe-main\data\com_fundo\RGB_JPG_CHOCHOS\grao_DSC_0340_id5.png,RGB_JPG_CHOCHOS,RGB_JPG_CHOCHOS
C:\Users\eduar\Desktop\Soybe-main\data\com_fundo\RGB_JPG_CHOCHOS\grao_DSC_0340_id50.png,RGB_JPG_CHOCHOS,RGB_JPG_CHOCHOS
C:\Users\eduar\Desktop\Soybe-main\data\com_fundo\RGB_JPG_CHOCHOS\grao_DSC_0340_id51.png,RGB_JPG_CHOCHOS,RGB_JPG_CHOCHOS
C:\Users\eduar\Desktop\Soybe-main\data\com_fundo\RGB_JPG_CHOCHOS\grao_DSC_0340_id52.png,RGB_JPG_CHOCHOS,RGB_JPG_CHOCHOS
C:\Users\eduar\Desktop\Soybe-main\data\com_fundo\RGB_JPG_CHOCHOS\grao_DSC_0340_id53.png,RGB_JPG_CHOCHOS,RGB_JPG_CHOCHOS
C:\Users\eduar\Desktop\Soybe-main\data\com_fundo\RGB_JPG_CHOCHOS\grao_DSC_0340_id54.png,RGB_JPG_CHOCHOS,RGB_JPG_CHOCHOS
C:\Users\eduar\Desktop\Soybe-main\data\com_fundo\RGB_JPG_CHOCHOS\grao_DSC_0340_id55.png,RGB_JPG_CHOCHOS,RGB_JPG_CHOCHOS
C:\Users\eduar\Desktop\Soybe-main\data\com_fundo\RGB_JPG_CHOCHOS\grao_DSC_0340_id56.png,RGB_JPG_CHOCHOS,RGB_JPG_CHOCHOS
C:\Users\eduar\Desktop\Soybe-main\data\com_fundo\RGB_JPG_CHOCHOS\grao_DSC_0340_id57.png,RGB_JPG_CHOCHOS,RGB_JPG_CHOCHOS
C:\Users\eduar\Desktop\Soybe-main\data\com_fundo\RGB_JPG_CHOCHOS\grao_DSC_0340_id58.png,RGB_JPG_CHOCHOS,RGB_JPG_CHOCHOS
C:\Users\eduar\Desktop\Soybe-main\data\com_fundo\RGB_JPG_CHOCHOS\grao_DSC_0340_id59.png,RGB_JPG_CHOCHOS,RGB_JPG_CHOCHOS
C:\Users\eduar\Desktop\Soybe-main\data\com_fundo\RGB_JPG_CHOCHOS\grao_DSC_0340_id6.png,RGB_JPG_CHOCHOS,RGB_JPG_CHOCHOS
C:\Users\eduar\Desktop\Soybe-main\data\com_fundo\RGB_JPG_CHOCHOS\grao_DSC_0340_id60.png,RGB_JPG_CHOCHOS,RGB_JPG_CHOCHOS
C:\Users\eduar\Desktop\Soybe-main\data\com_fundo\RGB_JPG_CHOCHOS\grao_DSC_0340_id61.png,RGB_JPG_CHOCHOS,RGB_JPG_CHOCHOS
C:\Users\eduar\Desktop\Soybe-main\data\com_fundo\RGB_JPG_CHOCHOS\grao_DSC_0340_id62.png,RGB_JPG_CHOCHOS,RGB_JPG_CHOCHOS
C:\Users\eduar\Desktop\Soybe-main\data\com_fundo\RGB_JPG_CHOCHOS\grao_DSC_0340_id63.png,RGB_JPG_CHOCHOS,RGB_JPG_CHOCHOS
C:\Users\eduar\Desktop\Soybe-main\data\com_fundo\RGB_JPG_CHOCHOS\grao_DSC_0340_id64.png,RGB_JPG_CHOCHOS,RGB_JPG_CHOCHOS
C:\Users\eduar\Desktop\Soybe-main\data\com_fundo\RGB_JPG_CHOCHOS\grao_DSC_0340_id65.png,RGB_JPG_CHOCHOS,RGB_JPG_CHOCHOS
C:\Users\eduar\Desktop\Soybe-main\data\com_fundo\RGB_JPG_CHOCHOS\grao_DSC_0340_id66.png,RGB_JPG_CHOCHOS,RGB_JPG_CHOCHOS
C:\Users\eduar\Desktop\Soybe-main\data\com_fundo\RGB_JPG_CHOCHOS\grao_DSC_0340_id67.png,RGB_JPG_CHOCHOS,RGB_JPG_CHOCHOS
C:\Users\eduar\Desktop\Soybe-main\data\com_fundo\RGB_JPG_CHOCHOS\grao_DSC_0340_id68.png,RGB_JPG_CHOCHOS,RGB_JPG_CHOCHOS
C:\Users\eduar\Desktop\Soybe-main\data\com_fundo\RGB_JPG_CHOCHOS\grao_DSC_0340_id69.png,RGB_JPG_CHOCHOS,RGB_JPG_CHOCHOS
C:\Users\eduar\Desktop\Soybe-main\data\com_fundo\RGB_JPG_CHOCHOS\grao_DSC_0340_id7.png,RGB_JPG_CHOCHOS,RGB_JPG_CHOCHOS
C:\Users\eduar\Desktop\Soybe-main\data\com_fundo\RGB_JPG_CHOCHOS\grao_DSC_0340_id70.png,RGB_JPG_CHOCHOS,RGB_JPG_CHOCHOS
C:\Users\eduar\Desktop\Soybe-main\data\com_fundo\RGB_JPG_CHOCHOS\grao_DSC_0340_id71.png,RGB_JPG_CHOCHOS,RGB_JPG_CHOCHOS
C:\Users\eduar\Desktop\Soybe-main\data\com_fundo\RGB_JPG_CHOCHOS\grao_DSC_0340_id72.png,RGB_JPG_CHOCHOS,RGB_JPG_CHOCHOS
C:\Users\eduar\Desktop\Soybe-main\data\com_fundo\RGB_JPG_CHOCHOS\grao_DSC_0340_id73.png,RGB_JPG_CHOCHOS,RGB_JPG_CHOCHOS
C:\Users\eduar\Desktop\Soybe-main\data\com_fundo\RGB_JPG_CHOCHOS\grao_DSC_0340_id74.png,RGB_JPG_CHOCHOS,RGB_JPG_CHOCHOS
C:\Users\eduar\Desktop\Soybe-main\data\com_fundo\RGB_JPG_CHOCHOS\grao_DSC_0340_id75.png,RGB_JPG_CHOCHOS,RGB_JPG_CHOCHOS
C:\Users\eduar\Desktop\Soybe-main\data\com_fundo\RGB_JPG_CHOCHOS\grao_DSC_0340_id76.png,RGB_JPG_CHOCHOS,RGB_JPG_CHOCHOS
C:\Users\eduar\Desktop\Soybe-main\data\com_fundo\RGB_JPG_CHOCHOS\grao_DSC_0340_id77.png,RGB_JPG_CHOCHOS,RGB_JPG_CHOCHOS
C:\Users\eduar\Desktop\Soybe-main\data\com_fundo\RGB_JPG_CHOCHOS\grao_DSC_0340_id78.png,RGB_JPG_CHOCHOS,RGB_JPG_CHOCHOS
C:\Users\eduar\Desktop\Soybe-main\data\com_fundo\RGB_JPG_CHOCHOS\grao_DSC_0340_id79.png,RGB_JPG_CHOCHOS,RGB_JPG_CHOCHOS
C:\Users\eduar\Desktop\Soybe-main\data\com_fundo\RGB_JPG_CHOCHOS\grao_DSC_0340_id8.png,RGB_JPG_CHOCHOS,RGB_JPG_CHOCHOS
C:\Users\eduar\Desktop\Soybe-main\data\com_fundo\RGB_JPG_CHOCHOS\grao_DSC_0340_id80.png,RGB_JPG_CHOCHOS,RGB_JPG_CHOCHOS
C:\Users\eduar\Desktop\Soybe-main\data\com_fundo\RGB_JPG_CHOCHOS\grao_DSC_0340_id81.png,RGB_JPG_CHOCHOS,RGB_JPG_CHOCHOS
C:\Users\eduar\Desktop\Soybe-main\data\com_fundo\RGB_JPG_CHOCHOS\grao_DSC_0340_id82.png,RGB_JPG_CHOCHOS,RGB_JPG_CHOCHOS
C:\Users\eduar\Desktop\Soybe-main\data\com_fundo\RGB_JPG_CHOCHOS\grao_DSC_0340_id83.png,RGB_JPG_CHOCHOS,RGB_JPG_CHOCHOS
C:\Users\eduar\Desktop\Soybe-main\data\com_fundo\RGB_JPG_CHOCHOS\grao_DSC_0340_id84.png,RGB_JPG_CHOCHOS,RGB_JPG_CHOCHOS
C:\Users\eduar\Desktop\Soybe-main\data\com_fundo\RGB_JPG_CHOCHOS\grao_DSC_0340_id85.png,RGB_JPG_CHOCHOS,RGB_JPG_CHOCHOS
C:\Users\eduar\Desktop\Soybe-main\data\com_fundo\RGB_JPG_CHOCHOS\grao_DSC_0340_id86.png,RGB_JPG_CHOCHOS,RGB_JPG_CHOCHOS
C:\Users\eduar\Desktop\Soybe-main\data\com_fundo\RGB_JPG_CHOCHOS\grao_DSC_0340_id87.png,RGB_JPG_CHOCHOS,RGB_JPG_CHOCHOS
C:\Users\eduar\Desktop\Soybe-main\data\com_fundo\RGB_JPG_CHOCHOS\grao_DSC_0340_id88.png,RGB_JPG_CHOCHOS,RGB_JPG_CHOCHOS
C:\Users\eduar\Desktop\Soybe-main\data\com_fundo\RGB_JPG_CHOCHOS\grao_DSC_0340_id89.png,RGB_JPG_CHOCHOS,RGB_JPG_CHOCHOS
C:\Users\eduar\Desktop\Soybe-main\data\com_fundo\RGB_JPG_CHOCHOS\grao_DSC_0340_id9.png,RGB_JPG_CHOCHOS,RGB_JPG_CHOCHOS
C:\Users\eduar\Desktop\Soybe-main\data\com_fundo\RGB_JPG_CHOCHOS\grao_DSC_0340_id90.png,RGB_JPG_CHOCHOS,RGB_JPG_CHOCHOS
C:\Users\eduar\Desktop\Soybe-main\data\com_fundo\RGB_JPG_CHOCHOS\grao_DSC_0340_id91.png,RGB_JPG_CHOCHOS,RGB_JPG_ESVERDEADO
C:\Users\eduar\Desktop\Soybe-main\data\com_fundo\RGB_JPG_CHOCHOS\grao_DSC_0340_id92.png,RGB_JPG_CHOCHOS,RGB_JPG_CHOCHOS
C:\Users\eduar\Desktop\Soybe-main\data\com_fundo\RGB_JPG_CHOCHOS\grao_DSC_0340_id93.png,RGB_JPG_CHOCHOS,RGB_JPG_CHOCHOS
C:\Users\eduar\Desktop\Soybe-main\data\com_fundo\RGB_JPG_CHOCHOS\grao_DSC_0340_id94.png,RGB_JPG_CHOCHOS,RGB_JPG_CHOCHOS
C:\Users\eduar\Desktop\Soybe-main\data\com_fundo\RGB_JPG_CHOCHOS\grao_DSC_0340_id95.png,RGB_JPG_CHOCHOS,RGB_JPG_CHOCHOS
C:\Users\eduar\Desktop\Soybe-main\data\com_fundo\RGB_JPG_CHOCHOS\grao_DSC_0340_id96.png,RGB_JPG_CHOCHOS,RGB_JPG_CHOCHOS
C:\Users\eduar\Desktop\Soybe-main\data\com_fundo\RGB_JPG_CHOCHOS\grao_DSC_0340_id97.png,RGB_JPG_CHOCHOS,RGB_JPG_CHOCHOS
C:\Users\eduar\Desktop\Soybe-main\data\com_fundo\RGB_JPG_CHOCHOS\grao_DSC_0340_id98.png,RGB_JPG_CHOCHOS,RGB_JPG_CHOCHOS
C:\Users\eduar\Desktop\Soybe-main\data\com_fundo\RGB_JPG_CHOCHOS\grao_DSC_0340_id99.png,RGB_JPG_CHOCHOS,RGB_JPG_CHOCHOS
C:\Users\eduar\Desktop\Soybe-main\data\com_fundo\RGB_JPG_CHOCHOS\grao_DSC_0342_id1.png,RGB_JPG_CHOCHOS,RGB_JPG_CHOCHOS
C:\Users\eduar\Desktop\Soybe-main\data\com_fundo\RGB_JPG_CHOCHOS\grao_DSC_0342_id10.png,RGB_JPG_CHOCHOS,RGB_JPG_CHOCHOS
C:\Users\eduar\Desktop\Soybe-main\data\com_fundo\RGB_JPG_CHOCHOS\grao_DSC_0342_id100.png,RGB_JPG_CHOCHOS,RGB_JPG_CHOCHOS
C:\Users\eduar\Desktop\Soybe-main\data\com_fundo\RGB_JPG_CHOCHOS\grao_DSC_0342_id101.png,RGB_JPG_CHOCHOS,RGB_JPG_CHOCHOS
C:\Users\eduar\Desktop\Soybe-main\data\com_fundo\RGB_JPG_CHOCHOS\grao_DSC_0342_id102.png,RGB_JPG_CHOCHOS,RGB_JPG_CHOCHOS
C:\Users\eduar\Desktop\Soybe-main\data\com_fundo\RGB_JPG_CHOCHOS\grao_DSC_0342_id103.png,RGB_JPG_CHOCHOS,RGB_JPG_CHOCHOS
C:\Users\eduar\Desktop\Soybe-main\data\com_fundo\RGB_JPG_CHOCHOS\grao_DSC_0342_id104.png,RGB_JPG_CHOCHOS,RGB_JPG_CHOCHOS
C:\Users\eduar\Desktop\Soybe-main\data\com_fundo\RGB_JPG_CHOCHOS\grao_DSC_0342_id105.png,RGB_JPG_CHOCHOS,RGB_JPG_PURPURAS
C:\Users\eduar\Desktop\Soybe-main\data\com_fundo\RGB_JPG_CHOCHOS\grao_DSC_0342_id106.png,RGB_JPG_CHOCHOS,RGB_JPG_CHOCHOS
C:\Users\eduar\Desktop\Soybe-main\data\com_fundo\RGB_JPG_CHOCHOS\grao_DSC_0342_id107.png,RGB_JPG_CHOCHOS,RGB_JPG_CHOCHOS
C:\Users\eduar\Desktop\Soybe-main\data\com_fundo\RGB_JPG_CHOCHOS\grao_DSC_0342_id108.png,RGB_JPG_CHOCHOS,RGB_JPG_CHOCHOS
C:\Users\eduar\Desktop\Soybe-main\data\com_fundo\RGB_JPG_CHOCHOS\grao_DSC_0342_id109.png,RGB_JPG_CHOCHOS,RGB_JPG_CHOCHOS
C:\Users\eduar\Desktop\Soybe-main\data\com_fundo\RGB_JPG_CHOCHOS\grao_DSC_0342_id11.png,RGB_JPG_CHOCHOS,RGB_JPG_ESVERDEADO
C:\Users\eduar\Desktop\Soybe-main\data\com_fundo\RGB_JPG_CHOCHOS\grao_DSC_0342_id110.png,RGB_JPG_CHOCHOS,RGB_JPG_CHOCHOS
C:\Users\eduar\Desktop\Soybe-main\data\com_fundo\RGB_JPG_CHOCHOS\grao_DSC_0342_id111.png,RGB_JPG_CHOCHOS,RGB_JPG_CHOCHOS
C:\Users\eduar\Desktop\Soybe-main\data\com_fundo\RGB_JPG_CHOCHOS\grao_DSC_0342_id12.png,RGB_JPG_CHOCHOS,RGB_JPG_CHOCHOS
C:\Users\eduar\Desktop\Soybe-main\data\com_fundo\RGB_JPG_CHOCHOS\grao_DSC_0342_id13.png,RGB_JPG_CHOCHOS,RGB_JPG_CHOCHOS
C:\Users\eduar\Desktop\Soybe-main\data\com_fundo\RGB_JPG_CHOCHOS\grao_DSC_0342_id14.png,RGB_JPG_CHOCHOS,RGB_JPG_CHOCHOS
C:\Users\eduar\Desktop\Soybe-main\data\com_fundo\RGB_JPG_CHOCHOS\grao_DSC_0342_id15.png,RGB_JPG_CHOCHOS,RGB_JPG_CHOCHOS
C:\Users\eduar\Desktop\Soybe-main\data\com_fundo\RGB_JPG_CHOCHOS\grao_DSC_0342_id16.png,RGB_JPG_CHOCHOS,RGB_JPG_CHOCHOS
C:\Users\eduar\Desktop\Soybe-main\data\com_fundo\RGB_JPG_CHOCHOS\grao_DSC_0342_id18.png,RGB_JPG_CHOCHOS,RGB_JPG_CHOCHOS
C:\Users\eduar\Desktop\Soybe-main\data\com_fundo\RGB_JPG_CHOCHOS\grao_DSC_0342_id19.png,RGB_JPG_CHOCHOS,RGB_JPG_CHOCHOS
C:\Users\eduar\Desktop\Soybe-main\data\com_fundo\RGB_JPG_CHOCHOS\grao_DSC_0342_id2.png,RGB_JPG_CHOCHOS,RGB_JPG_CHOCHOS
C:\Users\eduar\Desktop\Soybe-main\data\com_fundo\RGB_JPG_CHOCHOS\grao_DSC_0342_id20.png,RGB_JPG_CHOCHOS,RGB_JPG_CHOCHOS
C:\Users\eduar\Desktop\Soybe-main\data\com_fundo\RGB_JPG_CHOCHOS\grao_DSC_0342_id21.png,RGB_JPG_CHOCHOS,RGB_JPG_ESVERDEADO
C:\Users\eduar\Desktop\Soybe-main\data\com_fundo\RGB_JPG_CHOCHOS\grao_DSC_0342_id23.png,RGB_JPG_CHOCHOS,RGB_JPG_CHOCHOS
C:\Users\eduar\Desktop\Soybe-main\data\com_fundo\RGB_JPG_CHOCHOS\grao_DSC_0342_id24.png,RGB_JPG_CHOCHOS,RGB_JPG_CHOCHOS
C:\Users\eduar\Desktop\Soybe-main\data\com_fundo\RGB_JPG_CHOCHOS\grao_DSC_0342_id25.png,RGB_JPG_CHOCHOS,RGB_JPG_CHOCHOS
C:\Users\eduar\Desktop\Soybe-main\data\com_fundo\RGB_JPG_CHOCHOS\grao_DSC_0342_id26.png,RGB_JPG_CHOCHOS,RGB_JPG_CHOCHOS
C:\Users\eduar\Desktop\Soybe-main\data\com_fundo\RGB_JPG_CHOCHOS\grao_DSC_0342_id27.png,RGB_JPG_CHOCHOS,RGB_JPG_CHOCHOS
C:\Users\eduar\Desktop\Soybe-main\data\com_fundo\RGB_JPG_CHOCHOS\grao_DSC_0342_id28.png,RGB_JPG_CHOCHOS,RGB_JPG_CHOCHOS
C:\Users\eduar\Desktop\Soybe-main\data\com_fundo\RGB_JPG_CHOCHOS\grao_DSC_0342_id29.png,RGB_JPG_CHOCHOS,RGB_JPG_CHOCHOS
C:\Users\eduar\Desktop\Soybe-main\data\com_fundo\RGB_JPG_CHOCHOS\grao_DSC_0342_id3.png,RGB_JPG_CHOCHOS,RGB_JPG_CHOCHOS
C:\Users\eduar\Desktop\Soybe-main\data\com_fundo\RGB_JPG_CHOCHOS\grao_DSC_0342_id30.png,RGB_JPG_CHOCHOS,RGB_JPG_CHOCHOS
C:\Users\eduar\Desktop\Soybe-main\data\com_fundo\RGB_JPG_CHOCHOS\grao_DSC_0342_id31.png,RGB_JPG_CHOCHOS,RGB_JPG_CHOCHOS
C:\Users\eduar\Desktop\Soybe-main\data\com_fundo\RGB_JPG_CHOCHOS\grao_DSC_0342_id32.png,RGB_JPG_CHOCHOS,RGB_JPG_CHOCHOS
C:\Users\eduar\Desktop\Soybe-main\data\com_fundo\RGB_JPG_CHOCHOS\grao_DSC_0342_id33.png,RGB_JPG_CHOCHOS,RGB_JPG_CHOCHOS
C:\Users\eduar\Desktop\Soybe-main\data\com_fundo\RGB_JPG_CHOCHOS\grao_DSC_0342_id34.png,RGB_JPG_CHOCHOS,RGB_JPG_CHOCHOS
C:\Users\eduar\Desktop\Soybe-main\data\com_fundo\RGB_JPG_CHOCHOS\grao_DSC_0342_id35.png,RGB_JPG_CHOCHOS,RGB_JPG_CHOCHOS
C:\Users\eduar\Desktop\Soybe-main\data\com_fundo\RGB_JPG_CHOCHOS\grao_DSC_0342_id36.png,RGB_JPG_CHOCHOS,RGB_JPG_CHOCHOS
C:\Users\eduar\Desktop\Soybe-main\data\com_fundo\RGB_JPG_CHOCHOS\grao_DSC_0342_id37.png,RGB_JPG_CHOCHOS,RGB_JPG_CHOCHOS
C:\Users\eduar\Desktop\Soybe-main\data\com_fundo\RGB_JPG_CHOCHOS\grao_DSC_0342_id38.png,RGB_JPG_CHOCHOS,RGB_JPG_CHOCHOS
C:\Users\eduar\Desktop\Soybe-main\data\com_fundo\RGB_JPG_CHOCHOS\grao_DSC_0342_id39.png,RGB_JPG_CHOCHOS,RGB_JPG_CHOCHOS
C:\Users\eduar\Desktop\Soybe-main\data\com_fundo\RGB_JPG_CHOCHOS\grao_DSC_0342_id4.png,RGB_JPG_CHOCHOS,RGB_JPG_CHOCHOS
C:\Users\eduar\Desktop\Soybe-main\data\com_fundo\RGB_JPG_CHOCHOS\grao_DSC_0342_id40.png,RGB_JPG_CHOCHOS,RGB_JPG_CHOCHOS
C:\Users\eduar\Desktop\Soybe-main\data\com_fundo\RGB_JPG_CHOCHOS\grao_DSC_0342_id41.png,RGB_JPG_CHOCHOS,RGB_JPG_CHOCHOS
C:\Users\eduar\Desktop\Soybe-main\data\com_fundo\RGB_JPG_CHOCHOS\grao_DSC_0342_id42.png,RGB_JPG_CHOCHOS,RGB_JPG_CHOCHOS
C:\Users\eduar\Desktop\Soybe-main\data\com_fundo\RGB_JPG_CHOCHOS\grao_DSC_0342_id43.png,RGB_JPG_CHOCHOS,RGB_JPG_CHOCHOS
C:\Users\eduar\Desktop\Soybe-main\data\com_fundo\RGB_JPG_CHOCHOS\grao_DSC_0342_id44.png,RGB_JPG_CHOCHOS,RGB_JPG_CHOCHOS
C:\Users\eduar\Desktop\Soybe-main\data\com_fundo\RGB_JPG_CHOCHOS\grao_DSC_0342_id45.png,RGB_JPG_CHOCHOS,RGB_JPG_CHOCHOS
C:\Users\eduar\Desktop\Soybe-main\data\com_fundo\RGB_JPG_CHOCHOS\grao_DSC_0342_id46.png,RGB_JPG_CHOCHOS,RGB_JPG_ESVERDEADO
C:\Users\eduar\Desktop\Soybe-main\data\com_fundo\RGB_JPG_CHOCHOS\grao_DSC_0342_id47.png,RGB_JPG_CHOCHOS,RGB_JPG_CHOCHOS
C:\Users\eduar\Desktop\Soybe-main\data\com_fundo\RGB_JPG_CHOCHOS\grao_DSC_0342_id48.png,RGB_JPG_CHOCHOS,RGB_JPG_CHOCHOS
C:\Users\eduar\Desktop\Soybe-main\data\com_fundo\RGB_JPG_CHOCHOS\grao_DSC_0342_id49.png,RGB_JPG_CHOCHOS,RGB_JPG_CHOCHOS
C:\Users\eduar\Desktop\Soybe-main\data\com_fundo\RGB_JPG_CHOCHOS\grao_DSC_0342_id5.png,RGB_JPG_CHOCHOS,RGB_JPG_CHOCHOS
C:\Users\eduar\Desktop\Soybe-main\data\com_fundo\RGB_JPG_CHOCHOS\grao_DSC_0342_id50.png,RGB_JPG_CHOCHOS,RGB_JPG_CHOCHOS
C:\Users\eduar\Desktop\Soybe-main\data\com_fundo\RGB_JPG_CHOCHOS\grao_DSC_0342_id51.png,RGB_JPG_CHOCHOS,RGB_JPG_CHOCHOS
C:\Users\eduar\Desktop\Soybe-main\data\com_fundo\RGB_JPG_CHOCHOS\grao_DSC_0342_id52.png,RGB_JPG_CHOCHOS,RGB_JPG_CHOCHOS
C:\Users\eduar\Desktop\Soybe-main\data\com_fundo\RGB_JPG_CHOCHOS\grao_DSC_0342_id53.png,RGB_JPG_CHOCHOS,RGB_JPG_CHOCHOS
C:\Users\eduar\Desktop\Soybe-main\data\com_fundo\RGB_JPG_CHOCHOS\grao_DSC_0342_id54.png,RGB_JPG_CHOCHOS,RGB_JPG_CHOCHOS
C:\Users\eduar\Desktop\Soybe-main\data\com_fundo\RGB_JPG_CHOCHOS\grao_DSC_0342_id55.png,RGB_JPG_CHOCHOS,RGB_JPG_CHOCHOS
C:\Users\eduar\Desktop\Soybe-main\data\com_fundo\RGB_JPG_CHOCHOS\grao_DSC_0342_id56.png,RGB_JPG_CHOCHOS,RGB_JPG_CHOCHOS
C:\Users\eduar\Desktop\Soybe-main\data\com_fundo\RGB_JPG_CHOCHOS\grao_DSC_0342_id57.png,RGB_JPG_CHOCHOS,RGB_JPG_CHOCHOS
C:\Users\eduar\Desktop\Soybe-main\data\com_fundo\RGB_JPG_CHOCHOS\grao_DSC_0342_id58.png,RGB_JPG_CHOCHOS,RGB_JPG_CHOCHOS
C:\Users\eduar\Desktop\Soybe-main\data\com_fundo\RGB_JPG_CHOCHOS\grao_DSC_0342_id59.png,RGB_JPG_CHOCHOS,RGB_JPG_ESVERDEADO
C:\Users\eduar\Desktop\Soybe-main\data\com_fundo\RGB_JPG_CHOCHOS\grao_DSC_0342_id6.png,RGB_JPG_CHOCHOS,RGB_JPG_CHOCHOS
C:\Users\eduar\Desktop\Soybe-main\data\com_fundo\RGB_JPG_CHOCHOS\grao_DSC_0342_id60.png,RGB_JPG_CHOCHOS,RGB_JPG_CHOCHOS
C:\Users\eduar\Desktop\Soybe-main\data\com_fundo\RGB_JPG_CHOCHOS\grao_DSC_0342_id61.png,RGB_JPG_CHOCHOS,RGB_JPG_CHOCHOS
C:\Users\eduar\Desktop\Soybe-main\data\com_fundo\RGB_JPG_CHOCHOS\grao_DSC_0342_id62.png,RGB_JPG_CHOCHOS,RGB_JPG_CHOCHOS
C:\Users\eduar\Desktop\Soybe-main\data\com_fundo\RGB_JPG_CHOCHOS\grao_DSC_0342_id63.png,RGB_JPG_CHOCHOS,RGB_JPG_CHOCHOS
C:\Users\eduar\Desktop\Soybe-main\data\com_fundo\RGB_JPG_CHOCHOS\grao_DSC_0342_id64.png,RGB_JPG_CHOCHOS,RGB_JPG_CHOCHOS
C:\Users\eduar\Desktop\Soybe-main\data\com_fundo\RGB_JPG_CHOCHOS\grao_DSC_0342_id65.png,RGB_JPG_CHOCHOS,RGB_JPG_CHOCHOS
C:\Users\eduar\Desktop\Soybe-main\data\com_fundo\RGB_JPG_CHOCHOS\grao_DSC_0342_id66.png,RGB_JPG_CHOCHOS,RGB_JPG_CHOCHOS
C:\Users\eduar\Desktop\Soybe-main\data\com_fundo\RGB_JPG_CHOCHOS\grao_DSC_0342_id67.png,RGB_JPG_CHOCHOS,RGB_JPG_CHOCHOS
C:\Users\eduar\Desktop\Soybe-main\data\com_fundo\RGB_JPG_CHOCHOS\grao_DSC_0342_id68.png,RGB_JPG_CHOCHOS,RGB_JPG_CHOCHOS
C:\Users\eduar\Desktop\Soybe-main\data\com_fundo\RGB_JPG_CHOCHOS\grao_DSC_0342_id69.png,RGB_JPG_CHOCHOS,RGB_JPG_CHOCHOS
C:\Users\eduar\Desktop\Soybe-main\data\com_fundo\RGB_JPG_CHOCHOS\grao_DSC_0342_id7.png,RGB_JPG_CHOCHOS,RGB_JPG_CHOCHOS
C:\Users\eduar\Desktop\Soybe-main\data\com_fundo\RGB_JPG_CHOCHOS\grao_DSC_0342_id70.png,RGB_JPG_CHOCHOS,RGB_JPG_CHOCHOS
C:\Users\eduar\Desktop\Soybe-main\data\com_fundo\RGB_JPG_CHOCHOS\grao_DSC_0342_id71.png,RGB_JPG_CHOCHOS,RGB_JPG_CHOCHOS
C:\Users\eduar\Desktop\Soybe-main\data\com_fundo\RGB_JPG_CHOCHOS\grao_DSC_0342_id74.png,RGB_JPG_CHOCHOS,RGB_JPG_CHOCHOS
C:\Users\eduar\Desktop\Soybe-main\data\com_fundo\RGB_JPG_CHOCHOS\grao_DSC_0342_id75.png,RGB_JPG_CHOCHOS,RGB_JPG_CHOCHOS
C:\Users\eduar\Desktop\Soybe-main\data\com_fundo\RGB_JPG_CHOCHOS\grao_DSC_0342_id76.png,RGB_JPG_CHOCHOS,RGB_JPG_CHOCHOS
C:\Users\eduar\Desktop\Soybe-main\data\com_fundo\RGB_JPG_CHOCHOS\grao_DSC_0342_id77.png,RGB_JPG_CHOCHOS,RGB_JPG_CHOCHOS
C:\Users\eduar\Desktop\Soybe-main\data\com_fundo\RGB_JPG_CHOCHOS\grao_DSC_0342_id78.png,RGB_JPG_CHOCHOS,RGB_JPG_CHOCHOS
C:\Users\eduar\Desktop\Soybe-main\data\com_fundo\RGB_JPG_CHOCHOS\grao_DSC_0342_id79.png,RGB_JPG_CHOCHOS,RGB_JPG_CHOCHOS
C:\Users\eduar\Desktop\Soybe-main\data\com_fundo\RGB_JPG_CHOCHOS\grao_DSC_0342_id8.png,RGB_JPG_CHOCHOS,RGB_JPG_CHOCHOS
C:\Users\eduar\Desktop\Soybe-main\data\com_fundo\RGB_JPG_CHOCHOS\grao_DSC_0342_id80.png,RGB_JPG_CHOCHOS,RGB_JPG_CHOCHOS
C:\Users\eduar\Desktop\Soybe-main\data\com_fundo\RGB_JPG_CHOCHOS\grao_DSC_0342_id81.png,RGB_JPG_CHOCHOS,RGB_JPG_CHOCHOS
C:\Users\eduar\Desktop\Soybe-main\data\com_fundo\RGB_JPG_CHOCHOS\grao_DSC_0342_id82.png,RGB_JPG_CHOCHOS,RGB_JPG_CHOCHOS
C:\Users\eduar\Desktop\Soybe-main\data\com_fundo\RGB_JPG_CHOCHOS\grao_DSC_0342_id83.png,RGB_JPG_CHOCHOS,RGB_JPG_CHOCHOS
C:\Users\eduar\Desktop\Soybe-main\data\com_fundo\RGB_JPG_CHOCHOS\grao_DSC_0342_id84.png,RGB_JPG_CHOCHOS,RGB_JPG_CHOCHOS
C:\Users\eduar\Desktop\Soybe-main\data\com_fundo\RGB_JPG_CHOCHOS\grao_DSC_0342_id85.png,RGB_JPG_CHOCHOS,RGB_JPG_CHOCHOS
C:\Users\eduar\Desktop\Soybe-main\data\com_fundo\RGB_JPG_CHOCHOS\grao_DSC_0342_id86.png,RGB_JPG_CHOCHOS,RGB_JPG_CHOCHOS
C:\Users\eduar\Desktop\Soybe-main\data\com_fundo\RGB_JPG_CHOCHOS\grao_DSC_0342_id87.png,RGB_JPG_CHOCHOS,RGB_JPG_CHOCHOS
C:\Users\eduar\Desktop\Soybe-main\data\com_fundo\RGB_JPG_CHOCHOS\grao_DSC_0342_id88.png,RGB_JPG_CHOCHOS,RGB_JPG_CHOCHOS
C:\Users\eduar\Desktop\Soybe-main\data\com_fundo\RGB_JPG_CHOCHOS\grao_DSC_0342_id89.png,RGB_JPG_CHOCHOS,RGB_JPG_CHOCHOS
C:\Users\eduar\Desktop\Soybe-main\data\com_fundo\RGB_JPG_CHOCHOS\grao_DSC_0342_id9.png,RGB_JPG_CHOCHOS,RGB_JPG_CHOCHOS
C:\Users\eduar\Desktop\Soybe-main\data\com_fundo\RGB_JPG_CHOCHOS\grao_DSC_0342_id90.png,RGB_JPG_CHOCHOS,RGB_JPG_CHOCHOS
C:\Users\eduar\Desktop\Soybe-main\data\com_fundo\RGB_JPG_CHOCHOS\grao_DSC_0342_id91.png,RGB_JPG_CHOCHOS,RGB_JPG_CHOCHOS
C:\Users\eduar\Desktop\Soybe-main\data\com_fundo\RGB_JPG_CHOCHOS\grao_DSC_0342_id92.png,RGB_JPG_CHOCHOS,RGB_JPG_CHOCHOS
C:\Users\eduar\Desktop\Soybe-main\data\com_fundo\RGB_JPG_CHOCHOS\grao_DSC_0342_id93.png,RGB_JPG_CHOCHOS,RGB_JPG_CHOCHOS
C:\Users\eduar\Desktop\Soybe-main\data\com_fundo\RGB_JPG_CHOCHOS\grao_DSC_0342_id94.png,RGB_JPG_CHOCHOS,RGB_JPG_CHOCHOS
C:\Users\eduar\Desktop\Soybe-main\data\com_fundo\RGB_JPG_CHOCHOS\grao_DSC_0342_id95.png,RGB_JPG_CHOCHOS,RGB_JPG_CHOCHOS
C:\Users\eduar\Desktop\Soybe-main\data\com_fundo\RGB_JPG_CHOCHOS\grao_DSC_0342_id96.png,RGB_JPG_CHOCHOS,RGB_JPG_CHOCHOS
C:\Users\eduar\Desktop\Soybe-main\data\com_fundo\RGB_JPG_CHOCHOS\grao_DSC_0342_id97.png,RGB_JPG_CHOCHOS,RGB_JPG_CHOCHOS
C:\Users\eduar\Desktop\Soybe-main\data\com_fundo\RGB_JPG_CHOCHOS\grao_DSC_0342_id98.png,RGB_JPG_CHOCHOS,RGB_JPG_CHOCHOS
C:\Users\eduar\Desktop\Soybe-main\data\com_fundo\RGB_JPG_CHOCHOS\grao_DSC_0342_id99.png,RGB_JPG_CHOCHOS,RGB_JPG_CHOCHOS
C:\Users\eduar\Desktop\Soybe-main\data\com_fundo\RGB_JPG_CHOCHOS\grao_DSC_0349_id1.png,RGB_JPG_CHOCHOS,RGB_JPG_CHOCHOS
C:\Users\eduar\Desktop\Soybe-main\data\com_fundo\RGB_JPG_CHOCHOS\grao_DSC_0349_id10.png,RGB_JPG_CHOCHOS,RGB_JPG_CHOCHOS
C:\Users\eduar\Desktop\Soybe-main\data\com_fundo\RGB_JPG_CHOCHOS\grao_DSC_0349_id100.png,RGB_JPG_CHOCHOS,RGB_JPG_CHOCHOS
C:\Users\eduar\Desktop\Soybe-main\data\com_fundo\RGB_JPG_CHOCHOS\grao_DSC_0349_id101.png,RGB_JPG_CHOCHOS,RGB_JPG_CHOCHOS
C:\Users\eduar\Desktop\Soybe-main\data\com_fundo\RGB_JPG_CHOCHOS\grao_DSC_0349_id102.png,RGB_JPG_CHOCHOS,RGB_JPG_CHOCHOS
C:\Users\eduar\Desktop\Soybe-main\data\com_fundo\RGB_JPG_CHOCHOS\grao_DSC_0349_id103.png,RGB_JPG_CHOCHOS,RGB_JPG_CHOCHOS
C:\Users\eduar\Desktop\Soybe-main\data\com_fundo\RGB_JPG_CHOCHOS\grao_DSC_0349_id104.png,RGB_JPG_CHOCHOS,RGB_JPG_CHOCHOS
C:\Users\eduar\Desktop\Soybe-main\data\com_fundo\RGB_JPG_CHOCHOS\grao_DSC_0349_id105.png,RGB_JPG_CHOCHOS,RGB_JPG_CHOCHOS
C:\Users\eduar\Desktop\Soybe-main\data\com_fundo\RGB_JPG_CHOCHOS\grao_DSC_0349_id11.png,RGB_JPG_CHOCHOS,RGB_JPG_CHOCHOS
C:\Users\eduar\Desktop\Soybe-main\data\com_fundo\RGB_JPG_CHOCHOS\grao_DSC_0349_id12.png,RGB_JPG_CHOCHOS,RGB_JPG_CHOCHOS
C:\Users\eduar\Desktop\Soybe-main\data\com_fundo\RGB_JPG_CHOCHOS\grao_DSC_0349_id13.png,RGB_JPG_CHOCHOS,RGB_JPG_CHOCHOS
C:\Users\eduar\Desktop\Soybe-main\data\com_fundo\RGB_JPG_CHOCHOS\grao_DSC_0349_id14.png,RGB_JPG_CHOCHOS,RGB_JPG_CHOCHOS
C:\Users\eduar\Desktop\Soybe-main\data\com_fundo\RGB_JPG_CHOCHOS\grao_DSC_0349_id15.png,RGB_JPG_CHOCHOS,RGB_JPG_CHOCHOS
C:\Users\eduar\Desktop\Soybe-main\data\com_fundo\RGB_JPG_CHOCHOS\grao_DSC_0349_id16.png,RGB_JPG_CHOCHOS,RGB_JPG_CHOCHOS
C:\Users\eduar\Desktop\Soybe-main\data\com_fundo\RGB_JPG_CHOCHOS\grao_DSC_0349_id17.png,RGB_JPG_CHOCHOS,RGB_JPG_CHOCHOS
C:\Users\eduar\Desktop\Soybe-main\data\com_fundo\RGB_JPG_CHOCHOS\grao_DSC_0349_id18.png,RGB_JPG_CHOCHOS,RGB_JPG_CHOCHOS
C:\Users\eduar\Desktop\Soybe-main\data\com_fundo\RGB_JPG_CHOCHOS\grao_DSC_0349_id19.png,RGB_JPG_CHOCHOS,RGB_JPG_CHOCHOS
C:\Users\eduar\Desktop\Soybe-main\data\com_fundo\RGB_JPG_CHOCHOS\grao_DSC_0349_id2.png,RGB_JPG_CHOCHOS,RGB_JPG_CHOCHOS
C:\Users\eduar\Desktop\Soybe-main\data\com_fundo\RGB_JPG_CHOCHOS\grao_DSC_0349_id20.png,RGB_JPG_CHOCHOS,RGB_JPG_CHOCHOS
C:\Users\eduar\Desktop\Soybe-main\data\com_fundo\RGB_JPG_CHOCHOS\grao_DSC_0349_id21.png,RGB_JPG_CHOCHOS,RGB_JPG_CHOCHOS
C:\Users\eduar\Desktop\Soybe-main\data\com_fundo\RGB_JPG_CHOCHOS\grao_DSC_0349_id22.png,RGB_JPG_CHOCHOS,RGB_JPG_CHOCHOS
C:\Users\eduar\Desktop\Soybe-main\data\com_fundo\RGB_JPG_CHOCHOS\grao_DSC_0349_id23.png,RGB_JPG_CHOCHOS,RGB_JPG_CHOCHOS
C:\Users\eduar\Desktop\Soybe-main\data\com_fundo\RGB_JPG_CHOCHOS\grao_DSC_0349_id24.png,RGB_JPG_CHOCHOS,RGB_JPG_CHOCHOS
C:\Users\eduar\Desktop\Soybe-main\data\com_fundo\RGB_JPG_CHOCHOS\grao_DSC_0349_id25.png,RGB_JPG_CHOCHOS,RGB_JPG_CHOCHOS
C:\Users\eduar\Desktop\Soybe-main\data\com_fundo\RGB_JPG_CHOCHOS\grao_DSC_0349_id27.png,RGB_JPG_CHOCHOS,RGB_JPG_CHOCHOS
C:\Users\eduar\Desktop\Soybe-main\data\com_fundo\RGB_JPG_CHOCHOS\grao_DSC_0349_id28.png,RGB_JPG_CHOCHOS,RGB_JPG_CHOCHOS
C:\Users\eduar\Desktop\Soybe-main\data\com_fundo\RGB_JPG_CHOCHOS\grao_DSC_0349_id29.png,RGB_JPG_CHOCHOS,RGB_JPG_CHOCHOS
C:\Users\eduar\Desktop\Soybe-main\data\com_fundo\RGB_JPG_CHOCHOS\grao_DSC_0349_id3.png,RGB_JPG_CHOCHOS,RGB_JPG_CHOCHOS
C:\Users\eduar\Desktop\Soybe-main\data\com_fundo\RGB_JPG_CHOCHOS\grao_DSC_0349_id30.png,RGB_JPG_CHOCHOS,RGB_JPG_CHOCHOS
C:\Users\eduar\Desktop\Soybe-main\data\com_fundo\RGB_JPG_CHOCHOS\grao_DSC_0349_id31.png,RGB_JPG_CHOCHOS,RGB_JPG_CHOCHOS
C:\Users\eduar\Desktop\Soybe-main\data\com_fundo\RGB_JPG_CHOCHOS\grao_DSC_0349_id32.png,RGB_JPG_CHOCHOS,RGB_JPG_CHOCHOS
C:\Users\eduar\Desktop\Soybe-main\data\com_fundo\RGB_JPG_CHOCHOS\grao_DSC_0349_id33.png,RGB_JPG_CHOCHOS,RGB_JPG_CHOCHOS
C:\Users\eduar\Desktop\Soybe-main\data\com_fundo\RGB_JPG_CHOCHOS\grao_DSC_0349_id34.png,RGB_JPG_CHOCHOS,RGB_JPG_CHOCHOS
C:\Users\eduar\Desktop\Soybe-main\data\com_fundo\RGB_JPG_CHOCHOS\grao_DSC_0349_id35.png,RGB_JPG_CHOCHOS,RGB_JPG_CHOCHOS
C:\Users\eduar\Desktop\Soybe-main\data\com_fundo\RGB_JPG_CHOCHOS\grao_DSC_0349_id36.png,RGB_JPG_CHOCHOS,RGB_JPG_CHOCHOS
C:\Users\eduar\Desktop\Soybe-main\data\com_fundo\RGB_JPG_CHOCHOS\grao_DSC_0349_id38.png,RGB_JPG_CHOCHOS,RGB_JPG_CHOCHOS
C:\Users\eduar\Desktop\Soybe-main\data\com_fundo\RGB_JPG_CHOCHOS\grao_DSC_0349_id39.png,RGB_JPG_CHOCHOS,RGB_JPG_CHOCHOS
C:\Users\eduar\Desktop\Soybe-main\data\com_fundo\RGB_JPG_CHOCHOS\grao_DSC_0349_id4.png,RGB_JPG_CHOCHOS,RGB_JPG_CHOCHOS
C:\Users\eduar\Desktop\Soybe-main\data\com_fundo\RGB_JPG_CHOCHOS\grao_DSC_0349_id40.png,RGB_JPG_CHOCHOS,RGB_JPG_CHOCHOS
C:\Users\eduar\Desktop\Soybe-main\data\com_fundo\RGB_JPG_CHOCHOS\grao_DSC_0349_id41.png,RGB_JPG_CHOCHOS,RGB_JPG_CHOCHOS
C:\Users\eduar\Desktop\Soybe-main\data\com_fundo\RGB_JPG_CHOCHOS\grao_DSC_0349_id42.png,RGB_JPG_CHOCHOS,RGB_JPG_CHOCHOS
C:\Users\eduar\Desktop\Soybe-main\data\com_fundo\RGB_JPG_CHOCHOS\grao_DSC_0349_id43.png,RGB_JPG_CHOCHOS,RGB_JPG_CHOCHOS
C:\Users\eduar\Desktop\Soybe-main\data\com_fundo\RGB_JPG_CHOCHOS\grao_DSC_0349_id44.png,RGB_JPG_CHOCHOS,RGB_JPG_CHOCHOS
C:\Users\eduar\Desktop\Soybe-main\data\com_fundo\RGB_JPG_CHOCHOS\grao_DSC_0349_id45.png,RGB_JPG_CHOCHOS,RGB_JPG_CHOCHOS
C:\Users\eduar\Desktop\Soybe-main\data\com_fundo\RGB_JPG_CHOCHOS\grao_DSC_0349_id46.png,RGB_JPG_CHOCHOS,RGB_JPG_CHOCHOS
C:\Users\eduar\Desktop\Soybe-main\data\com_fundo\RGB_JPG_CHOCHOS\grao_DSC_0349_id47.png,RGB_JPG_CHOCHOS,RGB_JPG_CHOCHOS
C:\Users\eduar\Desktop\Soybe-main\data\com_fundo\RGB_JPG_CHOCHOS\grao_DSC_0349_id48.png,RGB_JPG_CHOCHOS,RGB_JPG_CHOCHOS
C:\Users\eduar\Desktop\Soybe-main\data\com_fundo\RGB_JPG_CHOCHOS\grao_DSC_0349_id49.png,RGB_JPG_CHOCHOS,RGB_JPG_CHOCHOS
C:\Users\eduar\Desktop\Soybe-main\data\com_fundo\RGB_JPG_CHOCHOS\grao_DSC_0349_id5.png,RGB_JPG_CHOCHOS,RGB_JPG_CHOCHOS
C:\Users\eduar\Desktop\Soybe-main\data\com_fundo\RGB_JPG_CHOCHOS\grao_DSC_0349_id50.png,RGB_JPG_CHOCHOS,RGB_JPG_CHOCHOS
C:\Users\eduar\Desktop\Soybe-main\data\com_fundo\RGB_JPG_CHOCHOS\grao_DSC_0349_id51.png,RGB_JPG_CHOCHOS,RGB_JPG_CHOCHOS
C:\Users\eduar\Desktop\Soybe-main\data\com_fundo\RGB_JPG_CHOCHOS\grao_DSC_0349_id52.png,RGB_JPG_CHOCHOS,RGB_JPG_CHOCHOS
C:\Users\eduar\Desktop\Soybe-main\data\com_fundo\RGB_JPG_CHOCHOS\grao_DSC_0349_id53.png,RGB_JPG_CHOCHOS,RGB_JPG_CHOCHOS
C:\Users\eduar\Desktop\Soybe-main\data\com_fundo\RGB_JPG_CHOCHOS\grao_DSC_0349_id54.png,RGB_JPG_CHOCHOS,RGB_JPG_CHOCHOS
C:\Users\eduar\Desktop\Soybe-main\data\com_fundo\RGB_JPG_CHOCHOS\grao_DSC_0349_id55.png,RGB_JPG_CHOCHOS,RGB_JPG_CHOCHOS
C:\Users\eduar\Desktop\Soybe-main\data\com_fundo\RGB_JPG_CHOCHOS\grao_DSC_0349_id56.png,RGB_JPG_CHOCHOS,RGB_JPG_CHOCHOS
C:\Users\eduar\Desktop\Soybe-main\data\com_fundo\RGB_JPG_CHOCHOS\grao_DSC_0349_id57.png,RGB_JPG_CHOCHOS,RGB_JPG_CHOCHOS
C:\Users\eduar\Desktop\Soybe-main\data\com_fundo\RGB_JPG_CHOCHOS\grao_DSC_0349_id58.png,RGB_JPG_CHOCHOS,RGB_JPG_CHOCHOS
C:\Users\eduar\Desktop\Soybe-main\data\com_fundo\RGB_JPG_CHOCHOS\grao_DSC_0349_id59.png,RGB_JPG_CHOCHOS,RGB_JPG_CHOCHOS
C:\Users\eduar\Desktop\Soybe-main\data\com_fundo\RGB_JPG_CHOCHOS\grao_DSC_0349_id6.png,RGB_JPG_CHOCHOS,RGB_JPG_QUEBRADOS
C:\Users\eduar\Desktop\Soybe-main\data\com_fundo\RGB_JPG_CHOCHOS\grao_DSC_0349_id60.png,RGB_JPG_CHOCHOS,RGB_JPG_CHOCHOS
C:\Users\eduar\Desktop\Soybe-main\data\com_fundo\RGB_JPG_CHOCHOS\grao_DSC_0349_id61.png,RGB_JPG_CHOCHOS,RGB_JPG_CHOCHOS
C:\Users\eduar\Desktop\Soybe-main\data\com_fundo\RGB_JPG_CHOCHOS\grao_DSC_0349_id62.png,RGB_JPG_CHOCHOS,RGB_JPG_CHOCHOS
C:\Users\eduar\Desktop\Soybe-main\data\com_fundo\RGB_JPG_CHOCHOS\grao_DSC_0349_id63.png,RGB_JPG_CHOCHOS,RGB_JPG_CHOCHOS
C:\Users\eduar\Desktop\Soybe-main\data\com_fundo\RGB_JPG_CHOCHOS\grao_DSC_0349_id64.png,RGB_JPG_CHOCHOS,RGB_JPG_CHOCHOS
C:\Users\eduar\Desktop\Soybe-main\data\com_fundo\RGB_JPG_CHOCHOS\grao_DSC_0349_id65.png,RGB_JPG_CHOCHOS,RGB_JPG_CHOCHOS
C:\Users\eduar\Desktop\Soybe-main\data\com_fundo\RGB_JPG_CHOCHOS\grao_DSC_0349_id66.png,RGB_JPG_CHOCHOS,RGB_JPG_CHOCHOS
C:\Users\eduar\Desktop\Soybe-main\data\com_fundo\RGB_JPG_CHOCHOS\grao_DSC_0349_id67.png,RGB_JPG_CHOCHOS,RGB_JPG_CHOCHOS
C:\Users\eduar\Desktop\Soybe-main\data\com_fundo\RGB_JPG_CHOCHOS\grao_DSC_0349_id68.png,RGB_JPG_CHOCHOS,RGB_JPG_CHOCHOS
C:\Users\eduar\Desktop\Soybe-main\data\com_fundo\RGB_JPG_CHOCHOS\grao_DSC_0349_id7.png,RGB_JPG_CHOCHOS,RGB_JPG_CHOCHOS
C:\Users\eduar\Desktop\Soybe-main\data\com_fundo\RGB_JPG_CHOCHOS\grao_DSC_0349_id71.png,RGB_JPG_CHOCHOS,RGB_JPG_CHOCHOS
C:\Users\eduar\Desktop\Soybe-main\data\com_fundo\RGB_JPG_CHOCHOS\grao_DSC_0349_id72.png,RGB_JPG_CHOCHOS,RGB_JPG_CHOCHOS
C:\Users\eduar\Desktop\Soybe-main\data\com_fundo\RGB_JPG_CHOCHOS\grao_DSC_0349_id73.png,RGB_JPG_CHOCHOS,RGB_JPG_CHOCHOS
C:\Users\eduar\Desktop\Soybe-main\data\com_fundo\RGB_JPG_CHOCHOS\grao_DSC_0349_id74.png,RGB_JPG_CHOCHOS,RGB_JPG_CHOCHOS
C:\Users\eduar\Desktop\Soybe-main\data\com_fundo\RGB_JPG_CHOCHOS\grao_DSC_0349_id75.png,RGB_JPG_CHOCHOS,RGB_JPG_CHOCHOS
C:\Users\eduar\Desktop\Soybe-main\data\com_fundo\RGB_JPG_CHOCHOS\grao_DSC_0349_id76.png,RGB_JPG_CHOCHOS,RGB_JPG_CHOCHOS
C:\Users\eduar\Desktop\Soybe-main\data\com_fundo\RGB_JPG_CHOCHOS\grao_DSC_0349_id77.png,RGB_JPG_CHOCHOS,RGB_JPG_CHOCHOS
C:\Users\eduar\Desktop\Soybe-main\data\com_fundo\RGB_JPG_CHOCHOS\grao_DSC_0349_id78.png,RGB_JPG_CHOCHOS,RGB_JPG_CHOCHOS
C:\Users\eduar\Desktop\Soybe-main\data\com_fundo\RGB_JPG_CHOCHOS\grao_DSC_0349_id79.png,RGB_JPG_CHOCHOS,RGB_JPG_CHOCHOS
C:\Users\eduar\Desktop\Soybe-main\data\com_fundo\RGB_JPG_CHOCHOS\grao_DSC_0349_id8.png,RGB_JPG_CHOCHOS,RGB_JPG_CHOCHOS
C:\Users\eduar\Desktop\Soybe-main\data\com_fundo\RGB_JPG_CHOCHOS\grao_DSC_0349_id80.png,RGB_JPG_CHOCHOS,RGB_JPG_CHOCHOS
C:\Users\eduar\Desktop\Soybe-main\data\com_fundo\RGB_JPG_CHOCHOS\grao_DSC_0349_id81.png,RGB_JPG_CHOCHOS,RGB_JPG_CHOCHOS
C:\Users\eduar\Desktop\Soybe-main\data\com_fundo\RGB_JPG_CHOCHOS\grao_DSC_0349_id82.png,RGB_JPG_CHOCHOS,RGB_JPG_CHOCHOS
C:\Users\eduar\Desktop\Soybe-main\data\com_fundo\RGB_JPG_CHOCHOS\grao_DSC_0349_id83.png,RGB_JPG_CHOCHOS,RGB_JPG_CHOCHOS
C:\Users\eduar\Desktop\Soybe-main\data\com_fundo\RGB_JPG_CHOCHOS\grao_DSC_0349_id84.png,RGB_JPG_CHOCHOS,RGB_JPG_CHOCHOS
C:\Users\eduar\Desktop\Soybe-main\data\com_fundo\RGB_JPG_CHOCHOS\grao_DSC_0349_id85.png,RGB_JPG_CHOCHOS,RGB_JPG_CHOCHOS
C:\Users\eduar\Desktop\Soybe-main\data\com_fundo\RGB_JPG_CHOCHOS\grao_DSC_0349_id86.png,RGB_JPG_CHOCHOS,RGB_JPG_CHOCHOS
C:\Users\eduar\Desktop\Soybe-main\data\com_fundo\RGB_JPG_CHOCHOS\grao_DSC_0349_id87.png,RGB_JPG_CHOCHOS,RGB_JPG_CHOCHOS
C:\Users\eduar\Desktop\Soybe-main\data\com_fundo\RGB_JPG_CHOCHOS\grao_DSC_0349_id88.png,RGB_JPG_CHOCHOS,RGB_JPG_CHOCHOS
C:\Users\eduar\Desktop\Soybe-main\data\com_fundo\RGB_JPG_CHOCHOS\grao_DSC_0349_id89.png,RGB_JPG_CHOCHOS,RGB_JPG_CHOCHOS
C:\Users\eduar\Desktop\Soybe-main\data\com_fundo\RGB_JPG_CHOCHOS\grao_DSC_0349_id9.png,RGB_JPG_CHOCHOS,RGB_JPG_CHOCHOS
C:\Users\eduar\Desktop\Soybe-main\data\com_fundo\RGB_JPG_CHOCHOS\grao_DSC_0349_id90.png,RGB_JPG_CHOCHOS,RGB_JPG_CHOCHOS
C:\Users\eduar\Desktop\Soybe-main\data\com_fundo\RGB_JPG_CHOCHOS\grao_DSC_0349_id91.png,RGB_JPG_CHOCHOS,RGB_JPG_CHOCHOS
C:\Users\eduar\Desktop\Soybe-main\data\com_fundo\RGB_JPG_CHOCHOS\grao_DSC_0349_id92.png,RGB_JPG_CHOCHOS,RGB_JPG_CHOCHOS
C:\Users\eduar\Desktop\Soybe-main\data\com_fundo\RGB_JPG_CHOCHOS\grao_DSC_0349_id93.png,RGB_JPG_CHOCHOS,RGB_JPG_CHOCHOS
C:\Users\eduar\Desktop\Soybe-main\data\com_fundo\RGB_JPG_CHOCHOS\grao_DSC_0349_id94.png,RGB_JPG_CHOCHOS,RGB_JPG_CHOCHOS
C:\Users\eduar\Desktop\Soybe-main\data\com_fundo\RGB_JPG_CHOCHOS\grao_DSC_0349_id95.png,RGB_JPG_CHOCHOS,RGB_JPG_CHOCHOS
C:\Users\eduar\Desktop\Soybe-main\data\com_fundo\RGB_JPG_CHOCHOS\grao_DSC_0349_id96.png,RGB_JPG_CHOCHOS,RGB_JPG_CHOCHOS
C:\Users\eduar\Desktop\Soybe-main\data\com_fundo\RGB_JPG_CHOCHOS\grao_DSC_0349_id97.png,RGB_JPG_CHOCHOS,RGB_JPG_CHOCHOS
C:\Users\eduar\Desktop\Soybe-main\data\com_fundo\RGB_JPG_CHOCHOS\grao_DSC_0349_id98.png,RGB_JPG_CHOCHOS,RGB_JPG_CHOCHOS
C:\Users\eduar\Desktop\Soybe-main\data\com_fundo\RGB_JPG_CHOCHOS\grao_DSC_0349_id99.png,RGB_JPG_CHOCHOS,RGB_JPG_CHOCHOS
C:\Users\eduar\Desktop\Soybe-main\data\com_fundo\RGB_JPG_CHOCHOS\grao_DSC_0352_id1.png,RGB_JPG_CHOCHOS,RGB_JPG_CHOCHOS
C:\Users\eduar\Desktop\Soybe-main\data\com_fundo\RGB_JPG_CHOCHOS\grao_DSC_0352_id10.png,RGB_JPG_CHOCHOS,RGB_JPG_CHOCHOS
C:\Users\eduar\Desktop\Soybe-main\data\com_fundo\RGB_JPG_CHOCHOS\grao_DSC_0352_id100.png,RGB_JPG_CHOCHOS,RGB_JPG_CHOCHOS
C:\Users\eduar\Desktop\Soybe-main\data\com_fundo\RGB_JPG_CHOCHOS\grao_DSC_0352_id101.png,RGB_JPG_CHOCHOS,RGB_JPG_CHOCHOS
C:\Users\eduar\Desktop\Soybe-main\data\com_fundo\RGB_JPG_CHOCHOS\grao_DSC_0352_id102.png,RGB_JPG_CHOCHOS,RGB_JPG_CHOCHOS
C:\Users\eduar\Desktop\Soybe-main\data\com_fundo\RGB_JPG_CHOCHOS\grao_DSC_0352_id103.png,RGB_JPG_CHOCHOS,RGB_JPG_CHOCHOS
C:\Users\eduar\Desktop\Soybe-main\data\com_fundo\RGB_JPG_CHOCHOS\grao_DSC_0352_id104.png,RGB_JPG_CHOCHOS,RGB_JPG_CHOCHOS
C:\Users\eduar\Desktop\Soybe-main\data\com_fundo\RGB_JPG_CHOCHOS\grao_DSC_0352_id11.png,RGB_JPG_CHOCHOS,RGB_JPG_CHOCHOS
C:\Users\eduar\Desktop\Soybe-main\data\com_fundo\RGB_JPG_CHOCHOS\grao_DSC_0352_id12.png,RGB_JPG_CHOCHOS,RGB_JPG_CHOCHOS
C:\Users\eduar\Desktop\Soybe-main\data\com_fundo\RGB_JPG_CHOCHOS\grao_DSC_0352_id13.png,RGB_JPG_CHOCHOS,RGB_JPG_CHOCHOS
C:\Users\eduar\Desktop\Soybe-main\data\com_fundo\RGB_JPG_CHOCHOS\grao_DSC_0352_id14.png,RGB_JPG_CHOCHOS,RGB_JPG_CHOCHOS
C:\Users\eduar\Desktop\Soybe-main\data\com_fundo\RGB_JPG_CHOCHOS\grao_DSC_0352_id15.png,RGB_JPG_CHOCHOS,RGB_JPG_CHOCHOS
C:\Users\eduar\Desktop\Soybe-main\data\com_fundo\RGB_JPG_CHOCHOS\grao_DSC_0352_id16.png,RGB_JPG_CHOCHOS,RGB_JPG_CHOCHOS
C:\Users\eduar\Desktop\Soybe-main\data\com_fundo\RGB_JPG_CHOCHOS\grao_DSC_0352_id17.png,RGB_JPG_CHOCHOS,RGB_JPG_CHOCHOS
C:\Users\eduar\Desktop\Soybe-main\data\com_fundo\RGB_JPG_CHOCHOS\grao_DSC_0352_id18.png,RGB_JPG_CHOCHOS,RGB_JPG_CHOCHOS
C:\Users\eduar\Desktop\Soybe-main\data\com_fundo\RGB_JPG_CHOCHOS\grao_DSC_0352_id19.png,RGB_JPG_CHOCHOS,RGB_JPG_CHOCHOS
C:\Users\eduar\Desktop\Soybe-main\data\com_fundo\RGB_JPG_CHOCHOS\grao_DSC_0352_id2.png,RGB_JPG_CHOCHOS,RGB_JPG_CHOCHOS
C:\Users\eduar\Desktop\Soybe-main\data\com_fundo\RGB_JPG_CHOCHOS\grao_DSC_0352_id20.png,RGB_JPG_CHOCHOS,RGB_JPG_CHOCHOS
C:\Users\eduar\Desktop\Soybe-main\data\com_fundo\RGB_JPG_CHOCHOS\grao_DSC_0352_id21.png,RGB_JPG_CHOCHOS,RGB_JPG_CHOCHOS
C:\Users\eduar\Desktop\Soybe-main\data\com_fundo\RGB_JPG_CHOCHOS\grao_DSC_0352_id22.png,RGB_JPG_CHOCHOS,RGB_JPG_CHOCHOS
C:\Users\eduar\Desktop\Soybe-main\data\com_fundo\RGB_JPG_CHOCHOS\grao_DSC_0352_id23.png,RGB_JPG_CHOCHOS,RGB_JPG_CHOCHOS
C:\Users\eduar\Desktop\Soybe-main\data\com_fundo\RGB_JPG_CHOCHOS\grao_DSC_0352_id24.png,RGB_JPG_CHOCHOS,RGB_JPG_CHOCHOS
C:\Users\eduar\Desktop\Soybe-main\data\com_fundo\RGB_JPG_CHOCHOS\grao_DSC_0352_id25.png,RGB_JPG_CHOCHOS,RGB_JPG_CHOCHOS
C:\Users\eduar\Desktop\Soybe-main\data\com_fundo\RGB_JPG_CHOCHOS\grao_DSC_0352_id26.png,RGB_JPG_CHOCHOS,RGB_JPG_CHOCHOS
C:\Users\eduar\Desktop\Soybe-main\data\com_fundo\RGB_JPG_CHOCHOS\grao_DSC_0352_id27.png,RGB_JPG_CHOCHOS,RGB_JPG_CHOCHOS
C:\Users\eduar\Desktop\Soybe-main\data\com_fundo\RGB_JPG_CHOCHOS\grao_DSC_0352_id28.png,RGB_JPG_CHOCHOS,RGB_JPG_CHOCHOS
C:\Users\eduar\Desktop\Soybe-main\data\com_fundo\RGB_JPG_CHOCHOS\grao_DSC_0352_id29.png,RGB_JPG_CHOCHOS,RGB_JPG_CHOCHOS
C:\Users\eduar\Desktop\Soybe-main\data\com_fundo\RGB_JPG_CHOCHOS\grao_DSC_0352_id3.png,RGB_JPG_CHOCHOS,RGB_JPG_CHOCHOS
C:\Users\eduar\Desktop\Soybe-main\data\com_fundo\RGB_JPG_CHOCHOS\grao_DSC_0352_id30.png,RGB_JPG_CHOCHOS,RGB_JPG_CHOCHOS
C:\Users\eduar\Desktop\Soybe-main\data\com_fundo\RGB_JPG_CHOCHOS\grao_DSC_0352_id31.png,RGB_JPG_CHOCHOS,RGB_JPG_CHOCHOS
C:\Users\eduar\Desktop\Soybe-main\data\com_fundo\RGB_JPG_CHOCHOS\grao_DSC_0352_id32.png,RGB_JPG_CHOCHOS,RGB_JPG_CHOCHOS
C:\Users\eduar\Desktop\Soybe-main\data\com_fundo\RGB_JPG_CHOCHOS\grao_DSC_0352_id33.png,RGB_JPG_CHOCHOS,RGB_JPG_CHOCHOS
C:\Users\eduar\Desktop\Soybe-main\data\com_fundo\RGB_JPG_CHOCHOS\grao_DSC_0352_id34.png,RGB_JPG_CHOCHOS,RGB_JPG_CHOCHOS
C:\Users\eduar\Desktop\Soybe-main\data\com_fundo\RGB_JPG_CHOCHOS\grao_DSC_0352_id35.png,RGB_JPG_CHOCHOS,RGB_JPG_CHOCHOS
C:\Users\eduar\Desktop\Soybe-main\data\com_fundo\RGB_JPG_CHOCHOS\grao_DSC_0352_id36.png,RGB_JPG_CHOCHOS,RGB_JPG_CHOCHOS
C:\Users\eduar\Desktop\Soybe-main\data\com_fundo\RGB_JPG_CHOCHOS\grao_DSC_0352_id37.png,RGB_JPG_CHOCHOS,RGB_JPG_CHOCHOS
C:\Users\eduar\Desktop\Soybe-main\data\com_fundo\RGB_JPG_CHOCHOS\grao_DSC_0352_id38.png,RGB_JPG_CHOCHOS,RGB_JPG_CHOCHOS
C:\Users\eduar\Desktop\Soybe-main\data\com_fundo\RGB_JPG_CHOCHOS\grao_DSC_0352_id39.png,RGB_JPG_CHOCHOS,RGB_JPG_CHOCHOS
C:\Users\eduar\Desktop\Soybe-main\data\com_fundo\RGB_JPG_CHOCHOS\grao_DSC_0352_id4.png,RGB_JPG_CHOCHOS,RGB_JPG_CHOCHOS
C:\Users\eduar\Desktop\Soybe-main\data\com_fundo\RGB_JPG_CHOCHOS\grao_DSC_0352_id40.png,RGB_JPG_CHOCHOS,RGB_JPG_CHOCHOS
C:\Users\eduar\Desktop\Soybe-main\data\com_fundo\RGB_JPG_CHOCHOS\grao_DSC_0352_id41.png,RGB_JPG_CHOCHOS,RGB_JPG_CHOCHOS
C:\Users\eduar\Desktop\Soybe-main\data\com_fundo\RGB_JPG_CHOCHOS\grao_DSC_0352_id42.png,RGB_JPG_CHOCHOS,RGB_JPG_CHOCHOS
C:\Users\eduar\Desktop\Soybe-main\data\com_fundo\RGB_JPG_CHOCHOS\grao_DSC_0352_id43.png,RGB_JPG_CHOCHOS,RGB_JPG_CHOCHOS
C:\Users\eduar\Desktop\Soybe-main\data\com_fundo\RGB_JPG_CHOCHOS\grao_DSC_0352_id44.png,RGB_JPG_CHOCHOS,RGB_JPG_CHOCHOS
C:\Users\eduar\Desktop\Soybe-main\data\com_fundo\RGB_JPG_CHOCHOS\grao_DSC_0352_id45.png,RGB_JPG_CHOCHOS,RGB_JPG_CHOCHOS
C:\Users\eduar\Desktop\Soybe-main\data\com_fundo\RGB_JPG_CHOCHOS\grao_DSC_0352_id46.png,RGB_JPG_CHOCHOS,RGB_JPG_CHOCHOS
C:\Users\eduar\Desktop\Soybe-main\data\com_fundo\RGB_JPG_CHOCHOS\grao_DSC_0352_id47.png,RGB_JPG_CHOCHOS,RGB_JPG_CHOCHOS
C:\Users\eduar\Desktop\Soybe-main\data\com_fundo\RGB_JPG_CHOCHOS\grao_DSC_0352_id48.png,RGB_JPG_CHOCHOS,RGB_JPG_CHOCHOS
C:\Users\eduar\Desktop\Soybe-main\data\com_fundo\RGB_JPG_CHOCHOS\grao_DSC_0352_id49.png,RGB_JPG_CHOCHOS,RGB_JPG_CHOCHOS
C:\Users\eduar\Desktop\Soybe-main\data\com_fundo\RGB_JPG_CHOCHOS\grao_DSC_0352_id5.png,RGB_JPG_CHOCHOS,RGB_JPG_CHOCHOS
C:\Users\eduar\Desktop\Soybe-main\data\com_fundo\RGB_JPG_CHOCHOS\grao_DSC_0352_id50.png,RGB_JPG_CHOCHOS,RGB_JPG_CHOCHOS
C:\Users\eduar\Desktop\Soybe-main\data\com_fundo\RGB_JPG_CHOCHOS\grao_DSC_0352_id51.png,RGB_JPG_CHOCHOS,RGB_JPG_CHOCHOS
C:\Users\eduar\Desktop\Soybe-main\data\com_fundo\RGB_JPG_CHOCHOS\grao_DSC_0352_id52.png,RGB_JPG_CHOCHOS,RGB_JPG_CHOCHOS
C:\Users\eduar\Desktop\Soybe-main\data\com_fundo\RGB_JPG_CHOCHOS\grao_DSC_0352_id53.png,RGB_JPG_CHOCHOS,RGB_JPG_CHOCHOS
C:\Users\eduar\Desktop\Soybe-main\data\com_fundo\RGB_JPG_CHOCHOS\grao_DSC_0352_id54.png,RGB_JPG_CHOCHOS,RGB_JPG_CHOCHOS
C:\Users\eduar\Desktop\Soybe-main\data\com_fundo\RGB_JPG_CHOCHOS\grao_DSC_0352_id55.png,RGB_JPG_CHOCHOS,RGB_JPG_CHOCHOS
C:\Users\eduar\Desktop\Soybe-main\data\com_fundo\RGB_JPG_CHOCHOS\grao_DSC_0352_id56.png,RGB_JPG_CHOCHOS,RGB_JPG_CHOCHOS
C:\Users\eduar\Desktop\Soybe-main\data\com_fundo\RGB_JPG_CHOCHOS\grao_DSC_0352_id57.png,RGB_JPG_CHOCHOS,RGB_JPG_CHOCHOS
C:\Users\eduar\Desktop\Soybe-main\data\com_fundo\RGB_JPG_CHOCHOS\grao_DSC_0352_id58.png,RGB_JPG_CHOCHOS,RGB_JPG_CHOCHOS
C:\Users\eduar\Desktop\Soybe-main\data\com_fundo\RGB_JPG_CHOCHOS\grao_DSC_0352_id59.png,RGB_JPG_CHOCHOS,RGB_JPG_CHOCHOS
C:\Users\eduar\Desktop\Soybe-main\data\com_fundo\RGB_JPG_CHOCHOS\grao_DSC_0352_id6.png,RGB_JPG_CHOCHOS,RGB_JPG_CHOCHOS
C:\Users\eduar\Desktop\Soybe-main\data\com_fundo\RGB_JPG_CHOCHOS\grao_DSC_0352_id60.png,RGB_JPG_CHOCHOS,RGB_JPG_CHOCHOS
C:\Users\eduar\Desktop\Soybe-main\data\com_fundo\RGB_JPG_CHOCHOS\grao_DSC_0352_id61.png,RGB_JPG_CHOCHOS,RGB_JPG_CHOCHOS
C:\Users\eduar\Desktop\Soybe-main\data\com_fundo\RGB_JPG_CHOCHOS\grao_DSC_0352_id62.png,RGB_JPG_CHOCHOS,RGB_JPG_CHOCHOS
C:\Users\eduar\Desktop\Soybe-main\data\com_fundo\RGB_JPG_CHOCHOS\grao_DSC_0352_id63.png,RGB_JPG_CHOCHOS,RGB_JPG_CHOCHOS
C:\Users\eduar\Desktop\Soybe-main\data\com_fundo\RGB_JPG_CHOCHOS\grao_DSC_0352_id64.png,RGB_JPG_CHOCHOS,RGB_JPG_CHOCHOS
C:\Users\eduar\Desktop\Soybe-main\data\com_fundo\RGB_JPG_CHOCHOS\grao_DSC_0352_id65.png,RGB_JPG_CHOCHOS,RGB_JPG_CHOCHOS
C:\Users\eduar\Desktop\Soybe-main\data\com_fundo\RGB_JPG_CHOCHOS\grao_DSC_0352_id66.png,RGB_JPG_CHOCHOS,RGB_JPG_CHOCHOS
C:\Users\eduar\Desktop\Soybe-main\data\com_fundo\RGB_JPG_CHOCHOS\grao_DSC_0352_id67.png,RGB_JPG_CHOCHOS,RGB_JPG_CHOCHOS
C:\Users\eduar\Desktop\Soybe-main\data\com_fundo\RGB_JPG_CHOCHOS\grao_DSC_0352_id68.png,RGB_JPG_CHOCHOS,RGB_JPG_CHOCHOS
C:\Users\eduar\Desktop\Soybe-main\data\com_fundo\RGB_JPG_CHOCHOS\grao_DSC_0352_id69.png,RGB_JPG_CHOCHOS,RGB_JPG_CHOCHOS
C:\Users\eduar\Desktop\Soybe-main\data\com_fundo\RGB_JPG_CHOCHOS\grao_DSC_0352_id7.png,RGB_JPG_CHOCHOS,RGB_JPG_CHOCHOS
C:\Users\eduar\Desktop\Soybe-main\data\com_fundo\RGB_JPG_CHOCHOS\grao_DSC_0352_id70.png,RGB_JPG_CHOCHOS,RGB_JPG_CHOCHOS
C:\Users\eduar\Desktop\Soybe-main\data\com_fundo\RGB_JPG_CHOCHOS\grao_DSC_0352_id71.png,RGB_JPG_CHOCHOS,RGB_JPG_CHOCHOS
C:\Users\eduar\Desktop\Soybe-main\data\com_fundo\RGB_JPG_CHOCHOS\grao_DSC_0352_id72.png,RGB_JPG_CHOCHOS,RGB_JPG_CHOCHOS
C:\Users\eduar\Desktop\Soybe-main\data\com_fundo\RGB_JPG_CHOCHOS\grao_DSC_0352_id73.png,RGB_JPG_CHOCHOS,RGB_JPG_CHOCHOS
C:\Users\eduar\Desktop\Soybe-main\data\com_fundo\RGB_JPG_CHOCHOS\grao_DSC_0352_id74.png,RGB_JPG_CHOCHOS,RGB_JPG_CHOCHOS
C:\Users\eduar\Desktop\Soybe-main\data\com_fundo\RGB_JPG_CHOCHOS\grao_DSC_0352_id75.png,RGB_JPG_CHOCHOS,RGB_JPG_CHOCHOS
C:\Users\eduar\Desktop\Soybe-main\data\com_fundo\RGB_JPG_CHOCHOS\grao_DSC_0352_id76.png,RGB_JPG_CHOCHOS,RGB_JPG_CHOCHOS
C:\Users\eduar\Desktop\Soybe-main\data\com_fundo\RGB_JPG_CHOCHOS\grao_DSC_0352_id77.png,RGB_JPG_CHOCHOS,RGB_JPG_CHOCHOS
C:\Users\eduar\Desktop\Soybe-main\data\com_fundo\RGB_JPG_CHOCHOS\grao_DSC_0352_id78.png,RGB_JPG_CHOCHOS,RGB_JPG_CHOCHOS
C:\Users\eduar\Desktop\Soybe-main\data\com_fundo\RGB_JPG_CHOCHOS\grao_DSC_0352_id79.png,RGB_JPG_CHOCHOS,RGB_JPG_CHOCHOS
C:\Users\eduar\Desktop\Soybe-main\data\com_fundo\RGB_JPG_CHOCHOS\grao_DSC_0352_id8.png,RGB_JPG_CHOCHOS,RGB_JPG_CHOCHOS
C:\Users\eduar\Desktop\Soybe-main\data\com_fundo\RGB_JPG_CHOCHOS\grao_DSC_0352_id80.png,RGB_JPG_CHOCHOS,RGB_JPG_CHOCHOS
C:\Users\eduar\Desktop\Soybe-main\data\com_fundo\RGB_JPG_CHOCHOS\grao_DSC_0352_id81.png,RGB_JPG_CHOCHOS,RGB_JPG_CHOCHOS
C:\Users\eduar\Desktop\Soybe-main\data\com_fundo\RGB_JPG_CHOCHOS\grao_DSC_0352_id82.png,RGB_JPG_CHOCHOS,RGB_JPG_CHOCHOS
C:\Users\eduar\Desktop\Soybe-main\data\com_fundo\RGB_JPG_CHOCHOS\grao_DSC_0352_id83.png,RGB_JPG_CHOCHOS,RGB_JPG_CHOCHOS
C:\Users\eduar\Desktop\Soybe-main\data\com_fundo\RGB_JPG_CHOCHOS\grao_DSC_0352_id84.png,RGB_JPG_CHOCHOS,RGB_JPG_CHOCHOS
C:\Users\eduar\Desktop\Soybe-main\data\com_fundo\RGB_JPG_CHOCHOS\grao_DSC_0352_id85.png,RGB_JPG_CHOCHOS,RGB_JPG_CHOCHOS
C:\Users\eduar\Desktop\Soybe-main\data\com_fundo\RGB_JPG_CHOCHOS\grao_DSC_0352_id86.png,RGB_JPG_CHOCHOS,RGB_JPG_CHOCHOS
C:\Users\eduar\Desktop\Soybe-main\data\com_fundo\RGB_JPG_CHOCHOS\grao_DSC_0352_id87.png,RGB_JPG_CHOCHOS,RGB_JPG_CHOCHOS
C:\Users\eduar\Desktop\Soybe-main\data\com_fundo\RGB_JPG_CHOCHOS\grao_DSC_0352_id88.png,RGB_JPG_CHOCHOS,RGB_JPG_CHOCHOS
C:\Users\eduar\Desktop\Soybe-main\data\com_fundo\RGB_JPG_CHOCHOS\grao_DSC_0352_id89.png,RGB_JPG_CHOCHOS,RGB_JPG_CHOCHOS
C:\Users\eduar\Desktop\Soybe-main\data\com_fundo\RGB_JPG_CHOCHOS\grao_DSC_0352_id9.png,RGB_JPG_CHOCHOS,RGB_JPG_CHOCHOS
C:\Users\eduar\Desktop\Soybe-main\data\com_fundo\RGB_JPG_CHOCHOS\grao_DSC_0352_id90.png,RGB_JPG_CHOCHOS,RGB_JPG_CHOCHOS
C:\Users\eduar\Desktop\Soybe-main\data\com_fundo\RGB_JPG_CHOCHOS\grao_DSC_0352_id91.png,RGB_JPG_CHOCHOS,RGB_JPG_CHOCHOS
C:\Users\eduar\Desktop\Soybe-main\data\com_fundo\RGB_JPG_CHOCHOS\grao_DSC_0352_id92.png,RGB_JPG_CHOCHOS,RGB_JPG_CHOCHOS
C:\Users\eduar\Desktop\Soybe-main\data\com_fundo\RGB_JPG_CHOCHOS\grao_DSC_0352_id93.png,RGB_JPG_CHOCHOS,RGB_JPG_CHOCHOS
C:\Users\eduar\Desktop\Soybe-main\data\com_fundo\RGB_JPG_CHOCHOS\grao_DSC_0352_id94.png,RGB_JPG_CHOCHOS,RGB_JPG_CHOCHOS
C:\Users\eduar\Desktop\Soybe-main\data\com_fundo\RGB_JPG_CHOCHOS\grao_DSC_0352_id95.png,RGB_JPG_CHOCHOS,RGB_JPG_CHOCHOS
C:\Users\eduar\Desktop\Soybe-main\data\com_fundo\RGB_JPG_CHOCHOS\grao_DSC_0352_id96.png,RGB_JPG_CHOCHOS,RGB_JPG_CHOCHOS
C:\Users\eduar\Desktop\Soybe-main\data\com_fundo\RGB_JPG_CHOCHOS\grao_DSC_0352_id97.png,RGB_JPG_CHOCHOS,RGB_JPG_CHOCHOS
C:\Users\eduar\Desktop\Soybe-main\data\com_fundo\RGB_JPG_CHOCHOS\grao_DSC_0352_id98.png,RGB_JPG_CHOCHOS,RGB_JPG_CHOCHOS
C:\Users\eduar\Desktop\Soybe-main\data\com_fundo\RGB_JPG_CHOCHOS\grao_DSC_0352_id99.png,RGB_JPG_CHOCHOS,RGB_JPG_CHOCHOS
C:\Users\eduar\Desktop\Soybe-main\data\com_fundo\RGB_JPG_ESVERDEADO\grao_DSC_0306_id1.png,RGB_JPG_ESVERDEADO,RGB_JPG_ESVERDEADO
C:\Users\eduar\Desktop\Soybe-main\data\com_fundo\RGB_JPG_ESVERDEADO\grao_DSC_0306_id10.png,RGB_JPG_ESVERDEADO,RGB_JPG_ESVERDEADO
C:\Users\eduar\Desktop\Soybe-main\data\com_fundo\RGB_JPG_ESVERDEADO\grao_DSC_0306_id11.png,RGB_JPG_ESVERDEADO,RGB_JPG_ESVERDEADO
C:\Users\eduar\Desktop\Soybe-main\data\com_fundo\RGB_JPG_ESVERDEADO\grao_DSC_0306_id12.png,RGB_JPG_ESVERDEADO,RGB_JPG_ESVERDEADO
C:\Users\eduar\Desktop\Soybe-main\data\com_fundo\RGB_JPG_ESVERDEADO\grao_DSC_0306_id13.png,RGB_JPG_ESVERDEADO,RGB_JPG_ESVERDEADO
C:\Users\eduar\Desktop\Soybe-main\data\com_fundo\RGB_JPG_ESVERDEADO\grao_DSC_0306_id14.png,RGB_JPG_ESVERDEADO,RGB_JPG_CHOCHOS
C:\Users\eduar\Desktop\Soybe-main\data\com_fundo\RGB_JPG_ESVERDEADO\grao_DSC_0306_id15.png,RGB_JPG_ESVERDEADO,RGB_JPG_ESVERDEADO
C:\Users\eduar\Desktop\Soybe-main\data\com_fundo\RGB_JPG_ESVERDEADO\grao_DSC_0306_id16.png,RGB_JPG_ESVERDEADO,RGB_JPG_ESVERDEADO
C:\Users\eduar\Desktop\Soybe-main\data\com_fundo\RGB_JPG_ESVERDEADO\grao_DSC_0306_id17.png,RGB_JPG_ESVERDEADO,RGB_JPG_ESVERDEADO
C:\Users\eduar\Desktop\Soybe-main\data\com_fundo\RGB_JPG_ESVERDEADO\grao_DSC_0306_id18.png,RGB_JPG_ESVERDEADO,RGB_JPG_ESVERDEADO
C:\Users\eduar\Desktop\Soybe-main\data\com_fundo\RGB_JPG_ESVERDEADO\grao_DSC_0306_id19.png,RGB_JPG_ESVERDEADO,RGB_JPG_CHOCHOS
C:\Users\eduar\Desktop\Soybe-main\data\com_fundo\RGB_JPG_ESVERDEADO\grao_DSC_0306_id2.png,RGB_JPG_ESVERDEADO,RGB_JPG_CHOCHOS
C:\Users\eduar\Desktop\Soybe-main\data\com_fundo\RGB_JPG_ESVERDEADO\grao_DSC_0306_id20.png,RGB_JPG_ESVERDEADO,RGB_JPG_ESVERDEADO
C:\Users\eduar\Desktop\Soybe-main\data\com_fundo\RGB_JPG_ESVERDEADO\grao_DSC_0306_id21.png,RGB_JPG_ESVERDEADO,RGB_JPG_CHOCHOS
C:\Users\eduar\Desktop\Soybe-main\data\com_fundo\RGB_JPG_ESVERDEADO\grao_DSC_0306_id22.png,RGB_JPG_ESVERDEADO,RGB_JPG_ESVERDEADO
C:\Users\eduar\Desktop\Soybe-main\data\com_fundo\RGB_JPG_ESVERDEADO\grao_DSC_0306_id23.png,RGB_JPG_ESVERDEADO,RGB_JPG_CHOCHOS
C:\Users\eduar\Desktop\Soybe-main\data\com_fundo\RGB_JPG_ESVERDEADO\grao_DSC_0306_id24.png,RGB_JPG_ESVERDEADO,RGB_JPG_ESVERDEADO
C:\Users\eduar\Desktop\Soybe-main\data\com_fundo\RGB_JPG_ESVERDEADO\grao_DSC_0306_id25.png,RGB_JPG_ESVERDEADO,RGB_JPG_ESVERDEADO
C:\Users\eduar\Desktop\Soybe-main\data\com_fundo\RGB_JPG_ESVERDEADO\grao_DSC_0306_id26.png,RGB_JPG_ESVERDEADO,RGB_JPG_ESVERDEADO
C:\Users\eduar\Desktop\Soybe-main\data\com_fundo\RGB_JPG_ESVERDEADO\grao_DSC_0306_id27.png,RGB_JPG_ESVERDEADO,RGB_JPG_CHOCHOS
C:\Users\eduar\Desktop\Soybe-main\data\com_fundo\RGB_JPG_ESVERDEADO\grao_DSC_0306_id28.png,RGB_JPG_ESVERDEADO,RGB_JPG_ESVERDEADO
C:\Users\eduar\Desktop\Soybe-main\data\com_fundo\RGB_JPG_ESVERDEADO\grao_DSC_0306_id29.png,RGB_JPG_ESVERDEADO,RGB_JPG_ESVERDEADO
C:\Users\eduar\Desktop\Soybe-main\data\com_fundo\RGB_JPG_ESVERDEADO\grao_DSC_0306_id3.png,RGB_JPG_ESVERDEADO,RGB_JPG_CHOCHOS
C:\Users\eduar\Desktop\Soybe-main\data\com_fundo\RGB_JPG_ESVERDEADO\grao_DSC_0306_id30.png,RGB_JPG_ESVERDEADO,RGB_JPG_ESVERDEADO
C:\Users\eduar\Desktop\Soybe-main\data\com_fundo\RGB_JPG_ESVERDEADO\grao_DSC_0306_id31.png,RGB_JPG_ESVERDEADO,RGB_JPG_ESVERDEADO
C:\Users\eduar\Desktop\Soybe-main\data\com_fundo\RGB_JPG_ESVERDEADO\grao_DSC_0306_id32.png,RGB_JPG_ESVERDEADO,RGB_JPG_CHOCHOS
C:\Users\eduar\Desktop\Soybe-main\data\com_fundo\RGB_JPG_ESVERDEADO\grao_DSC_0306_id33.png,RGB_JPG_ESVERDEADO,RGB_JPG_ESVERDEADO
C:\Users\eduar\Desktop\Soybe-main\data\com_fundo\RGB_JPG_ESVERDEADO\grao_DSC_0306_id34.png,RGB_JPG_ESVERDEADO,RGB_JPG_ESVERDEADO
C:\Users\eduar\Desktop\Soybe-main\data\com_fundo\RGB_JPG_ESVERDEADO\grao_DSC_0306_id35.png,RGB_JPG_ESVERDEADO,RGB_JPG_ESVERDEADO
C:\Users\eduar\Desktop\Soybe-main\data\com_fundo\RGB_JPG_ESVERDEADO\grao_DSC_0306_id36.png,RGB_JPG_ESVERDEADO,RGB_JPG_ESVERDEADO
C:\Users\eduar\Desktop\Soybe-main\data\com_fundo\RGB_JPG_ESVERDEADO\grao_DSC_0306_id37.png,RGB_JPG_ESVERDEADO,RGB_JPG_ESVERDEADO
C:\Users\eduar\Desktop\Soybe-main\data\com_fundo\RGB_JPG_ESVERDEADO\grao_DSC_0306_id38.png,RGB_JPG_ESVERDEADO,RGB_JPG_ESVERDEADO
C:\Users\eduar\Desktop\Soybe-main\data\com_fundo\RGB_JPG_ESVERDEADO\grao_DSC_0306_id39.png,RGB_JPG_ESVERDEADO,RGB_JPG_CHOCHOS
C:\Users\eduar\Desktop\Soybe-main\data\com_fundo\RGB_JPG_ESVERDEADO\grao_DSC_0306_id4.png,RGB_JPG_ESVERDEADO,RGB_JPG_ESVERDEADO
C:\Users\eduar\Desktop\Soybe-main\data\com_fundo\RGB_JPG_ESVERDEADO\grao_DSC_0306_id40.png,RGB_JPG_ESVERDEADO,RGB_JPG_ESVERDEADO
C:\Users\eduar\Desktop\Soybe-main\data\com_fundo\RGB_JPG_ESVERDEADO\grao_DSC_0306_id41.png,RGB_JPG_ESVERDEADO,RGB_JPG_CHOCHOS
C:\Users\eduar\Desktop\Soybe-main\data\com_fundo\RGB_JPG_ESVERDEADO\grao_DSC_0306_id42.png,RGB_JPG_ESVERDEADO,RGB_JPG_ESVERDEADO
C:\Users\eduar\Desktop\Soybe-main\data\com_fundo\RGB_JPG_ESVERDEADO\grao_DSC_0306_id43.png,RGB_JPG_ESVERDEADO,RGB_JPG_ESVERDEADO
C:\Users\eduar\Desktop\Soybe-main\data\com_fundo\RGB_JPG_ESVERDEADO\grao_DSC_0306_id44.png,RGB_JPG_ESVERDEADO,RGB_JPG_ESVERDEADO
C:\Users\eduar\Desktop\Soybe-main\data\com_fundo\RGB_JPG_ESVERDEADO\grao_DSC_0306_id45.png,RGB_JPG_ESVERDEADO,RGB_JPG_CHOCHOS
C:\Users\eduar\Desktop\Soybe-main\data\com_fundo\RGB_JPG_ESVERDEADO\grao_DSC_0306_id46.png,RGB_JPG_ESVERDEADO,RGB_JPG_ESVERDEADO
C:\Users\eduar\Desktop\Soybe-main\data\com_fundo\RGB_JPG_ESVERDEADO\grao_DSC_0306_id47.png,RGB_JPG_ESVERDEADO,RGB_JPG_CHOCHOS
C:\Users\eduar\Desktop\Soybe-main\data\com_fundo\RGB_JPG_ESVERDEADO\grao_DSC_0306_id48.png,RGB_JPG_ESVERDEADO,RGB_JPG_ESVERDEADO
C:\Users\eduar\Desktop\Soybe-main\data\com_fundo\RGB_JPG_ESVERDEADO\grao_DSC_0306_id49.png,RGB_JPG_ESVERDEADO,RGB_JPG_CHOCHOS
C:\Users\eduar\Desktop\Soybe-main\data\com_fundo\RGB_JPG_ESVERDEADO\grao_DSC_0306_id5.png,RGB_JPG_ESVERDEADO,RGB_JPG_ESVERDEADO
C:\Users\eduar\Desktop\Soybe-main\data\com_fundo\RGB_JPG_ESVERDEADO\grao_DSC_0306_id50.png,RGB_JPG_ESVERDEADO,RGB_JPG_ESVERDEADO
C:\Users\eduar\Desktop\Soybe-main\data\com_fundo\RGB_JPG_ESVERDEADO\grao_DSC_0306_id51.png,RGB_JPG_ESVERDEADO,RGB_JPG_ESVERDEADO
C:\Users\eduar\Desktop\Soybe-main\data\com_fundo\RGB_JPG_ESVERDEADO\grao_DSC_0306_id52.png,RGB_JPG_ESVERDEADO,RGB_JPG_CHOCHOS
C:\Users\eduar\Desktop\Soybe-main\data\com_fundo\RGB_JPG_ESVERDEADO\grao_DSC_0306_id53.png,RGB_JPG_ESVERDEADO,RGB_JPG_ESVERDEADO
C:\Users\eduar\Desktop\Soybe-main\data\com_fundo\RGB_JPG_ESVERDEADO\grao_DSC_0306_id54.png,RGB_JPG_ESVERDEADO,RGB_JPG_ESVERDEADO
C:\Users\eduar\Desktop\Soybe-main\data\com_fundo\RGB_JPG_ESVERDEADO\grao_DSC_0306_id55.png,RGB_JPG_ESVERDEADO,RGB_JPG_ESVERDEADO
C:\Users\eduar\Desktop\Soybe-main\data\com_fundo\RGB_JPG_ESVERDEADO\grao_DSC_0306_id56.png,RGB_JPG_ESVERDEADO,RGB_JPG_CHOCHOS
C:\Users\eduar\Desktop\Soybe-main\data\com_fundo\RGB_JPG_ESVERDEADO\grao_DSC_0306_id57.png,RGB_JPG_ESVERDEADO,RGB_JPG_ESVERDEADO
C:\Users\eduar\Desktop\Soybe-main\data\com_fundo\RGB_JPG_ESVERDEADO\grao_DSC_0306_id58.png,RGB_JPG_ESVERDEADO,RGB_JPG_ESVERDEADO
C:\Users\eduar\Desktop\Soybe-main\data\com_fundo\RGB_JPG_ESVERDEADO\grao_DSC_0306_id59.png,RGB_JPG_ESVERDEADO,RGB_JPG_CHOCHOS
C:\Users\eduar\Desktop\Soybe-main\data\com_fundo\RGB_JPG_ESVERDEADO\grao_DSC_0306_id6.png,RGB_JPG_ESVERDEADO,RGB_JPG_ESVERDEADO
C:\Users\eduar\Desktop\Soybe-main\data\com_fundo\RGB_JPG_ESVERDEADO\grao_DSC_0306_id60.png,RGB_JPG_ESVERDEADO,RGB_JPG_CHOCHOS
C:\Users\eduar\Desktop\Soybe-main\data\com_fundo\RGB_JPG_ESVERDEADO\grao_DSC_0306_id61.png,RGB_JPG_ESVERDEADO,RGB_JPG_ESVERDEADO
C:\Users\eduar\Desktop\Soybe-main\data\com_fundo\RGB_JPG_ESVERDEADO\grao_DSC_0306_id62.png,RGB_JPG_ESVERDEADO,RGB_JPG_ESVERDEADO
C:\Users\eduar\Desktop\Soybe-main\data\com_fundo\RGB_JPG_ESVERDEADO\grao_DSC_0306_id63.png,RGB_JPG_ESVERDEADO,RGB_JPG_ESVERDEADO
C:\Users\eduar\Desktop\Soybe-main\data\com_fundo\RGB_JPG_ESVERDEADO\grao_DSC_0306_id64.png,RGB_JPG_ESVERDEADO,RGB_JPG_CHOCHOS
C:\Users\eduar\Desktop\Soybe-main\data\com_fundo\RGB_JPG_ESVERDEADO\grao_DSC_0306_id65.png,RGB_JPG_ESVERDEADO,RGB_JPG_ESVERDEADO
C:\Users\eduar\Desktop\Soybe-main\data\com_fundo\RGB_JPG_ESVERDEADO\grao_DSC_0306_id66.png,RGB_JPG_ESVERDEADO,RGB_JPG_PURPURAS
C:\Users\eduar\Desktop\Soybe-main\data\com_fundo\RGB_JPG_ESVERDEADO\grao_DSC_0306_id67.png,RGB_JPG_ESVERDEADO,RGB_JPG_CHOCHOS
C:\Users\eduar\Desktop\Soybe-main\data\com_fundo\RGB_JPG_ESVERDEADO\grao_DSC_0306_id68.png,RGB_JPG_ESVERDEADO,RGB_JPG_ESVERDEADO
C:\Users\eduar\Desktop\Soybe-main\data\com_fundo\RGB_JPG_ESVERDEADO\grao_DSC_0306_id7.png,RGB_JPG_ESVERDEADO,RGB_JPG_ESVERDEADO
C:\Users\eduar\Desktop\Soybe-main\data\com_fundo\RGB_JPG_ESVERDEADO\grao_DSC_0306_id70.png,RGB_JPG_ESVERDEADO,RGB_JPG_CHOCHOS
C:\Users\eduar\Desktop\Soybe-main\data\com_fundo\RGB_JPG_ESVERDEADO\grao_DSC_0306_id71.png,RGB_JPG_ESVERDEADO,RGB_JPG_ESVERDEADO
C:\Users\eduar\Desktop\Soybe-main\data\com_fundo\RGB_JPG_ESVERDEADO\grao_DSC_0306_id72.png,RGB_JPG_ESVERDEADO,RGB_JPG_ESVERDEADO
C:\Users\eduar\Desktop\Soybe-main\data\com_fundo\RGB_JPG_ESVERDEADO\grao_DSC_0306_id73.png,RGB_JPG_ESVERDEADO,RGB_JPG_ESVERDEADO
C:\Users\eduar\Desktop\Soybe-main\data\com_fundo\RGB_JPG_ESVERDEADO\grao_DSC_0306_id74.png,RGB_JPG_ESVERDEADO,RGB_JPG_PURPURAS
C:\Users\eduar\Desktop\Soybe-main\data\com_fundo\RGB_JPG_ESVERDEADO\grao_DSC_0306_id75.png,RGB_JPG_ESVERDEADO,RGB_JPG_CHOCHOS
C:\Users\eduar\Desktop\Soybe-main\data\com_fundo\RGB_JPG_ESVERDEADO\grao_DSC_0306_id76.png,RGB_JPG_ESVERDEADO,RGB_JPG_ESVERDEADO
C:\Users\eduar\Desktop\Soybe-main\data\com_fundo\RGB_JPG_ESVERDEADO\grao_DSC_0306_id77.png,RGB_JPG_ESVERDEADO,RGB_JPG_ESVERDEADO
C:\Users\eduar\Desktop\Soybe-main\data\com_fundo\RGB_JPG_ESVERDEADO\grao_DSC_0306_id78.png,RGB_JPG_ESVERDEADO,RGB_JPG_ESVERDEADO
C:\Users\eduar\Desktop\Soybe-main\data\com_fundo\RGB_JPG_ESVERDEADO\grao_DSC_0306_id79.png,RGB_JPG_ESVERDEADO,RGB_JPG_ESVERDEADO
C:\Users\eduar\Desktop\Soybe-main\data\com_fundo\RGB_JPG_ESVERDEADO\grao_DSC_0306_id8.png,RGB_JPG_ESVERDEADO,RGB_JPG_ESVERDEADO
C:\Users\eduar\Desktop\Soybe-main\data\com_fundo\RGB_JPG_ESVERDEADO\grao_DSC_0306_id80.png,RGB_JPG_ESVERDEADO,RGB_JPG_ESVERDEADO
C:\Users\eduar\Desktop\Soybe-main\data\com_fundo\RGB_JPG_ESVERDEADO\grao_DSC_0306_id81.png,RGB_JPG_ESVERDEADO,RGB_JPG_CHOCHOS
C:\Users\eduar\Desktop\Soybe-main\data\com_fundo\RGB_JPG_ESVERDEADO\grao_DSC_0306_id82.png,RGB_JPG_ESVERDEADO,RGB_JPG_ESVERDEADO
C:\Users\eduar\Desktop\Soybe-main\data\com_fundo\RGB_JPG_ESVERDEADO\grao_DSC_0306_id83.png,RGB_JPG_ESVERDEADO,RGB_JPG_CHOCHOS
C:\Users\eduar\Desktop\Soybe-main\data\com_fundo\RGB_JPG_ESVERDEADO\grao_DSC_0306_id84.png,RGB_JPG_ESVERDEADO,RGB_JPG_CHOCHOS
C:\Users\eduar\Desktop\Soybe-main\data\com_fundo\RGB_JPG_ESVERDEADO\grao_DSC_0306_id85.png,RGB_JPG_ESVERDEADO,RGB_JPG_CHOCHOS
C:\Users\eduar\Desktop\Soybe-main\data\com_fundo\RGB_JPG_ESVERDEADO\grao_DSC_0306_id87.png,RGB_JPG_ESVERDEADO,RGB_JPG_ESVERDEADO
C:\Users\eduar\Desktop\Soybe-main\data\com_fundo\RGB_JPG_ESVERDEADO\grao_DSC_0306_id88.png,RGB_JPG_ESVERDEADO,RGB_JPG_CHOCHOS
C:\Users\eduar\Desktop\Soybe-main\data\com_fundo\RGB_JPG_ESVERDEADO\grao_DSC_0306_id89.png,RGB_JPG_ESVERDEADO,RGB_JPG_CHOCHOS
C:\Users\eduar\Desktop\Soybe-main\data\com_fundo\RGB_JPG_ESVERDEADO\grao_DSC_0306_id9.png,RGB_JPG_ESVERDEADO,RGB_JPG_CHOCHOS
C:\Users\eduar\Desktop\Soybe-main\data\com_fundo\RGB_JPG_ESVERDEADO\grao_DSC_0307_id1.png,RGB_JPG_ESVERDEADO,RGB_JPG_ESVERDEADO
C:\Users\eduar\Desktop\Soybe-main\data\com_fundo\RGB_JPG_ESVERDEADO\grao_DSC_0307_id10.png,RGB_JPG_ESVERDEADO,RGB_JPG_CHOCHOS
C:\Users\eduar\Desktop\Soybe-main\data\com_fundo\RGB_JPG_ESVERDEADO\grao_DSC_0307_id101.png,RGB_JPG_ESVERDEADO,RGB_JPG_ESVERDEADO
C:\Users\eduar\Desktop\Soybe-main\data\com_fundo\RGB_JPG_ESVERDEADO\grao_DSC_0307_id102.png,RGB_JPG_ESVERDEADO,RGB_JPG_ESVERDEADO
C:\Users\eduar\Desktop\Soybe-main\data\com_fundo\RGB_JPG_ESVERDEADO\grao_DSC_0307_id103.png,RGB_JPG_ESVERDEADO,RGB_JPG_ESVERDEADO
C:\Users\eduar\Desktop\Soybe-main\data\com_fundo\RGB_JPG_ESVERDEADO\grao_DSC_0307_id11.png,RGB_JPG_ESVERDEADO,RGB_JPG_ESVERDEADO
C:\Users\eduar\Desktop\Soybe-main\data\com_fundo\RGB_JPG_ESVERDEADO\grao_DSC_0307_id12.png,RGB_JPG_ESVERDEADO,RGB_JPG_ESVERDEADO
C:\Users\eduar\Desktop\Soybe-main\data\com_fundo\RGB_JPG_ESVERDEADO\grao_DSC_0307_id13.png,RGB_JPG_ESVERDEADO,RGB_JPG_ESVERDEADO
C:\Users\eduar\Desktop\Soybe-main\data\com_fundo\RGB_JPG_ESVERDEADO\grao_DSC_0307_id15.png,RGB_JPG_ESVERDEADO,RGB_JPG_CHOCHOS
C:\Users\eduar\Desktop\Soybe-main\data\com_fundo\RGB_JPG_ESVERDEADO\grao_DSC_0307_id16.png,RGB_JPG_ESVERDEADO,RGB_JPG_CHOCHOS
C:\Users\eduar\Desktop\Soybe-main\data\com_fundo\RGB_JPG_ESVERDEADO\grao_DSC_0307_id17.png,RGB_JPG_ESVERDEADO,RGB_JPG_ESVERDEADO
C:\Users\eduar\Desktop\Soybe-main\data\com_fundo\RGB_JPG_ESVERDEADO\grao_DSC_0307_id18.png,RGB_JPG_ESVERDEADO,RGB_JPG_PURPURAS
C:\Users\eduar\Desktop\Soybe-main\data\com_fundo\RGB_JPG_ESVERDEADO\grao_DSC_0307_id19.png,RGB_JPG_ESVERDEADO,RGB_JPG_ESVERDEADO
C:\Users\eduar\Desktop\Soybe-main\data\com_fundo\RGB_JPG_ESVERDEADO\grao_DSC_0307_id2.png,RGB_JPG_ESVERDEADO,RGB_JPG_ESVERDEADO
C:\Users\eduar\Desktop\Soybe-main\data\com_fundo\RGB_JPG_ESVERDEADO\grao_DSC_0307_id20.png,RGB_JPG_ESVERDEADO,RGB_JPG_ESVERDEADO
C:\Users\eduar\Desktop\Soybe-main\data\com_fundo\RGB_JPG_ESVERDEADO\grao_DSC_0307_id21.png,RGB_JPG_ESVERDEADO,RGB_JPG_ESVERDEADO
C:\Users\eduar\Desktop\Soybe-main\data\com_fundo\RGB_JPG_ESVERDEADO\grao_DSC_0307_id22.png,RGB_JPG_ESVERDEADO,RGB_JPG_ESVERDEADO
C:\Users\eduar\Desktop\Soybe-main\data\com_fundo\RGB_JPG_ESVERDEADO\grao_DSC_0307_id23.png,RGB_JPG_ESVERDEADO,RGB_JPG_ESVERDEADO
C:\Users\eduar\Desktop\Soybe-main\data\com_fundo\RGB_JPG_ESVERDEADO\grao_DSC_0307_id24.png,RGB_JPG_ESVERDEADO,RGB_JPG_ESVERDEADO
C:\Users\eduar\Desktop\Soybe-main\data\com_fundo\RGB_JPG_ESVERDEADO\grao_DSC_0307_id25.png,RGB_JPG_ESVERDEADO,RGB_JPG_ESVERDEADO
C:\Users\eduar\Desktop\Soybe-main\data\com_fundo\RGB_JPG_ESVERDEADO\grao_DSC_0307_id27.png,RGB_JPG_ESVERDEADO,RGB_JPG_ESVERDEADO
C:\Users\eduar\Desktop\Soybe-main\data\com_fundo\RGB_JPG_ESVERDEADO\grao_DSC_0307_id28.png,RGB_JPG_ESVERDEADO,RGB_JPG_ESVERDEADO
C:\Users\eduar\Desktop\Soybe-main\data\com_fundo\RGB_JPG_ESVERDEADO\grao_DSC_0307_id29.png,RGB_JPG_ESVERDEADO,RGB_JPG_ESVERDEADO
C:\Users\eduar\Desktop\Soybe-main\data\com_fundo\RGB_JPG_ESVERDEADO\grao_DSC_0307_id3.png,RGB_JPG_ESVERDEADO,RGB_JPG_ESVERDEADO
C:\Users\eduar\Desktop\Soybe-main\data\com_fundo\RGB_JPG_ESVERDEADO\grao_DSC_0307_id30.png,RGB_JPG_ESVERDEADO,RGB_JPG_ESVERDEADO
C:\Users\eduar\Desktop\Soybe-main\data\com_fundo\RGB_JPG_ESVERDEADO\grao_DSC_0307_id31.png,RGB_JPG_ESVERDEADO,RGB_JPG_CHOCHOS
C:\Users\eduar\Desktop\Soybe-main\data\com_fundo\RGB_JPG_ESVERDEADO\grao_DSC_0307_id32.png,RGB_JPG_ESVERDEADO,RGB_JPG_ESVERDEADO
C:\Users\eduar\Desktop\Soybe-main\data\com_fundo\RGB_JPG_ESVERDEADO\grao_DSC_0307_id33.png,RGB_JPG_ESVERDEADO,RGB_JPG_ESVERDEADO
C:\Users\eduar\Desktop\Soybe-main\data\com_fundo\RGB_JPG_ESVERDEADO\grao_DSC_0307_id35.png,RGB_JPG_ESVERDEADO,RGB_JPG_ESVERDEADO
C:\Users\eduar\Desktop\Soybe-main\data\com_fundo\RGB_JPG_ESVERDEADO\grao_DSC_0307_id36.png,RGB_JPG_ESVERDEADO,RGB_JPG_Normais
C:\Users\eduar\Desktop\Soybe-main\data\com_fundo\RGB_JPG_ESVERDEADO\grao_DSC_0307_id37.png,RGB_JPG_ESVERDEADO,RGB_JPG_CHOCHOS
C:\Users\eduar\Desktop\Soybe-main\data\com_fundo\RGB_JPG_ESVERDEADO\grao_DSC_0307_id38.png,RGB_JPG_ESVERDEADO,RGB_JPG_ESVERDEADO
C:\Users\eduar\Desktop\Soybe-main\data\com_fundo\RGB_JPG_ESVERDEADO\grao_DSC_0307_id39.png,RGB_JPG_ESVERDEADO,RGB_JPG_ESVERDEADO
C:\Users\eduar\Desktop\Soybe-main\data\com_fundo\RGB_JPG_ESVERDEADO\grao_DSC_0307_id4.png,RGB_JPG_ESVERDEADO,RGB_JPG_ESVERDEADO
C:\Users\eduar\Desktop\Soybe-main\data\com_fundo\RGB_JPG_ESVERDEADO\grao_DSC_0307_id40.png,RGB_JPG_ESVERDEADO,RGB_JPG_ESVERDEADO
C:\Users\eduar\Desktop\Soybe-main\data\com_fundo\RGB_JPG_ESVERDEADO\grao_DSC_0307_id41.png,RGB_JPG_ESVERDEADO,RGB_JPG_ESVERDEADO
C:\Users\eduar\Desktop\Soybe-main\data\com_fundo\RGB_JPG_ESVERDEADO\grao_DSC_0307_id42.png,RGB_JPG_ESVERDEADO,RGB_JPG_ESVERDEADO
C:\Users\eduar\Desktop\Soybe-main\data\com_fundo\RGB_JPG_ESVERDEADO\grao_DSC_0307_id43.png,RGB_JPG_ESVERDEADO,RGB_JPG_ESVERDEADO
C:\Users\eduar\Desktop\Soybe-main\data\com_fundo\RGB_JPG_ESVERDEADO\grao_DSC_0307_id44.png,RGB_JPG_ESVERDEADO,RGB_JPG_ESVERDEADO
C:\Users\eduar\Desktop\Soybe-main\data\com_fundo\RGB_JPG_ESVERDEADO\grao_DSC_0307_id45.png,RGB_JPG_ESVERDEADO,RGB_JPG_ESVERDEADO
C:\Users\eduar\Desktop\Soybe-main\data\com_fundo\RGB_JPG_ESVERDEADO\grao_DSC_0307_id46.png,RGB_JPG_ESVERDEADO,RGB_JPG_ESVERDEADO
C:\Users\eduar\Desktop\Soybe-main\data\com_fundo\RGB_JPG_ESVERDEADO\grao_DSC_0307_id47.png,RGB_JPG_ESVERDEADO,RGB_JPG_ESVERDEADO
C:\Users\eduar\Desktop\Soybe-main\data\com_fundo\RGB_JPG_ESVERDEADO\grao_DSC_0307_id48.png,RGB_JPG_ESVERDEADO,RGB_JPG_CHOCHOS
C:\Users\eduar\Desktop\Soybe-main\data\com_fundo\RGB_JPG_ESVERDEADO\grao_DSC_0307_id49.png,RGB_JPG_ESVERDEADO,RGB_JPG_ESVERDEADO
C:\Users\eduar\Desktop\Soybe-main\data\com_fundo\RGB_JPG_ESVERDEADO\grao_DSC_0307_id5.png,RGB_JPG_ESVERDEADO,RGB_JPG_ESVERDEADO
C:\Users\eduar\Desktop\Soybe-main\data\com_fundo\RGB_JPG_ESVERDEADO\grao_DSC_0307_id50.png,RGB_JPG_ESVERDEADO,RGB_JPG_ESVERDEADO
C:\Users\eduar\Desktop\Soybe-main\data\com_fundo\RGB_JPG_ESVERDEADO\grao_DSC_0307_id51.png,RGB_JPG_ESVERDEADO,RGB_JPG_ESVERDEADO
C:\Users\eduar\Desktop\Soybe-main\data\com_fundo\RGB_JPG_ESVERDEADO\grao_DSC_0307_id52.png,RGB_JPG_ESVERDEADO,RGB_JPG_ESVERDEADO
C:\Users\eduar\Desktop\Soybe-main\data\com_fundo\RGB_JPG_ESVERDEADO\grao_DSC_0307_id53.png,RGB_JPG_ESVERDEADO,RGB_JPG_ESVERDEADO
C:\Users\eduar\Desktop\Soybe-main\data\com_fundo\RGB_JPG_ESVERDEADO\grao_DSC_0307_id54.png,RGB_JPG_ESVERDEADO,RGB_JPG_ESVERDEADO
C:\Users\eduar\Desktop\Soybe-main\data\com_fundo\RGB_JPG_ESVERDEADO\grao_DSC_0307_id55.png,RGB_JPG_ESVERDEADO,RGB_JPG_Normais
C:\Users\eduar\Desktop\Soybe-main\data\com_fundo\RGB_JPG_ESVERDEADO\grao_DSC_0307_id56.png,RGB_JPG_ESVERDEADO,RGB_JPG_ESVERDEADO
C:\Users\eduar\Desktop\Soybe-main\data\com_fundo\RGB_JPG_ESVERDEADO\grao_DSC_0307_id57.png,RGB_JPG_ESVERDEADO,RGB_JPG_ESVERDEADO
C:\Users\eduar\Desktop\Soybe-main\data\com_fundo\RGB_JPG_ESVERDEADO\grao_DSC_0307_id58.png,RGB_JPG_ESVERDEADO,RGB_JPG_ESVERDEADO
C:\Users\eduar\Desktop\Soybe-main\data\com_fundo\RGB_JPG_ESVERDEADO\grao_DSC_0307_id59.png,RGB_JPG_ESVERDEADO,RGB_JPG_CHOCHOS
C:\Users\eduar\Desktop\Soybe-main\data\com_fundo\RGB_JPG_ESVERDEADO\grao_DSC_0307_id6.png,RGB_JPG_ESVERDEADO,RGB_JPG_ESVERDEADO
C:\Users\eduar\Desktop\Soybe-main\data\com_fundo\RGB_JPG_ESVERDEADO\grao_DSC_0307_id60.png,RGB_JPG_ESVERDEADO,RGB_JPG_ESVERDEADO
C:\Users\eduar\Desktop\Soybe-main\data\com_fundo\RGB_JPG_ESVERDEADO\grao_DSC_0307_id61.png,RGB_JPG_ESVERDEADO,RGB_JPG_ESVERDEADO
C:\Users\eduar\Desktop\Soybe-main\data\com_fundo\RGB_JPG_ESVERDEADO\grao_DSC_0307_id62.png,RGB_JPG_ESVERDEADO,RGB_JPG_ESVERDEADO
C:\Users\eduar\Desktop\Soybe-main\data\com_fundo\RGB_JPG_ESVERDEADO\grao_DSC_0307_id63.png,RGB_JPG_ESVERDEADO,RGB_JPG_ESVERDEADO
C:\Users\eduar\Desktop\Soybe-main\data\com_fundo\RGB_JPG_ESVERDEADO\grao_DSC_0307_id64.png,RGB_JPG_ESVERDEADO,RGB_JPG_ESVERDEADO
C:\Users\eduar\Desktop\Soybe-main\data\com_fundo\RGB_JPG_ESVERDEADO\grao_DSC_0307_id65.png,RGB_JPG_ESVERDEADO,RGB_JPG_ESVERDEADO
C:\Users\eduar\Desktop\Soybe-main\data\com_fundo\RGB_JPG_ESVERDEADO\grao_DSC_0307_id66.png,RGB_JPG_ESVERDEADO,RGB_JPG_ESVERDEADO
C:\Users\eduar\Desktop\Soybe-main\data\com_fundo\RGB_JPG_ESVERDEADO\grao_DSC_0307_id67.png,RGB_JPG_ESVERDEADO,RGB_JPG_ESVERDEADO
C:\Users\eduar\Desktop\Soybe-main\data\com_fundo\RGB_JPG_ESVERDEADO\grao_DSC_0307_id68.png,RGB_JPG_ESVERDEADO,RGB_JPG_ESVERDEADO
C:\Users\eduar\Desktop\Soybe-main\data\com_fundo\RGB_JPG_ESVERDEADO\grao_DSC_0307_id69.png,RGB_JPG_ESVERDEADO,RGB_JPG_ESVERDEADO
C:\Users\eduar\Desktop\Soybe-main\data\com_fundo\RGB_JPG_ESVERDEADO\grao_DSC_0307_id7.png,RGB_JPG_ESVERDEADO,RGB_JPG_QUEBRADOS
C:\Users\eduar\Desktop\Soybe-main\data\com_fundo\RGB_JPG_ESVERDEADO\grao_DSC_0307_id71.png,RGB_JPG_ESVERDEADO,RGB_JPG_ESVERDEADO
C:\Users\eduar\Desktop\Soybe-main\data\com_fundo\RGB_JPG_ESVERDEADO\grao_DSC_0307_id72.png,RGB_JPG_ESVERDEADO,RGB_JPG_ESVERDEADO
C:\Users\eduar\Desktop\Soybe-main\data\com_fundo\RGB_JPG_ESVERDEADO\grao_DSC_0307_id73.png,RGB_JPG_ESVERDEADO,RGB_JPG_ESVERDEADO
C:\Users\eduar\Desktop\Soybe-main\data\com_fundo\RGB_JPG_ESVERDEADO\grao_DSC_0307_id74.png,RGB_JPG_ESVERDEADO,RGB_JPG_QUEBRADOS
C:\Users\eduar\Desktop\Soybe-main\data\com_fundo\RGB_JPG_ESVERDEADO\grao_DSC_0307_id75.png,RGB_JPG_ESVERDEADO,RGB_JPG_ESVERDEADO
C:\Users\eduar\Desktop\Soybe-main\data\com_fundo\RGB_JPG_ESVERDEADO\grao_DSC_0307_id76.png,RGB_JPG_ESVERDEADO,RGB_JPG_ESVERDEADO
C:\Users\eduar\Desktop\Soybe-main\data\com_fundo\RGB_JPG_ESVERDEADO\grao_DSC_0307_id77.png,RGB_JPG_ESVERDEADO,RGB_JPG_ESVERDEADO
C:\Users\eduar\Desktop\Soybe-main\data\com_fundo\RGB_JPG_ESVERDEADO\grao_DSC_0307_id79.png,RGB_JPG_ESVERDEADO,RGB_JPG_ESVERDEADO
C:\Users\eduar\Desktop\Soybe-main\data\com_fundo\RGB_JPG_ESVERDEADO\grao_DSC_0307_id8.png,RGB_JPG_ESVERDEADO,RGB_JPG_ESVERDEADO
C:\Users\eduar\Desktop\Soybe-main\data\com_fundo\RGB_JPG_ESVERDEADO\grao_DSC_0307_id80.png,RGB_JPG_ESVERDEADO,RGB_JPG_ESVERDEADO
C:\Users\eduar\Desktop\Soybe-main\data\com_fundo\RGB_JPG_ESVERDEADO\grao_DSC_0307_id82.png,RGB_JPG_ESVERDEADO,RGB_JPG_QUEBRADOS
C:\Users\eduar\Desktop\Soybe-main\data\com_fundo\RGB_JPG_ESVERDEADO\grao_DSC_0307_id83.png,RGB_JPG_ESVERDEADO,RGB_JPG_ESVERDEADO
C:\Users\eduar\Desktop\Soybe-main\data\com_fundo\RGB_JPG_ESVERDEADO\grao_DSC_0307_id84.png,RGB_JPG_ESVERDEADO,RGB_JPG_ESVERDEADO
C:\Users\eduar\Desktop\Soybe-main\data\com_fundo\RGB_JPG_ESVERDEADO\grao_DSC_0307_id85.png,RGB_JPG_ESVERDEADO,RGB_JPG_ESVERDEADO
C:\Users\eduar\Desktop\Soybe-main\data\com_fundo\RGB_JPG_ESVERDEADO\grao_DSC_0307_id86.png,RGB_JPG_ESVERDEADO,RGB_JPG_ESVERDEADO
C:\Users\eduar\Desktop\Soybe-main\data\com_fundo\RGB_JPG_ESVERDEADO\grao_DSC_0307_id87.png,RGB_JPG_ESVERDEADO,RGB_JPG_ESVERDEADO
C:\Users\eduar\Desktop\Soybe-main\data\com_fundo\RGB_JPG_ESVERDEADO\grao_DSC_0307_id88.png,RGB_JPG_ESVERDEADO,RGB_JPG_ESVERDEADO
C:\Users\eduar\Desktop\Soybe-main\data\com_fundo\RGB_JPG_ESVERDEADO\grao_DSC_0307_id89.png,RGB_JPG_ESVERDEADO,RGB_JPG_ESVERDEADO
C:\Users\eduar\Desktop\Soybe-main\data\com_fundo\RGB_JPG_ESVERDEADO\grao_DSC_0307_id9.png,RGB_JPG_ESVERDEADO,RGB_JPG_ESVERDEADO
C:\Users\eduar\Desktop\Soybe-main\data\com_fundo\RGB_JPG_ESVERDEADO\grao_DSC_0307_id90.png,RGB_JPG_ESVERDEADO,RGB_JPG_ESVERDEADO
C:\Users\eduar\Desktop\Soybe-main\data\com_fundo\RGB_JPG_ESVERDEADO\grao_DSC_0307_id91.png,RGB_JPG_ESVERDEADO,RGB_JPG_ESVERDEADO
C:\Users\eduar\Desktop\Soybe-main\data\com_fundo\RGB_JPG_ESVERDEADO\grao_DSC_0307_id92.png,RGB_JPG_ESVERDEADO,RGB_JPG_ESVERDEADO
C:\Users\eduar\Desktop\Soybe-main\data\com_fundo\RGB_JPG_ESVERDEADO\grao_DSC_0307_id93.png,RGB_JPG_ESVERDEADO,RGB_JPG_ESVERDEADO
C:\Users\eduar\Desktop\Soybe-main\data\com_fundo\RGB_JPG_ESVERDEADO\grao_DSC_0307_id94.png,RGB_JPG_ESVERDEADO,RGB_JPG_ESVERDEADO
C:\Users\eduar\Desktop\Soybe-main\data\com_fundo\RGB_JPG_ESVERDEADO\grao_DSC_0307_id95.png,RGB_JPG_ESVERDEADO,RGB_JPG_ESVERDEADO
C:\Users\eduar\Desktop\Soybe-main\data\com_fundo\RGB_JPG_ESVERDEADO\grao_DSC_0307_id96.png,RGB_JPG_ESVERDEADO,RGB_JPG_ESVERDEADO
C:\Users\eduar\Desktop\Soybe-main\data\com_fundo\RGB_JPG_ESVERDEADO\grao_DSC_0307_id97.png,RGB_JPG_ESVERDEADO,RGB_JPG_ESVERDEADO
C:\Users\eduar\Desktop\Soybe-main\data\com_fundo\RGB_JPG_ESVERDEADO\grao_DSC_0307_id98.png,RGB_JPG_ESVERDEADO,RGB_JPG_Normais
C:\Users\eduar\Desktop\Soybe-main\data\com_fundo\RGB_JPG_ESVERDEADO\grao_DSC_0307_id99.png,RGB_JPG_ESVERDEADO,RGB_JPG_ESVERDEADO
C:\Users\eduar\Desktop\Soybe-main\data\com_fundo\RGB_JPG_IMPUREZAS\grao_DSC_0020_id1.png,RGB_JPG_IMPUREZAS,RGB_JPG_IMPUREZAS
C:\Users\eduar\Desktop\Soybe-main\data\com_fundo\RGB_JPG_IMPUREZAS\grao_DSC_0020_id100.png,RGB_JPG_IMPUREZAS,RGB_JPG_IMPUREZAS
C:\Users\eduar\Desktop\Soybe-main\data\com_fundo\RGB_JPG_IMPUREZAS\grao_DSC_0020_id101.png,RGB_JPG_IMPUREZAS,RGB_JPG_IMPUREZAS
C:\Users\eduar\Desktop\Soybe-main\data\com_fundo\RGB_JPG_IMPUREZAS\grao_DSC_0020_id103.png,RGB_JPG_IMPUREZAS,RGB_JPG_IMPUREZAS
C:\Users\eduar\Desktop\Soybe-main\data\com_fundo\RGB_JPG_IMPUREZAS\grao_DSC_0020_id104.png,RGB_JPG_IMPUREZAS,RGB_JPG_IMPUREZAS
C:\Users\eduar\Desktop\Soybe-main\data\com_fundo\RGB_JPG_IMPUREZAS\grao_DSC_0020_id105.png,RGB_JPG_IMPUREZAS,RGB_JPG_IMPUREZAS
C:\Users\eduar\Desktop\Soybe-main\data\com_fundo\RGB_JPG_IMPUREZAS\grao_DSC_0020_id106.png,RGB_JPG_IMPUREZAS,RGB_JPG_IMPUREZAS
C:\Users\eduar\Desktop\Soybe-main\data\com_fundo\RGB_JPG_IMPUREZAS\grao_DSC_0020_id110.png,RGB_JPG_IMPUREZAS,RGB_JPG_IMPUREZAS
C:\Users\eduar\Desktop\Soybe-main\data\com_fundo\RGB_JPG_IMPUREZAS\grao_DSC_0020_id115.png,RGB_JPG_IMPUREZAS,RGB_JPG_IMPUREZAS
C:\Users\eduar\Desktop\Soybe-main\data\com_fundo\RGB_JPG_IMPUREZAS\grao_DSC_0020_id116.png,RGB_JPG_IMPUREZAS,RGB_JPG_IMPUREZAS
C:\Users\eduar\Desktop\Soybe-main\data\com_fundo\RGB_JPG_IMPUREZAS\grao_DSC_0020_id117.png,RGB_JPG_IMPUREZAS,RGB_JPG_IMPUREZAS
C:\Users\eduar\Desktop\Soybe-main\data\com_fundo\RGB_JPG_IMPUREZAS\grao_DSC_0020_id118.png,RGB_JPG_IMPUREZAS,RGB_JPG_IMPUREZAS
C:\Users\eduar\Desktop\Soybe-main\data\com_fundo\RGB_JPG_IMPUREZAS\grao_DSC_0020_id119.png,RGB_JPG_IMPUREZAS,RGB_JPG_IMPUREZAS
C:\Users\eduar\Desktop\Soybe-main\data\com_fundo\RGB_JPG_IMPUREZAS\grao_DSC_0020_id12.png,RGB_JPG_IMPUREZAS,RGB_JPG_IMPUREZAS
C:\Users\eduar\Desktop\Soybe-main\data\com_fundo\RGB_JPG_IMPUREZAS\grao_DSC_0020_id125.png,RGB_JPG_IMPUREZAS,RGB_JPG_IMPUREZAS
C:\Users\eduar\Desktop\Soybe-main\data\com_fundo\RGB_JPG_IMPUREZAS\grao_DSC_0020_id127.png,RGB_JPG_IMPUREZAS,RGB_JPG_IMPUREZAS
C:\Users\eduar\Desktop\Soybe-main\data\com_fundo\RGB_JPG_IMPUREZAS\grao_DSC_0020_id130.png,RGB_JPG_IMPUREZAS,RGB_JPG_IMPUREZAS
C:\Users\eduar\Desktop\Soybe-main\data\com_fundo\RGB_JPG_IMPUREZAS\grao_DSC_0020_id133.png,RGB_JPG_IMPUREZAS,RGB_JPG_IMPUREZAS
C:\Users\eduar\Desktop\Soybe-main\data\com_fundo\RGB_JPG_IMPUREZAS\grao_DSC_0020_id134.png,RGB_JPG_IMPUREZAS,RGB_JPG_QUEBRADOS
C:\Users\eduar\Desktop\Soybe-main\data\com_fundo\RGB_JPG_IMPUREZAS\grao_DSC_0020_id135.png,RGB_JPG_IMPUREZAS,RGB_JPG_IMPUREZAS
C:\Users\eduar\Desktop\Soybe-main\data\com_fundo\RGB_JPG_IMPUREZAS\grao_DSC_0020_id136.png,RGB_JPG_IMPUREZAS,RGB_JPG_IMPUREZAS
C:\Users\eduar\Desktop\Soybe-main\data\com_fundo\RGB_JPG_IMPUREZAS\grao_DSC_0020_id144.png,RGB_JPG_IMPUREZAS,RGB_JPG_IMPUREZAS
C:\Users\eduar\Desktop\Soybe-main\data\com_fundo\RGB_JPG_IMPUREZAS\grao_DSC_0020_id146.png,RGB_JPG_IMPUREZAS,RGB_JPG_IMPUREZAS
C:\Users\eduar\Desktop\Soybe-main\data\com_fundo\RGB_JPG_IMPUREZAS\grao_DSC_0020_id147.png,RGB_JPG_IMPUREZAS,RGB_JPG_IMPUREZAS
C:\Users\eduar\Desktop\Soybe-main\data\com_fundo\RGB_JPG_IMPUREZAS\grao_DSC_0020_id148.png,RGB_JPG_IMPUREZAS,RGB_JPG_IMPUREZAS
C:\Users\eduar\Desktop\Soybe-main\data\com_fundo\RGB_JPG_IMPUREZAS\grao_DSC_0020_id149.png,RGB_JPG_IMPUREZAS,RGB_JPG_IMPUREZAS
C:\Users\eduar\Desktop\Soybe-main\data\com_fundo\RGB_JPG_IMPUREZAS\grao_DSC_0020_id15.png,RGB_JPG_IMPUREZAS,RGB_JPG_QUEBRADOS
C:\Users\eduar\Desktop\Soybe-main\data\com_fundo\RGB_JPG_IMPUREZAS\grao_DSC_0020_id150.png,RGB_JPG_IMPUREZAS,RGB_JPG_IMPUREZAS
C:\Users\eduar\Desktop\Soybe-main\data\com_fundo\RGB_JPG_IMPUREZAS\grao_DSC_0020_id152.png,RGB_JPG_IMPUREZAS,RGB_JPG_IMPUREZAS
C:\Users\eduar\Desktop\Soybe-main\data\com_fundo\RGB_JPG_IMPUREZAS\grao_DSC_0020_id153.png,RGB_JPG_IMPUREZAS,RGB_JPG_IMPUREZAS
C:\Users\eduar\Desktop\Soybe-main\data\com_fundo\RGB_JPG_IMPUREZAS\grao_DSC_0020_id158.png,RGB_JPG_IMPUREZAS,RGB_JPG_IMPUREZAS
C:\Users\eduar\Desktop\Soybe-main\data\com_fundo\RGB_JPG_IMPUREZAS\grao_DSC_0020_id162.png,RGB_JPG_IMPUREZAS,RGB_JPG_IMPUREZAS
C:\Users\eduar\Desktop\Soybe-main\data\com_fundo\RGB_JPG_IMPUREZAS\grao_DSC_0020_id163.png,RGB_JPG_IMPUREZAS,RGB_JPG_IMPUREZAS
C:\Users\eduar\Desktop\Soybe-main\data\com_fundo\RGB_JPG_IMPUREZAS\grao_DSC_0020_id166.png,RGB_JPG_IMPUREZAS,RGB_JPG_IMPUREZAS
C:\Users\eduar\Desktop\Soybe-main\data\com_fundo\RGB_JPG_IMPUREZAS\grao_DSC_0020_id167.png,RGB_JPG_IMPUREZAS,RGB_JPG_IMPUREZAS
C:\Users\eduar\Desktop\Soybe-main\data\com_fundo\RGB_JPG_IMPUREZAS\grao_DSC_0020_id168.png,RGB_JPG_IMPUREZAS,RGB_JPG_IMPUREZAS
C:\Users\eduar\Desktop\Soybe-main\data\com_fundo\RGB_JPG_IMPUREZAS\grao_DSC_0020_id169.png,RGB_JPG_IMPUREZAS,RGB_JPG_IMPUREZAS
C:\Users\eduar\Desktop\Soybe-main\data\com_fundo\RGB_JPG_IMPUREZAS\grao_DSC_0020_id171.png,RGB_JPG_IMPUREZAS,RGB_JPG_IMPUREZAS
C:\Users\eduar\Desktop\Soybe-main\data\com_fundo\RGB_JPG_IMPUREZAS\grao_DSC_0020_id178.png,RGB_JPG_IMPUREZAS,RGB_JPG_IMPUREZAS
C:\Users\eduar\Desktop\Soybe-main\data\com_fundo\RGB_JPG_IMPUREZAS\grao_DSC_0020_id179.png,RGB_JPG_IMPUREZAS,RGB_JPG_IMPUREZAS
C:\Users\eduar\Desktop\Soybe-main\data\com_fundo\RGB_JPG_IMPUREZAS\grao_DSC_0020_id18.png,RGB_JPG_IMPUREZAS,RGB_JPG_IMPUREZAS
C:\Users\eduar\Desktop\Soybe-main\data\com_fundo\RGB_JPG_IMPUREZAS\grao_DSC_0020_id180.png,RGB_JPG_IMPUREZAS,RGB_JPG_IMPUREZAS
C:\Users\eduar\Desktop\Soybe-main\data\com_fundo\RGB_JPG_IMPUREZAS\grao_DSC_0020_id181.png,RGB_JPG_IMPUREZAS,RGB_JPG_IMPUREZAS
C:\Users\eduar\Desktop\Soybe-main\data\com_fundo\RGB_JPG_IMPUREZAS\grao_DSC_0020_id182.png,RGB_JPG_IMPUREZAS,RGB_JPG_IMPUREZAS
C:\Users\eduar\Desktop\Soybe-main\data\com_fundo\RGB_JPG_IMPUREZAS\grao_DSC_0020_id183.png,RGB_JPG_IMPUREZAS,RGB_JPG_IMPUREZAS
C:\Users\eduar\Desktop\Soybe-main\data\com_fundo\RGB_JPG_IMPUREZAS\grao_DSC_0020_id184.png,RGB_JPG_IMPUREZAS,RGB_JPG_IMPUREZAS
C:\Users\eduar\Desktop\Soybe-main\data\com_fundo\RGB_JPG_IMPUREZAS\grao_DSC_0020_id187.png,RGB_JPG_IMPUREZAS,RGB_JPG_IMPUREZAS
C:\Users\eduar\Desktop\Soybe-main\data\com_fundo\RGB_JPG_IMPUREZAS\grao_DSC_0020_id193.png,RGB_JPG_IMPUREZAS,RGB_JPG_IMPUREZAS
C:\Users\eduar\Desktop\Soybe-main\data\com_fundo\RGB_JPG_IMPUREZAS\grao_DSC_0020_id194.png,RGB_JPG_IMPUREZAS,RGB_JPG_IMPUREZAS
C:\Users\eduar\Desktop\Soybe-main\data\com_fundo\RGB_JPG_IMPUREZAS\grao_DSC_0020_id196.png,RGB_JPG_IMPUREZAS,RGB_JPG_IMPUREZAS
C:\Users\eduar\Desktop\Soybe-main\data\com_fundo\RGB_JPG_IMPUREZAS\grao_DSC_0020_id2.png,RGB_JPG_IMPUREZAS,RGB_JPG_IMPUREZAS
C:\Users\eduar\Desktop\Soybe-main\data\com_fundo\RGB_JPG_IMPUREZAS\grao_DSC_0020_id20.png,RGB_JPG_IMPUREZAS,RGB_JPG_IMPUREZAS
C:\Users\eduar\Desktop\Soybe-main\data\com_fundo\RGB_JPG_IMPUREZAS\grao_DSC_0020_id21.png,RGB_JPG_IMPUREZAS,RGB_JPG_IMPUREZAS
C:\Users\eduar\Desktop\Soybe-main\data\com_fundo\RGB_JPG_IMPUREZAS\grao_DSC_0020_id22.png,RGB_JPG_IMPUREZAS,RGB_JPG_IMPUREZAS
C:\Users\eduar\Desktop\Soybe-main\data\com_fundo\RGB_JPG_IMPUREZAS\grao_DSC_0020_id23.png,RGB_JPG_IMPUREZAS,RGB_JPG_IMPUREZAS
C:\Users\eduar\Desktop\Soybe-main\data\com_fundo\RGB_JPG_IMPUREZAS\grao_DSC_0020_id27.png,RGB_JPG_IMPUREZAS,RGB_JPG_IMPUREZAS
C:\Users\eduar\Desktop\Soybe-main\data\com_fundo\RGB_JPG_IMPUREZAS\grao_DSC_0020_id28.png,RGB_JPG_IMPUREZAS,RGB_JPG_IMPUREZAS
C:\Users\eduar\Desktop\Soybe-main\data\com_fundo\RGB_JPG_IMPUREZAS\grao_DSC_0020_id29.png,RGB_JPG_IMPUREZAS,RGB_JPG_IMPUREZAS
C:\Users\eduar\Desktop\Soybe-main\data\com_fundo\RGB_JPG_IMPUREZAS\grao_DSC_0020_id3.png,RGB_JPG_IMPUREZAS,RGB_JPG_IMPUREZAS
C:\Users\eduar\Desktop\Soybe-main\data\com_fundo\RGB_JPG_IMPUREZAS\grao_DSC_0020_id33.png,RGB_JPG_IMPUREZAS,RGB_JPG_IMPUREZAS
C:\Users\eduar\Desktop\Soybe-main\data\com_fundo\RGB_JPG_IMPUREZAS\grao_DSC_0020_id34.png,RGB_JPG_IMPUREZAS,RGB_JPG_IMPUREZAS
C:\Users\eduar\Desktop\Soybe-main\data\com_fundo\RGB_JPG_IMPUREZAS\grao_DSC_0020_id35.png,RGB_JPG_IMPUREZAS,RGB_JPG_IMPUREZAS
C:\Users\eduar\Desktop\Soybe-main\data\com_fundo\RGB_JPG_IMPUREZAS\grao_DSC_0020_id37.png,RGB_JPG_IMPUREZAS,RGB_JPG_IMPUREZAS
C:\Users\eduar\Desktop\Soybe-main\data\com_fundo\RGB_JPG_IMPUREZAS\grao_DSC_0020_id38.png,RGB_JPG_IMPUREZAS,RGB_JPG_IMPUREZAS
C:\Users\eduar\Desktop\Soybe-main\data\com_fundo\RGB_JPG_IMPUREZAS\grao_DSC_0020_id39.png,RGB_JPG_IMPUREZAS,RGB_JPG_IMPUREZAS
C:\Users\eduar\Desktop\Soybe-main\data\com_fundo\RGB_JPG_IMPUREZAS\grao_DSC_0020_id4.png,RGB_JPG_IMPUREZAS,RGB_JPG_IMPUREZAS
C:\Users\eduar\Desktop\Soybe-main\data\com_fundo\RGB_JPG_IMPUREZAS\grao_DSC_0020_id40.png,RGB_JPG_IMPUREZAS,RGB_JPG_IMPUREZAS
C:\Users\eduar\Desktop\Soybe-main\data\com_fundo\RGB_JPG_IMPUREZAS\grao_DSC_0020_id44.png,RGB_JPG_IMPUREZAS,RGB_JPG_IMPUREZAS
C:\Users\eduar\Desktop\Soybe-main\data\com_fundo\RGB_JPG_IMPUREZAS\grao_DSC_0020_id49.png,RGB_JPG_IMPUREZAS,RGB_JPG_IMPUREZAS
C:\Users\eduar\Desktop\Soybe-main\data\com_fundo\RGB_JPG_IMPUREZAS\grao_DSC_0020_id5.png,RGB_JPG_IMPUREZAS,RGB_JPG_IMPUREZAS
C:\Users\eduar\Desktop\Soybe-main\data\com_fundo\RGB_JPG_IMPUREZAS\grao_DSC_0020_id50.png,RGB_JPG_IMPUREZAS,RGB_JPG_IMPUREZAS
C:\Users\eduar\Desktop\Soybe-main\data\com_fundo\RGB_JPG_IMPUREZAS\grao_DSC_0020_id52.png,RGB_JPG_IMPUREZAS,RGB_JPG_IMPUREZAS
C:\Users\eduar\Desktop\Soybe-main\data\com_fundo\RGB_JPG_IMPUREZAS\grao_DSC_0020_id53.png,RGB_JPG_IMPUREZAS,RGB_JPG_IMPUREZAS
C:\Users\eduar\Desktop\Soybe-main\data\com_fundo\RGB_JPG_IMPUREZAS\grao_DSC_0020_id54.png,RGB_JPG_IMPUREZAS,RGB_JPG_IMPUREZAS
C:\Users\eduar\Desktop\Soybe-main\data\com_fundo\RGB_JPG_IMPUREZAS\grao_DSC_0020_id55.png,RGB_JPG_IMPUREZAS,RGB_JPG_IMPUREZAS
C:\Users\eduar\Desktop\Soybe-main\data\com_fundo\RGB_JPG_IMPUREZAS\grao_DSC_0020_id56.png,RGB_JPG_IMPUREZAS,RGB_JPG_IMPUREZAS
C:\Users\eduar\Desktop\Soybe-main\data\com_fundo\RGB_JPG_IMPUREZAS\grao_DSC_0020_id57.png,RGB_JPG_IMPUREZAS,RGB_JPG_IMPUREZAS
C:\Users\eduar\Desktop\Soybe-main\data\com_fundo\RGB_JPG_IMPUREZAS\grao_DSC_0020_id58.png,RGB_JPG_IMPUREZAS,RGB_JPG_IMPUREZAS
C:\Users\eduar\Desktop\Soybe-main\data\com_fundo\RGB_JPG_IMPUREZAS\grao_DSC_0020_id62.png,RGB_JPG_IMPUREZAS,RGB_JPG_IMPUREZAS
C:\Users\eduar\Desktop\Soybe-main\data\com_fundo\RGB_JPG_IMPUREZAS\grao_DSC_0020_id70.png,RGB_JPG_IMPUREZAS,RGB_JPG_IMPUREZAS
C:\Users\eduar\Desktop\Soybe-main\data\com_fundo\RGB_JPG_IMPUREZAS\grao_DSC_0020_id72.png,RGB_JPG_IMPUREZAS,RGB_JPG_IMPUREZAS
C:\Users\eduar\Desktop\Soybe-main\data\com_fundo\RGB_JPG_IMPUREZAS\grao_DSC_0020_id8.png,RGB_JPG_IMPUREZAS,RGB_JPG_IMPUREZAS
C:\Users\eduar\Desktop\Soybe-main\data\com_fundo\RGB_JPG_IMPUREZAS\grao_DSC_0020_id82.png,RGB_JPG_IMPUREZAS,RGB_JPG_IMPUREZAS
C:\Users\eduar\Desktop\Soybe-main\data\com_fundo\RGB_JPG_IMPUREZAS\grao_DSC_0020_id83.png,RGB_JPG_IMPUREZAS,RGB_JPG_IMPUREZAS
C:\Users\eduar\Desktop\Soybe-main\data\com_fundo\RGB_JPG_IMPUREZAS\grao_DSC_0020_id84.png,RGB_JPG_IMPUREZAS,RGB_JPG_IMPUREZAS
C:\Users\eduar\Desktop\Soybe-main\data\com_fundo\RGB_JPG_IMPUREZAS\grao_DSC_0020_id85.png,RGB_JPG_IMPUREZAS,RGB_JPG_IMPUREZAS
C:\Users\eduar\Desktop\Soybe-main\data\com_fundo\RGB_JPG_IMPUREZAS\grao_DSC_0020_id86.png,RGB_JPG_IMPUREZAS,RGB_JPG_IMPUREZAS
C:\Users\eduar\Desktop\Soybe-main\data\com_fundo\RGB_JPG_IMPUREZAS\grao_DSC_0020_id88.png,RGB_JPG_IMPUREZAS,RGB_JPG_IMPUREZAS
C:\Users\eduar\Desktop\Soybe-main\data\com_fundo\RGB_JPG_IMPUREZAS\grao_DSC_0020_id95.png,RGB_JPG_IMPUREZAS,RGB_JPG_IMPUREZAS
C:\Users\eduar\Desktop\Soybe-main\data\com_fundo\RGB_JPG_IMPUREZAS\grao_DSC_0020_id98.png,RGB_JPG_IMPUREZAS,RGB_JPG_IMPUREZAS
C:\Users\eduar\Desktop\Soybe-main\data\com_fundo\RGB_JPG_IMPUREZAS\grao_DSC_0020_id99.png,RGB_JPG_IMPUREZAS,RGB_JPG_IMPUREZAS
C:\Users\eduar\Desktop\Soybe-main\data\com_fundo\RGB_JPG_IMPUREZAS\grao_DSC_0024_id1.png,RGB_JPG_IMPUREZAS,RGB_JPG_IMPUREZAS
C:\Users\eduar\Desktop\Soybe-main\data\com_fundo\RGB_JPG_IMPUREZAS\grao_DSC_0024_id10.png,RGB_JPG_IMPUREZAS,RGB_JPG_IMPUREZAS
C:\Users\eduar\Desktop\Soybe-main\data\com_fundo\RGB_JPG_IMPUREZAS\grao_DSC_0024_id101.png,RGB_JPG_IMPUREZAS,RGB_JPG_IMPUREZAS
C:\Users\eduar\Desktop\Soybe-main\data\com_fundo\RGB_JPG_IMPUREZAS\grao_DSC_0024_id102.png,RGB_JPG_IMPUREZAS,RGB_JPG_IMPUREZAS
C:\Users\eduar\Desktop\Soybe-main\data\com_fundo\RGB_JPG_IMPUREZAS\grao_DSC_0024_id103.png,RGB_JPG_IMPUREZAS,RGB_JPG_IMPUREZAS
C:\Users\eduar\Desktop\Soybe-main\data\com_fundo\RGB_JPG_IMPUREZAS\grao_DSC_0024_id105.png,RGB_JPG_IMPUREZAS,RGB_JPG_QUEBRADOS
C:\Users\eduar\Desktop\Soybe-main\data\com_fundo\RGB_JPG_IMPUREZAS\grao_DSC_0024_id11.png,RGB_JPG_IMPUREZAS,RGB_JPG_IMPUREZAS
C:\Users\eduar\Desktop\Soybe-main\data\com_fundo\RGB_JPG_IMPUREZAS\grao_DSC_0024_id112.png,RGB_JPG_IMPUREZAS,RGB_JPG_IMPUREZAS
C:\Users\eduar\Desktop\Soybe-main\data\com_fundo\RGB_JPG_IMPUREZAS\grao_DSC_0024_id116.png,RGB_JPG_IMPUREZAS,RGB_JPG_IMPUREZAS
C:\Users\eduar\Desktop\Soybe-main\data\com_fundo\RGB_JPG_IMPUREZAS\grao_DSC_0024_id117.png,RGB_JPG_IMPUREZAS,RGB_JPG_IMPUREZAS
C:\Users\eduar\Desktop\Soybe-main\data\com_fundo\RGB_JPG_IMPUREZAS\grao_DSC_0024_id118.png,RGB_JPG_IMPUREZAS,RGB_JPG_IMPUREZAS
C:\Users\eduar\Desktop\Soybe-main\data\com_fundo\RGB_JPG_IMPUREZAS\grao_DSC_0024_id119.png,RGB_JPG_IMPUREZAS,RGB_JPG_IMPUREZAS
C:\Users\eduar\Desktop\Soybe-main\data\com_fundo\RGB_JPG_IMPUREZAS\grao_DSC_0024_id12.png,RGB_JPG_IMPUREZAS,RGB_JPG_IMPUREZAS
C:\Users\eduar\Desktop\Soybe-main\data\com_fundo\RGB_JPG_IMPUREZAS\grao_DSC_0024_id120.png,RGB_JPG_IMPUREZAS,RGB_JPG_IMPUREZAS
C:\Users\eduar\Desktop\Soybe-main\data\com_fundo\RGB_JPG_IMPUREZAS\grao_DSC_0024_id121.png,RGB_JPG_IMPUREZAS,RGB_JPG_IMPUREZAS
C:\Users\eduar\Desktop\Soybe-main\data\com_fundo\RGB_JPG_IMPUREZAS\grao_DSC_0024_id125.png,RGB_JPG_IMPUREZAS,RGB_JPG_IMPUREZAS
C:\Users\eduar\Desktop\Soybe-main\data\com_fundo\RGB_JPG_IMPUREZAS\grao_DSC_0024_id127.png,RGB_JPG_IMPUREZAS,RGB_JPG_IMPUREZAS
C:\Users\eduar\Desktop\Soybe-main\data\com_fundo\RGB_JPG_IMPUREZAS\grao_DSC_0024_id128.png,RGB_JPG_IMPUREZAS,RGB_JPG_IMPUREZAS
C:\Users\eduar\Desktop\Soybe-main\data\com_fundo\RGB_JPG_IMPUREZAS\grao_DSC_0024_id129.png,RGB_JPG_IMPUREZAS,RGB_JPG_IMPUREZAS
C:\Users\eduar\Desktop\Soybe-main\data\com_fundo\RGB_JPG_IMPUREZAS\grao_DSC_0024_id13.png,RGB_JPG_IMPUREZAS,RGB_JPG_IMPUREZAS
C:\Users\eduar\Desktop\Soybe-main\data\com_fundo\RGB_JPG_IMPUREZAS\grao_DSC_0024_id132.png,RGB_JPG_IMPUREZAS,RGB_JPG_IMPUREZAS
C:\Users\eduar\Desktop\Soybe-main\data\com_fundo\RGB_JPG_IMPUREZAS\grao_DSC_0024_id136.png,RGB_JPG_IMPUREZAS,RGB_JPG_IMPUREZAS
C:\Users\eduar\Desktop\Soybe-main\data\com_fundo\RGB_JPG_IMPUREZAS\grao_DSC_0024_id140.png,RGB_JPG_IMPUREZAS,RGB_JPG_IMPUREZAS
C:\Users\eduar\Desktop\Soybe-main\data\com_fundo\RGB_JPG_IMPUREZAS\grao_DSC_0024_id147.png,RGB_JPG_IMPUREZAS,RGB_JPG_IMPUREZAS
C:\Users\eduar\Desktop\Soybe-main\data\com_fundo\RGB_JPG_IMPUREZAS\grao_DSC_0024_id149.png,RGB_JPG_IMPUREZAS,RGB_JPG_IMPUREZAS
C:\Users\eduar\Desktop\Soybe-main\data\com_fundo\RGB_JPG_IMPUREZAS\grao_DSC_0024_id151.png,RGB_JPG_IMPUREZAS,RGB_JPG_IMPUREZAS
C:\Users\eduar\Desktop\Soybe-main\data\com_fundo\RGB_JPG_IMPUREZAS\grao_DSC_0024_id153.png,RGB_JPG_IMPUREZAS,RGB_JPG_IMPUREZAS
C:\Users\eduar\Desktop\Soybe-main\data\com_fundo\RGB_JPG_IMPUREZAS\grao_DSC_0024_id154.png,RGB_JPG_IMPUREZAS,RGB_JPG_IMPUREZAS
C:\Users\eduar\Desktop\Soybe-main\data\com_fundo\RGB_JPG_IMPUREZAS\grao_DSC_0024_id159.png,RGB_JPG_IMPUREZAS,RGB_JPG_IMPUREZAS
C:\Users\eduar\Desktop\Soybe-main\data\com_fundo\RGB_JPG_IMPUREZAS\grao_DSC_0024_id162.png,RGB_JPG_IMPUREZAS,RGB_JPG_IMPUREZAS
C:\Users\eduar\Desktop\Soybe-main\data\com_fundo\RGB_JPG_IMPUREZAS\grao_DSC_0024_id2.png,RGB_JPG_IMPUREZAS,RGB_JPG_IMPUREZAS
C:\Users\eduar\Desktop\Soybe-main\data\com_fundo\RGB_JPG_IMPUREZAS\grao_DSC_0024_id21.png,RGB_JPG_IMPUREZAS,RGB_JPG_IMPUREZAS
C:\Users\eduar\Desktop\Soybe-main\data\com_fundo\RGB_JPG_IMPUREZAS\grao_DSC_0024_id3.png,RGB_JPG_IMPUREZAS,RGB_JPG_IMPUREZAS
C:\Users\eduar\Desktop\Soybe-main\data\com_fundo\RGB_JPG_IMPUREZAS\grao_DSC_0024_id32.png,RGB_JPG_IMPUREZAS,RGB_JPG_IMPUREZAS
C:\Users\eduar\Desktop\Soybe-main\data\com_fundo\RGB_JPG_IMPUREZAS\grao_DSC_0024_id33.png,RGB_JPG_IMPUREZAS,RGB_JPG_IMPUREZAS
C:\Users\eduar\Desktop\Soybe-main\data\com_fundo\RGB_JPG_IMPUREZAS\grao_DSC_0024_id34.png,RGB_JPG_IMPUREZAS,RGB_JPG_IMPUREZAS
C:\Users\eduar\Desktop\Soybe-main\data\com_fundo\RGB_JPG_IMPUREZAS\grao_DSC_0024_id35.png,RGB_JPG_IMPUREZAS,RGB_JPG_IMPUREZAS
C:\Users\eduar\Desktop\Soybe-main\data\com_fundo\RGB_JPG_IMPUREZAS\grao_DSC_0024_id36.png,RGB_JPG_IMPUREZAS,RGB_JPG_IMPUREZAS
C:\Users\eduar\Desktop\Soybe-main\data\com_fundo\RGB_JPG_IMPUREZAS\grao_DSC_0024_id44.png,RGB_JPG_IMPUREZAS,RGB_JPG_IMPUREZAS
C:\Users\eduar\Desktop\Soybe-main\data\com_fundo\RGB_JPG_IMPUREZAS\grao_DSC_0024_id45.png,RGB_JPG_IMPUREZAS,RGB_JPG_IMPUREZAS
C:\Users\eduar\Desktop\Soybe-main\data\com_fundo\RGB_JPG_IMPUREZAS\grao_DSC_0024_id46.png,RGB_JPG_IMPUREZAS,RGB_JPG_IMPUREZAS
C:\Users\eduar\Desktop\Soybe-main\data\com_fundo\RGB_JPG_IMPUREZAS\grao_DSC_0024_id47.png,RGB_JPG_IMPUREZAS,RGB_JPG_IMPUREZAS
C:\Users\eduar\Desktop\Soybe-main\data\com_fundo\RGB_JPG_IMPUREZAS\grao_DSC_0024_id49.png,RGB_JPG_IMPUREZAS,RGB_JPG_IMPUREZAS
C:\Users\eduar\Desktop\Soybe-main\data\com_fundo\RGB_JPG_IMPUREZAS\grao_DSC_0024_id53.png,RGB_JPG_IMPUREZAS,RGB_JPG_IMPUREZAS
C:\Users\eduar\Desktop\Soybe-main\data\com_fundo\RGB_JPG_IMPUREZAS\grao_DSC_0024_id58.png,RGB_JPG_IMPUREZAS,RGB_JPG_IMPUREZAS
C:\Users\eduar\Desktop\Soybe-main\data\com_fundo\RGB_JPG_IMPUREZAS\grao_DSC_0024_id59.png,RGB_JPG_IMPUREZAS,RGB_JPG_IMPUREZAS
C:\Users\eduar\Desktop\Soybe-main\data\com_fundo\RGB_JPG_IMPUREZAS\grao_DSC_0024_id60.png,RGB_JPG_IMPUREZAS,RGB_JPG_IMPUREZAS
C:\Users\eduar\Desktop\Soybe-main\data\com_fundo\RGB_JPG_IMPUREZAS\grao_DSC_0024_id61.png,RGB_JPG_IMPUREZAS,RGB_JPG_IMPUREZAS
C:\Users\eduar\Desktop\Soybe-main\data\com_fundo\RGB_JPG_IMPUREZAS\grao_DSC_0024_id62.png,RGB_JPG_IMPUREZAS,RGB_JPG_IMPUREZAS
C:\Users\eduar\Desktop\Soybe-main\data\com_fundo\RGB_JPG_IMPUREZAS\grao_DSC_0024_id66.png,RGB_JPG_IMPUREZAS,RGB_JPG_IMPUREZAS
C:\Users\eduar\Desktop\Soybe-main\data\com_fundo\RGB_JPG_IMPUREZAS\grao_DSC_0024_id72.png,RGB_JPG_IMPUREZAS,RGB_JPG_IMPUREZAS
C:\Users\eduar\Desktop\Soybe-main\data\com_fundo\RGB_JPG_IMPUREZAS\grao_DSC_0024_id73.png,RGB_JPG_IMPUREZAS,RGB_JPG_IMPUREZAS
C:\Users\eduar\Desktop\Soybe-main\data\com_fundo\RGB_JPG_IMPUREZAS\grao_DSC_0024_id74.png,RGB_JPG_IMPUREZAS,RGB_JPG_IMPUREZAS
C:\Users\eduar\Desktop\Soybe-main\data\com_fundo\RGB_JPG_IMPUREZAS\grao_DSC_0024_id75.png,RGB_JPG_IMPUREZAS,RGB_JPG_IMPUREZAS
C:\Users\eduar\Desktop\Soybe-main\data\com_fundo\RGB_JPG_IMPUREZAS\grao_DSC_0024_id82.png,RGB_JPG_IMPUREZAS,RGB_JPG_IMPUREZAS
C:\Users\eduar\Desktop\Soybe-main\data\com_fundo\RGB_JPG_IMPUREZAS\grao_DSC_0024_id85.png,RGB_JPG_IMPUREZAS,RGB_JPG_IMPUREZAS
C:\Users\eduar\Desktop\Soybe-main\data\com_fundo\RGB_JPG_IMPUREZAS\grao_DSC_0024_id86.png,RGB_JPG_IMPUREZAS,RGB_JPG_IMPUREZAS
C:\Users\eduar\Desktop\Soybe-main\data\com_fundo\RGB_JPG_IMPUREZAS\grao_DSC_0024_id87.png,RGB_JPG_IMPUREZAS,RGB_JPG_IMPUREZAS
C:\Users\eduar\Desktop\Soybe-main\data\com_fundo\RGB_JPG_IMPUREZAS\grao_DSC_0024_id88.png,RGB_JPG_IMPUREZAS,RGB_JPG_IMPUREZAS
C:\Users\eduar\Desktop\Soybe-main\data\com_fundo\RGB_JPG_IMPUREZAS\grao_DSC_0024_id89.png,RGB_JPG_IMPUREZAS,RGB_JPG_IMPUREZAS
C:\Users\eduar\Desktop\Soybe-main\data\com_fundo\RGB_JPG_IMPUREZAS\grao_DSC_0024_id91.png,RGB_JPG_IMPUREZAS,RGB_JPG_IMPUREZAS
C:\Users\eduar\Desktop\Soybe-main\data\com_fundo\RGB_JPG_IMPUREZAS\grao_DSC_0036_id1.png,RGB_JPG_IMPUREZAS,RGB_JPG_IMPUREZAS
C:\Users\eduar\Desktop\Soybe-main\data\com_fundo\RGB_JPG_IMPUREZAS\grao_DSC_0036_id100.png,RGB_JPG_IMPUREZAS,RGB_JPG_IMPUREZAS
C:\Users\eduar\Desktop\Soybe-main\data\com_fundo\RGB_JPG_IMPUREZAS\grao_DSC_0036_id101.png,RGB_JPG_IMPUREZAS,RGB_JPG_IMPUREZAS
C:\Users\eduar\Desktop\Soybe-main\data\com_fundo\RGB_JPG_IMPUREZAS\grao_DSC_0036_id102.png,RGB_JPG_IMPUREZAS,RGB_JPG_IMPUREZAS
C:\Users\eduar\Desktop\Soybe-main\data\com_fundo\RGB_JPG_IMPUREZAS\grao_DSC_0036_id104.png,RGB_JPG_IMPUREZAS,RGB_JPG_IMPUREZAS
C:\Users\eduar\Desktop\Soybe-main\data\com_fundo\RGB_JPG_IMPUREZAS\grao_DSC_0036_id105.png,RGB_JPG_IMPUREZAS,RGB_JPG_IMPUREZAS
C:\Users\eduar\Desktop\Soybe-main\data\com_fundo\RGB_JPG_IMPUREZAS\grao_DSC_0036_id107.png,RGB_JPG_IMPUREZAS,RGB_JPG_IMPUREZAS
C:\Users\eduar\Desktop\Soybe-main\data\com_fundo\RGB_JPG_IMPUREZAS\grao_DSC_0036_id108.png,RGB_JPG_IMPUREZAS,RGB_JPG_IMPUREZAS
C:\Users\eduar\Desktop\Soybe-main\data\com_fundo\RGB_JPG_IMPUREZAS\grao_DSC_0036_id109.png,RGB_JPG_IMPUREZAS,RGB_JPG_IMPUREZAS
C:\Users\eduar\Desktop\Soybe-main\data\com_fundo\RGB_JPG_IMPUREZAS\grao_DSC_0036_id110.png,RGB_JPG_IMPUREZAS,RGB_JPG_IMPUREZAS
C:\Users\eduar\Desktop\Soybe-main\data\com_fundo\RGB_JPG_IMPUREZAS\grao_DSC_0036_id111.png,RGB_JPG_IMPUREZAS,RGB_JPG_IMPUREZAS
C:\Users\eduar\Desktop\Soybe-main\data\com_fundo\RGB_JPG_IMPUREZAS\grao_DSC_0036_id113.png,RGB_JPG_IMPUREZAS,RGB_JPG_IMPUREZAS
C:\Users\eduar\Desktop\Soybe-main\data\com_fundo\RGB_JPG_IMPUREZAS\grao_DSC_0036_id114.png,RGB_JPG_IMPUREZAS,RGB_JPG_IMPUREZAS
C:\Users\eduar\Desktop\Soybe-main\data\com_fundo\RGB_JPG_IMPUREZAS\grao_DSC_0036_id116.png,RGB_JPG_IMPUREZAS,RGB_JPG_IMPUREZAS
C:\Users\eduar\Desktop\Soybe-main\data\com_fundo\RGB_JPG_IMPUREZAS\grao_DSC_0036_id117.png,RGB_JPG_IMPUREZAS,RGB_JPG_IMPUREZAS
C:\Users\eduar\Desktop\Soybe-main\data\com_fundo\RGB_JPG_IMPUREZAS\grao_DSC_0036_id118.png,RGB_JPG_IMPUREZAS,RGB_JPG_IMPUREZAS
C:\Users\eduar\Desktop\Soybe-main\data\com_fundo\RGB_JPG_IMPUREZAS\grao_DSC_0036_id121.png,RGB_JPG_IMPUREZAS,RGB_JPG_IMPUREZAS
C:\Users\eduar\Desktop\Soybe-main\data\com_fundo\RGB_JPG_IMPUREZAS\grao_DSC_0036_id122.png,RGB_JPG_IMPUREZAS,RGB_JPG_IMPUREZAS
C:\Users\eduar\Desktop\Soybe-main\data\com_fundo\RGB_JPG_IMPUREZAS\grao_DSC_0036_id123.png,RGB_JPG_IMPUREZAS,RGB_JPG_IMPUREZAS
C:\Users\eduar\Desktop\Soybe-main\data\com_fundo\RGB_JPG_IMPUREZAS\grao_DSC_0036_id128.png,RGB_JPG_IMPUREZAS,RGB_JPG_IMPUREZAS
C:\Users\eduar\Desktop\Soybe-main\data\com_fundo\RGB_JPG_IMPUREZAS\grao_DSC_0036_id129.png,RGB_JPG_IMPUREZAS,RGB_JPG_IMPUREZAS
C:\Users\eduar\Desktop\Soybe-main\data\com_fundo\RGB_JPG_IMPUREZAS\grao_DSC_0036_id13.png,RGB_JPG_IMPUREZAS,RGB_JPG_IMPUREZAS
C:\Users\eduar\Desktop\Soybe-main\data\com_fundo\RGB_JPG_IMPUREZAS\grao_DSC_0036_id130.png,RGB_JPG_IMPUREZAS,RGB_JPG_IMPUREZAS
C:\Users\eduar\Desktop\Soybe-main\data\com_fundo\RGB_JPG_IMPUREZAS\grao_DSC_0036_id132.png,RGB_JPG_IMPUREZAS,RGB_JPG_IMPUREZAS
C:\Users\eduar\Desktop\Soybe-main\data\com_fundo\RGB_JPG_IMPUREZAS\grao_DSC_0036_id133.png,RGB_JPG_IMPUREZAS,RGB_JPG_IMPUREZAS
C:\Users\eduar\Desktop\Soybe-main\data\com_fundo\RGB_JPG_IMPUREZAS\grao_DSC_0036_id134.png,RGB_JPG_IMPUREZAS,RGB_JPG_IMPUREZAS
C:\Users\eduar\Desktop\Soybe-main\data\com_fundo\RGB_JPG_IMPUREZAS\grao_DSC_0036_id137.png,RGB_JPG_IMPUREZAS,RGB_JPG_IMPUREZAS
C:\Users\eduar\Desktop\Soybe-main\data\com_fundo\RGB_JPG_IMPUREZAS\grao_DSC_0036_id139.png,RGB_JPG_IMPUREZAS,RGB_JPG_IMPUREZAS
C:\Users\eduar\Desktop\Soybe-main\data\com_fundo\RGB_JPG_IMPUREZAS\grao_DSC_0036_id14.png,RGB_JPG_IMPUREZAS,RGB_JPG_IMPUREZAS
C:\Users\eduar\Desktop\Soybe-main\data\com_fundo\RGB_JPG_IMPUREZAS\grao_DSC_0036_id140.png,RGB_JPG_IMPUREZAS,RGB_JPG_IMPUREZAS
C:\Users\eduar\Desktop\Soybe-main\data\com_fundo\RGB_JPG_IMPUREZAS\grao_DSC_0036_id141.png,RGB_JPG_IMPUREZAS,RGB_JPG_IMPUREZAS
C:\Users\eduar\Desktop\Soybe-main\data\com_fundo\RGB_JPG_IMPUREZAS\grao_DSC_0036_id142.png,RGB_JPG_IMPUREZAS,RGB_JPG_IMPUREZAS
C:\Users\eduar\Desktop\Soybe-main\data\com_fundo\RGB_JPG_IMPUREZAS\grao_DSC_0036_id143.png,RGB_JPG_IMPUREZAS,RGB_JPG_IMPUREZAS
C:\Users\eduar\Desktop\Soybe-main\data\com_fundo\RGB_JPG_IMPUREZAS\grao_DSC_0036_id144.png,RGB_JPG_IMPUREZAS,RGB_JPG_IMPUREZAS
C:\Users\eduar\Desktop\Soybe-main\data\com_fundo\RGB_JPG_IMPUREZAS\grao_DSC_0036_id145.png,RGB_JPG_IMPUREZAS,RGB_JPG_IMPUREZAS
C:\Users\eduar\Desktop\Soybe-main\data\com_fundo\RGB_JPG_IMPUREZAS\grao_DSC_0036_id147.png,RGB_JPG_IMPUREZAS,RGB_JPG_IMPUREZAS
C:\Users\eduar\Desktop\Soybe-main\data\com_fundo\RGB_JPG_IMPUREZAS\grao_DSC_0036_id148.png,RGB_JPG_IMPUREZAS,RGB_JPG_IMPUREZAS
C:\Users\eduar\Desktop\Soybe-main\data\com_fundo\RGB_JPG_IMPUREZAS\grao_DSC_0036_id15.png,RGB_JPG_IMPUREZAS,RGB_JPG_IMPUREZAS
C:\Users\eduar\Desktop\Soybe-main\data\com_fundo\RGB_JPG_IMPUREZAS\grao_DSC_0036_id153.png,RGB_JPG_IMPUREZAS,RGB_JPG_IMPUREZAS
C:\Users\eduar\Desktop\Soybe-main\data\com_fundo\RGB_JPG_IMPUREZAS\grao_DSC_0036_id154.png,RGB_JPG_IMPUREZAS,RGB_JPG_IMPUREZAS
C:\Users\eduar\Desktop\Soybe-main\data\com_fundo\RGB_JPG_IMPUREZAS\grao_DSC_0036_id155.png,RGB_JPG_IMPUREZAS,RGB_JPG_IMPUREZAS
C:\Users\eduar\Desktop\Soybe-main\data\com_fundo\RGB_JPG_IMPUREZAS\grao_DSC_0036_id156.png,RGB_JPG_IMPUREZAS,RGB_JPG_IMPUREZAS
C:\Users\eduar\Desktop\Soybe-main\data\com_fundo\RGB_JPG_IMPUREZAS\grao_DSC_0036_id157.png,RGB_JPG_IMPUREZAS,RGB_JPG_IMPUREZAS
C:\Users\eduar\Desktop\Soybe-main\data\com_fundo\RGB_JPG_IMPUREZAS\grao_DSC_0036_id158.png,RGB_JPG_IMPUREZAS,RGB_JPG_IMPUREZAS
C:\Users\eduar\Desktop\Soybe-main\data\com_fundo\RGB_JPG_IMPUREZAS\grao_DSC_0036_id159.png,RGB_JPG_IMPUREZAS,RGB_JPG_IMPUREZAS
C:\Users\eduar\Desktop\Soybe-main\data\com_fundo\RGB_JPG_IMPUREZAS\grao_DSC_0036_id16.png,RGB_JPG_IMPUREZAS,RGB_JPG_IMPUREZAS
C:\Users\eduar\Desktop\Soybe-main\data\com_fundo\RGB_JPG_IMPUREZAS\grao_DSC_0036_id160.png,RGB_JPG_IMPUREZAS,RGB_JPG_IMPUREZAS
C:\Users\eduar\Desktop\Soybe-main\data\com_fundo\RGB_JPG_IMPUREZAS\grao_DSC_0036_id161.png,RGB_JPG_IMPUREZAS,RGB_JPG_IMPUREZAS
C:\Users\eduar\Desktop\Soybe-main\data\com_fundo\RGB_JPG_IMPUREZAS\grao_DSC_0036_id162.png,RGB_JPG_IMPUREZAS,RGB_JPG_IMPUREZAS
C:\Users\eduar\Desktop\Soybe-main\data\com_fundo\RGB_JPG_IMPUREZAS\grao_DSC_0036_id163.png,RGB_JPG_IMPUREZAS,RGB_JPG_IMPUREZAS
C:\Users\eduar\Desktop\Soybe-main\data\com_fundo\RGB_JPG_IMPUREZAS\grao_DSC_0036_id164.png,RGB_JPG_IMPUREZAS,RGB_JPG_IMPUREZAS
C:\Users\eduar\Desktop\Soybe-main\data\com_fundo\RGB_JPG_IMPUREZAS\grao_DSC_0036_id165.png,RGB_JPG_IMPUREZAS,RGB_JPG_IMPUREZAS
C:\Users\eduar\Desktop\Soybe-main\data\com_fundo\RGB_JPG_IMPUREZAS\grao_DSC_0036_id166.png,RGB_JPG_IMPUREZAS,RGB_JPG_IMPUREZAS
C:\Users\eduar\Desktop\Soybe-main\data\com_fundo\RGB_JPG_IMPUREZAS\grao_DSC_0036_id167.png,RGB_JPG_IMPUREZAS,RGB_JPG_IMPUREZAS
C:\Users\eduar\Desktop\Soybe-main\data\com_fundo\RGB_JPG_IMPUREZAS\grao_DSC_0036_id168.png,RGB_JPG_IMPUREZAS,RGB_JPG_IMPUREZAS
C:\Users\eduar\Desktop\Soybe-main\data\com_fundo\RGB_JPG_IMPUREZAS\grao_DSC_0036_id17.png,RGB_JPG_IMPUREZAS,RGB_JPG_IMPUREZAS
C:\Users\eduar\Desktop\Soybe-main\data\com_fundo\RGB_JPG_IMPUREZAS\grao_DSC_0036_id174.png,RGB_JPG_IMPUREZAS,RGB_JPG_IMPUREZAS
C:\Users\eduar\Desktop\Soybe-main\data\com_fundo\RGB_JPG_IMPUREZAS\grao_DSC_0036_id175.png,RGB_JPG_IMPUREZAS,RGB_JPG_IMPUREZAS
C:\Users\eduar\Desktop\Soybe-main\data\com_fundo\RGB_JPG_IMPUREZAS\grao_DSC_0036_id176.png,RGB_JPG_IMPUREZAS,RGB_JPG_IMPUREZAS
C:\Users\eduar\Desktop\Soybe-main\data\com_fundo\RGB_JPG_IMPUREZAS\grao_DSC_0036_id177.png,RGB_JPG_IMPUREZAS,RGB_JPG_IMPUREZAS
C:\Users\eduar\Desktop\Soybe-main\data\com_fundo\RGB_JPG_IMPUREZAS\grao_DSC_0036_id178.png,RGB_JPG_IMPUREZAS,RGB_JPG_IMPUREZAS
C:\Users\eduar\Desktop\Soybe-main\data\com_fundo\RGB_JPG_IMPUREZAS\grao_DSC_0036_id179.png,RGB_JPG_IMPUREZAS,RGB_JPG_IMPUREZAS
C:\Users\eduar\Desktop\Soybe-main\data\com_fundo\RGB_JPG_IMPUREZAS\grao_DSC_0036_id18.png,RGB_JPG_IMPUREZAS,RGB_JPG_IMPUREZAS
C:\Users\eduar\Desktop\Soybe-main\data\com_fundo\RGB_JPG_IMPUREZAS\grao_DSC_0036_id180.png,RGB_JPG_IMPUREZAS,RGB_JPG_IMPUREZAS
C:\Users\eduar\Desktop\Soybe-main\data\com_fundo\RGB_JPG_IMPUREZAS\grao_DSC_0036_id181.png,RGB_JPG_IMPUREZAS,RGB_JPG_IMPUREZAS
C:\Users\eduar\Desktop\Soybe-main\data\com_fundo\RGB_JPG_IMPUREZAS\grao_DSC_0036_id182.png,RGB_JPG_IMPUREZAS,RGB_JPG_IMPUREZAS
C:\Users\eduar\Desktop\Soybe-main\data\com_fundo\RGB_JPG_IMPUREZAS\grao_DSC_0036_id183.png,RGB_JPG_IMPUREZAS,RGB_JPG_IMPUREZAS
C:\Users\eduar\Desktop\Soybe-main\data\com_fundo\RGB_JPG_IMPUREZAS\grao_DSC_0036_id184.png,RGB_JPG_IMPUREZAS,RGB_JPG_IMPUREZAS
C:\Users\eduar\Desktop\Soybe-main\data\com_fundo\RGB_JPG_IMPUREZAS\grao_DSC_0036_id185.png,RGB_JPG_IMPUREZAS,RGB_JPG_IMPUREZAS
C:\Users\eduar\Desktop\Soybe-main\data\com_fundo\RGB_JPG_IMPUREZAS\grao_DSC_0036_id186.png,RGB_JPG_IMPUREZAS,RGB_JPG_IMPUREZAS
C:\Users\eduar\Desktop\Soybe-main\data\com_fundo\RGB_JPG_IMPUREZAS\grao_DSC_0036_id190.png,RGB_JPG_IMPUREZAS,RGB_JPG_IMPUREZAS
C:\Users\eduar\Desktop\Soybe-main\data\com_fundo\RGB_JPG_IMPUREZAS\grao_DSC_0036_id191.png,RGB_JPG_IMPUREZAS,RGB_JPG_IMPUREZAS
C:\Users\eduar\Desktop\Soybe-main\data\com_fundo\RGB_JPG_IMPUREZAS\grao_DSC_0036_id192.png,RGB_JPG_IMPUREZAS,RGB_JPG_IMPUREZAS
C:\Users\eduar\Desktop\Soybe-main\data\com_fundo\RGB_JPG_IMPUREZAS\grao_DSC_0036_id193.png,RGB_JPG_IMPUREZAS,RGB_JPG_IMPUREZAS
C:\Users\eduar\Desktop\Soybe-main\data\com_fundo\RGB_JPG_IMPUREZAS\grao_DSC_0036_id196.png,RGB_JPG_IMPUREZAS,RGB_JPG_IMPUREZAS
C:\Users\eduar\Desktop\Soybe-main\data\com_fundo\RGB_JPG_IMPUREZAS\grao_DSC_0036_id198.png,RGB_JPG_IMPUREZAS,RGB_JPG_IMPUREZAS
C:\Users\eduar\Desktop\Soybe-main\data\com_fundo\RGB_JPG_IMPUREZAS\grao_DSC_0036_id2.png,RGB_JPG_IMPUREZAS,RGB_JPG_IMPUREZAS
C:\Users\eduar\Desktop\Soybe-main\data\com_fundo\RGB_JPG_IMPUREZAS\grao_DSC_0036_id20.png,RGB_JPG_IMPUREZAS,RGB_JPG_IMPUREZAS
C:\Users\eduar\Desktop\Soybe-main\data\com_fundo\RGB_JPG_IMPUREZAS\grao_DSC_0036_id201.png,RGB_JPG_IMPUREZAS,RGB_JPG_IMPUREZAS
C:\Users\eduar\Desktop\Soybe-main\data\com_fundo\RGB_JPG_IMPUREZAS\grao_DSC_0036_id204.png,RGB_JPG_IMPUREZAS,RGB_JPG_IMPUREZAS
C:\Users\eduar\Desktop\Soybe-main\data\com_fundo\RGB_JPG_IMPUREZAS\grao_DSC_0036_id205.png,RGB_JPG_IMPUREZAS,RGB_JPG_IMPUREZAS
C:\Users\eduar\Desktop\Soybe-main\data\com_fundo\RGB_JPG_IMPUREZAS\grao_DSC_0036_id206.png,RGB_JPG_IMPUREZAS,RGB_JPG_IMPUREZAS
C:\Users\eduar\Desktop\Soybe-main\data\com_fundo\RGB_JPG_IMPUREZAS\grao_DSC_0036_id207.png,RGB_JPG_IMPUREZAS,RGB_JPG_IMPUREZAS
C:\Users\eduar\Desktop\Soybe-main\data\com_fundo\RGB_JPG_IMPUREZAS\grao_DSC_0036_id208.png,RGB_JPG_IMPUREZAS,RGB_JPG_IMPUREZAS
C:\Users\eduar\Desktop\Soybe-main\data\com_fundo\RGB_JPG_IMPUREZAS\grao_DSC_0036_id209.png,RGB_JPG_IMPUREZAS,RGB_JPG_IMPUREZAS
C:\Users\eduar\Desktop\Soybe-main\data\com_fundo\RGB_JPG_IMPUREZAS\grao_DSC_0036_id210.png,RGB_JPG_IMPUREZAS,RGB_JPG_IMPUREZAS
C:\Users\eduar\Desktop\Soybe-main\data\com_fundo\RGB_JPG_IMPUREZAS\grao_DSC_0036_id211.png,RGB_JPG_IMPUREZAS,RGB_JPG_IMPUREZAS
C:\Users\eduar\Desktop\Soybe-main\data\com_fundo\RGB_JPG_IMPUREZAS\grao_DSC_0036_id212.png,RGB_JPG_IMPUREZAS,RGB_JPG_IMPUREZAS
C:\Users\eduar\Desktop\Soybe-main\data\com_fundo\RGB_JPG_IMPUREZAS\grao_DSC_0036_id213.png,RGB_JPG_IMPUREZAS,RGB_JPG_IMPUREZAS
C:\Users\eduar\Desktop\Soybe-main\data\com_fundo\RGB_JPG_IMPUREZAS\grao_DSC_0036_id214.png,RGB_JPG_IMPUREZAS,RGB_JPG_IMPUREZAS
C:\Users\eduar\Desktop\Soybe-main\data\com_fundo\RGB_JPG_IMPUREZAS\grao_DSC_0036_id216.png,RGB_JPG_IMPUREZAS,RGB_JPG_IMPUREZAS
C:\Users\eduar\Desktop\Soybe-main\data\com_fundo\RGB_JPG_IMPUREZAS\grao_DSC_0036_id218.png,RGB_JPG_IMPUREZAS,RGB_JPG_IMPUREZAS
C:\Users\eduar\Desktop\Soybe-main\data\com_fundo\RGB_JPG_IMPUREZAS\grao_DSC_0036_id219.png,RGB_JPG_IMPUREZAS,RGB_JPG_IMPUREZAS
C:\Users\eduar\Desktop\Soybe-main\data\com_fundo\RGB_JPG_IMPUREZAS\grao_DSC_0036_id22.png,RGB_JPG_IMPUREZAS,RGB_JPG_IMPUREZAS
C:\Users\eduar\Desktop\Soybe-main\data\com_fundo\RGB_JPG_IMPUREZAS\grao_DSC_0036_id221.png,RGB_JPG_IMPUREZAS,RGB_JPG_IMPUREZAS
C:\Users\eduar\Desktop\Soybe-main\data\com_fundo\RGB_JPG_IMPUREZAS\grao_DSC_0036_id226.png,RGB_JPG_IMPUREZAS,RGB_JPG_IMPUREZAS
C:\Users\eduar\Desktop\Soybe-main\data\com_fundo\RGB_JPG_IMPUREZAS\grao_DSC_0036_id23.png,RGB_JPG_IMPUREZAS,RGB_JPG_IMPUREZAS
C:\Users\eduar\Desktop\Soybe-main\data\com_fundo\RGB_JPG_IMPUREZAS\grao_DSC_0036_id231.png,RGB_JPG_IMPUREZAS,RGB_JPG_IMPUREZAS
C:\Users\eduar\Desktop\Soybe-main\data\com_fundo\RGB_JPG_IMPUREZAS\grao_DSC_0036_id232.png,RGB_JPG_IMPUREZAS,RGB_JPG_IMPUREZAS
C:\Users\eduar\Desktop\Soybe-main\data\com_fundo\RGB_JPG_IMPUREZAS\grao_DSC_0036_id233.png,RGB_JPG_IMPUREZAS,RGB_JPG_IMPUREZAS
C:\Users\eduar\Desktop\Soybe-main\data\com_fundo\RGB_JPG_IMPUREZAS\grao_DSC_0036_id234.png,RGB_JPG_IMPUREZAS,RGB_JPG_IMPUREZAS
C:\Users\eduar\Desktop\Soybe-main\data\com_fundo\RGB_JPG_IMPUREZAS\grao_DSC_0036_id235.png,RGB_JPG_IMPUREZAS,RGB_JPG_IMPUREZAS
C:\Users\eduar\Desktop\Soybe-main\data\com_fundo\RGB_JPG_IMPUREZAS\grao_DSC_0036_id236.png,RGB_JPG_IMPUREZAS,RGB_JPG_IMPUREZAS
C:\Users\eduar\Desktop\Soybe-main\data\com_fundo\RGB_JPG_IMPUREZAS\grao_DSC_0036_id237.png,RGB_JPG_IMPUREZAS,RGB_JPG_IMPUREZAS
C:\Users\eduar\Desktop\Soybe-main\data\com_fundo\RGB_JPG_IMPUREZAS\grao_DSC_0036_id238.png,RGB_JPG_IMPUREZAS,RGB_JPG_IMPUREZAS
C:\Users\eduar\Desktop\Soybe-main\data\com_fundo\RGB_JPG_IMPUREZAS\grao_DSC_0036_id239.png,RGB_JPG_IMPUREZAS,RGB_JPG_IMPUREZAS
C:\Users\eduar\Desktop\Soybe-main\data\com_fundo\RGB_JPG_IMPUREZAS\grao_DSC_0036_id241.png,RGB_JPG_IMPUREZAS,RGB_JPG_IMPUREZAS
C:\Users\eduar\Desktop\Soybe-main\data\com_fundo\RGB_JPG_IMPUREZAS\grao_DSC_0036_id242.png,RGB_JPG_IMPUREZAS,RGB_JPG_IMPUREZAS
C:\Users\eduar\Desktop\Soybe-main\data\com_fundo\RGB_JPG_IMPUREZAS\grao_DSC_0036_id244.png,RGB_JPG_IMPUREZAS,RGB_JPG_IMPUREZAS
C:\Users\eduar\Desktop\Soybe-main\data\com_fundo\RGB_JPG_IMPUREZAS\grao_DSC_0036_id246.png,RGB_JPG_IMPUREZAS,RGB_JPG_IMPUREZAS
C:\Users\eduar\Desktop\Soybe-main\data\com_fundo\RGB_JPG_IMPUREZAS\grao_DSC_0036_id251.png,RGB_JPG_IMPUREZAS,RGB_JPG_IMPUREZAS
C:\Users\eduar\Desktop\Soybe-main\data\com_fundo\RGB_JPG_IMPUREZAS\grao_DSC_0036_id252.png,RGB_JPG_IMPUREZAS,RGB_JPG_IMPUREZAS
C:\Users\eduar\Desktop\Soybe-main\data\com_fundo\RGB_JPG_IMPUREZAS\grao_DSC_0036_id253.png,RGB_JPG_IMPUREZAS,RGB_JPG_IMPUREZAS
C:\Users\eduar\Desktop\Soybe-main\data\com_fundo\RGB_JPG_IMPUREZAS\grao_DSC_0036_id254.png,RGB_JPG_IMPUREZAS,RGB_JPG_IMPUREZAS
C:\Users\eduar\Desktop\Soybe-main\data\com_fundo\RGB_JPG_IMPUREZAS\grao_DSC_0036_id255.png,RGB_JPG_IMPUREZAS,RGB_JPG_IMPUREZAS
C:\Users\eduar\Desktop\Soybe-main\data\com_fundo\RGB_JPG_IMPUREZAS\grao_DSC_0036_id256.png,RGB_JPG_IMPUREZAS,RGB_JPG_IMPUREZAS
C:\Users\eduar\Desktop\Soybe-main\data\com_fundo\RGB_JPG_IMPUREZAS\grao_DSC_0036_id257.png,RGB_JPG_IMPUREZAS,RGB_JPG_IMPUREZAS
C:\Users\eduar\Desktop\Soybe-main\data\com_fundo\RGB_JPG_IMPUREZAS\grao_DSC_0036_id260.png,RGB_JPG_IMPUREZAS,RGB_JPG_IMPUREZAS
C:\Users\eduar\Desktop\Soybe-main\data\com_fundo\RGB_JPG_IMPUREZAS\grao_DSC_0036_id267.png,RGB_JPG_IMPUREZAS,RGB_JPG_IMPUREZAS
C:\Users\eduar\Desktop\Soybe-main\data\com_fundo\RGB_JPG_IMPUREZAS\grao_DSC_0036_id268.png,RGB_JPG_IMPUREZAS,RGB_JPG_IMPUREZAS
C:\Users\eduar\Desktop\Soybe-main\data\com_fundo\RGB_JPG_IMPUREZAS\grao_DSC_0036_id27.png,RGB_JPG_IMPUREZAS,RGB_JPG_IMPUREZAS
C:\Users\eduar\Desktop\Soybe-main\data\com_fundo\RGB_JPG_IMPUREZAS\grao_DSC_0036_id270.png,RGB_JPG_IMPUREZAS,RGB_JPG_IMPUREZAS
C:\Users\eduar\Desktop\Soybe-main\data\com_fundo\RGB_JPG_IMPUREZAS\grao_DSC_0036_id271.png,RGB_JPG_IMPUREZAS,RGB_JPG_IMPUREZAS
C:\Users\eduar\Desktop\Soybe-main\data\com_fundo\RGB_JPG_IMPUREZAS\grao_DSC_0036_id272.png,RGB_JPG_IMPUREZAS,RGB_JPG_IMPUREZAS
C:\Users\eduar\Desktop\Soybe-main\data\com_fundo\RGB_JPG_IMPUREZAS\grao_DSC_0036_id273.png,RGB_JPG_IMPUREZAS,RGB_JPG_IMPUREZAS
C:\Users\eduar\Desktop\Soybe-main\data\com_fundo\RGB_JPG_IMPUREZAS\grao_DSC_0036_id274.png,RGB_JPG_IMPUREZAS,RGB_JPG_IMPUREZAS
C:\Users\eduar\Desktop\Soybe-main\data\com_fundo\RGB_JPG_IMPUREZAS\grao_DSC_0036_id275.png,RGB_JPG_IMPUREZAS,RGB_JPG_IMPUREZAS
C:\Users\eduar\Desktop\Soybe-main\data\com_fundo\RGB_JPG_IMPUREZAS\grao_DSC_0036_id276.png,RGB_JPG_IMPUREZAS,RGB_JPG_IMPUREZAS
C:\Users\eduar\Desktop\Soybe-main\data\com_fundo\RGB_JPG_IMPUREZAS\grao_DSC_0036_id277.png,RGB_JPG_IMPUREZAS,RGB_JPG_IMPUREZAS
C:\Users\eduar\Desktop\Soybe-main\data\com_fundo\RGB_JPG_IMPUREZAS\grao_DSC_0036_id278.png,RGB_JPG_IMPUREZAS,RGB_JPG_IMPUREZAS
C:\Users\eduar\Desktop\Soybe-main\data\com_fundo\RGB_JPG_IMPUREZAS\grao_DSC_0036_id279.png,RGB_JPG_IMPUREZAS,RGB_JPG_IMPUREZAS
C:\Users\eduar\Desktop\Soybe-main\data\com_fundo\RGB_JPG_IMPUREZAS\grao_DSC_0036_id28.png,RGB_JPG_IMPUREZAS,RGB_JPG_IMPUREZAS
C:\Users\eduar\Desktop\Soybe-main\data\com_fundo\RGB_JPG_IMPUREZAS\grao_DSC_0036_id29.png,RGB_JPG_IMPUREZAS,RGB_JPG_IMPUREZAS
C:\Users\eduar\Desktop\Soybe-main\data\com_fundo\RGB_JPG_IMPUREZAS\grao_DSC_0036_id3.png,RGB_JPG_IMPUREZAS,RGB_JPG_IMPUREZAS
C:\Users\eduar\Desktop\Soybe-main\data\com_fundo\RGB_JPG_IMPUREZAS\grao_DSC_0036_id30.png,RGB_JPG_IMPUREZAS,RGB_JPG_IMPUREZAS
C:\Users\eduar\Desktop\Soybe-main\data\com_fundo\RGB_JPG_IMPUREZAS\grao_DSC_0036_id31.png,RGB_JPG_IMPUREZAS,RGB_JPG_IMPUREZAS
C:\Users\eduar\Desktop\Soybe-main\data\com_fundo\RGB_JPG_IMPUREZAS\grao_DSC_0036_id33.png,RGB_JPG_IMPUREZAS,RGB_JPG_IMPUREZAS
C:\Users\eduar\Desktop\Soybe-main\data\com_fundo\RGB_JPG_IMPUREZAS\grao_DSC_0036_id35.png,RGB_JPG_IMPUREZAS,RGB_JPG_IMPUREZAS
C:\Users\eduar\Desktop\Soybe-main\data\com_fundo\RGB_JPG_IMPUREZAS\grao_DSC_0036_id39.png,RGB_JPG_IMPUREZAS,RGB_JPG_IMPUREZAS
C:\Users\eduar\Desktop\Soybe-main\data\com_fundo\RGB_JPG_IMPUREZAS\grao_DSC_0036_id4.png,RGB_JPG_IMPUREZAS,RGB_JPG_IMPUREZAS
C:\Users\eduar\Desktop\Soybe-main\data\com_fundo\RGB_JPG_IMPUREZAS\grao_DSC_0036_id40.png,RGB_JPG_IMPUREZAS,RGB_JPG_IMPUREZAS
C:\Users\eduar\Desktop\Soybe-main\data\com_fundo\RGB_JPG_IMPUREZAS\grao_DSC_0036_id42.png,RGB_JPG_IMPUREZAS,RGB_JPG_IMPUREZAS
C:\Users\eduar\Desktop\Soybe-main\data\com_fundo\RGB_JPG_IMPUREZAS\grao_DSC_0036_id43.png,RGB_JPG_IMPUREZAS,RGB_JPG_IMPUREZAS
C:\Users\eduar\Desktop\Soybe-main\data\com_fundo\RGB_JPG_IMPUREZAS\grao_DSC_0036_id45.png,RGB_JPG_IMPUREZAS,RGB_JPG_IMPUREZAS
C:\Users\eduar\Desktop\Soybe-main\data\com_fundo\RGB_JPG_IMPUREZAS\grao_DSC_0036_id46.png,RGB_JPG_IMPUREZAS,RGB_JPG_IMPUREZAS
C:\Users\eduar\Desktop\Soybe-main\data\com_fundo\RGB_JPG_IMPUREZAS\grao_DSC_0036_id47.png,RGB_JPG_IMPUREZAS,RGB_JPG_IMPUREZAS
C:\Users\eduar\Desktop\Soybe-main\data\com_fundo\RGB_JPG_IMPUREZAS\grao_DSC_0036_id48.png,RGB_JPG_IMPUREZAS,RGB_JPG_IMPUREZAS
C:\Users\eduar\Desktop\Soybe-main\data\com_fundo\RGB_JPG_IMPUREZAS\grao_DSC_0036_id49.png,RGB_JPG_IMPUREZAS,RGB_JPG_IMPUREZAS
C:\Users\eduar\Desktop\Soybe-main\data\com_fundo\RGB_JPG_IMPUREZAS\grao_DSC_0036_id5.png,RGB_JPG_IMPUREZAS,RGB_JPG_IMPUREZAS
C:\Users\eduar\Desktop\Soybe-main\data\com_fundo\RGB_JPG_IMPUREZAS\grao_DSC_0036_id50.png,RGB_JPG_IMPUREZAS,RGB_JPG_IMPUREZAS
C:\Users\eduar\Desktop\Soybe-main\data\com_fundo\RGB_JPG_IMPUREZAS\grao_DSC_0036_id51.png,RGB_JPG_IMPUREZAS,RGB_JPG_IMPUREZAS
C:\Users\eduar\Desktop\Soybe-main\data\com_fundo\RGB_JPG_IMPUREZAS\grao_DSC_0036_id52.png,RGB_JPG_IMPUREZAS,RGB_JPG_IMPUREZAS
C:\Users\eduar\Desktop\Soybe-main\data\com_fundo\RGB_JPG_IMPUREZAS\grao_DSC_0036_id53.png,RGB_JPG_IMPUREZAS,RGB_JPG_IMPUREZAS
C:\Users\eduar\Desktop\Soybe-main\data\com_fundo\RGB_JPG_IMPUREZAS\grao_DSC_0036_id54.png,RGB_JPG_IMPUREZAS,RGB_JPG_IMPUREZAS
C:\Users\eduar\Desktop\Soybe-main\data\com_fundo\RGB_JPG_IMPUREZAS\grao_DSC_0036_id55.png,RGB_JPG_IMPUREZAS,RGB_JPG_IMPUREZAS
C:\Users\eduar\Desktop\Soybe-main\data\com_fundo\RGB_JPG_IMPUREZAS\grao_DSC_0036_id56.png,RGB_JPG_IMPUREZAS,RGB_JPG_IMPUREZAS
C:\Users\eduar\Desktop\Soybe-main\data\com_fundo\RGB_JPG_IMPUREZAS\grao_DSC_0036_id57.png,RGB_JPG_IMPUREZAS,RGB_JPG_IMPUREZAS
C:\Users\eduar\Desktop\Soybe-main\data\com_fundo\RGB_JPG_IMPUREZAS\grao_DSC_0036_id59.png,RGB_JPG_IMPUREZAS,RGB_JPG_IMPUREZAS
C:\Users\eduar\Desktop\Soybe-main\data\com_fundo\RGB_JPG_IMPUREZAS\grao_DSC_0036_id60.png,RGB_JPG_IMPUREZAS,RGB_JPG_IMPUREZAS
C:\Users\eduar\Desktop\Soybe-main\data\com_fundo\RGB_JPG_IMPUREZAS\grao_DSC_0036_id61.png,RGB_JPG_IMPUREZAS,RGB_JPG_IMPUREZAS
C:\Users\eduar\Desktop\Soybe-main\data\com_fundo\RGB_JPG_IMPUREZAS\grao_DSC_0036_id64.png,RGB_JPG_IMPUREZAS,RGB_JPG_IMPUREZAS
C:\Users\eduar\Desktop\Soybe-main\data\com_fundo\RGB_JPG_IMPUREZAS\grao_DSC_0036_id69.png,RGB_JPG_IMPUREZAS,RGB_JPG_IMPUREZAS
C:\Users\eduar\Desktop\Soybe-main\data\com_fundo\RGB_JPG_IMPUREZAS\grao_DSC_0036_id7.png,RGB_JPG_IMPUREZAS,RGB_JPG_IMPUREZAS
C:\Users\eduar\Desktop\Soybe-main\data\com_fundo\RGB_JPG_IMPUREZAS\grao_DSC_0036_id70.png,RGB_JPG_IMPUREZAS,RGB_JPG_IMPUREZAS
C:\Users\eduar\Desktop\Soybe-main\data\com_fundo\RGB_JPG_IMPUREZAS\grao_DSC_0036_id71.png,RGB_JPG_IMPUREZAS,RGB_JPG_IMPUREZAS
C:\Users\eduar\Desktop\Soybe-main\data\com_fundo\RGB_JPG_IMPUREZAS\grao_DSC_0036_id72.png,RGB_JPG_IMPUREZAS,RGB_JPG_IMPUREZAS
C:\Users\eduar\Desktop\Soybe-main\data\com_fundo\RGB_JPG_IMPUREZAS\grao_DSC_0036_id73.png,RGB_JPG_IMPUREZAS,RGB_JPG_IMPUREZAS
C:\Users\eduar\Desktop\Soybe-main\data\com_fundo\RGB_JPG_IMPUREZAS\grao_DSC_0036_id74.png,RGB_JPG_IMPUREZAS,RGB_JPG_IMPUREZAS
C:\Users\eduar\Desktop\Soybe-main\data\com_fundo\RGB_JPG_IMPUREZAS\grao_DSC_0036_id75.png,RGB_JPG_IMPUREZAS,RGB_JPG_IMPUREZAS
C:\Users\eduar\Desktop\Soybe-main\data\com_fundo\RGB_JPG_IMPUREZAS\grao_DSC_0036_id76.png,RGB_JPG_IMPUREZAS,RGB_JPG_IMPUREZAS
C:\Users\eduar\Desktop\Soybe-main\data\com_fundo\RGB_JPG_IMPUREZAS\grao_DSC_0036_id77.png,RGB_JPG_IMPUREZAS,RGB_JPG_IMPUREZAS
C:\Users\eduar\Desktop\Soybe-main\data\com_fundo\RGB_JPG_IMPUREZAS\grao_DSC_0036_id79.png,RGB_JPG_IMPUREZAS,RGB_JPG_IMPUREZAS
C:\Users\eduar\Desktop\Soybe-main\data\com_fundo\RGB_JPG_IMPUREZAS\grao_DSC_0036_id80.png,RGB_JPG_IMPUREZAS,RGB_JPG_IMPUREZAS
C:\Users\eduar\Desktop\Soybe-main\data\com_fundo\RGB_JPG_IMPUREZAS\grao_DSC_0036_id82.png,RGB_JPG_IMPUREZAS,RGB_JPG_IMPUREZAS
C:\Users\eduar\Desktop\Soybe-main\data\com_fundo\RGB_JPG_IMPUREZAS\grao_DSC_0036_id83.png,RGB_JPG_IMPUREZAS,RGB_JPG_IMPUREZAS
C:\Users\eduar\Desktop\Soybe-main\data\com_fundo\RGB_JPG_IMPUREZAS\grao_DSC_0036_id85.png,RGB_JPG_IMPUREZAS,RGB_JPG_IMPUREZAS
C:\Users\eduar\Desktop\Soybe-main\data\com_fundo\RGB_JPG_IMPUREZAS\grao_DSC_0036_id86.png,RGB_JPG_IMPUREZAS,RGB_JPG_IMPUREZAS
C:\Users\eduar\Desktop\Soybe-main\data\com_fundo\RGB_JPG_IMPUREZAS\grao_DSC_0036_id87.png,RGB_JPG_IMPUREZAS,RGB_JPG_IMPUREZAS
C:\Users\eduar\Desktop\Soybe-main\data\com_fundo\RGB_JPG_IMPUREZAS\grao_DSC_0036_id88.png,RGB_JPG_IMPUREZAS,RGB_JPG_IMPUREZAS
C:\Users\eduar\Desktop\Soybe-main\data\com_fundo\RGB_JPG_IMPUREZAS\grao_DSC_0036_id90.png,RGB_JPG_IMPUREZAS,RGB_JPG_IMPUREZAS
C:\Users\eduar\Desktop\Soybe-main\data\com_fundo\RGB_JPG_IMPUREZAS\grao_DSC_0036_id93.png,RGB_JPG_IMPUREZAS,RGB_JPG_IMPUREZAS
C:\Users\eduar\Desktop\Soybe-main\data\com_fundo\RGB_JPG_IMPUREZAS\grao_DSC_0036_id96.png,RGB_JPG_IMPUREZAS,RGB_JPG_IMPUREZAS
C:\Users\eduar\Desktop\Soybe-main\data\com_fundo\RGB_JPG_IMPUREZAS\grao_DSC_0036_id97.png,RGB_JPG_IMPUREZAS,RGB_JPG_IMPUREZAS
C:\Users\eduar\Desktop\Soybe-main\data\com_fundo\RGB_JPG_IMPUREZAS\grao_DSC_0036_id98.png,RGB_JPG_IMPUREZAS,RGB_JPG_IMPUREZAS
C:\Users\eduar\Desktop\Soybe-main\data\com_fundo\RGB_JPG_IMPUREZAS\grao_DSC_0036_id99.png,RGB_JPG_IMPUREZAS,RGB_JPG_IMPUREZAS
C:\Users\eduar\Desktop\Soybe-main\data\com_fundo\RGB_JPG_IMPUREZAS\grao_DSC_0238_id1.png,RGB_JPG_IMPUREZAS,RGB_JPG_IMPUREZAS
C:\Users\eduar\Desktop\Soybe-main\data\com_fundo\RGB_JPG_IMPUREZAS\grao_DSC_0238_id101.png,RGB_JPG_IMPUREZAS,RGB_JPG_IMPUREZAS
C:\Users\eduar\Desktop\Soybe-main\data\com_fundo\RGB_JPG_IMPUREZAS\grao_DSC_0238_id103.png,RGB_JPG_IMPUREZAS,RGB_JPG_IMPUREZAS
C:\Users\eduar\Desktop\Soybe-main\data\com_fundo\RGB_JPG_IMPUREZAS\grao_DSC_0238_id106.png,RGB_JPG_IMPUREZAS,RGB_JPG_IMPUREZAS
C:\Users\eduar\Desktop\Soybe-main\data\com_fundo\RGB_JPG_IMPUREZAS\grao_DSC_0238_id107.png,RGB_JPG_IMPUREZAS,RGB_JPG_IMPUREZAS
C:\Users\eduar\Desktop\Soybe-main\data\com_fundo\RGB_JPG_IMPUREZAS\grao_DSC_0238_id108.png,RGB_JPG_IMPUREZAS,RGB_JPG_IMPUREZAS
C:\Users\eduar\Desktop\Soybe-main\data\com_fundo\RGB_JPG_IMPUREZAS\grao_DSC_0238_id11.png,RGB_JPG_IMPUREZAS,RGB_JPG_IMPUREZAS
C:\Users\eduar\Desktop\Soybe-main\data\com_fundo\RGB_JPG_IMPUREZAS\grao_DSC_0238_id113.png,RGB_JPG_IMPUREZAS,RGB_JPG_IMPUREZAS
C:\Users\eduar\Desktop\Soybe-main\data\com_fundo\RGB_JPG_IMPUREZAS\grao_DSC_0238_id114.png,RGB_JPG_IMPUREZAS,RGB_JPG_IMPUREZAS
C:\Users\eduar\Desktop\Soybe-main\data\com_fundo\RGB_JPG_IMPUREZAS\grao_DSC_0238_id115.png,RGB_JPG_IMPUREZAS,RGB_JPG_IMPUREZAS
C:\Users\eduar\Desktop\Soybe-main\data\com_fundo\RGB_JPG_IMPUREZAS\grao_DSC_0238_id116.png,RGB_JPG_IMPUREZAS,RGB_JPG_IMPUREZAS
C:\Users\eduar\Desktop\Soybe-main\data\com_fundo\RGB_JPG_IMPUREZAS\grao_DSC_0238_id117.png,RGB_JPG_IMPUREZAS,RGB_JPG_IMPUREZAS
C:\Users\eduar\Desktop\Soybe-main\data\com_fundo\RGB_JPG_IMPUREZAS\grao_DSC_0238_id118.png,RGB_JPG_IMPUREZAS,RGB_JPG_IMPUREZAS
C:\Users\eduar\Desktop\Soybe-main\data\com_fundo\RGB_JPG_IMPUREZAS\grao_DSC_0238_id119.png,RGB_JPG_IMPUREZAS,RGB_JPG_IMPUREZAS
C:\Users\eduar\Desktop\Soybe-main\data\com_fundo\RGB_JPG_IMPUREZAS\grao_DSC_0238_id120.png,RGB_JPG_IMPUREZAS,RGB_JPG_IMPUREZAS
C:\Users\eduar\Desktop\Soybe-main\data\com_fundo\RGB_JPG_IMPUREZAS\grao_DSC_0238_id121.png,RGB_JPG_IMPUREZAS,RGB_JPG_IMPUREZAS
C:\Users\eduar\Desktop\Soybe-main\data\com_fundo\RGB_JPG_IMPUREZAS\grao_DSC_0238_id122.png,RGB_JPG_IMPUREZAS,RGB_JPG_IMPUREZAS
C:\Users\eduar\Desktop\Soybe-main\data\com_fundo\RGB_JPG_IMPUREZAS\grao_DSC_0238_id124.png,RGB_JPG_IMPUREZAS,RGB_JPG_IMPUREZAS
C:\Users\eduar\Desktop\Soybe-main\data\com_fundo\RGB_JPG_IMPUREZAS\grao_DSC_0238_id125.png,RGB_JPG_IMPUREZAS,RGB_JPG_IMPUREZAS
C:\Users\eduar\Desktop\Soybe-main\data\com_fundo\RGB_JPG_IMPUREZAS\grao_DSC_0238_id126.png,RGB_JPG_IMPUREZAS,RGB_JPG_IMPUREZAS
C:\Users\eduar\Desktop\Soybe-main\data\com_fundo\RGB_JPG_IMPUREZAS\grao_DSC_0238_id127.png,RGB_JPG_IMPUREZAS,RGB_JPG_IMPUREZAS
C:\Users\eduar\Desktop\Soybe-main\data\com_fundo\RGB_JPG_IMPUREZAS\grao_DSC_0238_id129.png,RGB_JPG_IMPUREZAS,RGB_JPG_IMPUREZAS
C:\Users\eduar\Desktop\Soybe-main\data\com_fundo\RGB_JPG_IMPUREZAS\grao_DSC_0238_id13.png,RGB_JPG_IMPUREZAS,RGB_JPG_IMPUREZAS
C:\Users\eduar\Desktop\Soybe-main\data\com_fundo\RGB_JPG_IMPUREZAS\grao_DSC_0238_id132.png,RGB_JPG_IMPUREZAS,RGB_JPG_IMPUREZAS
C:\Users\eduar\Desktop\Soybe-main\data\com_fundo\RGB_JPG_IMPUREZAS\grao_DSC_0238_id133.png,RGB_JPG_IMPUREZAS,RGB_JPG_IMPUREZAS
C:\Users\eduar\Desktop\Soybe-main\data\com_fundo\RGB_JPG_IMPUREZAS\grao_DSC_0238_id134.png,RGB_JPG_IMPUREZAS,RGB_JPG_IMPUREZAS
C:\Users\eduar\Desktop\Soybe-main\data\com_fundo\RGB_JPG_IMPUREZAS\grao_DSC_0238_id136.png,RGB_JPG_IMPUREZAS,RGB_JPG_IMPUREZAS
C:\Users\eduar\Desktop\Soybe-main\data\com_fundo\RGB_JPG_IMPUREZAS\grao_DSC_0238_id139.png,RGB_JPG_IMPUREZAS,RGB_JPG_IMPUREZAS
C:\Users\eduar\Desktop\Soybe-main\data\com_fundo\RGB_JPG_IMPUREZAS\grao_DSC_0238_id142.png,RGB_JPG_IMPUREZAS,RGB_JPG_IMPUREZAS
C:\Users\eduar\Desktop\Soybe-main\data\com_fundo\RGB_JPG_IMPUREZAS\grao_DSC_0238_id144.png,RGB_JPG_IMPUREZAS,RGB_JPG_IMPUREZAS
C:\Users\eduar\Desktop\Soybe-main\data\com_fundo\RGB_JPG_IMPUREZAS\grao_DSC_0238_id146.png,RGB_JPG_IMPUREZAS,RGB_JPG_IMPUREZAS
C:\Users\eduar\Desktop\Soybe-main\data\com_fundo\RGB_JPG_IMPUREZAS\grao_DSC_0238_id148.png,RGB_JPG_IMPUREZAS,RGB_JPG_IMPUREZAS
C:\Users\eduar\Desktop\Soybe-main\data\com_fundo\RGB_JPG_IMPUREZAS\grao_DSC_0238_id149.png,RGB_JPG_IMPUREZAS,RGB_JPG_IMPUREZAS
C:\Users\eduar\Desktop\Soybe-main\data\com_fundo\RGB_JPG_IMPUREZAS\grao_DSC_0238_id15.png,RGB_JPG_IMPUREZAS,RGB_JPG_IMPUREZAS
C:\Users\eduar\Desktop\Soybe-main\data\com_fundo\RGB_JPG_IMPUREZAS\grao_DSC_0238_id150.png,RGB_JPG_IMPUREZAS,RGB_JPG_IMPUREZAS
C:\Users\eduar\Desktop\Soybe-main\data\com_fundo\RGB_JPG_IMPUREZAS\grao_DSC_0238_id151.png,RGB_JPG_IMPUREZAS,RGB_JPG_IMPUREZAS
C:\Users\eduar\Desktop\Soybe-main\data\com_fundo\RGB_JPG_IMPUREZAS\grao_DSC_0238_id153.png,RGB_JPG_IMPUREZAS,RGB_JPG_IMPUREZAS
C:\Users\eduar\Desktop\Soybe-main\data\com_fundo\RGB_JPG_IMPUREZAS\grao_DSC_0238_id154.png,RGB_JPG_IMPUREZAS,RGB_JPG_IMPUREZAS
C:\Users\eduar\Desktop\Soybe-main\data\com_fundo\RGB_JPG_IMPUREZAS\grao_DSC_0238_id155.png,RGB_JPG_IMPUREZAS,RGB_JPG_IMPUREZAS
C:\Users\eduar\Desktop\Soybe-main\data\com_fundo\RGB_JPG_IMPUREZAS\grao_DSC_0238_id157.png,RGB_JPG_IMPUREZAS,RGB_JPG_IMPUREZAS
C:\Users\eduar\Desktop\Soybe-main\data\com_fundo\RGB_JPG_IMPUREZAS\grao_DSC_0238_id158.png,RGB_JPG_IMPUREZAS,RGB_JPG_IMPUREZAS
C:\Users\eduar\Desktop\Soybe-main\data\com_fundo\RGB_JPG_IMPUREZAS\grao_DSC_0238_id159.png,RGB_JPG_IMPUREZAS,RGB_JPG_IMPUREZAS
C:\Users\eduar\Desktop\Soybe-main\data\com_fundo\RGB_JPG_IMPUREZAS\grao_DSC_0238_id160.png,RGB_JPG_IMPUREZAS,RGB_JPG_IMPUREZAS
C:\Users\eduar\Desktop\Soybe-main\data\com_fundo\RGB_JPG_IMPUREZAS\grao_DSC_0238_id161.png,RGB_JPG_IMPUREZAS,RGB_JPG_IMPUREZAS
C:\Users\eduar\Desktop\Soybe-main\data\com_fundo\RGB_JPG_IMPUREZAS\grao_DSC_0238_id162.png,RGB_JPG_IMPUREZAS,RGB_JPG_IMPUREZAS
C:\Users\eduar\Desktop\Soybe-main\data\com_fundo\RGB_JPG_IMPUREZAS\grao_DSC_0238_id163.png,RGB_JPG_IMPUREZAS,RGB_JPG_IMPUREZAS
C:\Users\eduar\Desktop\Soybe-main\data\com_fundo\RGB_JPG_IMPUREZAS\grao_DSC_0238_id167.png,RGB_JPG_IMPUREZAS,RGB_JPG_IMPUREZAS
C:\Users\eduar\Desktop\Soybe-main\data\com_fundo\RGB_JPG_IMPUREZAS\grao_DSC_0238_id168.png,RGB_JPG_IMPUREZAS,RGB_JPG_IMPUREZAS
C:\Users\eduar\Desktop\Soybe-main\data\com_fundo\RGB_JPG_IMPUREZAS\grao_DSC_0238_id172.png,RGB_JPG_IMPUREZAS,RGB_JPG_IMPUREZAS
C:\Users\eduar\Desktop\Soybe-main\data\com_fundo\RGB_JPG_IMPUREZAS\grao_DSC_0238_id173.png,RGB_JPG_IMPUREZAS,RGB_JPG_IMPUREZAS
C:\Users\eduar\Desktop\Soybe-main\data\com_fundo\RGB_JPG_IMPUREZAS\grao_DSC_0238_id180.png,RGB_JPG_IMPUREZAS,RGB_JPG_IMPUREZAS
C:\Users\eduar\Desktop\Soybe-main\data\com_fundo\RGB_JPG_IMPUREZAS\grao_DSC_0238_id181.png,RGB_JPG_IMPUREZAS,RGB_JPG_IMPUREZAS
C:\Users\eduar\Desktop\Soybe-main\data\com_fundo\RGB_JPG_IMPUREZAS\grao_DSC_0238_id183.png,RGB_JPG_IMPUREZAS,RGB_JPG_IMPUREZAS
C:\Users\eduar\Desktop\Soybe-main\data\com_fundo\RGB_JPG_IMPUREZAS\grao_DSC_0238_id184.png,RGB_JPG_IMPUREZAS,RGB_JPG_IMPUREZAS
C:\Users\eduar\Desktop\Soybe-main\data\com_fundo\RGB_JPG_IMPUREZAS\grao_DSC_0238_id185.png,RGB_JPG_IMPUREZAS,RGB_JPG_IMPUREZAS
C:\Users\eduar\Desktop\Soybe-main\data\com_fundo\RGB_JPG_IMPUREZAS\grao_DSC_0238_id186.png,RGB_JPG_IMPUREZAS,RGB_JPG_IMPUREZAS
C:\Users\eduar\Desktop\Soybe-main\data\com_fundo\RGB_JPG_IMPUREZAS\grao_DSC_0238_id188.png,RGB_JPG_IMPUREZAS,RGB_JPG_IMPUREZAS
C:\Users\eduar\Desktop\Soybe-main\data\com_fundo\RGB_JPG_IMPUREZAS\grao_DSC_0238_id189.png,RGB_JPG_IMPUREZAS,RGB_JPG_IMPUREZAS
C:\Users\eduar\Desktop\Soybe-main\data\com_fundo\RGB_JPG_IMPUREZAS\grao_DSC_0238_id190.png,RGB_JPG_IMPUREZAS,RGB_JPG_IMPUREZAS
C:\Users\eduar\Desktop\Soybe-main\data\com_fundo\RGB_JPG_IMPUREZAS\grao_DSC_0238_id192.png,RGB_JPG_IMPUREZAS,RGB_JPG_IMPUREZAS
C:\Users\eduar\Desktop\Soybe-main\data\com_fundo\RGB_JPG_IMPUREZAS\grao_DSC_0238_id193.png,RGB_JPG_IMPUREZAS,RGB_JPG_IMPUREZAS
C:\Users\eduar\Desktop\Soybe-main\data\com_fundo\RGB_JPG_IMPUREZAS\grao_DSC_0238_id194.png,RGB_JPG_IMPUREZAS,RGB_JPG_IMPUREZAS
C:\Users\eduar\Desktop\Soybe-main\data\com_fundo\RGB_JPG_IMPUREZAS\grao_DSC_0238_id195.png,RGB_JPG_IMPUREZAS,RGB_JPG_IMPUREZAS
C:\Users\eduar\Desktop\Soybe-main\data\com_fundo\RGB_JPG_IMPUREZAS\grao_DSC_0238_id197.png,RGB_JPG_IMPUREZAS,RGB_JPG_IMPUREZAS
C:\Users\eduar\Desktop\Soybe-main\data\com_fundo\RGB_JPG_IMPUREZAS\grao_DSC_0238_id198.png,RGB_JPG_IMPUREZAS,RGB_JPG_IMPUREZAS
C:\Users\eduar\Desktop\Soybe-main\data\com_fundo\RGB_JPG_IMPUREZAS\grao_DSC_0238_id2.png,RGB_JPG_IMPUREZAS,RGB_JPG_IMPUREZAS
C:\Users\eduar\Desktop\Soybe-main\data\com_fundo\RGB_JPG_IMPUREZAS\grao_DSC_0238_id201.png,RGB_JPG_IMPUREZAS,RGB_JPG_IMPUREZAS
C:\Users\eduar\Desktop\Soybe-main\data\com_fundo\RGB_JPG_IMPUREZAS\grao_DSC_0238_id205.png,RGB_JPG_IMPUREZAS,RGB_JPG_IMPUREZAS
C:\Users\eduar\Desktop\Soybe-main\data\com_fundo\RGB_JPG_IMPUREZAS\grao_DSC_0238_id207.png,RGB_JPG_IMPUREZAS,RGB_JPG_IMPUREZAS
C:\Users\eduar\Desktop\Soybe-main\data\com_fundo\RGB_JPG_IMPUREZAS\grao_DSC_0238_id21.png,RGB_JPG_IMPUREZAS,RGB_JPG_IMPUREZAS
C:\Users\eduar\Desktop\Soybe-main\data\com_fundo\RGB_JPG_IMPUREZAS\grao_DSC_0238_id212.png,RGB_JPG_IMPUREZAS,RGB_JPG_IMPUREZAS
C:\Users\eduar\Desktop\Soybe-main\data\com_fundo\RGB_JPG_IMPUREZAS\grao_DSC_0238_id214.png,RGB_JPG_IMPUREZAS,RGB_JPG_IMPUREZAS
C:\Users\eduar\Desktop\Soybe-main\data\com_fundo\RGB_JPG_IMPUREZAS\grao_DSC_0238_id215.png,RGB_JPG_IMPUREZAS,RGB_JPG_IMPUREZAS
C:\Users\eduar\Desktop\Soybe-main\data\com_fundo\RGB_JPG_IMPUREZAS\grao_DSC_0238_id218.png,RGB_JPG_IMPUREZAS,RGB_JPG_IMPUREZAS
C:\Users\eduar\Desktop\Soybe-main\data\com_fundo\RGB_JPG_IMPUREZAS\grao_DSC_0238_id219.png,RGB_JPG_IMPUREZAS,RGB_JPG_IMPUREZAS
C:\Users\eduar\Desktop\Soybe-main\data\com_fundo\RGB_JPG_IMPUREZAS\grao_DSC_0238_id22.png,RGB_JPG_IMPUREZAS,RGB_JPG_IMPUREZAS
C:\Users\eduar\Desktop\Soybe-main\data\com_fundo\RGB_JPG_IMPUREZAS\grao_DSC_0238_id220.png,RGB_JPG_IMPUREZAS,RGB_JPG_IMPUREZAS
C:\Users\eduar\Desktop\Soybe-main\data\com_fundo\RGB_JPG_IMPUREZAS\grao_DSC_0238_id221.png,RGB_JPG_IMPUREZAS,RGB_JPG_IMPUREZAS
C:\Users\eduar\Desktop\Soybe-main\data\com_fundo\RGB_JPG_IMPUREZAS\grao_DSC_0238_id222.png,RGB_JPG_IMPUREZAS,RGB_JPG_IMPUREZAS
C:\Users\eduar\Desktop\Soybe-main\data\com_fundo\RGB_JPG_IMPUREZAS\grao_DSC_0238_id223.png,RGB_JPG_IMPUREZAS,RGB_JPG_IMPUREZAS
C:\Users\eduar\Desktop\Soybe-main\data\com_fundo\RGB_JPG_IMPUREZAS\grao_DSC_0238_id224.png,RGB_JPG_IMPUREZAS,RGB_JPG_IMPUREZAS
C:\Users\eduar\Desktop\Soybe-main\data\com_fundo\RGB_JPG_IMPUREZAS\grao_DSC_0238_id225.png,RGB_JPG_IMPUREZAS,RGB_JPG_IMPUREZAS
C:\Users\eduar\Desktop\Soybe-main\data\com_fundo\RGB_JPG_IMPUREZAS\grao_DSC_0238_id226.png,RGB_JPG_IMPUREZAS,RGB_JPG_IMPUREZAS
C:\Users\eduar\Desktop\Soybe-main\data\com_fundo\RGB_JPG_IMPUREZAS\grao_DSC_0238_id228.png,RGB_JPG_IMPUREZAS,RGB_JPG_IMPUREZAS
C:\Users\eduar\Desktop\Soybe-main\data\com_fundo\RGB_JPG_IMPUREZAS\grao_DSC_0238_id23.png,RGB_JPG_IMPUREZAS,RGB_JPG_IMPUREZAS
C:\Users\eduar\Desktop\Soybe-main\data\com_fundo\RGB_JPG_IMPUREZAS\grao_DSC_0238_id230.png,RGB_JPG_IMPUREZAS,RGB_JPG_IMPUREZAS
C:\Users\eduar\Desktop\Soybe-main\data\com_fundo\RGB_JPG_IMPUREZAS\grao_DSC_0238_id232.png,RGB_JPG_IMPUREZAS,RGB_JPG_IMPUREZAS
C:\Users\eduar\Desktop\Soybe-main\data\com_fundo\RGB_JPG_IMPUREZAS\grao_DSC_0238_id235.png,RGB_JPG_IMPUREZAS,RGB_JPG_IMPUREZAS
C:\Users\eduar\Desktop\Soybe-main\data\com_fundo\RGB_JPG_IMPUREZAS\grao_DSC_0238_id239.png,RGB_JPG_IMPUREZAS,RGB_JPG_IMPUREZAS
C:\Users\eduar\Desktop\Soybe-main\data\com_fundo\RGB_JPG_IMPUREZAS\grao_DSC_0238_id24.png,RGB_JPG_IMPUREZAS,RGB_JPG_IMPUREZAS
C:\Users\eduar\Desktop\Soybe-main\data\com_fundo\RGB_JPG_IMPUREZAS\grao_DSC_0238_id240.png,RGB_JPG_IMPUREZAS,RGB_JPG_IMPUREZAS
C:\Users\eduar\Desktop\Soybe-main\data\com_fundo\RGB_JPG_IMPUREZAS\grao_DSC_0238_id241.png,RGB_JPG_IMPUREZAS,RGB_JPG_IMPUREZAS
C:\Users\eduar\Desktop\Soybe-main\data\com_fundo\RGB_JPG_IMPUREZAS\grao_DSC_0238_id243.png,RGB_JPG_IMPUREZAS,RGB_JPG_IMPUREZAS
C:\Users\eduar\Desktop\Soybe-main\data\com_fundo\RGB_JPG_IMPUREZAS\grao_DSC_0238_id247.png,RGB_JPG_IMPUREZAS,RGB_JPG_IMPUREZAS
C:\Users\eduar\Desktop\Soybe-main\data\com_fundo\RGB_JPG_IMPUREZAS\grao_DSC_0238_id248.png,RGB_JPG_IMPUREZAS,RGB_JPG_IMPUREZAS
C:\Users\eduar\Desktop\Soybe-main\data\com_fundo\RGB_JPG_IMPUREZAS\grao_DSC_0238_id249.png,RGB_JPG_IMPUREZAS,RGB_JPG_IMPUREZAS
C:\Users\eduar\Desktop\Soybe-main\data\com_fundo\RGB_JPG_IMPUREZAS\grao_DSC_0238_id25.png,RGB_JPG_IMPUREZAS,RGB_JPG_IMPUREZAS
C:\Users\eduar\Desktop\Soybe-main\data\com_fundo\RGB_JPG_IMPUREZAS\grao_DSC_0238_id250.png,RGB_JPG_IMPUREZAS,RGB_JPG_IMPUREZAS
C:\Users\eduar\Desktop\Soybe-main\data\com_fundo\RGB_JPG_IMPUREZAS\grao_DSC_0238_id251.png,RGB_JPG_IMPUREZAS,RGB_JPG_IMPUREZAS
C:\Users\eduar\Desktop\Soybe-main\data\com_fundo\RGB_JPG_IMPUREZAS\grao_DSC_0238_id252.png,RGB_JPG_IMPUREZAS,RGB_JPG_IMPUREZAS
C:\Users\eduar\Desktop\Soybe-main\data\com_fundo\RGB_JPG_IMPUREZAS\grao_DSC_0238_id253.png,RGB_JPG_IMPUREZAS,RGB_JPG_IMPUREZAS
C:\Users\eduar\Desktop\Soybe-main\data\com_fundo\RGB_JPG_IMPUREZAS\grao_DSC_0238_id254.png,RGB_JPG_IMPUREZAS,RGB_JPG_IMPUREZAS
C:\Users\eduar\Desktop\Soybe-main\data\com_fundo\RGB_JPG_IMPUREZAS\grao_DSC_0238_id255.png,RGB_JPG_IMPUREZAS,RGB_JPG_IMPUREZAS
C:\Users\eduar\Desktop\Soybe-main\data\com_fundo\RGB_JPG_IMPUREZAS\grao_DSC_0238_id256.png,RGB_JPG_IMPUREZAS,RGB_JPG_IMPUREZAS
C:\Users\eduar\Desktop\Soybe-main\data\com_fundo\RGB_JPG_IMPUREZAS\grao_DSC_0238_id257.png,RGB_JPG_IMPUREZAS,RGB_JPG_IMPUREZAS
C:\Users\eduar\Desktop\Soybe-main\data\com_fundo\RGB_JPG_IMPUREZAS\grao_DSC_0238_id258.png,RGB_JPG_IMPUREZAS,RGB_JPG_IMPUREZAS
C:\Users\eduar\Desktop\Soybe-main\data\com_fundo\RGB_JPG_IMPUREZAS\grao_DSC_0238_id26.png,RGB_JPG_IMPUREZAS,RGB_JPG_IMPUREZAS
C:\Users\eduar\Desktop\Soybe-main\data\com_fundo\RGB_JPG_IMPUREZAS\grao_DSC_0238_id260.png,RGB_JPG_IMPUREZAS,RGB_JPG_IMPUREZAS
C:\Users\eduar\Desktop\Soybe-main\data\com_fundo\RGB_JPG_IMPUREZAS\grao_DSC_0238_id264.png,RGB_JPG_IMPUREZAS,RGB_JPG_IMPUREZAS
C:\Users\eduar\Desktop\Soybe-main\data\com_fundo\RGB_JPG_IMPUREZAS\grao_DSC_0238_id266.png,RGB_JPG_IMPUREZAS,RGB_JPG_IMPUREZAS
C:\Users\eduar\Desktop\Soybe-main\data\com_fundo\RGB_JPG_IMPUREZAS\grao_DSC_0238_id27.png,RGB_JPG_IMPUREZAS,RGB_JPG_IMPUREZAS
C:\Users\eduar\Desktop\Soybe-main\data\com_fundo\RGB_JPG_IMPUREZAS\grao_DSC_0238_id275.png,RGB_JPG_IMPUREZAS,RGB_JPG_IMPUREZAS
C:\Users\eduar\Desktop\Soybe-main\data\com_fundo\RGB_JPG_IMPUREZAS\grao_DSC_0238_id28.png,RGB_JPG_IMPUREZAS,RGB_JPG_IMPUREZAS
C:\Users\eduar\Desktop\Soybe-main\data\com_fundo\RGB_JPG_IMPUREZAS\grao_DSC_0238_id29.png,RGB_JPG_IMPUREZAS,RGB_JPG_IMPUREZAS
C:\Users\eduar\Desktop\Soybe-main\data\com_fundo\RGB_JPG_IMPUREZAS\grao_DSC_0238_id3.png,RGB_JPG_IMPUREZAS,RGB_JPG_IMPUREZAS
C:\Users\eduar\Desktop\Soybe-main\data\com_fundo\RGB_JPG_IMPUREZAS\grao_DSC_0238_id30.png,RGB_JPG_IMPUREZAS,RGB_JPG_IMPUREZAS
C:\Users\eduar\Desktop\Soybe-main\data\com_fundo\RGB_JPG_IMPUREZAS\grao_DSC_0238_id31.png,RGB_JPG_IMPUREZAS,RGB_JPG_IMPUREZAS
C:\Users\eduar\Desktop\Soybe-main\data\com_fundo\RGB_JPG_IMPUREZAS\grao_DSC_0238_id32.png,RGB_JPG_IMPUREZAS,RGB_JPG_IMPUREZAS
C:\Users\eduar\Desktop\Soybe-main\data\com_fundo\RGB_JPG_IMPUREZAS\grao_DSC_0238_id33.png,RGB_JPG_IMPUREZAS,RGB_JPG_IMPUREZAS
C:\Users\eduar\Desktop\Soybe-main\data\com_fundo\RGB_JPG_IMPUREZAS\grao_DSC_0238_id34.png,RGB_JPG_IMPUREZAS,RGB_JPG_IMPUREZAS
C:\Users\eduar\Desktop\Soybe-main\data\com_fundo\RGB_JPG_IMPUREZAS\grao_DSC_0238_id37.png,RGB_JPG_IMPUREZAS,RGB_JPG_IMPUREZAS
C:\Users\eduar\Desktop\Soybe-main\data\com_fundo\RGB_JPG_IMPUREZAS\grao_DSC_0238_id4.png,RGB_JPG_IMPUREZAS,RGB_JPG_IMPUREZAS
C:\Users\eduar\Desktop\Soybe-main\data\com_fundo\RGB_JPG_IMPUREZAS\grao_DSC_0238_id48.png,RGB_JPG_IMPUREZAS,RGB_JPG_IMPUREZAS
C:\Users\eduar\Desktop\Soybe-main\data\com_fundo\RGB_JPG_IMPUREZAS\grao_DSC_0238_id49.png,RGB_JPG_IMPUREZAS,RGB_JPG_IMPUREZAS
C:\Users\eduar\Desktop\Soybe-main\data\com_fundo\RGB_JPG_IMPUREZAS\grao_DSC_0238_id51.png,RGB_JPG_IMPUREZAS,RGB_JPG_IMPUREZAS
C:\Users\eduar\Desktop\Soybe-main\data\com_fundo\RGB_JPG_IMPUREZAS\grao_DSC_0238_id52.png,RGB_JPG_IMPUREZAS,RGB_JPG_IMPUREZAS
C:\Users\eduar\Desktop\Soybe-main\data\com_fundo\RGB_JPG_IMPUREZAS\grao_DSC_0238_id53.png,RGB_JPG_IMPUREZAS,RGB_JPG_IMPUREZAS
C:\Users\eduar\Desktop\Soybe-main\data\com_fundo\RGB_JPG_IMPUREZAS\grao_DSC_0238_id54.png,RGB_JPG_IMPUREZAS,RGB_JPG_IMPUREZAS
C:\Users\eduar\Desktop\Soybe-main\data\com_fundo\RGB_JPG_IMPUREZAS\grao_DSC_0238_id55.png,RGB_JPG_IMPUREZAS,RGB_JPG_IMPUREZAS
C:\Users\eduar\Desktop\Soybe-main\data\com_fundo\RGB_JPG_IMPUREZAS\grao_DSC_0238_id56.png,RGB_JPG_IMPUREZAS,RGB_JPG_IMPUREZAS
C:\Users\eduar\Desktop\Soybe-main\data\com_fundo\RGB_JPG_IMPUREZAS\grao_DSC_0238_id57.png,RGB_JPG_IMPUREZAS,RGB_JPG_IMPUREZAS
C:\Users\eduar\Desktop\Soybe-main\data\com_fundo\RGB_JPG_IMPUREZAS\grao_DSC_0238_id6.png,RGB_JPG_IMPUREZAS,RGB_JPG_IMPUREZAS
C:\Users\eduar\Desktop\Soybe-main\data\com_fundo\RGB_JPG_IMPUREZAS\grao_DSC_0238_id61.png,RGB_JPG_IMPUREZAS,RGB_JPG_IMPUREZAS
C:\Users\eduar\Desktop\Soybe-main\data\com_fundo\RGB_JPG_IMPUREZAS\grao_DSC_0238_id62.png,RGB_JPG_IMPUREZAS,RGB_JPG_IMPUREZAS
C:\Users\eduar\Desktop\Soybe-main\data\com_fundo\RGB_JPG_IMPUREZAS\grao_DSC_0238_id68.png,RGB_JPG_IMPUREZAS,RGB_JPG_IMPUREZAS
C:\Users\eduar\Desktop\Soybe-main\data\com_fundo\RGB_JPG_IMPUREZAS\grao_DSC_0238_id7.png,RGB_JPG_IMPUREZAS,RGB_JPG_IMPUREZAS
C:\Users\eduar\Desktop\Soybe-main\data\com_fundo\RGB_JPG_IMPUREZAS\grao_DSC_0238_id74.png,RGB_JPG_IMPUREZAS,RGB_JPG_IMPUREZAS
C:\Users\eduar\Desktop\Soybe-main\data\com_fundo\RGB_JPG_IMPUREZAS\grao_DSC_0238_id77.png,RGB_JPG_IMPUREZAS,RGB_JPG_IMPUREZAS
C:\Users\eduar\Desktop\Soybe-main\data\com_fundo\RGB_JPG_IMPUREZAS\grao_DSC_0238_id78.png,RGB_JPG_IMPUREZAS,RGB_JPG_IMPUREZAS
C:\Users\eduar\Desktop\Soybe-main\data\com_fundo\RGB_JPG_IMPUREZAS\grao_DSC_0238_id79.png,RGB_JPG_IMPUREZAS,RGB_JPG_IMPUREZAS
C:\Users\eduar\Desktop\Soybe-main\data\com_fundo\RGB_JPG_IMPUREZAS\grao_DSC_0238_id80.png,RGB_JPG_IMPUREZAS,RGB_JPG_IMPUREZAS
C:\Users\eduar\Desktop\Soybe-main\data\com_fundo\RGB_JPG_IMPUREZAS\grao_DSC_0238_id81.png,RGB_JPG_IMPUREZAS,RGB_JPG_IMPUREZAS
C:\Users\eduar\Desktop\Soybe-main\data\com_fundo\RGB_JPG_IMPUREZAS\grao_DSC_0238_id82.png,RGB_JPG_IMPUREZAS,RGB_JPG_IMPUREZAS
C:\Users\eduar\Desktop\Soybe-main\data\com_fundo\RGB_JPG_IMPUREZAS\grao_DSC_0238_id83.png,RGB_JPG_IMPUREZAS,RGB_JPG_IMPUREZAS
C:\Users\eduar\Desktop\Soybe-main\data\com_fundo\RGB_JPG_IMPUREZAS\grao_DSC_0238_id84.png,RGB_JPG_IMPUREZAS,RGB_JPG_IMPUREZAS
C:\Users\eduar\Desktop\Soybe-main\data\com_fundo\RGB_JPG_IMPUREZAS\grao_DSC_0238_id86.png,RGB_JPG_IMPUREZAS,RGB_JPG_IMPUREZAS
C:\Users\eduar\Desktop\Soybe-main\data\com_fundo\RGB_JPG_IMPUREZAS\grao_DSC_0238_id89.png,RGB_JPG_IMPUREZAS,RGB_JPG_IMPUREZAS
C:\Users\eduar\Desktop\Soybe-main\data\com_fundo\RGB_JPG_IMPUREZAS\grao_DSC_0238_id90.png,RGB_JPG_IMPUREZAS,RGB_JPG_IMPUREZAS
C:\Users\eduar\Desktop\Soybe-main\data\com_fundo\RGB_JPG_IMPUREZAS\grao_DSC_0238_id91.png,RGB_JPG_IMPUREZAS,RGB_JPG_IMPUREZAS
C:\Users\eduar\Desktop\Soybe-main\data\com_fundo\RGB_JPG_IMPUREZAS\grao_DSC_0238_id92.png,RGB_JPG_IMPUREZAS,RGB_JPG_IMPUREZAS
C:\Users\eduar\Desktop\Soybe-main\data\com_fundo\RGB_JPG_IMPUREZAS\grao_DSC_0238_id93.png,RGB_JPG_IMPUREZAS,RGB_JPG_IMPUREZAS
C:\Users\eduar\Desktop\Soybe-main\data\com_fundo\RGB_JPG_IMPUREZAS\grao_DSC_0238_id96.png,RGB_JPG_IMPUREZAS,RGB_JPG_IMPUREZAS
C:\Users\eduar\Desktop\Soybe-main\data\com_fundo\RGB_JPG_IMPUREZAS\grao_DSC_0246_id1.png,RGB_JPG_IMPUREZAS,RGB_JPG_IMPUREZAS
C:\Users\eduar\Desktop\Soybe-main\data\com_fundo\RGB_JPG_IMPUREZAS\grao_DSC_0246_id102.png,RGB_JPG_IMPUREZAS,RGB_JPG_IMPUREZAS
C:\Users\eduar\Desktop\Soybe-main\data\com_fundo\RGB_JPG_IMPUREZAS\grao_DSC_0246_id104.png,RGB_JPG_IMPUREZAS,RGB_JPG_IMPUREZAS
C:\Users\eduar\Desktop\Soybe-main\data\com_fundo\RGB_JPG_IMPUREZAS\grao_DSC_0246_id106.png,RGB_JPG_IMPUREZAS,RGB_JPG_IMPUREZAS
C:\Users\eduar\Desktop\Soybe-main\data\com_fundo\RGB_JPG_IMPUREZAS\grao_DSC_0246_id113.png,RGB_JPG_IMPUREZAS,RGB_JPG_IMPUREZAS
C:\Users\eduar\Desktop\Soybe-main\data\com_fundo\RGB_JPG_IMPUREZAS\grao_DSC_0246_id114.png,RGB_JPG_IMPUREZAS,RGB_JPG_IMPUREZAS
C:\Users\eduar\Desktop\Soybe-main\data\com_fundo\RGB_JPG_IMPUREZAS\grao_DSC_0246_id115.png,RGB_JPG_IMPUREZAS,RGB_JPG_IMPUREZAS
C:\Users\eduar\Desktop\Soybe-main\data\com_fundo\RGB_JPG_IMPUREZAS\grao_DSC_0246_id116.png,RGB_JPG_IMPUREZAS,RGB_JPG_IMPUREZAS
C:\Users\eduar\Desktop\Soybe-main\data\com_fundo\RGB_JPG_IMPUREZAS\grao_DSC_0246_id117.png,RGB_JPG_IMPUREZAS,RGB_JPG_IMPUREZAS
C:\Users\eduar\Desktop\Soybe-main\data\com_fundo\RGB_JPG_IMPUREZAS\grao_DSC_0246_id118.png,RGB_JPG_IMPUREZAS,RGB_JPG_IMPUREZAS
C:\Users\eduar\Desktop\Soybe-main\data\com_fundo\RGB_JPG_IMPUREZAS\grao_DSC_0246_id119.png,RGB_JPG_IMPUREZAS,RGB_JPG_IMPUREZAS
C:\Users\eduar\Desktop\Soybe-main\data\com_fundo\RGB_JPG_IMPUREZAS\grao_DSC_0246_id120.png,RGB_JPG_IMPUREZAS,RGB_JPG_IMPUREZAS
C:\Users\eduar\Desktop\Soybe-main\data\com_fundo\RGB_JPG_IMPUREZAS\grao_DSC_0246_id121.png,RGB_JPG_IMPUREZAS,RGB_JPG_IMPUREZAS
C:\Users\eduar\Desktop\Soybe-main\data\com_fundo\RGB_JPG_IMPUREZAS\grao_DSC_0246_id124.png,RGB_JPG_IMPUREZAS,RGB_JPG_IMPUREZAS
C:\Users\eduar\Desktop\Soybe-main\data\com_fundo\RGB_JPG_IMPUREZAS\grao_DSC_0246_id128.png,RGB_JPG_IMPUREZAS,RGB_JPG_IMPUREZAS
C:\Users\eduar\Desktop\Soybe-main\data\com_fundo\RGB_JPG_IMPUREZAS\grao_DSC_0246_id133.png,RGB_JPG_IMPUREZAS,RGB_JPG_IMPUREZAS
C:\Users\eduar\Desktop\Soybe-main\data\com_fundo\RGB_JPG_IMPUREZAS\grao_DSC_0246_id135.png,RGB_JPG_IMPUREZAS,RGB_JPG_IMPUREZAS
C:\Users\eduar\Desktop\Soybe-main\data\com_fundo\RGB_JPG_IMPUREZAS\grao_DSC_0246_id137.png,RGB_JPG_IMPUREZAS,RGB_JPG_IMPUREZAS
C:\Users\eduar\Desktop\Soybe-main\data\com_fundo\RGB_JPG_IMPUREZAS\grao_DSC_0246_id138.png,RGB_JPG_IMPUREZAS,RGB_JPG_IMPUREZAS
C:\Users\eduar\Desktop\Soybe-main\data\com_fundo\RGB_JPG_IMPUREZAS\grao_DSC_0246_id139.png,RGB_JPG_IMPUREZAS,RGB_JPG_IMPUREZAS
C:\Users\eduar\Desktop\Soybe-main\data\com_fundo\RGB_JPG_IMPUREZAS\grao_DSC_0246_id14.png,RGB_JPG_IMPUREZAS,RGB_JPG_IMPUREZAS
C:\Users\eduar\Desktop\Soybe-main\data\com_fundo\RGB_JPG_IMPUREZAS\grao_DSC_0246_id140.png,RGB_JPG_IMPUREZAS,RGB_JPG_IMPUREZAS
C:\Users\eduar\Desktop\Soybe-main\data\com_fundo\RGB_JPG_IMPUREZAS\grao_DSC_0246_id142.png,RGB_JPG_IMPUREZAS,RGB_JPG_IMPUREZAS
C:\Users\eduar\Desktop\Soybe-main\data\com_fundo\RGB_JPG_IMPUREZAS\grao_DSC_0246_id143.png,RGB_JPG_IMPUREZAS,RGB_JPG_QUEBRADOS
C:\Users\eduar\Desktop\Soybe-main\data\com_fundo\RGB_JPG_IMPUREZAS\grao_DSC_0246_id144.png,RGB_JPG_IMPUREZAS,RGB_JPG_IMPUREZAS
C:\Users\eduar\Desktop\Soybe-main\data\com_fundo\RGB_JPG_IMPUREZAS\grao_DSC_0246_id145.png,RGB_JPG_IMPUREZAS,RGB_JPG_IMPUREZAS
C:\Users\eduar\Desktop\Soybe-main\data\com_fundo\RGB_JPG_IMPUREZAS\grao_DSC_0246_id146.png,RGB_JPG_IMPUREZAS,RGB_JPG_IMPUREZAS
C:\Users\eduar\Desktop\Soybe-main\data\com_fundo\RGB_JPG_IMPUREZAS\grao_DSC_0246_id147.png,RGB_JPG_IMPUREZAS,RGB_JPG_IMPUREZAS
C:\Users\eduar\Desktop\Soybe-main\data\com_fundo\RGB_JPG_IMPUREZAS\grao_DSC_0246_id149.png,RGB_JPG_IMPUREZAS,RGB_JPG_IMPUREZAS
C:\Users\eduar\Desktop\Soybe-main\data\com_fundo\RGB_JPG_IMPUREZAS\grao_DSC_0246_id15.png,RGB_JPG_IMPUREZAS,RGB_JPG_IMPUREZAS
C:\Users\eduar\Desktop\Soybe-main\data\com_fundo\RGB_JPG_IMPUREZAS\grao_DSC_0246_id150.png,RGB_JPG_IMPUREZAS,RGB_JPG_IMPUREZAS
C:\Users\eduar\Desktop\Soybe-main\data\com_fundo\RGB_JPG_IMPUREZAS\grao_DSC_0246_id152.png,RGB_JPG_IMPUREZAS,RGB_JPG_IMPUREZAS
C:\Users\eduar\Desktop\Soybe-main\data\com_fundo\RGB_JPG_IMPUREZAS\grao_DSC_0246_id153.png,RGB_JPG_IMPUREZAS,RGB_JPG_IMPUREZAS
C:\Users\eduar\Desktop\Soybe-main\data\com_fundo\RGB_JPG_IMPUREZAS\grao_DSC_0246_id154.png,RGB_JPG_IMPUREZAS,RGB_JPG_IMPUREZAS
C:\Users\eduar\Desktop\Soybe-main\data\com_fundo\RGB_JPG_IMPUREZAS\grao_DSC_0246_id155.png,RGB_JPG_IMPUREZAS,RGB_JPG_IMPUREZAS
C:\Users\eduar\Desktop\Soybe-main\data\com_fundo\RGB_JPG_IMPUREZAS\grao_DSC_0246_id156.png,RGB_JPG_IMPUREZAS,RGB_JPG_IMPUREZAS
C:\Users\eduar\Desktop\Soybe-main\data\com_fundo\RGB_JPG_IMPUREZAS\grao_DSC_0246_id158.png,RGB_JPG_IMPUREZAS,RGB_JPG_IMPUREZAS
C:\Users\eduar\Desktop\Soybe-main\data\com_fundo\RGB_JPG_IMPUREZAS\grao_DSC_0246_id159.png,RGB_JPG_IMPUREZAS,RGB_JPG_IMPUREZAS
C:\Users\eduar\Desktop\Soybe-main\data\com_fundo\RGB_JPG_IMPUREZAS\grao_DSC_0246_id162.png,RGB_JPG_IMPUREZAS,RGB_JPG_IMPUREZAS
C:\Users\eduar\Desktop\Soybe-main\data\com_fundo\RGB_JPG_IMPUREZAS\grao_DSC_0246_id165.png,RGB_JPG_IMPUREZAS,RGB_JPG_IMPUREZAS
C:\Users\eduar\Desktop\Soybe-main\data\com_fundo\RGB_JPG_IMPUREZAS\grao_DSC_0246_id166.png,RGB_JPG_IMPUREZAS,RGB_JPG_IMPUREZAS
C:\Users\eduar\Desktop\Soybe-main\data\com_fundo\RGB_JPG_IMPUREZAS\grao_DSC_0246_id168.png,RGB_JPG_IMPUREZAS,RGB_JPG_IMPUREZAS
C:\Users\eduar\Desktop\Soybe-main\data\com_fundo\RGB_JPG_IMPUREZAS\grao_DSC_0246_id171.png,RGB_JPG_IMPUREZAS,RGB_JPG_IMPUREZAS
C:\Users\eduar\Desktop\Soybe-main\data\com_fundo\RGB_JPG_IMPUREZAS\grao_DSC_0246_id172.png,RGB_JPG_IMPUREZAS,RGB_JPG_IMPUREZAS
C:\Users\eduar\Desktop\Soybe-main\data\com_fundo\RGB_JPG_IMPUREZAS\grao_DSC_0246_id173.png,RGB_JPG_IMPUREZAS,RGB_JPG_IMPUREZAS
C:\Users\eduar\Desktop\Soybe-main\data\com_fundo\RGB_JPG_IMPUREZAS\grao_DSC_0246_id174.png,RGB_JPG_IMPUREZAS,RGB_JPG_IMPUREZAS
C:\Users\eduar\Desktop\Soybe-main\data\com_fundo\RGB_JPG_IMPUREZAS\grao_DSC_0246_id175.png,RGB_JPG_IMPUREZAS,RGB_JPG_IMPUREZAS
C:\Users\eduar\Desktop\Soybe-main\data\com_fundo\RGB_JPG_IMPUREZAS\grao_DSC_0246_id176.png,RGB_JPG_IMPUREZAS,RGB_JPG_IMPUREZAS
C:\Users\eduar\Desktop\Soybe-main\data\com_fundo\RGB_JPG_IMPUREZAS\grao_DSC_0246_id177.png,RGB_JPG_IMPUREZAS,RGB_JPG_IMPUREZAS
C:\Users\eduar\Desktop\Soybe-main\data\com_fundo\RGB_JPG_IMPUREZAS\grao_DSC_0246_id178.png,RGB_JPG_IMPUREZAS,RGB_JPG_IMPUREZAS
C:\Users\eduar\Desktop\Soybe-main\data\com_fundo\RGB_JPG_IMPUREZAS\grao_DSC_0246_id18.png,RGB_JPG_IMPUREZAS,RGB_JPG_IMPUREZAS
C:\Users\eduar\Desktop\Soybe-main\data\com_fundo\RGB_JPG_IMPUREZAS\grao_DSC_0246_id181.png,RGB_JPG_IMPUREZAS,RGB_JPG_IMPUREZAS
C:\Users\eduar\Desktop\Soybe-main\data\com_fundo\RGB_JPG_IMPUREZAS\grao_DSC_0246_id183.png,RGB_JPG_IMPUREZAS,RGB_JPG_IMPUREZAS
C:\Users\eduar\Desktop\Soybe-main\data\com_fundo\RGB_JPG_IMPUREZAS\grao_DSC_0246_id186.png,RGB_JPG_IMPUREZAS,RGB_JPG_IMPUREZAS
C:\Users\eduar\Desktop\Soybe-main\data\com_fundo\RGB_JPG_IMPUREZAS\grao_DSC_0246_id187.png,RGB_JPG_IMPUREZAS,RGB_JPG_IMPUREZAS
C:\Users\eduar\Desktop\Soybe-main\data\com_fundo\RGB_JPG_IMPUREZAS\grao_DSC_0246_id189.png,RGB_JPG_IMPUREZAS,RGB_JPG_IMPUREZAS
C:\Users\eduar\Desktop\Soybe-main\data\com_fundo\RGB_JPG_IMPUREZAS\grao_DSC_0246_id190.png,RGB_JPG_IMPUREZAS,RGB_JPG_IMPUREZAS
C:\Users\eduar\Desktop\Soybe-main\data\com_fundo\RGB_JPG_IMPUREZAS\grao_DSC_0246_id192.png,RGB_JPG_IMPUREZAS,RGB_JPG_IMPUREZAS
C:\Users\eduar\Desktop\Soybe-main\data\com_fundo\RGB_JPG_IMPUREZAS\grao_DSC_0246_id194.png,RGB_JPG_IMPUREZAS,RGB_JPG_IMPUREZAS
C:\Users\eduar\Desktop\Soybe-main\data\com_fundo\RGB_JPG_IMPUREZAS\grao_DSC_0246_id195.png,RGB_JPG_IMPUREZAS,RGB_JPG_IMPUREZAS
C:\Users\eduar\Desktop\Soybe-main\data\com_fundo\RGB_JPG_IMPUREZAS\grao_DSC_0246_id196.png,RGB_JPG_IMPUREZAS,RGB_JPG_IMPUREZAS
C:\Users\eduar\Desktop\Soybe-main\data\com_fundo\RGB_JPG_IMPUREZAS\grao_DSC_0246_id197.png,RGB_JPG_IMPUREZAS,RGB_JPG_IMPUREZAS
C:\Users\eduar\Desktop\Soybe-main\data\com_fundo\RGB_JPG_IMPUREZAS\grao_DSC_0246_id198.png,RGB_JPG_IMPUREZAS,RGB_JPG_IMPUREZAS
C:\Users\eduar\Desktop\Soybe-main\data\com_fundo\RGB_JPG_IMPUREZAS\grao_DSC_0246_id199.png,RGB_JPG_IMPUREZAS,RGB_JPG_IMPUREZAS
C:\Users\eduar\Desktop\Soybe-main\data\com_fundo\RGB_JPG_IMPUREZAS\grao_DSC_0246_id20.png,RGB_JPG_IMPUREZAS,RGB_JPG_IMPUREZAS
C:\Users\eduar\Desktop\Soybe-main\data\com_fundo\RGB_JPG_IMPUREZAS\grao_DSC_0246_id200.png,RGB_JPG_IMPUREZAS,RGB_JPG_IMPUREZAS
C:\Users\eduar\Desktop\Soybe-main\data\com_fundo\RGB_JPG_IMPUREZAS\grao_DSC_0246_id202.png,RGB_JPG_IMPUREZAS,RGB_JPG_IMPUREZAS
C:\Users\eduar\Desktop\Soybe-main\data\com_fundo\RGB_JPG_IMPUREZAS\grao_DSC_0246_id205.png,RGB_JPG_IMPUREZAS,RGB_JPG_IMPUREZAS
C:\Users\eduar\Desktop\Soybe-main\data\com_fundo\RGB_JPG_IMPUREZAS\grao_DSC_0246_id206.png,RGB_JPG_IMPUREZAS,RGB_JPG_IMPUREZAS
C:\Users\eduar\Desktop\Soybe-main\data\com_fundo\RGB_JPG_IMPUREZAS\grao_DSC_0246_id207.png,RGB_JPG_IMPUREZAS,RGB_JPG_IMPUREZAS
C:\Users\eduar\Desktop\Soybe-main\data\com_fundo\RGB_JPG_IMPUREZAS\grao_DSC_0246_id21.png,RGB_JPG_IMPUREZAS,RGB_JPG_IMPUREZAS
C:\Users\eduar\Desktop\Soybe-main\data\com_fundo\RGB_JPG_IMPUREZAS\grao_DSC_0246_id211.png,RGB_JPG_IMPUREZAS,RGB_JPG_IMPUREZAS
C:\Users\eduar\Desktop\Soybe-main\data\com_fundo\RGB_JPG_IMPUREZAS\grao_DSC_0246_id214.png,RGB_JPG_IMPUREZAS,RGB_JPG_IMPUREZAS
C:\Users\eduar\Desktop\Soybe-main\data\com_fundo\RGB_JPG_IMPUREZAS\grao_DSC_0246_id215.png,RGB_JPG_IMPUREZAS,RGB_JPG_IMPUREZAS
C:\Users\eduar\Desktop\Soybe-main\data\com_fundo\RGB_JPG_IMPUREZAS\grao_DSC_0246_id216.png,RGB_JPG_IMPUREZAS,RGB_JPG_IMPUREZAS
C:\Users\eduar\Desktop\Soybe-main\data\com_fundo\RGB_JPG_IMPUREZAS\grao_DSC_0246_id217.png,RGB_JPG_IMPUREZAS,RGB_JPG_IMPUREZAS
C:\Users\eduar\Desktop\Soybe-main\data\com_fundo\RGB_JPG_IMPUREZAS\grao_DSC_0246_id218.png,RGB_JPG_IMPUREZAS,RGB_JPG_IMPUREZAS
C:\Users\eduar\Desktop\Soybe-main\data\com_fundo\RGB_JPG_IMPUREZAS\grao_DSC_0246_id22.png,RGB_JPG_IMPUREZAS,RGB_JPG_IMPUREZAS
C:\Users\eduar\Desktop\Soybe-main\data\com_fundo\RGB_JPG_IMPUREZAS\grao_DSC_0246_id223.png,RGB_JPG_IMPUREZAS,RGB_JPG_IMPUREZAS
C:\Users\eduar\Desktop\Soybe-main\data\com_fundo\RGB_JPG_IMPUREZAS\grao_DSC_0246_id224.png,RGB_JPG_IMPUREZAS,RGB_JPG_IMPUREZAS
C:\Users\eduar\Desktop\Soybe-main\data\com_fundo\RGB_JPG_IMPUREZAS\grao_DSC_0246_id227.png,RGB_JPG_IMPUREZAS,RGB_JPG_IMPUREZAS
C:\Users\eduar\Desktop\Soybe-main\data\com_fundo\RGB_JPG_IMPUREZAS\grao_DSC_0246_id228.png,RGB_JPG_IMPUREZAS,RGB_JPG_IMPUREZAS
C:\Users\eduar\Desktop\Soybe-main\data\com_fundo\RGB_JPG_IMPUREZAS\grao_DSC_0246_id23.png,RGB_JPG_IMPUREZAS,RGB_JPG_IMPUREZAS
C:\Users\eduar\Desktop\Soybe-main\data\com_fundo\RGB_JPG_IMPUREZAS\grao_DSC_0246_id231.png,RGB_JPG_IMPUREZAS,RGB_JPG_IMPUREZAS
C:\Users\eduar\Desktop\Soybe-main\data\com_fundo\RGB_JPG_IMPUREZAS\grao_DSC_0246_id233.png,RGB_JPG_IMPUREZAS,RGB_JPG_IMPUREZAS
C:\Users\eduar\Desktop\Soybe-main\data\com_fundo\RGB_JPG_IMPUREZAS\grao_DSC_0246_id234.png,RGB_JPG_IMPUREZAS,RGB_JPG_IMPUREZAS
C:\Users\eduar\Desktop\Soybe-main\data\com_fundo\RGB_JPG_IMPUREZAS\grao_DSC_0246_id235.png,RGB_JPG_IMPUREZAS,RGB_JPG_IMPUREZAS
C:\Users\eduar\Desktop\Soybe-main\data\com_fundo\RGB_JPG_IMPUREZAS\grao_DSC_0246_id236.png,RGB_JPG_IMPUREZAS,RGB_JPG_IMPUREZAS
C:\Users\eduar\Desktop\Soybe-main\data\com_fundo\RGB_JPG_IMPUREZAS\grao_DSC_0246_id237.png,RGB_JPG_IMPUREZAS,RGB_JPG_IMPUREZAS
C:\Users\eduar\Desktop\Soybe-main\data\com_fundo\RGB_JPG_IMPUREZAS\grao_DSC_0246_id24.png,RGB_JPG_IMPUREZAS,RGB_JPG_IMPUREZAS
C:\Users\eduar\Desktop\Soybe-main\data\com_fundo\RGB_JPG_IMPUREZAS\grao_DSC_0246_id242.png,RGB_JPG_IMPUREZAS,RGB_JPG_IMPUREZAS
C:\Users\eduar\Desktop\Soybe-main\data\com_fundo\RGB_JPG_IMPUREZAS\grao_DSC_0246_id245.png,RGB_JPG_IMPUREZAS,RGB_JPG_IMPUREZAS
C:\Users\eduar\Desktop\Soybe-main\data\com_fundo\RGB_JPG_IMPUREZAS\grao_DSC_0246_id246.png,RGB_JPG_IMPUREZAS,RGB_JPG_IMPUREZAS
C:\Users\eduar\Desktop\Soybe-main\data\com_fundo\RGB_JPG_IMPUREZAS\grao_DSC_0246_id248.png,RGB_JPG_IMPUREZAS,RGB_JPG_IMPUREZAS
C:\Users\eduar\Desktop\Soybe-main\data\com_fundo\RGB_JPG_IMPUREZAS\grao_DSC_0246_id25.png,RGB_JPG_IMPUREZAS,RGB_JPG_IMPUREZAS
C:\Users\eduar\Desktop\Soybe-main\data\com_fundo\RGB_JPG_IMPUREZAS\grao_DSC_0246_id251.png,RGB_JPG_IMPUREZAS,RGB_JPG_IMPUREZAS
C:\Users\eduar\Desktop\Soybe-main\data\com_fundo\RGB_JPG_IMPUREZAS\grao_DSC_0246_id252.png,RGB_JPG_IMPUREZAS,RGB_JPG_IMPUREZAS
C:\Users\eduar\Desktop\Soybe-main\data\com_fundo\RGB_JPG_IMPUREZAS\grao_DSC_0246_id255.png,RGB_JPG_IMPUREZAS,RGB_JPG_IMPUREZAS
C:\Users\eduar\Desktop\Soybe-main\data\com_fundo\RGB_JPG_IMPUREZAS\grao_DSC_0246_id257.png,RGB_JPG_IMPUREZAS,RGB_JPG_IMPUREZAS
C:\Users\eduar\Desktop\Soybe-main\data\com_fundo\RGB_JPG_IMPUREZAS\grao_DSC_0246_id260.png,RGB_JPG_IMPUREZAS,RGB_JPG_IMPUREZAS
C:\Users\eduar\Desktop\Soybe-main\data\com_fundo\RGB_JPG_IMPUREZAS\grao_DSC_0246_id262.png,RGB_JPG_IMPUREZAS,RGB_JPG_IMPUREZAS
C:\Users\eduar\Desktop\Soybe-main\data\com_fundo\RGB_JPG_IMPUREZAS\grao_DSC_0246_id263.png,RGB_JPG_IMPUREZAS,RGB_JPG_IMPUREZAS
C:\Users\eduar\Desktop\Soybe-main\data\com_fundo\RGB_JPG_IMPUREZAS\grao_DSC_0246_id264.png,RGB_JPG_IMPUREZAS,RGB_JPG_IMPUREZAS
C:\Users\eduar\Desktop\Soybe-main\data\com_fundo\RGB_JPG_IMPUREZAS\grao_DSC_0246_id265.png,RGB_JPG_IMPUREZAS,RGB_JPG_IMPUREZAS
C:\Users\eduar\Desktop\Soybe-main\data\com_fundo\RGB_JPG_IMPUREZAS\grao_DSC_0246_id29.png,RGB_JPG_IMPUREZAS,RGB_JPG_IMPUREZAS
C:\Users\eduar\Desktop\Soybe-main\data\com_fundo\RGB_JPG_IMPUREZAS\grao_DSC_0246_id3.png,RGB_JPG_IMPUREZAS,RGB_JPG_IMPUREZAS
C:\Users\eduar\Desktop\Soybe-main\data\com_fundo\RGB_JPG_IMPUREZAS\grao_DSC_0246_id31.png,RGB_JPG_IMPUREZAS,RGB_JPG_IMPUREZAS
C:\Users\eduar\Desktop\Soybe-main\data\com_fundo\RGB_JPG_IMPUREZAS\grao_DSC_0246_id32.png,RGB_JPG_IMPUREZAS,RGB_JPG_IMPUREZAS
C:\Users\eduar\Desktop\Soybe-main\data\com_fundo\RGB_JPG_IMPUREZAS\grao_DSC_0246_id35.png,RGB_JPG_IMPUREZAS,RGB_JPG_IMPUREZAS
C:\Users\eduar\Desktop\Soybe-main\data\com_fundo\RGB_JPG_IMPUREZAS\grao_DSC_0246_id36.png,RGB_JPG_IMPUREZAS,RGB_JPG_IMPUREZAS
C:\Users\eduar\Desktop\Soybe-main\data\com_fundo\RGB_JPG_IMPUREZAS\grao_DSC_0246_id38.png,RGB_JPG_IMPUREZAS,RGB_JPG_IMPUREZAS
C:\Users\eduar\Desktop\Soybe-main\data\com_fundo\RGB_JPG_IMPUREZAS\grao_DSC_0246_id39.png,RGB_JPG_IMPUREZAS,RGB_JPG_IMPUREZAS
C:\Users\eduar\Desktop\Soybe-main\data\com_fundo\RGB_JPG_IMPUREZAS\grao_DSC_0246_id4.png,RGB_JPG_IMPUREZAS,RGB_JPG_IMPUREZAS
C:\Users\eduar\Desktop\Soybe-main\data\com_fundo\RGB_JPG_IMPUREZAS\grao_DSC_0246_id42.png,RGB_JPG_IMPUREZAS,RGB_JPG_IMPUREZAS
C:\Users\eduar\Desktop\Soybe-main\data\com_fundo\RGB_JPG_IMPUREZAS\grao_DSC_0246_id43.png,RGB_JPG_IMPUREZAS,RGB_JPG_IMPUREZAS
C:\Users\eduar\Desktop\Soybe-main\data\com_fundo\RGB_JPG_IMPUREZAS\grao_DSC_0246_id48.png,RGB_JPG_IMPUREZAS,RGB_JPG_IMPUREZAS
C:\Users\eduar\Desktop\Soybe-main\data\com_fundo\RGB_JPG_IMPUREZAS\grao_DSC_0246_id49.png,RGB_JPG_IMPUREZAS,RGB_JPG_IMPUREZAS
C:\Users\eduar\Desktop\Soybe-main\data\com_fundo\RGB_JPG_IMPUREZAS\grao_DSC_0246_id5.png,RGB_JPG_IMPUREZAS,RGB_JPG_IMPUREZAS
C:\Users\eduar\Desktop\Soybe-main\data\com_fundo\RGB_JPG_IMPUREZAS\grao_DSC_0246_id50.png,RGB_JPG_IMPUREZAS,RGB_JPG_IMPUREZAS
C:\Users\eduar\Desktop\Soybe-main\data\com_fundo\RGB_JPG_IMPUREZAS\grao_DSC_0246_id51.png,RGB_JPG_IMPUREZAS,RGB_JPG_IMPUREZAS
C:\Users\eduar\Desktop\Soybe-main\data\com_fundo\RGB_JPG_IMPUREZAS\grao_DSC_0246_id52.png,RGB_JPG_IMPUREZAS,RGB_JPG_IMPUREZAS
C:\Users\eduar\Desktop\Soybe-main\data\com_fundo\RGB_JPG_IMPUREZAS\grao_DSC_0246_id54.png,RGB_JPG_IMPUREZAS,RGB_JPG_IMPUREZAS
C:\Users\eduar\Desktop\Soybe-main\data\com_fundo\RGB_JPG_IMPUREZAS\grao_DSC_0246_id55.png,RGB_JPG_IMPUREZAS,RGB_JPG_IMPUREZAS
C:\Users\eduar\Desktop\Soybe-main\data\com_fundo\RGB_JPG_IMPUREZAS\grao_DSC_0246_id59.png,RGB_JPG_IMPUREZAS,RGB_JPG_IMPUREZAS
C:\Users\eduar\Desktop\Soybe-main\data\com_fundo\RGB_JPG_IMPUREZAS\grao_DSC_0246_id60.png,RGB_JPG_IMPUREZAS,RGB_JPG_IMPUREZAS
C:\Users\eduar\Desktop\Soybe-main\data\com_fundo\RGB_JPG_IMPUREZAS\grao_DSC_0246_id62.png,RGB_JPG_IMPUREZAS,RGB_JPG_IMPUREZAS
C:\Users\eduar\Desktop\Soybe-main\data\com_fundo\RGB_JPG_IMPUREZAS\grao_DSC_0246_id67.png,RGB_JPG_IMPUREZAS,RGB_JPG_IMPUREZAS
C:\Users\eduar\Desktop\Soybe-main\data\com_fundo\RGB_JPG_IMPUREZAS\grao_DSC_0246_id69.png,RGB_JPG_IMPUREZAS,RGB_JPG_IMPUREZAS
C:\Users\eduar\Desktop\Soybe-main\data\com_fundo\RGB_JPG_IMPUREZAS\grao_DSC_0246_id7.png,RGB_JPG_IMPUREZAS,RGB_JPG_IMPUREZAS
C:\Users\eduar\Desktop\Soybe-main\data\com_fundo\RGB_JPG_IMPUREZAS\grao_DSC_0246_id70.png,RGB_JPG_IMPUREZAS,RGB_JPG_IMPUREZAS
C:\Users\eduar\Desktop\Soybe-main\data\com_fundo\RGB_JPG_IMPUREZAS\grao_DSC_0246_id71.png,RGB_JPG_IMPUREZAS,RGB_JPG_IMPUREZAS
C:\Users\eduar\Desktop\Soybe-main\data\com_fundo\RGB_JPG_IMPUREZAS\grao_DSC_0246_id73.png,RGB_JPG_IMPUREZAS,RGB_JPG_IMPUREZAS
C:\Users\eduar\Desktop\Soybe-main\data\com_fundo\RGB_JPG_IMPUREZAS\grao_DSC_0246_id74.png,RGB_JPG_IMPUREZAS,RGB_JPG_IMPUREZAS
C:\Users\eduar\Desktop\Soybe-main\data\com_fundo\RGB_JPG_IMPUREZAS\grao_DSC_0246_id75.png,RGB_JPG_IMPUREZAS,RGB_JPG_IMPUREZAS
C:\Users\eduar\Desktop\Soybe-main\data\com_fundo\RGB_JPG_IMPUREZAS\grao_DSC_0246_id81.png,RGB_JPG_IMPUREZAS,RGB_JPG_IMPUREZAS
C:\Users\eduar\Desktop\Soybe-main\data\com_fundo\RGB_JPG_IMPUREZAS\grao_DSC_0246_id85.png,RGB_JPG_IMPUREZAS,RGB_JPG_IMPUREZAS
C:\Users\eduar\Desktop\Soybe-main\data\com_fundo\RGB_JPG_IMPUREZAS\grao_DSC_0246_id87.png,RGB_JPG_IMPUREZAS,RGB_JPG_IMPUREZAS
C:\Users\eduar\Desktop\Soybe-main\data\com_fundo\RGB_JPG_IMPUREZAS\grao_DSC_0246_id89.png,RGB_JPG_IMPUREZAS,RGB_JPG_IMPUREZAS
C:\Users\eduar\Desktop\Soybe-main\data\com_fundo\RGB_JPG_IMPUREZAS\grao_DSC_0246_id9.png,RGB_JPG_IMPUREZAS,RGB_JPG_IMPUREZAS
C:\Users\eduar\Desktop\Soybe-main\data\com_fundo\RGB_JPG_IMPUREZAS\grao_DSC_0246_id90.png,RGB_JPG_IMPUREZAS,RGB_JPG_IMPUREZAS
C:\Users\eduar\Desktop\Soybe-main\data\com_fundo\RGB_JPG_IMPUREZAS\grao_DSC_0246_id91.png,RGB_JPG_IMPUREZAS,RGB_JPG_IMPUREZAS
C:\Users\eduar\Desktop\Soybe-main\data\com_fundo\RGB_JPG_IMPUREZAS\grao_DSC_0246_id92.png,RGB_JPG_IMPUREZAS,RGB_JPG_IMPUREZAS
C:\Users\eduar\Desktop\Soybe-main\data\com_fundo\RGB_JPG_IMPUREZAS\grao_DSC_0246_id93.png,RGB_JPG_IMPUREZAS,RGB_JPG_IMPUREZAS
C:\Users\eduar\Desktop\Soybe-main\data\com_fundo\RGB_JPG_IMPUREZAS\grao_DSC_0246_id95.png,RGB_JPG_IMPUREZAS,RGB_JPG_IMPUREZAS
C:\Users\eduar\Desktop\Soybe-main\data\com_fundo\RGB_JPG_IMPUREZAS\grao_DSC_0246_id96.png,RGB_JPG_IMPUREZAS,RGB_JPG_IMPUREZAS
C:\Users\eduar\Desktop\Soybe-main\data\com_fundo\RGB_JPG_IMPUREZAS\grao_DSC_0246_id97.png,RGB_JPG_IMPUREZAS,RGB_JPG_IMPUREZAS
C:\Users\eduar\Desktop\Soybe-main\data\com_fundo\RGB_JPG_IMPUREZAS\grao_DSC_0246_id98.png,RGB_JPG_IMPUREZAS,RGB_JPG_IMPUREZAS
C:\Users\eduar\Desktop\Soybe-main\data\com_fundo\RGB_JPG_IMPUREZAS\grao_DSC_0246_id99.png,RGB_JPG_IMPUREZAS,RGB_JPG_IMPUREZAS
C:\Users\eduar\Desktop\Soybe-main\data\com_fundo\RGB_JPG_IMPUREZAS\grao_DSC_0253_id1.png,RGB_JPG_IMPUREZAS,RGB_JPG_IMPUREZAS
C:\Users\eduar\Desktop\Soybe-main\data\com_fundo\RGB_JPG_IMPUREZAS\grao_DSC_0253_id10.png,RGB_JPG_IMPUREZAS,RGB_JPG_IMPUREZAS
C:\Users\eduar\Desktop\Soybe-main\data\com_fundo\RGB_JPG_IMPUREZAS\grao_DSC_0253_id100.png,RGB_JPG_IMPUREZAS,RGB_JPG_IMPUREZAS
C:\Users\eduar\Desktop\Soybe-main\data\com_fundo\RGB_JPG_IMPUREZAS\grao_DSC_0253_id101.png,RGB_JPG_IMPUREZAS,RGB_JPG_IMPUREZAS
C:\Users\eduar\Desktop\Soybe-main\data\com_fundo\RGB_JPG_IMPUREZAS\grao_DSC_0253_id102.png,RGB_JPG_IMPUREZAS,RGB_JPG_IMPUREZAS
C:\Users\eduar\Desktop\Soybe-main\data\com_fundo\RGB_JPG_IMPUREZAS\grao_DSC_0253_id103.png,RGB_JPG_IMPUREZAS,RGB_JPG_IMPUREZAS
C:\Users\eduar\Desktop\Soybe-main\data\com_fundo\RGB_JPG_IMPUREZAS\grao_DSC_0253_id104.png,RGB_JPG_IMPUREZAS,RGB_JPG_IMPUREZAS
C:\Users\eduar\Desktop\Soybe-main\data\com_fundo\RGB_JPG_IMPUREZAS\grao_DSC_0253_id105.png,RGB_JPG_IMPUREZAS,RGB_JPG_IMPUREZAS
C:\Users\eduar\Desktop\Soybe-main\data\com_fundo\RGB_JPG_IMPUREZAS\grao_DSC_0253_id107.png,RGB_JPG_IMPUREZAS,RGB_JPG_IMPUREZAS
C:\Users\eduar\Desktop\Soybe-main\data\com_fundo\RGB_JPG_IMPUREZAS\grao_DSC_0253_id108.png,RGB_JPG_IMPUREZAS,RGB_JPG_IMPUREZAS
C:\Users\eduar\Desktop\Soybe-main\data\com_fundo\RGB_JPG_IMPUREZAS\grao_DSC_0253_id109.png,RGB_JPG_IMPUREZAS,RGB_JPG_IMPUREZAS
C:\Users\eduar\Desktop\Soybe-main\data\com_fundo\RGB_JPG_IMPUREZAS\grao_DSC_0253_id11.png,RGB_JPG_IMPUREZAS,RGB_JPG_IMPUREZAS
C:\Users\eduar\Desktop\Soybe-main\data\com_fundo\RGB_JPG_IMPUREZAS\grao_DSC_0253_id110.png,RGB_JPG_IMPUREZAS,RGB_JPG_IMPUREZAS
C:\Users\eduar\Desktop\Soybe-main\data\com_fundo\RGB_JPG_IMPUREZAS\grao_DSC_0253_id111.png,RGB_JPG_IMPUREZAS,RGB_JPG_IMPUREZAS
C:\Users\eduar\Desktop\Soybe-main\data\com_fundo\RGB_JPG_IMPUREZAS\grao_DSC_0253_id117.png,RGB_JPG_IMPUREZAS,RGB_JPG_IMPUREZAS
C:\Users\eduar\Desktop\Soybe-main\data\com_fundo\RGB_JPG_IMPUREZAS\grao_DSC_0253_id119.png,RGB_JPG_IMPUREZAS,RGB_JPG_IMPUREZAS
C:\Users\eduar\Desktop\Soybe-main\data\com_fundo\RGB_JPG_IMPUREZAS\grao_DSC_0253_id123.png,RGB_JPG_IMPUREZAS,RGB_JPG_IMPUREZAS
C:\Users\eduar\Desktop\Soybe-main\data\com_fundo\RGB_JPG_IMPUREZAS\grao_DSC_0253_id124.png,RGB_JPG_IMPUREZAS,RGB_JPG_IMPUREZAS
C:\Users\eduar\Desktop\Soybe-main\data\com_fundo\RGB_JPG_IMPUREZAS\grao_DSC_0253_id125.png,RGB_JPG_IMPUREZAS,RGB_JPG_IMPUREZAS
C:\Users\eduar\Desktop\Soybe-main\data\com_fundo\RGB_JPG_IMPUREZAS\grao_DSC_0253_id126.png,RGB_JPG_IMPUREZAS,RGB_JPG_IMPUREZAS
C:\Users\eduar\Desktop\Soybe-main\data\com_fundo\RGB_JPG_IMPUREZAS\grao_DSC_0253_id127.png,RGB_JPG_IMPUREZAS,RGB_JPG_IMPUREZAS
C:\Users\eduar\Desktop\Soybe-main\data\com_fundo\RGB_JPG_IMPUREZAS\grao_DSC_0253_id128.png,RGB_JPG_IMPUREZAS,RGB_JPG_IMPUREZAS
C:\Users\eduar\Desktop\Soybe-main\data\com_fundo\RGB_JPG_IMPUREZAS\grao_DSC_0253_id129.png,RGB_JPG_IMPUREZAS,RGB_JPG_IMPUREZAS
C:\Users\eduar\Desktop\Soybe-main\data\com_fundo\RGB_JPG_IMPUREZAS\grao_DSC_0253_id130.png,RGB_JPG_IMPUREZAS,RGB_JPG_IMPUREZAS
C:\Users\eduar\Desktop\Soybe-main\data\com_fundo\RGB_JPG_IMPUREZAS\grao_DSC_0253_id131.png,RGB_JPG_IMPUREZAS,RGB_JPG_IMPUREZAS
C:\Users\eduar\Desktop\Soybe-main\data\com_fundo\RGB_JPG_IMPUREZAS\grao_DSC_0253_id132.png,RGB_JPG_IMPUREZAS,RGB_JPG_IMPUREZAS
C:\Users\eduar\Desktop\Soybe-main\data\com_fundo\RGB_JPG_IMPUREZAS\grao_DSC_0253_id133.png,RGB_JPG_IMPUREZAS,RGB_JPG_IMPUREZAS
C:\Users\eduar\Desktop\Soybe-main\data\com_fundo\RGB_JPG_IMPUREZAS\grao_DSC_0253_id134.png,RGB_JPG_IMPUREZAS,RGB_JPG_IMPUREZAS
C:\Users\eduar\Desktop\Soybe-main\data\com_fundo\RGB_JPG_IMPUREZAS\grao_DSC_0253_id135.png,RGB_JPG_IMPUREZAS,RGB_JPG_IMPUREZAS
C:\Users\eduar\Desktop\Soybe-main\data\com_fundo\RGB_JPG_IMPUREZAS\grao_DSC_0253_id136.png,RGB_JPG_IMPUREZAS,RGB_JPG_IMPUREZAS
C:\Users\eduar\Desktop\Soybe-main\data\com_fundo\RGB_JPG_IMPUREZAS\grao_DSC_0253_id137.png,RGB_JPG_IMPUREZAS,RGB_JPG_IMPUREZAS
C:\Users\eduar\Desktop\Soybe-main\data\com_fundo\RGB_JPG_IMPUREZAS\grao_DSC_0253_id138.png,RGB_JPG_IMPUREZAS,RGB_JPG_IMPUREZAS
C:\Users\eduar\Desktop\Soybe-main\data\com_fundo\RGB_JPG_IMPUREZAS\grao_DSC_0253_id141.png,RGB_JPG_IMPUREZAS,RGB_JPG_IMPUREZAS
C:\Users\eduar\Desktop\Soybe-main\data\com_fundo\RGB_JPG_IMPUREZAS\grao_DSC_0253_id145.png,RGB_JPG_IMPUREZAS,RGB_JPG_IMPUREZAS
C:\Users\eduar\Desktop\Soybe-main\data\com_fundo\RGB_JPG_IMPUREZAS\grao_DSC_0253_id147.png,RGB_JPG_IMPUREZAS,RGB_JPG_IMPUREZAS
C:\Users\eduar\Desktop\Soybe-main\data\com_fundo\RGB_JPG_IMPUREZAS\grao_DSC_0253_id148.png,RGB_JPG_IMPUREZAS,RGB_JPG_IMPUREZAS
C:\Users\eduar\Desktop\Soybe-main\data\com_fundo\RGB_JPG_IMPUREZAS\grao_DSC_0253_id15.png,RGB_JPG_IMPUREZAS,RGB_JPG_IMPUREZAS
C:\Users\eduar\Desktop\Soybe-main\data\com_fundo\RGB_JPG_IMPUREZAS\grao_DSC_0253_id150.png,RGB_JPG_IMPUREZAS,RGB_JPG_IMPUREZAS
C:\Users\eduar\Desktop\Soybe-main\data\com_fundo\RGB_JPG_IMPUREZAS\grao_DSC_0253_id151.png,RGB_JPG_IMPUREZAS,RGB_JPG_IMPUREZAS
C:\Users\eduar\Desktop\Soybe-main\data\com_fundo\RGB_JPG_IMPUREZAS\grao_DSC_0253_id152.png,RGB_JPG_IMPUREZAS,RGB_JPG_IMPUREZAS
C:\Users\eduar\Desktop\Soybe-main\data\com_fundo\RGB_JPG_IMPUREZAS\grao_DSC_0253_id153.png,RGB_JPG_IMPUREZAS,RGB_JPG_IMPUREZAS
C:\Users\eduar\Desktop\Soybe-main\data\com_fundo\RGB_JPG_IMPUREZAS\grao_DSC_0253_id154.png,RGB_JPG_IMPUREZAS,RGB_JPG_IMPUREZAS
C:\Users\eduar\Desktop\Soybe-main\data\com_fundo\RGB_JPG_IMPUREZAS\grao_DSC_0253_id155.png,RGB_JPG_IMPUREZAS,RGB_JPG_IMPUREZAS
C:\Users\eduar\Desktop\Soybe-main\data\com_fundo\RGB_JPG_IMPUREZAS\grao_DSC_0253_id156.png,RGB_JPG_IMPUREZAS,RGB_JPG_IMPUREZAS
C:\Users\eduar\Desktop\Soybe-main\data\com_fundo\RGB_JPG_IMPUREZAS\grao_DSC_0253_id157.png,RGB_JPG_IMPUREZAS,RGB_JPG_IMPUREZAS
C:\Users\eduar\Desktop\Soybe-main\data\com_fundo\RGB_JPG_IMPUREZAS\grao_DSC_0253_id161.png,RGB_JPG_IMPUREZAS,RGB_JPG_IMPUREZAS
C:\Users\eduar\Desktop\Soybe-main\data\com_fundo\RGB_JPG_IMPUREZAS\grao_DSC_0253_id163.png,RGB_JPG_IMPUREZAS,RGB_JPG_IMPUREZAS
C:\Users\eduar\Desktop\Soybe-main\data\com_fundo\RGB_JPG_IMPUREZAS\grao_DSC_0253_id169.png,RGB_JPG_IMPUREZAS,RGB_JPG_IMPUREZAS
C:\Users\eduar\Desktop\Soybe-main\data\com_fundo\RGB_JPG_IMPUREZAS\grao_DSC_0253_id17.png,RGB_JPG_IMPUREZAS,RGB_JPG_IMPUREZAS
C:\Users\eduar\Desktop\Soybe-main\data\com_fundo\RGB_JPG_IMPUREZAS\grao_DSC_0253_id170.png,RGB_JPG_IMPUREZAS,RGB_JPG_IMPUREZAS
C:\Users\eduar\Desktop\Soybe-main\data\com_fundo\RGB_JPG_IMPUREZAS\grao_DSC_0253_id171.png,RGB_JPG_IMPUREZAS,RGB_JPG_IMPUREZAS
C:\Users\eduar\Desktop\Soybe-main\data\com_fundo\RGB_JPG_IMPUREZAS\grao_DSC_0253_id172.png,RGB_JPG_IMPUREZAS,RGB_JPG_IMPUREZAS
C:\Users\eduar\Desktop\Soybe-main\data\com_fundo\RGB_JPG_IMPUREZAS\grao_DSC_0253_id173.png,RGB_JPG_IMPUREZAS,RGB_JPG_IMPUREZAS
C:\Users\eduar\Desktop\Soybe-main\data\com_fundo\RGB_JPG_IMPUREZAS\grao_DSC_0253_id175.png,RGB_JPG_IMPUREZAS,RGB_JPG_IMPUREZAS
C:\Users\eduar\Desktop\Soybe-main\data\com_fundo\RGB_JPG_IMPUREZAS\grao_DSC_0253_id176.png,RGB_JPG_IMPUREZAS,RGB_JPG_IMPUREZAS
C:\Users\eduar\Desktop\Soybe-main\data\com_fundo\RGB_JPG_IMPUREZAS\grao_DSC_0253_id177.png,RGB_JPG_IMPUREZAS,RGB_JPG_IMPUREZAS
C:\Users\eduar\Desktop\Soybe-main\data\com_fundo\RGB_JPG_IMPUREZAS\grao_DSC_0253_id178.png,RGB_JPG_IMPUREZAS,RGB_JPG_IMPUREZAS
C:\Users\eduar\Desktop\Soybe-main\data\com_fundo\RGB_JPG_IMPUREZAS\grao_DSC_0253_id179.png,RGB_JPG_IMPUREZAS,RGB_JPG_IMPUREZAS
C:\Users\eduar\Desktop\Soybe-main\data\com_fundo\RGB_JPG_IMPUREZAS\grao_DSC_0253_id18.png,RGB_JPG_IMPUREZAS,RGB_JPG_IMPUREZAS
C:\Users\eduar\Desktop\Soybe-main\data\com_fundo\RGB_JPG_IMPUREZAS\grao_DSC_0253_id180.png,RGB_JPG_IMPUREZAS,RGB_JPG_IMPUREZAS
C:\Users\eduar\Desktop\Soybe-main\data\com_fundo\RGB_JPG_IMPUREZAS\grao_DSC_0253_id181.png,RGB_JPG_IMPUREZAS,RGB_JPG_IMPUREZAS
C:\Users\eduar\Desktop\Soybe-main\data\com_fundo\RGB_JPG_IMPUREZAS\grao_DSC_0253_id183.png,RGB_JPG_IMPUREZAS,RGB_JPG_IMPUREZAS
C:\Users\eduar\Desktop\Soybe-main\data\com_fundo\RGB_JPG_IMPUREZAS\grao_DSC_0253_id184.png,RGB_JPG_IMPUREZAS,RGB_JPG_IMPUREZAS
C:\Users\eduar\Desktop\Soybe-main\data\com_fundo\RGB_JPG_IMPUREZAS\grao_DSC_0253_id187.png,RGB_JPG_IMPUREZAS,RGB_JPG_IMPUREZAS
C:\Users\eduar\Desktop\Soybe-main\data\com_fundo\RGB_JPG_IMPUREZAS\grao_DSC_0253_id19.png,RGB_JPG_IMPUREZAS,RGB_JPG_IMPUREZAS
C:\Users\eduar\Desktop\Soybe-main\data\com_fundo\RGB_JPG_IMPUREZAS\grao_DSC_0253_id191.png,RGB_JPG_IMPUREZAS,RGB_JPG_IMPUREZAS
C:\Users\eduar\Desktop\Soybe-main\data\com_fundo\RGB_JPG_IMPUREZAS\grao_DSC_0253_id192.png,RGB_JPG_IMPUREZAS,RGB_JPG_IMPUREZAS
C:\Users\eduar\Desktop\Soybe-main\data\com_fundo\RGB_JPG_IMPUREZAS\grao_DSC_0253_id193.png,RGB_JPG_IMPUREZAS,RGB_JPG_IMPUREZAS
C:\Users\eduar\Desktop\Soybe-main\data\com_fundo\RGB_JPG_IMPUREZAS\grao_DSC_0253_id194.png,RGB_JPG_IMPUREZAS,RGB_JPG_IMPUREZAS
C:\Users\eduar\Desktop\Soybe-main\data\com_fundo\RGB_JPG_IMPUREZAS\grao_DSC_0253_id195.png,RGB_JPG_IMPUREZAS,RGB_JPG_IMPUREZAS
C:\Users\eduar\Desktop\Soybe-main\data\com_fundo\RGB_JPG_IMPUREZAS\grao_DSC_0253_id199.png,RGB_JPG_IMPUREZAS,RGB_JPG_IMPUREZAS
C:\Users\eduar\Desktop\Soybe-main\data\com_fundo\RGB_JPG_IMPUREZAS\grao_DSC_0253_id2.png,RGB_JPG_IMPUREZAS,RGB_JPG_IMPUREZAS
C:\Users\eduar\Desktop\Soybe-main\data\com_fundo\RGB_JPG_IMPUREZAS\grao_DSC_0253_id20.png,RGB_JPG_IMPUREZAS,RGB_JPG_IMPUREZAS
C:\Users\eduar\Desktop\Soybe-main\data\com_fundo\RGB_JPG_IMPUREZAS\grao_DSC_0253_id204.png,RGB_JPG_IMPUREZAS,RGB_JPG_IMPUREZAS
C:\Users\eduar\Desktop\Soybe-main\data\com_fundo\RGB_JPG_IMPUREZAS\grao_DSC_0253_id205.png,RGB_JPG_IMPUREZAS,RGB_JPG_IMPUREZAS
C:\Users\eduar\Desktop\Soybe-main\data\com_fundo\RGB_JPG_IMPUREZAS\grao_DSC_0253_id206.png,RGB_JPG_IMPUREZAS,RGB_JPG_IMPUREZAS
C:\Users\eduar\Desktop\Soybe-main\data\com_fundo\RGB_JPG_IMPUREZAS\grao_DSC_0253_id207.png,RGB_JPG_IMPUREZAS,RGB_JPG_IMPUREZAS
C:\Users\eduar\Desktop\Soybe-main\data\com_fundo\RGB_JPG_IMPUREZAS\grao_DSC_0253_id208.png,RGB_JPG_IMPUREZAS,RGB_JPG_IMPUREZAS
C:\Users\eduar\Desktop\Soybe-main\data\com_fundo\RGB_JPG_IMPUREZAS\grao_DSC_0253_id209.png,RGB_JPG_IMPUREZAS,RGB_JPG_IMPUREZAS
C:\Users\eduar\Desktop\Soybe-main\data\com_fundo\RGB_JPG_IMPUREZAS\grao_DSC_0253_id21.png,RGB_JPG_IMPUREZAS,RGB_JPG_IMPUREZAS
C:\Users\eduar\Desktop\Soybe-main\data\com_fundo\RGB_JPG_IMPUREZAS\grao_DSC_0253_id210.png,RGB_JPG_IMPUREZAS,RGB_JPG_IMPUREZAS
C:\Users\eduar\Desktop\Soybe-main\data\com_fundo\RGB_JPG_IMPUREZAS\grao_DSC_0253_id211.png,RGB_JPG_IMPUREZAS,RGB_JPG_IMPUREZAS
C:\Users\eduar\Desktop\Soybe-main\data\com_fundo\RGB_JPG_IMPUREZAS\grao_DSC_0253_id212.png,RGB_JPG_IMPUREZAS,RGB_JPG_IMPUREZAS
C:\Users\eduar\Desktop\Soybe-main\data\com_fundo\RGB_JPG_IMPUREZAS\grao_DSC_0253_id213.png,RGB_JPG_IMPUREZAS,RGB_JPG_IMPUREZAS
C:\Users\eduar\Desktop\Soybe-main\data\com_fundo\RGB_JPG_IMPUREZAS\grao_DSC_0253_id215.png,RGB_JPG_IMPUREZAS,RGB_JPG_IMPUREZAS
C:\Users\eduar\Desktop\Soybe-main\data\com_fundo\RGB_JPG_IMPUREZAS\grao_DSC_0253_id217.png,RGB_JPG_IMPUREZAS,RGB_JPG_IMPUREZAS
C:\Users\eduar\Desktop\Soybe-main\data\com_fundo\RGB_JPG_IMPUREZAS\grao_DSC_0253_id221.png,RGB_JPG_IMPUREZAS,RGB_JPG_IMPUREZAS
C:\Users\eduar\Desktop\Soybe-main\data\com_fundo\RGB_JPG_IMPUREZAS\grao_DSC_0253_id222.png,RGB_JPG_IMPUREZAS,RGB_JPG_IMPUREZAS
C:\Users\eduar\Desktop\Soybe-main\data\com_fundo\RGB_JPG_IMPUREZAS\grao_DSC_0253_id26.png,RGB_JPG_IMPUREZAS,RGB_JPG_IMPUREZAS
C:\Users\eduar\Desktop\Soybe-main\data\com_fundo\RGB_JPG_IMPUREZAS\grao_DSC_0253_id3.png,RGB_JPG_IMPUREZAS,RGB_JPG_IMPUREZAS
C:\Users\eduar\Desktop\Soybe-main\data\com_fundo\RGB_JPG_IMPUREZAS\grao_DSC_0253_id30.png,RGB_JPG_IMPUREZAS,RGB_JPG_IMPUREZAS
C:\Users\eduar\Desktop\Soybe-main\data\com_fundo\RGB_JPG_IMPUREZAS\grao_DSC_0253_id31.png,RGB_JPG_IMPUREZAS,RGB_JPG_IMPUREZAS
C:\Users\eduar\Desktop\Soybe-main\data\com_fundo\RGB_JPG_IMPUREZAS\grao_DSC_0253_id32.png,RGB_JPG_IMPUREZAS,RGB_JPG_IMPUREZAS
C:\Users\eduar\Desktop\Soybe-main\data\com_fundo\RGB_JPG_IMPUREZAS\grao_DSC_0253_id34.png,RGB_JPG_IMPUREZAS,RGB_JPG_IMPUREZAS
C:\Users\eduar\Desktop\Soybe-main\data\com_fundo\RGB_JPG_IMPUREZAS\grao_DSC_0253_id4.png,RGB_JPG_IMPUREZAS,RGB_JPG_IMPUREZAS
C:\Users\eduar\Desktop\Soybe-main\data\com_fundo\RGB_JPG_IMPUREZAS\grao_DSC_0253_id42.png,RGB_JPG_IMPUREZAS,RGB_JPG_IMPUREZAS
C:\Users\eduar\Desktop\Soybe-main\data\com_fundo\RGB_JPG_IMPUREZAS\grao_DSC_0253_id43.png,RGB_JPG_IMPUREZAS,RGB_JPG_IMPUREZAS
C:\Users\eduar\Desktop\Soybe-main\data\com_fundo\RGB_JPG_IMPUREZAS\grao_DSC_0253_id44.png,RGB_JPG_IMPUREZAS,RGB_JPG_IMPUREZAS
C:\Users\eduar\Desktop\Soybe-main\data\com_fundo\RGB_JPG_IMPUREZAS\grao_DSC_0253_id45.png,RGB_JPG_IMPUREZAS,RGB_JPG_IMPUREZAS
C:\Users\eduar\Desktop\Soybe-main\data\com_fundo\RGB_JPG_IMPUREZAS\grao_DSC_0253_id46.png,RGB_JPG_IMPUREZAS,RGB_JPG_IMPUREZAS
C:\Users\eduar\Desktop\Soybe-main\data\com_fundo\RGB_JPG_IMPUREZAS\grao_DSC_0253_id48.png,RGB_JPG_IMPUREZAS,RGB_JPG_IMPUREZAS
C:\Users\eduar\Desktop\Soybe-main\data\com_fundo\RGB_JPG_IMPUREZAS\grao_DSC_0253_id49.png,RGB_JPG_IMPUREZAS,RGB_JPG_IMPUREZAS
C:\Users\eduar\Desktop\Soybe-main\data\com_fundo\RGB_JPG_IMPUREZAS\grao_DSC_0253_id5.png,RGB_JPG_IMPUREZAS,RGB_JPG_IMPUREZAS
C:\Users\eduar\Desktop\Soybe-main\data\com_fundo\RGB_JPG_IMPUREZAS\grao_DSC_0253_id51.png,RGB_JPG_IMPUREZAS,RGB_JPG_IMPUREZAS
C:\Users\eduar\Desktop\Soybe-main\data\com_fundo\RGB_JPG_IMPUREZAS\grao_DSC_0253_id52.png,RGB_JPG_IMPUREZAS,RGB_JPG_IMPUREZAS
C:\Users\eduar\Desktop\Soybe-main\data\com_fundo\RGB_JPG_IMPUREZAS\grao_DSC_0253_id57.png,RGB_JPG_IMPUREZAS,RGB_JPG_IMPUREZAS
C:\Users\eduar\Desktop\Soybe-main\data\com_fundo\RGB_JPG_IMPUREZAS\grao_DSC_0253_id59.png,RGB_JPG_IMPUREZAS,RGB_JPG_IMPUREZAS
C:\Users\eduar\Desktop\Soybe-main\data\com_fundo\RGB_JPG_IMPUREZAS\grao_DSC_0253_id60.png,RGB_JPG_IMPUREZAS,RGB_JPG_IMPUREZAS
C:\Users\eduar\Desktop\Soybe-main\data\com_fundo\RGB_JPG_IMPUREZAS\grao_DSC_0253_id62.png,RGB_JPG_IMPUREZAS,RGB_JPG_IMPUREZAS
C:\Users\eduar\Desktop\Soybe-main\data\com_fundo\RGB_JPG_IMPUREZAS\grao_DSC_0253_id63.png,RGB_JPG_IMPUREZAS,RGB_JPG_IMPUREZAS
C:\Users\eduar\Desktop\Soybe-main\data\com_fundo\RGB_JPG_IMPUREZAS\grao_DSC_0253_id64.png,RGB_JPG_IMPUREZAS,RGB_JPG_IMPUREZAS
C:\Users\eduar\Desktop\Soybe-main\data\com_fundo\RGB_JPG_IMPUREZAS\grao_DSC_0253_id65.png,RGB_JPG_IMPUREZAS,RGB_JPG_IMPUREZAS
C:\Users\eduar\Desktop\Soybe-main\data\com_fundo\RGB_JPG_IMPUREZAS\grao_DSC_0253_id66.png,RGB_JPG_IMPUREZAS,RGB_JPG_IMPUREZAS
C:\Users\eduar\Desktop\Soybe-main\data\com_fundo\RGB_JPG_IMPUREZAS\grao_DSC_0253_id67.png,RGB_JPG_IMPUREZAS,RGB_JPG_IMPUREZAS
C:\Users\eduar\Desktop\Soybe-main\data\com_fundo\RGB_JPG_IMPUREZAS\grao_DSC_0253_id68.png,RGB_JPG_IMPUREZAS,RGB_JPG_IMPUREZAS
C:\Users\eduar\Desktop\Soybe-main\data\com_fundo\RGB_JPG_IMPUREZAS\grao_DSC_0253_id7.png,RGB_JPG_IMPUREZAS,RGB_JPG_IMPUREZAS
C:\Users\eduar\Desktop\Soybe-main\data\com_fundo\RGB_JPG_IMPUREZAS\grao_DSC_0253_id70.png,RGB_JPG_IMPUREZAS,RGB_JPG_IMPUREZAS
C:\Users\eduar\Desktop\Soybe-main\data\com_fundo\RGB_JPG_IMPUREZAS\grao_DSC_0253_id71.png,RGB_JPG_IMPUREZAS,RGB_JPG_IMPUREZAS
C:\Users\eduar\Desktop\Soybe-main\data\com_fundo\RGB_JPG_IMPUREZAS\grao_DSC_0253_id72.png,RGB_JPG_IMPUREZAS,RGB_JPG_IMPUREZAS
C:\Users\eduar\Desktop\Soybe-main\data\com_fundo\RGB_JPG_IMPUREZAS\grao_DSC_0253_id73.png,RGB_JPG_IMPUREZAS,RGB_JPG_IMPUREZAS
C:\Users\eduar\Desktop\Soybe-main\data\com_fundo\RGB_JPG_IMPUREZAS\grao_DSC_0253_id77.png,RGB_JPG_IMPUREZAS,RGB_JPG_IMPUREZAS
C:\Users\eduar\Desktop\Soybe-main\data\com_fundo\RGB_JPG_IMPUREZAS\grao_DSC_0253_id79.png,RGB_JPG_IMPUREZAS,RGB_JPG_IMPUREZAS
C:\Users\eduar\Desktop\Soybe-main\data\com_fundo\RGB_JPG_IMPUREZAS\grao_DSC_0253_id82.png,RGB_JPG_IMPUREZAS,RGB_JPG_IMPUREZAS
C:\Users\eduar\Desktop\Soybe-main\data\com_fundo\RGB_JPG_IMPUREZAS\grao_DSC_0253_id83.png,RGB_JPG_IMPUREZAS,RGB_JPG_IMPUREZAS
C:\Users\eduar\Desktop\Soybe-main\data\com_fundo\RGB_JPG_IMPUREZAS\grao_DSC_0253_id84.png,RGB_JPG_IMPUREZAS,RGB_JPG_IMPUREZAS
C:\Users\eduar\Desktop\Soybe-main\data\com_fundo\RGB_JPG_IMPUREZAS\grao_DSC_0253_id85.png,RGB_JPG_IMPUREZAS,RGB_JPG_IMPUREZAS
C:\Users\eduar\Desktop\Soybe-main\data\com_fundo\RGB_JPG_IMPUREZAS\grao_DSC_0253_id86.png,RGB_JPG_IMPUREZAS,RGB_JPG_IMPUREZAS
C:\Users\eduar\Desktop\Soybe-main\data\com_fundo\RGB_JPG_IMPUREZAS\grao_DSC_0253_id87.png,RGB_JPG_IMPUREZAS,RGB_JPG_IMPUREZAS
C:\Users\eduar\Desktop\Soybe-main\data\com_fundo\RGB_JPG_IMPUREZAS\grao_DSC_0253_id88.png,RGB_JPG_IMPUREZAS,RGB_JPG_IMPUREZAS
C:\Users\eduar\Desktop\Soybe-main\data\com_fundo\RGB_JPG_IMPUREZAS\grao_DSC_0253_id91.png,RGB_JPG_IMPUREZAS,RGB_JPG_IMPUREZAS
C:\Users\eduar\Desktop\Soybe-main\data\com_fundo\RGB_JPG_IMPUREZAS\grao_DSC_0253_id92.png,RGB_JPG_IMPUREZAS,RGB_JPG_IMPUREZAS
C:\Users\eduar\Desktop\Soybe-main\data\com_fundo\RGB_JPG_IMPUREZAS\grao_DSC_0253_id95.png,RGB_JPG_IMPUREZAS,RGB_JPG_IMPUREZAS
C:\Users\eduar\Desktop\Soybe-main\data\com_fundo\RGB_JPG_IMPUREZAS\grao_DSC_0253_id96.png,RGB_JPG_IMPUREZAS,RGB_JPG_IMPUREZAS
C:\Users\eduar\Desktop\Soybe-main\data\com_fundo\RGB_JPG_IMPUREZAS\grao_DSC_0253_id99.png,RGB_JPG_IMPUREZAS,RGB_JPG_IMPUREZAS
C:\Users\eduar\Desktop\Soybe-main\data\com_fundo\RGB_JPG_IMPUREZAS\grao_DSC_0278_id1.png,RGB_JPG_IMPUREZAS,RGB_JPG_IMPUREZAS
C:\Users\eduar\Desktop\Soybe-main\data\com_fundo\RGB_JPG_IMPUREZAS\grao_DSC_0278_id100.png,RGB_JPG_IMPUREZAS,RGB_JPG_IMPUREZAS
C:\Users\eduar\Desktop\Soybe-main\data\com_fundo\RGB_JPG_IMPUREZAS\grao_DSC_0278_id101.png,RGB_JPG_IMPUREZAS,RGB_JPG_IMPUREZAS
C:\Users\eduar\Desktop\Soybe-main\data\com_fundo\RGB_JPG_IMPUREZAS\grao_DSC_0278_id102.png,RGB_JPG_IMPUREZAS,RGB_JPG_IMPUREZAS
C:\Users\eduar\Desktop\Soybe-main\data\com_fundo\RGB_JPG_IMPUREZAS\grao_DSC_0278_id103.png,RGB_JPG_IMPUREZAS,RGB_JPG_IMPUREZAS
C:\Users\eduar\Desktop\Soybe-main\data\com_fundo\RGB_JPG_IMPUREZAS\grao_DSC_0278_id108.png,RGB_JPG_IMPUREZAS,RGB_JPG_IMPUREZAS
C:\Users\eduar\Desktop\Soybe-main\data\com_fundo\RGB_JPG_IMPUREZAS\grao_DSC_0278_id111.png,RGB_JPG_IMPUREZAS,RGB_JPG_IMPUREZAS
C:\Users\eduar\Desktop\Soybe-main\data\com_fundo\RGB_JPG_IMPUREZAS\grao_DSC_0278_id113.png,RGB_JPG_IMPUREZAS,RGB_JPG_IMPUREZAS
C:\Users\eduar\Desktop\Soybe-main\data\com_fundo\RGB_JPG_IMPUREZAS\grao_DSC_0278_id114.png,RGB_JPG_IMPUREZAS,RGB_JPG_IMPUREZAS
C:\Users\eduar\Desktop\Soybe-main\data\com_fundo\RGB_JPG_IMPUREZAS\grao_DSC_0278_id115.png,RGB_JPG_IMPUREZAS,RGB_JPG_IMPUREZAS
C:\Users\eduar\Desktop\Soybe-main\data\com_fundo\RGB_JPG_IMPUREZAS\grao_DSC_0278_id118.png,RGB_JPG_IMPUREZAS,RGB_JPG_IMPUREZAS
C:\Users\eduar\Desktop\Soybe-main\data\com_fundo\RGB_JPG_IMPUREZAS\grao_DSC_0278_id119.png,RGB_JPG_IMPUREZAS,RGB_JPG_IMPUREZAS
C:\Users\eduar\Desktop\Soybe-main\data\com_fundo\RGB_JPG_IMPUREZAS\grao_DSC_0278_id12.png,RGB_JPG_IMPUREZAS,RGB_JPG_IMPUREZAS
C:\Users\eduar\Desktop\Soybe-main\data\com_fundo\RGB_JPG_IMPUREZAS\grao_DSC_0278_id120.png,RGB_JPG_IMPUREZAS,RGB_JPG_IMPUREZAS
C:\Users\eduar\Desktop\Soybe-main\data\com_fundo\RGB_JPG_IMPUREZAS\grao_DSC_0278_id122.png,RGB_JPG_IMPUREZAS,RGB_JPG_IMPUREZAS
C:\Users\eduar\Desktop\Soybe-main\data\com_fundo\RGB_JPG_IMPUREZAS\grao_DSC_0278_id123.png,RGB_JPG_IMPUREZAS,RGB_JPG_IMPUREZAS
C:\Users\eduar\Desktop\Soybe-main\data\com_fundo\RGB_JPG_IMPUREZAS\grao_DSC_0278_id13.png,RGB_JPG_IMPUREZAS,RGB_JPG_IMPUREZAS
C:\Users\eduar\Desktop\Soybe-main\data\com_fundo\RGB_JPG_IMPUREZAS\grao_DSC_0278_id130.png,RGB_JPG_IMPUREZAS,RGB_JPG_IMPUREZAS
C:\Users\eduar\Desktop\Soybe-main\data\com_fundo\RGB_JPG_IMPUREZAS\grao_DSC_0278_id133.png,RGB_JPG_IMPUREZAS,RGB_JPG_IMPUREZAS
C:\Users\eduar\Desktop\Soybe-main\data\com_fundo\RGB_JPG_IMPUREZAS\grao_DSC_0278_id134.png,RGB_JPG_IMPUREZAS,RGB_JPG_IMPUREZAS
C:\Users\eduar\Desktop\Soybe-main\data\com_fundo\RGB_JPG_IMPUREZAS\grao_DSC_0278_id135.png,RGB_JPG_IMPUREZAS,RGB_JPG_IMPUREZAS
C:\Users\eduar\Desktop\Soybe-main\data\com_fundo\RGB_JPG_IMPUREZAS\grao_DSC_0278_id136.png,RGB_JPG_IMPUREZAS,RGB_JPG_IMPUREZAS
C:\Users\eduar\Desktop\Soybe-main\data\com_fundo\RGB_JPG_IMPUREZAS\grao_DSC_0278_id137.png,RGB_JPG_IMPUREZAS,RGB_JPG_IMPUREZAS
C:\Users\eduar\Desktop\Soybe-main\data\com_fundo\RGB_JPG_IMPUREZAS\grao_DSC_0278_id138.png,RGB_JPG_IMPUREZAS,RGB_JPG_IMPUREZAS
C:\Users\eduar\Desktop\Soybe-main\data\com_fundo\RGB_JPG_IMPUREZAS\grao_DSC_0278_id139.png,RGB_JPG_IMPUREZAS,RGB_JPG_IMPUREZAS
C:\Users\eduar\Desktop\Soybe-main\data\com_fundo\RGB_JPG_IMPUREZAS\grao_DSC_0278_id141.png,RGB_JPG_IMPUREZAS,RGB_JPG_IMPUREZAS
C:\Users\eduar\Desktop\Soybe-main\data\com_fundo\RGB_JPG_IMPUREZAS\grao_DSC_0278_id144.png,RGB_JPG_IMPUREZAS,RGB_JPG_IMPUREZAS
C:\Users\eduar\Desktop\Soybe-main\data\com_fundo\RGB_JPG_IMPUREZAS\grao_DSC_0278_id146.png,RGB_JPG_IMPUREZAS,RGB_JPG_IMPUREZAS
C:\Users\eduar\Desktop\Soybe-main\data\com_fundo\RGB_JPG_IMPUREZAS\grao_DSC_0278_id150.png,RGB_JPG_IMPUREZAS,RGB_JPG_IMPUREZAS
C:\Users\eduar\Desktop\Soybe-main\data\com_fundo\RGB_JPG_IMPUREZAS\grao_DSC_0278_id151.png,RGB_JPG_IMPUREZAS,RGB_JPG_IMPUREZAS
C:\Users\eduar\Desktop\Soybe-main\data\com_fundo\RGB_JPG_IMPUREZAS\grao_DSC_0278_id152.png,RGB_JPG_IMPUREZAS,RGB_JPG_IMPUREZAS
C:\Users\eduar\Desktop\Soybe-main\data\com_fundo\RGB_JPG_IMPUREZAS\grao_DSC_0278_id153.png,RGB_JPG_IMPUREZAS,RGB_JPG_IMPUREZAS
C:\Users\eduar\Desktop\Soybe-main\data\com_fundo\RGB_JPG_IMPUREZAS\grao_DSC_0278_id154.png,RGB_JPG_IMPUREZAS,RGB_JPG_IMPUREZAS
C:\Users\eduar\Desktop\Soybe-main\data\com_fundo\RGB_JPG_IMPUREZAS\grao_DSC_0278_id155.png,RGB_JPG_IMPUREZAS,RGB_JPG_IMPUREZAS
C:\Users\eduar\Desktop\Soybe-main\data\com_fundo\RGB_JPG_IMPUREZAS\grao_DSC_0278_id156.png,RGB_JPG_IMPUREZAS,RGB_JPG_IMPUREZAS
C:\Users\eduar\Desktop\Soybe-main\data\com_fundo\RGB_JPG_IMPUREZAS\grao_DSC_0278_id157.png,RGB_JPG_IMPUREZAS,RGB_JPG_IMPUREZAS
C:\Users\eduar\Desktop\Soybe-main\data\com_fundo\RGB_JPG_IMPUREZAS\grao_DSC_0278_id158.png,RGB_JPG_IMPUREZAS,RGB_JPG_IMPUREZAS
C:\Users\eduar\Desktop\Soybe-main\data\com_fundo\RGB_JPG_IMPUREZAS\grao_DSC_0278_id159.png,RGB_JPG_IMPUREZAS,RGB_JPG_IMPUREZAS
C:\Users\eduar\Desktop\Soybe-main\data\com_fundo\RGB_JPG_IMPUREZAS\grao_DSC_0278_id16.png,RGB_JPG_IMPUREZAS,RGB_JPG_IMPUREZAS
C:\Users\eduar\Desktop\Soybe-main\data\com_fundo\RGB_JPG_IMPUREZAS\grao_DSC_0278_id162.png,RGB_JPG_IMPUREZAS,RGB_JPG_IMPUREZAS
C:\Users\eduar\Desktop\Soybe-main\data\com_fundo\RGB_JPG_IMPUREZAS\grao_DSC_0278_id164.png,RGB_JPG_IMPUREZAS,RGB_JPG_IMPUREZAS
C:\Users\eduar\Desktop\Soybe-main\data\com_fundo\RGB_JPG_IMPUREZAS\grao_DSC_0278_id17.png,RGB_JPG_IMPUREZAS,RGB_JPG_IMPUREZAS
C:\Users\eduar\Desktop\Soybe-main\data\com_fundo\RGB_JPG_IMPUREZAS\grao_DSC_0278_id170.png,RGB_JPG_IMPUREZAS,RGB_JPG_IMPUREZAS
C:\Users\eduar\Desktop\Soybe-main\data\com_fundo\RGB_JPG_IMPUREZAS\grao_DSC_0278_id172.png,RGB_JPG_IMPUREZAS,RGB_JPG_IMPUREZAS
C:\Users\eduar\Desktop\Soybe-main\data\com_fundo\RGB_JPG_IMPUREZAS\grao_DSC_0278_id173.png,RGB_JPG_IMPUREZAS,RGB_JPG_IMPUREZAS
C:\Users\eduar\Desktop\Soybe-main\data\com_fundo\RGB_JPG_IMPUREZAS\grao_DSC_0278_id175.png,RGB_JPG_IMPUREZAS,RGB_JPG_IMPUREZAS
C:\Users\eduar\Desktop\Soybe-main\data\com_fundo\RGB_JPG_IMPUREZAS\grao_DSC_0278_id176.png,RGB_JPG_IMPUREZAS,RGB_JPG_IMPUREZAS
C:\Users\eduar\Desktop\Soybe-main\data\com_fundo\RGB_JPG_IMPUREZAS\grao_DSC_0278_id177.png,RGB_JPG_IMPUREZAS,RGB_JPG_IMPUREZAS
C:\Users\eduar\Desktop\Soybe-main\data\com_fundo\RGB_JPG_IMPUREZAS\grao_DSC_0278_id178.png,RGB_JPG_IMPUREZAS,RGB_JPG_IMPUREZAS
C:\Users\eduar\Desktop\Soybe-main\data\com_fundo\RGB_JPG_IMPUREZAS\grao_DSC_0278_id179.png,RGB_JPG_IMPUREZAS,RGB_JPG_IMPUREZAS
C:\Users\eduar\Desktop\Soybe-main\data\com_fundo\RGB_JPG_IMPUREZAS\grao_DSC_0278_id18.png,RGB_JPG_IMPUREZAS,RGB_JPG_IMPUREZAS
C:\Users\eduar\Desktop\Soybe-main\data\com_fundo\RGB_JPG_IMPUREZAS\grao_DSC_0278_id180.png,RGB_JPG_IMPUREZAS,RGB_JPG_IMPUREZAS
C:\Users\eduar\Desktop\Soybe-main\data\com_fundo\RGB_JPG_IMPUREZAS\grao_DSC_0278_id181.png,RGB_JPG_IMPUREZAS,RGB_JPG_IMPUREZAS
C:\Users\eduar\Desktop\Soybe-main\data\com_fundo\RGB_JPG_IMPUREZAS\grao_DSC_0278_id182.png,RGB_JPG_IMPUREZAS,RGB_JPG_IMPUREZAS
C:\Users\eduar\Desktop\Soybe-main\data\com_fundo\RGB_JPG_IMPUREZAS\grao_DSC_0278_id183.png,RGB_JPG_IMPUREZAS,RGB_JPG_IMPUREZAS
C:\Users\eduar\Desktop\Soybe-main\data\com_fundo\RGB_JPG_IMPUREZAS\grao_DSC_0278_id184.png,RGB_JPG_IMPUREZAS,RGB_JPG_IMPUREZAS
C:\Users\eduar\Desktop\Soybe-main\data\com_fundo\RGB_JPG_IMPUREZAS\grao_DSC_0278_id186.png,RGB_JPG_IMPUREZAS,RGB_JPG_IMPUREZAS
C:\Users\eduar\Desktop\Soybe-main\data\com_fundo\RGB_JPG_IMPUREZAS\grao_DSC_0278_id187.png,RGB_JPG_IMPUREZAS,RGB_JPG_IMPUREZAS
C:\Users\eduar\Desktop\Soybe-main\data\com_fundo\RGB_JPG_IMPUREZAS\grao_DSC_0278_id188.png,RGB_JPG_IMPUREZAS,RGB_JPG_IMPUREZAS
C:\Users\eduar\Desktop\Soybe-main\data\com_fundo\RGB_JPG_IMPUREZAS\grao_DSC_0278_id19.png,RGB_JPG_IMPUREZAS,RGB_JPG_IMPUREZAS
C:\Users\eduar\Desktop\Soybe-main\data\com_fundo\RGB_JPG_IMPUREZAS\grao_DSC_0278_id198.png,RGB_JPG_IMPUREZAS,RGB_JPG_IMPUREZAS
C:\Users\eduar\Desktop\Soybe-main\data\com_fundo\RGB_JPG_IMPUREZAS\grao_DSC_0278_id199.png,RGB_JPG_IMPUREZAS,RGB_JPG_IMPUREZAS
C:\Users\eduar\Desktop\Soybe-main\data\com_fundo\RGB_JPG_IMPUREZAS\grao_DSC_0278_id2.png,RGB_JPG_IMPUREZAS,RGB_JPG_IMPUREZAS
C:\Users\eduar\Desktop\Soybe-main\data\com_fundo\RGB_JPG_IMPUREZAS\grao_DSC_0278_id200.png,RGB_JPG_IMPUREZAS,RGB_JPG_IMPUREZAS
C:\Users\eduar\Desktop\Soybe-main\data\com_fundo\RGB_JPG_IMPUREZAS\grao_DSC_0278_id201.png,RGB_JPG_IMPUREZAS,RGB_JPG_IMPUREZAS
C:\Users\eduar\Desktop\Soybe-main\data\com_fundo\RGB_JPG_IMPUREZAS\grao_DSC_0278_id202.png,RGB_JPG_IMPUREZAS,RGB_JPG_IMPUREZAS
C:\Users\eduar\Desktop\Soybe-main\data\com_fundo\RGB_JPG_IMPUREZAS\grao_DSC_0278_id203.png,RGB_JPG_IMPUREZAS,RGB_JPG_IMPUREZAS
C:\Users\eduar\Desktop\Soybe-main\data\com_fundo\RGB_JPG_IMPUREZAS\grao_DSC_0278_id204.png,RGB_JPG_IMPUREZAS,RGB_JPG_IMPUREZAS
C:\Users\eduar\Desktop\Soybe-main\data\com_fundo\RGB_JPG_IMPUREZAS\grao_DSC_0278_id205.png,RGB_JPG_IMPUREZAS,RGB_JPG_IMPUREZAS
C:\Users\eduar\Desktop\Soybe-main\data\com_fundo\RGB_JPG_IMPUREZAS\grao_DSC_0278_id21.png,RGB_JPG_IMPUREZAS,RGB_JPG_IMPUREZAS
C:\Users\eduar\Desktop\Soybe-main\data\com_fundo\RGB_JPG_IMPUREZAS\grao_DSC_0278_id212.png,RGB_JPG_IMPUREZAS,RGB_JPG_IMPUREZAS
C:\Users\eduar\Desktop\Soybe-main\data\com_fundo\RGB_JPG_IMPUREZAS\grao_DSC_0278_id214.png,RGB_JPG_IMPUREZAS,RGB_JPG_IMPUREZAS
C:\Users\eduar\Desktop\Soybe-main\data\com_fundo\RGB_JPG_IMPUREZAS\grao_DSC_0278_id215.png,RGB_JPG_IMPUREZAS,RGB_JPG_IMPUREZAS
C:\Users\eduar\Desktop\Soybe-main\data\com_fundo\RGB_JPG_IMPUREZAS\grao_DSC_0278_id216.png,RGB_JPG_IMPUREZAS,RGB_JPG_IMPUREZAS
C:\Users\eduar\Desktop\Soybe-main\data\com_fundo\RGB_JPG_IMPUREZAS\grao_DSC_0278_id218.png,RGB_JPG_IMPUREZAS,RGB_JPG_IMPUREZAS
C:\Users\eduar\Desktop\Soybe-main\data\com_fundo\RGB_JPG_IMPUREZAS\grao_DSC_0278_id219.png,RGB_JPG_IMPUREZAS,RGB_JPG_IMPUREZAS
C:\Users\eduar\Desktop\Soybe-main\data\com_fundo\RGB_JPG_IMPUREZAS\grao_DSC_0278_id220.png,RGB_JPG_IMPUREZAS,RGB_JPG_IMPUREZAS
C:\Users\eduar\Desktop\Soybe-main\data\com_fundo\RGB_JPG_IMPUREZAS\grao_DSC_0278_id221.png,RGB_JPG_IMPUREZAS,RGB_JPG_IMPUREZAS
C:\Users\eduar\Desktop\Soybe-main\data\com_fundo\RGB_JPG_IMPUREZAS\grao_DSC_0278_id222.png,RGB_JPG_IMPUREZAS,RGB_JPG_IMPUREZAS
C:\Users\eduar\Desktop\Soybe-main\data\com_fundo\RGB_JPG_IMPUREZAS\grao_DSC_0278_id223.png,RGB_JPG_IMPUREZAS,RGB_JPG_IMPUREZAS
C:\Users\eduar\Desktop\Soybe-main\data\com_fundo\RGB_JPG_IMPUREZAS\grao_DSC_0278_id224.png,RGB_JPG_IMPUREZAS,RGB_JPG_IMPUREZAS
C:\Users\eduar\Desktop\Soybe-main\data\com_fundo\RGB_JPG_IMPUREZAS\grao_DSC_0278_id225.png,RGB_JPG_IMPUREZAS,RGB_JPG_IMPUREZAS
C:\Users\eduar\Desktop\Soybe-main\data\com_fundo\RGB_JPG_IMPUREZAS\grao_DSC_0278_id233.png,RGB_JPG_IMPUREZAS,RGB_JPG_IMPUREZAS
C:\Users\eduar\Desktop\Soybe-main\data\com_fundo\RGB_JPG_IMPUREZAS\grao_DSC_0278_id24.png,RGB_JPG_IMPUREZAS,RGB_JPG_IMPUREZAS
C:\Users\eduar\Desktop\Soybe-main\data\com_fundo\RGB_JPG_IMPUREZAS\grao_DSC_0278_id3.png,RGB_JPG_IMPUREZAS,RGB_JPG_IMPUREZAS
C:\Users\eduar\Desktop\Soybe-main\data\com_fundo\RGB_JPG_IMPUREZAS\grao_DSC_0278_id33.png,RGB_JPG_IMPUREZAS,RGB_JPG_IMPUREZAS
C:\Users\eduar\Desktop\Soybe-main\data\com_fundo\RGB_JPG_IMPUREZAS\grao_DSC_0278_id34.png,RGB_JPG_IMPUREZAS,RGB_JPG_IMPUREZAS
C:\Users\eduar\Desktop\Soybe-main\data\com_fundo\RGB_JPG_IMPUREZAS\grao_DSC_0278_id35.png,RGB_JPG_IMPUREZAS,RGB_JPG_IMPUREZAS
C:\Users\eduar\Desktop\Soybe-main\data\com_fundo\RGB_JPG_IMPUREZAS\grao_DSC_0278_id36.png,RGB_JPG_IMPUREZAS,RGB_JPG_IMPUREZAS
C:\Users\eduar\Desktop\Soybe-main\data\com_fundo\RGB_JPG_IMPUREZAS\grao_DSC_0278_id37.png,RGB_JPG_IMPUREZAS,RGB_JPG_IMPUREZAS
C:\Users\eduar\Desktop\Soybe-main\data\com_fundo\RGB_JPG_IMPUREZAS\grao_DSC_0278_id38.png,RGB_JPG_IMPUREZAS,RGB_JPG_IMPUREZAS
C:\Users\eduar\Desktop\Soybe-main\data\com_fundo\RGB_JPG_IMPUREZAS\grao_DSC_0278_id39.png,RGB_JPG_IMPUREZAS,RGB_JPG_IMPUREZAS
C:\Users\eduar\Desktop\Soybe-main\data\com_fundo\RGB_JPG_IMPUREZAS\grao_DSC_0278_id40.png,RGB_JPG_IMPUREZAS,RGB_JPG_IMPUREZAS
C:\Users\eduar\Desktop\Soybe-main\data\com_fundo\RGB_JPG_IMPUREZAS\grao_DSC_0278_id41.png,RGB_JPG_IMPUREZAS,RGB_JPG_IMPUREZAS
C:\Users\eduar\Desktop\Soybe-main\data\com_fundo\RGB_JPG_IMPUREZAS\grao_DSC_0278_id42.png,RGB_JPG_IMPUREZAS,RGB_JPG_IMPUREZAS
C:\Users\eduar\Desktop\Soybe-main\data\com_fundo\RGB_JPG_IMPUREZAS\grao_DSC_0278_id43.png,RGB_JPG_IMPUREZAS,RGB_JPG_IMPUREZAS
C:\Users\eduar\Desktop\Soybe-main\data\com_fundo\RGB_JPG_IMPUREZAS\grao_DSC_0278_id49.png,RGB_JPG_IMPUREZAS,RGB_JPG_IMPUREZAS
C:\Users\eduar\Desktop\Soybe-main\data\com_fundo\RGB_JPG_IMPUREZAS\grao_DSC_0278_id5.png,RGB_JPG_IMPUREZAS,RGB_JPG_IMPUREZAS
C:\Users\eduar\Desktop\Soybe-main\data\com_fundo\RGB_JPG_IMPUREZAS\grao_DSC_0278_id52.png,RGB_JPG_IMPUREZAS,RGB_JPG_IMPUREZAS
C:\Users\eduar\Desktop\Soybe-main\data\com_fundo\RGB_JPG_IMPUREZAS\grao_DSC_0278_id54.png,RGB_JPG_IMPUREZAS,RGB_JPG_IMPUREZAS
C:\Users\eduar\Desktop\Soybe-main\data\com_fundo\RGB_JPG_IMPUREZAS\grao_DSC_0278_id55.png,RGB_JPG_IMPUREZAS,RGB_JPG_IMPUREZAS
C:\Users\eduar\Desktop\Soybe-main\data\com_fundo\RGB_JPG_IMPUREZAS\grao_DSC_0278_id56.png,RGB_JPG_IMPUREZAS,RGB_JPG_IMPUREZAS
C:\Users\eduar\Desktop\Soybe-main\data\com_fundo\RGB_JPG_IMPUREZAS\grao_DSC_0278_id57.png,RGB_JPG_IMPUREZAS,RGB_JPG_IMPUREZAS
C:\Users\eduar\Desktop\Soybe-main\data\com_fundo\RGB_JPG_IMPUREZAS\grao_DSC_0278_id58.png,RGB_JPG_IMPUREZAS,RGB_JPG_IMPUREZAS
C:\Users\eduar\Desktop\Soybe-main\data\com_fundo\RGB_JPG_IMPUREZAS\grao_DSC_0278_id6.png,RGB_JPG_IMPUREZAS,RGB_JPG_IMPUREZAS
C:\Users\eduar\Desktop\Soybe-main\data\com_fundo\RGB_JPG_IMPUREZAS\grao_DSC_0278_id61.png,RGB_JPG_IMPUREZAS,RGB_JPG_IMPUREZAS
C:\Users\eduar\Desktop\Soybe-main\data\com_fundo\RGB_JPG_IMPUREZAS\grao_DSC_0278_id65.png,RGB_JPG_IMPUREZAS,RGB_JPG_IMPUREZAS
C:\Users\eduar\Desktop\Soybe-main\data\com_fundo\RGB_JPG_IMPUREZAS\grao_DSC_0278_id66.png,RGB_JPG_IMPUREZAS,RGB_JPG_IMPUREZAS
C:\Users\eduar\Desktop\Soybe-main\data\com_fundo\RGB_JPG_IMPUREZAS\grao_DSC_0278_id67.png,RGB_JPG_IMPUREZAS,RGB_JPG_IMPUREZAS
C:\Users\eduar\Desktop\Soybe-main\data\com_fundo\RGB_JPG_IMPUREZAS\grao_DSC_0278_id68.png,RGB_JPG_IMPUREZAS,RGB_JPG_IMPUREZAS
C:\Users\eduar\Desktop\Soybe-main\data\com_fundo\RGB_JPG_IMPUREZAS\grao_DSC_0278_id78.png,RGB_JPG_IMPUREZAS,RGB_JPG_IMPUREZAS
C:\Users\eduar\Desktop\Soybe-main\data\com_fundo\RGB_JPG_IMPUREZAS\grao_DSC_0278_id79.png,RGB_JPG_IMPUREZAS,RGB_JPG_IMPUREZAS
C:\Users\eduar\Desktop\Soybe-main\data\com_fundo\RGB_JPG_IMPUREZAS\grao_DSC_0278_id80.png,RGB_JPG_IMPUREZAS,RGB_JPG_IMPUREZAS
C:\Users\eduar\Desktop\Soybe-main\data\com_fundo\RGB_JPG_IMPUREZAS\grao_DSC_0278_id81.png,RGB_JPG_IMPUREZAS,RGB_JPG_IMPUREZAS
C:\Users\eduar\Desktop\Soybe-main\data\com_fundo\RGB_JPG_IMPUREZAS\grao_DSC_0278_id82.png,RGB_JPG_IMPUREZAS,RGB_JPG_IMPUREZAS
C:\Users\eduar\Desktop\Soybe-main\data\com_fundo\RGB_JPG_IMPUREZAS\grao_DSC_0278_id84.png,RGB_JPG_IMPUREZAS,RGB_JPG_IMPUREZAS
C:\Users\eduar\Desktop\Soybe-main\data\com_fundo\RGB_JPG_IMPUREZAS\grao_DSC_0278_id85.png,RGB_JPG_IMPUREZAS,RGB_JPG_IMPUREZAS
C:\Users\eduar\Desktop\Soybe-main\data\com_fundo\RGB_JPG_IMPUREZAS\grao_DSC_0278_id86.png,RGB_JPG_IMPUREZAS,RGB_JPG_IMPUREZAS
C:\Users\eduar\Desktop\Soybe-main\data\com_fundo\RGB_JPG_IMPUREZAS\grao_DSC_0278_id88.png,RGB_JPG_IMPUREZAS,RGB_JPG_IMPUREZAS
C:\Users\eduar\Desktop\Soybe-main\data\com_fundo\RGB_JPG_IMPUREZAS\grao_DSC_0278_id89.png,RGB_JPG_IMPUREZAS,RGB_JPG_IMPUREZAS
C:\Users\eduar\Desktop\Soybe-main\data\com_fundo\RGB_JPG_IMPUREZAS\grao_DSC_0278_id96.png,RGB_JPG_IMPUREZAS,RGB_JPG_IMPUREZAS
C:\Users\eduar\Desktop\Soybe-main\data\com_fundo\RGB_JPG_IMPUREZAS\grao_DSC_0278_id97.png,RGB_JPG_IMPUREZAS,RGB_JPG_IMPUREZAS
C:\Users\eduar\Desktop\Soybe-main\data\com_fundo\RGB_JPG_IMPUREZAS\grao_DSC_0278_id99.png,RGB_JPG_IMPUREZAS,RGB_JPG_IMPUREZAS
C:\Users\eduar\Desktop\Soybe-main\data\com_fundo\RGB_JPG_IMPUREZAS\grao_DSC_0281_id1.png,RGB_JPG_IMPUREZAS,RGB_JPG_IMPUREZAS
C:\Users\eduar\Desktop\Soybe-main\data\com_fundo\RGB_JPG_IMPUREZAS\grao_DSC_0281_id10.png,RGB_JPG_IMPUREZAS,RGB_JPG_IMPUREZAS
C:\Users\eduar\Desktop\Soybe-main\data\com_fundo\RGB_JPG_IMPUREZAS\grao_DSC_0281_id100.png,RGB_JPG_IMPUREZAS,RGB_JPG_IMPUREZAS
C:\Users\eduar\Desktop\Soybe-main\data\com_fundo\RGB_JPG_IMPUREZAS\grao_DSC_0281_id103.png,RGB_JPG_IMPUREZAS,RGB_JPG_IMPUREZAS
C:\Users\eduar\Desktop\Soybe-main\data\com_fundo\RGB_JPG_IMPUREZAS\grao_DSC_0281_id104.png,RGB_JPG_IMPUREZAS,RGB_JPG_IMPUREZAS
C:\Users\eduar\Desktop\Soybe-main\data\com_fundo\RGB_JPG_IMPUREZAS\grao_DSC_0281_id106.png,RGB_JPG_IMPUREZAS,RGB_JPG_IMPUREZAS
C:\Users\eduar\Desktop\Soybe-main\data\com_fundo\RGB_JPG_IMPUREZAS\grao_DSC_0281_id107.png,RGB_JPG_IMPUREZAS,RGB_JPG_IMPUREZAS
C:\Users\eduar\Desktop\Soybe-main\data\com_fundo\RGB_JPG_IMPUREZAS\grao_DSC_0281_id108.png,RGB_JPG_IMPUREZAS,RGB_JPG_IMPUREZAS
C:\Users\eduar\Desktop\Soybe-main\data\com_fundo\RGB_JPG_IMPUREZAS\grao_DSC_0281_id109.png,RGB_JPG_IMPUREZAS,RGB_JPG_IMPUREZAS
C:\Users\eduar\Desktop\Soybe-main\data\com_fundo\RGB_JPG_IMPUREZAS\grao_DSC_0281_id11.png,RGB_JPG_IMPUREZAS,RGB_JPG_IMPUREZAS
C:\Users\eduar\Desktop\Soybe-main\data\com_fundo\RGB_JPG_IMPUREZAS\grao_DSC_0281_id110.png,RGB_JPG_IMPUREZAS,RGB_JPG_IMPUREZAS
C:\Users\eduar\Desktop\Soybe-main\data\com_fundo\RGB_JPG_IMPUREZAS\grao_DSC_0281_id114.png,RGB_JPG_IMPUREZAS,RGB_JPG_IMPUREZAS
C:\Users\eduar\Desktop\Soybe-main\data\com_fundo\RGB_JPG_IMPUREZAS\grao_DSC_0281_id115.png,RGB_JPG_IMPUREZAS,RGB_JPG_IMPUREZAS
C:\Users\eduar\Desktop\Soybe-main\data\com_fundo\RGB_JPG_IMPUREZAS\grao_DSC_0281_id116.png,RGB_JPG_IMPUREZAS,RGB_JPG_IMPUREZAS
C:\Users\eduar\Desktop\Soybe-main\data\com_fundo\RGB_JPG_IMPUREZAS\grao_DSC_0281_id12.png,RGB_JPG_IMPUREZAS,RGB_JPG_IMPUREZAS
C:\Users\eduar\Desktop\Soybe-main\data\com_fundo\RGB_JPG_IMPUREZAS\grao_DSC_0281_id122.png,RGB_JPG_IMPUREZAS,RGB_JPG_IMPUREZAS
C:\Users\eduar\Desktop\Soybe-main\data\com_fundo\RGB_JPG_IMPUREZAS\grao_DSC_0281_id123.png,RGB_JPG_IMPUREZAS,RGB_JPG_IMPUREZAS
C:\Users\eduar\Desktop\Soybe-main\data\com_fundo\RGB_JPG_IMPUREZAS\grao_DSC_0281_id124.png,RGB_JPG_IMPUREZAS,RGB_JPG_IMPUREZAS
C:\Users\eduar\Desktop\Soybe-main\data\com_fundo\RGB_JPG_IMPUREZAS\grao_DSC_0281_id127.png,RGB_JPG_IMPUREZAS,RGB_JPG_IMPUREZAS
C:\Users\eduar\Desktop\Soybe-main\data\com_fundo\RGB_JPG_IMPUREZAS\grao_DSC_0281_id129.png,RGB_JPG_IMPUREZAS,RGB_JPG_IMPUREZAS
C:\Users\eduar\Desktop\Soybe-main\data\com_fundo\RGB_JPG_IMPUREZAS\grao_DSC_0281_id131.png,RGB_JPG_IMPUREZAS,RGB_JPG_IMPUREZAS
C:\Users\eduar\Desktop\Soybe-main\data\com_fundo\RGB_JPG_IMPUREZAS\grao_DSC_0281_id133.png,RGB_JPG_IMPUREZAS,RGB_JPG_IMPUREZAS
C:\Users\eduar\Desktop\Soybe-main\data\com_fundo\RGB_JPG_IMPUREZAS\grao_DSC_0281_id134.png,RGB_JPG_IMPUREZAS,RGB_JPG_IMPUREZAS
C:\Users\eduar\Desktop\Soybe-main\data\com_fundo\RGB_JPG_IMPUREZAS\grao_DSC_0281_id135.png,RGB_JPG_IMPUREZAS,RGB_JPG_IMPUREZAS
C:\Users\eduar\Desktop\Soybe-main\data\com_fundo\RGB_JPG_IMPUREZAS\grao_DSC_0281_id136.png,RGB_JPG_IMPUREZAS,RGB_JPG_IMPUREZAS
C:\Users\eduar\Desktop\Soybe-main\data\com_fundo\RGB_JPG_IMPUREZAS\grao_DSC_0281_id137.png,RGB_JPG_IMPUREZAS,RGB_JPG_IMPUREZAS
C:\Users\eduar\Desktop\Soybe-main\data\com_fundo\RGB_JPG_IMPUREZAS\grao_DSC_0281_id138.png,RGB_JPG_IMPUREZAS,RGB_JPG_IMPUREZAS
C:\Users\eduar\Desktop\Soybe-main\data\com_fundo\RGB_JPG_IMPUREZAS\grao_DSC_0281_id139.png,RGB_JPG_IMPUREZAS,RGB_JPG_IMPUREZAS
C:\Users\eduar\Desktop\Soybe-main\data\com_fundo\RGB_JPG_IMPUREZAS\grao_DSC_0281_id14.png,RGB_JPG_IMPUREZAS,RGB_JPG_IMPUREZAS
C:\Users\eduar\Desktop\Soybe-main\data\com_fundo\RGB_JPG_IMPUREZAS\grao_DSC_0281_id141.png,RGB_JPG_IMPUREZAS,RGB_JPG_IMPUREZAS
C:\Users\eduar\Desktop\Soybe-main\data\com_fundo\RGB_JPG_IMPUREZAS\grao_DSC_0281_id142.png,RGB_JPG_IMPUREZAS,RGB_JPG_IMPUREZAS
C:\Users\eduar\Desktop\Soybe-main\data\com_fundo\RGB_JPG_IMPUREZAS\grao_DSC_0281_id145.png,RGB_JPG_IMPUREZAS,RGB_JPG_IMPUREZAS
C:\Users\eduar\Desktop\Soybe-main\data\com_fundo\RGB_JPG_IMPUREZAS\grao_DSC_0281_id147.png,RGB_JPG_IMPUREZAS,RGB_JPG_IMPUREZAS
C:\Users\eduar\Desktop\Soybe-main\data\com_fundo\RGB_JPG_IMPUREZAS\grao_DSC_0281_id148.png,RGB_JPG_IMPUREZAS,RGB_JPG_IMPUREZAS
C:\Users\eduar\Desktop\Soybe-main\data\com_fundo\RGB_JPG_IMPUREZAS\grao_DSC_0281_id149.png,RGB_JPG_IMPUREZAS,RGB_JPG_IMPUREZAS
C:\Users\eduar\Desktop\Soybe-main\data\com_fundo\RGB_JPG_IMPUREZAS\grao_DSC_0281_id15.png,RGB_JPG_IMPUREZAS,RGB_JPG_IMPUREZAS
C:\Users\eduar\Desktop\Soybe-main\data\com_fundo\RGB_JPG_IMPUREZAS\grao_DSC_0281_id151.png,RGB_JPG_IMPUREZAS,RGB_JPG_IMPUREZAS
C:\Users\eduar\Desktop\Soybe-main\data\com_fundo\RGB_JPG_IMPUREZAS\grao_DSC_0281_id155.png,RGB_JPG_IMPUREZAS,RGB_JPG_IMPUREZAS
C:\Users\eduar\Desktop\Soybe-main\data\com_fundo\RGB_JPG_IMPUREZAS\grao_DSC_0281_id156.png,RGB_JPG_IMPUREZAS,RGB_JPG_IMPUREZAS
C:\Users\eduar\Desktop\Soybe-main\data\com_fundo\RGB_JPG_IMPUREZAS\grao_DSC_0281_id157.png,RGB_JPG_IMPUREZAS,RGB_JPG_IMPUREZAS
C:\Users\eduar\Desktop\Soybe-main\data\com_fundo\RGB_JPG_IMPUREZAS\grao_DSC_0281_id159.png,RGB_JPG_IMPUREZAS,RGB_JPG_IMPUREZAS
C:\Users\eduar\Desktop\Soybe-main\data\com_fundo\RGB_JPG_IMPUREZAS\grao_DSC_0281_id16.png,RGB_JPG_IMPUREZAS,RGB_JPG_IMPUREZAS
C:\Users\eduar\Desktop\Soybe-main\data\com_fundo\RGB_JPG_IMPUREZAS\grao_DSC_0281_id161.png,RGB_JPG_IMPUREZAS,RGB_JPG_IMPUREZAS
C:\Users\eduar\Desktop\Soybe-main\data\com_fundo\RGB_JPG_IMPUREZAS\grao_DSC_0281_id162.png,RGB_JPG_IMPUREZAS,RGB_JPG_IMPUREZAS
C:\Users\eduar\Desktop\Soybe-main\data\com_fundo\RGB_JPG_IMPUREZAS\grao_DSC_0281_id163.png,RGB_JPG_IMPUREZAS,RGB_JPG_IMPUREZAS
C:\Users\eduar\Desktop\Soybe-main\data\com_fundo\RGB_JPG_IMPUREZAS\grao_DSC_0281_id164.png,RGB_JPG_IMPUREZAS,RGB_JPG_IMPUREZAS
C:\Users\eduar\Desktop\Soybe-main\data\com_fundo\RGB_JPG_IMPUREZAS\grao_DSC_0281_id165.png,RGB_JPG_IMPUREZAS,RGB_JPG_IMPUREZAS
C:\Users\eduar\Desktop\Soybe-main\data\com_fundo\RGB_JPG_IMPUREZAS\grao_DSC_0281_id166.png,RGB_JPG_IMPUREZAS,RGB_JPG_IMPUREZAS
C:\Users\eduar\Desktop\Soybe-main\data\com_fundo\RGB_JPG_IMPUREZAS\grao_DSC_0281_id167.png,RGB_JPG_IMPUREZAS,RGB_JPG_IMPUREZAS
C:\Users\eduar\Desktop\Soybe-main\data\com_fundo\RGB_JPG_IMPUREZAS\grao_DSC_0281_id168.png,RGB_JPG_IMPUREZAS,RGB_JPG_IMPUREZAS
C:\Users\eduar\Desktop\Soybe-main\data\com_fundo\RGB_JPG_IMPUREZAS\grao_DSC_0281_id169.png,RGB_JPG_IMPUREZAS,RGB_JPG_IMPUREZAS
C:\Users\eduar\Desktop\Soybe-main\data\com_fundo\RGB_JPG_IMPUREZAS\grao_DSC_0281_id172.png,RGB_JPG_IMPUREZAS,RGB_JPG_IMPUREZAS
C:\Users\eduar\Desktop\Soybe-main\data\com_fundo\RGB_JPG_IMPUREZAS\grao_DSC_0281_id174.png,RGB_JPG_IMPUREZAS,RGB_JPG_IMPUREZAS
C:\Users\eduar\Desktop\Soybe-main\data\com_fundo\RGB_JPG_IMPUREZAS\grao_DSC_0281_id175.png,RGB_JPG_IMPUREZAS,RGB_JPG_IMPUREZAS
C:\Users\eduar\Desktop\Soybe-main\data\com_fundo\RGB_JPG_IMPUREZAS\grao_DSC_0281_id18.png,RGB_JPG_IMPUREZAS,RGB_JPG_IMPUREZAS
C:\Users\eduar\Desktop\Soybe-main\data\com_fundo\RGB_JPG_IMPUREZAS\grao_DSC_0281_id185.png,RGB_JPG_IMPUREZAS,RGB_JPG_IMPUREZAS
C:\Users\eduar\Desktop\Soybe-main\data\com_fundo\RGB_JPG_IMPUREZAS\grao_DSC_0281_id186.png,RGB_JPG_IMPUREZAS,RGB_JPG_IMPUREZAS
C:\Users\eduar\Desktop\Soybe-main\data\com_fundo\RGB_JPG_IMPUREZAS\grao_DSC_0281_id187.png,RGB_JPG_IMPUREZAS,RGB_JPG_IMPUREZAS
C:\Users\eduar\Desktop\Soybe-main\data\com_fundo\RGB_JPG_IMPUREZAS\grao_DSC_0281_id188.png,RGB_JPG_IMPUREZAS,RGB_JPG_IMPUREZAS
C:\Users\eduar\Desktop\Soybe-main\data\com_fundo\RGB_JPG_IMPUREZAS\grao_DSC_0281_id189.png,RGB_JPG_IMPUREZAS,RGB_JPG_IMPUREZAS
C:\Users\eduar\Desktop\Soybe-main\data\com_fundo\RGB_JPG_IMPUREZAS\grao_DSC_0281_id190.png,RGB_JPG_IMPUREZAS,RGB_JPG_IMPUREZAS
C:\Users\eduar\Desktop\Soybe-main\data\com_fundo\RGB_JPG_IMPUREZAS\grao_DSC_0281_id191.png,RGB_JPG_IMPUREZAS,RGB_JPG_IMPUREZAS
C:\Users\eduar\Desktop\Soybe-main\data\com_fundo\RGB_JPG_IMPUREZAS\grao_DSC_0281_id192.png,RGB_JPG_IMPUREZAS,RGB_JPG_IMPUREZAS
C:\Users\eduar\Desktop\Soybe-main\data\com_fundo\RGB_JPG_IMPUREZAS\grao_DSC_0281_id194.png,RGB_JPG_IMPUREZAS,RGB_JPG_IMPUREZAS
C:\Users\eduar\Desktop\Soybe-main\data\com_fundo\RGB_JPG_IMPUREZAS\grao_DSC_0281_id199.png,RGB_JPG_IMPUREZAS,RGB_JPG_IMPUREZAS
C:\Users\eduar\Desktop\Soybe-main\data\com_fundo\RGB_JPG_IMPUREZAS\grao_DSC_0281_id2.png,RGB_JPG_IMPUREZAS,RGB_JPG_IMPUREZAS
C:\Users\eduar\Desktop\Soybe-main\data\com_fundo\RGB_JPG_IMPUREZAS\grao_DSC_0281_id20.png,RGB_JPG_IMPUREZAS,RGB_JPG_IMPUREZAS
C:\Users\eduar\Desktop\Soybe-main\data\com_fundo\RGB_JPG_IMPUREZAS\grao_DSC_0281_id206.png,RGB_JPG_IMPUREZAS,RGB_JPG_IMPUREZAS
C:\Users\eduar\Desktop\Soybe-main\data\com_fundo\RGB_JPG_IMPUREZAS\grao_DSC_0281_id207.png,RGB_JPG_IMPUREZAS,RGB_JPG_IMPUREZAS
C:\Users\eduar\Desktop\Soybe-main\data\com_fundo\RGB_JPG_IMPUREZAS\grao_DSC_0281_id208.png,RGB_JPG_IMPUREZAS,RGB_JPG_IMPUREZAS
C:\Users\eduar\Desktop\Soybe-main\data\com_fundo\RGB_JPG_IMPUREZAS\grao_DSC_0281_id210.png,RGB_JPG_IMPUREZAS,RGB_JPG_IMPUREZAS
C:\Users\eduar\Desktop\Soybe-main\data\com_fundo\RGB_JPG_IMPUREZAS\grao_DSC_0281_id211.png,RGB_JPG_IMPUREZAS,RGB_JPG_IMPUREZAS
C:\Users\eduar\Desktop\Soybe-main\data\com_fundo\RGB_JPG_IMPUREZAS\grao_DSC_0281_id212.png,RGB_JPG_IMPUREZAS,RGB_JPG_IMPUREZAS
C:\Users\eduar\Desktop\Soybe-main\data\com_fundo\RGB_JPG_IMPUREZAS\grao_DSC_0281_id213.png,RGB_JPG_IMPUREZAS,RGB_JPG_IMPUREZAS
C:\Users\eduar\Desktop\Soybe-main\data\com_fundo\RGB_JPG_IMPUREZAS\grao_DSC_0281_id214.png,RGB_JPG_IMPUREZAS,RGB_JPG_IMPUREZAS
C:\Users\eduar\Desktop\Soybe-main\data\com_fundo\RGB_JPG_IMPUREZAS\grao_DSC_0281_id215.png,RGB_JPG_IMPUREZAS,RGB_JPG_IMPUREZAS
C:\Users\eduar\Desktop\Soybe-main\data\com_fundo\RGB_JPG_IMPUREZAS\grao_DSC_0281_id217.png,RGB_JPG_IMPUREZAS,RGB_JPG_IMPUREZAS
C:\Users\eduar\Desktop\Soybe-main\data\com_fundo\RGB_JPG_IMPUREZAS\grao_DSC_0281_id22.png,RGB_JPG_IMPUREZAS,RGB_JPG_IMPUREZAS
C:\Users\eduar\Desktop\Soybe-main\data\com_fundo\RGB_JPG_IMPUREZAS\grao_DSC_0281_id221.png,RGB_JPG_IMPUREZAS,RGB_JPG_IMPUREZAS
C:\Users\eduar\Desktop\Soybe-main\data\com_fundo\RGB_JPG_IMPUREZAS\grao_DSC_0281_id222.png,RGB_JPG_IMPUREZAS,RGB_JPG_IMPUREZAS
C:\Users\eduar\Desktop\Soybe-main\data\com_fundo\RGB_JPG_IMPUREZAS\grao_DSC_0281_id228.png,RGB_JPG_IMPUREZAS,RGB_JPG_IMPUREZAS
C:\Users\eduar\Desktop\Soybe-main\data\com_fundo\RGB_JPG_IMPUREZAS\grao_DSC_0281_id230.png,RGB_JPG_IMPUREZAS,RGB_JPG_IMPUREZAS
C:\Users\eduar\Desktop\Soybe-main\data\com_fundo\RGB_JPG_IMPUREZAS\grao_DSC_0281_id231.png,RGB_JPG_IMPUREZAS,RGB_JPG_IMPUREZAS
C:\Users\eduar\Desktop\Soybe-main\data\com_fundo\RGB_JPG_IMPUREZAS\grao_DSC_0281_id232.png,RGB_JPG_IMPUREZAS,RGB_JPG_IMPUREZAS
C:\Users\eduar\Desktop\Soybe-main\data\com_fundo\RGB_JPG_IMPUREZAS\grao_DSC_0281_id233.png,RGB_JPG_IMPUREZAS,RGB_JPG_IMPUREZAS
C:\Users\eduar\Desktop\Soybe-main\data\com_fundo\RGB_JPG_IMPUREZAS\grao_DSC_0281_id234.png,RGB_JPG_IMPUREZAS,RGB_JPG_IMPUREZAS
C:\Users\eduar\Desktop\Soybe-main\data\com_fundo\RGB_JPG_IMPUREZAS\grao_DSC_0281_id235.png,RGB_JPG_IMPUREZAS,RGB_JPG_IMPUREZAS
C:\Users\eduar\Desktop\Soybe-main\data\com_fundo\RGB_JPG_IMPUREZAS\grao_DSC_0281_id237.png,RGB_JPG_IMPUREZAS,RGB_JPG_IMPUREZAS
C:\Users\eduar\Desktop\Soybe-main\data\com_fundo\RGB_JPG_IMPUREZAS\grao_DSC_0281_id238.png,RGB_JPG_IMPUREZAS,RGB_JPG_IMPUREZAS
C:\Users\eduar\Desktop\Soybe-main\data\com_fundo\RGB_JPG_IMPUREZAS\grao_DSC_0281_id239.png,RGB_JPG_IMPUREZAS,RGB_JPG_IMPUREZAS
C:\Users\eduar\Desktop\Soybe-main\data\com_fundo\RGB_JPG_IMPUREZAS\grao_DSC_0281_id240.png,RGB_JPG_IMPUREZAS,RGB_JPG_IMPUREZAS
C:\Users\eduar\Desktop\Soybe-main\data\com_fundo\RGB_JPG_IMPUREZAS\grao_DSC_0281_id242.png,RGB_JPG_IMPUREZAS,RGB_JPG_IMPUREZAS
C:\Users\eduar\Desktop\Soybe-main\data\com_fundo\RGB_JPG_IMPUREZAS\grao_DSC_0281_id246.png,RGB_JPG_IMPUREZAS,RGB_JPG_IMPUREZAS
C:\Users\eduar\Desktop\Soybe-main\data\com_fundo\RGB_JPG_IMPUREZAS\grao_DSC_0281_id249.png,RGB_JPG_IMPUREZAS,RGB_JPG_IMPUREZAS
C:\Users\eduar\Desktop\Soybe-main\data\com_fundo\RGB_JPG_IMPUREZAS\grao_DSC_0281_id250.png,RGB_JPG_IMPUREZAS,RGB_JPG_IMPUREZAS
C:\Users\eduar\Desktop\Soybe-main\data\com_fundo\RGB_JPG_IMPUREZAS\grao_DSC_0281_id251.png,RGB_JPG_IMPUREZAS,RGB_JPG_IMPUREZAS
C:\Users\eduar\Desktop\Soybe-main\data\com_fundo\RGB_JPG_IMPUREZAS\grao_DSC_0281_id252.png,RGB_JPG_IMPUREZAS,RGB_JPG_IMPUREZAS
C:\Users\eduar\Desktop\Soybe-main\data\com_fundo\RGB_JPG_IMPUREZAS\grao_DSC_0281_id253.png,RGB_JPG_IMPUREZAS,RGB_JPG_IMPUREZAS
C:\Users\eduar\Desktop\Soybe-main\data\com_fundo\RGB_JPG_IMPUREZAS\grao_DSC_0281_id254.png,RGB_JPG_IMPUREZAS,RGB_JPG_IMPUREZAS
C:\Users\eduar\Desktop\Soybe-main\data\com_fundo\RGB_JPG_IMPUREZAS\grao_DSC_0281_id255.png,RGB_JPG_IMPUREZAS,RGB_JPG_IMPUREZAS
C:\Users\eduar\Desktop\Soybe-main\data\com_fundo\RGB_JPG_IMPUREZAS\grao_DSC_0281_id256.png,RGB_JPG_IMPUREZAS,RGB_JPG_IMPUREZAS
C:\Users\eduar\Desktop\Soybe-main\data\com_fundo\RGB_JPG_IMPUREZAS\grao_DSC_0281_id257.png,RGB_JPG_IMPUREZAS,RGB_JPG_IMPUREZAS
C:\Users\eduar\Desktop\Soybe-main\data\com_fundo\RGB_JPG_IMPUREZAS\grao_DSC_0281_id258.png,RGB_JPG_IMPUREZAS,RGB_JPG_IMPUREZAS
C:\Users\eduar\Desktop\Soybe-main\data\com_fundo\RGB_JPG_IMPUREZAS\grao_DSC_0281_id259.png,RGB_JPG_IMPUREZAS,RGB_JPG_IMPUREZAS
C:\Users\eduar\Desktop\Soybe-main\data\com_fundo\RGB_JPG_IMPUREZAS\grao_DSC_0281_id260.png,RGB_JPG_IMPUREZAS,RGB_JPG_IMPUREZAS
C:\Users\eduar\Desktop\Soybe-main\data\com_fundo\RGB_JPG_IMPUREZAS\grao_DSC_0281_id261.png,RGB_JPG_IMPUREZAS,RGB_JPG_IMPUREZAS
C:\Users\eduar\Desktop\Soybe-main\data\com_fundo\RGB_JPG_IMPUREZAS\grao_DSC_0281_id262.png,RGB_JPG_IMPUREZAS,RGB_JPG_IMPUREZAS
C:\Users\eduar\Desktop\Soybe-main\data\com_fundo\RGB_JPG_IMPUREZAS\grao_DSC_0281_id263.png,RGB_JPG_IMPUREZAS,RGB_JPG_IMPUREZAS
C:\Users\eduar\Desktop\Soybe-main\data\com_fundo\RGB_JPG_IMPUREZAS\grao_DSC_0281_id270.png,RGB_JPG_IMPUREZAS,RGB_JPG_IMPUREZAS
C:\Users\eduar\Desktop\Soybe-main\data\com_fundo\RGB_JPG_IMPUREZAS\grao_DSC_0281_id274.png,RGB_JPG_IMPUREZAS,RGB_JPG_IMPUREZAS
C:\Users\eduar\Desktop\Soybe-main\data\com_fundo\RGB_JPG_IMPUREZAS\grao_DSC_0281_id275.png,RGB_JPG_IMPUREZAS,RGB_JPG_IMPUREZAS
C:\Users\eduar\Desktop\Soybe-main\data\com_fundo\RGB_JPG_IMPUREZAS\grao_DSC_0281_id29.png,RGB_JPG_IMPUREZAS,RGB_JPG_IMPUREZAS
C:\Users\eduar\Desktop\Soybe-main\data\com_fundo\RGB_JPG_IMPUREZAS\grao_DSC_0281_id3.png,RGB_JPG_IMPUREZAS,RGB_JPG_IMPUREZAS
C:\Users\eduar\Desktop\Soybe-main\data\com_fundo\RGB_JPG_IMPUREZAS\grao_DSC_0281_id30.png,RGB_JPG_IMPUREZAS,RGB_JPG_IMPUREZAS
C:\Users\eduar\Desktop\Soybe-main\data\com_fundo\RGB_JPG_IMPUREZAS\grao_DSC_0281_id31.png,RGB_JPG_IMPUREZAS,RGB_JPG_IMPUREZAS
C:\Users\eduar\Desktop\Soybe-main\data\com_fundo\RGB_JPG_IMPUREZAS\grao_DSC_0281_id32.png,RGB_JPG_IMPUREZAS,RGB_JPG_IMPUREZAS
C:\Users\eduar\Desktop\Soybe-main\data\com_fundo\RGB_JPG_IMPUREZAS\grao_DSC_0281_id34.png,RGB_JPG_IMPUREZAS,RGB_JPG_IMPUREZAS
C:\Users\eduar\Desktop\Soybe-main\data\com_fundo\RGB_JPG_IMPUREZAS\grao_DSC_0281_id35.png,RGB_JPG_IMPUREZAS,RGB_JPG_IMPUREZAS
C:\Users\eduar\Desktop\Soybe-main\data\com_fundo\RGB_JPG_IMPUREZAS\grao_DSC_0281_id36.png,RGB_JPG_IMPUREZAS,RGB_JPG_IMPUREZAS
C:\Users\eduar\Desktop\Soybe-main\data\com_fundo\RGB_JPG_IMPUREZAS\grao_DSC_0281_id37.png,RGB_JPG_IMPUREZAS,RGB_JPG_IMPUREZAS
C:\Users\eduar\Desktop\Soybe-main\data\com_fundo\RGB_JPG_IMPUREZAS\grao_DSC_0281_id39.png,RGB_JPG_IMPUREZAS,RGB_JPG_IMPUREZAS
C:\Users\eduar\Desktop\Soybe-main\data\com_fundo\RGB_JPG_IMPUREZAS\grao_DSC_0281_id44.png,RGB_JPG_IMPUREZAS,RGB_JPG_IMPUREZAS
C:\Users\eduar\Desktop\Soybe-main\data\com_fundo\RGB_JPG_IMPUREZAS\grao_DSC_0281_id46.png,RGB_JPG_IMPUREZAS,RGB_JPG_IMPUREZAS
C:\Users\eduar\Desktop\Soybe-main\data\com_fundo\RGB_JPG_IMPUREZAS\grao_DSC_0281_id48.png,RGB_JPG_IMPUREZAS,RGB_JPG_IMPUREZAS
C:\Users\eduar\Desktop\Soybe-main\data\com_fundo\RGB_JPG_IMPUREZAS\grao_DSC_0281_id49.png,RGB_JPG_IMPUREZAS,RGB_JPG_IMPUREZAS
C:\Users\eduar\Desktop\Soybe-main\data\com_fundo\RGB_JPG_IMPUREZAS\grao_DSC_0281_id5.png,RGB_JPG_IMPUREZAS,RGB_JPG_IMPUREZAS
C:\Users\eduar\Desktop\Soybe-main\data\com_fundo\RGB_JPG_IMPUREZAS\grao_DSC_0281_id50.png,RGB_JPG_IMPUREZAS,RGB_JPG_IMPUREZAS
C:\Users\eduar\Desktop\Soybe-main\data\com_fundo\RGB_JPG_IMPUREZAS\grao_DSC_0281_id51.png,RGB_JPG_IMPUREZAS,RGB_JPG_IMPUREZAS
C:\Users\eduar\Desktop\Soybe-main\data\com_fundo\RGB_JPG_IMPUREZAS\grao_DSC_0281_id56.png,RGB_JPG_IMPUREZAS,RGB_JPG_IMPUREZAS
C:\Users\eduar\Desktop\Soybe-main\data\com_fundo\RGB_JPG_IMPUREZAS\grao_DSC_0281_id60.png,RGB_JPG_IMPUREZAS,RGB_JPG_IMPUREZAS
C:\Users\eduar\Desktop\Soybe-main\data\com_fundo\RGB_JPG_IMPUREZAS\grao_DSC_0281_id63.png,RGB_JPG_IMPUREZAS,RGB_JPG_IMPUREZAS
C:\Users\eduar\Desktop\Soybe-main\data\com_fundo\RGB_JPG_IMPUREZAS\grao_DSC_0281_id64.png,RGB_JPG_IMPUREZAS,RGB_JPG_IMPUREZAS
C:\Users\eduar\Desktop\Soybe-main\data\com_fundo\RGB_JPG_IMPUREZAS\grao_DSC_0281_id65.png,RGB_JPG_IMPUREZAS,RGB_JPG_IMPUREZAS
C:\Users\eduar\Desktop\Soybe-main\data\com_fundo\RGB_JPG_IMPUREZAS\grao_DSC_0281_id66.png,RGB_JPG_IMPUREZAS,RGB_JPG_IMPUREZAS
C:\Users\eduar\Desktop\Soybe-main\data\com_fundo\RGB_JPG_IMPUREZAS\grao_DSC_0281_id67.png,RGB_JPG_IMPUREZAS,RGB_JPG_IMPUREZAS
C:\Users\eduar\Desktop\Soybe-main\data\com_fundo\RGB_JPG_IMPUREZAS\grao_DSC_0281_id68.png,RGB_JPG_IMPUREZAS,RGB_JPG_IMPUREZAS
C:\Users\eduar\Desktop\Soybe-main\data\com_fundo\RGB_JPG_IMPUREZAS\grao_DSC_0281_id72.png,RGB_JPG_IMPUREZAS,RGB_JPG_IMPUREZAS
C:\Users\eduar\Desktop\Soybe-main\data\com_fundo\RGB_JPG_IMPUREZAS\grao_DSC_0281_id76.png,RGB_JPG_IMPUREZAS,RGB_JPG_IMPUREZAS
C:\Users\eduar\Desktop\Soybe-main\data\com_fundo\RGB_JPG_IMPUREZAS\grao_DSC_0281_id77.png,RGB_JPG_IMPUREZAS,RGB_JPG_IMPUREZAS
C:\Users\eduar\Desktop\Soybe-main\data\com_fundo\RGB_JPG_IMPUREZAS\grao_DSC_0281_id78.png,RGB_JPG_IMPUREZAS,RGB_JPG_IMPUREZAS
C:\Users\eduar\Desktop\Soybe-main\data\com_fundo\RGB_JPG_IMPUREZAS\grao_DSC_0281_id81.png,RGB_JPG_IMPUREZAS,RGB_JPG_IMPUREZAS
C:\Users\eduar\Desktop\Soybe-main\data\com_fundo\RGB_JPG_IMPUREZAS\grao_DSC_0281_id82.png,RGB_JPG_IMPUREZAS,RGB_JPG_IMPUREZAS
C:\Users\eduar\Desktop\Soybe-main\data\com_fundo\RGB_JPG_IMPUREZAS\grao_DSC_0281_id83.png,RGB_JPG_IMPUREZAS,RGB_JPG_IMPUREZAS
C:\Users\eduar\Desktop\Soybe-main\data\com_fundo\RGB_JPG_IMPUREZAS\grao_DSC_0281_id84.png,RGB_JPG_IMPUREZAS,RGB_JPG_IMPUREZAS
C:\Users\eduar\Desktop\Soybe-main\data\com_fundo\RGB_JPG_IMPUREZAS\grao_DSC_0281_id85.png,RGB_JPG_IMPUREZAS,RGB_JPG_IMPUREZAS
C:\Users\eduar\Desktop\Soybe-main\data\com_fundo\RGB_JPG_IMPUREZAS\grao_DSC_0281_id86.png,RGB_JPG_IMPUREZAS,RGB_JPG_IMPUREZAS
C:\Users\eduar\Desktop\Soybe-main\data\com_fundo\RGB_JPG_IMPUREZAS\grao_DSC_0281_id87.png,RGB_JPG_IMPUREZAS,RGB_JPG_IMPUREZAS
C:\Users\eduar\Desktop\Soybe-main\data\com_fundo\RGB_JPG_IMPUREZAS\grao_DSC_0281_id88.png,RGB_JPG_IMPUREZAS,RGB_JPG_IMPUREZAS
C:\Users\eduar\Desktop\Soybe-main\data\com_fundo\RGB_JPG_IMPUREZAS\grao_DSC_0281_id89.png,RGB_JPG_IMPUREZAS,RGB_JPG_IMPUREZAS
C:\Users\eduar\Desktop\Soybe-main\data\com_fundo\RGB_JPG_IMPUREZAS\grao_DSC_0281_id90.png,RGB_JPG_IMPUREZAS,RGB_JPG_IMPUREZAS
C:\Users\eduar\Desktop\Soybe-main\data\com_fundo\RGB_JPG_IMPUREZAS\grao_DSC_0281_id92.png,RGB_JPG_IMPUREZAS,RGB_JPG_IMPUREZAS
C:\Users\eduar\Desktop\Soybe-main\data\com_fundo\RGB_JPG_IMPUREZAS\grao_DSC_0281_id94.png,RGB_JPG_IMPUREZAS,RGB_JPG_IMPUREZAS
C:\Users\eduar\Desktop\Soybe-main\data\com_fundo\RGB_JPG_IMPUREZAS\grao_DSC_0281_id96.png,RGB_JPG_IMPUREZAS,RGB_JPG_IMPUREZAS
C:\Users\eduar\Desktop\Soybe-main\data\com_fundo\RGB_JPG_IMPUREZAS\grao_DSC_0281_id98.png,RGB_JPG_IMPUREZAS,RGB_JPG_IMPUREZAS
C:\Users\eduar\Desktop\Soybe-main\data\com_fundo\RGB_JPG_IMPUREZAS\grao_DSC_0281_id99.png,RGB_JPG_IMPUREZAS,RGB_JPG_IMPUREZAS
C:\Users\eduar\Desktop\Soybe-main\data\com_fundo\RGB_JPG_IMPUREZAS\grao_DSC_0292_id1.png,RGB_JPG_IMPUREZAS,RGB_JPG_IMPUREZAS
C:\Users\eduar\Desktop\Soybe-main\data\com_fundo\RGB_JPG_IMPUREZAS\grao_DSC_0292_id105.png,RGB_JPG_IMPUREZAS,RGB_JPG_IMPUREZAS
C:\Users\eduar\Desktop\Soybe-main\data\com_fundo\RGB_JPG_IMPUREZAS\grao_DSC_0292_id106.png,RGB_JPG_IMPUREZAS,RGB_JPG_IMPUREZAS
C:\Users\eduar\Desktop\Soybe-main\data\com_fundo\RGB_JPG_IMPUREZAS\grao_DSC_0292_id109.png,RGB_JPG_IMPUREZAS,RGB_JPG_IMPUREZAS
C:\Users\eduar\Desktop\Soybe-main\data\com_fundo\RGB_JPG_IMPUREZAS\grao_DSC_0292_id110.png,RGB_JPG_IMPUREZAS,RGB_JPG_IMPUREZAS
C:\Users\eduar\Desktop\Soybe-main\data\com_fundo\RGB_JPG_IMPUREZAS\grao_DSC_0292_id111.png,RGB_JPG_IMPUREZAS,RGB_JPG_IMPUREZAS
C:\Users\eduar\Desktop\Soybe-main\data\com_fundo\RGB_JPG_IMPUREZAS\grao_DSC_0292_id112.png,RGB_JPG_IMPUREZAS,RGB_JPG_IMPUREZAS
C:\Users\eduar\Desktop\Soybe-main\data\com_fundo\RGB_JPG_IMPUREZAS\grao_DSC_0292_id113.png,RGB_JPG_IMPUREZAS,RGB_JPG_IMPUREZAS
C:\Users\eduar\Desktop\Soybe-main\data\com_fundo\RGB_JPG_IMPUREZAS\grao_DSC_0292_id114.png,RGB_JPG_IMPUREZAS,RGB_JPG_IMPUREZAS
C:\Users\eduar\Desktop\Soybe-main\data\com_fundo\RGB_JPG_IMPUREZAS\grao_DSC_0292_id115.png,RGB_JPG_IMPUREZAS,RGB_JPG_IMPUREZAS
C:\Users\eduar\Desktop\Soybe-main\data\com_fundo\RGB_JPG_IMPUREZAS\grao_DSC_0292_id116.png,RGB_JPG_IMPUREZAS,RGB_JPG_IMPUREZAS
C:\Users\eduar\Desktop\Soybe-main\data\com_fundo\RGB_JPG_IMPUREZAS\grao_DSC_0292_id117.png,RGB_JPG_IMPUREZAS,RGB_JPG_IMPUREZAS
C:\Users\eduar\Desktop\Soybe-main\data\com_fundo\RGB_JPG_IMPUREZAS\grao_DSC_0292_id118.png,RGB_JPG_IMPUREZAS,RGB_JPG_IMPUREZAS
C:\Users\eduar\Desktop\Soybe-main\data\com_fundo\RGB_JPG_IMPUREZAS\grao_DSC_0292_id119.png,RGB_JPG_IMPUREZAS,RGB_JPG_IMPUREZAS
C:\Users\eduar\Desktop\Soybe-main\data\com_fundo\RGB_JPG_IMPUREZAS\grao_DSC_0292_id12.png,RGB_JPG_IMPUREZAS,RGB_JPG_IMPUREZAS
C:\Users\eduar\Desktop\Soybe-main\data\com_fundo\RGB_JPG_IMPUREZAS\grao_DSC_0292_id120.png,RGB_JPG_IMPUREZAS,RGB_JPG_IMPUREZAS
C:\Users\eduar\Desktop\Soybe-main\data\com_fundo\RGB_JPG_IMPUREZAS\grao_DSC_0292_id122.png,RGB_JPG_IMPUREZAS,RGB_JPG_IMPUREZAS
C:\Users\eduar\Desktop\Soybe-main\data\com_fundo\RGB_JPG_IMPUREZAS\grao_DSC_0292_id124.png,RGB_JPG_IMPUREZAS,RGB_JPG_IMPUREZAS
C:\Users\eduar\Desktop\Soybe-main\data\com_fundo\RGB_JPG_IMPUREZAS\grao_DSC_0292_id125.png,RGB_JPG_IMPUREZAS,RGB_JPG_IMPUREZAS
C:\Users\eduar\Desktop\Soybe-main\data\com_fundo\RGB_JPG_IMPUREZAS\grao_DSC_0292_id127.png,RGB_JPG_IMPUREZAS,RGB_JPG_IMPUREZAS
C:\Users\eduar\Desktop\Soybe-main\data\com_fundo\RGB_JPG_IMPUREZAS\grao_DSC_0292_id131.png,RGB_JPG_IMPUREZAS,RGB_JPG_IMPUREZAS
C:\Users\eduar\Desktop\Soybe-main\data\com_fundo\RGB_JPG_IMPUREZAS\grao_DSC_0292_id133.png,RGB_JPG_IMPUREZAS,RGB_JPG_IMPUREZAS
C:\Users\eduar\Desktop\Soybe-main\data\com_fundo\RGB_JPG_IMPUREZAS\grao_DSC_0292_id134.png,RGB_JPG_IMPUREZAS,RGB_JPG_IMPUREZAS
C:\Users\eduar\Desktop\Soybe-main\data\com_fundo\RGB_JPG_IMPUREZAS\grao_DSC_0292_id136.png,RGB_JPG_IMPUREZAS,RGB_JPG_IMPUREZAS
C:\Users\eduar\Desktop\Soybe-main\data\com_fundo\RGB_JPG_IMPUREZAS\grao_DSC_0292_id138.png,RGB_JPG_IMPUREZAS,RGB_JPG_IMPUREZAS
C:\Users\eduar\Desktop\Soybe-main\data\com_fundo\RGB_JPG_IMPUREZAS\grao_DSC_0292_id139.png,RGB_JPG_IMPUREZAS,RGB_JPG_IMPUREZAS
C:\Users\eduar\Desktop\Soybe-main\data\com_fundo\RGB_JPG_IMPUREZAS\grao_DSC_0292_id140.png,RGB_JPG_IMPUREZAS,RGB_JPG_IMPUREZAS
C:\Users\eduar\Desktop\Soybe-main\data\com_fundo\RGB_JPG_IMPUREZAS\grao_DSC_0292_id141.png,RGB_JPG_IMPUREZAS,RGB_JPG_IMPUREZAS
C:\Users\eduar\Desktop\Soybe-main\data\com_fundo\RGB_JPG_IMPUREZAS\grao_DSC_0292_id143.png,RGB_JPG_IMPUREZAS,RGB_JPG_IMPUREZAS
C:\Users\eduar\Desktop\Soybe-main\data\com_fundo\RGB_JPG_IMPUREZAS\grao_DSC_0292_id144.png,RGB_JPG_IMPUREZAS,RGB_JPG_IMPUREZAS
C:\Users\eduar\Desktop\Soybe-main\data\com_fundo\RGB_JPG_IMPUREZAS\grao_DSC_0292_id145.png,RGB_JPG_IMPUREZAS,RGB_JPG_IMPUREZAS
C:\Users\eduar\Desktop\Soybe-main\data\com_fundo\RGB_JPG_IMPUREZAS\grao_DSC_0292_id146.png,RGB_JPG_IMPUREZAS,RGB_JPG_IMPUREZAS
C:\Users\eduar\Desktop\Soybe-main\data\com_fundo\RGB_JPG_IMPUREZAS\grao_DSC_0292_id149.png,RGB_JPG_IMPUREZAS,RGB_JPG_IMPUREZAS
C:\Users\eduar\Desktop\Soybe-main\data\com_fundo\RGB_JPG_IMPUREZAS\grao_DSC_0292_id150.png,RGB_JPG_IMPUREZAS,RGB_JPG_IMPUREZAS
C:\Users\eduar\Desktop\Soybe-main\data\com_fundo\RGB_JPG_IMPUREZAS\grao_DSC_0292_id151.png,RGB_JPG_IMPUREZAS,RGB_JPG_IMPUREZAS
C:\Users\eduar\Desktop\Soybe-main\data\com_fundo\RGB_JPG_IMPUREZAS\grao_DSC_0292_id152.png,RGB_JPG_IMPUREZAS,RGB_JPG_IMPUREZAS
C:\Users\eduar\Desktop\Soybe-main\data\com_fundo\RGB_JPG_IMPUREZAS\grao_DSC_0292_id154.png,RGB_JPG_IMPUREZAS,RGB_JPG_IMPUREZAS
C:\Users\eduar\Desktop\Soybe-main\data\com_fundo\RGB_JPG_IMPUREZAS\grao_DSC_0292_id156.png,RGB_JPG_IMPUREZAS,RGB_JPG_IMPUREZAS
C:\Users\eduar\Desktop\Soybe-main\data\com_fundo\RGB_JPG_IMPUREZAS\grao_DSC_0292_id157.png,RGB_JPG_IMPUREZAS,RGB_JPG_IMPUREZAS
C:\Users\eduar\Desktop\Soybe-main\data\com_fundo\RGB_JPG_IMPUREZAS\grao_DSC_0292_id158.png,RGB_JPG_IMPUREZAS,RGB_JPG_IMPUREZAS
C:\Users\eduar\Desktop\Soybe-main\data\com_fundo\RGB_JPG_IMPUREZAS\grao_DSC_0292_id16.png,RGB_JPG_IMPUREZAS,RGB_JPG_IMPUREZAS
C:\Users\eduar\Desktop\Soybe-main\data\com_fundo\RGB_JPG_IMPUREZAS\grao_DSC_0292_id162.png,RGB_JPG_IMPUREZAS,RGB_JPG_IMPUREZAS
C:\Users\eduar\Desktop\Soybe-main\data\com_fundo\RGB_JPG_IMPUREZAS\grao_DSC_0292_id165.png,RGB_JPG_IMPUREZAS,RGB_JPG_IMPUREZAS
C:\Users\eduar\Desktop\Soybe-main\data\com_fundo\RGB_JPG_IMPUREZAS\grao_DSC_0292_id166.png,RGB_JPG_IMPUREZAS,RGB_JPG_IMPUREZAS
C:\Users\eduar\Desktop\Soybe-main\data\com_fundo\RGB_JPG_IMPUREZAS\grao_DSC_0292_id167.png,RGB_JPG_IMPUREZAS,RGB_JPG_IMPUREZAS
C:\Users\eduar\Desktop\Soybe-main\data\com_fundo\RGB_JPG_IMPUREZAS\grao_DSC_0292_id168.png,RGB_JPG_IMPUREZAS,RGB_JPG_IMPUREZAS
C:\Users\eduar\Desktop\Soybe-main\data\com_fundo\RGB_JPG_IMPUREZAS\grao_DSC_0292_id169.png,RGB_JPG_IMPUREZAS,RGB_JPG_IMPUREZAS
C:\Users\eduar\Desktop\Soybe-main\data\com_fundo\RGB_JPG_IMPUREZAS\grao_DSC_0292_id171.png,RGB_JPG_IMPUREZAS,RGB_JPG_IMPUREZAS
C:\Users\eduar\Desktop\Soybe-main\data\com_fundo\RGB_JPG_IMPUREZAS\grao_DSC_0292_id172.png,RGB_JPG_IMPUREZAS,RGB_JPG_IMPUREZAS
C:\Users\eduar\Desktop\Soybe-main\data\com_fundo\RGB_JPG_IMPUREZAS\grao_DSC_0292_id178.png,RGB_JPG_IMPUREZAS,RGB_JPG_IMPUREZAS
C:\Users\eduar\Desktop\Soybe-main\data\com_fundo\RGB_JPG_IMPUREZAS\grao_DSC_0292_id183.png,RGB_JPG_IMPUREZAS,RGB_JPG_IMPUREZAS
C:\Users\eduar\Desktop\Soybe-main\data\com_fundo\RGB_JPG_IMPUREZAS\grao_DSC_0292_id184.png,RGB_JPG_IMPUREZAS,RGB_JPG_IMPUREZAS
C:\Users\eduar\Desktop\Soybe-main\data\com_fundo\RGB_JPG_IMPUREZAS\grao_DSC_0292_id186.png,RGB_JPG_IMPUREZAS,RGB_JPG_IMPUREZAS
C:\Users\eduar\Desktop\Soybe-main\data\com_fundo\RGB_JPG_IMPUREZAS\grao_DSC_0292_id187.png,RGB_JPG_IMPUREZAS,RGB_JPG_IMPUREZAS
C:\Users\eduar\Desktop\Soybe-main\data\com_fundo\RGB_JPG_IMPUREZAS\grao_DSC_0292_id188.png,RGB_JPG_IMPUREZAS,RGB_JPG_IMPUREZAS
C:\Users\eduar\Desktop\Soybe-main\data\com_fundo\RGB_JPG_IMPUREZAS\grao_DSC_0292_id189.png,RGB_JPG_IMPUREZAS,RGB_JPG_IMPUREZAS
C:\Users\eduar\Desktop\Soybe-main\data\com_fundo\RGB_JPG_IMPUREZAS\grao_DSC_0292_id190.png,RGB_JPG_IMPUREZAS,RGB_JPG_IMPUREZAS
C:\Users\eduar\Desktop\Soybe-main\data\com_fundo\RGB_JPG_IMPUREZAS\grao_DSC_0292_id192.png,RGB_JPG_IMPUREZAS,RGB_JPG_IMPUREZAS
C:\Users\eduar\Desktop\Soybe-main\data\com_fundo\RGB_JPG_IMPUREZAS\grao_DSC_0292_id193.png,RGB_JPG_IMPUREZAS,RGB_JPG_IMPUREZAS
C:\Users\eduar\Desktop\Soybe-main\data\com_fundo\RGB_JPG_IMPUREZAS\grao_DSC_0292_id194.png,RGB_JPG_IMPUREZAS,RGB_JPG_IMPUREZAS
C:\Users\eduar\Desktop\Soybe-main\data\com_fundo\RGB_JPG_IMPUREZAS\grao_DSC_0292_id2.png,RGB_JPG_IMPUREZAS,RGB_JPG_IMPUREZAS
C:\Users\eduar\Desktop\Soybe-main\data\com_fundo\RGB_JPG_IMPUREZAS\grao_DSC_0292_id20.png,RGB_JPG_IMPUREZAS,RGB_JPG_IMPUREZAS
C:\Users\eduar\Desktop\Soybe-main\data\com_fundo\RGB_JPG_IMPUREZAS\grao_DSC_0292_id201.png,RGB_JPG_IMPUREZAS,RGB_JPG_IMPUREZAS
C:\Users\eduar\Desktop\Soybe-main\data\com_fundo\RGB_JPG_IMPUREZAS\grao_DSC_0292_id202.png,RGB_JPG_IMPUREZAS,RGB_JPG_IMPUREZAS
C:\Users\eduar\Desktop\Soybe-main\data\com_fundo\RGB_JPG_IMPUREZAS\grao_DSC_0292_id203.png,RGB_JPG_IMPUREZAS,RGB_JPG_IMPUREZAS
C:\Users\eduar\Desktop\Soybe-main\data\com_fundo\RGB_JPG_IMPUREZAS\grao_DSC_0292_id205.png,RGB_JPG_IMPUREZAS,RGB_JPG_IMPUREZAS
C:\Users\eduar\Desktop\Soybe-main\data\com_fundo\RGB_JPG_IMPUREZAS\grao_DSC_0292_id207.png,RGB_JPG_IMPUREZAS,RGB_JPG_IMPUREZAS
C:\Users\eduar\Desktop\Soybe-main\data\com_fundo\RGB_JPG_IMPUREZAS\grao_DSC_0292_id209.png,RGB_JPG_IMPUREZAS,RGB_JPG_IMPUREZAS
C:\Users\eduar\Desktop\Soybe-main\data\com_fundo\RGB_JPG_IMPUREZAS\grao_DSC_0292_id21.png,RGB_JPG_IMPUREZAS,RGB_JPG_IMPUREZAS
C:\Users\eduar\Desktop\Soybe-main\data\com_fundo\RGB_JPG_IMPUREZAS\grao_DSC_0292_id211.png,RGB_JPG_IMPUREZAS,RGB_JPG_IMPUREZAS
C:\Users\eduar\Desktop\Soybe-main\data\com_fundo\RGB_JPG_IMPUREZAS\grao_DSC_0292_id215.png,RGB_JPG_IMPUREZAS,RGB_JPG_IMPUREZAS
C:\Users\eduar\Desktop\Soybe-main\data\com_fundo\RGB_JPG_IMPUREZAS\grao_DSC_0292_id217.png,RGB_JPG_IMPUREZAS,RGB_JPG_IMPUREZAS
C:\Users\eduar\Desktop\Soybe-main\data\com_fundo\RGB_JPG_IMPUREZAS\grao_DSC_0292_id218.png,RGB_JPG_IMPUREZAS,RGB_JPG_IMPUREZAS
C:\Users\eduar\Desktop\Soybe-main\data\com_fundo\RGB_JPG_IMPUREZAS\grao_DSC_0292_id219.png,RGB_JPG_IMPUREZAS,RGB_JPG_IMPUREZAS
C:\Users\eduar\Desktop\Soybe-main\data\com_fundo\RGB_JPG_IMPUREZAS\grao_DSC_0292_id220.png,RGB_JPG_IMPUREZAS,RGB_JPG_IMPUREZAS
C:\Users\eduar\Desktop\Soybe-main\data\com_fundo\RGB_JPG_IMPUREZAS\grao_DSC_0292_id221.png,RGB_JPG_IMPUREZAS,RGB_JPG_IMPUREZAS
C:\Users\eduar\Desktop\Soybe-main\data\com_fundo\RGB_JPG_IMPUREZAS\grao_DSC_0292_id222.png,RGB_JPG_IMPUREZAS,RGB_JPG_IMPUREZAS
C:\Users\eduar\Desktop\Soybe-main\data\com_fundo\RGB_JPG_IMPUREZAS\grao_DSC_0292_id223.png,RGB_JPG_IMPUREZAS,RGB_JPG_IMPUREZAS
C:\Users\eduar\Desktop\Soybe-main\data\com_fundo\RGB_JPG_IMPUREZAS\grao_DSC_0292_id224.png,RGB_JPG_IMPUREZAS,RGB_JPG_IMPUREZAS
C:\Users\eduar\Desktop\Soybe-main\data\com_fundo\RGB_JPG_IMPUREZAS\grao_DSC_0292_id225.png,RGB_JPG_IMPUREZAS,RGB_JPG_IMPUREZAS
C:\Users\eduar\Desktop\Soybe-main\data\com_fundo\RGB_JPG_IMPUREZAS\grao_DSC_0292_id231.png,RGB_JPG_IMPUREZAS,RGB_JPG_IMPUREZAS
C:\Users\eduar\Desktop\Soybe-main\data\com_fundo\RGB_JPG_IMPUREZAS\grao_DSC_0292_id234.png,RGB_JPG_IMPUREZAS,RGB_JPG_IMPUREZAS
C:\Users\eduar\Desktop\Soybe-main\data\com_fundo\RGB_JPG_IMPUREZAS\grao_DSC_0292_id239.png,RGB_JPG_IMPUREZAS,RGB_JPG_IMPUREZAS
C:\Users\eduar\Desktop\Soybe-main\data\com_fundo\RGB_JPG_IMPUREZAS\grao_DSC_0292_id24.png,RGB_JPG_IMPUREZAS,RGB_JPG_IMPUREZAS
C:\Users\eduar\Desktop\Soybe-main\data\com_fundo\RGB_JPG_IMPUREZAS\grao_DSC_0292_id240.png,RGB_JPG_IMPUREZAS,RGB_JPG_IMPUREZAS
C:\Users\eduar\Desktop\Soybe-main\data\com_fundo\RGB_JPG_IMPUREZAS\grao_DSC_0292_id241.png,RGB_JPG_IMPUREZAS,RGB_JPG_IMPUREZAS
C:\Users\eduar\Desktop\Soybe-main\data\com_fundo\RGB_JPG_IMPUREZAS\grao_DSC_0292_id243.png,RGB_JPG_IMPUREZAS,RGB_JPG_IMPUREZAS
C:\Users\eduar\Desktop\Soybe-main\data\com_fundo\RGB_JPG_IMPUREZAS\grao_DSC_0292_id247.png,RGB_JPG_IMPUREZAS,RGB_JPG_IMPUREZAS
C:\Users\eduar\Desktop\Soybe-main\data\com_fundo\RGB_JPG_IMPUREZAS\grao_DSC_0292_id251.png,RGB_JPG_IMPUREZAS,RGB_JPG_IMPUREZAS
C:\Users\eduar\Desktop\Soybe-main\data\com_fundo\RGB_JPG_IMPUREZAS\grao_DSC_0292_id255.png,RGB_JPG_IMPUREZAS,RGB_JPG_IMPUREZAS
C:\Users\eduar\Desktop\Soybe-main\data\com_fundo\RGB_JPG_IMPUREZAS\grao_DSC_0292_id256.png,RGB_JPG_IMPUREZAS,RGB_JPG_IMPUREZAS
C:\Users\eduar\Desktop\Soybe-main\data\com_fundo\RGB_JPG_IMPUREZAS\grao_DSC_0292_id29.png,RGB_JPG_IMPUREZAS,RGB_JPG_IMPUREZAS
C:\Users\eduar\Desktop\Soybe-main\data\com_fundo\RGB_JPG_IMPUREZAS\grao_DSC_0292_id30.png,RGB_JPG_IMPUREZAS,RGB_JPG_IMPUREZAS
C:\Users\eduar\Desktop\Soybe-main\data\com_fundo\RGB_JPG_IMPUREZAS\grao_DSC_0292_id31.png,RGB_JPG_IMPUREZAS,RGB_JPG_IMPUREZAS
C:\Users\eduar\Desktop\Soybe-main\data\com_fundo\RGB_JPG_IMPUREZAS\grao_DSC_0292_id32.png,RGB_JPG_IMPUREZAS,RGB_JPG_IMPUREZAS
C:\Users\eduar\Desktop\Soybe-main\data\com_fundo\RGB_JPG_IMPUREZAS\grao_DSC_0292_id33.png,RGB_JPG_IMPUREZAS,RGB_JPG_IMPUREZAS
C:\Users\eduar\Desktop\Soybe-main\data\com_fundo\RGB_JPG_IMPUREZAS\grao_DSC_0292_id36.png,RGB_JPG_IMPUREZAS,RGB_JPG_IMPUREZAS
C:\Users\eduar\Desktop\Soybe-main\data\com_fundo\RGB_JPG_IMPUREZAS\grao_DSC_0292_id37.png,RGB_JPG_IMPUREZAS,RGB_JPG_IMPUREZAS
C:\Users\eduar\Desktop\Soybe-main\data\com_fundo\RGB_JPG_IMPUREZAS\grao_DSC_0292_id38.png,RGB_JPG_IMPUREZAS,RGB_JPG_IMPUREZAS
C:\Users\eduar\Desktop\Soybe-main\data\com_fundo\RGB_JPG_IMPUREZAS\grao_DSC_0292_id4.png,RGB_JPG_IMPUREZAS,RGB_JPG_IMPUREZAS
C:\Users\eduar\Desktop\Soybe-main\data\com_fundo\RGB_JPG_IMPUREZAS\grao_DSC_0292_id40.png,RGB_JPG_IMPUREZAS,RGB_JPG_IMPUREZAS
C:\Users\eduar\Desktop\Soybe-main\data\com_fundo\RGB_JPG_IMPUREZAS\grao_DSC_0292_id43.png,RGB_JPG_IMPUREZAS,RGB_JPG_IMPUREZAS
C:\Users\eduar\Desktop\Soybe-main\data\com_fundo\RGB_JPG_IMPUREZAS\grao_DSC_0292_id44.png,RGB_JPG_IMPUREZAS,RGB_JPG_IMPUREZAS
C:\Users\eduar\Desktop\Soybe-main\data\com_fundo\RGB_JPG_IMPUREZAS\grao_DSC_0292_id46.png,RGB_JPG_IMPUREZAS,RGB_JPG_IMPUREZAS
C:\Users\eduar\Desktop\Soybe-main\data\com_fundo\RGB_JPG_IMPUREZAS\grao_DSC_0292_id48.png,RGB_JPG_IMPUREZAS,RGB_JPG_IMPUREZAS
C:\Users\eduar\Desktop\Soybe-main\data\com_fundo\RGB_JPG_IMPUREZAS\grao_DSC_0292_id49.png,RGB_JPG_IMPUREZAS,RGB_JPG_IMPUREZAS
C:\Users\eduar\Desktop\Soybe-main\data\com_fundo\RGB_JPG_IMPUREZAS\grao_DSC_0292_id50.png,RGB_JPG_IMPUREZAS,RGB_JPG_IMPUREZAS
C:\Users\eduar\Desktop\Soybe-main\data\com_fundo\RGB_JPG_IMPUREZAS\grao_DSC_0292_id51.png,RGB_JPG_IMPUREZAS,RGB_JPG_IMPUREZAS
C:\Users\eduar\Desktop\Soybe-main\data\com_fundo\RGB_JPG_IMPUREZAS\grao_DSC_0292_id52.png,RGB_JPG_IMPUREZAS,RGB_JPG_IMPUREZAS
C:\Users\eduar\Desktop\Soybe-main\data\com_fundo\RGB_JPG_IMPUREZAS\grao_DSC_0292_id53.png,RGB_JPG_IMPUREZAS,RGB_JPG_IMPUREZAS
C:\Users\eduar\Desktop\Soybe-main\data\com_fundo\RGB_JPG_IMPUREZAS\grao_DSC_0292_id54.png,RGB_JPG_IMPUREZAS,RGB_JPG_IMPUREZAS
C:\Users\eduar\Desktop\Soybe-main\data\com_fundo\RGB_JPG_IMPUREZAS\grao_DSC_0292_id55.png,RGB_JPG_IMPUREZAS,RGB_JPG_IMPUREZAS
C:\Users\eduar\Desktop\Soybe-main\data\com_fundo\RGB_JPG_IMPUREZAS\grao_DSC_0292_id56.png,RGB_JPG_IMPUREZAS,RGB_JPG_IMPUREZAS
C:\Users\eduar\Desktop\Soybe-main\data\com_fundo\RGB_JPG_IMPUREZAS\grao_DSC_0292_id57.png,RGB_JPG_IMPUREZAS,RGB_JPG_IMPUREZAS
C:\Users\eduar\Desktop\Soybe-main\data\com_fundo\RGB_JPG_IMPUREZAS\grao_DSC_0292_id58.png,RGB_JPG_IMPUREZAS,RGB_JPG_IMPUREZAS
C:\Users\eduar\Desktop\Soybe-main\data\com_fundo\RGB_JPG_IMPUREZAS\grao_DSC_0292_id59.png,RGB_JPG_IMPUREZAS,RGB_JPG_IMPUREZAS
C:\Users\eduar\Desktop\Soybe-main\data\com_fundo\RGB_JPG_IMPUREZAS\grao_DSC_0292_id61.png,RGB_JPG_IMPUREZAS,RGB_JPG_IMPUREZAS
C:\Users\eduar\Desktop\Soybe-main\data\com_fundo\RGB_JPG_IMPUREZAS\grao_DSC_0292_id62.png,RGB_JPG_IMPUREZAS,RGB_JPG_IMPUREZAS
C:\Users\eduar\Desktop\Soybe-main\data\com_fundo\RGB_JPG_IMPUREZAS\grao_DSC_0292_id63.png,RGB_JPG_IMPUREZAS,RGB_JPG_IMPUREZAS
C:\Users\eduar\Desktop\Soybe-main\data\com_fundo\RGB_JPG_IMPUREZAS\grao_DSC_0292_id67.png,RGB_JPG_IMPUREZAS,RGB_JPG_IMPUREZAS
C:\Users\eduar\Desktop\Soybe-main\data\com_fundo\RGB_JPG_IMPUREZAS\grao_DSC_0292_id68.png,RGB_JPG_IMPUREZAS,RGB_JPG_IMPUREZAS
C:\Users\eduar\Desktop\Soybe-main\data\com_fundo\RGB_JPG_IMPUREZAS\grao_DSC_0292_id71.png,RGB_JPG_IMPUREZAS,RGB_JPG_IMPUREZAS
C:\Users\eduar\Desktop\Soybe-main\data\com_fundo\RGB_JPG_IMPUREZAS\grao_DSC_0292_id72.png,RGB_JPG_IMPUREZAS,RGB_JPG_IMPUREZAS
C:\Users\eduar\Desktop\Soybe-main\data\com_fundo\RGB_JPG_IMPUREZAS\grao_DSC_0292_id74.png,RGB_JPG_IMPUREZAS,RGB_JPG_IMPUREZAS
C:\Users\eduar\Desktop\Soybe-main\data\com_fundo\RGB_JPG_IMPUREZAS\grao_DSC_0292_id79.png,RGB_JPG_IMPUREZAS,RGB_JPG_IMPUREZAS
C:\Users\eduar\Desktop\Soybe-main\data\com_fundo\RGB_JPG_IMPUREZAS\grao_DSC_0292_id87.png,RGB_JPG_IMPUREZAS,RGB_JPG_IMPUREZAS
C:\Users\eduar\Desktop\Soybe-main\data\com_fundo\RGB_JPG_IMPUREZAS\grao_DSC_0292_id88.png,RGB_JPG_IMPUREZAS,RGB_JPG_IMPUREZAS
C:\Users\eduar\Desktop\Soybe-main\data\com_fundo\RGB_JPG_IMPUREZAS\grao_DSC_0292_id89.png,RGB_JPG_IMPUREZAS,RGB_JPG_IMPUREZAS
C:\Users\eduar\Desktop\Soybe-main\data\com_fundo\RGB_JPG_IMPUREZAS\grao_DSC_0292_id90.png,RGB_JPG_IMPUREZAS,RGB_JPG_IMPUREZAS
C:\Users\eduar\Desktop\Soybe-main\data\com_fundo\RGB_JPG_IMPUREZAS\grao_DSC_0292_id91.png,RGB_JPG_IMPUREZAS,RGB_JPG_IMPUREZAS
C:\Users\eduar\Desktop\Soybe-main\data\com_fundo\RGB_JPG_IMPUREZAS\grao_DSC_0292_id92.png,RGB_JPG_IMPUREZAS,RGB_JPG_IMPUREZAS
C:\Users\eduar\Desktop\Soybe-main\data\com_fundo\RGB_JPG_IMPUREZAS\grao_DSC_0292_id93.png,RGB_JPG_IMPUREZAS,RGB_JPG_IMPUREZAS
C:\Users\eduar\Desktop\Soybe-main\data\com_fundo\RGB_JPG_IMPUREZAS\grao_DSC_0292_id94.png,RGB_JPG_IMPUREZAS,RGB_JPG_IMPUREZAS
C:\Users\eduar\Desktop\Soybe-main\data\com_fundo\RGB_JPG_IMPUREZAS\grao_DSC_0292_id95.png,RGB_JPG_IMPUREZAS,RGB_JPG_IMPUREZAS
C:\Users\eduar\Desktop\Soybe-main\data\com_fundo\RGB_JPG_IMPUREZAS\grao_DSC_0292_id96.png,RGB_JPG_IMPUREZAS,RGB_JPG_IMPUREZAS
C:\Users\eduar\Desktop\Soybe-main\data\com_fundo\RGB_JPG_IMPUREZAS\grao_DSC_0292_id99.png,RGB_JPG_IMPUREZAS,RGB_JPG_IMPUREZAS
C:\Users\eduar\Desktop\Soybe-main\data\com_fundo\RGB_JPG_IMPUREZAS\grao_DSC_0293_id1.png,RGB_JPG_IMPUREZAS,RGB_JPG_IMPUREZAS
C:\Users\eduar\Desktop\Soybe-main\data\com_fundo\RGB_JPG_IMPUREZAS\grao_DSC_0293_id100.png,RGB_JPG_IMPUREZAS,RGB_JPG_IMPUREZAS
C:\Users\eduar\Desktop\Soybe-main\data\com_fundo\RGB_JPG_IMPUREZAS\grao_DSC_0293_id101.png,RGB_JPG_IMPUREZAS,RGB_JPG_IMPUREZAS
C:\Users\eduar\Desktop\Soybe-main\data\com_fundo\RGB_JPG_IMPUREZAS\grao_DSC_0293_id102.png,RGB_JPG_IMPUREZAS,RGB_JPG_IMPUREZAS
C:\Users\eduar\Desktop\Soybe-main\data\com_fundo\RGB_JPG_IMPUREZAS\grao_DSC_0293_id103.png,RGB_JPG_IMPUREZAS,RGB_JPG_IMPUREZAS
C:\Users\eduar\Desktop\Soybe-main\data\com_fundo\RGB_JPG_IMPUREZAS\grao_DSC_0293_id104.png,RGB_JPG_IMPUREZAS,RGB_JPG_IMPUREZAS
C:\Users\eduar\Desktop\Soybe-main\data\com_fundo\RGB_JPG_IMPUREZAS\grao_DSC_0293_id107.png,RGB_JPG_IMPUREZAS,RGB_JPG_IMPUREZAS
C:\Users\eduar\Desktop\Soybe-main\data\com_fundo\RGB_JPG_IMPUREZAS\grao_DSC_0293_id109.png,RGB_JPG_IMPUREZAS,RGB_JPG_IMPUREZAS
C:\Users\eduar\Desktop\Soybe-main\data\com_fundo\RGB_JPG_IMPUREZAS\grao_DSC_0293_id11.png,RGB_JPG_IMPUREZAS,RGB_JPG_IMPUREZAS
C:\Users\eduar\Desktop\Soybe-main\data\com_fundo\RGB_JPG_IMPUREZAS\grao_DSC_0293_id111.png,RGB_JPG_IMPUREZAS,RGB_JPG_IMPUREZAS
C:\Users\eduar\Desktop\Soybe-main\data\com_fundo\RGB_JPG_IMPUREZAS\grao_DSC_0293_id113.png,RGB_JPG_IMPUREZAS,RGB_JPG_IMPUREZAS
C:\Users\eduar\Desktop\Soybe-main\data\com_fundo\RGB_JPG_IMPUREZAS\grao_DSC_0293_id114.png,RGB_JPG_IMPUREZAS,RGB_JPG_IMPUREZAS
C:\Users\eduar\Desktop\Soybe-main\data\com_fundo\RGB_JPG_IMPUREZAS\grao_DSC_0293_id115.png,RGB_JPG_IMPUREZAS,RGB_JPG_IMPUREZAS
C:\Users\eduar\Desktop\Soybe-main\data\com_fundo\RGB_JPG_IMPUREZAS\grao_DSC_0293_id116.png,RGB_JPG_IMPUREZAS,RGB_JPG_IMPUREZAS
C:\Users\eduar\Desktop\Soybe-main\data\com_fundo\RGB_JPG_IMPUREZAS\grao_DSC_0293_id117.png,RGB_JPG_IMPUREZAS,RGB_JPG_IMPUREZAS
C:\Users\eduar\Desktop\Soybe-main\data\com_fundo\RGB_JPG_IMPUREZAS\grao_DSC_0293_id120.png,RGB_JPG_IMPUREZAS,RGB_JPG_IMPUREZAS
C:\Users\eduar\Desktop\Soybe-main\data\com_fundo\RGB_JPG_IMPUREZAS\grao_DSC_0293_id123.png,RGB_JPG_IMPUREZAS,RGB_JPG_IMPUREZAS
C:\Users\eduar\Desktop\Soybe-main\data\com_fundo\RGB_JPG_IMPUREZAS\grao_DSC_0293_id125.png,RGB_JPG_IMPUREZAS,RGB_JPG_IMPUREZAS
C:\Users\eduar\Desktop\Soybe-main\data\com_fundo\RGB_JPG_IMPUREZAS\grao_DSC_0293_id126.png,RGB_JPG_IMPUREZAS,RGB_JPG_IMPUREZAS
C:\Users\eduar\Desktop\Soybe-main\data\com_fundo\RGB_JPG_IMPUREZAS\grao_DSC_0293_id127.png,RGB_JPG_IMPUREZAS,RGB_JPG_IMPUREZAS
C:\Users\eduar\Desktop\Soybe-main\data\com_fundo\RGB_JPG_IMPUREZAS\grao_DSC_0293_id128.png,RGB_JPG_IMPUREZAS,RGB_JPG_IMPUREZAS
C:\Users\eduar\Desktop\Soybe-main\data\com_fundo\RGB_JPG_IMPUREZAS\grao_DSC_0293_id129.png,RGB_JPG_IMPUREZAS,RGB_JPG_IMPUREZAS
C:\Users\eduar\Desktop\Soybe-main\data\com_fundo\RGB_JPG_IMPUREZAS\grao_DSC_0293_id13.png,RGB_JPG_IMPUREZAS,RGB_JPG_IMPUREZAS
C:\Users\eduar\Desktop\Soybe-main\data\com_fundo\RGB_JPG_IMPUREZAS\grao_DSC_0293_id130.png,RGB_JPG_IMPUREZAS,RGB_JPG_IMPUREZAS
C:\Users\eduar\Desktop\Soybe-main\data\com_fundo\RGB_JPG_IMPUREZAS\grao_DSC_0293_id131.png,RGB_JPG_IMPUREZAS,RGB_JPG_IMPUREZAS
C:\Users\eduar\Desktop\Soybe-main\data\com_fundo\RGB_JPG_IMPUREZAS\grao_DSC_0293_id133.png,RGB_JPG_IMPUREZAS,RGB_JPG_IMPUREZAS
C:\Users\eduar\Desktop\Soybe-main\data\com_fundo\RGB_JPG_IMPUREZAS\grao_DSC_0293_id134.png,RGB_JPG_IMPUREZAS,RGB_JPG_IMPUREZAS
C:\Users\eduar\Desktop\Soybe-main\data\com_fundo\RGB_JPG_IMPUREZAS\grao_DSC_0293_id135.png,RGB_JPG_IMPUREZAS,RGB_JPG_IMPUREZAS
C:\Users\eduar\Desktop\Soybe-main\data\com_fundo\RGB_JPG_IMPUREZAS\grao_DSC_0293_id141.png,RGB_JPG_IMPUREZAS,RGB_JPG_IMPUREZAS
C:\Users\eduar\Desktop\Soybe-main\data\com_fundo\RGB_JPG_IMPUREZAS\grao_DSC_0293_id143.png,RGB_JPG_IMPUREZAS,RGB_JPG_IMPUREZAS
C:\Users\eduar\Desktop\Soybe-main\data\com_fundo\RGB_JPG_IMPUREZAS\grao_DSC_0293_id144.png,RGB_JPG_IMPUREZAS,RGB_JPG_IMPUREZAS
C:\Users\eduar\Desktop\Soybe-main\data\com_fundo\RGB_JPG_IMPUREZAS\grao_DSC_0293_id145.png,RGB_JPG_IMPUREZAS,RGB_JPG_IMPUREZAS
C:\Users\eduar\Desktop\Soybe-main\data\com_fundo\RGB_JPG_IMPUREZAS\grao_DSC_0293_id147.png,RGB_JPG_IMPUREZAS,RGB_JPG_IMPUREZAS
C:\Users\eduar\Desktop\Soybe-main\data\com_fundo\RGB_JPG_IMPUREZAS\grao_DSC_0293_id148.png,RGB_JPG_IMPUREZAS,RGB_JPG_IMPUREZAS
C:\Users\eduar\Desktop\Soybe-main\data\com_fundo\RGB_JPG_IMPUREZAS\grao_DSC_0293_id149.png,RGB_JPG_IMPUREZAS,RGB_JPG_IMPUREZAS
C:\Users\eduar\Desktop\Soybe-main\data\com_fundo\RGB_JPG_IMPUREZAS\grao_DSC_0293_id150.png,RGB_JPG_IMPUREZAS,RGB_JPG_IMPUREZAS
C:\Users\eduar\Desktop\Soybe-main\data\com_fundo\RGB_JPG_IMPUREZAS\grao_DSC_0293_id153.png,RGB_JPG_IMPUREZAS,RGB_JPG_IMPUREZAS
C:\Users\eduar\Desktop\Soybe-main\data\com_fundo\RGB_JPG_IMPUREZAS\grao_DSC_0293_id154.png,RGB_JPG_IMPUREZAS,RGB_JPG_IMPUREZAS
C:\Users\eduar\Desktop\Soybe-main\data\com_fundo\RGB_JPG_IMPUREZAS\grao_DSC_0293_id156.png,RGB_JPG_IMPUREZAS,RGB_JPG_IMPUREZAS
C:\Users\eduar\Desktop\Soybe-main\data\com_fundo\RGB_JPG_IMPUREZAS\grao_DSC_0293_id157.png,RGB_JPG_IMPUREZAS,RGB_JPG_IMPUREZAS
C:\Users\eduar\Desktop\Soybe-main\data\com_fundo\RGB_JPG_IMPUREZAS\grao_DSC_0293_id158.png,RGB_JPG_IMPUREZAS,RGB_JPG_IMPUREZAS
C:\Users\eduar\Desktop\Soybe-main\data\com_fundo\RGB_JPG_IMPUREZAS\grao_DSC_0293_id159.png,RGB_JPG_IMPUREZAS,RGB_JPG_IMPUREZAS
C:\Users\eduar\Desktop\Soybe-main\data\com_fundo\RGB_JPG_IMPUREZAS\grao_DSC_0293_id16.png,RGB_JPG_IMPUREZAS,RGB_JPG_IMPUREZAS
C:\Users\eduar\Desktop\Soybe-main\data\com_fundo\RGB_JPG_IMPUREZAS\grao_DSC_0293_id160.png,RGB_JPG_IMPUREZAS,RGB_JPG_IMPUREZAS
C:\Users\eduar\Desktop\Soybe-main\data\com_fundo\RGB_JPG_IMPUREZAS\grao_DSC_0293_id161.png,RGB_JPG_IMPUREZAS,RGB_JPG_IMPUREZAS
C:\Users\eduar\Desktop\Soybe-main\data\com_fundo\RGB_JPG_IMPUREZAS\grao_DSC_0293_id162.png,RGB_JPG_IMPUREZAS,RGB_JPG_IMPUREZAS
C:\Users\eduar\Desktop\Soybe-main\data\com_fundo\RGB_JPG_IMPUREZAS\grao_DSC_0293_id166.png,RGB_JPG_IMPUREZAS,RGB_JPG_IMPUREZAS
C:\Users\eduar\Desktop\Soybe-main\data\com_fundo\RGB_JPG_IMPUREZAS\grao_DSC_0293_id167.png,RGB_JPG_IMPUREZAS,RGB_JPG_IMPUREZAS
C:\Users\eduar\Desktop\Soybe-main\data\com_fundo\RGB_JPG_IMPUREZAS\grao_DSC_0293_id171.png,RGB_JPG_IMPUREZAS,RGB_JPG_IMPUREZAS
C:\Users\eduar\Desktop\Soybe-main\data\com_fundo\RGB_JPG_IMPUREZAS\grao_DSC_0293_id174.png,RGB_JPG_IMPUREZAS,RGB_JPG_IMPUREZAS
C:\Users\eduar\Desktop\Soybe-main\data\com_fundo\RGB_JPG_IMPUREZAS\grao_DSC_0293_id175.png,RGB_JPG_IMPUREZAS,RGB_JPG_IMPUREZAS
C:\Users\eduar\Desktop\Soybe-main\data\com_fundo\RGB_JPG_IMPUREZAS\grao_DSC_0293_id176.png,RGB_JPG_IMPUREZAS,RGB_JPG_IMPUREZAS
C:\Users\eduar\Desktop\Soybe-main\data\com_fundo\RGB_JPG_IMPUREZAS\grao_DSC_0293_id178.png,RGB_JPG_IMPUREZAS,RGB_JPG_IMPUREZAS
C:\Users\eduar\Desktop\Soybe-main\data\com_fundo\RGB_JPG_IMPUREZAS\grao_DSC_0293_id179.png,RGB_JPG_IMPUREZAS,RGB_JPG_IMPUREZAS
C:\Users\eduar\Desktop\Soybe-main\data\com_fundo\RGB_JPG_IMPUREZAS\grao_DSC_0293_id180.png,RGB_JPG_IMPUREZAS,RGB_JPG_IMPUREZAS
C:\Users\eduar\Desktop\Soybe-main\data\com_fundo\RGB_JPG_IMPUREZAS\grao_DSC_0293_id181.png,RGB_JPG_IMPUREZAS,RGB_JPG_IMPUREZAS
C:\Users\eduar\Desktop\Soybe-main\data\com_fundo\RGB_JPG_IMPUREZAS\grao_DSC_0293_id182.png,RGB_JPG_IMPUREZAS,RGB_JPG_IMPUREZAS
C:\Users\eduar\Desktop\Soybe-main\data\com_fundo\RGB_JPG_IMPUREZAS\grao_DSC_0293_id183.png,RGB_JPG_IMPUREZAS,RGB_JPG_IMPUREZAS
C:\Users\eduar\Desktop\Soybe-main\data\com_fundo\RGB_JPG_IMPUREZAS\grao_DSC_0293_id184.png,RGB_JPG_IMPUREZAS,RGB_JPG_IMPUREZAS
C:\Users\eduar\Desktop\Soybe-main\data\com_fundo\RGB_JPG_IMPUREZAS\grao_DSC_0293_id185.png,RGB_JPG_IMPUREZAS,RGB_JPG_IMPUREZAS
C:\Users\eduar\Desktop\Soybe-main\data\com_fundo\RGB_JPG_IMPUREZAS\grao_DSC_0293_id186.png,RGB_JPG_IMPUREZAS,RGB_JPG_IMPUREZAS
C:\Users\eduar\Desktop\Soybe-main\data\com_fundo\RGB_JPG_IMPUREZAS\grao_DSC_0293_id187.png,RGB_JPG_IMPUREZAS,RGB_JPG_IMPUREZAS
C:\Users\eduar\Desktop\Soybe-main\data\com_fundo\RGB_JPG_IMPUREZAS\grao_DSC_0293_id188.png,RGB_JPG_IMPUREZAS,RGB_JPG_IMPUREZAS
C:\Users\eduar\Desktop\Soybe-main\data\com_fundo\RGB_JPG_IMPUREZAS\grao_DSC_0293_id189.png,RGB_JPG_IMPUREZAS,RGB_JPG_IMPUREZAS
C:\Users\eduar\Desktop\Soybe-main\data\com_fundo\RGB_JPG_IMPUREZAS\grao_DSC_0293_id190.png,RGB_JPG_IMPUREZAS,RGB_JPG_IMPUREZAS
C:\Users\eduar\Desktop\Soybe-main\data\com_fundo\RGB_JPG_IMPUREZAS\grao_DSC_0293_id191.png,RGB_JPG_IMPUREZAS,RGB_JPG_IMPUREZAS
C:\Users\eduar\Desktop\Soybe-main\data\com_fundo\RGB_JPG_IMPUREZAS\grao_DSC_0293_id192.png,RGB_JPG_IMPUREZAS,RGB_JPG_IMPUREZAS
C:\Users\eduar\Desktop\Soybe-main\data\com_fundo\RGB_JPG_IMPUREZAS\grao_DSC_0293_id193.png,RGB_JPG_IMPUREZAS,RGB_JPG_IMPUREZAS
C:\Users\eduar\Desktop\Soybe-main\data\com_fundo\RGB_JPG_IMPUREZAS\grao_DSC_0293_id194.png,RGB_JPG_IMPUREZAS,RGB_JPG_IMPUREZAS
C:\Users\eduar\Desktop\Soybe-main\data\com_fundo\RGB_JPG_IMPUREZAS\grao_DSC_0293_id195.png,RGB_JPG_IMPUREZAS,RGB_JPG_IMPUREZAS
C:\Users\eduar\Desktop\Soybe-main\data\com_fundo\RGB_JPG_IMPUREZAS\grao_DSC_0293_id196.png,RGB_JPG_IMPUREZAS,RGB_JPG_IMPUREZAS
C:\Users\eduar\Desktop\Soybe-main\data\com_fundo\RGB_JPG_IMPUREZAS\grao_DSC_0293_id197.png,RGB_JPG_IMPUREZAS,RGB_JPG_IMPUREZAS
C:\Users\eduar\Desktop\Soybe-main\data\com_fundo\RGB_JPG_IMPUREZAS\grao_DSC_0293_id199.png,RGB_JPG_IMPUREZAS,RGB_JPG_IMPUREZAS
C:\Users\eduar\Desktop\Soybe-main\data\com_fundo\RGB_JPG_IMPUREZAS\grao_DSC_0293_id2.png,RGB_JPG_IMPUREZAS,RGB_JPG_IMPUREZAS
C:\Users\eduar\Desktop\Soybe-main\data\com_fundo\RGB_JPG_IMPUREZAS\grao_DSC_0293_id20.png,RGB_JPG_IMPUREZAS,RGB_JPG_IMPUREZAS
C:\Users\eduar\Desktop\Soybe-main\data\com_fundo\RGB_JPG_IMPUREZAS\grao_DSC_0293_id200.png,RGB_JPG_IMPUREZAS,RGB_JPG_IMPUREZAS
C:\Users\eduar\Desktop\Soybe-main\data\com_fundo\RGB_JPG_IMPUREZAS\grao_DSC_0293_id201.png,RGB_JPG_IMPUREZAS,RGB_JPG_IMPUREZAS
C:\Users\eduar\Desktop\Soybe-main\data\com_fundo\RGB_JPG_IMPUREZAS\grao_DSC_0293_id203.png,RGB_JPG_IMPUREZAS,RGB_JPG_IMPUREZAS
C:\Users\eduar\Desktop\Soybe-main\data\com_fundo\RGB_JPG_IMPUREZAS\grao_DSC_0293_id207.png,RGB_JPG_IMPUREZAS,RGB_JPG_IMPUREZAS
C:\Users\eduar\Desktop\Soybe-main\data\com_fundo\RGB_JPG_IMPUREZAS\grao_DSC_0293_id208.png,RGB_JPG_IMPUREZAS,RGB_JPG_IMPUREZAS
C:\Users\eduar\Desktop\Soybe-main\data\com_fundo\RGB_JPG_IMPUREZAS\grao_DSC_0293_id210.png,RGB_JPG_IMPUREZAS,RGB_JPG_IMPUREZAS
C:\Users\eduar\Desktop\Soybe-main\data\com_fundo\RGB_JPG_IMPUREZAS\grao_DSC_0293_id213.png,RGB_JPG_IMPUREZAS,RGB_JPG_IMPUREZAS
C:\Users\eduar\Desktop\Soybe-main\data\com_fundo\RGB_JPG_IMPUREZAS\grao_DSC_0293_id216.png,RGB_JPG_IMPUREZAS,RGB_JPG_IMPUREZAS
C:\Users\eduar\Desktop\Soybe-main\data\com_fundo\RGB_JPG_IMPUREZAS\grao_DSC_0293_id217.png,RGB_JPG_IMPUREZAS,RGB_JPG_IMPUREZAS
C:\Users\eduar\Desktop\Soybe-main\data\com_fundo\RGB_JPG_IMPUREZAS\grao_DSC_0293_id219.png,RGB_JPG_IMPUREZAS,RGB_JPG_IMPUREZAS
C:\Users\eduar\Desktop\Soybe-main\data\com_fundo\RGB_JPG_IMPUREZAS\grao_DSC_0293_id22.png,RGB_JPG_IMPUREZAS,RGB_JPG_IMPUREZAS
C:\Users\eduar\Desktop\Soybe-main\data\com_fundo\RGB_JPG_IMPUREZAS\grao_DSC_0293_id220.png,RGB_JPG_IMPUREZAS,RGB_JPG_IMPUREZAS
C:\Users\eduar\Desktop\Soybe-main\data\com_fundo\RGB_JPG_IMPUREZAS\grao_DSC_0293_id221.png,RGB_JPG_IMPUREZAS,RGB_JPG_IMPUREZAS
C:\Users\eduar\Desktop\Soybe-main\data\com_fundo\RGB_JPG_IMPUREZAS\grao_DSC_0293_id222.png,RGB_JPG_IMPUREZAS,RGB_JPG_IMPUREZAS
C:\Users\eduar\Desktop\Soybe-main\data\com_fundo\RGB_JPG_IMPUREZAS\grao_DSC_0293_id223.png,RGB_JPG_IMPUREZAS,RGB_JPG_IMPUREZAS
C:\Users\eduar\Desktop\Soybe-main\data\com_fundo\RGB_JPG_IMPUREZAS\grao_DSC_0293_id224.png,RGB_JPG_IMPUREZAS,RGB_JPG_IMPUREZAS
C:\Users\eduar\Desktop\Soybe-main\data\com_fundo\RGB_JPG_IMPUREZAS\grao_DSC_0293_id225.png,RGB_JPG_IMPUREZAS,RGB_JPG_IMPUREZAS
C:\Users\eduar\Desktop\Soybe-main\data\com_fundo\RGB_JPG_IMPUREZAS\grao_DSC_0293_id226.png,RGB_JPG_IMPUREZAS,RGB_JPG_IMPUREZAS
C:\Users\eduar\Desktop\Soybe-main\data\com_fundo\RGB_JPG_IMPUREZAS\grao_DSC_0293_id227.png,RGB_JPG_IMPUREZAS,RGB_JPG_IMPUREZAS
C:\Users\eduar\Desktop\Soybe-main\data\com_fundo\RGB_JPG_IMPUREZAS\grao_DSC_0293_id228.png,RGB_JPG_IMPUREZAS,RGB_JPG_IMPUREZAS
C:\Users\eduar\Desktop\Soybe-main\data\com_fundo\RGB_JPG_IMPUREZAS\grao_DSC_0293_id229.png,RGB_JPG_IMPUREZAS,RGB_JPG_IMPUREZAS
C:\Users\eduar\Desktop\Soybe-main\data\com_fundo\RGB_JPG_IMPUREZAS\grao_DSC_0293_id23.png,RGB_JPG_IMPUREZAS,RGB_JPG_IMPUREZAS
C:\Users\eduar\Desktop\Soybe-main\data\com_fundo\RGB_JPG_IMPUREZAS\grao_DSC_0293_id230.png,RGB_JPG_IMPUREZAS,RGB_JPG_IMPUREZAS
C:\Users\eduar\Desktop\Soybe-main\data\com_fundo\RGB_JPG_IMPUREZAS\grao_DSC_0293_id231.png,RGB_JPG_IMPUREZAS,RGB_JPG_IMPUREZAS
C:\Users\eduar\Desktop\Soybe-main\data\com_fundo\RGB_JPG_IMPUREZAS\grao_DSC_0293_id232.png,RGB_JPG_IMPUREZAS,RGB_JPG_IMPUREZAS
C:\Users\eduar\Desktop\Soybe-main\data\com_fundo\RGB_JPG_IMPUREZAS\grao_DSC_0293_id233.png,RGB_JPG_IMPUREZAS,RGB_JPG_IMPUREZAS
C:\Users\eduar\Desktop\Soybe-main\data\com_fundo\RGB_JPG_IMPUREZAS\grao_DSC_0293_id234.png,RGB_JPG_IMPUREZAS,RGB_JPG_IMPUREZAS
C:\Users\eduar\Desktop\Soybe-main\data\com_fundo\RGB_JPG_IMPUREZAS\grao_DSC_0293_id235.png,RGB_JPG_IMPUREZAS,RGB_JPG_IMPUREZAS
C:\Users\eduar\Desktop\Soybe-main\data\com_fundo\RGB_JPG_IMPUREZAS\grao_DSC_0293_id237.png,RGB_JPG_IMPUREZAS,RGB_JPG_IMPUREZAS
C:\Users\eduar\Desktop\Soybe-main\data\com_fundo\RGB_JPG_IMPUREZAS\grao_DSC_0293_id238.png,RGB_JPG_IMPUREZAS,RGB_JPG_IMPUREZAS
C:\Users\eduar\Desktop\Soybe-main\data\com_fundo\RGB_JPG_IMPUREZAS\grao_DSC_0293_id239.png,RGB_JPG_IMPUREZAS,RGB_JPG_IMPUREZAS
C:\Users\eduar\Desktop\Soybe-main\data\com_fundo\RGB_JPG_IMPUREZAS\grao_DSC_0293_id241.png,RGB_JPG_IMPUREZAS,RGB_JPG_IMPUREZAS
C:\Users\eduar\Desktop\Soybe-main\data\com_fundo\RGB_JPG_IMPUREZAS\grao_DSC_0293_id244.png,RGB_JPG_IMPUREZAS,RGB_JPG_IMPUREZAS
C:\Users\eduar\Desktop\Soybe-main\data\com_fundo\RGB_JPG_IMPUREZAS\grao_DSC_0293_id247.png,RGB_JPG_IMPUREZAS,RGB_JPG_IMPUREZAS
C:\Users\eduar\Desktop\Soybe-main\data\com_fundo\RGB_JPG_IMPUREZAS\grao_DSC_0293_id249.png,RGB_JPG_IMPUREZAS,RGB_JPG_IMPUREZAS
C:\Users\eduar\Desktop\Soybe-main\data\com_fundo\RGB_JPG_IMPUREZAS\grao_DSC_0293_id251.png,RGB_JPG_IMPUREZAS,RGB_JPG_IMPUREZAS
C:\Users\eduar\Desktop\Soybe-main\data\com_fundo\RGB_JPG_IMPUREZAS\grao_DSC_0293_id252.png,RGB_JPG_IMPUREZAS,RGB_JPG_IMPUREZAS
C:\Users\eduar\Desktop\Soybe-main\data\com_fundo\RGB_JPG_IMPUREZAS\grao_DSC_0293_id254.png,RGB_JPG_IMPUREZAS,RGB_JPG_IMPUREZAS
C:\Users\eduar\Desktop\Soybe-main\data\com_fundo\RGB_JPG_IMPUREZAS\grao_DSC_0293_id255.png,RGB_JPG_IMPUREZAS,RGB_JPG_IMPUREZAS
C:\Users\eduar\Desktop\Soybe-main\data\com_fundo\RGB_JPG_IMPUREZAS\grao_DSC_0293_id256.png,RGB_JPG_IMPUREZAS,RGB_JPG_IMPUREZAS
C:\Users\eduar\Desktop\Soybe-main\data\com_fundo\RGB_JPG_IMPUREZAS\grao_DSC_0293_id257.png,RGB_JPG_IMPUREZAS,RGB_JPG_IMPUREZAS
C:\Users\eduar\Desktop\Soybe-main\data\com_fundo\RGB_JPG_IMPUREZAS\grao_DSC_0293_id258.png,RGB_JPG_IMPUREZAS,RGB_JPG_IMPUREZAS
C:\Users\eduar\Desktop\Soybe-main\data\com_fundo\RGB_JPG_IMPUREZAS\grao_DSC_0293_id259.png,RGB_JPG_IMPUREZAS,RGB_JPG_IMPUREZAS
C:\Users\eduar\Desktop\Soybe-main\data\com_fundo\RGB_JPG_IMPUREZAS\grao_DSC_0293_id26.png,RGB_JPG_IMPUREZAS,RGB_JPG_IMPUREZAS
C:\Users\eduar\Desktop\Soybe-main\data\com_fundo\RGB_JPG_IMPUREZAS\grao_DSC_0293_id260.png,RGB_JPG_IMPUREZAS,RGB_JPG_IMPUREZAS
C:\Users\eduar\Desktop\Soybe-main\data\com_fundo\RGB_JPG_IMPUREZAS\grao_DSC_0293_id261.png,RGB_JPG_IMPUREZAS,RGB_JPG_IMPUREZAS
C:\Users\eduar\Desktop\Soybe-main\data\com_fundo\RGB_JPG_IMPUREZAS\grao_DSC_0293_id262.png,RGB_JPG_IMPUREZAS,RGB_JPG_IMPUREZAS
C:\Users\eduar\Desktop\Soybe-main\data\com_fundo\RGB_JPG_IMPUREZAS\grao_DSC_0293_id263.png,RGB_JPG_IMPUREZAS,RGB_JPG_IMPUREZAS
C:\Users\eduar\Desktop\Soybe-main\data\com_fundo\RGB_JPG_IMPUREZAS\grao_DSC_0293_id264.png,RGB_JPG_IMPUREZAS,RGB_JPG_IMPUREZAS
C:\Users\eduar\Desktop\Soybe-main\data\com_fundo\RGB_JPG_IMPUREZAS\grao_DSC_0293_id267.png,RGB_JPG_IMPUREZAS,RGB_JPG_IMPUREZAS
C:\Users\eduar\Desktop\Soybe-main\data\com_fundo\RGB_JPG_IMPUREZAS\grao_DSC_0293_id268.png,RGB_JPG_IMPUREZAS,RGB_JPG_IMPUREZAS
C:\Users\eduar\Desktop\Soybe-main\data\com_fundo\RGB_JPG_IMPUREZAS\grao_DSC_0293_id27.png,RGB_JPG_IMPUREZAS,RGB_JPG_IMPUREZAS
C:\Users\eduar\Desktop\Soybe-main\data\com_fundo\RGB_JPG_IMPUREZAS\grao_DSC_0293_id270.png,RGB_JPG_IMPUREZAS,RGB_JPG_IMPUREZAS
C:\Users\eduar\Desktop\Soybe-main\data\com_fundo\RGB_JPG_IMPUREZAS\grao_DSC_0293_id272.png,RGB_JPG_IMPUREZAS,RGB_JPG_IMPUREZAS
C:\Users\eduar\Desktop\Soybe-main\data\com_fundo\RGB_JPG_IMPUREZAS\grao_DSC_0293_id274.png,RGB_JPG_IMPUREZAS,RGB_JPG_IMPUREZAS
C:\Users\eduar\Desktop\Soybe-main\data\com_fundo\RGB_JPG_IMPUREZAS\grao_DSC_0293_id275.png,RGB_JPG_IMPUREZAS,RGB_JPG_IMPUREZAS
C:\Users\eduar\Desktop\Soybe-main\data\com_fundo\RGB_JPG_IMPUREZAS\grao_DSC_0293_id278.png,RGB_JPG_IMPUREZAS,RGB_JPG_IMPUREZAS
C:\Users\eduar\Desktop\Soybe-main\data\com_fundo\RGB_JPG_IMPUREZAS\grao_DSC_0293_id28.png,RGB_JPG_IMPUREZAS,RGB_JPG_IMPUREZAS
C:\Users\eduar\Desktop\Soybe-main\data\com_fundo\RGB_JPG_IMPUREZAS\grao_DSC_0293_id280.png,RGB_JPG_IMPUREZAS,RGB_JPG_IMPUREZAS
C:\Users\eduar\Desktop\Soybe-main\data\com_fundo\RGB_JPG_IMPUREZAS\grao_DSC_0293_id282.png,RGB_JPG_IMPUREZAS,RGB_JPG_IMPUREZAS
C:\Users\eduar\Desktop\Soybe-main\data\com_fundo\RGB_JPG_IMPUREZAS\grao_DSC_0293_id286.png,RGB_JPG_IMPUREZAS,RGB_JPG_IMPUREZAS
C:\Users\eduar\Desktop\Soybe-main\data\com_fundo\RGB_JPG_IMPUREZAS\grao_DSC_0293_id288.png,RGB_JPG_IMPUREZAS,RGB_JPG_IMPUREZAS
C:\Users\eduar\Desktop\Soybe-main\data\com_fundo\RGB_JPG_IMPUREZAS\grao_DSC_0293_id289.png,RGB_JPG_IMPUREZAS,RGB_JPG_IMPUREZAS
C:\Users\eduar\Desktop\Soybe-main\data\com_fundo\RGB_JPG_IMPUREZAS\grao_DSC_0293_id29.png,RGB_JPG_IMPUREZAS,RGB_JPG_IMPUREZAS
C:\Users\eduar\Desktop\Soybe-main\data\com_fundo\RGB_JPG_IMPUREZAS\grao_DSC_0293_id290.png,RGB_JPG_IMPUREZAS,RGB_JPG_IMPUREZAS
C:\Users\eduar\Desktop\Soybe-main\data\com_fundo\RGB_JPG_IMPUREZAS\grao_DSC_0293_id291.png,RGB_JPG_IMPUREZAS,RGB_JPG_IMPUREZAS
C:\Users\eduar\Desktop\Soybe-main\data\com_fundo\RGB_JPG_IMPUREZAS\grao_DSC_0293_id292.png,RGB_JPG_IMPUREZAS,RGB_JPG_IMPUREZAS
C:\Users\eduar\Desktop\Soybe-main\data\com_fundo\RGB_JPG_IMPUREZAS\grao_DSC_0293_id293.png,RGB_JPG_IMPUREZAS,RGB_JPG_IMPUREZAS
C:\Users\eduar\Desktop\Soybe-main\data\com_fundo\RGB_JPG_IMPUREZAS\grao_DSC_0293_id295.png,RGB_JPG_IMPUREZAS,RGB_JPG_IMPUREZAS
C:\Users\eduar\Desktop\Soybe-main\data\com_fundo\RGB_JPG_IMPUREZAS\grao_DSC_0293_id297.png,RGB_JPG_IMPUREZAS,RGB_JPG_IMPUREZAS
C:\Users\eduar\Desktop\Soybe-main\data\com_fundo\RGB_JPG_IMPUREZAS\grao_DSC_0293_id3.png,RGB_JPG_IMPUREZAS,RGB_JPG_IMPUREZAS
C:\Users\eduar\Desktop\Soybe-main\data\com_fundo\RGB_JPG_IMPUREZAS\grao_DSC_0293_id30.png,RGB_JPG_IMPUREZAS,RGB_JPG_IMPUREZAS
C:\Users\eduar\Desktop\Soybe-main\data\com_fundo\RGB_JPG_IMPUREZAS\grao_DSC_0293_id301.png,RGB_JPG_IMPUREZAS,RGB_JPG_IMPUREZAS
C:\Users\eduar\Desktop\Soybe-main\data\com_fundo\RGB_JPG_IMPUREZAS\grao_DSC_0293_id304.png,RGB_JPG_IMPUREZAS,RGB_JPG_IMPUREZAS
C:\Users\eduar\Desktop\Soybe-main\data\com_fundo\RGB_JPG_IMPUREZAS\grao_DSC_0293_id305.png,RGB_JPG_IMPUREZAS,RGB_JPG_IMPUREZAS
C:\Users\eduar\Desktop\Soybe-main\data\com_fundo\RGB_JPG_IMPUREZAS\grao_DSC_0293_id307.png,RGB_JPG_IMPUREZAS,RGB_JPG_IMPUREZAS
C:\Users\eduar\Desktop\Soybe-main\data\com_fundo\RGB_JPG_IMPUREZAS\grao_DSC_0293_id31.png,RGB_JPG_IMPUREZAS,RGB_JPG_IMPUREZAS
C:\Users\eduar\Desktop\Soybe-main\data\com_fundo\RGB_JPG_IMPUREZAS\grao_DSC_0293_id311.png,RGB_JPG_IMPUREZAS,RGB_JPG_IMPUREZAS
C:\Users\eduar\Desktop\Soybe-main\data\com_fundo\RGB_JPG_IMPUREZAS\grao_DSC_0293_id312.png,RGB_JPG_IMPUREZAS,RGB_JPG_IMPUREZAS
C:\Users\eduar\Desktop\Soybe-main\data\com_fundo\RGB_JPG_IMPUREZAS\grao_DSC_0293_id313.png,RGB_JPG_IMPUREZAS,RGB_JPG_IMPUREZAS
C:\Users\eduar\Desktop\Soybe-main\data\com_fundo\RGB_JPG_IMPUREZAS\grao_DSC_0293_id316.png,RGB_JPG_IMPUREZAS,RGB_JPG_IMPUREZAS
C:\Users\eduar\Desktop\Soybe-main\data\com_fundo\RGB_JPG_IMPUREZAS\grao_DSC_0293_id317.png,RGB_JPG_IMPUREZAS,RGB_JPG_IMPUREZAS
C:\Users\eduar\Desktop\Soybe-main\data\com_fundo\RGB_JPG_IMPUREZAS\grao_DSC_0293_id318.png,RGB_JPG_IMPUREZAS,RGB_JPG_IMPUREZAS
C:\Users\eduar\Desktop\Soybe-main\data\com_fundo\RGB_JPG_IMPUREZAS\grao_DSC_0293_id319.png,RGB_JPG_IMPUREZAS,RGB_JPG_IMPUREZAS
C:\Users\eduar\Desktop\Soybe-main\data\com_fundo\RGB_JPG_IMPUREZAS\grao_DSC_0293_id32.png,RGB_JPG_IMPUREZAS,RGB_JPG_IMPUREZAS
C:\Users\eduar\Desktop\Soybe-main\data\com_fundo\RGB_JPG_IMPUREZAS\grao_DSC_0293_id320.png,RGB_JPG_IMPUREZAS,RGB_JPG_IMPUREZAS
C:\Users\eduar\Desktop\Soybe-main\data\com_fundo\RGB_JPG_IMPUREZAS\grao_DSC_0293_id321.png,RGB_JPG_IMPUREZAS,RGB_JPG_IMPUREZAS
C:\Users\eduar\Desktop\Soybe-main\data\com_fundo\RGB_JPG_IMPUREZAS\grao_DSC_0293_id322.png,RGB_JPG_IMPUREZAS,RGB_JPG_IMPUREZAS
C:\Users\eduar\Desktop\Soybe-main\data\com_fundo\RGB_JPG_IMPUREZAS\grao_DSC_0293_id323.png,RGB_JPG_IMPUREZAS,RGB_JPG_IMPUREZAS
C:\Users\eduar\Desktop\Soybe-main\data\com_fundo\RGB_JPG_IMPUREZAS\grao_DSC_0293_id324.png,RGB_JPG_IMPUREZAS,RGB_JPG_IMPUREZAS
C:\Users\eduar\Desktop\Soybe-main\data\com_fundo\RGB_JPG_IMPUREZAS\grao_DSC_0293_id325.png,RGB_JPG_IMPUREZAS,RGB_JPG_IMPUREZAS
C:\Users\eduar\Desktop\Soybe-main\data\com_fundo\RGB_JPG_IMPUREZAS\grao_DSC_0293_id326.png,RGB_JPG_IMPUREZAS,RGB_JPG_IMPUREZAS
C:\Users\eduar\Desktop\Soybe-main\data\com_fundo\RGB_JPG_IMPUREZAS\grao_DSC_0293_id327.png,RGB_JPG_IMPUREZAS,RGB_JPG_IMPUREZAS
C:\Users\eduar\Desktop\Soybe-main\data\com_fundo\RGB_JPG_IMPUREZAS\grao_DSC_0293_id328.png,RGB_JPG_IMPUREZAS,RGB_JPG_IMPUREZAS
C:\Users\eduar\Desktop\Soybe-main\data\com_fundo\RGB_JPG_IMPUREZAS\grao_DSC_0293_id33.png,RGB_JPG_IMPUREZAS,RGB_JPG_IMPUREZAS
C:\Users\eduar\Desktop\Soybe-main\data\com_fundo\RGB_JPG_IMPUREZAS\grao_DSC_0293_id330.png,RGB_JPG_IMPUREZAS,RGB_JPG_IMPUREZAS
C:\Users\eduar\Desktop\Soybe-main\data\com_fundo\RGB_JPG_IMPUREZAS\grao_DSC_0293_id331.png,RGB_JPG_IMPUREZAS,RGB_JPG_IMPUREZAS
C:\Users\eduar\Desktop\Soybe-main\data\com_fundo\RGB_JPG_IMPUREZAS\grao_DSC_0293_id332.png,RGB_JPG_IMPUREZAS,RGB_JPG_IMPUREZAS
C:\Users\eduar\Desktop\Soybe-main\data\com_fundo\RGB_JPG_IMPUREZAS\grao_DSC_0293_id334.png,RGB_JPG_IMPUREZAS,RGB_JPG_IMPUREZAS
C:\Users\eduar\Desktop\Soybe-main\data\com_fundo\RGB_JPG_IMPUREZAS\grao_DSC_0293_id344.png,RGB_JPG_IMPUREZAS,RGB_JPG_IMPUREZAS
C:\Users\eduar\Desktop\Soybe-main\data\com_fundo\RGB_JPG_IMPUREZAS\grao_DSC_0293_id345.png,RGB_JPG_IMPUREZAS,RGB_JPG_IMPUREZAS
C:\Users\eduar\Desktop\Soybe-main\data\com_fundo\RGB_JPG_IMPUREZAS\grao_DSC_0293_id346.png,RGB_JPG_IMPUREZAS,RGB_JPG_IMPUREZAS
C:\Users\eduar\Desktop\Soybe-main\data\com_fundo\RGB_JPG_IMPUREZAS\grao_DSC_0293_id347.png,RGB_JPG_IMPUREZAS,RGB_JPG_IMPUREZAS
C:\Users\eduar\Desktop\Soybe-main\data\com_fundo\RGB_JPG_IMPUREZAS\grao_DSC_0293_id348.png,RGB_JPG_IMPUREZAS,RGB_JPG_IMPUREZAS
C:\Users\eduar\Desktop\Soybe-main\data\com_fundo\RGB_JPG_IMPUREZAS\grao_DSC_0293_id349.png,RGB_JPG_IMPUREZAS,RGB_JPG_IMPUREZAS
C:\Users\eduar\Desktop\Soybe-main\data\com_fundo\RGB_JPG_IMPUREZAS\grao_DSC_0293_id350.png,RGB_JPG_IMPUREZAS,RGB_JPG_IMPUREZAS
C:\Users\eduar\Desktop\Soybe-main\data\com_fundo\RGB_JPG_IMPUREZAS\grao_DSC_0293_id353.png,RGB_JPG_IMPUREZAS,RGB_JPG_IMPUREZAS
C:\Users\eduar\Desktop\Soybe-main\data\com_fundo\RGB_JPG_IMPUREZAS\grao_DSC_0293_id354.png,RGB_JPG_IMPUREZAS,RGB_JPG_IMPUREZAS
C:\Users\eduar\Desktop\Soybe-main\data\com_fundo\RGB_JPG_IMPUREZAS\grao_DSC_0293_id355.png,RGB_JPG_IMPUREZAS,RGB_JPG_IMPUREZAS
C:\Users\eduar\Desktop\Soybe-main\data\com_fundo\RGB_JPG_IMPUREZAS\grao_DSC_0293_id356.png,RGB_JPG_IMPUREZAS,RGB_JPG_IMPUREZAS
C:\Users\eduar\Desktop\Soybe-main\data\com_fundo\RGB_JPG_IMPUREZAS\grao_DSC_0293_id358.png,RGB_JPG_IMPUREZAS,RGB_JPG_IMPUREZAS
C:\Users\eduar\Desktop\Soybe-main\data\com_fundo\RGB_JPG_IMPUREZAS\grao_DSC_0293_id359.png,RGB_JPG_IMPUREZAS,RGB_JPG_IMPUREZAS
C:\Users\eduar\Desktop\Soybe-main\data\com_fundo\RGB_JPG_IMPUREZAS\grao_DSC_0293_id36.png,RGB_JPG_IMPUREZAS,RGB_JPG_IMPUREZAS
C:\Users\eduar\Desktop\Soybe-main\data\com_fundo\RGB_JPG_IMPUREZAS\grao_DSC_0293_id362.png,RGB_JPG_IMPUREZAS,RGB_JPG_IMPUREZAS
C:\Users\eduar\Desktop\Soybe-main\data\com_fundo\RGB_JPG_IMPUREZAS\grao_DSC_0293_id365.png,RGB_JPG_IMPUREZAS,RGB_JPG_IMPUREZAS
C:\Users\eduar\Desktop\Soybe-main\data\com_fundo\RGB_JPG_IMPUREZAS\grao_DSC_0293_id366.png,RGB_JPG_IMPUREZAS,RGB_JPG_IMPUREZAS
C:\Users\eduar\Desktop\Soybe-main\data\com_fundo\RGB_JPG_IMPUREZAS\grao_DSC_0293_id367.png,RGB_JPG_IMPUREZAS,RGB_JPG_IMPUREZAS
C:\Users\eduar\Desktop\Soybe-main\data\com_fundo\RGB_JPG_IMPUREZAS\grao_DSC_0293_id37.png,RGB_JPG_IMPUREZAS,RGB_JPG_IMPUREZAS
C:\Users\eduar\Desktop\Soybe-main\data\com_fundo\RGB_JPG_IMPUREZAS\grao_DSC_0293_id373.png,RGB_JPG_IMPUREZAS,RGB_JPG_IMPUREZAS
C:\Users\eduar\Desktop\Soybe-main\data\com_fundo\RGB_JPG_IMPUREZAS\grao_DSC_0293_id374.png,RGB_JPG_IMPUREZAS,RGB_JPG_IMPUREZAS
C:\Users\eduar\Desktop\Soybe-main\data\com_fundo\RGB_JPG_IMPUREZAS\grao_DSC_0293_id376.png,RGB_JPG_IMPUREZAS,RGB_JPG_IMPUREZAS
C:\Users\eduar\Desktop\Soybe-main\data\com_fundo\RGB_JPG_IMPUREZAS\grao_DSC_0293_id377.png,RGB_JPG_IMPUREZAS,RGB_JPG_IMPUREZAS
C:\Users\eduar\Desktop\Soybe-main\data\com_fundo\RGB_JPG_IMPUREZAS\grao_DSC_0293_id378.png,RGB_JPG_IMPUREZAS,RGB_JPG_IMPUREZAS
C:\Users\eduar\Desktop\Soybe-main\data\com_fundo\RGB_JPG_IMPUREZAS\grao_DSC_0293_id379.png,RGB_JPG_IMPUREZAS,RGB_JPG_IMPUREZAS
C:\Users\eduar\Desktop\Soybe-main\data\com_fundo\RGB_JPG_IMPUREZAS\grao_DSC_0293_id380.png,RGB_JPG_IMPUREZAS,RGB_JPG_IMPUREZAS
C:\Users\eduar\Desktop\Soybe-main\data\com_fundo\RGB_JPG_IMPUREZAS\grao_DSC_0293_id381.png,RGB_JPG_IMPUREZAS,RGB_JPG_IMPUREZAS
C:\Users\eduar\Desktop\Soybe-main\data\com_fundo\RGB_JPG_IMPUREZAS\grao_DSC_0293_id382.png,RGB_JPG_IMPUREZAS,RGB_JPG_IMPUREZAS
C:\Users\eduar\Desktop\Soybe-main\data\com_fundo\RGB_JPG_IMPUREZAS\grao_DSC_0293_id383.png,RGB_JPG_IMPUREZAS,RGB_JPG_IMPUREZAS
C:\Users\eduar\Desktop\Soybe-main\data\com_fundo\RGB_JPG_IMPUREZAS\grao_DSC_0293_id384.png,RGB_JPG_IMPUREZAS,RGB_JPG_IMPUREZAS
C:\Users\eduar\Desktop\Soybe-main\data\com_fundo\RGB_JPG_IMPUREZAS\grao_DSC_0293_id385.png,RGB_JPG_IMPUREZAS,RGB_JPG_IMPUREZAS
C:\Users\eduar\Desktop\Soybe-main\data\com_fundo\RGB_JPG_IMPUREZAS\grao_DSC_0293_id387.png,RGB_JPG_IMPUREZAS,RGB_JPG_IMPUREZAS
C:\Users\eduar\Desktop\Soybe-main\data\com_fundo\RGB_JPG_IMPUREZAS\grao_DSC_0293_id39.png,RGB_JPG_IMPUREZAS,RGB_JPG_IMPUREZAS
C:\Users\eduar\Desktop\Soybe-main\data\com_fundo\RGB_JPG_IMPUREZAS\grao_DSC_0293_id391.png,RGB_JPG_IMPUREZAS,RGB_JPG_IMPUREZAS
C:\Users\eduar\Desktop\Soybe-main\data\com_fundo\RGB_JPG_IMPUREZAS\grao_DSC_0293_id395.png,RGB_JPG_IMPUREZAS,RGB_JPG_IMPUREZAS
C:\Users\eduar\Desktop\Soybe-main\data\com_fundo\RGB_JPG_IMPUREZAS\grao_DSC_0293_id397.png,RGB_JPG_IMPUREZAS,RGB_JPG_IMPUREZAS
C:\Users\eduar\Desktop\Soybe-main\data\com_fundo\RGB_JPG_IMPUREZAS\grao_DSC_0293_id399.png,RGB_JPG_IMPUREZAS,RGB_JPG_IMPUREZAS
C:\Users\eduar\Desktop\Soybe-main\data\com_fundo\RGB_JPG_IMPUREZAS\grao_DSC_0293_id4.png,RGB_JPG_IMPUREZAS,RGB_JPG_IMPUREZAS
C:\Users\eduar\Desktop\Soybe-main\data\com_fundo\RGB_JPG_IMPUREZAS\grao_DSC_0293_id40.png,RGB_JPG_IMPUREZAS,RGB_JPG_IMPUREZAS
C:\Users\eduar\Desktop\Soybe-main\data\com_fundo\RGB_JPG_IMPUREZAS\grao_DSC_0293_id400.png,RGB_JPG_IMPUREZAS,RGB_JPG_IMPUREZAS
C:\Users\eduar\Desktop\Soybe-main\data\com_fundo\RGB_JPG_IMPUREZAS\grao_DSC_0293_id402.png,RGB_JPG_IMPUREZAS,RGB_JPG_IMPUREZAS
C:\Users\eduar\Desktop\Soybe-main\data\com_fundo\RGB_JPG_IMPUREZAS\grao_DSC_0293_id403.png,RGB_JPG_IMPUREZAS,RGB_JPG_IMPUREZAS
C:\Users\eduar\Desktop\Soybe-main\data\com_fundo\RGB_JPG_IMPUREZAS\grao_DSC_0293_id405.png,RGB_JPG_IMPUREZAS,RGB_JPG_IMPUREZAS
C:\Users\eduar\Desktop\Soybe-main\data\com_fundo\RGB_JPG_IMPUREZAS\grao_DSC_0293_id42.png,RGB_JPG_IMPUREZAS,RGB_JPG_IMPUREZAS
C:\Users\eduar\Desktop\Soybe-main\data\com_fundo\RGB_JPG_IMPUREZAS\grao_DSC_0293_id43.png,RGB_JPG_IMPUREZAS,RGB_JPG_IMPUREZAS
C:\Users\eduar\Desktop\Soybe-main\data\com_fundo\RGB_JPG_IMPUREZAS\grao_DSC_0293_id44.png,RGB_JPG_IMPUREZAS,RGB_JPG_IMPUREZAS
C:\Users\eduar\Desktop\Soybe-main\data\com_fundo\RGB_JPG_IMPUREZAS\grao_DSC_0293_id48.png,RGB_JPG_IMPUREZAS,RGB_JPG_IMPUREZAS
C:\Users\eduar\Desktop\Soybe-main\data\com_fundo\RGB_JPG_IMPUREZAS\grao_DSC_0293_id50.png,RGB_JPG_IMPUREZAS,RGB_JPG_IMPUREZAS
C:\Users\eduar\Desktop\Soybe-main\data\com_fundo\RGB_JPG_IMPUREZAS\grao_DSC_0293_id54.png,RGB_JPG_IMPUREZAS,RGB_JPG_IMPUREZAS
C:\Users\eduar\Desktop\Soybe-main\data\com_fundo\RGB_JPG_IMPUREZAS\grao_DSC_0293_id55.png,RGB_JPG_IMPUREZAS,RGB_JPG_IMPUREZAS
C:\Users\eduar\Desktop\Soybe-main\data\com_fundo\RGB_JPG_IMPUREZAS\grao_DSC_0293_id57.png,RGB_JPG_IMPUREZAS,RGB_JPG_IMPUREZAS
C:\Users\eduar\Desktop\Soybe-main\data\com_fundo\RGB_JPG_IMPUREZAS\grao_DSC_0293_id58.png,RGB_JPG_IMPUREZAS,RGB_JPG_IMPUREZAS
C:\Users\eduar\Desktop\Soybe-main\data\com_fundo\RGB_JPG_IMPUREZAS\grao_DSC_0293_id59.png,RGB_JPG_IMPUREZAS,RGB_JPG_IMPUREZAS
C:\Users\eduar\Desktop\Soybe-main\data\com_fundo\RGB_JPG_IMPUREZAS\grao_DSC_0293_id60.png,RGB_JPG_IMPUREZAS,RGB_JPG_IMPUREZAS
C:\Users\eduar\Desktop\Soybe-main\data\com_fundo\RGB_JPG_IMPUREZAS\grao_DSC_0293_id61.png,RGB_JPG_IMPUREZAS,RGB_JPG_IMPUREZAS
C:\Users\eduar\Desktop\Soybe-main\data\com_fundo\RGB_JPG_IMPUREZAS\grao_DSC_0293_id62.png,RGB_JPG_IMPUREZAS,RGB_JPG_IMPUREZAS
C:\Users\eduar\Desktop\Soybe-main\data\com_fundo\RGB_JPG_IMPUREZAS\grao_DSC_0293_id63.png,RGB_JPG_IMPUREZAS,RGB_JPG_IMPUREZAS
C:\Users\eduar\Desktop\Soybe-main\data\com_fundo\RGB_JPG_IMPUREZAS\grao_DSC_0293_id64.png,RGB_JPG_IMPUREZAS,RGB_JPG_IMPUREZAS
C:\Users\eduar\Desktop\Soybe-main\data\com_fundo\RGB_JPG_IMPUREZAS\grao_DSC_0293_id65.png,RGB_JPG_IMPUREZAS,RGB_JPG_IMPUREZAS
C:\Users\eduar\Desktop\Soybe-main\data\com_fundo\RGB_JPG_IMPUREZAS\grao_DSC_0293_id66.png,RGB_JPG_IMPUREZAS,RGB_JPG_IMPUREZAS
C:\Users\eduar\Desktop\Soybe-main\data\com_fundo\RGB_JPG_IMPUREZAS\grao_DSC_0293_id68.png,RGB_JPG_IMPUREZAS,RGB_JPG_IMPUREZAS
C:\Users\eduar\Desktop\Soybe-main\data\com_fundo\RGB_JPG_IMPUREZAS\grao_DSC_0293_id7.png,RGB_JPG_IMPUREZAS,RGB_JPG_IMPUREZAS
C:\Users\eduar\Desktop\Soybe-main\data\com_fundo\RGB_JPG_IMPUREZAS\grao_DSC_0293_id70.png,RGB_JPG_IMPUREZAS,RGB_JPG_IMPUREZAS
C:\Users\eduar\Desktop\Soybe-main\data\com_fundo\RGB_JPG_IMPUREZAS\grao_DSC_0293_id73.png,RGB_JPG_IMPUREZAS,RGB_JPG_IMPUREZAS
C:\Users\eduar\Desktop\Soybe-main\data\com_fundo\RGB_JPG_IMPUREZAS\grao_DSC_0293_id77.png,RGB_JPG_IMPUREZAS,RGB_JPG_IMPUREZAS
C:\Users\eduar\Desktop\Soybe-main\data\com_fundo\RGB_JPG_IMPUREZAS\grao_DSC_0293_id83.png,RGB_JPG_IMPUREZAS,RGB_JPG_IMPUREZAS
C:\Users\eduar\Desktop\Soybe-main\data\com_fundo\RGB_JPG_IMPUREZAS\grao_DSC_0293_id85.png,RGB_JPG_IMPUREZAS,RGB_JPG_IMPUREZAS
C:\Users\eduar\Desktop\Soybe-main\data\com_fundo\RGB_JPG_IMPUREZAS\grao_DSC_0293_id88.png,RGB_JPG_IMPUREZAS,RGB_JPG_IMPUREZAS
C:\Users\eduar\Desktop\Soybe-main\data\com_fundo\RGB_JPG_IMPUREZAS\grao_DSC_0293_id89.png,RGB_JPG_IMPUREZAS,RGB_JPG_IMPUREZAS
C:\Users\eduar\Desktop\Soybe-main\data\com_fundo\RGB_JPG_IMPUREZAS\grao_DSC_0293_id90.png,RGB_JPG_IMPUREZAS,RGB_JPG_IMPUREZAS
C:\Users\eduar\Desktop\Soybe-main\data\com_fundo\RGB_JPG_IMPUREZAS\grao_DSC_0293_id91.png,RGB_JPG_IMPUREZAS,RGB_JPG_IMPUREZAS
C:\Users\eduar\Desktop\Soybe-main\data\com_fundo\RGB_JPG_IMPUREZAS\grao_DSC_0293_id92.png,RGB_JPG_IMPUREZAS,RGB_JPG_IMPUREZAS
C:\Users\eduar\Desktop\Soybe-main\data\com_fundo\RGB_JPG_IMPUREZAS\grao_DSC_0293_id93.png,RGB_JPG_IMPUREZAS,RGB_JPG_IMPUREZAS
C:\Users\eduar\Desktop\Soybe-main\data\com_fundo\RGB_JPG_IMPUREZAS\grao_DSC_0293_id94.png,RGB_JPG_IMPUREZAS,RGB_JPG_IMPUREZAS
C:\Users\eduar\Desktop\Soybe-main\data\com_fundo\RGB_JPG_IMPUREZAS\grao_DSC_0293_id95.png,RGB_JPG_IMPUREZAS,RGB_JPG_IMPUREZAS
C:\Users\eduar\Desktop\Soybe-main\data\com_fundo\RGB_JPG_IMPUREZAS\grao_DSC_0293_id96.png,RGB_JPG_IMPUREZAS,RGB_JPG_IMPUREZAS
C:\Users\eduar\Desktop\Soybe-main\data\com_fundo\RGB_JPG_IMPUREZAS\grao_DSC_0293_id97.png,RGB_JPG_IMPUREZAS,RGB_JPG_IMPUREZAS
C:\Users\eduar\Desktop\Soybe-main\data\com_fundo\RGB_JPG_IMPUREZAS\grao_DSC_0293_id98.png,RGB_JPG_IMPUREZAS,RGB_JPG_IMPUREZAS
C:\Users\eduar\Desktop\Soybe-main\data\com_fundo\RGB_JPG_IMPUREZAS\grao_DSC_0293_id99.png,RGB_JPG_IMPUREZAS,RGB_JPG_IMPUREZAS
C:\Users\eduar\Desktop\Soybe-main\data\com_fundo\RGB_JPG_INSETOS\grao_DSC_0164_id1.png,RGB_JPG_INSETOS,RGB_JPG_PURPURAS
C:\Users\eduar\Desktop\Soybe-main\data\com_fundo\RGB_JPG_INSETOS\grao_DSC_0164_id10.png,RGB_JPG_INSETOS,RGB_JPG_Normais
C:\Users\eduar\Desktop\Soybe-main\data\com_fundo\RGB_JPG_INSETOS\grao_DSC_0164_id100.png,RGB_JPG_INSETOS,RGB_JPG_Normais
C:\Users\eduar\Desktop\Soybe-main\data\com_fundo\RGB_JPG_INSETOS\grao_DSC_0164_id101.png,RGB_JPG_INSETOS,RGB_JPG_INSETOS
C:\Users\eduar\Desktop\Soybe-main\data\com_fundo\RGB_JPG_INSETOS\grao_DSC_0164_id102.png,RGB_JPG_INSETOS,RGB_JPG_Normais
C:\Users\eduar\Desktop\Soybe-main\data\com_fundo\RGB_JPG_INSETOS\grao_DSC_0164_id103.png,RGB_JPG_INSETOS,RGB_JPG_Normais
C:\Users\eduar\Desktop\Soybe-main\data\com_fundo\RGB_JPG_INSETOS\grao_DSC_0164_id104.png,RGB_JPG_INSETOS,RGB_JPG_Normais
C:\Users\eduar\Desktop\Soybe-main\data\com_fundo\RGB_JPG_INSETOS\grao_DSC_0164_id105.png,RGB_JPG_INSETOS,RGB_JPG_INSETOS
C:\Users\eduar\Desktop\Soybe-main\data\com_fundo\RGB_JPG_INSETOS\grao_DSC_0164_id106.png,RGB_JPG_INSETOS,RGB_JPG_INSETOS
C:\Users\eduar\Desktop\Soybe-main\data\com_fundo\RGB_JPG_INSETOS\grao_DSC_0164_id107.png,RGB_JPG_INSETOS,RGB_JPG_INSETOS
C:\Users\eduar\Desktop\Soybe-main\data\com_fundo\RGB_JPG_INSETOS\grao_DSC_0164_id108.png,RGB_JPG_INSETOS,RGB_JPG_PURPURAS
C:\Users\eduar\Desktop\Soybe-main\data\com_fundo\RGB_JPG_INSETOS\grao_DSC_0164_id109.png,RGB_JPG_INSETOS,RGB_JPG_Normais
C:\Users\eduar\Desktop\Soybe-main\data\com_fundo\RGB_JPG_INSETOS\grao_DSC_0164_id11.png,RGB_JPG_INSETOS,RGB_JPG_PURPURAS
C:\Users\eduar\Desktop\Soybe-main\data\com_fundo\RGB_JPG_INSETOS\grao_DSC_0164_id110.png,RGB_JPG_INSETOS,RGB_JPG_Normais
C:\Users\eduar\Desktop\Soybe-main\data\com_fundo\RGB_JPG_INSETOS\grao_DSC_0164_id111.png,RGB_JPG_INSETOS,RGB_JPG_CHOCHOS
C:\Users\eduar\Desktop\Soybe-main\data\com_fundo\RGB_JPG_INSETOS\grao_DSC_0164_id112.png,RGB_JPG_INSETOS,RGB_JPG_INSETOS
C:\Users\eduar\Desktop\Soybe-main\data\com_fundo\RGB_JPG_INSETOS\grao_DSC_0164_id113.png,RGB_JPG_INSETOS,RGB_JPG_Normais
C:\Users\eduar\Desktop\Soybe-main\data\com_fundo\RGB_JPG_INSETOS\grao_DSC_0164_id114.png,RGB_JPG_INSETOS,RGB_JPG_Normais
C:\Users\eduar\Desktop\Soybe-main\data\com_fundo\RGB_JPG_INSETOS\grao_DSC_0164_id115.png,RGB_JPG_INSETOS,RGB_JPG_INSETOS
C:\Users\eduar\Desktop\Soybe-main\data\com_fundo\RGB_JPG_INSETOS\grao_DSC_0164_id116.png,RGB_JPG_INSETOS,RGB_JPG_INSETOS
C:\Users\eduar\Desktop\Soybe-main\data\com_fundo\RGB_JPG_INSETOS\grao_DSC_0164_id117.png,RGB_JPG_INSETOS,RGB_JPG_INSETOS
C:\Users\eduar\Desktop\Soybe-main\data\com_fundo\RGB_JPG_INSETOS\grao_DSC_0164_id118.png,RGB_JPG_INSETOS,RGB_JPG_INSETOS
C:\Users\eduar\Desktop\Soybe-main\data\com_fundo\RGB_JPG_INSETOS\grao_DSC_0164_id119.png,RGB_JPG_INSETOS,RGB_JPG_INSETOS
C:\Users\eduar\Desktop\Soybe-main\data\com_fundo\RGB_JPG_INSETOS\grao_DSC_0164_id12.png,RGB_JPG_INSETOS,RGB_JPG_INSETOS
C:\Users\eduar\Desktop\Soybe-main\data\com_fundo\RGB_JPG_INSETOS\grao_DSC_0164_id120.png,RGB_JPG_INSETOS,RGB_JPG_Normais
C:\Users\eduar\Desktop\Soybe-main\data\com_fundo\RGB_JPG_INSETOS\grao_DSC_0164_id121.png,RGB_JPG_INSETOS,RGB_JPG_Normais
C:\Users\eduar\Desktop\Soybe-main\data\com_fundo\RGB_JPG_INSETOS\grao_DSC_0164_id122.png,RGB_JPG_INSETOS,RGB_JPG_Normais
C:\Users\eduar\Desktop\Soybe-main\data\com_fundo\RGB_JPG_INSETOS\grao_DSC_0164_id13.png,RGB_JPG_INSETOS,RGB_JPG_INSETOS
C:\Users\eduar\Desktop\Soybe-main\data\com_fundo\RGB_JPG_INSETOS\grao_DSC_0164_id14.png,RGB_JPG_INSETOS,RGB_JPG_Normais
C:\Users\eduar\Desktop\Soybe-main\data\com_fundo\RGB_JPG_INSETOS\grao_DSC_0164_id15.png,RGB_JPG_INSETOS,RGB_JPG_PURPURAS
C:\Users\eduar\Desktop\Soybe-main\data\com_fundo\RGB_JPG_INSETOS\grao_DSC_0164_id16.png,RGB_JPG_INSETOS,RGB_JPG_Normais
C:\Users\eduar\Desktop\Soybe-main\data\com_fundo\RGB_JPG_INSETOS\grao_DSC_0164_id17.png,RGB_JPG_INSETOS,RGB_JPG_INSETOS
C:\Users\eduar\Desktop\Soybe-main\data\com_fundo\RGB_JPG_INSETOS\grao_DSC_0164_id18.png,RGB_JPG_INSETOS,RGB_JPG_INSETOS
C:\Users\eduar\Desktop\Soybe-main\data\com_fundo\RGB_JPG_INSETOS\grao_DSC_0164_id19.png,RGB_JPG_INSETOS,RGB_JPG_Normais
C:\Users\eduar\Desktop\Soybe-main\data\com_fundo\RGB_JPG_INSETOS\grao_DSC_0164_id2.png,RGB_JPG_INSETOS,RGB_JPG_Normais
C:\Users\eduar\Desktop\Soybe-main\data\com_fundo\RGB_JPG_INSETOS\grao_DSC_0164_id20.png,RGB_JPG_INSETOS,RGB_JPG_Normais
C:\Users\eduar\Desktop\Soybe-main\data\com_fundo\RGB_JPG_INSETOS\grao_DSC_0164_id21.png,RGB_JPG_INSETOS,RGB_JPG_INSETOS
C:\Users\eduar\Desktop\Soybe-main\data\com_fundo\RGB_JPG_INSETOS\grao_DSC_0164_id22.png,RGB_JPG_INSETOS,RGB_JPG_Normais
C:\Users\eduar\Desktop\Soybe-main\data\com_fundo\RGB_JPG_INSETOS\grao_DSC_0164_id23.png,RGB_JPG_INSETOS,RGB_JPG_PURPURAS
C:\Users\eduar\Desktop\Soybe-main\data\com_fundo\RGB_JPG_INSETOS\grao_DSC_0164_id24.png,RGB_JPG_INSETOS,RGB_JPG_INSETOS
C:\Users\eduar\Desktop\Soybe-main\data\com_fundo\RGB_JPG_INSETOS\grao_DSC_0164_id25.png,RGB_JPG_INSETOS,RGB_JPG_Normais
C:\Users\eduar\Desktop\Soybe-main\data\com_fundo\RGB_JPG_INSETOS\grao_DSC_0164_id26.png,RGB_JPG_INSETOS,RGB_JPG_INSETOS
C:\Users\eduar\Desktop\Soybe-main\data\com_fundo\RGB_JPG_INSETOS\grao_DSC_0164_id27.png,RGB_JPG_INSETOS,RGB_JPG_Normais
C:\Users\eduar\Desktop\Soybe-main\data\com_fundo\RGB_JPG_INSETOS\grao_DSC_0164_id28.png,RGB_JPG_INSETOS,RGB_JPG_INSETOS
C:\Users\eduar\Desktop\Soybe-main\data\com_fundo\RGB_JPG_INSETOS\grao_DSC_0164_id29.png,RGB_JPG_INSETOS,RGB_JPG_INSETOS
C:\Users\eduar\Desktop\Soybe-main\data\com_fundo\RGB_JPG_INSETOS\grao_DSC_0164_id3.png,RGB_JPG_INSETOS,RGB_JPG_Normais
C:\Users\eduar\Desktop\Soybe-main\data\com_fundo\RGB_JPG_INSETOS\grao_DSC_0164_id30.png,RGB_JPG_INSETOS,RGB_JPG_INSETOS
C:\Users\eduar\Desktop\Soybe-main\data\com_fundo\RGB_JPG_INSETOS\grao_DSC_0164_id31.png,RGB_JPG_INSETOS,RGB_JPG_PURPURAS
C:\Users\eduar\Desktop\Soybe-main\data\com_fundo\RGB_JPG_INSETOS\grao_DSC_0164_id32.png,RGB_JPG_INSETOS,RGB_JPG_Normais
C:\Users\eduar\Desktop\Soybe-main\data\com_fundo\RGB_JPG_INSETOS\grao_DSC_0164_id33.png,RGB_JPG_INSETOS,RGB_JPG_INSETOS
C:\Users\eduar\Desktop\Soybe-main\data\com_fundo\RGB_JPG_INSETOS\grao_DSC_0164_id34.png,RGB_JPG_INSETOS,RGB_JPG_Normais
C:\Users\eduar\Desktop\Soybe-main\data\com_fundo\RGB_JPG_INSETOS\grao_DSC_0164_id35.png,RGB_JPG_INSETOS,RGB_JPG_Normais
C:\Users\eduar\Desktop\Soybe-main\data\com_fundo\RGB_JPG_INSETOS\grao_DSC_0164_id36.png,RGB_JPG_INSETOS,RGB_JPG_INSETOS
C:\Users\eduar\Desktop\Soybe-main\data\com_fundo\RGB_JPG_INSETOS\grao_DSC_0164_id37.png,RGB_JPG_INSETOS,RGB_JPG_Normais
C:\Users\eduar\Desktop\Soybe-main\data\com_fundo\RGB_JPG_INSETOS\grao_DSC_0164_id38.png,RGB_JPG_INSETOS,RGB_JPG_INSETOS
C:\Users\eduar\Desktop\Soybe-main\data\com_fundo\RGB_JPG_INSETOS\grao_DSC_0164_id39.png,RGB_JPG_INSETOS,RGB_JPG_PURPURAS
C:\Users\eduar\Desktop\Soybe-main\data\com_fundo\RGB_JPG_INSETOS\grao_DSC_0164_id4.png,RGB_JPG_INSETOS,RGB_JPG_INSETOS
C:\Users\eduar\Desktop\Soybe-main\data\com_fundo\RGB_JPG_INSETOS\grao_DSC_0164_id40.png,RGB_JPG_INSETOS,RGB_JPG_INSETOS
C:\Users\eduar\Desktop\Soybe-main\data\com_fundo\RGB_JPG_INSETOS\grao_DSC_0164_id41.png,RGB_JPG_INSETOS,RGB_JPG_Normais
C:\Users\eduar\Desktop\Soybe-main\data\com_fundo\RGB_JPG_INSETOS\grao_DSC_0164_id42.png,RGB_JPG_INSETOS,RGB_JPG_INSETOS
C:\Users\eduar\Desktop\Soybe-main\data\com_fundo\RGB_JPG_INSETOS\grao_DSC_0164_id43.png,RGB_JPG_INSETOS,RGB_JPG_INSETOS
C:\Users\eduar\Desktop\Soybe-main\data\com_fundo\RGB_JPG_INSETOS\grao_DSC_0164_id44.png,RGB_JPG_INSETOS,RGB_JPG_Normais
C:\Users\eduar\Desktop\Soybe-main\data\com_fundo\RGB_JPG_INSETOS\grao_DSC_0164_id45.png,RGB_JPG_INSETOS,RGB_JPG_PURPURAS
C:\Users\eduar\Desktop\Soybe-main\data\com_fundo\RGB_JPG_INSETOS\grao_DSC_0164_id48.png,RGB_JPG_INSETOS,RGB_JPG_Normais
C:\Users\eduar\Desktop\Soybe-main\data\com_fundo\RGB_JPG_INSETOS\grao_DSC_0164_id5.png,RGB_JPG_INSETOS,RGB_JPG_Normais
C:\Users\eduar\Desktop\Soybe-main\data\com_fundo\RGB_JPG_INSETOS\grao_DSC_0164_id50.png,RGB_JPG_INSETOS,RGB_JPG_INSETOS
C:\Users\eduar\Desktop\Soybe-main\data\com_fundo\RGB_JPG_INSETOS\grao_DSC_0164_id51.png,RGB_JPG_INSETOS,RGB_JPG_INSETOS
C:\Users\eduar\Desktop\Soybe-main\data\com_fundo\RGB_JPG_INSETOS\grao_DSC_0164_id53.png,RGB_JPG_INSETOS,RGB_JPG_INSETOS
C:\Users\eduar\Desktop\Soybe-main\data\com_fundo\RGB_JPG_INSETOS\grao_DSC_0164_id54.png,RGB_JPG_INSETOS,RGB_JPG_Normais
C:\Users\eduar\Desktop\Soybe-main\data\com_fundo\RGB_JPG_INSETOS\grao_DSC_0164_id55.png,RGB_JPG_INSETOS,RGB_JPG_INSETOS
C:\Users\eduar\Desktop\Soybe-main\data\com_fundo\RGB_JPG_INSETOS\grao_DSC_0164_id56.png,RGB_JPG_INSETOS,RGB_JPG_INSETOS
C:\Users\eduar\Desktop\Soybe-main\data\com_fundo\RGB_JPG_INSETOS\grao_DSC_0164_id57.png,RGB_JPG_INSETOS,RGB_JPG_PURPURAS
C:\Users\eduar\Desktop\Soybe-main\data\com_fundo\RGB_JPG_INSETOS\grao_DSC_0164_id58.png,RGB_JPG_INSETOS,RGB_JPG_Normais
C:\Users\eduar\Desktop\Soybe-main\data\com_fundo\RGB_JPG_INSETOS\grao_DSC_0164_id6.png,RGB_JPG_INSETOS,RGB_JPG_Normais
C:\Users\eduar\Desktop\Soybe-main\data\com_fundo\RGB_JPG_INSETOS\grao_DSC_0164_id60.png,RGB_JPG_INSETOS,RGB_JPG_Normais
C:\Users\eduar\Desktop\Soybe-main\data\com_fundo\RGB_JPG_INSETOS\grao_DSC_0164_id61.png,RGB_JPG_INSETOS,RGB_JPG_INSETOS
C:\Users\eduar\Desktop\Soybe-main\data\com_fundo\RGB_JPG_INSETOS\grao_DSC_0164_id62.png,RGB_JPG_INSETOS,RGB_JPG_Normais
C:\Users\eduar\Desktop\Soybe-main\data\com_fundo\RGB_JPG_INSETOS\grao_DSC_0164_id63.png,RGB_JPG_INSETOS,RGB_JPG_Normais
C:\Users\eduar\Desktop\Soybe-main\data\com_fundo\RGB_JPG_INSETOS\grao_DSC_0164_id64.png,RGB_JPG_INSETOS,RGB_JPG_INSETOS
C:\Users\eduar\Desktop\Soybe-main\data\com_fundo\RGB_JPG_INSETOS\grao_DSC_0164_id65.png,RGB_JPG_INSETOS,RGB_JPG_INSETOS
C:\Users\eduar\Desktop\Soybe-main\data\com_fundo\RGB_JPG_INSETOS\grao_DSC_0164_id66.png,RGB_JPG_INSETOS,RGB_JPG_Normais
C:\Users\eduar\Desktop\Soybe-main\data\com_fundo\RGB_JPG_INSETOS\grao_DSC_0164_id67.png,RGB_JPG_INSETOS,RGB_JPG_Normais
C:\Users\eduar\Desktop\Soybe-main\data\com_fundo\RGB_JPG_INSETOS\grao_DSC_0164_id68.png,RGB_JPG_INSETOS,RGB_JPG_INSETOS
C:\Users\eduar\Desktop\Soybe-main\data\com_fundo\RGB_JPG_INSETOS\grao_DSC_0164_id69.png,RGB_JPG_INSETOS,RGB_JPG_INSETOS
C:\Users\eduar\Desktop\Soybe-main\data\com_fundo\RGB_JPG_INSETOS\grao_DSC_0164_id7.png,RGB_JPG_INSETOS,RGB_JPG_INSETOS
C:\Users\eduar\Desktop\Soybe-main\data\com_fundo\RGB_JPG_INSETOS\grao_DSC_0164_id70.png,RGB_JPG_INSETOS,RGB_JPG_INSETOS
C:\Users\eduar\Desktop\Soybe-main\data\com_fundo\RGB_JPG_INSETOS\grao_DSC_0164_id71.png,RGB_JPG_INSETOS,RGB_JPG_INSETOS
C:\Users\eduar\Desktop\Soybe-main\data\com_fundo\RGB_JPG_INSETOS\grao_DSC_0164_id72.png,RGB_JPG_INSETOS,RGB_JPG_INSETOS
C:\Users\eduar\Desktop\Soybe-main\data\com_fundo\RGB_JPG_INSETOS\grao_DSC_0164_id73.png,RGB_JPG_INSETOS,RGB_JPG_Normais
C:\Users\eduar\Desktop\Soybe-main\data\com_fundo\RGB_JPG_INSETOS\grao_DSC_0164_id74.png,RGB_JPG_INSETOS,RGB_JPG_Normais
C:\Users\eduar\Desktop\Soybe-main\data\com_fundo\RGB_JPG_INSETOS\grao_DSC_0164_id75.png,RGB_JPG_INSETOS,RGB_JPG_INSETOS
C:\Users\eduar\Desktop\Soybe-main\data\com_fundo\RGB_JPG_INSETOS\grao_DSC_0164_id76.png,RGB_JPG_INSETOS,RGB_JPG_Normais
C:\Users\eduar\Desktop\Soybe-main\data\com_fundo\RGB_JPG_INSETOS\grao_DSC_0164_id77.png,RGB_JPG_INSETOS,RGB_JPG_INSETOS
C:\Users\eduar\Desktop\Soybe-main\data\com_fundo\RGB_JPG_INSETOS\grao_DSC_0164_id78.png,RGB_JPG_INSETOS,RGB_JPG_Normais
C:\Users\eduar\Desktop\Soybe-main\data\com_fundo\RGB_JPG_INSETOS\grao_DSC_0164_id79.png,RGB_JPG_INSETOS,RGB_JPG_Normais
C:\Users\eduar\Desktop\Soybe-main\data\com_fundo\RGB_JPG_INSETOS\grao_DSC_0164_id8.png,RGB_JPG_INSETOS,RGB_JPG_Normais
C:\Users\eduar\Desktop\Soybe-main\data\com_fundo\RGB_JPG_INSETOS\grao_DSC_0164_id80.png,RGB_JPG_INSETOS,RGB_JPG_Normais
C:\Users\eduar\Desktop\Soybe-main\data\com_fundo\RGB_JPG_INSETOS\grao_DSC_0164_id81.png,RGB_JPG_INSETOS,RGB_JPG_INSETOS
C:\Users\eduar\Desktop\Soybe-main\data\com_fundo\RGB_JPG_INSETOS\grao_DSC_0164_id82.png,RGB_JPG_INSETOS,RGB_JPG_Normais
C:\Users\eduar\Desktop\Soybe-main\data\com_fundo\RGB_JPG_INSETOS\grao_DSC_0164_id83.png,RGB_JPG_INSETOS,RGB_JPG_Normais
C:\Users\eduar\Desktop\Soybe-main\data\com_fundo\RGB_JPG_INSETOS\grao_DSC_0164_id84.png,RGB_JPG_INSETOS,RGB_JPG_Normais
C:\Users\eduar\Desktop\Soybe-main\data\com_fundo\RGB_JPG_INSETOS\grao_DSC_0164_id85.png,RGB_JPG_INSETOS,RGB_JPG_PURPURAS
C:\Users\eduar\Desktop\Soybe-main\data\com_fundo\RGB_JPG_INSETOS\grao_DSC_0164_id87.png,RGB_JPG_INSETOS,RGB_JPG_INSETOS
C:\Users\eduar\Desktop\Soybe-main\data\com_fundo\RGB_JPG_INSETOS\grao_DSC_0164_id88.png,RGB_JPG_INSETOS,RGB_JPG_Normais
C:\Users\eduar\Desktop\Soybe-main\data\com_fundo\RGB_JPG_INSETOS\grao_DSC_0164_id89.png,RGB_JPG_INSETOS,RGB_JPG_ESVERDEADO
C:\Users\eduar\Desktop\Soybe-main\data\com_fundo\RGB_JPG_INSETOS\grao_DSC_0164_id9.png,RGB_JPG_INSETOS,RGB_JPG_INSETOS
C:\Users\eduar\Desktop\Soybe-main\data\com_fundo\RGB_JPG_INSETOS\grao_DSC_0164_id90.png,RGB_JPG_INSETOS,RGB_JPG_INSETOS
C:\Users\eduar\Desktop\Soybe-main\data\com_fundo\RGB_JPG_INSETOS\grao_DSC_0164_id91.png,RGB_JPG_INSETOS,RGB_JPG_Normais
C:\Users\eduar\Desktop\Soybe-main\data\com_fundo\RGB_JPG_INSETOS\grao_DSC_0164_id92.png,RGB_JPG_INSETOS,RGB_JPG_Normais
C:\Users\eduar\Desktop\Soybe-main\data\com_fundo\RGB_JPG_INSETOS\grao_DSC_0164_id93.png,RGB_JPG_INSETOS,RGB_JPG_INSETOS
C:\Users\eduar\Desktop\Soybe-main\data\com_fundo\RGB_JPG_INSETOS\grao_DSC_0164_id94.png,RGB_JPG_INSETOS,RGB_JPG_Normais
C:\Users\eduar\Desktop\Soybe-main\data\com_fundo\RGB_JPG_INSETOS\grao_DSC_0164_id95.png,RGB_JPG_INSETOS,RGB_JPG_Normais
C:\Users\eduar\Desktop\Soybe-main\data\com_fundo\RGB_JPG_INSETOS\grao_DSC_0164_id96.png,RGB_JPG_INSETOS,RGB_JPG_INSETOS
C:\Users\eduar\Desktop\Soybe-main\data\com_fundo\RGB_JPG_INSETOS\grao_DSC_0164_id97.png,RGB_JPG_INSETOS,RGB_JPG_Normais
C:\Users\eduar\Desktop\Soybe-main\data\com_fundo\RGB_JPG_INSETOS\grao_DSC_0164_id98.png,RGB_JPG_INSETOS,RGB_JPG_Normais
C:\Users\eduar\Desktop\Soybe-main\data\com_fundo\RGB_JPG_INSETOS\grao_DSC_0164_id99.png,RGB_JPG_INSETOS,RGB_JPG_Normais
C:\Users\eduar\Desktop\Soybe-main\data\com_fundo\RGB_JPG_MAMONAS\grao_DSC_0187_id100.png,RGB_JPG_MAMONAS,RGB_JPG_MAMONAS
C:\Users\eduar\Desktop\Soybe-main\data\com_fundo\RGB_JPG_MAMONAS\grao_DSC_0187_id103.png,RGB_JPG_MAMONAS,RGB_JPG_MAMONAS
C:\Users\eduar\Desktop\Soybe-main\data\com_fundo\RGB_JPG_MAMONAS\grao_DSC_0187_id104.png,RGB_JPG_MAMONAS,RGB_JPG_MAMONAS
C:\Users\eduar\Desktop\Soybe-main\data\com_fundo\RGB_JPG_MAMONAS\grao_DSC_0187_id105.png,RGB_JPG_MAMONAS,RGB_JPG_MAMONAS
C:\Users\eduar\Desktop\Soybe-main\data\com_fundo\RGB_JPG_MAMONAS\grao_DSC_0187_id106.png,RGB_JPG_MAMONAS,RGB_JPG_MAMONAS
C:\Users\eduar\Desktop\Soybe-main\data\com_fundo\RGB_JPG_MAMONAS\grao_DSC_0187_id107.png,RGB_JPG_MAMONAS,RGB_JPG_MAMONAS
C:\Users\eduar\Desktop\Soybe-main\data\com_fundo\RGB_JPG_MAMONAS\grao_DSC_0187_id108.png,RGB_JPG_MAMONAS,RGB_JPG_MAMONAS
C:\Users\eduar\Desktop\Soybe-main\data\com_fundo\RGB_JPG_MAMONAS\grao_DSC_0187_id109.png,RGB_JPG_MAMONAS,RGB_JPG_MAMONAS
C:\Users\eduar\Desktop\Soybe-main\data\com_fundo\RGB_JPG_MAMONAS\grao_DSC_0187_id110.png,RGB_JPG_MAMONAS,RGB_JPG_MAMONAS
C:\Users\eduar\Desktop\Soybe-main\data\com_fundo\RGB_JPG_MAMONAS\grao_DSC_0187_id111.png,RGB_JPG_MAMONAS,RGB_JPG_MAMONAS
C:\Users\eduar\Desktop\Soybe-main\data\com_fundo\RGB_JPG_MAMONAS\grao_DSC_0187_id112.png,RGB_JPG_MAMONAS,RGB_JPG_MAMONAS
C:\Users\eduar\Desktop\Soybe-main\data\com_fundo\RGB_JPG_MAMONAS\grao_DSC_0187_id119.png,RGB_JPG_MAMONAS,RGB_JPG_MAMONAS
C:\Users\eduar\Desktop\Soybe-main\data\com_fundo\RGB_JPG_MAMONAS\grao_DSC_0187_id12.png,RGB_JPG_MAMONAS,RGB_JPG_MAMONAS
C:\Users\eduar\Desktop\Soybe-main\data\com_fundo\RGB_JPG_MAMONAS\grao_DSC_0187_id120.png,RGB_JPG_MAMONAS,RGB_JPG_MAMONAS
C:\Users\eduar\Desktop\Soybe-main\data\com_fundo\RGB_JPG_MAMONAS\grao_DSC_0187_id122.png,RGB_JPG_MAMONAS,RGB_JPG_MAMONAS
C:\Users\eduar\Desktop\Soybe-main\data\com_fundo\RGB_JPG_MAMONAS\grao_DSC_0187_id123.png,RGB_JPG_MAMONAS,RGB_JPG_MAMONAS
C:\Users\eduar\Desktop\Soybe-main\data\com_fundo\RGB_JPG_MAMONAS\grao_DSC_0187_id125.png,RGB_JPG_MAMONAS,RGB_JPG_MAMONAS
C:\Users\eduar\Desktop\Soybe-main\data\com_fundo\RGB_JPG_MAMONAS\grao_DSC_0187_id127.png,RGB_JPG_MAMONAS,RGB_JPG_MAMONAS
C:\Users\eduar\Desktop\Soybe-main\data\com_fundo\RGB_JPG_MAMONAS\grao_DSC_0187_id129.png,RGB_JPG_MAMONAS,RGB_JPG_MAMONAS
C:\Users\eduar\Desktop\Soybe-main\data\com_fundo\RGB_JPG_MAMONAS\grao_DSC_0187_id130.png,RGB_JPG_MAMONAS,RGB_JPG_MAMONAS
C:\Users\eduar\Desktop\Soybe-main\data\com_fundo\RGB_JPG_MAMONAS\grao_DSC_0187_id131.png,RGB_JPG_MAMONAS,RGB_JPG_MAMONAS
C:\Users\eduar\Desktop\Soybe-main\data\com_fundo\RGB_JPG_MAMONAS\grao_DSC_0187_id132.png,RGB_JPG_MAMONAS,RGB_JPG_MAMONAS
C:\Users\eduar\Desktop\Soybe-main\data\com_fundo\RGB_JPG_MAMONAS\grao_DSC_0187_id133.png,RGB_JPG_MAMONAS,RGB_JPG_MAMONAS
C:\Users\eduar\Desktop\Soybe-main\data\com_fundo\RGB_JPG_MAMONAS\grao_DSC_0187_id134.png,RGB_JPG_MAMONAS,RGB_JPG_MAMONAS
C:\Users\eduar\Desktop\Soybe-main\data\com_fundo\RGB_JPG_MAMONAS\grao_DSC_0187_id135.png,RGB_JPG_MAMONAS,RGB_JPG_MAMONAS
C:\Users\eduar\Desktop\Soybe-main\data\com_fundo\RGB_JPG_MAMONAS\grao_DSC_0187_id136.png,RGB_JPG_MAMONAS,RGB_JPG_MAMONAS
C:\Users\eduar\Desktop\Soybe-main\data\com_fundo\RGB_JPG_MAMONAS\grao_DSC_0187_id137.png,RGB_JPG_MAMONAS,RGB_JPG_MAMONAS
C:\Users\eduar\Desktop\Soybe-main\data\com_fundo\RGB_JPG_MAMONAS\grao_DSC_0187_id138.png,RGB_JPG_MAMONAS,RGB_JPG_MAMONAS
C:\Users\eduar\Desktop\Soybe-main\data\com_fundo\RGB_JPG_MAMONAS\grao_DSC_0187_id141.png,RGB_JPG_MAMONAS,RGB_JPG_MAMONAS
C:\Users\eduar\Desktop\Soybe-main\data\com_fundo\RGB_JPG_MAMONAS\grao_DSC_0187_id142.png,RGB_JPG_MAMONAS,RGB_JPG_MAMONAS
C:\Users\eduar\Desktop\Soybe-main\data\com_fundo\RGB_JPG_MAMONAS\grao_DSC_0187_id145.png,RGB_JPG_MAMONAS,RGB_JPG_MAMONAS
C:\Users\eduar\Desktop\Soybe-main\data\com_fundo\RGB_JPG_MAMONAS\grao_DSC_0187_id146.png,RGB_JPG_MAMONAS,RGB_JPG_MAMONAS
C:\Users\eduar\Desktop\Soybe-main\data\com_fundo\RGB_JPG_MAMONAS\grao_DSC_0187_id147.png,RGB_JPG_MAMONAS,RGB_JPG_MAMONAS
C:\Users\eduar\Desktop\Soybe-main\data\com_fundo\RGB_JPG_MAMONAS\grao_DSC_0187_id148.png,RGB_JPG_MAMONAS,RGB_JPG_MAMONAS
C:\Users\eduar\Desktop\Soybe-main\data\com_fundo\RGB_JPG_MAMONAS\grao_DSC_0187_id149.png,RGB_JPG_MAMONAS,RGB_JPG_MAMONAS
C:\Users\eduar\Desktop\Soybe-main\data\com_fundo\RGB_JPG_MAMONAS\grao_DSC_0187_id150.png,RGB_JPG_MAMONAS,RGB_JPG_MAMONAS
C:\Users\eduar\Desktop\Soybe-main\data\com_fundo\RGB_JPG_MAMONAS\grao_DSC_0187_id152.png,RGB_JPG_MAMONAS,RGB_JPG_MAMONAS
C:\Users\eduar\Desktop\Soybe-main\data\com_fundo\RGB_JPG_MAMONAS\grao_DSC_0187_id153.png,RGB_JPG_MAMONAS,RGB_JPG_MAMONAS
C:\Users\eduar\Desktop\Soybe-main\data\com_fundo\RGB_JPG_MAMONAS\grao_DSC_0187_id155.png,RGB_JPG_MAMONAS,RGB_JPG_MAMONAS
C:\Users\eduar\Desktop\Soybe-main\data\com_fundo\RGB_JPG_MAMONAS\grao_DSC_0187_id156.png,RGB_JPG_MAMONAS,RGB_JPG_MAMONAS
C:\Users\eduar\Desktop\Soybe-main\data\com_fundo\RGB_JPG_MAMONAS\grao_DSC_0187_id157.png,RGB_JPG_MAMONAS,RGB_JPG_MAMONAS
C:\Users\eduar\Desktop\Soybe-main\data\com_fundo\RGB_JPG_MAMONAS\grao_DSC_0187_id158.png,RGB_JPG_MAMONAS,RGB_JPG_MAMONAS
C:\Users\eduar\Desktop\Soybe-main\data\com_fundo\RGB_JPG_MAMONAS\grao_DSC_0187_id17.png,RGB_JPG_MAMONAS,RGB_JPG_MAMONAS
C:\Users\eduar\Desktop\Soybe-main\data\com_fundo\RGB_JPG_MAMONAS\grao_DSC_0187_id18.png,RGB_JPG_MAMONAS,RGB_JPG_MAMONAS
C:\Users\eduar\Desktop\Soybe-main\data\com_fundo\RGB_JPG_MAMONAS\grao_DSC_0187_id20.png,RGB_JPG_MAMONAS,RGB_JPG_MAMONAS
C:\Users\eduar\Desktop\Soybe-main\data\com_fundo\RGB_JPG_MAMONAS\grao_DSC_0187_id21.png,RGB_JPG_MAMONAS,RGB_JPG_MAMONAS
C:\Users\eduar\Desktop\Soybe-main\data\com_fundo\RGB_JPG_MAMONAS\grao_DSC_0187_id22.png,RGB_JPG_MAMONAS,RGB_JPG_MAMONAS
C:\Users\eduar\Desktop\Soybe-main\data\com_fundo\RGB_JPG_MAMONAS\grao_DSC_0187_id25.png,RGB_JPG_MAMONAS,RGB_JPG_MAMONAS
C:\Users\eduar\Desktop\Soybe-main\data\com_fundo\RGB_JPG_MAMONAS\grao_DSC_0187_id26.png,RGB_JPG_MAMONAS,RGB_JPG_MAMONAS
C:\Users\eduar\Desktop\Soybe-main\data\com_fundo\RGB_JPG_MAMONAS\grao_DSC_0187_id27.png,RGB_JPG_MAMONAS,RGB_JPG_MAMONAS
C:\Users\eduar\Desktop\Soybe-main\data\com_fundo\RGB_JPG_MAMONAS\grao_DSC_0187_id28.png,RGB_JPG_MAMONAS,RGB_JPG_MAMONAS
C:\Users\eduar\Desktop\Soybe-main\data\com_fundo\RGB_JPG_MAMONAS\grao_DSC_0187_id30.png,RGB_JPG_MAMONAS,RGB_JPG_MAMONAS
C:\Users\eduar\Desktop\Soybe-main\data\com_fundo\RGB_JPG_MAMONAS\grao_DSC_0187_id31.png,RGB_JPG_MAMONAS,RGB_JPG_MAMONAS
C:\Users\eduar\Desktop\Soybe-main\data\com_fundo\RGB_JPG_MAMONAS\grao_DSC_0187_id32.png,RGB_JPG_MAMONAS,RGB_JPG_MAMONAS
C:\Users\eduar\Desktop\Soybe-main\data\com_fundo\RGB_JPG_MAMONAS\grao_DSC_0187_id33.png,RGB_JPG_MAMONAS,RGB_JPG_MAMONAS
C:\Users\eduar\Desktop\Soybe-main\data\com_fundo\RGB_JPG_MAMONAS\grao_DSC_0187_id34.png,RGB_JPG_MAMONAS,RGB_JPG_MAMONAS
C:\Users\eduar\Desktop\Soybe-main\data\com_fundo\RGB_JPG_MAMONAS\grao_DSC_0187_id35.png,RGB_JPG_MAMONAS,RGB_JPG_MAMONAS
C:\Users\eduar\Desktop\Soybe-main\data\com_fundo\RGB_JPG_MAMONAS\grao_DSC_0187_id36.png,RGB_JPG_MAMONAS,RGB_JPG_MAMONAS
C:\Users\eduar\Desktop\Soybe-main\data\com_fundo\RGB_JPG_MAMONAS\grao_DSC_0187_id39.png,RGB_JPG_MAMONAS,RGB_JPG_MAMONAS
C:\Users\eduar\Desktop\Soybe-main\data\com_fundo\RGB_JPG_MAMONAS\grao_DSC_0187_id40.png,RGB_JPG_MAMONAS,RGB_JPG_MAMONAS
C:\Users\eduar\Desktop\Soybe-main\data\com_fundo\RGB_JPG_MAMONAS\grao_DSC_0187_id41.png,RGB_JPG_MAMONAS,RGB_JPG_MAMONAS
C:\Users\eduar\Desktop\Soybe-main\data\com_fundo\RGB_JPG_MAMONAS\grao_DSC_0187_id42.png,RGB_JPG_MAMONAS,RGB_JPG_MAMONAS
C:\Users\eduar\Desktop\Soybe-main\data\com_fundo\RGB_JPG_MAMONAS\grao_DSC_0187_id46.png,RGB_JPG_MAMONAS,RGB_JPG_MAMONAS
C:\Users\eduar\Desktop\Soybe-main\data\com_fundo\RGB_JPG_MAMONAS\grao_DSC_0187_id47.png,RGB_JPG_MAMONAS,RGB_JPG_MAMONAS
C:\Users\eduar\Desktop\Soybe-main\data\com_fundo\RGB_JPG_MAMONAS\grao_DSC_0187_id49.png,RGB_JPG_MAMONAS,RGB_JPG_MAMONAS
C:\Users\eduar\Desktop\Soybe-main\data\com_fundo\RGB_JPG_MAMONAS\grao_DSC_0187_id50.png,RGB_JPG_MAMONAS,RGB_JPG_MAMONAS
C:\Users\eduar\Desktop\Soybe-main\data\com_fundo\RGB_JPG_MAMONAS\grao_DSC_0187_id52.png,RGB_JPG_MAMONAS,RGB_JPG_MAMONAS
C:\Users\eduar\Desktop\Soybe-main\data\com_fundo\RGB_JPG_MAMONAS\grao_DSC_0187_id55.png,RGB_JPG_MAMONAS,RGB_JPG_MAMONAS
C:\Users\eduar\Desktop\Soybe-main\data\com_fundo\RGB_JPG_MAMONAS\grao_DSC_0187_id57.png,RGB_JPG_MAMONAS,RGB_JPG_MAMONAS
C:\Users\eduar\Desktop\Soybe-main\data\com_fundo\RGB_JPG_MAMONAS\grao_DSC_0187_id58.png,RGB_JPG_MAMONAS,RGB_JPG_MAMONAS
C:\Users\eduar\Desktop\Soybe-main\data\com_fundo\RGB_JPG_MAMONAS\grao_DSC_0187_id59.png,RGB_JPG_MAMONAS,RGB_JPG_MAMONAS
C:\Users\eduar\Desktop\Soybe-main\data\com_fundo\RGB_JPG_MAMONAS\grao_DSC_0187_id62.png,RGB_JPG_MAMONAS,RGB_JPG_MAMONAS
C:\Users\eduar\Desktop\Soybe-main\data\com_fundo\RGB_JPG_MAMONAS\grao_DSC_0187_id63.png,RGB_JPG_MAMONAS,RGB_JPG_MAMONAS
C:\Users\eduar\Desktop\Soybe-main\data\com_fundo\RGB_JPG_MAMONAS\grao_DSC_0187_id64.png,RGB_JPG_MAMONAS,RGB_JPG_MAMONAS
C:\Users\eduar\Desktop\Soybe-main\data\com_fundo\RGB_JPG_MAMONAS\grao_DSC_0187_id65.png,RGB_JPG_MAMONAS,RGB_JPG_MAMONAS
C:\Users\eduar\Desktop\Soybe-main\data\com_fundo\RGB_JPG_MAMONAS\grao_DSC_0187_id66.png,RGB_JPG_MAMONAS,RGB_JPG_MAMONAS
C:\Users\eduar\Desktop\Soybe-main\data\com_fundo\RGB_JPG_MAMONAS\grao_DSC_0187_id69.png,RGB_JPG_MAMONAS,RGB_JPG_MAMONAS
C:\Users\eduar\Desktop\Soybe-main\data\com_fundo\RGB_JPG_MAMONAS\grao_DSC_0187_id70.png,RGB_JPG_MAMONAS,RGB_JPG_MAMONAS
C:\Users\eduar\Desktop\Soybe-main\data\com_fundo\RGB_JPG_MAMONAS\grao_DSC_0187_id73.png,RGB_JPG_MAMONAS,RGB_JPG_MAMONAS
C:\Users\eduar\Desktop\Soybe-main\data\com_fundo\RGB_JPG_MAMONAS\grao_DSC_0187_id74.png,RGB_JPG_MAMONAS,RGB_JPG_MAMONAS
C:\Users\eduar\Desktop\Soybe-main\data\com_fundo\RGB_JPG_MAMONAS\grao_DSC_0187_id80.png,RGB_JPG_MAMONAS,RGB_JPG_MAMONAS
C:\Users\eduar\Desktop\Soybe-main\data\com_fundo\RGB_JPG_MAMONAS\grao_DSC_0187_id82.png,RGB_JPG_MAMONAS,RGB_JPG_MAMONAS
C:\Users\eduar\Desktop\Soybe-main\data\com_fundo\RGB_JPG_MAMONAS\grao_DSC_0187_id83.png,RGB_JPG_MAMONAS,RGB_JPG_MAMONAS
C:\Users\eduar\Desktop\Soybe-main\data\com_fundo\RGB_JPG_MAMONAS\grao_DSC_0187_id87.png,RGB_JPG_MAMONAS,RGB_JPG_MAMONAS
C:\Users\eduar\Desktop\Soybe-main\data\com_fundo\RGB_JPG_MAMONAS\grao_DSC_0187_id88.png,RGB_JPG_MAMONAS,RGB_JPG_MAMONAS
C:\Users\eduar\Desktop\Soybe-main\data\com_fundo\RGB_JPG_MAMONAS\grao_DSC_0187_id90.png,RGB_JPG_MAMONAS,RGB_JPG_MAMONAS
C:\Users\eduar\Desktop\Soybe-main\data\com_fundo\RGB_JPG_MAMONAS\grao_DSC_0187_id91.png,RGB_JPG_MAMONAS,RGB_JPG_MAMONAS
C:\Users\eduar\Desktop\Soybe-main\data\com_fundo\RGB_JPG_MAMONAS\grao_DSC_0187_id92.png,RGB_JPG_MAMONAS,RGB_JPG_MAMONAS
C:\Users\eduar\Desktop\Soybe-main\data\com_fundo\RGB_JPG_MAMONAS\grao_DSC_0187_id93.png,RGB_JPG_MAMONAS,RGB_JPG_MAMONAS
C:\Users\eduar\Desktop\Soybe-main\data\com_fundo\RGB_JPG_MAMONAS\grao_DSC_0187_id96.png,RGB_JPG_MAMONAS,RGB_JPG_MAMONAS
C:\Users\eduar\Desktop\Soybe-main\data\com_fundo\RGB_JPG_Normais\grao_DSC_0134_id1.png,RGB_JPG_Normais,RGB_JPG_Normais
C:\Users\eduar\Desktop\Soybe-main\data\com_fundo\RGB_JPG_Normais\grao_DSC_0134_id10.png,RGB_JPG_Normais,RGB_JPG_Normais
C:\Users\eduar\Desktop\Soybe-main\data\com_fundo\RGB_JPG_Normais\grao_DSC_0134_id100.png,RGB_JPG_Normais,RGB_JPG_Normais
C:\Users\eduar\Desktop\Soybe-main\data\com_fundo\RGB_JPG_Normais\grao_DSC_0134_id101.png,RGB_JPG_Normais,RGB_JPG_Normais
C:\Users\eduar\Desktop\Soybe-main\data\com_fundo\RGB_JPG_Normais\grao_DSC_0134_id102.png,RGB_JPG_Normais,RGB_JPG_Normais
C:\Users\eduar\Desktop\Soybe-main\data\com_fundo\RGB_JPG_Normais\grao_DSC_0134_id103.png,RGB_JPG_Normais,RGB_JPG_Normais
C:\Users\eduar\Desktop\Soybe-main\data\com_fundo\RGB_JPG_Normais\grao_DSC_0134_id104.png,RGB_JPG_Normais,RGB_JPG_Normais
C:\Users\eduar\Desktop\Soybe-main\data\com_fundo\RGB_JPG_Normais\grao_DSC_0134_id105.png,RGB_JPG_Normais,RGB_JPG_Normais
C:\Users\eduar\Desktop\Soybe-main\data\com_fundo\RGB_JPG_Normais\grao_DSC_0134_id106.png,RGB_JPG_Normais,RGB_JPG_Normais
C:\Users\eduar\Desktop\Soybe-main\data\com_fundo\RGB_JPG_Normais\grao_DSC_0134_id107.png,RGB_JPG_Normais,RGB_JPG_Normais
C:\Users\eduar\Desktop\Soybe-main\data\com_fundo\RGB_JPG_Normais\grao_DSC_0134_id11.png,RGB_JPG_Normais,RGB_JPG_Normais
C:\Users\eduar\Desktop\Soybe-main\data\com_fundo\RGB_JPG_Normais\grao_DSC_0134_id12.png,RGB_JPG_Normais,RGB_JPG_Normais
C:\Users\eduar\Desktop\Soybe-main\data\com_fundo\RGB_JPG_Normais\grao_DSC_0134_id13.png,RGB_JPG_Normais,RGB_JPG_Normais
C:\Users\eduar\Desktop\Soybe-main\data\com_fundo\RGB_JPG_Normais\grao_DSC_0134_id14.png,RGB_JPG_Normais,RGB_JPG_Normais
C:\Users\eduar\Desktop\Soybe-main\data\com_fundo\RGB_JPG_Normais\grao_DSC_0134_id15.png,RGB_JPG_Normais,RGB_JPG_Normais
C:\Users\eduar\Desktop\Soybe-main\data\com_fundo\RGB_JPG_Normais\grao_DSC_0134_id16.png,RGB_JPG_Normais,RGB_JPG_Normais
C:\Users\eduar\Desktop\Soybe-main\data\com_fundo\RGB_JPG_Normais\grao_DSC_0134_id17.png,RGB_JPG_Normais,RGB_JPG_Normais
C:\Users\eduar\Desktop\Soybe-main\data\com_fundo\RGB_JPG_Normais\grao_DSC_0134_id18.png,RGB_JPG_Normais,RGB_JPG_Normais
C:\Users\eduar\Desktop\Soybe-main\data\com_fundo\RGB_JPG_Normais\grao_DSC_0134_id19.png,RGB_JPG_Normais,RGB_JPG_Normais
C:\Users\eduar\Desktop\Soybe-main\data\com_fundo\RGB_JPG_Normais\grao_DSC_0134_id2.png,RGB_JPG_Normais,RGB_JPG_Normais
C:\Users\eduar\Desktop\Soybe-main\data\com_fundo\RGB_JPG_Normais\grao_DSC_0134_id20.png,RGB_JPG_Normais,RGB_JPG_Normais
C:\Users\eduar\Desktop\Soybe-main\data\com_fundo\RGB_JPG_Normais\grao_DSC_0134_id21.png,RGB_JPG_Normais,RGB_JPG_Normais
C:\Users\eduar\Desktop\Soybe-main\data\com_fundo\RGB_JPG_Normais\grao_DSC_0134_id22.png,RGB_JPG_Normais,RGB_JPG_Normais
C:\Users\eduar\Desktop\Soybe-main\data\com_fundo\RGB_JPG_Normais\grao_DSC_0134_id23.png,RGB_JPG_Normais,RGB_JPG_Normais
C:\Users\eduar\Desktop\Soybe-main\data\com_fundo\RGB_JPG_Normais\grao_DSC_0134_id24.png,RGB_JPG_Normais,RGB_JPG_Normais
C:\Users\eduar\Desktop\Soybe-main\data\com_fundo\RGB_JPG_Normais\grao_DSC_0134_id25.png,RGB_JPG_Normais,RGB_JPG_Normais
C:\Users\eduar\Desktop\Soybe-main\data\com_fundo\RGB_JPG_Normais\grao_DSC_0134_id26.png,RGB_JPG_Normais,RGB_JPG_Normais
C:\Users\eduar\Desktop\Soybe-main\data\com_fundo\RGB_JPG_Normais\grao_DSC_0134_id27.png,RGB_JPG_Normais,RGB_JPG_Normais
C:\Users\eduar\Desktop\Soybe-main\data\com_fundo\RGB_JPG_Normais\grao_DSC_0134_id28.png,RGB_JPG_Normais,RGB_JPG_Normais
C:\Users\eduar\Desktop\Soybe-main\data\com_fundo\RGB_JPG_Normais\grao_DSC_0134_id29.png,RGB_JPG_Normais,RGB_JPG_Normais
C:\Users\eduar\Desktop\Soybe-main\data\com_fundo\RGB_JPG_Normais\grao_DSC_0134_id3.png,RGB_JPG_Normais,RGB_JPG_Normais
C:\Users\eduar\Desktop\Soybe-main\data\com_fundo\RGB_JPG_Normais\grao_DSC_0134_id30.png,RGB_JPG_Normais,RGB_JPG_Normais
C:\Users\eduar\Desktop\Soybe-main\data\com_fundo\RGB_JPG_Normais\grao_DSC_0134_id31.png,RGB_JPG_Normais,RGB_JPG_Normais
C:\Users\eduar\Desktop\Soybe-main\data\com_fundo\RGB_JPG_Normais\grao_DSC_0134_id32.png,RGB_JPG_Normais,RGB_JPG_Normais
C:\Users\eduar\Desktop\Soybe-main\data\com_fundo\RGB_JPG_Normais\grao_DSC_0134_id33.png,RGB_JPG_Normais,RGB_JPG_Normais
C:\Users\eduar\Desktop\Soybe-main\data\com_fundo\RGB_JPG_Normais\grao_DSC_0134_id34.png,RGB_JPG_Normais,RGB_JPG_Normais
C:\Users\eduar\Desktop\Soybe-main\data\com_fundo\RGB_JPG_Normais\grao_DSC_0134_id35.png,RGB_JPG_Normais,RGB_JPG_Normais
C:\Users\eduar\Desktop\Soybe-main\data\com_fundo\RGB_JPG_Normais\grao_DSC_0134_id36.png,RGB_JPG_Normais,RGB_JPG_Normais
C:\Users\eduar\Desktop\Soybe-main\data\com_fundo\RGB_JPG_Normais\grao_DSC_0134_id37.png,RGB_JPG_Normais,RGB_JPG_Normais
C:\Users\eduar\Desktop\Soybe-main\data\com_fundo\RGB_JPG_Normais\grao_DSC_0134_id38.png,RGB_JPG_Normais,RGB_JPG_Normais
C:\Users\eduar\Desktop\Soybe-main\data\com_fundo\RGB_JPG_Normais\grao_DSC_0134_id39.png,RGB_JPG_Normais,RGB_JPG_Normais
C:\Users\eduar\Desktop\Soybe-main\data\com_fundo\RGB_JPG_Normais\grao_DSC_0134_id4.png,RGB_JPG_Normais,RGB_JPG_Normais
C:\Users\eduar\Desktop\Soybe-main\data\com_fundo\RGB_JPG_Normais\grao_DSC_0134_id40.png,RGB_JPG_Normais,RGB_JPG_Normais
C:\Users\eduar\Desktop\Soybe-main\data\com_fundo\RGB_JPG_Normais\grao_DSC_0134_id41.png,RGB_JPG_Normais,RGB_JPG_Normais
C:\Users\eduar\Desktop\Soybe-main\data\com_fundo\RGB_JPG_Normais\grao_DSC_0134_id42.png,RGB_JPG_Normais,RGB_JPG_Normais
C:\Users\eduar\Desktop\Soybe-main\data\com_fundo\RGB_JPG_Normais\grao_DSC_0134_id43.png,RGB_JPG_Normais,RGB_JPG_Normais
C:\Users\eduar\Desktop\Soybe-main\data\com_fundo\RGB_JPG_Normais\grao_DSC_0134_id44.png,RGB_JPG_Normais,RGB_JPG_Normais
C:\Users\eduar\Desktop\Soybe-main\data\com_fundo\RGB_JPG_Normais\grao_DSC_0134_id45.png,RGB_JPG_Normais,RGB_JPG_Normais
C:\Users\eduar\Desktop\Soybe-main\data\com_fundo\RGB_JPG_Normais\grao_DSC_0134_id46.png,RGB_JPG_Normais,RGB_JPG_Normais
C:\Users\eduar\Desktop\Soybe-main\data\com_fundo\RGB_JPG_Normais\grao_DSC_0134_id48.png,RGB_JPG_Normais,RGB_JPG_Normais
C:\Users\eduar\Desktop\Soybe-main\data\com_fundo\RGB_JPG_Normais\grao_DSC_0134_id49.png,RGB_JPG_Normais,RGB_JPG_Normais
C:\Users\eduar\Desktop\Soybe-main\data\com_fundo\RGB_JPG_Normais\grao_DSC_0134_id5.png,RGB_JPG_Normais,RGB_JPG_Normais
C:\Users\eduar\Desktop\Soybe-main\data\com_fundo\RGB_JPG_Normais\grao_DSC_0134_id50.png,RGB_JPG_Normais,RGB_JPG_Normais
C:\Users\eduar\Desktop\Soybe-main\data\com_fundo\RGB_JPG_Normais\grao_DSC_0134_id51.png,RGB_JPG_Normais,RGB_JPG_Normais
C:\Users\eduar\Desktop\Soybe-main\data\com_fundo\RGB_JPG_Normais\grao_DSC_0134_id52.png,RGB_JPG_Normais,RGB_JPG_Normais
C:\Users\eduar\Desktop\Soybe-main\data\com_fundo\RGB_JPG_Normais\grao_DSC_0134_id53.png,RGB_JPG_Normais,RGB_JPG_Normais
C:\Users\eduar\Desktop\Soybe-main\data\com_fundo\RGB_JPG_Normais\grao_DSC_0134_id54.png,RGB_JPG_Normais,RGB_JPG_Normais
C:\Users\eduar\Desktop\Soybe-main\data\com_fundo\RGB_JPG_Normais\grao_DSC_0134_id55.png,RGB_JPG_Normais,RGB_JPG_Normais
C:\Users\eduar\Desktop\Soybe-main\data\com_fundo\RGB_JPG_Normais\grao_DSC_0134_id56.png,RGB_JPG_Normais,RGB_JPG_Normais
C:\Users\eduar\Desktop\Soybe-main\data\com_fundo\RGB_JPG_Normais\grao_DSC_0134_id57.png,RGB_JPG_Normais,RGB_JPG_Normais
C:\Users\eduar\Desktop\Soybe-main\data\com_fundo\RGB_JPG_Normais\grao_DSC_0134_id58.png,RGB_JPG_Normais,RGB_JPG_Normais
C:\Users\eduar\Desktop\Soybe-main\data\com_fundo\RGB_JPG_Normais\grao_DSC_0134_id59.png,RGB_JPG_Normais,RGB_JPG_Normais
C:\Users\eduar\Desktop\Soybe-main\data\com_fundo\RGB_JPG_Normais\grao_DSC_0134_id6.png,RGB_JPG_Normais,RGB_JPG_Normais
C:\Users\eduar\Desktop\Soybe-main\data\com_fundo\RGB_JPG_Normais\grao_DSC_0134_id60.png,RGB_JPG_Normais,RGB_JPG_Normais
C:\Users\eduar\Desktop\Soybe-main\data\com_fundo\RGB_JPG_Normais\grao_DSC_0134_id61.png,RGB_JPG_Normais,RGB_JPG_Normais
C:\Users\eduar\Desktop\Soybe-main\data\com_fundo\RGB_JPG_Normais\grao_DSC_0134_id62.png,RGB_JPG_Normais,RGB_JPG_Normais
C:\Users\eduar\Desktop\Soybe-main\data\com_fundo\RGB_JPG_Normais\grao_DSC_0134_id63.png,RGB_JPG_Normais,RGB_JPG_Normais
C:\Users\eduar\Desktop\Soybe-main\data\com_fundo\RGB_JPG_Normais\grao_DSC_0134_id64.png,RGB_JPG_Normais,RGB_JPG_Normais
C:\Users\eduar\Desktop\Soybe-main\data\com_fundo\RGB_JPG_Normais\grao_DSC_0134_id65.png,RGB_JPG_Normais,RGB_JPG_Normais
C:\Users\eduar\Desktop\Soybe-main\data\com_fundo\RGB_JPG_Normais\grao_DSC_0134_id66.png,RGB_JPG_Normais,RGB_JPG_Normais
C:\Users\eduar\Desktop\Soybe-main\data\com_fundo\RGB_JPG_Normais\grao_DSC_0134_id67.png,RGB_JPG_Normais,RGB_JPG_Normais
C:\Users\eduar\Desktop\Soybe-main\data\com_fundo\RGB_JPG_Normais\grao_DSC_0134_id68.png,RGB_JPG_Normais,RGB_JPG_Normais
C:\Users\eduar\Desktop\Soybe-main\data\com_fundo\RGB_JPG_Normais\grao_DSC_0134_id69.png,RGB_JPG_Normais,RGB_JPG_Normais
C:\Users\eduar\Desktop\Soybe-main\data\com_fundo\RGB_JPG_Normais\grao_DSC_0134_id7.png,RGB_JPG_Normais,RGB_JPG_Normais
C:\Users\eduar\Desktop\Soybe-main\data\com_fundo\RGB_JPG_Normais\grao_DSC_0134_id70.png,RGB_JPG_Normais,RGB_JPG_Normais
C:\Users\eduar\Desktop\Soybe-main\data\com_fundo\RGB_JPG_Normais\grao_DSC_0134_id71.png,RGB_JPG_Normais,RGB_JPG_Normais
C:\Users\eduar\Desktop\Soybe-main\data\com_fundo\RGB_JPG_Normais\grao_DSC_0134_id72.png,RGB_JPG_Normais,RGB_JPG_Normais
C:\Users\eduar\Desktop\Soybe-main\data\com_fundo\RGB_JPG_Normais\grao_DSC_0134_id73.png,RGB_JPG_Normais,RGB_JPG_Normais
C:\Users\eduar\Desktop\Soybe-main\data\com_fundo\RGB_JPG_Normais\grao_DSC_0134_id74.png,RGB_JPG_Normais,RGB_JPG_Normais
C:\Users\eduar\Desktop\Soybe-main\data\com_fundo\RGB_JPG_Normais\grao_DSC_0134_id75.png,RGB_JPG_Normais,RGB_JPG_Normais
C:\Users\eduar\Desktop\Soybe-main\data\com_fundo\RGB_JPG_Normais\grao_DSC_0134_id76.png,RGB_JPG_Normais,RGB_JPG_Normais
C:\Users\eduar\Desktop\Soybe-main\data\com_fundo\RGB_JPG_Normais\grao_DSC_0134_id77.png,RGB_JPG_Normais,RGB_JPG_Normais
C:\Users\eduar\Desktop\Soybe-main\data\com_fundo\RGB_JPG_Normais\grao_DSC_0134_id78.png,RGB_JPG_Normais,RGB_JPG_Normais
C:\Users\eduar\Desktop\Soybe-main\data\com_fundo\RGB_JPG_Normais\grao_DSC_0134_id79.png,RGB_JPG_Normais,RGB_JPG_Normais
C:\Users\eduar\Desktop\Soybe-main\data\com_fundo\RGB_JPG_Normais\grao_DSC_0134_id8.png,RGB_JPG_Normais,RGB_JPG_Normais
C:\Users\eduar\Desktop\Soybe-main\data\com_fundo\RGB_JPG_Normais\grao_DSC_0134_id80.png,RGB_JPG_Normais,RGB_JPG_Normais
C:\Users\eduar\Desktop\Soybe-main\data\com_fundo\RGB_JPG_Normais\grao_DSC_0134_id81.png,RGB_JPG_Normais,RGB_JPG_Normais
C:\Users\eduar\Desktop\Soybe-main\data\com_fundo\RGB_JPG_Normais\grao_DSC_0134_id82.png,RGB_JPG_Normais,RGB_JPG_Normais
C:\Users\eduar\Desktop\Soybe-main\data\com_fundo\RGB_JPG_Normais\grao_DSC_0134_id83.png,RGB_JPG_Normais,RGB_JPG_Normais
C:\Users\eduar\Desktop\Soybe-main\data\com_fundo\RGB_JPG_Normais\grao_DSC_0134_id84.png,RGB_JPG_Normais,RGB_JPG_Normais
C:\Users\eduar\Desktop\Soybe-main\data\com_fundo\RGB_JPG_Normais\grao_DSC_0134_id85.png,RGB_JPG_Normais,RGB_JPG_Normais
C:\Users\eduar\Desktop\Soybe-main\data\com_fundo\RGB_JPG_Normais\grao_DSC_0134_id86.png,RGB_JPG_Normais,RGB_JPG_Normais
C:\Users\eduar\Desktop\Soybe-main\data\com_fundo\RGB_JPG_Normais\grao_DSC_0134_id87.png,RGB_JPG_Normais,RGB_JPG_Normais
C:\Users\eduar\Desktop\Soybe-main\data\com_fundo\RGB_JPG_Normais\grao_DSC_0134_id88.png,RGB_JPG_Normais,RGB_JPG_Normais
C:\Users\eduar\Desktop\Soybe-main\data\com_fundo\RGB_JPG_Normais\grao_DSC_0134_id89.png,RGB_JPG_Normais,RGB_JPG_Normais
C:\Users\eduar\Desktop\Soybe-main\data\com_fundo\RGB_JPG_Normais\grao_DSC_0134_id9.png,RGB_JPG_Normais,RGB_JPG_Normais
C:\Users\eduar\Desktop\Soybe-main\data\com_fundo\RGB_JPG_Normais\grao_DSC_0134_id90.png,RGB_JPG_Normais,RGB_JPG_Normais
C:\Users\eduar\Desktop\Soybe-main\data\com_fundo\RGB_JPG_Normais\grao_DSC_0134_id91.png,RGB_JPG_Normais,RGB_JPG_Normais
C:\Users\eduar\Desktop\Soybe-main\data\com_fundo\RGB_JPG_Normais\grao_DSC_0134_id92.png,RGB_JPG_Normais,RGB_JPG_Normais
C:\Users\eduar\Desktop\Soybe-main\data\com_fundo\RGB_JPG_Normais\grao_DSC_0134_id93.png,RGB_JPG_Normais,RGB_JPG_Normais
C:\Users\eduar\Desktop\Soybe-main\data\com_fundo\RGB_JPG_Normais\grao_DSC_0134_id94.png,RGB_JPG_Normais,RGB_JPG_Normais
C:\Users\eduar\Desktop\Soybe-main\data\com_fundo\RGB_JPG_Normais\grao_DSC_0134_id95.png,RGB_JPG_Normais,RGB_JPG_Normais
C:\Users\eduar\Desktop\Soybe-main\data\com_fundo\RGB_JPG_Normais\grao_DSC_0134_id96.png,RGB_JPG_Normais,RGB_JPG_Normais
C:\Users\eduar\Desktop\Soybe-main\data\com_fundo\RGB_JPG_Normais\grao_DSC_0134_id97.png,RGB_JPG_Normais,RGB_JPG_Normais
C:\Users\eduar\Desktop\Soybe-main\data\com_fundo\RGB_JPG_Normais\grao_DSC_0134_id98.png,RGB_JPG_Normais,RGB_JPG_Normais
C:\Users\eduar\Desktop\Soybe-main\data\com_fundo\RGB_JPG_Normais\grao_DSC_0134_id99.png,RGB_JPG_Normais,RGB_JPG_Normais
C:\Users\eduar\Desktop\Soybe-main\data\com_fundo\RGB_JPG_Normais\grao_DSC_0142_id1.png,RGB_JPG_Normais,RGB_JPG_Normais
C:\Users\eduar\Desktop\Soybe-main\data\com_fundo\RGB_JPG_Normais\grao_DSC_0142_id10.png,RGB_JPG_Normais,RGB_JPG_Normais
C:\Users\eduar\Desktop\Soybe-main\data\com_fundo\RGB_JPG_Normais\grao_DSC_0142_id100.png,RGB_JPG_Normais,RGB_JPG_Normais
C:\Users\eduar\Desktop\Soybe-main\data\com_fundo\RGB_JPG_Normais\grao_DSC_0142_id101.png,RGB_JPG_Normais,RGB_JPG_Normais
C:\Users\eduar\Desktop\Soybe-main\data\com_fundo\RGB_JPG_Normais\grao_DSC_0142_id102.png,RGB_JPG_Normais,RGB_JPG_Normais
C:\Users\eduar\Desktop\Soybe-main\data\com_fundo\RGB_JPG_Normais\grao_DSC_0142_id103.png,RGB_JPG_Normais,RGB_JPG_Normais
C:\Users\eduar\Desktop\Soybe-main\data\com_fundo\RGB_JPG_Normais\grao_DSC_0142_id104.png,RGB_JPG_Normais,RGB_JPG_Normais
C:\Users\eduar\Desktop\Soybe-main\data\com_fundo\RGB_JPG_Normais\grao_DSC_0142_id105.png,RGB_JPG_Normais,RGB_JPG_Normais
C:\Users\eduar\Desktop\Soybe-main\data\com_fundo\RGB_JPG_Normais\grao_DSC_0142_id106.png,RGB_JPG_Normais,RGB_JPG_Normais
C:\Users\eduar\Desktop\Soybe-main\data\com_fundo\RGB_JPG_Normais\grao_DSC_0142_id107.png,RGB_JPG_Normais,RGB_JPG_Normais
C:\Users\eduar\Desktop\Soybe-main\data\com_fundo\RGB_JPG_Normais\grao_DSC_0142_id108.png,RGB_JPG_Normais,RGB_JPG_Normais
C:\Users\eduar\Desktop\Soybe-main\data\com_fundo\RGB_JPG_Normais\grao_DSC_0142_id109.png,RGB_JPG_Normais,RGB_JPG_Normais
C:\Users\eduar\Desktop\Soybe-main\data\com_fundo\RGB_JPG_Normais\grao_DSC_0142_id11.png,RGB_JPG_Normais,RGB_JPG_Normais
C:\Users\eduar\Desktop\Soybe-main\data\com_fundo\RGB_JPG_Normais\grao_DSC_0142_id110.png,RGB_JPG_Normais,RGB_JPG_Normais
C:\Users\eduar\Desktop\Soybe-main\data\com_fundo\RGB_JPG_Normais\grao_DSC_0142_id111.png,RGB_JPG_Normais,RGB_JPG_Normais
C:\Users\eduar\Desktop\Soybe-main\data\com_fundo\RGB_JPG_Normais\grao_DSC_0142_id112.png,RGB_JPG_Normais,RGB_JPG_Normais
C:\Users\eduar\Desktop\Soybe-main\data\com_fundo\RGB_JPG_Normais\grao_DSC_0142_id113.png,RGB_JPG_Normais,RGB_JPG_Normais
C:\Users\eduar\Desktop\Soybe-main\data\com_fundo\RGB_JPG_Normais\grao_DSC_0142_id114.png,RGB_JPG_Normais,RGB_JPG_Normais
C:\Users\eduar\Desktop\Soybe-main\data\com_fundo\RGB_JPG_Normais\grao_DSC_0142_id115.png,RGB_JPG_Normais,RGB_JPG_Normais
C:\Users\eduar\Desktop\Soybe-main\data\com_fundo\RGB_JPG_Normais\grao_DSC_0142_id12.png,RGB_JPG_Normais,RGB_JPG_Normais
C:\Users\eduar\Desktop\Soybe-main\data\com_fundo\RGB_JPG_Normais\grao_DSC_0142_id13.png,RGB_JPG_Normais,RGB_JPG_Normais
C:\Users\eduar\Desktop\Soybe-main\data\com_fundo\RGB_JPG_Normais\grao_DSC_0142_id14.png,RGB_JPG_Normais,RGB_JPG_PURPURAS
C:\Users\eduar\Desktop\Soybe-main\data\com_fundo\RGB_JPG_Normais\grao_DSC_0142_id15.png,RGB_JPG_Normais,RGB_JPG_Normais
C:\Users\eduar\Desktop\Soybe-main\data\com_fundo\RGB_JPG_Normais\grao_DSC_0142_id16.png,RGB_JPG_Normais,RGB_JPG_Normais
C:\Users\eduar\Desktop\Soybe-main\data\com_fundo\RGB_JPG_Normais\grao_DSC_0142_id17.png,RGB_JPG_Normais,RGB_JPG_Normais
C:\Users\eduar\Desktop\Soybe-main\data\com_fundo\RGB_JPG_Normais\grao_DSC_0142_id18.png,RGB_JPG_Normais,RGB_JPG_Normais
C:\Users\eduar\Desktop\Soybe-main\data\com_fundo\RGB_JPG_Normais\grao_DSC_0142_id19.png,RGB_JPG_Normais,RGB_JPG_Normais
C:\Users\eduar\Desktop\Soybe-main\data\com_fundo\RGB_JPG_Normais\grao_DSC_0142_id2.png,RGB_JPG_Normais,RGB_JPG_Normais
C:\Users\eduar\Desktop\Soybe-main\data\com_fundo\RGB_JPG_Normais\grao_DSC_0142_id20.png,RGB_JPG_Normais,RGB_JPG_Normais
C:\Users\eduar\Desktop\Soybe-main\data\com_fundo\RGB_JPG_Normais\grao_DSC_0142_id21.png,RGB_JPG_Normais,RGB_JPG_Normais
C:\Users\eduar\Desktop\Soybe-main\data\com_fundo\RGB_JPG_Normais\grao_DSC_0142_id22.png,RGB_JPG_Normais,RGB_JPG_Normais
C:\Users\eduar\Desktop\Soybe-main\data\com_fundo\RGB_JPG_Normais\grao_DSC_0142_id23.png,RGB_JPG_Normais,RGB_JPG_Normais
C:\Users\eduar\Desktop\Soybe-main\data\com_fundo\RGB_JPG_Normais\grao_DSC_0142_id24.png,RGB_JPG_Normais,RGB_JPG_Normais
C:\Users\eduar\Desktop\Soybe-main\data\com_fundo\RGB_JPG_Normais\grao_DSC_0142_id25.png,RGB_JPG_Normais,RGB_JPG_Normais
C:\Users\eduar\Desktop\Soybe-main\data\com_fundo\RGB_JPG_Normais\grao_DSC_0142_id26.png,RGB_JPG_Normais,RGB_JPG_Normais
C:\Users\eduar\Desktop\Soybe-main\data\com_fundo\RGB_JPG_Normais\grao_DSC_0142_id27.png,RGB_JPG_Normais,RGB_JPG_Normais
C:\Users\eduar\Desktop\Soybe-main\data\com_fundo\RGB_JPG_Normais\grao_DSC_0142_id28.png,RGB_JPG_Normais,RGB_JPG_Normais
C:\Users\eduar\Desktop\Soybe-main\data\com_fundo\RGB_JPG_Normais\grao_DSC_0142_id29.png,RGB_JPG_Normais,RGB_JPG_Normais
C:\Users\eduar\Desktop\Soybe-main\data\com_fundo\RGB_JPG_Normais\grao_DSC_0142_id3.png,RGB_JPG_Normais,RGB_JPG_Normais
C:\Users\eduar\Desktop\Soybe-main\data\com_fundo\RGB_JPG_Normais\grao_DSC_0142_id30.png,RGB_JPG_Normais,RGB_JPG_Normais
C:\Users\eduar\Desktop\Soybe-main\data\com_fundo\RGB_JPG_Normais\grao_DSC_0142_id31.png,RGB_JPG_Normais,RGB_JPG_Normais
C:\Users\eduar\Desktop\Soybe-main\data\com_fundo\RGB_JPG_Normais\grao_DSC_0142_id32.png,RGB_JPG_Normais,RGB_JPG_Normais
C:\Users\eduar\Desktop\Soybe-main\data\com_fundo\RGB_JPG_Normais\grao_DSC_0142_id33.png,RGB_JPG_Normais,RGB_JPG_Normais
C:\Users\eduar\Desktop\Soybe-main\data\com_fundo\RGB_JPG_Normais\grao_DSC_0142_id34.png,RGB_JPG_Normais,RGB_JPG_Normais
C:\Users\eduar\Desktop\Soybe-main\data\com_fundo\RGB_JPG_Normais\grao_DSC_0142_id35.png,RGB_JPG_Normais,RGB_JPG_Normais
C:\Users\eduar\Desktop\Soybe-main\data\com_fundo\RGB_JPG_Normais\grao_DSC_0142_id36.png,RGB_JPG_Normais,RGB_JPG_Normais
C:\Users\eduar\Desktop\Soybe-main\data\com_fundo\RGB_JPG_Normais\grao_DSC_0142_id37.png,RGB_JPG_Normais,RGB_JPG_Normais
C:\Users\eduar\Desktop\Soybe-main\data\com_fundo\RGB_JPG_Normais\grao_DSC_0142_id38.png,RGB_JPG_Normais,RGB_JPG_Normais
C:\Users\eduar\Desktop\Soybe-main\data\com_fundo\RGB_JPG_Normais\grao_DSC_0142_id39.png,RGB_JPG_Normais,RGB_JPG_Normais
C:\Users\eduar\Desktop\Soybe-main\data\com_fundo\RGB_JPG_Normais\grao_DSC_0142_id4.png,RGB_JPG_Normais,RGB_JPG_Normais
C:\Users\eduar\Desktop\Soybe-main\data\com_fundo\RGB_JPG_Normais\grao_DSC_0142_id40.png,RGB_JPG_Normais,RGB_JPG_Normais
C:\Users\eduar\Desktop\Soybe-main\data\com_fundo\RGB_JPG_Normais\grao_DSC_0142_id41.png,RGB_JPG_Normais,RGB_JPG_Normais
C:\Users\eduar\Desktop\Soybe-main\data\com_fundo\RGB_JPG_Normais\grao_DSC_0142_id42.png,RGB_JPG_Normais,RGB_JPG_Normais
C:\Users\eduar\Desktop\Soybe-main\data\com_fundo\RGB_JPG_Normais\grao_DSC_0142_id43.png,RGB_JPG_Normais,RGB_JPG_Normais
C:\Users\eduar\Desktop\Soybe-main\data\com_fundo\RGB_JPG_Normais\grao_DSC_0142_id44.png,RGB_JPG_Normais,RGB_JPG_INSETOS
C:\Users\eduar\Desktop\Soybe-main\data\com_fundo\RGB_JPG_Normais\grao_DSC_0142_id45.png,RGB_JPG_Normais,RGB_JPG_Normais
C:\Users\eduar\Desktop\Soybe-main\data\com_fundo\RGB_JPG_Normais\grao_DSC_0142_id46.png,RGB_JPG_Normais,RGB_JPG_Normais
C:\Users\eduar\Desktop\Soybe-main\data\com_fundo\RGB_JPG_Normais\grao_DSC_0142_id47.png,RGB_JPG_Normais,RGB_JPG_Normais
C:\Users\eduar\Desktop\Soybe-main\data\com_fundo\RGB_JPG_Normais\grao_DSC_0142_id48.png,RGB_JPG_Normais,RGB_JPG_Normais
C:\Users\eduar\Desktop\Soybe-main\data\com_fundo\RGB_JPG_Normais\grao_DSC_0142_id49.png,RGB_JPG_Normais,RGB_JPG_Normais
C:\Users\eduar\Desktop\Soybe-main\data\com_fundo\RGB_JPG_Normais\grao_DSC_0142_id5.png,RGB_JPG_Normais,RGB_JPG_Normais
C:\Users\eduar\Desktop\Soybe-main\data\com_fundo\RGB_JPG_Normais\grao_DSC_0142_id50.png,RGB_JPG_Normais,RGB_JPG_Normais
C:\Users\eduar\Desktop\Soybe-main\data\com_fundo\RGB_JPG_Normais\grao_DSC_0142_id51.png,RGB_JPG_Normais,RGB_JPG_Normais
C:\Users\eduar\Desktop\Soybe-main\data\com_fundo\RGB_JPG_Normais\grao_DSC_0142_id52.png,RGB_JPG_Normais,RGB_JPG_Normais
C:\Users\eduar\Desktop\Soybe-main\data\com_fundo\RGB_JPG_Normais\grao_DSC_0142_id53.png,RGB_JPG_Normais,RGB_JPG_Normais
C:\Users\eduar\Desktop\Soybe-main\data\com_fundo\RGB_JPG_Normais\grao_DSC_0142_id54.png,RGB_JPG_Normais,RGB_JPG_Normais
C:\Users\eduar\Desktop\Soybe-main\data\com_fundo\RGB_JPG_Normais\grao_DSC_0142_id55.png,RGB_JPG_Normais,RGB_JPG_Normais
C:\Users\eduar\Desktop\Soybe-main\data\com_fundo\RGB_JPG_Normais\grao_DSC_0142_id56.png,RGB_JPG_Normais,RGB_JPG_Normais
C:\Users\eduar\Desktop\Soybe-main\data\com_fundo\RGB_JPG_Normais\grao_DSC_0142_id57.png,RGB_JPG_Normais,RGB_JPG_Normais
C:\Users\eduar\Desktop\Soybe-main\data\com_fundo\RGB_JPG_Normais\grao_DSC_0142_id58.png,RGB_JPG_Normais,RGB_JPG_Normais
C:\Users\eduar\Desktop\Soybe-main\data\com_fundo\RGB_JPG_Normais\grao_DSC_0142_id59.png,RGB_JPG_Normais,RGB_JPG_Normais
C:\Users\eduar\Desktop\Soybe-main\data\com_fundo\RGB_JPG_Normais\grao_DSC_0142_id6.png,RGB_JPG_Normais,RGB_JPG_Normais
C:\Users\eduar\Desktop\Soybe-main\data\com_fundo\RGB_JPG_Normais\grao_DSC_0142_id60.png,RGB_JPG_Normais,RGB_JPG_Normais
C:\Users\eduar\Desktop\Soybe-main\data\com_fundo\RGB_JPG_Normais\grao_DSC_0142_id61.png,RGB_JPG_Normais,RGB_JPG_Normais
C:\Users\eduar\Desktop\Soybe-main\data\com_fundo\RGB_JPG_Normais\grao_DSC_0142_id62.png,RGB_JPG_Normais,RGB_JPG_Normais
C:\Users\eduar\Desktop\Soybe-main\data\com_fundo\RGB_JPG_Normais\grao_DSC_0142_id63.png,RGB_JPG_Normais,RGB_JPG_Normais
C:\Users\eduar\Desktop\Soybe-main\data\com_fundo\RGB_JPG_Normais\grao_DSC_0142_id64.png,RGB_JPG_Normais,RGB_JPG_Normais
C:\Users\eduar\Desktop\Soybe-main\data\com_fundo\RGB_JPG_Normais\grao_DSC_0142_id65.png,RGB_JPG_Normais,RGB_JPG_Normais
C:\Users\eduar\Desktop\Soybe-main\data\com_fundo\RGB_JPG_Normais\grao_DSC_0142_id66.png,RGB_JPG_Normais,RGB_JPG_PURPURAS
C:\Users\eduar\Desktop\Soybe-main\data\com_fundo\RGB_JPG_Normais\grao_DSC_0142_id67.png,RGB_JPG_Normais,RGB_JPG_Normais
C:\Users\eduar\Desktop\Soybe-main\data\com_fundo\RGB_JPG_Normais\grao_DSC_0142_id68.png,RGB_JPG_Normais,RGB_JPG_Normais
C:\Users\eduar\Desktop\Soybe-main\data\com_fundo\RGB_JPG_Normais\grao_DSC_0142_id69.png,RGB_JPG_Normais,RGB_JPG_Normais
C:\Users\eduar\Desktop\Soybe-main\data\com_fundo\RGB_JPG_Normais\grao_DSC_0142_id7.png,RGB_JPG_Normais,RGB_JPG_Normais
C:\Users\eduar\Desktop\Soybe-main\data\com_fundo\RGB_JPG_Normais\grao_DSC_0142_id70.png,RGB_JPG_Normais,RGB_JPG_Normais
C:\Users\eduar\Desktop\Soybe-main\data\com_fundo\RGB_JPG_Normais\grao_DSC_0142_id71.png,RGB_JPG_Normais,RGB_JPG_Normais
C:\Users\eduar\Desktop\Soybe-main\data\com_fundo\RGB_JPG_Normais\grao_DSC_0142_id72.png,RGB_JPG_Normais,RGB_JPG_Normais
C:\Users\eduar\Desktop\Soybe-main\data\com_fundo\RGB_JPG_Normais\grao_DSC_0142_id73.png,RGB_JPG_Normais,RGB_JPG_Normais
C:\Users\eduar\Desktop\Soybe-main\data\com_fundo\RGB_JPG_Normais\grao_DSC_0142_id74.png,RGB_JPG_Normais,RGB_JPG_Normais
C:\Users\eduar\Desktop\Soybe-main\data\com_fundo\RGB_JPG_Normais\grao_DSC_0142_id75.png,RGB_JPG_Normais,RGB_JPG_Normais
C:\Users\eduar\Desktop\Soybe-main\data\com_fundo\RGB_JPG_Normais\grao_DSC_0142_id76.png,RGB_JPG_Normais,RGB_JPG_Normais
C:\Users\eduar\Desktop\Soybe-main\data\com_fundo\RGB_JPG_Normais\grao_DSC_0142_id77.png,RGB_JPG_Normais,RGB_JPG_Normais
C:\Users\eduar\Desktop\Soybe-main\data\com_fundo\RGB_JPG_Normais\grao_DSC_0142_id78.png,RGB_JPG_Normais,RGB_JPG_Normais
C:\Users\eduar\Desktop\Soybe-main\data\com_fundo\RGB_JPG_Normais\grao_DSC_0142_id79.png,RGB_JPG_Normais,RGB_JPG_Normais
C:\Users\eduar\Desktop\Soybe-main\data\com_fundo\RGB_JPG_Normais\grao_DSC_0142_id8.png,RGB_JPG_Normais,RGB_JPG_Normais
C:\Users\eduar\Desktop\Soybe-main\data\com_fundo\RGB_JPG_Normais\grao_DSC_0142_id80.png,RGB_JPG_Normais,RGB_JPG_Normais
C:\Users\eduar\Desktop\Soybe-main\data\com_fundo\RGB_JPG_Normais\grao_DSC_0142_id81.png,RGB_JPG_Normais,RGB_JPG_Normais
C:\Users\eduar\Desktop\Soybe-main\data\com_fundo\RGB_JPG_Normais\grao_DSC_0142_id82.png,RGB_JPG_Normais,RGB_JPG_PURPURAS
C:\Users\eduar\Desktop\Soybe-main\data\com_fundo\RGB_JPG_Normais\grao_DSC_0142_id83.png,RGB_JPG_Normais,RGB_JPG_Normais
C:\Users\eduar\Desktop\Soybe-main\data\com_fundo\RGB_JPG_Normais\grao_DSC_0142_id84.png,RGB_JPG_Normais,RGB_JPG_Normais
C:\Users\eduar\Desktop\Soybe-main\data\com_fundo\RGB_JPG_Normais\grao_DSC_0142_id85.png,RGB_JPG_Normais,RGB_JPG_Normais
C:\Users\eduar\Desktop\Soybe-main\data\com_fundo\RGB_JPG_Normais\grao_DSC_0142_id86.png,RGB_JPG_Normais,RGB_JPG_Normais
C:\Users\eduar\Desktop\Soybe-main\data\com_fundo\RGB_JPG_Normais\grao_DSC_0142_id87.png,RGB_JPG_Normais,RGB_JPG_Normais
C:\Users\eduar\Desktop\Soybe-main\data\com_fundo\RGB_JPG_Normais\grao_DSC_0142_id88.png,RGB_JPG_Normais,RGB_JPG_Normais
C:\Users\eduar\Desktop\Soybe-main\data\com_fundo\RGB_JPG_Normais\grao_DSC_0142_id89.png,RGB_JPG_Normais,RGB_JPG_Normais
C:\Users\eduar\Desktop\Soybe-main\data\com_fundo\RGB_JPG_Normais\grao_DSC_0142_id9.png,RGB_JPG_Normais,RGB_JPG_Normais
C:\Users\eduar\Desktop\Soybe-main\data\com_fundo\RGB_JPG_Normais\grao_DSC_0142_id90.png,RGB_JPG_Normais,RGB_JPG_Normais
C:\Users\eduar\Desktop\Soybe-main\data\com_fundo\RGB_JPG_Normais\grao_DSC_0142_id91.png,RGB_JPG_Normais,RGB_JPG_Normais
C:\Users\eduar\Desktop\Soybe-main\data\com_fundo\RGB_JPG_Normais\grao_DSC_0142_id92.png,RGB_JPG_Normais,RGB_JPG_Normais
C:\Users\eduar\Desktop\Soybe-main\data\com_fundo\RGB_JPG_Normais\grao_DSC_0142_id93.png,RGB_JPG_Normais,RGB_JPG_Normais
C:\Users\eduar\Desktop\Soybe-main\data\com_fundo\RGB_JPG_Normais\grao_DSC_0142_id94.png,RGB_JPG_Normais,RGB_JPG_INSETOS
C:\Users\eduar\Desktop\Soybe-main\data\com_fundo\RGB_JPG_Normais\grao_DSC_0142_id95.png,RGB_JPG_Normais,RGB_JPG_Normais
C:\Users\eduar\Desktop\Soybe-main\data\com_fundo\RGB_JPG_Normais\grao_DSC_0142_id96.png,RGB_JPG_Normais,RGB_JPG_Normais
C:\Users\eduar\Desktop\Soybe-main\data\com_fundo\RGB_JPG_Normais\grao_DSC_0142_id97.png,RGB_JPG_Normais,RGB_JPG_Normais
C:\Users\eduar\Desktop\Soybe-main\data\com_fundo\RGB_JPG_Normais\grao_DSC_0142_id98.png,RGB_JPG_Normais,RGB_JPG_Normais
C:\Users\eduar\Desktop\Soybe-main\data\com_fundo\RGB_JPG_Normais\grao_DSC_0142_id99.png,RGB_JPG_Normais,RGB_JPG_Normais
C:\Users\eduar\Desktop\Soybe-main\data\com_fundo\RGB_JPG_Normais\grao_DSC_0143_id1.png,RGB_JPG_Normais,RGB_JPG_Normais
C:\Users\eduar\Desktop\Soybe-main\data\com_fundo\RGB_JPG_Normais\grao_DSC_0143_id10.png,RGB_JPG_Normais,RGB_JPG_Normais
C:\Users\eduar\Desktop\Soybe-main\data\com_fundo\RGB_JPG_Normais\grao_DSC_0143_id100.png,RGB_JPG_Normais,RGB_JPG_Normais
C:\Users\eduar\Desktop\Soybe-main\data\com_fundo\RGB_JPG_Normais\grao_DSC_0143_id101.png,RGB_JPG_Normais,RGB_JPG_Normais
C:\Users\eduar\Desktop\Soybe-main\data\com_fundo\RGB_JPG_Normais\grao_DSC_0143_id102.png,RGB_JPG_Normais,RGB_JPG_Normais
C:\Users\eduar\Desktop\Soybe-main\data\com_fundo\RGB_JPG_Normais\grao_DSC_0143_id103.png,RGB_JPG_Normais,RGB_JPG_Normais
C:\Users\eduar\Desktop\Soybe-main\data\com_fundo\RGB_JPG_Normais\grao_DSC_0143_id104.png,RGB_JPG_Normais,RGB_JPG_Normais
C:\Users\eduar\Desktop\Soybe-main\data\com_fundo\RGB_JPG_Normais\grao_DSC_0143_id105.png,RGB_JPG_Normais,RGB_JPG_Normais
C:\Users\eduar\Desktop\Soybe-main\data\com_fundo\RGB_JPG_Normais\grao_DSC_0143_id106.png,RGB_JPG_Normais,RGB_JPG_Normais
C:\Users\eduar\Desktop\Soybe-main\data\com_fundo\RGB_JPG_Normais\grao_DSC_0143_id107.png,RGB_JPG_Normais,RGB_JPG_Normais
C:\Users\eduar\Desktop\Soybe-main\data\com_fundo\RGB_JPG_Normais\grao_DSC_0143_id108.png,RGB_JPG_Normais,RGB_JPG_Normais
C:\Users\eduar\Desktop\Soybe-main\data\com_fundo\RGB_JPG_Normais\grao_DSC_0143_id109.png,RGB_JPG_Normais,RGB_JPG_Normais
C:\Users\eduar\Desktop\Soybe-main\data\com_fundo\RGB_JPG_Normais\grao_DSC_0143_id11.png,RGB_JPG_Normais,RGB_JPG_Normais
C:\Users\eduar\Desktop\Soybe-main\data\com_fundo\RGB_JPG_Normais\grao_DSC_0143_id110.png,RGB_JPG_Normais,RGB_JPG_Normais
C:\Users\eduar\Desktop\Soybe-main\data\com_fundo\RGB_JPG_Normais\grao_DSC_0143_id111.png,RGB_JPG_Normais,RGB_JPG_Normais
C:\Users\eduar\Desktop\Soybe-main\data\com_fundo\RGB_JPG_Normais\grao_DSC_0143_id112.png,RGB_JPG_Normais,RGB_JPG_Normais
C:\Users\eduar\Desktop\Soybe-main\data\com_fundo\RGB_JPG_Normais\grao_DSC_0143_id113.png,RGB_JPG_Normais,RGB_JPG_Normais
C:\Users\eduar\Desktop\Soybe-main\data\com_fundo\RGB_JPG_Normais\grao_DSC_0143_id114.png,RGB_JPG_Normais,RGB_JPG_Normais
C:\Users\eduar\Desktop\Soybe-main\data\com_fundo\RGB_JPG_Normais\grao_DSC_0143_id115.png,RGB_JPG_Normais,RGB_JPG_Normais
C:\Users\eduar\Desktop\Soybe-main\data\com_fundo\RGB_JPG_Normais\grao_DSC_0143_id12.png,RGB_JPG_Normais,RGB_JPG_Normais
C:\Users\eduar\Desktop\Soybe-main\data\com_fundo\RGB_JPG_Normais\grao_DSC_0143_id13.png,RGB_JPG_Normais,RGB_JPG_Normais
C:\Users\eduar\Desktop\Soybe-main\data\com_fundo\RGB_JPG_Normais\grao_DSC_0143_id14.png,RGB_JPG_Normais,RGB_JPG_Normais
C:\Users\eduar\Desktop\Soybe-main\data\com_fundo\RGB_JPG_Normais\grao_DSC_0143_id15.png,RGB_JPG_Normais,RGB_JPG_Normais
C:\Users\eduar\Desktop\Soybe-main\data\com_fundo\RGB_JPG_Normais\grao_DSC_0143_id16.png,RGB_JPG_Normais,RGB_JPG_Normais
C:\Users\eduar\Desktop\Soybe-main\data\com_fundo\RGB_JPG_Normais\grao_DSC_0143_id17.png,RGB_JPG_Normais,RGB_JPG_Normais
C:\Users\eduar\Desktop\Soybe-main\data\com_fundo\RGB_JPG_Normais\grao_DSC_0143_id18.png,RGB_JPG_Normais,RGB_JPG_Normais
C:\Users\eduar\Desktop\Soybe-main\data\com_fundo\RGB_JPG_Normais\grao_DSC_0143_id19.png,RGB_JPG_Normais,RGB_JPG_Normais
C:\Users\eduar\Desktop\Soybe-main\data\com_fundo\RGB_JPG_Normais\grao_DSC_0143_id2.png,RGB_JPG_Normais,RGB_JPG_Normais
C:\Users\eduar\Desktop\Soybe-main\data\com_fundo\RGB_JPG_Normais\grao_DSC_0143_id20.png,RGB_JPG_Normais,RGB_JPG_Normais
C:\Users\eduar\Desktop\Soybe-main\data\com_fundo\RGB_JPG_Normais\grao_DSC_0143_id21.png,RGB_JPG_Normais,RGB_JPG_Normais
C:\Users\eduar\Desktop\Soybe-main\data\com_fundo\RGB_JPG_Normais\grao_DSC_0143_id22.png,RGB_JPG_Normais,RGB_JPG_Normais
C:\Users\eduar\Desktop\Soybe-main\data\com_fundo\RGB_JPG_Normais\grao_DSC_0143_id23.png,RGB_JPG_Normais,RGB_JPG_Normais
C:\Users\eduar\Desktop\Soybe-main\data\com_fundo\RGB_JPG_Normais\grao_DSC_0143_id24.png,RGB_JPG_Normais,RGB_JPG_Normais
C:\Users\eduar\Desktop\Soybe-main\data\com_fundo\RGB_JPG_Normais\grao_DSC_0143_id25.png,RGB_JPG_Normais,RGB_JPG_Normais
C:\Users\eduar\Desktop\Soybe-main\data\com_fundo\RGB_JPG_Normais\grao_DSC_0143_id26.png,RGB_JPG_Normais,RGB_JPG_Normais
C:\Users\eduar\Desktop\Soybe-main\data\com_fundo\RGB_JPG_Normais\grao_DSC_0143_id27.png,RGB_JPG_Normais,RGB_JPG_Normais
C:\Users\eduar\Desktop\Soybe-main\data\com_fundo\RGB_JPG_Normais\grao_DSC_0143_id28.png,RGB_JPG_Normais,RGB_JPG_Normais
C:\Users\eduar\Desktop\Soybe-main\data\com_fundo\RGB_JPG_Normais\grao_DSC_0143_id29.png,RGB_JPG_Normais,RGB_JPG_Normais
C:\Users\eduar\Desktop\Soybe-main\data\com_fundo\RGB_JPG_Normais\grao_DSC_0143_id3.png,RGB_JPG_Normais,RGB_JPG_Normais
C:\Users\eduar\Desktop\Soybe-main\data\com_fundo\RGB_JPG_Normais\grao_DSC_0143_id30.png,RGB_JPG_Normais,RGB_JPG_Normais
C:\Users\eduar\Desktop\Soybe-main\data\com_fundo\RGB_JPG_Normais\grao_DSC_0143_id31.png,RGB_JPG_Normais,RGB_JPG_Normais
C:\Users\eduar\Desktop\Soybe-main\data\com_fundo\RGB_JPG_Normais\grao_DSC_0143_id32.png,RGB_JPG_Normais,RGB_JPG_Normais
C:\Users\eduar\Desktop\Soybe-main\data\com_fundo\RGB_JPG_Normais\grao_DSC_0143_id33.png,RGB_JPG_Normais,RGB_JPG_Normais
C:\Users\eduar\Desktop\Soybe-main\data\com_fundo\RGB_JPG_Normais\grao_DSC_0143_id34.png,RGB_JPG_Normais,RGB_JPG_Normais
C:\Users\eduar\Desktop\Soybe-main\data\com_fundo\RGB_JPG_Normais\grao_DSC_0143_id35.png,RGB_JPG_Normais,RGB_JPG_Normais
C:\Users\eduar\Desktop\Soybe-main\data\com_fundo\RGB_JPG_Normais\grao_DSC_0143_id36.png,RGB_JPG_Normais,RGB_JPG_Normais
C:\Users\eduar\Desktop\Soybe-main\data\com_fundo\RGB_JPG_Normais\grao_DSC_0143_id37.png,RGB_JPG_Normais,RGB_JPG_Normais
C:\Users\eduar\Desktop\Soybe-main\data\com_fundo\RGB_JPG_Normais\grao_DSC_0143_id38.png,RGB_JPG_Normais,RGB_JPG_Normais
C:\Users\eduar\Desktop\Soybe-main\data\com_fundo\RGB_JPG_Normais\grao_DSC_0143_id39.png,RGB_JPG_Normais,RGB_JPG_Normais
C:\Users\eduar\Desktop\Soybe-main\data\com_fundo\RGB_JPG_Normais\grao_DSC_0143_id4.png,RGB_JPG_Normais,RGB_JPG_Normais
C:\Users\eduar\Desktop\Soybe-main\data\com_fundo\RGB_JPG_Normais\grao_DSC_0143_id40.png,RGB_JPG_Normais,RGB_JPG_Normais
C:\Users\eduar\Desktop\Soybe-main\data\com_fundo\RGB_JPG_Normais\grao_DSC_0143_id41.png,RGB_JPG_Normais,RGB_JPG_Normais
C:\Users\eduar\Desktop\Soybe-main\data\com_fundo\RGB_JPG_Normais\grao_DSC_0143_id42.png,RGB_JPG_Normais,RGB_JPG_Normais
C:\Users\eduar\Desktop\Soybe-main\data\com_fundo\RGB_JPG_Normais\grao_DSC_0143_id43.png,RGB_JPG_Normais,RGB_JPG_Normais
C:\Users\eduar\Desktop\Soybe-main\data\com_fundo\RGB_JPG_Normais\grao_DSC_0143_id44.png,RGB_JPG_Normais,RGB_JPG_Normais
C:\Users\eduar\Desktop\Soybe-main\data\com_fundo\RGB_JPG_Normais\grao_DSC_0143_id45.png,RGB_JPG_Normais,RGB_JPG_Normais
C:\Users\eduar\Desktop\Soybe-main\data\com_fundo\RGB_JPG_Normais\grao_DSC_0143_id46.png,RGB_JPG_Normais,RGB_JPG_Normais
C:\Users\eduar\Desktop\Soybe-main\data\com_fundo\RGB_JPG_Normais\grao_DSC_0143_id47.png,RGB_JPG_Normais,RGB_JPG_Normais
C:\Users\eduar\Desktop\Soybe-main\data\com_fundo\RGB_JPG_Normais\grao_DSC_0143_id48.png,RGB_JPG_Normais,RGB_JPG_Normais
C:\Users\eduar\Desktop\Soybe-main\data\com_fundo\RGB_JPG_Normais\grao_DSC_0143_id49.png,RGB_JPG_Normais,RGB_JPG_Normais
C:\Users\eduar\Desktop\Soybe-main\data\com_fundo\RGB_JPG_Normais\grao_DSC_0143_id5.png,RGB_JPG_Normais,RGB_JPG_Normais
C:\Users\eduar\Desktop\Soybe-main\data\com_fundo\RGB_JPG_Normais\grao_DSC_0143_id50.png,RGB_JPG_Normais,RGB_JPG_Normais
C:\Users\eduar\Desktop\Soybe-main\data\com_fundo\RGB_JPG_Normais\grao_DSC_0143_id51.png,RGB_JPG_Normais,RGB_JPG_Normais
C:\Users\eduar\Desktop\Soybe-main\data\com_fundo\RGB_JPG_Normais\grao_DSC_0143_id52.png,RGB_JPG_Normais,RGB_JPG_Normais
C:\Users\eduar\Desktop\Soybe-main\data\com_fundo\RGB_JPG_Normais\grao_DSC_0143_id53.png,RGB_JPG_Normais,RGB_JPG_Normais
C:\Users\eduar\Desktop\Soybe-main\data\com_fundo\RGB_JPG_Normais\grao_DSC_0143_id54.png,RGB_JPG_Normais,RGB_JPG_Normais
C:\Users\eduar\Desktop\Soybe-main\data\com_fundo\RGB_JPG_Normais\grao_DSC_0143_id55.png,RGB_JPG_Normais,RGB_JPG_Normais
C:\Users\eduar\Desktop\Soybe-main\data\com_fundo\RGB_JPG_Normais\grao_DSC_0143_id56.png,RGB_JPG_Normais,RGB_JPG_Normais
C:\Users\eduar\Desktop\Soybe-main\data\com_fundo\RGB_JPG_Normais\grao_DSC_0143_id57.png,RGB_JPG_Normais,RGB_JPG_Normais
C:\Users\eduar\Desktop\Soybe-main\data\com_fundo\RGB_JPG_Normais\grao_DSC_0143_id58.png,RGB_JPG_Normais,RGB_JPG_Normais
C:\Users\eduar\Desktop\Soybe-main\data\com_fundo\RGB_JPG_Normais\grao_DSC_0143_id59.png,RGB_JPG_Normais,RGB_JPG_Normais
C:\Users\eduar\Desktop\Soybe-main\data\com_fundo\RGB_JPG_Normais\grao_DSC_0143_id6.png,RGB_JPG_Normais,RGB_JPG_Normais
C:\Users\eduar\Desktop\Soybe-main\data\com_fundo\RGB_JPG_Normais\grao_DSC_0143_id60.png,RGB_JPG_Normais,RGB_JPG_Normais
C:\Users\eduar\Desktop\Soybe-main\data\com_fundo\RGB_JPG_Normais\grao_DSC_0143_id61.png,RGB_JPG_Normais,RGB_JPG_Normais
C:\Users\eduar\Desktop\Soybe-main\data\com_fundo\RGB_JPG_Normais\grao_DSC_0143_id62.png,RGB_JPG_Normais,RGB_JPG_Normais
C:\Users\eduar\Desktop\Soybe-main\data\com_fundo\RGB_JPG_Normais\grao_DSC_0143_id63.png,RGB_JPG_Normais,RGB_JPG_Normais
C:\Users\eduar\Desktop\Soybe-main\data\com_fundo\RGB_JPG_Normais\grao_DSC_0143_id64.png,RGB_JPG_Normais,RGB_JPG_Normais
C:\Users\eduar\Desktop\Soybe-main\data\com_fundo\RGB_JPG_Normais\grao_DSC_0143_id65.png,RGB_JPG_Normais,RGB_JPG_Normais
C:\Users\eduar\Desktop\Soybe-main\data\com_fundo\RGB_JPG_Normais\grao_DSC_0143_id66.png,RGB_JPG_Normais,RGB_JPG_Normais
C:\Users\eduar\Desktop\Soybe-main\data\com_fundo\RGB_JPG_Normais\grao_DSC_0143_id67.png,RGB_JPG_Normais,RGB_JPG_Normais
C:\Users\eduar\Desktop\Soybe-main\data\com_fundo\RGB_JPG_Normais\grao_DSC_0143_id68.png,RGB_JPG_Normais,RGB_JPG_Normais
C:\Users\eduar\Desktop\Soybe-main\data\com_fundo\RGB_JPG_Normais\grao_DSC_0143_id69.png,RGB_JPG_Normais,RGB_JPG_Normais
C:\Users\eduar\Desktop\Soybe-main\data\com_fundo\RGB_JPG_Normais\grao_DSC_0143_id7.png,RGB_JPG_Normais,RGB_JPG_Normais
C:\Users\eduar\Desktop\Soybe-main\data\com_fundo\RGB_JPG_Normais\grao_DSC_0143_id70.png,RGB_JPG_Normais,RGB_JPG_Normais
C:\Users\eduar\Desktop\Soybe-main\data\com_fundo\RGB_JPG_Normais\grao_DSC_0143_id71.png,RGB_JPG_Normais,RGB_JPG_Normais
C:\Users\eduar\Desktop\Soybe-main\data\com_fundo\RGB_JPG_Normais\grao_DSC_0143_id72.png,RGB_JPG_Normais,RGB_JPG_Normais
C:\Users\eduar\Desktop\Soybe-main\data\com_fundo\RGB_JPG_Normais\grao_DSC_0143_id73.png,RGB_JPG_Normais,RGB_JPG_Normais
C:\Users\eduar\Desktop\Soybe-main\data\com_fundo\RGB_JPG_Normais\grao_DSC_0143_id74.png,RGB_JPG_Normais,RGB_JPG_Normais
C:\Users\eduar\Desktop\Soybe-main\data\com_fundo\RGB_JPG_Normais\grao_DSC_0143_id75.png,RGB_JPG_Normais,RGB_JPG_Normais
C:\Users\eduar\Desktop\Soybe-main\data\com_fundo\RGB_JPG_Normais\grao_DSC_0143_id76.png,RGB_JPG_Normais,RGB_JPG_Normais
C:\Users\eduar\Desktop\Soybe-main\data\com_fundo\RGB_JPG_Normais\grao_DSC_0143_id77.png,RGB_JPG_Normais,RGB_JPG_Normais
C:\Users\eduar\Desktop\Soybe-main\data\com_fundo\RGB_JPG_Normais\grao_DSC_0143_id78.png,RGB_JPG_Normais,RGB_JPG_Normais
C:\Users\eduar\Desktop\Soybe-main\data\com_fundo\RGB_JPG_Normais\grao_DSC_0143_id79.png,RGB_JPG_Normais,RGB_JPG_Normais
C:\Users\eduar\Desktop\Soybe-main\data\com_fundo\RGB_JPG_Normais\grao_DSC_0143_id8.png,RGB_JPG_Normais,RGB_JPG_Normais
C:\Users\eduar\Desktop\Soybe-main\data\com_fundo\RGB_JPG_Normais\grao_DSC_0143_id80.png,RGB_JPG_Normais,RGB_JPG_Normais
C:\Users\eduar\Desktop\Soybe-main\data\com_fundo\RGB_JPG_Normais\grao_DSC_0143_id81.png,RGB_JPG_Normais,RGB_JPG_Normais
C:\Users\eduar\Desktop\Soybe-main\data\com_fundo\RGB_JPG_Normais\grao_DSC_0143_id82.png,RGB_JPG_Normais,RGB_JPG_Normais
C:\Users\eduar\Desktop\Soybe-main\data\com_fundo\RGB_JPG_Normais\grao_DSC_0143_id83.png,RGB_JPG_Normais,RGB_JPG_Normais
C:\Users\eduar\Desktop\Soybe-main\data\com_fundo\RGB_JPG_Normais\grao_DSC_0143_id84.png,RGB_JPG_Normais,RGB_JPG_Normais
C:\Users\eduar\Desktop\Soybe-main\data\com_fundo\RGB_JPG_Normais\grao_DSC_0143_id85.png,RGB_JPG_Normais,RGB_JPG_Normais
C:\Users\eduar\Desktop\Soybe-main\data\com_fundo\RGB_JPG_Normais\grao_DSC_0143_id86.png,RGB_JPG_Normais,RGB_JPG_Normais
C:\Users\eduar\Desktop\Soybe-main\data\com_fundo\RGB_JPG_Normais\grao_DSC_0143_id87.png,RGB_JPG_Normais,RGB_JPG_Normais
C:\Users\eduar\Desktop\Soybe-main\data\com_fundo\RGB_JPG_Normais\grao_DSC_0143_id88.png,RGB_JPG_Normais,RGB_JPG_Normais
C:\Users\eduar\Desktop\Soybe-main\data\com_fundo\RGB_JPG_Normais\grao_DSC_0143_id89.png,RGB_JPG_Normais,RGB_JPG_Normais
C:\Users\eduar\Desktop\Soybe-main\data\com_fundo\RGB_JPG_Normais\grao_DSC_0143_id9.png,RGB_JPG_Normais,RGB_JPG_Normais
C:\Users\eduar\Desktop\Soybe-main\data\com_fundo\RGB_JPG_Normais\grao_DSC_0143_id90.png,RGB_JPG_Normais,RGB_JPG_Normais
C:\Users\eduar\Desktop\Soybe-main\data\com_fundo\RGB_JPG_Normais\grao_DSC_0143_id91.png,RGB_JPG_Normais,RGB_JPG_Normais
C:\Users\eduar\Desktop\Soybe-main\data\com_fundo\RGB_JPG_Normais\grao_DSC_0143_id92.png,RGB_JPG_Normais,RGB_JPG_Normais
C:\Users\eduar\Desktop\Soybe-main\data\com_fundo\RGB_JPG_Normais\grao_DSC_0143_id93.png,RGB_JPG_Normais,RGB_JPG_Normais
C:\Users\eduar\Desktop\Soybe-main\data\com_fundo\RGB_JPG_Normais\grao_DSC_0143_id94.png,RGB_JPG_Normais,RGB_JPG_Normais
C:\Users\eduar\Desktop\Soybe-main\data\com_fundo\RGB_JPG_Normais\grao_DSC_0143_id95.png,RGB_JPG_Normais,RGB_JPG_Normais
C:\Users\eduar\Desktop\Soybe-main\data\com_fundo\RGB_JPG_Normais\grao_DSC_0143_id96.png,RGB_JPG_Normais,RGB_JPG_Normais
C:\Users\eduar\Desktop\Soybe-main\data\com_fundo\RGB_JPG_Normais\grao_DSC_0143_id97.png,RGB_JPG_Normais,RGB_JPG_Normais
C:\Users\eduar\Desktop\Soybe-main\data\com_fundo\RGB_JPG_Normais\grao_DSC_0143_id98.png,RGB_JPG_Normais,RGB_JPG_Normais
C:\Users\eduar\Desktop\Soybe-main\data\com_fundo\RGB_JPG_Normais\grao_DSC_0143_id99.png,RGB_JPG_Normais,RGB_JPG_Normais
C:\Users\eduar\Desktop\Soybe-main\data\com_fundo\RGB_JPG_Normais\grao_DSC_0144_id1.png,RGB_JPG_Normais,RGB_JPG_Normais
C:\Users\eduar\Desktop\Soybe-main\data\com_fundo\RGB_JPG_Normais\grao_DSC_0144_id10.png,RGB_JPG_Normais,RGB_JPG_Normais
C:\Users\eduar\Desktop\Soybe-main\data\com_fundo\RGB_JPG_Normais\grao_DSC_0144_id100.png,RGB_JPG_Normais,RGB_JPG_Normais
C:\Users\eduar\Desktop\Soybe-main\data\com_fundo\RGB_JPG_Normais\grao_DSC_0144_id101.png,RGB_JPG_Normais,RGB_JPG_Normais
C:\Users\eduar\Desktop\Soybe-main\data\com_fundo\RGB_JPG_Normais\grao_DSC_0144_id102.png,RGB_JPG_Normais,RGB_JPG_Normais
C:\Users\eduar\Desktop\Soybe-main\data\com_fundo\RGB_JPG_Normais\grao_DSC_0144_id103.png,RGB_JPG_Normais,RGB_JPG_Normais
C:\Users\eduar\Desktop\Soybe-main\data\com_fundo\RGB_JPG_Normais\grao_DSC_0144_id104.png,RGB_JPG_Normais,RGB_JPG_Normais
C:\Users\eduar\Desktop\Soybe-main\data\com_fundo\RGB_JPG_Normais\grao_DSC_0144_id105.png,RGB_JPG_Normais,RGB_JPG_Normais
C:\Users\eduar\Desktop\Soybe-main\data\com_fundo\RGB_JPG_Normais\grao_DSC_0144_id106.png,RGB_JPG_Normais,RGB_JPG_Normais
C:\Users\eduar\Desktop\Soybe-main\data\com_fundo\RGB_JPG_Normais\grao_DSC_0144_id107.png,RGB_JPG_Normais,RGB_JPG_Normais
C:\Users\eduar\Desktop\Soybe-main\data\com_fundo\RGB_JPG_Normais\grao_DSC_0144_id108.png,RGB_JPG_Normais,RGB_JPG_Normais
C:\Users\eduar\Desktop\Soybe-main\data\com_fundo\RGB_JPG_Normais\grao_DSC_0144_id109.png,RGB_JPG_Normais,RGB_JPG_Normais
C:\Users\eduar\Desktop\Soybe-main\data\com_fundo\RGB_JPG_Normais\grao_DSC_0144_id11.png,RGB_JPG_Normais,RGB_JPG_Normais
C:\Users\eduar\Desktop\Soybe-main\data\com_fundo\RGB_JPG_Normais\grao_DSC_0144_id110.png,RGB_JPG_Normais,RGB_JPG_Normais
C:\Users\eduar\Desktop\Soybe-main\data\com_fundo\RGB_JPG_Normais\grao_DSC_0144_id111.png,RGB_JPG_Normais,RGB_JPG_Normais
C:\Users\eduar\Desktop\Soybe-main\data\com_fundo\RGB_JPG_Normais\grao_DSC_0144_id112.png,RGB_JPG_Normais,RGB_JPG_Normais
C:\Users\eduar\Desktop\Soybe-main\data\com_fundo\RGB_JPG_Normais\grao_DSC_0144_id113.png,RGB_JPG_Normais,RGB_JPG_Normais
C:\Users\eduar\Desktop\Soybe-main\data\com_fundo\RGB_JPG_Normais\grao_DSC_0144_id12.png,RGB_JPG_Normais,RGB_JPG_Normais
C:\Users\eduar\Desktop\Soybe-main\data\com_fundo\RGB_JPG_Normais\grao_DSC_0144_id13.png,RGB_JPG_Normais,RGB_JPG_Normais
C:\Users\eduar\Desktop\Soybe-main\data\com_fundo\RGB_JPG_Normais\grao_DSC_0144_id14.png,RGB_JPG_Normais,RGB_JPG_Normais
C:\Users\eduar\Desktop\Soybe-main\data\com_fundo\RGB_JPG_Normais\grao_DSC_0144_id15.png,RGB_JPG_Normais,RGB_JPG_Normais
C:\Users\eduar\Desktop\Soybe-main\data\com_fundo\RGB_JPG_Normais\grao_DSC_0144_id16.png,RGB_JPG_Normais,RGB_JPG_Normais
C:\Users\eduar\Desktop\Soybe-main\data\com_fundo\RGB_JPG_Normais\grao_DSC_0144_id17.png,RGB_JPG_Normais,RGB_JPG_Normais
C:\Users\eduar\Desktop\Soybe-main\data\com_fundo\RGB_JPG_Normais\grao_DSC_0144_id18.png,RGB_JPG_Normais,RGB_JPG_Normais
C:\Users\eduar\Desktop\Soybe-main\data\com_fundo\RGB_JPG_Normais\grao_DSC_0144_id19.png,RGB_JPG_Normais,RGB_JPG_Normais
C:\Users\eduar\Desktop\Soybe-main\data\com_fundo\RGB_JPG_Normais\grao_DSC_0144_id2.png,RGB_JPG_Normais,RGB_JPG_Normais
C:\Users\eduar\Desktop\Soybe-main\data\com_fundo\RGB_JPG_Normais\grao_DSC_0144_id20.png,RGB_JPG_Normais,RGB_JPG_PURPURAS
C:\Users\eduar\Desktop\Soybe-main\data\com_fundo\RGB_JPG_Normais\grao_DSC_0144_id21.png,RGB_JPG_Normais,RGB_JPG_Normais
C:\Users\eduar\Desktop\Soybe-main\data\com_fundo\RGB_JPG_Normais\grao_DSC_0144_id22.png,RGB_JPG_Normais,RGB_JPG_Normais
C:\Users\eduar\Desktop\Soybe-main\data\com_fundo\RGB_JPG_Normais\grao_DSC_0144_id23.png,RGB_JPG_Normais,RGB_JPG_Normais
C:\Users\eduar\Desktop\Soybe-main\data\com_fundo\RGB_JPG_Normais\grao_DSC_0144_id24.png,RGB_JPG_Normais,RGB_JPG_Normais
C:\Users\eduar\Desktop\Soybe-main\data\com_fundo\RGB_JPG_Normais\grao_DSC_0144_id25.png,RGB_JPG_Normais,RGB_JPG_Normais
C:\Users\eduar\Desktop\Soybe-main\data\com_fundo\RGB_JPG_Normais\grao_DSC_0144_id26.png,RGB_JPG_Normais,RGB_JPG_Normais
C:\Users\eduar\Desktop\Soybe-main\data\com_fundo\RGB_JPG_Normais\grao_DSC_0144_id27.png,RGB_JPG_Normais,RGB_JPG_Normais
C:\Users\eduar\Desktop\Soybe-main\data\com_fundo\RGB_JPG_Normais\grao_DSC_0144_id28.png,RGB_JPG_Normais,RGB_JPG_Normais
C:\Users\eduar\Desktop\Soybe-main\data\com_fundo\RGB_JPG_Normais\grao_DSC_0144_id29.png,RGB_JPG_Normais,RGB_JPG_Normais
C:\Users\eduar\Desktop\Soybe-main\data\com_fundo\RGB_JPG_Normais\grao_DSC_0144_id3.png,RGB_JPG_Normais,RGB_JPG_Normais
C:\Users\eduar\Desktop\Soybe-main\data\com_fundo\RGB_JPG_Normais\grao_DSC_0144_id30.png,RGB_JPG_Normais,RGB_JPG_PURPURAS
C:\Users\eduar\Desktop\Soybe-main\data\com_fundo\RGB_JPG_Normais\grao_DSC_0144_id31.png,RGB_JPG_Normais,RGB_JPG_Normais
C:\Users\eduar\Desktop\Soybe-main\data\com_fundo\RGB_JPG_Normais\grao_DSC_0144_id32.png,RGB_JPG_Normais,RGB_JPG_Normais
C:\Users\eduar\Desktop\Soybe-main\data\com_fundo\RGB_JPG_Normais\grao_DSC_0144_id33.png,RGB_JPG_Normais,RGB_JPG_Normais
C:\Users\eduar\Desktop\Soybe-main\data\com_fundo\RGB_JPG_Normais\grao_DSC_0144_id34.png,RGB_JPG_Normais,RGB_JPG_Normais
C:\Users\eduar\Desktop\Soybe-main\data\com_fundo\RGB_JPG_Normais\grao_DSC_0144_id35.png,RGB_JPG_Normais,RGB_JPG_Normais
C:\Users\eduar\Desktop\Soybe-main\data\com_fundo\RGB_JPG_Normais\grao_DSC_0144_id36.png,RGB_JPG_Normais,RGB_JPG_Normais
C:\Users\eduar\Desktop\Soybe-main\data\com_fundo\RGB_JPG_Normais\grao_DSC_0144_id37.png,RGB_JPG_Normais,RGB_JPG_Normais
C:\Users\eduar\Desktop\Soybe-main\data\com_fundo\RGB_JPG_Normais\grao_DSC_0144_id38.png,RGB_JPG_Normais,RGB_JPG_Normais
C:\Users\eduar\Desktop\Soybe-main\data\com_fundo\RGB_JPG_Normais\grao_DSC_0144_id39.png,RGB_JPG_Normais,RGB_JPG_Normais
C:\Users\eduar\Desktop\Soybe-main\data\com_fundo\RGB_JPG_Normais\grao_DSC_0144_id4.png,RGB_JPG_Normais,RGB_JPG_Normais
C:\Users\eduar\Desktop\Soybe-main\data\com_fundo\RGB_JPG_Normais\grao_DSC_0144_id40.png,RGB_JPG_Normais,RGB_JPG_Normais
C:\Users\eduar\Desktop\Soybe-main\data\com_fundo\RGB_JPG_Normais\grao_DSC_0144_id41.png,RGB_JPG_Normais,RGB_JPG_Normais
C:\Users\eduar\Desktop\Soybe-main\data\com_fundo\RGB_JPG_Normais\grao_DSC_0144_id42.png,RGB_JPG_Normais,RGB_JPG_Normais
C:\Users\eduar\Desktop\Soybe-main\data\com_fundo\RGB_JPG_Normais\grao_DSC_0144_id43.png,RGB_JPG_Normais,RGB_JPG_Normais
C:\Users\eduar\Desktop\Soybe-main\data\com_fundo\RGB_JPG_Normais\grao_DSC_0144_id44.png,RGB_JPG_Normais,RGB_JPG_Normais
C:\Users\eduar\Desktop\Soybe-main\data\com_fundo\RGB_JPG_Normais\grao_DSC_0144_id45.png,RGB_JPG_Normais,RGB_JPG_Normais
C:\Users\eduar\Desktop\Soybe-main\data\com_fundo\RGB_JPG_Normais\grao_DSC_0144_id46.png,RGB_JPG_Normais,RGB_JPG_Normais
C:\Users\eduar\Desktop\Soybe-main\data\com_fundo\RGB_JPG_Normais\grao_DSC_0144_id47.png,RGB_JPG_Normais,RGB_JPG_Normais
C:\Users\eduar\Desktop\Soybe-main\data\com_fundo\RGB_JPG_Normais\grao_DSC_0144_id48.png,RGB_JPG_Normais,RGB_JPG_Normais
C:\Users\eduar\Desktop\Soybe-main\data\com_fundo\RGB_JPG_Normais\grao_DSC_0144_id49.png,RGB_JPG_Normais,RGB_JPG_Normais
C:\Users\eduar\Desktop\Soybe-main\data\com_fundo\RGB_JPG_Normais\grao_DSC_0144_id5.png,RGB_JPG_Normais,RGB_JPG_Normais
C:\Users\eduar\Desktop\Soybe-main\data\com_fundo\RGB_JPG_Normais\grao_DSC_0144_id50.png,RGB_JPG_Normais,RGB_JPG_Normais
C:\Users\eduar\Desktop\Soybe-main\data\com_fundo\RGB_JPG_Normais\grao_DSC_0144_id51.png,RGB_JPG_Normais,RGB_JPG_Normais
C:\Users\eduar\Desktop\Soybe-main\data\com_fundo\RGB_JPG_Normais\grao_DSC_0144_id52.png,RGB_JPG_Normais,RGB_JPG_Normais
C:\Users\eduar\Desktop\Soybe-main\data\com_fundo\RGB_JPG_Normais\grao_DSC_0144_id53.png,RGB_JPG_Normais,RGB_JPG_Normais
C:\Users\eduar\Desktop\Soybe-main\data\com_fundo\RGB_JPG_Normais\grao_DSC_0144_id54.png,RGB_JPG_Normais,RGB_JPG_Normais
C:\Users\eduar\Desktop\Soybe-main\data\com_fundo\RGB_JPG_Normais\grao_DSC_0144_id55.png,RGB_JPG_Normais,RGB_JPG_Normais
C:\Users\eduar\Desktop\Soybe-main\data\com_fundo\RGB_JPG_Normais\grao_DSC_0144_id56.png,RGB_JPG_Normais,RGB_JPG_Normais
C:\Users\eduar\Desktop\Soybe-main\data\com_fundo\RGB_JPG_Normais\grao_DSC_0144_id57.png,RGB_JPG_Normais,RGB_JPG_Normais
C:\Users\eduar\Desktop\Soybe-main\data\com_fundo\RGB_JPG_Normais\grao_DSC_0144_id58.png,RGB_JPG_Normais,RGB_JPG_Normais
C:\Users\eduar\Desktop\Soybe-main\data\com_fundo\RGB_JPG_Normais\grao_DSC_0144_id59.png,RGB_JPG_Normais,RGB_JPG_INSETOS
C:\Users\eduar\Desktop\Soybe-main\data\com_fundo\RGB_JPG_Normais\grao_DSC_0144_id6.png,RGB_JPG_Normais,RGB_JPG_Normais
C:\Users\eduar\Desktop\Soybe-main\data\com_fundo\RGB_JPG_Normais\grao_DSC_0144_id60.png,RGB_JPG_Normais,RGB_JPG_Normais
C:\Users\eduar\Desktop\Soybe-main\data\com_fundo\RGB_JPG_Normais\grao_DSC_0144_id61.png,RGB_JPG_Normais,RGB_JPG_Normais
C:\Users\eduar\Desktop\Soybe-main\data\com_fundo\RGB_JPG_Normais\grao_DSC_0144_id62.png,RGB_JPG_Normais,RGB_JPG_Normais
C:\Users\eduar\Desktop\Soybe-main\data\com_fundo\RGB_JPG_Normais\grao_DSC_0144_id63.png,RGB_JPG_Normais,RGB_JPG_Normais
C:\Users\eduar\Desktop\Soybe-main\data\com_fundo\RGB_JPG_Normais\grao_DSC_0144_id64.png,RGB_JPG_Normais,RGB_JPG_Normais
C:\Users\eduar\Desktop\Soybe-main\data\com_fundo\RGB_JPG_Normais\grao_DSC_0144_id65.png,RGB_JPG_Normais,RGB_JPG_Normais
C:\Users\eduar\Desktop\Soybe-main\data\com_fundo\RGB_JPG_Normais\grao_DSC_0144_id66.png,RGB_JPG_Normais,RGB_JPG_Normais
C:\Users\eduar\Desktop\Soybe-main\data\com_fundo\RGB_JPG_Normais\grao_DSC_0144_id67.png,RGB_JPG_Normais,RGB_JPG_Normais
C:\Users\eduar\Desktop\Soybe-main\data\com_fundo\RGB_JPG_Normais\grao_DSC_0144_id68.png,RGB_JPG_Normais,RGB_JPG_Normais
C:\Users\eduar\Desktop\Soybe-main\data\com_fundo\RGB_JPG_Normais\grao_DSC_0144_id69.png,RGB_JPG_Normais,RGB_JPG_Normais
C:\Users\eduar\Desktop\Soybe-main\data\com_fundo\RGB_JPG_Normais\grao_DSC_0144_id7.png,RGB_JPG_Normais,RGB_JPG_Normais
C:\Users\eduar\Desktop\Soybe-main\data\com_fundo\RGB_JPG_Normais\grao_DSC_0144_id70.png,RGB_JPG_Normais,RGB_JPG_Normais
C:\Users\eduar\Desktop\Soybe-main\data\com_fundo\RGB_JPG_Normais\grao_DSC_0144_id71.png,RGB_JPG_Normais,RGB_JPG_Normais
C:\Users\eduar\Desktop\Soybe-main\data\com_fundo\RGB_JPG_Normais\grao_DSC_0144_id72.png,RGB_JPG_Normais,RGB_JPG_Normais
C:\Users\eduar\Desktop\Soybe-main\data\com_fundo\RGB_JPG_Normais\grao_DSC_0144_id73.png,RGB_JPG_Normais,RGB_JPG_Normais
C:\Users\eduar\Desktop\Soybe-main\data\com_fundo\RGB_JPG_Normais\grao_DSC_0144_id74.png,RGB_JPG_Normais,RGB_JPG_Normais
C:\Users\eduar\Desktop\Soybe-main\data\com_fundo\RGB_JPG_Normais\grao_DSC_0144_id75.png,RGB_JPG_Normais,RGB_JPG_Normais
C:\Users\eduar\Desktop\Soybe-main\data\com_fundo\RGB_JPG_Normais\grao_DSC_0144_id76.png,RGB_JPG_Normais,RGB_JPG_Normais
C:\Users\eduar\Desktop\Soybe-main\data\com_fundo\RGB_JPG_Normais\grao_DSC_0144_id77.png,RGB_JPG_Normais,RGB_JPG_Normais
C:\Users\eduar\Desktop\Soybe-main\data\com_fundo\RGB_JPG_Normais\grao_DSC_0144_id78.png,RGB_JPG_Normais,RGB_JPG_Normais
C:\Users\eduar\Desktop\Soybe-main\data\com_fundo\RGB_JPG_Normais\grao_DSC_0144_id79.png,RGB_JPG_Normais,RGB_JPG_INSETOS
C:\Users\eduar\Desktop\Soybe-main\data\com_fundo\RGB_JPG_Normais\grao_DSC_0144_id8.png,RGB_JPG_Normais,RGB_JPG_Normais
C:\Users\eduar\Desktop\Soybe-main\data\com_fundo\RGB_JPG_Normais\grao_DSC_0144_id80.png,RGB_JPG_Normais,RGB_JPG_Normais
C:\Users\eduar\Desktop\Soybe-main\data\com_fundo\RGB_JPG_Normais\grao_DSC_0144_id81.png,RGB_JPG_Normais,RGB_JPG_Normais
C:\Users\eduar\Desktop\Soybe-main\data\com_fundo\RGB_JPG_Normais\grao_DSC_0144_id82.png,RGB_JPG_Normais,RGB_JPG_Normais
C:\Users\eduar\Desktop\Soybe-main\data\com_fundo\RGB_JPG_Normais\grao_DSC_0144_id83.png,RGB_JPG_Normais,RGB_JPG_Normais
C:\Users\eduar\Desktop\Soybe-main\data\com_fundo\RGB_JPG_Normais\grao_DSC_0144_id84.png,RGB_JPG_Normais,RGB_JPG_Normais
C:\Users\eduar\Desktop\Soybe-main\data\com_fundo\RGB_JPG_Normais\grao_DSC_0144_id85.png,RGB_JPG_Normais,RGB_JPG_Normais
C:\Users\eduar\Desktop\Soybe-main\data\com_fundo\RGB_JPG_Normais\grao_DSC_0144_id87.png,RGB_JPG_Normais,RGB_JPG_PURPURAS
C:\Users\eduar\Desktop\Soybe-main\data\com_fundo\RGB_JPG_Normais\grao_DSC_0144_id88.png,RGB_JPG_Normais,RGB_JPG_Normais
C:\Users\eduar\Desktop\Soybe-main\data\com_fundo\RGB_JPG_Normais\grao_DSC_0144_id89.png,RGB_JPG_Normais,RGB_JPG_Normais
C:\Users\eduar\Desktop\Soybe-main\data\com_fundo\RGB_JPG_Normais\grao_DSC_0144_id9.png,RGB_JPG_Normais,RGB_JPG_Normais
C:\Users\eduar\Desktop\Soybe-main\data\com_fundo\RGB_JPG_Normais\grao_DSC_0144_id90.png,RGB_JPG_Normais,RGB_JPG_Normais
C:\Users\eduar\Desktop\Soybe-main\data\com_fundo\RGB_JPG_Normais\grao_DSC_0144_id91.png,RGB_JPG_Normais,RGB_JPG_Normais
C:\Users\eduar\Desktop\Soybe-main\data\com_fundo\RGB_JPG_Normais\grao_DSC_0144_id92.png,RGB_JPG_Normais,RGB_JPG_Normais
C:\Users\eduar\Desktop\Soybe-main\data\com_fundo\RGB_JPG_Normais\grao_DSC_0144_id93.png,RGB_JPG_Normais,RGB_JPG_Normais
C:\Users\eduar\Desktop\Soybe-main\data\com_fundo\RGB_JPG_Normais\grao_DSC_0144_id94.png,RGB_JPG_Normais,RGB_JPG_Normais
C:\Users\eduar\Desktop\Soybe-main\data\com_fundo\RGB_JPG_Normais\grao_DSC_0144_id95.png,RGB_JPG_Normais,RGB_JPG_Normais
C:\Users\eduar\Desktop\Soybe-main\data\com_fundo\RGB_JPG_Normais\grao_DSC_0144_id96.png,RGB_JPG_Normais,RGB_JPG_Normais
C:\Users\eduar\Desktop\Soybe-main\data\com_fundo\RGB_JPG_Normais\grao_DSC_0144_id97.png,RGB_JPG_Normais,RGB_JPG_Normais
C:\Users\eduar\Desktop\Soybe-main\data\com_fundo\RGB_JPG_Normais\grao_DSC_0144_id98.png,RGB_JPG_Normais,RGB_JPG_Normais
C:\Users\eduar\Desktop\Soybe-main\data\com_fundo\RGB_JPG_Normais\grao_DSC_0144_id99.png,RGB_JPG_Normais,RGB_JPG_Normais
C:\Users\eduar\Desktop\Soybe-main\data\com_fundo\RGB_JPG_Normais\grao_DSC_0154_id1.png,RGB_JPG_Normais,RGB_JPG_Normais
C:\Users\eduar\Desktop\Soybe-main\data\com_fundo\RGB_JPG_Normais\grao_DSC_0154_id10.png,RGB_JPG_Normais,RGB_JPG_PURPURAS
C:\Users\eduar\Desktop\Soybe-main\data\com_fundo\RGB_JPG_Normais\grao_DSC_0154_id100.png,RGB_JPG_Normais,RGB_JPG_Normais
C:\Users\eduar\Desktop\Soybe-main\data\com_fundo\RGB_JPG_Normais\grao_DSC_0154_id101.png,RGB_JPG_Normais,RGB_JPG_Normais
C:\Users\eduar\Desktop\Soybe-main\data\com_fundo\RGB_JPG_Normais\grao_DSC_0154_id102.png,RGB_JPG_Normais,RGB_JPG_Normais
C:\Users\eduar\Desktop\Soybe-main\data\com_fundo\RGB_JPG_Normais\grao_DSC_0154_id103.png,RGB_JPG_Normais,RGB_JPG_Normais
C:\Users\eduar\Desktop\Soybe-main\data\com_fundo\RGB_JPG_Normais\grao_DSC_0154_id104.png,RGB_JPG_Normais,RGB_JPG_Normais
C:\Users\eduar\Desktop\Soybe-main\data\com_fundo\RGB_JPG_Normais\grao_DSC_0154_id105.png,RGB_JPG_Normais,RGB_JPG_Normais
C:\Users\eduar\Desktop\Soybe-main\data\com_fundo\RGB_JPG_Normais\grao_DSC_0154_id106.png,RGB_JPG_Normais,RGB_JPG_Normais
C:\Users\eduar\Desktop\Soybe-main\data\com_fundo\RGB_JPG_Normais\grao_DSC_0154_id107.png,RGB_JPG_Normais,RGB_JPG_Normais
C:\Users\eduar\Desktop\Soybe-main\data\com_fundo\RGB_JPG_Normais\grao_DSC_0154_id108.png,RGB_JPG_Normais,RGB_JPG_Normais
C:\Users\eduar\Desktop\Soybe-main\data\com_fundo\RGB_JPG_Normais\grao_DSC_0154_id109.png,RGB_JPG_Normais,RGB_JPG_Normais
C:\Users\eduar\Desktop\Soybe-main\data\com_fundo\RGB_JPG_Normais\grao_DSC_0154_id11.png,RGB_JPG_Normais,RGB_JPG_Normais
C:\Users\eduar\Desktop\Soybe-main\data\com_fundo\RGB_JPG_Normais\grao_DSC_0154_id110.png,RGB_JPG_Normais,RGB_JPG_Normais
C:\Users\eduar\Desktop\Soybe-main\data\com_fundo\RGB_JPG_Normais\grao_DSC_0154_id111.png,RGB_JPG_Normais,RGB_JPG_Normais
C:\Users\eduar\Desktop\Soybe-main\data\com_fundo\RGB_JPG_Normais\grao_DSC_0154_id112.png,RGB_JPG_Normais,RGB_JPG_Normais
C:\Users\eduar\Desktop\Soybe-main\data\com_fundo\RGB_JPG_Normais\grao_DSC_0154_id113.png,RGB_JPG_Normais,RGB_JPG_Normais
C:\Users\eduar\Desktop\Soybe-main\data\com_fundo\RGB_JPG_Normais\grao_DSC_0154_id114.png,RGB_JPG_Normais,RGB_JPG_Normais
C:\Users\eduar\Desktop\Soybe-main\data\com_fundo\RGB_JPG_Normais\grao_DSC_0154_id115.png,RGB_JPG_Normais,RGB_JPG_Normais
C:\Users\eduar\Desktop\Soybe-main\data\com_fundo\RGB_JPG_Normais\grao_DSC_0154_id116.png,RGB_JPG_Normais,RGB_JPG_Normais
C:\Users\eduar\Desktop\Soybe-main\data\com_fundo\RGB_JPG_Normais\grao_DSC_0154_id12.png,RGB_JPG_Normais,RGB_JPG_Normais
C:\Users\eduar\Desktop\Soybe-main\data\com_fundo\RGB_JPG_Normais\grao_DSC_0154_id13.png,RGB_JPG_Normais,RGB_JPG_Normais
C:\Users\eduar\Desktop\Soybe-main\data\com_fundo\RGB_JPG_Normais\grao_DSC_0154_id14.png,RGB_JPG_Normais,RGB_JPG_Normais
C:\Users\eduar\Desktop\Soybe-main\data\com_fundo\RGB_JPG_Normais\grao_DSC_0154_id15.png,RGB_JPG_Normais,RGB_JPG_Normais
C:\Users\eduar\Desktop\Soybe-main\data\com_fundo\RGB_JPG_Normais\grao_DSC_0154_id16.png,RGB_JPG_Normais,RGB_JPG_Normais
C:\Users\eduar\Desktop\Soybe-main\data\com_fundo\RGB_JPG_Normais\grao_DSC_0154_id17.png,RGB_JPG_Normais,RGB_JPG_Normais
C:\Users\eduar\Desktop\Soybe-main\data\com_fundo\RGB_JPG_Normais\grao_DSC_0154_id18.png,RGB_JPG_Normais,RGB_JPG_Normais
C:\Users\eduar\Desktop\Soybe-main\data\com_fundo\RGB_JPG_Normais\grao_DSC_0154_id19.png,RGB_JPG_Normais,RGB_JPG_Normais
C:\Users\eduar\Desktop\Soybe-main\data\com_fundo\RGB_JPG_Normais\grao_DSC_0154_id2.png,RGB_JPG_Normais,RGB_JPG_Normais
C:\Users\eduar\Desktop\Soybe-main\data\com_fundo\RGB_JPG_Normais\grao_DSC_0154_id20.png,RGB_JPG_Normais,RGB_JPG_Normais
C:\Users\eduar\Desktop\Soybe-main\data\com_fundo\RGB_JPG_Normais\grao_DSC_0154_id21.png,RGB_JPG_Normais,RGB_JPG_Normais
C:\Users\eduar\Desktop\Soybe-main\data\com_fundo\RGB_JPG_Normais\grao_DSC_0154_id22.png,RGB_JPG_Normais,RGB_JPG_Normais
C:\Users\eduar\Desktop\Soybe-main\data\com_fundo\RGB_JPG_Normais\grao_DSC_0154_id23.png,RGB_JPG_Normais,RGB_JPG_Normais
C:\Users\eduar\Desktop\Soybe-main\data\com_fundo\RGB_JPG_Normais\grao_DSC_0154_id24.png,RGB_JPG_Normais,RGB_JPG_Normais
C:\Users\eduar\Desktop\Soybe-main\data\com_fundo\RGB_JPG_Normais\grao_DSC_0154_id25.png,RGB_JPG_Normais,RGB_JPG_Normais
C:\Users\eduar\Desktop\Soybe-main\data\com_fundo\RGB_JPG_Normais\grao_DSC_0154_id26.png,RGB_JPG_Normais,RGB_JPG_Normais
C:\Users\eduar\Desktop\Soybe-main\data\com_fundo\RGB_JPG_Normais\grao_DSC_0154_id27.png,RGB_JPG_Normais,RGB_JPG_Normais
C:\Users\eduar\Desktop\Soybe-main\data\com_fundo\RGB_JPG_Normais\grao_DSC_0154_id28.png,RGB_JPG_Normais,RGB_JPG_Normais
C:\Users\eduar\Desktop\Soybe-main\data\com_fundo\RGB_JPG_Normais\grao_DSC_0154_id29.png,RGB_JPG_Normais,RGB_JPG_Normais
C:\Users\eduar\Desktop\Soybe-main\data\com_fundo\RGB_JPG_Normais\grao_DSC_0154_id3.png,RGB_JPG_Normais,RGB_JPG_Normais
C:\Users\eduar\Desktop\Soybe-main\data\com_fundo\RGB_JPG_Normais\grao_DSC_0154_id30.png,RGB_JPG_Normais,RGB_JPG_Normais
C:\Users\eduar\Desktop\Soybe-main\data\com_fundo\RGB_JPG_Normais\grao_DSC_0154_id31.png,RGB_JPG_Normais,RGB_JPG_Normais
C:\Users\eduar\Desktop\Soybe-main\data\com_fundo\RGB_JPG_Normais\grao_DSC_0154_id32.png,RGB_JPG_Normais,RGB_JPG_Normais
C:\Users\eduar\Desktop\Soybe-main\data\com_fundo\RGB_JPG_Normais\grao_DSC_0154_id33.png,RGB_JPG_Normais,RGB_JPG_Normais
C:\Users\eduar\Desktop\Soybe-main\data\com_fundo\RGB_JPG_Normais\grao_DSC_0154_id34.png,RGB_JPG_Normais,RGB_JPG_Normais
C:\Users\eduar\Desktop\Soybe-main\data\com_fundo\RGB_JPG_Normais\grao_DSC_0154_id35.png,RGB_JPG_Normais,RGB_JPG_Normais
C:\Users\eduar\Desktop\Soybe-main\data\com_fundo\RGB_JPG_Normais\grao_DSC_0154_id36.png,RGB_JPG_Normais,RGB_JPG_Normais
C:\Users\eduar\Desktop\Soybe-main\data\com_fundo\RGB_JPG_Normais\grao_DSC_0154_id37.png,RGB_JPG_Normais,RGB_JPG_Normais
C:\Users\eduar\Desktop\Soybe-main\data\com_fundo\RGB_JPG_Normais\grao_DSC_0154_id38.png,RGB_JPG_Normais,RGB_JPG_Normais
C:\Users\eduar\Desktop\Soybe-main\data\com_fundo\RGB_JPG_Normais\grao_DSC_0154_id39.png,RGB_JPG_Normais,RGB_JPG_Normais
C:\Users\eduar\Desktop\Soybe-main\data\com_fundo\RGB_JPG_Normais\grao_DSC_0154_id4.png,RGB_JPG_Normais,RGB_JPG_Normais
C:\Users\eduar\Desktop\Soybe-main\data\com_fundo\RGB_JPG_Normais\grao_DSC_0154_id40.png,RGB_JPG_Normais,RGB_JPG_Normais
C:\Users\eduar\Desktop\Soybe-main\data\com_fundo\RGB_JPG_Normais\grao_DSC_0154_id41.png,RGB_JPG_Normais,RGB_JPG_Normais
C:\Users\eduar\Desktop\Soybe-main\data\com_fundo\RGB_JPG_Normais\grao_DSC_0154_id42.png,RGB_JPG_Normais,RGB_JPG_Normais
C:\Users\eduar\Desktop\Soybe-main\data\com_fundo\RGB_JPG_Normais\grao_DSC_0154_id43.png,RGB_JPG_Normais,RGB_JPG_Normais
C:\Users\eduar\Desktop\Soybe-main\data\com_fundo\RGB_JPG_Normais\grao_DSC_0154_id44.png,RGB_JPG_Normais,RGB_JPG_Normais
C:\Users\eduar\Desktop\Soybe-main\data\com_fundo\RGB_JPG_Normais\grao_DSC_0154_id45.png,RGB_JPG_Normais,RGB_JPG_Normais
C:\Users\eduar\Desktop\Soybe-main\data\com_fundo\RGB_JPG_Normais\grao_DSC_0154_id46.png,RGB_JPG_Normais,RGB_JPG_Normais
C:\Users\eduar\Desktop\Soybe-main\data\com_fundo\RGB_JPG_Normais\grao_DSC_0154_id47.png,RGB_JPG_Normais,RGB_JPG_Normais
C:\Users\eduar\Desktop\Soybe-main\data\com_fundo\RGB_JPG_Normais\grao_DSC_0154_id48.png,RGB_JPG_Normais,RGB_JPG_Normais
C:\Users\eduar\Desktop\Soybe-main\data\com_fundo\RGB_JPG_Normais\grao_DSC_0154_id49.png,RGB_JPG_Normais,RGB_JPG_Normais
C:\Users\eduar\Desktop\Soybe-main\data\com_fundo\RGB_JPG_Normais\grao_DSC_0154_id5.png,RGB_JPG_Normais,RGB_JPG_Normais
C:\Users\eduar\Desktop\Soybe-main\data\com_fundo\RGB_JPG_Normais\grao_DSC_0154_id50.png,RGB_JPG_Normais,RGB_JPG_Normais
C:\Users\eduar\Desktop\Soybe-main\data\com_fundo\RGB_JPG_Normais\grao_DSC_0154_id51.png,RGB_JPG_Normais,RGB_JPG_Normais
C:\Users\eduar\Desktop\Soybe-main\data\com_fundo\RGB_JPG_Normais\grao_DSC_0154_id52.png,RGB_JPG_Normais,RGB_JPG_Normais
C:\Users\eduar\Desktop\Soybe-main\data\com_fundo\RGB_JPG_Normais\grao_DSC_0154_id53.png,RGB_JPG_Normais,RGB_JPG_Normais
C:\Users\eduar\Desktop\Soybe-main\data\com_fundo\RGB_JPG_Normais\grao_DSC_0154_id54.png,RGB_JPG_Normais,RGB_JPG_Normais
C:\Users\eduar\Desktop\Soybe-main\data\com_fundo\RGB_JPG_Normais\grao_DSC_0154_id55.png,RGB_JPG_Normais,RGB_JPG_Normais
C:\Users\eduar\Desktop\Soybe-main\data\com_fundo\RGB_JPG_Normais\grao_DSC_0154_id56.png,RGB_JPG_Normais,RGB_JPG_Normais
C:\Users\eduar\Desktop\Soybe-main\data\com_fundo\RGB_JPG_Normais\grao_DSC_0154_id57.png,RGB_JPG_Normais,RGB_JPG_Normais
C:\Users\eduar\Desktop\Soybe-main\data\com_fundo\RGB_JPG_Normais\grao_DSC_0154_id58.png,RGB_JPG_Normais,RGB_JPG_Normais
C:\Users\eduar\Desktop\Soybe-main\data\com_fundo\RGB_JPG_Normais\grao_DSC_0154_id59.png,RGB_JPG_Normais,RGB_JPG_Normais
C:\Users\eduar\Desktop\Soybe-main\data\com_fundo\RGB_JPG_Normais\grao_DSC_0154_id6.png,RGB_JPG_Normais,RGB_JPG_Normais
C:\Users\eduar\Desktop\Soybe-main\data\com_fundo\RGB_JPG_Normais\grao_DSC_0154_id60.png,RGB_JPG_Normais,RGB_JPG_Normais
C:\Users\eduar\Desktop\Soybe-main\data\com_fundo\RGB_JPG_Normais\grao_DSC_0154_id61.png,RGB_JPG_Normais,RGB_JPG_Normais
C:\Users\eduar\Desktop\Soybe-main\data\com_fundo\RGB_JPG_Normais\grao_DSC_0154_id62.png,RGB_JPG_Normais,RGB_JPG_Normais
C:\Users\eduar\Desktop\Soybe-main\data\com_fundo\RGB_JPG_Normais\grao_DSC_0154_id63.png,RGB_JPG_Normais,RGB_JPG_Normais
C:\Users\eduar\Desktop\Soybe-main\data\com_fundo\RGB_JPG_Normais\grao_DSC_0154_id64.png,RGB_JPG_Normais,RGB_JPG_Normais
C:\Users\eduar\Desktop\Soybe-main\data\com_fundo\RGB_JPG_Normais\grao_DSC_0154_id65.png,RGB_JPG_Normais,RGB_JPG_Normais
C:\Users\eduar\Desktop\Soybe-main\data\com_fundo\RGB_JPG_Normais\grao_DSC_0154_id66.png,RGB_JPG_Normais,RGB_JPG_Normais
C:\Users\eduar\Desktop\Soybe-main\data\com_fundo\RGB_JPG_Normais\grao_DSC_0154_id67.png,RGB_JPG_Normais,RGB_JPG_Normais
C:\Users\eduar\Desktop\Soybe-main\data\com_fundo\RGB_JPG_Normais\grao_DSC_0154_id68.png,RGB_JPG_Normais,RGB_JPG_Normais
C:\Users\eduar\Desktop\Soybe-main\data\com_fundo\RGB_JPG_Normais\grao_DSC_0154_id69.png,RGB_JPG_Normais,RGB_JPG_Normais
C:\Users\eduar\Desktop\Soybe-main\data\com_fundo\RGB_JPG_Normais\grao_DSC_0154_id7.png,RGB_JPG_Normais,RGB_JPG_Normais
C:\Users\eduar\Desktop\Soybe-main\data\com_fundo\RGB_JPG_Normais\grao_DSC_0154_id70.png,RGB_JPG_Normais,RGB_JPG_Normais
C:\Users\eduar\Desktop\Soybe-main\data\com_fundo\RGB_JPG_Normais\grao_DSC_0154_id71.png,RGB_JPG_Normais,RGB_JPG_Normais
C:\Users\eduar\Desktop\Soybe-main\data\com_fundo\RGB_JPG_Normais\grao_DSC_0154_id72.png,RGB_JPG_Normais,RGB_JPG_Normais
C:\Users\eduar\Desktop\Soybe-main\data\com_fundo\RGB_JPG_Normais\grao_DSC_0154_id73.png,RGB_JPG_Normais,RGB_JPG_Normais
C:\Users\eduar\Desktop\Soybe-main\data\com_fundo\RGB_JPG_Normais\grao_DSC_0154_id74.png,RGB_JPG_Normais,RGB_JPG_Normais
C:\Users\eduar\Desktop\Soybe-main\data\com_fundo\RGB_JPG_Normais\grao_DSC_0154_id75.png,RGB_JPG_Normais,RGB_JPG_Normais
C:\Users\eduar\Desktop\Soybe-main\data\com_fundo\RGB_JPG_Normais\grao_DSC_0154_id76.png,RGB_JPG_Normais,RGB_JPG_Normais
C:\Users\eduar\Desktop\Soybe-main\data\com_fundo\RGB_JPG_Normais\grao_DSC_0154_id77.png,RGB_JPG_Normais,RGB_JPG_Normais
C:\Users\eduar\Desktop\Soybe-main\data\com_fundo\RGB_JPG_Normais\grao_DSC_0154_id78.png,RGB_JPG_Normais,RGB_JPG_Normais
C:\Users\eduar\Desktop\Soybe-main\data\com_fundo\RGB_JPG_Normais\grao_DSC_0154_id79.png,RGB_JPG_Normais,RGB_JPG_Normais
C:\Users\eduar\Desktop\Soybe-main\data\com_fundo\RGB_JPG_Normais\grao_DSC_0154_id8.png,RGB_JPG_Normais,RGB_JPG_Normais
C:\Users\eduar\Desktop\Soybe-main\data\com_fundo\RGB_JPG_Normais\grao_DSC_0154_id80.png,RGB_JPG_Normais,RGB_JPG_Normais
C:\Users\eduar\Desktop\Soybe-main\data\com_fundo\RGB_JPG_Normais\grao_DSC_0154_id81.png,RGB_JPG_Normais,RGB_JPG_Normais
C:\Users\eduar\Desktop\Soybe-main\data\com_fundo\RGB_JPG_Normais\grao_DSC_0154_id82.png,RGB_JPG_Normais,RGB_JPG_Normais
C:\Users\eduar\Desktop\Soybe-main\data\com_fundo\RGB_JPG_Normais\grao_DSC_0154_id83.png,RGB_JPG_Normais,RGB_JPG_Normais
C:\Users\eduar\Desktop\Soybe-main\data\com_fundo\RGB_JPG_Normais\grao_DSC_0154_id84.png,RGB_JPG_Normais,RGB_JPG_Normais
C:\Users\eduar\Desktop\Soybe-main\data\com_fundo\RGB_JPG_Normais\grao_DSC_0154_id85.png,RGB_JPG_Normais,RGB_JPG_PURPURAS
C:\Users\eduar\Desktop\Soybe-main\data\com_fundo\RGB_JPG_Normais\grao_DSC_0154_id86.png,RGB_JPG_Normais,RGB_JPG_Normais
C:\Users\eduar\Desktop\Soybe-main\data\com_fundo\RGB_JPG_Normais\grao_DSC_0154_id87.png,RGB_JPG_Normais,RGB_JPG_Normais
C:\Users\eduar\Desktop\Soybe-main\data\com_fundo\RGB_JPG_Normais\grao_DSC_0154_id88.png,RGB_JPG_Normais,RGB_JPG_Normais
C:\Users\eduar\Desktop\Soybe-main\data\com_fundo\RGB_JPG_Normais\grao_DSC_0154_id89.png,RGB_JPG_Normais,RGB_JPG_Normais
C:\Users\eduar\Desktop\Soybe-main\data\com_fundo\RGB_JPG_Normais\grao_DSC_0154_id9.png,RGB_JPG_Normais,RGB_JPG_Normais
C:\Users\eduar\Desktop\Soybe-main\data\com_fundo\RGB_JPG_Normais\grao_DSC_0154_id90.png,RGB_JPG_Normais,RGB_JPG_Normais
C:\Users\eduar\Desktop\Soybe-main\data\com_fundo\RGB_JPG_Normais\grao_DSC_0154_id91.png,RGB_JPG_Normais,RGB_JPG_Normais
C:\Users\eduar\Desktop\Soybe-main\data\com_fundo\RGB_JPG_Normais\grao_DSC_0154_id92.png,RGB_JPG_Normais,RGB_JPG_Normais
C:\Users\eduar\Desktop\Soybe-main\data\com_fundo\RGB_JPG_Normais\grao_DSC_0154_id93.png,RGB_JPG_Normais,RGB_JPG_Normais
C:\Users\eduar\Desktop\Soybe-main\data\com_fundo\RGB_JPG_Normais\grao_DSC_0154_id94.png,RGB_JPG_Normais,RGB_JPG_Normais
C:\Users\eduar\Desktop\Soybe-main\data\com_fundo\RGB_JPG_Normais\grao_DSC_0154_id95.png,RGB_JPG_Normais,RGB_JPG_Normais
C:\Users\eduar\Desktop\Soybe-main\data\com_fundo\RGB_JPG_Normais\grao_DSC_0154_id96.png,RGB_JPG_Normais,RGB_JPG_Normais
C:\Users\eduar\Desktop\Soybe-main\data\com_fundo\RGB_JPG_Normais\grao_DSC_0154_id97.png,RGB_JPG_Normais,RGB_JPG_Normais
C:\Users\eduar\Desktop\Soybe-main\data\com_fundo\RGB_JPG_Normais\grao_DSC_0154_id98.png,RGB_JPG_Normais,RGB_JPG_Normais
C:\Users\eduar\Desktop\Soybe-main\data\com_fundo\RGB_JPG_Normais\grao_DSC_0154_id99.png,RGB_JPG_Normais,RGB_JPG_Normais
C:\Users\eduar\Desktop\Soybe-main\data\com_fundo\RGB_JPG_Normais\grao_DSC_0157_id1.png,RGB_JPG_Normais,RGB_JPG_Normais
C:\Users\eduar\Desktop\Soybe-main\data\com_fundo\RGB_JPG_Normais\grao_DSC_0157_id10.png,RGB_JPG_Normais,RGB_JPG_Normais
C:\Users\eduar\Desktop\Soybe-main\data\com_fundo\RGB_JPG_Normais\grao_DSC_0157_id100.png,RGB_JPG_Normais,RGB_JPG_Normais
C:\Users\eduar\Desktop\Soybe-main\data\com_fundo\RGB_JPG_Normais\grao_DSC_0157_id101.png,RGB_JPG_Normais,RGB_JPG_Normais
C:\Users\eduar\Desktop\Soybe-main\data\com_fundo\RGB_JPG_Normais\grao_DSC_0157_id102.png,RGB_JPG_Normais,RGB_JPG_Normais
C:\Users\eduar\Desktop\Soybe-main\data\com_fundo\RGB_JPG_Normais\grao_DSC_0157_id103.png,RGB_JPG_Normais,RGB_JPG_Normais
C:\Users\eduar\Desktop\Soybe-main\data\com_fundo\RGB_JPG_Normais\grao_DSC_0157_id104.png,RGB_JPG_Normais,RGB_JPG_Normais
C:\Users\eduar\Desktop\Soybe-main\data\com_fundo\RGB_JPG_Normais\grao_DSC_0157_id105.png,RGB_JPG_Normais,RGB_JPG_Normais
C:\Users\eduar\Desktop\Soybe-main\data\com_fundo\RGB_JPG_Normais\grao_DSC_0157_id106.png,RGB_JPG_Normais,RGB_JPG_Normais
C:\Users\eduar\Desktop\Soybe-main\data\com_fundo\RGB_JPG_Normais\grao_DSC_0157_id107.png,RGB_JPG_Normais,RGB_JPG_Normais
C:\Users\eduar\Desktop\Soybe-main\data\com_fundo\RGB_JPG_Normais\grao_DSC_0157_id108.png,RGB_JPG_Normais,RGB_JPG_Normais
C:\Users\eduar\Desktop\Soybe-main\data\com_fundo\RGB_JPG_Normais\grao_DSC_0157_id109.png,RGB_JPG_Normais,RGB_JPG_Normais
C:\Users\eduar\Desktop\Soybe-main\data\com_fundo\RGB_JPG_Normais\grao_DSC_0157_id11.png,RGB_JPG_Normais,RGB_JPG_Normais
C:\Users\eduar\Desktop\Soybe-main\data\com_fundo\RGB_JPG_Normais\grao_DSC_0157_id110.png,RGB_JPG_Normais,RGB_JPG_Normais
C:\Users\eduar\Desktop\Soybe-main\data\com_fundo\RGB_JPG_Normais\grao_DSC_0157_id111.png,RGB_JPG_Normais,RGB_JPG_Normais
C:\Users\eduar\Desktop\Soybe-main\data\com_fundo\RGB_JPG_Normais\grao_DSC_0157_id112.png,RGB_JPG_Normais,RGB_JPG_Normais
C:\Users\eduar\Desktop\Soybe-main\data\com_fundo\RGB_JPG_Normais\grao_DSC_0157_id113.png,RGB_JPG_Normais,RGB_JPG_Normais
C:\Users\eduar\Desktop\Soybe-main\data\com_fundo\RGB_JPG_Normais\grao_DSC_0157_id12.png,RGB_JPG_Normais,RGB_JPG_Normais
C:\Users\eduar\Desktop\Soybe-main\data\com_fundo\RGB_JPG_Normais\grao_DSC_0157_id13.png,RGB_JPG_Normais,RGB_JPG_Normais
C:\Users\eduar\Desktop\Soybe-main\data\com_fundo\RGB_JPG_Normais\grao_DSC_0157_id14.png,RGB_JPG_Normais,RGB_JPG_Normais
C:\Users\eduar\Desktop\Soybe-main\data\com_fundo\RGB_JPG_Normais\grao_DSC_0157_id15.png,RGB_JPG_Normais,RGB_JPG_Normais
C:\Users\eduar\Desktop\Soybe-main\data\com_fundo\RGB_JPG_Normais\grao_DSC_0157_id16.png,RGB_JPG_Normais,RGB_JPG_Normais
C:\Users\eduar\Desktop\Soybe-main\data\com_fundo\RGB_JPG_Normais\grao_DSC_0157_id17.png,RGB_JPG_Normais,RGB_JPG_Normais
C:\Users\eduar\Desktop\Soybe-main\data\com_fundo\RGB_JPG_Normais\grao_DSC_0157_id18.png,RGB_JPG_Normais,RGB_JPG_Normais
C:\Users\eduar\Desktop\Soybe-main\data\com_fundo\RGB_JPG_Normais\grao_DSC_0157_id19.png,RGB_JPG_Normais,RGB_JPG_Normais
C:\Users\eduar\Desktop\Soybe-main\data\com_fundo\RGB_JPG_Normais\grao_DSC_0157_id2.png,RGB_JPG_Normais,RGB_JPG_Normais
C:\Users\eduar\Desktop\Soybe-main\data\com_fundo\RGB_JPG_Normais\grao_DSC_0157_id20.png,RGB_JPG_Normais,RGB_JPG_Normais
C:\Users\eduar\Desktop\Soybe-main\data\com_fundo\RGB_JPG_Normais\grao_DSC_0157_id21.png,RGB_JPG_Normais,RGB_JPG_Normais
C:\Users\eduar\Desktop\Soybe-main\data\com_fundo\RGB_JPG_Normais\grao_DSC_0157_id22.png,RGB_JPG_Normais,RGB_JPG_Normais
C:\Users\eduar\Desktop\Soybe-main\data\com_fundo\RGB_JPG_Normais\grao_DSC_0157_id23.png,RGB_JPG_Normais,RGB_JPG_Normais
C:\Users\eduar\Desktop\Soybe-main\data\com_fundo\RGB_JPG_Normais\grao_DSC_0157_id24.png,RGB_JPG_Normais,RGB_JPG_Normais
C:\Users\eduar\Desktop\Soybe-main\data\com_fundo\RGB_JPG_Normais\grao_DSC_0157_id25.png,RGB_JPG_Normais,RGB_JPG_Normais
C:\Users\eduar\Desktop\Soybe-main\data\com_fundo\RGB_JPG_Normais\grao_DSC_0157_id26.png,RGB_JPG_Normais,RGB_JPG_Normais
C:\Users\eduar\Desktop\Soybe-main\data\com_fundo\RGB_JPG_Normais\grao_DSC_0157_id27.png,RGB_JPG_Normais,RGB_JPG_PURPURAS
C:\Users\eduar\Desktop\Soybe-main\data\com_fundo\RGB_JPG_Normais\grao_DSC_0157_id28.png,RGB_JPG_Normais,RGB_JPG_INSETOS
C:\Users\eduar\Desktop\Soybe-main\data\com_fundo\RGB_JPG_Normais\grao_DSC_0157_id29.png,RGB_JPG_Normais,RGB_JPG_Normais
C:\Users\eduar\Desktop\Soybe-main\data\com_fundo\RGB_JPG_Normais\grao_DSC_0157_id3.png,RGB_JPG_Normais,RGB_JPG_Normais
C:\Users\eduar\Desktop\Soybe-main\data\com_fundo\RGB_JPG_Normais\grao_DSC_0157_id30.png,RGB_JPG_Normais,RGB_JPG_Normais
C:\Users\eduar\Desktop\Soybe-main\data\com_fundo\RGB_JPG_Normais\grao_DSC_0157_id31.png,RGB_JPG_Normais,RGB_JPG_Normais
C:\Users\eduar\Desktop\Soybe-main\data\com_fundo\RGB_JPG_Normais\grao_DSC_0157_id32.png,RGB_JPG_Normais,RGB_JPG_PURPURAS
C:\Users\eduar\Desktop\Soybe-main\data\com_fundo\RGB_JPG_Normais\grao_DSC_0157_id33.png,RGB_JPG_Normais,RGB_JPG_Normais
C:\Users\eduar\Desktop\Soybe-main\data\com_fundo\RGB_JPG_Normais\grao_DSC_0157_id34.png,RGB_JPG_Normais,RGB_JPG_Normais
C:\Users\eduar\Desktop\Soybe-main\data\com_fundo\RGB_JPG_Normais\grao_DSC_0157_id35.png,RGB_JPG_Normais,RGB_JPG_Normais
C:\Users\eduar\Desktop\Soybe-main\data\com_fundo\RGB_JPG_Normais\grao_DSC_0157_id36.png,RGB_JPG_Normais,RGB_JPG_Normais
C:\Users\eduar\Desktop\Soybe-main\data\com_fundo\RGB_JPG_Normais\grao_DSC_0157_id37.png,RGB_JPG_Normais,RGB_JPG_Normais
C:\Users\eduar\Desktop\Soybe-main\data\com_fundo\RGB_JPG_Normais\grao_DSC_0157_id38.png,RGB_JPG_Normais,RGB_JPG_Normais
C:\Users\eduar\Desktop\Soybe-main\data\com_fundo\RGB_JPG_Normais\grao_DSC_0157_id4.png,RGB_JPG_Normais,RGB_JPG_Normais
C:\Users\eduar\Desktop\Soybe-main\data\com_fundo\RGB_JPG_Normais\grao_DSC_0157_id40.png,RGB_JPG_Normais,RGB_JPG_Normais
C:\Users\eduar\Desktop\Soybe-main\data\com_fundo\RGB_JPG_Normais\grao_DSC_0157_id41.png,RGB_JPG_Normais,RGB_JPG_Normais
C:\Users\eduar\Desktop\Soybe-main\data\com_fundo\RGB_JPG_Normais\grao_DSC_0157_id42.png,RGB_JPG_Normais,RGB_JPG_Normais
C:\Users\eduar\Desktop\Soybe-main\data\com_fundo\RGB_JPG_Normais\grao_DSC_0157_id43.png,RGB_JPG_Normais,RGB_JPG_Normais
C:\Users\eduar\Desktop\Soybe-main\data\com_fundo\RGB_JPG_Normais\grao_DSC_0157_id44.png,RGB_JPG_Normais,RGB_JPG_Normais
C:\Users\eduar\Desktop\Soybe-main\data\com_fundo\RGB_JPG_Normais\grao_DSC_0157_id45.png,RGB_JPG_Normais,RGB_JPG_Normais
C:\Users\eduar\Desktop\Soybe-main\data\com_fundo\RGB_JPG_Normais\grao_DSC_0157_id46.png,RGB_JPG_Normais,RGB_JPG_Normais
C:\Users\eduar\Desktop\Soybe-main\data\com_fundo\RGB_JPG_Normais\grao_DSC_0157_id47.png,RGB_JPG_Normais,RGB_JPG_Normais
C:\Users\eduar\Desktop\Soybe-main\data\com_fundo\RGB_JPG_Normais\grao_DSC_0157_id48.png,RGB_JPG_Normais,RGB_JPG_Normais
C:\Users\eduar\Desktop\Soybe-main\data\com_fundo\RGB_JPG_Normais\grao_DSC_0157_id49.png,RGB_JPG_Normais,RGB_JPG_Normais
C:\Users\eduar\Desktop\Soybe-main\data\com_fundo\RGB_JPG_Normais\grao_DSC_0157_id5.png,RGB_JPG_Normais,RGB_JPG_Normais
C:\Users\eduar\Desktop\Soybe-main\data\com_fundo\RGB_JPG_Normais\grao_DSC_0157_id50.png,RGB_JPG_Normais,RGB_JPG_Normais
C:\Users\eduar\Desktop\Soybe-main\data\com_fundo\RGB_JPG_Normais\grao_DSC_0157_id51.png,RGB_JPG_Normais,RGB_JPG_Normais
C:\Users\eduar\Desktop\Soybe-main\data\com_fundo\RGB_JPG_Normais\grao_DSC_0157_id52.png,RGB_JPG_Normais,RGB_JPG_Normais
C:\Users\eduar\Desktop\Soybe-main\data\com_fundo\RGB_JPG_Normais\grao_DSC_0157_id53.png,RGB_JPG_Normais,RGB_JPG_PURPURAS
C:\Users\eduar\Desktop\Soybe-main\data\com_fundo\RGB_JPG_Normais\grao_DSC_0157_id54.png,RGB_JPG_Normais,RGB_JPG_Normais
C:\Users\eduar\Desktop\Soybe-main\data\com_fundo\RGB_JPG_Normais\grao_DSC_0157_id55.png,RGB_JPG_Normais,RGB_JPG_Normais
C:\Users\eduar\Desktop\Soybe-main\data\com_fundo\RGB_JPG_Normais\grao_DSC_0157_id56.png,RGB_JPG_Normais,RGB_JPG_PURPURAS
C:\Users\eduar\Desktop\Soybe-main\data\com_fundo\RGB_JPG_Normais\grao_DSC_0157_id57.png,RGB_JPG_Normais,RGB_JPG_Normais
C:\Users\eduar\Desktop\Soybe-main\data\com_fundo\RGB_JPG_Normais\grao_DSC_0157_id58.png,RGB_JPG_Normais,RGB_JPG_INSETOS
C:\Users\eduar\Desktop\Soybe-main\data\com_fundo\RGB_JPG_Normais\grao_DSC_0157_id59.png,RGB_JPG_Normais,RGB_JPG_Normais
C:\Users\eduar\Desktop\Soybe-main\data\com_fundo\RGB_JPG_Normais\grao_DSC_0157_id6.png,RGB_JPG_Normais,RGB_JPG_Normais
C:\Users\eduar\Desktop\Soybe-main\data\com_fundo\RGB_JPG_Normais\grao_DSC_0157_id60.png,RGB_JPG_Normais,RGB_JPG_Normais
C:\Users\eduar\Desktop\Soybe-main\data\com_fundo\RGB_JPG_Normais\grao_DSC_0157_id61.png,RGB_JPG_Normais,RGB_JPG_Normais
C:\Users\eduar\Desktop\Soybe-main\data\com_fundo\RGB_JPG_Normais\grao_DSC_0157_id62.png,RGB_JPG_Normais,RGB_JPG_Normais
C:\Users\eduar\Desktop\Soybe-main\data\com_fundo\RGB_JPG_Normais\grao_DSC_0157_id64.png,RGB_JPG_Normais,RGB_JPG_Normais
C:\Users\eduar\Desktop\Soybe-main\data\com_fundo\RGB_JPG_Normais\grao_DSC_0157_id65.png,RGB_JPG_Normais,RGB_JPG_Normais
C:\Users\eduar\Desktop\Soybe-main\data\com_fundo\RGB_JPG_Normais\grao_DSC_0157_id66.png,RGB_JPG_Normais,RGB_JPG_Normais
C:\Users\eduar\Desktop\Soybe-main\data\com_fundo\RGB_JPG_Normais\grao_DSC_0157_id67.png,RGB_JPG_Normais,RGB_JPG_INSETOS
C:\Users\eduar\Desktop\Soybe-main\data\com_fundo\RGB_JPG_Normais\grao_DSC_0157_id68.png,RGB_JPG_Normais,RGB_JPG_Normais
C:\Users\eduar\Desktop\Soybe-main\data\com_fundo\RGB_JPG_Normais\grao_DSC_0157_id69.png,RGB_JPG_Normais,RGB_JPG_Normais
C:\Users\eduar\Desktop\Soybe-main\data\com_fundo\RGB_JPG_Normais\grao_DSC_0157_id70.png,RGB_JPG_Normais,RGB_JPG_Normais
C:\Users\eduar\Desktop\Soybe-main\data\com_fundo\RGB_JPG_Normais\grao_DSC_0157_id71.png,RGB_JPG_Normais,RGB_JPG_Normais
C:\Users\eduar\Desktop\Soybe-main\data\com_fundo\RGB_JPG_Normais\grao_DSC_0157_id72.png,RGB_JPG_Normais,RGB_JPG_Normais
C:\Users\eduar\Desktop\Soybe-main\data\com_fundo\RGB_JPG_Normais\grao_DSC_0157_id73.png,RGB_JPG_Normais,RGB_JPG_Normais
C:\Users\eduar\Desktop\Soybe-main\data\com_fundo\RGB_JPG_Normais\grao_DSC_0157_id74.png,RGB_JPG_Normais,RGB_JPG_Normais
C:\Users\eduar\Desktop\Soybe-main\data\com_fundo\RGB_JPG_Normais\grao_DSC_0157_id75.png,RGB_JPG_Normais,RGB_JPG_Normais
C:\Users\eduar\Desktop\Soybe-main\data\com_fundo\RGB_JPG_Normais\grao_DSC_0157_id76.png,RGB_JPG_Normais,RGB_JPG_Normais
C:\Users\eduar\Desktop\Soybe-main\data\com_fundo\RGB_JPG_Normais\grao_DSC_0157_id77.png,RGB_JPG_Normais,RGB_JPG_Normais
C:\Users\eduar\Desktop\Soybe-main\data\com_fundo\RGB_JPG_Normais\grao_DSC_0157_id78.png,RGB_JPG_Normais,RGB_JPG_Normais
C:\Users\eduar\Desktop\Soybe-main\data\com_fundo\RGB_JPG_Normais\grao_DSC_0157_id79.png,RGB_JPG_Normais,RGB_JPG_Normais
C:\Users\eduar\Desktop\Soybe-main\data\com_fundo\RGB_JPG_Normais\grao_DSC_0157_id8.png,RGB_JPG_Normais,RGB_JPG_Normais
C:\Users\eduar\Desktop\Soybe-main\data\com_fundo\RGB_JPG_Normais\grao_DSC_0157_id80.png,RGB_JPG_Normais,RGB_JPG_Normais
C:\Users\eduar\Desktop\Soybe-main\data\com_fundo\RGB_JPG_Normais\grao_DSC_0157_id81.png,RGB_JPG_Normais,RGB_JPG_Normais
C:\Users\eduar\Desktop\Soybe-main\data\com_fundo\RGB_JPG_Normais\grao_DSC_0157_id82.png,RGB_JPG_Normais,RGB_JPG_Normais
C:\Users\eduar\Desktop\Soybe-main\data\com_fundo\RGB_JPG_Normais\grao_DSC_0157_id83.png,RGB_JPG_Normais,RGB_JPG_Normais
C:\Users\eduar\Desktop\Soybe-main\data\com_fundo\RGB_JPG_Normais\grao_DSC_0157_id84.png,RGB_JPG_Normais,RGB_JPG_Normais
C:\Users\eduar\Desktop\Soybe-main\data\com_fundo\RGB_JPG_Normais\grao_DSC_0157_id85.png,RGB_JPG_Normais,RGB_JPG_Normais
C:\Users\eduar\Desktop\Soybe-main\data\com_fundo\RGB_JPG_Normais\grao_DSC_0157_id86.png,RGB_JPG_Normais,RGB_JPG_Normais
C:\Users\eduar\Desktop\Soybe-main\data\com_fundo\RGB_JPG_Normais\grao_DSC_0157_id87.png,RGB_JPG_Normais,RGB_JPG_Normais
C:\Users\eduar\Desktop\Soybe-main\data\com_fundo\RGB_JPG_Normais\grao_DSC_0157_id88.png,RGB_JPG_Normais,RGB_JPG_Normais
C:\Users\eduar\Desktop\Soybe-main\data\com_fundo\RGB_JPG_Normais\grao_DSC_0157_id89.png,RGB_JPG_Normais,RGB_JPG_Normais
C:\Users\eduar\Desktop\Soybe-main\data\com_fundo\RGB_JPG_Normais\grao_DSC_0157_id9.png,RGB_JPG_Normais,RGB_JPG_Normais
C:\Users\eduar\Desktop\Soybe-main\data\com_fundo\RGB_JPG_Normais\grao_DSC_0157_id90.png,RGB_JPG_Normais,RGB_JPG_Normais
C:\Users\eduar\Desktop\Soybe-main\data\com_fundo\RGB_JPG_Normais\grao_DSC_0157_id91.png,RGB_JPG_Normais,RGB_JPG_Normais
C:\Users\eduar\Desktop\Soybe-main\data\com_fundo\RGB_JPG_Normais\grao_DSC_0157_id92.png,RGB_JPG_Normais,RGB_JPG_Normais
C:\Users\eduar\Desktop\Soybe-main\data\com_fundo\RGB_JPG_Normais\grao_DSC_0157_id93.png,RGB_JPG_Normais,RGB_JPG_Normais
C:\Users\eduar\Desktop\Soybe-main\data\com_fundo\RGB_JPG_Normais\grao_DSC_0157_id94.png,RGB_JPG_Normais,RGB_JPG_Normais
C:\Users\eduar\Desktop\Soybe-main\data\com_fundo\RGB_JPG_Normais\grao_DSC_0157_id95.png,RGB_JPG_Normais,RGB_JPG_Normais
C:\Users\eduar\Desktop\Soybe-main\data\com_fundo\RGB_JPG_Normais\grao_DSC_0157_id96.png,RGB_JPG_Normais,RGB_JPG_Normais
C:\Users\eduar\Desktop\Soybe-main\data\com_fundo\RGB_JPG_Normais\grao_DSC_0157_id97.png,RGB_JPG_Normais,RGB_JPG_Normais
C:\Users\eduar\Desktop\Soybe-main\data\com_fundo\RGB_JPG_Normais\grao_DSC_0157_id98.png,RGB_JPG_Normais,RGB_JPG_Normais
C:\Users\eduar\Desktop\Soybe-main\data\com_fundo\RGB_JPG_Normais\grao_DSC_0157_id99.png,RGB_JPG_Normais,RGB_JPG_Normais
C:\Users\eduar\Desktop\Soybe-main\data\com_fundo\RGB_JPG_Normais\grao_DSC_0212_id1.png,RGB_JPG_Normais,RGB_JPG_Normais
C:\Users\eduar\Desktop\Soybe-main\data\com_fundo\RGB_JPG_Normais\grao_DSC_0212_id10.png,RGB_JPG_Normais,RGB_JPG_Normais
C:\Users\eduar\Desktop\Soybe-main\data\com_fundo\RGB_JPG_Normais\grao_DSC_0212_id100.png,RGB_JPG_Normais,RGB_JPG_Normais
C:\Users\eduar\Desktop\Soybe-main\data\com_fundo\RGB_JPG_Normais\grao_DSC_0212_id11.png,RGB_JPG_Normais,RGB_JPG_Normais
C:\Users\eduar\Desktop\Soybe-main\data\com_fundo\RGB_JPG_Normais\grao_DSC_0212_id12.png,RGB_JPG_Normais,RGB_JPG_Normais
C:\Users\eduar\Desktop\Soybe-main\data\com_fundo\RGB_JPG_Normais\grao_DSC_0212_id13.png,RGB_JPG_Normais,RGB_JPG_Normais
C:\Users\eduar\Desktop\Soybe-main\data\com_fundo\RGB_JPG_Normais\grao_DSC_0212_id14.png,RGB_JPG_Normais,RGB_JPG_Normais
C:\Users\eduar\Desktop\Soybe-main\data\com_fundo\RGB_JPG_Normais\grao_DSC_0212_id15.png,RGB_JPG_Normais,RGB_JPG_Normais
C:\Users\eduar\Desktop\Soybe-main\data\com_fundo\RGB_JPG_Normais\grao_DSC_0212_id16.png,RGB_JPG_Normais,RGB_JPG_Normais
C:\Users\eduar\Desktop\Soybe-main\data\com_fundo\RGB_JPG_Normais\grao_DSC_0212_id17.png,RGB_JPG_Normais,RGB_JPG_Normais
C:\Users\eduar\Desktop\Soybe-main\data\com_fundo\RGB_JPG_Normais\grao_DSC_0212_id18.png,RGB_JPG_Normais,RGB_JPG_Normais
C:\Users\eduar\Desktop\Soybe-main\data\com_fundo\RGB_JPG_Normais\grao_DSC_0212_id19.png,RGB_JPG_Normais,RGB_JPG_Normais
C:\Users\eduar\Desktop\Soybe-main\data\com_fundo\RGB_JPG_Normais\grao_DSC_0212_id2.png,RGB_JPG_Normais,RGB_JPG_Normais
C:\Users\eduar\Desktop\Soybe-main\data\com_fundo\RGB_JPG_Normais\grao_DSC_0212_id20.png,RGB_JPG_Normais,RGB_JPG_Normais
C:\Users\eduar\Desktop\Soybe-main\data\com_fundo\RGB_JPG_Normais\grao_DSC_0212_id21.png,RGB_JPG_Normais,RGB_JPG_Normais
C:\Users\eduar\Desktop\Soybe-main\data\com_fundo\RGB_JPG_Normais\grao_DSC_0212_id22.png,RGB_JPG_Normais,RGB_JPG_Normais
C:\Users\eduar\Desktop\Soybe-main\data\com_fundo\RGB_JPG_Normais\grao_DSC_0212_id23.png,RGB_JPG_Normais,RGB_JPG_IMPUREZAS
C:\Users\eduar\Desktop\Soybe-main\data\com_fundo\RGB_JPG_Normais\grao_DSC_0212_id24.png,RGB_JPG_Normais,RGB_JPG_Normais
C:\Users\eduar\Desktop\Soybe-main\data\com_fundo\RGB_JPG_Normais\grao_DSC_0212_id25.png,RGB_JPG_Normais,RGB_JPG_Normais
C:\Users\eduar\Desktop\Soybe-main\data\com_fundo\RGB_JPG_Normais\grao_DSC_0212_id26.png,RGB_JPG_Normais,RGB_JPG_CHOCHOS
C:\Users\eduar\Desktop\Soybe-main\data\com_fundo\RGB_JPG_Normais\grao_DSC_0212_id27.png,RGB_JPG_Normais,RGB_JPG_Normais
C:\Users\eduar\Desktop\Soybe-main\data\com_fundo\RGB_JPG_Normais\grao_DSC_0212_id28.png,RGB_JPG_Normais,RGB_JPG_Normais
C:\Users\eduar\Desktop\Soybe-main\data\com_fundo\RGB_JPG_Normais\grao_DSC_0212_id29.png,RGB_JPG_Normais,RGB_JPG_Normais
C:\Users\eduar\Desktop\Soybe-main\data\com_fundo\RGB_JPG_Normais\grao_DSC_0212_id3.png,RGB_JPG_Normais,RGB_JPG_Normais
C:\Users\eduar\Desktop\Soybe-main\data\com_fundo\RGB_JPG_Normais\grao_DSC_0212_id30.png,RGB_JPG_Normais,RGB_JPG_Normais
C:\Users\eduar\Desktop\Soybe-main\data\com_fundo\RGB_JPG_Normais\grao_DSC_0212_id31.png,RGB_JPG_Normais,RGB_JPG_Normais
C:\Users\eduar\Desktop\Soybe-main\data\com_fundo\RGB_JPG_Normais\grao_DSC_0212_id32.png,RGB_JPG_Normais,RGB_JPG_Normais
C:\Users\eduar\Desktop\Soybe-main\data\com_fundo\RGB_JPG_Normais\grao_DSC_0212_id33.png,RGB_JPG_Normais,RGB_JPG_Normais
C:\Users\eduar\Desktop\Soybe-main\data\com_fundo\RGB_JPG_Normais\grao_DSC_0212_id34.png,RGB_JPG_Normais,RGB_JPG_Normais
C:\Users\eduar\Desktop\Soybe-main\data\com_fundo\RGB_JPG_Normais\grao_DSC_0212_id35.png,RGB_JPG_Normais,RGB_JPG_Normais
C:\Users\eduar\Desktop\Soybe-main\data\com_fundo\RGB_JPG_Normais\grao_DSC_0212_id36.png,RGB_JPG_Normais,RGB_JPG_Normais
C:\Users\eduar\Desktop\Soybe-main\data\com_fundo\RGB_JPG_Normais\grao_DSC_0212_id37.png,RGB_JPG_Normais,RGB_JPG_CHOCHOS
C:\Users\eduar\Desktop\Soybe-main\data\com_fundo\RGB_JPG_Normais\grao_DSC_0212_id38.png,RGB_JPG_Normais,RGB_JPG_Normais
C:\Users\eduar\Desktop\Soybe-main\data\com_fundo\RGB_JPG_Normais\grao_DSC_0212_id39.png,RGB_JPG_Normais,RGB_JPG_Normais
C:\Users\eduar\Desktop\Soybe-main\data\com_fundo\RGB_JPG_Normais\grao_DSC_0212_id4.png,RGB_JPG_Normais,RGB_JPG_Normais
C:\Users\eduar\Desktop\Soybe-main\data\com_fundo\RGB_JPG_Normais\grao_DSC_0212_id40.png,RGB_JPG_Normais,RGB_JPG_Normais
C:\Users\eduar\Desktop\Soybe-main\data\com_fundo\RGB_JPG_Normais\grao_DSC_0212_id41.png,RGB_JPG_Normais,RGB_JPG_CHOCHOS
C:\Users\eduar\Desktop\Soybe-main\data\com_fundo\RGB_JPG_Normais\grao_DSC_0212_id42.png,RGB_JPG_Normais,RGB_JPG_Normais
C:\Users\eduar\Desktop\Soybe-main\data\com_fundo\RGB_JPG_Normais\grao_DSC_0212_id43.png,RGB_JPG_Normais,RGB_JPG_ESVERDEADO
C:\Users\eduar\Desktop\Soybe-main\data\com_fundo\RGB_JPG_Normais\grao_DSC_0212_id44.png,RGB_JPG_Normais,RGB_JPG_CHOCHOS
C:\Users\eduar\Desktop\Soybe-main\data\com_fundo\RGB_JPG_Normais\grao_DSC_0212_id45.png,RGB_JPG_Normais,RGB_JPG_Normais
C:\Users\eduar\Desktop\Soybe-main\data\com_fundo\RGB_JPG_Normais\grao_DSC_0212_id46.png,RGB_JPG_Normais,RGB_JPG_Normais
C:\Users\eduar\Desktop\Soybe-main\data\com_fundo\RGB_JPG_Normais\grao_DSC_0212_id48.png,RGB_JPG_Normais,RGB_JPG_Normais
C:\Users\eduar\Desktop\Soybe-main\data\com_fundo\RGB_JPG_Normais\grao_DSC_0212_id49.png,RGB_JPG_Normais,RGB_JPG_Normais
C:\Users\eduar\Desktop\Soybe-main\data\com_fundo\RGB_JPG_Normais\grao_DSC_0212_id5.png,RGB_JPG_Normais,RGB_JPG_Normais
C:\Users\eduar\Desktop\Soybe-main\data\com_fundo\RGB_JPG_Normais\grao_DSC_0212_id50.png,RGB_JPG_Normais,RGB_JPG_Normais
C:\Users\eduar\Desktop\Soybe-main\data\com_fundo\RGB_JPG_Normais\grao_DSC_0212_id51.png,RGB_JPG_Normais,RGB_JPG_Normais
C:\Users\eduar\Desktop\Soybe-main\data\com_fundo\RGB_JPG_Normais\grao_DSC_0212_id52.png,RGB_JPG_Normais,RGB_JPG_Normais
C:\Users\eduar\Desktop\Soybe-main\data\com_fundo\RGB_JPG_Normais\grao_DSC_0212_id53.png,RGB_JPG_Normais,RGB_JPG_Normais
C:\Users\eduar\Desktop\Soybe-main\data\com_fundo\RGB_JPG_Normais\grao_DSC_0212_id54.png,RGB_JPG_Normais,RGB_JPG_Normais
C:\Users\eduar\Desktop\Soybe-main\data\com_fundo\RGB_JPG_Normais\grao_DSC_0212_id55.png,RGB_JPG_Normais,RGB_JPG_Normais
C:\Users\eduar\Desktop\Soybe-main\data\com_fundo\RGB_JPG_Normais\grao_DSC_0212_id56.png,RGB_JPG_Normais,RGB_JPG_Normais
C:\Users\eduar\Desktop\Soybe-main\data\com_fundo\RGB_JPG_Normais\grao_DSC_0212_id59.png,RGB_JPG_Normais,RGB_JPG_Normais
C:\Users\eduar\Desktop\Soybe-main\data\com_fundo\RGB_JPG_Normais\grao_DSC_0212_id6.png,RGB_JPG_Normais,RGB_JPG_Normais
C:\Users\eduar\Desktop\Soybe-main\data\com_fundo\RGB_JPG_Normais\grao_DSC_0212_id60.png,RGB_JPG_Normais,RGB_JPG_Normais
C:\Users\eduar\Desktop\Soybe-main\data\com_fundo\RGB_JPG_Normais\grao_DSC_0212_id61.png,RGB_JPG_Normais,RGB_JPG_Normais
C:\Users\eduar\Desktop\Soybe-main\data\com_fundo\RGB_JPG_Normais\grao_DSC_0212_id62.png,RGB_JPG_Normais,RGB_JPG_CHOCHOS
C:\Users\eduar\Desktop\Soybe-main\data\com_fundo\RGB_JPG_Normais\grao_DSC_0212_id63.png,RGB_JPG_Normais,RGB_JPG_Normais
C:\Users\eduar\Desktop\Soybe-main\data\com_fundo\RGB_JPG_Normais\grao_DSC_0212_id64.png,RGB_JPG_Normais,RGB_JPG_Normais
C:\Users\eduar\Desktop\Soybe-main\data\com_fundo\RGB_JPG_Normais\grao_DSC_0212_id65.png,RGB_JPG_Normais,RGB_JPG_Normais
C:\Users\eduar\Desktop\Soybe-main\data\com_fundo\RGB_JPG_Normais\grao_DSC_0212_id66.png,RGB_JPG_Normais,RGB_JPG_Normais
C:\Users\eduar\Desktop\Soybe-main\data\com_fundo\RGB_JPG_Normais\grao_DSC_0212_id67.png,RGB_JPG_Normais,RGB_JPG_Normais
C:\Users\eduar\Desktop\Soybe-main\data\com_fundo\RGB_JPG_Normais\grao_DSC_0212_id68.png,RGB_JPG_Normais,RGB_JPG_Normais
C:\Users\eduar\Desktop\Soybe-main\data\com_fundo\RGB_JPG_Normais\grao_DSC_0212_id69.png,RGB_JPG_Normais,RGB_JPG_CHOCHOS
C:\Users\eduar\Desktop\Soybe-main\data\com_fundo\RGB_JPG_Normais\grao_DSC_0212_id7.png,RGB_JPG_Normais,RGB_JPG_Normais
C:\Users\eduar\Desktop\Soybe-main\data\com_fundo\RGB_JPG_Normais\grao_DSC_0212_id70.png,RGB_JPG_Normais,RGB_JPG_Normais
C:\Users\eduar\Desktop\Soybe-main\data\com_fundo\RGB_JPG_Normais\grao_DSC_0212_id71.png,RGB_JPG_Normais,RGB_JPG_Normais
C:\Users\eduar\Desktop\Soybe-main\data\com_fundo\RGB_JPG_Normais\grao_DSC_0212_id72.png,RGB_JPG_Normais,RGB_JPG_Normais
C:\Users\eduar\Desktop\Soybe-main\data\com_fundo\RGB_JPG_Normais\grao_DSC_0212_id73.png,RGB_JPG_Normais,RGB_JPG_CHOCHOS
C:\Users\eduar\Desktop\Soybe-main\data\com_fundo\RGB_JPG_Normais\grao_DSC_0212_id74.png,RGB_JPG_Normais,RGB_JPG_Normais
C:\Users\eduar\Desktop\Soybe-main\data\com_fundo\RGB_JPG_Normais\grao_DSC_0212_id75.png,RGB_JPG_Normais,RGB_JPG_Normais
C:\Users\eduar\Desktop\Soybe-main\data\com_fundo\RGB_JPG_Normais\grao_DSC_0212_id76.png,RGB_JPG_Normais,RGB_JPG_Normais
C:\Users\eduar\Desktop\Soybe-main\data\com_fundo\RGB_JPG_Normais\grao_DSC_0212_id77.png,RGB_JPG_Normais,RGB_JPG_Normais
C:\Users\eduar\Desktop\Soybe-main\data\com_fundo\RGB_JPG_Normais\grao_DSC_0212_id78.png,RGB_JPG_Normais,RGB_JPG_Normais
C:\Users\eduar\Desktop\Soybe-main\data\com_fundo\RGB_JPG_Normais\grao_DSC_0212_id79.png,RGB_JPG_Normais,RGB_JPG_Normais
C:\Users\eduar\Desktop\Soybe-main\data\com_fundo\RGB_JPG_Normais\grao_DSC_0212_id8.png,RGB_JPG_Normais,RGB_JPG_Normais
C:\Users\eduar\Desktop\Soybe-main\data\com_fundo\RGB_JPG_Normais\grao_DSC_0212_id80.png,RGB_JPG_Normais,RGB_JPG_Normais
C:\Users\eduar\Desktop\Soybe-main\data\com_fundo\RGB_JPG_Normais\grao_DSC_0212_id81.png,RGB_JPG_Normais,RGB_JPG_Normais
C:\Users\eduar\Desktop\Soybe-main\data\com_fundo\RGB_JPG_Normais\grao_DSC_0212_id82.png,RGB_JPG_Normais,RGB_JPG_Normais
C:\Users\eduar\Desktop\Soybe-main\data\com_fundo\RGB_JPG_Normais\grao_DSC_0212_id83.png,RGB_JPG_Normais,RGB_JPG_Normais
C:\Users\eduar\Desktop\Soybe-main\data\com_fundo\RGB_JPG_Normais\grao_DSC_0212_id84.png,RGB_JPG_Normais,RGB_JPG_Normais
C:\Users\eduar\Desktop\Soybe-main\data\com_fundo\RGB_JPG_Normais\grao_DSC_0212_id85.png,RGB_JPG_Normais,RGB_JPG_Normais
C:\Users\eduar\Desktop\Soybe-main\data\com_fundo\RGB_JPG_Normais\grao_DSC_0212_id86.png,RGB_JPG_Normais,RGB_JPG_Normais
C:\Users\eduar\Desktop\Soybe-main\data\com_fundo\RGB_JPG_Normais\grao_DSC_0212_id87.png,RGB_JPG_Normais,RGB_JPG_Normais
C:\Users\eduar\Desktop\Soybe-main\data\com_fundo\RGB_JPG_Normais\grao_DSC_0212_id88.png,RGB_JPG_Normais,RGB_JPG_Normais
C:\Users\eduar\Desktop\Soybe-main\data\com_fundo\RGB_JPG_Normais\grao_DSC_0212_id89.png,RGB_JPG_Normais,RGB_JPG_Normais
C:\Users\eduar\Desktop\Soybe-main\data\com_fundo\RGB_JPG_Normais\grao_DSC_0212_id9.png,RGB_JPG_Normais,RGB_JPG_Normais
C:\Users\eduar\Desktop\Soybe-main\data\com_fundo\RGB_JPG_Normais\grao_DSC_0212_id90.png,RGB_JPG_Normais,RGB_JPG_Normais
C:\Users\eduar\Desktop\Soybe-main\data\com_fundo\RGB_JPG_Normais\grao_DSC_0212_id91.png,RGB_JPG_Normais,RGB_JPG_Normais
C:\Users\eduar\Desktop\Soybe-main\data\com_fundo\RGB_JPG_Normais\grao_DSC_0212_id92.png,RGB_JPG_Normais,RGB_JPG_Normais
C:\Users\eduar\Desktop\Soybe-main\data\com_fundo\RGB_JPG_Normais\grao_DSC_0212_id93.png,RGB_JPG_Normais,RGB_JPG_Normais
C:\Users\eduar\Desktop\Soybe-main\data\com_fundo\RGB_JPG_Normais\grao_DSC_0212_id94.png,RGB_JPG_Normais,RGB_JPG_Normais
C:\Users\eduar\Desktop\Soybe-main\data\com_fundo\RGB_JPG_Normais\grao_DSC_0212_id95.png,RGB_JPG_Normais,RGB_JPG_Normais
C:\Users\eduar\Desktop\Soybe-main\data\com_fundo\RGB_JPG_Normais\grao_DSC_0212_id96.png,RGB_JPG_Normais,RGB_JPG_Normais
C:\Users\eduar\Desktop\Soybe-main\data\com_fundo\RGB_JPG_Normais\grao_DSC_0212_id97.png,RGB_JPG_Normais,RGB_JPG_Normais
C:\Users\eduar\Desktop\Soybe-main\data\com_fundo\RGB_JPG_Normais\grao_DSC_0212_id98.png,RGB_JPG_Normais,RGB_JPG_Normais
C:\Users\eduar\Desktop\Soybe-main\data\com_fundo\RGB_JPG_Normais\grao_DSC_0212_id99.png,RGB_JPG_Normais,RGB_JPG_Normais
C:\Users\eduar\Desktop\Soybe-main\data\com_fundo\RGB_JPG_Normais\grao_DSC_0216_id1.png,RGB_JPG_Normais,RGB_JPG_Normais
C:\Users\eduar\Desktop\Soybe-main\data\com_fundo\RGB_JPG_Normais\grao_DSC_0216_id10.png,RGB_JPG_Normais,RGB_JPG_Normais
C:\Users\eduar\Desktop\Soybe-main\data\com_fundo\RGB_JPG_Normais\grao_DSC_0216_id11.png,RGB_JPG_Normais,RGB_JPG_Normais
C:\Users\eduar\Desktop\Soybe-main\data\com_fundo\RGB_JPG_Normais\grao_DSC_0216_id12.png,RGB_JPG_Normais,RGB_JPG_Normais
C:\Users\eduar\Desktop\Soybe-main\data\com_fundo\RGB_JPG_Normais\grao_DSC_0216_id13.png,RGB_JPG_Normais,RGB_JPG_Normais
C:\Users\eduar\Desktop\Soybe-main\data\com_fundo\RGB_JPG_Normais\grao_DSC_0216_id14.png,RGB_JPG_Normais,RGB_JPG_Normais
C:\Users\eduar\Desktop\Soybe-main\data\com_fundo\RGB_JPG_Normais\grao_DSC_0216_id15.png,RGB_JPG_Normais,RGB_JPG_Normais
C:\Users\eduar\Desktop\Soybe-main\data\com_fundo\RGB_JPG_Normais\grao_DSC_0216_id16.png,RGB_JPG_Normais,RGB_JPG_Normais
C:\Users\eduar\Desktop\Soybe-main\data\com_fundo\RGB_JPG_Normais\grao_DSC_0216_id17.png,RGB_JPG_Normais,RGB_JPG_Normais
C:\Users\eduar\Desktop\Soybe-main\data\com_fundo\RGB_JPG_Normais\grao_DSC_0216_id18.png,RGB_JPG_Normais,RGB_JPG_Normais
C:\Users\eduar\Desktop\Soybe-main\data\com_fundo\RGB_JPG_Normais\grao_DSC_0216_id19.png,RGB_JPG_Normais,RGB_JPG_Normais
C:\Users\eduar\Desktop\Soybe-main\data\com_fundo\RGB_JPG_Normais\grao_DSC_0216_id2.png,RGB_JPG_Normais,RGB_JPG_Normais
C:\Users\eduar\Desktop\Soybe-main\data\com_fundo\RGB_JPG_Normais\grao_DSC_0216_id20.png,RGB_JPG_Normais,RGB_JPG_Normais
C:\Users\eduar\Desktop\Soybe-main\data\com_fundo\RGB_JPG_Normais\grao_DSC_0216_id21.png,RGB_JPG_Normais,RGB_JPG_Normais
C:\Users\eduar\Desktop\Soybe-main\data\com_fundo\RGB_JPG_Normais\grao_DSC_0216_id22.png,RGB_JPG_Normais,RGB_JPG_Normais
C:\Users\eduar\Desktop\Soybe-main\data\com_fundo\RGB_JPG_Normais\grao_DSC_0216_id23.png,RGB_JPG_Normais,RGB_JPG_Normais
C:\Users\eduar\Desktop\Soybe-main\data\com_fundo\RGB_JPG_Normais\grao_DSC_0216_id24.png,RGB_JPG_Normais,RGB_JPG_Normais
C:\Users\eduar\Desktop\Soybe-main\data\com_fundo\RGB_JPG_Normais\grao_DSC_0216_id25.png,RGB_JPG_Normais,RGB_JPG_Normais
C:\Users\eduar\Desktop\Soybe-main\data\com_fundo\RGB_JPG_Normais\grao_DSC_0216_id26.png,RGB_JPG_Normais,RGB_JPG_Normais
C:\Users\eduar\Desktop\Soybe-main\data\com_fundo\RGB_JPG_Normais\grao_DSC_0216_id27.png,RGB_JPG_Normais,RGB_JPG_Normais
C:\Users\eduar\Desktop\Soybe-main\data\com_fundo\RGB_JPG_Normais\grao_DSC_0216_id28.png,RGB_JPG_Normais,RGB_JPG_Normais
C:\Users\eduar\Desktop\Soybe-main\data\com_fundo\RGB_JPG_Normais\grao_DSC_0216_id29.png,RGB_JPG_Normais,RGB_JPG_Normais
C:\Users\eduar\Desktop\Soybe-main\data\com_fundo\RGB_JPG_Normais\grao_DSC_0216_id3.png,RGB_JPG_Normais,RGB_JPG_Normais
C:\Users\eduar\Desktop\Soybe-main\data\com_fundo\RGB_JPG_Normais\grao_DSC_0216_id30.png,RGB_JPG_Normais,RGB_JPG_Normais
C:\Users\eduar\Desktop\Soybe-main\data\com_fundo\RGB_JPG_Normais\grao_DSC_0216_id31.png,RGB_JPG_Normais,RGB_JPG_Normais
C:\Users\eduar\Desktop\Soybe-main\data\com_fundo\RGB_JPG_Normais\grao_DSC_0216_id32.png,RGB_JPG_Normais,RGB_JPG_Normais
C:\Users\eduar\Desktop\Soybe-main\data\com_fundo\RGB_JPG_Normais\grao_DSC_0216_id33.png,RGB_JPG_Normais,RGB_JPG_Normais
C:\Users\eduar\Desktop\Soybe-main\data\com_fundo\RGB_JPG_Normais\grao_DSC_0216_id34.png,RGB_JPG_Normais,RGB_JPG_Normais
C:\Users\eduar\Desktop\Soybe-main\data\com_fundo\RGB_JPG_Normais\grao_DSC_0216_id35.png,RGB_JPG_Normais,RGB_JPG_Normais
C:\Users\eduar\Desktop\Soybe-main\data\com_fundo\RGB_JPG_Normais\grao_DSC_0216_id36.png,RGB_JPG_Normais,RGB_JPG_Normais
C:\Users\eduar\Desktop\Soybe-main\data\com_fundo\RGB_JPG_Normais\grao_DSC_0216_id37.png,RGB_JPG_Normais,RGB_JPG_Normais
C:\Users\eduar\Desktop\Soybe-main\data\com_fundo\RGB_JPG_Normais\grao_DSC_0216_id38.png,RGB_JPG_Normais,RGB_JPG_Normais
C:\Users\eduar\Desktop\Soybe-main\data\com_fundo\RGB_JPG_Normais\grao_DSC_0216_id39.png,RGB_JPG_Normais,RGB_JPG_Normais
C:\Users\eduar\Desktop\Soybe-main\data\com_fundo\RGB_JPG_Normais\grao_DSC_0216_id4.png,RGB_JPG_Normais,RGB_JPG_Normais
C:\Users\eduar\Desktop\Soybe-main\data\com_fundo\RGB_JPG_Normais\grao_DSC_0216_id40.png,RGB_JPG_Normais,RGB_JPG_Normais
C:\Users\eduar\Desktop\Soybe-main\data\com_fundo\RGB_JPG_Normais\grao_DSC_0216_id41.png,RGB_JPG_Normais,RGB_JPG_Normais
C:\Users\eduar\Desktop\Soybe-main\data\com_fundo\RGB_JPG_Normais\grao_DSC_0216_id42.png,RGB_JPG_Normais,RGB_JPG_Normais
C:\Users\eduar\Desktop\Soybe-main\data\com_fundo\RGB_JPG_Normais\grao_DSC_0216_id43.png,RGB_JPG_Normais,RGB_JPG_Normais
C:\Users\eduar\Desktop\Soybe-main\data\com_fundo\RGB_JPG_Normais\grao_DSC_0216_id44.png,RGB_JPG_Normais,RGB_JPG_Normais
C:\Users\eduar\Desktop\Soybe-main\data\com_fundo\RGB_JPG_Normais\grao_DSC_0216_id45.png,RGB_JPG_Normais,RGB_JPG_Normais
C:\Users\eduar\Desktop\Soybe-main\data\com_fundo\RGB_JPG_Normais\grao_DSC_0216_id46.png,RGB_JPG_Normais,RGB_JPG_Normais
C:\Users\eduar\Desktop\Soybe-main\data\com_fundo\RGB_JPG_Normais\grao_DSC_0216_id47.png,RGB_JPG_Normais,RGB_JPG_Normais
C:\Users\eduar\Desktop\Soybe-main\data\com_fundo\RGB_JPG_Normais\grao_DSC_0216_id48.png,RGB_JPG_Normais,RGB_JPG_Normais
C:\Users\eduar\Desktop\Soybe-main\data\com_fundo\RGB_JPG_Normais\grao_DSC_0216_id49.png,RGB_JPG_Normais,RGB_JPG_Normais
C:\Users\eduar\Desktop\Soybe-main\data\com_fundo\RGB_JPG_Normais\grao_DSC_0216_id5.png,RGB_JPG_Normais,RGB_JPG_Normais
C:\Users\eduar\Desktop\Soybe-main\data\com_fundo\RGB_JPG_Normais\grao_DSC_0216_id50.png,RGB_JPG_Normais,RGB_JPG_Normais
C:\Users\eduar\Desktop\Soybe-main\data\com_fundo\RGB_JPG_Normais\grao_DSC_0216_id52.png,RGB_JPG_Normais,RGB_JPG_Normais
C:\Users\eduar\Desktop\Soybe-main\data\com_fundo\RGB_JPG_Normais\grao_DSC_0216_id53.png,RGB_JPG_Normais,RGB_JPG_Normais
C:\Users\eduar\Desktop\Soybe-main\data\com_fundo\RGB_JPG_Normais\grao_DSC_0216_id54.png,RGB_JPG_Normais,RGB_JPG_Normais
C:\Users\eduar\Desktop\Soybe-main\data\com_fundo\RGB_JPG_Normais\grao_DSC_0216_id55.png,RGB_JPG_Normais,RGB_JPG_Normais
C:\Users\eduar\Desktop\Soybe-main\data\com_fundo\RGB_JPG_Normais\grao_DSC_0216_id56.png,RGB_JPG_Normais,RGB_JPG_Normais
C:\Users\eduar\Desktop\Soybe-main\data\com_fundo\RGB_JPG_Normais\grao_DSC_0216_id57.png,RGB_JPG_Normais,RGB_JPG_Normais
C:\Users\eduar\Desktop\Soybe-main\data\com_fundo\RGB_JPG_Normais\grao_DSC_0216_id58.png,RGB_JPG_Normais,RGB_JPG_Normais
C:\Users\eduar\Desktop\Soybe-main\data\com_fundo\RGB_JPG_Normais\grao_DSC_0216_id6.png,RGB_JPG_Normais,RGB_JPG_Normais
C:\Users\eduar\Desktop\Soybe-main\data\com_fundo\RGB_JPG_Normais\grao_DSC_0216_id60.png,RGB_JPG_Normais,RGB_JPG_Normais
C:\Users\eduar\Desktop\Soybe-main\data\com_fundo\RGB_JPG_Normais\grao_DSC_0216_id61.png,RGB_JPG_Normais,RGB_JPG_Normais
C:\Users\eduar\Desktop\Soybe-main\data\com_fundo\RGB_JPG_Normais\grao_DSC_0216_id62.png,RGB_JPG_Normais,RGB_JPG_Normais
C:\Users\eduar\Desktop\Soybe-main\data\com_fundo\RGB_JPG_Normais\grao_DSC_0216_id63.png,RGB_JPG_Normais,RGB_JPG_Normais
C:\Users\eduar\Desktop\Soybe-main\data\com_fundo\RGB_JPG_Normais\grao_DSC_0216_id64.png,RGB_JPG_Normais,RGB_JPG_Normais
C:\Users\eduar\Desktop\Soybe-main\data\com_fundo\RGB_JPG_Normais\grao_DSC_0216_id65.png,RGB_JPG_Normais,RGB_JPG_Normais
C:\Users\eduar\Desktop\Soybe-main\data\com_fundo\RGB_JPG_Normais\grao_DSC_0216_id66.png,RGB_JPG_Normais,RGB_JPG_Normais
C:\Users\eduar\Desktop\Soybe-main\data\com_fundo\RGB_JPG_Normais\grao_DSC_0216_id67.png,RGB_JPG_Normais,RGB_JPG_Normais
C:\Users\eduar\Desktop\Soybe-main\data\com_fundo\RGB_JPG_Normais\grao_DSC_0216_id68.png,RGB_JPG_Normais,RGB_JPG_Normais
C:\Users\eduar\Desktop\Soybe-main\data\com_fundo\RGB_JPG_Normais\grao_DSC_0216_id69.png,RGB_JPG_Normais,RGB_JPG_Normais
C:\Users\eduar\Desktop\Soybe-main\data\com_fundo\RGB_JPG_Normais\grao_DSC_0216_id7.png,RGB_JPG_Normais,RGB_JPG_Normais
C:\Users\eduar\Desktop\Soybe-main\data\com_fundo\RGB_JPG_Normais\grao_DSC_0216_id70.png,RGB_JPG_Normais,RGB_JPG_Normais
C:\Users\eduar\Desktop\Soybe-main\data\com_fundo\RGB_JPG_Normais\grao_DSC_0216_id71.png,RGB_JPG_Normais,RGB_JPG_Normais
C:\Users\eduar\Desktop\Soybe-main\data\com_fundo\RGB_JPG_Normais\grao_DSC_0216_id72.png,RGB_JPG_Normais,RGB_JPG_Normais
C:\Users\eduar\Desktop\Soybe-main\data\com_fundo\RGB_JPG_Normais\grao_DSC_0216_id73.png,RGB_JPG_Normais,RGB_JPG_Normais
C:\Users\eduar\Desktop\Soybe-main\data\com_fundo\RGB_JPG_Normais\grao_DSC_0216_id74.png,RGB_JPG_Normais,RGB_JPG_Normais
C:\Users\eduar\Desktop\Soybe-main\data\com_fundo\RGB_JPG_Normais\grao_DSC_0216_id8.png,RGB_JPG_Normais,RGB_JPG_Normais
C:\Users\eduar\Desktop\Soybe-main\data\com_fundo\RGB_JPG_Normais\grao_DSC_0216_id9.png,RGB_JPG_Normais,RGB_JPG_Normais
C:\Users\eduar\Desktop\Soybe-main\data\com_fundo\RGB_JPG_Normais\grao_DSC_0367_id1.png,RGB_JPG_Normais,RGB_JPG_CHOCHOS
C:\Users\eduar\Desktop\Soybe-main\data\com_fundo\RGB_JPG_Normais\grao_DSC_0367_id10.png,RGB_JPG_Normais,RGB_JPG_CHOCHOS
C:\Users\eduar\Desktop\Soybe-main\data\com_fundo\RGB_JPG_Normais\grao_DSC_0367_id100.png,RGB_JPG_Normais,RGB_JPG_ESVERDEADO
C:\Users\eduar\Desktop\Soybe-main\data\com_fundo\RGB_JPG_Normais\grao_DSC_0367_id101.png,RGB_JPG_Normais,RGB_JPG_Normais
C:\Users\eduar\Desktop\Soybe-main\data\com_fundo\RGB_JPG_Normais\grao_DSC_0367_id102.png,RGB_JPG_Normais,RGB_JPG_Normais
C:\Users\eduar\Desktop\Soybe-main\data\com_fundo\RGB_JPG_Normais\grao_DSC_0367_id103.png,RGB_JPG_Normais,RGB_JPG_CHOCHOS
C:\Users\eduar\Desktop\Soybe-main\data\com_fundo\RGB_JPG_Normais\grao_DSC_0367_id104.png,RGB_JPG_Normais,RGB_JPG_Normais
C:\Users\eduar\Desktop\Soybe-main\data\com_fundo\RGB_JPG_Normais\grao_DSC_0367_id105.png,RGB_JPG_Normais,RGB_JPG_Normais
C:\Users\eduar\Desktop\Soybe-main\data\com_fundo\RGB_JPG_Normais\grao_DSC_0367_id106.png,RGB_JPG_Normais,RGB_JPG_ESVERDEADO
C:\Users\eduar\Desktop\Soybe-main\data\com_fundo\RGB_JPG_Normais\grao_DSC_0367_id107.png,RGB_JPG_Normais,RGB_JPG_Normais
C:\Users\eduar\Desktop\Soybe-main\data\com_fundo\RGB_JPG_Normais\grao_DSC_0367_id108.png,RGB_JPG_Normais,RGB_JPG_Normais
C:\Users\eduar\Desktop\Soybe-main\data\com_fundo\RGB_JPG_Normais\grao_DSC_0367_id109.png,RGB_JPG_Normais,RGB_JPG_Normais
C:\Users\eduar\Desktop\Soybe-main\data\com_fundo\RGB_JPG_Normais\grao_DSC_0367_id11.png,RGB_JPG_Normais,RGB_JPG_Normais
C:\Users\eduar\Desktop\Soybe-main\data\com_fundo\RGB_JPG_Normais\grao_DSC_0367_id110.png,RGB_JPG_Normais,RGB_JPG_Normais
C:\Users\eduar\Desktop\Soybe-main\data\com_fundo\RGB_JPG_Normais\grao_DSC_0367_id12.png,RGB_JPG_Normais,RGB_JPG_ESVERDEADO
C:\Users\eduar\Desktop\Soybe-main\data\com_fundo\RGB_JPG_Normais\grao_DSC_0367_id13.png,RGB_JPG_Normais,RGB_JPG_CHOCHOS
C:\Users\eduar\Desktop\Soybe-main\data\com_fundo\RGB_JPG_Normais\grao_DSC_0367_id14.png,RGB_JPG_Normais,RGB_JPG_Normais
C:\Users\eduar\Desktop\Soybe-main\data\com_fundo\RGB_JPG_Normais\grao_DSC_0367_id15.png,RGB_JPG_Normais,RGB_JPG_CHOCHOS
C:\Users\eduar\Desktop\Soybe-main\data\com_fundo\RGB_JPG_Normais\grao_DSC_0367_id16.png,RGB_JPG_Normais,RGB_JPG_CHOCHOS
C:\Users\eduar\Desktop\Soybe-main\data\com_fundo\RGB_JPG_Normais\grao_DSC_0367_id17.png,RGB_JPG_Normais,RGB_JPG_ESVERDEADO
C:\Users\eduar\Desktop\Soybe-main\data\com_fundo\RGB_JPG_Normais\grao_DSC_0367_id18.png,RGB_JPG_Normais,RGB_JPG_CHOCHOS
C:\Users\eduar\Desktop\Soybe-main\data\com_fundo\RGB_JPG_Normais\grao_DSC_0367_id19.png,RGB_JPG_Normais,RGB_JPG_Normais
C:\Users\eduar\Desktop\Soybe-main\data\com_fundo\RGB_JPG_Normais\grao_DSC_0367_id2.png,RGB_JPG_Normais,RGB_JPG_ESVERDEADO
C:\Users\eduar\Desktop\Soybe-main\data\com_fundo\RGB_JPG_Normais\grao_DSC_0367_id20.png,RGB_JPG_Normais,RGB_JPG_Normais
C:\Users\eduar\Desktop\Soybe-main\data\com_fundo\RGB_JPG_Normais\grao_DSC_0367_id21.png,RGB_JPG_Normais,RGB_JPG_CHOCHOS
C:\Users\eduar\Desktop\Soybe-main\data\com_fundo\RGB_JPG_Normais\grao_DSC_0367_id22.png,RGB_JPG_Normais,RGB_JPG_Normais
C:\Users\eduar\Desktop\Soybe-main\data\com_fundo\RGB_JPG_Normais\grao_DSC_0367_id24.png,RGB_JPG_Normais,RGB_JPG_CHOCHOS
C:\Users\eduar\Desktop\Soybe-main\data\com_fundo\RGB_JPG_Normais\grao_DSC_0367_id25.png,RGB_JPG_Normais,RGB_JPG_QUEBRADOS
C:\Users\eduar\Desktop\Soybe-main\data\com_fundo\RGB_JPG_Normais\grao_DSC_0367_id26.png,RGB_JPG_Normais,RGB_JPG_CHOCHOS
C:\Users\eduar\Desktop\Soybe-main\data\com_fundo\RGB_JPG_Normais\grao_DSC_0367_id27.png,RGB_JPG_Normais,RGB_JPG_CHOCHOS
C:\Users\eduar\Desktop\Soybe-main\data\com_fundo\RGB_JPG_Normais\grao_DSC_0367_id28.png,RGB_JPG_Normais,RGB_JPG_ESVERDEADO
C:\Users\eduar\Desktop\Soybe-main\data\com_fundo\RGB_JPG_Normais\grao_DSC_0367_id29.png,RGB_JPG_Normais,RGB_JPG_ESVERDEADO
C:\Users\eduar\Desktop\Soybe-main\data\com_fundo\RGB_JPG_Normais\grao_DSC_0367_id3.png,RGB_JPG_Normais,RGB_JPG_Normais
C:\Users\eduar\Desktop\Soybe-main\data\com_fundo\RGB_JPG_Normais\grao_DSC_0367_id30.png,RGB_JPG_Normais,RGB_JPG_CHOCHOS
C:\Users\eduar\Desktop\Soybe-main\data\com_fundo\RGB_JPG_Normais\grao_DSC_0367_id31.png,RGB_JPG_Normais,RGB_JPG_PURPURAS
C:\Users\eduar\Desktop\Soybe-main\data\com_fundo\RGB_JPG_Normais\grao_DSC_0367_id32.png,RGB_JPG_Normais,RGB_JPG_Normais
C:\Users\eduar\Desktop\Soybe-main\data\com_fundo\RGB_JPG_Normais\grao_DSC_0367_id33.png,RGB_JPG_Normais,RGB_JPG_CHOCHOS
C:\Users\eduar\Desktop\Soybe-main\data\com_fundo\RGB_JPG_Normais\grao_DSC_0367_id34.png,RGB_JPG_Normais,RGB_JPG_Normais
C:\Users\eduar\Desktop\Soybe-main\data\com_fundo\RGB_JPG_Normais\grao_DSC_0367_id35.png,RGB_JPG_Normais,RGB_JPG_CHOCHOS
C:\Users\eduar\Desktop\Soybe-main\data\com_fundo\RGB_JPG_Normais\grao_DSC_0367_id36.png,RGB_JPG_Normais,RGB_JPG_PURPURAS
C:\Users\eduar\Desktop\Soybe-main\data\com_fundo\RGB_JPG_Normais\grao_DSC_0367_id37.png,RGB_JPG_Normais,RGB_JPG_Normais
C:\Users\eduar\Desktop\Soybe-main\data\com_fundo\RGB_JPG_Normais\grao_DSC_0367_id38.png,RGB_JPG_Normais,RGB_JPG_CHOCHOS
C:\Users\eduar\Desktop\Soybe-main\data\com_fundo\RGB_JPG_Normais\grao_DSC_0367_id39.png,RGB_JPG_Normais,RGB_JPG_Normais
C:\Users\eduar\Desktop\Soybe-main\data\com_fundo\RGB_JPG_Normais\grao_DSC_0367_id4.png,RGB_JPG_Normais,RGB_JPG_ESVERDEADO
C:\Users\eduar\Desktop\Soybe-main\data\com_fundo\RGB_JPG_Normais\grao_DSC_0367_id40.png,RGB_JPG_Normais,RGB_JPG_CHOCHOS
C:\Users\eduar\Desktop\Soybe-main\data\com_fundo\RGB_JPG_Normais\grao_DSC_0367_id41.png,RGB_JPG_Normais,RGB_JPG_QUEBRADOS
C:\Users\eduar\Desktop\Soybe-main\data\com_fundo\RGB_JPG_Normais\grao_DSC_0367_id42.png,RGB_JPG_Normais,RGB_JPG_Normais
C:\Users\eduar\Desktop\Soybe-main\data\com_fundo\RGB_JPG_Normais\grao_DSC_0367_id43.png,RGB_JPG_Normais,RGB_JPG_QUEBRADOS
C:\Users\eduar\Desktop\Soybe-main\data\com_fundo\RGB_JPG_Normais\grao_DSC_0367_id44.png,RGB_JPG_Normais,RGB_JPG_Normais
C:\Users\eduar\Desktop\Soybe-main\data\com_fundo\RGB_JPG_Normais\grao_DSC_0367_id45.png,RGB_JPG_Normais,RGB_JPG_Normais
C:\Users\eduar\Desktop\Soybe-main\data\com_fundo\RGB_JPG_Normais\grao_DSC_0367_id46.png,RGB_JPG_Normais,RGB_JPG_Normais
C:\Users\eduar\Desktop\Soybe-main\data\com_fundo\RGB_JPG_Normais\grao_DSC_0367_id47.png,RGB_JPG_Normais,RGB_JPG_CHOCHOS
C:\Users\eduar\Desktop\Soybe-main\data\com_fundo\RGB_JPG_Normais\grao_DSC_0367_id48.png,RGB_JPG_Normais,RGB_JPG_CHOCHOS
C:\Users\eduar\Desktop\Soybe-main\data\com_fundo\RGB_JPG_Normais\grao_DSC_0367_id5.png,RGB_JPG_Normais,RGB_JPG_Normais
C:\Users\eduar\Desktop\Soybe-main\data\com_fundo\RGB_JPG_Normais\grao_DSC_0367_id51.png,RGB_JPG_Normais,RGB_JPG_Normais
C:\Users\eduar\Desktop\Soybe-main\data\com_fundo\RGB_JPG_Normais\grao_DSC_0367_id52.png,RGB_JPG_Normais,RGB_JPG_CHOCHOS
C:\Users\eduar\Desktop\Soybe-main\data\com_fundo\RGB_JPG_Normais\grao_DSC_0367_id53.png,RGB_JPG_Normais,RGB_JPG_Normais
C:\Users\eduar\Desktop\Soybe-main\data\com_fundo\RGB_JPG_Normais\grao_DSC_0367_id54.png,RGB_JPG_Normais,RGB_JPG_Normais
C:\Users\eduar\Desktop\Soybe-main\data\com_fundo\RGB_JPG_Normais\grao_DSC_0367_id55.png,RGB_JPG_Normais,RGB_JPG_Normais
C:\Users\eduar\Desktop\Soybe-main\data\com_fundo\RGB_JPG_Normais\grao_DSC_0367_id56.png,RGB_JPG_Normais,RGB_JPG_Normais
C:\Users\eduar\Desktop\Soybe-main\data\com_fundo\RGB_JPG_Normais\grao_DSC_0367_id57.png,RGB_JPG_Normais,RGB_JPG_Normais
C:\Users\eduar\Desktop\Soybe-main\data\com_fundo\RGB_JPG_Normais\grao_DSC_0367_id58.png,RGB_JPG_Normais,RGB_JPG_CHOCHOS
C:\Users\eduar\Desktop\Soybe-main\data\com_fundo\RGB_JPG_Normais\grao_DSC_0367_id59.png,RGB_JPG_Normais,RGB_JPG_CHOCHOS
C:\Users\eduar\Desktop\Soybe-main\data\com_fundo\RGB_JPG_Normais\grao_DSC_0367_id6.png,RGB_JPG_Normais,RGB_JPG_ESVERDEADO
C:\Users\eduar\Desktop\Soybe-main\data\com_fundo\RGB_JPG_Normais\grao_DSC_0367_id60.png,RGB_JPG_Normais,RGB_JPG_Normais
C:\Users\eduar\Desktop\Soybe-main\data\com_fundo\RGB_JPG_Normais\grao_DSC_0367_id61.png,RGB_JPG_Normais,RGB_JPG_Normais
C:\Users\eduar\Desktop\Soybe-main\data\com_fundo\RGB_JPG_Normais\grao_DSC_0367_id62.png,RGB_JPG_Normais,RGB_JPG_CHOCHOS
C:\Users\eduar\Desktop\Soybe-main\data\com_fundo\RGB_JPG_Normais\grao_DSC_0367_id63.png,RGB_JPG_Normais,RGB_JPG_Normais
C:\Users\eduar\Desktop\Soybe-main\data\com_fundo\RGB_JPG_Normais\grao_DSC_0367_id64.png,RGB_JPG_Normais,RGB_JPG_CHOCHOS
C:\Users\eduar\Desktop\Soybe-main\data\com_fundo\RGB_JPG_Normais\grao_DSC_0367_id65.png,RGB_JPG_Normais,RGB_JPG_CHOCHOS
C:\Users\eduar\Desktop\Soybe-main\data\com_fundo\RGB_JPG_Normais\grao_DSC_0367_id66.png,RGB_JPG_Normais,RGB_JPG_CHOCHOS
C:\Users\eduar\Desktop\Soybe-main\data\com_fundo\RGB_JPG_Normais\grao_DSC_0367_id67.png,RGB_JPG_Normais,RGB_JPG_Normais
C:\Users\eduar\Desktop\Soybe-main\data\com_fundo\RGB_JPG_Normais\grao_DSC_0367_id68.png,RGB_JPG_Normais,RGB_JPG_ESVERDEADO
C:\Users\eduar\Desktop\Soybe-main\data\com_fundo\RGB_JPG_Normais\grao_DSC_0367_id69.png,RGB_JPG_Normais,RGB_JPG_Normais
C:\Users\eduar\Desktop\Soybe-main\data\com_fundo\RGB_JPG_Normais\grao_DSC_0367_id7.png,RGB_JPG_Normais,RGB_JPG_PURPURAS
C:\Users\eduar\Desktop\Soybe-main\data\com_fundo\RGB_JPG_Normais\grao_DSC_0367_id70.png,RGB_JPG_Normais,RGB_JPG_CHOCHOS
C:\Users\eduar\Desktop\Soybe-main\data\com_fundo\RGB_JPG_Normais\grao_DSC_0367_id71.png,RGB_JPG_Normais,RGB_JPG_CHOCHOS
C:\Users\eduar\Desktop\Soybe-main\data\com_fundo\RGB_JPG_Normais\grao_DSC_0367_id72.png,RGB_JPG_Normais,RGB_JPG_CHOCHOS
C:\Users\eduar\Desktop\Soybe-main\data\com_fundo\RGB_JPG_Normais\grao_DSC_0367_id73.png,RGB_JPG_Normais,RGB_JPG_CHOCHOS
C:\Users\eduar\Desktop\Soybe-main\data\com_fundo\RGB_JPG_Normais\grao_DSC_0367_id75.png,RGB_JPG_Normais,RGB_JPG_CHOCHOS
C:\Users\eduar\Desktop\Soybe-main\data\com_fundo\RGB_JPG_Normais\grao_DSC_0367_id76.png,RGB_JPG_Normais,RGB_JPG_CHOCHOS
C:\Users\eduar\Desktop\Soybe-main\data\com_fundo\RGB_JPG_Normais\grao_DSC_0367_id77.png,RGB_JPG_Normais,RGB_JPG_CHOCHOS
C:\Users\eduar\Desktop\Soybe-main\data\com_fundo\RGB_JPG_Normais\grao_DSC_0367_id78.png,RGB_JPG_Normais,RGB_JPG_CHOCHOS
C:\Users\eduar\Desktop\Soybe-main\data\com_fundo\RGB_JPG_Normais\grao_DSC_0367_id79.png,RGB_JPG_Normais,RGB_JPG_Normais
C:\Users\eduar\Desktop\Soybe-main\data\com_fundo\RGB_JPG_Normais\grao_DSC_0367_id8.png,RGB_JPG_Normais,RGB_JPG_CHOCHOS
C:\Users\eduar\Desktop\Soybe-main\data\com_fundo\RGB_JPG_Normais\grao_DSC_0367_id80.png,RGB_JPG_Normais,RGB_JPG_Normais
C:\Users\eduar\Desktop\Soybe-main\data\com_fundo\RGB_JPG_Normais\grao_DSC_0367_id81.png,RGB_JPG_Normais,RGB_JPG_Normais
C:\Users\eduar\Desktop\Soybe-main\data\com_fundo\RGB_JPG_Normais\grao_DSC_0367_id82.png,RGB_JPG_Normais,RGB_JPG_CHOCHOS
C:\Users\eduar\Desktop\Soybe-main\data\com_fundo\RGB_JPG_Normais\grao_DSC_0367_id83.png,RGB_JPG_Normais,RGB_JPG_Normais
C:\Users\eduar\Desktop\Soybe-main\data\com_fundo\RGB_JPG_Normais\grao_DSC_0367_id84.png,RGB_JPG_Normais,RGB_JPG_CHOCHOS
C:\Users\eduar\Desktop\Soybe-main\data\com_fundo\RGB_JPG_Normais\grao_DSC_0367_id85.png,RGB_JPG_Normais,RGB_JPG_Normais
C:\Users\eduar\Desktop\Soybe-main\data\com_fundo\RGB_JPG_Normais\grao_DSC_0367_id86.png,RGB_JPG_Normais,RGB_JPG_Normais
C:\Users\eduar\Desktop\Soybe-main\data\com_fundo\RGB_JPG_Normais\grao_DSC_0367_id87.png,RGB_JPG_Normais,RGB_JPG_CHOCHOS
C:\Users\eduar\Desktop\Soybe-main\data\com_fundo\RGB_JPG_Normais\grao_DSC_0367_id88.png,RGB_JPG_Normais,RGB_JPG_Normais
C:\Users\eduar\Desktop\Soybe-main\data\com_fundo\RGB_JPG_Normais\grao_DSC_0367_id89.png,RGB_JPG_Normais,RGB_JPG_CHOCHOS
C:\Users\eduar\Desktop\Soybe-main\data\com_fundo\RGB_JPG_Normais\grao_DSC_0367_id9.png,RGB_JPG_Normais,RGB_JPG_CHOCHOS
C:\Users\eduar\Desktop\Soybe-main\data\com_fundo\RGB_JPG_Normais\grao_DSC_0367_id90.png,RGB_JPG_Normais,RGB_JPG_Normais
C:\Users\eduar\Desktop\Soybe-main\data\com_fundo\RGB_JPG_Normais\grao_DSC_0367_id91.png,RGB_JPG_Normais,RGB_JPG_CHOCHOS
C:\Users\eduar\Desktop\Soybe-main\data\com_fundo\RGB_JPG_Normais\grao_DSC_0367_id92.png,RGB_JPG_Normais,RGB_JPG_CHOCHOS
C:\Users\eduar\Desktop\Soybe-main\data\com_fundo\RGB_JPG_Normais\grao_DSC_0367_id93.png,RGB_JPG_Normais,RGB_JPG_CHOCHOS
C:\Users\eduar\Desktop\Soybe-main\data\com_fundo\RGB_JPG_Normais\grao_DSC_0367_id94.png,RGB_JPG_Normais,RGB_JPG_Normais
C:\Users\eduar\Desktop\Soybe-main\data\com_fundo\RGB_JPG_Normais\grao_DSC_0367_id95.png,RGB_JPG_Normais,RGB_JPG_Normais
C:\Users\eduar\Desktop\Soybe-main\data\com_fundo\RGB_JPG_Normais\grao_DSC_0367_id96.png,RGB_JPG_Normais,RGB_JPG_Normais
C:\Users\eduar\Desktop\Soybe-main\data\com_fundo\RGB_JPG_Normais\grao_DSC_0367_id97.png,RGB_JPG_Normais,RGB_JPG_Normais
C:\Users\eduar\Desktop\Soybe-main\data\com_fundo\RGB_JPG_Normais\grao_DSC_0367_id98.png,RGB_JPG_Normais,RGB_JPG_ESVERDEADO
C:\Users\eduar\Desktop\Soybe-main\data\com_fundo\RGB_JPG_Normais\grao_DSC_0367_id99.png,RGB_JPG_Normais,RGB_JPG_Normais
C:\Users\eduar\Desktop\Soybe-main\data\com_fundo\RGB_JPG_Normais\grao_DSC_0388_id1.png,RGB_JPG_Normais,RGB_JPG_Normais
C:\Users\eduar\Desktop\Soybe-main\data\com_fundo\RGB_JPG_Normais\grao_DSC_0388_id10.png,RGB_JPG_Normais,RGB_JPG_Normais
C:\Users\eduar\Desktop\Soybe-main\data\com_fundo\RGB_JPG_Normais\grao_DSC_0388_id100.png,RGB_JPG_Normais,RGB_JPG_Normais
C:\Users\eduar\Desktop\Soybe-main\data\com_fundo\RGB_JPG_Normais\grao_DSC_0388_id101.png,RGB_JPG_Normais,RGB_JPG_Normais
C:\Users\eduar\Desktop\Soybe-main\data\com_fundo\RGB_JPG_Normais\grao_DSC_0388_id102.png,RGB_JPG_Normais,RGB_JPG_Normais
C:\Users\eduar\Desktop\Soybe-main\data\com_fundo\RGB_JPG_Normais\grao_DSC_0388_id103.png,RGB_JPG_Normais,RGB_JPG_Normais
C:\Users\eduar\Desktop\Soybe-main\data\com_fundo\RGB_JPG_Normais\grao_DSC_0388_id104.png,RGB_JPG_Normais,RGB_JPG_Normais
C:\Users\eduar\Desktop\Soybe-main\data\com_fundo\RGB_JPG_Normais\grao_DSC_0388_id105.png,RGB_JPG_Normais,RGB_JPG_Normais
C:\Users\eduar\Desktop\Soybe-main\data\com_fundo\RGB_JPG_Normais\grao_DSC_0388_id106.png,RGB_JPG_Normais,RGB_JPG_Normais
C:\Users\eduar\Desktop\Soybe-main\data\com_fundo\RGB_JPG_Normais\grao_DSC_0388_id107.png,RGB_JPG_Normais,RGB_JPG_Normais
C:\Users\eduar\Desktop\Soybe-main\data\com_fundo\RGB_JPG_Normais\grao_DSC_0388_id108.png,RGB_JPG_Normais,RGB_JPG_Normais
C:\Users\eduar\Desktop\Soybe-main\data\com_fundo\RGB_JPG_Normais\grao_DSC_0388_id109.png,RGB_JPG_Normais,RGB_JPG_Normais
C:\Users\eduar\Desktop\Soybe-main\data\com_fundo\RGB_JPG_Normais\grao_DSC_0388_id11.png,RGB_JPG_Normais,RGB_JPG_Normais
C:\Users\eduar\Desktop\Soybe-main\data\com_fundo\RGB_JPG_Normais\grao_DSC_0388_id110.png,RGB_JPG_Normais,RGB_JPG_Normais
C:\Users\eduar\Desktop\Soybe-main\data\com_fundo\RGB_JPG_Normais\grao_DSC_0388_id111.png,RGB_JPG_Normais,RGB_JPG_Normais
C:\Users\eduar\Desktop\Soybe-main\data\com_fundo\RGB_JPG_Normais\grao_DSC_0388_id112.png,RGB_JPG_Normais,RGB_JPG_Normais
C:\Users\eduar\Desktop\Soybe-main\data\com_fundo\RGB_JPG_Normais\grao_DSC_0388_id113.png,RGB_JPG_Normais,RGB_JPG_Normais
C:\Users\eduar\Desktop\Soybe-main\data\com_fundo\RGB_JPG_Normais\grao_DSC_0388_id114.png,RGB_JPG_Normais,RGB_JPG_Normais
C:\Users\eduar\Desktop\Soybe-main\data\com_fundo\RGB_JPG_Normais\grao_DSC_0388_id115.png,RGB_JPG_Normais,RGB_JPG_Normais
C:\Users\eduar\Desktop\Soybe-main\data\com_fundo\RGB_JPG_Normais\grao_DSC_0388_id116.png,RGB_JPG_Normais,RGB_JPG_Normais
C:\Users\eduar\Desktop\Soybe-main\data\com_fundo\RGB_JPG_Normais\grao_DSC_0388_id117.png,RGB_JPG_Normais,RGB_JPG_Normais
C:\Users\eduar\Desktop\Soybe-main\data\com_fundo\RGB_JPG_Normais\grao_DSC_0388_id118.png,RGB_JPG_Normais,RGB_JPG_Normais
C:\Users\eduar\Desktop\Soybe-main\data\com_fundo\RGB_JPG_Normais\grao_DSC_0388_id119.png,RGB_JPG_Normais,RGB_JPG_Normais
C:\Users\eduar\Desktop\Soybe-main\data\com_fundo\RGB_JPG_Normais\grao_DSC_0388_id12.png,RGB_JPG_Normais,RGB_JPG_CHOCHOS
C:\Users\eduar\Desktop\Soybe-main\data\com_fundo\RGB_JPG_Normais\grao_DSC_0388_id120.png,RGB_JPG_Normais,RGB_JPG_Normais
C:\Users\eduar\Desktop\Soybe-main\data\com_fundo\RGB_JPG_Normais\grao_DSC_0388_id13.png,RGB_JPG_Normais,RGB_JPG_Normais
C:\Users\eduar\Desktop\Soybe-main\data\com_fundo\RGB_JPG_Normais\grao_DSC_0388_id14.png,RGB_JPG_Normais,RGB_JPG_QUEBRADOS
C:\Users\eduar\Desktop\Soybe-main\data\com_fundo\RGB_JPG_Normais\grao_DSC_0388_id15.png,RGB_JPG_Normais,RGB_JPG_Normais
C:\Users\eduar\Desktop\Soybe-main\data\com_fundo\RGB_JPG_Normais\grao_DSC_0388_id16.png,RGB_JPG_Normais,RGB_JPG_Normais
C:\Users\eduar\Desktop\Soybe-main\data\com_fundo\RGB_JPG_Normais\grao_DSC_0388_id17.png,RGB_JPG_Normais,RGB_JPG_QUEBRADOS
C:\Users\eduar\Desktop\Soybe-main\data\com_fundo\RGB_JPG_Normais\grao_DSC_0388_id2.png,RGB_JPG_Normais,RGB_JPG_QUEBRADOS
C:\Users\eduar\Desktop\Soybe-main\data\com_fundo\RGB_JPG_Normais\grao_DSC_0388_id22.png,RGB_JPG_Normais,RGB_JPG_QUEBRADOS
C:\Users\eduar\Desktop\Soybe-main\data\com_fundo\RGB_JPG_Normais\grao_DSC_0388_id23.png,RGB_JPG_Normais,RGB_JPG_Normais
C:\Users\eduar\Desktop\Soybe-main\data\com_fundo\RGB_JPG_Normais\grao_DSC_0388_id24.png,RGB_JPG_Normais,RGB_JPG_Normais
C:\Users\eduar\Desktop\Soybe-main\data\com_fundo\RGB_JPG_Normais\grao_DSC_0388_id25.png,RGB_JPG_Normais,RGB_JPG_Normais
C:\Users\eduar\Desktop\Soybe-main\data\com_fundo\RGB_JPG_Normais\grao_DSC_0388_id26.png,RGB_JPG_Normais,RGB_JPG_Normais
C:\Users\eduar\Desktop\Soybe-main\data\com_fundo\RGB_JPG_Normais\grao_DSC_0388_id27.png,RGB_JPG_Normais,RGB_JPG_Normais
C:\Users\eduar\Desktop\Soybe-main\data\com_fundo\RGB_JPG_Normais\grao_DSC_0388_id28.png,RGB_JPG_Normais,RGB_JPG_QUEBRADOS
C:\Users\eduar\Desktop\Soybe-main\data\com_fundo\RGB_JPG_Normais\grao_DSC_0388_id29.png,RGB_JPG_Normais,RGB_JPG_Normais
C:\Users\eduar\Desktop\Soybe-main\data\com_fundo\RGB_JPG_Normais\grao_DSC_0388_id3.png,RGB_JPG_Normais,RGB_JPG_Normais
C:\Users\eduar\Desktop\Soybe-main\data\com_fundo\RGB_JPG_Normais\grao_DSC_0388_id30.png,RGB_JPG_Normais,RGB_JPG_Normais
C:\Users\eduar\Desktop\Soybe-main\data\com_fundo\RGB_JPG_Normais\grao_DSC_0388_id32.png,RGB_JPG_Normais,RGB_JPG_Normais
C:\Users\eduar\Desktop\Soybe-main\data\com_fundo\RGB_JPG_Normais\grao_DSC_0388_id33.png,RGB_JPG_Normais,RGB_JPG_Normais
C:\Users\eduar\Desktop\Soybe-main\data\com_fundo\RGB_JPG_Normais\grao_DSC_0388_id34.png,RGB_JPG_Normais,RGB_JPG_Normais
C:\Users\eduar\Desktop\Soybe-main\data\com_fundo\RGB_JPG_Normais\grao_DSC_0388_id35.png,RGB_JPG_Normais,RGB_JPG_Normais
C:\Users\eduar\Desktop\Soybe-main\data\com_fundo\RGB_JPG_Normais\grao_DSC_0388_id36.png,RGB_JPG_Normais,RGB_JPG_Normais
C:\Users\eduar\Desktop\Soybe-main\data\com_fundo\RGB_JPG_Normais\grao_DSC_0388_id37.png,RGB_JPG_Normais,RGB_JPG_Normais
C:\Users\eduar\Desktop\Soybe-main\data\com_fundo\RGB_JPG_Normais\grao_DSC_0388_id38.png,RGB_JPG_Normais,RGB_JPG_Normais
C:\Users\eduar\Desktop\Soybe-main\data\com_fundo\RGB_JPG_Normais\grao_DSC_0388_id39.png,RGB_JPG_Normais,RGB_JPG_Normais
C:\Users\eduar\Desktop\Soybe-main\data\com_fundo\RGB_JPG_Normais\grao_DSC_0388_id4.png,RGB_JPG_Normais,RGB_JPG_Normais
C:\Users\eduar\Desktop\Soybe-main\data\com_fundo\RGB_JPG_Normais\grao_DSC_0388_id40.png,RGB_JPG_Normais,RGB_JPG_Normais
C:\Users\eduar\Desktop\Soybe-main\data\com_fundo\RGB_JPG_Normais\grao_DSC_0388_id41.png,RGB_JPG_Normais,RGB_JPG_Normais
C:\Users\eduar\Desktop\Soybe-main\data\com_fundo\RGB_JPG_Normais\grao_DSC_0388_id42.png,RGB_JPG_Normais,RGB_JPG_Normais
C:\Users\eduar\Desktop\Soybe-main\data\com_fundo\RGB_JPG_Normais\grao_DSC_0388_id43.png,RGB_JPG_Normais,RGB_JPG_Normais
C:\Users\eduar\Desktop\Soybe-main\data\com_fundo\RGB_JPG_Normais\grao_DSC_0388_id44.png,RGB_JPG_Normais,RGB_JPG_Normais
C:\Users\eduar\Desktop\Soybe-main\data\com_fundo\RGB_JPG_Normais\grao_DSC_0388_id45.png,RGB_JPG_Normais,RGB_JPG_Normais
C:\Users\eduar\Desktop\Soybe-main\data\com_fundo\RGB_JPG_Normais\grao_DSC_0388_id46.png,RGB_JPG_Normais,RGB_JPG_Normais
C:\Users\eduar\Desktop\Soybe-main\data\com_fundo\RGB_JPG_Normais\grao_DSC_0388_id47.png,RGB_JPG_Normais,RGB_JPG_Normais
C:\Users\eduar\Desktop\Soybe-main\data\com_fundo\RGB_JPG_Normais\grao_DSC_0388_id48.png,RGB_JPG_Normais,RGB_JPG_Normais
C:\Users\eduar\Desktop\Soybe-main\data\com_fundo\RGB_JPG_Normais\grao_DSC_0388_id49.png,RGB_JPG_Normais,RGB_JPG_QUEBRADOS
C:\Users\eduar\Desktop\Soybe-main\data\com_fundo\RGB_JPG_Normais\grao_DSC_0388_id5.png,RGB_JPG_Normais,RGB_JPG_QUEBRADOS
C:\Users\eduar\Desktop\Soybe-main\data\com_fundo\RGB_JPG_Normais\grao_DSC_0388_id50.png,RGB_JPG_Normais,RGB_JPG_Normais
C:\Users\eduar\Desktop\Soybe-main\data\com_fundo\RGB_JPG_Normais\grao_DSC_0388_id51.png,RGB_JPG_Normais,RGB_JPG_Normais
C:\Users\eduar\Desktop\Soybe-main\data\com_fundo\RGB_JPG_Normais\grao_DSC_0388_id52.png,RGB_JPG_Normais,RGB_JPG_Normais
C:\Users\eduar\Desktop\Soybe-main\data\com_fundo\RGB_JPG_Normais\grao_DSC_0388_id53.png,RGB_JPG_Normais,RGB_JPG_Normais
C:\Users\eduar\Desktop\Soybe-main\data\com_fundo\RGB_JPG_Normais\grao_DSC_0388_id54.png,RGB_JPG_Normais,RGB_JPG_Normais
C:\Users\eduar\Desktop\Soybe-main\data\com_fundo\RGB_JPG_Normais\grao_DSC_0388_id55.png,RGB_JPG_Normais,RGB_JPG_Normais
C:\Users\eduar\Desktop\Soybe-main\data\com_fundo\RGB_JPG_Normais\grao_DSC_0388_id56.png,RGB_JPG_Normais,RGB_JPG_Normais
C:\Users\eduar\Desktop\Soybe-main\data\com_fundo\RGB_JPG_Normais\grao_DSC_0388_id57.png,RGB_JPG_Normais,RGB_JPG_Normais
C:\Users\eduar\Desktop\Soybe-main\data\com_fundo\RGB_JPG_Normais\grao_DSC_0388_id58.png,RGB_JPG_Normais,RGB_JPG_Normais
C:\Users\eduar\Desktop\Soybe-main\data\com_fundo\RGB_JPG_Normais\grao_DSC_0388_id59.png,RGB_JPG_Normais,RGB_JPG_Normais
C:\Users\eduar\Desktop\Soybe-main\data\com_fundo\RGB_JPG_Normais\grao_DSC_0388_id6.png,RGB_JPG_Normais,RGB_JPG_Normais
C:\Users\eduar\Desktop\Soybe-main\data\com_fundo\RGB_JPG_Normais\grao_DSC_0388_id60.png,RGB_JPG_Normais,RGB_JPG_CHOCHOS
C:\Users\eduar\Desktop\Soybe-main\data\com_fundo\RGB_JPG_Normais\grao_DSC_0388_id61.png,RGB_JPG_Normais,RGB_JPG_Normais
C:\Users\eduar\Desktop\Soybe-main\data\com_fundo\RGB_JPG_Normais\grao_DSC_0388_id62.png,RGB_JPG_Normais,RGB_JPG_Normais
C:\Users\eduar\Desktop\Soybe-main\data\com_fundo\RGB_JPG_Normais\grao_DSC_0388_id63.png,RGB_JPG_Normais,RGB_JPG_Normais
C:\Users\eduar\Desktop\Soybe-main\data\com_fundo\RGB_JPG_Normais\grao_DSC_0388_id64.png,RGB_JPG_Normais,RGB_JPG_Normais
C:\Users\eduar\Desktop\Soybe-main\data\com_fundo\RGB_JPG_Normais\grao_DSC_0388_id65.png,RGB_JPG_Normais,RGB_JPG_Normais
C:\Users\eduar\Desktop\Soybe-main\data\com_fundo\RGB_JPG_Normais\grao_DSC_0388_id66.png,RGB_JPG_Normais,RGB_JPG_Normais
C:\Users\eduar\Desktop\Soybe-main\data\com_fundo\RGB_JPG_Normais\grao_DSC_0388_id67.png,RGB_JPG_Normais,RGB_JPG_Normais
C:\Users\eduar\Desktop\Soybe-main\data\com_fundo\RGB_JPG_Normais\grao_DSC_0388_id68.png,RGB_JPG_Normais,RGB_JPG_Normais
C:\Users\eduar\Desktop\Soybe-main\data\com_fundo\RGB_JPG_Normais\grao_DSC_0388_id69.png,RGB_JPG_Normais,RGB_JPG_Normais
C:\Users\eduar\Desktop\Soybe-main\data\com_fundo\RGB_JPG_Normais\grao_DSC_0388_id7.png,RGB_JPG_Normais,RGB_JPG_Normais
C:\Users\eduar\Desktop\Soybe-main\data\com_fundo\RGB_JPG_Normais\grao_DSC_0388_id70.png,RGB_JPG_Normais,RGB_JPG_Normais
C:\Users\eduar\Desktop\Soybe-main\data\com_fundo\RGB_JPG_Normais\grao_DSC_0388_id71.png,RGB_JPG_Normais,RGB_JPG_Normais
C:\Users\eduar\Desktop\Soybe-main\data\com_fundo\RGB_JPG_Normais\grao_DSC_0388_id72.png,RGB_JPG_Normais,RGB_JPG_Normais
C:\Users\eduar\Desktop\Soybe-main\data\com_fundo\RGB_JPG_Normais\grao_DSC_0388_id73.png,RGB_JPG_Normais,RGB_JPG_Normais
C:\Users\eduar\Desktop\Soybe-main\data\com_fundo\RGB_JPG_Normais\grao_DSC_0388_id74.png,RGB_JPG_Normais,RGB_JPG_Normais
C:\Users\eduar\Desktop\Soybe-main\data\com_fundo\RGB_JPG_Normais\grao_DSC_0388_id75.png,RGB_JPG_Normais,RGB_JPG_Normais
C:\Users\eduar\Desktop\Soybe-main\data\com_fundo\RGB_JPG_Normais\grao_DSC_0388_id76.png,RGB_JPG_Normais,RGB_JPG_Normais
C:\Users\eduar\Desktop\Soybe-main\data\com_fundo\RGB_JPG_Normais\grao_DSC_0388_id77.png,RGB_JPG_Normais,RGB_JPG_Normais
C:\Users\eduar\Desktop\Soybe-main\data\com_fundo\RGB_JPG_Normais\grao_DSC_0388_id78.png,RGB_JPG_Normais,RGB_JPG_Normais
C:\Users\eduar\Desktop\Soybe-main\data\com_fundo\RGB_JPG_Normais\grao_DSC_0388_id79.png,RGB_JPG_Normais,RGB_JPG_Normais
C:\Users\eduar\Desktop\Soybe-main\data\com_fundo\RGB_JPG_Normais\grao_DSC_0388_id8.png,RGB_JPG_Normais,RGB_JPG_Normais
C:\Users\eduar\Desktop\Soybe-main\data\com_fundo\RGB_JPG_Normais\grao_DSC_0388_id81.png,RGB_JPG_Normais,RGB_JPG_Normais
C:\Users\eduar\Desktop\Soybe-main\data\com_fundo\RGB_JPG_Normais\grao_DSC_0388_id82.png,RGB_JPG_Normais,RGB_JPG_Normais
C:\Users\eduar\Desktop\Soybe-main\data\com_fundo\RGB_JPG_Normais\grao_DSC_0388_id83.png,RGB_JPG_Normais,RGB_JPG_Normais
C:\Users\eduar\Desktop\Soybe-main\data\com_fundo\RGB_JPG_Normais\grao_DSC_0388_id84.png,RGB_JPG_Normais,RGB_JPG_Normais
C:\Users\eduar\Desktop\Soybe-main\data\com_fundo\RGB_JPG_Normais\grao_DSC_0388_id85.png,RGB_JPG_Normais,RGB_JPG_Normais
C:\Users\eduar\Desktop\Soybe-main\data\com_fundo\RGB_JPG_Normais\grao_DSC_0388_id86.png,RGB_JPG_Normais,RGB_JPG_Normais
C:\Users\eduar\Desktop\Soybe-main\data\com_fundo\RGB_JPG_Normais\grao_DSC_0388_id87.png,RGB_JPG_Normais,RGB_JPG_Normais
C:\Users\eduar\Desktop\Soybe-main\data\com_fundo\RGB_JPG_Normais\grao_DSC_0388_id88.png,RGB_JPG_Normais,RGB_JPG_Normais
C:\Users\eduar\Desktop\Soybe-main\data\com_fundo\RGB_JPG_Normais\grao_DSC_0388_id89.png,RGB_JPG_Normais,RGB_JPG_Normais
C:\Users\eduar\Desktop\Soybe-main\data\com_fundo\RGB_JPG_Normais\grao_DSC_0388_id9.png,RGB_JPG_Normais,RGB_JPG_Normais
C:\Users\eduar\Desktop\Soybe-main\data\com_fundo\RGB_JPG_Normais\grao_DSC_0388_id90.png,RGB_JPG_Normais,RGB_JPG_Normais
C:\Users\eduar\Desktop\Soybe-main\data\com_fundo\RGB_JPG_Normais\grao_DSC_0388_id91.png,RGB_JPG_Normais,RGB_JPG_Normais
C:\Users\eduar\Desktop\Soybe-main\data\com_fundo\RGB_JPG_Normais\grao_DSC_0388_id92.png,RGB_JPG_Normais,RGB_JPG_CHOCHOS
C:\Users\eduar\Desktop\Soybe-main\data\com_fundo\RGB_JPG_Normais\grao_DSC_0388_id93.png,RGB_JPG_Normais,RGB_JPG_Normais
C:\Users\eduar\Desktop\Soybe-main\data\com_fundo\RGB_JPG_Normais\grao_DSC_0388_id94.png,RGB_JPG_Normais,RGB_JPG_QUEBRADOS
C:\Users\eduar\Desktop\Soybe-main\data\com_fundo\RGB_JPG_Normais\grao_DSC_0388_id95.png,RGB_JPG_Normais,RGB_JPG_Normais
C:\Users\eduar\Desktop\Soybe-main\data\com_fundo\RGB_JPG_Normais\grao_DSC_0388_id96.png,RGB_JPG_Normais,RGB_JPG_QUEBRADOS
C:\Users\eduar\Desktop\Soybe-main\data\com_fundo\RGB_JPG_Normais\grao_DSC_0388_id97.png,RGB_JPG_Normais,RGB_JPG_Normais
C:\Users\eduar\Desktop\Soybe-main\data\com_fundo\RGB_JPG_Normais\grao_DSC_0388_id98.png,RGB_JPG_Normais,RGB_JPG_Normais
C:\Users\eduar\Desktop\Soybe-main\data\com_fundo\RGB_JPG_Normais\grao_DSC_0388_id99.png,RGB_JPG_Normais,RGB_JPG_Normais
C:\Users\eduar\Desktop\Soybe-main\data\com_fundo\RGB_JPG_Normais\grao_DSC_0396_id1.png,RGB_JPG_Normais,RGB_JPG_Normais
C:\Users\eduar\Desktop\Soybe-main\data\com_fundo\RGB_JPG_Normais\grao_DSC_0396_id10.png,RGB_JPG_Normais,RGB_JPG_Normais
C:\Users\eduar\Desktop\Soybe-main\data\com_fundo\RGB_JPG_Normais\grao_DSC_0396_id100.png,RGB_JPG_Normais,RGB_JPG_Normais
C:\Users\eduar\Desktop\Soybe-main\data\com_fundo\RGB_JPG_Normais\grao_DSC_0396_id101.png,RGB_JPG_Normais,RGB_JPG_Normais
C:\Users\eduar\Desktop\Soybe-main\data\com_fundo\RGB_JPG_Normais\grao_DSC_0396_id102.png,RGB_JPG_Normais,RGB_JPG_Normais
C:\Users\eduar\Desktop\Soybe-main\data\com_fundo\RGB_JPG_Normais\grao_DSC_0396_id103.png,RGB_JPG_Normais,RGB_JPG_Normais
C:\Users\eduar\Desktop\Soybe-main\data\com_fundo\RGB_JPG_Normais\grao_DSC_0396_id11.png,RGB_JPG_Normais,RGB_JPG_CHOCHOS
C:\Users\eduar\Desktop\Soybe-main\data\com_fundo\RGB_JPG_Normais\grao_DSC_0396_id12.png,RGB_JPG_Normais,RGB_JPG_Normais
C:\Users\eduar\Desktop\Soybe-main\data\com_fundo\RGB_JPG_Normais\grao_DSC_0396_id13.png,RGB_JPG_Normais,RGB_JPG_Normais
C:\Users\eduar\Desktop\Soybe-main\data\com_fundo\RGB_JPG_Normais\grao_DSC_0396_id14.png,RGB_JPG_Normais,RGB_JPG_Normais
C:\Users\eduar\Desktop\Soybe-main\data\com_fundo\RGB_JPG_Normais\grao_DSC_0396_id16.png,RGB_JPG_Normais,RGB_JPG_Normais
C:\Users\eduar\Desktop\Soybe-main\data\com_fundo\RGB_JPG_Normais\grao_DSC_0396_id17.png,RGB_JPG_Normais,RGB_JPG_Normais
C:\Users\eduar\Desktop\Soybe-main\data\com_fundo\RGB_JPG_Normais\grao_DSC_0396_id18.png,RGB_JPG_Normais,RGB_JPG_PURPURAS
C:\Users\eduar\Desktop\Soybe-main\data\com_fundo\RGB_JPG_Normais\grao_DSC_0396_id19.png,RGB_JPG_Normais,RGB_JPG_CHOCHOS
C:\Users\eduar\Desktop\Soybe-main\data\com_fundo\RGB_JPG_Normais\grao_DSC_0396_id2.png,RGB_JPG_Normais,RGB_JPG_Normais
C:\Users\eduar\Desktop\Soybe-main\data\com_fundo\RGB_JPG_Normais\grao_DSC_0396_id20.png,RGB_JPG_Normais,RGB_JPG_Normais
C:\Users\eduar\Desktop\Soybe-main\data\com_fundo\RGB_JPG_Normais\grao_DSC_0396_id21.png,RGB_JPG_Normais,RGB_JPG_QUEBRADOS
C:\Users\eduar\Desktop\Soybe-main\data\com_fundo\RGB_JPG_Normais\grao_DSC_0396_id22.png,RGB_JPG_Normais,RGB_JPG_Normais
C:\Users\eduar\Desktop\Soybe-main\data\com_fundo\RGB_JPG_Normais\grao_DSC_0396_id23.png,RGB_JPG_Normais,RGB_JPG_Normais
C:\Users\eduar\Desktop\Soybe-main\data\com_fundo\RGB_JPG_Normais\grao_DSC_0396_id24.png,RGB_JPG_Normais,RGB_JPG_Normais
C:\Users\eduar\Desktop\Soybe-main\data\com_fundo\RGB_JPG_Normais\grao_DSC_0396_id25.png,RGB_JPG_Normais,RGB_JPG_Normais
C:\Users\eduar\Desktop\Soybe-main\data\com_fundo\RGB_JPG_Normais\grao_DSC_0396_id26.png,RGB_JPG_Normais,RGB_JPG_Normais
C:\Users\eduar\Desktop\Soybe-main\data\com_fundo\RGB_JPG_Normais\grao_DSC_0396_id27.png,RGB_JPG_Normais,RGB_JPG_Normais
C:\Users\eduar\Desktop\Soybe-main\data\com_fundo\RGB_JPG_Normais\grao_DSC_0396_id28.png,RGB_JPG_Normais,RGB_JPG_Normais
C:\Users\eduar\Desktop\Soybe-main\data\com_fundo\RGB_JPG_Normais\grao_DSC_0396_id29.png,RGB_JPG_Normais,RGB_JPG_Normais
C:\Users\eduar\Desktop\Soybe-main\data\com_fundo\RGB_JPG_Normais\grao_DSC_0396_id3.png,RGB_JPG_Normais,RGB_JPG_ESVERDEADO
C:\Users\eduar\Desktop\Soybe-main\data\com_fundo\RGB_JPG_Normais\grao_DSC_0396_id30.png,RGB_JPG_Normais,RGB_JPG_Normais
C:\Users\eduar\Desktop\Soybe-main\data\com_fundo\RGB_JPG_Normais\grao_DSC_0396_id31.png,RGB_JPG_Normais,RGB_JPG_CHOCHOS
C:\Users\eduar\Desktop\Soybe-main\data\com_fundo\RGB_JPG_Normais\grao_DSC_0396_id32.png,RGB_JPG_Normais,RGB_JPG_Normais
C:\Users\eduar\Desktop\Soybe-main\data\com_fundo\RGB_JPG_Normais\grao_DSC_0396_id33.png,RGB_JPG_Normais,RGB_JPG_Normais
C:\Users\eduar\Desktop\Soybe-main\data\com_fundo\RGB_JPG_Normais\grao_DSC_0396_id34.png,RGB_JPG_Normais,RGB_JPG_Normais
C:\Users\eduar\Desktop\Soybe-main\data\com_fundo\RGB_JPG_Normais\grao_DSC_0396_id35.png,RGB_JPG_Normais,RGB_JPG_Normais
C:\Users\eduar\Desktop\Soybe-main\data\com_fundo\RGB_JPG_Normais\grao_DSC_0396_id36.png,RGB_JPG_Normais,RGB_JPG_Normais
C:\Users\eduar\Desktop\Soybe-main\data\com_fundo\RGB_JPG_Normais\grao_DSC_0396_id37.png,RGB_JPG_Normais,RGB_JPG_Normais
C:\Users\eduar\Desktop\Soybe-main\data\com_fundo\RGB_JPG_Normais\grao_DSC_0396_id38.png,RGB_JPG_Normais,RGB_JPG_Normais
C:\Users\eduar\Desktop\Soybe-main\data\com_fundo\RGB_JPG_Normais\grao_DSC_0396_id39.png,RGB_JPG_Normais,RGB_JPG_Normais
C:\Users\eduar\Desktop\Soybe-main\data\com_fundo\RGB_JPG_Normais\grao_DSC_0396_id4.png,RGB_JPG_Normais,RGB_JPG_Normais
C:\Users\eduar\Desktop\Soybe-main\data\com_fundo\RGB_JPG_Normais\grao_DSC_0396_id40.png,RGB_JPG_Normais,RGB_JPG_Normais
C:\Users\eduar\Desktop\Soybe-main\data\com_fundo\RGB_JPG_Normais\grao_DSC_0396_id41.png,RGB_JPG_Normais,RGB_JPG_Normais
C:\Users\eduar\Desktop\Soybe-main\data\com_fundo\RGB_JPG_Normais\grao_DSC_0396_id42.png,RGB_JPG_Normais,RGB_JPG_Normais
C:\Users\eduar\Desktop\Soybe-main\data\com_fundo\RGB_JPG_Normais\grao_DSC_0396_id43.png,RGB_JPG_Normais,RGB_JPG_Normais
C:\Users\eduar\Desktop\Soybe-main\data\com_fundo\RGB_JPG_Normais\grao_DSC_0396_id44.png,RGB_JPG_Normais,RGB_JPG_Normais
C:\Users\eduar\Desktop\Soybe-main\data\com_fundo\RGB_JPG_Normais\grao_DSC_0396_id45.png,RGB_JPG_Normais,RGB_JPG_Normais
C:\Users\eduar\Desktop\Soybe-main\data\com_fundo\RGB_JPG_Normais\grao_DSC_0396_id46.png,RGB_JPG_Normais,RGB_JPG_Normais
C:\Users\eduar\Desktop\Soybe-main\data\com_fundo\RGB_JPG_Normais\grao_DSC_0396_id47.png,RGB_JPG_Normais,RGB_JPG_Normais
C:\Users\eduar\Desktop\Soybe-main\data\com_fundo\RGB_JPG_Normais\grao_DSC_0396_id48.png,RGB_JPG_Normais,RGB_JPG_Normais
C:\Users\eduar\Desktop\Soybe-main\data\com_fundo\RGB_JPG_Normais\grao_DSC_0396_id49.png,RGB_JPG_Normais,RGB_JPG_Normais
C:\Users\eduar\Desktop\Soybe-main\data\com_fundo\RGB_JPG_Normais\grao_DSC_0396_id5.png,RGB_JPG_Normais,RGB_JPG_Normais
C:\Users\eduar\Desktop\Soybe-main\data\com_fundo\RGB_JPG_Normais\grao_DSC_0396_id50.png,RGB_JPG_Normais,RGB_JPG_Normais
C:\Users\eduar\Desktop\Soybe-main\data\com_fundo\RGB_JPG_Normais\grao_DSC_0396_id51.png,RGB_JPG_Normais,RGB_JPG_Normais
C:\Users\eduar\Desktop\Soybe-main\data\com_fundo\RGB_JPG_Normais\grao_DSC_0396_id52.png,RGB_JPG_Normais,RGB_JPG_Normais
C:\Users\eduar\Desktop\Soybe-main\data\com_fundo\RGB_JPG_Normais\grao_DSC_0396_id53.png,RGB_JPG_Normais,RGB_JPG_Normais
C:\Users\eduar\Desktop\Soybe-main\data\com_fundo\RGB_JPG_Normais\grao_DSC_0396_id54.png,RGB_JPG_Normais,RGB_JPG_Normais
C:\Users\eduar\Desktop\Soybe-main\data\com_fundo\RGB_JPG_Normais\grao_DSC_0396_id55.png,RGB_JPG_Normais,RGB_JPG_Normais
C:\Users\eduar\Desktop\Soybe-main\data\com_fundo\RGB_JPG_Normais\grao_DSC_0396_id56.png,RGB_JPG_Normais,RGB_JPG_QUEBRADOS
C:\Users\eduar\Desktop\Soybe-main\data\com_fundo\RGB_JPG_Normais\grao_DSC_0396_id57.png,RGB_JPG_Normais,RGB_JPG_Normais
C:\Users\eduar\Desktop\Soybe-main\data\com_fundo\RGB_JPG_Normais\grao_DSC_0396_id58.png,RGB_JPG_Normais,RGB_JPG_Normais
C:\Users\eduar\Desktop\Soybe-main\data\com_fundo\RGB_JPG_Normais\grao_DSC_0396_id59.png,RGB_JPG_Normais,RGB_JPG_Normais
C:\Users\eduar\Desktop\Soybe-main\data\com_fundo\RGB_JPG_Normais\grao_DSC_0396_id6.png,RGB_JPG_Normais,RGB_JPG_ESVERDEADO
C:\Users\eduar\Desktop\Soybe-main\data\com_fundo\RGB_JPG_Normais\grao_DSC_0396_id60.png,RGB_JPG_Normais,RGB_JPG_Normais
C:\Users\eduar\Desktop\Soybe-main\data\com_fundo\RGB_JPG_Normais\grao_DSC_0396_id61.png,RGB_JPG_Normais,RGB_JPG_Normais
C:\Users\eduar\Desktop\Soybe-main\data\com_fundo\RGB_JPG_Normais\grao_DSC_0396_id62.png,RGB_JPG_Normais,RGB_JPG_Normais
C:\Users\eduar\Desktop\Soybe-main\data\com_fundo\RGB_JPG_Normais\grao_DSC_0396_id63.png,RGB_JPG_Normais,RGB_JPG_Normais
C:\Users\eduar\Desktop\Soybe-main\data\com_fundo\RGB_JPG_Normais\grao_DSC_0396_id64.png,RGB_JPG_Normais,RGB_JPG_Normais
C:\Users\eduar\Desktop\Soybe-main\data\com_fundo\RGB_JPG_Normais\grao_DSC_0396_id65.png,RGB_JPG_Normais,RGB_JPG_Normais
C:\Users\eduar\Desktop\Soybe-main\data\com_fundo\RGB_JPG_Normais\grao_DSC_0396_id66.png,RGB_JPG_Normais,RGB_JPG_Normais
C:\Users\eduar\Desktop\Soybe-main\data\com_fundo\RGB_JPG_Normais\grao_DSC_0396_id67.png,RGB_JPG_Normais,RGB_JPG_Normais
C:\Users\eduar\Desktop\Soybe-main\data\com_fundo\RGB_JPG_Normais\grao_DSC_0396_id68.png,RGB_JPG_Normais,RGB_JPG_Normais
C:\Users\eduar\Desktop\Soybe-main\data\com_fundo\RGB_JPG_Normais\grao_DSC_0396_id69.png,RGB_JPG_Normais,RGB_JPG_Normais
C:\Users\eduar\Desktop\Soybe-main\data\com_fundo\RGB_JPG_Normais\grao_DSC_0396_id7.png,RGB_JPG_Normais,RGB_JPG_CHOCHOS
C:\Users\eduar\Desktop\Soybe-main\data\com_fundo\RGB_JPG_Normais\grao_DSC_0396_id70.png,RGB_JPG_Normais,RGB_JPG_Normais
C:\Users\eduar\Desktop\Soybe-main\data\com_fundo\RGB_JPG_Normais\grao_DSC_0396_id71.png,RGB_JPG_Normais,RGB_JPG_Normais
C:\Users\eduar\Desktop\Soybe-main\data\com_fundo\RGB_JPG_Normais\grao_DSC_0396_id72.png,RGB_JPG_Normais,RGB_JPG_QUEBRADOS
C:\Users\eduar\Desktop\Soybe-main\data\com_fundo\RGB_JPG_Normais\grao_DSC_0396_id73.png,RGB_JPG_Normais,RGB_JPG_Normais
C:\Users\eduar\Desktop\Soybe-main\data\com_fundo\RGB_JPG_Normais\grao_DSC_0396_id74.png,RGB_JPG_Normais,RGB_JPG_Normais
C:\Users\eduar\Desktop\Soybe-main\data\com_fundo\RGB_JPG_Normais\grao_DSC_0396_id75.png,RGB_JPG_Normais,RGB_JPG_Normais
C:\Users\eduar\Desktop\Soybe-main\data\com_fundo\RGB_JPG_Normais\grao_DSC_0396_id76.png,RGB_JPG_Normais,RGB_JPG_Normais
C:\Users\eduar\Desktop\Soybe-main\data\com_fundo\RGB_JPG_Normais\grao_DSC_0396_id77.png,RGB_JPG_Normais,RGB_JPG_Normais
C:\Users\eduar\Desktop\Soybe-main\data\com_fundo\RGB_JPG_Normais\grao_DSC_0396_id78.png,RGB_JPG_Normais,RGB_JPG_Normais
C:\Users\eduar\Desktop\Soybe-main\data\com_fundo\RGB_JPG_Normais\grao_DSC_0396_id79.png,RGB_JPG_Normais,RGB_JPG_Normais
C:\Users\eduar\Desktop\Soybe-main\data\com_fundo\RGB_JPG_Normais\grao_DSC_0396_id8.png,RGB_JPG_Normais,RGB_JPG_ESVERDEADO
C:\Users\eduar\Desktop\Soybe-main\data\com_fundo\RGB_JPG_Normais\grao_DSC_0396_id80.png,RGB_JPG_Normais,RGB_JPG_CHOCHOS
C:\Users\eduar\Desktop\Soybe-main\data\com_fundo\RGB_JPG_Normais\grao_DSC_0396_id81.png,RGB_JPG_Normais,RGB_JPG_Normais
C:\Users\eduar\Desktop\Soybe-main\data\com_fundo\RGB_JPG_Normais\grao_DSC_0396_id82.png,RGB_JPG_Normais,RGB_JPG_Normais
C:\Users\eduar\Desktop\Soybe-main\data\com_fundo\RGB_JPG_Normais\grao_DSC_0396_id83.png,RGB_JPG_Normais,RGB_JPG_Normais
C:\Users\eduar\Desktop\Soybe-main\data\com_fundo\RGB_JPG_Normais\grao_DSC_0396_id84.png,RGB_JPG_Normais,RGB_JPG_Normais
C:\Users\eduar\Desktop\Soybe-main\data\com_fundo\RGB_JPG_Normais\grao_DSC_0396_id85.png,RGB_JPG_Normais,RGB_JPG_Normais
C:\Users\eduar\Desktop\Soybe-main\data\com_fundo\RGB_JPG_Normais\grao_DSC_0396_id86.png,RGB_JPG_Normais,RGB_JPG_Normais
C:\Users\eduar\Desktop\Soybe-main\data\com_fundo\RGB_JPG_Normais\grao_DSC_0396_id87.png,RGB_JPG_Normais,RGB_JPG_Normais
C:\Users\eduar\Desktop\Soybe-main\data\com_fundo\RGB_JPG_Normais\grao_DSC_0396_id88.png,RGB_JPG_Normais,RGB_JPG_Normais
C:\Users\eduar\Desktop\Soybe-main\data\com_fundo\RGB_JPG_Normais\grao_DSC_0396_id89.png,RGB_JPG_Normais,RGB_JPG_Normais
C:\Users\eduar\Desktop\Soybe-main\data\com_fundo\RGB_JPG_Normais\grao_DSC_0396_id9.png,RGB_JPG_Normais,RGB_JPG_Normais
C:\Users\eduar\Desktop\Soybe-main\data\com_fundo\RGB_JPG_Normais\grao_DSC_0396_id90.png,RGB_JPG_Normais,RGB_JPG_Normais
C:\Users\eduar\Desktop\Soybe-main\data\com_fundo\RGB_JPG_Normais\grao_DSC_0396_id91.png,RGB_JPG_Normais,RGB_JPG_Normais
C:\Users\eduar\Desktop\Soybe-main\data\com_fundo\RGB_JPG_Normais\grao_DSC_0396_id92.png,RGB_JPG_Normais,RGB_JPG_Normais
C:\Users\eduar\Desktop\Soybe-main\data\com_fundo\RGB_JPG_Normais\grao_DSC_0396_id93.png,RGB_JPG_Normais,RGB_JPG_Normais
C:\Users\eduar\Desktop\Soybe-main\data\com_fundo\RGB_JPG_Normais\grao_DSC_0396_id94.png,RGB_JPG_Normais,RGB_JPG_Normais
C:\Users\eduar\Desktop\Soybe-main\data\com_fundo\RGB_JPG_Normais\grao_DSC_0396_id95.png,RGB_JPG_Normais,RGB_JPG_Normais
C:\Users\eduar\Desktop\Soybe-main\data\com_fundo\RGB_JPG_Normais\grao_DSC_0396_id96.png,RGB_JPG_Normais,RGB_JPG_Normais
C:\Users\eduar\Desktop\Soybe-main\data\com_fundo\RGB_JPG_Normais\grao_DSC_0396_id97.png,RGB_JPG_Normais,RGB_JPG_Normais
C:\Users\eduar\Desktop\Soybe-main\data\com_fundo\RGB_JPG_Normais\grao_DSC_0396_id98.png,RGB_JPG_Normais,RGB_JPG_Normais
C:\Users\eduar\Desktop\Soybe-main\data\com_fundo\RGB_JPG_Normais\grao_DSC_0396_id99.png,RGB_JPG_Normais,RGB_JPG_Normais
C:\Users\eduar\Desktop\Soybe-main\data\com_fundo\RGB_JPG_Normais\grao_DSC_0483_id1.png,RGB_JPG_Normais,RGB_JPG_Normais
C:\Users\eduar\Desktop\Soybe-main\data\com_fundo\RGB_JPG_Normais\grao_DSC_0483_id10.png,RGB_JPG_Normais,RGB_JPG_Normais
C:\Users\eduar\Desktop\Soybe-main\data\com_fundo\RGB_JPG_Normais\grao_DSC_0483_id11.png,RGB_JPG_Normais,RGB_JPG_Normais
C:\Users\eduar\Desktop\Soybe-main\data\com_fundo\RGB_JPG_Normais\grao_DSC_0483_id12.png,RGB_JPG_Normais,RGB_JPG_Normais
C:\Users\eduar\Desktop\Soybe-main\data\com_fundo\RGB_JPG_Normais\grao_DSC_0483_id13.png,RGB_JPG_Normais,RGB_JPG_Normais
C:\Users\eduar\Desktop\Soybe-main\data\com_fundo\RGB_JPG_Normais\grao_DSC_0483_id14.png,RGB_JPG_Normais,RGB_JPG_Normais
C:\Users\eduar\Desktop\Soybe-main\data\com_fundo\RGB_JPG_Normais\grao_DSC_0483_id15.png,RGB_JPG_Normais,RGB_JPG_Normais
C:\Users\eduar\Desktop\Soybe-main\data\com_fundo\RGB_JPG_Normais\grao_DSC_0483_id16.png,RGB_JPG_Normais,RGB_JPG_Normais
C:\Users\eduar\Desktop\Soybe-main\data\com_fundo\RGB_JPG_Normais\grao_DSC_0483_id17.png,RGB_JPG_Normais,RGB_JPG_Normais
C:\Users\eduar\Desktop\Soybe-main\data\com_fundo\RGB_JPG_Normais\grao_DSC_0483_id18.png,RGB_JPG_Normais,RGB_JPG_Normais
C:\Users\eduar\Desktop\Soybe-main\data\com_fundo\RGB_JPG_Normais\grao_DSC_0483_id19.png,RGB_JPG_Normais,RGB_JPG_Normais
C:\Users\eduar\Desktop\Soybe-main\data\com_fundo\RGB_JPG_Normais\grao_DSC_0483_id2.png,RGB_JPG_Normais,RGB_JPG_Normais
C:\Users\eduar\Desktop\Soybe-main\data\com_fundo\RGB_JPG_Normais\grao_DSC_0483_id20.png,RGB_JPG_Normais,RGB_JPG_Normais
C:\Users\eduar\Desktop\Soybe-main\data\com_fundo\RGB_JPG_Normais\grao_DSC_0483_id21.png,RGB_JPG_Normais,RGB_JPG_Normais
C:\Users\eduar\Desktop\Soybe-main\data\com_fundo\RGB_JPG_Normais\grao_DSC_0483_id22.png,RGB_JPG_Normais,RGB_JPG_Normais
C:\Users\eduar\Desktop\Soybe-main\data\com_fundo\RGB_JPG_Normais\grao_DSC_0483_id23.png,RGB_JPG_Normais,RGB_JPG_Normais
C:\Users\eduar\Desktop\Soybe-main\data\com_fundo\RGB_JPG_Normais\grao_DSC_0483_id24.png,RGB_JPG_Normais,RGB_JPG_Normais
C:\Users\eduar\Desktop\Soybe-main\data\com_fundo\RGB_JPG_Normais\grao_DSC_0483_id25.png,RGB_JPG_Normais,RGB_JPG_Normais
C:\Users\eduar\Desktop\Soybe-main\data\com_fundo\RGB_JPG_Normais\grao_DSC_0483_id26.png,RGB_JPG_Normais,RGB_JPG_Normais
C:\Users\eduar\Desktop\Soybe-main\data\com_fundo\RGB_JPG_Normais\grao_DSC_0483_id27.png,RGB_JPG_Normais,RGB_JPG_Normais
C:\Users\eduar\Desktop\Soybe-main\data\com_fundo\RGB_JPG_Normais\grao_DSC_0483_id28.png,RGB_JPG_Normais,RGB_JPG_Normais
C:\Users\eduar\Desktop\Soybe-main\data\com_fundo\RGB_JPG_Normais\grao_DSC_0483_id29.png,RGB_JPG_Normais,RGB_JPG_Normais
C:\Users\eduar\Desktop\Soybe-main\data\com_fundo\RGB_JPG_Normais\grao_DSC_0483_id3.png,RGB_JPG_Normais,RGB_JPG_Normais
C:\Users\eduar\Desktop\Soybe-main\data\com_fundo\RGB_JPG_Normais\grao_DSC_0483_id30.png,RGB_JPG_Normais,RGB_JPG_Normais
C:\Users\eduar\Desktop\Soybe-main\data\com_fundo\RGB_JPG_Normais\grao_DSC_0483_id31.png,RGB_JPG_Normais,RGB_JPG_Normais
C:\Users\eduar\Desktop\Soybe-main\data\com_fundo\RGB_JPG_Normais\grao_DSC_0483_id32.png,RGB_JPG_Normais,RGB_JPG_Normais
C:\Users\eduar\Desktop\Soybe-main\data\com_fundo\RGB_JPG_Normais\grao_DSC_0483_id33.png,RGB_JPG_Normais,RGB_JPG_Normais
C:\Users\eduar\Desktop\Soybe-main\data\com_fundo\RGB_JPG_Normais\grao_DSC_0483_id34.png,RGB_JPG_Normais,RGB_JPG_Normais
C:\Users\eduar\Desktop\Soybe-main\data\com_fundo\RGB_JPG_Normais\grao_DSC_0483_id35.png,RGB_JPG_Normais,RGB_JPG_Normais
C:\Users\eduar\Desktop\Soybe-main\data\com_fundo\RGB_JPG_Normais\grao_DSC_0483_id36.png,RGB_JPG_Normais,RGB_JPG_Normais
C:\Users\eduar\Desktop\Soybe-main\data\com_fundo\RGB_JPG_Normais\grao_DSC_0483_id37.png,RGB_JPG_Normais,RGB_JPG_Normais
C:\Users\eduar\Desktop\Soybe-main\data\com_fundo\RGB_JPG_Normais\grao_DSC_0483_id38.png,RGB_JPG_Normais,RGB_JPG_Normais
C:\Users\eduar\Desktop\Soybe-main\data\com_fundo\RGB_JPG_Normais\grao_DSC_0483_id39.png,RGB_JPG_Normais,RGB_JPG_Normais
C:\Users\eduar\Desktop\Soybe-main\data\com_fundo\RGB_JPG_Normais\grao_DSC_0483_id4.png,RGB_JPG_Normais,RGB_JPG_Normais
C:\Users\eduar\Desktop\Soybe-main\data\com_fundo\RGB_JPG_Normais\grao_DSC_0483_id40.png,RGB_JPG_Normais,RGB_JPG_Normais
C:\Users\eduar\Desktop\Soybe-main\data\com_fundo\RGB_JPG_Normais\grao_DSC_0483_id42.png,RGB_JPG_Normais,RGB_JPG_Normais
C:\Users\eduar\Desktop\Soybe-main\data\com_fundo\RGB_JPG_Normais\grao_DSC_0483_id43.png,RGB_JPG_Normais,RGB_JPG_Normais
C:\Users\eduar\Desktop\Soybe-main\data\com_fundo\RGB_JPG_Normais\grao_DSC_0483_id44.png,RGB_JPG_Normais,RGB_JPG_Normais
C:\Users\eduar\Desktop\Soybe-main\data\com_fundo\RGB_JPG_Normais\grao_DSC_0483_id45.png,RGB_JPG_Normais,RGB_JPG_Normais
C:\Users\eduar\Desktop\Soybe-main\data\com_fundo\RGB_JPG_Normais\grao_DSC_0483_id46.png,RGB_JPG_Normais,RGB_JPG_Normais
C:\Users\eduar\Desktop\Soybe-main\data\com_fundo\RGB_JPG_Normais\grao_DSC_0483_id47.png,RGB_JPG_Normais,RGB_JPG_Normais
C:\Users\eduar\Desktop\Soybe-main\data\com_fundo\RGB_JPG_Normais\grao_DSC_0483_id48.png,RGB_JPG_Normais,RGB_JPG_Normais
C:\Users\eduar\Desktop\Soybe-main\data\com_fundo\RGB_JPG_Normais\grao_DSC_0483_id49.png,RGB_JPG_Normais,RGB_JPG_Normais
C:\Users\eduar\Desktop\Soybe-main\data\com_fundo\RGB_JPG_Normais\grao_DSC_0483_id5.png,RGB_JPG_Normais,RGB_JPG_Normais
C:\Users\eduar\Desktop\Soybe-main\data\com_fundo\RGB_JPG_Normais\grao_DSC_0483_id50.png,RGB_JPG_Normais,RGB_JPG_Normais
C:\Users\eduar\Desktop\Soybe-main\data\com_fundo\RGB_JPG_Normais\grao_DSC_0483_id51.png,RGB_JPG_Normais,RGB_JPG_Normais
C:\Users\eduar\Desktop\Soybe-main\data\com_fundo\RGB_JPG_Normais\grao_DSC_0483_id52.png,RGB_JPG_Normais,RGB_JPG_Normais
C:\Users\eduar\Desktop\Soybe-main\data\com_fundo\RGB_JPG_Normais\grao_DSC_0483_id53.png,RGB_JPG_Normais,RGB_JPG_Normais
C:\Users\eduar\Desktop\Soybe-main\data\com_fundo\RGB_JPG_Normais\grao_DSC_0483_id54.png,RGB_JPG_Normais,RGB_JPG_Normais
C:\Users\eduar\Desktop\Soybe-main\data\com_fundo\RGB_JPG_Normais\grao_DSC_0483_id55.png,RGB_JPG_Normais,RGB_JPG_Normais
C:\Users\eduar\Desktop\Soybe-main\data\com_fundo\RGB_JPG_Normais\grao_DSC_0483_id56.png,RGB_JPG_Normais,RGB_JPG_Normais
C:\Users\eduar\Desktop\Soybe-main\data\com_fundo\RGB_JPG_Normais\grao_DSC_0483_id57.png,RGB_JPG_Normais,RGB_JPG_Normais
C:\Users\eduar\Desktop\Soybe-main\data\com_fundo\RGB_JPG_Normais\grao_DSC_0483_id58.png,RGB_JPG_Normais,RGB_JPG_Normais
C:\Users\eduar\Desktop\Soybe-main\data\com_fundo\RGB_JPG_Normais\grao_DSC_0483_id59.png,RGB_JPG_Normais,RGB_JPG_Normais
C:\Users\eduar\Desktop\Soybe-main\data\com_fundo\RGB_JPG_Normais\grao_DSC_0483_id6.png,RGB_JPG_Normais,RGB_JPG_Normais
C:\Users\eduar\Desktop\Soybe-main\data\com_fundo\RGB_JPG_Normais\grao_DSC_0483_id60.png,RGB_JPG_Normais,RGB_JPG_Normais
C:\Users\eduar\Desktop\Soybe-main\data\com_fundo\RGB_JPG_Normais\grao_DSC_0483_id61.png,RGB_JPG_Normais,RGB_JPG_Normais
C:\Users\eduar\Desktop\Soybe-main\data\com_fundo\RGB_JPG_Normais\grao_DSC_0483_id62.png,RGB_JPG_Normais,RGB_JPG_Normais
C:\Users\eduar\Desktop\Soybe-main\data\com_fundo\RGB_JPG_Normais\grao_DSC_0483_id63.png,RGB_JPG_Normais,RGB_JPG_Normais
C:\Users\eduar\Desktop\Soybe-main\data\com_fundo\RGB_JPG_Normais\grao_DSC_0483_id64.png,RGB_JPG_Normais,RGB_JPG_Normais
C:\Users\eduar\Desktop\Soybe-main\data\com_fundo\RGB_JPG_Normais\grao_DSC_0483_id65.png,RGB_JPG_Normais,RGB_JPG_Normais
C:\Users\eduar\Desktop\Soybe-main\data\com_fundo\RGB_JPG_Normais\grao_DSC_0483_id66.png,RGB_JPG_Normais,RGB_JPG_Normais
C:\Users\eduar\Desktop\Soybe-main\data\com_fundo\RGB_JPG_Normais\grao_DSC_0483_id67.png,RGB_JPG_Normais,RGB_JPG_Normais
C:\Users\eduar\Desktop\Soybe-main\data\com_fundo\RGB_JPG_Normais\grao_DSC_0483_id68.png,RGB_JPG_Normais,RGB_JPG_Normais
C:\Users\eduar\Desktop\Soybe-main\data\com_fundo\RGB_JPG_Normais\grao_DSC_0483_id69.png,RGB_JPG_Normais,RGB_JPG_Normais
C:\Users\eduar\Desktop\Soybe-main\data\com_fundo\RGB_JPG_Normais\grao_DSC_0483_id7.png,RGB_JPG_Normais,RGB_JPG_Normais
C:\Users\eduar\Desktop\Soybe-main\data\com_fundo\RGB_JPG_Normais\grao_DSC_0483_id70.png,RGB_JPG_Normais,RGB_JPG_Normais
C:\Users\eduar\Desktop\Soybe-main\data\com_fundo\RGB_JPG_Normais\grao_DSC_0483_id71.png,RGB_JPG_Normais,RGB_JPG_Normais
C:\Users\eduar\Desktop\Soybe-main\data\com_fundo\RGB_JPG_Normais\grao_DSC_0483_id72.png,RGB_JPG_Normais,RGB_JPG_Normais
C:\Users\eduar\Desktop\Soybe-main\data\com_fundo\RGB_JPG_Normais\grao_DSC_0483_id73.png,RGB_JPG_Normais,RGB_JPG_Normais
C:\Users\eduar\Desktop\Soybe-main\data\com_fundo\RGB_JPG_Normais\grao_DSC_0483_id74.png,RGB_JPG_Normais,RGB_JPG_Normais
C:\Users\eduar\Desktop\Soybe-main\data\com_fundo\RGB_JPG_Normais\grao_DSC_0483_id75.png,RGB_JPG_Normais,RGB_JPG_Normais
C:\Users\eduar\Desktop\Soybe-main\data\com_fundo\RGB_JPG_Normais\grao_DSC_0483_id76.png,RGB_JPG_Normais,RGB_JPG_Normais
C:\Users\eduar\Desktop\Soybe-main\data\com_fundo\RGB_JPG_Normais\grao_DSC_0483_id77.png,RGB_JPG_Normais,RGB_JPG_Normais
C:\Users\eduar\Desktop\Soybe-main\data\com_fundo\RGB_JPG_Normais\grao_DSC_0483_id78.png,RGB_JPG_Normais,RGB_JPG_Normais
C:\Users\eduar\Desktop\Soybe-main\data\com_fundo\RGB_JPG_Normais\grao_DSC_0483_id79.png,RGB_JPG_Normais,RGB_JPG_Normais
C:\Users\eduar\Desktop\Soybe-main\data\com_fundo\RGB_JPG_Normais\grao_DSC_0483_id8.png,RGB_JPG_Normais,RGB_JPG_Normais
C:\Users\eduar\Desktop\Soybe-main\data\com_fundo\RGB_JPG_Normais\grao_DSC_0483_id80.png,RGB_JPG_Normais,RGB_JPG_Normais
C:\Users\eduar\Desktop\Soybe-main\data\com_fundo\RGB_JPG_Normais\grao_DSC_0483_id81.png,RGB_JPG_Normais,RGB_JPG_Normais
C:\Users\eduar\Desktop\Soybe-main\data\com_fundo\RGB_JPG_Normais\grao_DSC_0483_id82.png,RGB_JPG_Normais,RGB_JPG_Normais
C:\Users\eduar\Desktop\Soybe-main\data\com_fundo\RGB_JPG_Normais\grao_DSC_0483_id83.png,RGB_JPG_Normais,RGB_JPG_Normais
C:\Users\eduar\Desktop\Soybe-main\data\com_fundo\RGB_JPG_Normais\grao_DSC_0483_id84.png,RGB_JPG_Normais,RGB_JPG_Normais
C:\Users\eduar\Desktop\Soybe-main\data\com_fundo\RGB_JPG_Normais\grao_DSC_0483_id85.png,RGB_JPG_Normais,RGB_JPG_Normais
C:\Users\eduar\Desktop\Soybe-main\data\com_fundo\RGB_JPG_Normais\grao_DSC_0483_id86.png,RGB_JPG_Normais,RGB_JPG_Normais
C:\Users\eduar\Desktop\Soybe-main\data\com_fundo\RGB_JPG_Normais\grao_DSC_0483_id87.png,RGB_JPG_Normais,RGB_JPG_Normais
C:\Users\eduar\Desktop\Soybe-main\data\com_fundo\RGB_JPG_Normais\grao_DSC_0483_id88.png,RGB_JPG_Normais,RGB_JPG_Normais
C:\Users\eduar\Desktop\Soybe-main\data\com_fundo\RGB_JPG_Normais\grao_DSC_0483_id89.png,RGB_JPG_Normais,RGB_JPG_Normais
C:\Users\eduar\Desktop\Soybe-main\data\com_fundo\RGB_JPG_Normais\grao_DSC_0483_id9.png,RGB_JPG_Normais,RGB_JPG_Normais
C:\Users\eduar\Desktop\Soybe-main\data\com_fundo\RGB_JPG_Normais\grao_DSC_0483_id90.png,RGB_JPG_Normais,RGB_JPG_Normais
C:\Users\eduar\Desktop\Soybe-main\data\com_fundo\RGB_JPG_Normais\grao_DSC_0483_id91.png,RGB_JPG_Normais,RGB_JPG_Normais
C:\Users\eduar\Desktop\Soybe-main\data\com_fundo\RGB_JPG_Normais\grao_DSC_0483_id92.png,RGB_JPG_Normais,RGB_JPG_Normais
C:\Users\eduar\Desktop\Soybe-main\data\com_fundo\RGB_JPG_Normais\grao_DSC_0483_id93.png,RGB_JPG_Normais,RGB_JPG_Normais
C:\Users\eduar\Desktop\Soybe-main\data\com_fundo\RGB_JPG_Normais\grao_DSC_0621_id1.png,RGB_JPG_Normais,RGB_JPG_Normais
C:\Users\eduar\Desktop\Soybe-main\data\com_fundo\RGB_JPG_Normais\grao_DSC_0621_id10.png,RGB_JPG_Normais,RGB_JPG_Normais
C:\Users\eduar\Desktop\Soybe-main\data\com_fundo\RGB_JPG_Normais\grao_DSC_0621_id100.png,RGB_JPG_Normais,RGB_JPG_Normais
C:\Users\eduar\Desktop\Soybe-main\data\com_fundo\RGB_JPG_Normais\grao_DSC_0621_id101.png,RGB_JPG_Normais,RGB_JPG_Normais
C:\Users\eduar\Desktop\Soybe-main\data\com_fundo\RGB_JPG_Normais\grao_DSC_0621_id102.png,RGB_JPG_Normais,RGB_JPG_Normais
C:\Users\eduar\Desktop\Soybe-main\data\com_fundo\RGB_JPG_Normais\grao_DSC_0621_id103.png,RGB_JPG_Normais,RGB_JPG_Normais
C:\Users\eduar\Desktop\Soybe-main\data\com_fundo\RGB_JPG_Normais\grao_DSC_0621_id104.png,RGB_JPG_Normais,RGB_JPG_Normais
C:\Users\eduar\Desktop\Soybe-main\data\com_fundo\RGB_JPG_Normais\grao_DSC_0621_id105.png,RGB_JPG_Normais,RGB_JPG_Normais
C:\Users\eduar\Desktop\Soybe-main\data\com_fundo\RGB_JPG_Normais\grao_DSC_0621_id106.png,RGB_JPG_Normais,RGB_JPG_Normais
C:\Users\eduar\Desktop\Soybe-main\data\com_fundo\RGB_JPG_Normais\grao_DSC_0621_id107.png,RGB_JPG_Normais,RGB_JPG_Normais
C:\Users\eduar\Desktop\Soybe-main\data\com_fundo\RGB_JPG_Normais\grao_DSC_0621_id108.png,RGB_JPG_Normais,RGB_JPG_Normais
C:\Users\eduar\Desktop\Soybe-main\data\com_fundo\RGB_JPG_Normais\grao_DSC_0621_id109.png,RGB_JPG_Normais,RGB_JPG_Normais
C:\Users\eduar\Desktop\Soybe-main\data\com_fundo\RGB_JPG_Normais\grao_DSC_0621_id11.png,RGB_JPG_Normais,RGB_JPG_Normais
C:\Users\eduar\Desktop\Soybe-main\data\com_fundo\RGB_JPG_Normais\grao_DSC_0621_id110.png,RGB_JPG_Normais,RGB_JPG_Normais
C:\Users\eduar\Desktop\Soybe-main\data\com_fundo\RGB_JPG_Normais\grao_DSC_0621_id111.png,RGB_JPG_Normais,RGB_JPG_Normais
C:\Users\eduar\Desktop\Soybe-main\data\com_fundo\RGB_JPG_Normais\grao_DSC_0621_id12.png,RGB_JPG_Normais,RGB_JPG_Normais
C:\Users\eduar\Desktop\Soybe-main\data\com_fundo\RGB_JPG_Normais\grao_DSC_0621_id13.png,RGB_JPG_Normais,RGB_JPG_Normais
C:\Users\eduar\Desktop\Soybe-main\data\com_fundo\RGB_JPG_Normais\grao_DSC_0621_id14.png,RGB_JPG_Normais,RGB_JPG_Normais
C:\Users\eduar\Desktop\Soybe-main\data\com_fundo\RGB_JPG_Normais\grao_DSC_0621_id16.png,RGB_JPG_Normais,RGB_JPG_Normais
C:\Users\eduar\Desktop\Soybe-main\data\com_fundo\RGB_JPG_Normais\grao_DSC_0621_id17.png,RGB_JPG_Normais,RGB_JPG_Normais
C:\Users\eduar\Desktop\Soybe-main\data\com_fundo\RGB_JPG_Normais\grao_DSC_0621_id18.png,RGB_JPG_Normais,RGB_JPG_Normais
C:\Users\eduar\Desktop\Soybe-main\data\com_fundo\RGB_JPG_Normais\grao_DSC_0621_id19.png,RGB_JPG_Normais,RGB_JPG_Normais
C:\Users\eduar\Desktop\Soybe-main\data\com_fundo\RGB_JPG_Normais\grao_DSC_0621_id2.png,RGB_JPG_Normais,RGB_JPG_Normais
C:\Users\eduar\Desktop\Soybe-main\data\com_fundo\RGB_JPG_Normais\grao_DSC_0621_id20.png,RGB_JPG_Normais,RGB_JPG_Normais
C:\Users\eduar\Desktop\Soybe-main\data\com_fundo\RGB_JPG_Normais\grao_DSC_0621_id21.png,RGB_JPG_Normais,RGB_JPG_Normais
C:\Users\eduar\Desktop\Soybe-main\data\com_fundo\RGB_JPG_Normais\grao_DSC_0621_id22.png,RGB_JPG_Normais,RGB_JPG_Normais
C:\Users\eduar\Desktop\Soybe-main\data\com_fundo\RGB_JPG_Normais\grao_DSC_0621_id23.png,RGB_JPG_Normais,RGB_JPG_Normais
C:\Users\eduar\Desktop\Soybe-main\data\com_fundo\RGB_JPG_Normais\grao_DSC_0621_id24.png,RGB_JPG_Normais,RGB_JPG_Normais
C:\Users\eduar\Desktop\Soybe-main\data\com_fundo\RGB_JPG_Normais\grao_DSC_0621_id25.png,RGB_JPG_Normais,RGB_JPG_Normais
C:\Users\eduar\Desktop\Soybe-main\data\com_fundo\RGB_JPG_Normais\grao_DSC_0621_id26.png,RGB_JPG_Normais,RGB_JPG_Normais
C:\Users\eduar\Desktop\Soybe-main\data\com_fundo\RGB_JPG_Normais\grao_DSC_0621_id27.png,RGB_JPG_Normais,RGB_JPG_Normais
C:\Users\eduar\Desktop\Soybe-main\data\com_fundo\RGB_JPG_Normais\grao_DSC_0621_id28.png,RGB_JPG_Normais,RGB_JPG_Normais
C:\Users\eduar\Desktop\Soybe-main\data\com_fundo\RGB_JPG_Normais\grao_DSC_0621_id29.png,RGB_JPG_Normais,RGB_JPG_Normais
C:\Users\eduar\Desktop\Soybe-main\data\com_fundo\RGB_JPG_Normais\grao_DSC_0621_id3.png,RGB_JPG_Normais,RGB_JPG_Normais
C:\Users\eduar\Desktop\Soybe-main\data\com_fundo\RGB_JPG_Normais\grao_DSC_0621_id30.png,RGB_JPG_Normais,RGB_JPG_QUEBRADOS
C:\Users\eduar\Desktop\Soybe-main\data\com_fundo\RGB_JPG_Normais\grao_DSC_0621_id31.png,RGB_JPG_Normais,RGB_JPG_Normais
C:\Users\eduar\Desktop\Soybe-main\data\com_fundo\RGB_JPG_Normais\grao_DSC_0621_id32.png,RGB_JPG_Normais,RGB_JPG_Normais
C:\Users\eduar\Desktop\Soybe-main\data\com_fundo\RGB_JPG_Normais\grao_DSC_0621_id33.png,RGB_JPG_Normais,RGB_JPG_Normais
C:\Users\eduar\Desktop\Soybe-main\data\com_fundo\RGB_JPG_Normais\grao_DSC_0621_id34.png,RGB_JPG_Normais,RGB_JPG_Normais
C:\Users\eduar\Desktop\Soybe-main\data\com_fundo\RGB_JPG_Normais\grao_DSC_0621_id35.png,RGB_JPG_Normais,RGB_JPG_Normais
C:\Users\eduar\Desktop\Soybe-main\data\com_fundo\RGB_JPG_Normais\grao_DSC_0621_id36.png,RGB_JPG_Normais,RGB_JPG_Normais
C:\Users\eduar\Desktop\Soybe-main\data\com_fundo\RGB_JPG_Normais\grao_DSC_0621_id37.png,RGB_JPG_Normais,RGB_JPG_Normais
C:\Users\eduar\Desktop\Soybe-main\data\com_fundo\RGB_JPG_Normais\grao_DSC_0621_id38.png,RGB_JPG_Normais,RGB_JPG_Normais
C:\Users\eduar\Desktop\Soybe-main\data\com_fundo\RGB_JPG_Normais\grao_DSC_0621_id39.png,RGB_JPG_Normais,RGB_JPG_Normais
C:\Users\eduar\Desktop\Soybe-main\data\com_fundo\RGB_JPG_Normais\grao_DSC_0621_id4.png,RGB_JPG_Normais,RGB_JPG_Normais
C:\Users\eduar\Desktop\Soybe-main\data\com_fundo\RGB_JPG_Normais\grao_DSC_0621_id40.png,RGB_JPG_Normais,RGB_JPG_Normais
C:\Users\eduar\Desktop\Soybe-main\data\com_fundo\RGB_JPG_Normais\grao_DSC_0621_id41.png,RGB_JPG_Normais,RGB_JPG_Normais
C:\Users\eduar\Desktop\Soybe-main\data\com_fundo\RGB_JPG_Normais\grao_DSC_0621_id42.png,RGB_JPG_Normais,RGB_JPG_Normais
C:\Users\eduar\Desktop\Soybe-main\data\com_fundo\RGB_JPG_Normais\grao_DSC_0621_id43.png,RGB_JPG_Normais,RGB_JPG_Normais
C:\Users\eduar\Desktop\Soybe-main\data\com_fundo\RGB_JPG_Normais\grao_DSC_0621_id44.png,RGB_JPG_Normais,RGB_JPG_Normais
C:\Users\eduar\Desktop\Soybe-main\data\com_fundo\RGB_JPG_Normais\grao_DSC_0621_id45.png,RGB_JPG_Normais,RGB_JPG_Normais
C:\Users\eduar\Desktop\Soybe-main\data\com_fundo\RGB_JPG_Normais\grao_DSC_0621_id46.png,RGB_JPG_Normais,RGB_JPG_Normais
C:\Users\eduar\Desktop\Soybe-main\data\com_fundo\RGB_JPG_Normais\grao_DSC_0621_id47.png,RGB_JPG_Normais,RGB_JPG_Normais
C:\Users\eduar\Desktop\Soybe-main\data\com_fundo\RGB_JPG_Normais\grao_DSC_0621_id48.png,RGB_JPG_Normais,RGB_JPG_Normais
C:\Users\eduar\Desktop\Soybe-main\data\com_fundo\RGB_JPG_Normais\grao_DSC_0621_id49.png,RGB_JPG_Normais,RGB_JPG_Normais
C:\Users\eduar\Desktop\Soybe-main\data\com_fundo\RGB_JPG_Normais\grao_DSC_0621_id5.png,RGB_JPG_Normais,RGB_JPG_Normais
C:\Users\eduar\Desktop\Soybe-main\data\com_fundo\RGB_JPG_Normais\grao_DSC_0621_id50.png,RGB_JPG_Normais,RGB_JPG_Normais
C:\Users\eduar\Desktop\Soybe-main\data\com_fundo\RGB_JPG_Normais\grao_DSC_0621_id51.png,RGB_JPG_Normais,RGB_JPG_Normais
C:\Users\eduar\Desktop\Soybe-main\data\com_fundo\RGB_JPG_Normais\grao_DSC_0621_id52.png,RGB_JPG_Normais,RGB_JPG_Normais
C:\Users\eduar\Desktop\Soybe-main\data\com_fundo\RGB_JPG_Normais\grao_DSC_0621_id53.png,RGB_JPG_Normais,RGB_JPG_Normais
C:\Users\eduar\Desktop\Soybe-main\data\com_fundo\RGB_JPG_Normais\grao_DSC_0621_id54.png,RGB_JPG_Normais,RGB_JPG_Normais
C:\Users\eduar\Desktop\Soybe-main\data\com_fundo\RGB_JPG_Normais\grao_DSC_0621_id55.png,RGB_JPG_Normais,RGB_JPG_Normais
C:\Users\eduar\Desktop\Soybe-main\data\com_fundo\RGB_JPG_Normais\grao_DSC_0621_id56.png,RGB_JPG_Normais,RGB_JPG_Normais
C:\Users\eduar\Desktop\Soybe-main\data\com_fundo\RGB_JPG_Normais\grao_DSC_0621_id57.png,RGB_JPG_Normais,RGB_JPG_Normais
C:\Users\eduar\Desktop\Soybe-main\data\com_fundo\RGB_JPG_Normais\grao_DSC_0621_id58.png,RGB_JPG_Normais,RGB_JPG_Normais
C:\Users\eduar\Desktop\Soybe-main\data\com_fundo\RGB_JPG_Normais\grao_DSC_0621_id59.png,RGB_JPG_Normais,RGB_JPG_Normais
C:\Users\eduar\Desktop\Soybe-main\data\com_fundo\RGB_JPG_Normais\grao_DSC_0621_id6.png,RGB_JPG_Normais,RGB_JPG_Normais
C:\Users\eduar\Desktop\Soybe-main\data\com_fundo\RGB_JPG_Normais\grao_DSC_0621_id60.png,RGB_JPG_Normais,RGB_JPG_Normais
C:\Users\eduar\Desktop\Soybe-main\data\com_fundo\RGB_JPG_Normais\grao_DSC_0621_id61.png,RGB_JPG_Normais,RGB_JPG_Normais
C:\Users\eduar\Desktop\Soybe-main\data\com_fundo\RGB_JPG_Normais\grao_DSC_0621_id62.png,RGB_JPG_Normais,RGB_JPG_Normais
C:\Users\eduar\Desktop\Soybe-main\data\com_fundo\RGB_JPG_Normais\grao_DSC_0621_id63.png,RGB_JPG_Normais,RGB_JPG_Normais
C:\Users\eduar\Desktop\Soybe-main\data\com_fundo\RGB_JPG_Normais\grao_DSC_0621_id64.png,RGB_JPG_Normais,RGB_JPG_Normais
C:\Users\eduar\Desktop\Soybe-main\data\com_fundo\RGB_JPG_Normais\grao_DSC_0621_id65.png,RGB_JPG_Normais,RGB_JPG_Normais
C:\Users\eduar\Desktop\Soybe-main\data\com_fundo\RGB_JPG_Normais\grao_DSC_0621_id66.png,RGB_JPG_Normais,RGB_JPG_Normais
C:\Users\eduar\Desktop\Soybe-main\data\com_fundo\RGB_JPG_Normais\grao_DSC_0621_id67.png,RGB_JPG_Normais,RGB_JPG_Normais
C:\Users\eduar\Desktop\Soybe-main\data\com_fundo\RGB_JPG_Normais\grao_DSC_0621_id68.png,RGB_JPG_Normais,RGB_JPG_Normais
C:\Users\eduar\Desktop\Soybe-main\data\com_fundo\RGB_JPG_Normais\grao_DSC_0621_id69.png,RGB_JPG_Normais,RGB_JPG_Normais
C:\Users\eduar\Desktop\Soybe-main\data\com_fundo\RGB_JPG_Normais\grao_DSC_0621_id7.png,RGB_JPG_Normais,RGB_JPG_Normais
C:\Users\eduar\Desktop\Soybe-main\data\com_fundo\RGB_JPG_Normais\grao_DSC_0621_id70.png,RGB_JPG_Normais,RGB_JPG_Normais
C:\Users\eduar\Desktop\Soybe-main\data\com_fundo\RGB_JPG_Normais\grao_DSC_0621_id71.png,RGB_JPG_Normais,RGB_JPG_Normais
C:\Users\eduar\Desktop\Soybe-main\data\com_fundo\RGB_JPG_Normais\grao_DSC_0621_id72.png,RGB_JPG_Normais,RGB_JPG_Normais
C:\Users\eduar\Desktop\Soybe-main\data\com_fundo\RGB_JPG_Normais\grao_DSC_0621_id73.png,RGB_JPG_Normais,RGB_JPG_Normais
C:\Users\eduar\Desktop\Soybe-main\data\com_fundo\RGB_JPG_Normais\grao_DSC_0621_id74.png,RGB_JPG_Normais,RGB_JPG_Normais
C:\Users\eduar\Desktop\Soybe-main\data\com_fundo\RGB_JPG_Normais\grao_DSC_0621_id75.png,RGB_JPG_Normais,RGB_JPG_Normais
C:\Users\eduar\Desktop\Soybe-main\data\com_fundo\RGB_JPG_Normais\grao_DSC_0621_id76.png,RGB_JPG_Normais,RGB_JPG_Normais
C:\Users\eduar\Desktop\Soybe-main\data\com_fundo\RGB_JPG_Normais\grao_DSC_0621_id77.png,RGB_JPG_Normais,RGB_JPG_Normais
C:\Users\eduar\Desktop\Soybe-main\data\com_fundo\RGB_JPG_Normais\grao_DSC_0621_id78.png,RGB_JPG_Normais,RGB_JPG_Normais
C:\Users\eduar\Desktop\Soybe-main\data\com_fundo\RGB_JPG_Normais\grao_DSC_0621_id79.png,RGB_JPG_Normais,RGB_JPG_Normais
C:\Users\eduar\Desktop\Soybe-main\data\com_fundo\RGB_JPG_Normais\grao_DSC_0621_id8.png,RGB_JPG_Normais,RGB_JPG_Normais
C:\Users\eduar\Desktop\Soybe-main\data\com_fundo\RGB_JPG_Normais\grao_DSC_0621_id80.png,RGB_JPG_Normais,RGB_JPG_Normais
C:\Users\eduar\Desktop\Soybe-main\data\com_fundo\RGB_JPG_Normais\grao_DSC_0621_id81.png,RGB_JPG_Normais,RGB_JPG_Normais
C:\Users\eduar\Desktop\Soybe-main\data\com_fundo\RGB_JPG_Normais\grao_DSC_0621_id82.png,RGB_JPG_Normais,RGB_JPG_Normais
C:\Users\eduar\Desktop\Soybe-main\data\com_fundo\RGB_JPG_Normais\grao_DSC_0621_id83.png,RGB_JPG_Normais,RGB_JPG_Normais
C:\Users\eduar\Desktop\Soybe-main\data\com_fundo\RGB_JPG_Normais\grao_DSC_0621_id84.png,RGB_JPG_Normais,RGB_JPG_Normais
C:\Users\eduar\Desktop\Soybe-main\data\com_fundo\RGB_JPG_Normais\grao_DSC_0621_id85.png,RGB_JPG_Normais,RGB_JPG_Normais
C:\Users\eduar\Desktop\Soybe-main\data\com_fundo\RGB_JPG_Normais\grao_DSC_0621_id86.png,RGB_JPG_Normais,RGB_JPG_Normais
C:\Users\eduar\Desktop\Soybe-main\data\com_fundo\RGB_JPG_Normais\grao_DSC_0621_id87.png,RGB_JPG_Normais,RGB_JPG_Normais
C:\Users\eduar\Desktop\Soybe-main\data\com_fundo\RGB_JPG_Normais\grao_DSC_0621_id88.png,RGB_JPG_Normais,RGB_JPG_Normais
C:\Users\eduar\Desktop\Soybe-main\data\com_fundo\RGB_JPG_Normais\grao_DSC_0621_id89.png,RGB_JPG_Normais,RGB_JPG_Normais
C:\Users\eduar\Desktop\Soybe-main\data\com_fundo\RGB_JPG_Normais\grao_DSC_0621_id9.png,RGB_JPG_Normais,RGB_JPG_Normais
C:\Users\eduar\Desktop\Soybe-main\data\com_fundo\RGB_JPG_Normais\grao_DSC_0621_id90.png,RGB_JPG_Normais,RGB_JPG_Normais
C:\Users\eduar\Desktop\Soybe-main\data\com_fundo\RGB_JPG_Normais\grao_DSC_0621_id92.png,RGB_JPG_Normais,RGB_JPG_Normais
C:\Users\eduar\Desktop\Soybe-main\data\com_fundo\RGB_JPG_Normais\grao_DSC_0621_id93.png,RGB_JPG_Normais,RGB_JPG_Normais
C:\Users\eduar\Desktop\Soybe-main\data\com_fundo\RGB_JPG_Normais\grao_DSC_0621_id94.png,RGB_JPG_Normais,RGB_JPG_Normais
C:\Users\eduar\Desktop\Soybe-main\data\com_fundo\RGB_JPG_Normais\grao_DSC_0621_id95.png,RGB_JPG_Normais,RGB_JPG_Normais
C:\Users\eduar\Desktop\Soybe-main\data\com_fundo\RGB_JPG_Normais\grao_DSC_0621_id96.png,RGB_JPG_Normais,RGB_JPG_Normais
C:\Users\eduar\Desktop\Soybe-main\data\com_fundo\RGB_JPG_Normais\grao_DSC_0621_id97.png,RGB_JPG_Normais,RGB_JPG_Normais
C:\Users\eduar\Desktop\Soybe-main\data\com_fundo\RGB_JPG_Normais\grao_DSC_0621_id98.png,RGB_JPG_Normais,RGB_JPG_Normais
C:\Users\eduar\Desktop\Soybe-main\data\com_fundo\RGB_JPG_Normais\grao_DSC_0621_id99.png,RGB_JPG_Normais,RGB_JPG_Normais
C:\Users\eduar\Desktop\Soybe-main\data\com_fundo\RGB_JPG_Normais\grao_DSC_0624_id1.png,RGB_JPG_Normais,RGB_JPG_Normais
C:\Users\eduar\Desktop\Soybe-main\data\com_fundo\RGB_JPG_Normais\grao_DSC_0624_id10.png,RGB_JPG_Normais,RGB_JPG_Normais
C:\Users\eduar\Desktop\Soybe-main\data\com_fundo\RGB_JPG_Normais\grao_DSC_0624_id100.png,RGB_JPG_Normais,RGB_JPG_Normais
C:\Users\eduar\Desktop\Soybe-main\data\com_fundo\RGB_JPG_Normais\grao_DSC_0624_id101.png,RGB_JPG_Normais,RGB_JPG_Normais
C:\Users\eduar\Desktop\Soybe-main\data\com_fundo\RGB_JPG_Normais\grao_DSC_0624_id102.png,RGB_JPG_Normais,RGB_JPG_Normais
C:\Users\eduar\Desktop\Soybe-main\data\com_fundo\RGB_JPG_Normais\grao_DSC_0624_id103.png,RGB_JPG_Normais,RGB_JPG_Normais
C:\Users\eduar\Desktop\Soybe-main\data\com_fundo\RGB_JPG_Normais\grao_DSC_0624_id104.png,RGB_JPG_Normais,RGB_JPG_Normais
C:\Users\eduar\Desktop\Soybe-main\data\com_fundo\RGB_JPG_Normais\grao_DSC_0624_id105.png,RGB_JPG_Normais,RGB_JPG_Normais
C:\Users\eduar\Desktop\Soybe-main\data\com_fundo\RGB_JPG_Normais\grao_DSC_0624_id106.png,RGB_JPG_Normais,RGB_JPG_Normais
C:\Users\eduar\Desktop\Soybe-main\data\com_fundo\RGB_JPG_Normais\grao_DSC_0624_id107.png,RGB_JPG_Normais,RGB_JPG_Normais
C:\Users\eduar\Desktop\Soybe-main\data\com_fundo\RGB_JPG_Normais\grao_DSC_0624_id108.png,RGB_JPG_Normais,RGB_JPG_Normais
C:\Users\eduar\Desktop\Soybe-main\data\com_fundo\RGB_JPG_Normais\grao_DSC_0624_id109.png,RGB_JPG_Normais,RGB_JPG_Normais
C:\Users\eduar\Desktop\Soybe-main\data\com_fundo\RGB_JPG_Normais\grao_DSC_0624_id11.png,RGB_JPG_Normais,RGB_JPG_Normais
C:\Users\eduar\Desktop\Soybe-main\data\com_fundo\RGB_JPG_Normais\grao_DSC_0624_id110.png,RGB_JPG_Normais,RGB_JPG_Normais
C:\Users\eduar\Desktop\Soybe-main\data\com_fundo\RGB_JPG_Normais\grao_DSC_0624_id111.png,RGB_JPG_Normais,RGB_JPG_Normais
C:\Users\eduar\Desktop\Soybe-main\data\com_fundo\RGB_JPG_Normais\grao_DSC_0624_id112.png,RGB_JPG_Normais,RGB_JPG_Normais
C:\Users\eduar\Desktop\Soybe-main\data\com_fundo\RGB_JPG_Normais\grao_DSC_0624_id113.png,RGB_JPG_Normais,RGB_JPG_Normais
C:\Users\eduar\Desktop\Soybe-main\data\com_fundo\RGB_JPG_Normais\grao_DSC_0624_id114.png,RGB_JPG_Normais,RGB_JPG_Normais
C:\Users\eduar\Desktop\Soybe-main\data\com_fundo\RGB_JPG_Normais\grao_DSC_0624_id115.png,RGB_JPG_Normais,RGB_JPG_Normais
C:\Users\eduar\Desktop\Soybe-main\data\com_fundo\RGB_JPG_Normais\grao_DSC_0624_id116.png,RGB_JPG_Normais,RGB_JPG_Normais
C:\Users\eduar\Desktop\Soybe-main\data\com_fundo\RGB_JPG_Normais\grao_DSC_0624_id117.png,RGB_JPG_Normais,RGB_JPG_Normais
C:\Users\eduar\Desktop\Soybe-main\data\com_fundo\RGB_JPG_Normais\grao_DSC_0624_id12.png,RGB_JPG_Normais,RGB_JPG_Normais
C:\Users\eduar\Desktop\Soybe-main\data\com_fundo\RGB_JPG_Normais\grao_DSC_0624_id13.png,RGB_JPG_Normais,RGB_JPG_Normais
C:\Users\eduar\Desktop\Soybe-main\data\com_fundo\RGB_JPG_Normais\grao_DSC_0624_id14.png,RGB_JPG_Normais,RGB_JPG_Normais
C:\Users\eduar\Desktop\Soybe-main\data\com_fundo\RGB_JPG_Normais\grao_DSC_0624_id15.png,RGB_JPG_Normais,RGB_JPG_Normais
C:\Users\eduar\Desktop\Soybe-main\data\com_fundo\RGB_JPG_Normais\grao_DSC_0624_id16.png,RGB_JPG_Normais,RGB_JPG_Normais
C:\Users\eduar\Desktop\Soybe-main\data\com_fundo\RGB_JPG_Normais\grao_DSC_0624_id17.png,RGB_JPG_Normais,RGB_JPG_Normais
C:\Users\eduar\Desktop\Soybe-main\data\com_fundo\RGB_JPG_Normais\grao_DSC_0624_id18.png,RGB_JPG_Normais,RGB_JPG_Normais
C:\Users\eduar\Desktop\Soybe-main\data\com_fundo\RGB_JPG_Normais\grao_DSC_0624_id2.png,RGB_JPG_Normais,RGB_JPG_Normais
C:\Users\eduar\Desktop\Soybe-main\data\com_fundo\RGB_JPG_Normais\grao_DSC_0624_id20.png,RGB_JPG_Normais,RGB_JPG_Normais
C:\Users\eduar\Desktop\Soybe-main\data\com_fundo\RGB_JPG_Normais\grao_DSC_0624_id21.png,RGB_JPG_Normais,RGB_JPG_Normais
C:\Users\eduar\Desktop\Soybe-main\data\com_fundo\RGB_JPG_Normais\grao_DSC_0624_id22.png,RGB_JPG_Normais,RGB_JPG_Normais
C:\Users\eduar\Desktop\Soybe-main\data\com_fundo\RGB_JPG_Normais\grao_DSC_0624_id23.png,RGB_JPG_Normais,RGB_JPG_Normais
C:\Users\eduar\Desktop\Soybe-main\data\com_fundo\RGB_JPG_Normais\grao_DSC_0624_id24.png,RGB_JPG_Normais,RGB_JPG_Normais
C:\Users\eduar\Desktop\Soybe-main\data\com_fundo\RGB_JPG_Normais\grao_DSC_0624_id25.png,RGB_JPG_Normais,RGB_JPG_Normais
C:\Users\eduar\Desktop\Soybe-main\data\com_fundo\RGB_JPG_Normais\grao_DSC_0624_id26.png,RGB_JPG_Normais,RGB_JPG_Normais
C:\Users\eduar\Desktop\Soybe-main\data\com_fundo\RGB_JPG_Normais\grao_DSC_0624_id27.png,RGB_JPG_Normais,RGB_JPG_Normais
C:\Users\eduar\Desktop\Soybe-main\data\com_fundo\RGB_JPG_Normais\grao_DSC_0624_id28.png,RGB_JPG_Normais,RGB_JPG_Normais
C:\Users\eduar\Desktop\Soybe-main\data\com_fundo\RGB_JPG_Normais\grao_DSC_0624_id29.png,RGB_JPG_Normais,RGB_JPG_Normais
C:\Users\eduar\Desktop\Soybe-main\data\com_fundo\RGB_JPG_Normais\grao_DSC_0624_id3.png,RGB_JPG_Normais,RGB_JPG_Normais
C:\Users\eduar\Desktop\Soybe-main\data\com_fundo\RGB_JPG_Normais\grao_DSC_0624_id30.png,RGB_JPG_Normais,RGB_JPG_Normais
C:\Users\eduar\Desktop\Soybe-main\data\com_fundo\RGB_JPG_Normais\grao_DSC_0624_id31.png,RGB_JPG_Normais,RGB_JPG_Normais
C:\Users\eduar\Desktop\Soybe-main\data\com_fundo\RGB_JPG_Normais\grao_DSC_0624_id32.png,RGB_JPG_Normais,RGB_JPG_Normais
C:\Users\eduar\Desktop\Soybe-main\data\com_fundo\RGB_JPG_Normais\grao_DSC_0624_id33.png,RGB_JPG_Normais,RGB_JPG_Normais
C:\Users\eduar\Desktop\Soybe-main\data\com_fundo\RGB_JPG_Normais\grao_DSC_0624_id34.png,RGB_JPG_Normais,RGB_JPG_Normais
C:\Users\eduar\Desktop\Soybe-main\data\com_fundo\RGB_JPG_Normais\grao_DSC_0624_id35.png,RGB_JPG_Normais,RGB_JPG_Normais
C:\Users\eduar\Desktop\Soybe-main\data\com_fundo\RGB_JPG_Normais\grao_DSC_0624_id36.png,RGB_JPG_Normais,RGB_JPG_Normais
C:\Users\eduar\Desktop\Soybe-main\data\com_fundo\RGB_JPG_Normais\grao_DSC_0624_id37.png,RGB_JPG_Normais,RGB_JPG_Normais
C:\Users\eduar\Desktop\Soybe-main\data\com_fundo\RGB_JPG_Normais\grao_DSC_0624_id38.png,RGB_JPG_Normais,RGB_JPG_Normais
C:\Users\eduar\Desktop\Soybe-main\data\com_fundo\RGB_JPG_Normais\grao_DSC_0624_id39.png,RGB_JPG_Normais,RGB_JPG_Normais
C:\Users\eduar\Desktop\Soybe-main\data\com_fundo\RGB_JPG_Normais\grao_DSC_0624_id4.png,RGB_JPG_Normais,RGB_JPG_Normais
C:\Users\eduar\Desktop\Soybe-main\data\com_fundo\RGB_JPG_Normais\grao_DSC_0624_id40.png,RGB_JPG_Normais,RGB_JPG_Normais
C:\Users\eduar\Desktop\Soybe-main\data\com_fundo\RGB_JPG_Normais\grao_DSC_0624_id41.png,RGB_JPG_Normais,RGB_JPG_Normais
C:\Users\eduar\Desktop\Soybe-main\data\com_fundo\RGB_JPG_Normais\grao_DSC_0624_id42.png,RGB_JPG_Normais,RGB_JPG_Normais
C:\Users\eduar\Desktop\Soybe-main\data\com_fundo\RGB_JPG_Normais\grao_DSC_0624_id43.png,RGB_JPG_Normais,RGB_JPG_Normais
C:\Users\eduar\Desktop\Soybe-main\data\com_fundo\RGB_JPG_Normais\grao_DSC_0624_id44.png,RGB_JPG_Normais,RGB_JPG_Normais
C:\Users\eduar\Desktop\Soybe-main\data\com_fundo\RGB_JPG_Normais\grao_DSC_0624_id45.png,RGB_JPG_Normais,RGB_JPG_Normais
C:\Users\eduar\Desktop\Soybe-main\data\com_fundo\RGB_JPG_Normais\grao_DSC_0624_id46.png,RGB_JPG_Normais,RGB_JPG_Normais
C:\Users\eduar\Desktop\Soybe-main\data\com_fundo\RGB_JPG_Normais\grao_DSC_0624_id47.png,RGB_JPG_Normais,RGB_JPG_Normais
C:\Users\eduar\Desktop\Soybe-main\data\com_fundo\RGB_JPG_Normais\grao_DSC_0624_id48.png,RGB_JPG_Normais,RGB_JPG_Normais
C:\Users\eduar\Desktop\Soybe-main\data\com_fundo\RGB_JPG_Normais\grao_DSC_0624_id49.png,RGB_JPG_Normais,RGB_JPG_Normais
C:\Users\eduar\Desktop\Soybe-main\data\com_fundo\RGB_JPG_Normais\grao_DSC_0624_id5.png,RGB_JPG_Normais,RGB_JPG_Normais
C:\Users\eduar\Desktop\Soybe-main\data\com_fundo\RGB_JPG_Normais\grao_DSC_0624_id50.png,RGB_JPG_Normais,RGB_JPG_Normais
C:\Users\eduar\Desktop\Soybe-main\data\com_fundo\RGB_JPG_Normais\grao_DSC_0624_id51.png,RGB_JPG_Normais,RGB_JPG_Normais
C:\Users\eduar\Desktop\Soybe-main\data\com_fundo\RGB_JPG_Normais\grao_DSC_0624_id52.png,RGB_JPG_Normais,RGB_JPG_Normais
C:\Users\eduar\Desktop\Soybe-main\data\com_fundo\RGB_JPG_Normais\grao_DSC_0624_id53.png,RGB_JPG_Normais,RGB_JPG_Normais
C:\Users\eduar\Desktop\Soybe-main\data\com_fundo\RGB_JPG_Normais\grao_DSC_0624_id54.png,RGB_JPG_Normais,RGB_JPG_Normais
C:\Users\eduar\Desktop\Soybe-main\data\com_fundo\RGB_JPG_Normais\grao_DSC_0624_id55.png,RGB_JPG_Normais,RGB_JPG_Normais
C:\Users\eduar\Desktop\Soybe-main\data\com_fundo\RGB_JPG_Normais\grao_DSC_0624_id56.png,RGB_JPG_Normais,RGB_JPG_Normais
C:\Users\eduar\Desktop\Soybe-main\data\com_fundo\RGB_JPG_Normais\grao_DSC_0624_id57.png,RGB_JPG_Normais,RGB_JPG_Normais
C:\Users\eduar\Desktop\Soybe-main\data\com_fundo\RGB_JPG_Normais\grao_DSC_0624_id58.png,RGB_JPG_Normais,RGB_JPG_Normais
C:\Users\eduar\Desktop\Soybe-main\data\com_fundo\RGB_JPG_Normais\grao_DSC_0624_id59.png,RGB_JPG_Normais,RGB_JPG_Normais
C:\Users\eduar\Desktop\Soybe-main\data\com_fundo\RGB_JPG_Normais\grao_DSC_0624_id6.png,RGB_JPG_Normais,RGB_JPG_Normais
C:\Users\eduar\Desktop\Soybe-main\data\com_fundo\RGB_JPG_Normais\grao_DSC_0624_id60.png,RGB_JPG_Normais,RGB_JPG_Normais
C:\Users\eduar\Desktop\Soybe-main\data\com_fundo\RGB_JPG_Normais\grao_DSC_0624_id61.png,RGB_JPG_Normais,RGB_JPG_Normais
C:\Users\eduar\Desktop\Soybe-main\data\com_fundo\RGB_JPG_Normais\grao_DSC_0624_id62.png,RGB_JPG_Normais,RGB_JPG_Normais
C:\Users\eduar\Desktop\Soybe-main\data\com_fundo\RGB_JPG_Normais\grao_DSC_0624_id63.png,RGB_JPG_Normais,RGB_JPG_Normais
C:\Users\eduar\Desktop\Soybe-main\data\com_fundo\RGB_JPG_Normais\grao_DSC_0624_id64.png,RGB_JPG_Normais,RGB_JPG_QUEBRADOS
C:\Users\eduar\Desktop\Soybe-main\data\com_fundo\RGB_JPG_Normais\grao_DSC_0624_id65.png,RGB_JPG_Normais,RGB_JPG_Normais
C:\Users\eduar\Desktop\Soybe-main\data\com_fundo\RGB_JPG_Normais\grao_DSC_0624_id66.png,RGB_JPG_Normais,RGB_JPG_Normais
C:\Users\eduar\Desktop\Soybe-main\data\com_fundo\RGB_JPG_Normais\grao_DSC_0624_id67.png,RGB_JPG_Normais,RGB_JPG_Normais
C:\Users\eduar\Desktop\Soybe-main\data\com_fundo\RGB_JPG_Normais\grao_DSC_0624_id68.png,RGB_JPG_Normais,RGB_JPG_Normais
C:\Users\eduar\Desktop\Soybe-main\data\com_fundo\RGB_JPG_Normais\grao_DSC_0624_id69.png,RGB_JPG_Normais,RGB_JPG_Normais
C:\Users\eduar\Desktop\Soybe-main\data\com_fundo\RGB_JPG_Normais\grao_DSC_0624_id7.png,RGB_JPG_Normais,RGB_JPG_Normais
C:\Users\eduar\Desktop\Soybe-main\data\com_fundo\RGB_JPG_Normais\grao_DSC_0624_id70.png,RGB_JPG_Normais,RGB_JPG_Normais
C:\Users\eduar\Desktop\Soybe-main\data\com_fundo\RGB_JPG_Normais\grao_DSC_0624_id71.png,RGB_JPG_Normais,RGB_JPG_Normais
C:\Users\eduar\Desktop\Soybe-main\data\com_fundo\RGB_JPG_Normais\grao_DSC_0624_id72.png,RGB_JPG_Normais,RGB_JPG_Normais
C:\Users\eduar\Desktop\Soybe-main\data\com_fundo\RGB_JPG_Normais\grao_DSC_0624_id73.png,RGB_JPG_Normais,RGB_JPG_Normais
C:\Users\eduar\Desktop\Soybe-main\data\com_fundo\RGB_JPG_Normais\grao_DSC_0624_id74.png,RGB_JPG_Normais,RGB_JPG_Normais
C:\Users\eduar\Desktop\Soybe-main\data\com_fundo\RGB_JPG_Normais\grao_DSC_0624_id75.png,RGB_JPG_Normais,RGB_JPG_Normais
C:\Users\eduar\Desktop\Soybe-main\data\com_fundo\RGB_JPG_Normais\grao_DSC_0624_id76.png,RGB_JPG_Normais,RGB_JPG_Normais
C:\Users\eduar\Desktop\Soybe-main\data\com_fundo\RGB_JPG_Normais\grao_DSC_0624_id77.png,RGB_JPG_Normais,RGB_JPG_Normais
C:\Users\eduar\Desktop\Soybe-main\data\com_fundo\RGB_JPG_Normais\grao_DSC_0624_id78.png,RGB_JPG_Normais,RGB_JPG_Normais
C:\Users\eduar\Desktop\Soybe-main\data\com_fundo\RGB_JPG_Normais\grao_DSC_0624_id79.png,RGB_JPG_Normais,RGB_JPG_Normais
C:\Users\eduar\Desktop\Soybe-main\data\com_fundo\RGB_JPG_Normais\grao_DSC_0624_id8.png,RGB_JPG_Normais,RGB_JPG_Normais
C:\Users\eduar\Desktop\Soybe-main\data\com_fundo\RGB_JPG_Normais\grao_DSC_0624_id80.png,RGB_JPG_Normais,RGB_JPG_Normais
C:\Users\eduar\Desktop\Soybe-main\data\com_fundo\RGB_JPG_Normais\grao_DSC_0624_id81.png,RGB_JPG_Normais,RGB_JPG_Normais
C:\Users\eduar\Desktop\Soybe-main\data\com_fundo\RGB_JPG_Normais\grao_DSC_0624_id82.png,RGB_JPG_Normais,RGB_JPG_Normais
C:\Users\eduar\Desktop\Soybe-main\data\com_fundo\RGB_JPG_Normais\grao_DSC_0624_id83.png,RGB_JPG_Normais,RGB_JPG_Normais
C:\Users\eduar\Desktop\Soybe-main\data\com_fundo\RGB_JPG_Normais\grao_DSC_0624_id84.png,RGB_JPG_Normais,RGB_JPG_Normais
C:\Users\eduar\Desktop\Soybe-main\data\com_fundo\RGB_JPG_Normais\grao_DSC_0624_id85.png,RGB_JPG_Normais,RGB_JPG_Normais
C:\Users\eduar\Desktop\Soybe-main\data\com_fundo\RGB_JPG_Normais\grao_DSC_0624_id86.png,RGB_JPG_Normais,RGB_JPG_Normais
C:\Users\eduar\Desktop\Soybe-main\data\com_fundo\RGB_JPG_Normais\grao_DSC_0624_id87.png,RGB_JPG_Normais,RGB_JPG_Normais
C:\Users\eduar\Desktop\Soybe-main\data\com_fundo\RGB_JPG_Normais\grao_DSC_0624_id88.png,RGB_JPG_Normais,RGB_JPG_Normais
C:\Users\eduar\Desktop\Soybe-main\data\com_fundo\RGB_JPG_Normais\grao_DSC_0624_id89.png,RGB_JPG_Normais,RGB_JPG_Normais
C:\Users\eduar\Desktop\Soybe-main\data\com_fundo\RGB_JPG_Normais\grao_DSC_0624_id9.png,RGB_JPG_Normais,RGB_JPG_Normais
C:\Users\eduar\Desktop\Soybe-main\data\com_fundo\RGB_JPG_Normais\grao_DSC_0624_id90.png,RGB_JPG_Normais,RGB_JPG_Normais
C:\Users\eduar\Desktop\Soybe-main\data\com_fundo\RGB_JPG_Normais\grao_DSC_0624_id91.png,RGB_JPG_Normais,RGB_JPG_Normais
C:\Users\eduar\Desktop\Soybe-main\data\com_fundo\RGB_JPG_Normais\grao_DSC_0624_id92.png,RGB_JPG_Normais,RGB_JPG_Normais
C:\Users\eduar\Desktop\Soybe-main\data\com_fundo\RGB_JPG_Normais\grao_DSC_0624_id93.png,RGB_JPG_Normais,RGB_JPG_Normais
C:\Users\eduar\Desktop\Soybe-main\data\com_fundo\RGB_JPG_Normais\grao_DSC_0624_id94.png,RGB_JPG_Normais,RGB_JPG_Normais
C:\Users\eduar\Desktop\Soybe-main\data\com_fundo\RGB_JPG_Normais\grao_DSC_0624_id95.png,RGB_JPG_Normais,RGB_JPG_Normais
C:\Users\eduar\Desktop\Soybe-main\data\com_fundo\RGB_JPG_Normais\grao_DSC_0624_id96.png,RGB_JPG_Normais,RGB_JPG_Normais
C:\Users\eduar\Desktop\Soybe-main\data\com_fundo\RGB_JPG_Normais\grao_DSC_0624_id97.png,RGB_JPG_Normais,RGB_JPG_Normais
C:\Users\eduar\Desktop\Soybe-main\data\com_fundo\RGB_JPG_Normais\grao_DSC_0624_id98.png,RGB_JPG_Normais,RGB_JPG_Normais
C:\Users\eduar\Desktop\Soybe-main\data\com_fundo\RGB_JPG_Normais\grao_DSC_0624_id99.png,RGB_JPG_Normais,RGB_JPG_Normais
C:\Users\eduar\Desktop\Soybe-main\data\com_fundo\RGB_JPG_Normais\grao_DSC_0631_id1.png,RGB_JPG_Normais,RGB_JPG_Normais
C:\Users\eduar\Desktop\Soybe-main\data\com_fundo\RGB_JPG_Normais\grao_DSC_0631_id10.png,RGB_JPG_Normais,RGB_JPG_Normais
C:\Users\eduar\Desktop\Soybe-main\data\com_fundo\RGB_JPG_Normais\grao_DSC_0631_id100.png,RGB_JPG_Normais,RGB_JPG_Normais
C:\Users\eduar\Desktop\Soybe-main\data\com_fundo\RGB_JPG_Normais\grao_DSC_0631_id101.png,RGB_JPG_Normais,RGB_JPG_Normais
C:\Users\eduar\Desktop\Soybe-main\data\com_fundo\RGB_JPG_Normais\grao_DSC_0631_id102.png,RGB_JPG_Normais,RGB_JPG_Normais
C:\Users\eduar\Desktop\Soybe-main\data\com_fundo\RGB_JPG_Normais\grao_DSC_0631_id103.png,RGB_JPG_Normais,RGB_JPG_Normais
C:\Users\eduar\Desktop\Soybe-main\data\com_fundo\RGB_JPG_Normais\grao_DSC_0631_id104.png,RGB_JPG_Normais,RGB_JPG_Normais
C:\Users\eduar\Desktop\Soybe-main\data\com_fundo\RGB_JPG_Normais\grao_DSC_0631_id11.png,RGB_JPG_Normais,RGB_JPG_Normais
C:\Users\eduar\Desktop\Soybe-main\data\com_fundo\RGB_JPG_Normais\grao_DSC_0631_id12.png,RGB_JPG_Normais,RGB_JPG_Normais
C:\Users\eduar\Desktop\Soybe-main\data\com_fundo\RGB_JPG_Normais\grao_DSC_0631_id13.png,RGB_JPG_Normais,RGB_JPG_Normais
C:\Users\eduar\Desktop\Soybe-main\data\com_fundo\RGB_JPG_Normais\grao_DSC_0631_id14.png,RGB_JPG_Normais,RGB_JPG_Normais
C:\Users\eduar\Desktop\Soybe-main\data\com_fundo\RGB_JPG_Normais\grao_DSC_0631_id15.png,RGB_JPG_Normais,RGB_JPG_Normais
C:\Users\eduar\Desktop\Soybe-main\data\com_fundo\RGB_JPG_Normais\grao_DSC_0631_id16.png,RGB_JPG_Normais,RGB_JPG_Normais
C:\Users\eduar\Desktop\Soybe-main\data\com_fundo\RGB_JPG_Normais\grao_DSC_0631_id17.png,RGB_JPG_Normais,RGB_JPG_Normais
C:\Users\eduar\Desktop\Soybe-main\data\com_fundo\RGB_JPG_Normais\grao_DSC_0631_id19.png,RGB_JPG_Normais,RGB_JPG_Normais
C:\Users\eduar\Desktop\Soybe-main\data\com_fundo\RGB_JPG_Normais\grao_DSC_0631_id2.png,RGB_JPG_Normais,RGB_JPG_Normais
C:\Users\eduar\Desktop\Soybe-main\data\com_fundo\RGB_JPG_Normais\grao_DSC_0631_id20.png,RGB_JPG_Normais,RGB_JPG_Normais
C:\Users\eduar\Desktop\Soybe-main\data\com_fundo\RGB_JPG_Normais\grao_DSC_0631_id21.png,RGB_JPG_Normais,RGB_JPG_Normais
C:\Users\eduar\Desktop\Soybe-main\data\com_fundo\RGB_JPG_Normais\grao_DSC_0631_id22.png,RGB_JPG_Normais,RGB_JPG_Normais
C:\Users\eduar\Desktop\Soybe-main\data\com_fundo\RGB_JPG_Normais\grao_DSC_0631_id24.png,RGB_JPG_Normais,RGB_JPG_Normais
C:\Users\eduar\Desktop\Soybe-main\data\com_fundo\RGB_JPG_Normais\grao_DSC_0631_id25.png,RGB_JPG_Normais,RGB_JPG_Normais
C:\Users\eduar\Desktop\Soybe-main\data\com_fundo\RGB_JPG_Normais\grao_DSC_0631_id26.png,RGB_JPG_Normais,RGB_JPG_Normais
C:\Users\eduar\Desktop\Soybe-main\data\com_fundo\RGB_JPG_Normais\grao_DSC_0631_id27.png,RGB_JPG_Normais,RGB_JPG_Normais
C:\Users\eduar\Desktop\Soybe-main\data\com_fundo\RGB_JPG_Normais\grao_DSC_0631_id28.png,RGB_JPG_Normais,RGB_JPG_Normais
C:\Users\eduar\Desktop\Soybe-main\data\com_fundo\RGB_JPG_Normais\grao_DSC_0631_id29.png,RGB_JPG_Normais,RGB_JPG_Normais
C:\Users\eduar\Desktop\Soybe-main\data\com_fundo\RGB_JPG_Normais\grao_DSC_0631_id3.png,RGB_JPG_Normais,RGB_JPG_Normais
C:\Users\eduar\Desktop\Soybe-main\data\com_fundo\RGB_JPG_Normais\grao_DSC_0631_id30.png,RGB_JPG_Normais,RGB_JPG_Normais
C:\Users\eduar\Desktop\Soybe-main\data\com_fundo\RGB_JPG_Normais\grao_DSC_0631_id31.png,RGB_JPG_Normais,RGB_JPG_Normais
C:\Users\eduar\Desktop\Soybe-main\data\com_fundo\RGB_JPG_Normais\grao_DSC_0631_id32.png,RGB_JPG_Normais,RGB_JPG_Normais
C:\Users\eduar\Desktop\Soybe-main\data\com_fundo\RGB_JPG_Normais\grao_DSC_0631_id33.png,RGB_JPG_Normais,RGB_JPG_Normais
C:\Users\eduar\Desktop\Soybe-main\data\com_fundo\RGB_JPG_Normais\grao_DSC_0631_id34.png,RGB_JPG_Normais,RGB_JPG_Normais
C:\Users\eduar\Desktop\Soybe-main\data\com_fundo\RGB_JPG_Normais\grao_DSC_0631_id35.png,RGB_JPG_Normais,RGB_JPG_Normais
C:\Users\eduar\Desktop\Soybe-main\data\com_fundo\RGB_JPG_Normais\grao_DSC_0631_id36.png,RGB_JPG_Normais,RGB_JPG_Normais
C:\Users\eduar\Desktop\Soybe-main\data\com_fundo\RGB_JPG_Normais\grao_DSC_0631_id37.png,RGB_JPG_Normais,RGB_JPG_Normais
C:\Users\eduar\Desktop\Soybe-main\data\com_fundo\RGB_JPG_Normais\grao_DSC_0631_id38.png,RGB_JPG_Normais,RGB_JPG_Normais
C:\Users\eduar\Desktop\Soybe-main\data\com_fundo\RGB_JPG_Normais\grao_DSC_0631_id39.png,RGB_JPG_Normais,RGB_JPG_Normais
C:\Users\eduar\Desktop\Soybe-main\data\com_fundo\RGB_JPG_Normais\grao_DSC_0631_id4.png,RGB_JPG_Normais,RGB_JPG_Normais
C:\Users\eduar\Desktop\Soybe-main\data\com_fundo\RGB_JPG_Normais\grao_DSC_0631_id40.png,RGB_JPG_Normais,RGB_JPG_Normais
C:\Users\eduar\Desktop\Soybe-main\data\com_fundo\RGB_JPG_Normais\grao_DSC_0631_id41.png,RGB_JPG_Normais,RGB_JPG_Normais
C:\Users\eduar\Desktop\Soybe-main\data\com_fundo\RGB_JPG_Normais\grao_DSC_0631_id42.png,RGB_JPG_Normais,RGB_JPG_Normais
C:\Users\eduar\Desktop\Soybe-main\data\com_fundo\RGB_JPG_Normais\grao_DSC_0631_id43.png,RGB_JPG_Normais,RGB_JPG_Normais
C:\Users\eduar\Desktop\Soybe-main\data\com_fundo\RGB_JPG_Normais\grao_DSC_0631_id44.png,RGB_JPG_Normais,RGB_JPG_Normais
C:\Users\eduar\Desktop\Soybe-main\data\com_fundo\RGB_JPG_Normais\grao_DSC_0631_id45.png,RGB_JPG_Normais,RGB_JPG_Normais
C:\Users\eduar\Desktop\Soybe-main\data\com_fundo\RGB_JPG_Normais\grao_DSC_0631_id46.png,RGB_JPG_Normais,RGB_JPG_Normais
C:\Users\eduar\Desktop\Soybe-main\data\com_fundo\RGB_JPG_Normais\grao_DSC_0631_id47.png,RGB_JPG_Normais,RGB_JPG_Normais
C:\Users\eduar\Desktop\Soybe-main\data\com_fundo\RGB_JPG_Normais\grao_DSC_0631_id48.png,RGB_JPG_Normais,RGB_JPG_Normais
C:\Users\eduar\Desktop\Soybe-main\data\com_fundo\RGB_JPG_Normais\grao_DSC_0631_id49.png,RGB_JPG_Normais,RGB_JPG_Normais
C:\Users\eduar\Desktop\Soybe-main\data\com_fundo\RGB_JPG_Normais\grao_DSC_0631_id5.png,RGB_JPG_Normais,RGB_JPG_Normais
C:\Users\eduar\Desktop\Soybe-main\data\com_fundo\RGB_JPG_Normais\grao_DSC_0631_id50.png,RGB_JPG_Normais,RGB_JPG_Normais
C:\Users\eduar\Desktop\Soybe-main\data\com_fundo\RGB_JPG_Normais\grao_DSC_0631_id51.png,RGB_JPG_Normais,RGB_JPG_Normais
C:\Users\eduar\Desktop\Soybe-main\data\com_fundo\RGB_JPG_Normais\grao_DSC_0631_id52.png,RGB_JPG_Normais,RGB_JPG_Normais
C:\Users\eduar\Desktop\Soybe-main\data\com_fundo\RGB_JPG_Normais\grao_DSC_0631_id53.png,RGB_JPG_Normais,RGB_JPG_Normais
C:\Users\eduar\Desktop\Soybe-main\data\com_fundo\RGB_JPG_Normais\grao_DSC_0631_id54.png,RGB_JPG_Normais,RGB_JPG_Normais
C:\Users\eduar\Desktop\Soybe-main\data\com_fundo\RGB_JPG_Normais\grao_DSC_0631_id55.png,RGB_JPG_Normais,RGB_JPG_Normais
C:\Users\eduar\Desktop\Soybe-main\data\com_fundo\RGB_JPG_Normais\grao_DSC_0631_id56.png,RGB_JPG_Normais,RGB_JPG_Normais
C:\Users\eduar\Desktop\Soybe-main\data\com_fundo\RGB_JPG_Normais\grao_DSC_0631_id57.png,RGB_JPG_Normais,RGB_JPG_Normais
C:\Users\eduar\Desktop\Soybe-main\data\com_fundo\RGB_JPG_Normais\grao_DSC_0631_id58.png,RGB_JPG_Normais,RGB_JPG_Normais
C:\Users\eduar\Desktop\Soybe-main\data\com_fundo\RGB_JPG_Normais\grao_DSC_0631_id59.png,RGB_JPG_Normais,RGB_JPG_Normais
C:\Users\eduar\Desktop\Soybe-main\data\com_fundo\RGB_JPG_Normais\grao_DSC_0631_id6.png,RGB_JPG_Normais,RGB_JPG_Normais
C:\Users\eduar\Desktop\Soybe-main\data\com_fundo\RGB_JPG_Normais\grao_DSC_0631_id60.png,RGB_JPG_Normais,RGB_JPG_Normais
C:\Users\eduar\Desktop\Soybe-main\data\com_fundo\RGB_JPG_Normais\grao_DSC_0631_id61.png,RGB_JPG_Normais,RGB_JPG_Normais
C:\Users\eduar\Desktop\Soybe-main\data\com_fundo\RGB_JPG_Normais\grao_DSC_0631_id62.png,RGB_JPG_Normais,RGB_JPG_Normais
C:\Users\eduar\Desktop\Soybe-main\data\com_fundo\RGB_JPG_Normais\grao_DSC_0631_id63.png,RGB_JPG_Normais,RGB_JPG_Normais
C:\Users\eduar\Desktop\Soybe-main\data\com_fundo\RGB_JPG_Normais\grao_DSC_0631_id64.png,RGB_JPG_Normais,RGB_JPG_Normais
C:\Users\eduar\Desktop\Soybe-main\data\com_fundo\RGB_JPG_Normais\grao_DSC_0631_id65.png,RGB_JPG_Normais,RGB_JPG_Normais
C:\Users\eduar\Desktop\Soybe-main\data\com_fundo\RGB_JPG_Normais\grao_DSC_0631_id66.png,RGB_JPG_Normais,RGB_JPG_Normais
C:\Users\eduar\Desktop\Soybe-main\data\com_fundo\RGB_JPG_Normais\grao_DSC_0631_id67.png,RGB_JPG_Normais,RGB_JPG_Normais
C:\Users\eduar\Desktop\Soybe-main\data\com_fundo\RGB_JPG_Normais\grao_DSC_0631_id68.png,RGB_JPG_Normais,RGB_JPG_Normais
C:\Users\eduar\Desktop\Soybe-main\data\com_fundo\RGB_JPG_Normais\grao_DSC_0631_id69.png,RGB_JPG_Normais,RGB_JPG_Normais
C:\Users\eduar\Desktop\Soybe-main\data\com_fundo\RGB_JPG_Normais\grao_DSC_0631_id7.png,RGB_JPG_Normais,RGB_JPG_Normais
C:\Users\eduar\Desktop\Soybe-main\data\com_fundo\RGB_JPG_Normais\grao_DSC_0631_id70.png,RGB_JPG_Normais,RGB_JPG_Normais
C:\Users\eduar\Desktop\Soybe-main\data\com_fundo\RGB_JPG_Normais\grao_DSC_0631_id71.png,RGB_JPG_Normais,RGB_JPG_Normais
C:\Users\eduar\Desktop\Soybe-main\data\com_fundo\RGB_JPG_Normais\grao_DSC_0631_id72.png,RGB_JPG_Normais,RGB_JPG_Normais
C:\Users\eduar\Desktop\Soybe-main\data\com_fundo\RGB_JPG_Normais\grao_DSC_0631_id73.png,RGB_JPG_Normais,RGB_JPG_Normais
C:\Users\eduar\Desktop\Soybe-main\data\com_fundo\RGB_JPG_Normais\grao_DSC_0631_id74.png,RGB_JPG_Normais,RGB_JPG_Normais
C:\Users\eduar\Desktop\Soybe-main\data\com_fundo\RGB_JPG_Normais\grao_DSC_0631_id75.png,RGB_JPG_Normais,RGB_JPG_Normais
C:\Users\eduar\Desktop\Soybe-main\data\com_fundo\RGB_JPG_Normais\grao_DSC_0631_id76.png,RGB_JPG_Normais,RGB_JPG_Normais
C:\Users\eduar\Desktop\Soybe-main\data\com_fundo\RGB_JPG_Normais\grao_DSC_0631_id77.png,RGB_JPG_Normais,RGB_JPG_Normais
C:\Users\eduar\Desktop\Soybe-main\data\com_fundo\RGB_JPG_Normais\grao_DSC_0631_id78.png,RGB_JPG_Normais,RGB_JPG_Normais
C:\Users\eduar\Desktop\Soybe-main\data\com_fundo\RGB_JPG_Normais\grao_DSC_0631_id79.png,RGB_JPG_Normais,RGB_JPG_Normais
C:\Users\eduar\Desktop\Soybe-main\data\com_fundo\RGB_JPG_Normais\grao_DSC_0631_id8.png,RGB_JPG_Normais,RGB_JPG_Normais
C:\Users\eduar\Desktop\Soybe-main\data\com_fundo\RGB_JPG_Normais\grao_DSC_0631_id80.png,RGB_JPG_Normais,RGB_JPG_Normais
C:\Users\eduar\Desktop\Soybe-main\data\com_fundo\RGB_JPG_Normais\grao_DSC_0631_id81.png,RGB_JPG_Normais,RGB_JPG_Normais
C:\Users\eduar\Desktop\Soybe-main\data\com_fundo\RGB_JPG_Normais\grao_DSC_0631_id82.png,RGB_JPG_Normais,RGB_JPG_Normais
C:\Users\eduar\Desktop\Soybe-main\data\com_fundo\RGB_JPG_Normais\grao_DSC_0631_id83.png,RGB_JPG_Normais,RGB_JPG_Normais
C:\Users\eduar\Desktop\Soybe-main\data\com_fundo\RGB_JPG_Normais\grao_DSC_0631_id84.png,RGB_JPG_Normais,RGB_JPG_Normais
C:\Users\eduar\Desktop\Soybe-main\data\com_fundo\RGB_JPG_Normais\grao_DSC_0631_id85.png,RGB_JPG_Normais,RGB_JPG_Normais
C:\Users\eduar\Desktop\Soybe-main\data\com_fundo\RGB_JPG_Normais\grao_DSC_0631_id86.png,RGB_JPG_Normais,RGB_JPG_Normais
C:\Users\eduar\Desktop\Soybe-main\data\com_fundo\RGB_JPG_Normais\grao_DSC_0631_id87.png,RGB_JPG_Normais,RGB_JPG_Normais
C:\Users\eduar\Desktop\Soybe-main\data\com_fundo\RGB_JPG_Normais\grao_DSC_0631_id88.png,RGB_JPG_Normais,RGB_JPG_Normais
C:\Users\eduar\Desktop\Soybe-main\data\com_fundo\RGB_JPG_Normais\grao_DSC_0631_id89.png,RGB_JPG_Normais,RGB_JPG_Normais
C:\Users\eduar\Desktop\Soybe-main\data\com_fundo\RGB_JPG_Normais\grao_DSC_0631_id9.png,RGB_JPG_Normais,RGB_JPG_Normais
C:\Users\eduar\Desktop\Soybe-main\data\com_fundo\RGB_JPG_Normais\grao_DSC_0631_id90.png,RGB_JPG_Normais,RGB_JPG_Normais
C:\Users\eduar\Desktop\Soybe-main\data\com_fundo\RGB_JPG_Normais\grao_DSC_0631_id91.png,RGB_JPG_Normais,RGB_JPG_Normais
C:\Users\eduar\Desktop\Soybe-main\data\com_fundo\RGB_JPG_Normais\grao_DSC_0631_id92.png,RGB_JPG_Normais,RGB_JPG_Normais
C:\Users\eduar\Desktop\Soybe-main\data\com_fundo\RGB_JPG_Normais\grao_DSC_0631_id93.png,RGB_JPG_Normais,RGB_JPG_Normais
C:\Users\eduar\Desktop\Soybe-main\data\com_fundo\RGB_JPG_Normais\grao_DSC_0631_id94.png,RGB_JPG_Normais,RGB_JPG_Normais
C:\Users\eduar\Desktop\Soybe-main\data\com_fundo\RGB_JPG_Normais\grao_DSC_0631_id95.png,RGB_JPG_Normais,RGB_JPG_Normais
C:\Users\eduar\Desktop\Soybe-main\data\com_fundo\RGB_JPG_Normais\grao_DSC_0631_id96.png,RGB_JPG_Normais,RGB_JPG_Normais
C:\Users\eduar\Desktop\Soybe-main\data\com_fundo\RGB_JPG_Normais\grao_DSC_0631_id97.png,RGB_JPG_Normais,RGB_JPG_Normais
C:\Users\eduar\Desktop\Soybe-main\data\com_fundo\RGB_JPG_Normais\grao_DSC_0631_id98.png,RGB_JPG_Normais,RGB_JPG_Normais
C:\Users\eduar\Desktop\Soybe-main\data\com_fundo\RGB_JPG_Normais\grao_DSC_0631_id99.png,RGB_JPG_Normais,RGB_JPG_Normais
C:\Users\eduar\Desktop\Soybe-main\data\com_fundo\RGB_JPG_Normais\grao_DSC_0634_id1.png,RGB_JPG_Normais,RGB_JPG_Normais
C:\Users\eduar\Desktop\Soybe-main\data\com_fundo\RGB_JPG_Normais\grao_DSC_0634_id10.png,RGB_JPG_Normais,RGB_JPG_Normais
C:\Users\eduar\Desktop\Soybe-main\data\com_fundo\RGB_JPG_Normais\grao_DSC_0634_id11.png,RGB_JPG_Normais,RGB_JPG_Normais
C:\Users\eduar\Desktop\Soybe-main\data\com_fundo\RGB_JPG_Normais\grao_DSC_0634_id12.png,RGB_JPG_Normais,RGB_JPG_Normais
C:\Users\eduar\Desktop\Soybe-main\data\com_fundo\RGB_JPG_Normais\grao_DSC_0634_id13.png,RGB_JPG_Normais,RGB_JPG_Normais
C:\Users\eduar\Desktop\Soybe-main\data\com_fundo\RGB_JPG_Normais\grao_DSC_0634_id14.png,RGB_JPG_Normais,RGB_JPG_Normais
C:\Users\eduar\Desktop\Soybe-main\data\com_fundo\RGB_JPG_Normais\grao_DSC_0634_id15.png,RGB_JPG_Normais,RGB_JPG_Normais
C:\Users\eduar\Desktop\Soybe-main\data\com_fundo\RGB_JPG_Normais\grao_DSC_0634_id16.png,RGB_JPG_Normais,RGB_JPG_Normais
C:\Users\eduar\Desktop\Soybe-main\data\com_fundo\RGB_JPG_Normais\grao_DSC_0634_id17.png,RGB_JPG_Normais,RGB_JPG_Normais
C:\Users\eduar\Desktop\Soybe-main\data\com_fundo\RGB_JPG_Normais\grao_DSC_0634_id18.png,RGB_JPG_Normais,RGB_JPG_Normais
C:\Users\eduar\Desktop\Soybe-main\data\com_fundo\RGB_JPG_Normais\grao_DSC_0634_id19.png,RGB_JPG_Normais,RGB_JPG_Normais
C:\Users\eduar\Desktop\Soybe-main\data\com_fundo\RGB_JPG_Normais\grao_DSC_0634_id2.png,RGB_JPG_Normais,RGB_JPG_Normais
C:\Users\eduar\Desktop\Soybe-main\data\com_fundo\RGB_JPG_Normais\grao_DSC_0634_id20.png,RGB_JPG_Normais,RGB_JPG_Normais
C:\Users\eduar\Desktop\Soybe-main\data\com_fundo\RGB_JPG_Normais\grao_DSC_0634_id21.png,RGB_JPG_Normais,RGB_JPG_Normais
C:\Users\eduar\Desktop\Soybe-main\data\com_fundo\RGB_JPG_Normais\grao_DSC_0634_id22.png,RGB_JPG_Normais,RGB_JPG_Normais
C:\Users\eduar\Desktop\Soybe-main\data\com_fundo\RGB_JPG_Normais\grao_DSC_0634_id23.png,RGB_JPG_Normais,RGB_JPG_Normais
C:\Users\eduar\Desktop\Soybe-main\data\com_fundo\RGB_JPG_Normais\grao_DSC_0634_id24.png,RGB_JPG_Normais,RGB_JPG_Normais
C:\Users\eduar\Desktop\Soybe-main\data\com_fundo\RGB_JPG_Normais\grao_DSC_0634_id25.png,RGB_JPG_Normais,RGB_JPG_Normais
C:\Users\eduar\Desktop\Soybe-main\data\com_fundo\RGB_JPG_Normais\grao_DSC_0634_id26.png,RGB_JPG_Normais,RGB_JPG_Normais
C:\Users\eduar\Desktop\Soybe-main\data\com_fundo\RGB_JPG_Normais\grao_DSC_0634_id27.png,RGB_JPG_Normais,RGB_JPG_QUEBRADOS
C:\Users\eduar\Desktop\Soybe-main\data\com_fundo\RGB_JPG_Normais\grao_DSC_0634_id28.png,RGB_JPG_Normais,RGB_JPG_Normais
C:\Users\eduar\Desktop\Soybe-main\data\com_fundo\RGB_JPG_Normais\grao_DSC_0634_id29.png,RGB_JPG_Normais,RGB_JPG_Normais
C:\Users\eduar\Desktop\Soybe-main\data\com_fundo\RGB_JPG_Normais\grao_DSC_0634_id3.png,RGB_JPG_Normais,RGB_JPG_Normais
C:\Users\eduar\Desktop\Soybe-main\data\com_fundo\RGB_JPG_Normais\grao_DSC_0634_id30.png,RGB_JPG_Normais,RGB_JPG_Normais
C:\Users\eduar\Desktop\Soybe-main\data\com_fundo\RGB_JPG_Normais\grao_DSC_0634_id31.png,RGB_JPG_Normais,RGB_JPG_Normais
C:\Users\eduar\Desktop\Soybe-main\data\com_fundo\RGB_JPG_Normais\grao_DSC_0634_id32.png,RGB_JPG_Normais,RGB_JPG_Normais
C:\Users\eduar\Desktop\Soybe-main\data\com_fundo\RGB_JPG_Normais\grao_DSC_0634_id33.png,RGB_JPG_Normais,RGB_JPG_Normais
C:\Users\eduar\Desktop\Soybe-main\data\com_fundo\RGB_JPG_Normais\grao_DSC_0634_id34.png,RGB_JPG_Normais,RGB_JPG_Normais
C:\Users\eduar\Desktop\Soybe-main\data\com_fundo\RGB_JPG_Normais\grao_DSC_0634_id35.png,RGB_JPG_Normais,RGB_JPG_Normais
C:\Users\eduar\Desktop\Soybe-main\data\com_fundo\RGB_JPG_Normais\grao_DSC_0634_id36.png,RGB_JPG_Normais,RGB_JPG_Normais
C:\Users\eduar\Desktop\Soybe-main\data\com_fundo\RGB_JPG_Normais\grao_DSC_0634_id37.png,RGB_JPG_Normais,RGB_JPG_Normais
C:\Users\eduar\Desktop\Soybe-main\data\com_fundo\RGB_JPG_Normais\grao_DSC_0634_id38.png,RGB_JPG_Normais,RGB_JPG_Normais
C:\Users\eduar\Desktop\Soybe-main\data\com_fundo\RGB_JPG_Normais\grao_DSC_0634_id39.png,RGB_JPG_Normais,RGB_JPG_Normais
C:\Users\eduar\Desktop\Soybe-main\data\com_fundo\RGB_JPG_Normais\grao_DSC_0634_id4.png,RGB_JPG_Normais,RGB_JPG_Normais
C:\Users\eduar\Desktop\Soybe-main\data\com_fundo\RGB_JPG_Normais\grao_DSC_0634_id40.png,RGB_JPG_Normais,RGB_JPG_Normais
C:\Users\eduar\Desktop\Soybe-main\data\com_fundo\RGB_JPG_Normais\grao_DSC_0634_id41.png,RGB_JPG_Normais,RGB_JPG_Normais
C:\Users\eduar\Desktop\Soybe-main\data\com_fundo\RGB_JPG_Normais\grao_DSC_0634_id42.png,RGB_JPG_Normais,RGB_JPG_PURPURAS
C:\Users\eduar\Desktop\Soybe-main\data\com_fundo\RGB_JPG_Normais\grao_DSC_0634_id43.png,RGB_JPG_Normais,RGB_JPG_Normais
C:\Users\eduar\Desktop\Soybe-main\data\com_fundo\RGB_JPG_Normais\grao_DSC_0634_id44.png,RGB_JPG_Normais,RGB_JPG_Normais
C:\Users\eduar\Desktop\Soybe-main\data\com_fundo\RGB_JPG_Normais\grao_DSC_0634_id45.png,RGB_JPG_Normais,RGB_JPG_Normais
C:\Users\eduar\Desktop\Soybe-main\data\com_fundo\RGB_JPG_Normais\grao_DSC_0634_id46.png,RGB_JPG_Normais,RGB_JPG_Normais
C:\Users\eduar\Desktop\Soybe-main\data\com_fundo\RGB_JPG_Normais\grao_DSC_0634_id47.png,RGB_JPG_Normais,RGB_JPG_Normais
C:\Users\eduar\Desktop\Soybe-main\data\com_fundo\RGB_JPG_Normais\grao_DSC_0634_id48.png,RGB_JPG_Normais,RGB_JPG_Normais
C:\Users\eduar\Desktop\Soybe-main\data\com_fundo\RGB_JPG_Normais\grao_DSC_0634_id49.png,RGB_JPG_Normais,RGB_JPG_Normais
C:\Users\eduar\Desktop\Soybe-main\data\com_fundo\RGB_JPG_Normais\grao_DSC_0634_id5.png,RGB_JPG_Normais,RGB_JPG_Normais
C:\Users\eduar\Desktop\Soybe-main\data\com_fundo\RGB_JPG_Normais\grao_DSC_0634_id50.png,RGB_JPG_Normais,RGB_JPG_Normais
C:\Users\eduar\Desktop\Soybe-main\data\com_fundo\RGB_JPG_Normais\grao_DSC_0634_id51.png,RGB_JPG_Normais,RGB_JPG_Normais
C:\Users\eduar\Desktop\Soybe-main\data\com_fundo\RGB_JPG_Normais\grao_DSC_0634_id52.png,RGB_JPG_Normais,RGB_JPG_Normais
C:\Users\eduar\Desktop\Soybe-main\data\com_fundo\RGB_JPG_Normais\grao_DSC_0634_id53.png,RGB_JPG_Normais,RGB_JPG_Normais
C:\Users\eduar\Desktop\Soybe-main\data\com_fundo\RGB_JPG_Normais\grao_DSC_0634_id54.png,RGB_JPG_Normais,RGB_JPG_Normais
C:\Users\eduar\Desktop\Soybe-main\data\com_fundo\RGB_JPG_Normais\grao_DSC_0634_id55.png,RGB_JPG_Normais,RGB_JPG_Normais
C:\Users\eduar\Desktop\Soybe-main\data\com_fundo\RGB_JPG_Normais\grao_DSC_0634_id56.png,RGB_JPG_Normais,RGB_JPG_Normais
C:\Users\eduar\Desktop\Soybe-main\data\com_fundo\RGB_JPG_Normais\grao_DSC_0634_id57.png,RGB_JPG_Normais,RGB_JPG_Normais
C:\Users\eduar\Desktop\Soybe-main\data\com_fundo\RGB_JPG_Normais\grao_DSC_0634_id58.png,RGB_JPG_Normais,RGB_JPG_Normais
C:\Users\eduar\Desktop\Soybe-main\data\com_fundo\RGB_JPG_Normais\grao_DSC_0634_id59.png,RGB_JPG_Normais,RGB_JPG_Normais
C:\Users\eduar\Desktop\Soybe-main\data\com_fundo\RGB_JPG_Normais\grao_DSC_0634_id6.png,RGB_JPG_Normais,RGB_JPG_Normais
C:\Users\eduar\Desktop\Soybe-main\data\com_fundo\RGB_JPG_Normais\grao_DSC_0634_id60.png,RGB_JPG_Normais,RGB_JPG_Normais
C:\Users\eduar\Desktop\Soybe-main\data\com_fundo\RGB_JPG_Normais\grao_DSC_0634_id61.png,RGB_JPG_Normais,RGB_JPG_Normais
C:\Users\eduar\Desktop\Soybe-main\data\com_fundo\RGB_JPG_Normais\grao_DSC_0634_id62.png,RGB_JPG_Normais,RGB_JPG_Normais
C:\Users\eduar\Desktop\Soybe-main\data\com_fundo\RGB_JPG_Normais\grao_DSC_0634_id63.png,RGB_JPG_Normais,RGB_JPG_Normais
C:\Users\eduar\Desktop\Soybe-main\data\com_fundo\RGB_JPG_Normais\grao_DSC_0634_id64.png,RGB_JPG_Normais,RGB_JPG_Normais
C:\Users\eduar\Desktop\Soybe-main\data\com_fundo\RGB_JPG_Normais\grao_DSC_0634_id65.png,RGB_JPG_Normais,RGB_JPG_Normais
C:\Users\eduar\Desktop\Soybe-main\data\com_fundo\RGB_JPG_Normais\grao_DSC_0634_id66.png,RGB_JPG_Normais,RGB_JPG_Normais
C:\Users\eduar\Desktop\Soybe-main\data\com_fundo\RGB_JPG_Normais\grao_DSC_0634_id67.png,RGB_JPG_Normais,RGB_JPG_QUEBRADOS
C:\Users\eduar\Desktop\Soybe-main\data\com_fundo\RGB_JPG_Normais\grao_DSC_0634_id68.png,RGB_JPG_Normais,RGB_JPG_Normais
C:\Users\eduar\Desktop\Soybe-main\data\com_fundo\RGB_JPG_Normais\grao_DSC_0634_id69.png,RGB_JPG_Normais,RGB_JPG_Normais
C:\Users\eduar\Desktop\Soybe-main\data\com_fundo\RGB_JPG_Normais\grao_DSC_0634_id7.png,RGB_JPG_Normais,RGB_JPG_Normais
C:\Users\eduar\Desktop\Soybe-main\data\com_fundo\RGB_JPG_Normais\grao_DSC_0634_id70.png,RGB_JPG_Normais,RGB_JPG_Normais
C:\Users\eduar\Desktop\Soybe-main\data\com_fundo\RGB_JPG_Normais\grao_DSC_0634_id71.png,RGB_JPG_Normais,RGB_JPG_Normais
C:\Users\eduar\Desktop\Soybe-main\data\com_fundo\RGB_JPG_Normais\grao_DSC_0634_id72.png,RGB_JPG_Normais,RGB_JPG_Normais
C:\Users\eduar\Desktop\Soybe-main\data\com_fundo\RGB_JPG_Normais\grao_DSC_0634_id73.png,RGB_JPG_Normais,RGB_JPG_Normais
C:\Users\eduar\Desktop\Soybe-main\data\com_fundo\RGB_JPG_Normais\grao_DSC_0634_id74.png,RGB_JPG_Normais,RGB_JPG_Normais
C:\Users\eduar\Desktop\Soybe-main\data\com_fundo\RGB_JPG_Normais\grao_DSC_0634_id75.png,RGB_JPG_Normais,RGB_JPG_Normais
C:\Users\eduar\Desktop\Soybe-main\data\com_fundo\RGB_JPG_Normais\grao_DSC_0634_id76.png,RGB_JPG_Normais,RGB_JPG_Normais
C:\Users\eduar\Desktop\Soybe-main\data\com_fundo\RGB_JPG_Normais\grao_DSC_0634_id77.png,RGB_JPG_Normais,RGB_JPG_Normais
C:\Users\eduar\Desktop\Soybe-main\data\com_fundo\RGB_JPG_Normais\grao_DSC_0634_id78.png,RGB_JPG_Normais,RGB_JPG_Normais
C:\Users\eduar\Desktop\Soybe-main\data\com_fundo\RGB_JPG_Normais\grao_DSC_0634_id79.png,RGB_JPG_Normais,RGB_JPG_Normais
C:\Users\eduar\Desktop\Soybe-main\data\com_fundo\RGB_JPG_Normais\grao_DSC_0634_id8.png,RGB_JPG_Normais,RGB_JPG_Normais
C:\Users\eduar\Desktop\Soybe-main\data\com_fundo\RGB_JPG_Normais\grao_DSC_0634_id80.png,RGB_JPG_Normais,RGB_JPG_Normais
C:\Users\eduar\Desktop\Soybe-main\data\com_fundo\RGB_JPG_Normais\grao_DSC_0634_id82.png,RGB_JPG_Normais,RGB_JPG_Normais
C:\Users\eduar\Desktop\Soybe-main\data\com_fundo\RGB_JPG_Normais\grao_DSC_0634_id83.png,RGB_JPG_Normais,RGB_JPG_Normais
C:\Users\eduar\Desktop\Soybe-main\data\com_fundo\RGB_JPG_Normais\grao_DSC_0634_id84.png,RGB_JPG_Normais,RGB_JPG_Normais
C:\Users\eduar\Desktop\Soybe-main\data\com_fundo\RGB_JPG_Normais\grao_DSC_0634_id85.png,RGB_JPG_Normais,RGB_JPG_Normais
C:\Users\eduar\Desktop\Soybe-main\data\com_fundo\RGB_JPG_Normais\grao_DSC_0634_id86.png,RGB_JPG_Normais,RGB_JPG_Normais
C:\Users\eduar\Desktop\Soybe-main\data\com_fundo\RGB_JPG_Normais\grao_DSC_0634_id87.png,RGB_JPG_Normais,RGB_JPG_Normais
C:\Users\eduar\Desktop\Soybe-main\data\com_fundo\RGB_JPG_Normais\grao_DSC_0634_id88.png,RGB_JPG_Normais,RGB_JPG_Normais
C:\Users\eduar\Desktop\Soybe-main\data\com_fundo\RGB_JPG_Normais\grao_DSC_0634_id89.png,RGB_JPG_Normais,RGB_JPG_Normais
C:\Users\eduar\Desktop\Soybe-main\data\com_fundo\RGB_JPG_Normais\grao_DSC_0634_id9.png,RGB_JPG_Normais,RGB_JPG_Normais
C:\Users\eduar\Desktop\Soybe-main\data\com_fundo\RGB_JPG_Normais\grao_DSC_0634_id90.png,RGB_JPG_Normais,RGB_JPG_Normais
C:\Users\eduar\Desktop\Soybe-main\data\com_fundo\RGB_JPG_Normais\grao_DSC_0634_id91.png,RGB_JPG_Normais,RGB_JPG_Normais
C:\Users\eduar\Desktop\Soybe-main\data\com_fundo\RGB_JPG_Normais\grao_DSC_0634_id92.png,RGB_JPG_Normais,RGB_JPG_Normais
C:\Users\eduar\Desktop\Soybe-main\data\com_fundo\RGB_JPG_Normais\grao_DSC_0634_id93.png,RGB_JPG_Normais,RGB_JPG_Normais
C:\Users\eduar\Desktop\Soybe-main\data\com_fundo\RGB_JPG_Normais\grao_DSC_0634_id94.png,RGB_JPG_Normais,RGB_JPG_Normais
C:\Users\eduar\Desktop\Soybe-main\data\com_fundo\RGB_JPG_Normais\grao_DSC_0634_id95.png,RGB_JPG_Normais,RGB_JPG_Normais
C:\Users\eduar\Desktop\Soybe-main\data\com_fundo\RGB_JPG_Normais\grao_DSC_0634_id96.png,RGB_JPG_Normais,RGB_JPG_Normais
C:\Users\eduar\Desktop\Soybe-main\data\com_fundo\RGB_JPG_Normais\grao_DSC_0663_id1.png,RGB_JPG_Normais,RGB_JPG_Normais
C:\Users\eduar\Desktop\Soybe-main\data\com_fundo\RGB_JPG_Normais\grao_DSC_0663_id10.png,RGB_JPG_Normais,RGB_JPG_Normais
C:\Users\eduar\Desktop\Soybe-main\data\com_fundo\RGB_JPG_Normais\grao_DSC_0663_id100.png,RGB_JPG_Normais,RGB_JPG_Normais
C:\Users\eduar\Desktop\Soybe-main\data\com_fundo\RGB_JPG_Normais\grao_DSC_0663_id101.png,RGB_JPG_Normais,RGB_JPG_Normais
C:\Users\eduar\Desktop\Soybe-main\data\com_fundo\RGB_JPG_Normais\grao_DSC_0663_id11.png,RGB_JPG_Normais,RGB_JPG_Normais
C:\Users\eduar\Desktop\Soybe-main\data\com_fundo\RGB_JPG_Normais\grao_DSC_0663_id12.png,RGB_JPG_Normais,RGB_JPG_Normais
C:\Users\eduar\Desktop\Soybe-main\data\com_fundo\RGB_JPG_Normais\grao_DSC_0663_id13.png,RGB_JPG_Normais,RGB_JPG_Normais
C:\Users\eduar\Desktop\Soybe-main\data\com_fundo\RGB_JPG_Normais\grao_DSC_0663_id14.png,RGB_JPG_Normais,RGB_JPG_Normais
C:\Users\eduar\Desktop\Soybe-main\data\com_fundo\RGB_JPG_Normais\grao_DSC_0663_id15.png,RGB_JPG_Normais,RGB_JPG_Normais
C:\Users\eduar\Desktop\Soybe-main\data\com_fundo\RGB_JPG_Normais\grao_DSC_0663_id16.png,RGB_JPG_Normais,RGB_JPG_Normais
C:\Users\eduar\Desktop\Soybe-main\data\com_fundo\RGB_JPG_Normais\grao_DSC_0663_id17.png,RGB_JPG_Normais,RGB_JPG_Normais
C:\Users\eduar\Desktop\Soybe-main\data\com_fundo\RGB_JPG_Normais\grao_DSC_0663_id18.png,RGB_JPG_Normais,RGB_JPG_Normais
C:\Users\eduar\Desktop\Soybe-main\data\com_fundo\RGB_JPG_Normais\grao_DSC_0663_id19.png,RGB_JPG_Normais,RGB_JPG_Normais
C:\Users\eduar\Desktop\Soybe-main\data\com_fundo\RGB_JPG_Normais\grao_DSC_0663_id2.png,RGB_JPG_Normais,RGB_JPG_Normais
C:\Users\eduar\Desktop\Soybe-main\data\com_fundo\RGB_JPG_Normais\grao_DSC_0663_id20.png,RGB_JPG_Normais,RGB_JPG_Normais
C:\Users\eduar\Desktop\Soybe-main\data\com_fundo\RGB_JPG_Normais\grao_DSC_0663_id21.png,RGB_JPG_Normais,RGB_JPG_Normais
C:\Users\eduar\Desktop\Soybe-main\data\com_fundo\RGB_JPG_Normais\grao_DSC_0663_id22.png,RGB_JPG_Normais,RGB_JPG_Normais
C:\Users\eduar\Desktop\Soybe-main\data\com_fundo\RGB_JPG_Normais\grao_DSC_0663_id23.png,RGB_JPG_Normais,RGB_JPG_Normais
C:\Users\eduar\Desktop\Soybe-main\data\com_fundo\RGB_JPG_Normais\grao_DSC_0663_id24.png,RGB_JPG_Normais,RGB_JPG_Normais
C:\Users\eduar\Desktop\Soybe-main\data\com_fundo\RGB_JPG_Normais\grao_DSC_0663_id25.png,RGB_JPG_Normais,RGB_JPG_Normais
C:\Users\eduar\Desktop\Soybe-main\data\com_fundo\RGB_JPG_Normais\grao_DSC_0663_id26.png,RGB_JPG_Normais,RGB_JPG_Normais
C:\Users\eduar\Desktop\Soybe-main\data\com_fundo\RGB_JPG_Normais\grao_DSC_0663_id27.png,RGB_JPG_Normais,RGB_JPG_Normais
C:\Users\eduar\Desktop\Soybe-main\data\com_fundo\RGB_JPG_Normais\grao_DSC_0663_id28.png,RGB_JPG_Normais,RGB_JPG_Normais
C:\Users\eduar\Desktop\Soybe-main\data\com_fundo\RGB_JPG_Normais\grao_DSC_0663_id29.png,RGB_JPG_Normais,RGB_JPG_Normais
C:\Users\eduar\Desktop\Soybe-main\data\com_fundo\RGB_JPG_Normais\grao_DSC_0663_id3.png,RGB_JPG_Normais,RGB_JPG_Normais
C:\Users\eduar\Desktop\Soybe-main\data\com_fundo\RGB_JPG_Normais\grao_DSC_0663_id30.png,RGB_JPG_Normais,RGB_JPG_Normais
C:\Users\eduar\Desktop\Soybe-main\data\com_fundo\RGB_JPG_Normais\grao_DSC_0663_id31.png,RGB_JPG_Normais,RGB_JPG_Normais
C:\Users\eduar\Desktop\Soybe-main\data\com_fundo\RGB_JPG_Normais\grao_DSC_0663_id32.png,RGB_JPG_Normais,RGB_JPG_Normais
C:\Users\eduar\Desktop\Soybe-main\data\com_fundo\RGB_JPG_Normais\grao_DSC_0663_id33.png,RGB_JPG_Normais,RGB_JPG_Normais
C:\Users\eduar\Desktop\Soybe-main\data\com_fundo\RGB_JPG_Normais\grao_DSC_0663_id34.png,RGB_JPG_Normais,RGB_JPG_Normais
C:\Users\eduar\Desktop\Soybe-main\data\com_fundo\RGB_JPG_Normais\grao_DSC_0663_id35.png,RGB_JPG_Normais,RGB_JPG_Normais
C:\Users\eduar\Desktop\Soybe-main\data\com_fundo\RGB_JPG_Normais\grao_DSC_0663_id36.png,RGB_JPG_Normais,RGB_JPG_Normais
C:\Users\eduar\Desktop\Soybe-main\data\com_fundo\RGB_JPG_Normais\grao_DSC_0663_id37.png,RGB_JPG_Normais,RGB_JPG_Normais
C:\Users\eduar\Desktop\Soybe-main\data\com_fundo\RGB_JPG_Normais\grao_DSC_0663_id38.png,RGB_JPG_Normais,RGB_JPG_Normais
C:\Users\eduar\Desktop\Soybe-main\data\com_fundo\RGB_JPG_Normais\grao_DSC_0663_id39.png,RGB_JPG_Normais,RGB_JPG_Normais
C:\Users\eduar\Desktop\Soybe-main\data\com_fundo\RGB_JPG_Normais\grao_DSC_0663_id4.png,RGB_JPG_Normais,RGB_JPG_Normais
C:\Users\eduar\Desktop\Soybe-main\data\com_fundo\RGB_JPG_Normais\grao_DSC_0663_id40.png,RGB_JPG_Normais,RGB_JPG_Normais
C:\Users\eduar\Desktop\Soybe-main\data\com_fundo\RGB_JPG_Normais\grao_DSC_0663_id41.png,RGB_JPG_Normais,RGB_JPG_Normais
C:\Users\eduar\Desktop\Soybe-main\data\com_fundo\RGB_JPG_Normais\grao_DSC_0663_id42.png,RGB_JPG_Normais,RGB_JPG_Normais
C:\Users\eduar\Desktop\Soybe-main\data\com_fundo\RGB_JPG_Normais\grao_DSC_0663_id43.png,RGB_JPG_Normais,RGB_JPG_Normais
C:\Users\eduar\Desktop\Soybe-main\data\com_fundo\RGB_JPG_Normais\grao_DSC_0663_id44.png,RGB_JPG_Normais,RGB_JPG_Normais
C:\Users\eduar\Desktop\Soybe-main\data\com_fundo\RGB_JPG_Normais\grao_DSC_0663_id45.png,RGB_JPG_Normais,RGB_JPG_Normais
C:\Users\eduar\Desktop\Soybe-main\data\com_fundo\RGB_JPG_Normais\grao_DSC_0663_id46.png,RGB_JPG_Normais,RGB_JPG_Normais
C:\Users\eduar\Desktop\Soybe-main\data\com_fundo\RGB_JPG_Normais\grao_DSC_0663_id47.png,RGB_JPG_Normais,RGB_JPG_Normais
C:\Users\eduar\Desktop\Soybe-main\data\com_fundo\RGB_JPG_Normais\grao_DSC_0663_id48.png,RGB_JPG_Normais,RGB_JPG_Normais
C:\Users\eduar\Desktop\Soybe-main\data\com_fundo\RGB_JPG_Normais\grao_DSC_0663_id49.png,RGB_JPG_Normais,RGB_JPG_Normais
C:\Users\eduar\Desktop\Soybe-main\data\com_fundo\RGB_JPG_Normais\grao_DSC_0663_id5.png,RGB_JPG_Normais,RGB_JPG_Normais
C:\Users\eduar\Desktop\Soybe-main\data\com_fundo\RGB_JPG_Normais\grao_DSC_0663_id50.png,RGB_JPG_Normais,RGB_JPG_Normais
C:\Users\eduar\Desktop\Soybe-main\data\com_fundo\RGB_JPG_Normais\grao_DSC_0663_id51.png,RGB_JPG_Normais,RGB_JPG_Normais
C:\Users\eduar\Desktop\Soybe-main\data\com_fundo\RGB_JPG_Normais\grao_DSC_0663_id52.png,RGB_JPG_Normais,RGB_JPG_Normais
C:\Users\eduar\Desktop\Soybe-main\data\com_fundo\RGB_JPG_Normais\grao_DSC_0663_id53.png,RGB_JPG_Normais,RGB_JPG_Normais
C:\Users\eduar\Desktop\Soybe-main\data\com_fundo\RGB_JPG_Normais\grao_DSC_0663_id54.png,RGB_JPG_Normais,RGB_JPG_Normais
C:\Users\eduar\Desktop\Soybe-main\data\com_fundo\RGB_JPG_Normais\grao_DSC_0663_id55.png,RGB_JPG_Normais,RGB_JPG_Normais
C:\Users\eduar\Desktop\Soybe-main\data\com_fundo\RGB_JPG_Normais\grao_DSC_0663_id56.png,RGB_JPG_Normais,RGB_JPG_Normais
C:\Users\eduar\Desktop\Soybe-main\data\com_fundo\RGB_JPG_Normais\grao_DSC_0663_id57.png,RGB_JPG_Normais,RGB_JPG_Normais
C:\Users\eduar\Desktop\Soybe-main\data\com_fundo\RGB_JPG_Normais\grao_DSC_0663_id58.png,RGB_JPG_Normais,RGB_JPG_Normais
C:\Users\eduar\Desktop\Soybe-main\data\com_fundo\RGB_JPG_Normais\grao_DSC_0663_id59.png,RGB_JPG_Normais,RGB_JPG_Normais
C:\Users\eduar\Desktop\Soybe-main\data\com_fundo\RGB_JPG_Normais\grao_DSC_0663_id6.png,RGB_JPG_Normais,RGB_JPG_Normais
C:\Users\eduar\Desktop\Soybe-main\data\com_fundo\RGB_JPG_Normais\grao_DSC_0663_id60.png,RGB_JPG_Normais,RGB_JPG_Normais
C:\Users\eduar\Desktop\Soybe-main\data\com_fundo\RGB_JPG_Normais\grao_DSC_0663_id61.png,RGB_JPG_Normais,RGB_JPG_Normais
C:\Users\eduar\Desktop\Soybe-main\data\com_fundo\RGB_JPG_Normais\grao_DSC_0663_id62.png,RGB_JPG_Normais,RGB_JPG_Normais
C:\Users\eduar\Desktop\Soybe-main\data\com_fundo\RGB_JPG_Normais\grao_DSC_0663_id63.png,RGB_JPG_Normais,RGB_JPG_Normais
C:\Users\eduar\Desktop\Soybe-main\data\com_fundo\RGB_JPG_Normais\grao_DSC_0663_id64.png,RGB_JPG_Normais,RGB_JPG_Normais
C:\Users\eduar\Desktop\Soybe-main\data\com_fundo\RGB_JPG_Normais\grao_DSC_0663_id65.png,RGB_JPG_Normais,RGB_JPG_Normais
C:\Users\eduar\Desktop\Soybe-main\data\com_fundo\RGB_JPG_Normais\grao_DSC_0663_id66.png,RGB_JPG_Normais,RGB_JPG_Normais
C:\Users\eduar\Desktop\Soybe-main\data\com_fundo\RGB_JPG_Normais\grao_DSC_0663_id67.png,RGB_JPG_Normais,RGB_JPG_Normais
C:\Users\eduar\Desktop\Soybe-main\data\com_fundo\RGB_JPG_Normais\grao_DSC_0663_id68.png,RGB_JPG_Normais,RGB_JPG_Normais
C:\Users\eduar\Desktop\Soybe-main\data\com_fundo\RGB_JPG_Normais\grao_DSC_0663_id69.png,RGB_JPG_Normais,RGB_JPG_Normais
C:\Users\eduar\Desktop\Soybe-main\data\com_fundo\RGB_JPG_Normais\grao_DSC_0663_id7.png,RGB_JPG_Normais,RGB_JPG_Normais
C:\Users\eduar\Desktop\Soybe-main\data\com_fundo\RGB_JPG_Normais\grao_DSC_0663_id70.png,RGB_JPG_Normais,RGB_JPG_Normais
C:\Users\eduar\Desktop\Soybe-main\data\com_fundo\RGB_JPG_Normais\grao_DSC_0663_id71.png,RGB_JPG_Normais,RGB_JPG_Normais
C:\Users\eduar\Desktop\Soybe-main\data\com_fundo\RGB_JPG_Normais\grao_DSC_0663_id72.png,RGB_JPG_Normais,RGB_JPG_Normais
C:\Users\eduar\Desktop\Soybe-main\data\com_fundo\RGB_JPG_Normais\grao_DSC_0663_id74.png,RGB_JPG_Normais,RGB_JPG_Normais
C:\Users\eduar\Desktop\Soybe-main\data\com_fundo\RGB_JPG_Normais\grao_DSC_0663_id75.png,RGB_JPG_Normais,RGB_JPG_Normais
C:\Users\eduar\Desktop\Soybe-main\data\com_fundo\RGB_JPG_Normais\grao_DSC_0663_id76.png,RGB_JPG_Normais,RGB_JPG_Normais
C:\Users\eduar\Desktop\Soybe-main\data\com_fundo\RGB_JPG_Normais\grao_DSC_0663_id77.png,RGB_JPG_Normais,RGB_JPG_Normais
C:\Users\eduar\Desktop\Soybe-main\data\com_fundo\RGB_JPG_Normais\grao_DSC_0663_id78.png,RGB_JPG_Normais,RGB_JPG_Normais
C:\Users\eduar\Desktop\Soybe-main\data\com_fundo\RGB_JPG_Normais\grao_DSC_0663_id79.png,RGB_JPG_Normais,RGB_JPG_Normais
C:\Users\eduar\Desktop\Soybe-main\data\com_fundo\RGB_JPG_Normais\grao_DSC_0663_id8.png,RGB_JPG_Normais,RGB_JPG_Normais
C:\Users\eduar\Desktop\Soybe-main\data\com_fundo\RGB_JPG_Normais\grao_DSC_0663_id80.png,RGB_JPG_Normais,RGB_JPG_Normais
C:\Users\eduar\Desktop\Soybe-main\data\com_fundo\RGB_JPG_Normais\grao_DSC_0663_id81.png,RGB_JPG_Normais,RGB_JPG_Normais
C:\Users\eduar\Desktop\Soybe-main\data\com_fundo\RGB_JPG_Normais\grao_DSC_0663_id82.png,RGB_JPG_Normais,RGB_JPG_Normais
C:\Users\eduar\Desktop\Soybe-main\data\com_fundo\RGB_JPG_Normais\grao_DSC_0663_id83.png,RGB_JPG_Normais,RGB_JPG_Normais
C:\Users\eduar\Desktop\Soybe-main\data\com_fundo\RGB_JPG_Normais\grao_DSC_0663_id84.png,RGB_JPG_Normais,RGB_JPG_Normais
C:\Users\eduar\Desktop\Soybe-main\data\com_fundo\RGB_JPG_Normais\grao_DSC_0663_id85.png,RGB_JPG_Normais,RGB_JPG_Normais
C:\Users\eduar\Desktop\Soybe-main\data\com_fundo\RGB_JPG_Normais\grao_DSC_0663_id86.png,RGB_JPG_Normais,RGB_JPG_Normais
C:\Users\eduar\Desktop\Soybe-main\data\com_fundo\RGB_JPG_Normais\grao_DSC_0663_id87.png,RGB_JPG_Normais,RGB_JPG_Normais
C:\Users\eduar\Desktop\Soybe-main\data\com_fundo\RGB_JPG_Normais\grao_DSC_0663_id88.png,RGB_JPG_Normais,RGB_JPG_Normais
C:\Users\eduar\Desktop\Soybe-main\data\com_fundo\RGB_JPG_Normais\grao_DSC_0663_id89.png,RGB_JPG_Normais,RGB_JPG_Normais
C:\Users\eduar\Desktop\Soybe-main\data\com_fundo\RGB_JPG_Normais\grao_DSC_0663_id9.png,RGB_JPG_Normais,RGB_JPG_Normais
C:\Users\eduar\Desktop\Soybe-main\data\com_fundo\RGB_JPG_Normais\grao_DSC_0663_id90.png,RGB_JPG_Normais,RGB_JPG_Normais
C:\Users\eduar\Desktop\Soybe-main\data\com_fundo\RGB_JPG_Normais\grao_DSC_0663_id91.png,RGB_JPG_Normais,RGB_JPG_Normais
C:\Users\eduar\Desktop\Soybe-main\data\com_fundo\RGB_JPG_Normais\grao_DSC_0663_id92.png,RGB_JPG_Normais,RGB_JPG_Normais
C:\Users\eduar\Desktop\Soybe-main\data\com_fundo\RGB_JPG_Normais\grao_DSC_0663_id93.png,RGB_JPG_Normais,RGB_JPG_Normais
C:\Users\eduar\Desktop\Soybe-main\data\com_fundo\RGB_JPG_Normais\grao_DSC_0663_id94.png,RGB_JPG_Normais,RGB_JPG_Normais
C:\Users\eduar\Desktop\Soybe-main\data\com_fundo\RGB_JPG_Normais\grao_DSC_0663_id95.png,RGB_JPG_Normais,RGB_JPG_Normais
C:\Users\eduar\Desktop\Soybe-main\data\com_fundo\RGB_JPG_Normais\grao_DSC_0663_id96.png,RGB_JPG_Normais,RGB_JPG_Normais
C:\Users\eduar\Desktop\Soybe-main\data\com_fundo\RGB_JPG_Normais\grao_DSC_0663_id97.png,RGB_JPG_Normais,RGB_JPG_Normais
C:\Users\eduar\Desktop\Soybe-main\data\com_fundo\RGB_JPG_Normais\grao_DSC_0663_id98.png,RGB_JPG_Normais,RGB_JPG_Normais
C:\Users\eduar\Desktop\Soybe-main\data\com_fundo\RGB_JPG_Normais\grao_DSC_0663_id99.png,RGB_JPG_Normais,RGB_JPG_Normais
C:\Users\eduar\Desktop\Soybe-main\data\com_fundo\RGB_JPG_Normais\grao_DSC_0670_id1.png,RGB_JPG_Normais,RGB_JPG_Normais
C:\Users\eduar\Desktop\Soybe-main\data\com_fundo\RGB_JPG_Normais\grao_DSC_0670_id10.png,RGB_JPG_Normais,RGB_JPG_Normais
C:\Users\eduar\Desktop\Soybe-main\data\com_fundo\RGB_JPG_Normais\grao_DSC_0670_id11.png,RGB_JPG_Normais,RGB_JPG_Normais
C:\Users\eduar\Desktop\Soybe-main\data\com_fundo\RGB_JPG_Normais\grao_DSC_0670_id12.png,RGB_JPG_Normais,RGB_JPG_Normais
C:\Users\eduar\Desktop\Soybe-main\data\com_fundo\RGB_JPG_Normais\grao_DSC_0670_id13.png,RGB_JPG_Normais,RGB_JPG_Normais
C:\Users\eduar\Desktop\Soybe-main\data\com_fundo\RGB_JPG_Normais\grao_DSC_0670_id14.png,RGB_JPG_Normais,RGB_JPG_Normais
C:\Users\eduar\Desktop\Soybe-main\data\com_fundo\RGB_JPG_Normais\grao_DSC_0670_id15.png,RGB_JPG_Normais,RGB_JPG_Normais
C:\Users\eduar\Desktop\Soybe-main\data\com_fundo\RGB_JPG_Normais\grao_DSC_0670_id16.png,RGB_JPG_Normais,RGB_JPG_Normais
C:\Users\eduar\Desktop\Soybe-main\data\com_fundo\RGB_JPG_Normais\grao_DSC_0670_id17.png,RGB_JPG_Normais,RGB_JPG_Normais
C:\Users\eduar\Desktop\Soybe-main\data\com_fundo\RGB_JPG_Normais\grao_DSC_0670_id18.png,RGB_JPG_Normais,RGB_JPG_Normais
C:\Users\eduar\Desktop\Soybe-main\data\com_fundo\RGB_JPG_Normais\grao_DSC_0670_id19.png,RGB_JPG_Normais,RGB_JPG_Normais
C:\Users\eduar\Desktop\Soybe-main\data\com_fundo\RGB_JPG_Normais\grao_DSC_0670_id2.png,RGB_JPG_Normais,RGB_JPG_Normais
C:\Users\eduar\Desktop\Soybe-main\data\com_fundo\RGB_JPG_Normais\grao_DSC_0670_id20.png,RGB_JPG_Normais,RGB_JPG_Normais
C:\Users\eduar\Desktop\Soybe-main\data\com_fundo\RGB_JPG_Normais\grao_DSC_0670_id21.png,RGB_JPG_Normais,RGB_JPG_Normais
C:\Users\eduar\Desktop\Soybe-main\data\com_fundo\RGB_JPG_Normais\grao_DSC_0670_id22.png,RGB_JPG_Normais,RGB_JPG_Normais
C:\Users\eduar\Desktop\Soybe-main\data\com_fundo\RGB_JPG_Normais\grao_DSC_0670_id23.png,RGB_JPG_Normais,RGB_JPG_Normais
C:\Users\eduar\Desktop\Soybe-main\data\com_fundo\RGB_JPG_Normais\grao_DSC_0670_id24.png,RGB_JPG_Normais,RGB_JPG_Normais
C:\Users\eduar\Desktop\Soybe-main\data\com_fundo\RGB_JPG_Normais\grao_DSC_0670_id25.png,RGB_JPG_Normais,RGB_JPG_Normais
C:\Users\eduar\Desktop\Soybe-main\data\com_fundo\RGB_JPG_Normais\grao_DSC_0670_id26.png,RGB_JPG_Normais,RGB_JPG_Normais
C:\Users\eduar\Desktop\Soybe-main\data\com_fundo\RGB_JPG_Normais\grao_DSC_0670_id27.png,RGB_JPG_Normais,RGB_JPG_Normais
C:\Users\eduar\Desktop\Soybe-main\data\com_fundo\RGB_JPG_Normais\grao_DSC_0670_id29.png,RGB_JPG_Normais,RGB_JPG_Normais
C:\Users\eduar\Desktop\Soybe-main\data\com_fundo\RGB_JPG_Normais\grao_DSC_0670_id3.png,RGB_JPG_Normais,RGB_JPG_Normais
C:\Users\eduar\Desktop\Soybe-main\data\com_fundo\RGB_JPG_Normais\grao_DSC_0670_id30.png,RGB_JPG_Normais,RGB_JPG_Normais
C:\Users\eduar\Desktop\Soybe-main\data\com_fundo\RGB_JPG_Normais\grao_DSC_0670_id31.png,RGB_JPG_Normais,RGB_JPG_Normais
C:\Users\eduar\Desktop\Soybe-main\data\com_fundo\RGB_JPG_Normais\grao_DSC_0670_id32.png,RGB_JPG_Normais,RGB_JPG_Normais
C:\Users\eduar\Desktop\Soybe-main\data\com_fundo\RGB_JPG_Normais\grao_DSC_0670_id33.png,RGB_JPG_Normais,RGB_JPG_Normais
C:\Users\eduar\Desktop\Soybe-main\data\com_fundo\RGB_JPG_Normais\grao_DSC_0670_id34.png,RGB_JPG_Normais,RGB_JPG_Normais
C:\Users\eduar\Desktop\Soybe-main\data\com_fundo\RGB_JPG_Normais\grao_DSC_0670_id35.png,RGB_JPG_Normais,RGB_JPG_Normais
C:\Users\eduar\Desktop\Soybe-main\data\com_fundo\RGB_JPG_Normais\grao_DSC_0670_id36.png,RGB_JPG_Normais,RGB_JPG_Normais
C:\Users\eduar\Desktop\Soybe-main\data\com_fundo\RGB_JPG_Normais\grao_DSC_0670_id37.png,RGB_JPG_Normais,RGB_JPG_Normais
C:\Users\eduar\Desktop\Soybe-main\data\com_fundo\RGB_JPG_Normais\grao_DSC_0670_id38.png,RGB_JPG_Normais,RGB_JPG_Normais
C:\Users\eduar\Desktop\Soybe-main\data\com_fundo\RGB_JPG_Normais\grao_DSC_0670_id39.png,RGB_JPG_Normais,RGB_JPG_Normais
C:\Users\eduar\Desktop\Soybe-main\data\com_fundo\RGB_JPG_Normais\grao_DSC_0670_id4.png,RGB_JPG_Normais,RGB_JPG_Normais
C:\Users\eduar\Desktop\Soybe-main\data\com_fundo\RGB_JPG_Normais\grao_DSC_0670_id40.png,RGB_JPG_Normais,RGB_JPG_Normais
C:\Users\eduar\Desktop\Soybe-main\data\com_fundo\RGB_JPG_Normais\grao_DSC_0670_id41.png,RGB_JPG_Normais,RGB_JPG_Normais
C:\Users\eduar\Desktop\Soybe-main\data\com_fundo\RGB_JPG_Normais\grao_DSC_0670_id42.png,RGB_JPG_Normais,RGB_JPG_Normais
C:\Users\eduar\Desktop\Soybe-main\data\com_fundo\RGB_JPG_Normais\grao_DSC_0670_id43.png,RGB_JPG_Normais,RGB_JPG_Normais
C:\Users\eduar\Desktop\Soybe-main\data\com_fundo\RGB_JPG_Normais\grao_DSC_0670_id44.png,RGB_JPG_Normais,RGB_JPG_Normais
C:\Users\eduar\Desktop\Soybe-main\data\com_fundo\RGB_JPG_Normais\grao_DSC_0670_id45.png,RGB_JPG_Normais,RGB_JPG_Normais
C:\Users\eduar\Desktop\Soybe-main\data\com_fundo\RGB_JPG_Normais\grao_DSC_0670_id46.png,RGB_JPG_Normais,RGB_JPG_Normais
C:\Users\eduar\Desktop\Soybe-main\data\com_fundo\RGB_JPG_Normais\grao_DSC_0670_id47.png,RGB_JPG_Normais,RGB_JPG_Normais
C:\Users\eduar\Desktop\Soybe-main\data\com_fundo\RGB_JPG_Normais\grao_DSC_0670_id48.png,RGB_JPG_Normais,RGB_JPG_Normais
C:\Users\eduar\Desktop\Soybe-main\data\com_fundo\RGB_JPG_Normais\grao_DSC_0670_id49.png,RGB_JPG_Normais,RGB_JPG_Normais
C:\Users\eduar\Desktop\Soybe-main\data\com_fundo\RGB_JPG_Normais\grao_DSC_0670_id5.png,RGB_JPG_Normais,RGB_JPG_Normais
C:\Users\eduar\Desktop\Soybe-main\data\com_fundo\RGB_JPG_Normais\grao_DSC_0670_id50.png,RGB_JPG_Normais,RGB_JPG_Normais
C:\Users\eduar\Desktop\Soybe-main\data\com_fundo\RGB_JPG_Normais\grao_DSC_0670_id51.png,RGB_JPG_Normais,RGB_JPG_Normais
C:\Users\eduar\Desktop\Soybe-main\data\com_fundo\RGB_JPG_Normais\grao_DSC_0670_id52.png,RGB_JPG_Normais,RGB_JPG_Normais
C:\Users\eduar\Desktop\Soybe-main\data\com_fundo\RGB_JPG_Normais\grao_DSC_0670_id53.png,RGB_JPG_Normais,RGB_JPG_Normais
C:\Users\eduar\Desktop\Soybe-main\data\com_fundo\RGB_JPG_Normais\grao_DSC_0670_id54.png,RGB_JPG_Normais,RGB_JPG_Normais
C:\Users\eduar\Desktop\Soybe-main\data\com_fundo\RGB_JPG_Normais\grao_DSC_0670_id55.png,RGB_JPG_Normais,RGB_JPG_Normais
C:\Users\eduar\Desktop\Soybe-main\data\com_fundo\RGB_JPG_Normais\grao_DSC_0670_id56.png,RGB_JPG_Normais,RGB_JPG_Normais
C:\Users\eduar\Desktop\Soybe-main\data\com_fundo\RGB_JPG_Normais\grao_DSC_0670_id57.png,RGB_JPG_Normais,RGB_JPG_Normais
C:\Users\eduar\Desktop\Soybe-main\data\com_fundo\RGB_JPG_Normais\grao_DSC_0670_id58.png,RGB_JPG_Normais,RGB_JPG_Normais
C:\Users\eduar\Desktop\Soybe-main\data\com_fundo\RGB_JPG_Normais\grao_DSC_0670_id59.png,RGB_JPG_Normais,RGB_JPG_Normais
C:\Users\eduar\Desktop\Soybe-main\data\com_fundo\RGB_JPG_Normais\grao_DSC_0670_id6.png,RGB_JPG_Normais,RGB_JPG_Normais
C:\Users\eduar\Desktop\Soybe-main\data\com_fundo\RGB_JPG_Normais\grao_DSC_0670_id60.png,RGB_JPG_Normais,RGB_JPG_Normais
C:\Users\eduar\Desktop\Soybe-main\data\com_fundo\RGB_JPG_Normais\grao_DSC_0670_id61.png,RGB_JPG_Normais,RGB_JPG_Normais
C:\Users\eduar\Desktop\Soybe-main\data\com_fundo\RGB_JPG_Normais\grao_DSC_0670_id62.png,RGB_JPG_Normais,RGB_JPG_Normais
C:\Users\eduar\Desktop\Soybe-main\data\com_fundo\RGB_JPG_Normais\grao_DSC_0670_id63.png,RGB_JPG_Normais,RGB_JPG_Normais
C:\Users\eduar\Desktop\Soybe-main\data\com_fundo\RGB_JPG_Normais\grao_DSC_0670_id64.png,RGB_JPG_Normais,RGB_JPG_Normais
C:\Users\eduar\Desktop\Soybe-main\data\com_fundo\RGB_JPG_Normais\grao_DSC_0670_id65.png,RGB_JPG_Normais,RGB_JPG_Normais
C:\Users\eduar\Desktop\Soybe-main\data\com_fundo\RGB_JPG_Normais\grao_DSC_0670_id66.png,RGB_JPG_Normais,RGB_JPG_Normais
C:\Users\eduar\Desktop\Soybe-main\data\com_fundo\RGB_JPG_Normais\grao_DSC_0670_id67.png,RGB_JPG_Normais,RGB_JPG_Normais
C:\Users\eduar\Desktop\Soybe-main\data\com_fundo\RGB_JPG_Normais\grao_DSC_0670_id68.png,RGB_JPG_Normais,RGB_JPG_Normais
C:\Users\eduar\Desktop\Soybe-main\data\com_fundo\RGB_JPG_Normais\grao_DSC_0670_id69.png,RGB_JPG_Normais,RGB_JPG_Normais
C:\Users\eduar\Desktop\Soybe-main\data\com_fundo\RGB_JPG_Normais\grao_DSC_0670_id7.png,RGB_JPG_Normais,RGB_JPG_Normais
C:\Users\eduar\Desktop\Soybe-main\data\com_fundo\RGB_JPG_Normais\grao_DSC_0670_id70.png,RGB_JPG_Normais,RGB_JPG_Normais
C:\Users\eduar\Desktop\Soybe-main\data\com_fundo\RGB_JPG_Normais\grao_DSC_0670_id71.png,RGB_JPG_Normais,RGB_JPG_Normais
C:\Users\eduar\Desktop\Soybe-main\data\com_fundo\RGB_JPG_Normais\grao_DSC_0670_id72.png,RGB_JPG_Normais,RGB_JPG_Normais
C:\Users\eduar\Desktop\Soybe-main\data\com_fundo\RGB_JPG_Normais\grao_DSC_0670_id73.png,RGB_JPG_Normais,RGB_JPG_Normais
C:\Users\eduar\Desktop\Soybe-main\data\com_fundo\RGB_JPG_Normais\grao_DSC_0670_id74.png,RGB_JPG_Normais,RGB_JPG_Normais
C:\Users\eduar\Desktop\Soybe-main\data\com_fundo\RGB_JPG_Normais\grao_DSC_0670_id75.png,RGB_JPG_Normais,RGB_JPG_Normais
C:\Users\eduar\Desktop\Soybe-main\data\com_fundo\RGB_JPG_Normais\grao_DSC_0670_id76.png,RGB_JPG_Normais,RGB_JPG_Normais
C:\Users\eduar\Desktop\Soybe-main\data\com_fundo\RGB_JPG_Normais\grao_DSC_0670_id77.png,RGB_JPG_Normais,RGB_JPG_Normais
C:\Users\eduar\Desktop\Soybe-main\data\com_fundo\RGB_JPG_Normais\grao_DSC_0670_id78.png,RGB_JPG_Normais,RGB_JPG_Normais
C:\Users\eduar\Desktop\Soybe-main\data\com_fundo\RGB_JPG_Normais\grao_DSC_0670_id79.png,RGB_JPG_Normais,RGB_JPG_Normais
C:\Users\eduar\Desktop\Soybe-main\data\com_fundo\RGB_JPG_Normais\grao_DSC_0670_id8.png,RGB_JPG_Normais,RGB_JPG_Normais
C:\Users\eduar\Desktop\Soybe-main\data\com_fundo\RGB_JPG_Normais\grao_DSC_0670_id80.png,RGB_JPG_Normais,RGB_JPG_Normais
C:\Users\eduar\Desktop\Soybe-main\data\com_fundo\RGB_JPG_Normais\grao_DSC_0670_id81.png,RGB_JPG_Normais,RGB_JPG_Normais
C:\Users\eduar\Desktop\Soybe-main\data\com_fundo\RGB_JPG_Normais\grao_DSC_0670_id82.png,RGB_JPG_Normais,RGB_JPG_Normais
C:\Users\eduar\Desktop\Soybe-main\data\com_fundo\RGB_JPG_Normais\grao_DSC_0670_id83.png,RGB_JPG_Normais,RGB_JPG_Normais
C:\Users\eduar\Desktop\Soybe-main\data\com_fundo\RGB_JPG_Normais\grao_DSC_0670_id84.png,RGB_JPG_Normais,RGB_JPG_Normais
C:\Users\eduar\Desktop\Soybe-main\data\com_fundo\RGB_JPG_Normais\grao_DSC_0670_id85.png,RGB_JPG_Normais,RGB_JPG_Normais
C:\Users\eduar\Desktop\Soybe-main\data\com_fundo\RGB_JPG_Normais\grao_DSC_0670_id86.png,RGB_JPG_Normais,RGB_JPG_Normais
C:\Users\eduar\Desktop\Soybe-main\data\com_fundo\RGB_JPG_Normais\grao_DSC_0670_id87.png,RGB_JPG_Normais,RGB_JPG_Normais
C:\Users\eduar\Desktop\Soybe-main\data\com_fundo\RGB_JPG_Normais\grao_DSC_0670_id88.png,RGB_JPG_Normais,RGB_JPG_Normais
C:\Users\eduar\Desktop\Soybe-main\data\com_fundo\RGB_JPG_Normais\grao_DSC_0670_id89.png,RGB_JPG_Normais,RGB_JPG_Normais
C:\Users\eduar\Desktop\Soybe-main\data\com_fundo\RGB_JPG_Normais\grao_DSC_0670_id9.png,RGB_JPG_Normais,RGB_JPG_Normais
C:\Users\eduar\Desktop\Soybe-main\data\com_fundo\RGB_JPG_Normais\grao_DSC_0670_id90.png,RGB_JPG_Normais,RGB_JPG_Normais
C:\Users\eduar\Desktop\Soybe-main\data\com_fundo\RGB_JPG_Normais\grao_DSC_0670_id91.png,RGB_JPG_Normais,RGB_JPG_Normais
C:\Users\eduar\Desktop\Soybe-main\data\com_fundo\RGB_JPG_Normais\grao_DSC_0670_id92.png,RGB_JPG_Normais,RGB_JPG_Normais
C:\Users\eduar\Desktop\Soybe-main\data\com_fundo\RGB_JPG_Normais\grao_DSC_0670_id93.png,RGB_JPG_Normais,RGB_JPG_Normais
C:\Users\eduar\Desktop\Soybe-main\data\com_fundo\RGB_JPG_Normais\grao_DSC_0670_id94.png,RGB_JPG_Normais,RGB_JPG_Normais
C:\Users\eduar\Desktop\Soybe-main\data\com_fundo\RGB_JPG_Normais\grao_DSC_0670_id95.png,RGB_JPG_Normais,RGB_JPG_Normais
C:\Users\eduar\Desktop\Soybe-main\data\com_fundo\RGB_JPG_Normais\grao_DSC_0670_id96.png,RGB_JPG_Normais,RGB_JPG_Normais
C:\Users\eduar\Desktop\Soybe-main\data\com_fundo\RGB_JPG_Normais\grao_DSC_0670_id97.png,RGB_JPG_Normais,RGB_JPG_Normais
C:\Users\eduar\Desktop\Soybe-main\data\com_fundo\RGB_JPG_Normais\grao_DSC_0670_id98.png,RGB_JPG_Normais,RGB_JPG_Normais
C:\Users\eduar\Desktop\Soybe-main\data\com_fundo\RGB_JPG_Normais\grao_DSC_0670_id99.png,RGB_JPG_Normais,RGB_JPG_Normais
C:\Users\eduar\Desktop\Soybe-main\data\com_fundo\RGB_JPG_Normais\grao_DSC_0672_id1.png,RGB_JPG_Normais,RGB_JPG_Normais
C:\Users\eduar\Desktop\Soybe-main\data\com_fundo\RGB_JPG_Normais\grao_DSC_0672_id10.png,RGB_JPG_Normais,RGB_JPG_Normais
C:\Users\eduar\Desktop\Soybe-main\data\com_fundo\RGB_JPG_Normais\grao_DSC_0672_id100.png,RGB_JPG_Normais,RGB_JPG_Normais
C:\Users\eduar\Desktop\Soybe-main\data\com_fundo\RGB_JPG_Normais\grao_DSC_0672_id101.png,RGB_JPG_Normais,RGB_JPG_Normais
C:\Users\eduar\Desktop\Soybe-main\data\com_fundo\RGB_JPG_Normais\grao_DSC_0672_id103.png,RGB_JPG_Normais,RGB_JPG_Normais
C:\Users\eduar\Desktop\Soybe-main\data\com_fundo\RGB_JPG_Normais\grao_DSC_0672_id11.png,RGB_JPG_Normais,RGB_JPG_Normais
C:\Users\eduar\Desktop\Soybe-main\data\com_fundo\RGB_JPG_Normais\grao_DSC_0672_id12.png,RGB_JPG_Normais,RGB_JPG_Normais
C:\Users\eduar\Desktop\Soybe-main\data\com_fundo\RGB_JPG_Normais\grao_DSC_0672_id14.png,RGB_JPG_Normais,RGB_JPG_Normais
C:\Users\eduar\Desktop\Soybe-main\data\com_fundo\RGB_JPG_Normais\grao_DSC_0672_id15.png,RGB_JPG_Normais,RGB_JPG_Normais
C:\Users\eduar\Desktop\Soybe-main\data\com_fundo\RGB_JPG_Normais\grao_DSC_0672_id16.png,RGB_JPG_Normais,RGB_JPG_Normais
C:\Users\eduar\Desktop\Soybe-main\data\com_fundo\RGB_JPG_Normais\grao_DSC_0672_id17.png,RGB_JPG_Normais,RGB_JPG_Normais
C:\Users\eduar\Desktop\Soybe-main\data\com_fundo\RGB_JPG_Normais\grao_DSC_0672_id18.png,RGB_JPG_Normais,RGB_JPG_Normais
C:\Users\eduar\Desktop\Soybe-main\data\com_fundo\RGB_JPG_Normais\grao_DSC_0672_id19.png,RGB_JPG_Normais,RGB_JPG_Normais
C:\Users\eduar\Desktop\Soybe-main\data\com_fundo\RGB_JPG_Normais\grao_DSC_0672_id2.png,RGB_JPG_Normais,RGB_JPG_Normais
C:\Users\eduar\Desktop\Soybe-main\data\com_fundo\RGB_JPG_Normais\grao_DSC_0672_id20.png,RGB_JPG_Normais,RGB_JPG_Normais
C:\Users\eduar\Desktop\Soybe-main\data\com_fundo\RGB_JPG_Normais\grao_DSC_0672_id21.png,RGB_JPG_Normais,RGB_JPG_Normais
C:\Users\eduar\Desktop\Soybe-main\data\com_fundo\RGB_JPG_Normais\grao_DSC_0672_id22.png,RGB_JPG_Normais,RGB_JPG_Normais
C:\Users\eduar\Desktop\Soybe-main\data\com_fundo\RGB_JPG_Normais\grao_DSC_0672_id23.png,RGB_JPG_Normais,RGB_JPG_Normais
C:\Users\eduar\Desktop\Soybe-main\data\com_fundo\RGB_JPG_Normais\grao_DSC_0672_id24.png,RGB_JPG_Normais,RGB_JPG_Normais
C:\Users\eduar\Desktop\Soybe-main\data\com_fundo\RGB_JPG_Normais\grao_DSC_0672_id25.png,RGB_JPG_Normais,RGB_JPG_Normais
C:\Users\eduar\Desktop\Soybe-main\data\com_fundo\RGB_JPG_Normais\grao_DSC_0672_id26.png,RGB_JPG_Normais,RGB_JPG_Normais
C:\Users\eduar\Desktop\Soybe-main\data\com_fundo\RGB_JPG_Normais\grao_DSC_0672_id27.png,RGB_JPG_Normais,RGB_JPG_Normais
C:\Users\eduar\Desktop\Soybe-main\data\com_fundo\RGB_JPG_Normais\grao_DSC_0672_id28.png,RGB_JPG_Normais,RGB_JPG_Normais
C:\Users\eduar\Desktop\Soybe-main\data\com_fundo\RGB_JPG_Normais\grao_DSC_0672_id29.png,RGB_JPG_Normais,RGB_JPG_Normais
C:\Users\eduar\Desktop\Soybe-main\data\com_fundo\RGB_JPG_Normais\grao_DSC_0672_id3.png,RGB_JPG_Normais,RGB_JPG_Normais
C:\Users\eduar\Desktop\Soybe-main\data\com_fundo\RGB_JPG_Normais\grao_DSC_0672_id30.png,RGB_JPG_Normais,RGB_JPG_Normais
C:\Users\eduar\Desktop\Soybe-main\data\com_fundo\RGB_JPG_Normais\grao_DSC_0672_id31.png,RGB_JPG_Normais,RGB_JPG_Normais
C:\Users\eduar\Desktop\Soybe-main\data\com_fundo\RGB_JPG_Normais\grao_DSC_0672_id32.png,RGB_JPG_Normais,RGB_JPG_Normais
C:\Users\eduar\Desktop\Soybe-main\data\com_fundo\RGB_JPG_Normais\grao_DSC_0672_id33.png,RGB_JPG_Normais,RGB_JPG_Normais
C:\Users\eduar\Desktop\Soybe-main\data\com_fundo\RGB_JPG_Normais\grao_DSC_0672_id34.png,RGB_JPG_Normais,RGB_JPG_Normais
C:\Users\eduar\Desktop\Soybe-main\data\com_fundo\RGB_JPG_Normais\grao_DSC_0672_id35.png,RGB_JPG_Normais,RGB_JPG_Normais
C:\Users\eduar\Desktop\Soybe-main\data\com_fundo\RGB_JPG_Normais\grao_DSC_0672_id36.png,RGB_JPG_Normais,RGB_JPG_Normais
C:\Users\eduar\Desktop\Soybe-main\data\com_fundo\RGB_JPG_Normais\grao_DSC_0672_id37.png,RGB_JPG_Normais,RGB_JPG_Normais
C:\Users\eduar\Desktop\Soybe-main\data\com_fundo\RGB_JPG_Normais\grao_DSC_0672_id38.png,RGB_JPG_Normais,RGB_JPG_Normais
C:\Users\eduar\Desktop\Soybe-main\data\com_fundo\RGB_JPG_Normais\grao_DSC_0672_id39.png,RGB_JPG_Normais,RGB_JPG_Normais
C:\Users\eduar\Desktop\Soybe-main\data\com_fundo\RGB_JPG_Normais\grao_DSC_0672_id4.png,RGB_JPG_Normais,RGB_JPG_Normais
C:\Users\eduar\Desktop\Soybe-main\data\com_fundo\RGB_JPG_Normais\grao_DSC_0672_id40.png,RGB_JPG_Normais,RGB_JPG_Normais
C:\Users\eduar\Desktop\Soybe-main\data\com_fundo\RGB_JPG_Normais\grao_DSC_0672_id41.png,RGB_JPG_Normais,RGB_JPG_Normais
C:\Users\eduar\Desktop\Soybe-main\data\com_fundo\RGB_JPG_Normais\grao_DSC_0672_id42.png,RGB_JPG_Normais,RGB_JPG_Normais
C:\Users\eduar\Desktop\Soybe-main\data\com_fundo\RGB_JPG_Normais\grao_DSC_0672_id43.png,RGB_JPG_Normais,RGB_JPG_Normais
C:\Users\eduar\Desktop\Soybe-main\data\com_fundo\RGB_JPG_Normais\grao_DSC_0672_id44.png,RGB_JPG_Normais,RGB_JPG_Normais
C:\Users\eduar\Desktop\Soybe-main\data\com_fundo\RGB_JPG_Normais\grao_DSC_0672_id45.png,RGB_JPG_Normais,RGB_JPG_Normais
C:\Users\eduar\Desktop\Soybe-main\data\com_fundo\RGB_JPG_Normais\grao_DSC_0672_id46.png,RGB_JPG_Normais,RGB_JPG_Normais
C:\Users\eduar\Desktop\Soybe-main\data\com_fundo\RGB_JPG_Normais\grao_DSC_0672_id48.png,RGB_JPG_Normais,RGB_JPG_Normais
C:\Users\eduar\Desktop\Soybe-main\data\com_fundo\RGB_JPG_Normais\grao_DSC_0672_id49.png,RGB_JPG_Normais,RGB_JPG_Normais
C:\Users\eduar\Desktop\Soybe-main\data\com_fundo\RGB_JPG_Normais\grao_DSC_0672_id5.png,RGB_JPG_Normais,RGB_JPG_Normais
C:\Users\eduar\Desktop\Soybe-main\data\com_fundo\RGB_JPG_Normais\grao_DSC_0672_id50.png,RGB_JPG_Normais,RGB_JPG_Normais
C:\Users\eduar\Desktop\Soybe-main\data\com_fundo\RGB_JPG_Normais\grao_DSC_0672_id51.png,RGB_JPG_Normais,RGB_JPG_Normais
C:\Users\eduar\Desktop\Soybe-main\data\com_fundo\RGB_JPG_Normais\grao_DSC_0672_id52.png,RGB_JPG_Normais,RGB_JPG_Normais
C:\Users\eduar\Desktop\Soybe-main\data\com_fundo\RGB_JPG_Normais\grao_DSC_0672_id53.png,RGB_JPG_Normais,RGB_JPG_Normais
C:\Users\eduar\Desktop\Soybe-main\data\com_fundo\RGB_JPG_Normais\grao_DSC_0672_id54.png,RGB_JPG_Normais,RGB_JPG_Normais
C:\Users\eduar\Desktop\Soybe-main\data\com_fundo\RGB_JPG_Normais\grao_DSC_0672_id55.png,RGB_JPG_Normais,RGB_JPG_Normais
C:\Users\eduar\Desktop\Soybe-main\data\com_fundo\RGB_JPG_Normais\grao_DSC_0672_id56.png,RGB_JPG_Normais,RGB_JPG_Normais
C:\Users\eduar\Desktop\Soybe-main\data\com_fundo\RGB_JPG_Normais\grao_DSC_0672_id57.png,RGB_JPG_Normais,RGB_JPG_Normais
C:\Users\eduar\Desktop\Soybe-main\data\com_fundo\RGB_JPG_Normais\grao_DSC_0672_id58.png,RGB_JPG_Normais,RGB_JPG_Normais
C:\Users\eduar\Desktop\Soybe-main\data\com_fundo\RGB_JPG_Normais\grao_DSC_0672_id59.png,RGB_JPG_Normais,RGB_JPG_Normais
C:\Users\eduar\Desktop\Soybe-main\data\com_fundo\RGB_JPG_Normais\grao_DSC_0672_id6.png,RGB_JPG_Normais,RGB_JPG_Normais
C:\Users\eduar\Desktop\Soybe-main\data\com_fundo\RGB_JPG_Normais\grao_DSC_0672_id60.png,RGB_JPG_Normais,RGB_JPG_Normais
C:\Users\eduar\Desktop\Soybe-main\data\com_fundo\RGB_JPG_Normais\grao_DSC_0672_id61.png,RGB_JPG_Normais,RGB_JPG_Normais
C:\Users\eduar\Desktop\Soybe-main\data\com_fundo\RGB_JPG_Normais\grao_DSC_0672_id62.png,RGB_JPG_Normais,RGB_JPG_Normais
C:\Users\eduar\Desktop\Soybe-main\data\com_fundo\RGB_JPG_Normais\grao_DSC_0672_id63.png,RGB_JPG_Normais,RGB_JPG_Normais
C:\Users\eduar\Desktop\Soybe-main\data\com_fundo\RGB_JPG_Normais\grao_DSC_0672_id64.png,RGB_JPG_Normais,RGB_JPG_Normais
C:\Users\eduar\Desktop\Soybe-main\data\com_fundo\RGB_JPG_Normais\grao_DSC_0672_id65.png,RGB_JPG_Normais,RGB_JPG_Normais
C:\Users\eduar\Desktop\Soybe-main\data\com_fundo\RGB_JPG_Normais\grao_DSC_0672_id66.png,RGB_JPG_Normais,RGB_JPG_Normais
C:\Users\eduar\Desktop\Soybe-main\data\com_fundo\RGB_JPG_Normais\grao_DSC_0672_id67.png,RGB_JPG_Normais,RGB_JPG_Normais
C:\Users\eduar\Desktop\Soybe-main\data\com_fundo\RGB_JPG_Normais\grao_DSC_0672_id68.png,RGB_JPG_Normais,RGB_JPG_Normais
C:\Users\eduar\Desktop\Soybe-main\data\com_fundo\RGB_JPG_Normais\grao_DSC_0672_id69.png,RGB_JPG_Normais,RGB_JPG_Normais
C:\Users\eduar\Desktop\Soybe-main\data\com_fundo\RGB_JPG_Normais\grao_DSC_0672_id7.png,RGB_JPG_Normais,RGB_JPG_Normais
C:\Users\eduar\Desktop\Soybe-main\data\com_fundo\RGB_JPG_Normais\grao_DSC_0672_id70.png,RGB_JPG_Normais,RGB_JPG_Normais
C:\Users\eduar\Desktop\Soybe-main\data\com_fundo\RGB_JPG_Normais\grao_DSC_0672_id71.png,RGB_JPG_Normais,RGB_JPG_Normais
C:\Users\eduar\Desktop\Soybe-main\data\com_fundo\RGB_JPG_Normais\grao_DSC_0672_id72.png,RGB_JPG_Normais,RGB_JPG_Normais
C:\Users\eduar\Desktop\Soybe-main\data\com_fundo\RGB_JPG_Normais\grao_DSC_0672_id73.png,RGB_JPG_Normais,RGB_JPG_Normais
C:\Users\eduar\Desktop\Soybe-main\data\com_fundo\RGB_JPG_Normais\grao_DSC_0672_id74.png,RGB_JPG_Normais,RGB_JPG_Normais
C:\Users\eduar\Desktop\Soybe-main\data\com_fundo\RGB_JPG_Normais\grao_DSC_0672_id75.png,RGB_JPG_Normais,RGB_JPG_Normais
C:\Users\eduar\Desktop\Soybe-main\data\com_fundo\RGB_JPG_Normais\grao_DSC_0672_id77.png,RGB_JPG_Normais,RGB_JPG_Normais
C:\Users\eduar\Desktop\Soybe-main\data\com_fundo\RGB_JPG_Normais\grao_DSC_0672_id78.png,RGB_JPG_Normais,RGB_JPG_Normais
C:\Users\eduar\Desktop\Soybe-main\data\com_fundo\RGB_JPG_Normais\grao_DSC_0672_id79.png,RGB_JPG_Normais,RGB_JPG_Normais
C:\Users\eduar\Desktop\Soybe-main\data\com_fundo\RGB_JPG_Normais\grao_DSC_0672_id8.png,RGB_JPG_Normais,RGB_JPG_Normais
C:\Users\eduar\Desktop\Soybe-main\data\com_fundo\RGB_JPG_Normais\grao_DSC_0672_id80.png,RGB_JPG_Normais,RGB_JPG_Normais
C:\Users\eduar\Desktop\Soybe-main\data\com_fundo\RGB_JPG_Normais\grao_DSC_0672_id81.png,RGB_JPG_Normais,RGB_JPG_Normais
C:\Users\eduar\Desktop\Soybe-main\data\com_fundo\RGB_JPG_Normais\grao_DSC_0672_id82.png,RGB_JPG_Normais,RGB_JPG_Normais
C:\Users\eduar\Desktop\Soybe-main\data\com_fundo\RGB_JPG_Normais\grao_DSC_0672_id83.png,RGB_JPG_Normais,RGB_JPG_Normais
C:\Users\eduar\Desktop\Soybe-main\data\com_fundo\RGB_JPG_Normais\grao_DSC_0672_id84.png,RGB_JPG_Normais,RGB_JPG_Normais
C:\Users\eduar\Desktop\Soybe-main\data\com_fundo\RGB_JPG_Normais\grao_DSC_0672_id85.png,RGB_JPG_Normais,RGB_JPG_Normais
C:\Users\eduar\Desktop\Soybe-main\data\com_fundo\RGB_JPG_Normais\grao_DSC_0672_id86.png,RGB_JPG_Normais,RGB_JPG_Normais
C:\Users\eduar\Desktop\Soybe-main\data\com_fundo\RGB_JPG_Normais\grao_DSC_0672_id87.png,RGB_JPG_Normais,RGB_JPG_Normais
C:\Users\eduar\Desktop\Soybe-main\data\com_fundo\RGB_JPG_Normais\grao_DSC_0672_id88.png,RGB_JPG_Normais,RGB_JPG_Normais
C:\Users\eduar\Desktop\Soybe-main\data\com_fundo\RGB_JPG_Normais\grao_DSC_0672_id89.png,RGB_JPG_Normais,RGB_JPG_Normais
C:\Users\eduar\Desktop\Soybe-main\data\com_fundo\RGB_JPG_Normais\grao_DSC_0672_id9.png,RGB_JPG_Normais,RGB_JPG_Normais
C:\Users\eduar\Desktop\Soybe-main\data\com_fundo\RGB_JPG_Normais\grao_DSC_0672_id90.png,RGB_JPG_Normais,RGB_JPG_Normais
C:\Users\eduar\Desktop\Soybe-main\data\com_fundo\RGB_JPG_Normais\grao_DSC_0672_id91.png,RGB_JPG_Normais,RGB_JPG_Normais
C:\Users\eduar\Desktop\Soybe-main\data\com_fundo\RGB_JPG_Normais\grao_DSC_0672_id92.png,RGB_JPG_Normais,RGB_JPG_Normais
C:\Users\eduar\Desktop\Soybe-main\data\com_fundo\RGB_JPG_Normais\grao_DSC_0672_id93.png,RGB_JPG_Normais,RGB_JPG_Normais
C:\Users\eduar\Desktop\Soybe-main\data\com_fundo\RGB_JPG_Normais\grao_DSC_0672_id94.png,RGB_JPG_Normais,RGB_JPG_Normais
C:\Users\eduar\Desktop\Soybe-main\data\com_fundo\RGB_JPG_Normais\grao_DSC_0672_id95.png,RGB_JPG_Normais,RGB_JPG_Normais
C:\Users\eduar\Desktop\Soybe-main\data\com_fundo\RGB_JPG_Normais\grao_DSC_0672_id96.png,RGB_JPG_Normais,RGB_JPG_Normais
C:\Users\eduar\Desktop\Soybe-main\data\com_fundo\RGB_JPG_Normais\grao_DSC_0672_id97.png,RGB_JPG_Normais,RGB_JPG_Normais
C:\Users\eduar\Desktop\Soybe-main\data\com_fundo\RGB_JPG_Normais\grao_DSC_0672_id98.png,RGB_JPG_Normais,RGB_JPG_Normais
C:\Users\eduar\Desktop\Soybe-main\data\com_fundo\RGB_JPG_Normais\grao_DSC_0672_id99.png,RGB_JPG_Normais,RGB_JPG_Normais
C:\Users\eduar\Desktop\Soybe-main\data\com_fundo\RGB_JPG_PURPURAS\grao_DSC_0051_id1.png,RGB_JPG_PURPURAS,RGB_JPG_PURPURAS
C:\Users\eduar\Desktop\Soybe-main\data\com_fundo\RGB_JPG_PURPURAS\grao_DSC_0051_id10.png,RGB_JPG_PURPURAS,RGB_JPG_PURPURAS
C:\Users\eduar\Desktop\Soybe-main\data\com_fundo\RGB_JPG_PURPURAS\grao_DSC_0051_id11.png,RGB_JPG_PURPURAS,RGB_JPG_PURPURAS
C:\Users\eduar\Desktop\Soybe-main\data\com_fundo\RGB_JPG_PURPURAS\grao_DSC_0051_id12.png,RGB_JPG_PURPURAS,RGB_JPG_PURPURAS
C:\Users\eduar\Desktop\Soybe-main\data\com_fundo\RGB_JPG_PURPURAS\grao_DSC_0051_id15.png,RGB_JPG_PURPURAS,RGB_JPG_PURPURAS
C:\Users\eduar\Desktop\Soybe-main\data\com_fundo\RGB_JPG_PURPURAS\grao_DSC_0051_id16.png,RGB_JPG_PURPURAS,RGB_JPG_PURPURAS
C:\Users\eduar\Desktop\Soybe-main\data\com_fundo\RGB_JPG_PURPURAS\grao_DSC_0051_id17.png,RGB_JPG_PURPURAS,RGB_JPG_PURPURAS
C:\Users\eduar\Desktop\Soybe-main\data\com_fundo\RGB_JPG_PURPURAS\grao_DSC_0051_id18.png,RGB_JPG_PURPURAS,RGB_JPG_PURPURAS
C:\Users\eduar\Desktop\Soybe-main\data\com_fundo\RGB_JPG_PURPURAS\grao_DSC_0051_id19.png,RGB_JPG_PURPURAS,RGB_JPG_PURPURAS
C:\Users\eduar\Desktop\Soybe-main\data\com_fundo\RGB_JPG_PURPURAS\grao_DSC_0051_id2.png,RGB_JPG_PURPURAS,RGB_JPG_PURPURAS
C:\Users\eduar\Desktop\Soybe-main\data\com_fundo\RGB_JPG_PURPURAS\grao_DSC_0051_id20.png,RGB_JPG_PURPURAS,RGB_JPG_PURPURAS
C:\Users\eduar\Desktop\Soybe-main\data\com_fundo\RGB_JPG_PURPURAS\grao_DSC_0051_id22.png,RGB_JPG_PURPURAS,RGB_JPG_PURPURAS
C:\Users\eduar\Desktop\Soybe-main\data\com_fundo\RGB_JPG_PURPURAS\grao_DSC_0051_id23.png,RGB_JPG_PURPURAS,RGB_JPG_PURPURAS
C:\Users\eduar\Desktop\Soybe-main\data\com_fundo\RGB_JPG_PURPURAS\grao_DSC_0051_id24.png,RGB_JPG_PURPURAS,RGB_JPG_PURPURAS
C:\Users\eduar\Desktop\Soybe-main\data\com_fundo\RGB_JPG_PURPURAS\grao_DSC_0051_id25.png,RGB_JPG_PURPURAS,RGB_JPG_CHOCHOS
C:\Users\eduar\Desktop\Soybe-main\data\com_fundo\RGB_JPG_PURPURAS\grao_DSC_0051_id26.png,RGB_JPG_PURPURAS,RGB_JPG_PURPURAS
C:\Users\eduar\Desktop\Soybe-main\data\com_fundo\RGB_JPG_PURPURAS\grao_DSC_0051_id27.png,RGB_JPG_PURPURAS,RGB_JPG_PURPURAS
C:\Users\eduar\Desktop\Soybe-main\data\com_fundo\RGB_JPG_PURPURAS\grao_DSC_0051_id28.png,RGB_JPG_PURPURAS,RGB_JPG_PURPURAS
C:\Users\eduar\Desktop\Soybe-main\data\com_fundo\RGB_JPG_PURPURAS\grao_DSC_0051_id29.png,RGB_JPG_PURPURAS,RGB_JPG_PURPURAS
C:\Users\eduar\Desktop\Soybe-main\data\com_fundo\RGB_JPG_PURPURAS\grao_DSC_0051_id3.png,RGB_JPG_PURPURAS,RGB_JPG_PURPURAS
C:\Users\eduar\Desktop\Soybe-main\data\com_fundo\RGB_JPG_PURPURAS\grao_DSC_0051_id4.png,RGB_JPG_PURPURAS,RGB_JPG_PURPURAS
C:\Users\eduar\Desktop\Soybe-main\data\com_fundo\RGB_JPG_PURPURAS\grao_DSC_0051_id5.png,RGB_JPG_PURPURAS,RGB_JPG_PURPURAS
C:\Users\eduar\Desktop\Soybe-main\data\com_fundo\RGB_JPG_PURPURAS\grao_DSC_0051_id6.png,RGB_JPG_PURPURAS,RGB_JPG_PURPURAS
C:\Users\eduar\Desktop\Soybe-main\data\com_fundo\RGB_JPG_PURPURAS\grao_DSC_0051_id7.png,RGB_JPG_PURPURAS,RGB_JPG_PURPURAS
C:\Users\eduar\Desktop\Soybe-main\data\com_fundo\RGB_JPG_PURPURAS\grao_DSC_0051_id8.png,RGB_JPG_PURPURAS,RGB_JPG_CHOCHOS
C:\Users\eduar\Desktop\Soybe-main\data\com_fundo\RGB_JPG_PURPURAS\grao_DSC_0051_id9.png,RGB_JPG_PURPURAS,RGB_JPG_PURPURAS
C:\Users\eduar\Desktop\Soybe-main\data\com_fundo\RGB_JPG_PURPURAS\grao_DSC_0145_id1.png,RGB_JPG_PURPURAS,RGB_JPG_PURPURAS
C:\Users\eduar\Desktop\Soybe-main\data\com_fundo\RGB_JPG_PURPURAS\grao_DSC_0145_id10.png,RGB_JPG_PURPURAS,RGB_JPG_PURPURAS
C:\Users\eduar\Desktop\Soybe-main\data\com_fundo\RGB_JPG_PURPURAS\grao_DSC_0145_id11.png,RGB_JPG_PURPURAS,RGB_JPG_PURPURAS
C:\Users\eduar\Desktop\Soybe-main\data\com_fundo\RGB_JPG_PURPURAS\grao_DSC_0145_id12.png,RGB_JPG_PURPURAS,RGB_JPG_PURPURAS
C:\Users\eduar\Desktop\Soybe-main\data\com_fundo\RGB_JPG_PURPURAS\grao_DSC_0145_id13.png,RGB_JPG_PURPURAS,RGB_JPG_PURPURAS
C:\Users\eduar\Desktop\Soybe-main\data\com_fundo\RGB_JPG_PURPURAS\grao_DSC_0145_id14.png,RGB_JPG_PURPURAS,RGB_JPG_PURPURAS
C:\Users\eduar\Desktop\Soybe-main\data\com_fundo\RGB_JPG_PURPURAS\grao_DSC_0145_id15.png,RGB_JPG_PURPURAS,RGB_JPG_PURPURAS
C:\Users\eduar\Desktop\Soybe-main\data\com_fundo\RGB_JPG_PURPURAS\grao_DSC_0145_id16.png,RGB_JPG_PURPURAS,RGB_JPG_PURPURAS
C:\Users\eduar\Desktop\Soybe-main\data\com_fundo\RGB_JPG_PURPURAS\grao_DSC_0145_id17.png,RGB_JPG_PURPURAS,RGB_JPG_PURPURAS
C:\Users\eduar\Desktop\Soybe-main\data\com_fundo\RGB_JPG_PURPURAS\grao_DSC_0145_id18.png,RGB_JPG_PURPURAS,RGB_JPG_PURPURAS
C:\Users\eduar\Desktop\Soybe-main\data\com_fundo\RGB_JPG_PURPURAS\grao_DSC_0145_id19.png,RGB_JPG_PURPURAS,RGB_JPG_PURPURAS
C:\Users\eduar\Desktop\Soybe-main\data\com_fundo\RGB_JPG_PURPURAS\grao_DSC_0145_id2.png,RGB_JPG_PURPURAS,RGB_JPG_PURPURAS
C:\Users\eduar\Desktop\Soybe-main\data\com_fundo\RGB_JPG_PURPURAS\grao_DSC_0145_id20.png,RGB_JPG_PURPURAS,RGB_JPG_PURPURAS
C:\Users\eduar\Desktop\Soybe-main\data\com_fundo\RGB_JPG_PURPURAS\grao_DSC_0145_id21.png,RGB_JPG_PURPURAS,RGB_JPG_PURPURAS
C:\Users\eduar\Desktop\Soybe-main\data\com_fundo\RGB_JPG_PURPURAS\grao_DSC_0145_id22.png,RGB_JPG_PURPURAS,RGB_JPG_PURPURAS
C:\Users\eduar\Desktop\Soybe-main\data\com_fundo\RGB_JPG_PURPURAS\grao_DSC_0145_id3.png,RGB_JPG_PURPURAS,RGB_JPG_PURPURAS
C:\Users\eduar\Desktop\Soybe-main\data\com_fundo\RGB_JPG_PURPURAS\grao_DSC_0145_id4.png,RGB_JPG_PURPURAS,RGB_JPG_PURPURAS
C:\Users\eduar\Desktop\Soybe-main\data\com_fundo\RGB_JPG_PURPURAS\grao_DSC_0145_id5.png,RGB_JPG_PURPURAS,RGB_JPG_PURPURAS
C:\Users\eduar\Desktop\Soybe-main\data\com_fundo\RGB_JPG_PURPURAS\grao_DSC_0145_id6.png,RGB_JPG_PURPURAS,RGB_JPG_PURPURAS
C:\Users\eduar\Desktop\Soybe-main\data\com_fundo\RGB_JPG_PURPURAS\grao_DSC_0145_id7.png,RGB_JPG_PURPURAS,RGB_JPG_PURPURAS
C:\Users\eduar\Desktop\Soybe-main\data\com_fundo\RGB_JPG_PURPURAS\grao_DSC_0145_id8.png,RGB_JPG_PURPURAS,RGB_JPG_INSETOS
C:\Users\eduar\Desktop\Soybe-main\data\com_fundo\RGB_JPG_PURPURAS\grao_DSC_0145_id9.png,RGB_JPG_PURPURAS,RGB_JPG_PURPURAS
C:\Users\eduar\Desktop\Soybe-main\data\com_fundo\RGB_JPG_QUEBRADOS\grao_DSC_0173_id1.png,RGB_JPG_QUEBRADOS,RGB_JPG_QUEBRADOS
C:\Users\eduar\Desktop\Soybe-main\data\com_fundo\RGB_JPG_QUEBRADOS\grao_DSC_0173_id10.png,RGB_JPG_QUEBRADOS,RGB_JPG_QUEBRADOS
C:\Users\eduar\Desktop\Soybe-main\data\com_fundo\RGB_JPG_QUEBRADOS\grao_DSC_0173_id104.png,RGB_JPG_QUEBRADOS,RGB_JPG_QUEBRADOS
C:\Users\eduar\Desktop\Soybe-main\data\com_fundo\RGB_JPG_QUEBRADOS\grao_DSC_0173_id105.png,RGB_JPG_QUEBRADOS,RGB_JPG_QUEBRADOS
C:\Users\eduar\Desktop\Soybe-main\data\com_fundo\RGB_JPG_QUEBRADOS\grao_DSC_0173_id106.png,RGB_JPG_QUEBRADOS,RGB_JPG_QUEBRADOS
C:\Users\eduar\Desktop\Soybe-main\data\com_fundo\RGB_JPG_QUEBRADOS\grao_DSC_0173_id107.png,RGB_JPG_QUEBRADOS,RGB_JPG_QUEBRADOS
C:\Users\eduar\Desktop\Soybe-main\data\com_fundo\RGB_JPG_QUEBRADOS\grao_DSC_0173_id108.png,RGB_JPG_QUEBRADOS,RGB_JPG_QUEBRADOS
C:\Users\eduar\Desktop\Soybe-main\data\com_fundo\RGB_JPG_QUEBRADOS\grao_DSC_0173_id11.png,RGB_JPG_QUEBRADOS,RGB_JPG_QUEBRADOS
C:\Users\eduar\Desktop\Soybe-main\data\com_fundo\RGB_JPG_QUEBRADOS\grao_DSC_0173_id110.png,RGB_JPG_QUEBRADOS,RGB_JPG_QUEBRADOS
C:\Users\eduar\Desktop\Soybe-main\data\com_fundo\RGB_JPG_QUEBRADOS\grao_DSC_0173_id111.png,RGB_JPG_QUEBRADOS,RGB_JPG_QUEBRADOS
C:\Users\eduar\Desktop\Soybe-main\data\com_fundo\RGB_JPG_QUEBRADOS\grao_DSC_0173_id112.png,RGB_JPG_QUEBRADOS,RGB_JPG_QUEBRADOS
C:\Users\eduar\Desktop\Soybe-main\data\com_fundo\RGB_JPG_QUEBRADOS\grao_DSC_0173_id113.png,RGB_JPG_QUEBRADOS,RGB_JPG_QUEBRADOS
C:\Users\eduar\Desktop\Soybe-main\data\com_fundo\RGB_JPG_QUEBRADOS\grao_DSC_0173_id114.png,RGB_JPG_QUEBRADOS,RGB_JPG_QUEBRADOS
C:\Users\eduar\Desktop\Soybe-main\data\com_fundo\RGB_JPG_QUEBRADOS\grao_DSC_0173_id115.png,RGB_JPG_QUEBRADOS,RGB_JPG_QUEBRADOS
C:\Users\eduar\Desktop\Soybe-main\data\com_fundo\RGB_JPG_QUEBRADOS\grao_DSC_0173_id116.png,RGB_JPG_QUEBRADOS,RGB_JPG_QUEBRADOS
C:\Users\eduar\Desktop\Soybe-main\data\com_fundo\RGB_JPG_QUEBRADOS\grao_DSC_0173_id117.png,RGB_JPG_QUEBRADOS,RGB_JPG_QUEBRADOS
C:\Users\eduar\Desktop\Soybe-main\data\com_fundo\RGB_JPG_QUEBRADOS\grao_DSC_0173_id118.png,RGB_JPG_QUEBRADOS,RGB_JPG_QUEBRADOS
C:\Users\eduar\Desktop\Soybe-main\data\com_fundo\RGB_JPG_QUEBRADOS\grao_DSC_0173_id119.png,RGB_JPG_QUEBRADOS,RGB_JPG_QUEBRADOS
C:\Users\eduar\Desktop\Soybe-main\data\com_fundo\RGB_JPG_QUEBRADOS\grao_DSC_0173_id12.png,RGB_JPG_QUEBRADOS,RGB_JPG_QUEBRADOS
C:\Users\eduar\Desktop\Soybe-main\data\com_fundo\RGB_JPG_QUEBRADOS\grao_DSC_0173_id120.png,RGB_JPG_QUEBRADOS,RGB_JPG_QUEBRADOS
C:\Users\eduar\Desktop\Soybe-main\data\com_fundo\RGB_JPG_QUEBRADOS\grao_DSC_0173_id121.png,RGB_JPG_QUEBRADOS,RGB_JPG_QUEBRADOS
C:\Users\eduar\Desktop\Soybe-main\data\com_fundo\RGB_JPG_QUEBRADOS\grao_DSC_0173_id122.png,RGB_JPG_QUEBRADOS,RGB_JPG_QUEBRADOS
C:\Users\eduar\Desktop\Soybe-main\data\com_fundo\RGB_JPG_QUEBRADOS\grao_DSC_0173_id123.png,RGB_JPG_QUEBRADOS,RGB_JPG_QUEBRADOS
C:\Users\eduar\Desktop\Soybe-main\data\com_fundo\RGB_JPG_QUEBRADOS\grao_DSC_0173_id124.png,RGB_JPG_QUEBRADOS,RGB_JPG_QUEBRADOS
C:\Users\eduar\Desktop\Soybe-main\data\com_fundo\RGB_JPG_QUEBRADOS\grao_DSC_0173_id125.png,RGB_JPG_QUEBRADOS,RGB_JPG_QUEBRADOS
C:\Users\eduar\Desktop\Soybe-main\data\com_fundo\RGB_JPG_QUEBRADOS\grao_DSC_0173_id126.png,RGB_JPG_QUEBRADOS,RGB_JPG_QUEBRADOS
C:\Users\eduar\Desktop\Soybe-main\data\com_fundo\RGB_JPG_QUEBRADOS\grao_DSC_0173_id127.png,RGB_JPG_QUEBRADOS,RGB_JPG_QUEBRADOS
C:\Users\eduar\Desktop\Soybe-main\data\com_fundo\RGB_JPG_QUEBRADOS\grao_DSC_0173_id128.png,RGB_JPG_QUEBRADOS,RGB_JPG_QUEBRADOS
C:\Users\eduar\Desktop\Soybe-main\data\com_fundo\RGB_JPG_QUEBRADOS\grao_DSC_0173_id129.png,RGB_JPG_QUEBRADOS,RGB_JPG_QUEBRADOS
C:\Users\eduar\Desktop\Soybe-main\data\com_fundo\RGB_JPG_QUEBRADOS\grao_DSC_0173_id13.png,RGB_JPG_QUEBRADOS,RGB_JPG_QUEBRADOS
C:\Users\eduar\Desktop\Soybe-main\data\com_fundo\RGB_JPG_QUEBRADOS\grao_DSC_0173_id130.png,RGB_JPG_QUEBRADOS,RGB_JPG_QUEBRADOS
C:\Users\eduar\Desktop\Soybe-main\data\com_fundo\RGB_JPG_QUEBRADOS\grao_DSC_0173_id131.png,RGB_JPG_QUEBRADOS,RGB_JPG_QUEBRADOS
C:\Users\eduar\Desktop\Soybe-main\data\com_fundo\RGB_JPG_QUEBRADOS\grao_DSC_0173_id14.png,RGB_JPG_QUEBRADOS,RGB_JPG_QUEBRADOS
C:\Users\eduar\Desktop\Soybe-main\data\com_fundo\RGB_JPG_QUEBRADOS\grao_DSC_0173_id15.png,RGB_JPG_QUEBRADOS,RGB_JPG_QUEBRADOS
C:\Users\eduar\Desktop\Soybe-main\data\com_fundo\RGB_JPG_QUEBRADOS\grao_DSC_0173_id16.png,RGB_JPG_QUEBRADOS,RGB_JPG_QUEBRADOS
C:\Users\eduar\Desktop\Soybe-main\data\com_fundo\RGB_JPG_QUEBRADOS\grao_DSC_0173_id17.png,RGB_JPG_QUEBRADOS,RGB_JPG_QUEBRADOS
C:\Users\eduar\Desktop\Soybe-main\data\com_fundo\RGB_JPG_QUEBRADOS\grao_DSC_0173_id18.png,RGB_JPG_QUEBRADOS,RGB_JPG_QUEBRADOS
C:\Users\eduar\Desktop\Soybe-main\data\com_fundo\RGB_JPG_QUEBRADOS\grao_DSC_0173_id19.png,RGB_JPG_QUEBRADOS,RGB_JPG_QUEBRADOS
C:\Users\eduar\Desktop\Soybe-main\data\com_fundo\RGB_JPG_QUEBRADOS\grao_DSC_0173_id2.png,RGB_JPG_QUEBRADOS,RGB_JPG_QUEBRADOS
C:\Users\eduar\Desktop\Soybe-main\data\com_fundo\RGB_JPG_QUEBRADOS\grao_DSC_0173_id20.png,RGB_JPG_QUEBRADOS,RGB_JPG_QUEBRADOS
C:\Users\eduar\Desktop\Soybe-main\data\com_fundo\RGB_JPG_QUEBRADOS\grao_DSC_0173_id21.png,RGB_JPG_QUEBRADOS,RGB_JPG_QUEBRADOS
C:\Users\eduar\Desktop\Soybe-main\data\com_fundo\RGB_JPG_QUEBRADOS\grao_DSC_0173_id22.png,RGB_JPG_QUEBRADOS,RGB_JPG_QUEBRADOS
C:\Users\eduar\Desktop\Soybe-main\data\com_fundo\RGB_JPG_QUEBRADOS\grao_DSC_0173_id23.png,RGB_JPG_QUEBRADOS,RGB_JPG_QUEBRADOS
C:\Users\eduar\Desktop\Soybe-main\data\com_fundo\RGB_JPG_QUEBRADOS\grao_DSC_0173_id27.png,RGB_JPG_QUEBRADOS,RGB_JPG_QUEBRADOS
C:\Users\eduar\Desktop\Soybe-main\data\com_fundo\RGB_JPG_QUEBRADOS\grao_DSC_0173_id28.png,RGB_JPG_QUEBRADOS,RGB_JPG_QUEBRADOS
C:\Users\eduar\Desktop\Soybe-main\data\com_fundo\RGB_JPG_QUEBRADOS\grao_DSC_0173_id29.png,RGB_JPG_QUEBRADOS,RGB_JPG_QUEBRADOS
C:\Users\eduar\Desktop\Soybe-main\data\com_fundo\RGB_JPG_QUEBRADOS\grao_DSC_0173_id3.png,RGB_JPG_QUEBRADOS,RGB_JPG_QUEBRADOS
C:\Users\eduar\Desktop\Soybe-main\data\com_fundo\RGB_JPG_QUEBRADOS\grao_DSC_0173_id30.png,RGB_JPG_QUEBRADOS,RGB_JPG_QUEBRADOS
C:\Users\eduar\Desktop\Soybe-main\data\com_fundo\RGB_JPG_QUEBRADOS\grao_DSC_0173_id31.png,RGB_JPG_QUEBRADOS,RGB_JPG_Normais
C:\Users\eduar\Desktop\Soybe-main\data\com_fundo\RGB_JPG_QUEBRADOS\grao_DSC_0173_id32.png,RGB_JPG_QUEBRADOS,RGB_JPG_QUEBRADOS
C:\Users\eduar\Desktop\Soybe-main\data\com_fundo\RGB_JPG_QUEBRADOS\grao_DSC_0173_id33.png,RGB_JPG_QUEBRADOS,RGB_JPG_QUEBRADOS
C:\Users\eduar\Desktop\Soybe-main\data\com_fundo\RGB_JPG_QUEBRADOS\grao_DSC_0173_id34.png,RGB_JPG_QUEBRADOS,RGB_JPG_QUEBRADOS
C:\Users\eduar\Desktop\Soybe-main\data\com_fundo\RGB_JPG_QUEBRADOS\grao_DSC_0173_id35.png,RGB_JPG_QUEBRADOS,RGB_JPG_QUEBRADOS
C:\Users\eduar\Desktop\Soybe-main\data\com_fundo\RGB_JPG_QUEBRADOS\grao_DSC_0173_id36.png,RGB_JPG_QUEBRADOS,RGB_JPG_ESVERDEADO
C:\Users\eduar\Desktop\Soybe-main\data\com_fundo\RGB_JPG_QUEBRADOS\grao_DSC_0173_id37.png,RGB_JPG_QUEBRADOS,RGB_JPG_QUEBRADOS
C:\Users\eduar\Desktop\Soybe-main\data\com_fundo\RGB_JPG_QUEBRADOS\grao_DSC_0173_id38.png,RGB_JPG_QUEBRADOS,RGB_JPG_QUEBRADOS
C:\Users\eduar\Desktop\Soybe-main\data\com_fundo\RGB_JPG_QUEBRADOS\grao_DSC_0173_id39.png,RGB_JPG_QUEBRADOS,RGB_JPG_QUEBRADOS
C:\Users\eduar\Desktop\Soybe-main\data\com_fundo\RGB_JPG_QUEBRADOS\grao_DSC_0173_id4.png,RGB_JPG_QUEBRADOS,RGB_JPG_QUEBRADOS
C:\Users\eduar\Desktop\Soybe-main\data\com_fundo\RGB_JPG_QUEBRADOS\grao_DSC_0173_id40.png,RGB_JPG_QUEBRADOS,RGB_JPG_QUEBRADOS
C:\Users\eduar\Desktop\Soybe-main\data\com_fundo\RGB_JPG_QUEBRADOS\grao_DSC_0173_id41.png,RGB_JPG_QUEBRADOS,RGB_JPG_QUEBRADOS
C:\Users\eduar\Desktop\Soybe-main\data\com_fundo\RGB_JPG_QUEBRADOS\grao_DSC_0173_id43.png,RGB_JPG_QUEBRADOS,RGB_JPG_CHOCHOS
C:\Users\eduar\Desktop\Soybe-main\data\com_fundo\RGB_JPG_QUEBRADOS\grao_DSC_0173_id46.png,RGB_JPG_QUEBRADOS,RGB_JPG_QUEBRADOS
C:\Users\eduar\Desktop\Soybe-main\data\com_fundo\RGB_JPG_QUEBRADOS\grao_DSC_0173_id47.png,RGB_JPG_QUEBRADOS,RGB_JPG_QUEBRADOS
C:\Users\eduar\Desktop\Soybe-main\data\com_fundo\RGB_JPG_QUEBRADOS\grao_DSC_0173_id48.png,RGB_JPG_QUEBRADOS,RGB_JPG_QUEBRADOS
C:\Users\eduar\Desktop\Soybe-main\data\com_fundo\RGB_JPG_QUEBRADOS\grao_DSC_0173_id49.png,RGB_JPG_QUEBRADOS,RGB_JPG_QUEBRADOS
C:\Users\eduar\Desktop\Soybe-main\data\com_fundo\RGB_JPG_QUEBRADOS\grao_DSC_0173_id5.png,RGB_JPG_QUEBRADOS,RGB_JPG_QUEBRADOS
C:\Users\eduar\Desktop\Soybe-main\data\com_fundo\RGB_JPG_QUEBRADOS\grao_DSC_0173_id50.png,RGB_JPG_QUEBRADOS,RGB_JPG_QUEBRADOS
C:\Users\eduar\Desktop\Soybe-main\data\com_fundo\RGB_JPG_QUEBRADOS\grao_DSC_0173_id51.png,RGB_JPG_QUEBRADOS,RGB_JPG_QUEBRADOS
C:\Users\eduar\Desktop\Soybe-main\data\com_fundo\RGB_JPG_QUEBRADOS\grao_DSC_0173_id52.png,RGB_JPG_QUEBRADOS,RGB_JPG_QUEBRADOS
C:\Users\eduar\Desktop\Soybe-main\data\com_fundo\RGB_JPG_QUEBRADOS\grao_DSC_0173_id53.png,RGB_JPG_QUEBRADOS,RGB_JPG_QUEBRADOS
C:\Users\eduar\Desktop\Soybe-main\data\com_fundo\RGB_JPG_QUEBRADOS\grao_DSC_0173_id54.png,RGB_JPG_QUEBRADOS,RGB_JPG_QUEBRADOS
C:\Users\eduar\Desktop\Soybe-main\data\com_fundo\RGB_JPG_QUEBRADOS\grao_DSC_0173_id55.png,RGB_JPG_QUEBRADOS,RGB_JPG_QUEBRADOS
C:\Users\eduar\Desktop\Soybe-main\data\com_fundo\RGB_JPG_QUEBRADOS\grao_DSC_0173_id57.png,RGB_JPG_QUEBRADOS,RGB_JPG_QUEBRADOS
C:\Users\eduar\Desktop\Soybe-main\data\com_fundo\RGB_JPG_QUEBRADOS\grao_DSC_0173_id58.png,RGB_JPG_QUEBRADOS,RGB_JPG_QUEBRADOS
C:\Users\eduar\Desktop\Soybe-main\data\com_fundo\RGB_JPG_QUEBRADOS\grao_DSC_0173_id59.png,RGB_JPG_QUEBRADOS,RGB_JPG_QUEBRADOS
C:\Users\eduar\Desktop\Soybe-main\data\com_fundo\RGB_JPG_QUEBRADOS\grao_DSC_0173_id60.png,RGB_JPG_QUEBRADOS,RGB_JPG_QUEBRADOS
C:\Users\eduar\Desktop\Soybe-main\data\com_fundo\RGB_JPG_QUEBRADOS\grao_DSC_0173_id61.png,RGB_JPG_QUEBRADOS,RGB_JPG_QUEBRADOS
C:\Users\eduar\Desktop\Soybe-main\data\com_fundo\RGB_JPG_QUEBRADOS\grao_DSC_0173_id62.png,RGB_JPG_QUEBRADOS,RGB_JPG_QUEBRADOS
C:\Users\eduar\Desktop\Soybe-main\data\com_fundo\RGB_JPG_QUEBRADOS\grao_DSC_0173_id63.png,RGB_JPG_QUEBRADOS,RGB_JPG_QUEBRADOS
C:\Users\eduar\Desktop\Soybe-main\data\com_fundo\RGB_JPG_QUEBRADOS\grao_DSC_0173_id64.png,RGB_JPG_QUEBRADOS,RGB_JPG_QUEBRADOS
C:\Users\eduar\Desktop\Soybe-main\data\com_fundo\RGB_JPG_QUEBRADOS\grao_DSC_0173_id65.png,RGB_JPG_QUEBRADOS,RGB_JPG_QUEBRADOS
C:\Users\eduar\Desktop\Soybe-main\data\com_fundo\RGB_JPG_QUEBRADOS\grao_DSC_0173_id66.png,RGB_JPG_QUEBRADOS,RGB_JPG_QUEBRADOS
C:\Users\eduar\Desktop\Soybe-main\data\com_fundo\RGB_JPG_QUEBRADOS\grao_DSC_0173_id67.png,RGB_JPG_QUEBRADOS,RGB_JPG_QUEBRADOS
C:\Users\eduar\Desktop\Soybe-main\data\com_fundo\RGB_JPG_QUEBRADOS\grao_DSC_0173_id68.png,RGB_JPG_QUEBRADOS,RGB_JPG_QUEBRADOS
C:\Users\eduar\Desktop\Soybe-main\data\com_fundo\RGB_JPG_QUEBRADOS\grao_DSC_0173_id69.png,RGB_JPG_QUEBRADOS,RGB_JPG_QUEBRADOS
C:\Users\eduar\Desktop\Soybe-main\data\com_fundo\RGB_JPG_QUEBRADOS\grao_DSC_0173_id7.png,RGB_JPG_QUEBRADOS,RGB_JPG_QUEBRADOS
C:\Users\eduar\Desktop\Soybe-main\data\com_fundo\RGB_JPG_QUEBRADOS\grao_DSC_0173_id70.png,RGB_JPG_QUEBRADOS,RGB_JPG_QUEBRADOS
C:\Users\eduar\Desktop\Soybe-main\data\com_fundo\RGB_JPG_QUEBRADOS\grao_DSC_0173_id71.png,RGB_JPG_QUEBRADOS,RGB_JPG_QUEBRADOS
C:\Users\eduar\Desktop\Soybe-main\data\com_fundo\RGB_JPG_QUEBRADOS\grao_DSC_0173_id72.png,RGB_JPG_QUEBRADOS,RGB_JPG_QUEBRADOS
C:\Users\eduar\Desktop\Soybe-main\data\com_fundo\RGB_JPG_QUEBRADOS\grao_DSC_0173_id73.png,RGB_JPG_QUEBRADOS,RGB_JPG_QUEBRADOS
C:\Users\eduar\Desktop\Soybe-main\data\com_fundo\RGB_JPG_QUEBRADOS\grao_DSC_0173_id74.png,RGB_JPG_QUEBRADOS,RGB_JPG_QUEBRADOS
C:\Users\eduar\Desktop\Soybe-main\data\com_fundo\RGB_JPG_QUEBRADOS\grao_DSC_0173_id75.png,RGB_JPG_QUEBRADOS,RGB_JPG_QUEBRADOS
C:\Users\eduar\Desktop\Soybe-main\data\com_fundo\RGB_JPG_QUEBRADOS\grao_DSC_0173_id76.png,RGB_JPG_QUEBRADOS,RGB_JPG_CHOCHOS
C:\Users\eduar\Desktop\Soybe-main\data\com_fundo\RGB_JPG_QUEBRADOS\grao_DSC_0173_id77.png,RGB_JPG_QUEBRADOS,RGB_JPG_QUEBRADOS
C:\Users\eduar\Desktop\Soybe-main\data\com_fundo\RGB_JPG_QUEBRADOS\grao_DSC_0173_id78.png,RGB_JPG_QUEBRADOS,RGB_JPG_QUEBRADOS
C:\Users\eduar\Desktop\Soybe-main\data\com_fundo\RGB_JPG_QUEBRADOS\grao_DSC_0173_id79.png,RGB_JPG_QUEBRADOS,RGB_JPG_QUEBRADOS
C:\Users\eduar\Desktop\Soybe-main\data\com_fundo\RGB_JPG_QUEBRADOS\grao_DSC_0173_id8.png,RGB_JPG_QUEBRADOS,RGB_JPG_QUEBRADOS
C:\Users\eduar\Desktop\Soybe-main\data\com_fundo\RGB_JPG_QUEBRADOS\grao_DSC_0173_id80.png,RGB_JPG_QUEBRADOS,RGB_JPG_QUEBRADOS
C:\Users\eduar\Desktop\Soybe-main\data\com_fundo\RGB_JPG_QUEBRADOS\grao_DSC_0173_id81.png,RGB_JPG_QUEBRADOS,RGB_JPG_QUEBRADOS
C:\Users\eduar\Desktop\Soybe-main\data\com_fundo\RGB_JPG_QUEBRADOS\grao_DSC_0173_id82.png,RGB_JPG_QUEBRADOS,RGB_JPG_QUEBRADOS
C:\Users\eduar\Desktop\Soybe-main\data\com_fundo\RGB_JPG_QUEBRADOS\grao_DSC_0173_id83.png,RGB_JPG_QUEBRADOS,RGB_JPG_QUEBRADOS
C:\Users\eduar\Desktop\Soybe-main\data\com_fundo\RGB_JPG_QUEBRADOS\grao_DSC_0173_id84.png,RGB_JPG_QUEBRADOS,RGB_JPG_QUEBRADOS
C:\Users\eduar\Desktop\Soybe-main\data\com_fundo\RGB_JPG_QUEBRADOS\grao_DSC_0173_id85.png,RGB_JPG_QUEBRADOS,RGB_JPG_QUEBRADOS
C:\Users\eduar\Desktop\Soybe-main\data\com_fundo\RGB_JPG_QUEBRADOS\grao_DSC_0173_id89.png,RGB_JPG_QUEBRADOS,RGB_JPG_QUEBRADOS
C:\Users\eduar\Desktop\Soybe-main\data\com_fundo\RGB_JPG_QUEBRADOS\grao_DSC_0173_id9.png,RGB_JPG_QUEBRADOS,RGB_JPG_QUEBRADOS
C:\Users\eduar\Desktop\Soybe-main\data\com_fundo\RGB_JPG_QUEBRADOS\grao_DSC_0173_id90.png,RGB_JPG_QUEBRADOS,RGB_JPG_QUEBRADOS
C:\Users\eduar\Desktop\Soybe-main\data\com_fundo\RGB_JPG_QUEBRADOS\grao_DSC_0173_id91.png,RGB_JPG_QUEBRADOS,RGB_JPG_QUEBRADOS
C:\Users\eduar\Desktop\Soybe-main\data\com_fundo\RGB_JPG_QUEBRADOS\grao_DSC_0173_id92.png,RGB_JPG_QUEBRADOS,RGB_JPG_QUEBRADOS
C:\Users\eduar\Desktop\Soybe-main\data\com_fundo\RGB_JPG_QUEBRADOS\grao_DSC_0173_id93.png,RGB_JPG_QUEBRADOS,RGB_JPG_QUEBRADOS
C:\Users\eduar\Desktop\Soybe-main\data\com_fundo\RGB_JPG_QUEBRADOS\grao_DSC_0173_id95.png,RGB_JPG_QUEBRADOS,RGB_JPG_QUEBRADOS
C:\Users\eduar\Desktop\Soybe-main\data\com_fundo\RGB_JPG_QUEBRADOS\grao_DSC_0173_id97.png,RGB_JPG_QUEBRADOS,RGB_JPG_QUEBRADOS
C:\Users\eduar\Desktop\Soybe-main\data\com_fundo\RGB_JPG_QUEBRADOS\grao_DSC_0402_id1.png,RGB_JPG_QUEBRADOS,RGB_JPG_QUEBRADOS
C:\Users\eduar\Desktop\Soybe-main\data\com_fundo\RGB_JPG_QUEBRADOS\grao_DSC_0402_id10.png,RGB_JPG_QUEBRADOS,RGB_JPG_QUEBRADOS
C:\Users\eduar\Desktop\Soybe-main\data\com_fundo\RGB_JPG_QUEBRADOS\grao_DSC_0402_id11.png,RGB_JPG_QUEBRADOS,RGB_JPG_QUEBRADOS
C:\Users\eduar\Desktop\Soybe-main\data\com_fundo\RGB_JPG_QUEBRADOS\grao_DSC_0402_id12.png,RGB_JPG_QUEBRADOS,RGB_JPG_QUEBRADOS
C:\Users\eduar\Desktop\Soybe-main\data\com_fundo\RGB_JPG_QUEBRADOS\grao_DSC_0402_id13.png,RGB_JPG_QUEBRADOS,RGB_JPG_QUEBRADOS
C:\Users\eduar\Desktop\Soybe-main\data\com_fundo\RGB_JPG_QUEBRADOS\grao_DSC_0402_id14.png,RGB_JPG_QUEBRADOS,RGB_JPG_QUEBRADOS
C:\Users\eduar\Desktop\Soybe-main\data\com_fundo\RGB_JPG_QUEBRADOS\grao_DSC_0402_id15.png,RGB_JPG_QUEBRADOS,RGB_JPG_QUEBRADOS
C:\Users\eduar\Desktop\Soybe-main\data\com_fundo\RGB_JPG_QUEBRADOS\grao_DSC_0402_id16.png,RGB_JPG_QUEBRADOS,RGB_JPG_QUEBRADOS
C:\Users\eduar\Desktop\Soybe-main\data\com_fundo\RGB_JPG_QUEBRADOS\grao_DSC_0402_id17.png,RGB_JPG_QUEBRADOS,RGB_JPG_QUEBRADOS
C:\Users\eduar\Desktop\Soybe-main\data\com_fundo\RGB_JPG_QUEBRADOS\grao_DSC_0402_id18.png,RGB_JPG_QUEBRADOS,RGB_JPG_QUEBRADOS
C:\Users\eduar\Desktop\Soybe-main\data\com_fundo\RGB_JPG_QUEBRADOS\grao_DSC_0402_id19.png,RGB_JPG_QUEBRADOS,RGB_JPG_QUEBRADOS
C:\Users\eduar\Desktop\Soybe-main\data\com_fundo\RGB_JPG_QUEBRADOS\grao_DSC_0402_id2.png,RGB_JPG_QUEBRADOS,RGB_JPG_ESVERDEADO
C:\Users\eduar\Desktop\Soybe-main\data\com_fundo\RGB_JPG_QUEBRADOS\grao_DSC_0402_id20.png,RGB_JPG_QUEBRADOS,RGB_JPG_QUEBRADOS
C:\Users\eduar\Desktop\Soybe-main\data\com_fundo\RGB_JPG_QUEBRADOS\grao_DSC_0402_id21.png,RGB_JPG_QUEBRADOS,RGB_JPG_QUEBRADOS
C:\Users\eduar\Desktop\Soybe-main\data\com_fundo\RGB_JPG_QUEBRADOS\grao_DSC_0402_id22.png,RGB_JPG_QUEBRADOS,RGB_JPG_CHOCHOS
C:\Users\eduar\Desktop\Soybe-main\data\com_fundo\RGB_JPG_QUEBRADOS\grao_DSC_0402_id23.png,RGB_JPG_QUEBRADOS,RGB_JPG_QUEBRADOS
C:\Users\eduar\Desktop\Soybe-main\data\com_fundo\RGB_JPG_QUEBRADOS\grao_DSC_0402_id24.png,RGB_JPG_QUEBRADOS,RGB_JPG_Normais
C:\Users\eduar\Desktop\Soybe-main\data\com_fundo\RGB_JPG_QUEBRADOS\grao_DSC_0402_id25.png,RGB_JPG_QUEBRADOS,RGB_JPG_QUEBRADOS
C:\Users\eduar\Desktop\Soybe-main\data\com_fundo\RGB_JPG_QUEBRADOS\grao_DSC_0402_id26.png,RGB_JPG_QUEBRADOS,RGB_JPG_ESVERDEADO
C:\Users\eduar\Desktop\Soybe-main\data\com_fundo\RGB_JPG_QUEBRADOS\grao_DSC_0402_id27.png,RGB_JPG_QUEBRADOS,RGB_JPG_QUEBRADOS
C:\Users\eduar\Desktop\Soybe-main\data\com_fundo\RGB_JPG_QUEBRADOS\grao_DSC_0402_id28.png,RGB_JPG_QUEBRADOS,RGB_JPG_QUEBRADOS
C:\Users\eduar\Desktop\Soybe-main\data\com_fundo\RGB_JPG_QUEBRADOS\grao_DSC_0402_id29.png,RGB_JPG_QUEBRADOS,RGB_JPG_QUEBRADOS
C:\Users\eduar\Desktop\Soybe-main\data\com_fundo\RGB_JPG_QUEBRADOS\grao_DSC_0402_id3.png,RGB_JPG_QUEBRADOS,RGB_JPG_QUEBRADOS
C:\Users\eduar\Desktop\Soybe-main\data\com_fundo\RGB_JPG_QUEBRADOS\grao_DSC_0402_id30.png,RGB_JPG_QUEBRADOS,RGB_JPG_QUEBRADOS
C:\Users\eduar\Desktop\Soybe-main\data\com_fundo\RGB_JPG_QUEBRADOS\grao_DSC_0402_id31.png,RGB_JPG_QUEBRADOS,RGB_JPG_QUEBRADOS
C:\Users\eduar\Desktop\Soybe-main\data\com_fundo\RGB_JPG_QUEBRADOS\grao_DSC_0402_id32.png,RGB_JPG_QUEBRADOS,RGB_JPG_ESVERDEADO
C:\Users\eduar\Desktop\Soybe-main\data\com_fundo\RGB_JPG_QUEBRADOS\grao_DSC_0402_id33.png,RGB_JPG_QUEBRADOS,RGB_JPG_QUEBRADOS
C:\Users\eduar\Desktop\Soybe-main\data\com_fundo\RGB_JPG_QUEBRADOS\grao_DSC_0402_id34.png,RGB_JPG_QUEBRADOS,RGB_JPG_QUEBRADOS
C:\Users\eduar\Desktop\Soybe-main\data\com_fundo\RGB_JPG_QUEBRADOS\grao_DSC_0402_id35.png,RGB_JPG_QUEBRADOS,RGB_JPG_QUEBRADOS
C:\Users\eduar\Desktop\Soybe-main\data\com_fundo\RGB_JPG_QUEBRADOS\grao_DSC_0402_id36.png,RGB_JPG_QUEBRADOS,RGB_JPG_QUEBRADOS
C:\Users\eduar\Desktop\Soybe-main\data\com_fundo\RGB_JPG_QUEBRADOS\grao_DSC_0402_id37.png,RGB_JPG_QUEBRADOS,RGB_JPG_QUEBRADOS
C:\Users\eduar\Desktop\Soybe-main\data\com_fundo\RGB_JPG_QUEBRADOS\grao_DSC_0402_id38.png,RGB_JPG_QUEBRADOS,RGB_JPG_QUEBRADOS
C:\Users\eduar\Desktop\Soybe-main\data\com_fundo\RGB_JPG_QUEBRADOS\grao_DSC_0402_id39.png,RGB_JPG_QUEBRADOS,RGB_JPG_Normais
C:\Users\eduar\Desktop\Soybe-main\data\com_fundo\RGB_JPG_QUEBRADOS\grao_DSC_0402_id4.png,RGB_JPG_QUEBRADOS,RGB_JPG_QUEBRADOS
C:\Users\eduar\Desktop\Soybe-main\data\com_fundo\RGB_JPG_QUEBRADOS\grao_DSC_0402_id40.png,RGB_JPG_QUEBRADOS,RGB_JPG_QUEBRADOS
C:\Users\eduar\Desktop\Soybe-main\data\com_fundo\RGB_JPG_QUEBRADOS\grao_DSC_0402_id41.png,RGB_JPG_QUEBRADOS,RGB_JPG_QUEBRADOS
C:\Users\eduar\Desktop\Soybe-main\data\com_fundo\RGB_JPG_QUEBRADOS\grao_DSC_0402_id42.png,RGB_JPG_QUEBRADOS,RGB_JPG_CHOCHOS
C:\Users\eduar\Desktop\Soybe-main\data\com_fundo\RGB_JPG_QUEBRADOS\grao_DSC_0402_id43.png,RGB_JPG_QUEBRADOS,RGB_JPG_QUEBRADOS
C:\Users\eduar\Desktop\Soybe-main\data\com_fundo\RGB_JPG_QUEBRADOS\grao_DSC_0402_id44.png,RGB_JPG_QUEBRADOS,RGB_JPG_QUEBRADOS
C:\Users\eduar\Desktop\Soybe-main\data\com_fundo\RGB_JPG_QUEBRADOS\grao_DSC_0402_id45.png,RGB_JPG_QUEBRADOS,RGB_JPG_QUEBRADOS
C:\Users\eduar\Desktop\Soybe-main\data\com_fundo\RGB_JPG_QUEBRADOS\grao_DSC_0402_id47.png,RGB_JPG_QUEBRADOS,RGB_JPG_QUEBRADOS
C:\Users\eduar\Desktop\Soybe-main\data\com_fundo\RGB_JPG_QUEBRADOS\grao_DSC_0402_id48.png,RGB_JPG_QUEBRADOS,RGB_JPG_QUEBRADOS
C:\Users\eduar\Desktop\Soybe-main\data\com_fundo\RGB_JPG_QUEBRADOS\grao_DSC_0402_id49.png,RGB_JPG_QUEBRADOS,RGB_JPG_QUEBRADOS
C:\Users\eduar\Desktop\Soybe-main\data\com_fundo\RGB_JPG_QUEBRADOS\grao_DSC_0402_id5.png,RGB_JPG_QUEBRADOS,RGB_JPG_QUEBRADOS
C:\Users\eduar\Desktop\Soybe-main\data\com_fundo\RGB_JPG_QUEBRADOS\grao_DSC_0402_id50.png,RGB_JPG_QUEBRADOS,RGB_JPG_QUEBRADOS
C:\Users\eduar\Desktop\Soybe-main\data\com_fundo\RGB_JPG_QUEBRADOS\grao_DSC_0402_id51.png,RGB_JPG_QUEBRADOS,RGB_JPG_QUEBRADOS
C:\Users\eduar\Desktop\Soybe-main\data\com_fundo\RGB_JPG_QUEBRADOS\grao_DSC_0402_id52.png,RGB_JPG_QUEBRADOS,RGB_JPG_QUEBRADOS
C:\Users\eduar\Desktop\Soybe-main\data\com_fundo\RGB_JPG_QUEBRADOS\grao_DSC_0402_id53.png,RGB_JPG_QUEBRADOS,RGB_JPG_QUEBRADOS
C:\Users\eduar\Desktop\Soybe-main\data\com_fundo\RGB_JPG_QUEBRADOS\grao_DSC_0402_id54.png,RGB_JPG_QUEBRADOS,RGB_JPG_ESVERDEADO
C:\Users\eduar\Desktop\Soybe-main\data\com_fundo\RGB_JPG_QUEBRADOS\grao_DSC_0402_id55.png,RGB_JPG_QUEBRADOS,RGB_JPG_IMPUREZAS
C:\Users\eduar\Desktop\Soybe-main\data\com_fundo\RGB_JPG_QUEBRADOS\grao_DSC_0402_id56.png,RGB_JPG_QUEBRADOS,RGB_JPG_QUEBRADOS
C:\Users\eduar\Desktop\Soybe-main\data\com_fundo\RGB_JPG_QUEBRADOS\grao_DSC_0402_id58.png,RGB_JPG_QUEBRADOS,RGB_JPG_QUEBRADOS
C:\Users\eduar\Desktop\Soybe-main\data\com_fundo\RGB_JPG_QUEBRADOS\grao_DSC_0402_id59.png,RGB_JPG_QUEBRADOS,RGB_JPG_QUEBRADOS
C:\Users\eduar\Desktop\Soybe-main\data\com_fundo\RGB_JPG_QUEBRADOS\grao_DSC_0402_id6.png,RGB_JPG_QUEBRADOS,RGB_JPG_QUEBRADOS
C:\Users\eduar\Desktop\Soybe-main\data\com_fundo\RGB_JPG_QUEBRADOS\grao_DSC_0402_id60.png,RGB_JPG_QUEBRADOS,RGB_JPG_QUEBRADOS
C:\Users\eduar\Desktop\Soybe-main\data\com_fundo\RGB_JPG_QUEBRADOS\grao_DSC_0402_id61.png,RGB_JPG_QUEBRADOS,RGB_JPG_QUEBRADOS
C:\Users\eduar\Desktop\Soybe-main\data\com_fundo\RGB_JPG_QUEBRADOS\grao_DSC_0402_id62.png,RGB_JPG_QUEBRADOS,RGB_JPG_QUEBRADOS
C:\Users\eduar\Desktop\Soybe-main\data\com_fundo\RGB_JPG_QUEBRADOS\grao_DSC_0402_id63.png,RGB_JPG_QUEBRADOS,RGB_JPG_QUEBRADOS
C:\Users\eduar\Desktop\Soybe-main\data\com_fundo\RGB_JPG_QUEBRADOS\grao_DSC_0402_id64.png,RGB_JPG_QUEBRADOS,RGB_JPG_ESVERDEADO
C:\Users\eduar\Desktop\Soybe-main\data\com_fundo\RGB_JPG_QUEBRADOS\grao_DSC_0402_id65.png,RGB_JPG_QUEBRADOS,RGB_JPG_QUEBRADOS
C:\Users\eduar\Desktop\Soybe-main\data\com_fundo\RGB_JPG_QUEBRADOS\grao_DSC_0402_id66.png,RGB_JPG_QUEBRADOS,RGB_JPG_QUEBRADOS
C:\Users\eduar\Desktop\Soybe-main\data\com_fundo\RGB_JPG_QUEBRADOS\grao_DSC_0402_id67.png,RGB_JPG_QUEBRADOS,RGB_JPG_QUEBRADOS
C:\Users\eduar\Desktop\Soybe-main\data\com_fundo\RGB_JPG_QUEBRADOS\grao_DSC_0402_id68.png,RGB_JPG_QUEBRADOS,RGB_JPG_QUEBRADOS
C:\Users\eduar\Desktop\Soybe-main\data\com_fundo\RGB_JPG_QUEBRADOS\grao_DSC_0402_id69.png,RGB_JPG_QUEBRADOS,RGB_JPG_QUEBRADOS
C:\Users\eduar\Desktop\Soybe-main\data\com_fundo\RGB_JPG_QUEBRADOS\grao_DSC_0402_id7.png,RGB_JPG_QUEBRADOS,RGB_JPG_QUEBRADOS
C:\Users\eduar\Desktop\Soybe-main\data\com_fundo\RGB_JPG_QUEBRADOS\grao_DSC_0402_id70.png,RGB_JPG_QUEBRADOS,RGB_JPG_QUEBRADOS
C:\Users\eduar\Desktop\Soybe-main\data\com_fundo\RGB_JPG_QUEBRADOS\grao_DSC_0402_id71.png,RGB_JPG_QUEBRADOS,RGB_JPG_QUEBRADOS
C:\Users\eduar\Desktop\Soybe-main\data\com_fundo\RGB_JPG_QUEBRADOS\grao_DSC_0402_id72.png,RGB_JPG_QUEBRADOS,RGB_JPG_QUEBRADOS
C:\Users\eduar\Desktop\Soybe-main\data\com_fundo\RGB_JPG_QUEBRADOS\grao_DSC_0402_id73.png,RGB_JPG_QUEBRADOS,RGB_JPG_QUEBRADOS
C:\Users\eduar\Desktop\Soybe-main\data\com_fundo\RGB_JPG_QUEBRADOS\grao_DSC_0402_id74.png,RGB_JPG_QUEBRADOS,RGB_JPG_QUEBRADOS
C:\Users\eduar\Desktop\Soybe-main\data\com_fundo\RGB_JPG_QUEBRADOS\grao_DSC_0402_id75.png,RGB_JPG_QUEBRADOS,RGB_JPG_ESVERDEADO
C:\Users\eduar\Desktop\Soybe-main\data\com_fundo\RGB_JPG_QUEBRADOS\grao_DSC_0402_id8.png,RGB_JPG_QUEBRADOS,RGB_JPG_QUEBRADOS
C:\Users\eduar\Desktop\Soybe-main\data\com_fundo\RGB_JPG_QUEBRADOS\grao_DSC_0402_id9.png,RGB_JPG_QUEBRADOS,RGB_JPG_QUEBRADOS
C:\Users\eduar\Desktop\Soybe-main\data\com_fundo\RGB_JPG_QUEBRADOS\grao_DSC_0411_id1.png,RGB_JPG_QUEBRADOS,RGB_JPG_QUEBRADOS
C:\Users\eduar\Desktop\Soybe-main\data\com_fundo\RGB_JPG_QUEBRADOS\grao_DSC_0411_id10.png,RGB_JPG_QUEBRADOS,RGB_JPG_CHOCHOS
C:\Users\eduar\Desktop\Soybe-main\data\com_fundo\RGB_JPG_QUEBRADOS\grao_DSC_0411_id11.png,RGB_JPG_QUEBRADOS,RGB_JPG_QUEBRADOS
C:\Users\eduar\Desktop\Soybe-main\data\com_fundo\RGB_JPG_QUEBRADOS\grao_DSC_0411_id13.png,RGB_JPG_QUEBRADOS,RGB_JPG_QUEBRADOS
C:\Users\eduar\Desktop\Soybe-main\data\com_fundo\RGB_JPG_QUEBRADOS\grao_DSC_0411_id14.png,RGB_JPG_QUEBRADOS,RGB_JPG_QUEBRADOS
C:\Users\eduar\Desktop\Soybe-main\data\com_fundo\RGB_JPG_QUEBRADOS\grao_DSC_0411_id15.png,RGB_JPG_QUEBRADOS,RGB_JPG_QUEBRADOS
C:\Users\eduar\Desktop\Soybe-main\data\com_fundo\RGB_JPG_QUEBRADOS\grao_DSC_0411_id16.png,RGB_JPG_QUEBRADOS,RGB_JPG_QUEBRADOS
C:\Users\eduar\Desktop\Soybe-main\data\com_fundo\RGB_JPG_QUEBRADOS\grao_DSC_0411_id17.png,RGB_JPG_QUEBRADOS,RGB_JPG_QUEBRADOS
C:\Users\eduar\Desktop\Soybe-main\data\com_fundo\RGB_JPG_QUEBRADOS\grao_DSC_0411_id18.png,RGB_JPG_QUEBRADOS,RGB_JPG_QUEBRADOS
C:\Users\eduar\Desktop\Soybe-main\data\com_fundo\RGB_JPG_QUEBRADOS\grao_DSC_0411_id19.png,RGB_JPG_QUEBRADOS,RGB_JPG_QUEBRADOS
C:\Users\eduar\Desktop\Soybe-main\data\com_fundo\RGB_JPG_QUEBRADOS\grao_DSC_0411_id2.png,RGB_JPG_QUEBRADOS,RGB_JPG_QUEBRADOS
C:\Users\eduar\Desktop\Soybe-main\data\com_fundo\RGB_JPG_QUEBRADOS\grao_DSC_0411_id20.png,RGB_JPG_QUEBRADOS,RGB_JPG_QUEBRADOS
C:\Users\eduar\Desktop\Soybe-main\data\com_fundo\RGB_JPG_QUEBRADOS\grao_DSC_0411_id21.png,RGB_JPG_QUEBRADOS,RGB_JPG_QUEBRADOS
C:\Users\eduar\Desktop\Soybe-main\data\com_fundo\RGB_JPG_QUEBRADOS\grao_DSC_0411_id22.png,RGB_JPG_QUEBRADOS,RGB_JPG_QUEBRADOS
C:\Users\eduar\Desktop\Soybe-main\data\com_fundo\RGB_JPG_QUEBRADOS\grao_DSC_0411_id23.png,RGB_JPG_QUEBRADOS,RGB_JPG_QUEBRADOS
C:\Users\eduar\Desktop\Soybe-main\data\com_fundo\RGB_JPG_QUEBRADOS\grao_DSC_0411_id24.png,RGB_JPG_QUEBRADOS,RGB_JPG_QUEBRADOS
C:\Users\eduar\Desktop\Soybe-main\data\com_fundo\RGB_JPG_QUEBRADOS\grao_DSC_0411_id25.png,RGB_JPG_QUEBRADOS,RGB_JPG_QUEBRADOS
C:\Users\eduar\Desktop\Soybe-main\data\com_fundo\RGB_JPG_QUEBRADOS\grao_DSC_0411_id26.png,RGB_JPG_QUEBRADOS,RGB_JPG_QUEBRADOS
C:\Users\eduar\Desktop\Soybe-main\data\com_fundo\RGB_JPG_QUEBRADOS\grao_DSC_0411_id27.png,RGB_JPG_QUEBRADOS,RGB_JPG_QUEBRADOS
C:\Users\eduar\Desktop\Soybe-main\data\com_fundo\RGB_JPG_QUEBRADOS\grao_DSC_0411_id29.png,RGB_JPG_QUEBRADOS,RGB_JPG_QUEBRADOS
C:\Users\eduar\Desktop\Soybe-main\data\com_fundo\RGB_JPG_QUEBRADOS\grao_DSC_0411_id3.png,RGB_JPG_QUEBRADOS,RGB_JPG_QUEBRADOS
C:\Users\eduar\Desktop\Soybe-main\data\com_fundo\RGB_JPG_QUEBRADOS\grao_DSC_0411_id30.png,RGB_JPG_QUEBRADOS,RGB_JPG_QUEBRADOS
C:\Users\eduar\Desktop\Soybe-main\data\com_fundo\RGB_JPG_QUEBRADOS\grao_DSC_0411_id32.png,RGB_JPG_QUEBRADOS,RGB_JPG_QUEBRADOS
C:\Users\eduar\Desktop\Soybe-main\data\com_fundo\RGB_JPG_QUEBRADOS\grao_DSC_0411_id33.png,RGB_JPG_QUEBRADOS,RGB_JPG_QUEBRADOS
C:\Users\eduar\Desktop\Soybe-main\data\com_fundo\RGB_JPG_QUEBRADOS\grao_DSC_0411_id34.png,RGB_JPG_QUEBRADOS,RGB_JPG_QUEBRADOS
C:\Users\eduar\Desktop\Soybe-main\data\com_fundo\RGB_JPG_QUEBRADOS\grao_DSC_0411_id35.png,RGB_JPG_QUEBRADOS,RGB_JPG_QUEBRADOS
C:\Users\eduar\Desktop\Soybe-main\data\com_fundo\RGB_JPG_QUEBRADOS\grao_DSC_0411_id36.png,RGB_JPG_QUEBRADOS,RGB_JPG_QUEBRADOS
C:\Users\eduar\Desktop\Soybe-main\data\com_fundo\RGB_JPG_QUEBRADOS\grao_DSC_0411_id37.png,RGB_JPG_QUEBRADOS,RGB_JPG_Normais
C:\Users\eduar\Desktop\Soybe-main\data\com_fundo\RGB_JPG_QUEBRADOS\grao_DSC_0411_id38.png,RGB_JPG_QUEBRADOS,RGB_JPG_QUEBRADOS
C:\Users\eduar\Desktop\Soybe-main\data\com_fundo\RGB_JPG_QUEBRADOS\grao_DSC_0411_id39.png,RGB_JPG_QUEBRADOS,RGB_JPG_QUEBRADOS
C:\Users\eduar\Desktop\Soybe-main\data\com_fundo\RGB_JPG_QUEBRADOS\grao_DSC_0411_id4.png,RGB_JPG_QUEBRADOS,RGB_JPG_Normais
C:\Users\eduar\Desktop\Soybe-main\data\com_fundo\RGB_JPG_QUEBRADOS\grao_DSC_0411_id40.png,RGB_JPG_QUEBRADOS,RGB_JPG_QUEBRADOS
C:\Users\eduar\Desktop\Soybe-main\data\com_fundo\RGB_JPG_QUEBRADOS\grao_DSC_0411_id41.png,RGB_JPG_QUEBRADOS,RGB_JPG_QUEBRADOS
C:\Users\eduar\Desktop\Soybe-main\data\com_fundo\RGB_JPG_QUEBRADOS\grao_DSC_0411_id42.png,RGB_JPG_QUEBRADOS,RGB_JPG_QUEBRADOS
C:\Users\eduar\Desktop\Soybe-main\data\com_fundo\RGB_JPG_QUEBRADOS\grao_DSC_0411_id43.png,RGB_JPG_QUEBRADOS,RGB_JPG_QUEBRADOS
C:\Users\eduar\Desktop\Soybe-main\data\com_fundo\RGB_JPG_QUEBRADOS\grao_DSC_0411_id44.png,RGB_JPG_QUEBRADOS,RGB_JPG_QUEBRADOS
C:\Users\eduar\Desktop\Soybe-main\data\com_fundo\RGB_JPG_QUEBRADOS\grao_DSC_0411_id45.png,RGB_JPG_QUEBRADOS,RGB_JPG_QUEBRADOS
C:\Users\eduar\Desktop\Soybe-main\data\com_fundo\RGB_JPG_QUEBRADOS\grao_DSC_0411_id46.png,RGB_JPG_QUEBRADOS,RGB_JPG_QUEBRADOS
C:\Users\eduar\Desktop\Soybe-main\data\com_fundo\RGB_JPG_QUEBRADOS\grao_DSC_0411_id47.png,RGB_JPG_QUEBRADOS,RGB_JPG_QUEBRADOS
C:\Users\eduar\Desktop\Soybe-main\data\com_fundo\RGB_JPG_QUEBRADOS\grao_DSC_0411_id48.png,RGB_JPG_QUEBRADOS,RGB_JPG_QUEBRADOS
C:\Users\eduar\Desktop\Soybe-main\data\com_fundo\RGB_JPG_QUEBRADOS\grao_DSC_0411_id49.png,RGB_JPG_QUEBRADOS,RGB_JPG_QUEBRADOS
C:\Users\eduar\Desktop\Soybe-main\data\com_fundo\RGB_JPG_QUEBRADOS\grao_DSC_0411_id5.png,RGB_JPG_QUEBRADOS,RGB_JPG_ESVERDEADO
C:\Users\eduar\Desktop\Soybe-main\data\com_fundo\RGB_JPG_QUEBRADOS\grao_DSC_0411_id50.png,RGB_JPG_QUEBRADOS,RGB_JPG_QUEBRADOS
C:\Users\eduar\Desktop\Soybe-main\data\com_fundo\RGB_JPG_QUEBRADOS\grao_DSC_0411_id51.png,RGB_JPG_QUEBRADOS,RGB_JPG_QUEBRADOS
C:\Users\eduar\Desktop\Soybe-main\data\com_fundo\RGB_JPG_QUEBRADOS\grao_DSC_0411_id52.png,RGB_JPG_QUEBRADOS,RGB_JPG_QUEBRADOS
C:\Users\eduar\Desktop\Soybe-main\data\com_fundo\RGB_JPG_QUEBRADOS\grao_DSC_0411_id54.png,RGB_JPG_QUEBRADOS,RGB_JPG_QUEBRADOS
C:\Users\eduar\Desktop\Soybe-main\data\com_fundo\RGB_JPG_QUEBRADOS\grao_DSC_0411_id55.png,RGB_JPG_QUEBRADOS,RGB_JPG_QUEBRADOS
C:\Users\eduar\Desktop\Soybe-main\data\com_fundo\RGB_JPG_QUEBRADOS\grao_DSC_0411_id56.png,RGB_JPG_QUEBRADOS,RGB_JPG_QUEBRADOS
C:\Users\eduar\Desktop\Soybe-main\data\com_fundo\RGB_JPG_QUEBRADOS\grao_DSC_0411_id57.png,RGB_JPG_QUEBRADOS,RGB_JPG_CHOCHOS
C:\Users\eduar\Desktop\Soybe-main\data\com_fundo\RGB_JPG_QUEBRADOS\grao_DSC_0411_id58.png,RGB_JPG_QUEBRADOS,RGB_JPG_QUEBRADOS
C:\Users\eduar\Desktop\Soybe-main\data\com_fundo\RGB_JPG_QUEBRADOS\grao_DSC_0411_id59.png,RGB_JPG_QUEBRADOS,RGB_JPG_QUEBRADOS
C:\Users\eduar\Desktop\Soybe-main\data\com_fundo\RGB_JPG_QUEBRADOS\grao_DSC_0411_id6.png,RGB_JPG_QUEBRADOS,RGB_JPG_QUEBRADOS
C:\Users\eduar\Desktop\Soybe-main\data\com_fundo\RGB_JPG_QUEBRADOS\grao_DSC_0411_id60.png,RGB_JPG_QUEBRADOS,RGB_JPG_QUEBRADOS
C:\Users\eduar\Desktop\Soybe-main\data\com_fundo\RGB_JPG_QUEBRADOS\grao_DSC_0411_id61.png,RGB_JPG_QUEBRADOS,RGB_JPG_QUEBRADOS
C:\Users\eduar\Desktop\Soybe-main\data\com_fundo\RGB_JPG_QUEBRADOS\grao_DSC_0411_id62.png,RGB_JPG_QUEBRADOS,RGB_JPG_QUEBRADOS
C:\Users\eduar\Desktop\Soybe-main\data\com_fundo\RGB_JPG_QUEBRADOS\grao_DSC_0411_id63.png,RGB_JPG_QUEBRADOS,RGB_JPG_QUEBRADOS
C:\Users\eduar\Desktop\Soybe-main\data\com_fundo\RGB_JPG_QUEBRADOS\grao_DSC_0411_id64.png,RGB_JPG_QUEBRADOS,RGB_JPG_QUEBRADOS
C:\Users\eduar\Desktop\Soybe-main\data\com_fundo\RGB_JPG_QUEBRADOS\grao_DSC_0411_id65.png,RGB_JPG_QUEBRADOS,RGB_JPG_QUEBRADOS
C:\Users\eduar\Desktop\Soybe-main\data\com_fundo\RGB_JPG_QUEBRADOS\grao_DSC_0411_id66.png,RGB_JPG_QUEBRADOS,RGB_JPG_QUEBRADOS
C:\Users\eduar\Desktop\Soybe-main\data\com_fundo\RGB_JPG_QUEBRADOS\grao_DSC_0411_id67.png,RGB_JPG_QUEBRADOS,RGB_JPG_QUEBRADOS
C:\Users\eduar\Desktop\Soybe-main\data\com_fundo\RGB_JPG_QUEBRADOS\grao_DSC_0411_id68.png,RGB_JPG_QUEBRADOS,RGB_JPG_QUEBRADOS
C:\Users\eduar\Desktop\Soybe-main\data\com_fundo\RGB_JPG_QUEBRADOS\grao_DSC_0411_id69.png,RGB_JPG_QUEBRADOS,RGB_JPG_QUEBRADOS
C:\Users\eduar\Desktop\Soybe-main\data\com_fundo\RGB_JPG_QUEBRADOS\grao_DSC_0411_id7.png,RGB_JPG_QUEBRADOS,RGB_JPG_QUEBRADOS
C:\Users\eduar\Desktop\Soybe-main\data\com_fundo\RGB_JPG_QUEBRADOS\grao_DSC_0411_id70.png,RGB_JPG_QUEBRADOS,RGB_JPG_QUEBRADOS
C:\Users\eduar\Desktop\Soybe-main\data\com_fundo\RGB_JPG_QUEBRADOS\grao_DSC_0411_id71.png,RGB_JPG_QUEBRADOS,RGB_JPG_ESVERDEADO
C:\Users\eduar\Desktop\Soybe-main\data\com_fundo\RGB_JPG_QUEBRADOS\grao_DSC_0411_id72.png,RGB_JPG_QUEBRADOS,RGB_JPG_QUEBRADOS
C:\Users\eduar\Desktop\Soybe-main\data\com_fundo\RGB_JPG_QUEBRADOS\grao_DSC_0411_id73.png,RGB_JPG_QUEBRADOS,RGB_JPG_QUEBRADOS
C:\Users\eduar\Desktop\Soybe-main\data\com_fundo\RGB_JPG_QUEBRADOS\grao_DSC_0411_id74.png,RGB_JPG_QUEBRADOS,RGB_JPG_ESVERDEADO
C:\Users\eduar\Desktop\Soybe-main\data\com_fundo\RGB_JPG_QUEBRADOS\grao_DSC_0411_id75.png,RGB_JPG_QUEBRADOS,RGB_JPG_QUEBRADOS
C:\Users\eduar\Desktop\Soybe-main\data\com_fundo\RGB_JPG_QUEBRADOS\grao_DSC_0411_id76.png,RGB_JPG_QUEBRADOS,RGB_JPG_QUEBRADOS
C:\Users\eduar\Desktop\Soybe-main\data\com_fundo\RGB_JPG_QUEBRADOS\grao_DSC_0411_id77.png,RGB_JPG_QUEBRADOS,RGB_JPG_QUEBRADOS
C:\Users\eduar\Desktop\Soybe-main\data\com_fundo\RGB_JPG_QUEBRADOS\grao_DSC_0411_id78.png,RGB_JPG_QUEBRADOS,RGB_JPG_QUEBRADOS
C:\Users\eduar\Desktop\Soybe-main\data\com_fundo\RGB_JPG_QUEBRADOS\grao_DSC_0411_id79.png,RGB_JPG_QUEBRADOS,RGB_JPG_QUEBRADOS
C:\Users\eduar\Desktop\Soybe-main\data\com_fundo\RGB_JPG_QUEBRADOS\grao_DSC_0411_id8.png,RGB_JPG_QUEBRADOS,RGB_JPG_QUEBRADOS
C:\Users\eduar\Desktop\Soybe-main\data\com_fundo\RGB_JPG_QUEBRADOS\grao_DSC_0411_id80.png,RGB_JPG_QUEBRADOS,RGB_JPG_QUEBRADOS
C:\Users\eduar\Desktop\Soybe-main\data\com_fundo\RGB_JPG_QUEBRADOS\grao_DSC_0411_id9.png,RGB_JPG_QUEBRADOS,RGB_JPG_QUEBRADOS
C:\Users\eduar\Desktop\Soybe-main\data\com_fundo\RGB_JPG_QUEBRADOS\grao_DSC_0419_id1.png,RGB_JPG_QUEBRADOS,RGB_JPG_QUEBRADOS
C:\Users\eduar\Desktop\Soybe-main\data\com_fundo\RGB_JPG_QUEBRADOS\grao_DSC_0419_id10.png,RGB_JPG_QUEBRADOS,RGB_JPG_QUEBRADOS
C:\Users\eduar\Desktop\Soybe-main\data\com_fundo\RGB_JPG_QUEBRADOS\grao_DSC_0419_id11.png,RGB_JPG_QUEBRADOS,RGB_JPG_QUEBRADOS
C:\Users\eduar\Desktop\Soybe-main\data\com_fundo\RGB_JPG_QUEBRADOS\grao_DSC_0419_id12.png,RGB_JPG_QUEBRADOS,RGB_JPG_QUEBRADOS
C:\Users\eduar\Desktop\Soybe-main\data\com_fundo\RGB_JPG_QUEBRADOS\grao_DSC_0419_id13.png,RGB_JPG_QUEBRADOS,RGB_JPG_QUEBRADOS
C:\Users\eduar\Desktop\Soybe-main\data\com_fundo\RGB_JPG_QUEBRADOS\grao_DSC_0419_id14.png,RGB_JPG_QUEBRADOS,RGB_JPG_QUEBRADOS
C:\Users\eduar\Desktop\Soybe-main\data\com_fundo\RGB_JPG_QUEBRADOS\grao_DSC_0419_id15.png,RGB_JPG_QUEBRADOS,RGB_JPG_QUEBRADOS
C:\Users\eduar\Desktop\Soybe-main\data\com_fundo\RGB_JPG_QUEBRADOS\grao_DSC_0419_id16.png,RGB_JPG_QUEBRADOS,RGB_JPG_QUEBRADOS
C:\Users\eduar\Desktop\Soybe-main\data\com_fundo\RGB_JPG_QUEBRADOS\grao_DSC_0419_id17.png,RGB_JPG_QUEBRADOS,RGB_JPG_QUEBRADOS
C:\Users\eduar\Desktop\Soybe-main\data\com_fundo\RGB_JPG_QUEBRADOS\grao_DSC_0419_id18.png,RGB_JPG_QUEBRADOS,RGB_JPG_QUEBRADOS
C:\Users\eduar\Desktop\Soybe-main\data\com_fundo\RGB_JPG_QUEBRADOS\grao_DSC_0419_id2.png,RGB_JPG_QUEBRADOS,RGB_JPG_QUEBRADOS
C:\Users\eduar\Desktop\Soybe-main\data\com_fundo\RGB_JPG_QUEBRADOS\grao_DSC_0419_id20.png,RGB_JPG_QUEBRADOS,RGB_JPG_QUEBRADOS
C:\Users\eduar\Desktop\Soybe-main\data\com_fundo\RGB_JPG_QUEBRADOS\grao_DSC_0419_id21.png,RGB_JPG_QUEBRADOS,RGB_JPG_QUEBRADOS
C:\Users\eduar\Desktop\Soybe-main\data\com_fundo\RGB_JPG_QUEBRADOS\grao_DSC_0419_id22.png,RGB_JPG_QUEBRADOS,RGB_JPG_QUEBRADOS
C:\Users\eduar\Desktop\Soybe-main\data\com_fundo\RGB_JPG_QUEBRADOS\grao_DSC_0419_id23.png,RGB_JPG_QUEBRADOS,RGB_JPG_QUEBRADOS
C:\Users\eduar\Desktop\Soybe-main\data\com_fundo\RGB_JPG_QUEBRADOS\grao_DSC_0419_id24.png,RGB_JPG_QUEBRADOS,RGB_JPG_QUEBRADOS
C:\Users\eduar\Desktop\Soybe-main\data\com_fundo\RGB_JPG_QUEBRADOS\grao_DSC_0419_id25.png,RGB_JPG_QUEBRADOS,RGB_JPG_QUEBRADOS
C:\Users\eduar\Desktop\Soybe-main\data\com_fundo\RGB_JPG_QUEBRADOS\grao_DSC_0419_id26.png,RGB_JPG_QUEBRADOS,RGB_JPG_QUEBRADOS
C:\Users\eduar\Desktop\Soybe-main\data\com_fundo\RGB_JPG_QUEBRADOS\grao_DSC_0419_id27.png,RGB_JPG_QUEBRADOS,RGB_JPG_QUEBRADOS
C:\Users\eduar\Desktop\Soybe-main\data\com_fundo\RGB_JPG_QUEBRADOS\grao_DSC_0419_id28.png,RGB_JPG_QUEBRADOS,RGB_JPG_QUEBRADOS
C:\Users\eduar\Desktop\Soybe-main\data\com_fundo\RGB_JPG_QUEBRADOS\grao_DSC_0419_id29.png,RGB_JPG_QUEBRADOS,RGB_JPG_QUEBRADOS
C:\Users\eduar\Desktop\Soybe-main\data\com_fundo\RGB_JPG_QUEBRADOS\grao_DSC_0419_id3.png,RGB_JPG_QUEBRADOS,RGB_JPG_QUEBRADOS
C:\Users\eduar\Desktop\Soybe-main\data\com_fundo\RGB_JPG_QUEBRADOS\grao_DSC_0419_id30.png,RGB_JPG_QUEBRADOS,RGB_JPG_QUEBRADOS
C:\Users\eduar\Desktop\Soybe-main\data\com_fundo\RGB_JPG_QUEBRADOS\grao_DSC_0419_id31.png,RGB_JPG_QUEBRADOS,RGB_JPG_QUEBRADOS
C:\Users\eduar\Desktop\Soybe-main\data\com_fundo\RGB_JPG_QUEBRADOS\grao_DSC_0419_id32.png,RGB_JPG_QUEBRADOS,RGB_JPG_QUEBRADOS
C:\Users\eduar\Desktop\Soybe-main\data\com_fundo\RGB_JPG_QUEBRADOS\grao_DSC_0419_id33.png,RGB_JPG_QUEBRADOS,RGB_JPG_QUEBRADOS
C:\Users\eduar\Desktop\Soybe-main\data\com_fundo\RGB_JPG_QUEBRADOS\grao_DSC_0419_id34.png,RGB_JPG_QUEBRADOS,RGB_JPG_QUEBRADOS
C:\Users\eduar\Desktop\Soybe-main\data\com_fundo\RGB_JPG_QUEBRADOS\grao_DSC_0419_id35.png,RGB_JPG_QUEBRADOS,RGB_JPG_QUEBRADOS
C:\Users\eduar\Desktop\Soybe-main\data\com_fundo\RGB_JPG_QUEBRADOS\grao_DSC_0419_id36.png,RGB_JPG_QUEBRADOS,RGB_JPG_QUEBRADOS
C:\Users\eduar\Desktop\Soybe-main\data\com_fundo\RGB_JPG_QUEBRADOS\grao_DSC_0419_id37.png,RGB_JPG_QUEBRADOS,RGB_JPG_QUEBRADOS
C:\Users\eduar\Desktop\Soybe-main\data\com_fundo\RGB_JPG_QUEBRADOS\grao_DSC_0419_id38.png,RGB_JPG_QUEBRADOS,RGB_JPG_QUEBRADOS
C:\Users\eduar\Desktop\Soybe-main\data\com_fundo\RGB_JPG_QUEBRADOS\grao_DSC_0419_id39.png,RGB_JPG_QUEBRADOS,RGB_JPG_QUEBRADOS
C:\Users\eduar\Desktop\Soybe-main\data\com_fundo\RGB_JPG_QUEBRADOS\grao_DSC_0419_id4.png,RGB_JPG_QUEBRADOS,RGB_JPG_QUEBRADOS
C:\Users\eduar\Desktop\Soybe-main\data\com_fundo\RGB_JPG_QUEBRADOS\grao_DSC_0419_id41.png,RGB_JPG_QUEBRADOS,RGB_JPG_QUEBRADOS
C:\Users\eduar\Desktop\Soybe-main\data\com_fundo\RGB_JPG_QUEBRADOS\grao_DSC_0419_id42.png,RGB_JPG_QUEBRADOS,RGB_JPG_QUEBRADOS
C:\Users\eduar\Desktop\Soybe-main\data\com_fundo\RGB_JPG_QUEBRADOS\grao_DSC_0419_id43.png,RGB_JPG_QUEBRADOS,RGB_JPG_QUEBRADOS
C:\Users\eduar\Desktop\Soybe-main\data\com_fundo\RGB_JPG_QUEBRADOS\grao_DSC_0419_id44.png,RGB_JPG_QUEBRADOS,RGB_JPG_IMPUREZAS
C:\Users\eduar\Desktop\Soybe-main\data\com_fundo\RGB_JPG_QUEBRADOS\grao_DSC_0419_id45.png,RGB_JPG_QUEBRADOS,RGB_JPG_QUEBRADOS
C:\Users\eduar\Desktop\Soybe-main\data\com_fundo\RGB_JPG_QUEBRADOS\grao_DSC_0419_id46.png,RGB_JPG_QUEBRADOS,RGB_JPG_CHOCHOS
C:\Users\eduar\Desktop\Soybe-main\data\com_fundo\RGB_JPG_QUEBRADOS\grao_DSC_0419_id47.png,RGB_JPG_QUEBRADOS,RGB_JPG_QUEBRADOS
C:\Users\eduar\Desktop\Soybe-main\data\com_fundo\RGB_JPG_QUEBRADOS\grao_DSC_0419_id48.png,RGB_JPG_QUEBRADOS,RGB_JPG_QUEBRADOS
C:\Users\eduar\Desktop\Soybe-main\data\com_fundo\RGB_JPG_QUEBRADOS\grao_DSC_0419_id49.png,RGB_JPG_QUEBRADOS,RGB_JPG_QUEBRADOS
C:\Users\eduar\Desktop\Soybe-main\data\com_fundo\RGB_JPG_QUEBRADOS\grao_DSC_0419_id5.png,RGB_JPG_QUEBRADOS,RGB_JPG_QUEBRADOS
C:\Users\eduar\Desktop\Soybe-main\data\com_fundo\RGB_JPG_QUEBRADOS\grao_DSC_0419_id50.png,RGB_JPG_QUEBRADOS,RGB_JPG_QUEBRADOS
C:\Users\eduar\Desktop\Soybe-main\data\com_fundo\RGB_JPG_QUEBRADOS\grao_DSC_0419_id51.png,RGB_JPG_QUEBRADOS,RGB_JPG_QUEBRADOS
C:\Users\eduar\Desktop\Soybe-main\data\com_fundo\RGB_JPG_QUEBRADOS\grao_DSC_0419_id53.png,RGB_JPG_QUEBRADOS,RGB_JPG_QUEBRADOS
C:\Users\eduar\Desktop\Soybe-main\data\com_fundo\RGB_JPG_QUEBRADOS\grao_DSC_0419_id54.png,RGB_JPG_QUEBRADOS,RGB_JPG_QUEBRADOS
C:\Users\eduar\Desktop\Soybe-main\data\com_fundo\RGB_JPG_QUEBRADOS\grao_DSC_0419_id55.png,RGB_JPG_QUEBRADOS,RGB_JPG_QUEBRADOS
C:\Users\eduar\Desktop\Soybe-main\data\com_fundo\RGB_JPG_QUEBRADOS\grao_DSC_0419_id56.png,RGB_JPG_QUEBRADOS,RGB_JPG_QUEBRADOS
C:\Users\eduar\Desktop\Soybe-main\data\com_fundo\RGB_JPG_QUEBRADOS\grao_DSC_0419_id57.png,RGB_JPG_QUEBRADOS,RGB_JPG_QUEBRADOS
C:\Users\eduar\Desktop\Soybe-main\data\com_fundo\RGB_JPG_QUEBRADOS\grao_DSC_0419_id58.png,RGB_JPG_QUEBRADOS,RGB_JPG_QUEBRADOS
C:\Users\eduar\Desktop\Soybe-main\data\com_fundo\RGB_JPG_QUEBRADOS\grao_DSC_0419_id59.png,RGB_JPG_QUEBRADOS,RGB_JPG_QUEBRADOS
C:\Users\eduar\Desktop\Soybe-main\data\com_fundo\RGB_JPG_QUEBRADOS\grao_DSC_0419_id6.png,RGB_JPG_QUEBRADOS,RGB_JPG_QUEBRADOS
C:\Users\eduar\Desktop\Soybe-main\data\com_fundo\RGB_JPG_QUEBRADOS\grao_DSC_0419_id60.png,RGB_JPG_QUEBRADOS,RGB_JPG_QUEBRADOS
C:\Users\eduar\Desktop\Soybe-main\data\com_fundo\RGB_JPG_QUEBRADOS\grao_DSC_0419_id61.png,RGB_JPG_QUEBRADOS,RGB_JPG_QUEBRADOS
C:\Users\eduar\Desktop\Soybe-main\data\com_fundo\RGB_JPG_QUEBRADOS\grao_DSC_0419_id62.png,RGB_JPG_QUEBRADOS,RGB_JPG_QUEBRADOS
C:\Users\eduar\Desktop\Soybe-main\data\com_fundo\RGB_JPG_QUEBRADOS\grao_DSC_0419_id63.png,RGB_JPG_QUEBRADOS,RGB_JPG_QUEBRADOS
C:\Users\eduar\Desktop\Soybe-main\data\com_fundo\RGB_JPG_QUEBRADOS\grao_DSC_0419_id64.png,RGB_JPG_QUEBRADOS,RGB_JPG_QUEBRADOS
C:\Users\eduar\Desktop\Soybe-main\data\com_fundo\RGB_JPG_QUEBRADOS\grao_DSC_0419_id65.png,RGB_JPG_QUEBRADOS,RGB_JPG_QUEBRADOS
C:\Users\eduar\Desktop\Soybe-main\data\com_fundo\RGB_JPG_QUEBRADOS\grao_DSC_0419_id66.png,RGB_JPG_QUEBRADOS,RGB_JPG_QUEBRADOS
C:\Users\eduar\Desktop\Soybe-main\data\com_fundo\RGB_JPG_QUEBRADOS\grao_DSC_0419_id68.png,RGB_JPG_QUEBRADOS,RGB_JPG_QUEBRADOS
C:\Users\eduar\Desktop\Soybe-main\data\com_fundo\RGB_JPG_QUEBRADOS\grao_DSC_0419_id69.png,RGB_JPG_QUEBRADOS,RGB_JPG_QUEBRADOS
C:\Users\eduar\Desktop\Soybe-main\data\com_fundo\RGB_JPG_QUEBRADOS\grao_DSC_0419_id7.png,RGB_JPG_QUEBRADOS,RGB_JPG_QUEBRADOS
C:\Users\eduar\Desktop\Soybe-main\data\com_fundo\RGB_JPG_QUEBRADOS\grao_DSC_0419_id70.png,RGB_JPG_QUEBRADOS,RGB_JPG_QUEBRADOS
C:\Users\eduar\Desktop\Soybe-main\data\com_fundo\RGB_JPG_QUEBRADOS\grao_DSC_0419_id71.png,RGB_JPG_QUEBRADOS,RGB_JPG_QUEBRADOS
C:\Users\eduar\Desktop\Soybe-main\data\com_fundo\RGB_JPG_QUEBRADOS\grao_DSC_0419_id72.png,RGB_JPG_QUEBRADOS,RGB_JPG_QUEBRADOS
C:\Users\eduar\Desktop\Soybe-main\data\com_fundo\RGB_JPG_QUEBRADOS\grao_DSC_0419_id73.png,RGB_JPG_QUEBRADOS,RGB_JPG_CHOCHOS
C:\Users\eduar\Desktop\Soybe-main\data\com_fundo\RGB_JPG_QUEBRADOS\grao_DSC_0419_id74.png,RGB_JPG_QUEBRADOS,RGB_JPG_QUEBRADOS
C:\Users\eduar\Desktop\Soybe-main\data\com_fundo\RGB_JPG_QUEBRADOS\grao_DSC_0419_id75.png,RGB_JPG_QUEBRADOS,RGB_JPG_QUEBRADOS
C:\Users\eduar\Desktop\Soybe-main\data\com_fundo\RGB_JPG_QUEBRADOS\grao_DSC_0419_id76.png,RGB_JPG_QUEBRADOS,RGB_JPG_QUEBRADOS
C:\Users\eduar\Desktop\Soybe-main\data\com_fundo\RGB_JPG_QUEBRADOS\grao_DSC_0419_id77.png,RGB_JPG_QUEBRADOS,RGB_JPG_QUEBRADOS
C:\Users\eduar\Desktop\Soybe-main\data\com_fundo\RGB_JPG_QUEBRADOS\grao_DSC_0419_id78.png,RGB_JPG_QUEBRADOS,RGB_JPG_QUEBRADOS
C:\Users\eduar\Desktop\Soybe-main\data\com_fundo\RGB_JPG_QUEBRADOS\grao_DSC_0419_id79.png,RGB_JPG_QUEBRADOS,RGB_JPG_QUEBRADOS
C:\Users\eduar\Desktop\Soybe-main\data\com_fundo\RGB_JPG_QUEBRADOS\grao_DSC_0419_id8.png,RGB_JPG_QUEBRADOS,RGB_JPG_QUEBRADOS
C:\Users\eduar\Desktop\Soybe-main\data\com_fundo\RGB_JPG_QUEBRADOS\grao_DSC_0419_id80.png,RGB_JPG_QUEBRADOS,RGB_JPG_QUEBRADOS
C:\Users\eduar\Desktop\Soybe-main\data\com_fundo\RGB_JPG_QUEBRADOS\grao_DSC_0419_id81.png,RGB_JPG_QUEBRADOS,RGB_JPG_CHOCHOS
C:\Users\eduar\Desktop\Soybe-main\data\com_fundo\RGB_JPG_QUEBRADOS\grao_DSC_0419_id82.png,RGB_JPG_QUEBRADOS,RGB_JPG_QUEBRADOS
C:\Users\eduar\Desktop\Soybe-main\data\com_fundo\RGB_JPG_QUEBRADOS\grao_DSC_0419_id83.png,RGB_JPG_QUEBRADOS,RGB_JPG_QUEBRADOS
C:\Users\eduar\Desktop\Soybe-main\data\com_fundo\RGB_JPG_QUEBRADOS\grao_DSC_0419_id84.png,RGB_JPG_QUEBRADOS,RGB_JPG_ESVERDEADO
C:\Users\eduar\Desktop\Soybe-main\data\com_fundo\RGB_JPG_QUEBRADOS\grao_DSC_0419_id85.png,RGB_JPG_QUEBRADOS,RGB_JPG_QUEBRADOS
C:\Users\eduar\Desktop\Soybe-main\data\com_fundo\RGB_JPG_QUEBRADOS\grao_DSC_0419_id86.png,RGB_JPG_QUEBRADOS,RGB_JPG_QUEBRADOS
C:\Users\eduar\Desktop\Soybe-main\data\com_fundo\RGB_JPG_QUEBRADOS\grao_DSC_0419_id9.png,RGB_JPG_QUEBRADOS,RGB_JPG_QUEBRADOS
C:\Users\eduar\Desktop\Soybe-main\data\com_fundo\RGB_JPG_QUEBRADOS\grao_DSC_0452_id10.png,RGB_JPG_QUEBRADOS,RGB_JPG_QUEBRADOS
C:\Users\eduar\Desktop\Soybe-main\data\com_fundo\RGB_JPG_QUEBRADOS\grao_DSC_0452_id11.png,RGB_JPG_QUEBRADOS,RGB_JPG_QUEBRADOS
C:\Users\eduar\Desktop\Soybe-main\data\com_fundo\RGB_JPG_QUEBRADOS\grao_DSC_0452_id12.png,RGB_JPG_QUEBRADOS,RGB_JPG_QUEBRADOS
C:\Users\eduar\Desktop\Soybe-main\data\com_fundo\RGB_JPG_QUEBRADOS\grao_DSC_0452_id13.png,RGB_JPG_QUEBRADOS,RGB_JPG_QUEBRADOS
C:\Users\eduar\Desktop\Soybe-main\data\com_fundo\RGB_JPG_QUEBRADOS\grao_DSC_0452_id14.png,RGB_JPG_QUEBRADOS,RGB_JPG_QUEBRADOS
C:\Users\eduar\Desktop\Soybe-main\data\com_fundo\RGB_JPG_QUEBRADOS\grao_DSC_0452_id15.png,RGB_JPG_QUEBRADOS,RGB_JPG_QUEBRADOS
C:\Users\eduar\Desktop\Soybe-main\data\com_fundo\RGB_JPG_QUEBRADOS\grao_DSC_0452_id16.png,RGB_JPG_QUEBRADOS,RGB_JPG_QUEBRADOS
C:\Users\eduar\Desktop\Soybe-main\data\com_fundo\RGB_JPG_QUEBRADOS\grao_DSC_0452_id17.png,RGB_JPG_QUEBRADOS,RGB_JPG_QUEBRADOS
C:\Users\eduar\Desktop\Soybe-main\data\com_fundo\RGB_JPG_QUEBRADOS\grao_DSC_0452_id18.png,RGB_JPG_QUEBRADOS,RGB_JPG_QUEBRADOS
C:\Users\eduar\Desktop\Soybe-main\data\com_fundo\RGB_JPG_QUEBRADOS\grao_DSC_0452_id19.png,RGB_JPG_QUEBRADOS,RGB_JPG_QUEBRADOS
C:\Users\eduar\Desktop\Soybe-main\data\com_fundo\RGB_JPG_QUEBRADOS\grao_DSC_0452_id2.png,RGB_JPG_QUEBRADOS,RGB_JPG_IMPUREZAS
C:\Users\eduar\Desktop\Soybe-main\data\com_fundo\RGB_JPG_QUEBRADOS\grao_DSC_0452_id20.png,RGB_JPG_QUEBRADOS,RGB_JPG_QUEBRADOS
C:\Users\eduar\Desktop\Soybe-main\data\com_fundo\RGB_JPG_QUEBRADOS\grao_DSC_0452_id21.png,RGB_JPG_QUEBRADOS,RGB_JPG_QUEBRADOS
C:\Users\eduar\Desktop\Soybe-main\data\com_fundo\RGB_JPG_QUEBRADOS\grao_DSC_0452_id22.png,RGB_JPG_QUEBRADOS,RGB_JPG_QUEBRADOS
C:\Users\eduar\Desktop\Soybe-main\data\com_fundo\RGB_JPG_QUEBRADOS\grao_DSC_0452_id23.png,RGB_JPG_QUEBRADOS,RGB_JPG_QUEBRADOS
C:\Users\eduar\Desktop\Soybe-main\data\com_fundo\RGB_JPG_QUEBRADOS\grao_DSC_0452_id24.png,RGB_JPG_QUEBRADOS,RGB_JPG_QUEBRADOS
C:\Users\eduar\Desktop\Soybe-main\data\com_fundo\RGB_JPG_QUEBRADOS\grao_DSC_0452_id26.png,RGB_JPG_QUEBRADOS,RGB_JPG_QUEBRADOS
C:\Users\eduar\Desktop\Soybe-main\data\com_fundo\RGB_JPG_QUEBRADOS\grao_DSC_0452_id27.png,RGB_JPG_QUEBRADOS,RGB_JPG_QUEBRADOS
C:\Users\eduar\Desktop\Soybe-main\data\com_fundo\RGB_JPG_QUEBRADOS\grao_DSC_0452_id28.png,RGB_JPG_QUEBRADOS,RGB_JPG_QUEBRADOS
C:\Users\eduar\Desktop\Soybe-main\data\com_fundo\RGB_JPG_QUEBRADOS\grao_DSC_0452_id29.png,RGB_JPG_QUEBRADOS,RGB_JPG_QUEBRADOS
C:\Users\eduar\Desktop\Soybe-main\data\com_fundo\RGB_JPG_QUEBRADOS\grao_DSC_0452_id3.png,RGB_JPG_QUEBRADOS,RGB_JPG_QUEBRADOS
C:\Users\eduar\Desktop\Soybe-main\data\com_fundo\RGB_JPG_QUEBRADOS\grao_DSC_0452_id30.png,RGB_JPG_QUEBRADOS,RGB_JPG_QUEBRADOS
C:\Users\eduar\Desktop\Soybe-main\data\com_fundo\RGB_JPG_QUEBRADOS\grao_DSC_0452_id31.png,RGB_JPG_QUEBRADOS,RGB_JPG_QUEBRADOS
C:\Users\eduar\Desktop\Soybe-main\data\com_fundo\RGB_JPG_QUEBRADOS\grao_DSC_0452_id32.png,RGB_JPG_QUEBRADOS,RGB_JPG_QUEBRADOS
C:\Users\eduar\Desktop\Soybe-main\data\com_fundo\RGB_JPG_QUEBRADOS\grao_DSC_0452_id33.png,RGB_JPG_QUEBRADOS,RGB_JPG_QUEBRADOS
C:\Users\eduar\Desktop\Soybe-main\data\com_fundo\RGB_JPG_QUEBRADOS\grao_DSC_0452_id34.png,RGB_JPG_QUEBRADOS,RGB_JPG_QUEBRADOS
C:\Users\eduar\Desktop\Soybe-main\data\com_fundo\RGB_JPG_QUEBRADOS\grao_DSC_0452_id35.png,RGB_JPG_QUEBRADOS,RGB_JPG_QUEBRADOS
C:\Users\eduar\Desktop\Soybe-main\data\com_fundo\RGB_JPG_QUEBRADOS\grao_DSC_0452_id36.png,RGB_JPG_QUEBRADOS,RGB_JPG_QUEBRADOS
C:\Users\eduar\Desktop\Soybe-main\data\com_fundo\RGB_JPG_QUEBRADOS\grao_DSC_0452_id38.png,RGB_JPG_QUEBRADOS,RGB_JPG_QUEBRADOS
C:\Users\eduar\Desktop\Soybe-main\data\com_fundo\RGB_JPG_QUEBRADOS\grao_DSC_0452_id39.png,RGB_JPG_QUEBRADOS,RGB_JPG_QUEBRADOS
C:\Users\eduar\Desktop\Soybe-main\data\com_fundo\RGB_JPG_QUEBRADOS\grao_DSC_0452_id4.png,RGB_JPG_QUEBRADOS,RGB_JPG_QUEBRADOS
C:\Users\eduar\Desktop\Soybe-main\data\com_fundo\RGB_JPG_QUEBRADOS\grao_DSC_0452_id40.png,RGB_JPG_QUEBRADOS,RGB_JPG_QUEBRADOS
C:\Users\eduar\Desktop\Soybe-main\data\com_fundo\RGB_JPG_QUEBRADOS\grao_DSC_0452_id41.png,RGB_JPG_QUEBRADOS,RGB_JPG_QUEBRADOS
C:\Users\eduar\Desktop\Soybe-main\data\com_fundo\RGB_JPG_QUEBRADOS\grao_DSC_0452_id42.png,RGB_JPG_QUEBRADOS,RGB_JPG_QUEBRADOS
C:\Users\eduar\Desktop\Soybe-main\data\com_fundo\RGB_JPG_QUEBRADOS\grao_DSC_0452_id43.png,RGB_JPG_QUEBRADOS,RGB_JPG_QUEBRADOS
C:\Users\eduar\Desktop\Soybe-main\data\com_fundo\RGB_JPG_QUEBRADOS\grao_DSC_0452_id44.png,RGB_JPG_QUEBRADOS,RGB_JPG_QUEBRADOS
C:\Users\eduar\Desktop\Soybe-main\data\com_fundo\RGB_JPG_QUEBRADOS\grao_DSC_0452_id45.png,RGB_JPG_QUEBRADOS,RGB_JPG_QUEBRADOS
C:\Users\eduar\Desktop\Soybe-main\data\com_fundo\RGB_JPG_QUEBRADOS\grao_DSC_0452_id46.png,RGB_JPG_QUEBRADOS,RGB_JPG_QUEBRADOS
C:\Users\eduar\Desktop\Soybe-main\data\com_fundo\RGB_JPG_QUEBRADOS\grao_DSC_0452_id47.png,RGB_JPG_QUEBRADOS,RGB_JPG_QUEBRADOS
C:\Users\eduar\Desktop\Soybe-main\data\com_fundo\RGB_JPG_QUEBRADOS\grao_DSC_0452_id48.png,RGB_JPG_QUEBRADOS,RGB_JPG_QUEBRADOS
C:\Users\eduar\Desktop\Soybe-main\data\com_fundo\RGB_JPG_QUEBRADOS\grao_DSC_0452_id49.png,RGB_JPG_QUEBRADOS,RGB_JPG_QUEBRADOS
C:\Users\eduar\Desktop\Soybe-main\data\com_fundo\RGB_JPG_QUEBRADOS\grao_DSC_0452_id5.png,RGB_JPG_QUEBRADOS,RGB_JPG_QUEBRADOS
C:\Users\eduar\Desktop\Soybe-main\data\com_fundo\RGB_JPG_QUEBRADOS\grao_DSC_0452_id50.png,RGB_JPG_QUEBRADOS,RGB_JPG_QUEBRADOS
C:\Users\eduar\Desktop\Soybe-main\data\com_fundo\RGB_JPG_QUEBRADOS\grao_DSC_0452_id51.png,RGB_JPG_QUEBRADOS,RGB_JPG_QUEBRADOS
C:\Users\eduar\Desktop\Soybe-main\data\com_fundo\RGB_JPG_QUEBRADOS\grao_DSC_0452_id52.png,RGB_JPG_QUEBRADOS,RGB_JPG_QUEBRADOS
C:\Users\eduar\Desktop\Soybe-main\data\com_fundo\RGB_JPG_QUEBRADOS\grao_DSC_0452_id53.png,RGB_JPG_QUEBRADOS,RGB_JPG_Normais
C:\Users\eduar\Desktop\Soybe-main\data\com_fundo\RGB_JPG_QUEBRADOS\grao_DSC_0452_id54.png,RGB_JPG_QUEBRADOS,RGB_JPG_QUEBRADOS
C:\Users\eduar\Desktop\Soybe-main\data\com_fundo\RGB_JPG_QUEBRADOS\grao_DSC_0452_id55.png,RGB_JPG_QUEBRADOS,RGB_JPG_Normais
C:\Users\eduar\Desktop\Soybe-main\data\com_fundo\RGB_JPG_QUEBRADOS\grao_DSC_0452_id57.png,RGB_JPG_QUEBRADOS,RGB_JPG_QUEBRADOS
C:\Users\eduar\Desktop\Soybe-main\data\com_fundo\RGB_JPG_QUEBRADOS\grao_DSC_0452_id58.png,RGB_JPG_QUEBRADOS,RGB_JPG_QUEBRADOS
C:\Users\eduar\Desktop\Soybe-main\data\com_fundo\RGB_JPG_QUEBRADOS\grao_DSC_0452_id59.png,RGB_JPG_QUEBRADOS,RGB_JPG_QUEBRADOS
C:\Users\eduar\Desktop\Soybe-main\data\com_fundo\RGB_JPG_QUEBRADOS\grao_DSC_0452_id6.png,RGB_JPG_QUEBRADOS,RGB_JPG_QUEBRADOS
C:\Users\eduar\Desktop\Soybe-main\data\com_fundo\RGB_JPG_QUEBRADOS\grao_DSC_0452_id60.png,RGB_JPG_QUEBRADOS,RGB_JPG_QUEBRADOS
C:\Users\eduar\Desktop\Soybe-main\data\com_fundo\RGB_JPG_QUEBRADOS\grao_DSC_0452_id61.png,RGB_JPG_QUEBRADOS,RGB_JPG_QUEBRADOS
C:\Users\eduar\Desktop\Soybe-main\data\com_fundo\RGB_JPG_QUEBRADOS\grao_DSC_0452_id62.png,RGB_JPG_QUEBRADOS,RGB_JPG_QUEBRADOS
C:\Users\eduar\Desktop\Soybe-main\data\com_fundo\RGB_JPG_QUEBRADOS\grao_DSC_0452_id63.png,RGB_JPG_QUEBRADOS,RGB_JPG_QUEBRADOS
C:\Users\eduar\Desktop\Soybe-main\data\com_fundo\RGB_JPG_QUEBRADOS\grao_DSC_0452_id64.png,RGB_JPG_QUEBRADOS,RGB_JPG_QUEBRADOS
C:\Users\eduar\Desktop\Soybe-main\data\com_fundo\RGB_JPG_QUEBRADOS\grao_DSC_0452_id65.png,RGB_JPG_QUEBRADOS,RGB_JPG_QUEBRADOS
C:\Users\eduar\Desktop\Soybe-main\data\com_fundo\RGB_JPG_QUEBRADOS\grao_DSC_0452_id66.png,RGB_JPG_QUEBRADOS,RGB_JPG_QUEBRADOS
C:\Users\eduar\Desktop\Soybe-main\data\com_fundo\RGB_JPG_QUEBRADOS\grao_DSC_0452_id67.png,RGB_JPG_QUEBRADOS,RGB_JPG_QUEBRADOS
C:\Users\eduar\Desktop\Soybe-main\data\com_fundo\RGB_JPG_QUEBRADOS\grao_DSC_0452_id68.png,RGB_JPG_QUEBRADOS,RGB_JPG_QUEBRADOS
C:\Users\eduar\Desktop\Soybe-main\data\com_fundo\RGB_JPG_QUEBRADOS\grao_DSC_0452_id69.png,RGB_JPG_QUEBRADOS,RGB_JPG_QUEBRADOS
C:\Users\eduar\Desktop\Soybe-main\data\com_fundo\RGB_JPG_QUEBRADOS\grao_DSC_0452_id7.png,RGB_JPG_QUEBRADOS,RGB_JPG_QUEBRADOS
C:\Users\eduar\Desktop\Soybe-main\data\com_fundo\RGB_JPG_QUEBRADOS\grao_DSC_0452_id70.png,RGB_JPG_QUEBRADOS,RGB_JPG_QUEBRADOS
C:\Users\eduar\Desktop\Soybe-main\data\com_fundo\RGB_JPG_QUEBRADOS\grao_DSC_0452_id71.png,RGB_JPG_QUEBRADOS,RGB_JPG_QUEBRADOS
C:\Users\eduar\Desktop\Soybe-main\data\com_fundo\RGB_JPG_QUEBRADOS\grao_DSC_0452_id72.png,RGB_JPG_QUEBRADOS,RGB_JPG_QUEBRADOS
C:\Users\eduar\Desktop\Soybe-main\data\com_fundo\RGB_JPG_QUEBRADOS\grao_DSC_0452_id73.png,RGB_JPG_QUEBRADOS,RGB_JPG_QUEBRADOS
C:\Users\eduar\Desktop\Soybe-main\data\com_fundo\RGB_JPG_QUEBRADOS\grao_DSC_0452_id74.png,RGB_JPG_QUEBRADOS,RGB_JPG_QUEBRADOS
C:\Users\eduar\Desktop\Soybe-main\data\com_fundo\RGB_JPG_QUEBRADOS\grao_DSC_0452_id75.png,RGB_JPG_QUEBRADOS,RGB_JPG_QUEBRADOS
C:\Users\eduar\Desktop\Soybe-main\data\com_fundo\RGB_JPG_QUEBRADOS\grao_DSC_0452_id76.png,RGB_JPG_QUEBRADOS,RGB_JPG_QUEBRADOS
C:\Users\eduar\Desktop\Soybe-main\data\com_fundo\RGB_JPG_QUEBRADOS\grao_DSC_0452_id77.png,RGB_JPG_QUEBRADOS,RGB_JPG_QUEBRADOS
C:\Users\eduar\Desktop\Soybe-main\data\com_fundo\RGB_JPG_QUEBRADOS\grao_DSC_0452_id78.png,RGB_JPG_QUEBRADOS,RGB_JPG_QUEBRADOS
C:\Users\eduar\Desktop\Soybe-main\data\com_fundo\RGB_JPG_QUEBRADOS\grao_DSC_0452_id79.png,RGB_JPG_QUEBRADOS,RGB_JPG_QUEBRADOS
C:\Users\eduar\Desktop\Soybe-main\data\com_fundo\RGB_JPG_QUEBRADOS\grao_DSC_0452_id8.png,RGB_JPG_QUEBRADOS,RGB_JPG_QUEBRADOS
C:\Users\eduar\Desktop\Soybe-main\data\com_fundo\RGB_JPG_QUEBRADOS\grao_DSC_0452_id80.png,RGB_JPG_QUEBRADOS,RGB_JPG_QUEBRADOS
C:\Users\eduar\Desktop\Soybe-main\data\com_fundo\RGB_JPG_QUEBRADOS\grao_DSC_0452_id81.png,RGB_JPG_QUEBRADOS,RGB_JPG_QUEBRADOS
C:\Users\eduar\Desktop\Soybe-main\data\com_fundo\RGB_JPG_QUEBRADOS\grao_DSC_0452_id82.png,RGB_JPG_QUEBRADOS,RGB_JPG_QUEBRADOS
C:\Users\eduar\Desktop\Soybe-main\data\com_fundo\RGB_JPG_QUEBRADOS\grao_DSC_0452_id83.png,RGB_JPG_QUEBRADOS,RGB_JPG_QUEBRADOS
C:\Users\eduar\Desktop\Soybe-main\data\com_fundo\RGB_JPG_QUEBRADOS\grao_DSC_0452_id9.png,RGB_JPG_QUEBRADOS,RGB_JPG_QUEBRADOS
C:\Users\eduar\Desktop\Soybe-main\data\com_fundo\RGB_JPG_QUEBRADOS\grao_DSC_0456_id1.png,RGB_JPG_QUEBRADOS,RGB_JPG_QUEBRADOS
C:\Users\eduar\Desktop\Soybe-main\data\com_fundo\RGB_JPG_QUEBRADOS\grao_DSC_0456_id11.png,RGB_JPG_QUEBRADOS,RGB_JPG_QUEBRADOS
C:\Users\eduar\Desktop\Soybe-main\data\com_fundo\RGB_JPG_QUEBRADOS\grao_DSC_0456_id12.png,RGB_JPG_QUEBRADOS,RGB_JPG_QUEBRADOS
C:\Users\eduar\Desktop\Soybe-main\data\com_fundo\RGB_JPG_QUEBRADOS\grao_DSC_0456_id13.png,RGB_JPG_QUEBRADOS,RGB_JPG_QUEBRADOS
C:\Users\eduar\Desktop\Soybe-main\data\com_fundo\RGB_JPG_QUEBRADOS\grao_DSC_0456_id14.png,RGB_JPG_QUEBRADOS,RGB_JPG_QUEBRADOS
C:\Users\eduar\Desktop\Soybe-main\data\com_fundo\RGB_JPG_QUEBRADOS\grao_DSC_0456_id15.png,RGB_JPG_QUEBRADOS,RGB_JPG_QUEBRADOS
C:\Users\eduar\Desktop\Soybe-main\data\com_fundo\RGB_JPG_QUEBRADOS\grao_DSC_0456_id16.png,RGB_JPG_QUEBRADOS,RGB_JPG_QUEBRADOS
C:\Users\eduar\Desktop\Soybe-main\data\com_fundo\RGB_JPG_QUEBRADOS\grao_DSC_0456_id17.png,RGB_JPG_QUEBRADOS,RGB_JPG_QUEBRADOS
C:\Users\eduar\Desktop\Soybe-main\data\com_fundo\RGB_JPG_QUEBRADOS\grao_DSC_0456_id18.png,RGB_JPG_QUEBRADOS,RGB_JPG_Normais
C:\Users\eduar\Desktop\Soybe-main\data\com_fundo\RGB_JPG_QUEBRADOS\grao_DSC_0456_id19.png,RGB_JPG_QUEBRADOS,RGB_JPG_QUEBRADOS
C:\Users\eduar\Desktop\Soybe-main\data\com_fundo\RGB_JPG_QUEBRADOS\grao_DSC_0456_id2.png,RGB_JPG_QUEBRADOS,RGB_JPG_QUEBRADOS
C:\Users\eduar\Desktop\Soybe-main\data\com_fundo\RGB_JPG_QUEBRADOS\grao_DSC_0456_id20.png,RGB_JPG_QUEBRADOS,RGB_JPG_QUEBRADOS
C:\Users\eduar\Desktop\Soybe-main\data\com_fundo\RGB_JPG_QUEBRADOS\grao_DSC_0456_id23.png,RGB_JPG_QUEBRADOS,RGB_JPG_QUEBRADOS
C:\Users\eduar\Desktop\Soybe-main\data\com_fundo\RGB_JPG_QUEBRADOS\grao_DSC_0456_id24.png,RGB_JPG_QUEBRADOS,RGB_JPG_QUEBRADOS
C:\Users\eduar\Desktop\Soybe-main\data\com_fundo\RGB_JPG_QUEBRADOS\grao_DSC_0456_id25.png,RGB_JPG_QUEBRADOS,RGB_JPG_QUEBRADOS
C:\Users\eduar\Desktop\Soybe-main\data\com_fundo\RGB_JPG_QUEBRADOS\grao_DSC_0456_id26.png,RGB_JPG_QUEBRADOS,RGB_JPG_QUEBRADOS
C:\Users\eduar\Desktop\Soybe-main\data\com_fundo\RGB_JPG_QUEBRADOS\grao_DSC_0456_id27.png,RGB_JPG_QUEBRADOS,RGB_JPG_QUEBRADOS
C:\Users\eduar\Desktop\Soybe-main\data\com_fundo\RGB_JPG_QUEBRADOS\grao_DSC_0456_id29.png,RGB_JPG_QUEBRADOS,RGB_JPG_QUEBRADOS
C:\Users\eduar\Desktop\Soybe-main\data\com_fundo\RGB_JPG_QUEBRADOS\grao_DSC_0456_id3.png,RGB_JPG_QUEBRADOS,RGB_JPG_QUEBRADOS
C:\Users\eduar\Desktop\Soybe-main\data\com_fundo\RGB_JPG_QUEBRADOS\grao_DSC_0456_id30.png,RGB_JPG_QUEBRADOS,RGB_JPG_Normais
C:\Users\eduar\Desktop\Soybe-main\data\com_fundo\RGB_JPG_QUEBRADOS\grao_DSC_0456_id31.png,RGB_JPG_QUEBRADOS,RGB_JPG_QUEBRADOS
C:\Users\eduar\Desktop\Soybe-main\data\com_fundo\RGB_JPG_QUEBRADOS\grao_DSC_0456_id32.png,RGB_JPG_QUEBRADOS,RGB_JPG_QUEBRADOS
C:\Users\eduar\Desktop\Soybe-main\data\com_fundo\RGB_JPG_QUEBRADOS\grao_DSC_0456_id33.png,RGB_JPG_QUEBRADOS,RGB_JPG_QUEBRADOS
C:\Users\eduar\Desktop\Soybe-main\data\com_fundo\RGB_JPG_QUEBRADOS\grao_DSC_0456_id34.png,RGB_JPG_QUEBRADOS,RGB_JPG_QUEBRADOS
C:\Users\eduar\Desktop\Soybe-main\data\com_fundo\RGB_JPG_QUEBRADOS\grao_DSC_0456_id35.png,RGB_JPG_QUEBRADOS,RGB_JPG_QUEBRADOS
C:\Users\eduar\Desktop\Soybe-main\data\com_fundo\RGB_JPG_QUEBRADOS\grao_DSC_0456_id36.png,RGB_JPG_QUEBRADOS,RGB_JPG_QUEBRADOS
C:\Users\eduar\Desktop\Soybe-main\data\com_fundo\RGB_JPG_QUEBRADOS\grao_DSC_0456_id37.png,RGB_JPG_QUEBRADOS,RGB_JPG_QUEBRADOS
C:\Users\eduar\Desktop\Soybe-main\data\com_fundo\RGB_JPG_QUEBRADOS\grao_DSC_0456_id38.png,RGB_JPG_QUEBRADOS,RGB_JPG_QUEBRADOS
C:\Users\eduar\Desktop\Soybe-main\data\com_fundo\RGB_JPG_QUEBRADOS\grao_DSC_0456_id39.png,RGB_JPG_QUEBRADOS,RGB_JPG_QUEBRADOS
C:\Users\eduar\Desktop\Soybe-main\data\com_fundo\RGB_JPG_QUEBRADOS\grao_DSC_0456_id4.png,RGB_JPG_QUEBRADOS,RGB_JPG_QUEBRADOS
C:\Users\eduar\Desktop\Soybe-main\data\com_fundo\RGB_JPG_QUEBRADOS\grao_DSC_0456_id40.png,RGB_JPG_QUEBRADOS,RGB_JPG_QUEBRADOS
C:\Users\eduar\Desktop\Soybe-main\data\com_fundo\RGB_JPG_QUEBRADOS\grao_DSC_0456_id41.png,RGB_JPG_QUEBRADOS,RGB_JPG_QUEBRADOS
C:\Users\eduar\Desktop\Soybe-main\data\com_fundo\RGB_JPG_QUEBRADOS\grao_DSC_0456_id42.png,RGB_JPG_QUEBRADOS,RGB_JPG_QUEBRADOS
C:\Users\eduar\Desktop\Soybe-main\data\com_fundo\RGB_JPG_QUEBRADOS\grao_DSC_0456_id43.png,RGB_JPG_QUEBRADOS,RGB_JPG_QUEBRADOS
C:\Users\eduar\Desktop\Soybe-main\data\com_fundo\RGB_JPG_QUEBRADOS\grao_DSC_0456_id44.png,RGB_JPG_QUEBRADOS,RGB_JPG_QUEBRADOS
C:\Users\eduar\Desktop\Soybe-main\data\com_fundo\RGB_JPG_QUEBRADOS\grao_DSC_0456_id45.png,RGB_JPG_QUEBRADOS,RGB_JPG_QUEBRADOS
C:\Users\eduar\Desktop\Soybe-main\data\com_fundo\RGB_JPG_QUEBRADOS\grao_DSC_0456_id46.png,RGB_JPG_QUEBRADOS,RGB_JPG_QUEBRADOS
C:\Users\eduar\Desktop\Soybe-main\data\com_fundo\RGB_JPG_QUEBRADOS\grao_DSC_0456_id47.png,RGB_JPG_QUEBRADOS,RGB_JPG_QUEBRADOS
C:\Users\eduar\Desktop\Soybe-main\data\com_fundo\RGB_JPG_QUEBRADOS\grao_DSC_0456_id48.png,RGB_JPG_QUEBRADOS,RGB_JPG_QUEBRADOS
C:\Users\eduar\Desktop\Soybe-main\data\com_fundo\RGB_JPG_QUEBRADOS\grao_DSC_0456_id49.png,RGB_JPG_QUEBRADOS,RGB_JPG_QUEBRADOS
C:\Users\eduar\Desktop\Soybe-main\data\com_fundo\RGB_JPG_QUEBRADOS\grao_DSC_0456_id5.png,RGB_JPG_QUEBRADOS,RGB_JPG_QUEBRADOS
C:\Users\eduar\Desktop\Soybe-main\data\com_fundo\RGB_JPG_QUEBRADOS\grao_DSC_0456_id50.png,RGB_JPG_QUEBRADOS,RGB_JPG_QUEBRADOS
C:\Users\eduar\Desktop\Soybe-main\data\com_fundo\RGB_JPG_QUEBRADOS\grao_DSC_0456_id51.png,RGB_JPG_QUEBRADOS,RGB_JPG_QUEBRADOS
C:\Users\eduar\Desktop\Soybe-main\data\com_fundo\RGB_JPG_QUEBRADOS\grao_DSC_0456_id52.png,RGB_JPG_QUEBRADOS,RGB_JPG_QUEBRADOS
C:\Users\eduar\Desktop\Soybe-main\data\com_fundo\RGB_JPG_QUEBRADOS\grao_DSC_0456_id53.png,RGB_JPG_QUEBRADOS,RGB_JPG_QUEBRADOS
C:\Users\eduar\Desktop\Soybe-main\data\com_fundo\RGB_JPG_QUEBRADOS\grao_DSC_0456_id54.png,RGB_JPG_QUEBRADOS,RGB_JPG_QUEBRADOS
C:\Users\eduar\Desktop\Soybe-main\data\com_fundo\RGB_JPG_QUEBRADOS\grao_DSC_0456_id55.png,RGB_JPG_QUEBRADOS,RGB_JPG_QUEBRADOS
C:\Users\eduar\Desktop\Soybe-main\data\com_fundo\RGB_JPG_QUEBRADOS\grao_DSC_0456_id56.png,RGB_JPG_QUEBRADOS,RGB_JPG_QUEBRADOS
C:\Users\eduar\Desktop\Soybe-main\data\com_fundo\RGB_JPG_QUEBRADOS\grao_DSC_0456_id57.png,RGB_JPG_QUEBRADOS,RGB_JPG_QUEBRADOS
C:\Users\eduar\Desktop\Soybe-main\data\com_fundo\RGB_JPG_QUEBRADOS\grao_DSC_0456_id58.png,RGB_JPG_QUEBRADOS,RGB_JPG_QUEBRADOS
C:\Users\eduar\Desktop\Soybe-main\data\com_fundo\RGB_JPG_QUEBRADOS\grao_DSC_0456_id59.png,RGB_JPG_QUEBRADOS,RGB_JPG_QUEBRADOS
C:\Users\eduar\Desktop\Soybe-main\data\com_fundo\RGB_JPG_QUEBRADOS\grao_DSC_0456_id6.png,RGB_JPG_QUEBRADOS,RGB_JPG_QUEBRADOS
C:\Users\eduar\Desktop\Soybe-main\data\com_fundo\RGB_JPG_QUEBRADOS\grao_DSC_0456_id60.png,RGB_JPG_QUEBRADOS,RGB_JPG_QUEBRADOS
C:\Users\eduar\Desktop\Soybe-main\data\com_fundo\RGB_JPG_QUEBRADOS\grao_DSC_0456_id61.png,RGB_JPG_QUEBRADOS,RGB_JPG_QUEBRADOS
C:\Users\eduar\Desktop\Soybe-main\data\com_fundo\RGB_JPG_QUEBRADOS\grao_DSC_0456_id62.png,RGB_JPG_QUEBRADOS,RGB_JPG_QUEBRADOS
C:\Users\eduar\Desktop\Soybe-main\data\com_fundo\RGB_JPG_QUEBRADOS\grao_DSC_0456_id63.png,RGB_JPG_QUEBRADOS,RGB_JPG_QUEBRADOS
C:\Users\eduar\Desktop\Soybe-main\data\com_fundo\RGB_JPG_QUEBRADOS\grao_DSC_0456_id64.png,RGB_JPG_QUEBRADOS,RGB_JPG_QUEBRADOS
C:\Users\eduar\Desktop\Soybe-main\data\com_fundo\RGB_JPG_QUEBRADOS\grao_DSC_0456_id65.png,RGB_JPG_QUEBRADOS,RGB_JPG_QUEBRADOS
C:\Users\eduar\Desktop\Soybe-main\data\com_fundo\RGB_JPG_QUEBRADOS\grao_DSC_0456_id66.png,RGB_JPG_QUEBRADOS,RGB_JPG_QUEBRADOS
C:\Users\eduar\Desktop\Soybe-main\data\com_fundo\RGB_JPG_QUEBRADOS\grao_DSC_0456_id67.png,RGB_JPG_QUEBRADOS,RGB_JPG_QUEBRADOS
C:\Users\eduar\Desktop\Soybe-main\data\com_fundo\RGB_JPG_QUEBRADOS\grao_DSC_0456_id68.png,RGB_JPG_QUEBRADOS,RGB_JPG_QUEBRADOS
C:\Users\eduar\Desktop\Soybe-main\data\com_fundo\RGB_JPG_QUEBRADOS\grao_DSC_0456_id69.png,RGB_JPG_QUEBRADOS,RGB_JPG_QUEBRADOS
C:\Users\eduar\Desktop\Soybe-main\data\com_fundo\RGB_JPG_QUEBRADOS\grao_DSC_0456_id7.png,RGB_JPG_QUEBRADOS,RGB_JPG_Normais
C:\Users\eduar\Desktop\Soybe-main\data\com_fundo\RGB_JPG_QUEBRADOS\grao_DSC_0456_id70.png,RGB_JPG_QUEBRADOS,RGB_JPG_QUEBRADOS
C:\Users\eduar\Desktop\Soybe-main\data\com_fundo\RGB_JPG_QUEBRADOS\grao_DSC_0456_id71.png,RGB_JPG_QUEBRADOS,RGB_JPG_QUEBRADOS
C:\Users\eduar\Desktop\Soybe-main\data\com_fundo\RGB_JPG_QUEBRADOS\grao_DSC_0456_id72.png,RGB_JPG_QUEBRADOS,RGB_JPG_QUEBRADOS
C:\Users\eduar\Desktop\Soybe-main\data\com_fundo\RGB_JPG_QUEBRADOS\grao_DSC_0456_id73.png,RGB_JPG_QUEBRADOS,RGB_JPG_QUEBRADOS
C:\Users\eduar\Desktop\Soybe-main\data\com_fundo\RGB_JPG_QUEBRADOS\grao_DSC_0456_id74.png,RGB_JPG_QUEBRADOS,RGB_JPG_QUEBRADOS
C:\Users\eduar\Desktop\Soybe-main\data\com_fundo\RGB_JPG_QUEBRADOS\grao_DSC_0456_id75.png,RGB_JPG_QUEBRADOS,RGB_JPG_QUEBRADOS
C:\Users\eduar\Desktop\Soybe-main\data\com_fundo\RGB_JPG_QUEBRADOS\grao_DSC_0456_id76.png,RGB_JPG_QUEBRADOS,RGB_JPG_QUEBRADOS
C:\Users\eduar\Desktop\Soybe-main\data\com_fundo\RGB_JPG_QUEBRADOS\grao_DSC_0456_id77.png,RGB_JPG_QUEBRADOS,RGB_JPG_QUEBRADOS
C:\Users\eduar\Desktop\Soybe-main\data\com_fundo\RGB_JPG_QUEBRADOS\grao_DSC_0456_id78.png,RGB_JPG_QUEBRADOS,RGB_JPG_QUEBRADOS
C:\Users\eduar\Desktop\Soybe-main\data\com_fundo\RGB_JPG_QUEBRADOS\grao_DSC_0456_id79.png,RGB_JPG_QUEBRADOS,RGB_JPG_QUEBRADOS
C:\Users\eduar\Desktop\Soybe-main\data\com_fundo\RGB_JPG_QUEBRADOS\grao_DSC_0456_id8.png,RGB_JPG_QUEBRADOS,RGB_JPG_QUEBRADOS
C:\Users\eduar\Desktop\Soybe-main\data\com_fundo\RGB_JPG_QUEBRADOS\grao_DSC_0456_id80.png,RGB_JPG_QUEBRADOS,RGB_JPG_QUEBRADOS
C:\Users\eduar\Desktop\Soybe-main\data\com_fundo\RGB_JPG_QUEBRADOS\grao_DSC_0456_id81.png,RGB_JPG_QUEBRADOS,RGB_JPG_QUEBRADOS
C:\Users\eduar\Desktop\Soybe-main\data\com_fundo\RGB_JPG_QUEBRADOS\grao_DSC_0456_id82.png,RGB_JPG_QUEBRADOS,RGB_JPG_Normais
C:\Users\eduar\Desktop\Soybe-main\data\com_fundo\RGB_JPG_QUEBRADOS\grao_DSC_0456_id83.png,RGB_JPG_QUEBRADOS,RGB_JPG_QUEBRADOS
C:\Users\eduar\Desktop\Soybe-main\data\com_fundo\RGB_JPG_QUEBRADOS\grao_DSC_0456_id84.png,RGB_JPG_QUEBRADOS,RGB_JPG_QUEBRADOS
C:\Users\eduar\Desktop\Soybe-main\data\com_fundo\RGB_JPG_QUEBRADOS\grao_DSC_0456_id85.png,RGB_JPG_QUEBRADOS,RGB_JPG_QUEBRADOS
C:\Users\eduar\Desktop\Soybe-main\data\com_fundo\RGB_JPG_QUEBRADOS\grao_DSC_0456_id86.png,RGB_JPG_QUEBRADOS,RGB_JPG_QUEBRADOS
C:\Users\eduar\Desktop\Soybe-main\data\com_fundo\RGB_JPG_QUEBRADOS\grao_DSC_0456_id87.png,RGB_JPG_QUEBRADOS,RGB_JPG_QUEBRADOS
C:\Users\eduar\Desktop\Soybe-main\data\com_fundo\RGB_JPG_QUEBRADOS\grao_DSC_0456_id9.png,RGB_JPG_QUEBRADOS,RGB_JPG_QUEBRADOS
C:\Users\eduar\Desktop\Soybe-main\data\com_fundo\RGB_JPG_QUEBRADOS\grao_DSC_0461_id1.png,RGB_JPG_QUEBRADOS,RGB_JPG_QUEBRADOS
C:\Users\eduar\Desktop\Soybe-main\data\com_fundo\RGB_JPG_QUEBRADOS\grao_DSC_0461_id10.png,RGB_JPG_QUEBRADOS,RGB_JPG_QUEBRADOS
C:\Users\eduar\Desktop\Soybe-main\data\com_fundo\RGB_JPG_QUEBRADOS\grao_DSC_0461_id100.png,RGB_JPG_QUEBRADOS,RGB_JPG_IMPUREZAS
C:\Users\eduar\Desktop\Soybe-main\data\com_fundo\RGB_JPG_QUEBRADOS\grao_DSC_0461_id101.png,RGB_JPG_QUEBRADOS,RGB_JPG_QUEBRADOS
C:\Users\eduar\Desktop\Soybe-main\data\com_fundo\RGB_JPG_QUEBRADOS\grao_DSC_0461_id102.png,RGB_JPG_QUEBRADOS,RGB_JPG_QUEBRADOS
C:\Users\eduar\Desktop\Soybe-main\data\com_fundo\RGB_JPG_QUEBRADOS\grao_DSC_0461_id103.png,RGB_JPG_QUEBRADOS,RGB_JPG_QUEBRADOS
C:\Users\eduar\Desktop\Soybe-main\data\com_fundo\RGB_JPG_QUEBRADOS\grao_DSC_0461_id104.png,RGB_JPG_QUEBRADOS,RGB_JPG_QUEBRADOS
C:\Users\eduar\Desktop\Soybe-main\data\com_fundo\RGB_JPG_QUEBRADOS\grao_DSC_0461_id105.png,RGB_JPG_QUEBRADOS,RGB_JPG_QUEBRADOS
C:\Users\eduar\Desktop\Soybe-main\data\com_fundo\RGB_JPG_QUEBRADOS\grao_DSC_0461_id106.png,RGB_JPG_QUEBRADOS,RGB_JPG_QUEBRADOS
C:\Users\eduar\Desktop\Soybe-main\data\com_fundo\RGB_JPG_QUEBRADOS\grao_DSC_0461_id107.png,RGB_JPG_QUEBRADOS,RGB_JPG_QUEBRADOS
C:\Users\eduar\Desktop\Soybe-main\data\com_fundo\RGB_JPG_QUEBRADOS\grao_DSC_0461_id108.png,RGB_JPG_QUEBRADOS,RGB_JPG_QUEBRADOS
C:\Users\eduar\Desktop\Soybe-main\data\com_fundo\RGB_JPG_QUEBRADOS\grao_DSC_0461_id11.png,RGB_JPG_QUEBRADOS,RGB_JPG_QUEBRADOS
C:\Users\eduar\Desktop\Soybe-main\data\com_fundo\RGB_JPG_QUEBRADOS\grao_DSC_0461_id12.png,RGB_JPG_QUEBRADOS,RGB_JPG_QUEBRADOS
C:\Users\eduar\Desktop\Soybe-main\data\com_fundo\RGB_JPG_QUEBRADOS\grao_DSC_0461_id13.png,RGB_JPG_QUEBRADOS,RGB_JPG_QUEBRADOS
C:\Users\eduar\Desktop\Soybe-main\data\com_fundo\RGB_JPG_QUEBRADOS\grao_DSC_0461_id14.png,RGB_JPG_QUEBRADOS,RGB_JPG_QUEBRADOS
C:\Users\eduar\Desktop\Soybe-main\data\com_fundo\RGB_JPG_QUEBRADOS\grao_DSC_0461_id15.png,RGB_JPG_QUEBRADOS,RGB_JPG_QUEBRADOS
C:\Users\eduar\Desktop\Soybe-main\data\com_fundo\RGB_JPG_QUEBRADOS\grao_DSC_0461_id16.png,RGB_JPG_QUEBRADOS,RGB_JPG_QUEBRADOS
C:\Users\eduar\Desktop\Soybe-main\data\com_fundo\RGB_JPG_QUEBRADOS\grao_DSC_0461_id17.png,RGB_JPG_QUEBRADOS,RGB_JPG_QUEBRADOS
C:\Users\eduar\Desktop\Soybe-main\data\com_fundo\RGB_JPG_QUEBRADOS\grao_DSC_0461_id18.png,RGB_JPG_QUEBRADOS,RGB_JPG_QUEBRADOS
C:\Users\eduar\Desktop\Soybe-main\data\com_fundo\RGB_JPG_QUEBRADOS\grao_DSC_0461_id19.png,RGB_JPG_QUEBRADOS,RGB_JPG_QUEBRADOS
C:\Users\eduar\Desktop\Soybe-main\data\com_fundo\RGB_JPG_QUEBRADOS\grao_DSC_0461_id20.png,RGB_JPG_QUEBRADOS,RGB_JPG_QUEBRADOS
C:\Users\eduar\Desktop\Soybe-main\data\com_fundo\RGB_JPG_QUEBRADOS\grao_DSC_0461_id21.png,RGB_JPG_QUEBRADOS,RGB_JPG_QUEBRADOS
C:\Users\eduar\Desktop\Soybe-main\data\com_fundo\RGB_JPG_QUEBRADOS\grao_DSC_0461_id22.png,RGB_JPG_QUEBRADOS,RGB_JPG_QUEBRADOS
C:\Users\eduar\Desktop\Soybe-main\data\com_fundo\RGB_JPG_QUEBRADOS\grao_DSC_0461_id23.png,RGB_JPG_QUEBRADOS,RGB_JPG_QUEBRADOS
C:\Users\eduar\Desktop\Soybe-main\data\com_fundo\RGB_JPG_QUEBRADOS\grao_DSC_0461_id24.png,RGB_JPG_QUEBRADOS,RGB_JPG_QUEBRADOS
C:\Users\eduar\Desktop\Soybe-main\data\com_fundo\RGB_JPG_QUEBRADOS\grao_DSC_0461_id26.png,RGB_JPG_QUEBRADOS,RGB_JPG_QUEBRADOS
C:\Users\eduar\Desktop\Soybe-main\data\com_fundo\RGB_JPG_QUEBRADOS\grao_DSC_0461_id27.png,RGB_JPG_QUEBRADOS,RGB_JPG_QUEBRADOS
C:\Users\eduar\Desktop\Soybe-main\data\com_fundo\RGB_JPG_QUEBRADOS\grao_DSC_0461_id28.png,RGB_JPG_QUEBRADOS,RGB_JPG_QUEBRADOS
C:\Users\eduar\Desktop\Soybe-main\data\com_fundo\RGB_JPG_QUEBRADOS\grao_DSC_0461_id29.png,RGB_JPG_QUEBRADOS,RGB_JPG_QUEBRADOS
C:\Users\eduar\Desktop\Soybe-main\data\com_fundo\RGB_JPG_QUEBRADOS\grao_DSC_0461_id3.png,RGB_JPG_QUEBRADOS,RGB_JPG_QUEBRADOS
C:\Users\eduar\Desktop\Soybe-main\data\com_fundo\RGB_JPG_QUEBRADOS\grao_DSC_0461_id30.png,RGB_JPG_QUEBRADOS,RGB_JPG_QUEBRADOS
C:\Users\eduar\Desktop\Soybe-main\data\com_fundo\RGB_JPG_QUEBRADOS\grao_DSC_0461_id31.png,RGB_JPG_QUEBRADOS,RGB_JPG_QUEBRADOS
C:\Users\eduar\Desktop\Soybe-main\data\com_fundo\RGB_JPG_QUEBRADOS\grao_DSC_0461_id32.png,RGB_JPG_QUEBRADOS,RGB_JPG_QUEBRADOS
C:\Users\eduar\Desktop\Soybe-main\data\com_fundo\RGB_JPG_QUEBRADOS\grao_DSC_0461_id33.png,RGB_JPG_QUEBRADOS,RGB_JPG_QUEBRADOS
C:\Users\eduar\Desktop\Soybe-main\data\com_fundo\RGB_JPG_QUEBRADOS\grao_DSC_0461_id34.png,RGB_JPG_QUEBRADOS,RGB_JPG_QUEBRADOS
C:\Users\eduar\Desktop\Soybe-main\data\com_fundo\RGB_JPG_QUEBRADOS\grao_DSC_0461_id35.png,RGB_JPG_QUEBRADOS,RGB_JPG_QUEBRADOS
C:\Users\eduar\Desktop\Soybe-main\data\com_fundo\RGB_JPG_QUEBRADOS\grao_DSC_0461_id36.png,RGB_JPG_QUEBRADOS,RGB_JPG_QUEBRADOS
C:\Users\eduar\Desktop\Soybe-main\data\com_fundo\RGB_JPG_QUEBRADOS\grao_DSC_0461_id37.png,RGB_JPG_QUEBRADOS,RGB_JPG_QUEBRADOS
C:\Users\eduar\Desktop\Soybe-main\data\com_fundo\RGB_JPG_QUEBRADOS\grao_DSC_0461_id39.png,RGB_JPG_QUEBRADOS,RGB_JPG_QUEBRADOS
C:\Users\eduar\Desktop\Soybe-main\data\com_fundo\RGB_JPG_QUEBRADOS\grao_DSC_0461_id4.png,RGB_JPG_QUEBRADOS,RGB_JPG_QUEBRADOS
C:\Users\eduar\Desktop\Soybe-main\data\com_fundo\RGB_JPG_QUEBRADOS\grao_DSC_0461_id43.png,RGB_JPG_QUEBRADOS,RGB_JPG_QUEBRADOS
C:\Users\eduar\Desktop\Soybe-main\data\com_fundo\RGB_JPG_QUEBRADOS\grao_DSC_0461_id44.png,RGB_JPG_QUEBRADOS,RGB_JPG_QUEBRADOS
C:\Users\eduar\Desktop\Soybe-main\data\com_fundo\RGB_JPG_QUEBRADOS\grao_DSC_0461_id45.png,RGB_JPG_QUEBRADOS,RGB_JPG_QUEBRADOS
C:\Users\eduar\Desktop\Soybe-main\data\com_fundo\RGB_JPG_QUEBRADOS\grao_DSC_0461_id46.png,RGB_JPG_QUEBRADOS,RGB_JPG_QUEBRADOS
C:\Users\eduar\Desktop\Soybe-main\data\com_fundo\RGB_JPG_QUEBRADOS\grao_DSC_0461_id47.png,RGB_JPG_QUEBRADOS,RGB_JPG_QUEBRADOS
C:\Users\eduar\Desktop\Soybe-main\data\com_fundo\RGB_JPG_QUEBRADOS\grao_DSC_0461_id48.png,RGB_JPG_QUEBRADOS,RGB_JPG_QUEBRADOS
C:\Users\eduar\Desktop\Soybe-main\data\com_fundo\RGB_JPG_QUEBRADOS\grao_DSC_0461_id49.png,RGB_JPG_QUEBRADOS,RGB_JPG_QUEBRADOS
C:\Users\eduar\Desktop\Soybe-main\data\com_fundo\RGB_JPG_QUEBRADOS\grao_DSC_0461_id5.png,RGB_JPG_QUEBRADOS,RGB_JPG_QUEBRADOS
C:\Users\eduar\Desktop\Soybe-main\data\com_fundo\RGB_JPG_QUEBRADOS\grao_DSC_0461_id50.png,RGB_JPG_QUEBRADOS,RGB_JPG_QUEBRADOS
C:\Users\eduar\Desktop\Soybe-main\data\com_fundo\RGB_JPG_QUEBRADOS\grao_DSC_0461_id51.png,RGB_JPG_QUEBRADOS,RGB_JPG_QUEBRADOS
C:\Users\eduar\Desktop\Soybe-main\data\com_fundo\RGB_JPG_QUEBRADOS\grao_DSC_0461_id53.png,RGB_JPG_QUEBRADOS,RGB_JPG_QUEBRADOS
C:\Users\eduar\Desktop\Soybe-main\data\com_fundo\RGB_JPG_QUEBRADOS\grao_DSC_0461_id54.png,RGB_JPG_QUEBRADOS,RGB_JPG_QUEBRADOS
C:\Users\eduar\Desktop\Soybe-main\data\com_fundo\RGB_JPG_QUEBRADOS\grao_DSC_0461_id55.png,RGB_JPG_QUEBRADOS,RGB_JPG_QUEBRADOS
C:\Users\eduar\Desktop\Soybe-main\data\com_fundo\RGB_JPG_QUEBRADOS\grao_DSC_0461_id56.png,RGB_JPG_QUEBRADOS,RGB_JPG_QUEBRADOS
C:\Users\eduar\Desktop\Soybe-main\data\com_fundo\RGB_JPG_QUEBRADOS\grao_DSC_0461_id57.png,RGB_JPG_QUEBRADOS,RGB_JPG_QUEBRADOS
C:\Users\eduar\Desktop\Soybe-main\data\com_fundo\RGB_JPG_QUEBRADOS\grao_DSC_0461_id58.png,RGB_JPG_QUEBRADOS,RGB_JPG_QUEBRADOS
C:\Users\eduar\Desktop\Soybe-main\data\com_fundo\RGB_JPG_QUEBRADOS\grao_DSC_0461_id59.png,RGB_JPG_QUEBRADOS,RGB_JPG_QUEBRADOS
C:\Users\eduar\Desktop\Soybe-main\data\com_fundo\RGB_JPG_QUEBRADOS\grao_DSC_0461_id6.png,RGB_JPG_QUEBRADOS,RGB_JPG_QUEBRADOS
C:\Users\eduar\Desktop\Soybe-main\data\com_fundo\RGB_JPG_QUEBRADOS\grao_DSC_0461_id60.png,RGB_JPG_QUEBRADOS,RGB_JPG_QUEBRADOS
C:\Users\eduar\Desktop\Soybe-main\data\com_fundo\RGB_JPG_QUEBRADOS\grao_DSC_0461_id61.png,RGB_JPG_QUEBRADOS,RGB_JPG_QUEBRADOS
C:\Users\eduar\Desktop\Soybe-main\data\com_fundo\RGB_JPG_QUEBRADOS\grao_DSC_0461_id62.png,RGB_JPG_QUEBRADOS,RGB_JPG_QUEBRADOS
C:\Users\eduar\Desktop\Soybe-main\data\com_fundo\RGB_JPG_QUEBRADOS\grao_DSC_0461_id63.png,RGB_JPG_QUEBRADOS,RGB_JPG_QUEBRADOS
C:\Users\eduar\Desktop\Soybe-main\data\com_fundo\RGB_JPG_QUEBRADOS\grao_DSC_0461_id64.png,RGB_JPG_QUEBRADOS,RGB_JPG_QUEBRADOS
C:\Users\eduar\Desktop\Soybe-main\data\com_fundo\RGB_JPG_QUEBRADOS\grao_DSC_0461_id65.png,RGB_JPG_QUEBRADOS,RGB_JPG_QUEBRADOS
C:\Users\eduar\Desktop\Soybe-main\data\com_fundo\RGB_JPG_QUEBRADOS\grao_DSC_0461_id66.png,RGB_JPG_QUEBRADOS,RGB_JPG_QUEBRADOS
C:\Users\eduar\Desktop\Soybe-main\data\com_fundo\RGB_JPG_QUEBRADOS\grao_DSC_0461_id67.png,RGB_JPG_QUEBRADOS,RGB_JPG_QUEBRADOS
C:\Users\eduar\Desktop\Soybe-main\data\com_fundo\RGB_JPG_QUEBRADOS\grao_DSC_0461_id68.png,RGB_JPG_QUEBRADOS,RGB_JPG_QUEBRADOS
C:\Users\eduar\Desktop\Soybe-main\data\com_fundo\RGB_JPG_QUEBRADOS\grao_DSC_0461_id69.png,RGB_JPG_QUEBRADOS,RGB_JPG_QUEBRADOS
C:\Users\eduar\Desktop\Soybe-main\data\com_fundo\RGB_JPG_QUEBRADOS\grao_DSC_0461_id7.png,RGB_JPG_QUEBRADOS,RGB_JPG_QUEBRADOS
C:\Users\eduar\Desktop\Soybe-main\data\com_fundo\RGB_JPG_QUEBRADOS\grao_DSC_0461_id70.png,RGB_JPG_QUEBRADOS,RGB_JPG_QUEBRADOS
C:\Users\eduar\Desktop\Soybe-main\data\com_fundo\RGB_JPG_QUEBRADOS\grao_DSC_0461_id71.png,RGB_JPG_QUEBRADOS,RGB_JPG_QUEBRADOS
C:\Users\eduar\Desktop\Soybe-main\data\com_fundo\RGB_JPG_QUEBRADOS\grao_DSC_0461_id72.png,RGB_JPG_QUEBRADOS,RGB_JPG_QUEBRADOS
C:\Users\eduar\Desktop\Soybe-main\data\com_fundo\RGB_JPG_QUEBRADOS\grao_DSC_0461_id73.png,RGB_JPG_QUEBRADOS,RGB_JPG_QUEBRADOS
C:\Users\eduar\Desktop\Soybe-main\data\com_fundo\RGB_JPG_QUEBRADOS\grao_DSC_0461_id74.png,RGB_JPG_QUEBRADOS,RGB_JPG_QUEBRADOS
C:\Users\eduar\Desktop\Soybe-main\data\com_fundo\RGB_JPG_QUEBRADOS\grao_DSC_0461_id76.png,RGB_JPG_QUEBRADOS,RGB_JPG_QUEBRADOS
C:\Users\eduar\Desktop\Soybe-main\data\com_fundo\RGB_JPG_QUEBRADOS\grao_DSC_0461_id77.png,RGB_JPG_QUEBRADOS,RGB_JPG_QUEBRADOS
C:\Users\eduar\Desktop\Soybe-main\data\com_fundo\RGB_JPG_QUEBRADOS\grao_DSC_0461_id78.png,RGB_JPG_QUEBRADOS,RGB_JPG_QUEBRADOS
C:\Users\eduar\Desktop\Soybe-main\data\com_fundo\RGB_JPG_QUEBRADOS\grao_DSC_0461_id79.png,RGB_JPG_QUEBRADOS,RGB_JPG_QUEBRADOS
C:\Users\eduar\Desktop\Soybe-main\data\com_fundo\RGB_JPG_QUEBRADOS\grao_DSC_0461_id8.png,RGB_JPG_QUEBRADOS,RGB_JPG_QUEBRADOS
C:\Users\eduar\Desktop\Soybe-main\data\com_fundo\RGB_JPG_QUEBRADOS\grao_DSC_0461_id80.png,RGB_JPG_QUEBRADOS,RGB_JPG_QUEBRADOS
C:\Users\eduar\Desktop\Soybe-main\data\com_fundo\RGB_JPG_QUEBRADOS\grao_DSC_0461_id81.png,RGB_JPG_QUEBRADOS,RGB_JPG_QUEBRADOS
C:\Users\eduar\Desktop\Soybe-main\data\com_fundo\RGB_JPG_QUEBRADOS\grao_DSC_0461_id82.png,RGB_JPG_QUEBRADOS,RGB_JPG_QUEBRADOS
C:\Users\eduar\Desktop\Soybe-main\data\com_fundo\RGB_JPG_QUEBRADOS\grao_DSC_0461_id83.png,RGB_JPG_QUEBRADOS,RGB_JPG_QUEBRADOS
C:\Users\eduar\Desktop\Soybe-main\data\com_fundo\RGB_JPG_QUEBRADOS\grao_DSC_0461_id84.png,RGB_JPG_QUEBRADOS,RGB_JPG_QUEBRADOS
C:\Users\eduar\Desktop\Soybe-main\data\com_fundo\RGB_JPG_QUEBRADOS\grao_DSC_0461_id85.png,RGB_JPG_QUEBRADOS,RGB_JPG_QUEBRADOS
C:\Users\eduar\Desktop\Soybe-main\data\com_fundo\RGB_JPG_QUEBRADOS\grao_DSC_0461_id87.png,RGB_JPG_QUEBRADOS,RGB_JPG_QUEBRADOS
C:\Users\eduar\Desktop\Soybe-main\data\com_fundo\RGB_JPG_QUEBRADOS\grao_DSC_0461_id88.png,RGB_JPG_QUEBRADOS,RGB_JPG_QUEBRADOS
C:\Users\eduar\Desktop\Soybe-main\data\com_fundo\RGB_JPG_QUEBRADOS\grao_DSC_0461_id89.png,RGB_JPG_QUEBRADOS,RGB_JPG_QUEBRADOS
C:\Users\eduar\Desktop\Soybe-main\data\com_fundo\RGB_JPG_QUEBRADOS\grao_DSC_0461_id9.png,RGB_JPG_QUEBRADOS,RGB_JPG_QUEBRADOS
C:\Users\eduar\Desktop\Soybe-main\data\com_fundo\RGB_JPG_QUEBRADOS\grao_DSC_0461_id90.png,RGB_JPG_QUEBRADOS,RGB_JPG_QUEBRADOS
C:\Users\eduar\Desktop\Soybe-main\data\com_fundo\RGB_JPG_QUEBRADOS\grao_DSC_0461_id91.png,RGB_JPG_QUEBRADOS,RGB_JPG_QUEBRADOS
C:\Users\eduar\Desktop\Soybe-main\data\com_fundo\RGB_JPG_QUEBRADOS\grao_DSC_0461_id92.png,RGB_JPG_QUEBRADOS,RGB_JPG_QUEBRADOS
C:\Users\eduar\Desktop\Soybe-main\data\com_fundo\RGB_JPG_QUEBRADOS\grao_DSC_0461_id93.png,RGB_JPG_QUEBRADOS,RGB_JPG_QUEBRADOS
C:\Users\eduar\Desktop\Soybe-main\data\com_fundo\RGB_JPG_QUEBRADOS\grao_DSC_0461_id94.png,RGB_JPG_QUEBRADOS,RGB_JPG_QUEBRADOS
C:\Users\eduar\Desktop\Soybe-main\data\com_fundo\RGB_JPG_QUEBRADOS\grao_DSC_0461_id95.png,RGB_JPG_QUEBRADOS,RGB_JPG_QUEBRADOS
C:\Users\eduar\Desktop\Soybe-main\data\com_fundo\RGB_JPG_QUEBRADOS\grao_DSC_0461_id96.png,RGB_JPG_QUEBRADOS,RGB_JPG_QUEBRADOS
C:\Users\eduar\Desktop\Soybe-main\data\com_fundo\RGB_JPG_QUEBRADOS\grao_DSC_0461_id97.png,RGB_JPG_QUEBRADOS,RGB_JPG_QUEBRADOS
C:\Users\eduar\Desktop\Soybe-main\data\com_fundo\RGB_JPG_QUEBRADOS\grao_DSC_0461_id98.png,RGB_JPG_QUEBRADOS,RGB_JPG_QUEBRADOS
C:\Users\eduar\Desktop\Soybe-main\data\com_fundo\RGB_JPG_QUEBRADOS\grao_DSC_0461_id99.png,RGB_JPG_QUEBRADOS,RGB_JPG_QUEBRADOS
C:\Users\eduar\Desktop\Soybe-main\data\com_fundo\RGB_JPG_QUEBRADOS\grao_DSC_0465_id1.png,RGB_JPG_QUEBRADOS,RGB_JPG_QUEBRADOS
C:\Users\eduar\Desktop\Soybe-main\data\com_fundo\RGB_JPG_QUEBRADOS\grao_DSC_0465_id10.png,RGB_JPG_QUEBRADOS,RGB_JPG_QUEBRADOS
C:\Users\eduar\Desktop\Soybe-main\data\com_fundo\RGB_JPG_QUEBRADOS\grao_DSC_0465_id100.png,RGB_JPG_QUEBRADOS,RGB_JPG_QUEBRADOS
C:\Users\eduar\Desktop\Soybe-main\data\com_fundo\RGB_JPG_QUEBRADOS\grao_DSC_0465_id101.png,RGB_JPG_QUEBRADOS,RGB_JPG_QUEBRADOS
C:\Users\eduar\Desktop\Soybe-main\data\com_fundo\RGB_JPG_QUEBRADOS\grao_DSC_0465_id11.png,RGB_JPG_QUEBRADOS,RGB_JPG_QUEBRADOS
C:\Users\eduar\Desktop\Soybe-main\data\com_fundo\RGB_JPG_QUEBRADOS\grao_DSC_0465_id12.png,RGB_JPG_QUEBRADOS,RGB_JPG_QUEBRADOS
C:\Users\eduar\Desktop\Soybe-main\data\com_fundo\RGB_JPG_QUEBRADOS\grao_DSC_0465_id13.png,RGB_JPG_QUEBRADOS,RGB_JPG_QUEBRADOS
C:\Users\eduar\Desktop\Soybe-main\data\com_fundo\RGB_JPG_QUEBRADOS\grao_DSC_0465_id14.png,RGB_JPG_QUEBRADOS,RGB_JPG_QUEBRADOS
C:\Users\eduar\Desktop\Soybe-main\data\com_fundo\RGB_JPG_QUEBRADOS\grao_DSC_0465_id15.png,RGB_JPG_QUEBRADOS,RGB_JPG_QUEBRADOS
C:\Users\eduar\Desktop\Soybe-main\data\com_fundo\RGB_JPG_QUEBRADOS\grao_DSC_0465_id16.png,RGB_JPG_QUEBRADOS,RGB_JPG_QUEBRADOS
C:\Users\eduar\Desktop\Soybe-main\data\com_fundo\RGB_JPG_QUEBRADOS\grao_DSC_0465_id17.png,RGB_JPG_QUEBRADOS,RGB_JPG_QUEBRADOS
C:\Users\eduar\Desktop\Soybe-main\data\com_fundo\RGB_JPG_QUEBRADOS\grao_DSC_0465_id18.png,RGB_JPG_QUEBRADOS,RGB_JPG_QUEBRADOS
C:\Users\eduar\Desktop\Soybe-main\data\com_fundo\RGB_JPG_QUEBRADOS\grao_DSC_0465_id19.png,RGB_JPG_QUEBRADOS,RGB_JPG_QUEBRADOS
C:\Users\eduar\Desktop\Soybe-main\data\com_fundo\RGB_JPG_QUEBRADOS\grao_DSC_0465_id2.png,RGB_JPG_QUEBRADOS,RGB_JPG_QUEBRADOS
C:\Users\eduar\Desktop\Soybe-main\data\com_fundo\RGB_JPG_QUEBRADOS\grao_DSC_0465_id20.png,RGB_JPG_QUEBRADOS,RGB_JPG_QUEBRADOS
C:\Users\eduar\Desktop\Soybe-main\data\com_fundo\RGB_JPG_QUEBRADOS\grao_DSC_0465_id21.png,RGB_JPG_QUEBRADOS,RGB_JPG_QUEBRADOS
C:\Users\eduar\Desktop\Soybe-main\data\com_fundo\RGB_JPG_QUEBRADOS\grao_DSC_0465_id22.png,RGB_JPG_QUEBRADOS,RGB_JPG_QUEBRADOS
C:\Users\eduar\Desktop\Soybe-main\data\com_fundo\RGB_JPG_QUEBRADOS\grao_DSC_0465_id23.png,RGB_JPG_QUEBRADOS,RGB_JPG_QUEBRADOS
C:\Users\eduar\Desktop\Soybe-main\data\com_fundo\RGB_JPG_QUEBRADOS\grao_DSC_0465_id24.png,RGB_JPG_QUEBRADOS,RGB_JPG_QUEBRADOS
C:\Users\eduar\Desktop\Soybe-main\data\com_fundo\RGB_JPG_QUEBRADOS\grao_DSC_0465_id26.png,RGB_JPG_QUEBRADOS,RGB_JPG_QUEBRADOS
C:\Users\eduar\Desktop\Soybe-main\data\com_fundo\RGB_JPG_QUEBRADOS\grao_DSC_0465_id27.png,RGB_JPG_QUEBRADOS,RGB_JPG_QUEBRADOS
C:\Users\eduar\Desktop\Soybe-main\data\com_fundo\RGB_JPG_QUEBRADOS\grao_DSC_0465_id28.png,RGB_JPG_QUEBRADOS,RGB_JPG_QUEBRADOS
C:\Users\eduar\Desktop\Soybe-main\data\com_fundo\RGB_JPG_QUEBRADOS\grao_DSC_0465_id29.png,RGB_JPG_QUEBRADOS,RGB_JPG_QUEBRADOS
C:\Users\eduar\Desktop\Soybe-main\data\com_fundo\RGB_JPG_QUEBRADOS\grao_DSC_0465_id3.png,RGB_JPG_QUEBRADOS,RGB_JPG_QUEBRADOS
C:\Users\eduar\Desktop\Soybe-main\data\com_fundo\RGB_JPG_QUEBRADOS\grao_DSC_0465_id30.png,RGB_JPG_QUEBRADOS,RGB_JPG_QUEBRADOS
C:\Users\eduar\Desktop\Soybe-main\data\com_fundo\RGB_JPG_QUEBRADOS\grao_DSC_0465_id31.png,RGB_JPG_QUEBRADOS,RGB_JPG_QUEBRADOS
C:\Users\eduar\Desktop\Soybe-main\data\com_fundo\RGB_JPG_QUEBRADOS\grao_DSC_0465_id32.png,RGB_JPG_QUEBRADOS,RGB_JPG_QUEBRADOS
C:\Users\eduar\Desktop\Soybe-main\data\com_fundo\RGB_JPG_QUEBRADOS\grao_DSC_0465_id33.png,RGB_JPG_QUEBRADOS,RGB_JPG_QUEBRADOS
C:\Users\eduar\Desktop\Soybe-main\data\com_fundo\RGB_JPG_QUEBRADOS\grao_DSC_0465_id34.png,RGB_JPG_QUEBRADOS,RGB_JPG_QUEBRADOS
C:\Users\eduar\Desktop\Soybe-main\data\com_fundo\RGB_JPG_QUEBRADOS\grao_DSC_0465_id36.png,RGB_JPG_QUEBRADOS,RGB_JPG_QUEBRADOS
C:\Users\eduar\Desktop\Soybe-main\data\com_fundo\RGB_JPG_QUEBRADOS\grao_DSC_0465_id37.png,RGB_JPG_QUEBRADOS,RGB_JPG_QUEBRADOS
C:\Users\eduar\Desktop\Soybe-main\data\com_fundo\RGB_JPG_QUEBRADOS\grao_DSC_0465_id38.png,RGB_JPG_QUEBRADOS,RGB_JPG_QUEBRADOS
C:\Users\eduar\Desktop\Soybe-main\data\com_fundo\RGB_JPG_QUEBRADOS\grao_DSC_0465_id39.png,RGB_JPG_QUEBRADOS,RGB_JPG_QUEBRADOS
C:\Users\eduar\Desktop\Soybe-main\data\com_fundo\RGB_JPG_QUEBRADOS\grao_DSC_0465_id4.png,RGB_JPG_QUEBRADOS,RGB_JPG_QUEBRADOS
C:\Users\eduar\Desktop\Soybe-main\data\com_fundo\RGB_JPG_QUEBRADOS\grao_DSC_0465_id40.png,RGB_JPG_QUEBRADOS,RGB_JPG_QUEBRADOS
C:\Users\eduar\Desktop\Soybe-main\data\com_fundo\RGB_JPG_QUEBRADOS\grao_DSC_0465_id42.png,RGB_JPG_QUEBRADOS,RGB_JPG_QUEBRADOS
C:\Users\eduar\Desktop\Soybe-main\data\com_fundo\RGB_JPG_QUEBRADOS\grao_DSC_0465_id43.png,RGB_JPG_QUEBRADOS,RGB_JPG_QUEBRADOS
C:\Users\eduar\Desktop\Soybe-main\data\com_fundo\RGB_JPG_QUEBRADOS\grao_DSC_0465_id44.png,RGB_JPG_QUEBRADOS,RGB_JPG_QUEBRADOS
C:\Users\eduar\Desktop\Soybe-main\data\com_fundo\RGB_JPG_QUEBRADOS\grao_DSC_0465_id45.png,RGB_JPG_QUEBRADOS,RGB_JPG_QUEBRADOS
C:\Users\eduar\Desktop\Soybe-main\data\com_fundo\RGB_JPG_QUEBRADOS\grao_DSC_0465_id47.png,RGB_JPG_QUEBRADOS,RGB_JPG_QUEBRADOS
C:\Users\eduar\Desktop\Soybe-main\data\com_fundo\RGB_JPG_QUEBRADOS\grao_DSC_0465_id48.png,RGB_JPG_QUEBRADOS,RGB_JPG_QUEBRADOS
C:\Users\eduar\Desktop\Soybe-main\data\com_fundo\RGB_JPG_QUEBRADOS\grao_DSC_0465_id49.png,RGB_JPG_QUEBRADOS,RGB_JPG_QUEBRADOS
C:\Users\eduar\Desktop\Soybe-main\data\com_fundo\RGB_JPG_QUEBRADOS\grao_DSC_0465_id5.png,RGB_JPG_QUEBRADOS,RGB_JPG_QUEBRADOS
C:\Users\eduar\Desktop\Soybe-main\data\com_fundo\RGB_JPG_QUEBRADOS\grao_DSC_0465_id50.png,RGB_JPG_QUEBRADOS,RGB_JPG_QUEBRADOS
C:\Users\eduar\Desktop\Soybe-main\data\com_fundo\RGB_JPG_QUEBRADOS\grao_DSC_0465_id51.png,RGB_JPG_QUEBRADOS,RGB_JPG_QUEBRADOS
C:\Users\eduar\Desktop\Soybe-main\data\com_fundo\RGB_JPG_QUEBRADOS\grao_DSC_0465_id52.png,RGB_JPG_QUEBRADOS,RGB_JPG_QUEBRADOS
C:\Users\eduar\Desktop\Soybe-main\data\com_fundo\RGB_JPG_QUEBRADOS\grao_DSC_0465_id53.png,RGB_JPG_QUEBRADOS,RGB_JPG_QUEBRADOS
C:\Users\eduar\Desktop\Soybe-main\data\com_fundo\RGB_JPG_QUEBRADOS\grao_DSC_0465_id54.png,RGB_JPG_QUEBRADOS,RGB_JPG_QUEBRADOS
C:\Users\eduar\Desktop\Soybe-main\data\com_fundo\RGB_JPG_QUEBRADOS\grao_DSC_0465_id55.png,RGB_JPG_QUEBRADOS,RGB_JPG_QUEBRADOS
C:\Users\eduar\Desktop\Soybe-main\data\com_fundo\RGB_JPG_QUEBRADOS\grao_DSC_0465_id56.png,RGB_JPG_QUEBRADOS,RGB_JPG_QUEBRADOS
C:\Users\eduar\Desktop\Soybe-main\data\com_fundo\RGB_JPG_QUEBRADOS\grao_DSC_0465_id57.png,RGB_JPG_QUEBRADOS,RGB_JPG_QUEBRADOS
C:\Users\eduar\Desktop\Soybe-main\data\com_fundo\RGB_JPG_QUEBRADOS\grao_DSC_0465_id6.png,RGB_JPG_QUEBRADOS,RGB_JPG_QUEBRADOS
C:\Users\eduar\Desktop\Soybe-main\data\com_fundo\RGB_JPG_QUEBRADOS\grao_DSC_0465_id61.png,RGB_JPG_QUEBRADOS,RGB_JPG_QUEBRADOS
C:\Users\eduar\Desktop\Soybe-main\data\com_fundo\RGB_JPG_QUEBRADOS\grao_DSC_0465_id62.png,RGB_JPG_QUEBRADOS,RGB_JPG_QUEBRADOS
C:\Users\eduar\Desktop\Soybe-main\data\com_fundo\RGB_JPG_QUEBRADOS\grao_DSC_0465_id63.png,RGB_JPG_QUEBRADOS,RGB_JPG_QUEBRADOS
C:\Users\eduar\Desktop\Soybe-main\data\com_fundo\RGB_JPG_QUEBRADOS\grao_DSC_0465_id64.png,RGB_JPG_QUEBRADOS,RGB_JPG_QUEBRADOS
C:\Users\eduar\Desktop\Soybe-main\data\com_fundo\RGB_JPG_QUEBRADOS\grao_DSC_0465_id65.png,RGB_JPG_QUEBRADOS,RGB_JPG_QUEBRADOS
C:\Users\eduar\Desktop\Soybe-main\data\com_fundo\RGB_JPG_QUEBRADOS\grao_DSC_0465_id66.png,RGB_JPG_QUEBRADOS,RGB_JPG_QUEBRADOS
C:\Users\eduar\Desktop\Soybe-main\data\com_fundo\RGB_JPG_QUEBRADOS\grao_DSC_0465_id67.png,RGB_JPG_QUEBRADOS,RGB_JPG_QUEBRADOS
C:\Users\eduar\Desktop\Soybe-main\data\com_fundo\RGB_JPG_QUEBRADOS\grao_DSC_0465_id68.png,RGB_JPG_QUEBRADOS,RGB_JPG_QUEBRADOS
C:\Users\eduar\Desktop\Soybe-main\data\com_fundo\RGB_JPG_QUEBRADOS\grao_DSC_0465_id69.png,RGB_JPG_QUEBRADOS,RGB_JPG_QUEBRADOS
C:\Users\eduar\Desktop\Soybe-main\data\com_fundo\RGB_JPG_QUEBRADOS\grao_DSC_0465_id7.png,RGB_JPG_QUEBRADOS,RGB_JPG_QUEBRADOS
C:\Users\eduar\Desktop\Soybe-main\data\com_fundo\RGB_JPG_QUEBRADOS\grao_DSC_0465_id70.png,RGB_JPG_QUEBRADOS,RGB_JPG_QUEBRADOS
C:\Users\eduar\Desktop\Soybe-main\data\com_fundo\RGB_JPG_QUEBRADOS\grao_DSC_0465_id71.png,RGB_JPG_QUEBRADOS,RGB_JPG_QUEBRADOS
C:\Users\eduar\Desktop\Soybe-main\data\com_fundo\RGB_JPG_QUEBRADOS\grao_DSC_0465_id72.png,RGB_JPG_QUEBRADOS,RGB_JPG_QUEBRADOS
C:\Users\eduar\Desktop\Soybe-main\data\com_fundo\RGB_JPG_QUEBRADOS\grao_DSC_0465_id73.png,RGB_JPG_QUEBRADOS,RGB_JPG_QUEBRADOS
C:\Users\eduar\Desktop\Soybe-main\data\com_fundo\RGB_JPG_QUEBRADOS\grao_DSC_0465_id74.png,RGB_JPG_QUEBRADOS,RGB_JPG_QUEBRADOS
C:\Users\eduar\Desktop\Soybe-main\data\com_fundo\RGB_JPG_QUEBRADOS\grao_DSC_0465_id75.png,RGB_JPG_QUEBRADOS,RGB_JPG_QUEBRADOS
C:\Users\eduar\Desktop\Soybe-main\data\com_fundo\RGB_JPG_QUEBRADOS\grao_DSC_0465_id76.png,RGB_JPG_QUEBRADOS,RGB_JPG_Normais
C:\Users\eduar\Desktop\Soybe-main\data\com_fundo\RGB_JPG_QUEBRADOS\grao_DSC_0465_id77.png,RGB_JPG_QUEBRADOS,RGB_JPG_QUEBRADOS
C:\Users\eduar\Desktop\Soybe-main\data\com_fundo\RGB_JPG_QUEBRADOS\grao_DSC_0465_id78.png,RGB_JPG_QUEBRADOS,RGB_JPG_QUEBRADOS
C:\Users\eduar\Desktop\Soybe-main\data\com_fundo\RGB_JPG_QUEBRADOS\grao_DSC_0465_id79.png,RGB_JPG_QUEBRADOS,RGB_JPG_QUEBRADOS
C:\Users\eduar\Desktop\Soybe-main\data\com_fundo\RGB_JPG_QUEBRADOS\grao_DSC_0465_id8.png,RGB_JPG_QUEBRADOS,RGB_JPG_QUEBRADOS
C:\Users\eduar\Desktop\Soybe-main\data\com_fundo\RGB_JPG_QUEBRADOS\grao_DSC_0465_id80.png,RGB_JPG_QUEBRADOS,RGB_JPG_QUEBRADOS
C:\Users\eduar\Desktop\Soybe-main\data\com_fundo\RGB_JPG_QUEBRADOS\grao_DSC_0465_id81.png,RGB_JPG_QUEBRADOS,RGB_JPG_QUEBRADOS
C:\Users\eduar\Desktop\Soybe-main\data\com_fundo\RGB_JPG_QUEBRADOS\grao_DSC_0465_id82.png,RGB_JPG_QUEBRADOS,RGB_JPG_QUEBRADOS
C:\Users\eduar\Desktop\Soybe-main\data\com_fundo\RGB_JPG_QUEBRADOS\grao_DSC_0465_id83.png,RGB_JPG_QUEBRADOS,RGB_JPG_QUEBRADOS
C:\Users\eduar\Desktop\Soybe-main\data\com_fundo\RGB_JPG_QUEBRADOS\grao_DSC_0465_id84.png,RGB_JPG_QUEBRADOS,RGB_JPG_QUEBRADOS
C:\Users\eduar\Desktop\Soybe-main\data\com_fundo\RGB_JPG_QUEBRADOS\grao_DSC_0465_id85.png,RGB_JPG_QUEBRADOS,RGB_JPG_QUEBRADOS
C:\Users\eduar\Desktop\Soybe-main\data\com_fundo\RGB_JPG_QUEBRADOS\grao_DSC_0465_id86.png,RGB_JPG_QUEBRADOS,RGB_JPG_QUEBRADOS
C:\Users\eduar\Desktop\Soybe-main\data\com_fundo\RGB_JPG_QUEBRADOS\grao_DSC_0465_id87.png,RGB_JPG_QUEBRADOS,RGB_JPG_QUEBRADOS
C:\Users\eduar\Desktop\Soybe-main\data\com_fundo\RGB_JPG_QUEBRADOS\grao_DSC_0465_id88.png,RGB_JPG_QUEBRADOS,RGB_JPG_QUEBRADOS
C:\Users\eduar\Desktop\Soybe-main\data\com_fundo\RGB_JPG_QUEBRADOS\grao_DSC_0465_id89.png,RGB_JPG_QUEBRADOS,RGB_JPG_QUEBRADOS
C:\Users\eduar\Desktop\Soybe-main\data\com_fundo\RGB_JPG_QUEBRADOS\grao_DSC_0465_id9.png,RGB_JPG_QUEBRADOS,RGB_JPG_QUEBRADOS
C:\Users\eduar\Desktop\Soybe-main\data\com_fundo\RGB_JPG_QUEBRADOS\grao_DSC_0465_id90.png,RGB_JPG_QUEBRADOS,RGB_JPG_QUEBRADOS
C:\Users\eduar\Desktop\Soybe-main\data\com_fundo\RGB_JPG_QUEBRADOS\grao_DSC_0465_id91.png,RGB_JPG_QUEBRADOS,RGB_JPG_QUEBRADOS
C:\Users\eduar\Desktop\Soybe-main\data\com_fundo\RGB_JPG_QUEBRADOS\grao_DSC_0465_id92.png,RGB_JPG_QUEBRADOS,RGB_JPG_QUEBRADOS
C:\Users\eduar\Desktop\Soybe-main\data\com_fundo\RGB_JPG_QUEBRADOS\grao_DSC_0465_id93.png,RGB_JPG_QUEBRADOS,RGB_JPG_QUEBRADOS
C:\Users\eduar\Desktop\Soybe-main\data\com_fundo\RGB_JPG_QUEBRADOS\grao_DSC_0465_id94.png,RGB_JPG_QUEBRADOS,RGB_JPG_QUEBRADOS
C:\Users\eduar\Desktop\Soybe-main\data\com_fundo\RGB_JPG_QUEBRADOS\grao_DSC_0465_id95.png,RGB_JPG_QUEBRADOS,RGB_JPG_QUEBRADOS
C:\Users\eduar\Desktop\Soybe-main\data\com_fundo\RGB_JPG_QUEBRADOS\grao_DSC_0465_id96.png,RGB_JPG_QUEBRADOS,RGB_JPG_QUEBRADOS
C:\Users\eduar\Desktop\Soybe-main\data\com_fundo\RGB_JPG_QUEBRADOS\grao_DSC_0465_id97.png,RGB_JPG_QUEBRADOS,RGB_JPG_QUEBRADOS
C:\Users\eduar\Desktop\Soybe-main\data\com_fundo\RGB_JPG_QUEBRADOS\grao_DSC_0465_id98.png,RGB_JPG_QUEBRADOS,RGB_JPG_QUEBRADOS
C:\Users\eduar\Desktop\Soybe-main\data\com_fundo\RGB_JPG_QUEBRADOS\grao_DSC_0465_id99.png,RGB_JPG_QUEBRADOS,RGB_JPG_QUEBRADOS
