caminho_arquivo,classe_verdadeira,classe_predita
C:\Users\eduar\Desktop\Soybe-main\data\com_fundo_filtrado\RGB_JPG_IMPUREZAS\grao_DSC_0036_id257.png,RGB_JPG_IMPUREZAS,RGB_JPG_IMPUREZAS
C:\Users\eduar\Desktop\Soybe-main\data\com_fundo_filtrado\RGB_JPG_IMPUREZAS\grao_DSC_0230_id121.png,RGB_JPG_IMPUREZAS,RGB_JPG_IMPUREZAS
C:\Users\eduar\Desktop\Soybe-main\data\com_fundo_filtrado\RGB_JPG_QUEBRADOS\grao_DSC_0415_id72.png,RGB_JPG_QUEBRADOS,RGB_JPG_QUEBRADOS
C:\Users\eduar\Desktop\Soybe-main\data\com_fundo_filtrado\RGB_JPG_IMPUREZAS\grao_DSC_0287_id161.png,RGB_JPG_IMPUREZAS,RGB_JPG_IMPUREZAS
C:\Users\eduar\Desktop\Soybe-main\data\com_fundo_filtrado\RGB_JPG_Normais\grao_DSC_0642_id28.png,RGB_JPG_Normais,RGB_JPG_Normais
C:\Users\eduar\Desktop\Soybe-main\data\com_fundo_filtrado\RGB_JPG_QUEBRADOS\grao_DSC_0418_id42.png,RGB_JPG_QUEBRADOS,RGB_JPG_QUEBRADOS
C:\Users\eduar\Desktop\Soybe-main\data\com_fundo_filtrado\RGB_JPG_QUEBRADOS\grao_DSC_0467_id24.png,RGB_JPG_QUEBRADOS,RGB_JPG_QUEBRADOS
C:\Users\eduar\Desktop\Soybe-main\data\com_fundo_filtrado\RGB_JPG_INSETOS\grao_DSC_0163_id102.png,RGB_JPG_INSETOS,RGB_JPG_INSETOS
C:\Users\eduar\Desktop\Soybe-main\data\com_fundo_filtrado\RGB_JPG_Normais\grao_DSC_0144_id63.png,RGB_JPG_Normais,RGB_JPG_Normais
C:\Users\eduar\Desktop\Soybe-main\data\com_fundo_filtrado\RGB_JPG_Normais\grao_DSC_0144_id108.png,RGB_JPG_Normais,RGB_JPG_Normais
C:\Users\eduar\Desktop\Soybe-main\data\com_fundo_filtrado\RGB_JPG_Normais\grao_DSC_0656_id72.png,RGB_JPG_Normais,RGB_JPG_Normais
C:\Users\eduar\Desktop\Soybe-main\data\com_fundo_filtrado\RGB_JPG_QUEBRADOS\grao_DSC_0444_id42.png,RGB_JPG_QUEBRADOS,RGB_JPG_QUEBRADOS
C:\Users\eduar\Desktop\Soybe-main\data\com_fundo_filtrado\RGB_JPG_Normais\grao_DSC_0519_id69.png,RGB_JPG_Normais,RGB_JPG_Normais
C:\Users\eduar\Desktop\Soybe-main\data\com_fundo_filtrado\RGB_JPG_Normais\grao_DSC_0368_id13.png,RGB_JPG_Normais,RGB_JPG_Normais
C:\Users\eduar\Desktop\Soybe-main\data\com_fundo_filtrado\RGB_JPG_CHOCHOS\grao_DSC_0362_id66.png,RGB_JPG_CHOCHOS,RGB_JPG_CHOCHOS
C:\Users\eduar\Desktop\Soybe-main\data\com_fundo_filtrado\RGB_JPG_QUEBRADOS\grao_DSC_0446_id45.png,RGB_JPG_QUEBRADOS,RGB_JPG_QUEBRADOS
C:\Users\eduar\Desktop\Soybe-main\data\com_fundo_filtrado\RGB_JPG_IMPUREZAS\grao_DSC_0025_id177.png,RGB_JPG_IMPUREZAS,RGB_JPG_IMPUREZAS
C:\Users\eduar\Desktop\Soybe-main\data\com_fundo_filtrado\RGB_JPG_Normais\grao_DSC_0387_id57.png,RGB_JPG_Normais,RGB_JPG_Normais
C:\Users\eduar\Desktop\Soybe-main\data\com_fundo_filtrado\RGB_JPG_IMPUREZAS\grao_DSC_0031_id78.png,RGB_JPG_IMPUREZAS,RGB_JPG_IMPUREZAS
C:\Users\eduar\Desktop\Soybe-main\data\com_fundo_filtrado\RGB_JPG_Normais\grao_DSC_0679_id35.png,RGB_JPG_Normais,RGB_JPG_Normais
C:\Users\eduar\Desktop\Soybe-main\data\com_fundo_filtrado\RGB_JPG_QUEBRADOS\grao_DSC_0408_id25.png,RGB_JPG_QUEBRADOS,RGB_JPG_QUEBRADOS
C:\Users\eduar\Desktop\Soybe-main\data\com_fundo_filtrado\RGB_JPG_IMPUREZAS\grao_DSC_0276_id161.png,RGB_JPG_IMPUREZAS,RGB_JPG_IMPUREZAS
C:\Users\eduar\Desktop\Soybe-main\data\com_fundo_filtrado\RGB_JPG_Normais\grao_DSC_0661_id44.png,RGB_JPG_Normais,RGB_JPG_Normais
C:\Users\eduar\Desktop\Soybe-main\data\com_fundo_filtrado\RGB_JPG_IMPUREZAS\grao_DSC_0037_id183.png,RGB_JPG_IMPUREZAS,RGB_JPG_IMPUREZAS
C:\Users\eduar\Desktop\Soybe-main\data\com_fundo_filtrado\RGB_JPG_ESVERDEADO\grao_DSC_0300_id85.png,RGB_JPG_ESVERDEADO,RGB_JPG_ESVERDEADO
C:\Users\eduar\Desktop\Soybe-main\data\com_fundo_filtrado\RGB_JPG_INSETOS\grao_DSC_0163_id22.png,RGB_JPG_INSETOS,RGB_JPG_Normais
C:\Users\eduar\Desktop\Soybe-main\data\com_fundo_filtrado\RGB_JPG_ESVERDEADO\grao_DSC_0303_id86.png,RGB_JPG_ESVERDEADO,RGB_JPG_ESVERDEADO
C:\Users\eduar\Desktop\Soybe-main\data\com_fundo_filtrado\RGB_JPG_Normais\grao_DSC_0134_id39.png,RGB_JPG_Normais,RGB_JPG_Normais
C:\Users\eduar\Desktop\Soybe-main\data\com_fundo_filtrado\RGB_JPG_IMPUREZAS\grao_DSC_0259_id24.png,RGB_JPG_IMPUREZAS,RGB_JPG_IMPUREZAS
C:\Users\eduar\Desktop\Soybe-main\data\com_fundo_filtrado\RGB_JPG_Normais\grao_DSC_0160_id2.png,RGB_JPG_Normais,RGB_JPG_Normais
C:\Users\eduar\Desktop\Soybe-main\data\com_fundo_filtrado\RGB_JPG_CHOCHOS\grao_DSC_0167_id60.png,RGB_JPG_CHOCHOS,RGB_JPG_CHOCHOS
C:\Users\eduar\Desktop\Soybe-main\data\com_fundo_filtrado\RGB_JPG_QUEBRADOS\grao_DSC_0462_id47.png,RGB_JPG_QUEBRADOS,RGB_JPG_QUEBRADOS
C:\Users\eduar\Desktop\Soybe-main\data\com_fundo_filtrado\RGB_JPG_Normais\grao_DSC_0399_id46.png,RGB_JPG_Normais,RGB_JPG_Normais
C:\Users\eduar\Desktop\Soybe-main\data\com_fundo_filtrado\RGB_JPG_CHOCHOS\grao_DSC_0335_id18.png,RGB_JPG_CHOCHOS,RGB_JPG_CHOCHOS
C:\Users\eduar\Desktop\Soybe-main\data\com_fundo_filtrado\RGB_JPG_Normais\grao_DSC_0366_id83.png,RGB_JPG_Normais,RGB_JPG_Normais
C:\Users\eduar\Desktop\Soybe-main\data\com_fundo_filtrado\RGB_JPG_CHOCHOS\grao_DSC_0340_id59.png,RGB_JPG_CHOCHOS,RGB_JPG_CHOCHOS
C:\Users\eduar\Desktop\Soybe-main\data\com_fundo_filtrado\RGB_JPG_Normais\grao_DSC_0505_id23.png,RGB_JPG_Normais,RGB_JPG_Normais
C:\Users\eduar\Desktop\Soybe-main\data\com_fundo_filtrado\RGB_JPG_ESVERDEADO\grao_DSC_0301_id49.png,RGB_JPG_ESVERDEADO,RGB_JPG_ESVERDEADO
C:\Users\eduar\Desktop\Soybe-main\data\com_fundo_filtrado\RGB_JPG_CHOCHOS\grao_DSC_0344_id75.png,RGB_JPG_CHOCHOS,RGB_JPG_CHOCHOS
C:\Users\eduar\Desktop\Soybe-main\data\com_fundo_filtrado\RGB_JPG_Normais\grao_DSC_0659_id4.png,RGB_JPG_Normais,RGB_JPG_Normais
C:\Users\eduar\Desktop\Soybe-main\data\com_fundo_filtrado\RGB_JPG_Normais\grao_DSC_0370_id13.png,RGB_JPG_Normais,RGB_JPG_Normais
C:\Users\eduar\Desktop\Soybe-main\data\com_fundo_filtrado\RGB_JPG_IMPUREZAS\grao_DSC_0228_id243.png,RGB_JPG_IMPUREZAS,RGB_JPG_IMPUREZAS
C:\Users\eduar\Desktop\Soybe-main\data\com_fundo_filtrado\RGB_JPG_IMPUREZAS\grao_DSC_0279_id56.png,RGB_JPG_IMPUREZAS,RGB_JPG_IMPUREZAS
C:\Users\eduar\Desktop\Soybe-main\data\com_fundo_filtrado\RGB_JPG_Normais\grao_DSC_0213_id44.png,RGB_JPG_Normais,RGB_JPG_Normais
C:\Users\eduar\Desktop\Soybe-main\data\com_fundo_filtrado\RGB_JPG_Normais\grao_DSC_0210_id12.png,RGB_JPG_Normais,RGB_JPG_CHOCHOS
C:\Users\eduar\Desktop\Soybe-main\data\com_fundo_filtrado\RGB_JPG_QUEBRADOS\grao_DSC_0421_id1.png,RGB_JPG_QUEBRADOS,RGB_JPG_QUEBRADOS
C:\Users\eduar\Desktop\Soybe-main\data\com_fundo_filtrado\RGB_JPG_IMPUREZAS\grao_DSC_0239_id122.png,RGB_JPG_IMPUREZAS,RGB_JPG_IMPUREZAS
C:\Users\eduar\Desktop\Soybe-main\data\com_fundo_filtrado\RGB_JPG_IMPUREZAS\grao_DSC_0243_id32.png,RGB_JPG_IMPUREZAS,RGB_JPG_IMPUREZAS
C:\Users\eduar\Desktop\Soybe-main\data\com_fundo_filtrado\RGB_JPG_QUEBRADOS\grao_DSC_0433_id10.png,RGB_JPG_QUEBRADOS,RGB_JPG_QUEBRADOS
C:\Users\eduar\Desktop\Soybe-main\data\com_fundo_filtrado\RGB_JPG_QUEBRADOS\grao_DSC_0434_id37.png,RGB_JPG_QUEBRADOS,RGB_JPG_QUEBRADOS
C:\Users\eduar\Desktop\Soybe-main\data\com_fundo_filtrado\RGB_JPG_IMPUREZAS\grao_DSC_0296_id247.png,RGB_JPG_IMPUREZAS,RGB_JPG_IMPUREZAS
C:\Users\eduar\Desktop\Soybe-main\data\com_fundo_filtrado\RGB_JPG_Normais\grao_DSC_0493_id22.png,RGB_JPG_Normais,RGB_JPG_Normais
C:\Users\eduar\Desktop\Soybe-main\data\com_fundo_filtrado\RGB_JPG_QUEBRADOS\grao_DSC_0440_id5.png,RGB_JPG_QUEBRADOS,RGB_JPG_QUEBRADOS
C:\Users\eduar\Desktop\Soybe-main\data\com_fundo_filtrado\RGB_JPG_IMPUREZAS\grao_DSC_0224_id183.png,RGB_JPG_IMPUREZAS,RGB_JPG_IMPUREZAS
C:\Users\eduar\Desktop\Soybe-main\data\com_fundo_filtrado\RGB_JPG_IMPUREZAS\grao_DSC_0247_id59.png,RGB_JPG_IMPUREZAS,RGB_JPG_IMPUREZAS
C:\Users\eduar\Desktop\Soybe-main\data\com_fundo_filtrado\RGB_JPG_Normais\grao_DSC_0483_id72.png,RGB_JPG_Normais,RGB_JPG_Normais
C:\Users\eduar\Desktop\Soybe-main\data\com_fundo_filtrado\RGB_JPG_Normais\grao_DSC_0158_id91.png,RGB_JPG_Normais,RGB_JPG_Normais
C:\Users\eduar\Desktop\Soybe-main\data\com_fundo_filtrado\RGB_JPG_IMPUREZAS\grao_DSC_0268_id29.png,RGB_JPG_IMPUREZAS,RGB_JPG_IMPUREZAS
C:\Users\eduar\Desktop\Soybe-main\data\com_fundo_filtrado\RGB_JPG_CHOCHOS\grao_DSC_0360_id58.png,RGB_JPG_CHOCHOS,RGB_JPG_CHOCHOS
C:\Users\eduar\Desktop\Soybe-main\data\com_fundo_filtrado\RGB_JPG_IMPUREZAS\grao_DSC_0226_id133.png,RGB_JPG_IMPUREZAS,RGB_JPG_IMPUREZAS
C:\Users\eduar\Desktop\Soybe-main\data\com_fundo_filtrado\RGB_JPG_Normais\grao_DSC_0618_id25.png,RGB_JPG_Normais,RGB_JPG_Normais
C:\Users\eduar\Desktop\Soybe-main\data\com_fundo_filtrado\RGB_JPG_Normais\grao_DSC_0372_id67.png,RGB_JPG_Normais,RGB_JPG_Normais
C:\Users\eduar\Desktop\Soybe-main\data\com_fundo_filtrado\RGB_JPG_Normais\grao_DSC_0675_id25.png,RGB_JPG_Normais,RGB_JPG_Normais
C:\Users\eduar\Desktop\Soybe-main\data\com_fundo_filtrado\RGB_JPG_Normais\grao_DSC_0634_id73.png,RGB_JPG_Normais,RGB_JPG_Normais
C:\Users\eduar\Desktop\Soybe-main\data\com_fundo_filtrado\RGB_JPG_IMPUREZAS\grao_DSC_0021_id189.png,RGB_JPG_IMPUREZAS,RGB_JPG_IMPUREZAS
C:\Users\eduar\Desktop\Soybe-main\data\com_fundo_filtrado\RGB_JPG_IMPUREZAS\grao_DSC_0018_id193.png,RGB_JPG_IMPUREZAS,RGB_JPG_IMPUREZAS
C:\Users\eduar\Desktop\Soybe-main\data\com_fundo_filtrado\RGB_JPG_IMPUREZAS\grao_DSC_0283_id32.png,RGB_JPG_IMPUREZAS,RGB_JPG_IMPUREZAS
C:\Users\eduar\Desktop\Soybe-main\data\com_fundo_filtrado\RGB_JPG_Normais\grao_DSC_0156_id105.png,RGB_JPG_Normais,RGB_JPG_Normais
C:\Users\eduar\Desktop\Soybe-main\data\com_fundo_filtrado\RGB_JPG_Normais\grao_DSC_0607_id57.png,RGB_JPG_Normais,RGB_JPG_Normais
C:\Users\eduar\Desktop\Soybe-main\data\com_fundo_filtrado\RGB_JPG_Normais\grao_DSC_0504_id15.png,RGB_JPG_Normais,RGB_JPG_Normais
C:\Users\eduar\Desktop\Soybe-main\data\com_fundo_filtrado\RGB_JPG_Normais\grao_DSC_0512_id95.png,RGB_JPG_Normais,RGB_JPG_Normais
C:\Users\eduar\Desktop\Soybe-main\data\com_fundo_filtrado\RGB_JPG_IMPUREZAS\grao_DSC_0248_id156.png,RGB_JPG_IMPUREZAS,RGB_JPG_IMPUREZAS
C:\Users\eduar\Desktop\Soybe-main\data\com_fundo_filtrado\RGB_JPG_QUEBRADOS\grao_DSC_0413_id87.png,RGB_JPG_QUEBRADOS,RGB_JPG_QUEBRADOS
C:\Users\eduar\Desktop\Soybe-main\data\com_fundo_filtrado\RGB_JPG_Normais\grao_DSC_0634_id79.png,RGB_JPG_Normais,RGB_JPG_Normais
C:\Users\eduar\Desktop\Soybe-main\data\com_fundo_filtrado\RGB_JPG_QUEBRADOS\grao_DSC_0466_id54.png,RGB_JPG_QUEBRADOS,RGB_JPG_QUEBRADOS
C:\Users\eduar\Desktop\Soybe-main\data\com_fundo_filtrado\RGB_JPG_CHOCHOS\grao_DSC_0167_id14.png,RGB_JPG_CHOCHOS,RGB_JPG_CHOCHOS
C:\Users\eduar\Desktop\Soybe-main\data\com_fundo_filtrado\RGB_JPG_Normais\grao_DSC_0609_id50.png,RGB_JPG_Normais,RGB_JPG_Normais
C:\Users\eduar\Desktop\Soybe-main\data\com_fundo_filtrado\RGB_JPG_Normais\grao_DSC_0142_id86.png,RGB_JPG_Normais,RGB_JPG_Normais
C:\Users\eduar\Desktop\Soybe-main\data\com_fundo_filtrado\RGB_JPG_IMPUREZAS\grao_DSC_0254_id89.png,RGB_JPG_IMPUREZAS,RGB_JPG_IMPUREZAS
C:\Users\eduar\Desktop\Soybe-main\data\com_fundo_filtrado\RGB_JPG_IMPUREZAS\grao_DSC_0262_id9.png,RGB_JPG_IMPUREZAS,RGB_JPG_IMPUREZAS
C:\Users\eduar\Desktop\Soybe-main\data\com_fundo_filtrado\RGB_JPG_Normais\grao_DSC_0639_id38.png,RGB_JPG_Normais,RGB_JPG_Normais
C:\Users\eduar\Desktop\Soybe-main\data\com_fundo_filtrado\RGB_JPG_Normais\grao_DSC_0519_id68.png,RGB_JPG_Normais,RGB_JPG_Normais
C:\Users\eduar\Desktop\Soybe-main\data\com_fundo_filtrado\RGB_JPG_IMPUREZAS\grao_DSC_0294_id240.png,RGB_JPG_IMPUREZAS,RGB_JPG_IMPUREZAS
C:\Users\eduar\Desktop\Soybe-main\data\com_fundo_filtrado\RGB_JPG_Normais\grao_DSC_0220_id54.png,RGB_JPG_Normais,RGB_JPG_Normais
C:\Users\eduar\Desktop\Soybe-main\data\com_fundo_filtrado\RGB_JPG_Normais\grao_DSC_0217_id5.png,RGB_JPG_Normais,RGB_JPG_Normais
C:\Users\eduar\Desktop\Soybe-main\data\com_fundo_filtrado\RGB_JPG_Normais\grao_DSC_0676_id40.png,RGB_JPG_Normais,RGB_JPG_Normais
C:\Users\eduar\Desktop\Soybe-main\data\com_fundo_filtrado\RGB_JPG_Normais\grao_DSC_0621_id61.png,RGB_JPG_Normais,RGB_JPG_Normais
C:\Users\eduar\Desktop\Soybe-main\data\com_fundo_filtrado\RGB_JPG_IMPUREZAS\grao_DSC_0293_id199.png,RGB_JPG_IMPUREZAS,RGB_JPG_IMPUREZAS
C:\Users\eduar\Desktop\Soybe-main\data\com_fundo_filtrado\RGB_JPG_IMPUREZAS\grao_DSC_0242_id32.png,RGB_JPG_IMPUREZAS,RGB_JPG_IMPUREZAS
C:\Users\eduar\Desktop\Soybe-main\data\com_fundo_filtrado\RGB_JPG_Normais\grao_DSC_0393_id59.png,RGB_JPG_Normais,RGB_JPG_Normais
C:\Users\eduar\Desktop\Soybe-main\data\com_fundo_filtrado\RGB_JPG_IMPUREZAS\grao_DSC_0027_id255.png,RGB_JPG_IMPUREZAS,RGB_JPG_IMPUREZAS
C:\Users\eduar\Desktop\Soybe-main\data\com_fundo_filtrado\RGB_JPG_Normais\grao_DSC_0643_id25.png,RGB_JPG_Normais,RGB_JPG_Normais
C:\Users\eduar\Desktop\Soybe-main\data\com_fundo_filtrado\RGB_JPG_IMPUREZAS\grao_DSC_0295_id110.png,RGB_JPG_IMPUREZAS,RGB_JPG_IMPUREZAS
C:\Users\eduar\Desktop\Soybe-main\data\com_fundo_filtrado\RGB_JPG_Normais\grao_DSC_0679_id11.png,RGB_JPG_Normais,RGB_JPG_Normais
C:\Users\eduar\Desktop\Soybe-main\data\com_fundo_filtrado\RGB_JPG_CHOCHOS\grao_DSC_0326_id46.png,RGB_JPG_CHOCHOS,RGB_JPG_CHOCHOS
C:\Users\eduar\Desktop\Soybe-main\data\com_fundo_filtrado\RGB_JPG_Normais\grao_DSC_0510_id28.png,RGB_JPG_Normais,RGB_JPG_Normais
C:\Users\eduar\Desktop\Soybe-main\data\com_fundo_filtrado\RGB_JPG_Normais\grao_DSC_0371_id65.png,RGB_JPG_Normais,RGB_JPG_Normais
C:\Users\eduar\Desktop\Soybe-main\data\com_fundo_filtrado\RGB_JPG_QUEBRADOS\grao_DSC_0172_id111.png,RGB_JPG_QUEBRADOS,RGB_JPG_QUEBRADOS
C:\Users\eduar\Desktop\Soybe-main\data\com_fundo_filtrado\RGB_JPG_Normais\grao_DSC_0153_id54.png,RGB_JPG_Normais,RGB_JPG_Normais
C:\Users\eduar\Desktop\Soybe-main\data\com_fundo_filtrado\RGB_JPG_QUEBRADOS\grao_DSC_0408_id55.png,RGB_JPG_QUEBRADOS,RGB_JPG_QUEBRADOS
C:\Users\eduar\Desktop\Soybe-main\data\com_fundo_filtrado\RGB_JPG_IMPUREZAS\grao_DSC_0230_id42.png,RGB_JPG_IMPUREZAS,RGB_JPG_IMPUREZAS
C:\Users\eduar\Desktop\Soybe-main\data\com_fundo_filtrado\RGB_JPG_IMPUREZAS\grao_DSC_0040_id147.png,RGB_JPG_IMPUREZAS,RGB_JPG_IMPUREZAS
C:\Users\eduar\Desktop\Soybe-main\data\com_fundo_filtrado\RGB_JPG_IMPUREZAS\grao_DSC_0282_id177.png,RGB_JPG_IMPUREZAS,RGB_JPG_IMPUREZAS
C:\Users\eduar\Desktop\Soybe-main\data\com_fundo_filtrado\RGB_JPG_Normais\grao_DSC_0400_id47.png,RGB_JPG_Normais,RGB_JPG_Normais
C:\Users\eduar\Desktop\Soybe-main\data\com_fundo_filtrado\RGB_JPG_IMPUREZAS\grao_DSC_0040_id123.png,RGB_JPG_IMPUREZAS,RGB_JPG_IMPUREZAS
C:\Users\eduar\Desktop\Soybe-main\data\com_fundo_filtrado\RGB_JPG_CHOCHOS\grao_DSC_0332_id92.png,RGB_JPG_CHOCHOS,RGB_JPG_CHOCHOS
C:\Users\eduar\Desktop\Soybe-main\data\com_fundo_filtrado\RGB_JPG_QUEBRADOS\grao_DSC_0453_id65.png,RGB_JPG_QUEBRADOS,RGB_JPG_QUEBRADOS
C:\Users\eduar\Desktop\Soybe-main\data\com_fundo_filtrado\RGB_JPG_IMPUREZAS\grao_DSC_0280_id131.png,RGB_JPG_IMPUREZAS,RGB_JPG_IMPUREZAS
C:\Users\eduar\Desktop\Soybe-main\data\com_fundo_filtrado\RGB_JPG_Normais\grao_DSC_0517_id22.png,RGB_JPG_Normais,RGB_JPG_Normais
C:\Users\eduar\Desktop\Soybe-main\data\com_fundo_filtrado\RGB_JPG_IMPUREZAS\grao_DSC_0264_id112.png,RGB_JPG_IMPUREZAS,RGB_JPG_IMPUREZAS
C:\Users\eduar\Desktop\Soybe-main\data\com_fundo_filtrado\RGB_JPG_CHOCHOS\grao_DSC_0340_id22.png,RGB_JPG_CHOCHOS,RGB_JPG_CHOCHOS
C:\Users\eduar\Desktop\Soybe-main\data\com_fundo_filtrado\RGB_JPG_QUEBRADOS\grao_DSC_0417_id13.png,RGB_JPG_QUEBRADOS,RGB_JPG_QUEBRADOS
C:\Users\eduar\Desktop\Soybe-main\data\com_fundo_filtrado\RGB_JPG_IMPUREZAS\grao_DSC_0277_id48.png,RGB_JPG_IMPUREZAS,RGB_JPG_IMPUREZAS
C:\Users\eduar\Desktop\Soybe-main\data\com_fundo_filtrado\RGB_JPG_Normais\grao_DSC_0622_id10.png,RGB_JPG_Normais,RGB_JPG_Normais
C:\Users\eduar\Desktop\Soybe-main\data\com_fundo_filtrado\RGB_JPG_IMPUREZAS\grao_DSC_0228_id179.png,RGB_JPG_IMPUREZAS,RGB_JPG_IMPUREZAS
C:\Users\eduar\Desktop\Soybe-main\data\com_fundo_filtrado\RGB_JPG_CHOCHOS\grao_DSC_0315_id47.png,RGB_JPG_CHOCHOS,RGB_JPG_CHOCHOS
C:\Users\eduar\Desktop\Soybe-main\data\com_fundo_filtrado\RGB_JPG_ESVERDEADO\grao_DSC_0306_id31.png,RGB_JPG_ESVERDEADO,RGB_JPG_ESVERDEADO
C:\Users\eduar\Desktop\Soybe-main\data\com_fundo_filtrado\RGB_JPG_Normais\grao_DSC_0636_id41.png,RGB_JPG_Normais,RGB_JPG_Normais
C:\Users\eduar\Desktop\Soybe-main\data\com_fundo_filtrado\RGB_JPG_CHOCHOS\grao_DSC_0345_id63.png,RGB_JPG_CHOCHOS,RGB_JPG_CHOCHOS
C:\Users\eduar\Desktop\Soybe-main\data\com_fundo_filtrado\RGB_JPG_IMPUREZAS\grao_DSC_0044_id75.png,RGB_JPG_IMPUREZAS,RGB_JPG_IMPUREZAS
C:\Users\eduar\Desktop\Soybe-main\data\com_fundo_filtrado\RGB_JPG_CHOCHOS\grao_DSC_0314_id22.png,RGB_JPG_CHOCHOS,RGB_JPG_CHOCHOS
C:\Users\eduar\Desktop\Soybe-main\data\com_fundo_filtrado\RGB_JPG_QUEBRADOS\grao_DSC_0404_id36.png,RGB_JPG_QUEBRADOS,RGB_JPG_QUEBRADOS
C:\Users\eduar\Desktop\Soybe-main\data\com_fundo_filtrado\RGB_JPG_IMPUREZAS\grao_DSC_0018_id88.png,RGB_JPG_IMPUREZAS,RGB_JPG_IMPUREZAS
C:\Users\eduar\Desktop\Soybe-main\data\com_fundo_filtrado\RGB_JPG_Normais\grao_DSC_0495_id70.png,RGB_JPG_Normais,RGB_JPG_Normais
C:\Users\eduar\Desktop\Soybe-main\data\com_fundo_filtrado\RGB_JPG_Normais\grao_DSC_0370_id18.png,RGB_JPG_Normais,RGB_JPG_Normais
C:\Users\eduar\Desktop\Soybe-main\data\com_fundo_filtrado\RGB_JPG_Normais\grao_DSC_0666_id106.png,RGB_JPG_Normais,RGB_JPG_Normais
C:\Users\eduar\Desktop\Soybe-main\data\com_fundo_filtrado\RGB_JPG_Normais\grao_DSC_0377_id36.png,RGB_JPG_Normais,RGB_JPG_Normais
C:\Users\eduar\Desktop\Soybe-main\data\com_fundo_filtrado\RGB_JPG_Normais\grao_DSC_0640_id91.png,RGB_JPG_Normais,RGB_JPG_Normais
C:\Users\eduar\Desktop\Soybe-main\data\com_fundo_filtrado\RGB_JPG_IMPUREZAS\grao_DSC_0269_id203.png,RGB_JPG_IMPUREZAS,RGB_JPG_IMPUREZAS
C:\Users\eduar\Desktop\Soybe-main\data\com_fundo_filtrado\RGB_JPG_Normais\grao_DSC_0611_id85.png,RGB_JPG_Normais,RGB_JPG_Normais
C:\Users\eduar\Desktop\Soybe-main\data\com_fundo_filtrado\RGB_JPG_Normais\grao_DSC_0619_id85.png,RGB_JPG_Normais,RGB_JPG_Normais
C:\Users\eduar\Desktop\Soybe-main\data\com_fundo_filtrado\RGB_JPG_ESVERDEADO\grao_DSC_0311_id90.png,RGB_JPG_ESVERDEADO,RGB_JPG_ESVERDEADO
C:\Users\eduar\Desktop\Soybe-main\data\com_fundo_filtrado\RGB_JPG_QUEBRADOS\grao_DSC_0459_id59.png,RGB_JPG_QUEBRADOS,RGB_JPG_QUEBRADOS
C:\Users\eduar\Desktop\Soybe-main\data\com_fundo_filtrado\RGB_JPG_QUEBRADOS\grao_DSC_0418_id73.png,RGB_JPG_QUEBRADOS,RGB_JPG_QUEBRADOS
C:\Users\eduar\Desktop\Soybe-main\data\com_fundo_filtrado\RGB_JPG_MAMONAS\grao_DSC_0190_id251.png,RGB_JPG_MAMONAS,RGB_JPG_MAMONAS
C:\Users\eduar\Desktop\Soybe-main\data\com_fundo_filtrado\RGB_JPG_IMPUREZAS\grao_DSC_0041_id139.png,RGB_JPG_IMPUREZAS,RGB_JPG_IMPUREZAS
C:\Users\eduar\Desktop\Soybe-main\data\com_fundo_filtrado\RGB_JPG_Normais\grao_DSC_0515_id63.png,RGB_JPG_Normais,RGB_JPG_Normais
C:\Users\eduar\Desktop\Soybe-main\data\com_fundo_filtrado\RGB_JPG_IMPUREZAS\grao_DSC_0249_id15.png,RGB_JPG_IMPUREZAS,RGB_JPG_IMPUREZAS
C:\Users\eduar\Desktop\Soybe-main\data\com_fundo_filtrado\RGB_JPG_Normais\grao_DSC_0637_id65.png,RGB_JPG_Normais,RGB_JPG_Normais
C:\Users\eduar\Desktop\Soybe-main\data\com_fundo_filtrado\RGB_JPG_QUEBRADOS\grao_DSC_0439_id16.png,RGB_JPG_QUEBRADOS,RGB_JPG_QUEBRADOS
C:\Users\eduar\Desktop\Soybe-main\data\com_fundo_filtrado\RGB_JPG_IMPUREZAS\grao_DSC_0274_id9.png,RGB_JPG_IMPUREZAS,RGB_JPG_IMPUREZAS
C:\Users\eduar\Desktop\Soybe-main\data\com_fundo_filtrado\RGB_JPG_Normais\grao_DSC_0648_id49.png,RGB_JPG_Normais,RGB_JPG_Normais
C:\Users\eduar\Desktop\Soybe-main\data\com_fundo_filtrado\RGB_JPG_Normais\grao_DSC_0213_id68.png,RGB_JPG_Normais,RGB_JPG_Normais
C:\Users\eduar\Desktop\Soybe-main\data\com_fundo_filtrado\RGB_JPG_IMPUREZAS\grao_DSC_0287_id64.png,RGB_JPG_IMPUREZAS,RGB_JPG_IMPUREZAS
C:\Users\eduar\Desktop\Soybe-main\data\com_fundo_filtrado\RGB_JPG_Normais\grao_DSC_0393_id84.png,RGB_JPG_Normais,RGB_JPG_Normais
C:\Users\eduar\Desktop\Soybe-main\data\com_fundo_filtrado\RGB_JPG_Normais\grao_DSC_0365_id121.png,RGB_JPG_Normais,RGB_JPG_Normais
C:\Users\eduar\Desktop\Soybe-main\data\com_fundo_filtrado\RGB_JPG_MAMONAS\grao_DSC_0186_id19.png,RGB_JPG_MAMONAS,RGB_JPG_MAMONAS
C:\Users\eduar\Desktop\Soybe-main\data\com_fundo_filtrado\RGB_JPG_Normais\grao_DSC_0141_id84.png,RGB_JPG_Normais,RGB_JPG_Normais
C:\Users\eduar\Desktop\Soybe-main\data\com_fundo_filtrado\RGB_JPG_IMPUREZAS\grao_DSC_0243_id16.png,RGB_JPG_IMPUREZAS,RGB_JPG_IMPUREZAS
C:\Users\eduar\Desktop\Soybe-main\data\com_fundo_filtrado\RGB_JPG_Normais\grao_DSC_0641_id99.png,RGB_JPG_Normais,RGB_JPG_Normais
C:\Users\eduar\Desktop\Soybe-main\data\com_fundo_filtrado\RGB_JPG_Normais\grao_DSC_0394_id49.png,RGB_JPG_Normais,RGB_JPG_Normais
C:\Users\eduar\Desktop\Soybe-main\data\com_fundo_filtrado\RGB_JPG_Normais\grao_DSC_0377_id49.png,RGB_JPG_Normais,RGB_JPG_Normais
C:\Users\eduar\Desktop\Soybe-main\data\com_fundo_filtrado\RGB_JPG_CHOCHOS\grao_DSC_0353_id87.png,RGB_JPG_CHOCHOS,RGB_JPG_CHOCHOS
C:\Users\eduar\Desktop\Soybe-main\data\com_fundo_filtrado\RGB_JPG_IMPUREZAS\grao_DSC_0295_id240.png,RGB_JPG_IMPUREZAS,RGB_JPG_IMPUREZAS
C:\Users\eduar\Desktop\Soybe-main\data\com_fundo_filtrado\RGB_JPG_Normais\grao_DSC_0619_id115.png,RGB_JPG_Normais,RGB_JPG_Normais
C:\Users\eduar\Desktop\Soybe-main\data\com_fundo_filtrado\RGB_JPG_IMPUREZAS\grao_DSC_0259_id185.png,RGB_JPG_IMPUREZAS,RGB_JPG_IMPUREZAS
C:\Users\eduar\Desktop\Soybe-main\data\com_fundo_filtrado\RGB_JPG_IMPUREZAS\grao_DSC_0276_id264.png,RGB_JPG_IMPUREZAS,RGB_JPG_IMPUREZAS
C:\Users\eduar\Desktop\Soybe-main\data\com_fundo_filtrado\RGB_JPG_ESVERDEADO\grao_DSC_0311_id80.png,RGB_JPG_ESVERDEADO,RGB_JPG_ESVERDEADO
C:\Users\eduar\Desktop\Soybe-main\data\com_fundo_filtrado\RGB_JPG_QUEBRADOS\grao_DSC_0427_id55.png,RGB_JPG_QUEBRADOS,RGB_JPG_QUEBRADOS
C:\Users\eduar\Desktop\Soybe-main\data\com_fundo_filtrado\RGB_JPG_IMPUREZAS\grao_DSC_0283_id152.png,RGB_JPG_IMPUREZAS,RGB_JPG_IMPUREZAS
C:\Users\eduar\Desktop\Soybe-main\data\com_fundo_filtrado\RGB_JPG_IMPUREZAS\grao_DSC_0244_id199.png,RGB_JPG_IMPUREZAS,RGB_JPG_IMPUREZAS
C:\Users\eduar\Desktop\Soybe-main\data\com_fundo_filtrado\RGB_JPG_IMPUREZAS\grao_DSC_0020_id147.png,RGB_JPG_IMPUREZAS,RGB_JPG_IMPUREZAS
C:\Users\eduar\Desktop\Soybe-main\data\com_fundo_filtrado\RGB_JPG_Normais\grao_DSC_0670_id5.png,RGB_JPG_Normais,RGB_JPG_Normais
C:\Users\eduar\Desktop\Soybe-main\data\com_fundo_filtrado\RGB_JPG_Normais\grao_DSC_0490_id65.png,RGB_JPG_Normais,RGB_JPG_Normais
C:\Users\eduar\Desktop\Soybe-main\data\com_fundo_filtrado\RGB_JPG_Normais\grao_DSC_0495_id92.png,RGB_JPG_Normais,RGB_JPG_Normais
C:\Users\eduar\Desktop\Soybe-main\data\com_fundo_filtrado\RGB_JPG_Normais\grao_DSC_0516_id62.png,RGB_JPG_Normais,RGB_JPG_Normais
C:\Users\eduar\Desktop\Soybe-main\data\com_fundo_filtrado\RGB_JPG_IMPUREZAS\grao_DSC_0252_id44.png,RGB_JPG_IMPUREZAS,RGB_JPG_IMPUREZAS
C:\Users\eduar\Desktop\Soybe-main\data\com_fundo_filtrado\RGB_JPG_Normais\grao_DSC_0151_id54.png,RGB_JPG_Normais,RGB_JPG_Normais
C:\Users\eduar\Desktop\Soybe-main\data\com_fundo_filtrado\RGB_JPG_Normais\grao_DSC_0481_id19.png,RGB_JPG_Normais,RGB_JPG_Normais
C:\Users\eduar\Desktop\Soybe-main\data\com_fundo_filtrado\RGB_JPG_Normais\grao_DSC_0471_id70.png,RGB_JPG_Normais,RGB_JPG_Normais
C:\Users\eduar\Desktop\Soybe-main\data\com_fundo_filtrado\RGB_JPG_QUEBRADOS\grao_DSC_0462_id52.png,RGB_JPG_QUEBRADOS,RGB_JPG_QUEBRADOS
C:\Users\eduar\Desktop\Soybe-main\data\com_fundo_filtrado\RGB_JPG_Normais\grao_DSC_0650_id54.png,RGB_JPG_Normais,RGB_JPG_Normais
C:\Users\eduar\Desktop\Soybe-main\data\com_fundo_filtrado\RGB_JPG_IMPUREZAS\grao_DSC_0228_id65.png,RGB_JPG_IMPUREZAS,RGB_JPG_IMPUREZAS
C:\Users\eduar\Desktop\Soybe-main\data\com_fundo_filtrado\RGB_JPG_Normais\grao_DSC_0153_id36.png,RGB_JPG_Normais,RGB_JPG_Normais
C:\Users\eduar\Desktop\Soybe-main\data\com_fundo_filtrado\RGB_JPG_Normais\grao_DSC_0654_id4.png,RGB_JPG_Normais,RGB_JPG_Normais
C:\Users\eduar\Desktop\Soybe-main\data\com_fundo_filtrado\RGB_JPG_IMPUREZAS\grao_DSC_0228_id225.png,RGB_JPG_IMPUREZAS,RGB_JPG_IMPUREZAS
C:\Users\eduar\Desktop\Soybe-main\data\com_fundo_filtrado\RGB_JPG_IMPUREZAS\grao_DSC_0276_id43.png,RGB_JPG_IMPUREZAS,RGB_JPG_IMPUREZAS
C:\Users\eduar\Desktop\Soybe-main\data\com_fundo_filtrado\RGB_JPG_QUEBRADOS\grao_DSC_0422_id83.png,RGB_JPG_QUEBRADOS,RGB_JPG_QUEBRADOS
C:\Users\eduar\Desktop\Soybe-main\data\com_fundo_filtrado\RGB_JPG_Normais\grao_DSC_0378_id5.png,RGB_JPG_Normais,RGB_JPG_Normais
C:\Users\eduar\Desktop\Soybe-main\data\com_fundo_filtrado\RGB_JPG_IMPUREZAS\grao_DSC_0252_id178.png,RGB_JPG_IMPUREZAS,RGB_JPG_IMPUREZAS
C:\Users\eduar\Desktop\Soybe-main\data\com_fundo_filtrado\RGB_JPG_QUEBRADOS\grao_DSC_0447_id83.png,RGB_JPG_QUEBRADOS,RGB_JPG_QUEBRADOS
C:\Users\eduar\Desktop\Soybe-main\data\com_fundo_filtrado\RGB_JPG_PURPURAS\grao_DSC_0049_id56.png,RGB_JPG_PURPURAS,RGB_JPG_PURPURAS
C:\Users\eduar\Desktop\Soybe-main\data\com_fundo_filtrado\RGB_JPG_IMPUREZAS\grao_DSC_0019_id187.png,RGB_JPG_IMPUREZAS,RGB_JPG_IMPUREZAS
C:\Users\eduar\Desktop\Soybe-main\data\com_fundo_filtrado\RGB_JPG_ESVERDEADO\grao_DSC_0301_id21.png,RGB_JPG_ESVERDEADO,RGB_JPG_ESVERDEADO
C:\Users\eduar\Desktop\Soybe-main\data\com_fundo_filtrado\RGB_JPG_Normais\grao_DSC_0503_id89.png,RGB_JPG_Normais,RGB_JPG_Normais
C:\Users\eduar\Desktop\Soybe-main\data\com_fundo_filtrado\RGB_JPG_IMPUREZAS\grao_DSC_0263_id75.png,RGB_JPG_IMPUREZAS,RGB_JPG_IMPUREZAS
C:\Users\eduar\Desktop\Soybe-main\data\com_fundo_filtrado\RGB_JPG_Normais\grao_DSC_0219_id62.png,RGB_JPG_Normais,RGB_JPG_Normais
C:\Users\eduar\Desktop\Soybe-main\data\com_fundo_filtrado\RGB_JPG_Normais\grao_DSC_0474_id56.png,RGB_JPG_Normais,RGB_JPG_Normais
C:\Users\eduar\Desktop\Soybe-main\data\com_fundo_filtrado\RGB_JPG_IMPUREZAS\grao_DSC_0274_id109.png,RGB_JPG_IMPUREZAS,RGB_JPG_IMPUREZAS
C:\Users\eduar\Desktop\Soybe-main\data\com_fundo_filtrado\RGB_JPG_QUEBRADOS\grao_DSC_0462_id58.png,RGB_JPG_QUEBRADOS,RGB_JPG_QUEBRADOS
C:\Users\eduar\Desktop\Soybe-main\data\com_fundo_filtrado\RGB_JPG_CHOCHOS\grao_DSC_0313_id71.png,RGB_JPG_CHOCHOS,RGB_JPG_CHOCHOS
C:\Users\eduar\Desktop\Soybe-main\data\com_fundo_filtrado\RGB_JPG_QUEBRADOS\grao_DSC_0427_id43.png,RGB_JPG_QUEBRADOS,RGB_JPG_QUEBRADOS
C:\Users\eduar\Desktop\Soybe-main\data\com_fundo_filtrado\RGB_JPG_IMPUREZAS\grao_DSC_0257_id119.png,RGB_JPG_IMPUREZAS,RGB_JPG_IMPUREZAS
C:\Users\eduar\Desktop\Soybe-main\data\com_fundo_filtrado\RGB_JPG_IMPUREZAS\grao_DSC_0277_id123.png,RGB_JPG_IMPUREZAS,RGB_JPG_IMPUREZAS
C:\Users\eduar\Desktop\Soybe-main\data\com_fundo_filtrado\RGB_JPG_IMPUREZAS\grao_DSC_0279_id160.png,RGB_JPG_IMPUREZAS,RGB_JPG_IMPUREZAS
C:\Users\eduar\Desktop\Soybe-main\data\com_fundo_filtrado\RGB_JPG_IMPUREZAS\grao_DSC_0030_id174.png,RGB_JPG_IMPUREZAS,RGB_JPG_IMPUREZAS
C:\Users\eduar\Desktop\Soybe-main\data\com_fundo_filtrado\RGB_JPG_Normais\grao_DSC_0515_id57.png,RGB_JPG_Normais,RGB_JPG_Normais
C:\Users\eduar\Desktop\Soybe-main\data\com_fundo_filtrado\RGB_JPG_Normais\grao_DSC_0675_id65.png,RGB_JPG_Normais,RGB_JPG_Normais
C:\Users\eduar\Desktop\Soybe-main\data\com_fundo_filtrado\RGB_JPG_Normais\grao_DSC_0475_id6.png,RGB_JPG_Normais,RGB_JPG_Normais
C:\Users\eduar\Desktop\Soybe-main\data\com_fundo_filtrado\RGB_JPG_INSETOS\grao_DSC_0163_id67.png,RGB_JPG_INSETOS,RGB_JPG_INSETOS
C:\Users\eduar\Desktop\Soybe-main\data\com_fundo_filtrado\RGB_JPG_QUEBRADOS\grao_DSC_0169_id48.png,RGB_JPG_QUEBRADOS,RGB_JPG_QUEBRADOS
C:\Users\eduar\Desktop\Soybe-main\data\com_fundo_filtrado\RGB_JPG_Normais\grao_DSC_0220_id27.png,RGB_JPG_Normais,RGB_JPG_Normais
C:\Users\eduar\Desktop\Soybe-main\data\com_fundo_filtrado\RGB_JPG_Normais\grao_DSC_0639_id81.png,RGB_JPG_Normais,RGB_JPG_Normais
C:\Users\eduar\Desktop\Soybe-main\data\com_fundo_filtrado\RGB_JPG_IMPUREZAS\grao_DSC_0003_id158.png,RGB_JPG_IMPUREZAS,RGB_JPG_IMPUREZAS
C:\Users\eduar\Desktop\Soybe-main\data\com_fundo_filtrado\RGB_JPG_MAMONAS\grao_DSC_0189_id171.png,RGB_JPG_MAMONAS,RGB_JPG_MAMONAS
C:\Users\eduar\Desktop\Soybe-main\data\com_fundo_filtrado\RGB_JPG_Normais\grao_DSC_0398_id110.png,RGB_JPG_Normais,RGB_JPG_Normais
C:\Users\eduar\Desktop\Soybe-main\data\com_fundo_filtrado\RGB_JPG_Normais\grao_DSC_0471_id28.png,RGB_JPG_Normais,RGB_JPG_Normais
C:\Users\eduar\Desktop\Soybe-main\data\com_fundo_filtrado\RGB_JPG_Normais\grao_DSC_0489_id11.png,RGB_JPG_Normais,RGB_JPG_Normais
C:\Users\eduar\Desktop\Soybe-main\data\com_fundo_filtrado\RGB_JPG_QUEBRADOS\grao_DSC_0456_id4.png,RGB_JPG_QUEBRADOS,RGB_JPG_QUEBRADOS
C:\Users\eduar\Desktop\Soybe-main\data\com_fundo_filtrado\RGB_JPG_IMPUREZAS\grao_DSC_0252_id77.png,RGB_JPG_IMPUREZAS,RGB_JPG_IMPUREZAS
C:\Users\eduar\Desktop\Soybe-main\data\com_fundo_filtrado\RGB_JPG_CHOCHOS\grao_DSC_0361_id105.png,RGB_JPG_CHOCHOS,RGB_JPG_CHOCHOS
C:\Users\eduar\Desktop\Soybe-main\data\com_fundo_filtrado\RGB_JPG_ESVERDEADO\grao_DSC_0307_id84.png,RGB_JPG_ESVERDEADO,RGB_JPG_ESVERDEADO
C:\Users\eduar\Desktop\Soybe-main\data\com_fundo_filtrado\RGB_JPG_IMPUREZAS\grao_DSC_0274_id42.png,RGB_JPG_IMPUREZAS,RGB_JPG_IMPUREZAS
C:\Users\eduar\Desktop\Soybe-main\data\com_fundo_filtrado\RGB_JPG_Normais\grao_DSC_0475_id92.png,RGB_JPG_Normais,RGB_JPG_Normais
C:\Users\eduar\Desktop\Soybe-main\data\com_fundo_filtrado\RGB_JPG_IMPUREZAS\grao_DSC_0270_id183.png,RGB_JPG_IMPUREZAS,RGB_JPG_IMPUREZAS
C:\Users\eduar\Desktop\Soybe-main\data\com_fundo_filtrado\RGB_JPG_CHOCHOS\grao_DSC_0359_id95.png,RGB_JPG_CHOCHOS,RGB_JPG_CHOCHOS
C:\Users\eduar\Desktop\Soybe-main\data\com_fundo_filtrado\RGB_JPG_QUEBRADOS\grao_DSC_0402_id55.png,RGB_JPG_QUEBRADOS,RGB_JPG_QUEBRADOS
C:\Users\eduar\Desktop\Soybe-main\data\com_fundo_filtrado\RGB_JPG_CHOCHOS\grao_DSC_0353_id98.png,RGB_JPG_CHOCHOS,RGB_JPG_CHOCHOS
C:\Users\eduar\Desktop\Soybe-main\data\com_fundo_filtrado\RGB_JPG_Normais\grao_DSC_0639_id75.png,RGB_JPG_Normais,RGB_JPG_Normais
C:\Users\eduar\Desktop\Soybe-main\data\com_fundo_filtrado\RGB_JPG_MAMONAS\grao_DSC_0186_id12.png,RGB_JPG_MAMONAS,RGB_JPG_MAMONAS
C:\Users\eduar\Desktop\Soybe-main\data\com_fundo_filtrado\RGB_JPG_Normais\grao_DSC_0671_id51.png,RGB_JPG_Normais,RGB_JPG_Normais
C:\Users\eduar\Desktop\Soybe-main\data\com_fundo_filtrado\RGB_JPG_Normais\grao_DSC_0507_id69.png,RGB_JPG_Normais,RGB_JPG_Normais
C:\Users\eduar\Desktop\Soybe-main\data\com_fundo_filtrado\RGB_JPG_Normais\grao_DSC_0210_id2.png,RGB_JPG_Normais,RGB_JPG_Normais
C:\Users\eduar\Desktop\Soybe-main\data\com_fundo_filtrado\RGB_JPG_Normais\grao_DSC_0629_id43.png,RGB_JPG_Normais,RGB_JPG_Normais
C:\Users\eduar\Desktop\Soybe-main\data\com_fundo_filtrado\RGB_JPG_IMPUREZAS\grao_DSC_0280_id3.png,RGB_JPG_IMPUREZAS,RGB_JPG_IMPUREZAS
C:\Users\eduar\Desktop\Soybe-main\data\com_fundo_filtrado\RGB_JPG_IMPUREZAS\grao_DSC_0041_id93.png,RGB_JPG_IMPUREZAS,RGB_JPG_IMPUREZAS
C:\Users\eduar\Desktop\Soybe-main\data\com_fundo_filtrado\RGB_JPG_QUEBRADOS\grao_DSC_0464_id28.png,RGB_JPG_QUEBRADOS,RGB_JPG_QUEBRADOS
C:\Users\eduar\Desktop\Soybe-main\data\com_fundo_filtrado\RGB_JPG_Normais\grao_DSC_0153_id92.png,RGB_JPG_Normais,RGB_JPG_Normais
C:\Users\eduar\Desktop\Soybe-main\data\com_fundo_filtrado\RGB_JPG_Normais\grao_DSC_0137_id31.png,RGB_JPG_Normais,RGB_JPG_Normais
C:\Users\eduar\Desktop\Soybe-main\data\com_fundo_filtrado\RGB_JPG_CHOCHOS\grao_DSC_0324_id51.png,RGB_JPG_CHOCHOS,RGB_JPG_CHOCHOS
C:\Users\eduar\Desktop\Soybe-main\data\com_fundo_filtrado\RGB_JPG_QUEBRADOS\grao_DSC_0423_id33.png,RGB_JPG_QUEBRADOS,RGB_JPG_QUEBRADOS
C:\Users\eduar\Desktop\Soybe-main\data\com_fundo_filtrado\RGB_JPG_CHOCHOS\grao_DSC_0347_id9.png,RGB_JPG_CHOCHOS,RGB_JPG_CHOCHOS
C:\Users\eduar\Desktop\Soybe-main\data\com_fundo_filtrado\RGB_JPG_IMPUREZAS\grao_DSC_0262_id207.png,RGB_JPG_IMPUREZAS,RGB_JPG_IMPUREZAS
C:\Users\eduar\Desktop\Soybe-main\data\com_fundo_filtrado\RGB_JPG_Normais\grao_DSC_0636_id17.png,RGB_JPG_Normais,RGB_JPG_Normais
C:\Users\eduar\Desktop\Soybe-main\data\com_fundo_filtrado\RGB_JPG_QUEBRADOS\grao_DSC_0432_id38.png,RGB_JPG_QUEBRADOS,RGB_JPG_QUEBRADOS
C:\Users\eduar\Desktop\Soybe-main\data\com_fundo_filtrado\RGB_JPG_Normais\grao_DSC_0518_id35.png,RGB_JPG_Normais,RGB_JPG_Normais
C:\Users\eduar\Desktop\Soybe-main\data\com_fundo_filtrado\RGB_JPG_QUEBRADOS\grao_DSC_0449_id13.png,RGB_JPG_QUEBRADOS,RGB_JPG_QUEBRADOS
C:\Users\eduar\Desktop\Soybe-main\data\com_fundo_filtrado\RGB_JPG_IMPUREZAS\grao_DSC_0241_id221.png,RGB_JPG_IMPUREZAS,RGB_JPG_IMPUREZAS
C:\Users\eduar\Desktop\Soybe-main\data\com_fundo_filtrado\RGB_JPG_IMPUREZAS\grao_DSC_0024_id75.png,RGB_JPG_IMPUREZAS,RGB_JPG_IMPUREZAS
C:\Users\eduar\Desktop\Soybe-main\data\com_fundo_filtrado\RGB_JPG_Normais\grao_DSC_0480_id65.png,RGB_JPG_Normais,RGB_JPG_Normais
C:\Users\eduar\Desktop\Soybe-main\data\com_fundo_filtrado\RGB_JPG_CHOCHOS\grao_DSC_0327_id46.png,RGB_JPG_CHOCHOS,RGB_JPG_CHOCHOS
C:\Users\eduar\Desktop\Soybe-main\data\com_fundo_filtrado\RGB_JPG_IMPUREZAS\grao_DSC_0293_id58.png,RGB_JPG_IMPUREZAS,RGB_JPG_IMPUREZAS
C:\Users\eduar\Desktop\Soybe-main\data\com_fundo_filtrado\RGB_JPG_IMPUREZAS\grao_DSC_0242_id221.png,RGB_JPG_IMPUREZAS,RGB_JPG_IMPUREZAS
C:\Users\eduar\Desktop\Soybe-main\data\com_fundo_filtrado\RGB_JPG_IMPUREZAS\grao_DSC_0025_id273.png,RGB_JPG_IMPUREZAS,RGB_JPG_IMPUREZAS
C:\Users\eduar\Desktop\Soybe-main\data\com_fundo_filtrado\RGB_JPG_Normais\grao_DSC_0672_id50.png,RGB_JPG_Normais,RGB_JPG_Normais
C:\Users\eduar\Desktop\Soybe-main\data\com_fundo_filtrado\RGB_JPG_IMPUREZAS\grao_DSC_0284_id18.png,RGB_JPG_IMPUREZAS,RGB_JPG_IMPUREZAS
C:\Users\eduar\Desktop\Soybe-main\data\com_fundo_filtrado\RGB_JPG_IMPUREZAS\grao_DSC_0246_id50.png,RGB_JPG_IMPUREZAS,RGB_JPG_IMPUREZAS
C:\Users\eduar\Desktop\Soybe-main\data\com_fundo_filtrado\RGB_JPG_Normais\grao_DSC_0617_id72.png,RGB_JPG_Normais,RGB_JPG_Normais
C:\Users\eduar\Desktop\Soybe-main\data\com_fundo_filtrado\RGB_JPG_Normais\grao_DSC_0645_id92.png,RGB_JPG_Normais,RGB_JPG_Normais
C:\Users\eduar\Desktop\Soybe-main\data\com_fundo_filtrado\RGB_JPG_CHOCHOS\grao_DSC_0350_id58.png,RGB_JPG_CHOCHOS,RGB_JPG_CHOCHOS
C:\Users\eduar\Desktop\Soybe-main\data\com_fundo_filtrado\RGB_JPG_IMPUREZAS\grao_DSC_0287_id102.png,RGB_JPG_IMPUREZAS,RGB_JPG_IMPUREZAS
C:\Users\eduar\Desktop\Soybe-main\data\com_fundo_filtrado\RGB_JPG_CHOCHOS\grao_DSC_0317_id48.png,RGB_JPG_CHOCHOS,RGB_JPG_CHOCHOS
C:\Users\eduar\Desktop\Soybe-main\data\com_fundo_filtrado\RGB_JPG_Normais\grao_DSC_0474_id67.png,RGB_JPG_Normais,RGB_JPG_Normais
C:\Users\eduar\Desktop\Soybe-main\data\com_fundo_filtrado\RGB_JPG_CHOCHOS\grao_DSC_0343_id23.png,RGB_JPG_CHOCHOS,RGB_JPG_CHOCHOS
C:\Users\eduar\Desktop\Soybe-main\data\com_fundo_filtrado\RGB_JPG_ESVERDEADO\grao_DSC_0305_id13.png,RGB_JPG_ESVERDEADO,RGB_JPG_ESVERDEADO
C:\Users\eduar\Desktop\Soybe-main\data\com_fundo_filtrado\RGB_JPG_Normais\grao_DSC_0137_id22.png,RGB_JPG_Normais,RGB_JPG_Normais
C:\Users\eduar\Desktop\Soybe-main\data\com_fundo_filtrado\RGB_JPG_Normais\grao_DSC_0385_id36.png,RGB_JPG_Normais,RGB_JPG_Normais
C:\Users\eduar\Desktop\Soybe-main\data\com_fundo_filtrado\RGB_JPG_IMPUREZAS\grao_DSC_0275_id150.png,RGB_JPG_IMPUREZAS,RGB_JPG_IMPUREZAS
C:\Users\eduar\Desktop\Soybe-main\data\com_fundo_filtrado\RGB_JPG_Normais\grao_DSC_0140_id58.png,RGB_JPG_Normais,RGB_JPG_Normais
C:\Users\eduar\Desktop\Soybe-main\data\com_fundo_filtrado\RGB_JPG_QUEBRADOS\grao_DSC_0456_id61.png,RGB_JPG_QUEBRADOS,RGB_JPG_QUEBRADOS
C:\Users\eduar\Desktop\Soybe-main\data\com_fundo_filtrado\RGB_JPG_Normais\grao_DSC_0511_id7.png,RGB_JPG_Normais,RGB_JPG_Normais
C:\Users\eduar\Desktop\Soybe-main\data\com_fundo_filtrado\RGB_JPG_QUEBRADOS\grao_DSC_0418_id72.png,RGB_JPG_QUEBRADOS,RGB_JPG_QUEBRADOS
C:\Users\eduar\Desktop\Soybe-main\data\com_fundo_filtrado\RGB_JPG_QUEBRADOS\grao_DSC_0465_id20.png,RGB_JPG_QUEBRADOS,RGB_JPG_QUEBRADOS
C:\Users\eduar\Desktop\Soybe-main\data\com_fundo_filtrado\RGB_JPG_IMPUREZAS\grao_DSC_0027_id105.png,RGB_JPG_IMPUREZAS,RGB_JPG_IMPUREZAS
C:\Users\eduar\Desktop\Soybe-main\data\com_fundo_filtrado\RGB_JPG_IMPUREZAS\grao_DSC_0273_id55.png,RGB_JPG_IMPUREZAS,RGB_JPG_IMPUREZAS
C:\Users\eduar\Desktop\Soybe-main\data\com_fundo_filtrado\RGB_JPG_IMPUREZAS\grao_DSC_0282_id209.png,RGB_JPG_IMPUREZAS,RGB_JPG_IMPUREZAS
C:\Users\eduar\Desktop\Soybe-main\data\com_fundo_filtrado\RGB_JPG_Normais\grao_DSC_0648_id53.png,RGB_JPG_Normais,RGB_JPG_Normais
C:\Users\eduar\Desktop\Soybe-main\data\com_fundo_filtrado\RGB_JPG_IMPUREZAS\grao_DSC_0035_id134.png,RGB_JPG_IMPUREZAS,RGB_JPG_IMPUREZAS
C:\Users\eduar\Desktop\Soybe-main\data\com_fundo_filtrado\RGB_JPG_IMPUREZAS\grao_DSC_0289_id76.png,RGB_JPG_IMPUREZAS,RGB_JPG_IMPUREZAS
C:\Users\eduar\Desktop\Soybe-main\data\com_fundo_filtrado\RGB_JPG_Normais\grao_DSC_0375_id99.png,RGB_JPG_Normais,RGB_JPG_Normais
C:\Users\eduar\Desktop\Soybe-main\data\com_fundo_filtrado\RGB_JPG_Normais\grao_DSC_0609_id30.png,RGB_JPG_Normais,RGB_JPG_Normais
C:\Users\eduar\Desktop\Soybe-main\data\com_fundo_filtrado\RGB_JPG_IMPUREZAS\grao_DSC_0025_id200.png,RGB_JPG_IMPUREZAS,RGB_JPG_IMPUREZAS
C:\Users\eduar\Desktop\Soybe-main\data\com_fundo_filtrado\RGB_JPG_QUEBRADOS\grao_DSC_0444_id18.png,RGB_JPG_QUEBRADOS,RGB_JPG_QUEBRADOS
C:\Users\eduar\Desktop\Soybe-main\data\com_fundo_filtrado\RGB_JPG_Normais\grao_DSC_0161_id64.png,RGB_JPG_Normais,RGB_JPG_Normais
C:\Users\eduar\Desktop\Soybe-main\data\com_fundo_filtrado\RGB_JPG_IMPUREZAS\grao_DSC_0027_id52.png,RGB_JPG_IMPUREZAS,RGB_JPG_IMPUREZAS
C:\Users\eduar\Desktop\Soybe-main\data\com_fundo_filtrado\RGB_JPG_Normais\grao_DSC_0483_id50.png,RGB_JPG_Normais,RGB_JPG_Normais
C:\Users\eduar\Desktop\Soybe-main\data\com_fundo_filtrado\RGB_JPG_IMPUREZAS\grao_DSC_0038_id139.png,RGB_JPG_IMPUREZAS,RGB_JPG_IMPUREZAS
C:\Users\eduar\Desktop\Soybe-main\data\com_fundo_filtrado\RGB_JPG_Normais\grao_DSC_0486_id88.png,RGB_JPG_Normais,RGB_JPG_Normais
C:\Users\eduar\Desktop\Soybe-main\data\com_fundo_filtrado\RGB_JPG_ESVERDEADO\grao_DSC_0301_id6.png,RGB_JPG_ESVERDEADO,RGB_JPG_ESVERDEADO
C:\Users\eduar\Desktop\Soybe-main\data\com_fundo_filtrado\RGB_JPG_QUEBRADOS\grao_DSC_0412_id75.png,RGB_JPG_QUEBRADOS,RGB_JPG_QUEBRADOS
C:\Users\eduar\Desktop\Soybe-main\data\com_fundo_filtrado\RGB_JPG_IMPUREZAS\grao_DSC_0036_id270.png,RGB_JPG_IMPUREZAS,RGB_JPG_IMPUREZAS
C:\Users\eduar\Desktop\Soybe-main\data\com_fundo_filtrado\RGB_JPG_Normais\grao_DSC_0369_id91.png,RGB_JPG_Normais,RGB_JPG_Normais
C:\Users\eduar\Desktop\Soybe-main\data\com_fundo_filtrado\RGB_JPG_Normais\grao_DSC_0398_id1.png,RGB_JPG_Normais,RGB_JPG_Normais
C:\Users\eduar\Desktop\Soybe-main\data\com_fundo_filtrado\RGB_JPG_Normais\grao_DSC_0481_id98.png,RGB_JPG_Normais,RGB_JPG_Normais
C:\Users\eduar\Desktop\Soybe-main\data\com_fundo_filtrado\RGB_JPG_Normais\grao_DSC_0680_id3.png,RGB_JPG_Normais,RGB_JPG_Normais
C:\Users\eduar\Desktop\Soybe-main\data\com_fundo_filtrado\RGB_JPG_IMPUREZAS\grao_DSC_0030_id160.png,RGB_JPG_IMPUREZAS,RGB_JPG_IMPUREZAS
C:\Users\eduar\Desktop\Soybe-main\data\com_fundo_filtrado\RGB_JPG_Normais\grao_DSC_0680_id15.png,RGB_JPG_Normais,RGB_JPG_Normais
C:\Users\eduar\Desktop\Soybe-main\data\com_fundo_filtrado\RGB_JPG_Normais\grao_DSC_0654_id42.png,RGB_JPG_Normais,RGB_JPG_Normais
C:\Users\eduar\Desktop\Soybe-main\data\com_fundo_filtrado\RGB_JPG_Normais\grao_DSC_0665_id34.png,RGB_JPG_Normais,RGB_JPG_Normais
C:\Users\eduar\Desktop\Soybe-main\data\com_fundo_filtrado\RGB_JPG_Normais\grao_DSC_0520_id43.png,RGB_JPG_Normais,RGB_JPG_Normais
C:\Users\eduar\Desktop\Soybe-main\data\com_fundo_filtrado\RGB_JPG_Normais\grao_DSC_0398_id97.png,RGB_JPG_Normais,RGB_JPG_Normais
C:\Users\eduar\Desktop\Soybe-main\data\com_fundo_filtrado\RGB_JPG_IMPUREZAS\grao_DSC_0283_id197.png,RGB_JPG_IMPUREZAS,RGB_JPG_IMPUREZAS
C:\Users\eduar\Desktop\Soybe-main\data\com_fundo_filtrado\RGB_JPG_Normais\grao_DSC_0657_id14.png,RGB_JPG_Normais,RGB_JPG_Normais
C:\Users\eduar\Desktop\Soybe-main\data\com_fundo_filtrado\RGB_JPG_Normais\grao_DSC_0655_id3.png,RGB_JPG_Normais,RGB_JPG_Normais
C:\Users\eduar\Desktop\Soybe-main\data\com_fundo_filtrado\RGB_JPG_QUEBRADOS\grao_DSC_0460_id81.png,RGB_JPG_QUEBRADOS,RGB_JPG_QUEBRADOS
C:\Users\eduar\Desktop\Soybe-main\data\com_fundo_filtrado\RGB_JPG_CHOCHOS\grao_DSC_0167_id93.png,RGB_JPG_CHOCHOS,RGB_JPG_CHOCHOS
C:\Users\eduar\Desktop\Soybe-main\data\com_fundo_filtrado\RGB_JPG_CHOCHOS\grao_DSC_0339_id102.png,RGB_JPG_CHOCHOS,RGB_JPG_CHOCHOS
C:\Users\eduar\Desktop\Soybe-main\data\com_fundo_filtrado\RGB_JPG_IMPUREZAS\grao_DSC_0260_id53.png,RGB_JPG_IMPUREZAS,RGB_JPG_IMPUREZAS
C:\Users\eduar\Desktop\Soybe-main\data\com_fundo_filtrado\RGB_JPG_Normais\grao_DSC_0666_id45.png,RGB_JPG_Normais,RGB_JPG_Normais
C:\Users\eduar\Desktop\Soybe-main\data\com_fundo_filtrado\RGB_JPG_Normais\grao_DSC_0378_id60.png,RGB_JPG_Normais,RGB_JPG_Normais
C:\Users\eduar\Desktop\Soybe-main\data\com_fundo_filtrado\RGB_JPG_QUEBRADOS\grao_DSC_0465_id23.png,RGB_JPG_QUEBRADOS,RGB_JPG_QUEBRADOS
C:\Users\eduar\Desktop\Soybe-main\data\com_fundo_filtrado\RGB_JPG_IMPUREZAS\grao_DSC_0292_id194.png,RGB_JPG_IMPUREZAS,RGB_JPG_IMPUREZAS
C:\Users\eduar\Desktop\Soybe-main\data\com_fundo_filtrado\RGB_JPG_Normais\grao_DSC_0643_id18.png,RGB_JPG_Normais,RGB_JPG_Normais
C:\Users\eduar\Desktop\Soybe-main\data\com_fundo_filtrado\RGB_JPG_Normais\grao_DSC_0470_id58.png,RGB_JPG_Normais,RGB_JPG_Normais
C:\Users\eduar\Desktop\Soybe-main\data\com_fundo_filtrado\RGB_JPG_Normais\grao_DSC_0487_id54.png,RGB_JPG_Normais,RGB_JPG_Normais
C:\Users\eduar\Desktop\Soybe-main\data\com_fundo_filtrado\RGB_JPG_Normais\grao_DSC_0617_id71.png,RGB_JPG_Normais,RGB_JPG_Normais
C:\Users\eduar\Desktop\Soybe-main\data\com_fundo_filtrado\RGB_JPG_QUEBRADOS\grao_DSC_0405_id68.png,RGB_JPG_QUEBRADOS,RGB_JPG_QUEBRADOS
C:\Users\eduar\Desktop\Soybe-main\data\com_fundo_filtrado\RGB_JPG_IMPUREZAS\grao_DSC_0019_id200.png,RGB_JPG_IMPUREZAS,RGB_JPG_IMPUREZAS
C:\Users\eduar\Desktop\Soybe-main\data\com_fundo_filtrado\RGB_JPG_QUEBRADOS\grao_DSC_0428_id101.png,RGB_JPG_QUEBRADOS,RGB_JPG_QUEBRADOS
C:\Users\eduar\Desktop\Soybe-main\data\com_fundo_filtrado\RGB_JPG_IMPUREZAS\grao_DSC_0281_id88.png,RGB_JPG_IMPUREZAS,RGB_JPG_IMPUREZAS
C:\Users\eduar\Desktop\Soybe-main\data\com_fundo_filtrado\RGB_JPG_MAMONAS\grao_DSC_0190_id30.png,RGB_JPG_MAMONAS,RGB_JPG_MAMONAS
C:\Users\eduar\Desktop\Soybe-main\data\com_fundo_filtrado\RGB_JPG_CHOCHOS\grao_DSC_0341_id49.png,RGB_JPG_CHOCHOS,RGB_JPG_CHOCHOS
C:\Users\eduar\Desktop\Soybe-main\data\com_fundo_filtrado\RGB_JPG_PURPURAS\grao_DSC_0050_id54.png,RGB_JPG_PURPURAS,RGB_JPG_PURPURAS
C:\Users\eduar\Desktop\Soybe-main\data\com_fundo_filtrado\RGB_JPG_IMPUREZAS\grao_DSC_0275_id213.png,RGB_JPG_IMPUREZAS,RGB_JPG_IMPUREZAS
C:\Users\eduar\Desktop\Soybe-main\data\com_fundo_filtrado\RGB_JPG_Normais\grao_DSC_0668_id49.png,RGB_JPG_Normais,RGB_JPG_Normais
C:\Users\eduar\Desktop\Soybe-main\data\com_fundo_filtrado\RGB_JPG_Normais\grao_DSC_0495_id38.png,RGB_JPG_Normais,RGB_JPG_Normais
C:\Users\eduar\Desktop\Soybe-main\data\com_fundo_filtrado\RGB_JPG_ESVERDEADO\grao_DSC_0299_id62.png,RGB_JPG_ESVERDEADO,RGB_JPG_ESVERDEADO
C:\Users\eduar\Desktop\Soybe-main\data\com_fundo_filtrado\RGB_JPG_Normais\grao_DSC_0636_id30.png,RGB_JPG_Normais,RGB_JPG_Normais
C:\Users\eduar\Desktop\Soybe-main\data\com_fundo_filtrado\RGB_JPG_Normais\grao_DSC_0680_id56.png,RGB_JPG_Normais,RGB_JPG_Normais
C:\Users\eduar\Desktop\Soybe-main\data\com_fundo_filtrado\RGB_JPG_QUEBRADOS\grao_DSC_0170_id99.png,RGB_JPG_QUEBRADOS,RGB_JPG_QUEBRADOS
C:\Users\eduar\Desktop\Soybe-main\data\com_fundo_filtrado\RGB_JPG_IMPUREZAS\grao_DSC_0274_id2.png,RGB_JPG_IMPUREZAS,RGB_JPG_IMPUREZAS
C:\Users\eduar\Desktop\Soybe-main\data\com_fundo_filtrado\RGB_JPG_QUEBRADOS\grao_DSC_0405_id21.png,RGB_JPG_QUEBRADOS,RGB_JPG_QUEBRADOS
C:\Users\eduar\Desktop\Soybe-main\data\com_fundo_filtrado\RGB_JPG_QUEBRADOS\grao_DSC_0467_id5.png,RGB_JPG_QUEBRADOS,RGB_JPG_QUEBRADOS
C:\Users\eduar\Desktop\Soybe-main\data\com_fundo_filtrado\RGB_JPG_Normais\grao_DSC_0652_id42.png,RGB_JPG_Normais,RGB_JPG_Normais
C:\Users\eduar\Desktop\Soybe-main\data\com_fundo_filtrado\RGB_JPG_IMPUREZAS\grao_DSC_0251_id173.png,RGB_JPG_IMPUREZAS,RGB_JPG_IMPUREZAS
C:\Users\eduar\Desktop\Soybe-main\data\com_fundo_filtrado\RGB_JPG_CHOCHOS\grao_DSC_0344_id101.png,RGB_JPG_CHOCHOS,RGB_JPG_CHOCHOS
C:\Users\eduar\Desktop\Soybe-main\data\com_fundo_filtrado\RGB_JPG_Normais\grao_DSC_0477_id45.png,RGB_JPG_Normais,RGB_JPG_Normais
C:\Users\eduar\Desktop\Soybe-main\data\com_fundo_filtrado\RGB_JPG_Normais\grao_DSC_0654_id65.png,RGB_JPG_Normais,RGB_JPG_Normais
C:\Users\eduar\Desktop\Soybe-main\data\com_fundo_filtrado\RGB_JPG_IMPUREZAS\grao_DSC_0026_id90.png,RGB_JPG_IMPUREZAS,RGB_JPG_IMPUREZAS
C:\Users\eduar\Desktop\Soybe-main\data\com_fundo_filtrado\RGB_JPG_IMPUREZAS\grao_DSC_0021_id207.png,RGB_JPG_IMPUREZAS,RGB_JPG_IMPUREZAS
C:\Users\eduar\Desktop\Soybe-main\data\com_fundo_filtrado\RGB_JPG_QUEBRADOS\grao_DSC_0426_id38.png,RGB_JPG_QUEBRADOS,RGB_JPG_QUEBRADOS
C:\Users\eduar\Desktop\Soybe-main\data\com_fundo_filtrado\RGB_JPG_CHOCHOS\grao_DSC_0318_id39.png,RGB_JPG_CHOCHOS,RGB_JPG_CHOCHOS
C:\Users\eduar\Desktop\Soybe-main\data\com_fundo_filtrado\RGB_JPG_CHOCHOS\grao_DSC_0335_id58.png,RGB_JPG_CHOCHOS,RGB_JPG_CHOCHOS
C:\Users\eduar\Desktop\Soybe-main\data\com_fundo_filtrado\RGB_JPG_Normais\grao_DSC_0501_id72.png,RGB_JPG_Normais,RGB_JPG_Normais
C:\Users\eduar\Desktop\Soybe-main\data\com_fundo_filtrado\RGB_JPG_IMPUREZAS\grao_DSC_0243_id40.png,RGB_JPG_IMPUREZAS,RGB_JPG_IMPUREZAS
C:\Users\eduar\Desktop\Soybe-main\data\com_fundo_filtrado\RGB_JPG_Normais\grao_DSC_0662_id21.png,RGB_JPG_Normais,RGB_JPG_Normais
C:\Users\eduar\Desktop\Soybe-main\data\com_fundo_filtrado\RGB_JPG_Normais\grao_DSC_0398_id18.png,RGB_JPG_Normais,RGB_JPG_Normais
C:\Users\eduar\Desktop\Soybe-main\data\com_fundo_filtrado\RGB_JPG_IMPUREZAS\grao_DSC_0007_id195.png,RGB_JPG_IMPUREZAS,RGB_JPG_IMPUREZAS
C:\Users\eduar\Desktop\Soybe-main\data\com_fundo_filtrado\RGB_JPG_QUEBRADOS\grao_DSC_0458_id11.png,RGB_JPG_QUEBRADOS,RGB_JPG_QUEBRADOS
C:\Users\eduar\Desktop\Soybe-main\data\com_fundo_filtrado\RGB_JPG_IMPUREZAS\grao_DSC_0011_id113.png,RGB_JPG_IMPUREZAS,RGB_JPG_IMPUREZAS
C:\Users\eduar\Desktop\Soybe-main\data\com_fundo_filtrado\RGB_JPG_IMPUREZAS\grao_DSC_0228_id173.png,RGB_JPG_IMPUREZAS,RGB_JPG_IMPUREZAS
C:\Users\eduar\Desktop\Soybe-main\data\com_fundo_filtrado\RGB_JPG_QUEBRADOS\grao_DSC_0408_id91.png,RGB_JPG_QUEBRADOS,RGB_JPG_QUEBRADOS
C:\Users\eduar\Desktop\Soybe-main\data\com_fundo_filtrado\RGB_JPG_Normais\grao_DSC_0376_id76.png,RGB_JPG_Normais,RGB_JPG_Normais
C:\Users\eduar\Desktop\Soybe-main\data\com_fundo_filtrado\RGB_JPG_Normais\grao_DSC_0160_id35.png,RGB_JPG_Normais,RGB_JPG_Normais
C:\Users\eduar\Desktop\Soybe-main\data\com_fundo_filtrado\RGB_JPG_IMPUREZAS\grao_DSC_0248_id166.png,RGB_JPG_IMPUREZAS,RGB_JPG_IMPUREZAS
C:\Users\eduar\Desktop\Soybe-main\data\com_fundo_filtrado\RGB_JPG_QUEBRADOS\grao_DSC_0421_id51.png,RGB_JPG_QUEBRADOS,RGB_JPG_QUEBRADOS
C:\Users\eduar\Desktop\Soybe-main\data\com_fundo_filtrado\RGB_JPG_Normais\grao_DSC_0211_id101.png,RGB_JPG_Normais,RGB_JPG_Normais
C:\Users\eduar\Desktop\Soybe-main\data\com_fundo_filtrado\RGB_JPG_QUEBRADOS\grao_DSC_0458_id79.png,RGB_JPG_QUEBRADOS,RGB_JPG_QUEBRADOS
C:\Users\eduar\Desktop\Soybe-main\data\com_fundo_filtrado\RGB_JPG_MAMONAS\grao_DSC_0189_id265.png,RGB_JPG_MAMONAS,RGB_JPG_MAMONAS
C:\Users\eduar\Desktop\Soybe-main\data\com_fundo_filtrado\RGB_JPG_Normais\grao_DSC_0484_id75.png,RGB_JPG_Normais,RGB_JPG_Normais
C:\Users\eduar\Desktop\Soybe-main\data\com_fundo_filtrado\RGB_JPG_QUEBRADOS\grao_DSC_0168_id89.png,RGB_JPG_QUEBRADOS,RGB_JPG_QUEBRADOS
C:\Users\eduar\Desktop\Soybe-main\data\com_fundo_filtrado\RGB_JPG_Normais\grao_DSC_0157_id13.png,RGB_JPG_Normais,RGB_JPG_Normais
C:\Users\eduar\Desktop\Soybe-main\data\com_fundo_filtrado\RGB_JPG_Normais\grao_DSC_0368_id106.png,RGB_JPG_Normais,RGB_JPG_Normais
C:\Users\eduar\Desktop\Soybe-main\data\com_fundo_filtrado\RGB_JPG_Normais\grao_DSC_0642_id4.png,RGB_JPG_Normais,RGB_JPG_Normais
C:\Users\eduar\Desktop\Soybe-main\data\com_fundo_filtrado\RGB_JPG_ESVERDEADO\grao_DSC_0302_id13.png,RGB_JPG_ESVERDEADO,RGB_JPG_ESVERDEADO
C:\Users\eduar\Desktop\Soybe-main\data\com_fundo_filtrado\RGB_JPG_QUEBRADOS\grao_DSC_0453_id13.png,RGB_JPG_QUEBRADOS,RGB_JPG_QUEBRADOS
C:\Users\eduar\Desktop\Soybe-main\data\com_fundo_filtrado\RGB_JPG_IMPUREZAS\grao_DSC_0226_id183.png,RGB_JPG_IMPUREZAS,RGB_JPG_IMPUREZAS
C:\Users\eduar\Desktop\Soybe-main\data\com_fundo_filtrado\RGB_JPG_QUEBRADOS\grao_DSC_0426_id37.png,RGB_JPG_QUEBRADOS,RGB_JPG_QUEBRADOS
C:\Users\eduar\Desktop\Soybe-main\data\com_fundo_filtrado\RGB_JPG_Normais\grao_DSC_0638_id108.png,RGB_JPG_Normais,RGB_JPG_Normais
C:\Users\eduar\Desktop\Soybe-main\data\com_fundo_filtrado\RGB_JPG_CHOCHOS\grao_DSC_0363_id57.png,RGB_JPG_CHOCHOS,RGB_JPG_CHOCHOS
C:\Users\eduar\Desktop\Soybe-main\data\com_fundo_filtrado\RGB_JPG_CHOCHOS\grao_DSC_0314_id10.png,RGB_JPG_CHOCHOS,RGB_JPG_CHOCHOS
C:\Users\eduar\Desktop\Soybe-main\data\com_fundo_filtrado\RGB_JPG_CHOCHOS\grao_DSC_0361_id34.png,RGB_JPG_CHOCHOS,RGB_JPG_CHOCHOS
C:\Users\eduar\Desktop\Soybe-main\data\com_fundo_filtrado\RGB_JPG_ESVERDEADO\grao_DSC_0299_id75.png,RGB_JPG_ESVERDEADO,RGB_JPG_ESVERDEADO
C:\Users\eduar\Desktop\Soybe-main\data\com_fundo_filtrado\RGB_JPG_QUEBRADOS\grao_DSC_0423_id47.png,RGB_JPG_QUEBRADOS,RGB_JPG_QUEBRADOS
C:\Users\eduar\Desktop\Soybe-main\data\com_fundo_filtrado\RGB_JPG_IMPUREZAS\grao_DSC_0225_id94.png,RGB_JPG_IMPUREZAS,RGB_JPG_IMPUREZAS
C:\Users\eduar\Desktop\Soybe-main\data\com_fundo_filtrado\RGB_JPG_QUEBRADOS\grao_DSC_0465_id86.png,RGB_JPG_QUEBRADOS,RGB_JPG_QUEBRADOS
C:\Users\eduar\Desktop\Soybe-main\data\com_fundo_filtrado\RGB_JPG_IMPUREZAS\grao_DSC_0032_id4.png,RGB_JPG_IMPUREZAS,RGB_JPG_IMPUREZAS
C:\Users\eduar\Desktop\Soybe-main\data\com_fundo_filtrado\RGB_JPG_PURPURAS\grao_DSC_0048_id25.png,RGB_JPG_PURPURAS,RGB_JPG_PURPURAS
C:\Users\eduar\Desktop\Soybe-main\data\com_fundo_filtrado\RGB_JPG_QUEBRADOS\grao_DSC_0173_id54.png,RGB_JPG_QUEBRADOS,RGB_JPG_QUEBRADOS
C:\Users\eduar\Desktop\Soybe-main\data\com_fundo_filtrado\RGB_JPG_Normais\grao_DSC_0137_id93.png,RGB_JPG_Normais,RGB_JPG_Normais
C:\Users\eduar\Desktop\Soybe-main\data\com_fundo_filtrado\RGB_JPG_Normais\grao_DSC_0382_id37.png,RGB_JPG_Normais,RGB_JPG_Normais
C:\Users\eduar\Desktop\Soybe-main\data\com_fundo_filtrado\RGB_JPG_IMPUREZAS\grao_DSC_0266_id88.png,RGB_JPG_IMPUREZAS,RGB_JPG_IMPUREZAS
C:\Users\eduar\Desktop\Soybe-main\data\com_fundo_filtrado\RGB_JPG_Normais\grao_DSC_0623_id33.png,RGB_JPG_Normais,RGB_JPG_Normais
C:\Users\eduar\Desktop\Soybe-main\data\com_fundo_filtrado\RGB_JPG_IMPUREZAS\grao_DSC_0248_id158.png,RGB_JPG_IMPUREZAS,RGB_JPG_IMPUREZAS
C:\Users\eduar\Desktop\Soybe-main\data\com_fundo_filtrado\RGB_JPG_Normais\grao_DSC_0160_id91.png,RGB_JPG_Normais,RGB_JPG_Normais
C:\Users\eduar\Desktop\Soybe-main\data\com_fundo_filtrado\RGB_JPG_Normais\grao_DSC_0133_id10.png,RGB_JPG_Normais,RGB_JPG_Normais
C:\Users\eduar\Desktop\Soybe-main\data\com_fundo_filtrado\RGB_JPG_QUEBRADOS\grao_DSC_0405_id17.png,RGB_JPG_QUEBRADOS,RGB_JPG_QUEBRADOS
C:\Users\eduar\Desktop\Soybe-main\data\com_fundo_filtrado\RGB_JPG_IMPUREZAS\grao_DSC_0274_id87.png,RGB_JPG_IMPUREZAS,RGB_JPG_IMPUREZAS
C:\Users\eduar\Desktop\Soybe-main\data\com_fundo_filtrado\RGB_JPG_Normais\grao_DSC_0624_id43.png,RGB_JPG_Normais,RGB_JPG_Normais
C:\Users\eduar\Desktop\Soybe-main\data\com_fundo_filtrado\RGB_JPG_MAMONAS\grao_DSC_0188_id24.png,RGB_JPG_MAMONAS,RGB_JPG_MAMONAS
C:\Users\eduar\Desktop\Soybe-main\data\com_fundo_filtrado\RGB_JPG_Normais\grao_DSC_0158_id32.png,RGB_JPG_Normais,RGB_JPG_Normais
C:\Users\eduar\Desktop\Soybe-main\data\com_fundo_filtrado\RGB_JPG_Normais\grao_DSC_0377_id45.png,RGB_JPG_Normais,RGB_JPG_Normais
C:\Users\eduar\Desktop\Soybe-main\data\com_fundo_filtrado\RGB_JPG_Normais\grao_DSC_0520_id74.png,RGB_JPG_Normais,RGB_JPG_Normais
C:\Users\eduar\Desktop\Soybe-main\data\com_fundo_filtrado\RGB_JPG_Normais\grao_DSC_0663_id83.png,RGB_JPG_Normais,RGB_JPG_Normais
C:\Users\eduar\Desktop\Soybe-main\data\com_fundo_filtrado\RGB_JPG_Normais\grao_DSC_0646_id58.png,RGB_JPG_Normais,RGB_JPG_Normais
C:\Users\eduar\Desktop\Soybe-main\data\com_fundo_filtrado\RGB_JPG_CHOCHOS\grao_DSC_0350_id5.png,RGB_JPG_CHOCHOS,RGB_JPG_CHOCHOS
C:\Users\eduar\Desktop\Soybe-main\data\com_fundo_filtrado\RGB_JPG_Normais\grao_DSC_0677_id94.png,RGB_JPG_Normais,RGB_JPG_Normais
C:\Users\eduar\Desktop\Soybe-main\data\com_fundo_filtrado\RGB_JPG_IMPUREZAS\grao_DSC_0260_id138.png,RGB_JPG_IMPUREZAS,RGB_JPG_IMPUREZAS
C:\Users\eduar\Desktop\Soybe-main\data\com_fundo_filtrado\RGB_JPG_Normais\grao_DSC_0389_id68.png,RGB_JPG_Normais,RGB_JPG_Normais
C:\Users\eduar\Desktop\Soybe-main\data\com_fundo_filtrado\RGB_JPG_Normais\grao_DSC_0160_id72.png,RGB_JPG_Normais,RGB_JPG_Normais
C:\Users\eduar\Desktop\Soybe-main\data\com_fundo_filtrado\RGB_JPG_IMPUREZAS\grao_DSC_0279_id187.png,RGB_JPG_IMPUREZAS,RGB_JPG_IMPUREZAS
C:\Users\eduar\Desktop\Soybe-main\data\com_fundo_filtrado\RGB_JPG_Normais\grao_DSC_0639_id3.png,RGB_JPG_Normais,RGB_JPG_Normais
C:\Users\eduar\Desktop\Soybe-main\data\com_fundo_filtrado\RGB_JPG_Normais\grao_DSC_0389_id51.png,RGB_JPG_Normais,RGB_JPG_Normais
C:\Users\eduar\Desktop\Soybe-main\data\com_fundo_filtrado\RGB_JPG_Normais\grao_DSC_0509_id56.png,RGB_JPG_Normais,RGB_JPG_Normais
C:\Users\eduar\Desktop\Soybe-main\data\com_fundo_filtrado\RGB_JPG_Normais\grao_DSC_0517_id67.png,RGB_JPG_Normais,RGB_JPG_Normais
C:\Users\eduar\Desktop\Soybe-main\data\com_fundo_filtrado\RGB_JPG_IMPUREZAS\grao_DSC_0274_id136.png,RGB_JPG_IMPUREZAS,RGB_JPG_IMPUREZAS
C:\Users\eduar\Desktop\Soybe-main\data\com_fundo_filtrado\RGB_JPG_Normais\grao_DSC_0501_id57.png,RGB_JPG_Normais,RGB_JPG_Normais
C:\Users\eduar\Desktop\Soybe-main\data\com_fundo_filtrado\RGB_JPG_PURPURAS\grao_DSC_0146_id3.png,RGB_JPG_PURPURAS,RGB_JPG_PURPURAS
C:\Users\eduar\Desktop\Soybe-main\data\com_fundo_filtrado\RGB_JPG_Normais\grao_DSC_0372_id37.png,RGB_JPG_Normais,RGB_JPG_Normais
C:\Users\eduar\Desktop\Soybe-main\data\com_fundo_filtrado\RGB_JPG_IMPUREZAS\grao_DSC_0040_id151.png,RGB_JPG_IMPUREZAS,RGB_JPG_IMPUREZAS
C:\Users\eduar\Desktop\Soybe-main\data\com_fundo_filtrado\RGB_JPG_QUEBRADOS\grao_DSC_0434_id67.png,RGB_JPG_QUEBRADOS,RGB_JPG_QUEBRADOS
C:\Users\eduar\Desktop\Soybe-main\data\com_fundo_filtrado\RGB_JPG_CHOCHOS\grao_DSC_0362_id88.png,RGB_JPG_CHOCHOS,RGB_JPG_CHOCHOS
C:\Users\eduar\Desktop\Soybe-main\data\com_fundo_filtrado\RGB_JPG_QUEBRADOS\grao_DSC_0169_id70.png,RGB_JPG_QUEBRADOS,RGB_JPG_QUEBRADOS
C:\Users\eduar\Desktop\Soybe-main\data\com_fundo_filtrado\RGB_JPG_IMPUREZAS\grao_DSC_0002_id29.png,RGB_JPG_IMPUREZAS,RGB_JPG_IMPUREZAS
C:\Users\eduar\Desktop\Soybe-main\data\com_fundo_filtrado\RGB_JPG_Normais\grao_DSC_0161_id78.png,RGB_JPG_Normais,RGB_JPG_Normais
C:\Users\eduar\Desktop\Soybe-main\data\com_fundo_filtrado\RGB_JPG_Normais\grao_DSC_0636_id86.png,RGB_JPG_Normais,RGB_JPG_Normais
C:\Users\eduar\Desktop\Soybe-main\data\com_fundo_filtrado\RGB_JPG_Normais\grao_DSC_0623_id111.png,RGB_JPG_Normais,RGB_JPG_Normais
C:\Users\eduar\Desktop\Soybe-main\data\com_fundo_filtrado\RGB_JPG_IMPUREZAS\grao_DSC_0295_id193.png,RGB_JPG_IMPUREZAS,RGB_JPG_IMPUREZAS
C:\Users\eduar\Desktop\Soybe-main\data\com_fundo_filtrado\RGB_JPG_IMPUREZAS\grao_DSC_0005_id29.png,RGB_JPG_IMPUREZAS,RGB_JPG_IMPUREZAS
C:\Users\eduar\Desktop\Soybe-main\data\com_fundo_filtrado\RGB_JPG_IMPUREZAS\grao_DSC_0006_id113.png,RGB_JPG_IMPUREZAS,RGB_JPG_IMPUREZAS
C:\Users\eduar\Desktop\Soybe-main\data\com_fundo_filtrado\RGB_JPG_Normais\grao_DSC_0220_id11.png,RGB_JPG_Normais,RGB_JPG_Normais
C:\Users\eduar\Desktop\Soybe-main\data\com_fundo_filtrado\RGB_JPG_Normais\grao_DSC_0378_id82.png,RGB_JPG_Normais,RGB_JPG_Normais
C:\Users\eduar\Desktop\Soybe-main\data\com_fundo_filtrado\RGB_JPG_IMPUREZAS\grao_DSC_0280_id182.png,RGB_JPG_IMPUREZAS,RGB_JPG_IMPUREZAS
C:\Users\eduar\Desktop\Soybe-main\data\com_fundo_filtrado\RGB_JPG_MAMONAS\grao_DSC_0188_id93.png,RGB_JPG_MAMONAS,RGB_JPG_MAMONAS
C:\Users\eduar\Desktop\Soybe-main\data\com_fundo_filtrado\RGB_JPG_Normais\grao_DSC_0476_id93.png,RGB_JPG_Normais,RGB_JPG_Normais
C:\Users\eduar\Desktop\Soybe-main\data\com_fundo_filtrado\RGB_JPG_Normais\grao_DSC_0659_id30.png,RGB_JPG_Normais,RGB_JPG_Normais
C:\Users\eduar\Desktop\Soybe-main\data\com_fundo_filtrado\RGB_JPG_Normais\grao_DSC_0390_id55.png,RGB_JPG_Normais,RGB_JPG_Normais
C:\Users\eduar\Desktop\Soybe-main\data\com_fundo_filtrado\RGB_JPG_Normais\grao_DSC_0519_id47.png,RGB_JPG_Normais,RGB_JPG_Normais
C:\Users\eduar\Desktop\Soybe-main\data\com_fundo_filtrado\RGB_JPG_Normais\grao_DSC_0490_id91.png,RGB_JPG_Normais,RGB_JPG_Normais
C:\Users\eduar\Desktop\Soybe-main\data\com_fundo_filtrado\RGB_JPG_CHOCHOS\grao_DSC_0327_id85.png,RGB_JPG_CHOCHOS,RGB_JPG_CHOCHOS
C:\Users\eduar\Desktop\Soybe-main\data\com_fundo_filtrado\RGB_JPG_IMPUREZAS\grao_DSC_0036_id198.png,RGB_JPG_IMPUREZAS,RGB_JPG_IMPUREZAS
C:\Users\eduar\Desktop\Soybe-main\data\com_fundo_filtrado\RGB_JPG_QUEBRADOS\grao_DSC_0438_id81.png,RGB_JPG_QUEBRADOS,RGB_JPG_QUEBRADOS
C:\Users\eduar\Desktop\Soybe-main\data\com_fundo_filtrado\RGB_JPG_MAMONAS\grao_DSC_0190_id273.png,RGB_JPG_MAMONAS,RGB_JPG_MAMONAS
C:\Users\eduar\Desktop\Soybe-main\data\com_fundo_filtrado\RGB_JPG_IMPUREZAS\grao_DSC_0036_id16.png,RGB_JPG_IMPUREZAS,RGB_JPG_IMPUREZAS
C:\Users\eduar\Desktop\Soybe-main\data\com_fundo_filtrado\RGB_JPG_IMPUREZAS\grao_DSC_0263_id159.png,RGB_JPG_IMPUREZAS,RGB_JPG_IMPUREZAS
C:\Users\eduar\Desktop\Soybe-main\data\com_fundo_filtrado\RGB_JPG_Normais\grao_DSC_0474_id22.png,RGB_JPG_Normais,RGB_JPG_Normais
C:\Users\eduar\Desktop\Soybe-main\data\com_fundo_filtrado\RGB_JPG_IMPUREZAS\grao_DSC_0225_id47.png,RGB_JPG_IMPUREZAS,RGB_JPG_IMPUREZAS
C:\Users\eduar\Desktop\Soybe-main\data\com_fundo_filtrado\RGB_JPG_IMPUREZAS\grao_DSC_0248_id98.png,RGB_JPG_IMPUREZAS,RGB_JPG_IMPUREZAS
C:\Users\eduar\Desktop\Soybe-main\data\com_fundo_filtrado\RGB_JPG_IMPUREZAS\grao_DSC_0257_id120.png,RGB_JPG_IMPUREZAS,RGB_JPG_IMPUREZAS
C:\Users\eduar\Desktop\Soybe-main\data\com_fundo_filtrado\RGB_JPG_IMPUREZAS\grao_DSC_0296_id122.png,RGB_JPG_IMPUREZAS,RGB_JPG_IMPUREZAS
C:\Users\eduar\Desktop\Soybe-main\data\com_fundo_filtrado\RGB_JPG_IMPUREZAS\grao_DSC_0275_id269.png,RGB_JPG_IMPUREZAS,RGB_JPG_IMPUREZAS
C:\Users\eduar\Desktop\Soybe-main\data\com_fundo_filtrado\RGB_JPG_Normais\grao_DSC_0613_id102.png,RGB_JPG_Normais,RGB_JPG_Normais
C:\Users\eduar\Desktop\Soybe-main\data\com_fundo_filtrado\RGB_JPG_Normais\grao_DSC_0468_id38.png,RGB_JPG_Normais,RGB_JPG_Normais
C:\Users\eduar\Desktop\Soybe-main\data\com_fundo_filtrado\RGB_JPG_QUEBRADOS\grao_DSC_0433_id45.png,RGB_JPG_QUEBRADOS,RGB_JPG_QUEBRADOS
C:\Users\eduar\Desktop\Soybe-main\data\com_fundo_filtrado\RGB_JPG_IMPUREZAS\grao_DSC_0227_id31.png,RGB_JPG_IMPUREZAS,RGB_JPG_IMPUREZAS
C:\Users\eduar\Desktop\Soybe-main\data\com_fundo_filtrado\RGB_JPG_IMPUREZAS\grao_DSC_0025_id131.png,RGB_JPG_IMPUREZAS,RGB_JPG_IMPUREZAS
C:\Users\eduar\Desktop\Soybe-main\data\com_fundo_filtrado\RGB_JPG_IMPUREZAS\grao_DSC_0259_id101.png,RGB_JPG_IMPUREZAS,RGB_JPG_IMPUREZAS
C:\Users\eduar\Desktop\Soybe-main\data\com_fundo_filtrado\RGB_JPG_Normais\grao_DSC_0374_id75.png,RGB_JPG_Normais,RGB_JPG_Normais
C:\Users\eduar\Desktop\Soybe-main\data\com_fundo_filtrado\RGB_JPG_Normais\grao_DSC_0678_id101.png,RGB_JPG_Normais,RGB_JPG_Normais
C:\Users\eduar\Desktop\Soybe-main\data\com_fundo_filtrado\RGB_JPG_Normais\grao_DSC_0482_id2.png,RGB_JPG_Normais,RGB_JPG_Normais
C:\Users\eduar\Desktop\Soybe-main\data\com_fundo_filtrado\RGB_JPG_IMPUREZAS\grao_DSC_0019_id14.png,RGB_JPG_IMPUREZAS,RGB_JPG_IMPUREZAS
C:\Users\eduar\Desktop\Soybe-main\data\com_fundo_filtrado\RGB_JPG_IMPUREZAS\grao_DSC_0254_id92.png,RGB_JPG_IMPUREZAS,RGB_JPG_IMPUREZAS
C:\Users\eduar\Desktop\Soybe-main\data\com_fundo_filtrado\RGB_JPG_IMPUREZAS\grao_DSC_0242_id178.png,RGB_JPG_IMPUREZAS,RGB_JPG_IMPUREZAS
C:\Users\eduar\Desktop\Soybe-main\data\com_fundo_filtrado\RGB_JPG_Normais\grao_DSC_0658_id14.png,RGB_JPG_Normais,RGB_JPG_Normais
C:\Users\eduar\Desktop\Soybe-main\data\com_fundo_filtrado\RGB_JPG_IMPUREZAS\grao_DSC_0245_id271.png,RGB_JPG_IMPUREZAS,RGB_JPG_IMPUREZAS
C:\Users\eduar\Desktop\Soybe-main\data\com_fundo_filtrado\RGB_JPG_Normais\grao_DSC_0637_id24.png,RGB_JPG_Normais,RGB_JPG_Normais
C:\Users\eduar\Desktop\Soybe-main\data\com_fundo_filtrado\RGB_JPG_IMPUREZAS\grao_DSC_0291_id197.png,RGB_JPG_IMPUREZAS,RGB_JPG_IMPUREZAS
C:\Users\eduar\Desktop\Soybe-main\data\com_fundo_filtrado\RGB_JPG_CHOCHOS\grao_DSC_0334_id5.png,RGB_JPG_CHOCHOS,RGB_JPG_CHOCHOS
C:\Users\eduar\Desktop\Soybe-main\data\com_fundo_filtrado\RGB_JPG_IMPUREZAS\grao_DSC_0021_id240.png,RGB_JPG_IMPUREZAS,RGB_JPG_IMPUREZAS
C:\Users\eduar\Desktop\Soybe-main\data\com_fundo_filtrado\RGB_JPG_IMPUREZAS\grao_DSC_0026_id224.png,RGB_JPG_IMPUREZAS,RGB_JPG_IMPUREZAS
C:\Users\eduar\Desktop\Soybe-main\data\com_fundo_filtrado\RGB_JPG_QUEBRADOS\grao_DSC_0420_id104.png,RGB_JPG_QUEBRADOS,RGB_JPG_QUEBRADOS
C:\Users\eduar\Desktop\Soybe-main\data\com_fundo_filtrado\RGB_JPG_IMPUREZAS\grao_DSC_0229_id5.png,RGB_JPG_IMPUREZAS,RGB_JPG_IMPUREZAS
C:\Users\eduar\Desktop\Soybe-main\data\com_fundo_filtrado\RGB_JPG_Normais\grao_DSC_0374_id115.png,RGB_JPG_Normais,RGB_JPG_Normais
C:\Users\eduar\Desktop\Soybe-main\data\com_fundo_filtrado\RGB_JPG_IMPUREZAS\grao_DSC_0248_id178.png,RGB_JPG_IMPUREZAS,RGB_JPG_IMPUREZAS
C:\Users\eduar\Desktop\Soybe-main\data\com_fundo_filtrado\RGB_JPG_IMPUREZAS\grao_DSC_0018_id86.png,RGB_JPG_IMPUREZAS,RGB_JPG_IMPUREZAS
C:\Users\eduar\Desktop\Soybe-main\data\com_fundo_filtrado\RGB_JPG_Normais\grao_DSC_0488_id53.png,RGB_JPG_Normais,RGB_JPG_Normais
C:\Users\eduar\Desktop\Soybe-main\data\com_fundo_filtrado\RGB_JPG_CHOCHOS\grao_DSC_0325_id7.png,RGB_JPG_CHOCHOS,RGB_JPG_CHOCHOS
C:\Users\eduar\Desktop\Soybe-main\data\com_fundo_filtrado\RGB_JPG_QUEBRADOS\grao_DSC_0444_id93.png,RGB_JPG_QUEBRADOS,RGB_JPG_QUEBRADOS
C:\Users\eduar\Desktop\Soybe-main\data\com_fundo_filtrado\RGB_JPG_IMPUREZAS\grao_DSC_0242_id171.png,RGB_JPG_IMPUREZAS,RGB_JPG_IMPUREZAS
C:\Users\eduar\Desktop\Soybe-main\data\com_fundo_filtrado\RGB_JPG_CHOCHOS\grao_DSC_0355_id103.png,RGB_JPG_CHOCHOS,RGB_JPG_CHOCHOS
C:\Users\eduar\Desktop\Soybe-main\data\com_fundo_filtrado\RGB_JPG_CHOCHOS\grao_DSC_0343_id25.png,RGB_JPG_CHOCHOS,RGB_JPG_CHOCHOS
C:\Users\eduar\Desktop\Soybe-main\data\com_fundo_filtrado\RGB_JPG_IMPUREZAS\grao_DSC_0288_id265.png,RGB_JPG_IMPUREZAS,RGB_JPG_IMPUREZAS
C:\Users\eduar\Desktop\Soybe-main\data\com_fundo_filtrado\RGB_JPG_Normais\grao_DSC_0135_id104.png,RGB_JPG_Normais,RGB_JPG_Normais
C:\Users\eduar\Desktop\Soybe-main\data\com_fundo_filtrado\RGB_JPG_IMPUREZAS\grao_DSC_0277_id88.png,RGB_JPG_IMPUREZAS,RGB_JPG_IMPUREZAS
C:\Users\eduar\Desktop\Soybe-main\data\com_fundo_filtrado\RGB_JPG_CHOCHOS\grao_DSC_0357_id8.png,RGB_JPG_CHOCHOS,RGB_JPG_CHOCHOS
C:\Users\eduar\Desktop\Soybe-main\data\com_fundo_filtrado\RGB_JPG_CHOCHOS\grao_DSC_0167_id42.png,RGB_JPG_CHOCHOS,RGB_JPG_CHOCHOS
C:\Users\eduar\Desktop\Soybe-main\data\com_fundo_filtrado\RGB_JPG_IMPUREZAS\grao_DSC_0274_id107.png,RGB_JPG_IMPUREZAS,RGB_JPG_IMPUREZAS
C:\Users\eduar\Desktop\Soybe-main\data\com_fundo_filtrado\RGB_JPG_IMPUREZAS\grao_DSC_0284_id122.png,RGB_JPG_IMPUREZAS,RGB_JPG_IMPUREZAS
C:\Users\eduar\Desktop\Soybe-main\data\com_fundo_filtrado\RGB_JPG_QUEBRADOS\grao_DSC_0407_id46.png,RGB_JPG_QUEBRADOS,RGB_JPG_QUEBRADOS
C:\Users\eduar\Desktop\Soybe-main\data\com_fundo_filtrado\RGB_JPG_IMPUREZAS\grao_DSC_0267_id191.png,RGB_JPG_IMPUREZAS,RGB_JPG_IMPUREZAS
C:\Users\eduar\Desktop\Soybe-main\data\com_fundo_filtrado\RGB_JPG_CHOCHOS\grao_DSC_0358_id96.png,RGB_JPG_CHOCHOS,RGB_JPG_CHOCHOS
C:\Users\eduar\Desktop\Soybe-main\data\com_fundo_filtrado\RGB_JPG_Normais\grao_DSC_0142_id55.png,RGB_JPG_Normais,RGB_JPG_Normais
C:\Users\eduar\Desktop\Soybe-main\data\com_fundo_filtrado\RGB_JPG_CHOCHOS\grao_DSC_0338_id57.png,RGB_JPG_CHOCHOS,RGB_JPG_CHOCHOS
C:\Users\eduar\Desktop\Soybe-main\data\com_fundo_filtrado\RGB_JPG_IMPUREZAS\grao_DSC_0292_id118.png,RGB_JPG_IMPUREZAS,RGB_JPG_IMPUREZAS
C:\Users\eduar\Desktop\Soybe-main\data\com_fundo_filtrado\RGB_JPG_IMPUREZAS\grao_DSC_0230_id59.png,RGB_JPG_IMPUREZAS,RGB_JPG_IMPUREZAS
C:\Users\eduar\Desktop\Soybe-main\data\com_fundo_filtrado\RGB_JPG_Normais\grao_DSC_0512_id35.png,RGB_JPG_Normais,RGB_JPG_Normais
C:\Users\eduar\Desktop\Soybe-main\data\com_fundo_filtrado\RGB_JPG_Normais\grao_DSC_0636_id71.png,RGB_JPG_Normais,RGB_JPG_Normais
C:\Users\eduar\Desktop\Soybe-main\data\com_fundo_filtrado\RGB_JPG_CHOCHOS\grao_DSC_0327_id86.png,RGB_JPG_CHOCHOS,RGB_JPG_CHOCHOS
C:\Users\eduar\Desktop\Soybe-main\data\com_fundo_filtrado\RGB_JPG_IMPUREZAS\grao_DSC_0261_id46.png,RGB_JPG_IMPUREZAS,RGB_JPG_IMPUREZAS
C:\Users\eduar\Desktop\Soybe-main\data\com_fundo_filtrado\RGB_JPG_CHOCHOS\grao_DSC_0361_id70.png,RGB_JPG_CHOCHOS,RGB_JPG_CHOCHOS
C:\Users\eduar\Desktop\Soybe-main\data\com_fundo_filtrado\RGB_JPG_IMPUREZAS\grao_DSC_0021_id171.png,RGB_JPG_IMPUREZAS,RGB_JPG_IMPUREZAS
C:\Users\eduar\Desktop\Soybe-main\data\com_fundo_filtrado\RGB_JPG_Normais\grao_DSC_0216_id6.png,RGB_JPG_Normais,RGB_JPG_Normais
C:\Users\eduar\Desktop\Soybe-main\data\com_fundo_filtrado\RGB_JPG_Normais\grao_DSC_0379_id34.png,RGB_JPG_Normais,RGB_JPG_Normais
C:\Users\eduar\Desktop\Soybe-main\data\com_fundo_filtrado\RGB_JPG_Normais\grao_DSC_0398_id32.png,RGB_JPG_Normais,RGB_JPG_Normais
C:\Users\eduar\Desktop\Soybe-main\data\com_fundo_filtrado\RGB_JPG_QUEBRADOS\grao_DSC_0455_id7.png,RGB_JPG_QUEBRADOS,RGB_JPG_QUEBRADOS
C:\Users\eduar\Desktop\Soybe-main\data\com_fundo_filtrado\RGB_JPG_Normais\grao_DSC_0214_id46.png,RGB_JPG_Normais,RGB_JPG_Normais
C:\Users\eduar\Desktop\Soybe-main\data\com_fundo_filtrado\RGB_JPG_IMPUREZAS\grao_DSC_0041_id44.png,RGB_JPG_IMPUREZAS,RGB_JPG_IMPUREZAS
C:\Users\eduar\Desktop\Soybe-main\data\com_fundo_filtrado\RGB_JPG_QUEBRADOS\grao_DSC_0465_id51.png,RGB_JPG_QUEBRADOS,RGB_JPG_QUEBRADOS
C:\Users\eduar\Desktop\Soybe-main\data\com_fundo_filtrado\RGB_JPG_Normais\grao_DSC_0624_id67.png,RGB_JPG_Normais,RGB_JPG_Normais
C:\Users\eduar\Desktop\Soybe-main\data\com_fundo_filtrado\RGB_JPG_IMPUREZAS\grao_DSC_0275_id295.png,RGB_JPG_IMPUREZAS,RGB_JPG_IMPUREZAS
C:\Users\eduar\Desktop\Soybe-main\data\com_fundo_filtrado\RGB_JPG_Normais\grao_DSC_0485_id8.png,RGB_JPG_Normais,RGB_JPG_Normais
C:\Users\eduar\Desktop\Soybe-main\data\com_fundo_filtrado\RGB_JPG_Normais\grao_DSC_0636_id9.png,RGB_JPG_Normais,RGB_JPG_Normais
C:\Users\eduar\Desktop\Soybe-main\data\com_fundo_filtrado\RGB_JPG_QUEBRADOS\grao_DSC_0453_id20.png,RGB_JPG_QUEBRADOS,RGB_JPG_Normais
C:\Users\eduar\Desktop\Soybe-main\data\com_fundo_filtrado\RGB_JPG_IMPUREZAS\grao_DSC_0025_id151.png,RGB_JPG_IMPUREZAS,RGB_JPG_IMPUREZAS
C:\Users\eduar\Desktop\Soybe-main\data\com_fundo_filtrado\RGB_JPG_Normais\grao_DSC_0156_id38.png,RGB_JPG_Normais,RGB_JPG_Normais
C:\Users\eduar\Desktop\Soybe-main\data\com_fundo_filtrado\RGB_JPG_Normais\grao_DSC_0655_id32.png,RGB_JPG_Normais,RGB_JPG_Normais
C:\Users\eduar\Desktop\Soybe-main\data\com_fundo_filtrado\RGB_JPG_Normais\grao_DSC_0612_id92.png,RGB_JPG_Normais,RGB_JPG_Normais
C:\Users\eduar\Desktop\Soybe-main\data\com_fundo_filtrado\RGB_JPG_IMPUREZAS\grao_DSC_0242_id176.png,RGB_JPG_IMPUREZAS,RGB_JPG_IMPUREZAS
C:\Users\eduar\Desktop\Soybe-main\data\com_fundo_filtrado\RGB_JPG_Normais\grao_DSC_0655_id47.png,RGB_JPG_Normais,RGB_JPG_Normais
C:\Users\eduar\Desktop\Soybe-main\data\com_fundo_filtrado\RGB_JPG_CHOCHOS\grao_DSC_0327_id104.png,RGB_JPG_CHOCHOS,RGB_JPG_CHOCHOS
C:\Users\eduar\Desktop\Soybe-main\data\com_fundo_filtrado\RGB_JPG_QUEBRADOS\grao_DSC_0170_id108.png,RGB_JPG_QUEBRADOS,RGB_JPG_QUEBRADOS
C:\Users\eduar\Desktop\Soybe-main\data\com_fundo_filtrado\RGB_JPG_CHOCHOS\grao_DSC_0315_id52.png,RGB_JPG_CHOCHOS,RGB_JPG_CHOCHOS
C:\Users\eduar\Desktop\Soybe-main\data\com_fundo_filtrado\RGB_JPG_IMPUREZAS\grao_DSC_0018_id208.png,RGB_JPG_IMPUREZAS,RGB_JPG_IMPUREZAS
C:\Users\eduar\Desktop\Soybe-main\data\com_fundo_filtrado\RGB_JPG_IMPUREZAS\grao_DSC_0018_id231.png,RGB_JPG_IMPUREZAS,RGB_JPG_IMPUREZAS
C:\Users\eduar\Desktop\Soybe-main\data\com_fundo_filtrado\RGB_JPG_Normais\grao_DSC_0152_id27.png,RGB_JPG_Normais,RGB_JPG_Normais
C:\Users\eduar\Desktop\Soybe-main\data\com_fundo_filtrado\RGB_JPG_QUEBRADOS\grao_DSC_0427_id6.png,RGB_JPG_QUEBRADOS,RGB_JPG_QUEBRADOS
C:\Users\eduar\Desktop\Soybe-main\data\com_fundo_filtrado\RGB_JPG_QUEBRADOS\grao_DSC_0401_id78.png,RGB_JPG_QUEBRADOS,RGB_JPG_IMPUREZAS
C:\Users\eduar\Desktop\Soybe-main\data\com_fundo_filtrado\RGB_JPG_IMPUREZAS\grao_DSC_0008_id144.png,RGB_JPG_IMPUREZAS,RGB_JPG_IMPUREZAS
C:\Users\eduar\Desktop\Soybe-main\data\com_fundo_filtrado\RGB_JPG_IMPUREZAS\grao_DSC_0034_id56.png,RGB_JPG_IMPUREZAS,RGB_JPG_IMPUREZAS
C:\Users\eduar\Desktop\Soybe-main\data\com_fundo_filtrado\RGB_JPG_IMPUREZAS\grao_DSC_0036_id209.png,RGB_JPG_IMPUREZAS,RGB_JPG_IMPUREZAS
C:\Users\eduar\Desktop\Soybe-main\data\com_fundo_filtrado\RGB_JPG_IMPUREZAS\grao_DSC_0006_id63.png,RGB_JPG_IMPUREZAS,RGB_JPG_IMPUREZAS
C:\Users\eduar\Desktop\Soybe-main\data\com_fundo_filtrado\RGB_JPG_Normais\grao_DSC_0654_id66.png,RGB_JPG_Normais,RGB_JPG_Normais
C:\Users\eduar\Desktop\Soybe-main\data\com_fundo_filtrado\RGB_JPG_IMPUREZAS\grao_DSC_0295_id142.png,RGB_JPG_IMPUREZAS,RGB_JPG_IMPUREZAS
C:\Users\eduar\Desktop\Soybe-main\data\com_fundo_filtrado\RGB_JPG_Normais\grao_DSC_0646_id5.png,RGB_JPG_Normais,RGB_JPG_Normais
C:\Users\eduar\Desktop\Soybe-main\data\com_fundo_filtrado\RGB_JPG_IMPUREZAS\grao_DSC_0254_id127.png,RGB_JPG_IMPUREZAS,RGB_JPG_IMPUREZAS
C:\Users\eduar\Desktop\Soybe-main\data\com_fundo_filtrado\RGB_JPG_IMPUREZAS\grao_DSC_0038_id23.png,RGB_JPG_IMPUREZAS,RGB_JPG_IMPUREZAS
C:\Users\eduar\Desktop\Soybe-main\data\com_fundo_filtrado\RGB_JPG_IMPUREZAS\grao_DSC_0281_id60.png,RGB_JPG_IMPUREZAS,RGB_JPG_IMPUREZAS
C:\Users\eduar\Desktop\Soybe-main\data\com_fundo_filtrado\RGB_JPG_Normais\grao_DSC_0157_id78.png,RGB_JPG_Normais,RGB_JPG_Normais
C:\Users\eduar\Desktop\Soybe-main\data\com_fundo_filtrado\RGB_JPG_QUEBRADOS\grao_DSC_0448_id53.png,RGB_JPG_QUEBRADOS,RGB_JPG_QUEBRADOS
C:\Users\eduar\Desktop\Soybe-main\data\com_fundo_filtrado\RGB_JPG_CHOCHOS\grao_DSC_0328_id24.png,RGB_JPG_CHOCHOS,RGB_JPG_CHOCHOS
C:\Users\eduar\Desktop\Soybe-main\data\com_fundo_filtrado\RGB_JPG_MAMONAS\grao_DSC_0185_id13.png,RGB_JPG_MAMONAS,RGB_JPG_MAMONAS
C:\Users\eduar\Desktop\Soybe-main\data\com_fundo_filtrado\RGB_JPG_IMPUREZAS\grao_DSC_0239_id151.png,RGB_JPG_IMPUREZAS,RGB_JPG_IMPUREZAS
C:\Users\eduar\Desktop\Soybe-main\data\com_fundo_filtrado\RGB_JPG_IMPUREZAS\grao_DSC_0039_id194.png,RGB_JPG_IMPUREZAS,RGB_JPG_IMPUREZAS
C:\Users\eduar\Desktop\Soybe-main\data\com_fundo_filtrado\RGB_JPG_IMPUREZAS\grao_DSC_0253_id72.png,RGB_JPG_IMPUREZAS,RGB_JPG_IMPUREZAS
C:\Users\eduar\Desktop\Soybe-main\data\com_fundo_filtrado\RGB_JPG_IMPUREZAS\grao_DSC_0276_id194.png,RGB_JPG_IMPUREZAS,RGB_JPG_IMPUREZAS
C:\Users\eduar\Desktop\Soybe-main\data\com_fundo_filtrado\RGB_JPG_IMPUREZAS\grao_DSC_0277_id22.png,RGB_JPG_IMPUREZAS,RGB_JPG_IMPUREZAS
C:\Users\eduar\Desktop\Soybe-main\data\com_fundo_filtrado\RGB_JPG_Normais\grao_DSC_0675_id80.png,RGB_JPG_Normais,RGB_JPG_Normais
C:\Users\eduar\Desktop\Soybe-main\data\com_fundo_filtrado\RGB_JPG_IMPUREZAS\grao_DSC_0238_id186.png,RGB_JPG_IMPUREZAS,RGB_JPG_IMPUREZAS
C:\Users\eduar\Desktop\Soybe-main\data\com_fundo_filtrado\RGB_JPG_Normais\grao_DSC_0518_id26.png,RGB_JPG_Normais,RGB_JPG_Normais
C:\Users\eduar\Desktop\Soybe-main\data\com_fundo_filtrado\RGB_JPG_QUEBRADOS\grao_DSC_0436_id71.png,RGB_JPG_QUEBRADOS,RGB_JPG_QUEBRADOS
C:\Users\eduar\Desktop\Soybe-main\data\com_fundo_filtrado\RGB_JPG_Normais\grao_DSC_0514_id98.png,RGB_JPG_Normais,RGB_JPG_Normais
C:\Users\eduar\Desktop\Soybe-main\data\com_fundo_filtrado\RGB_JPG_IMPUREZAS\grao_DSC_0023_id64.png,RGB_JPG_IMPUREZAS,RGB_JPG_IMPUREZAS
C:\Users\eduar\Desktop\Soybe-main\data\com_fundo_filtrado\RGB_JPG_PURPURAS\grao_DSC_0047_id25.png,RGB_JPG_PURPURAS,RGB_JPG_PURPURAS
C:\Users\eduar\Desktop\Soybe-main\data\com_fundo_filtrado\RGB_JPG_Normais\grao_DSC_0617_id85.png,RGB_JPG_Normais,RGB_JPG_Normais
C:\Users\eduar\Desktop\Soybe-main\data\com_fundo_filtrado\RGB_JPG_CHOCHOS\grao_DSC_0364_id106.png,RGB_JPG_CHOCHOS,RGB_JPG_CHOCHOS
C:\Users\eduar\Desktop\Soybe-main\data\com_fundo_filtrado\RGB_JPG_IMPUREZAS\grao_DSC_0018_id267.png,RGB_JPG_IMPUREZAS,RGB_JPG_IMPUREZAS
C:\Users\eduar\Desktop\Soybe-main\data\com_fundo_filtrado\RGB_JPG_IMPUREZAS\grao_DSC_0237_id105.png,RGB_JPG_IMPUREZAS,RGB_JPG_IMPUREZAS
C:\Users\eduar\Desktop\Soybe-main\data\com_fundo_filtrado\RGB_JPG_QUEBRADOS\grao_DSC_0435_id2.png,RGB_JPG_QUEBRADOS,RGB_JPG_QUEBRADOS
C:\Users\eduar\Desktop\Soybe-main\data\com_fundo_filtrado\RGB_JPG_QUEBRADOS\grao_DSC_0436_id1.png,RGB_JPG_QUEBRADOS,RGB_JPG_QUEBRADOS
C:\Users\eduar\Desktop\Soybe-main\data\com_fundo_filtrado\RGB_JPG_Normais\grao_DSC_0379_id96.png,RGB_JPG_Normais,RGB_JPG_Normais
C:\Users\eduar\Desktop\Soybe-main\data\com_fundo_filtrado\RGB_JPG_IMPUREZAS\grao_DSC_0259_id60.png,RGB_JPG_IMPUREZAS,RGB_JPG_IMPUREZAS
C:\Users\eduar\Desktop\Soybe-main\data\com_fundo_filtrado\RGB_JPG_Normais\grao_DSC_0477_id27.png,RGB_JPG_Normais,RGB_JPG_Normais
C:\Users\eduar\Desktop\Soybe-main\data\com_fundo_filtrado\RGB_JPG_QUEBRADOS\grao_DSC_0412_id39.png,RGB_JPG_QUEBRADOS,RGB_JPG_QUEBRADOS
C:\Users\eduar\Desktop\Soybe-main\data\com_fundo_filtrado\RGB_JPG_IMPUREZAS\grao_DSC_0242_id177.png,RGB_JPG_IMPUREZAS,RGB_JPG_IMPUREZAS
C:\Users\eduar\Desktop\Soybe-main\data\com_fundo_filtrado\RGB_JPG_Normais\grao_DSC_0134_id60.png,RGB_JPG_Normais,RGB_JPG_Normais
C:\Users\eduar\Desktop\Soybe-main\data\com_fundo_filtrado\RGB_JPG_IMPUREZAS\grao_DSC_0010_id158.png,RGB_JPG_IMPUREZAS,RGB_JPG_IMPUREZAS
C:\Users\eduar\Desktop\Soybe-main\data\com_fundo_filtrado\RGB_JPG_IMPUREZAS\grao_DSC_0246_id153.png,RGB_JPG_IMPUREZAS,RGB_JPG_IMPUREZAS
C:\Users\eduar\Desktop\Soybe-main\data\com_fundo_filtrado\RGB_JPG_Normais\grao_DSC_0387_id96.png,RGB_JPG_Normais,RGB_JPG_Normais
C:\Users\eduar\Desktop\Soybe-main\data\com_fundo_filtrado\RGB_JPG_IMPUREZAS\grao_DSC_0263_id116.png,RGB_JPG_IMPUREZAS,RGB_JPG_IMPUREZAS
C:\Users\eduar\Desktop\Soybe-main\data\com_fundo_filtrado\RGB_JPG_IMPUREZAS\grao_DSC_0012_id81.png,RGB_JPG_IMPUREZAS,RGB_JPG_IMPUREZAS
C:\Users\eduar\Desktop\Soybe-main\data\com_fundo_filtrado\RGB_JPG_IMPUREZAS\grao_DSC_0279_id237.png,RGB_JPG_IMPUREZAS,RGB_JPG_IMPUREZAS
C:\Users\eduar\Desktop\Soybe-main\data\com_fundo_filtrado\RGB_JPG_Normais\grao_DSC_0379_id75.png,RGB_JPG_Normais,RGB_JPG_Normais
C:\Users\eduar\Desktop\Soybe-main\data\com_fundo_filtrado\RGB_JPG_Normais\grao_DSC_0150_id52.png,RGB_JPG_Normais,RGB_JPG_Normais
C:\Users\eduar\Desktop\Soybe-main\data\com_fundo_filtrado\RGB_JPG_IMPUREZAS\grao_DSC_0286_id100.png,RGB_JPG_IMPUREZAS,RGB_JPG_IMPUREZAS
C:\Users\eduar\Desktop\Soybe-main\data\com_fundo_filtrado\RGB_JPG_Normais\grao_DSC_0498_id13.png,RGB_JPG_Normais,RGB_JPG_Normais
C:\Users\eduar\Desktop\Soybe-main\data\com_fundo_filtrado\RGB_JPG_QUEBRADOS\grao_DSC_0403_id41.png,RGB_JPG_QUEBRADOS,RGB_JPG_QUEBRADOS
C:\Users\eduar\Desktop\Soybe-main\data\com_fundo_filtrado\RGB_JPG_Normais\grao_DSC_0490_id1.png,RGB_JPG_Normais,RGB_JPG_Normais
C:\Users\eduar\Desktop\Soybe-main\data\com_fundo_filtrado\RGB_JPG_Normais\grao_DSC_0673_id6.png,RGB_JPG_Normais,RGB_JPG_Normais
C:\Users\eduar\Desktop\Soybe-main\data\com_fundo_filtrado\RGB_JPG_Normais\grao_DSC_0214_id16.png,RGB_JPG_Normais,RGB_JPG_Normais
C:\Users\eduar\Desktop\Soybe-main\data\com_fundo_filtrado\RGB_JPG_QUEBRADOS\grao_DSC_0462_id40.png,RGB_JPG_QUEBRADOS,RGB_JPG_QUEBRADOS
C:\Users\eduar\Desktop\Soybe-main\data\com_fundo_filtrado\RGB_JPG_Normais\grao_DSC_0658_id1.png,RGB_JPG_Normais,RGB_JPG_Normais
C:\Users\eduar\Desktop\Soybe-main\data\com_fundo_filtrado\RGB_JPG_Normais\grao_DSC_0388_id54.png,RGB_JPG_Normais,RGB_JPG_Normais
C:\Users\eduar\Desktop\Soybe-main\data\com_fundo_filtrado\RGB_JPG_Normais\grao_DSC_0670_id69.png,RGB_JPG_Normais,RGB_JPG_Normais
C:\Users\eduar\Desktop\Soybe-main\data\com_fundo_filtrado\RGB_JPG_IMPUREZAS\grao_DSC_0254_id117.png,RGB_JPG_IMPUREZAS,RGB_JPG_IMPUREZAS
C:\Users\eduar\Desktop\Soybe-main\data\com_fundo_filtrado\RGB_JPG_CHOCHOS\grao_DSC_0331_id93.png,RGB_JPG_CHOCHOS,RGB_JPG_CHOCHOS
C:\Users\eduar\Desktop\Soybe-main\data\com_fundo_filtrado\RGB_JPG_CHOCHOS\grao_DSC_0325_id26.png,RGB_JPG_CHOCHOS,RGB_JPG_CHOCHOS
C:\Users\eduar\Desktop\Soybe-main\data\com_fundo_filtrado\RGB_JPG_ESVERDEADO\grao_DSC_0301_id51.png,RGB_JPG_ESVERDEADO,RGB_JPG_CHOCHOS
C:\Users\eduar\Desktop\Soybe-main\data\com_fundo_filtrado\RGB_JPG_Normais\grao_DSC_0641_id71.png,RGB_JPG_Normais,RGB_JPG_Normais
C:\Users\eduar\Desktop\Soybe-main\data\com_fundo_filtrado\RGB_JPG_IMPUREZAS\grao_DSC_0294_id23.png,RGB_JPG_IMPUREZAS,RGB_JPG_IMPUREZAS
C:\Users\eduar\Desktop\Soybe-main\data\com_fundo_filtrado\RGB_JPG_Normais\grao_DSC_0366_id24.png,RGB_JPG_Normais,RGB_JPG_Normais
C:\Users\eduar\Desktop\Soybe-main\data\com_fundo_filtrado\RGB_JPG_QUEBRADOS\grao_DSC_0437_id5.png,RGB_JPG_QUEBRADOS,RGB_JPG_QUEBRADOS
C:\Users\eduar\Desktop\Soybe-main\data\com_fundo_filtrado\RGB_JPG_QUEBRADOS\grao_DSC_0436_id54.png,RGB_JPG_QUEBRADOS,RGB_JPG_QUEBRADOS
C:\Users\eduar\Desktop\Soybe-main\data\com_fundo_filtrado\RGB_JPG_CHOCHOS\grao_DSC_0340_id11.png,RGB_JPG_CHOCHOS,RGB_JPG_CHOCHOS
C:\Users\eduar\Desktop\Soybe-main\data\com_fundo_filtrado\RGB_JPG_IMPUREZAS\grao_DSC_0041_id101.png,RGB_JPG_IMPUREZAS,RGB_JPG_IMPUREZAS
C:\Users\eduar\Desktop\Soybe-main\data\com_fundo_filtrado\RGB_JPG_CHOCHOS\grao_DSC_0351_id55.png,RGB_JPG_CHOCHOS,RGB_JPG_CHOCHOS
C:\Users\eduar\Desktop\Soybe-main\data\com_fundo_filtrado\RGB_JPG_IMPUREZAS\grao_DSC_0293_id313.png,RGB_JPG_IMPUREZAS,RGB_JPG_IMPUREZAS
C:\Users\eduar\Desktop\Soybe-main\data\com_fundo_filtrado\RGB_JPG_Normais\grao_DSC_0377_id54.png,RGB_JPG_Normais,RGB_JPG_Normais
C:\Users\eduar\Desktop\Soybe-main\data\com_fundo_filtrado\RGB_JPG_CHOCHOS\grao_DSC_0349_id19.png,RGB_JPG_CHOCHOS,RGB_JPG_CHOCHOS
C:\Users\eduar\Desktop\Soybe-main\data\com_fundo_filtrado\RGB_JPG_QUEBRADOS\grao_DSC_0428_id78.png,RGB_JPG_QUEBRADOS,RGB_JPG_Normais
C:\Users\eduar\Desktop\Soybe-main\data\com_fundo_filtrado\RGB_JPG_Normais\grao_DSC_0505_id61.png,RGB_JPG_Normais,RGB_JPG_Normais
C:\Users\eduar\Desktop\Soybe-main\data\com_fundo_filtrado\RGB_JPG_CHOCHOS\grao_DSC_0341_id33.png,RGB_JPG_CHOCHOS,RGB_JPG_CHOCHOS
C:\Users\eduar\Desktop\Soybe-main\data\com_fundo_filtrado\RGB_JPG_Normais\grao_DSC_0520_id75.png,RGB_JPG_Normais,RGB_JPG_Normais
C:\Users\eduar\Desktop\Soybe-main\data\com_fundo_filtrado\RGB_JPG_IMPUREZAS\grao_DSC_0295_id223.png,RGB_JPG_IMPUREZAS,RGB_JPG_IMPUREZAS
C:\Users\eduar\Desktop\Soybe-main\data\com_fundo_filtrado\RGB_JPG_Normais\grao_DSC_0617_id6.png,RGB_JPG_Normais,RGB_JPG_Normais
C:\Users\eduar\Desktop\Soybe-main\data\com_fundo_filtrado\RGB_JPG_Normais\grao_DSC_0482_id88.png,RGB_JPG_Normais,RGB_JPG_Normais
C:\Users\eduar\Desktop\Soybe-main\data\com_fundo_filtrado\RGB_JPG_IMPUREZAS\grao_DSC_0292_id251.png,RGB_JPG_IMPUREZAS,RGB_JPG_IMPUREZAS
C:\Users\eduar\Desktop\Soybe-main\data\com_fundo_filtrado\RGB_JPG_Normais\grao_DSC_0680_id24.png,RGB_JPG_Normais,RGB_JPG_Normais
C:\Users\eduar\Desktop\Soybe-main\data\com_fundo_filtrado\RGB_JPG_Normais\grao_DSC_0499_id103.png,RGB_JPG_Normais,RGB_JPG_Normais
C:\Users\eduar\Desktop\Soybe-main\data\com_fundo_filtrado\RGB_JPG_Normais\grao_DSC_0507_id66.png,RGB_JPG_Normais,RGB_JPG_Normais
C:\Users\eduar\Desktop\Soybe-main\data\com_fundo_filtrado\RGB_JPG_Normais\grao_DSC_0617_id38.png,RGB_JPG_Normais,RGB_JPG_Normais
C:\Users\eduar\Desktop\Soybe-main\data\com_fundo_filtrado\RGB_JPG_IMPUREZAS\grao_DSC_0005_id59.png,RGB_JPG_IMPUREZAS,RGB_JPG_IMPUREZAS
C:\Users\eduar\Desktop\Soybe-main\data\com_fundo_filtrado\RGB_JPG_IMPUREZAS\grao_DSC_0290_id274.png,RGB_JPG_IMPUREZAS,RGB_JPG_IMPUREZAS
C:\Users\eduar\Desktop\Soybe-main\data\com_fundo_filtrado\RGB_JPG_Normais\grao_DSC_0162_id17.png,RGB_JPG_Normais,RGB_JPG_Normais
C:\Users\eduar\Desktop\Soybe-main\data\com_fundo_filtrado\RGB_JPG_Normais\grao_DSC_0398_id85.png,RGB_JPG_Normais,RGB_JPG_Normais
C:\Users\eduar\Desktop\Soybe-main\data\com_fundo_filtrado\RGB_JPG_MAMONAS\grao_DSC_0187_id123.png,RGB_JPG_MAMONAS,RGB_JPG_MAMONAS
C:\Users\eduar\Desktop\Soybe-main\data\com_fundo_filtrado\RGB_JPG_IMPUREZAS\grao_DSC_0276_id8.png,RGB_JPG_IMPUREZAS,RGB_JPG_IMPUREZAS
C:\Users\eduar\Desktop\Soybe-main\data\com_fundo_filtrado\RGB_JPG_Normais\grao_DSC_0481_id55.png,RGB_JPG_Normais,RGB_JPG_Normais
C:\Users\eduar\Desktop\Soybe-main\data\com_fundo_filtrado\RGB_JPG_Normais\grao_DSC_0373_id75.png,RGB_JPG_Normais,RGB_JPG_Normais
C:\Users\eduar\Desktop\Soybe-main\data\com_fundo_filtrado\RGB_JPG_Normais\grao_DSC_0671_id27.png,RGB_JPG_Normais,RGB_JPG_Normais
C:\Users\eduar\Desktop\Soybe-main\data\com_fundo_filtrado\RGB_JPG_CHOCHOS\grao_DSC_0358_id55.png,RGB_JPG_CHOCHOS,RGB_JPG_CHOCHOS
C:\Users\eduar\Desktop\Soybe-main\data\com_fundo_filtrado\RGB_JPG_IMPUREZAS\grao_DSC_0272_id89.png,RGB_JPG_IMPUREZAS,RGB_JPG_IMPUREZAS
C:\Users\eduar\Desktop\Soybe-main\data\com_fundo_filtrado\RGB_JPG_IMPUREZAS\grao_DSC_0223_id124.png,RGB_JPG_IMPUREZAS,RGB_JPG_IMPUREZAS
C:\Users\eduar\Desktop\Soybe-main\data\com_fundo_filtrado\RGB_JPG_Normais\grao_DSC_0160_id80.png,RGB_JPG_Normais,RGB_JPG_Normais
C:\Users\eduar\Desktop\Soybe-main\data\com_fundo_filtrado\RGB_JPG_Normais\grao_DSC_0642_id70.png,RGB_JPG_Normais,RGB_JPG_Normais
C:\Users\eduar\Desktop\Soybe-main\data\com_fundo_filtrado\RGB_JPG_IMPUREZAS\grao_DSC_0287_id141.png,RGB_JPG_IMPUREZAS,RGB_JPG_IMPUREZAS
C:\Users\eduar\Desktop\Soybe-main\data\com_fundo_filtrado\RGB_JPG_IMPUREZAS\grao_DSC_0276_id256.png,RGB_JPG_IMPUREZAS,RGB_JPG_IMPUREZAS
C:\Users\eduar\Desktop\Soybe-main\data\com_fundo_filtrado\RGB_JPG_QUEBRADOS\grao_DSC_0448_id29.png,RGB_JPG_QUEBRADOS,RGB_JPG_QUEBRADOS
C:\Users\eduar\Desktop\Soybe-main\data\com_fundo_filtrado\RGB_JPG_Normais\grao_DSC_0516_id72.png,RGB_JPG_Normais,RGB_JPG_Normais
C:\Users\eduar\Desktop\Soybe-main\data\com_fundo_filtrado\RGB_JPG_CHOCHOS\grao_DSC_0342_id50.png,RGB_JPG_CHOCHOS,RGB_JPG_CHOCHOS
C:\Users\eduar\Desktop\Soybe-main\data\com_fundo_filtrado\RGB_JPG_Normais\grao_DSC_0619_id70.png,RGB_JPG_Normais,RGB_JPG_Normais
C:\Users\eduar\Desktop\Soybe-main\data\com_fundo_filtrado\RGB_JPG_Normais\grao_DSC_0390_id66.png,RGB_JPG_Normais,RGB_JPG_Normais
C:\Users\eduar\Desktop\Soybe-main\data\com_fundo_filtrado\RGB_JPG_IMPUREZAS\grao_DSC_0239_id39.png,RGB_JPG_IMPUREZAS,RGB_JPG_IMPUREZAS
C:\Users\eduar\Desktop\Soybe-main\data\com_fundo_filtrado\RGB_JPG_Normais\grao_DSC_0378_id38.png,RGB_JPG_Normais,RGB_JPG_Normais
C:\Users\eduar\Desktop\Soybe-main\data\com_fundo_filtrado\RGB_JPG_Normais\grao_DSC_0640_id6.png,RGB_JPG_Normais,RGB_JPG_Normais
C:\Users\eduar\Desktop\Soybe-main\data\com_fundo_filtrado\RGB_JPG_IMPUREZAS\grao_DSC_0292_id20.png,RGB_JPG_IMPUREZAS,RGB_JPG_IMPUREZAS
C:\Users\eduar\Desktop\Soybe-main\data\com_fundo_filtrado\RGB_JPG_Normais\grao_DSC_0387_id53.png,RGB_JPG_Normais,RGB_JPG_Normais
C:\Users\eduar\Desktop\Soybe-main\data\com_fundo_filtrado\RGB_JPG_Normais\grao_DSC_0619_id66.png,RGB_JPG_Normais,RGB_JPG_Normais
C:\Users\eduar\Desktop\Soybe-main\data\com_fundo_filtrado\RGB_JPG_Normais\grao_DSC_0143_id68.png,RGB_JPG_Normais,RGB_JPG_Normais
C:\Users\eduar\Desktop\Soybe-main\data\com_fundo_filtrado\RGB_JPG_IMPUREZAS\grao_DSC_0037_id2.png,RGB_JPG_IMPUREZAS,RGB_JPG_IMPUREZAS
C:\Users\eduar\Desktop\Soybe-main\data\com_fundo_filtrado\RGB_JPG_Normais\grao_DSC_0617_id18.png,RGB_JPG_Normais,RGB_JPG_Normais
C:\Users\eduar\Desktop\Soybe-main\data\com_fundo_filtrado\RGB_JPG_IMPUREZAS\grao_DSC_0019_id99.png,RGB_JPG_IMPUREZAS,RGB_JPG_IMPUREZAS
C:\Users\eduar\Desktop\Soybe-main\data\com_fundo_filtrado\RGB_JPG_QUEBRADOS\grao_DSC_0407_id49.png,RGB_JPG_QUEBRADOS,RGB_JPG_QUEBRADOS
C:\Users\eduar\Desktop\Soybe-main\data\com_fundo_filtrado\RGB_JPG_CHOCHOS\grao_DSC_0357_id26.png,RGB_JPG_CHOCHOS,RGB_JPG_CHOCHOS
C:\Users\eduar\Desktop\Soybe-main\data\com_fundo_filtrado\RGB_JPG_IMPUREZAS\grao_DSC_0226_id225.png,RGB_JPG_IMPUREZAS,RGB_JPG_IMPUREZAS
C:\Users\eduar\Desktop\Soybe-main\data\com_fundo_filtrado\RGB_JPG_IMPUREZAS\grao_DSC_0015_id4.png,RGB_JPG_IMPUREZAS,RGB_JPG_IMPUREZAS
C:\Users\eduar\Desktop\Soybe-main\data\com_fundo_filtrado\RGB_JPG_Normais\grao_DSC_0161_id69.png,RGB_JPG_Normais,RGB_JPG_Normais
C:\Users\eduar\Desktop\Soybe-main\data\com_fundo_filtrado\RGB_JPG_Normais\grao_DSC_0506_id47.png,RGB_JPG_Normais,RGB_JPG_Normais
C:\Users\eduar\Desktop\Soybe-main\data\com_fundo_filtrado\RGB_JPG_CHOCHOS\grao_DSC_0348_id101.png,RGB_JPG_CHOCHOS,RGB_JPG_CHOCHOS
C:\Users\eduar\Desktop\Soybe-main\data\com_fundo_filtrado\RGB_JPG_IMPUREZAS\grao_DSC_0293_id120.png,RGB_JPG_IMPUREZAS,RGB_JPG_IMPUREZAS
C:\Users\eduar\Desktop\Soybe-main\data\com_fundo_filtrado\RGB_JPG_IMPUREZAS\grao_DSC_0230_id252.png,RGB_JPG_IMPUREZAS,RGB_JPG_IMPUREZAS
C:\Users\eduar\Desktop\Soybe-main\data\com_fundo_filtrado\RGB_JPG_QUEBRADOS\grao_DSC_0401_id60.png,RGB_JPG_QUEBRADOS,RGB_JPG_QUEBRADOS
C:\Users\eduar\Desktop\Soybe-main\data\com_fundo_filtrado\RGB_JPG_Normais\grao_DSC_0519_id80.png,RGB_JPG_Normais,RGB_JPG_Normais
C:\Users\eduar\Desktop\Soybe-main\data\com_fundo_filtrado\RGB_JPG_IMPUREZAS\grao_DSC_0043_id55.png,RGB_JPG_IMPUREZAS,RGB_JPG_IMPUREZAS
C:\Users\eduar\Desktop\Soybe-main\data\com_fundo_filtrado\RGB_JPG_IMPUREZAS\grao_DSC_0240_id124.png,RGB_JPG_IMPUREZAS,RGB_JPG_IMPUREZAS
C:\Users\eduar\Desktop\Soybe-main\data\com_fundo_filtrado\RGB_JPG_QUEBRADOS\grao_DSC_0401_id61.png,RGB_JPG_QUEBRADOS,RGB_JPG_QUEBRADOS
C:\Users\eduar\Desktop\Soybe-main\data\com_fundo_filtrado\RGB_JPG_Normais\grao_DSC_0518_id62.png,RGB_JPG_Normais,RGB_JPG_Normais
C:\Users\eduar\Desktop\Soybe-main\data\com_fundo_filtrado\RGB_JPG_IMPUREZAS\grao_DSC_0263_id3.png,RGB_JPG_IMPUREZAS,RGB_JPG_IMPUREZAS
C:\Users\eduar\Desktop\Soybe-main\data\com_fundo_filtrado\RGB_JPG_IMPUREZAS\grao_DSC_0257_id10.png,RGB_JPG_IMPUREZAS,RGB_JPG_IMPUREZAS
C:\Users\eduar\Desktop\Soybe-main\data\com_fundo_filtrado\RGB_JPG_Normais\grao_DSC_0640_id58.png,RGB_JPG_Normais,RGB_JPG_Normais
C:\Users\eduar\Desktop\Soybe-main\data\com_fundo_filtrado\RGB_JPG_IMPUREZAS\grao_DSC_0016_id15.png,RGB_JPG_IMPUREZAS,RGB_JPG_IMPUREZAS
C:\Users\eduar\Desktop\Soybe-main\data\com_fundo_filtrado\RGB_JPG_IMPUREZAS\grao_DSC_0262_id1.png,RGB_JPG_IMPUREZAS,RGB_JPG_IMPUREZAS
C:\Users\eduar\Desktop\Soybe-main\data\com_fundo_filtrado\RGB_JPG_Normais\grao_DSC_0653_id99.png,RGB_JPG_Normais,RGB_JPG_Normais
C:\Users\eduar\Desktop\Soybe-main\data\com_fundo_filtrado\RGB_JPG_Normais\grao_DSC_0133_id42.png,RGB_JPG_Normais,RGB_JPG_Normais
C:\Users\eduar\Desktop\Soybe-main\data\com_fundo_filtrado\RGB_JPG_Normais\grao_DSC_0212_id35.png,RGB_JPG_Normais,RGB_JPG_Normais
C:\Users\eduar\Desktop\Soybe-main\data\com_fundo_filtrado\RGB_JPG_Normais\grao_DSC_0607_id92.png,RGB_JPG_Normais,RGB_JPG_Normais
C:\Users\eduar\Desktop\Soybe-main\data\com_fundo_filtrado\RGB_JPG_Normais\grao_DSC_0674_id45.png,RGB_JPG_Normais,RGB_JPG_Normais
C:\Users\eduar\Desktop\Soybe-main\data\com_fundo_filtrado\RGB_JPG_QUEBRADOS\grao_DSC_0464_id9.png,RGB_JPG_QUEBRADOS,RGB_JPG_QUEBRADOS
C:\Users\eduar\Desktop\Soybe-main\data\com_fundo_filtrado\RGB_JPG_IMPUREZAS\grao_DSC_0247_id5.png,RGB_JPG_IMPUREZAS,RGB_JPG_IMPUREZAS
C:\Users\eduar\Desktop\Soybe-main\data\com_fundo_filtrado\RGB_JPG_CHOCHOS\grao_DSC_0328_id75.png,RGB_JPG_CHOCHOS,RGB_JPG_CHOCHOS
C:\Users\eduar\Desktop\Soybe-main\data\com_fundo_filtrado\RGB_JPG_IMPUREZAS\grao_DSC_0266_id175.png,RGB_JPG_IMPUREZAS,RGB_JPG_IMPUREZAS
C:\Users\eduar\Desktop\Soybe-main\data\com_fundo_filtrado\RGB_JPG_Normais\grao_DSC_0641_id89.png,RGB_JPG_Normais,RGB_JPG_Normais
C:\Users\eduar\Desktop\Soybe-main\data\com_fundo_filtrado\RGB_JPG_Normais\grao_DSC_0670_id21.png,RGB_JPG_Normais,RGB_JPG_Normais
C:\Users\eduar\Desktop\Soybe-main\data\com_fundo_filtrado\RGB_JPG_IMPUREZAS\grao_DSC_0256_id122.png,RGB_JPG_IMPUREZAS,RGB_JPG_IMPUREZAS
C:\Users\eduar\Desktop\Soybe-main\data\com_fundo_filtrado\RGB_JPG_Normais\grao_DSC_0134_id99.png,RGB_JPG_Normais,RGB_JPG_Normais
C:\Users\eduar\Desktop\Soybe-main\data\com_fundo_filtrado\RGB_JPG_QUEBRADOS\grao_DSC_0168_id94.png,RGB_JPG_QUEBRADOS,RGB_JPG_QUEBRADOS
C:\Users\eduar\Desktop\Soybe-main\data\com_fundo_filtrado\RGB_JPG_CHOCHOS\grao_DSC_0328_id57.png,RGB_JPG_CHOCHOS,RGB_JPG_CHOCHOS
C:\Users\eduar\Desktop\Soybe-main\data\com_fundo_filtrado\RGB_JPG_CHOCHOS\grao_DSC_0343_id50.png,RGB_JPG_CHOCHOS,RGB_JPG_CHOCHOS
C:\Users\eduar\Desktop\Soybe-main\data\com_fundo_filtrado\RGB_JPG_CHOCHOS\grao_DSC_0341_id99.png,RGB_JPG_CHOCHOS,RGB_JPG_CHOCHOS
C:\Users\eduar\Desktop\Soybe-main\data\com_fundo_filtrado\RGB_JPG_Normais\grao_DSC_0506_id55.png,RGB_JPG_Normais,RGB_JPG_Normais
C:\Users\eduar\Desktop\Soybe-main\data\com_fundo_filtrado\RGB_JPG_IMPUREZAS\grao_DSC_0020_id34.png,RGB_JPG_IMPUREZAS,RGB_JPG_IMPUREZAS
C:\Users\eduar\Desktop\Soybe-main\data\com_fundo_filtrado\RGB_JPG_IMPUREZAS\grao_DSC_0022_id103.png,RGB_JPG_IMPUREZAS,RGB_JPG_IMPUREZAS
C:\Users\eduar\Desktop\Soybe-main\data\com_fundo_filtrado\RGB_JPG_IMPUREZAS\grao_DSC_0247_id129.png,RGB_JPG_IMPUREZAS,RGB_JPG_IMPUREZAS
C:\Users\eduar\Desktop\Soybe-main\data\com_fundo_filtrado\RGB_JPG_QUEBRADOS\grao_DSC_0415_id54.png,RGB_JPG_QUEBRADOS,RGB_JPG_QUEBRADOS
C:\Users\eduar\Desktop\Soybe-main\data\com_fundo_filtrado\RGB_JPG_Normais\grao_DSC_0509_id15.png,RGB_JPG_Normais,RGB_JPG_Normais
C:\Users\eduar\Desktop\Soybe-main\data\com_fundo_filtrado\RGB_JPG_IMPUREZAS\grao_DSC_0272_id175.png,RGB_JPG_IMPUREZAS,RGB_JPG_IMPUREZAS
C:\Users\eduar\Desktop\Soybe-main\data\com_fundo_filtrado\RGB_JPG_INSETOS\grao_DSC_0164_id80.png,RGB_JPG_INSETOS,RGB_JPG_INSETOS
C:\Users\eduar\Desktop\Soybe-main\data\com_fundo_filtrado\RGB_JPG_Normais\grao_DSC_0137_id10.png,RGB_JPG_Normais,RGB_JPG_Normais
C:\Users\eduar\Desktop\Soybe-main\data\com_fundo_filtrado\RGB_JPG_Normais\grao_DSC_0368_id29.png,RGB_JPG_Normais,RGB_JPG_Normais
C:\Users\eduar\Desktop\Soybe-main\data\com_fundo_filtrado\RGB_JPG_IMPUREZAS\grao_DSC_0237_id225.png,RGB_JPG_IMPUREZAS,RGB_JPG_IMPUREZAS
C:\Users\eduar\Desktop\Soybe-main\data\com_fundo_filtrado\RGB_JPG_Normais\grao_DSC_0623_id10.png,RGB_JPG_Normais,RGB_JPG_Normais
C:\Users\eduar\Desktop\Soybe-main\data\com_fundo_filtrado\RGB_JPG_QUEBRADOS\grao_DSC_0172_id23.png,RGB_JPG_QUEBRADOS,RGB_JPG_QUEBRADOS
C:\Users\eduar\Desktop\Soybe-main\data\com_fundo_filtrado\RGB_JPG_IMPUREZAS\grao_DSC_0282_id164.png,RGB_JPG_IMPUREZAS,RGB_JPG_IMPUREZAS
C:\Users\eduar\Desktop\Soybe-main\data\com_fundo_filtrado\RGB_JPG_CHOCHOS\grao_DSC_0345_id79.png,RGB_JPG_CHOCHOS,RGB_JPG_CHOCHOS
C:\Users\eduar\Desktop\Soybe-main\data\com_fundo_filtrado\RGB_JPG_Normais\grao_DSC_0671_id39.png,RGB_JPG_Normais,RGB_JPG_Normais
C:\Users\eduar\Desktop\Soybe-main\data\com_fundo_filtrado\RGB_JPG_IMPUREZAS\grao_DSC_0253_id180.png,RGB_JPG_IMPUREZAS,RGB_JPG_IMPUREZAS
C:\Users\eduar\Desktop\Soybe-main\data\com_fundo_filtrado\RGB_JPG_Normais\grao_DSC_0211_id50.png,RGB_JPG_Normais,RGB_JPG_Normais
C:\Users\eduar\Desktop\Soybe-main\data\com_fundo_filtrado\RGB_JPG_Normais\grao_DSC_0478_id103.png,RGB_JPG_Normais,RGB_JPG_Normais
C:\Users\eduar\Desktop\Soybe-main\data\com_fundo_filtrado\RGB_JPG_Normais\grao_DSC_0511_id68.png,RGB_JPG_Normais,RGB_JPG_Normais
C:\Users\eduar\Desktop\Soybe-main\data\com_fundo_filtrado\RGB_JPG_CHOCHOS\grao_DSC_0347_id33.png,RGB_JPG_CHOCHOS,RGB_JPG_CHOCHOS
C:\Users\eduar\Desktop\Soybe-main\data\com_fundo_filtrado\RGB_JPG_Normais\grao_DSC_0493_id53.png,RGB_JPG_Normais,RGB_JPG_Normais
C:\Users\eduar\Desktop\Soybe-main\data\com_fundo_filtrado\RGB_JPG_QUEBRADOS\grao_DSC_0427_id113.png,RGB_JPG_QUEBRADOS,RGB_JPG_Normais
C:\Users\eduar\Desktop\Soybe-main\data\com_fundo_filtrado\RGB_JPG_QUEBRADOS\grao_DSC_0463_id54.png,RGB_JPG_QUEBRADOS,RGB_JPG_QUEBRADOS
C:\Users\eduar\Desktop\Soybe-main\data\com_fundo_filtrado\RGB_JPG_IMPUREZAS\grao_DSC_0229_id100.png,RGB_JPG_IMPUREZAS,RGB_JPG_IMPUREZAS
C:\Users\eduar\Desktop\Soybe-main\data\com_fundo_filtrado\RGB_JPG_IMPUREZAS\grao_DSC_0292_id255.png,RGB_JPG_IMPUREZAS,RGB_JPG_IMPUREZAS
C:\Users\eduar\Desktop\Soybe-main\data\com_fundo_filtrado\RGB_JPG_IMPUREZAS\grao_DSC_0016_id74.png,RGB_JPG_IMPUREZAS,RGB_JPG_IMPUREZAS
C:\Users\eduar\Desktop\Soybe-main\data\com_fundo_filtrado\RGB_JPG_PURPURAS\grao_DSC_0047_id36.png,RGB_JPG_PURPURAS,RGB_JPG_PURPURAS
C:\Users\eduar\Desktop\Soybe-main\data\com_fundo_filtrado\RGB_JPG_QUEBRADOS\grao_DSC_0421_id64.png,RGB_JPG_QUEBRADOS,RGB_JPG_QUEBRADOS
C:\Users\eduar\Desktop\Soybe-main\data\com_fundo_filtrado\RGB_JPG_Normais\grao_DSC_0642_id36.png,RGB_JPG_Normais,RGB_JPG_Normais
C:\Users\eduar\Desktop\Soybe-main\data\com_fundo_filtrado\RGB_JPG_Normais\grao_DSC_0668_id62.png,RGB_JPG_Normais,RGB_JPG_Normais
C:\Users\eduar\Desktop\Soybe-main\data\com_fundo_filtrado\RGB_JPG_IMPUREZAS\grao_DSC_0252_id154.png,RGB_JPG_IMPUREZAS,RGB_JPG_IMPUREZAS
C:\Users\eduar\Desktop\Soybe-main\data\com_fundo_filtrado\RGB_JPG_CHOCHOS\grao_DSC_0316_id62.png,RGB_JPG_CHOCHOS,RGB_JPG_CHOCHOS
C:\Users\eduar\Desktop\Soybe-main\data\com_fundo_filtrado\RGB_JPG_MAMONAS\grao_DSC_0188_id144.png,RGB_JPG_MAMONAS,RGB_JPG_MAMONAS
C:\Users\eduar\Desktop\Soybe-main\data\com_fundo_filtrado\RGB_JPG_QUEBRADOS\grao_DSC_0454_id79.png,RGB_JPG_QUEBRADOS,RGB_JPG_QUEBRADOS
C:\Users\eduar\Desktop\Soybe-main\data\com_fundo_filtrado\RGB_JPG_QUEBRADOS\grao_DSC_0456_id81.png,RGB_JPG_QUEBRADOS,RGB_JPG_QUEBRADOS
C:\Users\eduar\Desktop\Soybe-main\data\com_fundo_filtrado\RGB_JPG_CHOCHOS\grao_DSC_0356_id46.png,RGB_JPG_CHOCHOS,RGB_JPG_CHOCHOS
C:\Users\eduar\Desktop\Soybe-main\data\com_fundo_filtrado\RGB_JPG_QUEBRADOS\grao_DSC_0448_id66.png,RGB_JPG_QUEBRADOS,RGB_JPG_QUEBRADOS
C:\Users\eduar\Desktop\Soybe-main\data\com_fundo_filtrado\RGB_JPG_Normais\grao_DSC_0365_id27.png,RGB_JPG_Normais,RGB_JPG_Normais
C:\Users\eduar\Desktop\Soybe-main\data\com_fundo_filtrado\RGB_JPG_IMPUREZAS\grao_DSC_0026_id68.png,RGB_JPG_IMPUREZAS,RGB_JPG_IMPUREZAS
C:\Users\eduar\Desktop\Soybe-main\data\com_fundo_filtrado\RGB_JPG_CHOCHOS\grao_DSC_0319_id31.png,RGB_JPG_CHOCHOS,RGB_JPG_CHOCHOS
C:\Users\eduar\Desktop\Soybe-main\data\com_fundo_filtrado\RGB_JPG_IMPUREZAS\grao_DSC_0296_id263.png,RGB_JPG_IMPUREZAS,RGB_JPG_IMPUREZAS
C:\Users\eduar\Desktop\Soybe-main\data\com_fundo_filtrado\RGB_JPG_Normais\grao_DSC_0136_id67.png,RGB_JPG_Normais,RGB_JPG_Normais
C:\Users\eduar\Desktop\Soybe-main\data\com_fundo_filtrado\RGB_JPG_Normais\grao_DSC_0154_id116.png,RGB_JPG_Normais,RGB_JPG_Normais
C:\Users\eduar\Desktop\Soybe-main\data\com_fundo_filtrado\RGB_JPG_IMPUREZAS\grao_DSC_0276_id99.png,RGB_JPG_IMPUREZAS,RGB_JPG_IMPUREZAS
C:\Users\eduar\Desktop\Soybe-main\data\com_fundo_filtrado\RGB_JPG_Normais\grao_DSC_0397_id60.png,RGB_JPG_Normais,RGB_JPG_Normais
C:\Users\eduar\Desktop\Soybe-main\data\com_fundo_filtrado\RGB_JPG_Normais\grao_DSC_0631_id27.png,RGB_JPG_Normais,RGB_JPG_Normais
C:\Users\eduar\Desktop\Soybe-main\data\com_fundo_filtrado\RGB_JPG_IMPUREZAS\grao_DSC_0004_id12.png,RGB_JPG_IMPUREZAS,RGB_JPG_IMPUREZAS
C:\Users\eduar\Desktop\Soybe-main\data\com_fundo_filtrado\RGB_JPG_IMPUREZAS\grao_DSC_0283_id8.png,RGB_JPG_IMPUREZAS,RGB_JPG_IMPUREZAS
C:\Users\eduar\Desktop\Soybe-main\data\com_fundo_filtrado\RGB_JPG_IMPUREZAS\grao_DSC_0226_id222.png,RGB_JPG_IMPUREZAS,RGB_JPG_IMPUREZAS
C:\Users\eduar\Desktop\Soybe-main\data\com_fundo_filtrado\RGB_JPG_IMPUREZAS\grao_DSC_0270_id54.png,RGB_JPG_IMPUREZAS,RGB_JPG_IMPUREZAS
C:\Users\eduar\Desktop\Soybe-main\data\com_fundo_filtrado\RGB_JPG_CHOCHOS\grao_DSC_0352_id92.png,RGB_JPG_CHOCHOS,RGB_JPG_CHOCHOS
C:\Users\eduar\Desktop\Soybe-main\data\com_fundo_filtrado\RGB_JPG_Normais\grao_DSC_0622_id55.png,RGB_JPG_Normais,RGB_JPG_Normais
C:\Users\eduar\Desktop\Soybe-main\data\com_fundo_filtrado\RGB_JPG_Normais\grao_DSC_0671_id74.png,RGB_JPG_Normais,RGB_JPG_Normais
C:\Users\eduar\Desktop\Soybe-main\data\com_fundo_filtrado\RGB_JPG_ESVERDEADO\grao_DSC_0310_id24.png,RGB_JPG_ESVERDEADO,RGB_JPG_ESVERDEADO
C:\Users\eduar\Desktop\Soybe-main\data\com_fundo_filtrado\RGB_JPG_IMPUREZAS\grao_DSC_0239_id216.png,RGB_JPG_IMPUREZAS,RGB_JPG_IMPUREZAS
C:\Users\eduar\Desktop\Soybe-main\data\com_fundo_filtrado\RGB_JPG_IMPUREZAS\grao_DSC_0295_id105.png,RGB_JPG_IMPUREZAS,RGB_JPG_IMPUREZAS
C:\Users\eduar\Desktop\Soybe-main\data\com_fundo_filtrado\RGB_JPG_Normais\grao_DSC_0676_id45.png,RGB_JPG_Normais,RGB_JPG_Normais
C:\Users\eduar\Desktop\Soybe-main\data\com_fundo_filtrado\RGB_JPG_Normais\grao_DSC_0213_id56.png,RGB_JPG_Normais,RGB_JPG_Normais
C:\Users\eduar\Desktop\Soybe-main\data\com_fundo_filtrado\RGB_JPG_Normais\grao_DSC_0667_id84.png,RGB_JPG_Normais,RGB_JPG_Normais
C:\Users\eduar\Desktop\Soybe-main\data\com_fundo_filtrado\RGB_JPG_Normais\grao_DSC_0142_id100.png,RGB_JPG_Normais,RGB_JPG_Normais
C:\Users\eduar\Desktop\Soybe-main\data\com_fundo_filtrado\RGB_JPG_Normais\grao_DSC_0506_id95.png,RGB_JPG_Normais,RGB_JPG_Normais
C:\Users\eduar\Desktop\Soybe-main\data\com_fundo_filtrado\RGB_JPG_IMPUREZAS\grao_DSC_0028_id101.png,RGB_JPG_IMPUREZAS,RGB_JPG_IMPUREZAS
C:\Users\eduar\Desktop\Soybe-main\data\com_fundo_filtrado\RGB_JPG_Normais\grao_DSC_0677_id48.png,RGB_JPG_Normais,RGB_JPG_Normais
C:\Users\eduar\Desktop\Soybe-main\data\com_fundo_filtrado\RGB_JPG_ESVERDEADO\grao_DSC_0299_id21.png,RGB_JPG_ESVERDEADO,RGB_JPG_ESVERDEADO
C:\Users\eduar\Desktop\Soybe-main\data\com_fundo_filtrado\RGB_JPG_INSETOS\grao_DSC_0163_id99.png,RGB_JPG_INSETOS,RGB_JPG_INSETOS
C:\Users\eduar\Desktop\Soybe-main\data\com_fundo_filtrado\RGB_JPG_QUEBRADOS\grao_DSC_0462_id50.png,RGB_JPG_QUEBRADOS,RGB_JPG_QUEBRADOS
C:\Users\eduar\Desktop\Soybe-main\data\com_fundo_filtrado\RGB_JPG_CHOCHOS\grao_DSC_0361_id87.png,RGB_JPG_CHOCHOS,RGB_JPG_CHOCHOS
C:\Users\eduar\Desktop\Soybe-main\data\com_fundo_filtrado\RGB_JPG_CHOCHOS\grao_DSC_0330_id45.png,RGB_JPG_CHOCHOS,RGB_JPG_CHOCHOS
C:\Users\eduar\Desktop\Soybe-main\data\com_fundo_filtrado\RGB_JPG_IMPUREZAS\grao_DSC_0005_id65.png,RGB_JPG_IMPUREZAS,RGB_JPG_IMPUREZAS
C:\Users\eduar\Desktop\Soybe-main\data\com_fundo_filtrado\RGB_JPG_Normais\grao_DSC_0136_id98.png,RGB_JPG_Normais,RGB_JPG_Normais
C:\Users\eduar\Desktop\Soybe-main\data\com_fundo_filtrado\RGB_JPG_QUEBRADOS\grao_DSC_0418_id13.png,RGB_JPG_QUEBRADOS,RGB_JPG_QUEBRADOS
C:\Users\eduar\Desktop\Soybe-main\data\com_fundo_filtrado\RGB_JPG_Normais\grao_DSC_0633_id12.png,RGB_JPG_Normais,RGB_JPG_Normais
C:\Users\eduar\Desktop\Soybe-main\data\com_fundo_filtrado\RGB_JPG_Normais\grao_DSC_0493_id7.png,RGB_JPG_Normais,RGB_JPG_Normais
C:\Users\eduar\Desktop\Soybe-main\data\com_fundo_filtrado\RGB_JPG_IMPUREZAS\grao_DSC_0239_id170.png,RGB_JPG_IMPUREZAS,RGB_JPG_IMPUREZAS
C:\Users\eduar\Desktop\Soybe-main\data\com_fundo_filtrado\RGB_JPG_PURPURAS\grao_DSC_0049_id33.png,RGB_JPG_PURPURAS,RGB_JPG_PURPURAS
C:\Users\eduar\Desktop\Soybe-main\data\com_fundo_filtrado\RGB_JPG_Normais\grao_DSC_0503_id101.png,RGB_JPG_Normais,RGB_JPG_Normais
C:\Users\eduar\Desktop\Soybe-main\data\com_fundo_filtrado\RGB_JPG_Normais\grao_DSC_0645_id44.png,RGB_JPG_Normais,RGB_JPG_Normais
C:\Users\eduar\Desktop\Soybe-main\data\com_fundo_filtrado\RGB_JPG_Normais\grao_DSC_0142_id41.png,RGB_JPG_Normais,RGB_JPG_Normais
C:\Users\eduar\Desktop\Soybe-main\data\com_fundo_filtrado\RGB_JPG_Normais\grao_DSC_0476_id69.png,RGB_JPG_Normais,RGB_JPG_Normais
C:\Users\eduar\Desktop\Soybe-main\data\com_fundo_filtrado\RGB_JPG_Normais\grao_DSC_0500_id97.png,RGB_JPG_Normais,RGB_JPG_Normais
C:\Users\eduar\Desktop\Soybe-main\data\com_fundo_filtrado\RGB_JPG_Normais\grao_DSC_0614_id14.png,RGB_JPG_Normais,RGB_JPG_Normais
C:\Users\eduar\Desktop\Soybe-main\data\com_fundo_filtrado\RGB_JPG_Normais\grao_DSC_0141_id105.png,RGB_JPG_Normais,RGB_JPG_Normais
C:\Users\eduar\Desktop\Soybe-main\data\com_fundo_filtrado\RGB_JPG_IMPUREZAS\grao_DSC_0229_id66.png,RGB_JPG_IMPUREZAS,RGB_JPG_IMPUREZAS
C:\Users\eduar\Desktop\Soybe-main\data\com_fundo_filtrado\RGB_JPG_Normais\grao_DSC_0158_id73.png,RGB_JPG_Normais,RGB_JPG_Normais
C:\Users\eduar\Desktop\Soybe-main\data\com_fundo_filtrado\RGB_JPG_QUEBRADOS\grao_DSC_0438_id9.png,RGB_JPG_QUEBRADOS,RGB_JPG_QUEBRADOS
C:\Users\eduar\Desktop\Soybe-main\data\com_fundo_filtrado\RGB_JPG_Normais\grao_DSC_0518_id40.png,RGB_JPG_Normais,RGB_JPG_Normais
C:\Users\eduar\Desktop\Soybe-main\data\com_fundo_filtrado\RGB_JPG_MAMONAS\grao_DSC_0189_id40.png,RGB_JPG_MAMONAS,RGB_JPG_MAMONAS
C:\Users\eduar\Desktop\Soybe-main\data\com_fundo_filtrado\RGB_JPG_QUEBRADOS\grao_DSC_0170_id28.png,RGB_JPG_QUEBRADOS,RGB_JPG_QUEBRADOS
C:\Users\eduar\Desktop\Soybe-main\data\com_fundo_filtrado\RGB_JPG_QUEBRADOS\grao_DSC_0434_id38.png,RGB_JPG_QUEBRADOS,RGB_JPG_QUEBRADOS
C:\Users\eduar\Desktop\Soybe-main\data\com_fundo_filtrado\RGB_JPG_IMPUREZAS\grao_DSC_0284_id184.png,RGB_JPG_IMPUREZAS,RGB_JPG_IMPUREZAS
C:\Users\eduar\Desktop\Soybe-main\data\com_fundo_filtrado\RGB_JPG_Normais\grao_DSC_0162_id48.png,RGB_JPG_Normais,RGB_JPG_Normais
C:\Users\eduar\Desktop\Soybe-main\data\com_fundo_filtrado\RGB_JPG_Normais\grao_DSC_0142_id75.png,RGB_JPG_Normais,RGB_JPG_Normais
C:\Users\eduar\Desktop\Soybe-main\data\com_fundo_filtrado\RGB_JPG_IMPUREZAS\grao_DSC_0231_id58.png,RGB_JPG_IMPUREZAS,RGB_JPG_IMPUREZAS
C:\Users\eduar\Desktop\Soybe-main\data\com_fundo_filtrado\RGB_JPG_Normais\grao_DSC_0474_id50.png,RGB_JPG_Normais,RGB_JPG_Normais
C:\Users\eduar\Desktop\Soybe-main\data\com_fundo_filtrado\RGB_JPG_Normais\grao_DSC_0677_id69.png,RGB_JPG_Normais,RGB_JPG_Normais
C:\Users\eduar\Desktop\Soybe-main\data\com_fundo_filtrado\RGB_JPG_Normais\grao_DSC_0383_id64.png,RGB_JPG_Normais,RGB_JPG_Normais
C:\Users\eduar\Desktop\Soybe-main\data\com_fundo_filtrado\RGB_JPG_IMPUREZAS\grao_DSC_0275_id141.png,RGB_JPG_IMPUREZAS,RGB_JPG_IMPUREZAS
C:\Users\eduar\Desktop\Soybe-main\data\com_fundo_filtrado\RGB_JPG_IMPUREZAS\grao_DSC_0025_id193.png,RGB_JPG_IMPUREZAS,RGB_JPG_IMPUREZAS
C:\Users\eduar\Desktop\Soybe-main\data\com_fundo_filtrado\RGB_JPG_CHOCHOS\grao_DSC_0358_id79.png,RGB_JPG_CHOCHOS,RGB_JPG_CHOCHOS
C:\Users\eduar\Desktop\Soybe-main\data\com_fundo_filtrado\RGB_JPG_CHOCHOS\grao_DSC_0336_id44.png,RGB_JPG_CHOCHOS,RGB_JPG_CHOCHOS
C:\Users\eduar\Desktop\Soybe-main\data\com_fundo_filtrado\RGB_JPG_QUEBRADOS\grao_DSC_0425_id35.png,RGB_JPG_QUEBRADOS,RGB_JPG_QUEBRADOS
C:\Users\eduar\Desktop\Soybe-main\data\com_fundo_filtrado\RGB_JPG_IMPUREZAS\grao_DSC_0018_id190.png,RGB_JPG_IMPUREZAS,RGB_JPG_IMPUREZAS
C:\Users\eduar\Desktop\Soybe-main\data\com_fundo_filtrado\RGB_JPG_Normais\grao_DSC_0213_id70.png,RGB_JPG_Normais,RGB_JPG_Normais
C:\Users\eduar\Desktop\Soybe-main\data\com_fundo_filtrado\RGB_JPG_QUEBRADOS\grao_DSC_0448_id67.png,RGB_JPG_QUEBRADOS,RGB_JPG_QUEBRADOS
C:\Users\eduar\Desktop\Soybe-main\data\com_fundo_filtrado\RGB_JPG_Normais\grao_DSC_0610_id115.png,RGB_JPG_Normais,RGB_JPG_Normais
C:\Users\eduar\Desktop\Soybe-main\data\com_fundo_filtrado\RGB_JPG_IMPUREZAS\grao_DSC_0010_id26.png,RGB_JPG_IMPUREZAS,RGB_JPG_IMPUREZAS
C:\Users\eduar\Desktop\Soybe-main\data\com_fundo_filtrado\RGB_JPG_Normais\grao_DSC_0136_id17.png,RGB_JPG_Normais,RGB_JPG_Normais
C:\Users\eduar\Desktop\Soybe-main\data\com_fundo_filtrado\RGB_JPG_INSETOS\grao_DSC_0163_id78.png,RGB_JPG_INSETOS,RGB_JPG_INSETOS
C:\Users\eduar\Desktop\Soybe-main\data\com_fundo_filtrado\RGB_JPG_IMPUREZAS\grao_DSC_0008_id113.png,RGB_JPG_IMPUREZAS,RGB_JPG_IMPUREZAS
C:\Users\eduar\Desktop\Soybe-main\data\com_fundo_filtrado\RGB_JPG_IMPUREZAS\grao_DSC_0283_id194.png,RGB_JPG_IMPUREZAS,RGB_JPG_IMPUREZAS
C:\Users\eduar\Desktop\Soybe-main\data\com_fundo_filtrado\RGB_JPG_IMPUREZAS\grao_DSC_0292_id239.png,RGB_JPG_IMPUREZAS,RGB_JPG_IMPUREZAS
C:\Users\eduar\Desktop\Soybe-main\data\com_fundo_filtrado\RGB_JPG_Normais\grao_DSC_0484_id50.png,RGB_JPG_Normais,RGB_JPG_Normais
C:\Users\eduar\Desktop\Soybe-main\data\com_fundo_filtrado\RGB_JPG_ESVERDEADO\grao_DSC_0301_id37.png,RGB_JPG_ESVERDEADO,RGB_JPG_ESVERDEADO
C:\Users\eduar\Desktop\Soybe-main\data\com_fundo_filtrado\RGB_JPG_Normais\grao_DSC_0389_id110.png,RGB_JPG_Normais,RGB_JPG_Normais
C:\Users\eduar\Desktop\Soybe-main\data\com_fundo_filtrado\RGB_JPG_CHOCHOS\grao_DSC_0329_id55.png,RGB_JPG_CHOCHOS,RGB_JPG_CHOCHOS
C:\Users\eduar\Desktop\Soybe-main\data\com_fundo_filtrado\RGB_JPG_Normais\grao_DSC_0518_id88.png,RGB_JPG_Normais,RGB_JPG_Normais
C:\Users\eduar\Desktop\Soybe-main\data\com_fundo_filtrado\RGB_JPG_IMPUREZAS\grao_DSC_0286_id62.png,RGB_JPG_IMPUREZAS,RGB_JPG_IMPUREZAS
C:\Users\eduar\Desktop\Soybe-main\data\com_fundo_filtrado\RGB_JPG_Normais\grao_DSC_0503_id80.png,RGB_JPG_Normais,RGB_JPG_Normais
C:\Users\eduar\Desktop\Soybe-main\data\com_fundo_filtrado\RGB_JPG_Normais\grao_DSC_0375_id6.png,RGB_JPG_Normais,RGB_JPG_QUEBRADOS
C:\Users\eduar\Desktop\Soybe-main\data\com_fundo_filtrado\RGB_JPG_CHOCHOS\grao_DSC_0357_id15.png,RGB_JPG_CHOCHOS,RGB_JPG_CHOCHOS
C:\Users\eduar\Desktop\Soybe-main\data\com_fundo_filtrado\RGB_JPG_Normais\grao_DSC_0220_id25.png,RGB_JPG_Normais,RGB_JPG_Normais
C:\Users\eduar\Desktop\Soybe-main\data\com_fundo_filtrado\RGB_JPG_CHOCHOS\grao_DSC_0343_id1.png,RGB_JPG_CHOCHOS,RGB_JPG_CHOCHOS
C:\Users\eduar\Desktop\Soybe-main\data\com_fundo_filtrado\RGB_JPG_QUEBRADOS\grao_DSC_0464_id18.png,RGB_JPG_QUEBRADOS,RGB_JPG_QUEBRADOS
C:\Users\eduar\Desktop\Soybe-main\data\com_fundo_filtrado\RGB_JPG_ESVERDEADO\grao_DSC_0301_id63.png,RGB_JPG_ESVERDEADO,RGB_JPG_ESVERDEADO
C:\Users\eduar\Desktop\Soybe-main\data\com_fundo_filtrado\RGB_JPG_IMPUREZAS\grao_DSC_0279_id264.png,RGB_JPG_IMPUREZAS,RGB_JPG_IMPUREZAS
C:\Users\eduar\Desktop\Soybe-main\data\com_fundo_filtrado\RGB_JPG_Normais\grao_DSC_0615_id17.png,RGB_JPG_Normais,RGB_JPG_Normais
C:\Users\eduar\Desktop\Soybe-main\data\com_fundo_filtrado\RGB_JPG_QUEBRADOS\grao_DSC_0463_id49.png,RGB_JPG_QUEBRADOS,RGB_JPG_QUEBRADOS
C:\Users\eduar\Desktop\Soybe-main\data\com_fundo_filtrado\RGB_JPG_Normais\grao_DSC_0213_id15.png,RGB_JPG_Normais,RGB_JPG_Normais
C:\Users\eduar\Desktop\Soybe-main\data\com_fundo_filtrado\RGB_JPG_IMPUREZAS\grao_DSC_0274_id49.png,RGB_JPG_IMPUREZAS,RGB_JPG_IMPUREZAS
C:\Users\eduar\Desktop\Soybe-main\data\com_fundo_filtrado\RGB_JPG_INSETOS\grao_DSC_0163_id44.png,RGB_JPG_INSETOS,RGB_JPG_Normais
C:\Users\eduar\Desktop\Soybe-main\data\com_fundo_filtrado\RGB_JPG_Normais\grao_DSC_0380_id54.png,RGB_JPG_Normais,RGB_JPG_Normais
C:\Users\eduar\Desktop\Soybe-main\data\com_fundo_filtrado\RGB_JPG_IMPUREZAS\grao_DSC_0287_id243.png,RGB_JPG_IMPUREZAS,RGB_JPG_IMPUREZAS
C:\Users\eduar\Desktop\Soybe-main\data\com_fundo_filtrado\RGB_JPG_Normais\grao_DSC_0639_id27.png,RGB_JPG_Normais,RGB_JPG_Normais
C:\Users\eduar\Desktop\Soybe-main\data\com_fundo_filtrado\RGB_JPG_IMPUREZAS\grao_DSC_0275_id309.png,RGB_JPG_IMPUREZAS,RGB_JPG_IMPUREZAS
C:\Users\eduar\Desktop\Soybe-main\data\com_fundo_filtrado\RGB_JPG_Normais\grao_DSC_0606_id90.png,RGB_JPG_Normais,RGB_JPG_Normais
C:\Users\eduar\Desktop\Soybe-main\data\com_fundo_filtrado\RGB_JPG_Normais\grao_DSC_0640_id11.png,RGB_JPG_Normais,RGB_JPG_Normais
C:\Users\eduar\Desktop\Soybe-main\data\com_fundo_filtrado\RGB_JPG_Normais\grao_DSC_0630_id31.png,RGB_JPG_Normais,RGB_JPG_Normais
C:\Users\eduar\Desktop\Soybe-main\data\com_fundo_filtrado\RGB_JPG_CHOCHOS\grao_DSC_0348_id22.png,RGB_JPG_CHOCHOS,RGB_JPG_CHOCHOS
C:\Users\eduar\Desktop\Soybe-main\data\com_fundo_filtrado\RGB_JPG_Normais\grao_DSC_0514_id54.png,RGB_JPG_Normais,RGB_JPG_Normais
C:\Users\eduar\Desktop\Soybe-main\data\com_fundo_filtrado\RGB_JPG_Normais\grao_DSC_0644_id47.png,RGB_JPG_Normais,RGB_JPG_Normais
C:\Users\eduar\Desktop\Soybe-main\data\com_fundo_filtrado\RGB_JPG_IMPUREZAS\grao_DSC_0035_id129.png,RGB_JPG_IMPUREZAS,RGB_JPG_IMPUREZAS
C:\Users\eduar\Desktop\Soybe-main\data\com_fundo_filtrado\RGB_JPG_IMPUREZAS\grao_DSC_0281_id106.png,RGB_JPG_IMPUREZAS,RGB_JPG_IMPUREZAS
C:\Users\eduar\Desktop\Soybe-main\data\com_fundo_filtrado\RGB_JPG_Normais\grao_DSC_0366_id40.png,RGB_JPG_Normais,RGB_JPG_Normais
C:\Users\eduar\Desktop\Soybe-main\data\com_fundo_filtrado\RGB_JPG_Normais\grao_DSC_0622_id2.png,RGB_JPG_Normais,RGB_JPG_Normais
C:\Users\eduar\Desktop\Soybe-main\data\com_fundo_filtrado\RGB_JPG_IMPUREZAS\grao_DSC_0034_id3.png,RGB_JPG_IMPUREZAS,RGB_JPG_IMPUREZAS
C:\Users\eduar\Desktop\Soybe-main\data\com_fundo_filtrado\RGB_JPG_CHOCHOS\grao_DSC_0316_id72.png,RGB_JPG_CHOCHOS,RGB_JPG_CHOCHOS
C:\Users\eduar\Desktop\Soybe-main\data\com_fundo_filtrado\RGB_JPG_Normais\grao_DSC_0479_id50.png,RGB_JPG_Normais,RGB_JPG_Normais
C:\Users\eduar\Desktop\Soybe-main\data\com_fundo_filtrado\RGB_JPG_ESVERDEADO\grao_DSC_0304_id60.png,RGB_JPG_ESVERDEADO,RGB_JPG_ESVERDEADO
C:\Users\eduar\Desktop\Soybe-main\data\com_fundo_filtrado\RGB_JPG_QUEBRADOS\grao_DSC_0409_id15.png,RGB_JPG_QUEBRADOS,RGB_JPG_QUEBRADOS
C:\Users\eduar\Desktop\Soybe-main\data\com_fundo_filtrado\RGB_JPG_Normais\grao_DSC_0646_id34.png,RGB_JPG_Normais,RGB_JPG_Normais
C:\Users\eduar\Desktop\Soybe-main\data\com_fundo_filtrado\RGB_JPG_IMPUREZAS\grao_DSC_0237_id5.png,RGB_JPG_IMPUREZAS,RGB_JPG_IMPUREZAS
C:\Users\eduar\Desktop\Soybe-main\data\com_fundo_filtrado\RGB_JPG_IMPUREZAS\grao_DSC_0285_id170.png,RGB_JPG_IMPUREZAS,RGB_JPG_IMPUREZAS
C:\Users\eduar\Desktop\Soybe-main\data\com_fundo_filtrado\RGB_JPG_Normais\grao_DSC_0384_id85.png,RGB_JPG_Normais,RGB_JPG_Normais
C:\Users\eduar\Desktop\Soybe-main\data\com_fundo_filtrado\RGB_JPG_IMPUREZAS\grao_DSC_0293_id131.png,RGB_JPG_IMPUREZAS,RGB_JPG_IMPUREZAS
C:\Users\eduar\Desktop\Soybe-main\data\com_fundo_filtrado\RGB_JPG_QUEBRADOS\grao_DSC_0466_id8.png,RGB_JPG_QUEBRADOS,RGB_JPG_QUEBRADOS
C:\Users\eduar\Desktop\Soybe-main\data\com_fundo_filtrado\RGB_JPG_QUEBRADOS\grao_DSC_0431_id51.png,RGB_JPG_QUEBRADOS,RGB_JPG_QUEBRADOS
C:\Users\eduar\Desktop\Soybe-main\data\com_fundo_filtrado\RGB_JPG_Normais\grao_DSC_0487_id77.png,RGB_JPG_Normais,RGB_JPG_Normais
C:\Users\eduar\Desktop\Soybe-main\data\com_fundo_filtrado\RGB_JPG_IMPUREZAS\grao_DSC_0004_id102.png,RGB_JPG_IMPUREZAS,RGB_JPG_IMPUREZAS
C:\Users\eduar\Desktop\Soybe-main\data\com_fundo_filtrado\RGB_JPG_MAMONAS\grao_DSC_0188_id67.png,RGB_JPG_MAMONAS,RGB_JPG_MAMONAS
C:\Users\eduar\Desktop\Soybe-main\data\com_fundo_filtrado\RGB_JPG_QUEBRADOS\grao_DSC_0412_id12.png,RGB_JPG_QUEBRADOS,RGB_JPG_QUEBRADOS
C:\Users\eduar\Desktop\Soybe-main\data\com_fundo_filtrado\RGB_JPG_Normais\grao_DSC_0491_id50.png,RGB_JPG_Normais,RGB_JPG_Normais
C:\Users\eduar\Desktop\Soybe-main\data\com_fundo_filtrado\RGB_JPG_IMPUREZAS\grao_DSC_0240_id149.png,RGB_JPG_IMPUREZAS,RGB_JPG_IMPUREZAS
C:\Users\eduar\Desktop\Soybe-main\data\com_fundo_filtrado\RGB_JPG_QUEBRADOS\grao_DSC_0170_id67.png,RGB_JPG_QUEBRADOS,RGB_JPG_QUEBRADOS
C:\Users\eduar\Desktop\Soybe-main\data\com_fundo_filtrado\RGB_JPG_Normais\grao_DSC_0648_id72.png,RGB_JPG_Normais,RGB_JPG_Normais
C:\Users\eduar\Desktop\Soybe-main\data\com_fundo_filtrado\RGB_JPG_Normais\grao_DSC_0396_id50.png,RGB_JPG_Normais,RGB_JPG_Normais
C:\Users\eduar\Desktop\Soybe-main\data\com_fundo_filtrado\RGB_JPG_CHOCHOS\grao_DSC_0317_id12.png,RGB_JPG_CHOCHOS,RGB_JPG_CHOCHOS
C:\Users\eduar\Desktop\Soybe-main\data\com_fundo_filtrado\RGB_JPG_Normais\grao_DSC_0645_id16.png,RGB_JPG_Normais,RGB_JPG_Normais
C:\Users\eduar\Desktop\Soybe-main\data\com_fundo_filtrado\RGB_JPG_Normais\grao_DSC_0520_id8.png,RGB_JPG_Normais,RGB_JPG_Normais
C:\Users\eduar\Desktop\Soybe-main\data\com_fundo_filtrado\RGB_JPG_Normais\grao_DSC_0377_id114.png,RGB_JPG_Normais,RGB_JPG_Normais
C:\Users\eduar\Desktop\Soybe-main\data\com_fundo_filtrado\RGB_JPG_IMPUREZAS\grao_DSC_0226_id190.png,RGB_JPG_IMPUREZAS,RGB_JPG_IMPUREZAS
C:\Users\eduar\Desktop\Soybe-main\data\com_fundo_filtrado\RGB_JPG_Normais\grao_DSC_0672_id60.png,RGB_JPG_Normais,RGB_JPG_Normais
C:\Users\eduar\Desktop\Soybe-main\data\com_fundo_filtrado\RGB_JPG_QUEBRADOS\grao_DSC_0451_id10.png,RGB_JPG_QUEBRADOS,RGB_JPG_QUEBRADOS
C:\Users\eduar\Desktop\Soybe-main\data\com_fundo_filtrado\RGB_JPG_IMPUREZAS\grao_DSC_0273_id78.png,RGB_JPG_IMPUREZAS,RGB_JPG_IMPUREZAS
C:\Users\eduar\Desktop\Soybe-main\data\com_fundo_filtrado\RGB_JPG_QUEBRADOS\grao_DSC_0457_id50.png,RGB_JPG_QUEBRADOS,RGB_JPG_QUEBRADOS
C:\Users\eduar\Desktop\Soybe-main\data\com_fundo_filtrado\RGB_JPG_IMPUREZAS\grao_DSC_0037_id108.png,RGB_JPG_IMPUREZAS,RGB_JPG_IMPUREZAS
C:\Users\eduar\Desktop\Soybe-main\data\com_fundo_filtrado\RGB_JPG_Normais\grao_DSC_0505_id80.png,RGB_JPG_Normais,RGB_JPG_Normais
C:\Users\eduar\Desktop\Soybe-main\data\com_fundo_filtrado\RGB_JPG_IMPUREZAS\grao_DSC_0237_id125.png,RGB_JPG_IMPUREZAS,RGB_JPG_IMPUREZAS
C:\Users\eduar\Desktop\Soybe-main\data\com_fundo_filtrado\RGB_JPG_Normais\grao_DSC_0374_id4.png,RGB_JPG_Normais,RGB_JPG_Normais
C:\Users\eduar\Desktop\Soybe-main\data\com_fundo_filtrado\RGB_JPG_IMPUREZAS\grao_DSC_0269_id173.png,RGB_JPG_IMPUREZAS,RGB_JPG_IMPUREZAS
C:\Users\eduar\Desktop\Soybe-main\data\com_fundo_filtrado\RGB_JPG_Normais\grao_DSC_0519_id63.png,RGB_JPG_Normais,RGB_JPG_Normais
C:\Users\eduar\Desktop\Soybe-main\data\com_fundo_filtrado\RGB_JPG_QUEBRADOS\grao_DSC_0420_id95.png,RGB_JPG_QUEBRADOS,RGB_JPG_QUEBRADOS
C:\Users\eduar\Desktop\Soybe-main\data\com_fundo_filtrado\RGB_JPG_IMPUREZAS\grao_DSC_0293_id103.png,RGB_JPG_IMPUREZAS,RGB_JPG_IMPUREZAS
C:\Users\eduar\Desktop\Soybe-main\data\com_fundo_filtrado\RGB_JPG_IMPUREZAS\grao_DSC_0236_id232.png,RGB_JPG_IMPUREZAS,RGB_JPG_IMPUREZAS
C:\Users\eduar\Desktop\Soybe-main\data\com_fundo_filtrado\RGB_JPG_IMPUREZAS\grao_DSC_0279_id135.png,RGB_JPG_IMPUREZAS,RGB_JPG_IMPUREZAS
C:\Users\eduar\Desktop\Soybe-main\data\com_fundo_filtrado\RGB_JPG_QUEBRADOS\grao_DSC_0168_id7.png,RGB_JPG_QUEBRADOS,RGB_JPG_QUEBRADOS
C:\Users\eduar\Desktop\Soybe-main\data\com_fundo_filtrado\RGB_JPG_IMPUREZAS\grao_DSC_0031_id59.png,RGB_JPG_IMPUREZAS,RGB_JPG_IMPUREZAS
C:\Users\eduar\Desktop\Soybe-main\data\com_fundo_filtrado\RGB_JPG_IMPUREZAS\grao_DSC_0238_id225.png,RGB_JPG_IMPUREZAS,RGB_JPG_IMPUREZAS
C:\Users\eduar\Desktop\Soybe-main\data\com_fundo_filtrado\RGB_JPG_Normais\grao_DSC_0621_id9.png,RGB_JPG_Normais,RGB_JPG_Normais
C:\Users\eduar\Desktop\Soybe-main\data\com_fundo_filtrado\RGB_JPG_Normais\grao_DSC_0374_id65.png,RGB_JPG_Normais,RGB_JPG_Normais
C:\Users\eduar\Desktop\Soybe-main\data\com_fundo_filtrado\RGB_JPG_Normais\grao_DSC_0676_id59.png,RGB_JPG_Normais,RGB_JPG_Normais
C:\Users\eduar\Desktop\Soybe-main\data\com_fundo_filtrado\RGB_JPG_Normais\grao_DSC_0376_id32.png,RGB_JPG_Normais,RGB_JPG_Normais
C:\Users\eduar\Desktop\Soybe-main\data\com_fundo_filtrado\RGB_JPG_QUEBRADOS\grao_DSC_0425_id64.png,RGB_JPG_QUEBRADOS,RGB_JPG_Normais
C:\Users\eduar\Desktop\Soybe-main\data\com_fundo_filtrado\RGB_JPG_CHOCHOS\grao_DSC_0334_id47.png,RGB_JPG_CHOCHOS,RGB_JPG_CHOCHOS
C:\Users\eduar\Desktop\Soybe-main\data\com_fundo_filtrado\RGB_JPG_Normais\grao_DSC_0212_id22.png,RGB_JPG_Normais,RGB_JPG_Normais
C:\Users\eduar\Desktop\Soybe-main\data\com_fundo_filtrado\RGB_JPG_Normais\grao_DSC_0499_id5.png,RGB_JPG_Normais,RGB_JPG_Normais
C:\Users\eduar\Desktop\Soybe-main\data\com_fundo_filtrado\RGB_JPG_Normais\grao_DSC_0494_id37.png,RGB_JPG_Normais,RGB_JPG_Normais
C:\Users\eduar\Desktop\Soybe-main\data\com_fundo_filtrado\RGB_JPG_Normais\grao_DSC_0510_id95.png,RGB_JPG_Normais,RGB_JPG_Normais
C:\Users\eduar\Desktop\Soybe-main\data\com_fundo_filtrado\RGB_JPG_IMPUREZAS\grao_DSC_0011_id105.png,RGB_JPG_IMPUREZAS,RGB_JPG_IMPUREZAS
C:\Users\eduar\Desktop\Soybe-main\data\com_fundo_filtrado\RGB_JPG_IMPUREZAS\grao_DSC_0276_id173.png,RGB_JPG_IMPUREZAS,RGB_JPG_IMPUREZAS
C:\Users\eduar\Desktop\Soybe-main\data\com_fundo_filtrado\RGB_JPG_Normais\grao_DSC_0608_id4.png,RGB_JPG_Normais,RGB_JPG_Normais
C:\Users\eduar\Desktop\Soybe-main\data\com_fundo_filtrado\RGB_JPG_IMPUREZAS\grao_DSC_0261_id55.png,RGB_JPG_IMPUREZAS,RGB_JPG_IMPUREZAS
C:\Users\eduar\Desktop\Soybe-main\data\com_fundo_filtrado\RGB_JPG_Normais\grao_DSC_0485_id3.png,RGB_JPG_Normais,RGB_JPG_Normais
C:\Users\eduar\Desktop\Soybe-main\data\com_fundo_filtrado\RGB_JPG_Normais\grao_DSC_0652_id68.png,RGB_JPG_Normais,RGB_JPG_Normais
C:\Users\eduar\Desktop\Soybe-main\data\com_fundo_filtrado\RGB_JPG_IMPUREZAS\grao_DSC_0279_id89.png,RGB_JPG_IMPUREZAS,RGB_JPG_IMPUREZAS
C:\Users\eduar\Desktop\Soybe-main\data\com_fundo_filtrado\RGB_JPG_Normais\grao_DSC_0152_id56.png,RGB_JPG_Normais,RGB_JPG_Normais
C:\Users\eduar\Desktop\Soybe-main\data\com_fundo_filtrado\RGB_JPG_QUEBRADOS\grao_DSC_0431_id59.png,RGB_JPG_QUEBRADOS,RGB_JPG_QUEBRADOS
C:\Users\eduar\Desktop\Soybe-main\data\com_fundo_filtrado\RGB_JPG_ESVERDEADO\grao_DSC_0309_id8.png,RGB_JPG_ESVERDEADO,RGB_JPG_ESVERDEADO
C:\Users\eduar\Desktop\Soybe-main\data\com_fundo_filtrado\RGB_JPG_QUEBRADOS\grao_DSC_0168_id107.png,RGB_JPG_QUEBRADOS,RGB_JPG_QUEBRADOS
C:\Users\eduar\Desktop\Soybe-main\data\com_fundo_filtrado\RGB_JPG_IMPUREZAS\grao_DSC_0236_id2.png,RGB_JPG_IMPUREZAS,RGB_JPG_IMPUREZAS
C:\Users\eduar\Desktop\Soybe-main\data\com_fundo_filtrado\RGB_JPG_Normais\grao_DSC_0608_id72.png,RGB_JPG_Normais,RGB_JPG_Normais
C:\Users\eduar\Desktop\Soybe-main\data\com_fundo_filtrado\RGB_JPG_IMPUREZAS\grao_DSC_0224_id211.png,RGB_JPG_IMPUREZAS,RGB_JPG_IMPUREZAS
C:\Users\eduar\Desktop\Soybe-main\data\com_fundo_filtrado\RGB_JPG_Normais\grao_DSC_0643_id79.png,RGB_JPG_Normais,RGB_JPG_Normais
C:\Users\eduar\Desktop\Soybe-main\data\com_fundo_filtrado\RGB_JPG_Normais\grao_DSC_0496_id56.png,RGB_JPG_Normais,RGB_JPG_Normais
C:\Users\eduar\Desktop\Soybe-main\data\com_fundo_filtrado\RGB_JPG_IMPUREZAS\grao_DSC_0228_id71.png,RGB_JPG_IMPUREZAS,RGB_JPG_IMPUREZAS
C:\Users\eduar\Desktop\Soybe-main\data\com_fundo_filtrado\RGB_JPG_Normais\grao_DSC_0662_id101.png,RGB_JPG_Normais,RGB_JPG_Normais
C:\Users\eduar\Desktop\Soybe-main\data\com_fundo_filtrado\RGB_JPG_IMPUREZAS\grao_DSC_0029_id180.png,RGB_JPG_IMPUREZAS,RGB_JPG_IMPUREZAS
C:\Users\eduar\Desktop\Soybe-main\data\com_fundo_filtrado\RGB_JPG_CHOCHOS\grao_DSC_0337_id104.png,RGB_JPG_CHOCHOS,RGB_JPG_CHOCHOS
C:\Users\eduar\Desktop\Soybe-main\data\com_fundo_filtrado\RGB_JPG_IMPUREZAS\grao_DSC_0257_id222.png,RGB_JPG_IMPUREZAS,RGB_JPG_IMPUREZAS
C:\Users\eduar\Desktop\Soybe-main\data\com_fundo_filtrado\RGB_JPG_Normais\grao_DSC_0491_id31.png,RGB_JPG_Normais,RGB_JPG_Normais
C:\Users\eduar\Desktop\Soybe-main\data\com_fundo_filtrado\RGB_JPG_Normais\grao_DSC_0212_id39.png,RGB_JPG_Normais,RGB_JPG_Normais
C:\Users\eduar\Desktop\Soybe-main\data\com_fundo_filtrado\RGB_JPG_CHOCHOS\grao_DSC_0316_id52.png,RGB_JPG_CHOCHOS,RGB_JPG_CHOCHOS
C:\Users\eduar\Desktop\Soybe-main\data\com_fundo_filtrado\RGB_JPG_QUEBRADOS\grao_DSC_0450_id9.png,RGB_JPG_QUEBRADOS,RGB_JPG_QUEBRADOS
C:\Users\eduar\Desktop\Soybe-main\data\com_fundo_filtrado\RGB_JPG_Normais\grao_DSC_0133_id25.png,RGB_JPG_Normais,RGB_JPG_Normais
C:\Users\eduar\Desktop\Soybe-main\data\com_fundo_filtrado\RGB_JPG_Normais\grao_DSC_0367_id38.png,RGB_JPG_Normais,RGB_JPG_QUEBRADOS
C:\Users\eduar\Desktop\Soybe-main\data\com_fundo_filtrado\RGB_JPG_Normais\grao_DSC_0643_id90.png,RGB_JPG_Normais,RGB_JPG_Normais
C:\Users\eduar\Desktop\Soybe-main\data\com_fundo_filtrado\RGB_JPG_Normais\grao_DSC_0673_id79.png,RGB_JPG_Normais,RGB_JPG_Normais
C:\Users\eduar\Desktop\Soybe-main\data\com_fundo_filtrado\RGB_JPG_Normais\grao_DSC_0634_id24.png,RGB_JPG_Normais,RGB_JPG_Normais
C:\Users\eduar\Desktop\Soybe-main\data\com_fundo_filtrado\RGB_JPG_QUEBRADOS\grao_DSC_0464_id17.png,RGB_JPG_QUEBRADOS,RGB_JPG_QUEBRADOS
C:\Users\eduar\Desktop\Soybe-main\data\com_fundo_filtrado\RGB_JPG_Normais\grao_DSC_0490_id30.png,RGB_JPG_Normais,RGB_JPG_Normais
C:\Users\eduar\Desktop\Soybe-main\data\com_fundo_filtrado\RGB_JPG_Normais\grao_DSC_0481_id63.png,RGB_JPG_Normais,RGB_JPG_Normais
C:\Users\eduar\Desktop\Soybe-main\data\com_fundo_filtrado\RGB_JPG_IMPUREZAS\grao_DSC_0270_id59.png,RGB_JPG_IMPUREZAS,RGB_JPG_IMPUREZAS
C:\Users\eduar\Desktop\Soybe-main\data\com_fundo_filtrado\RGB_JPG_QUEBRADOS\grao_DSC_0428_id36.png,RGB_JPG_QUEBRADOS,RGB_JPG_QUEBRADOS
C:\Users\eduar\Desktop\Soybe-main\data\com_fundo_filtrado\RGB_JPG_IMPUREZAS\grao_DSC_0250_id77.png,RGB_JPG_IMPUREZAS,RGB_JPG_IMPUREZAS
C:\Users\eduar\Desktop\Soybe-main\data\com_fundo_filtrado\RGB_JPG_Normais\grao_DSC_0520_id36.png,RGB_JPG_Normais,RGB_JPG_Normais
C:\Users\eduar\Desktop\Soybe-main\data\com_fundo_filtrado\RGB_JPG_IMPUREZAS\grao_DSC_0245_id33.png,RGB_JPG_IMPUREZAS,RGB_JPG_IMPUREZAS
C:\Users\eduar\Desktop\Soybe-main\data\com_fundo_filtrado\RGB_JPG_ESVERDEADO\grao_DSC_0306_id75.png,RGB_JPG_ESVERDEADO,RGB_JPG_ESVERDEADO
C:\Users\eduar\Desktop\Soybe-main\data\com_fundo_filtrado\RGB_JPG_IMPUREZAS\grao_DSC_0036_id179.png,RGB_JPG_IMPUREZAS,RGB_JPG_IMPUREZAS
C:\Users\eduar\Desktop\Soybe-main\data\com_fundo_filtrado\RGB_JPG_IMPUREZAS\grao_DSC_0003_id165.png,RGB_JPG_IMPUREZAS,RGB_JPG_IMPUREZAS
C:\Users\eduar\Desktop\Soybe-main\data\com_fundo_filtrado\RGB_JPG_IMPUREZAS\grao_DSC_0242_id74.png,RGB_JPG_IMPUREZAS,RGB_JPG_IMPUREZAS
C:\Users\eduar\Desktop\Soybe-main\data\com_fundo_filtrado\RGB_JPG_ESVERDEADO\grao_DSC_0303_id57.png,RGB_JPG_ESVERDEADO,RGB_JPG_ESVERDEADO
C:\Users\eduar\Desktop\Soybe-main\data\com_fundo_filtrado\RGB_JPG_Normais\grao_DSC_0644_id41.png,RGB_JPG_Normais,RGB_JPG_Normais
C:\Users\eduar\Desktop\Soybe-main\data\com_fundo_filtrado\RGB_JPG_QUEBRADOS\grao_DSC_0401_id57.png,RGB_JPG_QUEBRADOS,RGB_JPG_QUEBRADOS
C:\Users\eduar\Desktop\Soybe-main\data\com_fundo_filtrado\RGB_JPG_CHOCHOS\grao_DSC_0362_id6.png,RGB_JPG_CHOCHOS,RGB_JPG_CHOCHOS
C:\Users\eduar\Desktop\Soybe-main\data\com_fundo_filtrado\RGB_JPG_Normais\grao_DSC_0638_id73.png,RGB_JPG_Normais,RGB_JPG_Normais
C:\Users\eduar\Desktop\Soybe-main\data\com_fundo_filtrado\RGB_JPG_Normais\grao_DSC_0644_id32.png,RGB_JPG_Normais,RGB_JPG_Normais
C:\Users\eduar\Desktop\Soybe-main\data\com_fundo_filtrado\RGB_JPG_QUEBRADOS\grao_DSC_0422_id82.png,RGB_JPG_QUEBRADOS,RGB_JPG_QUEBRADOS
C:\Users\eduar\Desktop\Soybe-main\data\com_fundo_filtrado\RGB_JPG_CHOCHOS\grao_DSC_0314_id7.png,RGB_JPG_CHOCHOS,RGB_JPG_CHOCHOS
C:\Users\eduar\Desktop\Soybe-main\data\com_fundo_filtrado\RGB_JPG_IMPUREZAS\grao_DSC_0010_id142.png,RGB_JPG_IMPUREZAS,RGB_JPG_IMPUREZAS
C:\Users\eduar\Desktop\Soybe-main\data\com_fundo_filtrado\RGB_JPG_Normais\grao_DSC_0660_id52.png,RGB_JPG_Normais,RGB_JPG_Normais
C:\Users\eduar\Desktop\Soybe-main\data\com_fundo_filtrado\RGB_JPG_Normais\grao_DSC_0512_id9.png,RGB_JPG_Normais,RGB_JPG_Normais
C:\Users\eduar\Desktop\Soybe-main\data\com_fundo_filtrado\RGB_JPG_Normais\grao_DSC_0369_id45.png,RGB_JPG_Normais,RGB_JPG_Normais
C:\Users\eduar\Desktop\Soybe-main\data\com_fundo_filtrado\RGB_JPG_ESVERDEADO\grao_DSC_0305_id56.png,RGB_JPG_ESVERDEADO,RGB_JPG_QUEBRADOS
C:\Users\eduar\Desktop\Soybe-main\data\com_fundo_filtrado\RGB_JPG_QUEBRADOS\grao_DSC_0403_id21.png,RGB_JPG_QUEBRADOS,RGB_JPG_QUEBRADOS
C:\Users\eduar\Desktop\Soybe-main\data\com_fundo_filtrado\RGB_JPG_Normais\grao_DSC_0137_id41.png,RGB_JPG_Normais,RGB_JPG_Normais
C:\Users\eduar\Desktop\Soybe-main\data\com_fundo_filtrado\RGB_JPG_Normais\grao_DSC_0618_id6.png,RGB_JPG_Normais,RGB_JPG_Normais
C:\Users\eduar\Desktop\Soybe-main\data\com_fundo_filtrado\RGB_JPG_IMPUREZAS\grao_DSC_0281_id92.png,RGB_JPG_IMPUREZAS,RGB_JPG_IMPUREZAS
C:\Users\eduar\Desktop\Soybe-main\data\com_fundo_filtrado\RGB_JPG_Normais\grao_DSC_0638_id41.png,RGB_JPG_Normais,RGB_JPG_Normais
C:\Users\eduar\Desktop\Soybe-main\data\com_fundo_filtrado\RGB_JPG_IMPUREZAS\grao_DSC_0281_id239.png,RGB_JPG_IMPUREZAS,RGB_JPG_IMPUREZAS
C:\Users\eduar\Desktop\Soybe-main\data\com_fundo_filtrado\RGB_JPG_Normais\grao_DSC_0505_id14.png,RGB_JPG_Normais,RGB_JPG_Normais
C:\Users\eduar\Desktop\Soybe-main\data\com_fundo_filtrado\RGB_JPG_Normais\grao_DSC_0674_id46.png,RGB_JPG_Normais,RGB_JPG_Normais
C:\Users\eduar\Desktop\Soybe-main\data\com_fundo_filtrado\RGB_JPG_IMPUREZAS\grao_DSC_0274_id143.png,RGB_JPG_IMPUREZAS,RGB_JPG_IMPUREZAS
C:\Users\eduar\Desktop\Soybe-main\data\com_fundo_filtrado\RGB_JPG_IMPUREZAS\grao_DSC_0242_id222.png,RGB_JPG_IMPUREZAS,RGB_JPG_IMPUREZAS
C:\Users\eduar\Desktop\Soybe-main\data\com_fundo_filtrado\RGB_JPG_IMPUREZAS\grao_DSC_0259_id33.png,RGB_JPG_IMPUREZAS,RGB_JPG_IMPUREZAS
C:\Users\eduar\Desktop\Soybe-main\data\com_fundo_filtrado\RGB_JPG_QUEBRADOS\grao_DSC_0421_id20.png,RGB_JPG_QUEBRADOS,RGB_JPG_QUEBRADOS
C:\Users\eduar\Desktop\Soybe-main\data\com_fundo_filtrado\RGB_JPG_Normais\grao_DSC_0488_id78.png,RGB_JPG_Normais,RGB_JPG_Normais
C:\Users\eduar\Desktop\Soybe-main\data\com_fundo_filtrado\RGB_JPG_Normais\grao_DSC_0388_id16.png,RGB_JPG_Normais,RGB_JPG_Normais
C:\Users\eduar\Desktop\Soybe-main\data\com_fundo_filtrado\RGB_JPG_QUEBRADOS\grao_DSC_0457_id38.png,RGB_JPG_QUEBRADOS,RGB_JPG_QUEBRADOS
C:\Users\eduar\Desktop\Soybe-main\data\com_fundo_filtrado\RGB_JPG_Normais\grao_DSC_0506_id79.png,RGB_JPG_Normais,RGB_JPG_Normais
C:\Users\eduar\Desktop\Soybe-main\data\com_fundo_filtrado\RGB_JPG_Normais\grao_DSC_0503_id59.png,RGB_JPG_Normais,RGB_JPG_Normais
C:\Users\eduar\Desktop\Soybe-main\data\com_fundo_filtrado\RGB_JPG_Normais\grao_DSC_0158_id41.png,RGB_JPG_Normais,RGB_JPG_Normais
C:\Users\eduar\Desktop\Soybe-main\data\com_fundo_filtrado\RGB_JPG_Normais\grao_DSC_0133_id105.png,RGB_JPG_Normais,RGB_JPG_Normais
C:\Users\eduar\Desktop\Soybe-main\data\com_fundo_filtrado\RGB_JPG_CHOCHOS\grao_DSC_0333_id75.png,RGB_JPG_CHOCHOS,RGB_JPG_CHOCHOS
C:\Users\eduar\Desktop\Soybe-main\data\com_fundo_filtrado\RGB_JPG_IMPUREZAS\grao_DSC_0252_id58.png,RGB_JPG_IMPUREZAS,RGB_JPG_IMPUREZAS
C:\Users\eduar\Desktop\Soybe-main\data\com_fundo_filtrado\RGB_JPG_Normais\grao_DSC_0372_id45.png,RGB_JPG_Normais,RGB_JPG_Normais
C:\Users\eduar\Desktop\Soybe-main\data\com_fundo_filtrado\RGB_JPG_IMPUREZAS\grao_DSC_0244_id218.png,RGB_JPG_IMPUREZAS,RGB_JPG_IMPUREZAS
C:\Users\eduar\Desktop\Soybe-main\data\com_fundo_filtrado\RGB_JPG_Normais\grao_DSC_0159_id66.png,RGB_JPG_Normais,RGB_JPG_Normais
C:\Users\eduar\Desktop\Soybe-main\data\com_fundo_filtrado\RGB_JPG_IMPUREZAS\grao_DSC_0025_id291.png,RGB_JPG_IMPUREZAS,RGB_JPG_IMPUREZAS
C:\Users\eduar\Desktop\Soybe-main\data\com_fundo_filtrado\RGB_JPG_IMPUREZAS\grao_DSC_0241_id45.png,RGB_JPG_IMPUREZAS,RGB_JPG_IMPUREZAS
C:\Users\eduar\Desktop\Soybe-main\data\com_fundo_filtrado\RGB_JPG_IMPUREZAS\grao_DSC_0253_id19.png,RGB_JPG_IMPUREZAS,RGB_JPG_IMPUREZAS
C:\Users\eduar\Desktop\Soybe-main\data\com_fundo_filtrado\RGB_JPG_Normais\grao_DSC_0619_id43.png,RGB_JPG_Normais,RGB_JPG_Normais
C:\Users\eduar\Desktop\Soybe-main\data\com_fundo_filtrado\RGB_JPG_CHOCHOS\grao_DSC_0313_id82.png,RGB_JPG_CHOCHOS,RGB_JPG_CHOCHOS
C:\Users\eduar\Desktop\Soybe-main\data\com_fundo_filtrado\RGB_JPG_IMPUREZAS\grao_DSC_0043_id76.png,RGB_JPG_IMPUREZAS,RGB_JPG_IMPUREZAS
C:\Users\eduar\Desktop\Soybe-main\data\com_fundo_filtrado\RGB_JPG_IMPUREZAS\grao_DSC_0281_id194.png,RGB_JPG_IMPUREZAS,RGB_JPG_IMPUREZAS
C:\Users\eduar\Desktop\Soybe-main\data\com_fundo_filtrado\RGB_JPG_Normais\grao_DSC_0375_id51.png,RGB_JPG_Normais,RGB_JPG_Normais
C:\Users\eduar\Desktop\Soybe-main\data\com_fundo_filtrado\RGB_JPG_IMPUREZAS\grao_DSC_0228_id140.png,RGB_JPG_IMPUREZAS,RGB_JPG_IMPUREZAS
C:\Users\eduar\Desktop\Soybe-main\data\com_fundo_filtrado\RGB_JPG_ESVERDEADO\grao_DSC_0299_id68.png,RGB_JPG_ESVERDEADO,RGB_JPG_CHOCHOS
C:\Users\eduar\Desktop\Soybe-main\data\com_fundo_filtrado\RGB_JPG_ESVERDEADO\grao_DSC_0305_id100.png,RGB_JPG_ESVERDEADO,RGB_JPG_ESVERDEADO
C:\Users\eduar\Desktop\Soybe-main\data\com_fundo_filtrado\RGB_JPG_IMPUREZAS\grao_DSC_0002_id302.png,RGB_JPG_IMPUREZAS,RGB_JPG_IMPUREZAS
C:\Users\eduar\Desktop\Soybe-main\data\com_fundo_filtrado\RGB_JPG_Normais\grao_DSC_0636_id96.png,RGB_JPG_Normais,RGB_JPG_Normais
C:\Users\eduar\Desktop\Soybe-main\data\com_fundo_filtrado\RGB_JPG_QUEBRADOS\grao_DSC_0417_id22.png,RGB_JPG_QUEBRADOS,RGB_JPG_QUEBRADOS
C:\Users\eduar\Desktop\Soybe-main\data\com_fundo_filtrado\RGB_JPG_CHOCHOS\grao_DSC_0333_id71.png,RGB_JPG_CHOCHOS,RGB_JPG_CHOCHOS
C:\Users\eduar\Desktop\Soybe-main\data\com_fundo_filtrado\RGB_JPG_IMPUREZAS\grao_DSC_0007_id134.png,RGB_JPG_IMPUREZAS,RGB_JPG_IMPUREZAS
C:\Users\eduar\Desktop\Soybe-main\data\com_fundo_filtrado\RGB_JPG_Normais\grao_DSC_0629_id101.png,RGB_JPG_Normais,RGB_JPG_Normais
C:\Users\eduar\Desktop\Soybe-main\data\com_fundo_filtrado\RGB_JPG_QUEBRADOS\grao_DSC_0446_id77.png,RGB_JPG_QUEBRADOS,RGB_JPG_QUEBRADOS
C:\Users\eduar\Desktop\Soybe-main\data\com_fundo_filtrado\RGB_JPG_QUEBRADOS\grao_DSC_0462_id95.png,RGB_JPG_QUEBRADOS,RGB_JPG_QUEBRADOS
C:\Users\eduar\Desktop\Soybe-main\data\com_fundo_filtrado\RGB_JPG_CHOCHOS\grao_DSC_0315_id39.png,RGB_JPG_CHOCHOS,RGB_JPG_CHOCHOS
C:\Users\eduar\Desktop\Soybe-main\data\com_fundo_filtrado\RGB_JPG_QUEBRADOS\grao_DSC_0426_id26.png,RGB_JPG_QUEBRADOS,RGB_JPG_QUEBRADOS
C:\Users\eduar\Desktop\Soybe-main\data\com_fundo_filtrado\RGB_JPG_CHOCHOS\grao_DSC_0337_id22.png,RGB_JPG_CHOCHOS,RGB_JPG_CHOCHOS
C:\Users\eduar\Desktop\Soybe-main\data\com_fundo_filtrado\RGB_JPG_Normais\grao_DSC_0662_id71.png,RGB_JPG_Normais,RGB_JPG_Normais
C:\Users\eduar\Desktop\Soybe-main\data\com_fundo_filtrado\RGB_JPG_Normais\grao_DSC_0504_id5.png,RGB_JPG_Normais,RGB_JPG_Normais
C:\Users\eduar\Desktop\Soybe-main\data\com_fundo_filtrado\RGB_JPG_IMPUREZAS\grao_DSC_0285_id55.png,RGB_JPG_IMPUREZAS,RGB_JPG_IMPUREZAS
C:\Users\eduar\Desktop\Soybe-main\data\com_fundo_filtrado\RGB_JPG_IMPUREZAS\grao_DSC_0263_id69.png,RGB_JPG_IMPUREZAS,RGB_JPG_IMPUREZAS
C:\Users\eduar\Desktop\Soybe-main\data\com_fundo_filtrado\RGB_JPG_QUEBRADOS\grao_DSC_0402_id74.png,RGB_JPG_QUEBRADOS,RGB_JPG_QUEBRADOS
C:\Users\eduar\Desktop\Soybe-main\data\com_fundo_filtrado\RGB_JPG_QUEBRADOS\grao_DSC_0452_id39.png,RGB_JPG_QUEBRADOS,RGB_JPG_QUEBRADOS
C:\Users\eduar\Desktop\Soybe-main\data\com_fundo_filtrado\RGB_JPG_Normais\grao_DSC_0621_id6.png,RGB_JPG_Normais,RGB_JPG_Normais
C:\Users\eduar\Desktop\Soybe-main\data\com_fundo_filtrado\RGB_JPG_IMPUREZAS\grao_DSC_0283_id134.png,RGB_JPG_IMPUREZAS,RGB_JPG_IMPUREZAS
C:\Users\eduar\Desktop\Soybe-main\data\com_fundo_filtrado\RGB_JPG_Normais\grao_DSC_0476_id98.png,RGB_JPG_Normais,RGB_JPG_Normais
C:\Users\eduar\Desktop\Soybe-main\data\com_fundo_filtrado\RGB_JPG_IMPUREZAS\grao_DSC_0273_id80.png,RGB_JPG_IMPUREZAS,RGB_JPG_IMPUREZAS
C:\Users\eduar\Desktop\Soybe-main\data\com_fundo_filtrado\RGB_JPG_Normais\grao_DSC_0669_id103.png,RGB_JPG_Normais,RGB_JPG_Normais
C:\Users\eduar\Desktop\Soybe-main\data\com_fundo_filtrado\RGB_JPG_Normais\grao_DSC_0161_id41.png,RGB_JPG_Normais,RGB_JPG_Normais
C:\Users\eduar\Desktop\Soybe-main\data\com_fundo_filtrado\RGB_JPG_Normais\grao_DSC_0678_id43.png,RGB_JPG_Normais,RGB_JPG_Normais
C:\Users\eduar\Desktop\Soybe-main\data\com_fundo_filtrado\RGB_JPG_Normais\grao_DSC_0614_id94.png,RGB_JPG_Normais,RGB_JPG_Normais
C:\Users\eduar\Desktop\Soybe-main\data\com_fundo_filtrado\RGB_JPG_QUEBRADOS\grao_DSC_0420_id20.png,RGB_JPG_QUEBRADOS,RGB_JPG_QUEBRADOS
C:\Users\eduar\Desktop\Soybe-main\data\com_fundo_filtrado\RGB_JPG_Normais\grao_DSC_0500_id29.png,RGB_JPG_Normais,RGB_JPG_Normais
C:\Users\eduar\Desktop\Soybe-main\data\com_fundo_filtrado\RGB_JPG_CHOCHOS\grao_DSC_0313_id17.png,RGB_JPG_CHOCHOS,RGB_JPG_CHOCHOS
C:\Users\eduar\Desktop\Soybe-main\data\com_fundo_filtrado\RGB_JPG_QUEBRADOS\grao_DSC_0425_id12.png,RGB_JPG_QUEBRADOS,RGB_JPG_QUEBRADOS
C:\Users\eduar\Desktop\Soybe-main\data\com_fundo_filtrado\RGB_JPG_Normais\grao_DSC_0152_id36.png,RGB_JPG_Normais,RGB_JPG_Normais
C:\Users\eduar\Desktop\Soybe-main\data\com_fundo_filtrado\RGB_JPG_CHOCHOS\grao_DSC_0343_id97.png,RGB_JPG_CHOCHOS,RGB_JPG_CHOCHOS
C:\Users\eduar\Desktop\Soybe-main\data\com_fundo_filtrado\RGB_JPG_Normais\grao_DSC_0398_id108.png,RGB_JPG_Normais,RGB_JPG_Normais
C:\Users\eduar\Desktop\Soybe-main\data\com_fundo_filtrado\RGB_JPG_Normais\grao_DSC_0154_id82.png,RGB_JPG_Normais,RGB_JPG_Normais
C:\Users\eduar\Desktop\Soybe-main\data\com_fundo_filtrado\RGB_JPG_Normais\grao_DSC_0377_id39.png,RGB_JPG_Normais,RGB_JPG_Normais
C:\Users\eduar\Desktop\Soybe-main\data\com_fundo_filtrado\RGB_JPG_Normais\grao_DSC_0620_id78.png,RGB_JPG_Normais,RGB_JPG_Normais
C:\Users\eduar\Desktop\Soybe-main\data\com_fundo_filtrado\RGB_JPG_Normais\grao_DSC_0135_id27.png,RGB_JPG_Normais,RGB_JPG_Normais
C:\Users\eduar\Desktop\Soybe-main\data\com_fundo_filtrado\RGB_JPG_CHOCHOS\grao_DSC_0315_id2.png,RGB_JPG_CHOCHOS,RGB_JPG_CHOCHOS
C:\Users\eduar\Desktop\Soybe-main\data\com_fundo_filtrado\RGB_JPG_QUEBRADOS\grao_DSC_0462_id12.png,RGB_JPG_QUEBRADOS,RGB_JPG_QUEBRADOS
C:\Users\eduar\Desktop\Soybe-main\data\com_fundo_filtrado\RGB_JPG_Normais\grao_DSC_0480_id9.png,RGB_JPG_Normais,RGB_JPG_Normais
C:\Users\eduar\Desktop\Soybe-main\data\com_fundo_filtrado\RGB_JPG_QUEBRADOS\grao_DSC_0169_id104.png,RGB_JPG_QUEBRADOS,RGB_JPG_QUEBRADOS
C:\Users\eduar\Desktop\Soybe-main\data\com_fundo_filtrado\RGB_JPG_QUEBRADOS\grao_DSC_0433_id42.png,RGB_JPG_QUEBRADOS,RGB_JPG_QUEBRADOS
C:\Users\eduar\Desktop\Soybe-main\data\com_fundo_filtrado\RGB_JPG_Normais\grao_DSC_0477_id2.png,RGB_JPG_Normais,RGB_JPG_Normais
C:\Users\eduar\Desktop\Soybe-main\data\com_fundo_filtrado\RGB_JPG_ESVERDEADO\grao_DSC_0309_id54.png,RGB_JPG_ESVERDEADO,RGB_JPG_ESVERDEADO
C:\Users\eduar\Desktop\Soybe-main\data\com_fundo_filtrado\RGB_JPG_IMPUREZAS\grao_DSC_0287_id99.png,RGB_JPG_IMPUREZAS,RGB_JPG_IMPUREZAS
C:\Users\eduar\Desktop\Soybe-main\data\com_fundo_filtrado\RGB_JPG_CHOCHOS\grao_DSC_0351_id14.png,RGB_JPG_CHOCHOS,RGB_JPG_CHOCHOS
C:\Users\eduar\Desktop\Soybe-main\data\com_fundo_filtrado\RGB_JPG_Normais\grao_DSC_0143_id5.png,RGB_JPG_Normais,RGB_JPG_Normais
C:\Users\eduar\Desktop\Soybe-main\data\com_fundo_filtrado\RGB_JPG_IMPUREZAS\grao_DSC_0278_id85.png,RGB_JPG_IMPUREZAS,RGB_JPG_IMPUREZAS
C:\Users\eduar\Desktop\Soybe-main\data\com_fundo_filtrado\RGB_JPG_Normais\grao_DSC_0517_id52.png,RGB_JPG_Normais,RGB_JPG_Normais
C:\Users\eduar\Desktop\Soybe-main\data\com_fundo_filtrado\RGB_JPG_QUEBRADOS\grao_DSC_0438_id60.png,RGB_JPG_QUEBRADOS,RGB_JPG_QUEBRADOS
C:\Users\eduar\Desktop\Soybe-main\data\com_fundo_filtrado\RGB_JPG_IMPUREZAS\grao_DSC_0253_id145.png,RGB_JPG_IMPUREZAS,RGB_JPG_IMPUREZAS
C:\Users\eduar\Desktop\Soybe-main\data\com_fundo_filtrado\RGB_JPG_IMPUREZAS\grao_DSC_0288_id248.png,RGB_JPG_IMPUREZAS,RGB_JPG_IMPUREZAS
C:\Users\eduar\Desktop\Soybe-main\data\com_fundo_filtrado\RGB_JPG_Normais\grao_DSC_0672_id23.png,RGB_JPG_Normais,RGB_JPG_Normais
C:\Users\eduar\Desktop\Soybe-main\data\com_fundo_filtrado\RGB_JPG_CHOCHOS\grao_DSC_0329_id100.png,RGB_JPG_CHOCHOS,RGB_JPG_CHOCHOS
C:\Users\eduar\Desktop\Soybe-main\data\com_fundo_filtrado\RGB_JPG_Normais\grao_DSC_0621_id79.png,RGB_JPG_Normais,RGB_JPG_Normais
C:\Users\eduar\Desktop\Soybe-main\data\com_fundo_filtrado\RGB_JPG_Normais\grao_DSC_0373_id65.png,RGB_JPG_Normais,RGB_JPG_Normais
C:\Users\eduar\Desktop\Soybe-main\data\com_fundo_filtrado\RGB_JPG_Normais\grao_DSC_0668_id44.png,RGB_JPG_Normais,RGB_JPG_Normais
C:\Users\eduar\Desktop\Soybe-main\data\com_fundo_filtrado\RGB_JPG_ESVERDEADO\grao_DSC_0308_id52.png,RGB_JPG_ESVERDEADO,RGB_JPG_ESVERDEADO
C:\Users\eduar\Desktop\Soybe-main\data\com_fundo_filtrado\RGB_JPG_Normais\grao_DSC_0395_id75.png,RGB_JPG_Normais,RGB_JPG_Normais
C:\Users\eduar\Desktop\Soybe-main\data\com_fundo_filtrado\RGB_JPG_Normais\grao_DSC_0519_id15.png,RGB_JPG_Normais,RGB_JPG_Normais
C:\Users\eduar\Desktop\Soybe-main\data\com_fundo_filtrado\RGB_JPG_QUEBRADOS\grao_DSC_0455_id84.png,RGB_JPG_QUEBRADOS,RGB_JPG_QUEBRADOS
C:\Users\eduar\Desktop\Soybe-main\data\com_fundo_filtrado\RGB_JPG_QUEBRADOS\grao_DSC_0427_id76.png,RGB_JPG_QUEBRADOS,RGB_JPG_QUEBRADOS
C:\Users\eduar\Desktop\Soybe-main\data\com_fundo_filtrado\RGB_JPG_Normais\grao_DSC_0507_id74.png,RGB_JPG_Normais,RGB_JPG_Normais
C:\Users\eduar\Desktop\Soybe-main\data\com_fundo_filtrado\RGB_JPG_Normais\grao_DSC_0504_id86.png,RGB_JPG_Normais,RGB_JPG_Normais
C:\Users\eduar\Desktop\Soybe-main\data\com_fundo_filtrado\RGB_JPG_Normais\grao_DSC_0373_id91.png,RGB_JPG_Normais,RGB_JPG_Normais
C:\Users\eduar\Desktop\Soybe-main\data\com_fundo_filtrado\RGB_JPG_IMPUREZAS\grao_DSC_0233_id6.png,RGB_JPG_IMPUREZAS,RGB_JPG_IMPUREZAS
C:\Users\eduar\Desktop\Soybe-main\data\com_fundo_filtrado\RGB_JPG_Normais\grao_DSC_0152_id7.png,RGB_JPG_Normais,RGB_JPG_Normais
C:\Users\eduar\Desktop\Soybe-main\data\com_fundo_filtrado\RGB_JPG_IMPUREZAS\grao_DSC_0228_id44.png,RGB_JPG_IMPUREZAS,RGB_JPG_IMPUREZAS
C:\Users\eduar\Desktop\Soybe-main\data\com_fundo_filtrado\RGB_JPG_Normais\grao_DSC_0659_id8.png,RGB_JPG_Normais,RGB_JPG_Normais
C:\Users\eduar\Desktop\Soybe-main\data\com_fundo_filtrado\RGB_JPG_IMPUREZAS\grao_DSC_0278_id178.png,RGB_JPG_IMPUREZAS,RGB_JPG_IMPUREZAS
C:\Users\eduar\Desktop\Soybe-main\data\com_fundo_filtrado\RGB_JPG_IMPUREZAS\grao_DSC_0239_id339.png,RGB_JPG_IMPUREZAS,RGB_JPG_IMPUREZAS
C:\Users\eduar\Desktop\Soybe-main\data\com_fundo_filtrado\RGB_JPG_Normais\grao_DSC_0654_id29.png,RGB_JPG_Normais,RGB_JPG_Normais
C:\Users\eduar\Desktop\Soybe-main\data\com_fundo_filtrado\RGB_JPG_Normais\grao_DSC_0620_id84.png,RGB_JPG_Normais,RGB_JPG_Normais
C:\Users\eduar\Desktop\Soybe-main\data\com_fundo_filtrado\RGB_JPG_ESVERDEADO\grao_DSC_0312_id3.png,RGB_JPG_ESVERDEADO,RGB_JPG_ESVERDEADO
C:\Users\eduar\Desktop\Soybe-main\data\com_fundo_filtrado\RGB_JPG_Normais\grao_DSC_0473_id23.png,RGB_JPG_Normais,RGB_JPG_Normais
C:\Users\eduar\Desktop\Soybe-main\data\com_fundo_filtrado\RGB_JPG_IMPUREZAS\grao_DSC_0226_id81.png,RGB_JPG_IMPUREZAS,RGB_JPG_IMPUREZAS
C:\Users\eduar\Desktop\Soybe-main\data\com_fundo_filtrado\RGB_JPG_CHOCHOS\grao_DSC_0336_id14.png,RGB_JPG_CHOCHOS,RGB_JPG_CHOCHOS
C:\Users\eduar\Desktop\Soybe-main\data\com_fundo_filtrado\RGB_JPG_Normais\grao_DSC_0647_id26.png,RGB_JPG_Normais,RGB_JPG_Normais
C:\Users\eduar\Desktop\Soybe-main\data\com_fundo_filtrado\RGB_JPG_CHOCHOS\grao_DSC_0318_id66.png,RGB_JPG_CHOCHOS,RGB_JPG_ESVERDEADO
C:\Users\eduar\Desktop\Soybe-main\data\com_fundo_filtrado\RGB_JPG_Normais\grao_DSC_0664_id55.png,RGB_JPG_Normais,RGB_JPG_Normais
C:\Users\eduar\Desktop\Soybe-main\data\com_fundo_filtrado\RGB_JPG_IMPUREZAS\grao_DSC_0259_id57.png,RGB_JPG_IMPUREZAS,RGB_JPG_IMPUREZAS
C:\Users\eduar\Desktop\Soybe-main\data\com_fundo_filtrado\RGB_JPG_Normais\grao_DSC_0385_id13.png,RGB_JPG_Normais,RGB_JPG_Normais
C:\Users\eduar\Desktop\Soybe-main\data\com_fundo_filtrado\RGB_JPG_QUEBRADOS\grao_DSC_0414_id53.png,RGB_JPG_QUEBRADOS,RGB_JPG_QUEBRADOS
C:\Users\eduar\Desktop\Soybe-main\data\com_fundo_filtrado\RGB_JPG_QUEBRADOS\grao_DSC_0418_id52.png,RGB_JPG_QUEBRADOS,RGB_JPG_QUEBRADOS
C:\Users\eduar\Desktop\Soybe-main\data\com_fundo_filtrado\RGB_JPG_IMPUREZAS\grao_DSC_0269_id44.png,RGB_JPG_IMPUREZAS,RGB_JPG_IMPUREZAS
C:\Users\eduar\Desktop\Soybe-main\data\com_fundo_filtrado\RGB_JPG_QUEBRADOS\grao_DSC_0404_id40.png,RGB_JPG_QUEBRADOS,RGB_JPG_QUEBRADOS
C:\Users\eduar\Desktop\Soybe-main\data\com_fundo_filtrado\RGB_JPG_IMPUREZAS\grao_DSC_0268_id125.png,RGB_JPG_IMPUREZAS,RGB_JPG_IMPUREZAS
C:\Users\eduar\Desktop\Soybe-main\data\com_fundo_filtrado\RGB_JPG_IMPUREZAS\grao_DSC_0285_id143.png,RGB_JPG_IMPUREZAS,RGB_JPG_IMPUREZAS
C:\Users\eduar\Desktop\Soybe-main\data\com_fundo_filtrado\RGB_JPG_Normais\grao_DSC_0630_id6.png,RGB_JPG_Normais,RGB_JPG_Normais
C:\Users\eduar\Desktop\Soybe-main\data\com_fundo_filtrado\RGB_JPG_Normais\grao_DSC_0652_id56.png,RGB_JPG_Normais,RGB_JPG_Normais
C:\Users\eduar\Desktop\Soybe-main\data\com_fundo_filtrado\RGB_JPG_CHOCHOS\grao_DSC_0342_id70.png,RGB_JPG_CHOCHOS,RGB_JPG_CHOCHOS
C:\Users\eduar\Desktop\Soybe-main\data\com_fundo_filtrado\RGB_JPG_Normais\grao_DSC_0392_id107.png,RGB_JPG_Normais,RGB_JPG_Normais
C:\Users\eduar\Desktop\Soybe-main\data\com_fundo_filtrado\RGB_JPG_Normais\grao_DSC_0479_id71.png,RGB_JPG_Normais,RGB_JPG_Normais
C:\Users\eduar\Desktop\Soybe-main\data\com_fundo_filtrado\RGB_JPG_MAMONAS\grao_DSC_0190_id223.png,RGB_JPG_MAMONAS,RGB_JPG_MAMONAS
C:\Users\eduar\Desktop\Soybe-main\data\com_fundo_filtrado\RGB_JPG_Normais\grao_DSC_0151_id80.png,RGB_JPG_Normais,RGB_JPG_Normais
C:\Users\eduar\Desktop\Soybe-main\data\com_fundo_filtrado\RGB_JPG_IMPUREZAS\grao_DSC_0006_id66.png,RGB_JPG_IMPUREZAS,RGB_JPG_IMPUREZAS
C:\Users\eduar\Desktop\Soybe-main\data\com_fundo_filtrado\RGB_JPG_CHOCHOS\grao_DSC_0332_id76.png,RGB_JPG_CHOCHOS,RGB_JPG_CHOCHOS
C:\Users\eduar\Desktop\Soybe-main\data\com_fundo_filtrado\RGB_JPG_Normais\grao_DSC_0640_id80.png,RGB_JPG_Normais,RGB_JPG_Normais
C:\Users\eduar\Desktop\Soybe-main\data\com_fundo_filtrado\RGB_JPG_QUEBRADOS\grao_DSC_0453_id81.png,RGB_JPG_QUEBRADOS,RGB_JPG_QUEBRADOS
C:\Users\eduar\Desktop\Soybe-main\data\com_fundo_filtrado\RGB_JPG_Normais\grao_DSC_0649_id27.png,RGB_JPG_Normais,RGB_JPG_Normais
C:\Users\eduar\Desktop\Soybe-main\data\com_fundo_filtrado\RGB_JPG_IMPUREZAS\grao_DSC_0287_id107.png,RGB_JPG_IMPUREZAS,RGB_JPG_IMPUREZAS
C:\Users\eduar\Desktop\Soybe-main\data\com_fundo_filtrado\RGB_JPG_Normais\grao_DSC_0479_id13.png,RGB_JPG_Normais,RGB_JPG_Normais
C:\Users\eduar\Desktop\Soybe-main\data\com_fundo_filtrado\RGB_JPG_QUEBRADOS\grao_DSC_0447_id44.png,RGB_JPG_QUEBRADOS,RGB_JPG_QUEBRADOS
C:\Users\eduar\Desktop\Soybe-main\data\com_fundo_filtrado\RGB_JPG_IMPUREZAS\grao_DSC_0025_id237.png,RGB_JPG_IMPUREZAS,RGB_JPG_IMPUREZAS
C:\Users\eduar\Desktop\Soybe-main\data\com_fundo_filtrado\RGB_JPG_MAMONAS\grao_DSC_0190_id86.png,RGB_JPG_MAMONAS,RGB_JPG_MAMONAS
C:\Users\eduar\Desktop\Soybe-main\data\com_fundo_filtrado\RGB_JPG_QUEBRADOS\grao_DSC_0425_id70.png,RGB_JPG_QUEBRADOS,RGB_JPG_Normais
C:\Users\eduar\Desktop\Soybe-main\data\com_fundo_filtrado\RGB_JPG_IMPUREZAS\grao_DSC_0036_id133.png,RGB_JPG_IMPUREZAS,RGB_JPG_IMPUREZAS
C:\Users\eduar\Desktop\Soybe-main\data\com_fundo_filtrado\RGB_JPG_IMPUREZAS\grao_DSC_0017_id39.png,RGB_JPG_IMPUREZAS,RGB_JPG_IMPUREZAS
C:\Users\eduar\Desktop\Soybe-main\data\com_fundo_filtrado\RGB_JPG_Normais\grao_DSC_0657_id92.png,RGB_JPG_Normais,RGB_JPG_Normais
C:\Users\eduar\Desktop\Soybe-main\data\com_fundo_filtrado\RGB_JPG_Normais\grao_DSC_0150_id103.png,RGB_JPG_Normais,RGB_JPG_Normais
C:\Users\eduar\Desktop\Soybe-main\data\com_fundo_filtrado\RGB_JPG_CHOCHOS\grao_DSC_0357_id44.png,RGB_JPG_CHOCHOS,RGB_JPG_CHOCHOS
C:\Users\eduar\Desktop\Soybe-main\data\com_fundo_filtrado\RGB_JPG_IMPUREZAS\grao_DSC_0006_id38.png,RGB_JPG_IMPUREZAS,RGB_JPG_IMPUREZAS
C:\Users\eduar\Desktop\Soybe-main\data\com_fundo_filtrado\RGB_JPG_IMPUREZAS\grao_DSC_0295_id120.png,RGB_JPG_IMPUREZAS,RGB_JPG_IMPUREZAS
C:\Users\eduar\Desktop\Soybe-main\data\com_fundo_filtrado\RGB_JPG_ESVERDEADO\grao_DSC_0300_id77.png,RGB_JPG_ESVERDEADO,RGB_JPG_ESVERDEADO
C:\Users\eduar\Desktop\Soybe-main\data\com_fundo_filtrado\RGB_JPG_Normais\grao_DSC_0514_id19.png,RGB_JPG_Normais,RGB_JPG_Normais
C:\Users\eduar\Desktop\Soybe-main\data\com_fundo_filtrado\RGB_JPG_Normais\grao_DSC_0660_id89.png,RGB_JPG_Normais,RGB_JPG_Normais
C:\Users\eduar\Desktop\Soybe-main\data\com_fundo_filtrado\RGB_JPG_QUEBRADOS\grao_DSC_0451_id4.png,RGB_JPG_QUEBRADOS,RGB_JPG_QUEBRADOS
C:\Users\eduar\Desktop\Soybe-main\data\com_fundo_filtrado\RGB_JPG_IMPUREZAS\grao_DSC_0005_id85.png,RGB_JPG_IMPUREZAS,RGB_JPG_IMPUREZAS
C:\Users\eduar\Desktop\Soybe-main\data\com_fundo_filtrado\RGB_JPG_CHOCHOS\grao_DSC_0331_id119.png,RGB_JPG_CHOCHOS,RGB_JPG_CHOCHOS
C:\Users\eduar\Desktop\Soybe-main\data\com_fundo_filtrado\RGB_JPG_Normais\grao_DSC_0665_id63.png,RGB_JPG_Normais,RGB_JPG_Normais
C:\Users\eduar\Desktop\Soybe-main\data\com_fundo_filtrado\RGB_JPG_Normais\grao_DSC_0618_id102.png,RGB_JPG_Normais,RGB_JPG_Normais
C:\Users\eduar\Desktop\Soybe-main\data\com_fundo_filtrado\RGB_JPG_IMPUREZAS\grao_DSC_0260_id21.png,RGB_JPG_IMPUREZAS,RGB_JPG_IMPUREZAS
C:\Users\eduar\Desktop\Soybe-main\data\com_fundo_filtrado\RGB_JPG_Normais\grao_DSC_0609_id81.png,RGB_JPG_Normais,RGB_JPG_Normais
C:\Users\eduar\Desktop\Soybe-main\data\com_fundo_filtrado\RGB_JPG_CHOCHOS\grao_DSC_0333_id79.png,RGB_JPG_CHOCHOS,RGB_JPG_CHOCHOS
C:\Users\eduar\Desktop\Soybe-main\data\com_fundo_filtrado\RGB_JPG_CHOCHOS\grao_DSC_0328_id2.png,RGB_JPG_CHOCHOS,RGB_JPG_CHOCHOS
C:\Users\eduar\Desktop\Soybe-main\data\com_fundo_filtrado\RGB_JPG_Normais\grao_DSC_0158_id10.png,RGB_JPG_Normais,RGB_JPG_Normais
C:\Users\eduar\Desktop\Soybe-main\data\com_fundo_filtrado\RGB_JPG_IMPUREZAS\grao_DSC_0252_id70.png,RGB_JPG_IMPUREZAS,RGB_JPG_IMPUREZAS
C:\Users\eduar\Desktop\Soybe-main\data\com_fundo_filtrado\RGB_JPG_Normais\grao_DSC_0623_id96.png,RGB_JPG_Normais,RGB_JPG_Normais
C:\Users\eduar\Desktop\Soybe-main\data\com_fundo_filtrado\RGB_JPG_Normais\grao_DSC_0391_id96.png,RGB_JPG_Normais,RGB_JPG_Normais
C:\Users\eduar\Desktop\Soybe-main\data\com_fundo_filtrado\RGB_JPG_CHOCHOS\grao_DSC_0331_id58.png,RGB_JPG_CHOCHOS,RGB_JPG_CHOCHOS
C:\Users\eduar\Desktop\Soybe-main\data\com_fundo_filtrado\RGB_JPG_Normais\grao_DSC_0612_id98.png,RGB_JPG_Normais,RGB_JPG_Normais
C:\Users\eduar\Desktop\Soybe-main\data\com_fundo_filtrado\RGB_JPG_Normais\grao_DSC_0476_id36.png,RGB_JPG_Normais,RGB_JPG_Normais
C:\Users\eduar\Desktop\Soybe-main\data\com_fundo_filtrado\RGB_JPG_MAMONAS\grao_DSC_0189_id223.png,RGB_JPG_MAMONAS,RGB_JPG_MAMONAS
C:\Users\eduar\Desktop\Soybe-main\data\com_fundo_filtrado\RGB_JPG_IMPUREZAS\grao_DSC_0253_id212.png,RGB_JPG_IMPUREZAS,RGB_JPG_IMPUREZAS
C:\Users\eduar\Desktop\Soybe-main\data\com_fundo_filtrado\RGB_JPG_CHOCHOS\grao_DSC_0317_id53.png,RGB_JPG_CHOCHOS,RGB_JPG_CHOCHOS
C:\Users\eduar\Desktop\Soybe-main\data\com_fundo_filtrado\RGB_JPG_Normais\grao_DSC_0378_id49.png,RGB_JPG_Normais,RGB_JPG_Normais
C:\Users\eduar\Desktop\Soybe-main\data\com_fundo_filtrado\RGB_JPG_IMPUREZAS\grao_DSC_0004_id18.png,RGB_JPG_IMPUREZAS,RGB_JPG_IMPUREZAS
C:\Users\eduar\Desktop\Soybe-main\data\com_fundo_filtrado\RGB_JPG_Normais\grao_DSC_0623_id35.png,RGB_JPG_Normais,RGB_JPG_Normais
C:\Users\eduar\Desktop\Soybe-main\data\com_fundo_filtrado\RGB_JPG_Normais\grao_DSC_0517_id69.png,RGB_JPG_Normais,RGB_JPG_Normais
C:\Users\eduar\Desktop\Soybe-main\data\com_fundo_filtrado\RGB_JPG_IMPUREZAS\grao_DSC_0260_id35.png,RGB_JPG_IMPUREZAS,RGB_JPG_IMPUREZAS
C:\Users\eduar\Desktop\Soybe-main\data\com_fundo_filtrado\RGB_JPG_Normais\grao_DSC_0507_id85.png,RGB_JPG_Normais,RGB_JPG_Normais
C:\Users\eduar\Desktop\Soybe-main\data\com_fundo_filtrado\RGB_JPG_CHOCHOS\grao_DSC_0314_id25.png,RGB_JPG_CHOCHOS,RGB_JPG_CHOCHOS
C:\Users\eduar\Desktop\Soybe-main\data\com_fundo_filtrado\RGB_JPG_CHOCHOS\grao_DSC_0351_id105.png,RGB_JPG_CHOCHOS,RGB_JPG_CHOCHOS
C:\Users\eduar\Desktop\Soybe-main\data\com_fundo_filtrado\RGB_JPG_Normais\grao_DSC_0622_id83.png,RGB_JPG_Normais,RGB_JPG_Normais
C:\Users\eduar\Desktop\Soybe-main\data\com_fundo_filtrado\RGB_JPG_Normais\grao_DSC_0501_id9.png,RGB_JPG_Normais,RGB_JPG_Normais
C:\Users\eduar\Desktop\Soybe-main\data\com_fundo_filtrado\RGB_JPG_ESVERDEADO\grao_DSC_0310_id3.png,RGB_JPG_ESVERDEADO,RGB_JPG_ESVERDEADO
C:\Users\eduar\Desktop\Soybe-main\data\com_fundo_filtrado\RGB_JPG_IMPUREZAS\grao_DSC_0019_id191.png,RGB_JPG_IMPUREZAS,RGB_JPG_IMPUREZAS
C:\Users\eduar\Desktop\Soybe-main\data\com_fundo_filtrado\RGB_JPG_Normais\grao_DSC_0370_id49.png,RGB_JPG_Normais,RGB_JPG_Normais
C:\Users\eduar\Desktop\Soybe-main\data\com_fundo_filtrado\RGB_JPG_IMPUREZAS\grao_DSC_0017_id187.png,RGB_JPG_IMPUREZAS,RGB_JPG_IMPUREZAS
C:\Users\eduar\Desktop\Soybe-main\data\com_fundo_filtrado\RGB_JPG_IMPUREZAS\grao_DSC_0017_id229.png,RGB_JPG_IMPUREZAS,RGB_JPG_IMPUREZAS
C:\Users\eduar\Desktop\Soybe-main\data\com_fundo_filtrado\RGB_JPG_Normais\grao_DSC_0655_id31.png,RGB_JPG_Normais,RGB_JPG_Normais
C:\Users\eduar\Desktop\Soybe-main\data\com_fundo_filtrado\RGB_JPG_Normais\grao_DSC_0490_id10.png,RGB_JPG_Normais,RGB_JPG_Normais
C:\Users\eduar\Desktop\Soybe-main\data\com_fundo_filtrado\RGB_JPG_Normais\grao_DSC_0500_id36.png,RGB_JPG_Normais,RGB_JPG_Normais
C:\Users\eduar\Desktop\Soybe-main\data\com_fundo_filtrado\RGB_JPG_Normais\grao_DSC_0671_id82.png,RGB_JPG_Normais,RGB_JPG_Normais
C:\Users\eduar\Desktop\Soybe-main\data\com_fundo_filtrado\RGB_JPG_Normais\grao_DSC_0144_id64.png,RGB_JPG_Normais,RGB_JPG_Normais
C:\Users\eduar\Desktop\Soybe-main\data\com_fundo_filtrado\RGB_JPG_Normais\grao_DSC_0218_id59.png,RGB_JPG_Normais,RGB_JPG_Normais
C:\Users\eduar\Desktop\Soybe-main\data\com_fundo_filtrado\RGB_JPG_IMPUREZAS\grao_DSC_0226_id219.png,RGB_JPG_IMPUREZAS,RGB_JPG_IMPUREZAS
C:\Users\eduar\Desktop\Soybe-main\data\com_fundo_filtrado\RGB_JPG_IMPUREZAS\grao_DSC_0290_id290.png,RGB_JPG_IMPUREZAS,RGB_JPG_IMPUREZAS
C:\Users\eduar\Desktop\Soybe-main\data\com_fundo_filtrado\RGB_JPG_Normais\grao_DSC_0377_id3.png,RGB_JPG_Normais,RGB_JPG_Normais
C:\Users\eduar\Desktop\Soybe-main\data\com_fundo_filtrado\RGB_JPG_QUEBRADOS\grao_DSC_0420_id109.png,RGB_JPG_QUEBRADOS,RGB_JPG_QUEBRADOS
C:\Users\eduar\Desktop\Soybe-main\data\com_fundo_filtrado\RGB_JPG_IMPUREZAS\grao_DSC_0259_id61.png,RGB_JPG_IMPUREZAS,RGB_JPG_IMPUREZAS
C:\Users\eduar\Desktop\Soybe-main\data\com_fundo_filtrado\RGB_JPG_Normais\grao_DSC_0377_id5.png,RGB_JPG_Normais,RGB_JPG_Normais
C:\Users\eduar\Desktop\Soybe-main\data\com_fundo_filtrado\RGB_JPG_QUEBRADOS\grao_DSC_0454_id61.png,RGB_JPG_QUEBRADOS,RGB_JPG_QUEBRADOS
C:\Users\eduar\Desktop\Soybe-main\data\com_fundo_filtrado\RGB_JPG_IMPUREZAS\grao_DSC_0225_id109.png,RGB_JPG_IMPUREZAS,RGB_JPG_IMPUREZAS
C:\Users\eduar\Desktop\Soybe-main\data\com_fundo_filtrado\RGB_JPG_CHOCHOS\grao_DSC_0348_id63.png,RGB_JPG_CHOCHOS,RGB_JPG_CHOCHOS
C:\Users\eduar\Desktop\Soybe-main\data\com_fundo_filtrado\RGB_JPG_IMPUREZAS\grao_DSC_0239_id229.png,RGB_JPG_IMPUREZAS,RGB_JPG_IMPUREZAS
C:\Users\eduar\Desktop\Soybe-main\data\com_fundo_filtrado\RGB_JPG_QUEBRADOS\grao_DSC_0460_id53.png,RGB_JPG_QUEBRADOS,RGB_JPG_QUEBRADOS
C:\Users\eduar\Desktop\Soybe-main\data\com_fundo_filtrado\RGB_JPG_QUEBRADOS\grao_DSC_0404_id45.png,RGB_JPG_QUEBRADOS,RGB_JPG_QUEBRADOS
C:\Users\eduar\Desktop\Soybe-main\data\com_fundo_filtrado\RGB_JPG_Normais\grao_DSC_0650_id35.png,RGB_JPG_Normais,RGB_JPG_Normais
C:\Users\eduar\Desktop\Soybe-main\data\com_fundo_filtrado\RGB_JPG_Normais\grao_DSC_0492_id39.png,RGB_JPG_Normais,RGB_JPG_Normais
C:\Users\eduar\Desktop\Soybe-main\data\com_fundo_filtrado\RGB_JPG_IMPUREZAS\grao_DSC_0019_id42.png,RGB_JPG_IMPUREZAS,RGB_JPG_IMPUREZAS
C:\Users\eduar\Desktop\Soybe-main\data\com_fundo_filtrado\RGB_JPG_IMPUREZAS\grao_DSC_0025_id284.png,RGB_JPG_IMPUREZAS,RGB_JPG_IMPUREZAS
C:\Users\eduar\Desktop\Soybe-main\data\com_fundo_filtrado\RGB_JPG_Normais\grao_DSC_0487_id21.png,RGB_JPG_Normais,RGB_JPG_Normais
C:\Users\eduar\Desktop\Soybe-main\data\com_fundo_filtrado\RGB_JPG_CHOCHOS\grao_DSC_0353_id36.png,RGB_JPG_CHOCHOS,RGB_JPG_CHOCHOS
C:\Users\eduar\Desktop\Soybe-main\data\com_fundo_filtrado\RGB_JPG_IMPUREZAS\grao_DSC_0228_id109.png,RGB_JPG_IMPUREZAS,RGB_JPG_IMPUREZAS
C:\Users\eduar\Desktop\Soybe-main\data\com_fundo_filtrado\RGB_JPG_Normais\grao_DSC_0664_id8.png,RGB_JPG_Normais,RGB_JPG_Normais
C:\Users\eduar\Desktop\Soybe-main\data\com_fundo_filtrado\RGB_JPG_IMPUREZAS\grao_DSC_0258_id130.png,RGB_JPG_IMPUREZAS,RGB_JPG_IMPUREZAS
C:\Users\eduar\Desktop\Soybe-main\data\com_fundo_filtrado\RGB_JPG_IMPUREZAS\grao_DSC_0266_id136.png,RGB_JPG_IMPUREZAS,RGB_JPG_IMPUREZAS
C:\Users\eduar\Desktop\Soybe-main\data\com_fundo_filtrado\RGB_JPG_IMPUREZAS\grao_DSC_0263_id12.png,RGB_JPG_IMPUREZAS,RGB_JPG_IMPUREZAS
C:\Users\eduar\Desktop\Soybe-main\data\com_fundo_filtrado\RGB_JPG_Normais\grao_DSC_0510_id82.png,RGB_JPG_Normais,RGB_JPG_Normais
C:\Users\eduar\Desktop\Soybe-main\data\com_fundo_filtrado\RGB_JPG_QUEBRADOS\grao_DSC_0169_id59.png,RGB_JPG_QUEBRADOS,RGB_JPG_QUEBRADOS
C:\Users\eduar\Desktop\Soybe-main\data\com_fundo_filtrado\RGB_JPG_QUEBRADOS\grao_DSC_0435_id60.png,RGB_JPG_QUEBRADOS,RGB_JPG_Normais
C:\Users\eduar\Desktop\Soybe-main\data\com_fundo_filtrado\RGB_JPG_QUEBRADOS\grao_DSC_0402_id21.png,RGB_JPG_QUEBRADOS,RGB_JPG_QUEBRADOS
C:\Users\eduar\Desktop\Soybe-main\data\com_fundo_filtrado\RGB_JPG_Normais\grao_DSC_0613_id32.png,RGB_JPG_Normais,RGB_JPG_Normais
C:\Users\eduar\Desktop\Soybe-main\data\com_fundo_filtrado\RGB_JPG_CHOCHOS\grao_DSC_0167_id86.png,RGB_JPG_CHOCHOS,RGB_JPG_Normais
C:\Users\eduar\Desktop\Soybe-main\data\com_fundo_filtrado\RGB_JPG_Normais\grao_DSC_0500_id37.png,RGB_JPG_Normais,RGB_JPG_Normais
C:\Users\eduar\Desktop\Soybe-main\data\com_fundo_filtrado\RGB_JPG_CHOCHOS\grao_DSC_0329_id80.png,RGB_JPG_CHOCHOS,RGB_JPG_CHOCHOS
C:\Users\eduar\Desktop\Soybe-main\data\com_fundo_filtrado\RGB_JPG_QUEBRADOS\grao_DSC_0420_id56.png,RGB_JPG_QUEBRADOS,RGB_JPG_QUEBRADOS
C:\Users\eduar\Desktop\Soybe-main\data\com_fundo_filtrado\RGB_JPG_Normais\grao_DSC_0393_id56.png,RGB_JPG_Normais,RGB_JPG_Normais
C:\Users\eduar\Desktop\Soybe-main\data\com_fundo_filtrado\RGB_JPG_CHOCHOS\grao_DSC_0347_id102.png,RGB_JPG_CHOCHOS,RGB_JPG_CHOCHOS
C:\Users\eduar\Desktop\Soybe-main\data\com_fundo_filtrado\RGB_JPG_CHOCHOS\grao_DSC_0334_id15.png,RGB_JPG_CHOCHOS,RGB_JPG_CHOCHOS
C:\Users\eduar\Desktop\Soybe-main\data\com_fundo_filtrado\RGB_JPG_Normais\grao_DSC_0367_id73.png,RGB_JPG_Normais,RGB_JPG_Normais
C:\Users\eduar\Desktop\Soybe-main\data\com_fundo_filtrado\RGB_JPG_IMPUREZAS\grao_DSC_0004_id50.png,RGB_JPG_IMPUREZAS,RGB_JPG_IMPUREZAS
C:\Users\eduar\Desktop\Soybe-main\data\com_fundo_filtrado\RGB_JPG_IMPUREZAS\grao_DSC_0255_id58.png,RGB_JPG_IMPUREZAS,RGB_JPG_IMPUREZAS
C:\Users\eduar\Desktop\Soybe-main\data\com_fundo_filtrado\RGB_JPG_CHOCHOS\grao_DSC_0346_id37.png,RGB_JPG_CHOCHOS,RGB_JPG_CHOCHOS
C:\Users\eduar\Desktop\Soybe-main\data\com_fundo_filtrado\RGB_JPG_CHOCHOS\grao_DSC_0352_id44.png,RGB_JPG_CHOCHOS,RGB_JPG_CHOCHOS
C:\Users\eduar\Desktop\Soybe-main\data\com_fundo_filtrado\RGB_JPG_IMPUREZAS\grao_DSC_0240_id88.png,RGB_JPG_IMPUREZAS,RGB_JPG_IMPUREZAS
C:\Users\eduar\Desktop\Soybe-main\data\com_fundo_filtrado\RGB_JPG_IMPUREZAS\grao_DSC_0274_id104.png,RGB_JPG_IMPUREZAS,RGB_JPG_IMPUREZAS
C:\Users\eduar\Desktop\Soybe-main\data\com_fundo_filtrado\RGB_JPG_IMPUREZAS\grao_DSC_0026_id101.png,RGB_JPG_IMPUREZAS,RGB_JPG_IMPUREZAS
C:\Users\eduar\Desktop\Soybe-main\data\com_fundo_filtrado\RGB_JPG_Normais\grao_DSC_0382_id12.png,RGB_JPG_Normais,RGB_JPG_Normais
C:\Users\eduar\Desktop\Soybe-main\data\com_fundo_filtrado\RGB_JPG_IMPUREZAS\grao_DSC_0009_id19.png,RGB_JPG_IMPUREZAS,RGB_JPG_IMPUREZAS
C:\Users\eduar\Desktop\Soybe-main\data\com_fundo_filtrado\RGB_JPG_QUEBRADOS\grao_DSC_0412_id22.png,RGB_JPG_QUEBRADOS,RGB_JPG_QUEBRADOS
C:\Users\eduar\Desktop\Soybe-main\data\com_fundo_filtrado\RGB_JPG_QUEBRADOS\grao_DSC_0169_id60.png,RGB_JPG_QUEBRADOS,RGB_JPG_QUEBRADOS
C:\Users\eduar\Desktop\Soybe-main\data\com_fundo_filtrado\RGB_JPG_Normais\grao_DSC_0648_id51.png,RGB_JPG_Normais,RGB_JPG_Normais
C:\Users\eduar\Desktop\Soybe-main\data\com_fundo_filtrado\RGB_JPG_Normais\grao_DSC_0632_id40.png,RGB_JPG_Normais,RGB_JPG_Normais
C:\Users\eduar\Desktop\Soybe-main\data\com_fundo_filtrado\RGB_JPG_IMPUREZAS\grao_DSC_0227_id44.png,RGB_JPG_IMPUREZAS,RGB_JPG_IMPUREZAS
C:\Users\eduar\Desktop\Soybe-main\data\com_fundo_filtrado\RGB_JPG_IMPUREZAS\grao_DSC_0244_id5.png,RGB_JPG_IMPUREZAS,RGB_JPG_IMPUREZAS
C:\Users\eduar\Desktop\Soybe-main\data\com_fundo_filtrado\RGB_JPG_CHOCHOS\grao_DSC_0350_id101.png,RGB_JPG_CHOCHOS,RGB_JPG_CHOCHOS
C:\Users\eduar\Desktop\Soybe-main\data\com_fundo_filtrado\RGB_JPG_IMPUREZAS\grao_DSC_0255_id123.png,RGB_JPG_IMPUREZAS,RGB_JPG_IMPUREZAS
C:\Users\eduar\Desktop\Soybe-main\data\com_fundo_filtrado\RGB_JPG_Normais\grao_DSC_0389_id76.png,RGB_JPG_Normais,RGB_JPG_Normais
C:\Users\eduar\Desktop\Soybe-main\data\com_fundo_filtrado\RGB_JPG_QUEBRADOS\grao_DSC_0171_id63.png,RGB_JPG_QUEBRADOS,RGB_JPG_QUEBRADOS
C:\Users\eduar\Desktop\Soybe-main\data\com_fundo_filtrado\RGB_JPG_IMPUREZAS\grao_DSC_0045_id5.png,RGB_JPG_IMPUREZAS,RGB_JPG_IMPUREZAS
C:\Users\eduar\Desktop\Soybe-main\data\com_fundo_filtrado\RGB_JPG_Normais\grao_DSC_0520_id92.png,RGB_JPG_Normais,RGB_JPG_Normais
C:\Users\eduar\Desktop\Soybe-main\data\com_fundo_filtrado\RGB_JPG_Normais\grao_DSC_0672_id77.png,RGB_JPG_Normais,RGB_JPG_Normais
C:\Users\eduar\Desktop\Soybe-main\data\com_fundo_filtrado\RGB_JPG_Normais\grao_DSC_0659_id100.png,RGB_JPG_Normais,RGB_JPG_Normais
C:\Users\eduar\Desktop\Soybe-main\data\com_fundo_filtrado\RGB_JPG_QUEBRADOS\grao_DSC_0420_id39.png,RGB_JPG_QUEBRADOS,RGB_JPG_QUEBRADOS
C:\Users\eduar\Desktop\Soybe-main\data\com_fundo_filtrado\RGB_JPG_IMPUREZAS\grao_DSC_0280_id222.png,RGB_JPG_IMPUREZAS,RGB_JPG_IMPUREZAS
C:\Users\eduar\Desktop\Soybe-main\data\com_fundo_filtrado\RGB_JPG_Normais\grao_DSC_0648_id88.png,RGB_JPG_Normais,RGB_JPG_Normais
C:\Users\eduar\Desktop\Soybe-main\data\com_fundo_filtrado\RGB_JPG_QUEBRADOS\grao_DSC_0447_id22.png,RGB_JPG_QUEBRADOS,RGB_JPG_QUEBRADOS
C:\Users\eduar\Desktop\Soybe-main\data\com_fundo_filtrado\RGB_JPG_QUEBRADOS\grao_DSC_0413_id77.png,RGB_JPG_QUEBRADOS,RGB_JPG_QUEBRADOS
C:\Users\eduar\Desktop\Soybe-main\data\com_fundo_filtrado\RGB_JPG_IMPUREZAS\grao_DSC_0274_id317.png,RGB_JPG_IMPUREZAS,RGB_JPG_IMPUREZAS
C:\Users\eduar\Desktop\Soybe-main\data\com_fundo_filtrado\RGB_JPG_IMPUREZAS\grao_DSC_0275_id87.png,RGB_JPG_IMPUREZAS,RGB_JPG_IMPUREZAS
C:\Users\eduar\Desktop\Soybe-main\data\com_fundo_filtrado\RGB_JPG_PURPURAS\grao_DSC_0048_id13.png,RGB_JPG_PURPURAS,RGB_JPG_PURPURAS
C:\Users\eduar\Desktop\Soybe-main\data\com_fundo_filtrado\RGB_JPG_Normais\grao_DSC_0613_id42.png,RGB_JPG_Normais,RGB_JPG_Normais
C:\Users\eduar\Desktop\Soybe-main\data\com_fundo_filtrado\RGB_JPG_Normais\grao_DSC_0475_id22.png,RGB_JPG_Normais,RGB_JPG_Normais
C:\Users\eduar\Desktop\Soybe-main\data\com_fundo_filtrado\RGB_JPG_IMPUREZAS\grao_DSC_0244_id24.png,RGB_JPG_IMPUREZAS,RGB_JPG_IMPUREZAS
C:\Users\eduar\Desktop\Soybe-main\data\com_fundo_filtrado\RGB_JPG_CHOCHOS\grao_DSC_0346_id1.png,RGB_JPG_CHOCHOS,RGB_JPG_CHOCHOS
C:\Users\eduar\Desktop\Soybe-main\data\com_fundo_filtrado\RGB_JPG_IMPUREZAS\grao_DSC_0272_id17.png,RGB_JPG_IMPUREZAS,RGB_JPG_IMPUREZAS
C:\Users\eduar\Desktop\Soybe-main\data\com_fundo_filtrado\RGB_JPG_Normais\grao_DSC_0505_id62.png,RGB_JPG_Normais,RGB_JPG_Normais
C:\Users\eduar\Desktop\Soybe-main\data\com_fundo_filtrado\RGB_JPG_Normais\grao_DSC_0488_id57.png,RGB_JPG_Normais,RGB_JPG_Normais
C:\Users\eduar\Desktop\Soybe-main\data\com_fundo_filtrado\RGB_JPG_INSETOS\grao_DSC_0163_id41.png,RGB_JPG_INSETOS,RGB_JPG_Normais
C:\Users\eduar\Desktop\Soybe-main\data\com_fundo_filtrado\RGB_JPG_QUEBRADOS\grao_DSC_0430_id76.png,RGB_JPG_QUEBRADOS,RGB_JPG_QUEBRADOS
C:\Users\eduar\Desktop\Soybe-main\data\com_fundo_filtrado\RGB_JPG_IMPUREZAS\grao_DSC_0043_id200.png,RGB_JPG_IMPUREZAS,RGB_JPG_IMPUREZAS
C:\Users\eduar\Desktop\Soybe-main\data\com_fundo_filtrado\RGB_JPG_IMPUREZAS\grao_DSC_0042_id79.png,RGB_JPG_IMPUREZAS,RGB_JPG_IMPUREZAS
C:\Users\eduar\Desktop\Soybe-main\data\com_fundo_filtrado\RGB_JPG_Normais\grao_DSC_0373_id45.png,RGB_JPG_Normais,RGB_JPG_Normais
C:\Users\eduar\Desktop\Soybe-main\data\com_fundo_filtrado\RGB_JPG_Normais\grao_DSC_0669_id30.png,RGB_JPG_Normais,RGB_JPG_Normais
C:\Users\eduar\Desktop\Soybe-main\data\com_fundo_filtrado\RGB_JPG_Normais\grao_DSC_0502_id27.png,RGB_JPG_Normais,RGB_JPG_Normais
C:\Users\eduar\Desktop\Soybe-main\data\com_fundo_filtrado\RGB_JPG_QUEBRADOS\grao_DSC_0461_id33.png,RGB_JPG_QUEBRADOS,RGB_JPG_QUEBRADOS
C:\Users\eduar\Desktop\Soybe-main\data\com_fundo_filtrado\RGB_JPG_QUEBRADOS\grao_DSC_0467_id80.png,RGB_JPG_QUEBRADOS,RGB_JPG_QUEBRADOS
C:\Users\eduar\Desktop\Soybe-main\data\com_fundo_filtrado\RGB_JPG_Normais\grao_DSC_0631_id70.png,RGB_JPG_Normais,RGB_JPG_Normais
C:\Users\eduar\Desktop\Soybe-main\data\com_fundo_filtrado\RGB_JPG_Normais\grao_DSC_0507_id18.png,RGB_JPG_Normais,RGB_JPG_Normais
C:\Users\eduar\Desktop\Soybe-main\data\com_fundo_filtrado\RGB_JPG_IMPUREZAS\grao_DSC_0290_id262.png,RGB_JPG_IMPUREZAS,RGB_JPG_IMPUREZAS
C:\Users\eduar\Desktop\Soybe-main\data\com_fundo_filtrado\RGB_JPG_CHOCHOS\grao_DSC_0357_id94.png,RGB_JPG_CHOCHOS,RGB_JPG_CHOCHOS
C:\Users\eduar\Desktop\Soybe-main\data\com_fundo_filtrado\RGB_JPG_IMPUREZAS\grao_DSC_0251_id241.png,RGB_JPG_IMPUREZAS,RGB_JPG_IMPUREZAS
C:\Users\eduar\Desktop\Soybe-main\data\com_fundo_filtrado\RGB_JPG_IMPUREZAS\grao_DSC_0041_id88.png,RGB_JPG_IMPUREZAS,RGB_JPG_IMPUREZAS
C:\Users\eduar\Desktop\Soybe-main\data\com_fundo_filtrado\RGB_JPG_QUEBRADOS\grao_DSC_0424_id27.png,RGB_JPG_QUEBRADOS,RGB_JPG_QUEBRADOS
C:\Users\eduar\Desktop\Soybe-main\data\com_fundo_filtrado\RGB_JPG_Normais\grao_DSC_0659_id81.png,RGB_JPG_Normais,RGB_JPG_Normais
C:\Users\eduar\Desktop\Soybe-main\data\com_fundo_filtrado\RGB_JPG_CHOCHOS\grao_DSC_0351_id79.png,RGB_JPG_CHOCHOS,RGB_JPG_IMPUREZAS
C:\Users\eduar\Desktop\Soybe-main\data\com_fundo_filtrado\RGB_JPG_QUEBRADOS\grao_DSC_0430_id24.png,RGB_JPG_QUEBRADOS,RGB_JPG_QUEBRADOS
C:\Users\eduar\Desktop\Soybe-main\data\com_fundo_filtrado\RGB_JPG_Normais\grao_DSC_0488_id50.png,RGB_JPG_Normais,RGB_JPG_Normais
C:\Users\eduar\Desktop\Soybe-main\data\com_fundo_filtrado\RGB_JPG_Normais\grao_DSC_0621_id22.png,RGB_JPG_Normais,RGB_JPG_Normais
C:\Users\eduar\Desktop\Soybe-main\data\com_fundo_filtrado\RGB_JPG_QUEBRADOS\grao_DSC_0467_id7.png,RGB_JPG_QUEBRADOS,RGB_JPG_QUEBRADOS
C:\Users\eduar\Desktop\Soybe-main\data\com_fundo_filtrado\RGB_JPG_CHOCHOS\grao_DSC_0167_id78.png,RGB_JPG_CHOCHOS,RGB_JPG_CHOCHOS
C:\Users\eduar\Desktop\Soybe-main\data\com_fundo_filtrado\RGB_JPG_IMPUREZAS\grao_DSC_0267_id190.png,RGB_JPG_IMPUREZAS,RGB_JPG_IMPUREZAS
C:\Users\eduar\Desktop\Soybe-main\data\com_fundo_filtrado\RGB_JPG_ESVERDEADO\grao_DSC_0306_id28.png,RGB_JPG_ESVERDEADO,RGB_JPG_ESVERDEADO
C:\Users\eduar\Desktop\Soybe-main\data\com_fundo_filtrado\RGB_JPG_Normais\grao_DSC_0373_id34.png,RGB_JPG_Normais,RGB_JPG_Normais
C:\Users\eduar\Desktop\Soybe-main\data\com_fundo_filtrado\RGB_JPG_Normais\grao_DSC_0606_id72.png,RGB_JPG_Normais,RGB_JPG_Normais
C:\Users\eduar\Desktop\Soybe-main\data\com_fundo_filtrado\RGB_JPG_Normais\grao_DSC_0387_id104.png,RGB_JPG_Normais,RGB_JPG_Normais
C:\Users\eduar\Desktop\Soybe-main\data\com_fundo_filtrado\RGB_JPG_QUEBRADOS\grao_DSC_0406_id22.png,RGB_JPG_QUEBRADOS,RGB_JPG_QUEBRADOS
C:\Users\eduar\Desktop\Soybe-main\data\com_fundo_filtrado\RGB_JPG_Normais\grao_DSC_0144_id41.png,RGB_JPG_Normais,RGB_JPG_Normais
C:\Users\eduar\Desktop\Soybe-main\data\com_fundo_filtrado\RGB_JPG_Normais\grao_DSC_0621_id1.png,RGB_JPG_Normais,RGB_JPG_Normais
C:\Users\eduar\Desktop\Soybe-main\data\com_fundo_filtrado\RGB_JPG_Normais\grao_DSC_0213_id85.png,RGB_JPG_Normais,RGB_JPG_Normais
C:\Users\eduar\Desktop\Soybe-main\data\com_fundo_filtrado\RGB_JPG_IMPUREZAS\grao_DSC_0037_id180.png,RGB_JPG_IMPUREZAS,RGB_JPG_IMPUREZAS
C:\Users\eduar\Desktop\Soybe-main\data\com_fundo_filtrado\RGB_JPG_IMPUREZAS\grao_DSC_0270_id231.png,RGB_JPG_IMPUREZAS,RGB_JPG_IMPUREZAS
C:\Users\eduar\Desktop\Soybe-main\data\com_fundo_filtrado\RGB_JPG_QUEBRADOS\grao_DSC_0420_id98.png,RGB_JPG_QUEBRADOS,RGB_JPG_QUEBRADOS
C:\Users\eduar\Desktop\Soybe-main\data\com_fundo_filtrado\RGB_JPG_Normais\grao_DSC_0152_id89.png,RGB_JPG_Normais,RGB_JPG_Normais
C:\Users\eduar\Desktop\Soybe-main\data\com_fundo_filtrado\RGB_JPG_Normais\grao_DSC_0636_id20.png,RGB_JPG_Normais,RGB_JPG_Normais
C:\Users\eduar\Desktop\Soybe-main\data\com_fundo_filtrado\RGB_JPG_IMPUREZAS\grao_DSC_0239_id207.png,RGB_JPG_IMPUREZAS,RGB_JPG_IMPUREZAS
C:\Users\eduar\Desktop\Soybe-main\data\com_fundo_filtrado\RGB_JPG_QUEBRADOS\grao_DSC_0408_id79.png,RGB_JPG_QUEBRADOS,RGB_JPG_QUEBRADOS
C:\Users\eduar\Desktop\Soybe-main\data\com_fundo_filtrado\RGB_JPG_Normais\grao_DSC_0211_id95.png,RGB_JPG_Normais,RGB_JPG_Normais
C:\Users\eduar\Desktop\Soybe-main\data\com_fundo_filtrado\RGB_JPG_IMPUREZAS\grao_DSC_0005_id84.png,RGB_JPG_IMPUREZAS,RGB_JPG_IMPUREZAS
C:\Users\eduar\Desktop\Soybe-main\data\com_fundo_filtrado\RGB_JPG_Normais\grao_DSC_0381_id9.png,RGB_JPG_Normais,RGB_JPG_Normais
C:\Users\eduar\Desktop\Soybe-main\data\com_fundo_filtrado\RGB_JPG_IMPUREZAS\grao_DSC_0293_id324.png,RGB_JPG_IMPUREZAS,RGB_JPG_IMPUREZAS
C:\Users\eduar\Desktop\Soybe-main\data\com_fundo_filtrado\RGB_JPG_QUEBRADOS\grao_DSC_0435_id45.png,RGB_JPG_QUEBRADOS,RGB_JPG_QUEBRADOS
C:\Users\eduar\Desktop\Soybe-main\data\com_fundo_filtrado\RGB_JPG_Normais\grao_DSC_0144_id4.png,RGB_JPG_Normais,RGB_JPG_Normais
C:\Users\eduar\Desktop\Soybe-main\data\com_fundo_filtrado\RGB_JPG_QUEBRADOS\grao_DSC_0168_id59.png,RGB_JPG_QUEBRADOS,RGB_JPG_QUEBRADOS
C:\Users\eduar\Desktop\Soybe-main\data\com_fundo_filtrado\RGB_JPG_QUEBRADOS\grao_DSC_0430_id49.png,RGB_JPG_QUEBRADOS,RGB_JPG_QUEBRADOS
C:\Users\eduar\Desktop\Soybe-main\data\com_fundo_filtrado\RGB_JPG_QUEBRADOS\grao_DSC_0462_id100.png,RGB_JPG_QUEBRADOS,RGB_JPG_QUEBRADOS
C:\Users\eduar\Desktop\Soybe-main\data\com_fundo_filtrado\RGB_JPG_Normais\grao_DSC_0473_id79.png,RGB_JPG_Normais,RGB_JPG_Normais
C:\Users\eduar\Desktop\Soybe-main\data\com_fundo_filtrado\RGB_JPG_MAMONAS\grao_DSC_0190_id93.png,RGB_JPG_MAMONAS,RGB_JPG_MAMONAS
C:\Users\eduar\Desktop\Soybe-main\data\com_fundo_filtrado\RGB_JPG_CHOCHOS\grao_DSC_0345_id39.png,RGB_JPG_CHOCHOS,RGB_JPG_CHOCHOS
C:\Users\eduar\Desktop\Soybe-main\data\com_fundo_filtrado\RGB_JPG_CHOCHOS\grao_DSC_0347_id76.png,RGB_JPG_CHOCHOS,RGB_JPG_CHOCHOS
C:\Users\eduar\Desktop\Soybe-main\data\com_fundo_filtrado\RGB_JPG_CHOCHOS\grao_DSC_0363_id14.png,RGB_JPG_CHOCHOS,RGB_JPG_ESVERDEADO
C:\Users\eduar\Desktop\Soybe-main\data\com_fundo_filtrado\RGB_JPG_IMPUREZAS\grao_DSC_0263_id105.png,RGB_JPG_IMPUREZAS,RGB_JPG_IMPUREZAS
C:\Users\eduar\Desktop\Soybe-main\data\com_fundo_filtrado\RGB_JPG_Normais\grao_DSC_0383_id68.png,RGB_JPG_Normais,RGB_JPG_Normais
C:\Users\eduar\Desktop\Soybe-main\data\com_fundo_filtrado\RGB_JPG_Normais\grao_DSC_0488_id81.png,RGB_JPG_Normais,RGB_JPG_Normais
C:\Users\eduar\Desktop\Soybe-main\data\com_fundo_filtrado\RGB_JPG_Normais\grao_DSC_0390_id6.png,RGB_JPG_Normais,RGB_JPG_Normais
C:\Users\eduar\Desktop\Soybe-main\data\com_fundo_filtrado\RGB_JPG_Normais\grao_DSC_0476_id38.png,RGB_JPG_Normais,RGB_JPG_Normais
C:\Users\eduar\Desktop\Soybe-main\data\com_fundo_filtrado\RGB_JPG_IMPUREZAS\grao_DSC_0280_id160.png,RGB_JPG_IMPUREZAS,RGB_JPG_IMPUREZAS
C:\Users\eduar\Desktop\Soybe-main\data\com_fundo_filtrado\RGB_JPG_Normais\grao_DSC_0513_id56.png,RGB_JPG_Normais,RGB_JPG_Normais
C:\Users\eduar\Desktop\Soybe-main\data\com_fundo_filtrado\RGB_JPG_Normais\grao_DSC_0141_id67.png,RGB_JPG_Normais,RGB_JPG_Normais
C:\Users\eduar\Desktop\Soybe-main\data\com_fundo_filtrado\RGB_JPG_Normais\grao_DSC_0151_id44.png,RGB_JPG_Normais,RGB_JPG_Normais
C:\Users\eduar\Desktop\Soybe-main\data\com_fundo_filtrado\RGB_JPG_Normais\grao_DSC_0377_id56.png,RGB_JPG_Normais,RGB_JPG_Normais
C:\Users\eduar\Desktop\Soybe-main\data\com_fundo_filtrado\RGB_JPG_Normais\grao_DSC_0497_id95.png,RGB_JPG_Normais,RGB_JPG_Normais
C:\Users\eduar\Desktop\Soybe-main\data\com_fundo_filtrado\RGB_JPG_Normais\grao_DSC_0378_id40.png,RGB_JPG_Normais,RGB_JPG_Normais
C:\Users\eduar\Desktop\Soybe-main\data\com_fundo_filtrado\RGB_JPG_QUEBRADOS\grao_DSC_0168_id35.png,RGB_JPG_QUEBRADOS,RGB_JPG_QUEBRADOS
C:\Users\eduar\Desktop\Soybe-main\data\com_fundo_filtrado\RGB_JPG_IMPUREZAS\grao_DSC_0249_id63.png,RGB_JPG_IMPUREZAS,RGB_JPG_IMPUREZAS
C:\Users\eduar\Desktop\Soybe-main\data\com_fundo_filtrado\RGB_JPG_Normais\grao_DSC_0388_id74.png,RGB_JPG_Normais,RGB_JPG_Normais
C:\Users\eduar\Desktop\Soybe-main\data\com_fundo_filtrado\RGB_JPG_CHOCHOS\grao_DSC_0317_id21.png,RGB_JPG_CHOCHOS,RGB_JPG_CHOCHOS
C:\Users\eduar\Desktop\Soybe-main\data\com_fundo_filtrado\RGB_JPG_IMPUREZAS\grao_DSC_0025_id261.png,RGB_JPG_IMPUREZAS,RGB_JPG_IMPUREZAS
C:\Users\eduar\Desktop\Soybe-main\data\com_fundo_filtrado\RGB_JPG_Normais\grao_DSC_0150_id62.png,RGB_JPG_Normais,RGB_JPG_Normais
C:\Users\eduar\Desktop\Soybe-main\data\com_fundo_filtrado\RGB_JPG_IMPUREZAS\grao_DSC_0248_id152.png,RGB_JPG_IMPUREZAS,RGB_JPG_IMPUREZAS
C:\Users\eduar\Desktop\Soybe-main\data\com_fundo_filtrado\RGB_JPG_IMPUREZAS\grao_DSC_0036_id80.png,RGB_JPG_IMPUREZAS,RGB_JPG_IMPUREZAS
C:\Users\eduar\Desktop\Soybe-main\data\com_fundo_filtrado\RGB_JPG_QUEBRADOS\grao_DSC_0426_id79.png,RGB_JPG_QUEBRADOS,RGB_JPG_QUEBRADOS
C:\Users\eduar\Desktop\Soybe-main\data\com_fundo_filtrado\RGB_JPG_Normais\grao_DSC_0397_id4.png,RGB_JPG_Normais,RGB_JPG_Normais
C:\Users\eduar\Desktop\Soybe-main\data\com_fundo_filtrado\RGB_JPG_IMPUREZAS\grao_DSC_0280_id129.png,RGB_JPG_IMPUREZAS,RGB_JPG_IMPUREZAS
C:\Users\eduar\Desktop\Soybe-main\data\com_fundo_filtrado\RGB_JPG_IMPUREZAS\grao_DSC_0239_id265.png,RGB_JPG_IMPUREZAS,RGB_JPG_IMPUREZAS
C:\Users\eduar\Desktop\Soybe-main\data\com_fundo_filtrado\RGB_JPG_QUEBRADOS\grao_DSC_0467_id47.png,RGB_JPG_QUEBRADOS,RGB_JPG_QUEBRADOS
C:\Users\eduar\Desktop\Soybe-main\data\com_fundo_filtrado\RGB_JPG_Normais\grao_DSC_0384_id48.png,RGB_JPG_Normais,RGB_JPG_Normais
C:\Users\eduar\Desktop\Soybe-main\data\com_fundo_filtrado\RGB_JPG_Normais\grao_DSC_0501_id79.png,RGB_JPG_Normais,RGB_JPG_Normais
C:\Users\eduar\Desktop\Soybe-main\data\com_fundo_filtrado\RGB_JPG_IMPUREZAS\grao_DSC_0239_id273.png,RGB_JPG_IMPUREZAS,RGB_JPG_IMPUREZAS
C:\Users\eduar\Desktop\Soybe-main\data\com_fundo_filtrado\RGB_JPG_Normais\grao_DSC_0475_id51.png,RGB_JPG_Normais,RGB_JPG_Normais
C:\Users\eduar\Desktop\Soybe-main\data\com_fundo_filtrado\RGB_JPG_IMPUREZAS\grao_DSC_0258_id134.png,RGB_JPG_IMPUREZAS,RGB_JPG_IMPUREZAS
C:\Users\eduar\Desktop\Soybe-main\data\com_fundo_filtrado\RGB_JPG_QUEBRADOS\grao_DSC_0433_id36.png,RGB_JPG_QUEBRADOS,RGB_JPG_QUEBRADOS
C:\Users\eduar\Desktop\Soybe-main\data\com_fundo_filtrado\RGB_JPG_IMPUREZAS\grao_DSC_0246_id154.png,RGB_JPG_IMPUREZAS,RGB_JPG_IMPUREZAS
C:\Users\eduar\Desktop\Soybe-main\data\com_fundo_filtrado\RGB_JPG_Normais\grao_DSC_0636_id26.png,RGB_JPG_Normais,RGB_JPG_Normais
C:\Users\eduar\Desktop\Soybe-main\data\com_fundo_filtrado\RGB_JPG_CHOCHOS\grao_DSC_0327_id65.png,RGB_JPG_CHOCHOS,RGB_JPG_CHOCHOS
C:\Users\eduar\Desktop\Soybe-main\data\com_fundo_filtrado\RGB_JPG_Normais\grao_DSC_0137_id94.png,RGB_JPG_Normais,RGB_JPG_Normais
C:\Users\eduar\Desktop\Soybe-main\data\com_fundo_filtrado\RGB_JPG_IMPUREZAS\grao_DSC_0228_id100.png,RGB_JPG_IMPUREZAS,RGB_JPG_IMPUREZAS
C:\Users\eduar\Desktop\Soybe-main\data\com_fundo_filtrado\RGB_JPG_Normais\grao_DSC_0652_id35.png,RGB_JPG_Normais,RGB_JPG_Normais
C:\Users\eduar\Desktop\Soybe-main\data\com_fundo_filtrado\RGB_JPG_IMPUREZAS\grao_DSC_0011_id176.png,RGB_JPG_IMPUREZAS,RGB_JPG_IMPUREZAS
C:\Users\eduar\Desktop\Soybe-main\data\com_fundo_filtrado\RGB_JPG_ESVERDEADO\grao_DSC_0305_id27.png,RGB_JPG_ESVERDEADO,RGB_JPG_ESVERDEADO
C:\Users\eduar\Desktop\Soybe-main\data\com_fundo_filtrado\RGB_JPG_Normais\grao_DSC_0377_id68.png,RGB_JPG_Normais,RGB_JPG_Normais
C:\Users\eduar\Desktop\Soybe-main\data\com_fundo_filtrado\RGB_JPG_Normais\grao_DSC_0396_id52.png,RGB_JPG_Normais,RGB_JPG_Normais
C:\Users\eduar\Desktop\Soybe-main\data\com_fundo_filtrado\RGB_JPG_IMPUREZAS\grao_DSC_0030_id54.png,RGB_JPG_IMPUREZAS,RGB_JPG_IMPUREZAS
C:\Users\eduar\Desktop\Soybe-main\data\com_fundo_filtrado\RGB_JPG_Normais\grao_DSC_0672_id17.png,RGB_JPG_Normais,RGB_JPG_Normais
C:\Users\eduar\Desktop\Soybe-main\data\com_fundo_filtrado\RGB_JPG_IMPUREZAS\grao_DSC_0024_id112.png,RGB_JPG_IMPUREZAS,RGB_JPG_IMPUREZAS
C:\Users\eduar\Desktop\Soybe-main\data\com_fundo_filtrado\RGB_JPG_IMPUREZAS\grao_DSC_0018_id257.png,RGB_JPG_IMPUREZAS,RGB_JPG_IMPUREZAS
C:\Users\eduar\Desktop\Soybe-main\data\com_fundo_filtrado\RGB_JPG_QUEBRADOS\grao_DSC_0405_id10.png,RGB_JPG_QUEBRADOS,RGB_JPG_QUEBRADOS
C:\Users\eduar\Desktop\Soybe-main\data\com_fundo_filtrado\RGB_JPG_IMPUREZAS\grao_DSC_0008_id59.png,RGB_JPG_IMPUREZAS,RGB_JPG_IMPUREZAS
C:\Users\eduar\Desktop\Soybe-main\data\com_fundo_filtrado\RGB_JPG_Normais\grao_DSC_0216_id28.png,RGB_JPG_Normais,RGB_JPG_Normais
C:\Users\eduar\Desktop\Soybe-main\data\com_fundo_filtrado\RGB_JPG_Normais\grao_DSC_0624_id72.png,RGB_JPG_Normais,RGB_JPG_Normais
C:\Users\eduar\Desktop\Soybe-main\data\com_fundo_filtrado\RGB_JPG_Normais\grao_DSC_0611_id14.png,RGB_JPG_Normais,RGB_JPG_Normais
C:\Users\eduar\Desktop\Soybe-main\data\com_fundo_filtrado\RGB_JPG_CHOCHOS\grao_DSC_0332_id27.png,RGB_JPG_CHOCHOS,RGB_JPG_CHOCHOS
C:\Users\eduar\Desktop\Soybe-main\data\com_fundo_filtrado\RGB_JPG_Normais\grao_DSC_0392_id111.png,RGB_JPG_Normais,RGB_JPG_Normais
C:\Users\eduar\Desktop\Soybe-main\data\com_fundo_filtrado\RGB_JPG_QUEBRADOS\grao_DSC_0422_id21.png,RGB_JPG_QUEBRADOS,RGB_JPG_QUEBRADOS
C:\Users\eduar\Desktop\Soybe-main\data\com_fundo_filtrado\RGB_JPG_IMPUREZAS\grao_DSC_0244_id179.png,RGB_JPG_IMPUREZAS,RGB_JPG_IMPUREZAS
C:\Users\eduar\Desktop\Soybe-main\data\com_fundo_filtrado\RGB_JPG_Normais\grao_DSC_0393_id100.png,RGB_JPG_Normais,RGB_JPG_Normais
C:\Users\eduar\Desktop\Soybe-main\data\com_fundo_filtrado\RGB_JPG_CHOCHOS\grao_DSC_0313_id77.png,RGB_JPG_CHOCHOS,RGB_JPG_CHOCHOS
C:\Users\eduar\Desktop\Soybe-main\data\com_fundo_filtrado\RGB_JPG_IMPUREZAS\grao_DSC_0270_id147.png,RGB_JPG_IMPUREZAS,RGB_JPG_IMPUREZAS
C:\Users\eduar\Desktop\Soybe-main\data\com_fundo_filtrado\RGB_JPG_IMPUREZAS\grao_DSC_0257_id11.png,RGB_JPG_IMPUREZAS,RGB_JPG_IMPUREZAS
C:\Users\eduar\Desktop\Soybe-main\data\com_fundo_filtrado\RGB_JPG_Normais\grao_DSC_0624_id113.png,RGB_JPG_Normais,RGB_JPG_Normais
C:\Users\eduar\Desktop\Soybe-main\data\com_fundo_filtrado\RGB_JPG_QUEBRADOS\grao_DSC_0426_id56.png,RGB_JPG_QUEBRADOS,RGB_JPG_QUEBRADOS
C:\Users\eduar\Desktop\Soybe-main\data\com_fundo_filtrado\RGB_JPG_Normais\grao_DSC_0375_id95.png,RGB_JPG_Normais,RGB_JPG_Normais
C:\Users\eduar\Desktop\Soybe-main\data\com_fundo_filtrado\RGB_JPG_CHOCHOS\grao_DSC_0314_id54.png,RGB_JPG_CHOCHOS,RGB_JPG_CHOCHOS
C:\Users\eduar\Desktop\Soybe-main\data\com_fundo_filtrado\RGB_JPG_QUEBRADOS\grao_DSC_0452_id75.png,RGB_JPG_QUEBRADOS,RGB_JPG_QUEBRADOS
C:\Users\eduar\Desktop\Soybe-main\data\com_fundo_filtrado\RGB_JPG_QUEBRADOS\grao_DSC_0423_id38.png,RGB_JPG_QUEBRADOS,RGB_JPG_QUEBRADOS
C:\Users\eduar\Desktop\Soybe-main\data\com_fundo_filtrado\RGB_JPG_IMPUREZAS\grao_DSC_0282_id221.png,RGB_JPG_IMPUREZAS,RGB_JPG_IMPUREZAS
C:\Users\eduar\Desktop\Soybe-main\data\com_fundo_filtrado\RGB_JPG_Normais\grao_DSC_0153_id51.png,RGB_JPG_Normais,RGB_JPG_Normais
C:\Users\eduar\Desktop\Soybe-main\data\com_fundo_filtrado\RGB_JPG_CHOCHOS\grao_DSC_0314_id45.png,RGB_JPG_CHOCHOS,RGB_JPG_CHOCHOS
C:\Users\eduar\Desktop\Soybe-main\data\com_fundo_filtrado\RGB_JPG_Normais\grao_DSC_0395_id110.png,RGB_JPG_Normais,RGB_JPG_Normais
C:\Users\eduar\Desktop\Soybe-main\data\com_fundo_filtrado\RGB_JPG_Normais\grao_DSC_0665_id91.png,RGB_JPG_Normais,RGB_JPG_Normais
C:\Users\eduar\Desktop\Soybe-main\data\com_fundo_filtrado\RGB_JPG_CHOCHOS\grao_DSC_0332_id17.png,RGB_JPG_CHOCHOS,RGB_JPG_CHOCHOS
C:\Users\eduar\Desktop\Soybe-main\data\com_fundo_filtrado\RGB_JPG_MAMONAS\grao_DSC_0187_id12.png,RGB_JPG_MAMONAS,RGB_JPG_MAMONAS
C:\Users\eduar\Desktop\Soybe-main\data\com_fundo_filtrado\RGB_JPG_IMPUREZAS\grao_DSC_0229_id156.png,RGB_JPG_IMPUREZAS,RGB_JPG_IMPUREZAS
C:\Users\eduar\Desktop\Soybe-main\data\com_fundo_filtrado\RGB_JPG_Normais\grao_DSC_0620_id58.png,RGB_JPG_Normais,RGB_JPG_Normais
C:\Users\eduar\Desktop\Soybe-main\data\com_fundo_filtrado\RGB_JPG_Normais\grao_DSC_0160_id81.png,RGB_JPG_Normais,RGB_JPG_Normais
C:\Users\eduar\Desktop\Soybe-main\data\com_fundo_filtrado\RGB_JPG_Normais\grao_DSC_0514_id88.png,RGB_JPG_Normais,RGB_JPG_Normais
C:\Users\eduar\Desktop\Soybe-main\data\com_fundo_filtrado\RGB_JPG_Normais\grao_DSC_0212_id89.png,RGB_JPG_Normais,RGB_JPG_Normais
C:\Users\eduar\Desktop\Soybe-main\data\com_fundo_filtrado\RGB_JPG_IMPUREZAS\grao_DSC_0283_id22.png,RGB_JPG_IMPUREZAS,RGB_JPG_IMPUREZAS
C:\Users\eduar\Desktop\Soybe-main\data\com_fundo_filtrado\RGB_JPG_Normais\grao_DSC_0377_id72.png,RGB_JPG_Normais,RGB_JPG_Normais
C:\Users\eduar\Desktop\Soybe-main\data\com_fundo_filtrado\RGB_JPG_CHOCHOS\grao_DSC_0360_id77.png,RGB_JPG_CHOCHOS,RGB_JPG_CHOCHOS
C:\Users\eduar\Desktop\Soybe-main\data\com_fundo_filtrado\RGB_JPG_QUEBRADOS\grao_DSC_0411_id78.png,RGB_JPG_QUEBRADOS,RGB_JPG_QUEBRADOS
C:\Users\eduar\Desktop\Soybe-main\data\com_fundo_filtrado\RGB_JPG_IMPUREZAS\grao_DSC_0038_id121.png,RGB_JPG_IMPUREZAS,RGB_JPG_IMPUREZAS
C:\Users\eduar\Desktop\Soybe-main\data\com_fundo_filtrado\RGB_JPG_IMPUREZAS\grao_DSC_0265_id103.png,RGB_JPG_IMPUREZAS,RGB_JPG_IMPUREZAS
C:\Users\eduar\Desktop\Soybe-main\data\com_fundo_filtrado\RGB_JPG_INSETOS\grao_DSC_0163_id95.png,RGB_JPG_INSETOS,RGB_JPG_INSETOS
C:\Users\eduar\Desktop\Soybe-main\data\com_fundo_filtrado\RGB_JPG_ESVERDEADO\grao_DSC_0311_id27.png,RGB_JPG_ESVERDEADO,RGB_JPG_IMPUREZAS
C:\Users\eduar\Desktop\Soybe-main\data\com_fundo_filtrado\RGB_JPG_QUEBRADOS\grao_DSC_0422_id58.png,RGB_JPG_QUEBRADOS,RGB_JPG_QUEBRADOS
C:\Users\eduar\Desktop\Soybe-main\data\com_fundo_filtrado\RGB_JPG_IMPUREZAS\grao_DSC_0285_id103.png,RGB_JPG_IMPUREZAS,RGB_JPG_IMPUREZAS
C:\Users\eduar\Desktop\Soybe-main\data\com_fundo_filtrado\RGB_JPG_Normais\grao_DSC_0152_id90.png,RGB_JPG_Normais,RGB_JPG_Normais
C:\Users\eduar\Desktop\Soybe-main\data\com_fundo_filtrado\RGB_JPG_IMPUREZAS\grao_DSC_0263_id54.png,RGB_JPG_IMPUREZAS,RGB_JPG_IMPUREZAS
C:\Users\eduar\Desktop\Soybe-main\data\com_fundo_filtrado\RGB_JPG_QUEBRADOS\grao_DSC_0402_id72.png,RGB_JPG_QUEBRADOS,RGB_JPG_QUEBRADOS
C:\Users\eduar\Desktop\Soybe-main\data\com_fundo_filtrado\RGB_JPG_QUEBRADOS\grao_DSC_0401_id31.png,RGB_JPG_QUEBRADOS,RGB_JPG_QUEBRADOS
C:\Users\eduar\Desktop\Soybe-main\data\com_fundo_filtrado\RGB_JPG_QUEBRADOS\grao_DSC_0442_id33.png,RGB_JPG_QUEBRADOS,RGB_JPG_QUEBRADOS
C:\Users\eduar\Desktop\Soybe-main\data\com_fundo_filtrado\RGB_JPG_CHOCHOS\grao_DSC_0359_id23.png,RGB_JPG_CHOCHOS,RGB_JPG_CHOCHOS
C:\Users\eduar\Desktop\Soybe-main\data\com_fundo_filtrado\RGB_JPG_Normais\grao_DSC_0375_id101.png,RGB_JPG_Normais,RGB_JPG_Normais
C:\Users\eduar\Desktop\Soybe-main\data\com_fundo_filtrado\RGB_JPG_IMPUREZAS\grao_DSC_0027_id5.png,RGB_JPG_IMPUREZAS,RGB_JPG_IMPUREZAS
C:\Users\eduar\Desktop\Soybe-main\data\com_fundo_filtrado\RGB_JPG_QUEBRADOS\grao_DSC_0436_id82.png,RGB_JPG_QUEBRADOS,RGB_JPG_QUEBRADOS
C:\Users\eduar\Desktop\Soybe-main\data\com_fundo_filtrado\RGB_JPG_PURPURAS\grao_DSC_0050_id61.png,RGB_JPG_PURPURAS,RGB_JPG_PURPURAS
C:\Users\eduar\Desktop\Soybe-main\data\com_fundo_filtrado\RGB_JPG_IMPUREZAS\grao_DSC_0223_id60.png,RGB_JPG_IMPUREZAS,RGB_JPG_IMPUREZAS
C:\Users\eduar\Desktop\Soybe-main\data\com_fundo_filtrado\RGB_JPG_Normais\grao_DSC_0470_id36.png,RGB_JPG_Normais,RGB_JPG_Normais
C:\Users\eduar\Desktop\Soybe-main\data\com_fundo_filtrado\RGB_JPG_Normais\grao_DSC_0144_id48.png,RGB_JPG_Normais,RGB_JPG_Normais
C:\Users\eduar\Desktop\Soybe-main\data\com_fundo_filtrado\RGB_JPG_Normais\grao_DSC_0468_id22.png,RGB_JPG_Normais,RGB_JPG_Normais
C:\Users\eduar\Desktop\Soybe-main\data\com_fundo_filtrado\RGB_JPG_ESVERDEADO\grao_DSC_0312_id14.png,RGB_JPG_ESVERDEADO,RGB_JPG_ESVERDEADO
C:\Users\eduar\Desktop\Soybe-main\data\com_fundo_filtrado\RGB_JPG_Normais\grao_DSC_0374_id86.png,RGB_JPG_Normais,RGB_JPG_Normais
C:\Users\eduar\Desktop\Soybe-main\data\com_fundo_filtrado\RGB_JPG_Normais\grao_DSC_0391_id67.png,RGB_JPG_Normais,RGB_JPG_Normais
C:\Users\eduar\Desktop\Soybe-main\data\com_fundo_filtrado\RGB_JPG_Normais\grao_DSC_0150_id42.png,RGB_JPG_Normais,RGB_JPG_Normais
C:\Users\eduar\Desktop\Soybe-main\data\com_fundo_filtrado\RGB_JPG_IMPUREZAS\grao_DSC_0266_id73.png,RGB_JPG_IMPUREZAS,RGB_JPG_IMPUREZAS
C:\Users\eduar\Desktop\Soybe-main\data\com_fundo_filtrado\RGB_JPG_CHOCHOS\grao_DSC_0349_id92.png,RGB_JPG_CHOCHOS,RGB_JPG_CHOCHOS
C:\Users\eduar\Desktop\Soybe-main\data\com_fundo_filtrado\RGB_JPG_Normais\grao_DSC_0487_id26.png,RGB_JPG_Normais,RGB_JPG_Normais
C:\Users\eduar\Desktop\Soybe-main\data\com_fundo_filtrado\RGB_JPG_Normais\grao_DSC_0497_id54.png,RGB_JPG_Normais,RGB_JPG_Normais
C:\Users\eduar\Desktop\Soybe-main\data\com_fundo_filtrado\RGB_JPG_IMPUREZAS\grao_DSC_0268_id16.png,RGB_JPG_IMPUREZAS,RGB_JPG_IMPUREZAS
C:\Users\eduar\Desktop\Soybe-main\data\com_fundo_filtrado\RGB_JPG_Normais\grao_DSC_0639_id63.png,RGB_JPG_Normais,RGB_JPG_Normais
C:\Users\eduar\Desktop\Soybe-main\data\com_fundo_filtrado\RGB_JPG_IMPUREZAS\grao_DSC_0026_id190.png,RGB_JPG_IMPUREZAS,RGB_JPG_IMPUREZAS
C:\Users\eduar\Desktop\Soybe-main\data\com_fundo_filtrado\RGB_JPG_Normais\grao_DSC_0371_id95.png,RGB_JPG_Normais,RGB_JPG_Normais
C:\Users\eduar\Desktop\Soybe-main\data\com_fundo_filtrado\RGB_JPG_CHOCHOS\grao_DSC_0333_id2.png,RGB_JPG_CHOCHOS,RGB_JPG_CHOCHOS
C:\Users\eduar\Desktop\Soybe-main\data\com_fundo_filtrado\RGB_JPG_Normais\grao_DSC_0395_id24.png,RGB_JPG_Normais,RGB_JPG_Normais
C:\Users\eduar\Desktop\Soybe-main\data\com_fundo_filtrado\RGB_JPG_Normais\grao_DSC_0135_id81.png,RGB_JPG_Normais,RGB_JPG_Normais
C:\Users\eduar\Desktop\Soybe-main\data\com_fundo_filtrado\RGB_JPG_QUEBRADOS\grao_DSC_0410_id29.png,RGB_JPG_QUEBRADOS,RGB_JPG_QUEBRADOS
C:\Users\eduar\Desktop\Soybe-main\data\com_fundo_filtrado\RGB_JPG_IMPUREZAS\grao_DSC_0002_id159.png,RGB_JPG_IMPUREZAS,RGB_JPG_IMPUREZAS
C:\Users\eduar\Desktop\Soybe-main\data\com_fundo_filtrado\RGB_JPG_CHOCHOS\grao_DSC_0337_id41.png,RGB_JPG_CHOCHOS,RGB_JPG_CHOCHOS
C:\Users\eduar\Desktop\Soybe-main\data\com_fundo_filtrado\RGB_JPG_CHOCHOS\grao_DSC_0349_id16.png,RGB_JPG_CHOCHOS,RGB_JPG_CHOCHOS
C:\Users\eduar\Desktop\Soybe-main\data\com_fundo_filtrado\RGB_JPG_QUEBRADOS\grao_DSC_0461_id30.png,RGB_JPG_QUEBRADOS,RGB_JPG_QUEBRADOS
C:\Users\eduar\Desktop\Soybe-main\data\com_fundo_filtrado\RGB_JPG_Normais\grao_DSC_0651_id42.png,RGB_JPG_Normais,RGB_JPG_Normais
C:\Users\eduar\Desktop\Soybe-main\data\com_fundo_filtrado\RGB_JPG_Normais\grao_DSC_0366_id80.png,RGB_JPG_Normais,RGB_JPG_Normais
C:\Users\eduar\Desktop\Soybe-main\data\com_fundo_filtrado\RGB_JPG_QUEBRADOS\grao_DSC_0430_id70.png,RGB_JPG_QUEBRADOS,RGB_JPG_QUEBRADOS
C:\Users\eduar\Desktop\Soybe-main\data\com_fundo_filtrado\RGB_JPG_QUEBRADOS\grao_DSC_0455_id41.png,RGB_JPG_QUEBRADOS,RGB_JPG_QUEBRADOS
C:\Users\eduar\Desktop\Soybe-main\data\com_fundo_filtrado\RGB_JPG_MAMONAS\grao_DSC_0189_id84.png,RGB_JPG_MAMONAS,RGB_JPG_MAMONAS
C:\Users\eduar\Desktop\Soybe-main\data\com_fundo_filtrado\RGB_JPG_IMPUREZAS\grao_DSC_0024_id147.png,RGB_JPG_IMPUREZAS,RGB_JPG_IMPUREZAS
C:\Users\eduar\Desktop\Soybe-main\data\com_fundo_filtrado\RGB_JPG_IMPUREZAS\grao_DSC_0031_id144.png,RGB_JPG_IMPUREZAS,RGB_JPG_IMPUREZAS
C:\Users\eduar\Desktop\Soybe-main\data\com_fundo_filtrado\RGB_JPG_QUEBRADOS\grao_DSC_0168_id87.png,RGB_JPG_QUEBRADOS,RGB_JPG_QUEBRADOS
C:\Users\eduar\Desktop\Soybe-main\data\com_fundo_filtrado\RGB_JPG_CHOCHOS\grao_DSC_0361_id92.png,RGB_JPG_CHOCHOS,RGB_JPG_CHOCHOS
C:\Users\eduar\Desktop\Soybe-main\data\com_fundo_filtrado\RGB_JPG_Normais\grao_DSC_0663_id84.png,RGB_JPG_Normais,RGB_JPG_Normais
C:\Users\eduar\Desktop\Soybe-main\data\com_fundo_filtrado\RGB_JPG_Normais\grao_DSC_0490_id89.png,RGB_JPG_Normais,RGB_JPG_Normais
C:\Users\eduar\Desktop\Soybe-main\data\com_fundo_filtrado\RGB_JPG_IMPUREZAS\grao_DSC_0295_id111.png,RGB_JPG_IMPUREZAS,RGB_JPG_IMPUREZAS
C:\Users\eduar\Desktop\Soybe-main\data\com_fundo_filtrado\RGB_JPG_PURPURAS\grao_DSC_0050_id24.png,RGB_JPG_PURPURAS,RGB_JPG_PURPURAS
C:\Users\eduar\Desktop\Soybe-main\data\com_fundo_filtrado\RGB_JPG_CHOCHOS\grao_DSC_0338_id47.png,RGB_JPG_CHOCHOS,RGB_JPG_CHOCHOS
C:\Users\eduar\Desktop\Soybe-main\data\com_fundo_filtrado\RGB_JPG_Normais\grao_DSC_0671_id14.png,RGB_JPG_Normais,RGB_JPG_Normais
C:\Users\eduar\Desktop\Soybe-main\data\com_fundo_filtrado\RGB_JPG_Normais\grao_DSC_0377_id22.png,RGB_JPG_Normais,RGB_JPG_Normais
C:\Users\eduar\Desktop\Soybe-main\data\com_fundo_filtrado\RGB_JPG_IMPUREZAS\grao_DSC_0249_id183.png,RGB_JPG_IMPUREZAS,RGB_JPG_IMPUREZAS
C:\Users\eduar\Desktop\Soybe-main\data\com_fundo_filtrado\RGB_JPG_PURPURAS\grao_DSC_0050_id65.png,RGB_JPG_PURPURAS,RGB_JPG_PURPURAS
C:\Users\eduar\Desktop\Soybe-main\data\com_fundo_filtrado\RGB_JPG_Normais\grao_DSC_0676_id29.png,RGB_JPG_Normais,RGB_JPG_Normais
C:\Users\eduar\Desktop\Soybe-main\data\com_fundo_filtrado\RGB_JPG_Normais\grao_DSC_0472_id1.png,RGB_JPG_Normais,RGB_JPG_Normais
C:\Users\eduar\Desktop\Soybe-main\data\com_fundo_filtrado\RGB_JPG_IMPUREZAS\grao_DSC_0293_id257.png,RGB_JPG_IMPUREZAS,RGB_JPG_IMPUREZAS
C:\Users\eduar\Desktop\Soybe-main\data\com_fundo_filtrado\RGB_JPG_IMPUREZAS\grao_DSC_0259_id29.png,RGB_JPG_IMPUREZAS,RGB_JPG_IMPUREZAS
C:\Users\eduar\Desktop\Soybe-main\data\com_fundo_filtrado\RGB_JPG_Normais\grao_DSC_0514_id14.png,RGB_JPG_Normais,RGB_JPG_Normais
C:\Users\eduar\Desktop\Soybe-main\data\com_fundo_filtrado\RGB_JPG_Normais\grao_DSC_0485_id87.png,RGB_JPG_Normais,RGB_JPG_Normais
C:\Users\eduar\Desktop\Soybe-main\data\com_fundo_filtrado\RGB_JPG_CHOCHOS\grao_DSC_0349_id62.png,RGB_JPG_CHOCHOS,RGB_JPG_CHOCHOS
C:\Users\eduar\Desktop\Soybe-main\data\com_fundo_filtrado\RGB_JPG_IMPUREZAS\grao_DSC_0026_id165.png,RGB_JPG_IMPUREZAS,RGB_JPG_IMPUREZAS
C:\Users\eduar\Desktop\Soybe-main\data\com_fundo_filtrado\RGB_JPG_IMPUREZAS\grao_DSC_0236_id124.png,RGB_JPG_IMPUREZAS,RGB_JPG_IMPUREZAS
C:\Users\eduar\Desktop\Soybe-main\data\com_fundo_filtrado\RGB_JPG_Normais\grao_DSC_0607_id34.png,RGB_JPG_Normais,RGB_JPG_Normais
C:\Users\eduar\Desktop\Soybe-main\data\com_fundo_filtrado\RGB_JPG_IMPUREZAS\grao_DSC_0281_id142.png,RGB_JPG_IMPUREZAS,RGB_JPG_IMPUREZAS
C:\Users\eduar\Desktop\Soybe-main\data\com_fundo_filtrado\RGB_JPG_Normais\grao_DSC_0481_id44.png,RGB_JPG_Normais,RGB_JPG_Normais
C:\Users\eduar\Desktop\Soybe-main\data\com_fundo_filtrado\RGB_JPG_IMPUREZAS\grao_DSC_0032_id126.png,RGB_JPG_IMPUREZAS,RGB_JPG_IMPUREZAS
C:\Users\eduar\Desktop\Soybe-main\data\com_fundo_filtrado\RGB_JPG_IMPUREZAS\grao_DSC_0270_id31.png,RGB_JPG_IMPUREZAS,RGB_JPG_IMPUREZAS
C:\Users\eduar\Desktop\Soybe-main\data\com_fundo_filtrado\RGB_JPG_CHOCHOS\grao_DSC_0342_id78.png,RGB_JPG_CHOCHOS,RGB_JPG_CHOCHOS
C:\Users\eduar\Desktop\Soybe-main\data\com_fundo_filtrado\RGB_JPG_Normais\grao_DSC_0608_id83.png,RGB_JPG_Normais,RGB_JPG_Normais
C:\Users\eduar\Desktop\Soybe-main\data\com_fundo_filtrado\RGB_JPG_QUEBRADOS\grao_DSC_0406_id47.png,RGB_JPG_QUEBRADOS,RGB_JPG_QUEBRADOS
C:\Users\eduar\Desktop\Soybe-main\data\com_fundo_filtrado\RGB_JPG_IMPUREZAS\grao_DSC_0241_id141.png,RGB_JPG_IMPUREZAS,RGB_JPG_IMPUREZAS
C:\Users\eduar\Desktop\Soybe-main\data\com_fundo_filtrado\RGB_JPG_Normais\grao_DSC_0472_id58.png,RGB_JPG_Normais,RGB_JPG_Normais
C:\Users\eduar\Desktop\Soybe-main\data\com_fundo_filtrado\RGB_JPG_Normais\grao_DSC_0488_id95.png,RGB_JPG_Normais,RGB_JPG_Normais
C:\Users\eduar\Desktop\Soybe-main\data\com_fundo_filtrado\RGB_JPG_Normais\grao_DSC_0517_id8.png,RGB_JPG_Normais,RGB_JPG_Normais
C:\Users\eduar\Desktop\Soybe-main\data\com_fundo_filtrado\RGB_JPG_CHOCHOS\grao_DSC_0328_id13.png,RGB_JPG_CHOCHOS,RGB_JPG_CHOCHOS
C:\Users\eduar\Desktop\Soybe-main\data\com_fundo_filtrado\RGB_JPG_Normais\grao_DSC_0500_id22.png,RGB_JPG_Normais,RGB_JPG_Normais
C:\Users\eduar\Desktop\Soybe-main\data\com_fundo_filtrado\RGB_JPG_Normais\grao_DSC_0386_id66.png,RGB_JPG_Normais,RGB_JPG_Normais
C:\Users\eduar\Desktop\Soybe-main\data\com_fundo_filtrado\RGB_JPG_IMPUREZAS\grao_DSC_0036_id99.png,RGB_JPG_IMPUREZAS,RGB_JPG_IMPUREZAS
C:\Users\eduar\Desktop\Soybe-main\data\com_fundo_filtrado\RGB_JPG_Normais\grao_DSC_0672_id4.png,RGB_JPG_Normais,RGB_JPG_Normais
C:\Users\eduar\Desktop\Soybe-main\data\com_fundo_filtrado\RGB_JPG_Normais\grao_DSC_0656_id71.png,RGB_JPG_Normais,RGB_JPG_Normais
C:\Users\eduar\Desktop\Soybe-main\data\com_fundo_filtrado\RGB_JPG_Normais\grao_DSC_0484_id1.png,RGB_JPG_Normais,RGB_JPG_Normais
C:\Users\eduar\Desktop\Soybe-main\data\com_fundo_filtrado\RGB_JPG_QUEBRADOS\grao_DSC_0403_id40.png,RGB_JPG_QUEBRADOS,RGB_JPG_QUEBRADOS
C:\Users\eduar\Desktop\Soybe-main\data\com_fundo_filtrado\RGB_JPG_QUEBRADOS\grao_DSC_0432_id47.png,RGB_JPG_QUEBRADOS,RGB_JPG_QUEBRADOS
C:\Users\eduar\Desktop\Soybe-main\data\com_fundo_filtrado\RGB_JPG_Normais\grao_DSC_0636_id84.png,RGB_JPG_Normais,RGB_JPG_Normais
C:\Users\eduar\Desktop\Soybe-main\data\com_fundo_filtrado\RGB_JPG_IMPUREZAS\grao_DSC_0243_id142.png,RGB_JPG_IMPUREZAS,RGB_JPG_IMPUREZAS
C:\Users\eduar\Desktop\Soybe-main\data\com_fundo_filtrado\RGB_JPG_Normais\grao_DSC_0471_id29.png,RGB_JPG_Normais,RGB_JPG_Normais
C:\Users\eduar\Desktop\Soybe-main\data\com_fundo_filtrado\RGB_JPG_Normais\grao_DSC_0375_id104.png,RGB_JPG_Normais,RGB_JPG_Normais
C:\Users\eduar\Desktop\Soybe-main\data\com_fundo_filtrado\RGB_JPG_Normais\grao_DSC_0395_id97.png,RGB_JPG_Normais,RGB_JPG_Normais
C:\Users\eduar\Desktop\Soybe-main\data\com_fundo_filtrado\RGB_JPG_CHOCHOS\grao_DSC_0357_id52.png,RGB_JPG_CHOCHOS,RGB_JPG_CHOCHOS
C:\Users\eduar\Desktop\Soybe-main\data\com_fundo_filtrado\RGB_JPG_MAMONAS\grao_DSC_0190_id134.png,RGB_JPG_MAMONAS,RGB_JPG_MAMONAS
C:\Users\eduar\Desktop\Soybe-main\data\com_fundo_filtrado\RGB_JPG_IMPUREZAS\grao_DSC_0249_id153.png,RGB_JPG_IMPUREZAS,RGB_JPG_IMPUREZAS
C:\Users\eduar\Desktop\Soybe-main\data\com_fundo_filtrado\RGB_JPG_Normais\grao_DSC_0508_id43.png,RGB_JPG_Normais,RGB_JPG_Normais
C:\Users\eduar\Desktop\Soybe-main\data\com_fundo_filtrado\RGB_JPG_IMPUREZAS\grao_DSC_0276_id185.png,RGB_JPG_IMPUREZAS,RGB_JPG_IMPUREZAS
C:\Users\eduar\Desktop\Soybe-main\data\com_fundo_filtrado\RGB_JPG_Normais\grao_DSC_0612_id55.png,RGB_JPG_Normais,RGB_JPG_Normais
C:\Users\eduar\Desktop\Soybe-main\data\com_fundo_filtrado\RGB_JPG_CHOCHOS\grao_DSC_0316_id47.png,RGB_JPG_CHOCHOS,RGB_JPG_CHOCHOS
C:\Users\eduar\Desktop\Soybe-main\data\com_fundo_filtrado\RGB_JPG_IMPUREZAS\grao_DSC_0025_id60.png,RGB_JPG_IMPUREZAS,RGB_JPG_IMPUREZAS
C:\Users\eduar\Desktop\Soybe-main\data\com_fundo_filtrado\RGB_JPG_QUEBRADOS\grao_DSC_0419_id15.png,RGB_JPG_QUEBRADOS,RGB_JPG_QUEBRADOS
C:\Users\eduar\Desktop\Soybe-main\data\com_fundo_filtrado\RGB_JPG_Normais\grao_DSC_0515_id71.png,RGB_JPG_Normais,RGB_JPG_Normais
C:\Users\eduar\Desktop\Soybe-main\data\com_fundo_filtrado\RGB_JPG_IMPUREZAS\grao_DSC_0242_id84.png,RGB_JPG_IMPUREZAS,RGB_JPG_IMPUREZAS
C:\Users\eduar\Desktop\Soybe-main\data\com_fundo_filtrado\RGB_JPG_QUEBRADOS\grao_DSC_0460_id63.png,RGB_JPG_QUEBRADOS,RGB_JPG_QUEBRADOS
C:\Users\eduar\Desktop\Soybe-main\data\com_fundo_filtrado\RGB_JPG_IMPUREZAS\grao_DSC_0017_id160.png,RGB_JPG_IMPUREZAS,RGB_JPG_IMPUREZAS
C:\Users\eduar\Desktop\Soybe-main\data\com_fundo_filtrado\RGB_JPG_CHOCHOS\grao_DSC_0351_id37.png,RGB_JPG_CHOCHOS,RGB_JPG_CHOCHOS
C:\Users\eduar\Desktop\Soybe-main\data\com_fundo_filtrado\RGB_JPG_CHOCHOS\grao_DSC_0350_id73.png,RGB_JPG_CHOCHOS,RGB_JPG_CHOCHOS
C:\Users\eduar\Desktop\Soybe-main\data\com_fundo_filtrado\RGB_JPG_IMPUREZAS\grao_DSC_0237_id151.png,RGB_JPG_IMPUREZAS,RGB_JPG_IMPUREZAS
C:\Users\eduar\Desktop\Soybe-main\data\com_fundo_filtrado\RGB_JPG_IMPUREZAS\grao_DSC_0226_id188.png,RGB_JPG_IMPUREZAS,RGB_JPG_IMPUREZAS
C:\Users\eduar\Desktop\Soybe-main\data\com_fundo_filtrado\RGB_JPG_Normais\grao_DSC_0491_id70.png,RGB_JPG_Normais,RGB_JPG_Normais
C:\Users\eduar\Desktop\Soybe-main\data\com_fundo_filtrado\RGB_JPG_IMPUREZAS\grao_DSC_0293_id130.png,RGB_JPG_IMPUREZAS,RGB_JPG_IMPUREZAS
C:\Users\eduar\Desktop\Soybe-main\data\com_fundo_filtrado\RGB_JPG_IMPUREZAS\grao_DSC_0242_id353.png,RGB_JPG_IMPUREZAS,RGB_JPG_IMPUREZAS
C:\Users\eduar\Desktop\Soybe-main\data\com_fundo_filtrado\RGB_JPG_QUEBRADOS\grao_DSC_0459_id43.png,RGB_JPG_QUEBRADOS,RGB_JPG_QUEBRADOS
C:\Users\eduar\Desktop\Soybe-main\data\com_fundo_filtrado\RGB_JPG_IMPUREZAS\grao_DSC_0280_id186.png,RGB_JPG_IMPUREZAS,RGB_JPG_IMPUREZAS
C:\Users\eduar\Desktop\Soybe-main\data\com_fundo_filtrado\RGB_JPG_IMPUREZAS\grao_DSC_0282_id121.png,RGB_JPG_IMPUREZAS,RGB_JPG_IMPUREZAS
C:\Users\eduar\Desktop\Soybe-main\data\com_fundo_filtrado\RGB_JPG_QUEBRADOS\grao_DSC_0413_id73.png,RGB_JPG_QUEBRADOS,RGB_JPG_QUEBRADOS
C:\Users\eduar\Desktop\Soybe-main\data\com_fundo_filtrado\RGB_JPG_IMPUREZAS\grao_DSC_0296_id81.png,RGB_JPG_IMPUREZAS,RGB_JPG_IMPUREZAS
C:\Users\eduar\Desktop\Soybe-main\data\com_fundo_filtrado\RGB_JPG_MAMONAS\grao_DSC_0190_id179.png,RGB_JPG_MAMONAS,RGB_JPG_MAMONAS
C:\Users\eduar\Desktop\Soybe-main\data\com_fundo_filtrado\RGB_JPG_PURPURAS\grao_DSC_0049_id32.png,RGB_JPG_PURPURAS,RGB_JPG_PURPURAS
C:\Users\eduar\Desktop\Soybe-main\data\com_fundo_filtrado\RGB_JPG_Normais\grao_DSC_0390_id99.png,RGB_JPG_Normais,RGB_JPG_Normais
C:\Users\eduar\Desktop\Soybe-main\data\com_fundo_filtrado\RGB_JPG_Normais\grao_DSC_0135_id72.png,RGB_JPG_Normais,RGB_JPG_Normais
C:\Users\eduar\Desktop\Soybe-main\data\com_fundo_filtrado\RGB_JPG_CHOCHOS\grao_DSC_0326_id17.png,RGB_JPG_CHOCHOS,RGB_JPG_CHOCHOS
C:\Users\eduar\Desktop\Soybe-main\data\com_fundo_filtrado\RGB_JPG_Normais\grao_DSC_0391_id23.png,RGB_JPG_Normais,RGB_JPG_Normais
C:\Users\eduar\Desktop\Soybe-main\data\com_fundo_filtrado\RGB_JPG_IMPUREZAS\grao_DSC_0026_id124.png,RGB_JPG_IMPUREZAS,RGB_JPG_IMPUREZAS
C:\Users\eduar\Desktop\Soybe-main\data\com_fundo_filtrado\RGB_JPG_Normais\grao_DSC_0470_id6.png,RGB_JPG_Normais,RGB_JPG_Normais
C:\Users\eduar\Desktop\Soybe-main\data\com_fundo_filtrado\RGB_JPG_IMPUREZAS\grao_DSC_0241_id166.png,RGB_JPG_IMPUREZAS,RGB_JPG_IMPUREZAS
C:\Users\eduar\Desktop\Soybe-main\data\com_fundo_filtrado\RGB_JPG_Normais\grao_DSC_0137_id11.png,RGB_JPG_Normais,RGB_JPG_Normais
C:\Users\eduar\Desktop\Soybe-main\data\com_fundo_filtrado\RGB_JPG_Normais\grao_DSC_0387_id106.png,RGB_JPG_Normais,RGB_JPG_Normais
C:\Users\eduar\Desktop\Soybe-main\data\com_fundo_filtrado\RGB_JPG_Normais\grao_DSC_0144_id105.png,RGB_JPG_Normais,RGB_JPG_Normais
C:\Users\eduar\Desktop\Soybe-main\data\com_fundo_filtrado\RGB_JPG_IMPUREZAS\grao_DSC_0231_id215.png,RGB_JPG_IMPUREZAS,RGB_JPG_IMPUREZAS
C:\Users\eduar\Desktop\Soybe-main\data\com_fundo_filtrado\RGB_JPG_QUEBRADOS\grao_DSC_0461_id45.png,RGB_JPG_QUEBRADOS,RGB_JPG_QUEBRADOS
C:\Users\eduar\Desktop\Soybe-main\data\com_fundo_filtrado\RGB_JPG_CHOCHOS\grao_DSC_0347_id5.png,RGB_JPG_CHOCHOS,RGB_JPG_CHOCHOS
C:\Users\eduar\Desktop\Soybe-main\data\com_fundo_filtrado\RGB_JPG_CHOCHOS\grao_DSC_0326_id67.png,RGB_JPG_CHOCHOS,RGB_JPG_CHOCHOS
C:\Users\eduar\Desktop\Soybe-main\data\com_fundo_filtrado\RGB_JPG_QUEBRADOS\grao_DSC_0442_id79.png,RGB_JPG_QUEBRADOS,RGB_JPG_QUEBRADOS
C:\Users\eduar\Desktop\Soybe-main\data\com_fundo_filtrado\RGB_JPG_IMPUREZAS\grao_DSC_0272_id34.png,RGB_JPG_IMPUREZAS,RGB_JPG_IMPUREZAS
C:\Users\eduar\Desktop\Soybe-main\data\com_fundo_filtrado\RGB_JPG_QUEBRADOS\grao_DSC_0410_id64.png,RGB_JPG_QUEBRADOS,RGB_JPG_QUEBRADOS
C:\Users\eduar\Desktop\Soybe-main\data\com_fundo_filtrado\RGB_JPG_Normais\grao_DSC_0652_id65.png,RGB_JPG_Normais,RGB_JPG_Normais
C:\Users\eduar\Desktop\Soybe-main\data\com_fundo_filtrado\RGB_JPG_IMPUREZAS\grao_DSC_0293_id241.png,RGB_JPG_IMPUREZAS,RGB_JPG_IMPUREZAS
C:\Users\eduar\Desktop\Soybe-main\data\com_fundo_filtrado\RGB_JPG_IMPUREZAS\grao_DSC_0229_id47.png,RGB_JPG_IMPUREZAS,RGB_JPG_IMPUREZAS
C:\Users\eduar\Desktop\Soybe-main\data\com_fundo_filtrado\RGB_JPG_CHOCHOS\grao_DSC_0361_id72.png,RGB_JPG_CHOCHOS,RGB_JPG_CHOCHOS
C:\Users\eduar\Desktop\Soybe-main\data\com_fundo_filtrado\RGB_JPG_QUEBRADOS\grao_DSC_0467_id27.png,RGB_JPG_QUEBRADOS,RGB_JPG_QUEBRADOS
C:\Users\eduar\Desktop\Soybe-main\data\com_fundo_filtrado\RGB_JPG_Normais\grao_DSC_0518_id71.png,RGB_JPG_Normais,RGB_JPG_Normais
C:\Users\eduar\Desktop\Soybe-main\data\com_fundo_filtrado\RGB_JPG_Normais\grao_DSC_0484_id13.png,RGB_JPG_Normais,RGB_JPG_Normais
C:\Users\eduar\Desktop\Soybe-main\data\com_fundo_filtrado\RGB_JPG_CHOCHOS\grao_DSC_0324_id94.png,RGB_JPG_CHOCHOS,RGB_JPG_CHOCHOS
C:\Users\eduar\Desktop\Soybe-main\data\com_fundo_filtrado\RGB_JPG_Normais\grao_DSC_0679_id56.png,RGB_JPG_Normais,RGB_JPG_Normais
C:\Users\eduar\Desktop\Soybe-main\data\com_fundo_filtrado\RGB_JPG_Normais\grao_DSC_0497_id59.png,RGB_JPG_Normais,RGB_JPG_Normais
C:\Users\eduar\Desktop\Soybe-main\data\com_fundo_filtrado\RGB_JPG_QUEBRADOS\grao_DSC_0466_id56.png,RGB_JPG_QUEBRADOS,RGB_JPG_QUEBRADOS
C:\Users\eduar\Desktop\Soybe-main\data\com_fundo_filtrado\RGB_JPG_Normais\grao_DSC_0154_id27.png,RGB_JPG_Normais,RGB_JPG_Normais
C:\Users\eduar\Desktop\Soybe-main\data\com_fundo_filtrado\RGB_JPG_QUEBRADOS\grao_DSC_0405_id81.png,RGB_JPG_QUEBRADOS,RGB_JPG_QUEBRADOS
C:\Users\eduar\Desktop\Soybe-main\data\com_fundo_filtrado\RGB_JPG_Normais\grao_DSC_0650_id43.png,RGB_JPG_Normais,RGB_JPG_Normais
C:\Users\eduar\Desktop\Soybe-main\data\com_fundo_filtrado\RGB_JPG_CHOCHOS\grao_DSC_0340_id4.png,RGB_JPG_CHOCHOS,RGB_JPG_CHOCHOS
C:\Users\eduar\Desktop\Soybe-main\data\com_fundo_filtrado\RGB_JPG_Normais\grao_DSC_0394_id42.png,RGB_JPG_Normais,RGB_JPG_Normais
C:\Users\eduar\Desktop\Soybe-main\data\com_fundo_filtrado\RGB_JPG_CHOCHOS\grao_DSC_0338_id48.png,RGB_JPG_CHOCHOS,RGB_JPG_CHOCHOS
C:\Users\eduar\Desktop\Soybe-main\data\com_fundo_filtrado\RGB_JPG_IMPUREZAS\grao_DSC_0257_id180.png,RGB_JPG_IMPUREZAS,RGB_JPG_IMPUREZAS
C:\Users\eduar\Desktop\Soybe-main\data\com_fundo_filtrado\RGB_JPG_Normais\grao_DSC_0371_id112.png,RGB_JPG_Normais,RGB_JPG_Normais
C:\Users\eduar\Desktop\Soybe-main\data\com_fundo_filtrado\RGB_JPG_Normais\grao_DSC_0645_id64.png,RGB_JPG_Normais,RGB_JPG_Normais
C:\Users\eduar\Desktop\Soybe-main\data\com_fundo_filtrado\RGB_JPG_IMPUREZAS\grao_DSC_0247_id103.png,RGB_JPG_IMPUREZAS,RGB_JPG_IMPUREZAS
C:\Users\eduar\Desktop\Soybe-main\data\com_fundo_filtrado\RGB_JPG_Normais\grao_DSC_0654_id17.png,RGB_JPG_Normais,RGB_JPG_Normais
C:\Users\eduar\Desktop\Soybe-main\data\com_fundo_filtrado\RGB_JPG_Normais\grao_DSC_0646_id66.png,RGB_JPG_Normais,RGB_JPG_Normais
C:\Users\eduar\Desktop\Soybe-main\data\com_fundo_filtrado\RGB_JPG_Normais\grao_DSC_0515_id32.png,RGB_JPG_Normais,RGB_JPG_Normais
C:\Users\eduar\Desktop\Soybe-main\data\com_fundo_filtrado\RGB_JPG_Normais\grao_DSC_0613_id72.png,RGB_JPG_Normais,RGB_JPG_Normais
C:\Users\eduar\Desktop\Soybe-main\data\com_fundo_filtrado\RGB_JPG_Normais\grao_DSC_0368_id81.png,RGB_JPG_Normais,RGB_JPG_Normais
C:\Users\eduar\Desktop\Soybe-main\data\com_fundo_filtrado\RGB_JPG_Normais\grao_DSC_0156_id63.png,RGB_JPG_Normais,RGB_JPG_Normais
C:\Users\eduar\Desktop\Soybe-main\data\com_fundo_filtrado\RGB_JPG_Normais\grao_DSC_0377_id63.png,RGB_JPG_Normais,RGB_JPG_Normais
C:\Users\eduar\Desktop\Soybe-main\data\com_fundo_filtrado\RGB_JPG_Normais\grao_DSC_0500_id58.png,RGB_JPG_Normais,RGB_JPG_Normais
C:\Users\eduar\Desktop\Soybe-main\data\com_fundo_filtrado\RGB_JPG_Normais\grao_DSC_0515_id59.png,RGB_JPG_Normais,RGB_JPG_Normais
C:\Users\eduar\Desktop\Soybe-main\data\com_fundo_filtrado\RGB_JPG_CHOCHOS\grao_DSC_0346_id99.png,RGB_JPG_CHOCHOS,RGB_JPG_CHOCHOS
C:\Users\eduar\Desktop\Soybe-main\data\com_fundo_filtrado\RGB_JPG_Normais\grao_DSC_0135_id50.png,RGB_JPG_Normais,RGB_JPG_Normais
C:\Users\eduar\Desktop\Soybe-main\data\com_fundo_filtrado\RGB_JPG_IMPUREZAS\grao_DSC_0250_id4.png,RGB_JPG_IMPUREZAS,RGB_JPG_IMPUREZAS
C:\Users\eduar\Desktop\Soybe-main\data\com_fundo_filtrado\RGB_JPG_CHOCHOS\grao_DSC_0363_id124.png,RGB_JPG_CHOCHOS,RGB_JPG_CHOCHOS
C:\Users\eduar\Desktop\Soybe-main\data\com_fundo_filtrado\RGB_JPG_QUEBRADOS\grao_DSC_0409_id11.png,RGB_JPG_QUEBRADOS,RGB_JPG_QUEBRADOS
C:\Users\eduar\Desktop\Soybe-main\data\com_fundo_filtrado\RGB_JPG_IMPUREZAS\grao_DSC_0045_id130.png,RGB_JPG_IMPUREZAS,RGB_JPG_IMPUREZAS
C:\Users\eduar\Desktop\Soybe-main\data\com_fundo_filtrado\RGB_JPG_QUEBRADOS\grao_DSC_0451_id63.png,RGB_JPG_QUEBRADOS,RGB_JPG_QUEBRADOS
C:\Users\eduar\Desktop\Soybe-main\data\com_fundo_filtrado\RGB_JPG_Normais\grao_DSC_0655_id52.png,RGB_JPG_Normais,RGB_JPG_Normais
C:\Users\eduar\Desktop\Soybe-main\data\com_fundo_filtrado\RGB_JPG_QUEBRADOS\grao_DSC_0415_id11.png,RGB_JPG_QUEBRADOS,RGB_JPG_QUEBRADOS
C:\Users\eduar\Desktop\Soybe-main\data\com_fundo_filtrado\RGB_JPG_Normais\grao_DSC_0374_id19.png,RGB_JPG_Normais,RGB_JPG_Normais
C:\Users\eduar\Desktop\Soybe-main\data\com_fundo_filtrado\RGB_JPG_ESVERDEADO\grao_DSC_0309_id69.png,RGB_JPG_ESVERDEADO,RGB_JPG_ESVERDEADO
C:\Users\eduar\Desktop\Soybe-main\data\com_fundo_filtrado\RGB_JPG_IMPUREZAS\grao_DSC_0223_id1.png,RGB_JPG_IMPUREZAS,RGB_JPG_IMPUREZAS
C:\Users\eduar\Desktop\Soybe-main\data\com_fundo_filtrado\RGB_JPG_IMPUREZAS\grao_DSC_0230_id4.png,RGB_JPG_IMPUREZAS,RGB_JPG_IMPUREZAS
C:\Users\eduar\Desktop\Soybe-main\data\com_fundo_filtrado\RGB_JPG_Normais\grao_DSC_0476_id28.png,RGB_JPG_Normais,RGB_JPG_Normais
C:\Users\eduar\Desktop\Soybe-main\data\com_fundo_filtrado\RGB_JPG_MAMONAS\grao_DSC_0187_id31.png,RGB_JPG_MAMONAS,RGB_JPG_MAMONAS
C:\Users\eduar\Desktop\Soybe-main\data\com_fundo_filtrado\RGB_JPG_Normais\grao_DSC_0637_id50.png,RGB_JPG_Normais,RGB_JPG_Normais
C:\Users\eduar\Desktop\Soybe-main\data\com_fundo_filtrado\RGB_JPG_Normais\grao_DSC_0478_id32.png,RGB_JPG_Normais,RGB_JPG_Normais
C:\Users\eduar\Desktop\Soybe-main\data\com_fundo_filtrado\RGB_JPG_IMPUREZAS\grao_DSC_0290_id291.png,RGB_JPG_IMPUREZAS,RGB_JPG_IMPUREZAS
C:\Users\eduar\Desktop\Soybe-main\data\com_fundo_filtrado\RGB_JPG_IMPUREZAS\grao_DSC_0020_id136.png,RGB_JPG_IMPUREZAS,RGB_JPG_IMPUREZAS
C:\Users\eduar\Desktop\Soybe-main\data\com_fundo_filtrado\RGB_JPG_IMPUREZAS\grao_DSC_0261_id37.png,RGB_JPG_IMPUREZAS,RGB_JPG_IMPUREZAS
C:\Users\eduar\Desktop\Soybe-main\data\com_fundo_filtrado\RGB_JPG_CHOCHOS\grao_DSC_0359_id29.png,RGB_JPG_CHOCHOS,RGB_JPG_CHOCHOS
C:\Users\eduar\Desktop\Soybe-main\data\com_fundo_filtrado\RGB_JPG_QUEBRADOS\grao_DSC_0411_id50.png,RGB_JPG_QUEBRADOS,RGB_JPG_QUEBRADOS
C:\Users\eduar\Desktop\Soybe-main\data\com_fundo_filtrado\RGB_JPG_Normais\grao_DSC_0371_id15.png,RGB_JPG_Normais,RGB_JPG_Normais
C:\Users\eduar\Desktop\Soybe-main\data\com_fundo_filtrado\RGB_JPG_CHOCHOS\grao_DSC_0351_id26.png,RGB_JPG_CHOCHOS,RGB_JPG_CHOCHOS
C:\Users\eduar\Desktop\Soybe-main\data\com_fundo_filtrado\RGB_JPG_QUEBRADOS\grao_DSC_0424_id66.png,RGB_JPG_QUEBRADOS,RGB_JPG_QUEBRADOS
C:\Users\eduar\Desktop\Soybe-main\data\com_fundo_filtrado\RGB_JPG_Normais\grao_DSC_0639_id97.png,RGB_JPG_Normais,RGB_JPG_Normais
C:\Users\eduar\Desktop\Soybe-main\data\com_fundo_filtrado\RGB_JPG_Normais\grao_DSC_0609_id103.png,RGB_JPG_Normais,RGB_JPG_Normais
C:\Users\eduar\Desktop\Soybe-main\data\com_fundo_filtrado\RGB_JPG_IMPUREZAS\grao_DSC_0281_id159.png,RGB_JPG_IMPUREZAS,RGB_JPG_IMPUREZAS
C:\Users\eduar\Desktop\Soybe-main\data\com_fundo_filtrado\RGB_JPG_Normais\grao_DSC_0140_id105.png,RGB_JPG_Normais,RGB_JPG_Normais
C:\Users\eduar\Desktop\Soybe-main\data\com_fundo_filtrado\RGB_JPG_IMPUREZAS\grao_DSC_0291_id31.png,RGB_JPG_IMPUREZAS,RGB_JPG_IMPUREZAS
C:\Users\eduar\Desktop\Soybe-main\data\com_fundo_filtrado\RGB_JPG_IMPUREZAS\grao_DSC_0277_id119.png,RGB_JPG_IMPUREZAS,RGB_JPG_IMPUREZAS
C:\Users\eduar\Desktop\Soybe-main\data\com_fundo_filtrado\RGB_JPG_IMPUREZAS\grao_DSC_0022_id46.png,RGB_JPG_IMPUREZAS,RGB_JPG_IMPUREZAS
C:\Users\eduar\Desktop\Soybe-main\data\com_fundo_filtrado\RGB_JPG_Normais\grao_DSC_0516_id56.png,RGB_JPG_Normais,RGB_JPG_Normais
C:\Users\eduar\Desktop\Soybe-main\data\com_fundo_filtrado\RGB_JPG_Normais\grao_DSC_0376_id42.png,RGB_JPG_Normais,RGB_JPG_Normais
C:\Users\eduar\Desktop\Soybe-main\data\com_fundo_filtrado\RGB_JPG_Normais\grao_DSC_0621_id89.png,RGB_JPG_Normais,RGB_JPG_Normais
C:\Users\eduar\Desktop\Soybe-main\data\com_fundo_filtrado\RGB_JPG_Normais\grao_DSC_0213_id49.png,RGB_JPG_Normais,RGB_JPG_Normais
C:\Users\eduar\Desktop\Soybe-main\data\com_fundo_filtrado\RGB_JPG_Normais\grao_DSC_0485_id45.png,RGB_JPG_Normais,RGB_JPG_Normais
C:\Users\eduar\Desktop\Soybe-main\data\com_fundo_filtrado\RGB_JPG_IMPUREZAS\grao_DSC_0283_id240.png,RGB_JPG_IMPUREZAS,RGB_JPG_IMPUREZAS
C:\Users\eduar\Desktop\Soybe-main\data\com_fundo_filtrado\RGB_JPG_IMPUREZAS\grao_DSC_0002_id148.png,RGB_JPG_IMPUREZAS,RGB_JPG_IMPUREZAS
C:\Users\eduar\Desktop\Soybe-main\data\com_fundo_filtrado\RGB_JPG_Normais\grao_DSC_0670_id7.png,RGB_JPG_Normais,RGB_JPG_Normais
C:\Users\eduar\Desktop\Soybe-main\data\com_fundo_filtrado\RGB_JPG_Normais\grao_DSC_0383_id50.png,RGB_JPG_Normais,RGB_JPG_Normais
C:\Users\eduar\Desktop\Soybe-main\data\com_fundo_filtrado\RGB_JPG_IMPUREZAS\grao_DSC_0025_id3.png,RGB_JPG_IMPUREZAS,RGB_JPG_IMPUREZAS
C:\Users\eduar\Desktop\Soybe-main\data\com_fundo_filtrado\RGB_JPG_IMPUREZAS\grao_DSC_0276_id247.png,RGB_JPG_IMPUREZAS,RGB_JPG_IMPUREZAS
C:\Users\eduar\Desktop\Soybe-main\data\com_fundo_filtrado\RGB_JPG_Normais\grao_DSC_0646_id71.png,RGB_JPG_Normais,RGB_JPG_Normais
C:\Users\eduar\Desktop\Soybe-main\data\com_fundo_filtrado\RGB_JPG_QUEBRADOS\grao_DSC_0412_id34.png,RGB_JPG_QUEBRADOS,RGB_JPG_QUEBRADOS
C:\Users\eduar\Desktop\Soybe-main\data\com_fundo_filtrado\RGB_JPG_IMPUREZAS\grao_DSC_0003_id303.png,RGB_JPG_IMPUREZAS,RGB_JPG_IMPUREZAS
C:\Users\eduar\Desktop\Soybe-main\data\com_fundo_filtrado\RGB_JPG_Normais\grao_DSC_0388_id105.png,RGB_JPG_Normais,RGB_JPG_Normais
C:\Users\eduar\Desktop\Soybe-main\data\com_fundo_filtrado\RGB_JPG_Normais\grao_DSC_0141_id49.png,RGB_JPG_Normais,RGB_JPG_Normais
C:\Users\eduar\Desktop\Soybe-main\data\com_fundo_filtrado\RGB_JPG_Normais\grao_DSC_0141_id16.png,RGB_JPG_Normais,RGB_JPG_Normais
C:\Users\eduar\Desktop\Soybe-main\data\com_fundo_filtrado\RGB_JPG_QUEBRADOS\grao_DSC_0420_id22.png,RGB_JPG_QUEBRADOS,RGB_JPG_QUEBRADOS
C:\Users\eduar\Desktop\Soybe-main\data\com_fundo_filtrado\RGB_JPG_IMPUREZAS\grao_DSC_0023_id170.png,RGB_JPG_IMPUREZAS,RGB_JPG_IMPUREZAS
C:\Users\eduar\Desktop\Soybe-main\data\com_fundo_filtrado\RGB_JPG_Normais\grao_DSC_0614_id100.png,RGB_JPG_Normais,RGB_JPG_Normais
C:\Users\eduar\Desktop\Soybe-main\data\com_fundo_filtrado\RGB_JPG_QUEBRADOS\grao_DSC_0460_id29.png,RGB_JPG_QUEBRADOS,RGB_JPG_QUEBRADOS
C:\Users\eduar\Desktop\Soybe-main\data\com_fundo_filtrado\RGB_JPG_Normais\grao_DSC_0636_id25.png,RGB_JPG_Normais,RGB_JPG_Normais
C:\Users\eduar\Desktop\Soybe-main\data\com_fundo_filtrado\RGB_JPG_CHOCHOS\grao_DSC_0342_id95.png,RGB_JPG_CHOCHOS,RGB_JPG_CHOCHOS
C:\Users\eduar\Desktop\Soybe-main\data\com_fundo_filtrado\RGB_JPG_Normais\grao_DSC_0675_id75.png,RGB_JPG_Normais,RGB_JPG_Normais
C:\Users\eduar\Desktop\Soybe-main\data\com_fundo_filtrado\RGB_JPG_QUEBRADOS\grao_DSC_0168_id57.png,RGB_JPG_QUEBRADOS,RGB_JPG_QUEBRADOS
C:\Users\eduar\Desktop\Soybe-main\data\com_fundo_filtrado\RGB_JPG_IMPUREZAS\grao_DSC_0242_id179.png,RGB_JPG_IMPUREZAS,RGB_JPG_IMPUREZAS
C:\Users\eduar\Desktop\Soybe-main\data\com_fundo_filtrado\RGB_JPG_Normais\grao_DSC_0397_id23.png,RGB_JPG_Normais,RGB_JPG_Normais
C:\Users\eduar\Desktop\Soybe-main\data\com_fundo_filtrado\RGB_JPG_Normais\grao_DSC_0500_id26.png,RGB_JPG_Normais,RGB_JPG_Normais
C:\Users\eduar\Desktop\Soybe-main\data\com_fundo_filtrado\RGB_JPG_IMPUREZAS\grao_DSC_0275_id250.png,RGB_JPG_IMPUREZAS,RGB_JPG_IMPUREZAS
C:\Users\eduar\Desktop\Soybe-main\data\com_fundo_filtrado\RGB_JPG_Normais\grao_DSC_0158_id22.png,RGB_JPG_Normais,RGB_JPG_Normais
C:\Users\eduar\Desktop\Soybe-main\data\com_fundo_filtrado\RGB_JPG_IMPUREZAS\grao_DSC_0293_id133.png,RGB_JPG_IMPUREZAS,RGB_JPG_IMPUREZAS
C:\Users\eduar\Desktop\Soybe-main\data\com_fundo_filtrado\RGB_JPG_IMPUREZAS\grao_DSC_0245_id97.png,RGB_JPG_IMPUREZAS,RGB_JPG_IMPUREZAS
C:\Users\eduar\Desktop\Soybe-main\data\com_fundo_filtrado\RGB_JPG_CHOCHOS\grao_DSC_0337_id52.png,RGB_JPG_CHOCHOS,RGB_JPG_CHOCHOS
C:\Users\eduar\Desktop\Soybe-main\data\com_fundo_filtrado\RGB_JPG_QUEBRADOS\grao_DSC_0170_id17.png,RGB_JPG_QUEBRADOS,RGB_JPG_QUEBRADOS
C:\Users\eduar\Desktop\Soybe-main\data\com_fundo_filtrado\RGB_JPG_QUEBRADOS\grao_DSC_0412_id66.png,RGB_JPG_QUEBRADOS,RGB_JPG_QUEBRADOS
C:\Users\eduar\Desktop\Soybe-main\data\com_fundo_filtrado\RGB_JPG_CHOCHOS\grao_DSC_0360_id24.png,RGB_JPG_CHOCHOS,RGB_JPG_CHOCHOS
C:\Users\eduar\Desktop\Soybe-main\data\com_fundo_filtrado\RGB_JPG_MAMONAS\grao_DSC_0185_id45.png,RGB_JPG_MAMONAS,RGB_JPG_MAMONAS
C:\Users\eduar\Desktop\Soybe-main\data\com_fundo_filtrado\RGB_JPG_Normais\grao_DSC_0622_id51.png,RGB_JPG_Normais,RGB_JPG_Normais
C:\Users\eduar\Desktop\Soybe-main\data\com_fundo_filtrado\RGB_JPG_CHOCHOS\grao_DSC_0361_id104.png,RGB_JPG_CHOCHOS,RGB_JPG_CHOCHOS
C:\Users\eduar\Desktop\Soybe-main\data\com_fundo_filtrado\RGB_JPG_IMPUREZAS\grao_DSC_0255_id52.png,RGB_JPG_IMPUREZAS,RGB_JPG_IMPUREZAS
C:\Users\eduar\Desktop\Soybe-main\data\com_fundo_filtrado\RGB_JPG_IMPUREZAS\grao_DSC_0275_id222.png,RGB_JPG_IMPUREZAS,RGB_JPG_IMPUREZAS
C:\Users\eduar\Desktop\Soybe-main\data\com_fundo_filtrado\RGB_JPG_CHOCHOS\grao_DSC_0317_id64.png,RGB_JPG_CHOCHOS,RGB_JPG_CHOCHOS
C:\Users\eduar\Desktop\Soybe-main\data\com_fundo_filtrado\RGB_JPG_IMPUREZAS\grao_DSC_0266_id24.png,RGB_JPG_IMPUREZAS,RGB_JPG_IMPUREZAS
C:\Users\eduar\Desktop\Soybe-main\data\com_fundo_filtrado\RGB_JPG_Normais\grao_DSC_0658_id4.png,RGB_JPG_Normais,RGB_JPG_Normais
C:\Users\eduar\Desktop\Soybe-main\data\com_fundo_filtrado\RGB_JPG_IMPUREZAS\grao_DSC_0262_id7.png,RGB_JPG_IMPUREZAS,RGB_JPG_IMPUREZAS
C:\Users\eduar\Desktop\Soybe-main\data\com_fundo_filtrado\RGB_JPG_QUEBRADOS\grao_DSC_0426_id98.png,RGB_JPG_QUEBRADOS,RGB_JPG_QUEBRADOS
C:\Users\eduar\Desktop\Soybe-main\data\com_fundo_filtrado\RGB_JPG_IMPUREZAS\grao_DSC_0021_id186.png,RGB_JPG_IMPUREZAS,RGB_JPG_IMPUREZAS
C:\Users\eduar\Desktop\Soybe-main\data\com_fundo_filtrado\RGB_JPG_Normais\grao_DSC_0642_id92.png,RGB_JPG_Normais,RGB_JPG_Normais
C:\Users\eduar\Desktop\Soybe-main\data\com_fundo_filtrado\RGB_JPG_IMPUREZAS\grao_DSC_0285_id61.png,RGB_JPG_IMPUREZAS,RGB_JPG_IMPUREZAS
C:\Users\eduar\Desktop\Soybe-main\data\com_fundo_filtrado\RGB_JPG_QUEBRADOS\grao_DSC_0172_id48.png,RGB_JPG_QUEBRADOS,RGB_JPG_QUEBRADOS
C:\Users\eduar\Desktop\Soybe-main\data\com_fundo_filtrado\RGB_JPG_Normais\grao_DSC_0669_id68.png,RGB_JPG_Normais,RGB_JPG_Normais
C:\Users\eduar\Desktop\Soybe-main\data\com_fundo_filtrado\RGB_JPG_Normais\grao_DSC_0368_id25.png,RGB_JPG_Normais,RGB_JPG_Normais
C:\Users\eduar\Desktop\Soybe-main\data\com_fundo_filtrado\RGB_JPG_Normais\grao_DSC_0390_id29.png,RGB_JPG_Normais,RGB_JPG_Normais
C:\Users\eduar\Desktop\Soybe-main\data\com_fundo_filtrado\RGB_JPG_ESVERDEADO\grao_DSC_0304_id12.png,RGB_JPG_ESVERDEADO,RGB_JPG_ESVERDEADO
C:\Users\eduar\Desktop\Soybe-main\data\com_fundo_filtrado\RGB_JPG_Normais\grao_DSC_0500_id11.png,RGB_JPG_Normais,RGB_JPG_QUEBRADOS
C:\Users\eduar\Desktop\Soybe-main\data\com_fundo_filtrado\RGB_JPG_CHOCHOS\grao_DSC_0330_id92.png,RGB_JPG_CHOCHOS,RGB_JPG_CHOCHOS
C:\Users\eduar\Desktop\Soybe-main\data\com_fundo_filtrado\RGB_JPG_Normais\grao_DSC_0481_id89.png,RGB_JPG_Normais,RGB_JPG_Normais
C:\Users\eduar\Desktop\Soybe-main\data\com_fundo_filtrado\RGB_JPG_Normais\grao_DSC_0646_id77.png,RGB_JPG_Normais,RGB_JPG_Normais
C:\Users\eduar\Desktop\Soybe-main\data\com_fundo_filtrado\RGB_JPG_QUEBRADOS\grao_DSC_0450_id79.png,RGB_JPG_QUEBRADOS,RGB_JPG_QUEBRADOS
C:\Users\eduar\Desktop\Soybe-main\data\com_fundo_filtrado\RGB_JPG_CHOCHOS\grao_DSC_0345_id15.png,RGB_JPG_CHOCHOS,RGB_JPG_CHOCHOS
C:\Users\eduar\Desktop\Soybe-main\data\com_fundo_filtrado\RGB_JPG_Normais\grao_DSC_0152_id12.png,RGB_JPG_Normais,RGB_JPG_Normais
C:\Users\eduar\Desktop\Soybe-main\data\com_fundo_filtrado\RGB_JPG_IMPUREZAS\grao_DSC_0294_id141.png,RGB_JPG_IMPUREZAS,RGB_JPG_IMPUREZAS
C:\Users\eduar\Desktop\Soybe-main\data\com_fundo_filtrado\RGB_JPG_IMPUREZAS\grao_DSC_0003_id98.png,RGB_JPG_IMPUREZAS,RGB_JPG_IMPUREZAS
C:\Users\eduar\Desktop\Soybe-main\data\com_fundo_filtrado\RGB_JPG_IMPUREZAS\grao_DSC_0225_id91.png,RGB_JPG_IMPUREZAS,RGB_JPG_IMPUREZAS
C:\Users\eduar\Desktop\Soybe-main\data\com_fundo_filtrado\RGB_JPG_IMPUREZAS\grao_DSC_0227_id155.png,RGB_JPG_IMPUREZAS,RGB_JPG_IMPUREZAS
C:\Users\eduar\Desktop\Soybe-main\data\com_fundo_filtrado\RGB_JPG_IMPUREZAS\grao_DSC_0244_id18.png,RGB_JPG_IMPUREZAS,RGB_JPG_IMPUREZAS
C:\Users\eduar\Desktop\Soybe-main\data\com_fundo_filtrado\RGB_JPG_Normais\grao_DSC_0490_id76.png,RGB_JPG_Normais,RGB_JPG_Normais
C:\Users\eduar\Desktop\Soybe-main\data\com_fundo_filtrado\RGB_JPG_Normais\grao_DSC_0472_id79.png,RGB_JPG_Normais,RGB_JPG_Normais
C:\Users\eduar\Desktop\Soybe-main\data\com_fundo_filtrado\RGB_JPG_QUEBRADOS\grao_DSC_0440_id78.png,RGB_JPG_QUEBRADOS,RGB_JPG_QUEBRADOS
C:\Users\eduar\Desktop\Soybe-main\data\com_fundo_filtrado\RGB_JPG_IMPUREZAS\grao_DSC_0259_id189.png,RGB_JPG_IMPUREZAS,RGB_JPG_IMPUREZAS
C:\Users\eduar\Desktop\Soybe-main\data\com_fundo_filtrado\RGB_JPG_Normais\grao_DSC_0377_id103.png,RGB_JPG_Normais,RGB_JPG_Normais
C:\Users\eduar\Desktop\Soybe-main\data\com_fundo_filtrado\RGB_JPG_QUEBRADOS\grao_DSC_0418_id37.png,RGB_JPG_QUEBRADOS,RGB_JPG_QUEBRADOS
C:\Users\eduar\Desktop\Soybe-main\data\com_fundo_filtrado\RGB_JPG_IMPUREZAS\grao_DSC_0039_id24.png,RGB_JPG_IMPUREZAS,RGB_JPG_IMPUREZAS
C:\Users\eduar\Desktop\Soybe-main\data\com_fundo_filtrado\RGB_JPG_Normais\grao_DSC_0624_id90.png,RGB_JPG_Normais,RGB_JPG_Normais
C:\Users\eduar\Desktop\Soybe-main\data\com_fundo_filtrado\RGB_JPG_CHOCHOS\grao_DSC_0313_id73.png,RGB_JPG_CHOCHOS,RGB_JPG_CHOCHOS
C:\Users\eduar\Desktop\Soybe-main\data\com_fundo_filtrado\RGB_JPG_Normais\grao_DSC_0513_id70.png,RGB_JPG_Normais,RGB_JPG_Normais
C:\Users\eduar\Desktop\Soybe-main\data\com_fundo_filtrado\RGB_JPG_Normais\grao_DSC_0382_id66.png,RGB_JPG_Normais,RGB_JPG_Normais
C:\Users\eduar\Desktop\Soybe-main\data\com_fundo_filtrado\RGB_JPG_IMPUREZAS\grao_DSC_0227_id29.png,RGB_JPG_IMPUREZAS,RGB_JPG_IMPUREZAS
C:\Users\eduar\Desktop\Soybe-main\data\com_fundo_filtrado\RGB_JPG_IMPUREZAS\grao_DSC_0259_id3.png,RGB_JPG_IMPUREZAS,RGB_JPG_IMPUREZAS
C:\Users\eduar\Desktop\Soybe-main\data\com_fundo_filtrado\RGB_JPG_Normais\grao_DSC_0631_id6.png,RGB_JPG_Normais,RGB_JPG_Normais
C:\Users\eduar\Desktop\Soybe-main\data\com_fundo_filtrado\RGB_JPG_IMPUREZAS\grao_DSC_0038_id20.png,RGB_JPG_IMPUREZAS,RGB_JPG_IMPUREZAS
C:\Users\eduar\Desktop\Soybe-main\data\com_fundo_filtrado\RGB_JPG_IMPUREZAS\grao_DSC_0017_id73.png,RGB_JPG_IMPUREZAS,RGB_JPG_IMPUREZAS
C:\Users\eduar\Desktop\Soybe-main\data\com_fundo_filtrado\RGB_JPG_Normais\grao_DSC_0476_id85.png,RGB_JPG_Normais,RGB_JPG_Normais
C:\Users\eduar\Desktop\Soybe-main\data\com_fundo_filtrado\RGB_JPG_Normais\grao_DSC_0372_id103.png,RGB_JPG_Normais,RGB_JPG_Normais
C:\Users\eduar\Desktop\Soybe-main\data\com_fundo_filtrado\RGB_JPG_IMPUREZAS\grao_DSC_0278_id175.png,RGB_JPG_IMPUREZAS,RGB_JPG_IMPUREZAS
C:\Users\eduar\Desktop\Soybe-main\data\com_fundo_filtrado\RGB_JPG_Normais\grao_DSC_0379_id10.png,RGB_JPG_Normais,RGB_JPG_Normais
C:\Users\eduar\Desktop\Soybe-main\data\com_fundo_filtrado\RGB_JPG_QUEBRADOS\grao_DSC_0435_id34.png,RGB_JPG_QUEBRADOS,RGB_JPG_QUEBRADOS
C:\Users\eduar\Desktop\Soybe-main\data\com_fundo_filtrado\RGB_JPG_IMPUREZAS\grao_DSC_0293_id365.png,RGB_JPG_IMPUREZAS,RGB_JPG_IMPUREZAS
C:\Users\eduar\Desktop\Soybe-main\data\com_fundo_filtrado\RGB_JPG_Normais\grao_DSC_0385_id108.png,RGB_JPG_Normais,RGB_JPG_Normais
C:\Users\eduar\Desktop\Soybe-main\data\com_fundo_filtrado\RGB_JPG_QUEBRADOS\grao_DSC_0421_id7.png,RGB_JPG_QUEBRADOS,RGB_JPG_QUEBRADOS
C:\Users\eduar\Desktop\Soybe-main\data\com_fundo_filtrado\RGB_JPG_IMPUREZAS\grao_DSC_0045_id129.png,RGB_JPG_IMPUREZAS,RGB_JPG_IMPUREZAS
C:\Users\eduar\Desktop\Soybe-main\data\com_fundo_filtrado\RGB_JPG_Normais\grao_DSC_0220_id39.png,RGB_JPG_Normais,RGB_JPG_Normais
C:\Users\eduar\Desktop\Soybe-main\data\com_fundo_filtrado\RGB_JPG_Normais\grao_DSC_0630_id42.png,RGB_JPG_Normais,RGB_JPG_Normais
C:\Users\eduar\Desktop\Soybe-main\data\com_fundo_filtrado\RGB_JPG_CHOCHOS\grao_DSC_0340_id104.png,RGB_JPG_CHOCHOS,RGB_JPG_CHOCHOS
C:\Users\eduar\Desktop\Soybe-main\data\com_fundo_filtrado\RGB_JPG_ESVERDEADO\grao_DSC_0306_id41.png,RGB_JPG_ESVERDEADO,RGB_JPG_ESVERDEADO
C:\Users\eduar\Desktop\Soybe-main\data\com_fundo_filtrado\RGB_JPG_Normais\grao_DSC_0637_id39.png,RGB_JPG_Normais,RGB_JPG_Normais
C:\Users\eduar\Desktop\Soybe-main\data\com_fundo_filtrado\RGB_JPG_Normais\grao_DSC_0495_id39.png,RGB_JPG_Normais,RGB_JPG_Normais
C:\Users\eduar\Desktop\Soybe-main\data\com_fundo_filtrado\RGB_JPG_Normais\grao_DSC_0392_id28.png,RGB_JPG_Normais,RGB_JPG_Normais
C:\Users\eduar\Desktop\Soybe-main\data\com_fundo_filtrado\RGB_JPG_QUEBRADOS\grao_DSC_0453_id48.png,RGB_JPG_QUEBRADOS,RGB_JPG_QUEBRADOS
C:\Users\eduar\Desktop\Soybe-main\data\com_fundo_filtrado\RGB_JPG_Normais\grao_DSC_0487_id41.png,RGB_JPG_Normais,RGB_JPG_Normais
C:\Users\eduar\Desktop\Soybe-main\data\com_fundo_filtrado\RGB_JPG_IMPUREZAS\grao_DSC_0287_id26.png,RGB_JPG_IMPUREZAS,RGB_JPG_IMPUREZAS
C:\Users\eduar\Desktop\Soybe-main\data\com_fundo_filtrado\RGB_JPG_IMPUREZAS\grao_DSC_0006_id89.png,RGB_JPG_IMPUREZAS,RGB_JPG_IMPUREZAS
C:\Users\eduar\Desktop\Soybe-main\data\com_fundo_filtrado\RGB_JPG_Normais\grao_DSC_0677_id96.png,RGB_JPG_Normais,RGB_JPG_Normais
C:\Users\eduar\Desktop\Soybe-main\data\com_fundo_filtrado\RGB_JPG_PURPURAS\grao_DSC_0050_id56.png,RGB_JPG_PURPURAS,RGB_JPG_PURPURAS
C:\Users\eduar\Desktop\Soybe-main\data\com_fundo_filtrado\RGB_JPG_Normais\grao_DSC_0483_id25.png,RGB_JPG_Normais,RGB_JPG_Normais
C:\Users\eduar\Desktop\Soybe-main\data\com_fundo_filtrado\RGB_JPG_Normais\grao_DSC_0616_id37.png,RGB_JPG_Normais,RGB_JPG_Normais
C:\Users\eduar\Desktop\Soybe-main\data\com_fundo_filtrado\RGB_JPG_Normais\grao_DSC_0504_id77.png,RGB_JPG_Normais,RGB_JPG_Normais
C:\Users\eduar\Desktop\Soybe-main\data\com_fundo_filtrado\RGB_JPG_Normais\grao_DSC_0504_id97.png,RGB_JPG_Normais,RGB_JPG_Normais
C:\Users\eduar\Desktop\Soybe-main\data\com_fundo_filtrado\RGB_JPG_Normais\grao_DSC_0670_id4.png,RGB_JPG_Normais,RGB_JPG_Normais
C:\Users\eduar\Desktop\Soybe-main\data\com_fundo_filtrado\RGB_JPG_Normais\grao_DSC_0634_id56.png,RGB_JPG_Normais,RGB_JPG_Normais
C:\Users\eduar\Desktop\Soybe-main\data\com_fundo_filtrado\RGB_JPG_IMPUREZAS\grao_DSC_0276_id160.png,RGB_JPG_IMPUREZAS,RGB_JPG_IMPUREZAS
C:\Users\eduar\Desktop\Soybe-main\data\com_fundo_filtrado\RGB_JPG_QUEBRADOS\grao_DSC_0408_id42.png,RGB_JPG_QUEBRADOS,RGB_JPG_QUEBRADOS
C:\Users\eduar\Desktop\Soybe-main\data\com_fundo_filtrado\RGB_JPG_Normais\grao_DSC_0486_id73.png,RGB_JPG_Normais,RGB_JPG_Normais
C:\Users\eduar\Desktop\Soybe-main\data\com_fundo_filtrado\RGB_JPG_Normais\grao_DSC_0639_id86.png,RGB_JPG_Normais,RGB_JPG_Normais
C:\Users\eduar\Desktop\Soybe-main\data\com_fundo_filtrado\RGB_JPG_Normais\grao_DSC_0470_id28.png,RGB_JPG_Normais,RGB_JPG_Normais
C:\Users\eduar\Desktop\Soybe-main\data\com_fundo_filtrado\RGB_JPG_Normais\grao_DSC_0137_id107.png,RGB_JPG_Normais,RGB_JPG_Normais
C:\Users\eduar\Desktop\Soybe-main\data\com_fundo_filtrado\RGB_JPG_CHOCHOS\grao_DSC_0328_id10.png,RGB_JPG_CHOCHOS,RGB_JPG_CHOCHOS
C:\Users\eduar\Desktop\Soybe-main\data\com_fundo_filtrado\RGB_JPG_Normais\grao_DSC_0497_id12.png,RGB_JPG_Normais,RGB_JPG_Normais
C:\Users\eduar\Desktop\Soybe-main\data\com_fundo_filtrado\RGB_JPG_Normais\grao_DSC_0477_id72.png,RGB_JPG_Normais,RGB_JPG_Normais
C:\Users\eduar\Desktop\Soybe-main\data\com_fundo_filtrado\RGB_JPG_IMPUREZAS\grao_DSC_0039_id108.png,RGB_JPG_IMPUREZAS,RGB_JPG_IMPUREZAS
C:\Users\eduar\Desktop\Soybe-main\data\com_fundo_filtrado\RGB_JPG_IMPUREZAS\grao_DSC_0249_id128.png,RGB_JPG_IMPUREZAS,RGB_JPG_IMPUREZAS
C:\Users\eduar\Desktop\Soybe-main\data\com_fundo_filtrado\RGB_JPG_Normais\grao_DSC_0384_id79.png,RGB_JPG_Normais,RGB_JPG_Normais
C:\Users\eduar\Desktop\Soybe-main\data\com_fundo_filtrado\RGB_JPG_Normais\grao_DSC_0478_id94.png,RGB_JPG_Normais,RGB_JPG_Normais
C:\Users\eduar\Desktop\Soybe-main\data\com_fundo_filtrado\RGB_JPG_IMPUREZAS\grao_DSC_0010_id5.png,RGB_JPG_IMPUREZAS,RGB_JPG_IMPUREZAS
C:\Users\eduar\Desktop\Soybe-main\data\com_fundo_filtrado\RGB_JPG_QUEBRADOS\grao_DSC_0413_id82.png,RGB_JPG_QUEBRADOS,RGB_JPG_QUEBRADOS
C:\Users\eduar\Desktop\Soybe-main\data\com_fundo_filtrado\RGB_JPG_IMPUREZAS\grao_DSC_0002_id375.png,RGB_JPG_IMPUREZAS,RGB_JPG_IMPUREZAS
C:\Users\eduar\Desktop\Soybe-main\data\com_fundo_filtrado\RGB_JPG_IMPUREZAS\grao_DSC_0238_id223.png,RGB_JPG_IMPUREZAS,RGB_JPG_IMPUREZAS
C:\Users\eduar\Desktop\Soybe-main\data\com_fundo_filtrado\RGB_JPG_CHOCHOS\grao_DSC_0344_id58.png,RGB_JPG_CHOCHOS,RGB_JPG_CHOCHOS
C:\Users\eduar\Desktop\Soybe-main\data\com_fundo_filtrado\RGB_JPG_QUEBRADOS\grao_DSC_0169_id49.png,RGB_JPG_QUEBRADOS,RGB_JPG_QUEBRADOS
C:\Users\eduar\Desktop\Soybe-main\data\com_fundo_filtrado\RGB_JPG_Normais\grao_DSC_0478_id80.png,RGB_JPG_Normais,RGB_JPG_Normais
C:\Users\eduar\Desktop\Soybe-main\data\com_fundo_filtrado\RGB_JPG_QUEBRADOS\grao_DSC_0414_id61.png,RGB_JPG_QUEBRADOS,RGB_JPG_QUEBRADOS
C:\Users\eduar\Desktop\Soybe-main\data\com_fundo_filtrado\RGB_JPG_PURPURAS\grao_DSC_0047_id13.png,RGB_JPG_PURPURAS,RGB_JPG_PURPURAS
C:\Users\eduar\Desktop\Soybe-main\data\com_fundo_filtrado\RGB_JPG_QUEBRADOS\grao_DSC_0403_id67.png,RGB_JPG_QUEBRADOS,RGB_JPG_QUEBRADOS
C:\Users\eduar\Desktop\Soybe-main\data\com_fundo_filtrado\RGB_JPG_Normais\grao_DSC_0161_id50.png,RGB_JPG_Normais,RGB_JPG_Normais
C:\Users\eduar\Desktop\Soybe-main\data\com_fundo_filtrado\RGB_JPG_Normais\grao_DSC_0472_id76.png,RGB_JPG_Normais,RGB_JPG_Normais
C:\Users\eduar\Desktop\Soybe-main\data\com_fundo_filtrado\RGB_JPG_IMPUREZAS\grao_DSC_0017_id220.png,RGB_JPG_IMPUREZAS,RGB_JPG_IMPUREZAS
C:\Users\eduar\Desktop\Soybe-main\data\com_fundo_filtrado\RGB_JPG_CHOCHOS\grao_DSC_0360_id100.png,RGB_JPG_CHOCHOS,RGB_JPG_CHOCHOS
C:\Users\eduar\Desktop\Soybe-main\data\com_fundo_filtrado\RGB_JPG_IMPUREZAS\grao_DSC_0242_id233.png,RGB_JPG_IMPUREZAS,RGB_JPG_IMPUREZAS
C:\Users\eduar\Desktop\Soybe-main\data\com_fundo_filtrado\RGB_JPG_ESVERDEADO\grao_DSC_0304_id74.png,RGB_JPG_ESVERDEADO,RGB_JPG_ESVERDEADO
C:\Users\eduar\Desktop\Soybe-main\data\com_fundo_filtrado\RGB_JPG_Normais\grao_DSC_0154_id31.png,RGB_JPG_Normais,RGB_JPG_Normais
C:\Users\eduar\Desktop\Soybe-main\data\com_fundo_filtrado\RGB_JPG_IMPUREZAS\grao_DSC_0269_id47.png,RGB_JPG_IMPUREZAS,RGB_JPG_IMPUREZAS
C:\Users\eduar\Desktop\Soybe-main\data\com_fundo_filtrado\RGB_JPG_CHOCHOS\grao_DSC_0341_id81.png,RGB_JPG_CHOCHOS,RGB_JPG_CHOCHOS
C:\Users\eduar\Desktop\Soybe-main\data\com_fundo_filtrado\RGB_JPG_IMPUREZAS\grao_DSC_0020_id163.png,RGB_JPG_IMPUREZAS,RGB_JPG_IMPUREZAS
C:\Users\eduar\Desktop\Soybe-main\data\com_fundo_filtrado\RGB_JPG_Normais\grao_DSC_0396_id53.png,RGB_JPG_Normais,RGB_JPG_Normais
C:\Users\eduar\Desktop\Soybe-main\data\com_fundo_filtrado\RGB_JPG_IMPUREZAS\grao_DSC_0238_id127.png,RGB_JPG_IMPUREZAS,RGB_JPG_IMPUREZAS
C:\Users\eduar\Desktop\Soybe-main\data\com_fundo_filtrado\RGB_JPG_Normais\grao_DSC_0646_id22.png,RGB_JPG_Normais,RGB_JPG_Normais
C:\Users\eduar\Desktop\Soybe-main\data\com_fundo_filtrado\RGB_JPG_IMPUREZAS\grao_DSC_0010_id116.png,RGB_JPG_IMPUREZAS,RGB_JPG_IMPUREZAS
C:\Users\eduar\Desktop\Soybe-main\data\com_fundo_filtrado\RGB_JPG_Normais\grao_DSC_0394_id78.png,RGB_JPG_Normais,RGB_JPG_Normais
C:\Users\eduar\Desktop\Soybe-main\data\com_fundo_filtrado\RGB_JPG_IMPUREZAS\grao_DSC_0236_id66.png,RGB_JPG_IMPUREZAS,RGB_JPG_IMPUREZAS
C:\Users\eduar\Desktop\Soybe-main\data\com_fundo_filtrado\RGB_JPG_Normais\grao_DSC_0607_id52.png,RGB_JPG_Normais,RGB_JPG_Normais
C:\Users\eduar\Desktop\Soybe-main\data\com_fundo_filtrado\RGB_JPG_CHOCHOS\grao_DSC_0347_id42.png,RGB_JPG_CHOCHOS,RGB_JPG_CHOCHOS
C:\Users\eduar\Desktop\Soybe-main\data\com_fundo_filtrado\RGB_JPG_Normais\grao_DSC_0136_id110.png,RGB_JPG_Normais,RGB_JPG_Normais
C:\Users\eduar\Desktop\Soybe-main\data\com_fundo_filtrado\RGB_JPG_Normais\grao_DSC_0675_id22.png,RGB_JPG_Normais,RGB_JPG_Normais
C:\Users\eduar\Desktop\Soybe-main\data\com_fundo_filtrado\RGB_JPG_IMPUREZAS\grao_DSC_0283_id115.png,RGB_JPG_IMPUREZAS,RGB_JPG_IMPUREZAS
C:\Users\eduar\Desktop\Soybe-main\data\com_fundo_filtrado\RGB_JPG_QUEBRADOS\grao_DSC_0405_id23.png,RGB_JPG_QUEBRADOS,RGB_JPG_QUEBRADOS
C:\Users\eduar\Desktop\Soybe-main\data\com_fundo_filtrado\RGB_JPG_CHOCHOS\grao_DSC_0333_id81.png,RGB_JPG_CHOCHOS,RGB_JPG_CHOCHOS
C:\Users\eduar\Desktop\Soybe-main\data\com_fundo_filtrado\RGB_JPG_Normais\grao_DSC_0156_id53.png,RGB_JPG_Normais,RGB_JPG_Normais
C:\Users\eduar\Desktop\Soybe-main\data\com_fundo_filtrado\RGB_JPG_IMPUREZAS\grao_DSC_0020_id44.png,RGB_JPG_IMPUREZAS,RGB_JPG_IMPUREZAS
C:\Users\eduar\Desktop\Soybe-main\data\com_fundo_filtrado\RGB_JPG_IMPUREZAS\grao_DSC_0028_id89.png,RGB_JPG_IMPUREZAS,RGB_JPG_IMPUREZAS
C:\Users\eduar\Desktop\Soybe-main\data\com_fundo_filtrado\RGB_JPG_Normais\grao_DSC_0612_id5.png,RGB_JPG_Normais,RGB_JPG_Normais
C:\Users\eduar\Desktop\Soybe-main\data\com_fundo_filtrado\RGB_JPG_CHOCHOS\grao_DSC_0343_id73.png,RGB_JPG_CHOCHOS,RGB_JPG_CHOCHOS
C:\Users\eduar\Desktop\Soybe-main\data\com_fundo_filtrado\RGB_JPG_Normais\grao_DSC_0373_id50.png,RGB_JPG_Normais,RGB_JPG_Normais
C:\Users\eduar\Desktop\Soybe-main\data\com_fundo_filtrado\RGB_JPG_IMPUREZAS\grao_DSC_0263_id7.png,RGB_JPG_IMPUREZAS,RGB_JPG_IMPUREZAS
C:\Users\eduar\Desktop\Soybe-main\data\com_fundo_filtrado\RGB_JPG_Normais\grao_DSC_0468_id11.png,RGB_JPG_Normais,RGB_JPG_Normais
C:\Users\eduar\Desktop\Soybe-main\data\com_fundo_filtrado\RGB_JPG_Normais\grao_DSC_0212_id81.png,RGB_JPG_Normais,RGB_JPG_Normais
C:\Users\eduar\Desktop\Soybe-main\data\com_fundo_filtrado\RGB_JPG_IMPUREZAS\grao_DSC_0264_id26.png,RGB_JPG_IMPUREZAS,RGB_JPG_IMPUREZAS
C:\Users\eduar\Desktop\Soybe-main\data\com_fundo_filtrado\RGB_JPG_ESVERDEADO\grao_DSC_0299_id48.png,RGB_JPG_ESVERDEADO,RGB_JPG_ESVERDEADO
C:\Users\eduar\Desktop\Soybe-main\data\com_fundo_filtrado\RGB_JPG_Normais\grao_DSC_0668_id1.png,RGB_JPG_Normais,RGB_JPG_Normais
C:\Users\eduar\Desktop\Soybe-main\data\com_fundo_filtrado\RGB_JPG_IMPUREZAS\grao_DSC_0028_id81.png,RGB_JPG_IMPUREZAS,RGB_JPG_IMPUREZAS
C:\Users\eduar\Desktop\Soybe-main\data\com_fundo_filtrado\RGB_JPG_IMPUREZAS\grao_DSC_0026_id4.png,RGB_JPG_IMPUREZAS,RGB_JPG_IMPUREZAS
C:\Users\eduar\Desktop\Soybe-main\data\com_fundo_filtrado\RGB_JPG_ESVERDEADO\grao_DSC_0309_id78.png,RGB_JPG_ESVERDEADO,RGB_JPG_ESVERDEADO
C:\Users\eduar\Desktop\Soybe-main\data\com_fundo_filtrado\RGB_JPG_IMPUREZAS\grao_DSC_0239_id121.png,RGB_JPG_IMPUREZAS,RGB_JPG_IMPUREZAS
C:\Users\eduar\Desktop\Soybe-main\data\com_fundo_filtrado\RGB_JPG_Normais\grao_DSC_0388_id94.png,RGB_JPG_Normais,RGB_JPG_QUEBRADOS
C:\Users\eduar\Desktop\Soybe-main\data\com_fundo_filtrado\RGB_JPG_CHOCHOS\grao_DSC_0313_id84.png,RGB_JPG_CHOCHOS,RGB_JPG_CHOCHOS
C:\Users\eduar\Desktop\Soybe-main\data\com_fundo_filtrado\RGB_JPG_CHOCHOS\grao_DSC_0359_id90.png,RGB_JPG_CHOCHOS,RGB_JPG_CHOCHOS
C:\Users\eduar\Desktop\Soybe-main\data\com_fundo_filtrado\RGB_JPG_Normais\grao_DSC_0157_id40.png,RGB_JPG_Normais,RGB_JPG_Normais
C:\Users\eduar\Desktop\Soybe-main\data\com_fundo_filtrado\RGB_JPG_Normais\grao_DSC_0369_id16.png,RGB_JPG_Normais,RGB_JPG_Normais
C:\Users\eduar\Desktop\Soybe-main\data\com_fundo_filtrado\RGB_JPG_IMPUREZAS\grao_DSC_0228_id274.png,RGB_JPG_IMPUREZAS,RGB_JPG_IMPUREZAS
C:\Users\eduar\Desktop\Soybe-main\data\com_fundo_filtrado\RGB_JPG_IMPUREZAS\grao_DSC_0284_id61.png,RGB_JPG_IMPUREZAS,RGB_JPG_IMPUREZAS
C:\Users\eduar\Desktop\Soybe-main\data\com_fundo_filtrado\RGB_JPG_IMPUREZAS\grao_DSC_0265_id105.png,RGB_JPG_IMPUREZAS,RGB_JPG_IMPUREZAS
C:\Users\eduar\Desktop\Soybe-main\data\com_fundo_filtrado\RGB_JPG_IMPUREZAS\grao_DSC_0274_id333.png,RGB_JPG_IMPUREZAS,RGB_JPG_IMPUREZAS
C:\Users\eduar\Desktop\Soybe-main\data\com_fundo_filtrado\RGB_JPG_IMPUREZAS\grao_DSC_0238_id11.png,RGB_JPG_IMPUREZAS,RGB_JPG_IMPUREZAS
C:\Users\eduar\Desktop\Soybe-main\data\com_fundo_filtrado\RGB_JPG_QUEBRADOS\grao_DSC_0405_id26.png,RGB_JPG_QUEBRADOS,RGB_JPG_QUEBRADOS
C:\Users\eduar\Desktop\Soybe-main\data\com_fundo_filtrado\RGB_JPG_Normais\grao_DSC_0393_id10.png,RGB_JPG_Normais,RGB_JPG_Normais
C:\Users\eduar\Desktop\Soybe-main\data\com_fundo_filtrado\RGB_JPG_IMPUREZAS\grao_DSC_0223_id29.png,RGB_JPG_IMPUREZAS,RGB_JPG_IMPUREZAS
C:\Users\eduar\Desktop\Soybe-main\data\com_fundo_filtrado\RGB_JPG_Normais\grao_DSC_0137_id110.png,RGB_JPG_Normais,RGB_JPG_Normais
C:\Users\eduar\Desktop\Soybe-main\data\com_fundo_filtrado\RGB_JPG_Normais\grao_DSC_0631_id74.png,RGB_JPG_Normais,RGB_JPG_Normais
C:\Users\eduar\Desktop\Soybe-main\data\com_fundo_filtrado\RGB_JPG_Normais\grao_DSC_0673_id5.png,RGB_JPG_Normais,RGB_JPG_Normais
C:\Users\eduar\Desktop\Soybe-main\data\com_fundo_filtrado\RGB_JPG_QUEBRADOS\grao_DSC_0418_id30.png,RGB_JPG_QUEBRADOS,RGB_JPG_QUEBRADOS
C:\Users\eduar\Desktop\Soybe-main\data\com_fundo_filtrado\RGB_JPG_Normais\grao_DSC_0484_id101.png,RGB_JPG_Normais,RGB_JPG_Normais
C:\Users\eduar\Desktop\Soybe-main\data\com_fundo_filtrado\RGB_JPG_Normais\grao_DSC_0606_id41.png,RGB_JPG_Normais,RGB_JPG_Normais
C:\Users\eduar\Desktop\Soybe-main\data\com_fundo_filtrado\RGB_JPG_QUEBRADOS\grao_DSC_0453_id85.png,RGB_JPG_QUEBRADOS,RGB_JPG_QUEBRADOS
C:\Users\eduar\Desktop\Soybe-main\data\com_fundo_filtrado\RGB_JPG_Normais\grao_DSC_0617_id101.png,RGB_JPG_Normais,RGB_JPG_Normais
C:\Users\eduar\Desktop\Soybe-main\data\com_fundo_filtrado\RGB_JPG_IMPUREZAS\grao_DSC_0285_id81.png,RGB_JPG_IMPUREZAS,RGB_JPG_IMPUREZAS
C:\Users\eduar\Desktop\Soybe-main\data\com_fundo_filtrado\RGB_JPG_Normais\grao_DSC_0134_id74.png,RGB_JPG_Normais,RGB_JPG_Normais
C:\Users\eduar\Desktop\Soybe-main\data\com_fundo_filtrado\RGB_JPG_Normais\grao_DSC_0480_id64.png,RGB_JPG_Normais,RGB_JPG_Normais
C:\Users\eduar\Desktop\Soybe-main\data\com_fundo_filtrado\RGB_JPG_IMPUREZAS\grao_DSC_0263_id216.png,RGB_JPG_IMPUREZAS,RGB_JPG_IMPUREZAS
C:\Users\eduar\Desktop\Soybe-main\data\com_fundo_filtrado\RGB_JPG_Normais\grao_DSC_0392_id13.png,RGB_JPG_Normais,RGB_JPG_Normais
C:\Users\eduar\Desktop\Soybe-main\data\com_fundo_filtrado\RGB_JPG_IMPUREZAS\grao_DSC_0259_id2.png,RGB_JPG_IMPUREZAS,RGB_JPG_IMPUREZAS
C:\Users\eduar\Desktop\Soybe-main\data\com_fundo_filtrado\RGB_JPG_QUEBRADOS\grao_DSC_0464_id47.png,RGB_JPG_QUEBRADOS,RGB_JPG_QUEBRADOS
C:\Users\eduar\Desktop\Soybe-main\data\com_fundo_filtrado\RGB_JPG_Normais\grao_DSC_0613_id63.png,RGB_JPG_Normais,RGB_JPG_Normais
C:\Users\eduar\Desktop\Soybe-main\data\com_fundo_filtrado\RGB_JPG_QUEBRADOS\grao_DSC_0455_id1.png,RGB_JPG_QUEBRADOS,RGB_JPG_QUEBRADOS
C:\Users\eduar\Desktop\Soybe-main\data\com_fundo_filtrado\RGB_JPG_CHOCHOS\grao_DSC_0335_id69.png,RGB_JPG_CHOCHOS,RGB_JPG_CHOCHOS
C:\Users\eduar\Desktop\Soybe-main\data\com_fundo_filtrado\RGB_JPG_Normais\grao_DSC_0665_id59.png,RGB_JPG_Normais,RGB_JPG_Normais
C:\Users\eduar\Desktop\Soybe-main\data\com_fundo_filtrado\RGB_JPG_Normais\grao_DSC_0152_id66.png,RGB_JPG_Normais,RGB_JPG_Normais
C:\Users\eduar\Desktop\Soybe-main\data\com_fundo_filtrado\RGB_JPG_Normais\grao_DSC_0133_id93.png,RGB_JPG_Normais,RGB_JPG_Normais
C:\Users\eduar\Desktop\Soybe-main\data\com_fundo_filtrado\RGB_JPG_QUEBRADOS\grao_DSC_0456_id14.png,RGB_JPG_QUEBRADOS,RGB_JPG_QUEBRADOS
C:\Users\eduar\Desktop\Soybe-main\data\com_fundo_filtrado\RGB_JPG_IMPUREZAS\grao_DSC_0258_id56.png,RGB_JPG_IMPUREZAS,RGB_JPG_IMPUREZAS
C:\Users\eduar\Desktop\Soybe-main\data\com_fundo_filtrado\RGB_JPG_QUEBRADOS\grao_DSC_0169_id15.png,RGB_JPG_QUEBRADOS,RGB_JPG_QUEBRADOS
C:\Users\eduar\Desktop\Soybe-main\data\com_fundo_filtrado\RGB_JPG_Normais\grao_DSC_0505_id66.png,RGB_JPG_Normais,RGB_JPG_Normais
C:\Users\eduar\Desktop\Soybe-main\data\com_fundo_filtrado\RGB_JPG_Normais\grao_DSC_0514_id10.png,RGB_JPG_Normais,RGB_JPG_Normais
C:\Users\eduar\Desktop\Soybe-main\data\com_fundo_filtrado\RGB_JPG_IMPUREZAS\grao_DSC_0026_id73.png,RGB_JPG_IMPUREZAS,RGB_JPG_IMPUREZAS
C:\Users\eduar\Desktop\Soybe-main\data\com_fundo_filtrado\RGB_JPG_Normais\grao_DSC_0640_id96.png,RGB_JPG_Normais,RGB_JPG_Normais
C:\Users\eduar\Desktop\Soybe-main\data\com_fundo_filtrado\RGB_JPG_CHOCHOS\grao_DSC_0360_id1.png,RGB_JPG_CHOCHOS,RGB_JPG_CHOCHOS
C:\Users\eduar\Desktop\Soybe-main\data\com_fundo_filtrado\RGB_JPG_IMPUREZAS\grao_DSC_0252_id159.png,RGB_JPG_IMPUREZAS,RGB_JPG_IMPUREZAS
C:\Users\eduar\Desktop\Soybe-main\data\com_fundo_filtrado\RGB_JPG_QUEBRADOS\grao_DSC_0466_id26.png,RGB_JPG_QUEBRADOS,RGB_JPG_QUEBRADOS
C:\Users\eduar\Desktop\Soybe-main\data\com_fundo_filtrado\RGB_JPG_IMPUREZAS\grao_DSC_0265_id117.png,RGB_JPG_IMPUREZAS,RGB_JPG_IMPUREZAS
C:\Users\eduar\Desktop\Soybe-main\data\com_fundo_filtrado\RGB_JPG_IMPUREZAS\grao_DSC_0029_id41.png,RGB_JPG_IMPUREZAS,RGB_JPG_IMPUREZAS
C:\Users\eduar\Desktop\Soybe-main\data\com_fundo_filtrado\RGB_JPG_IMPUREZAS\grao_DSC_0231_id68.png,RGB_JPG_IMPUREZAS,RGB_JPG_IMPUREZAS
C:\Users\eduar\Desktop\Soybe-main\data\com_fundo_filtrado\RGB_JPG_IMPUREZAS\grao_DSC_0292_id113.png,RGB_JPG_IMPUREZAS,RGB_JPG_IMPUREZAS
C:\Users\eduar\Desktop\Soybe-main\data\com_fundo_filtrado\RGB_JPG_Normais\grao_DSC_0638_id24.png,RGB_JPG_Normais,RGB_JPG_Normais
C:\Users\eduar\Desktop\Soybe-main\data\com_fundo_filtrado\RGB_JPG_QUEBRADOS\grao_DSC_0439_id1.png,RGB_JPG_QUEBRADOS,RGB_JPG_QUEBRADOS
C:\Users\eduar\Desktop\Soybe-main\data\com_fundo_filtrado\RGB_JPG_Normais\grao_DSC_0471_id59.png,RGB_JPG_Normais,RGB_JPG_Normais
C:\Users\eduar\Desktop\Soybe-main\data\com_fundo_filtrado\RGB_JPG_Normais\grao_DSC_0509_id47.png,RGB_JPG_Normais,RGB_JPG_Normais
C:\Users\eduar\Desktop\Soybe-main\data\com_fundo_filtrado\RGB_JPG_IMPUREZAS\grao_DSC_0286_id95.png,RGB_JPG_IMPUREZAS,RGB_JPG_IMPUREZAS
C:\Users\eduar\Desktop\Soybe-main\data\com_fundo_filtrado\RGB_JPG_CHOCHOS\grao_DSC_0337_id103.png,RGB_JPG_CHOCHOS,RGB_JPG_CHOCHOS
C:\Users\eduar\Desktop\Soybe-main\data\com_fundo_filtrado\RGB_JPG_IMPUREZAS\grao_DSC_0286_id159.png,RGB_JPG_IMPUREZAS,RGB_JPG_IMPUREZAS
C:\Users\eduar\Desktop\Soybe-main\data\com_fundo_filtrado\RGB_JPG_Normais\grao_DSC_0394_id116.png,RGB_JPG_Normais,RGB_JPG_Normais
C:\Users\eduar\Desktop\Soybe-main\data\com_fundo_filtrado\RGB_JPG_Normais\grao_DSC_0374_id3.png,RGB_JPG_Normais,RGB_JPG_Normais
C:\Users\eduar\Desktop\Soybe-main\data\com_fundo_filtrado\RGB_JPG_Normais\grao_DSC_0393_id5.png,RGB_JPG_Normais,RGB_JPG_Normais
C:\Users\eduar\Desktop\Soybe-main\data\com_fundo_filtrado\RGB_JPG_IMPUREZAS\grao_DSC_0287_id172.png,RGB_JPG_IMPUREZAS,RGB_JPG_IMPUREZAS
C:\Users\eduar\Desktop\Soybe-main\data\com_fundo_filtrado\RGB_JPG_Normais\grao_DSC_0648_id24.png,RGB_JPG_Normais,RGB_JPG_Normais
C:\Users\eduar\Desktop\Soybe-main\data\com_fundo_filtrado\RGB_JPG_IMPUREZAS\grao_DSC_0296_id238.png,RGB_JPG_IMPUREZAS,RGB_JPG_IMPUREZAS
C:\Users\eduar\Desktop\Soybe-main\data\com_fundo_filtrado\RGB_JPG_IMPUREZAS\grao_DSC_0293_id272.png,RGB_JPG_IMPUREZAS,RGB_JPG_IMPUREZAS
C:\Users\eduar\Desktop\Soybe-main\data\com_fundo_filtrado\RGB_JPG_CHOCHOS\grao_DSC_0361_id102.png,RGB_JPG_CHOCHOS,RGB_JPG_CHOCHOS
C:\Users\eduar\Desktop\Soybe-main\data\com_fundo_filtrado\RGB_JPG_Normais\grao_DSC_0394_id50.png,RGB_JPG_Normais,RGB_JPG_Normais
C:\Users\eduar\Desktop\Soybe-main\data\com_fundo_filtrado\RGB_JPG_Normais\grao_DSC_0476_id40.png,RGB_JPG_Normais,RGB_JPG_Normais
C:\Users\eduar\Desktop\Soybe-main\data\com_fundo_filtrado\RGB_JPG_Normais\grao_DSC_0151_id72.png,RGB_JPG_Normais,RGB_JPG_Normais
C:\Users\eduar\Desktop\Soybe-main\data\com_fundo_filtrado\RGB_JPG_Normais\grao_DSC_0503_id51.png,RGB_JPG_Normais,RGB_JPG_Normais
C:\Users\eduar\Desktop\Soybe-main\data\com_fundo_filtrado\RGB_JPG_IMPUREZAS\grao_DSC_0003_id226.png,RGB_JPG_IMPUREZAS,RGB_JPG_IMPUREZAS
C:\Users\eduar\Desktop\Soybe-main\data\com_fundo_filtrado\RGB_JPG_IMPUREZAS\grao_DSC_0293_id366.png,RGB_JPG_IMPUREZAS,RGB_JPG_IMPUREZAS
C:\Users\eduar\Desktop\Soybe-main\data\com_fundo_filtrado\RGB_JPG_IMPUREZAS\grao_DSC_0003_id74.png,RGB_JPG_IMPUREZAS,RGB_JPG_IMPUREZAS
C:\Users\eduar\Desktop\Soybe-main\data\com_fundo_filtrado\RGB_JPG_Normais\grao_DSC_0667_id11.png,RGB_JPG_Normais,RGB_JPG_Normais
C:\Users\eduar\Desktop\Soybe-main\data\com_fundo_filtrado\RGB_JPG_Normais\grao_DSC_0520_id60.png,RGB_JPG_Normais,RGB_JPG_Normais
C:\Users\eduar\Desktop\Soybe-main\data\com_fundo_filtrado\RGB_JPG_Normais\grao_DSC_0397_id84.png,RGB_JPG_Normais,RGB_JPG_Normais
C:\Users\eduar\Desktop\Soybe-main\data\com_fundo_filtrado\RGB_JPG_Normais\grao_DSC_0620_id27.png,RGB_JPG_Normais,RGB_JPG_Normais
C:\Users\eduar\Desktop\Soybe-main\data\com_fundo_filtrado\RGB_JPG_Normais\grao_DSC_0390_id44.png,RGB_JPG_Normais,RGB_JPG_Normais
C:\Users\eduar\Desktop\Soybe-main\data\com_fundo_filtrado\RGB_JPG_QUEBRADOS\grao_DSC_0401_id48.png,RGB_JPG_QUEBRADOS,RGB_JPG_QUEBRADOS
C:\Users\eduar\Desktop\Soybe-main\data\com_fundo_filtrado\RGB_JPG_Normais\grao_DSC_0385_id93.png,RGB_JPG_Normais,RGB_JPG_Normais
C:\Users\eduar\Desktop\Soybe-main\data\com_fundo_filtrado\RGB_JPG_QUEBRADOS\grao_DSC_0423_id31.png,RGB_JPG_QUEBRADOS,RGB_JPG_QUEBRADOS
C:\Users\eduar\Desktop\Soybe-main\data\com_fundo_filtrado\RGB_JPG_CHOCHOS\grao_DSC_0356_id112.png,RGB_JPG_CHOCHOS,RGB_JPG_CHOCHOS
C:\Users\eduar\Desktop\Soybe-main\data\com_fundo_filtrado\RGB_JPG_Normais\grao_DSC_0142_id21.png,RGB_JPG_Normais,RGB_JPG_Normais
C:\Users\eduar\Desktop\Soybe-main\data\com_fundo_filtrado\RGB_JPG_IMPUREZAS\grao_DSC_0026_id200.png,RGB_JPG_IMPUREZAS,RGB_JPG_IMPUREZAS
C:\Users\eduar\Desktop\Soybe-main\data\com_fundo_filtrado\RGB_JPG_Normais\grao_DSC_0633_id94.png,RGB_JPG_Normais,RGB_JPG_Normais
C:\Users\eduar\Desktop\Soybe-main\data\com_fundo_filtrado\RGB_JPG_CHOCHOS\grao_DSC_0364_id34.png,RGB_JPG_CHOCHOS,RGB_JPG_CHOCHOS
C:\Users\eduar\Desktop\Soybe-main\data\com_fundo_filtrado\RGB_JPG_QUEBRADOS\grao_DSC_0170_id81.png,RGB_JPG_QUEBRADOS,RGB_JPG_QUEBRADOS
C:\Users\eduar\Desktop\Soybe-main\data\com_fundo_filtrado\RGB_JPG_Normais\grao_DSC_0488_id100.png,RGB_JPG_Normais,RGB_JPG_Normais
C:\Users\eduar\Desktop\Soybe-main\data\com_fundo_filtrado\RGB_JPG_IMPUREZAS\grao_DSC_0035_id90.png,RGB_JPG_IMPUREZAS,RGB_JPG_IMPUREZAS
C:\Users\eduar\Desktop\Soybe-main\data\com_fundo_filtrado\RGB_JPG_QUEBRADOS\grao_DSC_0461_id103.png,RGB_JPG_QUEBRADOS,RGB_JPG_QUEBRADOS
C:\Users\eduar\Desktop\Soybe-main\data\com_fundo_filtrado\RGB_JPG_Normais\grao_DSC_0157_id103.png,RGB_JPG_Normais,RGB_JPG_Normais
C:\Users\eduar\Desktop\Soybe-main\data\com_fundo_filtrado\RGB_JPG_IMPUREZAS\grao_DSC_0292_id59.png,RGB_JPG_IMPUREZAS,RGB_JPG_IMPUREZAS
C:\Users\eduar\Desktop\Soybe-main\data\com_fundo_filtrado\RGB_JPG_Normais\grao_DSC_0612_id52.png,RGB_JPG_Normais,RGB_JPG_Normais
C:\Users\eduar\Desktop\Soybe-main\data\com_fundo_filtrado\RGB_JPG_Normais\grao_DSC_0666_id42.png,RGB_JPG_Normais,RGB_JPG_Normais
C:\Users\eduar\Desktop\Soybe-main\data\com_fundo_filtrado\RGB_JPG_IMPUREZAS\grao_DSC_0036_id267.png,RGB_JPG_IMPUREZAS,RGB_JPG_IMPUREZAS
C:\Users\eduar\Desktop\Soybe-main\data\com_fundo_filtrado\RGB_JPG_QUEBRADOS\grao_DSC_0413_id9.png,RGB_JPG_QUEBRADOS,RGB_JPG_QUEBRADOS
C:\Users\eduar\Desktop\Soybe-main\data\com_fundo_filtrado\RGB_JPG_Normais\grao_DSC_0219_id19.png,RGB_JPG_Normais,RGB_JPG_Normais
C:\Users\eduar\Desktop\Soybe-main\data\com_fundo_filtrado\RGB_JPG_ESVERDEADO\grao_DSC_0300_id76.png,RGB_JPG_ESVERDEADO,RGB_JPG_ESVERDEADO
C:\Users\eduar\Desktop\Soybe-main\data\com_fundo_filtrado\RGB_JPG_CHOCHOS\grao_DSC_0345_id58.png,RGB_JPG_CHOCHOS,RGB_JPG_CHOCHOS
C:\Users\eduar\Desktop\Soybe-main\data\com_fundo_filtrado\RGB_JPG_Normais\grao_DSC_0492_id65.png,RGB_JPG_Normais,RGB_JPG_Normais
C:\Users\eduar\Desktop\Soybe-main\data\com_fundo_filtrado\RGB_JPG_Normais\grao_DSC_0610_id3.png,RGB_JPG_Normais,RGB_JPG_Normais
C:\Users\eduar\Desktop\Soybe-main\data\com_fundo_filtrado\RGB_JPG_IMPUREZAS\grao_DSC_0290_id39.png,RGB_JPG_IMPUREZAS,RGB_JPG_IMPUREZAS
C:\Users\eduar\Desktop\Soybe-main\data\com_fundo_filtrado\RGB_JPG_Normais\grao_DSC_0212_id53.png,RGB_JPG_Normais,RGB_JPG_Normais
C:\Users\eduar\Desktop\Soybe-main\data\com_fundo_filtrado\RGB_JPG_Normais\grao_DSC_0607_id88.png,RGB_JPG_Normais,RGB_JPG_Normais
C:\Users\eduar\Desktop\Soybe-main\data\com_fundo_filtrado\RGB_JPG_Normais\grao_DSC_0636_id90.png,RGB_JPG_Normais,RGB_JPG_Normais
C:\Users\eduar\Desktop\Soybe-main\data\com_fundo_filtrado\RGB_JPG_Normais\grao_DSC_0517_id3.png,RGB_JPG_Normais,RGB_JPG_Normais
C:\Users\eduar\Desktop\Soybe-main\data\com_fundo_filtrado\RGB_JPG_Normais\grao_DSC_0674_id63.png,RGB_JPG_Normais,RGB_JPG_Normais
C:\Users\eduar\Desktop\Soybe-main\data\com_fundo_filtrado\RGB_JPG_CHOCHOS\grao_DSC_0355_id76.png,RGB_JPG_CHOCHOS,RGB_JPG_CHOCHOS
C:\Users\eduar\Desktop\Soybe-main\data\com_fundo_filtrado\RGB_JPG_ESVERDEADO\grao_DSC_0302_id61.png,RGB_JPG_ESVERDEADO,RGB_JPG_ESVERDEADO
C:\Users\eduar\Desktop\Soybe-main\data\com_fundo_filtrado\RGB_JPG_QUEBRADOS\grao_DSC_0426_id24.png,RGB_JPG_QUEBRADOS,RGB_JPG_QUEBRADOS
C:\Users\eduar\Desktop\Soybe-main\data\com_fundo_filtrado\RGB_JPG_Normais\grao_DSC_0506_id51.png,RGB_JPG_Normais,RGB_JPG_Normais
C:\Users\eduar\Desktop\Soybe-main\data\com_fundo_filtrado\RGB_JPG_IMPUREZAS\grao_DSC_0256_id190.png,RGB_JPG_IMPUREZAS,RGB_JPG_IMPUREZAS
C:\Users\eduar\Desktop\Soybe-main\data\com_fundo_filtrado\RGB_JPG_Normais\grao_DSC_0393_id92.png,RGB_JPG_Normais,RGB_JPG_Normais
C:\Users\eduar\Desktop\Soybe-main\data\com_fundo_filtrado\RGB_JPG_CHOCHOS\grao_DSC_0338_id78.png,RGB_JPG_CHOCHOS,RGB_JPG_CHOCHOS
C:\Users\eduar\Desktop\Soybe-main\data\com_fundo_filtrado\RGB_JPG_Normais\grao_DSC_0511_id17.png,RGB_JPG_Normais,RGB_JPG_Normais
C:\Users\eduar\Desktop\Soybe-main\data\com_fundo_filtrado\RGB_JPG_Normais\grao_DSC_0373_id93.png,RGB_JPG_Normais,RGB_JPG_Normais
C:\Users\eduar\Desktop\Soybe-main\data\com_fundo_filtrado\RGB_JPG_IMPUREZAS\grao_DSC_0024_id35.png,RGB_JPG_IMPUREZAS,RGB_JPG_IMPUREZAS
C:\Users\eduar\Desktop\Soybe-main\data\com_fundo_filtrado\RGB_JPG_QUEBRADOS\grao_DSC_0448_id43.png,RGB_JPG_QUEBRADOS,RGB_JPG_QUEBRADOS
C:\Users\eduar\Desktop\Soybe-main\data\com_fundo_filtrado\RGB_JPG_IMPUREZAS\grao_DSC_0034_id23.png,RGB_JPG_IMPUREZAS,RGB_JPG_IMPUREZAS
C:\Users\eduar\Desktop\Soybe-main\data\com_fundo_filtrado\RGB_JPG_Normais\grao_DSC_0663_id101.png,RGB_JPG_Normais,RGB_JPG_Normais
C:\Users\eduar\Desktop\Soybe-main\data\com_fundo_filtrado\RGB_JPG_QUEBRADOS\grao_DSC_0419_id55.png,RGB_JPG_QUEBRADOS,RGB_JPG_QUEBRADOS
C:\Users\eduar\Desktop\Soybe-main\data\com_fundo_filtrado\RGB_JPG_PURPURAS\grao_DSC_0049_id42.png,RGB_JPG_PURPURAS,RGB_JPG_PURPURAS
C:\Users\eduar\Desktop\Soybe-main\data\com_fundo_filtrado\RGB_JPG_Normais\grao_DSC_0482_id77.png,RGB_JPG_Normais,RGB_JPG_Normais
C:\Users\eduar\Desktop\Soybe-main\data\com_fundo_filtrado\RGB_JPG_IMPUREZAS\grao_DSC_0251_id95.png,RGB_JPG_IMPUREZAS,RGB_JPG_IMPUREZAS
C:\Users\eduar\Desktop\Soybe-main\data\com_fundo_filtrado\RGB_JPG_IMPUREZAS\grao_DSC_0283_id151.png,RGB_JPG_IMPUREZAS,RGB_JPG_IMPUREZAS
C:\Users\eduar\Desktop\Soybe-main\data\com_fundo_filtrado\RGB_JPG_QUEBRADOS\grao_DSC_0418_id97.png,RGB_JPG_QUEBRADOS,RGB_JPG_QUEBRADOS
C:\Users\eduar\Desktop\Soybe-main\data\com_fundo_filtrado\RGB_JPG_Normais\grao_DSC_0638_id51.png,RGB_JPG_Normais,RGB_JPG_Normais
C:\Users\eduar\Desktop\Soybe-main\data\com_fundo_filtrado\RGB_JPG_QUEBRADOS\grao_DSC_0437_id13.png,RGB_JPG_QUEBRADOS,RGB_JPG_QUEBRADOS
C:\Users\eduar\Desktop\Soybe-main\data\com_fundo_filtrado\RGB_JPG_QUEBRADOS\grao_DSC_0432_id93.png,RGB_JPG_QUEBRADOS,RGB_JPG_QUEBRADOS
C:\Users\eduar\Desktop\Soybe-main\data\com_fundo_filtrado\RGB_JPG_Normais\grao_DSC_0606_id118.png,RGB_JPG_Normais,RGB_JPG_Normais
C:\Users\eduar\Desktop\Soybe-main\data\com_fundo_filtrado\RGB_JPG_QUEBRADOS\grao_DSC_0410_id25.png,RGB_JPG_QUEBRADOS,RGB_JPG_QUEBRADOS
C:\Users\eduar\Desktop\Soybe-main\data\com_fundo_filtrado\RGB_JPG_CHOCHOS\grao_DSC_0357_id50.png,RGB_JPG_CHOCHOS,RGB_JPG_CHOCHOS
C:\Users\eduar\Desktop\Soybe-main\data\com_fundo_filtrado\RGB_JPG_QUEBRADOS\grao_DSC_0451_id88.png,RGB_JPG_QUEBRADOS,RGB_JPG_QUEBRADOS
C:\Users\eduar\Desktop\Soybe-main\data\com_fundo_filtrado\RGB_JPG_CHOCHOS\grao_DSC_0316_id3.png,RGB_JPG_CHOCHOS,RGB_JPG_CHOCHOS
C:\Users\eduar\Desktop\Soybe-main\data\com_fundo_filtrado\RGB_JPG_IMPUREZAS\grao_DSC_0239_id255.png,RGB_JPG_IMPUREZAS,RGB_JPG_IMPUREZAS
C:\Users\eduar\Desktop\Soybe-main\data\com_fundo_filtrado\RGB_JPG_IMPUREZAS\grao_DSC_0284_id29.png,RGB_JPG_IMPUREZAS,RGB_JPG_IMPUREZAS
C:\Users\eduar\Desktop\Soybe-main\data\com_fundo_filtrado\RGB_JPG_QUEBRADOS\grao_DSC_0440_id76.png,RGB_JPG_QUEBRADOS,RGB_JPG_QUEBRADOS
C:\Users\eduar\Desktop\Soybe-main\data\com_fundo_filtrado\RGB_JPG_QUEBRADOS\grao_DSC_0418_id2.png,RGB_JPG_QUEBRADOS,RGB_JPG_QUEBRADOS
C:\Users\eduar\Desktop\Soybe-main\data\com_fundo_filtrado\RGB_JPG_CHOCHOS\grao_DSC_0317_id78.png,RGB_JPG_CHOCHOS,RGB_JPG_CHOCHOS
C:\Users\eduar\Desktop\Soybe-main\data\com_fundo_filtrado\RGB_JPG_Normais\grao_DSC_0646_id55.png,RGB_JPG_Normais,RGB_JPG_Normais
C:\Users\eduar\Desktop\Soybe-main\data\com_fundo_filtrado\RGB_JPG_CHOCHOS\grao_DSC_0356_id98.png,RGB_JPG_CHOCHOS,RGB_JPG_CHOCHOS
C:\Users\eduar\Desktop\Soybe-main\data\com_fundo_filtrado\RGB_JPG_IMPUREZAS\grao_DSC_0245_id249.png,RGB_JPG_IMPUREZAS,RGB_JPG_IMPUREZAS
C:\Users\eduar\Desktop\Soybe-main\data\com_fundo_filtrado\RGB_JPG_IMPUREZAS\grao_DSC_0013_id107.png,RGB_JPG_IMPUREZAS,RGB_JPG_IMPUREZAS
C:\Users\eduar\Desktop\Soybe-main\data\com_fundo_filtrado\RGB_JPG_Normais\grao_DSC_0632_id65.png,RGB_JPG_Normais,RGB_JPG_Normais
C:\Users\eduar\Desktop\Soybe-main\data\com_fundo_filtrado\RGB_JPG_QUEBRADOS\grao_DSC_0171_id16.png,RGB_JPG_QUEBRADOS,RGB_JPG_QUEBRADOS
C:\Users\eduar\Desktop\Soybe-main\data\com_fundo_filtrado\RGB_JPG_IMPUREZAS\grao_DSC_0288_id227.png,RGB_JPG_IMPUREZAS,RGB_JPG_IMPUREZAS
C:\Users\eduar\Desktop\Soybe-main\data\com_fundo_filtrado\RGB_JPG_IMPUREZAS\grao_DSC_0249_id37.png,RGB_JPG_IMPUREZAS,RGB_JPG_IMPUREZAS
C:\Users\eduar\Desktop\Soybe-main\data\com_fundo_filtrado\RGB_JPG_Normais\grao_DSC_0655_id35.png,RGB_JPG_Normais,RGB_JPG_Normais
C:\Users\eduar\Desktop\Soybe-main\data\com_fundo_filtrado\RGB_JPG_IMPUREZAS\grao_DSC_0293_id147.png,RGB_JPG_IMPUREZAS,RGB_JPG_IMPUREZAS
C:\Users\eduar\Desktop\Soybe-main\data\com_fundo_filtrado\RGB_JPG_IMPUREZAS\grao_DSC_0253_id194.png,RGB_JPG_IMPUREZAS,RGB_JPG_IMPUREZAS
C:\Users\eduar\Desktop\Soybe-main\data\com_fundo_filtrado\RGB_JPG_CHOCHOS\grao_DSC_0352_id11.png,RGB_JPG_CHOCHOS,RGB_JPG_CHOCHOS
C:\Users\eduar\Desktop\Soybe-main\data\com_fundo_filtrado\RGB_JPG_Normais\grao_DSC_0386_id50.png,RGB_JPG_Normais,RGB_JPG_Normais
C:\Users\eduar\Desktop\Soybe-main\data\com_fundo_filtrado\RGB_JPG_Normais\grao_DSC_0496_id4.png,RGB_JPG_Normais,RGB_JPG_Normais
C:\Users\eduar\Desktop\Soybe-main\data\com_fundo_filtrado\RGB_JPG_IMPUREZAS\grao_DSC_0026_id144.png,RGB_JPG_IMPUREZAS,RGB_JPG_IMPUREZAS
C:\Users\eduar\Desktop\Soybe-main\data\com_fundo_filtrado\RGB_JPG_QUEBRADOS\grao_DSC_0448_id37.png,RGB_JPG_QUEBRADOS,RGB_JPG_QUEBRADOS
C:\Users\eduar\Desktop\Soybe-main\data\com_fundo_filtrado\RGB_JPG_Normais\grao_DSC_0222_id45.png,RGB_JPG_Normais,RGB_JPG_Normais
C:\Users\eduar\Desktop\Soybe-main\data\com_fundo_filtrado\RGB_JPG_IMPUREZAS\grao_DSC_0245_id67.png,RGB_JPG_IMPUREZAS,RGB_JPG_IMPUREZAS
C:\Users\eduar\Desktop\Soybe-main\data\com_fundo_filtrado\RGB_JPG_QUEBRADOS\grao_DSC_0455_id21.png,RGB_JPG_QUEBRADOS,RGB_JPG_QUEBRADOS
C:\Users\eduar\Desktop\Soybe-main\data\com_fundo_filtrado\RGB_JPG_Normais\grao_DSC_0664_id75.png,RGB_JPG_Normais,RGB_JPG_Normais
C:\Users\eduar\Desktop\Soybe-main\data\com_fundo_filtrado\RGB_JPG_Normais\grao_DSC_0658_id79.png,RGB_JPG_Normais,RGB_JPG_Normais
C:\Users\eduar\Desktop\Soybe-main\data\com_fundo_filtrado\RGB_JPG_Normais\grao_DSC_0624_id71.png,RGB_JPG_Normais,RGB_JPG_Normais
C:\Users\eduar\Desktop\Soybe-main\data\com_fundo_filtrado\RGB_JPG_MAMONAS\grao_DSC_0186_id6.png,RGB_JPG_MAMONAS,RGB_JPG_MAMONAS
C:\Users\eduar\Desktop\Soybe-main\data\com_fundo_filtrado\RGB_JPG_QUEBRADOS\grao_DSC_0437_id2.png,RGB_JPG_QUEBRADOS,RGB_JPG_QUEBRADOS
C:\Users\eduar\Desktop\Soybe-main\data\com_fundo_filtrado\RGB_JPG_Normais\grao_DSC_0398_id8.png,RGB_JPG_Normais,RGB_JPG_Normais
C:\Users\eduar\Desktop\Soybe-main\data\com_fundo_filtrado\RGB_JPG_Normais\grao_DSC_0617_id8.png,RGB_JPG_Normais,RGB_JPG_Normais
C:\Users\eduar\Desktop\Soybe-main\data\com_fundo_filtrado\RGB_JPG_Normais\grao_DSC_0678_id54.png,RGB_JPG_Normais,RGB_JPG_Normais
C:\Users\eduar\Desktop\Soybe-main\data\com_fundo_filtrado\RGB_JPG_Normais\grao_DSC_0140_id59.png,RGB_JPG_Normais,RGB_JPG_Normais
C:\Users\eduar\Desktop\Soybe-main\data\com_fundo_filtrado\RGB_JPG_Normais\grao_DSC_0630_id24.png,RGB_JPG_Normais,RGB_JPG_Normais
C:\Users\eduar\Desktop\Soybe-main\data\com_fundo_filtrado\RGB_JPG_CHOCHOS\grao_DSC_0358_id9.png,RGB_JPG_CHOCHOS,RGB_JPG_CHOCHOS
C:\Users\eduar\Desktop\Soybe-main\data\com_fundo_filtrado\RGB_JPG_INSETOS\grao_DSC_0164_id111.png,RGB_JPG_INSETOS,RGB_JPG_INSETOS
C:\Users\eduar\Desktop\Soybe-main\data\com_fundo_filtrado\RGB_JPG_Normais\grao_DSC_0144_id61.png,RGB_JPG_Normais,RGB_JPG_Normais
C:\Users\eduar\Desktop\Soybe-main\data\com_fundo_filtrado\RGB_JPG_IMPUREZAS\grao_DSC_0287_id2.png,RGB_JPG_IMPUREZAS,RGB_JPG_IMPUREZAS
C:\Users\eduar\Desktop\Soybe-main\data\com_fundo_filtrado\RGB_JPG_Normais\grao_DSC_0211_id8.png,RGB_JPG_Normais,RGB_JPG_Normais
C:\Users\eduar\Desktop\Soybe-main\data\com_fundo_filtrado\RGB_JPG_IMPUREZAS\grao_DSC_0293_id275.png,RGB_JPG_IMPUREZAS,RGB_JPG_IMPUREZAS
C:\Users\eduar\Desktop\Soybe-main\data\com_fundo_filtrado\RGB_JPG_QUEBRADOS\grao_DSC_0168_id36.png,RGB_JPG_QUEBRADOS,RGB_JPG_QUEBRADOS
C:\Users\eduar\Desktop\Soybe-main\data\com_fundo_filtrado\RGB_JPG_IMPUREZAS\grao_DSC_0036_id102.png,RGB_JPG_IMPUREZAS,RGB_JPG_IMPUREZAS
C:\Users\eduar\Desktop\Soybe-main\data\com_fundo_filtrado\RGB_JPG_IMPUREZAS\grao_DSC_0239_id336.png,RGB_JPG_IMPUREZAS,RGB_JPG_IMPUREZAS
C:\Users\eduar\Desktop\Soybe-main\data\com_fundo_filtrado\RGB_JPG_Normais\grao_DSC_0615_id6.png,RGB_JPG_Normais,RGB_JPG_Normais
C:\Users\eduar\Desktop\Soybe-main\data\com_fundo_filtrado\RGB_JPG_CHOCHOS\grao_DSC_0364_id72.png,RGB_JPG_CHOCHOS,RGB_JPG_CHOCHOS
C:\Users\eduar\Desktop\Soybe-main\data\com_fundo_filtrado\RGB_JPG_CHOCHOS\grao_DSC_0346_id39.png,RGB_JPG_CHOCHOS,RGB_JPG_ESVERDEADO
C:\Users\eduar\Desktop\Soybe-main\data\com_fundo_filtrado\RGB_JPG_Normais\grao_DSC_0485_id81.png,RGB_JPG_Normais,RGB_JPG_Normais
C:\Users\eduar\Desktop\Soybe-main\data\com_fundo_filtrado\RGB_JPG_IMPUREZAS\grao_DSC_0026_id7.png,RGB_JPG_IMPUREZAS,RGB_JPG_IMPUREZAS
C:\Users\eduar\Desktop\Soybe-main\data\com_fundo_filtrado\RGB_JPG_IMPUREZAS\grao_DSC_0261_id4.png,RGB_JPG_IMPUREZAS,RGB_JPG_IMPUREZAS
C:\Users\eduar\Desktop\Soybe-main\data\com_fundo_filtrado\RGB_JPG_IMPUREZAS\grao_DSC_0031_id164.png,RGB_JPG_IMPUREZAS,RGB_JPG_IMPUREZAS
C:\Users\eduar\Desktop\Soybe-main\data\com_fundo_filtrado\RGB_JPG_Normais\grao_DSC_0392_id30.png,RGB_JPG_Normais,RGB_JPG_Normais
C:\Users\eduar\Desktop\Soybe-main\data\com_fundo_filtrado\RGB_JPG_QUEBRADOS\grao_DSC_0427_id106.png,RGB_JPG_QUEBRADOS,RGB_JPG_QUEBRADOS
C:\Users\eduar\Desktop\Soybe-main\data\com_fundo_filtrado\RGB_JPG_IMPUREZAS\grao_DSC_0282_id162.png,RGB_JPG_IMPUREZAS,RGB_JPG_IMPUREZAS
C:\Users\eduar\Desktop\Soybe-main\data\com_fundo_filtrado\RGB_JPG_Normais\grao_DSC_0514_id15.png,RGB_JPG_Normais,RGB_JPG_Normais
C:\Users\eduar\Desktop\Soybe-main\data\com_fundo_filtrado\RGB_JPG_Normais\grao_DSC_0665_id30.png,RGB_JPG_Normais,RGB_JPG_Normais
C:\Users\eduar\Desktop\Soybe-main\data\com_fundo_filtrado\RGB_JPG_IMPUREZAS\grao_DSC_0285_id49.png,RGB_JPG_IMPUREZAS,RGB_JPG_IMPUREZAS
C:\Users\eduar\Desktop\Soybe-main\data\com_fundo_filtrado\RGB_JPG_CHOCHOS\grao_DSC_0329_id6.png,RGB_JPG_CHOCHOS,RGB_JPG_CHOCHOS
C:\Users\eduar\Desktop\Soybe-main\data\com_fundo_filtrado\RGB_JPG_ESVERDEADO\grao_DSC_0299_id91.png,RGB_JPG_ESVERDEADO,RGB_JPG_ESVERDEADO
C:\Users\eduar\Desktop\Soybe-main\data\com_fundo_filtrado\RGB_JPG_CHOCHOS\grao_DSC_0337_id62.png,RGB_JPG_CHOCHOS,RGB_JPG_CHOCHOS
C:\Users\eduar\Desktop\Soybe-main\data\com_fundo_filtrado\RGB_JPG_CHOCHOS\grao_DSC_0313_id59.png,RGB_JPG_CHOCHOS,RGB_JPG_IMPUREZAS
C:\Users\eduar\Desktop\Soybe-main\data\com_fundo_filtrado\RGB_JPG_IMPUREZAS\grao_DSC_0017_id217.png,RGB_JPG_IMPUREZAS,RGB_JPG_IMPUREZAS
C:\Users\eduar\Desktop\Soybe-main\data\com_fundo_filtrado\RGB_JPG_IMPUREZAS\grao_DSC_0019_id65.png,RGB_JPG_IMPUREZAS,RGB_JPG_IMPUREZAS
C:\Users\eduar\Desktop\Soybe-main\data\com_fundo_filtrado\RGB_JPG_Normais\grao_DSC_0506_id23.png,RGB_JPG_Normais,RGB_JPG_Normais
C:\Users\eduar\Desktop\Soybe-main\data\com_fundo_filtrado\RGB_JPG_IMPUREZAS\grao_DSC_0245_id6.png,RGB_JPG_IMPUREZAS,RGB_JPG_IMPUREZAS
C:\Users\eduar\Desktop\Soybe-main\data\com_fundo_filtrado\RGB_JPG_Normais\grao_DSC_0611_id51.png,RGB_JPG_Normais,RGB_JPG_Normais
C:\Users\eduar\Desktop\Soybe-main\data\com_fundo_filtrado\RGB_JPG_INSETOS\grao_DSC_0164_id38.png,RGB_JPG_INSETOS,RGB_JPG_INSETOS
C:\Users\eduar\Desktop\Soybe-main\data\com_fundo_filtrado\RGB_JPG_Normais\grao_DSC_0503_id38.png,RGB_JPG_Normais,RGB_JPG_Normais
C:\Users\eduar\Desktop\Soybe-main\data\com_fundo_filtrado\RGB_JPG_IMPUREZAS\grao_DSC_0245_id44.png,RGB_JPG_IMPUREZAS,RGB_JPG_IMPUREZAS
C:\Users\eduar\Desktop\Soybe-main\data\com_fundo_filtrado\RGB_JPG_IMPUREZAS\grao_DSC_0012_id98.png,RGB_JPG_IMPUREZAS,RGB_JPG_IMPUREZAS
C:\Users\eduar\Desktop\Soybe-main\data\com_fundo_filtrado\RGB_JPG_Normais\grao_DSC_0511_id44.png,RGB_JPG_Normais,RGB_JPG_Normais
C:\Users\eduar\Desktop\Soybe-main\data\com_fundo_filtrado\RGB_JPG_IMPUREZAS\grao_DSC_0238_id224.png,RGB_JPG_IMPUREZAS,RGB_JPG_IMPUREZAS
C:\Users\eduar\Desktop\Soybe-main\data\com_fundo_filtrado\RGB_JPG_IMPUREZAS\grao_DSC_0281_id253.png,RGB_JPG_IMPUREZAS,RGB_JPG_IMPUREZAS
C:\Users\eduar\Desktop\Soybe-main\data\com_fundo_filtrado\RGB_JPG_CHOCHOS\grao_DSC_0349_id63.png,RGB_JPG_CHOCHOS,RGB_JPG_CHOCHOS
C:\Users\eduar\Desktop\Soybe-main\data\com_fundo_filtrado\RGB_JPG_CHOCHOS\grao_DSC_0330_id66.png,RGB_JPG_CHOCHOS,RGB_JPG_CHOCHOS
C:\Users\eduar\Desktop\Soybe-main\data\com_fundo_filtrado\RGB_JPG_IMPUREZAS\grao_DSC_0238_id2.png,RGB_JPG_IMPUREZAS,RGB_JPG_IMPUREZAS
C:\Users\eduar\Desktop\Soybe-main\data\com_fundo_filtrado\RGB_JPG_Normais\grao_DSC_0606_id111.png,RGB_JPG_Normais,RGB_JPG_Normais
C:\Users\eduar\Desktop\Soybe-main\data\com_fundo_filtrado\RGB_JPG_QUEBRADOS\grao_DSC_0170_id33.png,RGB_JPG_QUEBRADOS,RGB_JPG_QUEBRADOS
C:\Users\eduar\Desktop\Soybe-main\data\com_fundo_filtrado\RGB_JPG_IMPUREZAS\grao_DSC_0258_id124.png,RGB_JPG_IMPUREZAS,RGB_JPG_IMPUREZAS
C:\Users\eduar\Desktop\Soybe-main\data\com_fundo_filtrado\RGB_JPG_Normais\grao_DSC_0496_id51.png,RGB_JPG_Normais,RGB_JPG_Normais
C:\Users\eduar\Desktop\Soybe-main\data\com_fundo_filtrado\RGB_JPG_IMPUREZAS\grao_DSC_0002_id341.png,RGB_JPG_IMPUREZAS,RGB_JPG_IMPUREZAS
C:\Users\eduar\Desktop\Soybe-main\data\com_fundo_filtrado\RGB_JPG_Normais\grao_DSC_0650_id102.png,RGB_JPG_Normais,RGB_JPG_Normais
C:\Users\eduar\Desktop\Soybe-main\data\com_fundo_filtrado\RGB_JPG_IMPUREZAS\grao_DSC_0024_id53.png,RGB_JPG_IMPUREZAS,RGB_JPG_IMPUREZAS
C:\Users\eduar\Desktop\Soybe-main\data\com_fundo_filtrado\RGB_JPG_CHOCHOS\grao_DSC_0333_id26.png,RGB_JPG_CHOCHOS,RGB_JPG_CHOCHOS
C:\Users\eduar\Desktop\Soybe-main\data\com_fundo_filtrado\RGB_JPG_Normais\grao_DSC_0157_id97.png,RGB_JPG_Normais,RGB_JPG_Normais
C:\Users\eduar\Desktop\Soybe-main\data\com_fundo_filtrado\RGB_JPG_IMPUREZAS\grao_DSC_0295_id202.png,RGB_JPG_IMPUREZAS,RGB_JPG_IMPUREZAS
C:\Users\eduar\Desktop\Soybe-main\data\com_fundo_filtrado\RGB_JPG_IMPUREZAS\grao_DSC_0283_id41.png,RGB_JPG_IMPUREZAS,RGB_JPG_IMPUREZAS
C:\Users\eduar\Desktop\Soybe-main\data\com_fundo_filtrado\RGB_JPG_Normais\grao_DSC_0638_id20.png,RGB_JPG_Normais,RGB_JPG_Normais
C:\Users\eduar\Desktop\Soybe-main\data\com_fundo_filtrado\RGB_JPG_CHOCHOS\grao_DSC_0313_id34.png,RGB_JPG_CHOCHOS,RGB_JPG_CHOCHOS
C:\Users\eduar\Desktop\Soybe-main\data\com_fundo_filtrado\RGB_JPG_Normais\grao_DSC_0668_id6.png,RGB_JPG_Normais,RGB_JPG_Normais
C:\Users\eduar\Desktop\Soybe-main\data\com_fundo_filtrado\RGB_JPG_IMPUREZAS\grao_DSC_0019_id77.png,RGB_JPG_IMPUREZAS,RGB_JPG_IMPUREZAS
C:\Users\eduar\Desktop\Soybe-main\data\com_fundo_filtrado\RGB_JPG_Normais\grao_DSC_0514_id68.png,RGB_JPG_Normais,RGB_JPG_Normais
C:\Users\eduar\Desktop\Soybe-main\data\com_fundo_filtrado\RGB_JPG_IMPUREZAS\grao_DSC_0281_id165.png,RGB_JPG_IMPUREZAS,RGB_JPG_IMPUREZAS
C:\Users\eduar\Desktop\Soybe-main\data\com_fundo_filtrado\RGB_JPG_Normais\grao_DSC_0673_id41.png,RGB_JPG_Normais,RGB_JPG_Normais
C:\Users\eduar\Desktop\Soybe-main\data\com_fundo_filtrado\RGB_JPG_Normais\grao_DSC_0479_id37.png,RGB_JPG_Normais,RGB_JPG_Normais
C:\Users\eduar\Desktop\Soybe-main\data\com_fundo_filtrado\RGB_JPG_IMPUREZAS\grao_DSC_0237_id28.png,RGB_JPG_IMPUREZAS,RGB_JPG_IMPUREZAS
C:\Users\eduar\Desktop\Soybe-main\data\com_fundo_filtrado\RGB_JPG_Normais\grao_DSC_0153_id80.png,RGB_JPG_Normais,RGB_JPG_Normais
C:\Users\eduar\Desktop\Soybe-main\data\com_fundo_filtrado\RGB_JPG_Normais\grao_DSC_0509_id68.png,RGB_JPG_Normais,RGB_JPG_Normais
C:\Users\eduar\Desktop\Soybe-main\data\com_fundo_filtrado\RGB_JPG_QUEBRADOS\grao_DSC_0172_id52.png,RGB_JPG_QUEBRADOS,RGB_JPG_QUEBRADOS
C:\Users\eduar\Desktop\Soybe-main\data\com_fundo_filtrado\RGB_JPG_Normais\grao_DSC_0210_id40.png,RGB_JPG_Normais,RGB_JPG_Normais
C:\Users\eduar\Desktop\Soybe-main\data\com_fundo_filtrado\RGB_JPG_Normais\grao_DSC_0392_id12.png,RGB_JPG_Normais,RGB_JPG_Normais
C:\Users\eduar\Desktop\Soybe-main\data\com_fundo_filtrado\RGB_JPG_PURPURAS\grao_DSC_0048_id45.png,RGB_JPG_PURPURAS,RGB_JPG_PURPURAS
C:\Users\eduar\Desktop\Soybe-main\data\com_fundo_filtrado\RGB_JPG_IMPUREZAS\grao_DSC_0237_id26.png,RGB_JPG_IMPUREZAS,RGB_JPG_IMPUREZAS
C:\Users\eduar\Desktop\Soybe-main\data\com_fundo_filtrado\RGB_JPG_Normais\grao_DSC_0499_id81.png,RGB_JPG_Normais,RGB_JPG_Normais
C:\Users\eduar\Desktop\Soybe-main\data\com_fundo_filtrado\RGB_JPG_IMPUREZAS\grao_DSC_0262_id79.png,RGB_JPG_IMPUREZAS,RGB_JPG_IMPUREZAS
C:\Users\eduar\Desktop\Soybe-main\data\com_fundo_filtrado\RGB_JPG_Normais\grao_DSC_0393_id25.png,RGB_JPG_Normais,RGB_JPG_Normais
C:\Users\eduar\Desktop\Soybe-main\data\com_fundo_filtrado\RGB_JPG_QUEBRADOS\grao_DSC_0168_id51.png,RGB_JPG_QUEBRADOS,RGB_JPG_QUEBRADOS
C:\Users\eduar\Desktop\Soybe-main\data\com_fundo_filtrado\RGB_JPG_ESVERDEADO\grao_DSC_0302_id19.png,RGB_JPG_ESVERDEADO,RGB_JPG_ESVERDEADO
C:\Users\eduar\Desktop\Soybe-main\data\com_fundo_filtrado\RGB_JPG_Normais\grao_DSC_0497_id2.png,RGB_JPG_Normais,RGB_JPG_Normais
C:\Users\eduar\Desktop\Soybe-main\data\com_fundo_filtrado\RGB_JPG_IMPUREZAS\grao_DSC_0239_id333.png,RGB_JPG_IMPUREZAS,RGB_JPG_IMPUREZAS
C:\Users\eduar\Desktop\Soybe-main\data\com_fundo_filtrado\RGB_JPG_Normais\grao_DSC_0657_id97.png,RGB_JPG_Normais,RGB_JPG_Normais
C:\Users\eduar\Desktop\Soybe-main\data\com_fundo_filtrado\RGB_JPG_Normais\grao_DSC_0478_id59.png,RGB_JPG_Normais,RGB_JPG_Normais
C:\Users\eduar\Desktop\Soybe-main\data\com_fundo_filtrado\RGB_JPG_IMPUREZAS\grao_DSC_0270_id213.png,RGB_JPG_IMPUREZAS,RGB_JPG_IMPUREZAS
C:\Users\eduar\Desktop\Soybe-main\data\com_fundo_filtrado\RGB_JPG_IMPUREZAS\grao_DSC_0277_id33.png,RGB_JPG_IMPUREZAS,RGB_JPG_IMPUREZAS
C:\Users\eduar\Desktop\Soybe-main\data\com_fundo_filtrado\RGB_JPG_QUEBRADOS\grao_DSC_0435_id4.png,RGB_JPG_QUEBRADOS,RGB_JPG_QUEBRADOS
C:\Users\eduar\Desktop\Soybe-main\data\com_fundo_filtrado\RGB_JPG_Normais\grao_DSC_0400_id89.png,RGB_JPG_Normais,RGB_JPG_Normais
C:\Users\eduar\Desktop\Soybe-main\data\com_fundo_filtrado\RGB_JPG_CHOCHOS\grao_DSC_0336_id4.png,RGB_JPG_CHOCHOS,RGB_JPG_CHOCHOS
C:\Users\eduar\Desktop\Soybe-main\data\com_fundo_filtrado\RGB_JPG_IMPUREZAS\grao_DSC_0288_id34.png,RGB_JPG_IMPUREZAS,RGB_JPG_IMPUREZAS
C:\Users\eduar\Desktop\Soybe-main\data\com_fundo_filtrado\RGB_JPG_Normais\grao_DSC_0674_id60.png,RGB_JPG_Normais,RGB_JPG_Normais
C:\Users\eduar\Desktop\Soybe-main\data\com_fundo_filtrado\RGB_JPG_Normais\grao_DSC_0617_id103.png,RGB_JPG_Normais,RGB_JPG_Normais
C:\Users\eduar\Desktop\Soybe-main\data\com_fundo_filtrado\RGB_JPG_IMPUREZAS\grao_DSC_0265_id153.png,RGB_JPG_IMPUREZAS,RGB_JPG_IMPUREZAS
C:\Users\eduar\Desktop\Soybe-main\data\com_fundo_filtrado\RGB_JPG_Normais\grao_DSC_0371_id40.png,RGB_JPG_Normais,RGB_JPG_Normais
C:\Users\eduar\Desktop\Soybe-main\data\com_fundo_filtrado\RGB_JPG_QUEBRADOS\grao_DSC_0455_id39.png,RGB_JPG_QUEBRADOS,RGB_JPG_QUEBRADOS
C:\Users\eduar\Desktop\Soybe-main\data\com_fundo_filtrado\RGB_JPG_MAMONAS\grao_DSC_0190_id113.png,RGB_JPG_MAMONAS,RGB_JPG_MAMONAS
C:\Users\eduar\Desktop\Soybe-main\data\com_fundo_filtrado\RGB_JPG_CHOCHOS\grao_DSC_0317_id26.png,RGB_JPG_CHOCHOS,RGB_JPG_CHOCHOS
C:\Users\eduar\Desktop\Soybe-main\data\com_fundo_filtrado\RGB_JPG_IMPUREZAS\grao_DSC_0017_id68.png,RGB_JPG_IMPUREZAS,RGB_JPG_IMPUREZAS
C:\Users\eduar\Desktop\Soybe-main\data\com_fundo_filtrado\RGB_JPG_Normais\grao_DSC_0385_id12.png,RGB_JPG_Normais,RGB_JPG_Normais
C:\Users\eduar\Desktop\Soybe-main\data\com_fundo_filtrado\RGB_JPG_Normais\grao_DSC_0499_id14.png,RGB_JPG_Normais,RGB_JPG_Normais
C:\Users\eduar\Desktop\Soybe-main\data\com_fundo_filtrado\RGB_JPG_MAMONAS\grao_DSC_0187_id96.png,RGB_JPG_MAMONAS,RGB_JPG_MAMONAS
C:\Users\eduar\Desktop\Soybe-main\data\com_fundo_filtrado\RGB_JPG_Normais\grao_DSC_0134_id105.png,RGB_JPG_Normais,RGB_JPG_Normais
C:\Users\eduar\Desktop\Soybe-main\data\com_fundo_filtrado\RGB_JPG_Normais\grao_DSC_0657_id7.png,RGB_JPG_Normais,RGB_JPG_Normais
C:\Users\eduar\Desktop\Soybe-main\data\com_fundo_filtrado\RGB_JPG_Normais\grao_DSC_0663_id38.png,RGB_JPG_Normais,RGB_JPG_Normais
C:\Users\eduar\Desktop\Soybe-main\data\com_fundo_filtrado\RGB_JPG_Normais\grao_DSC_0486_id9.png,RGB_JPG_Normais,RGB_JPG_Normais
C:\Users\eduar\Desktop\Soybe-main\data\com_fundo_filtrado\RGB_JPG_Normais\grao_DSC_0159_id97.png,RGB_JPG_Normais,RGB_JPG_Normais
C:\Users\eduar\Desktop\Soybe-main\data\com_fundo_filtrado\RGB_JPG_Normais\grao_DSC_0618_id40.png,RGB_JPG_Normais,RGB_JPG_Normais
C:\Users\eduar\Desktop\Soybe-main\data\com_fundo_filtrado\RGB_JPG_IMPUREZAS\grao_DSC_0231_id140.png,RGB_JPG_IMPUREZAS,RGB_JPG_IMPUREZAS
C:\Users\eduar\Desktop\Soybe-main\data\com_fundo_filtrado\RGB_JPG_Normais\grao_DSC_0644_id86.png,RGB_JPG_Normais,RGB_JPG_Normais
C:\Users\eduar\Desktop\Soybe-main\data\com_fundo_filtrado\RGB_JPG_Normais\grao_DSC_0622_id105.png,RGB_JPG_Normais,RGB_JPG_Normais
C:\Users\eduar\Desktop\Soybe-main\data\com_fundo_filtrado\RGB_JPG_QUEBRADOS\grao_DSC_0461_id26.png,RGB_JPG_QUEBRADOS,RGB_JPG_QUEBRADOS
C:\Users\eduar\Desktop\Soybe-main\data\com_fundo_filtrado\RGB_JPG_IMPUREZAS\grao_DSC_0275_id133.png,RGB_JPG_IMPUREZAS,RGB_JPG_IMPUREZAS
C:\Users\eduar\Desktop\Soybe-main\data\com_fundo_filtrado\RGB_JPG_CHOCHOS\grao_DSC_0331_id49.png,RGB_JPG_CHOCHOS,RGB_JPG_CHOCHOS
C:\Users\eduar\Desktop\Soybe-main\data\com_fundo_filtrado\RGB_JPG_Normais\grao_DSC_0137_id30.png,RGB_JPG_Normais,RGB_JPG_Normais
C:\Users\eduar\Desktop\Soybe-main\data\com_fundo_filtrado\RGB_JPG_Normais\grao_DSC_0487_id36.png,RGB_JPG_Normais,RGB_JPG_Normais
C:\Users\eduar\Desktop\Soybe-main\data\com_fundo_filtrado\RGB_JPG_IMPUREZAS\grao_DSC_0230_id54.png,RGB_JPG_IMPUREZAS,RGB_JPG_IMPUREZAS
C:\Users\eduar\Desktop\Soybe-main\data\com_fundo_filtrado\RGB_JPG_Normais\grao_DSC_0385_id66.png,RGB_JPG_Normais,RGB_JPG_Normais
C:\Users\eduar\Desktop\Soybe-main\data\com_fundo_filtrado\RGB_JPG_CHOCHOS\grao_DSC_0364_id75.png,RGB_JPG_CHOCHOS,RGB_JPG_CHOCHOS
C:\Users\eduar\Desktop\Soybe-main\data\com_fundo_filtrado\RGB_JPG_QUEBRADOS\grao_DSC_0430_id91.png,RGB_JPG_QUEBRADOS,RGB_JPG_QUEBRADOS
C:\Users\eduar\Desktop\Soybe-main\data\com_fundo_filtrado\RGB_JPG_Normais\grao_DSC_0510_id62.png,RGB_JPG_Normais,RGB_JPG_Normais
C:\Users\eduar\Desktop\Soybe-main\data\com_fundo_filtrado\RGB_JPG_Normais\grao_DSC_0487_id32.png,RGB_JPG_Normais,RGB_JPG_Normais
C:\Users\eduar\Desktop\Soybe-main\data\com_fundo_filtrado\RGB_JPG_Normais\grao_DSC_0629_id70.png,RGB_JPG_Normais,RGB_JPG_Normais
C:\Users\eduar\Desktop\Soybe-main\data\com_fundo_filtrado\RGB_JPG_QUEBRADOS\grao_DSC_0439_id70.png,RGB_JPG_QUEBRADOS,RGB_JPG_QUEBRADOS
C:\Users\eduar\Desktop\Soybe-main\data\com_fundo_filtrado\RGB_JPG_QUEBRADOS\grao_DSC_0402_id54.png,RGB_JPG_QUEBRADOS,RGB_JPG_QUEBRADOS
C:\Users\eduar\Desktop\Soybe-main\data\com_fundo_filtrado\RGB_JPG_CHOCHOS\grao_DSC_0331_id39.png,RGB_JPG_CHOCHOS,RGB_JPG_CHOCHOS
C:\Users\eduar\Desktop\Soybe-main\data\com_fundo_filtrado\RGB_JPG_IMPUREZAS\grao_DSC_0038_id38.png,RGB_JPG_IMPUREZAS,RGB_JPG_IMPUREZAS
C:\Users\eduar\Desktop\Soybe-main\data\com_fundo_filtrado\RGB_JPG_Normais\grao_DSC_0608_id105.png,RGB_JPG_Normais,RGB_JPG_Normais
C:\Users\eduar\Desktop\Soybe-main\data\com_fundo_filtrado\RGB_JPG_Normais\grao_DSC_0611_id7.png,RGB_JPG_Normais,RGB_JPG_Normais
C:\Users\eduar\Desktop\Soybe-main\data\com_fundo_filtrado\RGB_JPG_Normais\grao_DSC_0675_id78.png,RGB_JPG_Normais,RGB_JPG_Normais
C:\Users\eduar\Desktop\Soybe-main\data\com_fundo_filtrado\RGB_JPG_IMPUREZAS\grao_DSC_0227_id66.png,RGB_JPG_IMPUREZAS,RGB_JPG_IMPUREZAS
C:\Users\eduar\Desktop\Soybe-main\data\com_fundo_filtrado\RGB_JPG_CHOCHOS\grao_DSC_0314_id58.png,RGB_JPG_CHOCHOS,RGB_JPG_CHOCHOS
C:\Users\eduar\Desktop\Soybe-main\data\com_fundo_filtrado\RGB_JPG_QUEBRADOS\grao_DSC_0428_id5.png,RGB_JPG_QUEBRADOS,RGB_JPG_QUEBRADOS
C:\Users\eduar\Desktop\Soybe-main\data\com_fundo_filtrado\RGB_JPG_IMPUREZAS\grao_DSC_0286_id118.png,RGB_JPG_IMPUREZAS,RGB_JPG_IMPUREZAS
C:\Users\eduar\Desktop\Soybe-main\data\com_fundo_filtrado\RGB_JPG_IMPUREZAS\grao_DSC_0026_id240.png,RGB_JPG_IMPUREZAS,RGB_JPG_IMPUREZAS
C:\Users\eduar\Desktop\Soybe-main\data\com_fundo_filtrado\RGB_JPG_Normais\grao_DSC_0382_id107.png,RGB_JPG_Normais,RGB_JPG_Normais
C:\Users\eduar\Desktop\Soybe-main\data\com_fundo_filtrado\RGB_JPG_QUEBRADOS\grao_DSC_0427_id68.png,RGB_JPG_QUEBRADOS,RGB_JPG_QUEBRADOS
C:\Users\eduar\Desktop\Soybe-main\data\com_fundo_filtrado\RGB_JPG_Normais\grao_DSC_0374_id47.png,RGB_JPG_Normais,RGB_JPG_Normais
C:\Users\eduar\Desktop\Soybe-main\data\com_fundo_filtrado\RGB_JPG_CHOCHOS\grao_DSC_0363_id119.png,RGB_JPG_CHOCHOS,RGB_JPG_CHOCHOS
C:\Users\eduar\Desktop\Soybe-main\data\com_fundo_filtrado\RGB_JPG_IMPUREZAS\grao_DSC_0289_id59.png,RGB_JPG_IMPUREZAS,RGB_JPG_IMPUREZAS
C:\Users\eduar\Desktop\Soybe-main\data\com_fundo_filtrado\RGB_JPG_Normais\grao_DSC_0491_id78.png,RGB_JPG_Normais,RGB_JPG_Normais
C:\Users\eduar\Desktop\Soybe-main\data\com_fundo_filtrado\RGB_JPG_Normais\grao_DSC_0519_id65.png,RGB_JPG_Normais,RGB_JPG_Normais
C:\Users\eduar\Desktop\Soybe-main\data\com_fundo_filtrado\RGB_JPG_Normais\grao_DSC_0473_id96.png,RGB_JPG_Normais,RGB_JPG_Normais
C:\Users\eduar\Desktop\Soybe-main\data\com_fundo_filtrado\RGB_JPG_IMPUREZAS\grao_DSC_0018_id236.png,RGB_JPG_IMPUREZAS,RGB_JPG_IMPUREZAS
C:\Users\eduar\Desktop\Soybe-main\data\com_fundo_filtrado\RGB_JPG_Normais\grao_DSC_0486_id12.png,RGB_JPG_Normais,RGB_JPG_Normais
C:\Users\eduar\Desktop\Soybe-main\data\com_fundo_filtrado\RGB_JPG_QUEBRADOS\grao_DSC_0407_id9.png,RGB_JPG_QUEBRADOS,RGB_JPG_QUEBRADOS
C:\Users\eduar\Desktop\Soybe-main\data\com_fundo_filtrado\RGB_JPG_QUEBRADOS\grao_DSC_0421_id87.png,RGB_JPG_QUEBRADOS,RGB_JPG_QUEBRADOS
C:\Users\eduar\Desktop\Soybe-main\data\com_fundo_filtrado\RGB_JPG_Normais\grao_DSC_0503_id43.png,RGB_JPG_Normais,RGB_JPG_Normais
C:\Users\eduar\Desktop\Soybe-main\data\com_fundo_filtrado\RGB_JPG_CHOCHOS\grao_DSC_0351_id99.png,RGB_JPG_CHOCHOS,RGB_JPG_CHOCHOS
C:\Users\eduar\Desktop\Soybe-main\data\com_fundo_filtrado\RGB_JPG_Normais\grao_DSC_0608_id65.png,RGB_JPG_Normais,RGB_JPG_Normais
C:\Users\eduar\Desktop\Soybe-main\data\com_fundo_filtrado\RGB_JPG_Normais\grao_DSC_0367_id45.png,RGB_JPG_Normais,RGB_JPG_Normais
C:\Users\eduar\Desktop\Soybe-main\data\com_fundo_filtrado\RGB_JPG_IMPUREZAS\grao_DSC_0025_id255.png,RGB_JPG_IMPUREZAS,RGB_JPG_IMPUREZAS
C:\Users\eduar\Desktop\Soybe-main\data\com_fundo_filtrado\RGB_JPG_Normais\grao_DSC_0615_id75.png,RGB_JPG_Normais,RGB_JPG_Normais
C:\Users\eduar\Desktop\Soybe-main\data\com_fundo_filtrado\RGB_JPG_IMPUREZAS\grao_DSC_0239_id36.png,RGB_JPG_IMPUREZAS,RGB_JPG_IMPUREZAS
C:\Users\eduar\Desktop\Soybe-main\data\com_fundo_filtrado\RGB_JPG_Normais\grao_DSC_0516_id65.png,RGB_JPG_Normais,RGB_JPG_Normais
C:\Users\eduar\Desktop\Soybe-main\data\com_fundo_filtrado\RGB_JPG_IMPUREZAS\grao_DSC_0291_id173.png,RGB_JPG_IMPUREZAS,RGB_JPG_IMPUREZAS
C:\Users\eduar\Desktop\Soybe-main\data\com_fundo_filtrado\RGB_JPG_IMPUREZAS\grao_DSC_0283_id239.png,RGB_JPG_IMPUREZAS,RGB_JPG_IMPUREZAS
C:\Users\eduar\Desktop\Soybe-main\data\com_fundo_filtrado\RGB_JPG_Normais\grao_DSC_0366_id94.png,RGB_JPG_Normais,RGB_JPG_Normais
C:\Users\eduar\Desktop\Soybe-main\data\com_fundo_filtrado\RGB_JPG_CHOCHOS\grao_DSC_0351_id71.png,RGB_JPG_CHOCHOS,RGB_JPG_CHOCHOS
C:\Users\eduar\Desktop\Soybe-main\data\com_fundo_filtrado\RGB_JPG_Normais\grao_DSC_0618_id56.png,RGB_JPG_Normais,RGB_JPG_Normais
C:\Users\eduar\Desktop\Soybe-main\data\com_fundo_filtrado\RGB_JPG_Normais\grao_DSC_0663_id54.png,RGB_JPG_Normais,RGB_JPG_Normais
C:\Users\eduar\Desktop\Soybe-main\data\com_fundo_filtrado\RGB_JPG_IMPUREZAS\grao_DSC_0280_id127.png,RGB_JPG_IMPUREZAS,RGB_JPG_IMPUREZAS
C:\Users\eduar\Desktop\Soybe-main\data\com_fundo_filtrado\RGB_JPG_CHOCHOS\grao_DSC_0342_id80.png,RGB_JPG_CHOCHOS,RGB_JPG_CHOCHOS
C:\Users\eduar\Desktop\Soybe-main\data\com_fundo_filtrado\RGB_JPG_Normais\grao_DSC_0643_id106.png,RGB_JPG_Normais,RGB_JPG_Normais
C:\Users\eduar\Desktop\Soybe-main\data\com_fundo_filtrado\RGB_JPG_QUEBRADOS\grao_DSC_0411_id70.png,RGB_JPG_QUEBRADOS,RGB_JPG_QUEBRADOS
C:\Users\eduar\Desktop\Soybe-main\data\com_fundo_filtrado\RGB_JPG_Normais\grao_DSC_0384_id82.png,RGB_JPG_Normais,RGB_JPG_Normais
C:\Users\eduar\Desktop\Soybe-main\data\com_fundo_filtrado\RGB_JPG_Normais\grao_DSC_0632_id97.png,RGB_JPG_Normais,RGB_JPG_Normais
C:\Users\eduar\Desktop\Soybe-main\data\com_fundo_filtrado\RGB_JPG_Normais\grao_DSC_0391_id68.png,RGB_JPG_Normais,RGB_JPG_Normais
C:\Users\eduar\Desktop\Soybe-main\data\com_fundo_filtrado\RGB_JPG_Normais\grao_DSC_0510_id26.png,RGB_JPG_Normais,RGB_JPG_Normais
C:\Users\eduar\Desktop\Soybe-main\data\com_fundo_filtrado\RGB_JPG_MAMONAS\grao_DSC_0187_id50.png,RGB_JPG_MAMONAS,RGB_JPG_MAMONAS
C:\Users\eduar\Desktop\Soybe-main\data\com_fundo_filtrado\RGB_JPG_Normais\grao_DSC_0631_id85.png,RGB_JPG_Normais,RGB_JPG_Normais
C:\Users\eduar\Desktop\Soybe-main\data\com_fundo_filtrado\RGB_JPG_CHOCHOS\grao_DSC_0324_id5.png,RGB_JPG_CHOCHOS,RGB_JPG_CHOCHOS
C:\Users\eduar\Desktop\Soybe-main\data\com_fundo_filtrado\RGB_JPG_CHOCHOS\grao_DSC_0339_id24.png,RGB_JPG_CHOCHOS,RGB_JPG_CHOCHOS
C:\Users\eduar\Desktop\Soybe-main\data\com_fundo_filtrado\RGB_JPG_IMPUREZAS\grao_DSC_0017_id157.png,RGB_JPG_IMPUREZAS,RGB_JPG_IMPUREZAS
C:\Users\eduar\Desktop\Soybe-main\data\com_fundo_filtrado\RGB_JPG_Normais\grao_DSC_0383_id111.png,RGB_JPG_Normais,RGB_JPG_Normais
C:\Users\eduar\Desktop\Soybe-main\data\com_fundo_filtrado\RGB_JPG_Normais\grao_DSC_0383_id108.png,RGB_JPG_Normais,RGB_JPG_Normais
C:\Users\eduar\Desktop\Soybe-main\data\com_fundo_filtrado\RGB_JPG_CHOCHOS\grao_DSC_0331_id101.png,RGB_JPG_CHOCHOS,RGB_JPG_CHOCHOS
C:\Users\eduar\Desktop\Soybe-main\data\com_fundo_filtrado\RGB_JPG_Normais\grao_DSC_0152_id103.png,RGB_JPG_Normais,RGB_JPG_Normais
C:\Users\eduar\Desktop\Soybe-main\data\com_fundo_filtrado\RGB_JPG_Normais\grao_DSC_0671_id72.png,RGB_JPG_Normais,RGB_JPG_Normais
C:\Users\eduar\Desktop\Soybe-main\data\com_fundo_filtrado\RGB_JPG_CHOCHOS\grao_DSC_0358_id23.png,RGB_JPG_CHOCHOS,RGB_JPG_CHOCHOS
C:\Users\eduar\Desktop\Soybe-main\data\com_fundo_filtrado\RGB_JPG_QUEBRADOS\grao_DSC_0458_id68.png,RGB_JPG_QUEBRADOS,RGB_JPG_QUEBRADOS
C:\Users\eduar\Desktop\Soybe-main\data\com_fundo_filtrado\RGB_JPG_CHOCHOS\grao_DSC_0326_id41.png,RGB_JPG_CHOCHOS,RGB_JPG_CHOCHOS
C:\Users\eduar\Desktop\Soybe-main\data\com_fundo_filtrado\RGB_JPG_CHOCHOS\grao_DSC_0363_id127.png,RGB_JPG_CHOCHOS,RGB_JPG_CHOCHOS
C:\Users\eduar\Desktop\Soybe-main\data\com_fundo_filtrado\RGB_JPG_Normais\grao_DSC_0160_id90.png,RGB_JPG_Normais,RGB_JPG_Normais
C:\Users\eduar\Desktop\Soybe-main\data\com_fundo_filtrado\RGB_JPG_CHOCHOS\grao_DSC_0331_id36.png,RGB_JPG_CHOCHOS,RGB_JPG_CHOCHOS
C:\Users\eduar\Desktop\Soybe-main\data\com_fundo_filtrado\RGB_JPG_QUEBRADOS\grao_DSC_0435_id61.png,RGB_JPG_QUEBRADOS,RGB_JPG_QUEBRADOS
C:\Users\eduar\Desktop\Soybe-main\data\com_fundo_filtrado\RGB_JPG_QUEBRADOS\grao_DSC_0454_id48.png,RGB_JPG_QUEBRADOS,RGB_JPG_QUEBRADOS
C:\Users\eduar\Desktop\Soybe-main\data\com_fundo_filtrado\RGB_JPG_Normais\grao_DSC_0516_id70.png,RGB_JPG_Normais,RGB_JPG_Normais
C:\Users\eduar\Desktop\Soybe-main\data\com_fundo_filtrado\RGB_JPG_Normais\grao_DSC_0391_id110.png,RGB_JPG_Normais,RGB_JPG_Normais
C:\Users\eduar\Desktop\Soybe-main\data\com_fundo_filtrado\RGB_JPG_IMPUREZAS\grao_DSC_0240_id229.png,RGB_JPG_IMPUREZAS,RGB_JPG_IMPUREZAS
C:\Users\eduar\Desktop\Soybe-main\data\com_fundo_filtrado\RGB_JPG_CHOCHOS\grao_DSC_0167_id19.png,RGB_JPG_CHOCHOS,RGB_JPG_CHOCHOS
C:\Users\eduar\Desktop\Soybe-main\data\com_fundo_filtrado\RGB_JPG_Normais\grao_DSC_0672_id44.png,RGB_JPG_Normais,RGB_JPG_Normais
C:\Users\eduar\Desktop\Soybe-main\data\com_fundo_filtrado\RGB_JPG_Normais\grao_DSC_0495_id27.png,RGB_JPG_Normais,RGB_JPG_Normais
C:\Users\eduar\Desktop\Soybe-main\data\com_fundo_filtrado\RGB_JPG_IMPUREZAS\grao_DSC_0290_id119.png,RGB_JPG_IMPUREZAS,RGB_JPG_IMPUREZAS
C:\Users\eduar\Desktop\Soybe-main\data\com_fundo_filtrado\RGB_JPG_IMPUREZAS\grao_DSC_0281_id48.png,RGB_JPG_IMPUREZAS,RGB_JPG_IMPUREZAS
C:\Users\eduar\Desktop\Soybe-main\data\com_fundo_filtrado\RGB_JPG_IMPUREZAS\grao_DSC_0240_id146.png,RGB_JPG_IMPUREZAS,RGB_JPG_IMPUREZAS
C:\Users\eduar\Desktop\Soybe-main\data\com_fundo_filtrado\RGB_JPG_IMPUREZAS\grao_DSC_0283_id108.png,RGB_JPG_IMPUREZAS,RGB_JPG_IMPUREZAS
C:\Users\eduar\Desktop\Soybe-main\data\com_fundo_filtrado\RGB_JPG_Normais\grao_DSC_0386_id88.png,RGB_JPG_Normais,RGB_JPG_Normais
C:\Users\eduar\Desktop\Soybe-main\data\com_fundo_filtrado\RGB_JPG_IMPUREZAS\grao_DSC_0280_id86.png,RGB_JPG_IMPUREZAS,RGB_JPG_IMPUREZAS
C:\Users\eduar\Desktop\Soybe-main\data\com_fundo_filtrado\RGB_JPG_Normais\grao_DSC_0374_id76.png,RGB_JPG_Normais,RGB_JPG_Normais
C:\Users\eduar\Desktop\Soybe-main\data\com_fundo_filtrado\RGB_JPG_IMPUREZAS\grao_DSC_0238_id168.png,RGB_JPG_IMPUREZAS,RGB_JPG_IMPUREZAS
C:\Users\eduar\Desktop\Soybe-main\data\com_fundo_filtrado\RGB_JPG_Normais\grao_DSC_0518_id92.png,RGB_JPG_Normais,RGB_JPG_Normais
C:\Users\eduar\Desktop\Soybe-main\data\com_fundo_filtrado\RGB_JPG_CHOCHOS\grao_DSC_0338_id101.png,RGB_JPG_CHOCHOS,RGB_JPG_CHOCHOS
C:\Users\eduar\Desktop\Soybe-main\data\com_fundo_filtrado\RGB_JPG_IMPUREZAS\grao_DSC_0018_id211.png,RGB_JPG_IMPUREZAS,RGB_JPG_IMPUREZAS
C:\Users\eduar\Desktop\Soybe-main\data\com_fundo_filtrado\RGB_JPG_Normais\grao_DSC_0514_id47.png,RGB_JPG_Normais,RGB_JPG_Normais
C:\Users\eduar\Desktop\Soybe-main\data\com_fundo_filtrado\RGB_JPG_QUEBRADOS\grao_DSC_0438_id70.png,RGB_JPG_QUEBRADOS,RGB_JPG_QUEBRADOS
C:\Users\eduar\Desktop\Soybe-main\data\com_fundo_filtrado\RGB_JPG_Normais\grao_DSC_0143_id103.png,RGB_JPG_Normais,RGB_JPG_Normais
C:\Users\eduar\Desktop\Soybe-main\data\com_fundo_filtrado\RGB_JPG_Normais\grao_DSC_0506_id15.png,RGB_JPG_Normais,RGB_JPG_Normais
C:\Users\eduar\Desktop\Soybe-main\data\com_fundo_filtrado\RGB_JPG_IMPUREZAS\grao_DSC_0281_id127.png,RGB_JPG_IMPUREZAS,RGB_JPG_IMPUREZAS
C:\Users\eduar\Desktop\Soybe-main\data\com_fundo_filtrado\RGB_JPG_IMPUREZAS\grao_DSC_0007_id75.png,RGB_JPG_IMPUREZAS,RGB_JPG_IMPUREZAS
C:\Users\eduar\Desktop\Soybe-main\data\com_fundo_filtrado\RGB_JPG_Normais\grao_DSC_0488_id30.png,RGB_JPG_Normais,RGB_JPG_Normais
C:\Users\eduar\Desktop\Soybe-main\data\com_fundo_filtrado\RGB_JPG_IMPUREZAS\grao_DSC_0037_id19.png,RGB_JPG_IMPUREZAS,RGB_JPG_IMPUREZAS
C:\Users\eduar\Desktop\Soybe-main\data\com_fundo_filtrado\RGB_JPG_CHOCHOS\grao_DSC_0348_id49.png,RGB_JPG_CHOCHOS,RGB_JPG_CHOCHOS
C:\Users\eduar\Desktop\Soybe-main\data\com_fundo_filtrado\RGB_JPG_QUEBRADOS\grao_DSC_0417_id36.png,RGB_JPG_QUEBRADOS,RGB_JPG_QUEBRADOS
C:\Users\eduar\Desktop\Soybe-main\data\com_fundo_filtrado\RGB_JPG_IMPUREZAS\grao_DSC_0283_id85.png,RGB_JPG_IMPUREZAS,RGB_JPG_IMPUREZAS
C:\Users\eduar\Desktop\Soybe-main\data\com_fundo_filtrado\RGB_JPG_CHOCHOS\grao_DSC_0338_id13.png,RGB_JPG_CHOCHOS,RGB_JPG_CHOCHOS
C:\Users\eduar\Desktop\Soybe-main\data\com_fundo_filtrado\RGB_JPG_Normais\grao_DSC_0369_id3.png,RGB_JPG_Normais,RGB_JPG_Normais
C:\Users\eduar\Desktop\Soybe-main\data\com_fundo_filtrado\RGB_JPG_CHOCHOS\grao_DSC_0351_id90.png,RGB_JPG_CHOCHOS,RGB_JPG_CHOCHOS
C:\Users\eduar\Desktop\Soybe-main\data\com_fundo_filtrado\RGB_JPG_Normais\grao_DSC_0478_id73.png,RGB_JPG_Normais,RGB_JPG_Normais
C:\Users\eduar\Desktop\Soybe-main\data\com_fundo_filtrado\RGB_JPG_PURPURAS\grao_DSC_0048_id40.png,RGB_JPG_PURPURAS,RGB_JPG_PURPURAS
C:\Users\eduar\Desktop\Soybe-main\data\com_fundo_filtrado\RGB_JPG_CHOCHOS\grao_DSC_0347_id47.png,RGB_JPG_CHOCHOS,RGB_JPG_CHOCHOS
C:\Users\eduar\Desktop\Soybe-main\data\com_fundo_filtrado\RGB_JPG_IMPUREZAS\grao_DSC_0236_id69.png,RGB_JPG_IMPUREZAS,RGB_JPG_IMPUREZAS
C:\Users\eduar\Desktop\Soybe-main\data\com_fundo_filtrado\RGB_JPG_Normais\grao_DSC_0157_id102.png,RGB_JPG_Normais,RGB_JPG_Normais
C:\Users\eduar\Desktop\Soybe-main\data\com_fundo_filtrado\RGB_JPG_Normais\grao_DSC_0667_id86.png,RGB_JPG_Normais,RGB_JPG_Normais
C:\Users\eduar\Desktop\Soybe-main\data\com_fundo_filtrado\RGB_JPG_Normais\grao_DSC_0396_id66.png,RGB_JPG_Normais,RGB_JPG_Normais
C:\Users\eduar\Desktop\Soybe-main\data\com_fundo_filtrado\RGB_JPG_IMPUREZAS\grao_DSC_0257_id63.png,RGB_JPG_IMPUREZAS,RGB_JPG_IMPUREZAS
C:\Users\eduar\Desktop\Soybe-main\data\com_fundo_filtrado\RGB_JPG_CHOCHOS\grao_DSC_0341_id57.png,RGB_JPG_CHOCHOS,RGB_JPG_CHOCHOS
C:\Users\eduar\Desktop\Soybe-main\data\com_fundo_filtrado\RGB_JPG_Normais\grao_DSC_0216_id5.png,RGB_JPG_Normais,RGB_JPG_Normais
C:\Users\eduar\Desktop\Soybe-main\data\com_fundo_filtrado\RGB_JPG_Normais\grao_DSC_0373_id19.png,RGB_JPG_Normais,RGB_JPG_Normais
C:\Users\eduar\Desktop\Soybe-main\data\com_fundo_filtrado\RGB_JPG_CHOCHOS\grao_DSC_0344_id9.png,RGB_JPG_CHOCHOS,RGB_JPG_CHOCHOS
C:\Users\eduar\Desktop\Soybe-main\data\com_fundo_filtrado\RGB_JPG_MAMONAS\grao_DSC_0186_id40.png,RGB_JPG_MAMONAS,RGB_JPG_MAMONAS
C:\Users\eduar\Desktop\Soybe-main\data\com_fundo_filtrado\RGB_JPG_IMPUREZAS\grao_DSC_0267_id75.png,RGB_JPG_IMPUREZAS,RGB_JPG_IMPUREZAS
C:\Users\eduar\Desktop\Soybe-main\data\com_fundo_filtrado\RGB_JPG_Normais\grao_DSC_0659_id18.png,RGB_JPG_Normais,RGB_JPG_Normais
C:\Users\eduar\Desktop\Soybe-main\data\com_fundo_filtrado\RGB_JPG_Normais\grao_DSC_0617_id29.png,RGB_JPG_Normais,RGB_JPG_Normais
C:\Users\eduar\Desktop\Soybe-main\data\com_fundo_filtrado\RGB_JPG_IMPUREZAS\grao_DSC_0008_id146.png,RGB_JPG_IMPUREZAS,RGB_JPG_IMPUREZAS
C:\Users\eduar\Desktop\Soybe-main\data\com_fundo_filtrado\RGB_JPG_QUEBRADOS\grao_DSC_0443_id57.png,RGB_JPG_QUEBRADOS,RGB_JPG_QUEBRADOS
C:\Users\eduar\Desktop\Soybe-main\data\com_fundo_filtrado\RGB_JPG_IMPUREZAS\grao_DSC_0284_id54.png,RGB_JPG_IMPUREZAS,RGB_JPG_IMPUREZAS
C:\Users\eduar\Desktop\Soybe-main\data\com_fundo_filtrado\RGB_JPG_CHOCHOS\grao_DSC_0328_id48.png,RGB_JPG_CHOCHOS,RGB_JPG_CHOCHOS
C:\Users\eduar\Desktop\Soybe-main\data\com_fundo_filtrado\RGB_JPG_CHOCHOS\grao_DSC_0319_id116.png,RGB_JPG_CHOCHOS,RGB_JPG_CHOCHOS
C:\Users\eduar\Desktop\Soybe-main\data\com_fundo_filtrado\RGB_JPG_Normais\grao_DSC_0504_id83.png,RGB_JPG_Normais,RGB_JPG_Normais
C:\Users\eduar\Desktop\Soybe-main\data\com_fundo_filtrado\RGB_JPG_Normais\grao_DSC_0636_id104.png,RGB_JPG_Normais,RGB_JPG_Normais
C:\Users\eduar\Desktop\Soybe-main\data\com_fundo_filtrado\RGB_JPG_IMPUREZAS\grao_DSC_0243_id163.png,RGB_JPG_IMPUREZAS,RGB_JPG_IMPUREZAS
C:\Users\eduar\Desktop\Soybe-main\data\com_fundo_filtrado\RGB_JPG_QUEBRADOS\grao_DSC_0419_id53.png,RGB_JPG_QUEBRADOS,RGB_JPG_QUEBRADOS
C:\Users\eduar\Desktop\Soybe-main\data\com_fundo_filtrado\RGB_JPG_IMPUREZAS\grao_DSC_0231_id181.png,RGB_JPG_IMPUREZAS,RGB_JPG_IMPUREZAS
C:\Users\eduar\Desktop\Soybe-main\data\com_fundo_filtrado\RGB_JPG_Normais\grao_DSC_0634_id21.png,RGB_JPG_Normais,RGB_JPG_Normais
C:\Users\eduar\Desktop\Soybe-main\data\com_fundo_filtrado\RGB_JPG_Normais\grao_DSC_0386_id47.png,RGB_JPG_Normais,RGB_JPG_Normais
C:\Users\eduar\Desktop\Soybe-main\data\com_fundo_filtrado\RGB_JPG_Normais\grao_DSC_0394_id54.png,RGB_JPG_Normais,RGB_JPG_Normais
C:\Users\eduar\Desktop\Soybe-main\data\com_fundo_filtrado\RGB_JPG_Normais\grao_DSC_0633_id62.png,RGB_JPG_Normais,RGB_JPG_Normais
C:\Users\eduar\Desktop\Soybe-main\data\com_fundo_filtrado\RGB_JPG_Normais\grao_DSC_0383_id2.png,RGB_JPG_Normais,RGB_JPG_Normais
C:\Users\eduar\Desktop\Soybe-main\data\com_fundo_filtrado\RGB_JPG_Normais\grao_DSC_0614_id107.png,RGB_JPG_Normais,RGB_JPG_Normais
C:\Users\eduar\Desktop\Soybe-main\data\com_fundo_filtrado\RGB_JPG_QUEBRADOS\grao_DSC_0462_id45.png,RGB_JPG_QUEBRADOS,RGB_JPG_QUEBRADOS
C:\Users\eduar\Desktop\Soybe-main\data\com_fundo_filtrado\RGB_JPG_IMPUREZAS\grao_DSC_0258_id100.png,RGB_JPG_IMPUREZAS,RGB_JPG_IMPUREZAS
C:\Users\eduar\Desktop\Soybe-main\data\com_fundo_filtrado\RGB_JPG_IMPUREZAS\grao_DSC_0287_id256.png,RGB_JPG_IMPUREZAS,RGB_JPG_IMPUREZAS
C:\Users\eduar\Desktop\Soybe-main\data\com_fundo_filtrado\RGB_JPG_QUEBRADOS\grao_DSC_0406_id23.png,RGB_JPG_QUEBRADOS,RGB_JPG_QUEBRADOS
C:\Users\eduar\Desktop\Soybe-main\data\com_fundo_filtrado\RGB_JPG_Normais\grao_DSC_0655_id103.png,RGB_JPG_Normais,RGB_JPG_Normais
C:\Users\eduar\Desktop\Soybe-main\data\com_fundo_filtrado\RGB_JPG_Normais\grao_DSC_0134_id45.png,RGB_JPG_Normais,RGB_JPG_Normais
C:\Users\eduar\Desktop\Soybe-main\data\com_fundo_filtrado\RGB_JPG_IMPUREZAS\grao_DSC_0288_id166.png,RGB_JPG_IMPUREZAS,RGB_JPG_IMPUREZAS
C:\Users\eduar\Desktop\Soybe-main\data\com_fundo_filtrado\RGB_JPG_Normais\grao_DSC_0160_id55.png,RGB_JPG_Normais,RGB_JPG_Normais
C:\Users\eduar\Desktop\Soybe-main\data\com_fundo_filtrado\RGB_JPG_IMPUREZAS\grao_DSC_0252_id137.png,RGB_JPG_IMPUREZAS,RGB_JPG_IMPUREZAS
C:\Users\eduar\Desktop\Soybe-main\data\com_fundo_filtrado\RGB_JPG_QUEBRADOS\grao_DSC_0465_id17.png,RGB_JPG_QUEBRADOS,RGB_JPG_QUEBRADOS
C:\Users\eduar\Desktop\Soybe-main\data\com_fundo_filtrado\RGB_JPG_Normais\grao_DSC_0393_id32.png,RGB_JPG_Normais,RGB_JPG_Normais
C:\Users\eduar\Desktop\Soybe-main\data\com_fundo_filtrado\RGB_JPG_QUEBRADOS\grao_DSC_0170_id96.png,RGB_JPG_QUEBRADOS,RGB_JPG_QUEBRADOS
C:\Users\eduar\Desktop\Soybe-main\data\com_fundo_filtrado\RGB_JPG_Normais\grao_DSC_0136_id96.png,RGB_JPG_Normais,RGB_JPG_Normais
C:\Users\eduar\Desktop\Soybe-main\data\com_fundo_filtrado\RGB_JPG_Normais\grao_DSC_0491_id12.png,RGB_JPG_Normais,RGB_JPG_Normais
C:\Users\eduar\Desktop\Soybe-main\data\com_fundo_filtrado\RGB_JPG_Normais\grao_DSC_0621_id88.png,RGB_JPG_Normais,RGB_JPG_Normais
C:\Users\eduar\Desktop\Soybe-main\data\com_fundo_filtrado\RGB_JPG_QUEBRADOS\grao_DSC_0430_id51.png,RGB_JPG_QUEBRADOS,RGB_JPG_QUEBRADOS
C:\Users\eduar\Desktop\Soybe-main\data\com_fundo_filtrado\RGB_JPG_Normais\grao_DSC_0619_id6.png,RGB_JPG_Normais,RGB_JPG_Normais
C:\Users\eduar\Desktop\Soybe-main\data\com_fundo_filtrado\RGB_JPG_CHOCHOS\grao_DSC_0318_id60.png,RGB_JPG_CHOCHOS,RGB_JPG_CHOCHOS
C:\Users\eduar\Desktop\Soybe-main\data\com_fundo_filtrado\RGB_JPG_Normais\grao_DSC_0610_id23.png,RGB_JPG_Normais,RGB_JPG_Normais
C:\Users\eduar\Desktop\Soybe-main\data\com_fundo_filtrado\RGB_JPG_QUEBRADOS\grao_DSC_0407_id60.png,RGB_JPG_QUEBRADOS,RGB_JPG_Normais
C:\Users\eduar\Desktop\Soybe-main\data\com_fundo_filtrado\RGB_JPG_IMPUREZAS\grao_DSC_0243_id96.png,RGB_JPG_IMPUREZAS,RGB_JPG_IMPUREZAS
C:\Users\eduar\Desktop\Soybe-main\data\com_fundo_filtrado\RGB_JPG_Normais\grao_DSC_0632_id34.png,RGB_JPG_Normais,RGB_JPG_Normais
C:\Users\eduar\Desktop\Soybe-main\data\com_fundo_filtrado\RGB_JPG_IMPUREZAS\grao_DSC_0018_id128.png,RGB_JPG_IMPUREZAS,RGB_JPG_IMPUREZAS
C:\Users\eduar\Desktop\Soybe-main\data\com_fundo_filtrado\RGB_JPG_IMPUREZAS\grao_DSC_0276_id31.png,RGB_JPG_IMPUREZAS,RGB_JPG_IMPUREZAS
C:\Users\eduar\Desktop\Soybe-main\data\com_fundo_filtrado\RGB_JPG_QUEBRADOS\grao_DSC_0427_id104.png,RGB_JPG_QUEBRADOS,RGB_JPG_QUEBRADOS
C:\Users\eduar\Desktop\Soybe-main\data\com_fundo_filtrado\RGB_JPG_QUEBRADOS\grao_DSC_0466_id43.png,RGB_JPG_QUEBRADOS,RGB_JPG_QUEBRADOS
C:\Users\eduar\Desktop\Soybe-main\data\com_fundo_filtrado\RGB_JPG_IMPUREZAS\grao_DSC_0246_id181.png,RGB_JPG_IMPUREZAS,RGB_JPG_IMPUREZAS
C:\Users\eduar\Desktop\Soybe-main\data\com_fundo_filtrado\RGB_JPG_Normais\grao_DSC_0161_id10.png,RGB_JPG_Normais,RGB_JPG_Normais
C:\Users\eduar\Desktop\Soybe-main\data\com_fundo_filtrado\RGB_JPG_IMPUREZAS\grao_DSC_0258_id20.png,RGB_JPG_IMPUREZAS,RGB_JPG_IMPUREZAS
C:\Users\eduar\Desktop\Soybe-main\data\com_fundo_filtrado\RGB_JPG_IMPUREZAS\grao_DSC_0278_id136.png,RGB_JPG_IMPUREZAS,RGB_JPG_IMPUREZAS
C:\Users\eduar\Desktop\Soybe-main\data\com_fundo_filtrado\RGB_JPG_Normais\grao_DSC_0660_id44.png,RGB_JPG_Normais,RGB_JPG_Normais
C:\Users\eduar\Desktop\Soybe-main\data\com_fundo_filtrado\RGB_JPG_Normais\grao_DSC_0158_id71.png,RGB_JPG_Normais,RGB_JPG_Normais
C:\Users\eduar\Desktop\Soybe-main\data\com_fundo_filtrado\RGB_JPG_Normais\grao_DSC_0393_id29.png,RGB_JPG_Normais,RGB_JPG_Normais
C:\Users\eduar\Desktop\Soybe-main\data\com_fundo_filtrado\RGB_JPG_Normais\grao_DSC_0485_id24.png,RGB_JPG_Normais,RGB_JPG_Normais
C:\Users\eduar\Desktop\Soybe-main\data\com_fundo_filtrado\RGB_JPG_CHOCHOS\grao_DSC_0337_id51.png,RGB_JPG_CHOCHOS,RGB_JPG_CHOCHOS
C:\Users\eduar\Desktop\Soybe-main\data\com_fundo_filtrado\RGB_JPG_Normais\grao_DSC_0137_id35.png,RGB_JPG_Normais,RGB_JPG_Normais
C:\Users\eduar\Desktop\Soybe-main\data\com_fundo_filtrado\RGB_JPG_IMPUREZAS\grao_DSC_0274_id82.png,RGB_JPG_IMPUREZAS,RGB_JPG_IMPUREZAS
C:\Users\eduar\Desktop\Soybe-main\data\com_fundo_filtrado\RGB_JPG_QUEBRADOS\grao_DSC_0448_id28.png,RGB_JPG_QUEBRADOS,RGB_JPG_QUEBRADOS
C:\Users\eduar\Desktop\Soybe-main\data\com_fundo_filtrado\RGB_JPG_Normais\grao_DSC_0618_id27.png,RGB_JPG_Normais,RGB_JPG_Normais
C:\Users\eduar\Desktop\Soybe-main\data\com_fundo_filtrado\RGB_JPG_Normais\grao_DSC_0210_id80.png,RGB_JPG_Normais,RGB_JPG_Normais
C:\Users\eduar\Desktop\Soybe-main\data\com_fundo_filtrado\RGB_JPG_IMPUREZAS\grao_DSC_0041_id128.png,RGB_JPG_IMPUREZAS,RGB_JPG_IMPUREZAS
C:\Users\eduar\Desktop\Soybe-main\data\com_fundo_filtrado\RGB_JPG_Normais\grao_DSC_0367_id84.png,RGB_JPG_Normais,RGB_JPG_Normais
C:\Users\eduar\Desktop\Soybe-main\data\com_fundo_filtrado\RGB_JPG_QUEBRADOS\grao_DSC_0453_id45.png,RGB_JPG_QUEBRADOS,RGB_JPG_QUEBRADOS
C:\Users\eduar\Desktop\Soybe-main\data\com_fundo_filtrado\RGB_JPG_IMPUREZAS\grao_DSC_0281_id138.png,RGB_JPG_IMPUREZAS,RGB_JPG_IMPUREZAS
C:\Users\eduar\Desktop\Soybe-main\data\com_fundo_filtrado\RGB_JPG_Normais\grao_DSC_0500_id59.png,RGB_JPG_Normais,RGB_JPG_Normais
C:\Users\eduar\Desktop\Soybe-main\data\com_fundo_filtrado\RGB_JPG_IMPUREZAS\grao_DSC_0249_id17.png,RGB_JPG_IMPUREZAS,RGB_JPG_IMPUREZAS
C:\Users\eduar\Desktop\Soybe-main\data\com_fundo_filtrado\RGB_JPG_IMPUREZAS\grao_DSC_0283_id218.png,RGB_JPG_IMPUREZAS,RGB_JPG_IMPUREZAS
C:\Users\eduar\Desktop\Soybe-main\data\com_fundo_filtrado\RGB_JPG_IMPUREZAS\grao_DSC_0002_id380.png,RGB_JPG_IMPUREZAS,RGB_JPG_IMPUREZAS
C:\Users\eduar\Desktop\Soybe-main\data\com_fundo_filtrado\RGB_JPG_Normais\grao_DSC_0381_id36.png,RGB_JPG_Normais,RGB_JPG_Normais
C:\Users\eduar\Desktop\Soybe-main\data\com_fundo_filtrado\RGB_JPG_Normais\grao_DSC_0480_id67.png,RGB_JPG_Normais,RGB_JPG_Normais
C:\Users\eduar\Desktop\Soybe-main\data\com_fundo_filtrado\RGB_JPG_Normais\grao_DSC_0641_id105.png,RGB_JPG_Normais,RGB_JPG_Normais
C:\Users\eduar\Desktop\Soybe-main\data\com_fundo_filtrado\RGB_JPG_Normais\grao_DSC_0669_id65.png,RGB_JPG_Normais,RGB_JPG_Normais
C:\Users\eduar\Desktop\Soybe-main\data\com_fundo_filtrado\RGB_JPG_IMPUREZAS\grao_DSC_0226_id63.png,RGB_JPG_IMPUREZAS,RGB_JPG_IMPUREZAS
C:\Users\eduar\Desktop\Soybe-main\data\com_fundo_filtrado\RGB_JPG_Normais\grao_DSC_0651_id86.png,RGB_JPG_Normais,RGB_JPG_Normais
C:\Users\eduar\Desktop\Soybe-main\data\com_fundo_filtrado\RGB_JPG_INSETOS\grao_DSC_0164_id21.png,RGB_JPG_INSETOS,RGB_JPG_INSETOS
C:\Users\eduar\Desktop\Soybe-main\data\com_fundo_filtrado\RGB_JPG_IMPUREZAS\grao_DSC_0265_id88.png,RGB_JPG_IMPUREZAS,RGB_JPG_IMPUREZAS
C:\Users\eduar\Desktop\Soybe-main\data\com_fundo_filtrado\RGB_JPG_IMPUREZAS\grao_DSC_0294_id113.png,RGB_JPG_IMPUREZAS,RGB_JPG_IMPUREZAS
C:\Users\eduar\Desktop\Soybe-main\data\com_fundo_filtrado\RGB_JPG_IMPUREZAS\grao_DSC_0292_id151.png,RGB_JPG_IMPUREZAS,RGB_JPG_IMPUREZAS
C:\Users\eduar\Desktop\Soybe-main\data\com_fundo_filtrado\RGB_JPG_Normais\grao_DSC_0619_id100.png,RGB_JPG_Normais,RGB_JPG_Normais
C:\Users\eduar\Desktop\Soybe-main\data\com_fundo_filtrado\RGB_JPG_IMPUREZAS\grao_DSC_0010_id19.png,RGB_JPG_IMPUREZAS,RGB_JPG_IMPUREZAS
C:\Users\eduar\Desktop\Soybe-main\data\com_fundo_filtrado\RGB_JPG_CHOCHOS\grao_DSC_0335_id95.png,RGB_JPG_CHOCHOS,RGB_JPG_CHOCHOS
C:\Users\eduar\Desktop\Soybe-main\data\com_fundo_filtrado\RGB_JPG_IMPUREZAS\grao_DSC_0223_id120.png,RGB_JPG_IMPUREZAS,RGB_JPG_IMPUREZAS
C:\Users\eduar\Desktop\Soybe-main\data\com_fundo_filtrado\RGB_JPG_IMPUREZAS\grao_DSC_0225_id169.png,RGB_JPG_IMPUREZAS,RGB_JPG_IMPUREZAS
C:\Users\eduar\Desktop\Soybe-main\data\com_fundo_filtrado\RGB_JPG_Normais\grao_DSC_0659_id67.png,RGB_JPG_Normais,RGB_JPG_Normais
C:\Users\eduar\Desktop\Soybe-main\data\com_fundo_filtrado\RGB_JPG_Normais\grao_DSC_0499_id27.png,RGB_JPG_Normais,RGB_JPG_Normais
C:\Users\eduar\Desktop\Soybe-main\data\com_fundo_filtrado\RGB_JPG_Normais\grao_DSC_0631_id63.png,RGB_JPG_Normais,RGB_JPG_Normais
C:\Users\eduar\Desktop\Soybe-main\data\com_fundo_filtrado\RGB_JPG_IMPUREZAS\grao_DSC_0268_id122.png,RGB_JPG_IMPUREZAS,RGB_JPG_IMPUREZAS
C:\Users\eduar\Desktop\Soybe-main\data\com_fundo_filtrado\RGB_JPG_IMPUREZAS\grao_DSC_0281_id20.png,RGB_JPG_IMPUREZAS,RGB_JPG_IMPUREZAS
C:\Users\eduar\Desktop\Soybe-main\data\com_fundo_filtrado\RGB_JPG_Normais\grao_DSC_0513_id64.png,RGB_JPG_Normais,RGB_JPG_Normais
C:\Users\eduar\Desktop\Soybe-main\data\com_fundo_filtrado\RGB_JPG_IMPUREZAS\grao_DSC_0266_id173.png,RGB_JPG_IMPUREZAS,RGB_JPG_IMPUREZAS
C:\Users\eduar\Desktop\Soybe-main\data\com_fundo_filtrado\RGB_JPG_QUEBRADOS\grao_DSC_0464_id10.png,RGB_JPG_QUEBRADOS,RGB_JPG_QUEBRADOS
C:\Users\eduar\Desktop\Soybe-main\data\com_fundo_filtrado\RGB_JPG_IMPUREZAS\grao_DSC_0260_id79.png,RGB_JPG_IMPUREZAS,RGB_JPG_IMPUREZAS
C:\Users\eduar\Desktop\Soybe-main\data\com_fundo_filtrado\RGB_JPG_QUEBRADOS\grao_DSC_0447_id7.png,RGB_JPG_QUEBRADOS,RGB_JPG_QUEBRADOS
C:\Users\eduar\Desktop\Soybe-main\data\com_fundo_filtrado\RGB_JPG_IMPUREZAS\grao_DSC_0250_id140.png,RGB_JPG_IMPUREZAS,RGB_JPG_IMPUREZAS
C:\Users\eduar\Desktop\Soybe-main\data\com_fundo_filtrado\RGB_JPG_Normais\grao_DSC_0374_id88.png,RGB_JPG_Normais,RGB_JPG_Normais
C:\Users\eduar\Desktop\Soybe-main\data\com_fundo_filtrado\RGB_JPG_IMPUREZAS\grao_DSC_0228_id74.png,RGB_JPG_IMPUREZAS,RGB_JPG_IMPUREZAS
C:\Users\eduar\Desktop\Soybe-main\data\com_fundo_filtrado\RGB_JPG_IMPUREZAS\grao_DSC_0224_id136.png,RGB_JPG_IMPUREZAS,RGB_JPG_IMPUREZAS
C:\Users\eduar\Desktop\Soybe-main\data\com_fundo_filtrado\RGB_JPG_MAMONAS\grao_DSC_0190_id147.png,RGB_JPG_MAMONAS,RGB_JPG_MAMONAS
C:\Users\eduar\Desktop\Soybe-main\data\com_fundo_filtrado\RGB_JPG_IMPUREZAS\grao_DSC_0224_id145.png,RGB_JPG_IMPUREZAS,RGB_JPG_IMPUREZAS
C:\Users\eduar\Desktop\Soybe-main\data\com_fundo_filtrado\RGB_JPG_IMPUREZAS\grao_DSC_0274_id130.png,RGB_JPG_IMPUREZAS,RGB_JPG_IMPUREZAS
C:\Users\eduar\Desktop\Soybe-main\data\com_fundo_filtrado\RGB_JPG_Normais\grao_DSC_0621_id102.png,RGB_JPG_Normais,RGB_JPG_Normais
C:\Users\eduar\Desktop\Soybe-main\data\com_fundo_filtrado\RGB_JPG_IMPUREZAS\grao_DSC_0284_id12.png,RGB_JPG_IMPUREZAS,RGB_JPG_IMPUREZAS
C:\Users\eduar\Desktop\Soybe-main\data\com_fundo_filtrado\RGB_JPG_INSETOS\grao_DSC_0164_id75.png,RGB_JPG_INSETOS,RGB_JPG_INSETOS
C:\Users\eduar\Desktop\Soybe-main\data\com_fundo_filtrado\RGB_JPG_QUEBRADOS\grao_DSC_0459_id29.png,RGB_JPG_QUEBRADOS,RGB_JPG_QUEBRADOS
C:\Users\eduar\Desktop\Soybe-main\data\com_fundo_filtrado\RGB_JPG_IMPUREZAS\grao_DSC_0002_id69.png,RGB_JPG_IMPUREZAS,RGB_JPG_IMPUREZAS
C:\Users\eduar\Desktop\Soybe-main\data\com_fundo_filtrado\RGB_JPG_Normais\grao_DSC_0386_id30.png,RGB_JPG_Normais,RGB_JPG_Normais
C:\Users\eduar\Desktop\Soybe-main\data\com_fundo_filtrado\RGB_JPG_Normais\grao_DSC_0499_id19.png,RGB_JPG_Normais,RGB_JPG_Normais
C:\Users\eduar\Desktop\Soybe-main\data\com_fundo_filtrado\RGB_JPG_Normais\grao_DSC_0517_id70.png,RGB_JPG_Normais,RGB_JPG_Normais
C:\Users\eduar\Desktop\Soybe-main\data\com_fundo_filtrado\RGB_JPG_Normais\grao_DSC_0615_id3.png,RGB_JPG_Normais,RGB_JPG_Normais
C:\Users\eduar\Desktop\Soybe-main\data\com_fundo_filtrado\RGB_JPG_Normais\grao_DSC_0150_id4.png,RGB_JPG_Normais,RGB_JPG_Normais
C:\Users\eduar\Desktop\Soybe-main\data\com_fundo_filtrado\RGB_JPG_Normais\grao_DSC_0370_id76.png,RGB_JPG_Normais,RGB_JPG_Normais
C:\Users\eduar\Desktop\Soybe-main\data\com_fundo_filtrado\RGB_JPG_IMPUREZAS\grao_DSC_0292_id87.png,RGB_JPG_IMPUREZAS,RGB_JPG_IMPUREZAS
C:\Users\eduar\Desktop\Soybe-main\data\com_fundo_filtrado\RGB_JPG_CHOCHOS\grao_DSC_0333_id7.png,RGB_JPG_CHOCHOS,RGB_JPG_CHOCHOS
C:\Users\eduar\Desktop\Soybe-main\data\com_fundo_filtrado\RGB_JPG_IMPUREZAS\grao_DSC_0272_id181.png,RGB_JPG_IMPUREZAS,RGB_JPG_IMPUREZAS
C:\Users\eduar\Desktop\Soybe-main\data\com_fundo_filtrado\RGB_JPG_ESVERDEADO\grao_DSC_0308_id68.png,RGB_JPG_ESVERDEADO,RGB_JPG_ESVERDEADO
C:\Users\eduar\Desktop\Soybe-main\data\com_fundo_filtrado\RGB_JPG_IMPUREZAS\grao_DSC_0275_id283.png,RGB_JPG_IMPUREZAS,RGB_JPG_IMPUREZAS
C:\Users\eduar\Desktop\Soybe-main\data\com_fundo_filtrado\RGB_JPG_IMPUREZAS\grao_DSC_0270_id50.png,RGB_JPG_IMPUREZAS,RGB_JPG_IMPUREZAS
C:\Users\eduar\Desktop\Soybe-main\data\com_fundo_filtrado\RGB_JPG_IMPUREZAS\grao_DSC_0284_id15.png,RGB_JPG_IMPUREZAS,RGB_JPG_IMPUREZAS
C:\Users\eduar\Desktop\Soybe-main\data\com_fundo_filtrado\RGB_JPG_Normais\grao_DSC_0608_id76.png,RGB_JPG_Normais,RGB_JPG_Normais
C:\Users\eduar\Desktop\Soybe-main\data\com_fundo_filtrado\RGB_JPG_ESVERDEADO\grao_DSC_0301_id31.png,RGB_JPG_ESVERDEADO,RGB_JPG_ESVERDEADO
C:\Users\eduar\Desktop\Soybe-main\data\com_fundo_filtrado\RGB_JPG_Normais\grao_DSC_0654_id48.png,RGB_JPG_Normais,RGB_JPG_Normais
C:\Users\eduar\Desktop\Soybe-main\data\com_fundo_filtrado\RGB_JPG_Normais\grao_DSC_0618_id57.png,RGB_JPG_Normais,RGB_JPG_Normais
C:\Users\eduar\Desktop\Soybe-main\data\com_fundo_filtrado\RGB_JPG_QUEBRADOS\grao_DSC_0428_id79.png,RGB_JPG_QUEBRADOS,RGB_JPG_QUEBRADOS
C:\Users\eduar\Desktop\Soybe-main\data\com_fundo_filtrado\RGB_JPG_Normais\grao_DSC_0660_id8.png,RGB_JPG_Normais,RGB_JPG_Normais
C:\Users\eduar\Desktop\Soybe-main\data\com_fundo_filtrado\RGB_JPG_Normais\grao_DSC_0382_id105.png,RGB_JPG_Normais,RGB_JPG_Normais
C:\Users\eduar\Desktop\Soybe-main\data\com_fundo_filtrado\RGB_JPG_IMPUREZAS\grao_DSC_0286_id164.png,RGB_JPG_IMPUREZAS,RGB_JPG_IMPUREZAS
C:\Users\eduar\Desktop\Soybe-main\data\com_fundo_filtrado\RGB_JPG_Normais\grao_DSC_0388_id27.png,RGB_JPG_Normais,RGB_JPG_Normais
C:\Users\eduar\Desktop\Soybe-main\data\com_fundo_filtrado\RGB_JPG_IMPUREZAS\grao_DSC_0270_id128.png,RGB_JPG_IMPUREZAS,RGB_JPG_IMPUREZAS
C:\Users\eduar\Desktop\Soybe-main\data\com_fundo_filtrado\RGB_JPG_IMPUREZAS\grao_DSC_0017_id221.png,RGB_JPG_IMPUREZAS,RGB_JPG_IMPUREZAS
C:\Users\eduar\Desktop\Soybe-main\data\com_fundo_filtrado\RGB_JPG_Normais\grao_DSC_0495_id9.png,RGB_JPG_Normais,RGB_JPG_Normais
C:\Users\eduar\Desktop\Soybe-main\data\com_fundo_filtrado\RGB_JPG_QUEBRADOS\grao_DSC_0170_id78.png,RGB_JPG_QUEBRADOS,RGB_JPG_QUEBRADOS
C:\Users\eduar\Desktop\Soybe-main\data\com_fundo_filtrado\RGB_JPG_Normais\grao_DSC_0615_id98.png,RGB_JPG_Normais,RGB_JPG_Normais
C:\Users\eduar\Desktop\Soybe-main\data\com_fundo_filtrado\RGB_JPG_Normais\grao_DSC_0623_id84.png,RGB_JPG_Normais,RGB_JPG_Normais
C:\Users\eduar\Desktop\Soybe-main\data\com_fundo_filtrado\RGB_JPG_QUEBRADOS\grao_DSC_0409_id2.png,RGB_JPG_QUEBRADOS,RGB_JPG_QUEBRADOS
C:\Users\eduar\Desktop\Soybe-main\data\com_fundo_filtrado\RGB_JPG_Normais\grao_DSC_0657_id13.png,RGB_JPG_Normais,RGB_JPG_Normais
C:\Users\eduar\Desktop\Soybe-main\data\com_fundo_filtrado\RGB_JPG_IMPUREZAS\grao_DSC_0293_id226.png,RGB_JPG_IMPUREZAS,RGB_JPG_IMPUREZAS
C:\Users\eduar\Desktop\Soybe-main\data\com_fundo_filtrado\RGB_JPG_QUEBRADOS\grao_DSC_0413_id53.png,RGB_JPG_QUEBRADOS,RGB_JPG_QUEBRADOS
C:\Users\eduar\Desktop\Soybe-main\data\com_fundo_filtrado\RGB_JPG_Normais\grao_DSC_0396_id22.png,RGB_JPG_Normais,RGB_JPG_Normais
C:\Users\eduar\Desktop\Soybe-main\data\com_fundo_filtrado\RGB_JPG_IMPUREZAS\grao_DSC_0026_id216.png,RGB_JPG_IMPUREZAS,RGB_JPG_IMPUREZAS
C:\Users\eduar\Desktop\Soybe-main\data\com_fundo_filtrado\RGB_JPG_IMPUREZAS\grao_DSC_0261_id3.png,RGB_JPG_IMPUREZAS,RGB_JPG_IMPUREZAS
C:\Users\eduar\Desktop\Soybe-main\data\com_fundo_filtrado\RGB_JPG_Normais\grao_DSC_0505_id32.png,RGB_JPG_Normais,RGB_JPG_Normais
C:\Users\eduar\Desktop\Soybe-main\data\com_fundo_filtrado\RGB_JPG_Normais\grao_DSC_0620_id79.png,RGB_JPG_Normais,RGB_JPG_Normais
C:\Users\eduar\Desktop\Soybe-main\data\com_fundo_filtrado\RGB_JPG_Normais\grao_DSC_0484_id4.png,RGB_JPG_Normais,RGB_JPG_Normais
C:\Users\eduar\Desktop\Soybe-main\data\com_fundo_filtrado\RGB_JPG_Normais\grao_DSC_0156_id97.png,RGB_JPG_Normais,RGB_JPG_Normais
C:\Users\eduar\Desktop\Soybe-main\data\com_fundo_filtrado\RGB_JPG_Normais\grao_DSC_0623_id67.png,RGB_JPG_Normais,RGB_JPG_Normais
C:\Users\eduar\Desktop\Soybe-main\data\com_fundo_filtrado\RGB_JPG_Normais\grao_DSC_0365_id26.png,RGB_JPG_Normais,RGB_JPG_Normais
C:\Users\eduar\Desktop\Soybe-main\data\com_fundo_filtrado\RGB_JPG_QUEBRADOS\grao_DSC_0421_id25.png,RGB_JPG_QUEBRADOS,RGB_JPG_QUEBRADOS
C:\Users\eduar\Desktop\Soybe-main\data\com_fundo_filtrado\RGB_JPG_QUEBRADOS\grao_DSC_0172_id106.png,RGB_JPG_QUEBRADOS,RGB_JPG_QUEBRADOS
C:\Users\eduar\Desktop\Soybe-main\data\com_fundo_filtrado\RGB_JPG_QUEBRADOS\grao_DSC_0413_id22.png,RGB_JPG_QUEBRADOS,RGB_JPG_QUEBRADOS
C:\Users\eduar\Desktop\Soybe-main\data\com_fundo_filtrado\RGB_JPG_QUEBRADOS\grao_DSC_0420_id30.png,RGB_JPG_QUEBRADOS,RGB_JPG_QUEBRADOS
C:\Users\eduar\Desktop\Soybe-main\data\com_fundo_filtrado\RGB_JPG_MAMONAS\grao_DSC_0188_id90.png,RGB_JPG_MAMONAS,RGB_JPG_MAMONAS
C:\Users\eduar\Desktop\Soybe-main\data\com_fundo_filtrado\RGB_JPG_IMPUREZAS\grao_DSC_0230_id271.png,RGB_JPG_IMPUREZAS,RGB_JPG_IMPUREZAS
C:\Users\eduar\Desktop\Soybe-main\data\com_fundo_filtrado\RGB_JPG_IMPUREZAS\grao_DSC_0248_id199.png,RGB_JPG_IMPUREZAS,RGB_JPG_IMPUREZAS
C:\Users\eduar\Desktop\Soybe-main\data\com_fundo_filtrado\RGB_JPG_CHOCHOS\grao_DSC_0324_id2.png,RGB_JPG_CHOCHOS,RGB_JPG_CHOCHOS
C:\Users\eduar\Desktop\Soybe-main\data\com_fundo_filtrado\RGB_JPG_IMPUREZAS\grao_DSC_0229_id203.png,RGB_JPG_IMPUREZAS,RGB_JPG_IMPUREZAS
C:\Users\eduar\Desktop\Soybe-main\data\com_fundo_filtrado\RGB_JPG_CHOCHOS\grao_DSC_0355_id83.png,RGB_JPG_CHOCHOS,RGB_JPG_CHOCHOS
C:\Users\eduar\Desktop\Soybe-main\data\com_fundo_filtrado\RGB_JPG_IMPUREZAS\grao_DSC_0296_id199.png,RGB_JPG_IMPUREZAS,RGB_JPG_IMPUREZAS
C:\Users\eduar\Desktop\Soybe-main\data\com_fundo_filtrado\RGB_JPG_Normais\grao_DSC_0678_id46.png,RGB_JPG_Normais,RGB_JPG_Normais
C:\Users\eduar\Desktop\Soybe-main\data\com_fundo_filtrado\RGB_JPG_Normais\grao_DSC_0653_id1.png,RGB_JPG_Normais,RGB_JPG_Normais
C:\Users\eduar\Desktop\Soybe-main\data\com_fundo_filtrado\RGB_JPG_QUEBRADOS\grao_DSC_0169_id29.png,RGB_JPG_QUEBRADOS,RGB_JPG_QUEBRADOS
C:\Users\eduar\Desktop\Soybe-main\data\com_fundo_filtrado\RGB_JPG_Normais\grao_DSC_0487_id37.png,RGB_JPG_Normais,RGB_JPG_Normais
C:\Users\eduar\Desktop\Soybe-main\data\com_fundo_filtrado\RGB_JPG_Normais\grao_DSC_0670_id24.png,RGB_JPG_Normais,RGB_JPG_Normais
C:\Users\eduar\Desktop\Soybe-main\data\com_fundo_filtrado\RGB_JPG_Normais\grao_DSC_0642_id12.png,RGB_JPG_Normais,RGB_JPG_Normais
C:\Users\eduar\Desktop\Soybe-main\data\com_fundo_filtrado\RGB_JPG_QUEBRADOS\grao_DSC_0421_id36.png,RGB_JPG_QUEBRADOS,RGB_JPG_QUEBRADOS
C:\Users\eduar\Desktop\Soybe-main\data\com_fundo_filtrado\RGB_JPG_IMPUREZAS\grao_DSC_0247_id222.png,RGB_JPG_IMPUREZAS,RGB_JPG_IMPUREZAS
C:\Users\eduar\Desktop\Soybe-main\data\com_fundo_filtrado\RGB_JPG_QUEBRADOS\grao_DSC_0420_id24.png,RGB_JPG_QUEBRADOS,RGB_JPG_QUEBRADOS
C:\Users\eduar\Desktop\Soybe-main\data\com_fundo_filtrado\RGB_JPG_IMPUREZAS\grao_DSC_0225_id52.png,RGB_JPG_IMPUREZAS,RGB_JPG_IMPUREZAS
C:\Users\eduar\Desktop\Soybe-main\data\com_fundo_filtrado\RGB_JPG_Normais\grao_DSC_0640_id85.png,RGB_JPG_Normais,RGB_JPG_Normais
C:\Users\eduar\Desktop\Soybe-main\data\com_fundo_filtrado\RGB_JPG_Normais\grao_DSC_0629_id27.png,RGB_JPG_Normais,RGB_JPG_Normais
C:\Users\eduar\Desktop\Soybe-main\data\com_fundo_filtrado\RGB_JPG_IMPUREZAS\grao_DSC_0296_id36.png,RGB_JPG_IMPUREZAS,RGB_JPG_IMPUREZAS
C:\Users\eduar\Desktop\Soybe-main\data\com_fundo_filtrado\RGB_JPG_Normais\grao_DSC_0477_id53.png,RGB_JPG_Normais,RGB_JPG_Normais
C:\Users\eduar\Desktop\Soybe-main\data\com_fundo_filtrado\RGB_JPG_Normais\grao_DSC_0675_id39.png,RGB_JPG_Normais,RGB_JPG_Normais
C:\Users\eduar\Desktop\Soybe-main\data\com_fundo_filtrado\RGB_JPG_Normais\grao_DSC_0212_id28.png,RGB_JPG_Normais,RGB_JPG_Normais
C:\Users\eduar\Desktop\Soybe-main\data\com_fundo_filtrado\RGB_JPG_Normais\grao_DSC_0669_id18.png,RGB_JPG_Normais,RGB_JPG_Normais
C:\Users\eduar\Desktop\Soybe-main\data\com_fundo_filtrado\RGB_JPG_CHOCHOS\grao_DSC_0346_id9.png,RGB_JPG_CHOCHOS,RGB_JPG_CHOCHOS
C:\Users\eduar\Desktop\Soybe-main\data\com_fundo_filtrado\RGB_JPG_QUEBRADOS\grao_DSC_0403_id20.png,RGB_JPG_QUEBRADOS,RGB_JPG_QUEBRADOS
C:\Users\eduar\Desktop\Soybe-main\data\com_fundo_filtrado\RGB_JPG_IMPUREZAS\grao_DSC_0223_id9.png,RGB_JPG_IMPUREZAS,RGB_JPG_IMPUREZAS
C:\Users\eduar\Desktop\Soybe-main\data\com_fundo_filtrado\RGB_JPG_Normais\grao_DSC_0514_id52.png,RGB_JPG_Normais,RGB_JPG_Normais
C:\Users\eduar\Desktop\Soybe-main\data\com_fundo_filtrado\RGB_JPG_IMPUREZAS\grao_DSC_0230_id170.png,RGB_JPG_IMPUREZAS,RGB_JPG_IMPUREZAS
C:\Users\eduar\Desktop\Soybe-main\data\com_fundo_filtrado\RGB_JPG_IMPUREZAS\grao_DSC_0283_id139.png,RGB_JPG_IMPUREZAS,RGB_JPG_IMPUREZAS
C:\Users\eduar\Desktop\Soybe-main\data\com_fundo_filtrado\RGB_JPG_IMPUREZAS\grao_DSC_0227_id195.png,RGB_JPG_IMPUREZAS,RGB_JPG_IMPUREZAS
C:\Users\eduar\Desktop\Soybe-main\data\com_fundo_filtrado\RGB_JPG_ESVERDEADO\grao_DSC_0301_id53.png,RGB_JPG_ESVERDEADO,RGB_JPG_ESVERDEADO
C:\Users\eduar\Desktop\Soybe-main\data\com_fundo_filtrado\RGB_JPG_Normais\grao_DSC_0674_id36.png,RGB_JPG_Normais,RGB_JPG_Normais
C:\Users\eduar\Desktop\Soybe-main\data\com_fundo_filtrado\RGB_JPG_IMPUREZAS\grao_DSC_0259_id240.png,RGB_JPG_IMPUREZAS,RGB_JPG_IMPUREZAS
C:\Users\eduar\Desktop\Soybe-main\data\com_fundo_filtrado\RGB_JPG_QUEBRADOS\grao_DSC_0466_id40.png,RGB_JPG_QUEBRADOS,RGB_JPG_QUEBRADOS
C:\Users\eduar\Desktop\Soybe-main\data\com_fundo_filtrado\RGB_JPG_IMPUREZAS\grao_DSC_0280_id144.png,RGB_JPG_IMPUREZAS,RGB_JPG_IMPUREZAS
C:\Users\eduar\Desktop\Soybe-main\data\com_fundo_filtrado\RGB_JPG_IMPUREZAS\grao_DSC_0274_id279.png,RGB_JPG_IMPUREZAS,RGB_JPG_IMPUREZAS
C:\Users\eduar\Desktop\Soybe-main\data\com_fundo_filtrado\RGB_JPG_Normais\grao_DSC_0493_id52.png,RGB_JPG_Normais,RGB_JPG_Normais
C:\Users\eduar\Desktop\Soybe-main\data\com_fundo_filtrado\RGB_JPG_IMPUREZAS\grao_DSC_0280_id102.png,RGB_JPG_IMPUREZAS,RGB_JPG_IMPUREZAS
C:\Users\eduar\Desktop\Soybe-main\data\com_fundo_filtrado\RGB_JPG_Normais\grao_DSC_0634_id20.png,RGB_JPG_Normais,RGB_JPG_Normais
C:\Users\eduar\Desktop\Soybe-main\data\com_fundo_filtrado\RGB_JPG_Normais\grao_DSC_0497_id5.png,RGB_JPG_Normais,RGB_JPG_Normais
C:\Users\eduar\Desktop\Soybe-main\data\com_fundo_filtrado\RGB_JPG_CHOCHOS\grao_DSC_0334_id84.png,RGB_JPG_CHOCHOS,RGB_JPG_CHOCHOS
C:\Users\eduar\Desktop\Soybe-main\data\com_fundo_filtrado\RGB_JPG_IMPUREZAS\grao_DSC_0007_id185.png,RGB_JPG_IMPUREZAS,RGB_JPG_IMPUREZAS
C:\Users\eduar\Desktop\Soybe-main\data\com_fundo_filtrado\RGB_JPG_IMPUREZAS\grao_DSC_0224_id54.png,RGB_JPG_IMPUREZAS,RGB_JPG_IMPUREZAS
C:\Users\eduar\Desktop\Soybe-main\data\com_fundo_filtrado\RGB_JPG_QUEBRADOS\grao_DSC_0427_id65.png,RGB_JPG_QUEBRADOS,RGB_JPG_QUEBRADOS
C:\Users\eduar\Desktop\Soybe-main\data\com_fundo_filtrado\RGB_JPG_Normais\grao_DSC_0637_id17.png,RGB_JPG_Normais,RGB_JPG_Normais
C:\Users\eduar\Desktop\Soybe-main\data\com_fundo_filtrado\RGB_JPG_Normais\grao_DSC_0624_id75.png,RGB_JPG_Normais,RGB_JPG_Normais
C:\Users\eduar\Desktop\Soybe-main\data\com_fundo_filtrado\RGB_JPG_ESVERDEADO\grao_DSC_0304_id58.png,RGB_JPG_ESVERDEADO,RGB_JPG_ESVERDEADO
C:\Users\eduar\Desktop\Soybe-main\data\com_fundo_filtrado\RGB_JPG_Normais\grao_DSC_0636_id8.png,RGB_JPG_Normais,RGB_JPG_Normais
C:\Users\eduar\Desktop\Soybe-main\data\com_fundo_filtrado\RGB_JPG_QUEBRADOS\grao_DSC_0169_id41.png,RGB_JPG_QUEBRADOS,RGB_JPG_QUEBRADOS
C:\Users\eduar\Desktop\Soybe-main\data\com_fundo_filtrado\RGB_JPG_Normais\grao_DSC_0506_id2.png,RGB_JPG_Normais,RGB_JPG_Normais
C:\Users\eduar\Desktop\Soybe-main\data\com_fundo_filtrado\RGB_JPG_IMPUREZAS\grao_DSC_0029_id123.png,RGB_JPG_IMPUREZAS,RGB_JPG_IMPUREZAS
C:\Users\eduar\Desktop\Soybe-main\data\com_fundo_filtrado\RGB_JPG_IMPUREZAS\grao_DSC_0030_id61.png,RGB_JPG_IMPUREZAS,RGB_JPG_IMPUREZAS
C:\Users\eduar\Desktop\Soybe-main\data\com_fundo_filtrado\RGB_JPG_Normais\grao_DSC_0157_id95.png,RGB_JPG_Normais,RGB_JPG_Normais
C:\Users\eduar\Desktop\Soybe-main\data\com_fundo_filtrado\RGB_JPG_Normais\grao_DSC_0668_id56.png,RGB_JPG_Normais,RGB_JPG_Normais
C:\Users\eduar\Desktop\Soybe-main\data\com_fundo_filtrado\RGB_JPG_Normais\grao_DSC_0368_id1.png,RGB_JPG_Normais,RGB_JPG_Normais
C:\Users\eduar\Desktop\Soybe-main\data\com_fundo_filtrado\RGB_JPG_QUEBRADOS\grao_DSC_0459_id22.png,RGB_JPG_QUEBRADOS,RGB_JPG_QUEBRADOS
C:\Users\eduar\Desktop\Soybe-main\data\com_fundo_filtrado\RGB_JPG_Normais\grao_DSC_0615_id8.png,RGB_JPG_Normais,RGB_JPG_Normais
C:\Users\eduar\Desktop\Soybe-main\data\com_fundo_filtrado\RGB_JPG_QUEBRADOS\grao_DSC_0170_id57.png,RGB_JPG_QUEBRADOS,RGB_JPG_QUEBRADOS
C:\Users\eduar\Desktop\Soybe-main\data\com_fundo_filtrado\RGB_JPG_IMPUREZAS\grao_DSC_0242_id98.png,RGB_JPG_IMPUREZAS,RGB_JPG_IMPUREZAS
C:\Users\eduar\Desktop\Soybe-main\data\com_fundo_filtrado\RGB_JPG_IMPUREZAS\grao_DSC_0278_id6.png,RGB_JPG_IMPUREZAS,RGB_JPG_IMPUREZAS
C:\Users\eduar\Desktop\Soybe-main\data\com_fundo_filtrado\RGB_JPG_INSETOS\grao_DSC_0163_id42.png,RGB_JPG_INSETOS,RGB_JPG_Normais
C:\Users\eduar\Desktop\Soybe-main\data\com_fundo_filtrado\RGB_JPG_IMPUREZAS\grao_DSC_0292_id36.png,RGB_JPG_IMPUREZAS,RGB_JPG_IMPUREZAS
C:\Users\eduar\Desktop\Soybe-main\data\com_fundo_filtrado\RGB_JPG_Normais\grao_DSC_0483_id54.png,RGB_JPG_Normais,RGB_JPG_Normais
C:\Users\eduar\Desktop\Soybe-main\data\com_fundo_filtrado\RGB_JPG_Normais\grao_DSC_0508_id7.png,RGB_JPG_Normais,RGB_JPG_Normais
C:\Users\eduar\Desktop\Soybe-main\data\com_fundo_filtrado\RGB_JPG_IMPUREZAS\grao_DSC_0278_id219.png,RGB_JPG_IMPUREZAS,RGB_JPG_IMPUREZAS
C:\Users\eduar\Desktop\Soybe-main\data\com_fundo_filtrado\RGB_JPG_MAMONAS\grao_DSC_0187_id34.png,RGB_JPG_MAMONAS,RGB_JPG_MAMONAS
C:\Users\eduar\Desktop\Soybe-main\data\com_fundo_filtrado\RGB_JPG_QUEBRADOS\grao_DSC_0455_id25.png,RGB_JPG_QUEBRADOS,RGB_JPG_QUEBRADOS
C:\Users\eduar\Desktop\Soybe-main\data\com_fundo_filtrado\RGB_JPG_ESVERDEADO\grao_DSC_0300_id23.png,RGB_JPG_ESVERDEADO,RGB_JPG_ESVERDEADO
C:\Users\eduar\Desktop\Soybe-main\data\com_fundo_filtrado\RGB_JPG_Normais\grao_DSC_0672_id95.png,RGB_JPG_Normais,RGB_JPG_Normais
C:\Users\eduar\Desktop\Soybe-main\data\com_fundo_filtrado\RGB_JPG_Normais\grao_DSC_0618_id64.png,RGB_JPG_Normais,RGB_JPG_Normais
C:\Users\eduar\Desktop\Soybe-main\data\com_fundo_filtrado\RGB_JPG_Normais\grao_DSC_0665_id6.png,RGB_JPG_Normais,RGB_JPG_Normais
C:\Users\eduar\Desktop\Soybe-main\data\com_fundo_filtrado\RGB_JPG_CHOCHOS\grao_DSC_0350_id111.png,RGB_JPG_CHOCHOS,RGB_JPG_CHOCHOS
C:\Users\eduar\Desktop\Soybe-main\data\com_fundo_filtrado\RGB_JPG_Normais\grao_DSC_0373_id51.png,RGB_JPG_Normais,RGB_JPG_Normais
C:\Users\eduar\Desktop\Soybe-main\data\com_fundo_filtrado\RGB_JPG_CHOCHOS\grao_DSC_0341_id86.png,RGB_JPG_CHOCHOS,RGB_JPG_CHOCHOS
C:\Users\eduar\Desktop\Soybe-main\data\com_fundo_filtrado\RGB_JPG_Normais\grao_DSC_0620_id75.png,RGB_JPG_Normais,RGB_JPG_Normais
C:\Users\eduar\Desktop\Soybe-main\data\com_fundo_filtrado\RGB_JPG_QUEBRADOS\grao_DSC_0458_id63.png,RGB_JPG_QUEBRADOS,RGB_JPG_Normais
C:\Users\eduar\Desktop\Soybe-main\data\com_fundo_filtrado\RGB_JPG_IMPUREZAS\grao_DSC_0276_id229.png,RGB_JPG_IMPUREZAS,RGB_JPG_IMPUREZAS
C:\Users\eduar\Desktop\Soybe-main\data\com_fundo_filtrado\RGB_JPG_IMPUREZAS\grao_DSC_0034_id13.png,RGB_JPG_IMPUREZAS,RGB_JPG_IMPUREZAS
C:\Users\eduar\Desktop\Soybe-main\data\com_fundo_filtrado\RGB_JPG_Normais\grao_DSC_0636_id32.png,RGB_JPG_Normais,RGB_JPG_Normais
C:\Users\eduar\Desktop\Soybe-main\data\com_fundo_filtrado\RGB_JPG_ESVERDEADO\grao_DSC_0303_id65.png,RGB_JPG_ESVERDEADO,RGB_JPG_ESVERDEADO
C:\Users\eduar\Desktop\Soybe-main\data\com_fundo_filtrado\RGB_JPG_Normais\grao_DSC_0478_id84.png,RGB_JPG_Normais,RGB_JPG_Normais
C:\Users\eduar\Desktop\Soybe-main\data\com_fundo_filtrado\RGB_JPG_QUEBRADOS\grao_DSC_0439_id6.png,RGB_JPG_QUEBRADOS,RGB_JPG_QUEBRADOS
C:\Users\eduar\Desktop\Soybe-main\data\com_fundo_filtrado\RGB_JPG_Normais\grao_DSC_0610_id48.png,RGB_JPG_Normais,RGB_JPG_Normais
C:\Users\eduar\Desktop\Soybe-main\data\com_fundo_filtrado\RGB_JPG_IMPUREZAS\grao_DSC_0223_id2.png,RGB_JPG_IMPUREZAS,RGB_JPG_IMPUREZAS
C:\Users\eduar\Desktop\Soybe-main\data\com_fundo_filtrado\RGB_JPG_Normais\grao_DSC_0384_id75.png,RGB_JPG_Normais,RGB_JPG_Normais
C:\Users\eduar\Desktop\Soybe-main\data\com_fundo_filtrado\RGB_JPG_Normais\grao_DSC_0219_id27.png,RGB_JPG_Normais,RGB_JPG_Normais
C:\Users\eduar\Desktop\Soybe-main\data\com_fundo_filtrado\RGB_JPG_CHOCHOS\grao_DSC_0357_id99.png,RGB_JPG_CHOCHOS,RGB_JPG_CHOCHOS
C:\Users\eduar\Desktop\Soybe-main\data\com_fundo_filtrado\RGB_JPG_Normais\grao_DSC_0646_id69.png,RGB_JPG_Normais,RGB_JPG_Normais
C:\Users\eduar\Desktop\Soybe-main\data\com_fundo_filtrado\RGB_JPG_IMPUREZAS\grao_DSC_0260_id86.png,RGB_JPG_IMPUREZAS,RGB_JPG_IMPUREZAS
C:\Users\eduar\Desktop\Soybe-main\data\com_fundo_filtrado\RGB_JPG_QUEBRADOS\grao_DSC_0425_id25.png,RGB_JPG_QUEBRADOS,RGB_JPG_QUEBRADOS
C:\Users\eduar\Desktop\Soybe-main\data\com_fundo_filtrado\RGB_JPG_QUEBRADOS\grao_DSC_0425_id78.png,RGB_JPG_QUEBRADOS,RGB_JPG_QUEBRADOS
C:\Users\eduar\Desktop\Soybe-main\data\com_fundo_filtrado\RGB_JPG_Normais\grao_DSC_0660_id68.png,RGB_JPG_Normais,RGB_JPG_Normais
C:\Users\eduar\Desktop\Soybe-main\data\com_fundo_filtrado\RGB_JPG_IMPUREZAS\grao_DSC_0026_id72.png,RGB_JPG_IMPUREZAS,RGB_JPG_IMPUREZAS
C:\Users\eduar\Desktop\Soybe-main\data\com_fundo_filtrado\RGB_JPG_IMPUREZAS\grao_DSC_0004_id133.png,RGB_JPG_IMPUREZAS,RGB_JPG_IMPUREZAS
C:\Users\eduar\Desktop\Soybe-main\data\com_fundo_filtrado\RGB_JPG_IMPUREZAS\grao_DSC_0258_id70.png,RGB_JPG_IMPUREZAS,RGB_JPG_IMPUREZAS
C:\Users\eduar\Desktop\Soybe-main\data\com_fundo_filtrado\RGB_JPG_IMPUREZAS\grao_DSC_0290_id192.png,RGB_JPG_IMPUREZAS,RGB_JPG_IMPUREZAS
C:\Users\eduar\Desktop\Soybe-main\data\com_fundo_filtrado\RGB_JPG_IMPUREZAS\grao_DSC_0294_id32.png,RGB_JPG_IMPUREZAS,RGB_JPG_IMPUREZAS
C:\Users\eduar\Desktop\Soybe-main\data\com_fundo_filtrado\RGB_JPG_Normais\grao_DSC_0664_id94.png,RGB_JPG_Normais,RGB_JPG_Normais
C:\Users\eduar\Desktop\Soybe-main\data\com_fundo_filtrado\RGB_JPG_IMPUREZAS\grao_DSC_0003_id128.png,RGB_JPG_IMPUREZAS,RGB_JPG_IMPUREZAS
C:\Users\eduar\Desktop\Soybe-main\data\com_fundo_filtrado\RGB_JPG_Normais\grao_DSC_0480_id78.png,RGB_JPG_Normais,RGB_JPG_Normais
C:\Users\eduar\Desktop\Soybe-main\data\com_fundo_filtrado\RGB_JPG_IMPUREZAS\grao_DSC_0274_id278.png,RGB_JPG_IMPUREZAS,RGB_JPG_IMPUREZAS
C:\Users\eduar\Desktop\Soybe-main\data\com_fundo_filtrado\RGB_JPG_IMPUREZAS\grao_DSC_0244_id190.png,RGB_JPG_IMPUREZAS,RGB_JPG_IMPUREZAS
C:\Users\eduar\Desktop\Soybe-main\data\com_fundo_filtrado\RGB_JPG_CHOCHOS\grao_DSC_0350_id39.png,RGB_JPG_CHOCHOS,RGB_JPG_CHOCHOS
C:\Users\eduar\Desktop\Soybe-main\data\com_fundo_filtrado\RGB_JPG_CHOCHOS\grao_DSC_0316_id49.png,RGB_JPG_CHOCHOS,RGB_JPG_CHOCHOS
C:\Users\eduar\Desktop\Soybe-main\data\com_fundo_filtrado\RGB_JPG_QUEBRADOS\grao_DSC_0401_id65.png,RGB_JPG_QUEBRADOS,RGB_JPG_QUEBRADOS
C:\Users\eduar\Desktop\Soybe-main\data\com_fundo_filtrado\RGB_JPG_IMPUREZAS\grao_DSC_0228_id281.png,RGB_JPG_IMPUREZAS,RGB_JPG_IMPUREZAS
C:\Users\eduar\Desktop\Soybe-main\data\com_fundo_filtrado\RGB_JPG_CHOCHOS\grao_DSC_0314_id48.png,RGB_JPG_CHOCHOS,RGB_JPG_CHOCHOS
C:\Users\eduar\Desktop\Soybe-main\data\com_fundo_filtrado\RGB_JPG_CHOCHOS\grao_DSC_0359_id36.png,RGB_JPG_CHOCHOS,RGB_JPG_CHOCHOS
C:\Users\eduar\Desktop\Soybe-main\data\com_fundo_filtrado\RGB_JPG_Normais\grao_DSC_0213_id38.png,RGB_JPG_Normais,RGB_JPG_Normais
C:\Users\eduar\Desktop\Soybe-main\data\com_fundo_filtrado\RGB_JPG_IMPUREZAS\grao_DSC_0027_id154.png,RGB_JPG_IMPUREZAS,RGB_JPG_IMPUREZAS
C:\Users\eduar\Desktop\Soybe-main\data\com_fundo_filtrado\RGB_JPG_Normais\grao_DSC_0655_id51.png,RGB_JPG_Normais,RGB_JPG_Normais
C:\Users\eduar\Desktop\Soybe-main\data\com_fundo_filtrado\RGB_JPG_IMPUREZAS\grao_DSC_0296_id119.png,RGB_JPG_IMPUREZAS,RGB_JPG_IMPUREZAS
C:\Users\eduar\Desktop\Soybe-main\data\com_fundo_filtrado\RGB_JPG_IMPUREZAS\grao_DSC_0263_id25.png,RGB_JPG_IMPUREZAS,RGB_JPG_IMPUREZAS
C:\Users\eduar\Desktop\Soybe-main\data\com_fundo_filtrado\RGB_JPG_QUEBRADOS\grao_DSC_0456_id72.png,RGB_JPG_QUEBRADOS,RGB_JPG_QUEBRADOS
C:\Users\eduar\Desktop\Soybe-main\data\com_fundo_filtrado\RGB_JPG_Normais\grao_DSC_0610_id10.png,RGB_JPG_Normais,RGB_JPG_Normais
C:\Users\eduar\Desktop\Soybe-main\data\com_fundo_filtrado\RGB_JPG_CHOCHOS\grao_DSC_0334_id104.png,RGB_JPG_CHOCHOS,RGB_JPG_CHOCHOS
C:\Users\eduar\Desktop\Soybe-main\data\com_fundo_filtrado\RGB_JPG_Normais\grao_DSC_0395_id89.png,RGB_JPG_Normais,RGB_JPG_Normais
C:\Users\eduar\Desktop\Soybe-main\data\com_fundo_filtrado\RGB_JPG_Normais\grao_DSC_0495_id6.png,RGB_JPG_Normais,RGB_JPG_Normais
C:\Users\eduar\Desktop\Soybe-main\data\com_fundo_filtrado\RGB_JPG_QUEBRADOS\grao_DSC_0460_id16.png,RGB_JPG_QUEBRADOS,RGB_JPG_QUEBRADOS
C:\Users\eduar\Desktop\Soybe-main\data\com_fundo_filtrado\RGB_JPG_Normais\grao_DSC_0618_id88.png,RGB_JPG_Normais,RGB_JPG_Normais
C:\Users\eduar\Desktop\Soybe-main\data\com_fundo_filtrado\RGB_JPG_Normais\grao_DSC_0674_id54.png,RGB_JPG_Normais,RGB_JPG_Normais
C:\Users\eduar\Desktop\Soybe-main\data\com_fundo_filtrado\RGB_JPG_CHOCHOS\grao_DSC_0353_id38.png,RGB_JPG_CHOCHOS,RGB_JPG_CHOCHOS
C:\Users\eduar\Desktop\Soybe-main\data\com_fundo_filtrado\RGB_JPG_IMPUREZAS\grao_DSC_0293_id274.png,RGB_JPG_IMPUREZAS,RGB_JPG_IMPUREZAS
C:\Users\eduar\Desktop\Soybe-main\data\com_fundo_filtrado\RGB_JPG_IMPUREZAS\grao_DSC_0252_id54.png,RGB_JPG_IMPUREZAS,RGB_JPG_IMPUREZAS
C:\Users\eduar\Desktop\Soybe-main\data\com_fundo_filtrado\RGB_JPG_IMPUREZAS\grao_DSC_0281_id211.png,RGB_JPG_IMPUREZAS,RGB_JPG_IMPUREZAS
C:\Users\eduar\Desktop\Soybe-main\data\com_fundo_filtrado\RGB_JPG_Normais\grao_DSC_0480_id46.png,RGB_JPG_Normais,RGB_JPG_Normais
C:\Users\eduar\Desktop\Soybe-main\data\com_fundo_filtrado\RGB_JPG_Normais\grao_DSC_0159_id60.png,RGB_JPG_Normais,RGB_JPG_Normais
C:\Users\eduar\Desktop\Soybe-main\data\com_fundo_filtrado\RGB_JPG_IMPUREZAS\grao_DSC_0286_id65.png,RGB_JPG_IMPUREZAS,RGB_JPG_IMPUREZAS
C:\Users\eduar\Desktop\Soybe-main\data\com_fundo_filtrado\RGB_JPG_Normais\grao_DSC_0656_id60.png,RGB_JPG_Normais,RGB_JPG_Normais
C:\Users\eduar\Desktop\Soybe-main\data\com_fundo_filtrado\RGB_JPG_IMPUREZAS\grao_DSC_0240_id341.png,RGB_JPG_IMPUREZAS,RGB_JPG_IMPUREZAS
C:\Users\eduar\Desktop\Soybe-main\data\com_fundo_filtrado\RGB_JPG_Normais\grao_DSC_0481_id82.png,RGB_JPG_Normais,RGB_JPG_Normais
C:\Users\eduar\Desktop\Soybe-main\data\com_fundo_filtrado\RGB_JPG_Normais\grao_DSC_0479_id73.png,RGB_JPG_Normais,RGB_JPG_Normais
C:\Users\eduar\Desktop\Soybe-main\data\com_fundo_filtrado\RGB_JPG_QUEBRADOS\grao_DSC_0428_id26.png,RGB_JPG_QUEBRADOS,RGB_JPG_QUEBRADOS
C:\Users\eduar\Desktop\Soybe-main\data\com_fundo_filtrado\RGB_JPG_Normais\grao_DSC_0675_id98.png,RGB_JPG_Normais,RGB_JPG_Normais
C:\Users\eduar\Desktop\Soybe-main\data\com_fundo_filtrado\RGB_JPG_IMPUREZAS\grao_DSC_0007_id85.png,RGB_JPG_IMPUREZAS,RGB_JPG_IMPUREZAS
C:\Users\eduar\Desktop\Soybe-main\data\com_fundo_filtrado\RGB_JPG_QUEBRADOS\grao_DSC_0413_id78.png,RGB_JPG_QUEBRADOS,RGB_JPG_QUEBRADOS
C:\Users\eduar\Desktop\Soybe-main\data\com_fundo_filtrado\RGB_JPG_IMPUREZAS\grao_DSC_0236_id257.png,RGB_JPG_IMPUREZAS,RGB_JPG_IMPUREZAS
C:\Users\eduar\Desktop\Soybe-main\data\com_fundo_filtrado\RGB_JPG_Normais\grao_DSC_0476_id6.png,RGB_JPG_Normais,RGB_JPG_Normais
C:\Users\eduar\Desktop\Soybe-main\data\com_fundo_filtrado\RGB_JPG_Normais\grao_DSC_0495_id5.png,RGB_JPG_Normais,RGB_JPG_Normais
C:\Users\eduar\Desktop\Soybe-main\data\com_fundo_filtrado\RGB_JPG_IMPUREZAS\grao_DSC_0029_id158.png,RGB_JPG_IMPUREZAS,RGB_JPG_IMPUREZAS
C:\Users\eduar\Desktop\Soybe-main\data\com_fundo_filtrado\RGB_JPG_ESVERDEADO\grao_DSC_0311_id69.png,RGB_JPG_ESVERDEADO,RGB_JPG_ESVERDEADO
C:\Users\eduar\Desktop\Soybe-main\data\com_fundo_filtrado\RGB_JPG_Normais\grao_DSC_0494_id29.png,RGB_JPG_Normais,RGB_JPG_Normais
C:\Users\eduar\Desktop\Soybe-main\data\com_fundo_filtrado\RGB_JPG_Normais\grao_DSC_0677_id104.png,RGB_JPG_Normais,RGB_JPG_Normais
C:\Users\eduar\Desktop\Soybe-main\data\com_fundo_filtrado\RGB_JPG_IMPUREZAS\grao_DSC_0002_id355.png,RGB_JPG_IMPUREZAS,RGB_JPG_IMPUREZAS
C:\Users\eduar\Desktop\Soybe-main\data\com_fundo_filtrado\RGB_JPG_Normais\grao_DSC_0669_id44.png,RGB_JPG_Normais,RGB_JPG_Normais
C:\Users\eduar\Desktop\Soybe-main\data\com_fundo_filtrado\RGB_JPG_CHOCHOS\grao_DSC_0364_id125.png,RGB_JPG_CHOCHOS,RGB_JPG_CHOCHOS
C:\Users\eduar\Desktop\Soybe-main\data\com_fundo_filtrado\RGB_JPG_QUEBRADOS\grao_DSC_0428_id63.png,RGB_JPG_QUEBRADOS,RGB_JPG_QUEBRADOS
C:\Users\eduar\Desktop\Soybe-main\data\com_fundo_filtrado\RGB_JPG_IMPUREZAS\grao_DSC_0273_id16.png,RGB_JPG_IMPUREZAS,RGB_JPG_IMPUREZAS
C:\Users\eduar\Desktop\Soybe-main\data\com_fundo_filtrado\RGB_JPG_IMPUREZAS\grao_DSC_0290_id24.png,RGB_JPG_IMPUREZAS,RGB_JPG_IMPUREZAS
C:\Users\eduar\Desktop\Soybe-main\data\com_fundo_filtrado\RGB_JPG_CHOCHOS\grao_DSC_0325_id45.png,RGB_JPG_CHOCHOS,RGB_JPG_CHOCHOS
C:\Users\eduar\Desktop\Soybe-main\data\com_fundo_filtrado\RGB_JPG_QUEBRADOS\grao_DSC_0408_id48.png,RGB_JPG_QUEBRADOS,RGB_JPG_QUEBRADOS
C:\Users\eduar\Desktop\Soybe-main\data\com_fundo_filtrado\RGB_JPG_CHOCHOS\grao_DSC_0346_id53.png,RGB_JPG_CHOCHOS,RGB_JPG_CHOCHOS
C:\Users\eduar\Desktop\Soybe-main\data\com_fundo_filtrado\RGB_JPG_Normais\grao_DSC_0608_id97.png,RGB_JPG_Normais,RGB_JPG_Normais
C:\Users\eduar\Desktop\Soybe-main\data\com_fundo_filtrado\RGB_JPG_IMPUREZAS\grao_DSC_0253_id79.png,RGB_JPG_IMPUREZAS,RGB_JPG_IMPUREZAS
C:\Users\eduar\Desktop\Soybe-main\data\com_fundo_filtrado\RGB_JPG_Normais\grao_DSC_0676_id24.png,RGB_JPG_Normais,RGB_JPG_Normais
C:\Users\eduar\Desktop\Soybe-main\data\com_fundo_filtrado\RGB_JPG_Normais\grao_DSC_0672_id66.png,RGB_JPG_Normais,RGB_JPG_Normais
C:\Users\eduar\Desktop\Soybe-main\data\com_fundo_filtrado\RGB_JPG_IMPUREZAS\grao_DSC_0252_id155.png,RGB_JPG_IMPUREZAS,RGB_JPG_IMPUREZAS
C:\Users\eduar\Desktop\Soybe-main\data\com_fundo_filtrado\RGB_JPG_IMPUREZAS\grao_DSC_0023_id44.png,RGB_JPG_IMPUREZAS,RGB_JPG_IMPUREZAS
C:\Users\eduar\Desktop\Soybe-main\data\com_fundo_filtrado\RGB_JPG_IMPUREZAS\grao_DSC_0283_id142.png,RGB_JPG_IMPUREZAS,RGB_JPG_IMPUREZAS
C:\Users\eduar\Desktop\Soybe-main\data\com_fundo_filtrado\RGB_JPG_QUEBRADOS\grao_DSC_0445_id82.png,RGB_JPG_QUEBRADOS,RGB_JPG_QUEBRADOS
C:\Users\eduar\Desktop\Soybe-main\data\com_fundo_filtrado\RGB_JPG_IMPUREZAS\grao_DSC_0247_id3.png,RGB_JPG_IMPUREZAS,RGB_JPG_IMPUREZAS
C:\Users\eduar\Desktop\Soybe-main\data\com_fundo_filtrado\RGB_JPG_Normais\grao_DSC_0151_id51.png,RGB_JPG_Normais,RGB_JPG_Normais
C:\Users\eduar\Desktop\Soybe-main\data\com_fundo_filtrado\RGB_JPG_IMPUREZAS\grao_DSC_0246_id81.png,RGB_JPG_IMPUREZAS,RGB_JPG_IMPUREZAS
C:\Users\eduar\Desktop\Soybe-main\data\com_fundo_filtrado\RGB_JPG_QUEBRADOS\grao_DSC_0429_id68.png,RGB_JPG_QUEBRADOS,RGB_JPG_QUEBRADOS
C:\Users\eduar\Desktop\Soybe-main\data\com_fundo_filtrado\RGB_JPG_IMPUREZAS\grao_DSC_0259_id242.png,RGB_JPG_IMPUREZAS,RGB_JPG_IMPUREZAS
C:\Users\eduar\Desktop\Soybe-main\data\com_fundo_filtrado\RGB_JPG_QUEBRADOS\grao_DSC_0421_id47.png,RGB_JPG_QUEBRADOS,RGB_JPG_QUEBRADOS
C:\Users\eduar\Desktop\Soybe-main\data\com_fundo_filtrado\RGB_JPG_QUEBRADOS\grao_DSC_0415_id31.png,RGB_JPG_QUEBRADOS,RGB_JPG_QUEBRADOS
C:\Users\eduar\Desktop\Soybe-main\data\com_fundo_filtrado\RGB_JPG_IMPUREZAS\grao_DSC_0230_id275.png,RGB_JPG_IMPUREZAS,RGB_JPG_IMPUREZAS
C:\Users\eduar\Desktop\Soybe-main\data\com_fundo_filtrado\RGB_JPG_IMPUREZAS\grao_DSC_0280_id192.png,RGB_JPG_IMPUREZAS,RGB_JPG_IMPUREZAS
C:\Users\eduar\Desktop\Soybe-main\data\com_fundo_filtrado\RGB_JPG_CHOCHOS\grao_DSC_0355_id88.png,RGB_JPG_CHOCHOS,RGB_JPG_CHOCHOS
C:\Users\eduar\Desktop\Soybe-main\data\com_fundo_filtrado\RGB_JPG_Normais\grao_DSC_0636_id103.png,RGB_JPG_Normais,RGB_JPG_Normais
C:\Users\eduar\Desktop\Soybe-main\data\com_fundo_filtrado\RGB_JPG_Normais\grao_DSC_0400_id25.png,RGB_JPG_Normais,RGB_JPG_Normais
C:\Users\eduar\Desktop\Soybe-main\data\com_fundo_filtrado\RGB_JPG_Normais\grao_DSC_0634_id45.png,RGB_JPG_Normais,RGB_JPG_Normais
C:\Users\eduar\Desktop\Soybe-main\data\com_fundo_filtrado\RGB_JPG_Normais\grao_DSC_0486_id40.png,RGB_JPG_Normais,RGB_JPG_Normais
C:\Users\eduar\Desktop\Soybe-main\data\com_fundo_filtrado\RGB_JPG_Normais\grao_DSC_0399_id10.png,RGB_JPG_Normais,RGB_JPG_Normais
C:\Users\eduar\Desktop\Soybe-main\data\com_fundo_filtrado\RGB_JPG_Normais\grao_DSC_0646_id95.png,RGB_JPG_Normais,RGB_JPG_Normais
C:\Users\eduar\Desktop\Soybe-main\data\com_fundo_filtrado\RGB_JPG_Normais\grao_DSC_0379_id42.png,RGB_JPG_Normais,RGB_JPG_Normais
C:\Users\eduar\Desktop\Soybe-main\data\com_fundo_filtrado\RGB_JPG_Normais\grao_DSC_0501_id67.png,RGB_JPG_Normais,RGB_JPG_Normais
C:\Users\eduar\Desktop\Soybe-main\data\com_fundo_filtrado\RGB_JPG_Normais\grao_DSC_0394_id17.png,RGB_JPG_Normais,RGB_JPG_Normais
C:\Users\eduar\Desktop\Soybe-main\data\com_fundo_filtrado\RGB_JPG_CHOCHOS\grao_DSC_0339_id31.png,RGB_JPG_CHOCHOS,RGB_JPG_CHOCHOS
C:\Users\eduar\Desktop\Soybe-main\data\com_fundo_filtrado\RGB_JPG_QUEBRADOS\grao_DSC_0447_id91.png,RGB_JPG_QUEBRADOS,RGB_JPG_QUEBRADOS
C:\Users\eduar\Desktop\Soybe-main\data\com_fundo_filtrado\RGB_JPG_MAMONAS\grao_DSC_0190_id33.png,RGB_JPG_MAMONAS,RGB_JPG_MAMONAS
C:\Users\eduar\Desktop\Soybe-main\data\com_fundo_filtrado\RGB_JPG_CHOCHOS\grao_DSC_0353_id37.png,RGB_JPG_CHOCHOS,RGB_JPG_CHOCHOS
C:\Users\eduar\Desktop\Soybe-main\data\com_fundo_filtrado\RGB_JPG_Normais\grao_DSC_0638_id48.png,RGB_JPG_Normais,RGB_JPG_Normais
C:\Users\eduar\Desktop\Soybe-main\data\com_fundo_filtrado\RGB_JPG_Normais\grao_DSC_0398_id63.png,RGB_JPG_Normais,RGB_JPG_Normais
C:\Users\eduar\Desktop\Soybe-main\data\com_fundo_filtrado\RGB_JPG_IMPUREZAS\grao_DSC_0230_id202.png,RGB_JPG_IMPUREZAS,RGB_JPG_IMPUREZAS
C:\Users\eduar\Desktop\Soybe-main\data\com_fundo_filtrado\RGB_JPG_IMPUREZAS\grao_DSC_0002_id329.png,RGB_JPG_IMPUREZAS,RGB_JPG_IMPUREZAS
C:\Users\eduar\Desktop\Soybe-main\data\com_fundo_filtrado\RGB_JPG_CHOCHOS\grao_DSC_0340_id89.png,RGB_JPG_CHOCHOS,RGB_JPG_CHOCHOS
C:\Users\eduar\Desktop\Soybe-main\data\com_fundo_filtrado\RGB_JPG_Normais\grao_DSC_0658_id86.png,RGB_JPG_Normais,RGB_JPG_Normais
C:\Users\eduar\Desktop\Soybe-main\data\com_fundo_filtrado\RGB_JPG_IMPUREZAS\grao_DSC_0260_id174.png,RGB_JPG_IMPUREZAS,RGB_JPG_IMPUREZAS
C:\Users\eduar\Desktop\Soybe-main\data\com_fundo_filtrado\RGB_JPG_Normais\grao_DSC_0496_id3.png,RGB_JPG_Normais,RGB_JPG_Normais
C:\Users\eduar\Desktop\Soybe-main\data\com_fundo_filtrado\RGB_JPG_IMPUREZAS\grao_DSC_0272_id111.png,RGB_JPG_IMPUREZAS,RGB_JPG_IMPUREZAS
C:\Users\eduar\Desktop\Soybe-main\data\com_fundo_filtrado\RGB_JPG_Normais\grao_DSC_0652_id47.png,RGB_JPG_Normais,RGB_JPG_Normais
C:\Users\eduar\Desktop\Soybe-main\data\com_fundo_filtrado\RGB_JPG_QUEBRADOS\grao_DSC_0172_id37.png,RGB_JPG_QUEBRADOS,RGB_JPG_QUEBRADOS
C:\Users\eduar\Desktop\Soybe-main\data\com_fundo_filtrado\RGB_JPG_QUEBRADOS\grao_DSC_0172_id92.png,RGB_JPG_QUEBRADOS,RGB_JPG_QUEBRADOS
C:\Users\eduar\Desktop\Soybe-main\data\com_fundo_filtrado\RGB_JPG_MAMONAS\grao_DSC_0190_id84.png,RGB_JPG_MAMONAS,RGB_JPG_MAMONAS
C:\Users\eduar\Desktop\Soybe-main\data\com_fundo_filtrado\RGB_JPG_Normais\grao_DSC_0612_id73.png,RGB_JPG_Normais,RGB_JPG_Normais
C:\Users\eduar\Desktop\Soybe-main\data\com_fundo_filtrado\RGB_JPG_IMPUREZAS\grao_DSC_0275_id85.png,RGB_JPG_IMPUREZAS,RGB_JPG_IMPUREZAS
C:\Users\eduar\Desktop\Soybe-main\data\com_fundo_filtrado\RGB_JPG_IMPUREZAS\grao_DSC_0231_id214.png,RGB_JPG_IMPUREZAS,RGB_JPG_IMPUREZAS
C:\Users\eduar\Desktop\Soybe-main\data\com_fundo_filtrado\RGB_JPG_IMPUREZAS\grao_DSC_0266_id157.png,RGB_JPG_IMPUREZAS,RGB_JPG_IMPUREZAS
C:\Users\eduar\Desktop\Soybe-main\data\com_fundo_filtrado\RGB_JPG_IMPUREZAS\grao_DSC_0237_id67.png,RGB_JPG_IMPUREZAS,RGB_JPG_IMPUREZAS
C:\Users\eduar\Desktop\Soybe-main\data\com_fundo_filtrado\RGB_JPG_Normais\grao_DSC_0469_id39.png,RGB_JPG_Normais,RGB_JPG_Normais
C:\Users\eduar\Desktop\Soybe-main\data\com_fundo_filtrado\RGB_JPG_CHOCHOS\grao_DSC_0330_id55.png,RGB_JPG_CHOCHOS,RGB_JPG_CHOCHOS
C:\Users\eduar\Desktop\Soybe-main\data\com_fundo_filtrado\RGB_JPG_Normais\grao_DSC_0157_id47.png,RGB_JPG_Normais,RGB_JPG_Normais
C:\Users\eduar\Desktop\Soybe-main\data\com_fundo_filtrado\RGB_JPG_Normais\grao_DSC_0643_id36.png,RGB_JPG_Normais,RGB_JPG_Normais
C:\Users\eduar\Desktop\Soybe-main\data\com_fundo_filtrado\RGB_JPG_Normais\grao_DSC_0666_id50.png,RGB_JPG_Normais,RGB_JPG_Normais
C:\Users\eduar\Desktop\Soybe-main\data\com_fundo_filtrado\RGB_JPG_IMPUREZAS\grao_DSC_0239_id116.png,RGB_JPG_IMPUREZAS,RGB_JPG_IMPUREZAS
C:\Users\eduar\Desktop\Soybe-main\data\com_fundo_filtrado\RGB_JPG_Normais\grao_DSC_0388_id119.png,RGB_JPG_Normais,RGB_JPG_Normais
C:\Users\eduar\Desktop\Soybe-main\data\com_fundo_filtrado\RGB_JPG_IMPUREZAS\grao_DSC_0251_id106.png,RGB_JPG_IMPUREZAS,RGB_JPG_IMPUREZAS
C:\Users\eduar\Desktop\Soybe-main\data\com_fundo_filtrado\RGB_JPG_IMPUREZAS\grao_DSC_0230_id25.png,RGB_JPG_IMPUREZAS,RGB_JPG_IMPUREZAS
C:\Users\eduar\Desktop\Soybe-main\data\com_fundo_filtrado\RGB_JPG_IMPUREZAS\grao_DSC_0267_id165.png,RGB_JPG_IMPUREZAS,RGB_JPG_IMPUREZAS
C:\Users\eduar\Desktop\Soybe-main\data\com_fundo_filtrado\RGB_JPG_Normais\grao_DSC_0509_id101.png,RGB_JPG_Normais,RGB_JPG_Normais
C:\Users\eduar\Desktop\Soybe-main\data\com_fundo_filtrado\RGB_JPG_QUEBRADOS\grao_DSC_0439_id5.png,RGB_JPG_QUEBRADOS,RGB_JPG_QUEBRADOS
C:\Users\eduar\Desktop\Soybe-main\data\com_fundo_filtrado\RGB_JPG_IMPUREZAS\grao_DSC_0007_id141.png,RGB_JPG_IMPUREZAS,RGB_JPG_IMPUREZAS
C:\Users\eduar\Desktop\Soybe-main\data\com_fundo_filtrado\RGB_JPG_Normais\grao_DSC_0668_id43.png,RGB_JPG_Normais,RGB_JPG_Normais
C:\Users\eduar\Desktop\Soybe-main\data\com_fundo_filtrado\RGB_JPG_Normais\grao_DSC_0671_id18.png,RGB_JPG_Normais,RGB_JPG_Normais
C:\Users\eduar\Desktop\Soybe-main\data\com_fundo_filtrado\RGB_JPG_IMPUREZAS\grao_DSC_0275_id267.png,RGB_JPG_IMPUREZAS,RGB_JPG_IMPUREZAS
C:\Users\eduar\Desktop\Soybe-main\data\com_fundo_filtrado\RGB_JPG_Normais\grao_DSC_0217_id3.png,RGB_JPG_Normais,RGB_JPG_Normais
C:\Users\eduar\Desktop\Soybe-main\data\com_fundo_filtrado\RGB_JPG_IMPUREZAS\grao_DSC_0042_id20.png,RGB_JPG_IMPUREZAS,RGB_JPG_IMPUREZAS
C:\Users\eduar\Desktop\Soybe-main\data\com_fundo_filtrado\RGB_JPG_QUEBRADOS\grao_DSC_0409_id32.png,RGB_JPG_QUEBRADOS,RGB_JPG_QUEBRADOS
C:\Users\eduar\Desktop\Soybe-main\data\com_fundo_filtrado\RGB_JPG_Normais\grao_DSC_0388_id55.png,RGB_JPG_Normais,RGB_JPG_Normais
C:\Users\eduar\Desktop\Soybe-main\data\com_fundo_filtrado\RGB_JPG_IMPUREZAS\grao_DSC_0296_id231.png,RGB_JPG_IMPUREZAS,RGB_JPG_IMPUREZAS
C:\Users\eduar\Desktop\Soybe-main\data\com_fundo_filtrado\RGB_JPG_Normais\grao_DSC_0623_id82.png,RGB_JPG_Normais,RGB_JPG_Normais
C:\Users\eduar\Desktop\Soybe-main\data\com_fundo_filtrado\RGB_JPG_Normais\grao_DSC_0156_id100.png,RGB_JPG_Normais,RGB_JPG_Normais
C:\Users\eduar\Desktop\Soybe-main\data\com_fundo_filtrado\RGB_JPG_IMPUREZAS\grao_DSC_0016_id79.png,RGB_JPG_IMPUREZAS,RGB_JPG_IMPUREZAS
C:\Users\eduar\Desktop\Soybe-main\data\com_fundo_filtrado\RGB_JPG_IMPUREZAS\grao_DSC_0257_id170.png,RGB_JPG_IMPUREZAS,RGB_JPG_IMPUREZAS
C:\Users\eduar\Desktop\Soybe-main\data\com_fundo_filtrado\RGB_JPG_ESVERDEADO\grao_DSC_0310_id70.png,RGB_JPG_ESVERDEADO,RGB_JPG_ESVERDEADO
C:\Users\eduar\Desktop\Soybe-main\data\com_fundo_filtrado\RGB_JPG_IMPUREZAS\grao_DSC_0289_id127.png,RGB_JPG_IMPUREZAS,RGB_JPG_IMPUREZAS
C:\Users\eduar\Desktop\Soybe-main\data\com_fundo_filtrado\RGB_JPG_IMPUREZAS\grao_DSC_0267_id25.png,RGB_JPG_IMPUREZAS,RGB_JPG_IMPUREZAS
C:\Users\eduar\Desktop\Soybe-main\data\com_fundo_filtrado\RGB_JPG_IMPUREZAS\grao_DSC_0246_id198.png,RGB_JPG_IMPUREZAS,RGB_JPG_IMPUREZAS
C:\Users\eduar\Desktop\Soybe-main\data\com_fundo_filtrado\RGB_JPG_QUEBRADOS\grao_DSC_0436_id16.png,RGB_JPG_QUEBRADOS,RGB_JPG_QUEBRADOS
C:\Users\eduar\Desktop\Soybe-main\data\com_fundo_filtrado\RGB_JPG_IMPUREZAS\grao_DSC_0255_id155.png,RGB_JPG_IMPUREZAS,RGB_JPG_IMPUREZAS
C:\Users\eduar\Desktop\Soybe-main\data\com_fundo_filtrado\RGB_JPG_IMPUREZAS\grao_DSC_0243_id51.png,RGB_JPG_IMPUREZAS,RGB_JPG_IMPUREZAS
C:\Users\eduar\Desktop\Soybe-main\data\com_fundo_filtrado\RGB_JPG_IMPUREZAS\grao_DSC_0039_id23.png,RGB_JPG_IMPUREZAS,RGB_JPG_IMPUREZAS
C:\Users\eduar\Desktop\Soybe-main\data\com_fundo_filtrado\RGB_JPG_Normais\grao_DSC_0656_id17.png,RGB_JPG_Normais,RGB_JPG_Normais
C:\Users\eduar\Desktop\Soybe-main\data\com_fundo_filtrado\RGB_JPG_Normais\grao_DSC_0520_id51.png,RGB_JPG_Normais,RGB_JPG_Normais
C:\Users\eduar\Desktop\Soybe-main\data\com_fundo_filtrado\RGB_JPG_Normais\grao_DSC_0394_id59.png,RGB_JPG_Normais,RGB_JPG_Normais
C:\Users\eduar\Desktop\Soybe-main\data\com_fundo_filtrado\RGB_JPG_Normais\grao_DSC_0645_id77.png,RGB_JPG_Normais,RGB_JPG_Normais
C:\Users\eduar\Desktop\Soybe-main\data\com_fundo_filtrado\RGB_JPG_QUEBRADOS\grao_DSC_0441_id34.png,RGB_JPG_QUEBRADOS,RGB_JPG_QUEBRADOS
C:\Users\eduar\Desktop\Soybe-main\data\com_fundo_filtrado\RGB_JPG_IMPUREZAS\grao_DSC_0251_id111.png,RGB_JPG_IMPUREZAS,RGB_JPG_IMPUREZAS
C:\Users\eduar\Desktop\Soybe-main\data\com_fundo_filtrado\RGB_JPG_IMPUREZAS\grao_DSC_0259_id49.png,RGB_JPG_IMPUREZAS,RGB_JPG_IMPUREZAS
C:\Users\eduar\Desktop\Soybe-main\data\com_fundo_filtrado\RGB_JPG_CHOCHOS\grao_DSC_0361_id107.png,RGB_JPG_CHOCHOS,RGB_JPG_CHOCHOS
C:\Users\eduar\Desktop\Soybe-main\data\com_fundo_filtrado\RGB_JPG_IMPUREZAS\grao_DSC_0294_id226.png,RGB_JPG_IMPUREZAS,RGB_JPG_IMPUREZAS
C:\Users\eduar\Desktop\Soybe-main\data\com_fundo_filtrado\RGB_JPG_CHOCHOS\grao_DSC_0336_id97.png,RGB_JPG_CHOCHOS,RGB_JPG_CHOCHOS
C:\Users\eduar\Desktop\Soybe-main\data\com_fundo_filtrado\RGB_JPG_IMPUREZAS\grao_DSC_0262_id64.png,RGB_JPG_IMPUREZAS,RGB_JPG_IMPUREZAS
C:\Users\eduar\Desktop\Soybe-main\data\com_fundo_filtrado\RGB_JPG_Normais\grao_DSC_0647_id58.png,RGB_JPG_Normais,RGB_JPG_Normais
C:\Users\eduar\Desktop\Soybe-main\data\com_fundo_filtrado\RGB_JPG_IMPUREZAS\grao_DSC_0279_id142.png,RGB_JPG_IMPUREZAS,RGB_JPG_IMPUREZAS
C:\Users\eduar\Desktop\Soybe-main\data\com_fundo_filtrado\RGB_JPG_IMPUREZAS\grao_DSC_0040_id42.png,RGB_JPG_IMPUREZAS,RGB_JPG_IMPUREZAS
C:\Users\eduar\Desktop\Soybe-main\data\com_fundo_filtrado\RGB_JPG_ESVERDEADO\grao_DSC_0310_id57.png,RGB_JPG_ESVERDEADO,RGB_JPG_ESVERDEADO
C:\Users\eduar\Desktop\Soybe-main\data\com_fundo_filtrado\RGB_JPG_Normais\grao_DSC_0388_id104.png,RGB_JPG_Normais,RGB_JPG_Normais
C:\Users\eduar\Desktop\Soybe-main\data\com_fundo_filtrado\RGB_JPG_IMPUREZAS\grao_DSC_0017_id148.png,RGB_JPG_IMPUREZAS,RGB_JPG_IMPUREZAS
C:\Users\eduar\Desktop\Soybe-main\data\com_fundo_filtrado\RGB_JPG_CHOCHOS\grao_DSC_0363_id10.png,RGB_JPG_CHOCHOS,RGB_JPG_CHOCHOS
C:\Users\eduar\Desktop\Soybe-main\data\com_fundo_filtrado\RGB_JPG_Normais\grao_DSC_0621_id75.png,RGB_JPG_Normais,RGB_JPG_Normais
C:\Users\eduar\Desktop\Soybe-main\data\com_fundo_filtrado\RGB_JPG_IMPUREZAS\grao_DSC_0292_id93.png,RGB_JPG_IMPUREZAS,RGB_JPG_IMPUREZAS
C:\Users\eduar\Desktop\Soybe-main\data\com_fundo_filtrado\RGB_JPG_ESVERDEADO\grao_DSC_0305_id41.png,RGB_JPG_ESVERDEADO,RGB_JPG_CHOCHOS
C:\Users\eduar\Desktop\Soybe-main\data\com_fundo_filtrado\RGB_JPG_Normais\grao_DSC_0679_id4.png,RGB_JPG_Normais,RGB_JPG_Normais
C:\Users\eduar\Desktop\Soybe-main\data\com_fundo_filtrado\RGB_JPG_QUEBRADOS\grao_DSC_0466_id36.png,RGB_JPG_QUEBRADOS,RGB_JPG_QUEBRADOS
C:\Users\eduar\Desktop\Soybe-main\data\com_fundo_filtrado\RGB_JPG_CHOCHOS\grao_DSC_0330_id24.png,RGB_JPG_CHOCHOS,RGB_JPG_CHOCHOS
C:\Users\eduar\Desktop\Soybe-main\data\com_fundo_filtrado\RGB_JPG_QUEBRADOS\grao_DSC_0443_id75.png,RGB_JPG_QUEBRADOS,RGB_JPG_QUEBRADOS
C:\Users\eduar\Desktop\Soybe-main\data\com_fundo_filtrado\RGB_JPG_IMPUREZAS\grao_DSC_0254_id171.png,RGB_JPG_IMPUREZAS,RGB_JPG_IMPUREZAS
C:\Users\eduar\Desktop\Soybe-main\data\com_fundo_filtrado\RGB_JPG_Normais\grao_DSC_0645_id21.png,RGB_JPG_Normais,RGB_JPG_Normais
C:\Users\eduar\Desktop\Soybe-main\data\com_fundo_filtrado\RGB_JPG_CHOCHOS\grao_DSC_0360_id26.png,RGB_JPG_CHOCHOS,RGB_JPG_CHOCHOS
C:\Users\eduar\Desktop\Soybe-main\data\com_fundo_filtrado\RGB_JPG_QUEBRADOS\grao_DSC_0403_id34.png,RGB_JPG_QUEBRADOS,RGB_JPG_QUEBRADOS
C:\Users\eduar\Desktop\Soybe-main\data\com_fundo_filtrado\RGB_JPG_IMPUREZAS\grao_DSC_0045_id27.png,RGB_JPG_IMPUREZAS,RGB_JPG_IMPUREZAS
C:\Users\eduar\Desktop\Soybe-main\data\com_fundo_filtrado\RGB_JPG_Normais\grao_DSC_0212_id77.png,RGB_JPG_Normais,RGB_JPG_Normais
C:\Users\eduar\Desktop\Soybe-main\data\com_fundo_filtrado\RGB_JPG_IMPUREZAS\grao_DSC_0008_id48.png,RGB_JPG_IMPUREZAS,RGB_JPG_IMPUREZAS
C:\Users\eduar\Desktop\Soybe-main\data\com_fundo_filtrado\RGB_JPG_IMPUREZAS\grao_DSC_0231_id166.png,RGB_JPG_IMPUREZAS,RGB_JPG_IMPUREZAS
C:\Users\eduar\Desktop\Soybe-main\data\com_fundo_filtrado\RGB_JPG_QUEBRADOS\grao_DSC_0437_id9.png,RGB_JPG_QUEBRADOS,RGB_JPG_QUEBRADOS
C:\Users\eduar\Desktop\Soybe-main\data\com_fundo_filtrado\RGB_JPG_Normais\grao_DSC_0152_id108.png,RGB_JPG_Normais,RGB_JPG_Normais
C:\Users\eduar\Desktop\Soybe-main\data\com_fundo_filtrado\RGB_JPG_QUEBRADOS\grao_DSC_0435_id90.png,RGB_JPG_QUEBRADOS,RGB_JPG_QUEBRADOS
C:\Users\eduar\Desktop\Soybe-main\data\com_fundo_filtrado\RGB_JPG_QUEBRADOS\grao_DSC_0171_id26.png,RGB_JPG_QUEBRADOS,RGB_JPG_QUEBRADOS
C:\Users\eduar\Desktop\Soybe-main\data\com_fundo_filtrado\RGB_JPG_IMPUREZAS\grao_DSC_0004_id61.png,RGB_JPG_IMPUREZAS,RGB_JPG_IMPUREZAS
C:\Users\eduar\Desktop\Soybe-main\data\com_fundo_filtrado\RGB_JPG_Normais\grao_DSC_0631_id21.png,RGB_JPG_Normais,RGB_JPG_Normais
C:\Users\eduar\Desktop\Soybe-main\data\com_fundo_filtrado\RGB_JPG_Normais\grao_DSC_0211_id55.png,RGB_JPG_Normais,RGB_JPG_CHOCHOS
C:\Users\eduar\Desktop\Soybe-main\data\com_fundo_filtrado\RGB_JPG_Normais\grao_DSC_0392_id15.png,RGB_JPG_Normais,RGB_JPG_Normais
C:\Users\eduar\Desktop\Soybe-main\data\com_fundo_filtrado\RGB_JPG_IMPUREZAS\grao_DSC_0236_id225.png,RGB_JPG_IMPUREZAS,RGB_JPG_IMPUREZAS
C:\Users\eduar\Desktop\Soybe-main\data\com_fundo_filtrado\RGB_JPG_CHOCHOS\grao_DSC_0332_id23.png,RGB_JPG_CHOCHOS,RGB_JPG_CHOCHOS
C:\Users\eduar\Desktop\Soybe-main\data\com_fundo_filtrado\RGB_JPG_Normais\grao_DSC_0518_id24.png,RGB_JPG_Normais,RGB_JPG_Normais
C:\Users\eduar\Desktop\Soybe-main\data\com_fundo_filtrado\RGB_JPG_Normais\grao_DSC_0620_id102.png,RGB_JPG_Normais,RGB_JPG_Normais
C:\Users\eduar\Desktop\Soybe-main\data\com_fundo_filtrado\RGB_JPG_Normais\grao_DSC_0509_id59.png,RGB_JPG_Normais,RGB_JPG_Normais
C:\Users\eduar\Desktop\Soybe-main\data\com_fundo_filtrado\RGB_JPG_Normais\grao_DSC_0642_id105.png,RGB_JPG_Normais,RGB_JPG_Normais
C:\Users\eduar\Desktop\Soybe-main\data\com_fundo_filtrado\RGB_JPG_QUEBRADOS\grao_DSC_0406_id54.png,RGB_JPG_QUEBRADOS,RGB_JPG_QUEBRADOS
C:\Users\eduar\Desktop\Soybe-main\data\com_fundo_filtrado\RGB_JPG_Normais\grao_DSC_0609_id2.png,RGB_JPG_Normais,RGB_JPG_Normais
C:\Users\eduar\Desktop\Soybe-main\data\com_fundo_filtrado\RGB_JPG_ESVERDEADO\grao_DSC_0303_id92.png,RGB_JPG_ESVERDEADO,RGB_JPG_ESVERDEADO
C:\Users\eduar\Desktop\Soybe-main\data\com_fundo_filtrado\RGB_JPG_Normais\grao_DSC_0393_id22.png,RGB_JPG_Normais,RGB_JPG_Normais
C:\Users\eduar\Desktop\Soybe-main\data\com_fundo_filtrado\RGB_JPG_Normais\grao_DSC_0142_id30.png,RGB_JPG_Normais,RGB_JPG_Normais
C:\Users\eduar\Desktop\Soybe-main\data\com_fundo_filtrado\RGB_JPG_CHOCHOS\grao_DSC_0344_id98.png,RGB_JPG_CHOCHOS,RGB_JPG_CHOCHOS
C:\Users\eduar\Desktop\Soybe-main\data\com_fundo_filtrado\RGB_JPG_Normais\grao_DSC_0677_id56.png,RGB_JPG_Normais,RGB_JPG_Normais
C:\Users\eduar\Desktop\Soybe-main\data\com_fundo_filtrado\RGB_JPG_IMPUREZAS\grao_DSC_0002_id218.png,RGB_JPG_IMPUREZAS,RGB_JPG_IMPUREZAS
C:\Users\eduar\Desktop\Soybe-main\data\com_fundo_filtrado\RGB_JPG_IMPUREZAS\grao_DSC_0246_id128.png,RGB_JPG_IMPUREZAS,RGB_JPG_IMPUREZAS
C:\Users\eduar\Desktop\Soybe-main\data\com_fundo_filtrado\RGB_JPG_IMPUREZAS\grao_DSC_0241_id220.png,RGB_JPG_IMPUREZAS,RGB_JPG_IMPUREZAS
C:\Users\eduar\Desktop\Soybe-main\data\com_fundo_filtrado\RGB_JPG_IMPUREZAS\grao_DSC_0289_id137.png,RGB_JPG_IMPUREZAS,RGB_JPG_IMPUREZAS
C:\Users\eduar\Desktop\Soybe-main\data\com_fundo_filtrado\RGB_JPG_QUEBRADOS\grao_DSC_0407_id20.png,RGB_JPG_QUEBRADOS,RGB_JPG_QUEBRADOS
C:\Users\eduar\Desktop\Soybe-main\data\com_fundo_filtrado\RGB_JPG_Normais\grao_DSC_0511_id85.png,RGB_JPG_Normais,RGB_JPG_Normais
C:\Users\eduar\Desktop\Soybe-main\data\com_fundo_filtrado\RGB_JPG_ESVERDEADO\grao_DSC_0305_id85.png,RGB_JPG_ESVERDEADO,RGB_JPG_ESVERDEADO
C:\Users\eduar\Desktop\Soybe-main\data\com_fundo_filtrado\RGB_JPG_CHOCHOS\grao_DSC_0314_id35.png,RGB_JPG_CHOCHOS,RGB_JPG_CHOCHOS
C:\Users\eduar\Desktop\Soybe-main\data\com_fundo_filtrado\RGB_JPG_QUEBRADOS\grao_DSC_0428_id54.png,RGB_JPG_QUEBRADOS,RGB_JPG_QUEBRADOS
C:\Users\eduar\Desktop\Soybe-main\data\com_fundo_filtrado\RGB_JPG_Normais\grao_DSC_0156_id57.png,RGB_JPG_Normais,RGB_JPG_Normais
C:\Users\eduar\Desktop\Soybe-main\data\com_fundo_filtrado\RGB_JPG_QUEBRADOS\grao_DSC_0450_id62.png,RGB_JPG_QUEBRADOS,RGB_JPG_QUEBRADOS
C:\Users\eduar\Desktop\Soybe-main\data\com_fundo_filtrado\RGB_JPG_Normais\grao_DSC_0219_id36.png,RGB_JPG_Normais,RGB_JPG_Normais
C:\Users\eduar\Desktop\Soybe-main\data\com_fundo_filtrado\RGB_JPG_IMPUREZAS\grao_DSC_0228_id134.png,RGB_JPG_IMPUREZAS,RGB_JPG_IMPUREZAS
C:\Users\eduar\Desktop\Soybe-main\data\com_fundo_filtrado\RGB_JPG_Normais\grao_DSC_0141_id98.png,RGB_JPG_Normais,RGB_JPG_Normais
C:\Users\eduar\Desktop\Soybe-main\data\com_fundo_filtrado\RGB_JPG_QUEBRADOS\grao_DSC_0429_id17.png,RGB_JPG_QUEBRADOS,RGB_JPG_QUEBRADOS
C:\Users\eduar\Desktop\Soybe-main\data\com_fundo_filtrado\RGB_JPG_IMPUREZAS\grao_DSC_0249_id64.png,RGB_JPG_IMPUREZAS,RGB_JPG_IMPUREZAS
C:\Users\eduar\Desktop\Soybe-main\data\com_fundo_filtrado\RGB_JPG_QUEBRADOS\grao_DSC_0459_id87.png,RGB_JPG_QUEBRADOS,RGB_JPG_QUEBRADOS
C:\Users\eduar\Desktop\Soybe-main\data\com_fundo_filtrado\RGB_JPG_CHOCHOS\grao_DSC_0333_id84.png,RGB_JPG_CHOCHOS,RGB_JPG_CHOCHOS
C:\Users\eduar\Desktop\Soybe-main\data\com_fundo_filtrado\RGB_JPG_IMPUREZAS\grao_DSC_0255_id26.png,RGB_JPG_IMPUREZAS,RGB_JPG_IMPUREZAS
C:\Users\eduar\Desktop\Soybe-main\data\com_fundo_filtrado\RGB_JPG_QUEBRADOS\grao_DSC_0442_id80.png,RGB_JPG_QUEBRADOS,RGB_JPG_QUEBRADOS
C:\Users\eduar\Desktop\Soybe-main\data\com_fundo_filtrado\RGB_JPG_CHOCHOS\grao_DSC_0342_id12.png,RGB_JPG_CHOCHOS,RGB_JPG_CHOCHOS
C:\Users\eduar\Desktop\Soybe-main\data\com_fundo_filtrado\RGB_JPG_IMPUREZAS\grao_DSC_0017_id153.png,RGB_JPG_IMPUREZAS,RGB_JPG_IMPUREZAS
C:\Users\eduar\Desktop\Soybe-main\data\com_fundo_filtrado\RGB_JPG_IMPUREZAS\grao_DSC_0023_id136.png,RGB_JPG_IMPUREZAS,RGB_JPG_IMPUREZAS
C:\Users\eduar\Desktop\Soybe-main\data\com_fundo_filtrado\RGB_JPG_CHOCHOS\grao_DSC_0360_id3.png,RGB_JPG_CHOCHOS,RGB_JPG_CHOCHOS
C:\Users\eduar\Desktop\Soybe-main\data\com_fundo_filtrado\RGB_JPG_QUEBRADOS\grao_DSC_0465_id78.png,RGB_JPG_QUEBRADOS,RGB_JPG_QUEBRADOS
C:\Users\eduar\Desktop\Soybe-main\data\com_fundo_filtrado\RGB_JPG_IMPUREZAS\grao_DSC_0231_id46.png,RGB_JPG_IMPUREZAS,RGB_JPG_IMPUREZAS
C:\Users\eduar\Desktop\Soybe-main\data\com_fundo_filtrado\RGB_JPG_CHOCHOS\grao_DSC_0343_id58.png,RGB_JPG_CHOCHOS,RGB_JPG_CHOCHOS
C:\Users\eduar\Desktop\Soybe-main\data\com_fundo_filtrado\RGB_JPG_IMPUREZAS\grao_DSC_0224_id141.png,RGB_JPG_IMPUREZAS,RGB_JPG_IMPUREZAS
C:\Users\eduar\Desktop\Soybe-main\data\com_fundo_filtrado\RGB_JPG_Normais\grao_DSC_0612_id82.png,RGB_JPG_Normais,RGB_JPG_Normais
C:\Users\eduar\Desktop\Soybe-main\data\com_fundo_filtrado\RGB_JPG_Normais\grao_DSC_0617_id51.png,RGB_JPG_Normais,RGB_JPG_Normais
C:\Users\eduar\Desktop\Soybe-main\data\com_fundo_filtrado\RGB_JPG_Normais\grao_DSC_0641_id25.png,RGB_JPG_Normais,RGB_JPG_Normais
C:\Users\eduar\Desktop\Soybe-main\data\com_fundo_filtrado\RGB_JPG_QUEBRADOS\grao_DSC_0454_id23.png,RGB_JPG_QUEBRADOS,RGB_JPG_QUEBRADOS
C:\Users\eduar\Desktop\Soybe-main\data\com_fundo_filtrado\RGB_JPG_IMPUREZAS\grao_DSC_0005_id150.png,RGB_JPG_IMPUREZAS,RGB_JPG_IMPUREZAS
C:\Users\eduar\Desktop\Soybe-main\data\com_fundo_filtrado\RGB_JPG_IMPUREZAS\grao_DSC_0003_id161.png,RGB_JPG_IMPUREZAS,RGB_JPG_IMPUREZAS
C:\Users\eduar\Desktop\Soybe-main\data\com_fundo_filtrado\RGB_JPG_IMPUREZAS\grao_DSC_0227_id156.png,RGB_JPG_IMPUREZAS,RGB_JPG_IMPUREZAS
C:\Users\eduar\Desktop\Soybe-main\data\com_fundo_filtrado\RGB_JPG_Normais\grao_DSC_0398_id103.png,RGB_JPG_Normais,RGB_JPG_Normais
C:\Users\eduar\Desktop\Soybe-main\data\com_fundo_filtrado\RGB_JPG_Normais\grao_DSC_0612_id85.png,RGB_JPG_Normais,RGB_JPG_Normais
C:\Users\eduar\Desktop\Soybe-main\data\com_fundo_filtrado\RGB_JPG_Normais\grao_DSC_0649_id17.png,RGB_JPG_Normais,RGB_JPG_Normais
C:\Users\eduar\Desktop\Soybe-main\data\com_fundo_filtrado\RGB_JPG_Normais\grao_DSC_0211_id59.png,RGB_JPG_Normais,RGB_JPG_Normais
C:\Users\eduar\Desktop\Soybe-main\data\com_fundo_filtrado\RGB_JPG_Normais\grao_DSC_0606_id87.png,RGB_JPG_Normais,RGB_JPG_Normais
C:\Users\eduar\Desktop\Soybe-main\data\com_fundo_filtrado\RGB_JPG_QUEBRADOS\grao_DSC_0425_id18.png,RGB_JPG_QUEBRADOS,RGB_JPG_QUEBRADOS
C:\Users\eduar\Desktop\Soybe-main\data\com_fundo_filtrado\RGB_JPG_ESVERDEADO\grao_DSC_0304_id35.png,RGB_JPG_ESVERDEADO,RGB_JPG_ESVERDEADO
C:\Users\eduar\Desktop\Soybe-main\data\com_fundo_filtrado\RGB_JPG_QUEBRADOS\grao_DSC_0425_id49.png,RGB_JPG_QUEBRADOS,RGB_JPG_QUEBRADOS
C:\Users\eduar\Desktop\Soybe-main\data\com_fundo_filtrado\RGB_JPG_IMPUREZAS\grao_DSC_0247_id224.png,RGB_JPG_IMPUREZAS,RGB_JPG_IMPUREZAS
C:\Users\eduar\Desktop\Soybe-main\data\com_fundo_filtrado\RGB_JPG_Normais\grao_DSC_0507_id78.png,RGB_JPG_Normais,RGB_JPG_Normais
C:\Users\eduar\Desktop\Soybe-main\data\com_fundo_filtrado\RGB_JPG_IMPUREZAS\grao_DSC_0266_id108.png,RGB_JPG_IMPUREZAS,RGB_JPG_IMPUREZAS
C:\Users\eduar\Desktop\Soybe-main\data\com_fundo_filtrado\RGB_JPG_ESVERDEADO\grao_DSC_0308_id83.png,RGB_JPG_ESVERDEADO,RGB_JPG_ESVERDEADO
C:\Users\eduar\Desktop\Soybe-main\data\com_fundo_filtrado\RGB_JPG_Normais\grao_DSC_0651_id100.png,RGB_JPG_Normais,RGB_JPG_Normais
C:\Users\eduar\Desktop\Soybe-main\data\com_fundo_filtrado\RGB_JPG_Normais\grao_DSC_0384_id15.png,RGB_JPG_Normais,RGB_JPG_Normais
C:\Users\eduar\Desktop\Soybe-main\data\com_fundo_filtrado\RGB_JPG_Normais\grao_DSC_0474_id45.png,RGB_JPG_Normais,RGB_JPG_Normais
C:\Users\eduar\Desktop\Soybe-main\data\com_fundo_filtrado\RGB_JPG_CHOCHOS\grao_DSC_0327_id36.png,RGB_JPG_CHOCHOS,RGB_JPG_CHOCHOS
C:\Users\eduar\Desktop\Soybe-main\data\com_fundo_filtrado\RGB_JPG_IMPUREZAS\grao_DSC_0027_id28.png,RGB_JPG_IMPUREZAS,RGB_JPG_IMPUREZAS
C:\Users\eduar\Desktop\Soybe-main\data\com_fundo_filtrado\RGB_JPG_Normais\grao_DSC_0367_id67.png,RGB_JPG_Normais,RGB_JPG_Normais
C:\Users\eduar\Desktop\Soybe-main\data\com_fundo_filtrado\RGB_JPG_Normais\grao_DSC_0390_id65.png,RGB_JPG_Normais,RGB_JPG_Normais
C:\Users\eduar\Desktop\Soybe-main\data\com_fundo_filtrado\RGB_JPG_Normais\grao_DSC_0395_id45.png,RGB_JPG_Normais,RGB_JPG_Normais
C:\Users\eduar\Desktop\Soybe-main\data\com_fundo_filtrado\RGB_JPG_Normais\grao_DSC_0474_id14.png,RGB_JPG_Normais,RGB_JPG_Normais
C:\Users\eduar\Desktop\Soybe-main\data\com_fundo_filtrado\RGB_JPG_IMPUREZAS\grao_DSC_0043_id163.png,RGB_JPG_IMPUREZAS,RGB_JPG_IMPUREZAS
C:\Users\eduar\Desktop\Soybe-main\data\com_fundo_filtrado\RGB_JPG_Normais\grao_DSC_0396_id2.png,RGB_JPG_Normais,RGB_JPG_Normais
C:\Users\eduar\Desktop\Soybe-main\data\com_fundo_filtrado\RGB_JPG_IMPUREZAS\grao_DSC_0280_id61.png,RGB_JPG_IMPUREZAS,RGB_JPG_IMPUREZAS
C:\Users\eduar\Desktop\Soybe-main\data\com_fundo_filtrado\RGB_JPG_INSETOS\grao_DSC_0164_id48.png,RGB_JPG_INSETOS,RGB_JPG_INSETOS
C:\Users\eduar\Desktop\Soybe-main\data\com_fundo_filtrado\RGB_JPG_Normais\grao_DSC_0623_id72.png,RGB_JPG_Normais,RGB_JPG_Normais
C:\Users\eduar\Desktop\Soybe-main\data\com_fundo_filtrado\RGB_JPG_Normais\grao_DSC_0610_id1.png,RGB_JPG_Normais,RGB_JPG_Normais
C:\Users\eduar\Desktop\Soybe-main\data\com_fundo_filtrado\RGB_JPG_IMPUREZAS\grao_DSC_0027_id43.png,RGB_JPG_IMPUREZAS,RGB_JPG_IMPUREZAS
C:\Users\eduar\Desktop\Soybe-main\data\com_fundo_filtrado\RGB_JPG_IMPUREZAS\grao_DSC_0272_id47.png,RGB_JPG_IMPUREZAS,RGB_JPG_IMPUREZAS
C:\Users\eduar\Desktop\Soybe-main\data\com_fundo_filtrado\RGB_JPG_Normais\grao_DSC_0651_id4.png,RGB_JPG_Normais,RGB_JPG_Normais
C:\Users\eduar\Desktop\Soybe-main\data\com_fundo_filtrado\RGB_JPG_IMPUREZAS\grao_DSC_0224_id207.png,RGB_JPG_IMPUREZAS,RGB_JPG_IMPUREZAS
C:\Users\eduar\Desktop\Soybe-main\data\com_fundo_filtrado\RGB_JPG_Normais\grao_DSC_0388_id66.png,RGB_JPG_Normais,RGB_JPG_Normais
C:\Users\eduar\Desktop\Soybe-main\data\com_fundo_filtrado\RGB_JPG_IMPUREZAS\grao_DSC_0026_id6.png,RGB_JPG_IMPUREZAS,RGB_JPG_IMPUREZAS
C:\Users\eduar\Desktop\Soybe-main\data\com_fundo_filtrado\RGB_JPG_IMPUREZAS\grao_DSC_0228_id216.png,RGB_JPG_IMPUREZAS,RGB_JPG_IMPUREZAS
C:\Users\eduar\Desktop\Soybe-main\data\com_fundo_filtrado\RGB_JPG_Normais\grao_DSC_0503_id24.png,RGB_JPG_Normais,RGB_JPG_Normais
C:\Users\eduar\Desktop\Soybe-main\data\com_fundo_filtrado\RGB_JPG_IMPUREZAS\grao_DSC_0002_id62.png,RGB_JPG_IMPUREZAS,RGB_JPG_IMPUREZAS
C:\Users\eduar\Desktop\Soybe-main\data\com_fundo_filtrado\RGB_JPG_Normais\grao_DSC_0620_id72.png,RGB_JPG_Normais,RGB_JPG_Normais
C:\Users\eduar\Desktop\Soybe-main\data\com_fundo_filtrado\RGB_JPG_CHOCHOS\grao_DSC_0318_id80.png,RGB_JPG_CHOCHOS,RGB_JPG_CHOCHOS
C:\Users\eduar\Desktop\Soybe-main\data\com_fundo_filtrado\RGB_JPG_QUEBRADOS\grao_DSC_0169_id109.png,RGB_JPG_QUEBRADOS,RGB_JPG_QUEBRADOS
C:\Users\eduar\Desktop\Soybe-main\data\com_fundo_filtrado\RGB_JPG_Normais\grao_DSC_0508_id77.png,RGB_JPG_Normais,RGB_JPG_Normais
C:\Users\eduar\Desktop\Soybe-main\data\com_fundo_filtrado\RGB_JPG_Normais\grao_DSC_0509_id12.png,RGB_JPG_Normais,RGB_JPG_Normais
C:\Users\eduar\Desktop\Soybe-main\data\com_fundo_filtrado\RGB_JPG_CHOCHOS\grao_DSC_0342_id63.png,RGB_JPG_CHOCHOS,RGB_JPG_CHOCHOS
C:\Users\eduar\Desktop\Soybe-main\data\com_fundo_filtrado\RGB_JPG_QUEBRADOS\grao_DSC_0461_id37.png,RGB_JPG_QUEBRADOS,RGB_JPG_QUEBRADOS
C:\Users\eduar\Desktop\Soybe-main\data\com_fundo_filtrado\RGB_JPG_Normais\grao_DSC_0374_id35.png,RGB_JPG_Normais,RGB_JPG_Normais
C:\Users\eduar\Desktop\Soybe-main\data\com_fundo_filtrado\RGB_JPG_IMPUREZAS\grao_DSC_0291_id14.png,RGB_JPG_IMPUREZAS,RGB_JPG_IMPUREZAS
C:\Users\eduar\Desktop\Soybe-main\data\com_fundo_filtrado\RGB_JPG_QUEBRADOS\grao_DSC_0417_id46.png,RGB_JPG_QUEBRADOS,RGB_JPG_QUEBRADOS
C:\Users\eduar\Desktop\Soybe-main\data\com_fundo_filtrado\RGB_JPG_Normais\grao_DSC_0673_id10.png,RGB_JPG_Normais,RGB_JPG_Normais
C:\Users\eduar\Desktop\Soybe-main\data\com_fundo_filtrado\RGB_JPG_Normais\grao_DSC_0657_id88.png,RGB_JPG_Normais,RGB_JPG_Normais
C:\Users\eduar\Desktop\Soybe-main\data\com_fundo_filtrado\RGB_JPG_Normais\grao_DSC_0620_id11.png,RGB_JPG_Normais,RGB_JPG_Normais
C:\Users\eduar\Desktop\Soybe-main\data\com_fundo_filtrado\RGB_JPG_IMPUREZAS\grao_DSC_0020_id196.png,RGB_JPG_IMPUREZAS,RGB_JPG_IMPUREZAS
C:\Users\eduar\Desktop\Soybe-main\data\com_fundo_filtrado\RGB_JPG_Normais\grao_DSC_0647_id41.png,RGB_JPG_Normais,RGB_JPG_Normais
C:\Users\eduar\Desktop\Soybe-main\data\com_fundo_filtrado\RGB_JPG_CHOCHOS\grao_DSC_0355_id10.png,RGB_JPG_CHOCHOS,RGB_JPG_CHOCHOS
C:\Users\eduar\Desktop\Soybe-main\data\com_fundo_filtrado\RGB_JPG_IMPUREZAS\grao_DSC_0281_id137.png,RGB_JPG_IMPUREZAS,RGB_JPG_IMPUREZAS
C:\Users\eduar\Desktop\Soybe-main\data\com_fundo_filtrado\RGB_JPG_Normais\grao_DSC_0515_id27.png,RGB_JPG_Normais,RGB_JPG_Normais
C:\Users\eduar\Desktop\Soybe-main\data\com_fundo_filtrado\RGB_JPG_QUEBRADOS\grao_DSC_0467_id69.png,RGB_JPG_QUEBRADOS,RGB_JPG_QUEBRADOS
C:\Users\eduar\Desktop\Soybe-main\data\com_fundo_filtrado\RGB_JPG_Normais\grao_DSC_0136_id3.png,RGB_JPG_Normais,RGB_JPG_Normais
C:\Users\eduar\Desktop\Soybe-main\data\com_fundo_filtrado\RGB_JPG_QUEBRADOS\grao_DSC_0419_id56.png,RGB_JPG_QUEBRADOS,RGB_JPG_QUEBRADOS
C:\Users\eduar\Desktop\Soybe-main\data\com_fundo_filtrado\RGB_JPG_QUEBRADOS\grao_DSC_0443_id88.png,RGB_JPG_QUEBRADOS,RGB_JPG_QUEBRADOS
C:\Users\eduar\Desktop\Soybe-main\data\com_fundo_filtrado\RGB_JPG_Normais\grao_DSC_0617_id58.png,RGB_JPG_Normais,RGB_JPG_Normais
C:\Users\eduar\Desktop\Soybe-main\data\com_fundo_filtrado\RGB_JPG_CHOCHOS\grao_DSC_0336_id74.png,RGB_JPG_CHOCHOS,RGB_JPG_CHOCHOS
C:\Users\eduar\Desktop\Soybe-main\data\com_fundo_filtrado\RGB_JPG_Normais\grao_DSC_0639_id89.png,RGB_JPG_Normais,RGB_JPG_Normais
C:\Users\eduar\Desktop\Soybe-main\data\com_fundo_filtrado\RGB_JPG_IMPUREZAS\grao_DSC_0036_id51.png,RGB_JPG_IMPUREZAS,RGB_JPG_IMPUREZAS
C:\Users\eduar\Desktop\Soybe-main\data\com_fundo_filtrado\RGB_JPG_CHOCHOS\grao_DSC_0337_id43.png,RGB_JPG_CHOCHOS,RGB_JPG_CHOCHOS
C:\Users\eduar\Desktop\Soybe-main\data\com_fundo_filtrado\RGB_JPG_Normais\grao_DSC_0136_id35.png,RGB_JPG_Normais,RGB_JPG_Normais
C:\Users\eduar\Desktop\Soybe-main\data\com_fundo_filtrado\RGB_JPG_Normais\grao_DSC_0515_id92.png,RGB_JPG_Normais,RGB_JPG_Normais
C:\Users\eduar\Desktop\Soybe-main\data\com_fundo_filtrado\RGB_JPG_IMPUREZAS\grao_DSC_0242_id304.png,RGB_JPG_IMPUREZAS,RGB_JPG_IMPUREZAS
C:\Users\eduar\Desktop\Soybe-main\data\com_fundo_filtrado\RGB_JPG_Normais\grao_DSC_0152_id40.png,RGB_JPG_Normais,RGB_JPG_Normais
C:\Users\eduar\Desktop\Soybe-main\data\com_fundo_filtrado\RGB_JPG_Normais\grao_DSC_0478_id41.png,RGB_JPG_Normais,RGB_JPG_Normais
C:\Users\eduar\Desktop\Soybe-main\data\com_fundo_filtrado\RGB_JPG_IMPUREZAS\grao_DSC_0246_id149.png,RGB_JPG_IMPUREZAS,RGB_JPG_IMPUREZAS
C:\Users\eduar\Desktop\Soybe-main\data\com_fundo_filtrado\RGB_JPG_Normais\grao_DSC_0490_id18.png,RGB_JPG_Normais,RGB_JPG_Normais
C:\Users\eduar\Desktop\Soybe-main\data\com_fundo_filtrado\RGB_JPG_IMPUREZAS\grao_DSC_0288_id37.png,RGB_JPG_IMPUREZAS,RGB_JPG_IMPUREZAS
C:\Users\eduar\Desktop\Soybe-main\data\com_fundo_filtrado\RGB_JPG_Normais\grao_DSC_0613_id101.png,RGB_JPG_Normais,RGB_JPG_Normais
C:\Users\eduar\Desktop\Soybe-main\data\com_fundo_filtrado\RGB_JPG_Normais\grao_DSC_0655_id96.png,RGB_JPG_Normais,RGB_JPG_Normais
C:\Users\eduar\Desktop\Soybe-main\data\com_fundo_filtrado\RGB_JPG_IMPUREZAS\grao_DSC_0237_id229.png,RGB_JPG_IMPUREZAS,RGB_JPG_IMPUREZAS
C:\Users\eduar\Desktop\Soybe-main\data\com_fundo_filtrado\RGB_JPG_INSETOS\grao_DSC_0163_id81.png,RGB_JPG_INSETOS,RGB_JPG_INSETOS
C:\Users\eduar\Desktop\Soybe-main\data\com_fundo_filtrado\RGB_JPG_IMPUREZAS\grao_DSC_0027_id75.png,RGB_JPG_IMPUREZAS,RGB_JPG_IMPUREZAS
C:\Users\eduar\Desktop\Soybe-main\data\com_fundo_filtrado\RGB_JPG_CHOCHOS\grao_DSC_0350_id31.png,RGB_JPG_CHOCHOS,RGB_JPG_CHOCHOS
C:\Users\eduar\Desktop\Soybe-main\data\com_fundo_filtrado\RGB_JPG_Normais\grao_DSC_0638_id91.png,RGB_JPG_Normais,RGB_JPG_Normais
C:\Users\eduar\Desktop\Soybe-main\data\com_fundo_filtrado\RGB_JPG_IMPUREZAS\grao_DSC_0038_id28.png,RGB_JPG_IMPUREZAS,RGB_JPG_IMPUREZAS
C:\Users\eduar\Desktop\Soybe-main\data\com_fundo_filtrado\RGB_JPG_Normais\grao_DSC_0509_id46.png,RGB_JPG_Normais,RGB_JPG_Normais
C:\Users\eduar\Desktop\Soybe-main\data\com_fundo_filtrado\RGB_JPG_IMPUREZAS\grao_DSC_0260_id37.png,RGB_JPG_IMPUREZAS,RGB_JPG_IMPUREZAS
C:\Users\eduar\Desktop\Soybe-main\data\com_fundo_filtrado\RGB_JPG_IMPUREZAS\grao_DSC_0239_id280.png,RGB_JPG_IMPUREZAS,RGB_JPG_IMPUREZAS
C:\Users\eduar\Desktop\Soybe-main\data\com_fundo_filtrado\RGB_JPG_Normais\grao_DSC_0218_id38.png,RGB_JPG_Normais,RGB_JPG_Normais
C:\Users\eduar\Desktop\Soybe-main\data\com_fundo_filtrado\RGB_JPG_Normais\grao_DSC_0493_id81.png,RGB_JPG_Normais,RGB_JPG_Normais
C:\Users\eduar\Desktop\Soybe-main\data\com_fundo_filtrado\RGB_JPG_Normais\grao_DSC_0387_id102.png,RGB_JPG_Normais,RGB_JPG_Normais
C:\Users\eduar\Desktop\Soybe-main\data\com_fundo_filtrado\RGB_JPG_IMPUREZAS\grao_DSC_0296_id110.png,RGB_JPG_IMPUREZAS,RGB_JPG_IMPUREZAS
C:\Users\eduar\Desktop\Soybe-main\data\com_fundo_filtrado\RGB_JPG_Normais\grao_DSC_0498_id26.png,RGB_JPG_Normais,RGB_JPG_Normais
C:\Users\eduar\Desktop\Soybe-main\data\com_fundo_filtrado\RGB_JPG_IMPUREZAS\grao_DSC_0295_id165.png,RGB_JPG_IMPUREZAS,RGB_JPG_IMPUREZAS
C:\Users\eduar\Desktop\Soybe-main\data\com_fundo_filtrado\RGB_JPG_Normais\grao_DSC_0504_id80.png,RGB_JPG_Normais,RGB_JPG_Normais
C:\Users\eduar\Desktop\Soybe-main\data\com_fundo_filtrado\RGB_JPG_IMPUREZAS\grao_DSC_0230_id83.png,RGB_JPG_IMPUREZAS,RGB_JPG_IMPUREZAS
C:\Users\eduar\Desktop\Soybe-main\data\com_fundo_filtrado\RGB_JPG_QUEBRADOS\grao_DSC_0444_id40.png,RGB_JPG_QUEBRADOS,RGB_JPG_QUEBRADOS
C:\Users\eduar\Desktop\Soybe-main\data\com_fundo_filtrado\RGB_JPG_IMPUREZAS\grao_DSC_0293_id207.png,RGB_JPG_IMPUREZAS,RGB_JPG_IMPUREZAS
C:\Users\eduar\Desktop\Soybe-main\data\com_fundo_filtrado\RGB_JPG_IMPUREZAS\grao_DSC_0246_id32.png,RGB_JPG_IMPUREZAS,RGB_JPG_IMPUREZAS
C:\Users\eduar\Desktop\Soybe-main\data\com_fundo_filtrado\RGB_JPG_QUEBRADOS\grao_DSC_0449_id7.png,RGB_JPG_QUEBRADOS,RGB_JPG_QUEBRADOS
C:\Users\eduar\Desktop\Soybe-main\data\com_fundo_filtrado\RGB_JPG_IMPUREZAS\grao_DSC_0264_id81.png,RGB_JPG_IMPUREZAS,RGB_JPG_IMPUREZAS
C:\Users\eduar\Desktop\Soybe-main\data\com_fundo_filtrado\RGB_JPG_IMPUREZAS\grao_DSC_0022_id1.png,RGB_JPG_IMPUREZAS,RGB_JPG_IMPUREZAS
C:\Users\eduar\Desktop\Soybe-main\data\com_fundo_filtrado\RGB_JPG_Normais\grao_DSC_0663_id53.png,RGB_JPG_Normais,RGB_JPG_Normais
C:\Users\eduar\Desktop\Soybe-main\data\com_fundo_filtrado\RGB_JPG_IMPUREZAS\grao_DSC_0283_id116.png,RGB_JPG_IMPUREZAS,RGB_JPG_IMPUREZAS
C:\Users\eduar\Desktop\Soybe-main\data\com_fundo_filtrado\RGB_JPG_PURPURAS\grao_DSC_0049_id59.png,RGB_JPG_PURPURAS,RGB_JPG_PURPURAS
C:\Users\eduar\Desktop\Soybe-main\data\com_fundo_filtrado\RGB_JPG_IMPUREZAS\grao_DSC_0003_id213.png,RGB_JPG_IMPUREZAS,RGB_JPG_IMPUREZAS
C:\Users\eduar\Desktop\Soybe-main\data\com_fundo_filtrado\RGB_JPG_MAMONAS\grao_DSC_0186_id3.png,RGB_JPG_MAMONAS,RGB_JPG_MAMONAS
C:\Users\eduar\Desktop\Soybe-main\data\com_fundo_filtrado\RGB_JPG_Normais\grao_DSC_0648_id71.png,RGB_JPG_Normais,RGB_JPG_Normais
C:\Users\eduar\Desktop\Soybe-main\data\com_fundo_filtrado\RGB_JPG_Normais\grao_DSC_0387_id23.png,RGB_JPG_Normais,RGB_JPG_Normais
C:\Users\eduar\Desktop\Soybe-main\data\com_fundo_filtrado\RGB_JPG_CHOCHOS\grao_DSC_0352_id67.png,RGB_JPG_CHOCHOS,RGB_JPG_CHOCHOS
C:\Users\eduar\Desktop\Soybe-main\data\com_fundo_filtrado\RGB_JPG_Normais\grao_DSC_0609_id23.png,RGB_JPG_Normais,RGB_JPG_Normais
C:\Users\eduar\Desktop\Soybe-main\data\com_fundo_filtrado\RGB_JPG_Normais\grao_DSC_0649_id93.png,RGB_JPG_Normais,RGB_JPG_Normais
C:\Users\eduar\Desktop\Soybe-main\data\com_fundo_filtrado\RGB_JPG_IMPUREZAS\grao_DSC_0242_id40.png,RGB_JPG_IMPUREZAS,RGB_JPG_IMPUREZAS
C:\Users\eduar\Desktop\Soybe-main\data\com_fundo_filtrado\RGB_JPG_CHOCHOS\grao_DSC_0345_id47.png,RGB_JPG_CHOCHOS,RGB_JPG_CHOCHOS
C:\Users\eduar\Desktop\Soybe-main\data\com_fundo_filtrado\RGB_JPG_CHOCHOS\grao_DSC_0356_id79.png,RGB_JPG_CHOCHOS,RGB_JPG_CHOCHOS
C:\Users\eduar\Desktop\Soybe-main\data\com_fundo_filtrado\RGB_JPG_CHOCHOS\grao_DSC_0326_id51.png,RGB_JPG_CHOCHOS,RGB_JPG_CHOCHOS
C:\Users\eduar\Desktop\Soybe-main\data\com_fundo_filtrado\RGB_JPG_QUEBRADOS\grao_DSC_0405_id62.png,RGB_JPG_QUEBRADOS,RGB_JPG_QUEBRADOS
C:\Users\eduar\Desktop\Soybe-main\data\com_fundo_filtrado\RGB_JPG_Normais\grao_DSC_0474_id74.png,RGB_JPG_Normais,RGB_JPG_Normais
C:\Users\eduar\Desktop\Soybe-main\data\com_fundo_filtrado\RGB_JPG_IMPUREZAS\grao_DSC_0246_id200.png,RGB_JPG_IMPUREZAS,RGB_JPG_IMPUREZAS
C:\Users\eduar\Desktop\Soybe-main\data\com_fundo_filtrado\RGB_JPG_IMPUREZAS\grao_DSC_0228_id170.png,RGB_JPG_IMPUREZAS,RGB_JPG_IMPUREZAS
C:\Users\eduar\Desktop\Soybe-main\data\com_fundo_filtrado\RGB_JPG_IMPUREZAS\grao_DSC_0252_id81.png,RGB_JPG_IMPUREZAS,RGB_JPG_IMPUREZAS
C:\Users\eduar\Desktop\Soybe-main\data\com_fundo_filtrado\RGB_JPG_Normais\grao_DSC_0664_id99.png,RGB_JPG_Normais,RGB_JPG_Normais
C:\Users\eduar\Desktop\Soybe-main\data\com_fundo_filtrado\RGB_JPG_QUEBRADOS\grao_DSC_0440_id15.png,RGB_JPG_QUEBRADOS,RGB_JPG_QUEBRADOS
C:\Users\eduar\Desktop\Soybe-main\data\com_fundo_filtrado\RGB_JPG_QUEBRADOS\grao_DSC_0467_id35.png,RGB_JPG_QUEBRADOS,RGB_JPG_QUEBRADOS
C:\Users\eduar\Desktop\Soybe-main\data\com_fundo_filtrado\RGB_JPG_Normais\grao_DSC_0506_id6.png,RGB_JPG_Normais,RGB_JPG_Normais
C:\Users\eduar\Desktop\Soybe-main\data\com_fundo_filtrado\RGB_JPG_CHOCHOS\grao_DSC_0331_id4.png,RGB_JPG_CHOCHOS,RGB_JPG_ESVERDEADO
C:\Users\eduar\Desktop\Soybe-main\data\com_fundo_filtrado\RGB_JPG_IMPUREZAS\grao_DSC_0029_id14.png,RGB_JPG_IMPUREZAS,RGB_JPG_IMPUREZAS
C:\Users\eduar\Desktop\Soybe-main\data\com_fundo_filtrado\RGB_JPG_IMPUREZAS\grao_DSC_0006_id95.png,RGB_JPG_IMPUREZAS,RGB_JPG_IMPUREZAS
C:\Users\eduar\Desktop\Soybe-main\data\com_fundo_filtrado\RGB_JPG_Normais\grao_DSC_0473_id29.png,RGB_JPG_Normais,RGB_JPG_Normais
C:\Users\eduar\Desktop\Soybe-main\data\com_fundo_filtrado\RGB_JPG_QUEBRADOS\grao_DSC_0446_id39.png,RGB_JPG_QUEBRADOS,RGB_JPG_QUEBRADOS
C:\Users\eduar\Desktop\Soybe-main\data\com_fundo_filtrado\RGB_JPG_IMPUREZAS\grao_DSC_0229_id69.png,RGB_JPG_IMPUREZAS,RGB_JPG_IMPUREZAS
C:\Users\eduar\Desktop\Soybe-main\data\com_fundo_filtrado\RGB_JPG_IMPUREZAS\grao_DSC_0241_id154.png,RGB_JPG_IMPUREZAS,RGB_JPG_IMPUREZAS
C:\Users\eduar\Desktop\Soybe-main\data\com_fundo_filtrado\RGB_JPG_QUEBRADOS\grao_DSC_0427_id69.png,RGB_JPG_QUEBRADOS,RGB_JPG_QUEBRADOS
C:\Users\eduar\Desktop\Soybe-main\data\com_fundo_filtrado\RGB_JPG_IMPUREZAS\grao_DSC_0027_id119.png,RGB_JPG_IMPUREZAS,RGB_JPG_IMPUREZAS
C:\Users\eduar\Desktop\Soybe-main\data\com_fundo_filtrado\RGB_JPG_Normais\grao_DSC_0679_id7.png,RGB_JPG_Normais,RGB_JPG_Normais
C:\Users\eduar\Desktop\Soybe-main\data\com_fundo_filtrado\RGB_JPG_CHOCHOS\grao_DSC_0325_id79.png,RGB_JPG_CHOCHOS,RGB_JPG_CHOCHOS
C:\Users\eduar\Desktop\Soybe-main\data\com_fundo_filtrado\RGB_JPG_QUEBRADOS\grao_DSC_0172_id66.png,RGB_JPG_QUEBRADOS,RGB_JPG_QUEBRADOS
C:\Users\eduar\Desktop\Soybe-main\data\com_fundo_filtrado\RGB_JPG_QUEBRADOS\grao_DSC_0452_id44.png,RGB_JPG_QUEBRADOS,RGB_JPG_QUEBRADOS
C:\Users\eduar\Desktop\Soybe-main\data\com_fundo_filtrado\RGB_JPG_ESVERDEADO\grao_DSC_0310_id77.png,RGB_JPG_ESVERDEADO,RGB_JPG_ESVERDEADO
C:\Users\eduar\Desktop\Soybe-main\data\com_fundo_filtrado\RGB_JPG_Normais\grao_DSC_0478_id97.png,RGB_JPG_Normais,RGB_JPG_Normais
C:\Users\eduar\Desktop\Soybe-main\data\com_fundo_filtrado\RGB_JPG_Normais\grao_DSC_0636_id24.png,RGB_JPG_Normais,RGB_JPG_Normais
C:\Users\eduar\Desktop\Soybe-main\data\com_fundo_filtrado\RGB_JPG_IMPUREZAS\grao_DSC_0010_id152.png,RGB_JPG_IMPUREZAS,RGB_JPG_IMPUREZAS
C:\Users\eduar\Desktop\Soybe-main\data\com_fundo_filtrado\RGB_JPG_Normais\grao_DSC_0664_id61.png,RGB_JPG_Normais,RGB_JPG_Normais
C:\Users\eduar\Desktop\Soybe-main\data\com_fundo_filtrado\RGB_JPG_Normais\grao_DSC_0399_id79.png,RGB_JPG_Normais,RGB_JPG_Normais
C:\Users\eduar\Desktop\Soybe-main\data\com_fundo_filtrado\RGB_JPG_MAMONAS\grao_DSC_0189_id202.png,RGB_JPG_MAMONAS,RGB_JPG_MAMONAS
C:\Users\eduar\Desktop\Soybe-main\data\com_fundo_filtrado\RGB_JPG_Normais\grao_DSC_0637_id99.png,RGB_JPG_Normais,RGB_JPG_Normais
C:\Users\eduar\Desktop\Soybe-main\data\com_fundo_filtrado\RGB_JPG_QUEBRADOS\grao_DSC_0424_id57.png,RGB_JPG_QUEBRADOS,RGB_JPG_QUEBRADOS
C:\Users\eduar\Desktop\Soybe-main\data\com_fundo_filtrado\RGB_JPG_Normais\grao_DSC_0476_id89.png,RGB_JPG_Normais,RGB_JPG_Normais
C:\Users\eduar\Desktop\Soybe-main\data\com_fundo_filtrado\RGB_JPG_IMPUREZAS\grao_DSC_0280_id113.png,RGB_JPG_IMPUREZAS,RGB_JPG_IMPUREZAS
C:\Users\eduar\Desktop\Soybe-main\data\com_fundo_filtrado\RGB_JPG_Normais\grao_DSC_0636_id80.png,RGB_JPG_Normais,RGB_JPG_Normais
C:\Users\eduar\Desktop\Soybe-main\data\com_fundo_filtrado\RGB_JPG_Normais\grao_DSC_0624_id95.png,RGB_JPG_Normais,RGB_JPG_Normais
C:\Users\eduar\Desktop\Soybe-main\data\com_fundo_filtrado\RGB_JPG_QUEBRADOS\grao_DSC_0446_id88.png,RGB_JPG_QUEBRADOS,RGB_JPG_QUEBRADOS
C:\Users\eduar\Desktop\Soybe-main\data\com_fundo_filtrado\RGB_JPG_Normais\grao_DSC_0661_id40.png,RGB_JPG_Normais,RGB_JPG_Normais
C:\Users\eduar\Desktop\Soybe-main\data\com_fundo_filtrado\RGB_JPG_IMPUREZAS\grao_DSC_0247_id9.png,RGB_JPG_IMPUREZAS,RGB_JPG_IMPUREZAS
C:\Users\eduar\Desktop\Soybe-main\data\com_fundo_filtrado\RGB_JPG_Normais\grao_DSC_0663_id36.png,RGB_JPG_Normais,RGB_JPG_Normais
C:\Users\eduar\Desktop\Soybe-main\data\com_fundo_filtrado\RGB_JPG_QUEBRADOS\grao_DSC_0168_id71.png,RGB_JPG_QUEBRADOS,RGB_JPG_QUEBRADOS
C:\Users\eduar\Desktop\Soybe-main\data\com_fundo_filtrado\RGB_JPG_ESVERDEADO\grao_DSC_0305_id14.png,RGB_JPG_ESVERDEADO,RGB_JPG_ESVERDEADO
C:\Users\eduar\Desktop\Soybe-main\data\com_fundo_filtrado\RGB_JPG_Normais\grao_DSC_0510_id20.png,RGB_JPG_Normais,RGB_JPG_Normais
C:\Users\eduar\Desktop\Soybe-main\data\com_fundo_filtrado\RGB_JPG_Normais\grao_DSC_0660_id51.png,RGB_JPG_Normais,RGB_JPG_Normais
C:\Users\eduar\Desktop\Soybe-main\data\com_fundo_filtrado\RGB_JPG_ESVERDEADO\grao_DSC_0303_id85.png,RGB_JPG_ESVERDEADO,RGB_JPG_ESVERDEADO
C:\Users\eduar\Desktop\Soybe-main\data\com_fundo_filtrado\RGB_JPG_Normais\grao_DSC_0616_id66.png,RGB_JPG_Normais,RGB_JPG_Normais
C:\Users\eduar\Desktop\Soybe-main\data\com_fundo_filtrado\RGB_JPG_Normais\grao_DSC_0654_id53.png,RGB_JPG_Normais,RGB_JPG_Normais
C:\Users\eduar\Desktop\Soybe-main\data\com_fundo_filtrado\RGB_JPG_CHOCHOS\grao_DSC_0167_id40.png,RGB_JPG_CHOCHOS,RGB_JPG_CHOCHOS
C:\Users\eduar\Desktop\Soybe-main\data\com_fundo_filtrado\RGB_JPG_Normais\grao_DSC_0501_id90.png,RGB_JPG_Normais,RGB_JPG_Normais
C:\Users\eduar\Desktop\Soybe-main\data\com_fundo_filtrado\RGB_JPG_IMPUREZAS\grao_DSC_0039_id71.png,RGB_JPG_IMPUREZAS,RGB_JPG_IMPUREZAS
C:\Users\eduar\Desktop\Soybe-main\data\com_fundo_filtrado\RGB_JPG_Normais\grao_DSC_0623_id55.png,RGB_JPG_Normais,RGB_JPG_Normais
C:\Users\eduar\Desktop\Soybe-main\data\com_fundo_filtrado\RGB_JPG_IMPUREZAS\grao_DSC_0281_id252.png,RGB_JPG_IMPUREZAS,RGB_JPG_IMPUREZAS
C:\Users\eduar\Desktop\Soybe-main\data\com_fundo_filtrado\RGB_JPG_IMPUREZAS\grao_DSC_0269_id121.png,RGB_JPG_IMPUREZAS,RGB_JPG_IMPUREZAS
C:\Users\eduar\Desktop\Soybe-main\data\com_fundo_filtrado\RGB_JPG_Normais\grao_DSC_0387_id82.png,RGB_JPG_Normais,RGB_JPG_Normais
C:\Users\eduar\Desktop\Soybe-main\data\com_fundo_filtrado\RGB_JPG_Normais\grao_DSC_0151_id19.png,RGB_JPG_Normais,RGB_JPG_Normais
C:\Users\eduar\Desktop\Soybe-main\data\com_fundo_filtrado\RGB_JPG_Normais\grao_DSC_0659_id95.png,RGB_JPG_Normais,RGB_JPG_Normais
C:\Users\eduar\Desktop\Soybe-main\data\com_fundo_filtrado\RGB_JPG_IMPUREZAS\grao_DSC_0010_id39.png,RGB_JPG_IMPUREZAS,RGB_JPG_IMPUREZAS
C:\Users\eduar\Desktop\Soybe-main\data\com_fundo_filtrado\RGB_JPG_IMPUREZAS\grao_DSC_0024_id105.png,RGB_JPG_IMPUREZAS,RGB_JPG_IMPUREZAS
C:\Users\eduar\Desktop\Soybe-main\data\com_fundo_filtrado\RGB_JPG_Normais\grao_DSC_0645_id30.png,RGB_JPG_Normais,RGB_JPG_Normais
C:\Users\eduar\Desktop\Soybe-main\data\com_fundo_filtrado\RGB_JPG_IMPUREZAS\grao_DSC_0002_id277.png,RGB_JPG_IMPUREZAS,RGB_JPG_IMPUREZAS
C:\Users\eduar\Desktop\Soybe-main\data\com_fundo_filtrado\RGB_JPG_IMPUREZAS\grao_DSC_0279_id79.png,RGB_JPG_IMPUREZAS,RGB_JPG_IMPUREZAS
C:\Users\eduar\Desktop\Soybe-main\data\com_fundo_filtrado\RGB_JPG_Normais\grao_DSC_0143_id96.png,RGB_JPG_Normais,RGB_JPG_Normais
C:\Users\eduar\Desktop\Soybe-main\data\com_fundo_filtrado\RGB_JPG_Normais\grao_DSC_0606_id46.png,RGB_JPG_Normais,RGB_JPG_Normais
C:\Users\eduar\Desktop\Soybe-main\data\com_fundo_filtrado\RGB_JPG_Normais\grao_DSC_0640_id56.png,RGB_JPG_Normais,RGB_JPG_Normais
C:\Users\eduar\Desktop\Soybe-main\data\com_fundo_filtrado\RGB_JPG_Normais\grao_DSC_0368_id69.png,RGB_JPG_Normais,RGB_JPG_Normais
C:\Users\eduar\Desktop\Soybe-main\data\com_fundo_filtrado\RGB_JPG_Normais\grao_DSC_0154_id59.png,RGB_JPG_Normais,RGB_JPG_Normais
C:\Users\eduar\Desktop\Soybe-main\data\com_fundo_filtrado\RGB_JPG_IMPUREZAS\grao_DSC_0041_id136.png,RGB_JPG_IMPUREZAS,RGB_JPG_IMPUREZAS
C:\Users\eduar\Desktop\Soybe-main\data\com_fundo_filtrado\RGB_JPG_ESVERDEADO\grao_DSC_0299_id51.png,RGB_JPG_ESVERDEADO,RGB_JPG_ESVERDEADO
C:\Users\eduar\Desktop\Soybe-main\data\com_fundo_filtrado\RGB_JPG_ESVERDEADO\grao_DSC_0308_id37.png,RGB_JPG_ESVERDEADO,RGB_JPG_ESVERDEADO
C:\Users\eduar\Desktop\Soybe-main\data\com_fundo_filtrado\RGB_JPG_IMPUREZAS\grao_DSC_0241_id239.png,RGB_JPG_IMPUREZAS,RGB_JPG_IMPUREZAS
C:\Users\eduar\Desktop\Soybe-main\data\com_fundo_filtrado\RGB_JPG_IMPUREZAS\grao_DSC_0021_id65.png,RGB_JPG_IMPUREZAS,RGB_JPG_IMPUREZAS
C:\Users\eduar\Desktop\Soybe-main\data\com_fundo_filtrado\RGB_JPG_Normais\grao_DSC_0475_id65.png,RGB_JPG_Normais,RGB_JPG_Normais
C:\Users\eduar\Desktop\Soybe-main\data\com_fundo_filtrado\RGB_JPG_QUEBRADOS\grao_DSC_0404_id3.png,RGB_JPG_QUEBRADOS,RGB_JPG_QUEBRADOS
C:\Users\eduar\Desktop\Soybe-main\data\com_fundo_filtrado\RGB_JPG_IMPUREZAS\grao_DSC_0238_id83.png,RGB_JPG_IMPUREZAS,RGB_JPG_IMPUREZAS
C:\Users\eduar\Desktop\Soybe-main\data\com_fundo_filtrado\RGB_JPG_QUEBRADOS\grao_DSC_0459_id73.png,RGB_JPG_QUEBRADOS,RGB_JPG_QUEBRADOS
C:\Users\eduar\Desktop\Soybe-main\data\com_fundo_filtrado\RGB_JPG_QUEBRADOS\grao_DSC_0422_id41.png,RGB_JPG_QUEBRADOS,RGB_JPG_QUEBRADOS
C:\Users\eduar\Desktop\Soybe-main\data\com_fundo_filtrado\RGB_JPG_QUEBRADOS\grao_DSC_0442_id87.png,RGB_JPG_QUEBRADOS,RGB_JPG_QUEBRADOS
C:\Users\eduar\Desktop\Soybe-main\data\com_fundo_filtrado\RGB_JPG_IMPUREZAS\grao_DSC_0296_id87.png,RGB_JPG_IMPUREZAS,RGB_JPG_IMPUREZAS
C:\Users\eduar\Desktop\Soybe-main\data\com_fundo_filtrado\RGB_JPG_Normais\grao_DSC_0217_id12.png,RGB_JPG_Normais,RGB_JPG_Normais
C:\Users\eduar\Desktop\Soybe-main\data\com_fundo_filtrado\RGB_JPG_Normais\grao_DSC_0476_id71.png,RGB_JPG_Normais,RGB_JPG_Normais
C:\Users\eduar\Desktop\Soybe-main\data\com_fundo_filtrado\RGB_JPG_IMPUREZAS\grao_DSC_0296_id127.png,RGB_JPG_IMPUREZAS,RGB_JPG_IMPUREZAS
C:\Users\eduar\Desktop\Soybe-main\data\com_fundo_filtrado\RGB_JPG_Normais\grao_DSC_0153_id5.png,RGB_JPG_Normais,RGB_JPG_Normais
C:\Users\eduar\Desktop\Soybe-main\data\com_fundo_filtrado\RGB_JPG_IMPUREZAS\grao_DSC_0032_id51.png,RGB_JPG_IMPUREZAS,RGB_JPG_IMPUREZAS
C:\Users\eduar\Desktop\Soybe-main\data\com_fundo_filtrado\RGB_JPG_Normais\grao_DSC_0512_id80.png,RGB_JPG_Normais,RGB_JPG_Normais
C:\Users\eduar\Desktop\Soybe-main\data\com_fundo_filtrado\RGB_JPG_IMPUREZAS\grao_DSC_0226_id122.png,RGB_JPG_IMPUREZAS,RGB_JPG_IMPUREZAS
C:\Users\eduar\Desktop\Soybe-main\data\com_fundo_filtrado\RGB_JPG_Normais\grao_DSC_0378_id24.png,RGB_JPG_Normais,RGB_JPG_Normais
C:\Users\eduar\Desktop\Soybe-main\data\com_fundo_filtrado\RGB_JPG_Normais\grao_DSC_0512_id41.png,RGB_JPG_Normais,RGB_JPG_Normais
C:\Users\eduar\Desktop\Soybe-main\data\com_fundo_filtrado\RGB_JPG_MAMONAS\grao_DSC_0190_id255.png,RGB_JPG_MAMONAS,RGB_JPG_MAMONAS
C:\Users\eduar\Desktop\Soybe-main\data\com_fundo_filtrado\RGB_JPG_QUEBRADOS\grao_DSC_0404_id14.png,RGB_JPG_QUEBRADOS,RGB_JPG_Normais
C:\Users\eduar\Desktop\Soybe-main\data\com_fundo_filtrado\RGB_JPG_IMPUREZAS\grao_DSC_0254_id90.png,RGB_JPG_IMPUREZAS,RGB_JPG_IMPUREZAS
C:\Users\eduar\Desktop\Soybe-main\data\com_fundo_filtrado\RGB_JPG_QUEBRADOS\grao_DSC_0409_id1.png,RGB_JPG_QUEBRADOS,RGB_JPG_QUEBRADOS
C:\Users\eduar\Desktop\Soybe-main\data\com_fundo_filtrado\RGB_JPG_QUEBRADOS\grao_DSC_0418_id78.png,RGB_JPG_QUEBRADOS,RGB_JPG_QUEBRADOS
C:\Users\eduar\Desktop\Soybe-main\data\com_fundo_filtrado\RGB_JPG_IMPUREZAS\grao_DSC_0262_id201.png,RGB_JPG_IMPUREZAS,RGB_JPG_IMPUREZAS
C:\Users\eduar\Desktop\Soybe-main\data\com_fundo_filtrado\RGB_JPG_PURPURAS\grao_DSC_0146_id22.png,RGB_JPG_PURPURAS,RGB_JPG_Normais
C:\Users\eduar\Desktop\Soybe-main\data\com_fundo_filtrado\RGB_JPG_Normais\grao_DSC_0381_id100.png,RGB_JPG_Normais,RGB_JPG_Normais
C:\Users\eduar\Desktop\Soybe-main\data\com_fundo_filtrado\RGB_JPG_IMPUREZAS\grao_DSC_0249_id101.png,RGB_JPG_IMPUREZAS,RGB_JPG_IMPUREZAS
C:\Users\eduar\Desktop\Soybe-main\data\com_fundo_filtrado\RGB_JPG_QUEBRADOS\grao_DSC_0454_id12.png,RGB_JPG_QUEBRADOS,RGB_JPG_QUEBRADOS
C:\Users\eduar\Desktop\Soybe-main\data\com_fundo_filtrado\RGB_JPG_IMPUREZAS\grao_DSC_0287_id289.png,RGB_JPG_IMPUREZAS,RGB_JPG_IMPUREZAS
C:\Users\eduar\Desktop\Soybe-main\data\com_fundo_filtrado\RGB_JPG_IMPUREZAS\grao_DSC_0008_id110.png,RGB_JPG_IMPUREZAS,RGB_JPG_IMPUREZAS
C:\Users\eduar\Desktop\Soybe-main\data\com_fundo_filtrado\RGB_JPG_ESVERDEADO\grao_DSC_0301_id75.png,RGB_JPG_ESVERDEADO,RGB_JPG_ESVERDEADO
C:\Users\eduar\Desktop\Soybe-main\data\com_fundo_filtrado\RGB_JPG_QUEBRADOS\grao_DSC_0173_id22.png,RGB_JPG_QUEBRADOS,RGB_JPG_QUEBRADOS
C:\Users\eduar\Desktop\Soybe-main\data\com_fundo_filtrado\RGB_JPG_ESVERDEADO\grao_DSC_0303_id83.png,RGB_JPG_ESVERDEADO,RGB_JPG_ESVERDEADO
C:\Users\eduar\Desktop\Soybe-main\data\com_fundo_filtrado\RGB_JPG_Normais\grao_DSC_0394_id24.png,RGB_JPG_Normais,RGB_JPG_Normais
C:\Users\eduar\Desktop\Soybe-main\data\com_fundo_filtrado\RGB_JPG_QUEBRADOS\grao_DSC_0414_id65.png,RGB_JPG_QUEBRADOS,RGB_JPG_QUEBRADOS
C:\Users\eduar\Desktop\Soybe-main\data\com_fundo_filtrado\RGB_JPG_IMPUREZAS\grao_DSC_0236_id63.png,RGB_JPG_IMPUREZAS,RGB_JPG_IMPUREZAS
C:\Users\eduar\Desktop\Soybe-main\data\com_fundo_filtrado\RGB_JPG_Normais\grao_DSC_0486_id66.png,RGB_JPG_Normais,RGB_JPG_Normais
C:\Users\eduar\Desktop\Soybe-main\data\com_fundo_filtrado\RGB_JPG_QUEBRADOS\grao_DSC_0420_id67.png,RGB_JPG_QUEBRADOS,RGB_JPG_QUEBRADOS
C:\Users\eduar\Desktop\Soybe-main\data\com_fundo_filtrado\RGB_JPG_CHOCHOS\grao_DSC_0358_id6.png,RGB_JPG_CHOCHOS,RGB_JPG_CHOCHOS
C:\Users\eduar\Desktop\Soybe-main\data\com_fundo_filtrado\RGB_JPG_ESVERDEADO\grao_DSC_0311_id21.png,RGB_JPG_ESVERDEADO,RGB_JPG_PURPURAS
C:\Users\eduar\Desktop\Soybe-main\data\com_fundo_filtrado\RGB_JPG_IMPUREZAS\grao_DSC_0277_id65.png,RGB_JPG_IMPUREZAS,RGB_JPG_IMPUREZAS
C:\Users\eduar\Desktop\Soybe-main\data\com_fundo_filtrado\RGB_JPG_IMPUREZAS\grao_DSC_0295_id34.png,RGB_JPG_IMPUREZAS,RGB_JPG_IMPUREZAS
C:\Users\eduar\Desktop\Soybe-main\data\com_fundo_filtrado\RGB_JPG_Normais\grao_DSC_0489_id54.png,RGB_JPG_Normais,RGB_JPG_Normais
C:\Users\eduar\Desktop\Soybe-main\data\com_fundo_filtrado\RGB_JPG_IMPUREZAS\grao_DSC_0009_id103.png,RGB_JPG_IMPUREZAS,RGB_JPG_IMPUREZAS
C:\Users\eduar\Desktop\Soybe-main\data\com_fundo_filtrado\RGB_JPG_Normais\grao_DSC_0210_id68.png,RGB_JPG_Normais,RGB_JPG_Normais
C:\Users\eduar\Desktop\Soybe-main\data\com_fundo_filtrado\RGB_JPG_Normais\grao_DSC_0650_id3.png,RGB_JPG_Normais,RGB_JPG_Normais
C:\Users\eduar\Desktop\Soybe-main\data\com_fundo_filtrado\RGB_JPG_Normais\grao_DSC_0632_id72.png,RGB_JPG_Normais,RGB_JPG_Normais
C:\Users\eduar\Desktop\Soybe-main\data\com_fundo_filtrado\RGB_JPG_CHOCHOS\grao_DSC_0344_id33.png,RGB_JPG_CHOCHOS,RGB_JPG_CHOCHOS
C:\Users\eduar\Desktop\Soybe-main\data\com_fundo_filtrado\RGB_JPG_Normais\grao_DSC_0517_id35.png,RGB_JPG_Normais,RGB_JPG_Normais
C:\Users\eduar\Desktop\Soybe-main\data\com_fundo_filtrado\RGB_JPG_IMPUREZAS\grao_DSC_0280_id111.png,RGB_JPG_IMPUREZAS,RGB_JPG_IMPUREZAS
C:\Users\eduar\Desktop\Soybe-main\data\com_fundo_filtrado\RGB_JPG_QUEBRADOS\grao_DSC_0457_id36.png,RGB_JPG_QUEBRADOS,RGB_JPG_QUEBRADOS
C:\Users\eduar\Desktop\Soybe-main\data\com_fundo_filtrado\RGB_JPG_Normais\grao_DSC_0609_id77.png,RGB_JPG_Normais,RGB_JPG_Normais
C:\Users\eduar\Desktop\Soybe-main\data\com_fundo_filtrado\RGB_JPG_QUEBRADOS\grao_DSC_0429_id1.png,RGB_JPG_QUEBRADOS,RGB_JPG_QUEBRADOS
C:\Users\eduar\Desktop\Soybe-main\data\com_fundo_filtrado\RGB_JPG_Normais\grao_DSC_0158_id19.png,RGB_JPG_Normais,RGB_JPG_Normais
C:\Users\eduar\Desktop\Soybe-main\data\com_fundo_filtrado\RGB_JPG_IMPUREZAS\grao_DSC_0017_id40.png,RGB_JPG_IMPUREZAS,RGB_JPG_IMPUREZAS
C:\Users\eduar\Desktop\Soybe-main\data\com_fundo_filtrado\RGB_JPG_CHOCHOS\grao_DSC_0315_id53.png,RGB_JPG_CHOCHOS,RGB_JPG_CHOCHOS
C:\Users\eduar\Desktop\Soybe-main\data\com_fundo_filtrado\RGB_JPG_IMPUREZAS\grao_DSC_0003_id186.png,RGB_JPG_IMPUREZAS,RGB_JPG_IMPUREZAS
C:\Users\eduar\Desktop\Soybe-main\data\com_fundo_filtrado\RGB_JPG_CHOCHOS\grao_DSC_0338_id50.png,RGB_JPG_CHOCHOS,RGB_JPG_CHOCHOS
C:\Users\eduar\Desktop\Soybe-main\data\com_fundo_filtrado\RGB_JPG_INSETOS\grao_DSC_0164_id20.png,RGB_JPG_INSETOS,RGB_JPG_Normais
C:\Users\eduar\Desktop\Soybe-main\data\com_fundo_filtrado\RGB_JPG_QUEBRADOS\grao_DSC_0438_id15.png,RGB_JPG_QUEBRADOS,RGB_JPG_QUEBRADOS
C:\Users\eduar\Desktop\Soybe-main\data\com_fundo_filtrado\RGB_JPG_Normais\grao_DSC_0393_id88.png,RGB_JPG_Normais,RGB_JPG_Normais
C:\Users\eduar\Desktop\Soybe-main\data\com_fundo_filtrado\RGB_JPG_CHOCHOS\grao_DSC_0336_id10.png,RGB_JPG_CHOCHOS,RGB_JPG_CHOCHOS
C:\Users\eduar\Desktop\Soybe-main\data\com_fundo_filtrado\RGB_JPG_CHOCHOS\grao_DSC_0355_id52.png,RGB_JPG_CHOCHOS,RGB_JPG_CHOCHOS
C:\Users\eduar\Desktop\Soybe-main\data\com_fundo_filtrado\RGB_JPG_Normais\grao_DSC_0609_id12.png,RGB_JPG_Normais,RGB_JPG_Normais
C:\Users\eduar\Desktop\Soybe-main\data\com_fundo_filtrado\RGB_JPG_MAMONAS\grao_DSC_0188_id21.png,RGB_JPG_MAMONAS,RGB_JPG_MAMONAS
C:\Users\eduar\Desktop\Soybe-main\data\com_fundo_filtrado\RGB_JPG_QUEBRADOS\grao_DSC_0435_id39.png,RGB_JPG_QUEBRADOS,RGB_JPG_QUEBRADOS
C:\Users\eduar\Desktop\Soybe-main\data\com_fundo_filtrado\RGB_JPG_Normais\grao_DSC_0606_id60.png,RGB_JPG_Normais,RGB_JPG_Normais
C:\Users\eduar\Desktop\Soybe-main\data\com_fundo_filtrado\RGB_JPG_Normais\grao_DSC_0647_id37.png,RGB_JPG_Normais,RGB_JPG_Normais
C:\Users\eduar\Desktop\Soybe-main\data\com_fundo_filtrado\RGB_JPG_Normais\grao_DSC_0471_id65.png,RGB_JPG_Normais,RGB_JPG_Normais
C:\Users\eduar\Desktop\Soybe-main\data\com_fundo_filtrado\RGB_JPG_Normais\grao_DSC_0670_id49.png,RGB_JPG_Normais,RGB_JPG_Normais
C:\Users\eduar\Desktop\Soybe-main\data\com_fundo_filtrado\RGB_JPG_Normais\grao_DSC_0515_id12.png,RGB_JPG_Normais,RGB_JPG_Normais
C:\Users\eduar\Desktop\Soybe-main\data\com_fundo_filtrado\RGB_JPG_Normais\grao_DSC_0500_id34.png,RGB_JPG_Normais,RGB_JPG_Normais
C:\Users\eduar\Desktop\Soybe-main\data\com_fundo_filtrado\RGB_JPG_CHOCHOS\grao_DSC_0328_id63.png,RGB_JPG_CHOCHOS,RGB_JPG_CHOCHOS
C:\Users\eduar\Desktop\Soybe-main\data\com_fundo_filtrado\RGB_JPG_Normais\grao_DSC_0367_id14.png,RGB_JPG_Normais,RGB_JPG_Normais
C:\Users\eduar\Desktop\Soybe-main\data\com_fundo_filtrado\RGB_JPG_QUEBRADOS\grao_DSC_0171_id84.png,RGB_JPG_QUEBRADOS,RGB_JPG_QUEBRADOS
C:\Users\eduar\Desktop\Soybe-main\data\com_fundo_filtrado\RGB_JPG_QUEBRADOS\grao_DSC_0402_id75.png,RGB_JPG_QUEBRADOS,RGB_JPG_QUEBRADOS
C:\Users\eduar\Desktop\Soybe-main\data\com_fundo_filtrado\RGB_JPG_CHOCHOS\grao_DSC_0324_id60.png,RGB_JPG_CHOCHOS,RGB_JPG_CHOCHOS
C:\Users\eduar\Desktop\Soybe-main\data\com_fundo_filtrado\RGB_JPG_Normais\grao_DSC_0622_id90.png,RGB_JPG_Normais,RGB_JPG_Normais
C:\Users\eduar\Desktop\Soybe-main\data\com_fundo_filtrado\RGB_JPG_CHOCHOS\grao_DSC_0317_id52.png,RGB_JPG_CHOCHOS,RGB_JPG_CHOCHOS
C:\Users\eduar\Desktop\Soybe-main\data\com_fundo_filtrado\RGB_JPG_QUEBRADOS\grao_DSC_0459_id33.png,RGB_JPG_QUEBRADOS,RGB_JPG_QUEBRADOS
C:\Users\eduar\Desktop\Soybe-main\data\com_fundo_filtrado\RGB_JPG_CHOCHOS\grao_DSC_0319_id85.png,RGB_JPG_CHOCHOS,RGB_JPG_CHOCHOS
C:\Users\eduar\Desktop\Soybe-main\data\com_fundo_filtrado\RGB_JPG_Normais\grao_DSC_0624_id54.png,RGB_JPG_Normais,RGB_JPG_Normais
C:\Users\eduar\Desktop\Soybe-main\data\com_fundo_filtrado\RGB_JPG_Normais\grao_DSC_0514_id62.png,RGB_JPG_Normais,RGB_JPG_Normais
C:\Users\eduar\Desktop\Soybe-main\data\com_fundo_filtrado\RGB_JPG_Normais\grao_DSC_0630_id56.png,RGB_JPG_Normais,RGB_JPG_Normais
C:\Users\eduar\Desktop\Soybe-main\data\com_fundo_filtrado\RGB_JPG_Normais\grao_DSC_0485_id37.png,RGB_JPG_Normais,RGB_JPG_Normais
C:\Users\eduar\Desktop\Soybe-main\data\com_fundo_filtrado\RGB_JPG_Normais\grao_DSC_0478_id56.png,RGB_JPG_Normais,RGB_JPG_Normais
C:\Users\eduar\Desktop\Soybe-main\data\com_fundo_filtrado\RGB_JPG_Normais\grao_DSC_0398_id77.png,RGB_JPG_Normais,RGB_JPG_Normais
C:\Users\eduar\Desktop\Soybe-main\data\com_fundo_filtrado\RGB_JPG_IMPUREZAS\grao_DSC_0230_id125.png,RGB_JPG_IMPUREZAS,RGB_JPG_IMPUREZAS
C:\Users\eduar\Desktop\Soybe-main\data\com_fundo_filtrado\RGB_JPG_IMPUREZAS\grao_DSC_0254_id142.png,RGB_JPG_IMPUREZAS,RGB_JPG_IMPUREZAS
C:\Users\eduar\Desktop\Soybe-main\data\com_fundo_filtrado\RGB_JPG_IMPUREZAS\grao_DSC_0006_id67.png,RGB_JPG_IMPUREZAS,RGB_JPG_IMPUREZAS
C:\Users\eduar\Desktop\Soybe-main\data\com_fundo_filtrado\RGB_JPG_QUEBRADOS\grao_DSC_0407_id55.png,RGB_JPG_QUEBRADOS,RGB_JPG_QUEBRADOS
C:\Users\eduar\Desktop\Soybe-main\data\com_fundo_filtrado\RGB_JPG_Normais\grao_DSC_0156_id77.png,RGB_JPG_Normais,RGB_JPG_Normais
C:\Users\eduar\Desktop\Soybe-main\data\com_fundo_filtrado\RGB_JPG_IMPUREZAS\grao_DSC_0011_id180.png,RGB_JPG_IMPUREZAS,RGB_JPG_IMPUREZAS
C:\Users\eduar\Desktop\Soybe-main\data\com_fundo_filtrado\RGB_JPG_IMPUREZAS\grao_DSC_0225_id100.png,RGB_JPG_IMPUREZAS,RGB_JPG_IMPUREZAS
C:\Users\eduar\Desktop\Soybe-main\data\com_fundo_filtrado\RGB_JPG_MAMONAS\grao_DSC_0189_id148.png,RGB_JPG_MAMONAS,RGB_JPG_MAMONAS
C:\Users\eduar\Desktop\Soybe-main\data\com_fundo_filtrado\RGB_JPG_PURPURAS\grao_DSC_0047_id3.png,RGB_JPG_PURPURAS,RGB_JPG_PURPURAS
C:\Users\eduar\Desktop\Soybe-main\data\com_fundo_filtrado\RGB_JPG_Normais\grao_DSC_0675_id101.png,RGB_JPG_Normais,RGB_JPG_Normais
C:\Users\eduar\Desktop\Soybe-main\data\com_fundo_filtrado\RGB_JPG_Normais\grao_DSC_0652_id45.png,RGB_JPG_Normais,RGB_JPG_Normais
C:\Users\eduar\Desktop\Soybe-main\data\com_fundo_filtrado\RGB_JPG_CHOCHOS\grao_DSC_0332_id83.png,RGB_JPG_CHOCHOS,RGB_JPG_CHOCHOS
C:\Users\eduar\Desktop\Soybe-main\data\com_fundo_filtrado\RGB_JPG_Normais\grao_DSC_0486_id98.png,RGB_JPG_Normais,RGB_JPG_Normais
C:\Users\eduar\Desktop\Soybe-main\data\com_fundo_filtrado\RGB_JPG_IMPUREZAS\grao_DSC_0284_id16.png,RGB_JPG_IMPUREZAS,RGB_JPG_IMPUREZAS
C:\Users\eduar\Desktop\Soybe-main\data\com_fundo_filtrado\RGB_JPG_QUEBRADOS\grao_DSC_0417_id82.png,RGB_JPG_QUEBRADOS,RGB_JPG_QUEBRADOS
C:\Users\eduar\Desktop\Soybe-main\data\com_fundo_filtrado\RGB_JPG_Normais\grao_DSC_0667_id61.png,RGB_JPG_Normais,RGB_JPG_Normais
C:\Users\eduar\Desktop\Soybe-main\data\com_fundo_filtrado\RGB_JPG_IMPUREZAS\grao_DSC_0043_id136.png,RGB_JPG_IMPUREZAS,RGB_JPG_IMPUREZAS
C:\Users\eduar\Desktop\Soybe-main\data\com_fundo_filtrado\RGB_JPG_IMPUREZAS\grao_DSC_0018_id162.png,RGB_JPG_IMPUREZAS,RGB_JPG_IMPUREZAS
C:\Users\eduar\Desktop\Soybe-main\data\com_fundo_filtrado\RGB_JPG_Normais\grao_DSC_0366_id119.png,RGB_JPG_Normais,RGB_JPG_Normais
C:\Users\eduar\Desktop\Soybe-main\data\com_fundo_filtrado\RGB_JPG_IMPUREZAS\grao_DSC_0247_id188.png,RGB_JPG_IMPUREZAS,RGB_JPG_IMPUREZAS
C:\Users\eduar\Desktop\Soybe-main\data\com_fundo_filtrado\RGB_JPG_Normais\grao_DSC_0381_id33.png,RGB_JPG_Normais,RGB_JPG_Normais
C:\Users\eduar\Desktop\Soybe-main\data\com_fundo_filtrado\RGB_JPG_Normais\grao_DSC_0502_id33.png,RGB_JPG_Normais,RGB_JPG_Normais
C:\Users\eduar\Desktop\Soybe-main\data\com_fundo_filtrado\RGB_JPG_IMPUREZAS\grao_DSC_0257_id142.png,RGB_JPG_IMPUREZAS,RGB_JPG_IMPUREZAS
C:\Users\eduar\Desktop\Soybe-main\data\com_fundo_filtrado\RGB_JPG_CHOCHOS\grao_DSC_0341_id1.png,RGB_JPG_CHOCHOS,RGB_JPG_CHOCHOS
C:\Users\eduar\Desktop\Soybe-main\data\com_fundo_filtrado\RGB_JPG_IMPUREZAS\grao_DSC_0240_id245.png,RGB_JPG_IMPUREZAS,RGB_JPG_IMPUREZAS
C:\Users\eduar\Desktop\Soybe-main\data\com_fundo_filtrado\RGB_JPG_QUEBRADOS\grao_DSC_0414_id39.png,RGB_JPG_QUEBRADOS,RGB_JPG_QUEBRADOS
C:\Users\eduar\Desktop\Soybe-main\data\com_fundo_filtrado\RGB_JPG_CHOCHOS\grao_DSC_0344_id90.png,RGB_JPG_CHOCHOS,RGB_JPG_CHOCHOS
C:\Users\eduar\Desktop\Soybe-main\data\com_fundo_filtrado\RGB_JPG_IMPUREZAS\grao_DSC_0276_id158.png,RGB_JPG_IMPUREZAS,RGB_JPG_IMPUREZAS
C:\Users\eduar\Desktop\Soybe-main\data\com_fundo_filtrado\RGB_JPG_Normais\grao_DSC_0612_id35.png,RGB_JPG_Normais,RGB_JPG_Normais
C:\Users\eduar\Desktop\Soybe-main\data\com_fundo_filtrado\RGB_JPG_QUEBRADOS\grao_DSC_0407_id41.png,RGB_JPG_QUEBRADOS,RGB_JPG_QUEBRADOS
C:\Users\eduar\Desktop\Soybe-main\data\com_fundo_filtrado\RGB_JPG_CHOCHOS\grao_DSC_0344_id44.png,RGB_JPG_CHOCHOS,RGB_JPG_CHOCHOS
C:\Users\eduar\Desktop\Soybe-main\data\com_fundo_filtrado\RGB_JPG_IMPUREZAS\grao_DSC_0019_id240.png,RGB_JPG_IMPUREZAS,RGB_JPG_IMPUREZAS
C:\Users\eduar\Desktop\Soybe-main\data\com_fundo_filtrado\RGB_JPG_QUEBRADOS\grao_DSC_0446_id38.png,RGB_JPG_QUEBRADOS,RGB_JPG_QUEBRADOS
C:\Users\eduar\Desktop\Soybe-main\data\com_fundo_filtrado\RGB_JPG_IMPUREZAS\grao_DSC_0002_id204.png,RGB_JPG_IMPUREZAS,RGB_JPG_IMPUREZAS
C:\Users\eduar\Desktop\Soybe-main\data\com_fundo_filtrado\RGB_JPG_Normais\grao_DSC_0654_id43.png,RGB_JPG_Normais,RGB_JPG_Normais
C:\Users\eduar\Desktop\Soybe-main\data\com_fundo_filtrado\RGB_JPG_IMPUREZAS\grao_DSC_0236_id254.png,RGB_JPG_IMPUREZAS,RGB_JPG_IMPUREZAS
C:\Users\eduar\Desktop\Soybe-main\data\com_fundo_filtrado\RGB_JPG_IMPUREZAS\grao_DSC_0041_id167.png,RGB_JPG_IMPUREZAS,RGB_JPG_IMPUREZAS
C:\Users\eduar\Desktop\Soybe-main\data\com_fundo_filtrado\RGB_JPG_IMPUREZAS\grao_DSC_0276_id190.png,RGB_JPG_IMPUREZAS,RGB_JPG_IMPUREZAS
C:\Users\eduar\Desktop\Soybe-main\data\com_fundo_filtrado\RGB_JPG_IMPUREZAS\grao_DSC_0283_id236.png,RGB_JPG_IMPUREZAS,RGB_JPG_IMPUREZAS
C:\Users\eduar\Desktop\Soybe-main\data\com_fundo_filtrado\RGB_JPG_Normais\grao_DSC_0215_id30.png,RGB_JPG_Normais,RGB_JPG_Normais
C:\Users\eduar\Desktop\Soybe-main\data\com_fundo_filtrado\RGB_JPG_IMPUREZAS\grao_DSC_0288_id82.png,RGB_JPG_IMPUREZAS,RGB_JPG_IMPUREZAS
C:\Users\eduar\Desktop\Soybe-main\data\com_fundo_filtrado\RGB_JPG_CHOCHOS\grao_DSC_0344_id86.png,RGB_JPG_CHOCHOS,RGB_JPG_CHOCHOS
C:\Users\eduar\Desktop\Soybe-main\data\com_fundo_filtrado\RGB_JPG_Normais\grao_DSC_0381_id50.png,RGB_JPG_Normais,RGB_JPG_Normais
C:\Users\eduar\Desktop\Soybe-main\data\com_fundo_filtrado\RGB_JPG_IMPUREZAS\grao_DSC_0266_id57.png,RGB_JPG_IMPUREZAS,RGB_JPG_IMPUREZAS
C:\Users\eduar\Desktop\Soybe-main\data\com_fundo_filtrado\RGB_JPG_IMPUREZAS\grao_DSC_0258_id14.png,RGB_JPG_IMPUREZAS,RGB_JPG_IMPUREZAS
C:\Users\eduar\Desktop\Soybe-main\data\com_fundo_filtrado\RGB_JPG_QUEBRADOS\grao_DSC_0431_id75.png,RGB_JPG_QUEBRADOS,RGB_JPG_QUEBRADOS
C:\Users\eduar\Desktop\Soybe-main\data\com_fundo_filtrado\RGB_JPG_QUEBRADOS\grao_DSC_0466_id11.png,RGB_JPG_QUEBRADOS,RGB_JPG_QUEBRADOS
C:\Users\eduar\Desktop\Soybe-main\data\com_fundo_filtrado\RGB_JPG_QUEBRADOS\grao_DSC_0461_id74.png,RGB_JPG_QUEBRADOS,RGB_JPG_QUEBRADOS
C:\Users\eduar\Desktop\Soybe-main\data\com_fundo_filtrado\RGB_JPG_IMPUREZAS\grao_DSC_0017_id232.png,RGB_JPG_IMPUREZAS,RGB_JPG_IMPUREZAS
C:\Users\eduar\Desktop\Soybe-main\data\com_fundo_filtrado\RGB_JPG_Normais\grao_DSC_0490_id43.png,RGB_JPG_Normais,RGB_JPG_Normais
C:\Users\eduar\Desktop\Soybe-main\data\com_fundo_filtrado\RGB_JPG_Normais\grao_DSC_0367_id107.png,RGB_JPG_Normais,RGB_JPG_ESVERDEADO
C:\Users\eduar\Desktop\Soybe-main\data\com_fundo_filtrado\RGB_JPG_IMPUREZAS\grao_DSC_0019_id185.png,RGB_JPG_IMPUREZAS,RGB_JPG_IMPUREZAS
C:\Users\eduar\Desktop\Soybe-main\data\com_fundo_filtrado\RGB_JPG_QUEBRADOS\grao_DSC_0415_id73.png,RGB_JPG_QUEBRADOS,RGB_JPG_QUEBRADOS
C:\Users\eduar\Desktop\Soybe-main\data\com_fundo_filtrado\RGB_JPG_IMPUREZAS\grao_DSC_0231_id240.png,RGB_JPG_IMPUREZAS,RGB_JPG_IMPUREZAS
C:\Users\eduar\Desktop\Soybe-main\data\com_fundo_filtrado\RGB_JPG_IMPUREZAS\grao_DSC_0265_id164.png,RGB_JPG_IMPUREZAS,RGB_JPG_IMPUREZAS
C:\Users\eduar\Desktop\Soybe-main\data\com_fundo_filtrado\RGB_JPG_Normais\grao_DSC_0388_id68.png,RGB_JPG_Normais,RGB_JPG_Normais
C:\Users\eduar\Desktop\Soybe-main\data\com_fundo_filtrado\RGB_JPG_Normais\grao_DSC_0389_id88.png,RGB_JPG_Normais,RGB_JPG_Normais
C:\Users\eduar\Desktop\Soybe-main\data\com_fundo_filtrado\RGB_JPG_Normais\grao_DSC_0634_id71.png,RGB_JPG_Normais,RGB_JPG_Normais
C:\Users\eduar\Desktop\Soybe-main\data\com_fundo_filtrado\RGB_JPG_IMPUREZAS\grao_DSC_0257_id151.png,RGB_JPG_IMPUREZAS,RGB_JPG_IMPUREZAS
C:\Users\eduar\Desktop\Soybe-main\data\com_fundo_filtrado\RGB_JPG_Normais\grao_DSC_0480_id90.png,RGB_JPG_Normais,RGB_JPG_Normais
C:\Users\eduar\Desktop\Soybe-main\data\com_fundo_filtrado\RGB_JPG_IMPUREZAS\grao_DSC_0026_id121.png,RGB_JPG_IMPUREZAS,RGB_JPG_IMPUREZAS
C:\Users\eduar\Desktop\Soybe-main\data\com_fundo_filtrado\RGB_JPG_IMPUREZAS\grao_DSC_0246_id252.png,RGB_JPG_IMPUREZAS,RGB_JPG_IMPUREZAS
C:\Users\eduar\Desktop\Soybe-main\data\com_fundo_filtrado\RGB_JPG_Normais\grao_DSC_0646_id99.png,RGB_JPG_Normais,RGB_JPG_Normais
C:\Users\eduar\Desktop\Soybe-main\data\com_fundo_filtrado\RGB_JPG_IMPUREZAS\grao_DSC_0247_id27.png,RGB_JPG_IMPUREZAS,RGB_JPG_IMPUREZAS
C:\Users\eduar\Desktop\Soybe-main\data\com_fundo_filtrado\RGB_JPG_IMPUREZAS\grao_DSC_0282_id222.png,RGB_JPG_IMPUREZAS,RGB_JPG_IMPUREZAS
C:\Users\eduar\Desktop\Soybe-main\data\com_fundo_filtrado\RGB_JPG_ESVERDEADO\grao_DSC_0304_id10.png,RGB_JPG_ESVERDEADO,RGB_JPG_ESVERDEADO
C:\Users\eduar\Desktop\Soybe-main\data\com_fundo_filtrado\RGB_JPG_Normais\grao_DSC_0638_id39.png,RGB_JPG_Normais,RGB_JPG_Normais
C:\Users\eduar\Desktop\Soybe-main\data\com_fundo_filtrado\RGB_JPG_Normais\grao_DSC_0672_id97.png,RGB_JPG_Normais,RGB_JPG_Normais
C:\Users\eduar\Desktop\Soybe-main\data\com_fundo_filtrado\RGB_JPG_Normais\grao_DSC_0141_id36.png,RGB_JPG_Normais,RGB_JPG_Normais
C:\Users\eduar\Desktop\Soybe-main\data\com_fundo_filtrado\RGB_JPG_IMPUREZAS\grao_DSC_0274_id212.png,RGB_JPG_IMPUREZAS,RGB_JPG_IMPUREZAS
C:\Users\eduar\Desktop\Soybe-main\data\com_fundo_filtrado\RGB_JPG_Normais\grao_DSC_0395_id38.png,RGB_JPG_Normais,RGB_JPG_Normais
C:\Users\eduar\Desktop\Soybe-main\data\com_fundo_filtrado\RGB_JPG_IMPUREZAS\grao_DSC_0264_id5.png,RGB_JPG_IMPUREZAS,RGB_JPG_IMPUREZAS
C:\Users\eduar\Desktop\Soybe-main\data\com_fundo_filtrado\RGB_JPG_IMPUREZAS\grao_DSC_0251_id258.png,RGB_JPG_IMPUREZAS,RGB_JPG_IMPUREZAS
C:\Users\eduar\Desktop\Soybe-main\data\com_fundo_filtrado\RGB_JPG_QUEBRADOS\grao_DSC_0418_id44.png,RGB_JPG_QUEBRADOS,RGB_JPG_QUEBRADOS
C:\Users\eduar\Desktop\Soybe-main\data\com_fundo_filtrado\RGB_JPG_ESVERDEADO\grao_DSC_0304_id54.png,RGB_JPG_ESVERDEADO,RGB_JPG_QUEBRADOS
C:\Users\eduar\Desktop\Soybe-main\data\com_fundo_filtrado\RGB_JPG_IMPUREZAS\grao_DSC_0236_id141.png,RGB_JPG_IMPUREZAS,RGB_JPG_IMPUREZAS
C:\Users\eduar\Desktop\Soybe-main\data\com_fundo_filtrado\RGB_JPG_IMPUREZAS\grao_DSC_0026_id208.png,RGB_JPG_IMPUREZAS,RGB_JPG_IMPUREZAS
C:\Users\eduar\Desktop\Soybe-main\data\com_fundo_filtrado\RGB_JPG_IMPUREZAS\grao_DSC_0016_id126.png,RGB_JPG_IMPUREZAS,RGB_JPG_IMPUREZAS
C:\Users\eduar\Desktop\Soybe-main\data\com_fundo_filtrado\RGB_JPG_Normais\grao_DSC_0613_id82.png,RGB_JPG_Normais,RGB_JPG_Normais
C:\Users\eduar\Desktop\Soybe-main\data\com_fundo_filtrado\RGB_JPG_CHOCHOS\grao_DSC_0328_id59.png,RGB_JPG_CHOCHOS,RGB_JPG_CHOCHOS
C:\Users\eduar\Desktop\Soybe-main\data\com_fundo_filtrado\RGB_JPG_ESVERDEADO\grao_DSC_0311_id25.png,RGB_JPG_ESVERDEADO,RGB_JPG_CHOCHOS
C:\Users\eduar\Desktop\Soybe-main\data\com_fundo_filtrado\RGB_JPG_IMPUREZAS\grao_DSC_0002_id150.png,RGB_JPG_IMPUREZAS,RGB_JPG_IMPUREZAS
C:\Users\eduar\Desktop\Soybe-main\data\com_fundo_filtrado\RGB_JPG_Normais\grao_DSC_0216_id30.png,RGB_JPG_Normais,RGB_JPG_Normais
C:\Users\eduar\Desktop\Soybe-main\data\com_fundo_filtrado\RGB_JPG_Normais\grao_DSC_0666_id28.png,RGB_JPG_Normais,RGB_JPG_Normais
C:\Users\eduar\Desktop\Soybe-main\data\com_fundo_filtrado\RGB_JPG_PURPURAS\grao_DSC_0046_id39.png,RGB_JPG_PURPURAS,RGB_JPG_PURPURAS
C:\Users\eduar\Desktop\Soybe-main\data\com_fundo_filtrado\RGB_JPG_IMPUREZAS\grao_DSC_0002_id198.png,RGB_JPG_IMPUREZAS,RGB_JPG_IMPUREZAS
C:\Users\eduar\Desktop\Soybe-main\data\com_fundo_filtrado\RGB_JPG_IMPUREZAS\grao_DSC_0009_id18.png,RGB_JPG_IMPUREZAS,RGB_JPG_IMPUREZAS
C:\Users\eduar\Desktop\Soybe-main\data\com_fundo_filtrado\RGB_JPG_IMPUREZAS\grao_DSC_0291_id10.png,RGB_JPG_IMPUREZAS,RGB_JPG_IMPUREZAS
C:\Users\eduar\Desktop\Soybe-main\data\com_fundo_filtrado\RGB_JPG_QUEBRADOS\grao_DSC_0447_id9.png,RGB_JPG_QUEBRADOS,RGB_JPG_QUEBRADOS
C:\Users\eduar\Desktop\Soybe-main\data\com_fundo_filtrado\RGB_JPG_IMPUREZAS\grao_DSC_0038_id215.png,RGB_JPG_IMPUREZAS,RGB_JPG_IMPUREZAS
C:\Users\eduar\Desktop\Soybe-main\data\com_fundo_filtrado\RGB_JPG_QUEBRADOS\grao_DSC_0441_id47.png,RGB_JPG_QUEBRADOS,RGB_JPG_QUEBRADOS
C:\Users\eduar\Desktop\Soybe-main\data\com_fundo_filtrado\RGB_JPG_CHOCHOS\grao_DSC_0357_id106.png,RGB_JPG_CHOCHOS,RGB_JPG_CHOCHOS
C:\Users\eduar\Desktop\Soybe-main\data\com_fundo_filtrado\RGB_JPG_QUEBRADOS\grao_DSC_0460_id89.png,RGB_JPG_QUEBRADOS,RGB_JPG_QUEBRADOS
C:\Users\eduar\Desktop\Soybe-main\data\com_fundo_filtrado\RGB_JPG_Normais\grao_DSC_0386_id40.png,RGB_JPG_Normais,RGB_JPG_Normais
C:\Users\eduar\Desktop\Soybe-main\data\com_fundo_filtrado\RGB_JPG_IMPUREZAS\grao_DSC_0245_id163.png,RGB_JPG_IMPUREZAS,RGB_JPG_IMPUREZAS
C:\Users\eduar\Desktop\Soybe-main\data\com_fundo_filtrado\RGB_JPG_CHOCHOS\grao_DSC_0344_id24.png,RGB_JPG_CHOCHOS,RGB_JPG_CHOCHOS
C:\Users\eduar\Desktop\Soybe-main\data\com_fundo_filtrado\RGB_JPG_IMPUREZAS\grao_DSC_0038_id138.png,RGB_JPG_IMPUREZAS,RGB_JPG_IMPUREZAS
C:\Users\eduar\Desktop\Soybe-main\data\com_fundo_filtrado\RGB_JPG_Normais\grao_DSC_0642_id109.png,RGB_JPG_Normais,RGB_JPG_Normais
C:\Users\eduar\Desktop\Soybe-main\data\com_fundo_filtrado\RGB_JPG_IMPUREZAS\grao_DSC_0029_id61.png,RGB_JPG_IMPUREZAS,RGB_JPG_IMPUREZAS
C:\Users\eduar\Desktop\Soybe-main\data\com_fundo_filtrado\RGB_JPG_QUEBRADOS\grao_DSC_0404_id51.png,RGB_JPG_QUEBRADOS,RGB_JPG_QUEBRADOS
C:\Users\eduar\Desktop\Soybe-main\data\com_fundo_filtrado\RGB_JPG_IMPUREZAS\grao_DSC_0003_id59.png,RGB_JPG_IMPUREZAS,RGB_JPG_IMPUREZAS
C:\Users\eduar\Desktop\Soybe-main\data\com_fundo_filtrado\RGB_JPG_CHOCHOS\grao_DSC_0363_id86.png,RGB_JPG_CHOCHOS,RGB_JPG_IMPUREZAS
C:\Users\eduar\Desktop\Soybe-main\data\com_fundo_filtrado\RGB_JPG_Normais\grao_DSC_0489_id96.png,RGB_JPG_Normais,RGB_JPG_Normais
C:\Users\eduar\Desktop\Soybe-main\data\com_fundo_filtrado\RGB_JPG_IMPUREZAS\grao_DSC_0294_id142.png,RGB_JPG_IMPUREZAS,RGB_JPG_IMPUREZAS
C:\Users\eduar\Desktop\Soybe-main\data\com_fundo_filtrado\RGB_JPG_IMPUREZAS\grao_DSC_0028_id147.png,RGB_JPG_IMPUREZAS,RGB_JPG_IMPUREZAS
C:\Users\eduar\Desktop\Soybe-main\data\com_fundo_filtrado\RGB_JPG_IMPUREZAS\grao_DSC_0023_id22.png,RGB_JPG_IMPUREZAS,RGB_JPG_IMPUREZAS
C:\Users\eduar\Desktop\Soybe-main\data\com_fundo_filtrado\RGB_JPG_IMPUREZAS\grao_DSC_0002_id48.png,RGB_JPG_IMPUREZAS,RGB_JPG_IMPUREZAS
C:\Users\eduar\Desktop\Soybe-main\data\com_fundo_filtrado\RGB_JPG_MAMONAS\grao_DSC_0188_id27.png,RGB_JPG_MAMONAS,RGB_JPG_MAMONAS
C:\Users\eduar\Desktop\Soybe-main\data\com_fundo_filtrado\RGB_JPG_Normais\grao_DSC_0399_id11.png,RGB_JPG_Normais,RGB_JPG_Normais
C:\Users\eduar\Desktop\Soybe-main\data\com_fundo_filtrado\RGB_JPG_IMPUREZAS\grao_DSC_0265_id179.png,RGB_JPG_IMPUREZAS,RGB_JPG_IMPUREZAS
C:\Users\eduar\Desktop\Soybe-main\data\com_fundo_filtrado\RGB_JPG_QUEBRADOS\grao_DSC_0409_id65.png,RGB_JPG_QUEBRADOS,RGB_JPG_QUEBRADOS
C:\Users\eduar\Desktop\Soybe-main\data\com_fundo_filtrado\RGB_JPG_ESVERDEADO\grao_DSC_0307_id24.png,RGB_JPG_ESVERDEADO,RGB_JPG_ESVERDEADO
C:\Users\eduar\Desktop\Soybe-main\data\com_fundo_filtrado\RGB_JPG_Normais\grao_DSC_0617_id2.png,RGB_JPG_Normais,RGB_JPG_Normais
C:\Users\eduar\Desktop\Soybe-main\data\com_fundo_filtrado\RGB_JPG_Normais\grao_DSC_0671_id34.png,RGB_JPG_Normais,RGB_JPG_Normais
C:\Users\eduar\Desktop\Soybe-main\data\com_fundo_filtrado\RGB_JPG_Normais\grao_DSC_0396_id71.png,RGB_JPG_Normais,RGB_JPG_Normais
C:\Users\eduar\Desktop\Soybe-main\data\com_fundo_filtrado\RGB_JPG_Normais\grao_DSC_0399_id27.png,RGB_JPG_Normais,RGB_JPG_Normais
C:\Users\eduar\Desktop\Soybe-main\data\com_fundo_filtrado\RGB_JPG_IMPUREZAS\grao_DSC_0037_id186.png,RGB_JPG_IMPUREZAS,RGB_JPG_IMPUREZAS
C:\Users\eduar\Desktop\Soybe-main\data\com_fundo_filtrado\RGB_JPG_ESVERDEADO\grao_DSC_0312_id1.png,RGB_JPG_ESVERDEADO,RGB_JPG_ESVERDEADO
C:\Users\eduar\Desktop\Soybe-main\data\com_fundo_filtrado\RGB_JPG_ESVERDEADO\grao_DSC_0301_id83.png,RGB_JPG_ESVERDEADO,RGB_JPG_ESVERDEADO
C:\Users\eduar\Desktop\Soybe-main\data\com_fundo_filtrado\RGB_JPG_IMPUREZAS\grao_DSC_0033_id4.png,RGB_JPG_IMPUREZAS,RGB_JPG_IMPUREZAS
C:\Users\eduar\Desktop\Soybe-main\data\com_fundo_filtrado\RGB_JPG_Normais\grao_DSC_0514_id102.png,RGB_JPG_Normais,RGB_JPG_Normais
C:\Users\eduar\Desktop\Soybe-main\data\com_fundo_filtrado\RGB_JPG_Normais\grao_DSC_0215_id3.png,RGB_JPG_Normais,RGB_JPG_Normais
C:\Users\eduar\Desktop\Soybe-main\data\com_fundo_filtrado\RGB_JPG_Normais\grao_DSC_0520_id21.png,RGB_JPG_Normais,RGB_JPG_Normais
C:\Users\eduar\Desktop\Soybe-main\data\com_fundo_filtrado\RGB_JPG_CHOCHOS\grao_DSC_0351_id3.png,RGB_JPG_CHOCHOS,RGB_JPG_CHOCHOS
C:\Users\eduar\Desktop\Soybe-main\data\com_fundo_filtrado\RGB_JPG_IMPUREZAS\grao_DSC_0240_id17.png,RGB_JPG_IMPUREZAS,RGB_JPG_IMPUREZAS
C:\Users\eduar\Desktop\Soybe-main\data\com_fundo_filtrado\RGB_JPG_Normais\grao_DSC_0607_id17.png,RGB_JPG_Normais,RGB_JPG_Normais
C:\Users\eduar\Desktop\Soybe-main\data\com_fundo_filtrado\RGB_JPG_IMPUREZAS\grao_DSC_0246_id143.png,RGB_JPG_IMPUREZAS,RGB_JPG_IMPUREZAS
C:\Users\eduar\Desktop\Soybe-main\data\com_fundo_filtrado\RGB_JPG_Normais\grao_DSC_0513_id78.png,RGB_JPG_Normais,RGB_JPG_Normais
C:\Users\eduar\Desktop\Soybe-main\data\com_fundo_filtrado\RGB_JPG_INSETOS\grao_DSC_0164_id17.png,RGB_JPG_INSETOS,RGB_JPG_INSETOS
C:\Users\eduar\Desktop\Soybe-main\data\com_fundo_filtrado\RGB_JPG_Normais\grao_DSC_0502_id46.png,RGB_JPG_Normais,RGB_JPG_Normais
C:\Users\eduar\Desktop\Soybe-main\data\com_fundo_filtrado\RGB_JPG_Normais\grao_DSC_0668_id86.png,RGB_JPG_Normais,RGB_JPG_Normais
C:\Users\eduar\Desktop\Soybe-main\data\com_fundo_filtrado\RGB_JPG_Normais\grao_DSC_0669_id84.png,RGB_JPG_Normais,RGB_JPG_Normais
C:\Users\eduar\Desktop\Soybe-main\data\com_fundo_filtrado\RGB_JPG_Normais\grao_DSC_0157_id43.png,RGB_JPG_Normais,RGB_JPG_Normais
C:\Users\eduar\Desktop\Soybe-main\data\com_fundo_filtrado\RGB_JPG_CHOCHOS\grao_DSC_0327_id76.png,RGB_JPG_CHOCHOS,RGB_JPG_CHOCHOS
C:\Users\eduar\Desktop\Soybe-main\data\com_fundo_filtrado\RGB_JPG_CHOCHOS\grao_DSC_0316_id81.png,RGB_JPG_CHOCHOS,RGB_JPG_CHOCHOS
C:\Users\eduar\Desktop\Soybe-main\data\com_fundo_filtrado\RGB_JPG_Normais\grao_DSC_0659_id12.png,RGB_JPG_Normais,RGB_JPG_Normais
C:\Users\eduar\Desktop\Soybe-main\data\com_fundo_filtrado\RGB_JPG_Normais\grao_DSC_0496_id89.png,RGB_JPG_Normais,RGB_JPG_Normais
C:\Users\eduar\Desktop\Soybe-main\data\com_fundo_filtrado\RGB_JPG_QUEBRADOS\grao_DSC_0444_id39.png,RGB_JPG_QUEBRADOS,RGB_JPG_QUEBRADOS
C:\Users\eduar\Desktop\Soybe-main\data\com_fundo_filtrado\RGB_JPG_IMPUREZAS\grao_DSC_0277_id104.png,RGB_JPG_IMPUREZAS,RGB_JPG_IMPUREZAS
C:\Users\eduar\Desktop\Soybe-main\data\com_fundo_filtrado\RGB_JPG_IMPUREZAS\grao_DSC_0036_id165.png,RGB_JPG_IMPUREZAS,RGB_JPG_IMPUREZAS
C:\Users\eduar\Desktop\Soybe-main\data\com_fundo_filtrado\RGB_JPG_Normais\grao_DSC_0646_id43.png,RGB_JPG_Normais,RGB_JPG_Normais
C:\Users\eduar\Desktop\Soybe-main\data\com_fundo_filtrado\RGB_JPG_QUEBRADOS\grao_DSC_0438_id82.png,RGB_JPG_QUEBRADOS,RGB_JPG_QUEBRADOS
C:\Users\eduar\Desktop\Soybe-main\data\com_fundo_filtrado\RGB_JPG_Normais\grao_DSC_0637_id59.png,RGB_JPG_Normais,RGB_JPG_Normais
C:\Users\eduar\Desktop\Soybe-main\data\com_fundo_filtrado\RGB_JPG_Normais\grao_DSC_0137_id21.png,RGB_JPG_Normais,RGB_JPG_Normais
C:\Users\eduar\Desktop\Soybe-main\data\com_fundo_filtrado\RGB_JPG_QUEBRADOS\grao_DSC_0429_id19.png,RGB_JPG_QUEBRADOS,RGB_JPG_QUEBRADOS
C:\Users\eduar\Desktop\Soybe-main\data\com_fundo_filtrado\RGB_JPG_ESVERDEADO\grao_DSC_0303_id89.png,RGB_JPG_ESVERDEADO,RGB_JPG_ESVERDEADO
C:\Users\eduar\Desktop\Soybe-main\data\com_fundo_filtrado\RGB_JPG_Normais\grao_DSC_0662_id52.png,RGB_JPG_Normais,RGB_JPG_Normais
C:\Users\eduar\Desktop\Soybe-main\data\com_fundo_filtrado\RGB_JPG_Normais\grao_DSC_0668_id46.png,RGB_JPG_Normais,RGB_JPG_Normais
C:\Users\eduar\Desktop\Soybe-main\data\com_fundo_filtrado\RGB_JPG_IMPUREZAS\grao_DSC_0003_id155.png,RGB_JPG_IMPUREZAS,RGB_JPG_IMPUREZAS
C:\Users\eduar\Desktop\Soybe-main\data\com_fundo_filtrado\RGB_JPG_Normais\grao_DSC_0670_id42.png,RGB_JPG_Normais,RGB_JPG_Normais
C:\Users\eduar\Desktop\Soybe-main\data\com_fundo_filtrado\RGB_JPG_Normais\grao_DSC_0373_id23.png,RGB_JPG_Normais,RGB_JPG_Normais
C:\Users\eduar\Desktop\Soybe-main\data\com_fundo_filtrado\RGB_JPG_CHOCHOS\grao_DSC_0344_id22.png,RGB_JPG_CHOCHOS,RGB_JPG_CHOCHOS
C:\Users\eduar\Desktop\Soybe-main\data\com_fundo_filtrado\RGB_JPG_QUEBRADOS\grao_DSC_0461_id28.png,RGB_JPG_QUEBRADOS,RGB_JPG_QUEBRADOS
C:\Users\eduar\Desktop\Soybe-main\data\com_fundo_filtrado\RGB_JPG_QUEBRADOS\grao_DSC_0417_id86.png,RGB_JPG_QUEBRADOS,RGB_JPG_QUEBRADOS
C:\Users\eduar\Desktop\Soybe-main\data\com_fundo_filtrado\RGB_JPG_CHOCHOS\grao_DSC_0346_id98.png,RGB_JPG_CHOCHOS,RGB_JPG_CHOCHOS
C:\Users\eduar\Desktop\Soybe-main\data\com_fundo_filtrado\RGB_JPG_PURPURAS\grao_DSC_0047_id29.png,RGB_JPG_PURPURAS,RGB_JPG_PURPURAS
C:\Users\eduar\Desktop\Soybe-main\data\com_fundo_filtrado\RGB_JPG_Normais\grao_DSC_0157_id101.png,RGB_JPG_Normais,RGB_JPG_Normais
C:\Users\eduar\Desktop\Soybe-main\data\com_fundo_filtrado\RGB_JPG_CHOCHOS\grao_DSC_0340_id79.png,RGB_JPG_CHOCHOS,RGB_JPG_CHOCHOS
C:\Users\eduar\Desktop\Soybe-main\data\com_fundo_filtrado\RGB_JPG_CHOCHOS\grao_DSC_0347_id75.png,RGB_JPG_CHOCHOS,RGB_JPG_CHOCHOS
C:\Users\eduar\Desktop\Soybe-main\data\com_fundo_filtrado\RGB_JPG_IMPUREZAS\grao_DSC_0247_id218.png,RGB_JPG_IMPUREZAS,RGB_JPG_IMPUREZAS
C:\Users\eduar\Desktop\Soybe-main\data\com_fundo_filtrado\RGB_JPG_IMPUREZAS\grao_DSC_0258_id172.png,RGB_JPG_IMPUREZAS,RGB_JPG_IMPUREZAS
C:\Users\eduar\Desktop\Soybe-main\data\com_fundo_filtrado\RGB_JPG_IMPUREZAS\grao_DSC_0007_id2.png,RGB_JPG_IMPUREZAS,RGB_JPG_IMPUREZAS
C:\Users\eduar\Desktop\Soybe-main\data\com_fundo_filtrado\RGB_JPG_QUEBRADOS\grao_DSC_0409_id41.png,RGB_JPG_QUEBRADOS,RGB_JPG_QUEBRADOS
C:\Users\eduar\Desktop\Soybe-main\data\com_fundo_filtrado\RGB_JPG_Normais\grao_DSC_0159_id19.png,RGB_JPG_Normais,RGB_JPG_Normais
C:\Users\eduar\Desktop\Soybe-main\data\com_fundo_filtrado\RGB_JPG_IMPUREZAS\grao_DSC_0228_id171.png,RGB_JPG_IMPUREZAS,RGB_JPG_IMPUREZAS
C:\Users\eduar\Desktop\Soybe-main\data\com_fundo_filtrado\RGB_JPG_MAMONAS\grao_DSC_0187_id64.png,RGB_JPG_MAMONAS,RGB_JPG_MAMONAS
C:\Users\eduar\Desktop\Soybe-main\data\com_fundo_filtrado\RGB_JPG_QUEBRADOS\grao_DSC_0465_id2.png,RGB_JPG_QUEBRADOS,RGB_JPG_QUEBRADOS
C:\Users\eduar\Desktop\Soybe-main\data\com_fundo_filtrado\RGB_JPG_Normais\grao_DSC_0618_id4.png,RGB_JPG_Normais,RGB_JPG_Normais
C:\Users\eduar\Desktop\Soybe-main\data\com_fundo_filtrado\RGB_JPG_IMPUREZAS\grao_DSC_0022_id77.png,RGB_JPG_IMPUREZAS,RGB_JPG_IMPUREZAS
C:\Users\eduar\Desktop\Soybe-main\data\com_fundo_filtrado\RGB_JPG_Normais\grao_DSC_0390_id41.png,RGB_JPG_Normais,RGB_JPG_Normais
C:\Users\eduar\Desktop\Soybe-main\data\com_fundo_filtrado\RGB_JPG_Normais\grao_DSC_0658_id18.png,RGB_JPG_Normais,RGB_JPG_Normais
C:\Users\eduar\Desktop\Soybe-main\data\com_fundo_filtrado\RGB_JPG_IMPUREZAS\grao_DSC_0039_id7.png,RGB_JPG_IMPUREZAS,RGB_JPG_IMPUREZAS
C:\Users\eduar\Desktop\Soybe-main\data\com_fundo_filtrado\RGB_JPG_Normais\grao_DSC_0155_id41.png,RGB_JPG_Normais,RGB_JPG_Normais
C:\Users\eduar\Desktop\Soybe-main\data\com_fundo_filtrado\RGB_JPG_IMPUREZAS\grao_DSC_0295_id79.png,RGB_JPG_IMPUREZAS,RGB_JPG_IMPUREZAS
C:\Users\eduar\Desktop\Soybe-main\data\com_fundo_filtrado\RGB_JPG_Normais\grao_DSC_0370_id36.png,RGB_JPG_Normais,RGB_JPG_Normais
C:\Users\eduar\Desktop\Soybe-main\data\com_fundo_filtrado\RGB_JPG_QUEBRADOS\grao_DSC_0444_id53.png,RGB_JPG_QUEBRADOS,RGB_JPG_QUEBRADOS
C:\Users\eduar\Desktop\Soybe-main\data\com_fundo_filtrado\RGB_JPG_IMPUREZAS\grao_DSC_0038_id73.png,RGB_JPG_IMPUREZAS,RGB_JPG_IMPUREZAS
C:\Users\eduar\Desktop\Soybe-main\data\com_fundo_filtrado\RGB_JPG_IMPUREZAS\grao_DSC_0004_id205.png,RGB_JPG_IMPUREZAS,RGB_JPG_IMPUREZAS
C:\Users\eduar\Desktop\Soybe-main\data\com_fundo_filtrado\RGB_JPG_CHOCHOS\grao_DSC_0362_id40.png,RGB_JPG_CHOCHOS,RGB_JPG_CHOCHOS
C:\Users\eduar\Desktop\Soybe-main\data\com_fundo_filtrado\RGB_JPG_Normais\grao_DSC_0621_id81.png,RGB_JPG_Normais,RGB_JPG_Normais
C:\Users\eduar\Desktop\Soybe-main\data\com_fundo_filtrado\RGB_JPG_Normais\grao_DSC_0660_id58.png,RGB_JPG_Normais,RGB_JPG_Normais
C:\Users\eduar\Desktop\Soybe-main\data\com_fundo_filtrado\RGB_JPG_Normais\grao_DSC_0474_id66.png,RGB_JPG_Normais,RGB_JPG_Normais
C:\Users\eduar\Desktop\Soybe-main\data\com_fundo_filtrado\RGB_JPG_IMPUREZAS\grao_DSC_0238_id218.png,RGB_JPG_IMPUREZAS,RGB_JPG_IMPUREZAS
C:\Users\eduar\Desktop\Soybe-main\data\com_fundo_filtrado\RGB_JPG_IMPUREZAS\grao_DSC_0287_id247.png,RGB_JPG_IMPUREZAS,RGB_JPG_IMPUREZAS
C:\Users\eduar\Desktop\Soybe-main\data\com_fundo_filtrado\RGB_JPG_IMPUREZAS\grao_DSC_0036_id157.png,RGB_JPG_IMPUREZAS,RGB_JPG_IMPUREZAS
C:\Users\eduar\Desktop\Soybe-main\data\com_fundo_filtrado\RGB_JPG_CHOCHOS\grao_DSC_0344_id57.png,RGB_JPG_CHOCHOS,RGB_JPG_CHOCHOS
C:\Users\eduar\Desktop\Soybe-main\data\com_fundo_filtrado\RGB_JPG_QUEBRADOS\grao_DSC_0429_id18.png,RGB_JPG_QUEBRADOS,RGB_JPG_QUEBRADOS
C:\Users\eduar\Desktop\Soybe-main\data\com_fundo_filtrado\RGB_JPG_IMPUREZAS\grao_DSC_0042_id18.png,RGB_JPG_IMPUREZAS,RGB_JPG_IMPUREZAS
C:\Users\eduar\Desktop\Soybe-main\data\com_fundo_filtrado\RGB_JPG_IMPUREZAS\grao_DSC_0010_id46.png,RGB_JPG_IMPUREZAS,RGB_JPG_IMPUREZAS
C:\Users\eduar\Desktop\Soybe-main\data\com_fundo_filtrado\RGB_JPG_Normais\grao_DSC_0508_id5.png,RGB_JPG_Normais,RGB_JPG_Normais
C:\Users\eduar\Desktop\Soybe-main\data\com_fundo_filtrado\RGB_JPG_IMPUREZAS\grao_DSC_0295_id143.png,RGB_JPG_IMPUREZAS,RGB_JPG_IMPUREZAS
C:\Users\eduar\Desktop\Soybe-main\data\com_fundo_filtrado\RGB_JPG_IMPUREZAS\grao_DSC_0272_id19.png,RGB_JPG_IMPUREZAS,RGB_JPG_IMPUREZAS
C:\Users\eduar\Desktop\Soybe-main\data\com_fundo_filtrado\RGB_JPG_Normais\grao_DSC_0498_id30.png,RGB_JPG_Normais,RGB_JPG_Normais
C:\Users\eduar\Desktop\Soybe-main\data\com_fundo_filtrado\RGB_JPG_QUEBRADOS\grao_DSC_0409_id10.png,RGB_JPG_QUEBRADOS,RGB_JPG_QUEBRADOS
C:\Users\eduar\Desktop\Soybe-main\data\com_fundo_filtrado\RGB_JPG_IMPUREZAS\grao_DSC_0259_id122.png,RGB_JPG_IMPUREZAS,RGB_JPG_IMPUREZAS
C:\Users\eduar\Desktop\Soybe-main\data\com_fundo_filtrado\RGB_JPG_IMPUREZAS\grao_DSC_0241_id213.png,RGB_JPG_IMPUREZAS,RGB_JPG_IMPUREZAS
C:\Users\eduar\Desktop\Soybe-main\data\com_fundo_filtrado\RGB_JPG_Normais\grao_DSC_0631_id59.png,RGB_JPG_Normais,RGB_JPG_Normais
C:\Users\eduar\Desktop\Soybe-main\data\com_fundo_filtrado\RGB_JPG_Normais\grao_DSC_0647_id68.png,RGB_JPG_Normais,RGB_JPG_Normais
C:\Users\eduar\Desktop\Soybe-main\data\com_fundo_filtrado\RGB_JPG_QUEBRADOS\grao_DSC_0171_id96.png,RGB_JPG_QUEBRADOS,RGB_JPG_QUEBRADOS
C:\Users\eduar\Desktop\Soybe-main\data\com_fundo_filtrado\RGB_JPG_QUEBRADOS\grao_DSC_0417_id90.png,RGB_JPG_QUEBRADOS,RGB_JPG_QUEBRADOS
C:\Users\eduar\Desktop\Soybe-main\data\com_fundo_filtrado\RGB_JPG_IMPUREZAS\grao_DSC_0292_id112.png,RGB_JPG_IMPUREZAS,RGB_JPG_IMPUREZAS
C:\Users\eduar\Desktop\Soybe-main\data\com_fundo_filtrado\RGB_JPG_Normais\grao_DSC_0135_id78.png,RGB_JPG_Normais,RGB_JPG_Normais
C:\Users\eduar\Desktop\Soybe-main\data\com_fundo_filtrado\RGB_JPG_Normais\grao_DSC_0491_id27.png,RGB_JPG_Normais,RGB_JPG_Normais
C:\Users\eduar\Desktop\Soybe-main\data\com_fundo_filtrado\RGB_JPG_Normais\grao_DSC_0469_id23.png,RGB_JPG_Normais,RGB_JPG_Normais
C:\Users\eduar\Desktop\Soybe-main\data\com_fundo_filtrado\RGB_JPG_Normais\grao_DSC_0391_id22.png,RGB_JPG_Normais,RGB_JPG_Normais
C:\Users\eduar\Desktop\Soybe-main\data\com_fundo_filtrado\RGB_JPG_Normais\grao_DSC_0375_id59.png,RGB_JPG_Normais,RGB_JPG_Normais
C:\Users\eduar\Desktop\Soybe-main\data\com_fundo_filtrado\RGB_JPG_IMPUREZAS\grao_DSC_0266_id23.png,RGB_JPG_IMPUREZAS,RGB_JPG_IMPUREZAS
C:\Users\eduar\Desktop\Soybe-main\data\com_fundo_filtrado\RGB_JPG_QUEBRADOS\grao_DSC_0455_id20.png,RGB_JPG_QUEBRADOS,RGB_JPG_QUEBRADOS
C:\Users\eduar\Desktop\Soybe-main\data\com_fundo_filtrado\RGB_JPG_Normais\grao_DSC_0631_id71.png,RGB_JPG_Normais,RGB_JPG_Normais
C:\Users\eduar\Desktop\Soybe-main\data\com_fundo_filtrado\RGB_JPG_ESVERDEADO\grao_DSC_0307_id62.png,RGB_JPG_ESVERDEADO,RGB_JPG_ESVERDEADO
C:\Users\eduar\Desktop\Soybe-main\data\com_fundo_filtrado\RGB_JPG_IMPUREZAS\grao_DSC_0007_id66.png,RGB_JPG_IMPUREZAS,RGB_JPG_IMPUREZAS
C:\Users\eduar\Desktop\Soybe-main\data\com_fundo_filtrado\RGB_JPG_IMPUREZAS\grao_DSC_0250_id47.png,RGB_JPG_IMPUREZAS,RGB_JPG_IMPUREZAS
C:\Users\eduar\Desktop\Soybe-main\data\com_fundo_filtrado\RGB_JPG_PURPURAS\grao_DSC_0051_id2.png,RGB_JPG_PURPURAS,RGB_JPG_PURPURAS
C:\Users\eduar\Desktop\Soybe-main\data\com_fundo_filtrado\RGB_JPG_QUEBRADOS\grao_DSC_0450_id38.png,RGB_JPG_QUEBRADOS,RGB_JPG_QUEBRADOS
C:\Users\eduar\Desktop\Soybe-main\data\com_fundo_filtrado\RGB_JPG_IMPUREZAS\grao_DSC_0284_id128.png,RGB_JPG_IMPUREZAS,RGB_JPG_IMPUREZAS
C:\Users\eduar\Desktop\Soybe-main\data\com_fundo_filtrado\RGB_JPG_Normais\grao_DSC_0141_id29.png,RGB_JPG_Normais,RGB_JPG_Normais
C:\Users\eduar\Desktop\Soybe-main\data\com_fundo_filtrado\RGB_JPG_IMPUREZAS\grao_DSC_0278_id52.png,RGB_JPG_IMPUREZAS,RGB_JPG_IMPUREZAS
C:\Users\eduar\Desktop\Soybe-main\data\com_fundo_filtrado\RGB_JPG_QUEBRADOS\grao_DSC_0414_id28.png,RGB_JPG_QUEBRADOS,RGB_JPG_QUEBRADOS
C:\Users\eduar\Desktop\Soybe-main\data\com_fundo_filtrado\RGB_JPG_IMPUREZAS\grao_DSC_0251_id276.png,RGB_JPG_IMPUREZAS,RGB_JPG_IMPUREZAS
C:\Users\eduar\Desktop\Soybe-main\data\com_fundo_filtrado\RGB_JPG_Normais\grao_DSC_0151_id108.png,RGB_JPG_Normais,RGB_JPG_Normais
C:\Users\eduar\Desktop\Soybe-main\data\com_fundo_filtrado\RGB_JPG_Normais\grao_DSC_0647_id69.png,RGB_JPG_Normais,RGB_JPG_Normais
C:\Users\eduar\Desktop\Soybe-main\data\com_fundo_filtrado\RGB_JPG_Normais\grao_DSC_0673_id73.png,RGB_JPG_Normais,RGB_JPG_Normais
C:\Users\eduar\Desktop\Soybe-main\data\com_fundo_filtrado\RGB_JPG_IMPUREZAS\grao_DSC_0044_id104.png,RGB_JPG_IMPUREZAS,RGB_JPG_IMPUREZAS
C:\Users\eduar\Desktop\Soybe-main\data\com_fundo_filtrado\RGB_JPG_Normais\grao_DSC_0617_id110.png,RGB_JPG_Normais,RGB_JPG_Normais
C:\Users\eduar\Desktop\Soybe-main\data\com_fundo_filtrado\RGB_JPG_Normais\grao_DSC_0514_id71.png,RGB_JPG_Normais,RGB_JPG_Normais
C:\Users\eduar\Desktop\Soybe-main\data\com_fundo_filtrado\RGB_JPG_Normais\grao_DSC_0218_id57.png,RGB_JPG_Normais,RGB_JPG_Normais
C:\Users\eduar\Desktop\Soybe-main\data\com_fundo_filtrado\RGB_JPG_IMPUREZAS\grao_DSC_0243_id88.png,RGB_JPG_IMPUREZAS,RGB_JPG_IMPUREZAS
C:\Users\eduar\Desktop\Soybe-main\data\com_fundo_filtrado\RGB_JPG_Normais\grao_DSC_0387_id86.png,RGB_JPG_Normais,RGB_JPG_Normais
C:\Users\eduar\Desktop\Soybe-main\data\com_fundo_filtrado\RGB_JPG_IMPUREZAS\grao_DSC_0223_id85.png,RGB_JPG_IMPUREZAS,RGB_JPG_IMPUREZAS
C:\Users\eduar\Desktop\Soybe-main\data\com_fundo_filtrado\RGB_JPG_CHOCHOS\grao_DSC_0358_id14.png,RGB_JPG_CHOCHOS,RGB_JPG_CHOCHOS
C:\Users\eduar\Desktop\Soybe-main\data\com_fundo_filtrado\RGB_JPG_IMPUREZAS\grao_DSC_0259_id65.png,RGB_JPG_IMPUREZAS,RGB_JPG_IMPUREZAS
C:\Users\eduar\Desktop\Soybe-main\data\com_fundo_filtrado\RGB_JPG_Normais\grao_DSC_0152_id94.png,RGB_JPG_Normais,RGB_JPG_Normais
C:\Users\eduar\Desktop\Soybe-main\data\com_fundo_filtrado\RGB_JPG_IMPUREZAS\grao_DSC_0264_id100.png,RGB_JPG_IMPUREZAS,RGB_JPG_IMPUREZAS
C:\Users\eduar\Desktop\Soybe-main\data\com_fundo_filtrado\RGB_JPG_Normais\grao_DSC_0490_id86.png,RGB_JPG_Normais,RGB_JPG_Normais
C:\Users\eduar\Desktop\Soybe-main\data\com_fundo_filtrado\RGB_JPG_Normais\grao_DSC_0365_id47.png,RGB_JPG_Normais,RGB_JPG_Normais
C:\Users\eduar\Desktop\Soybe-main\data\com_fundo_filtrado\RGB_JPG_Normais\grao_DSC_0367_id75.png,RGB_JPG_Normais,RGB_JPG_Normais
C:\Users\eduar\Desktop\Soybe-main\data\com_fundo_filtrado\RGB_JPG_IMPUREZAS\grao_DSC_0002_id117.png,RGB_JPG_IMPUREZAS,RGB_JPG_IMPUREZAS
C:\Users\eduar\Desktop\Soybe-main\data\com_fundo_filtrado\RGB_JPG_QUEBRADOS\grao_DSC_0457_id45.png,RGB_JPG_QUEBRADOS,RGB_JPG_QUEBRADOS
C:\Users\eduar\Desktop\Soybe-main\data\com_fundo_filtrado\RGB_JPG_ESVERDEADO\grao_DSC_0310_id28.png,RGB_JPG_ESVERDEADO,RGB_JPG_ESVERDEADO
C:\Users\eduar\Desktop\Soybe-main\data\com_fundo_filtrado\RGB_JPG_PURPURAS\grao_DSC_0046_id23.png,RGB_JPG_PURPURAS,RGB_JPG_PURPURAS
C:\Users\eduar\Desktop\Soybe-main\data\com_fundo_filtrado\RGB_JPG_Normais\grao_DSC_0649_id69.png,RGB_JPG_Normais,RGB_JPG_Normais
C:\Users\eduar\Desktop\Soybe-main\data\com_fundo_filtrado\RGB_JPG_MAMONAS\grao_DSC_0188_id69.png,RGB_JPG_MAMONAS,RGB_JPG_MAMONAS
C:\Users\eduar\Desktop\Soybe-main\data\com_fundo_filtrado\RGB_JPG_IMPUREZAS\grao_DSC_0025_id300.png,RGB_JPG_IMPUREZAS,RGB_JPG_IMPUREZAS
C:\Users\eduar\Desktop\Soybe-main\data\com_fundo_filtrado\RGB_JPG_Normais\grao_DSC_0382_id99.png,RGB_JPG_Normais,RGB_JPG_Normais
C:\Users\eduar\Desktop\Soybe-main\data\com_fundo_filtrado\RGB_JPG_CHOCHOS\grao_DSC_0313_id70.png,RGB_JPG_CHOCHOS,RGB_JPG_CHOCHOS
C:\Users\eduar\Desktop\Soybe-main\data\com_fundo_filtrado\RGB_JPG_Normais\grao_DSC_0216_id43.png,RGB_JPG_Normais,RGB_JPG_Normais
C:\Users\eduar\Desktop\Soybe-main\data\com_fundo_filtrado\RGB_JPG_Normais\grao_DSC_0221_id11.png,RGB_JPG_Normais,RGB_JPG_Normais
C:\Users\eduar\Desktop\Soybe-main\data\com_fundo_filtrado\RGB_JPG_QUEBRADOS\grao_DSC_0423_id95.png,RGB_JPG_QUEBRADOS,RGB_JPG_QUEBRADOS
C:\Users\eduar\Desktop\Soybe-main\data\com_fundo_filtrado\RGB_JPG_IMPUREZAS\grao_DSC_0279_id201.png,RGB_JPG_IMPUREZAS,RGB_JPG_IMPUREZAS
C:\Users\eduar\Desktop\Soybe-main\data\com_fundo_filtrado\RGB_JPG_IMPUREZAS\grao_DSC_0279_id139.png,RGB_JPG_IMPUREZAS,RGB_JPG_IMPUREZAS
C:\Users\eduar\Desktop\Soybe-main\data\com_fundo_filtrado\RGB_JPG_Normais\grao_DSC_0377_id113.png,RGB_JPG_Normais,RGB_JPG_Normais
C:\Users\eduar\Desktop\Soybe-main\data\com_fundo_filtrado\RGB_JPG_IMPUREZAS\grao_DSC_0240_id262.png,RGB_JPG_IMPUREZAS,RGB_JPG_IMPUREZAS
C:\Users\eduar\Desktop\Soybe-main\data\com_fundo_filtrado\RGB_JPG_Normais\grao_DSC_0506_id29.png,RGB_JPG_Normais,RGB_JPG_Normais
C:\Users\eduar\Desktop\Soybe-main\data\com_fundo_filtrado\RGB_JPG_Normais\grao_DSC_0664_id89.png,RGB_JPG_Normais,RGB_JPG_Normais
C:\Users\eduar\Desktop\Soybe-main\data\com_fundo_filtrado\RGB_JPG_CHOCHOS\grao_DSC_0336_id31.png,RGB_JPG_CHOCHOS,RGB_JPG_CHOCHOS
C:\Users\eduar\Desktop\Soybe-main\data\com_fundo_filtrado\RGB_JPG_Normais\grao_DSC_0678_id85.png,RGB_JPG_Normais,RGB_JPG_Normais
C:\Users\eduar\Desktop\Soybe-main\data\com_fundo_filtrado\RGB_JPG_IMPUREZAS\grao_DSC_0239_id211.png,RGB_JPG_IMPUREZAS,RGB_JPG_IMPUREZAS
C:\Users\eduar\Desktop\Soybe-main\data\com_fundo_filtrado\RGB_JPG_IMPUREZAS\grao_DSC_0279_id57.png,RGB_JPG_IMPUREZAS,RGB_JPG_IMPUREZAS
C:\Users\eduar\Desktop\Soybe-main\data\com_fundo_filtrado\RGB_JPG_IMPUREZAS\grao_DSC_0258_id211.png,RGB_JPG_IMPUREZAS,RGB_JPG_IMPUREZAS
C:\Users\eduar\Desktop\Soybe-main\data\com_fundo_filtrado\RGB_JPG_MAMONAS\grao_DSC_0187_id150.png,RGB_JPG_MAMONAS,RGB_JPG_MAMONAS
C:\Users\eduar\Desktop\Soybe-main\data\com_fundo_filtrado\RGB_JPG_IMPUREZAS\grao_DSC_0269_id33.png,RGB_JPG_IMPUREZAS,RGB_JPG_IMPUREZAS
C:\Users\eduar\Desktop\Soybe-main\data\com_fundo_filtrado\RGB_JPG_IMPUREZAS\grao_DSC_0269_id5.png,RGB_JPG_IMPUREZAS,RGB_JPG_IMPUREZAS
C:\Users\eduar\Desktop\Soybe-main\data\com_fundo_filtrado\RGB_JPG_CHOCHOS\grao_DSC_0317_id57.png,RGB_JPG_CHOCHOS,RGB_JPG_CHOCHOS
C:\Users\eduar\Desktop\Soybe-main\data\com_fundo_filtrado\RGB_JPG_Normais\grao_DSC_0495_id74.png,RGB_JPG_Normais,RGB_JPG_Normais
C:\Users\eduar\Desktop\Soybe-main\data\com_fundo_filtrado\RGB_JPG_Normais\grao_DSC_0520_id63.png,RGB_JPG_Normais,RGB_JPG_Normais
C:\Users\eduar\Desktop\Soybe-main\data\com_fundo_filtrado\RGB_JPG_CHOCHOS\grao_DSC_0362_id2.png,RGB_JPG_CHOCHOS,RGB_JPG_CHOCHOS
C:\Users\eduar\Desktop\Soybe-main\data\com_fundo_filtrado\RGB_JPG_Normais\grao_DSC_0468_id53.png,RGB_JPG_Normais,RGB_JPG_Normais
C:\Users\eduar\Desktop\Soybe-main\data\com_fundo_filtrado\RGB_JPG_CHOCHOS\grao_DSC_0338_id66.png,RGB_JPG_CHOCHOS,RGB_JPG_CHOCHOS
C:\Users\eduar\Desktop\Soybe-main\data\com_fundo_filtrado\RGB_JPG_QUEBRADOS\grao_DSC_0434_id62.png,RGB_JPG_QUEBRADOS,RGB_JPG_QUEBRADOS
C:\Users\eduar\Desktop\Soybe-main\data\com_fundo_filtrado\RGB_JPG_Normais\grao_DSC_0669_id85.png,RGB_JPG_Normais,RGB_JPG_Normais
C:\Users\eduar\Desktop\Soybe-main\data\com_fundo_filtrado\RGB_JPG_QUEBRADOS\grao_DSC_0419_id6.png,RGB_JPG_QUEBRADOS,RGB_JPG_QUEBRADOS
C:\Users\eduar\Desktop\Soybe-main\data\com_fundo_filtrado\RGB_JPG_IMPUREZAS\grao_DSC_0262_id124.png,RGB_JPG_IMPUREZAS,RGB_JPG_IMPUREZAS
C:\Users\eduar\Desktop\Soybe-main\data\com_fundo_filtrado\RGB_JPG_Normais\grao_DSC_0505_id16.png,RGB_JPG_Normais,RGB_JPG_Normais
C:\Users\eduar\Desktop\Soybe-main\data\com_fundo_filtrado\RGB_JPG_Normais\grao_DSC_0514_id69.png,RGB_JPG_Normais,RGB_JPG_Normais
C:\Users\eduar\Desktop\Soybe-main\data\com_fundo_filtrado\RGB_JPG_Normais\grao_DSC_0383_id69.png,RGB_JPG_Normais,RGB_JPG_Normais
C:\Users\eduar\Desktop\Soybe-main\data\com_fundo_filtrado\RGB_JPG_Normais\grao_DSC_0159_id65.png,RGB_JPG_Normais,RGB_JPG_Normais
C:\Users\eduar\Desktop\Soybe-main\data\com_fundo_filtrado\RGB_JPG_IMPUREZAS\grao_DSC_0041_id140.png,RGB_JPG_IMPUREZAS,RGB_JPG_IMPUREZAS
C:\Users\eduar\Desktop\Soybe-main\data\com_fundo_filtrado\RGB_JPG_CHOCHOS\grao_DSC_0324_id92.png,RGB_JPG_CHOCHOS,RGB_JPG_CHOCHOS
C:\Users\eduar\Desktop\Soybe-main\data\com_fundo_filtrado\RGB_JPG_QUEBRADOS\grao_DSC_0402_id24.png,RGB_JPG_QUEBRADOS,RGB_JPG_QUEBRADOS
C:\Users\eduar\Desktop\Soybe-main\data\com_fundo_filtrado\RGB_JPG_Normais\grao_DSC_0641_id104.png,RGB_JPG_Normais,RGB_JPG_Normais
C:\Users\eduar\Desktop\Soybe-main\data\com_fundo_filtrado\RGB_JPG_IMPUREZAS\grao_DSC_0276_id100.png,RGB_JPG_IMPUREZAS,RGB_JPG_IMPUREZAS
C:\Users\eduar\Desktop\Soybe-main\data\com_fundo_filtrado\RGB_JPG_Normais\grao_DSC_0367_id56.png,RGB_JPG_Normais,RGB_JPG_Normais
C:\Users\eduar\Desktop\Soybe-main\data\com_fundo_filtrado\RGB_JPG_IMPUREZAS\grao_DSC_0245_id189.png,RGB_JPG_IMPUREZAS,RGB_JPG_IMPUREZAS
C:\Users\eduar\Desktop\Soybe-main\data\com_fundo_filtrado\RGB_JPG_IMPUREZAS\grao_DSC_0239_id257.png,RGB_JPG_IMPUREZAS,RGB_JPG_IMPUREZAS
C:\Users\eduar\Desktop\Soybe-main\data\com_fundo_filtrado\RGB_JPG_ESVERDEADO\grao_DSC_0312_id15.png,RGB_JPG_ESVERDEADO,RGB_JPG_CHOCHOS
C:\Users\eduar\Desktop\Soybe-main\data\com_fundo_filtrado\RGB_JPG_IMPUREZAS\grao_DSC_0239_id26.png,RGB_JPG_IMPUREZAS,RGB_JPG_IMPUREZAS
C:\Users\eduar\Desktop\Soybe-main\data\com_fundo_filtrado\RGB_JPG_Normais\grao_DSC_0647_id104.png,RGB_JPG_Normais,RGB_JPG_Normais
C:\Users\eduar\Desktop\Soybe-main\data\com_fundo_filtrado\RGB_JPG_QUEBRADOS\grao_DSC_0173_id9.png,RGB_JPG_QUEBRADOS,RGB_JPG_QUEBRADOS
C:\Users\eduar\Desktop\Soybe-main\data\com_fundo_filtrado\RGB_JPG_IMPUREZAS\grao_DSC_0240_id221.png,RGB_JPG_IMPUREZAS,RGB_JPG_IMPUREZAS
C:\Users\eduar\Desktop\Soybe-main\data\com_fundo_filtrado\RGB_JPG_IMPUREZAS\grao_DSC_0015_id127.png,RGB_JPG_IMPUREZAS,RGB_JPG_IMPUREZAS
C:\Users\eduar\Desktop\Soybe-main\data\com_fundo_filtrado\RGB_JPG_Normais\grao_DSC_0475_id30.png,RGB_JPG_Normais,RGB_JPG_Normais
C:\Users\eduar\Desktop\Soybe-main\data\com_fundo_filtrado\RGB_JPG_IMPUREZAS\grao_DSC_0021_id142.png,RGB_JPG_IMPUREZAS,RGB_JPG_IMPUREZAS
C:\Users\eduar\Desktop\Soybe-main\data\com_fundo_filtrado\RGB_JPG_Normais\grao_DSC_0162_id1.png,RGB_JPG_Normais,RGB_JPG_Normais
C:\Users\eduar\Desktop\Soybe-main\data\com_fundo_filtrado\RGB_JPG_Normais\grao_DSC_0619_id25.png,RGB_JPG_Normais,RGB_JPG_Normais
C:\Users\eduar\Desktop\Soybe-main\data\com_fundo_filtrado\RGB_JPG_IMPUREZAS\grao_DSC_0285_id144.png,RGB_JPG_IMPUREZAS,RGB_JPG_IMPUREZAS
C:\Users\eduar\Desktop\Soybe-main\data\com_fundo_filtrado\RGB_JPG_Normais\grao_DSC_0378_id110.png,RGB_JPG_Normais,RGB_JPG_Normais
C:\Users\eduar\Desktop\Soybe-main\data\com_fundo_filtrado\RGB_JPG_CHOCHOS\grao_DSC_0167_id83.png,RGB_JPG_CHOCHOS,RGB_JPG_Normais
C:\Users\eduar\Desktop\Soybe-main\data\com_fundo_filtrado\RGB_JPG_Normais\grao_DSC_0221_id48.png,RGB_JPG_Normais,RGB_JPG_Normais
C:\Users\eduar\Desktop\Soybe-main\data\com_fundo_filtrado\RGB_JPG_QUEBRADOS\grao_DSC_0462_id75.png,RGB_JPG_QUEBRADOS,RGB_JPG_QUEBRADOS
C:\Users\eduar\Desktop\Soybe-main\data\com_fundo_filtrado\RGB_JPG_Normais\grao_DSC_0615_id13.png,RGB_JPG_Normais,RGB_JPG_Normais
C:\Users\eduar\Desktop\Soybe-main\data\com_fundo_filtrado\RGB_JPG_IMPUREZAS\grao_DSC_0025_id106.png,RGB_JPG_IMPUREZAS,RGB_JPG_IMPUREZAS
C:\Users\eduar\Desktop\Soybe-main\data\com_fundo_filtrado\RGB_JPG_Normais\grao_DSC_0520_id2.png,RGB_JPG_Normais,RGB_JPG_Normais
C:\Users\eduar\Desktop\Soybe-main\data\com_fundo_filtrado\RGB_JPG_Normais\grao_DSC_0520_id73.png,RGB_JPG_Normais,RGB_JPG_Normais
C:\Users\eduar\Desktop\Soybe-main\data\com_fundo_filtrado\RGB_JPG_QUEBRADOS\grao_DSC_0437_id34.png,RGB_JPG_QUEBRADOS,RGB_JPG_QUEBRADOS
C:\Users\eduar\Desktop\Soybe-main\data\com_fundo_filtrado\RGB_JPG_Normais\grao_DSC_0154_id57.png,RGB_JPG_Normais,RGB_JPG_Normais
C:\Users\eduar\Desktop\Soybe-main\data\com_fundo_filtrado\RGB_JPG_ESVERDEADO\grao_DSC_0310_id55.png,RGB_JPG_ESVERDEADO,RGB_JPG_CHOCHOS
C:\Users\eduar\Desktop\Soybe-main\data\com_fundo_filtrado\RGB_JPG_QUEBRADOS\grao_DSC_0434_id91.png,RGB_JPG_QUEBRADOS,RGB_JPG_QUEBRADOS
C:\Users\eduar\Desktop\Soybe-main\data\com_fundo_filtrado\RGB_JPG_Normais\grao_DSC_0631_id64.png,RGB_JPG_Normais,RGB_JPG_Normais
C:\Users\eduar\Desktop\Soybe-main\data\com_fundo_filtrado\RGB_JPG_IMPUREZAS\grao_DSC_0258_id93.png,RGB_JPG_IMPUREZAS,RGB_JPG_IMPUREZAS
C:\Users\eduar\Desktop\Soybe-main\data\com_fundo_filtrado\RGB_JPG_CHOCHOS\grao_DSC_0363_id117.png,RGB_JPG_CHOCHOS,RGB_JPG_CHOCHOS
C:\Users\eduar\Desktop\Soybe-main\data\com_fundo_filtrado\RGB_JPG_QUEBRADOS\grao_DSC_0429_id85.png,RGB_JPG_QUEBRADOS,RGB_JPG_QUEBRADOS
C:\Users\eduar\Desktop\Soybe-main\data\com_fundo_filtrado\RGB_JPG_Normais\grao_DSC_0160_id9.png,RGB_JPG_Normais,RGB_JPG_Normais
C:\Users\eduar\Desktop\Soybe-main\data\com_fundo_filtrado\RGB_JPG_INSETOS\grao_DSC_0164_id2.png,RGB_JPG_INSETOS,RGB_JPG_INSETOS
C:\Users\eduar\Desktop\Soybe-main\data\com_fundo_filtrado\RGB_JPG_Normais\grao_DSC_0383_id37.png,RGB_JPG_Normais,RGB_JPG_Normais
C:\Users\eduar\Desktop\Soybe-main\data\com_fundo_filtrado\RGB_JPG_QUEBRADOS\grao_DSC_0461_id6.png,RGB_JPG_QUEBRADOS,RGB_JPG_QUEBRADOS
C:\Users\eduar\Desktop\Soybe-main\data\com_fundo_filtrado\RGB_JPG_IMPUREZAS\grao_DSC_0230_id89.png,RGB_JPG_IMPUREZAS,RGB_JPG_IMPUREZAS
C:\Users\eduar\Desktop\Soybe-main\data\com_fundo_filtrado\RGB_JPG_Normais\grao_DSC_0372_id4.png,RGB_JPG_Normais,RGB_JPG_Normais
C:\Users\eduar\Desktop\Soybe-main\data\com_fundo_filtrado\RGB_JPG_IMPUREZAS\grao_DSC_0296_id163.png,RGB_JPG_IMPUREZAS,RGB_JPG_IMPUREZAS
C:\Users\eduar\Desktop\Soybe-main\data\com_fundo_filtrado\RGB_JPG_Normais\grao_DSC_0655_id80.png,RGB_JPG_Normais,RGB_JPG_Normais
C:\Users\eduar\Desktop\Soybe-main\data\com_fundo_filtrado\RGB_JPG_IMPUREZAS\grao_DSC_0263_id137.png,RGB_JPG_IMPUREZAS,RGB_JPG_IMPUREZAS
C:\Users\eduar\Desktop\Soybe-main\data\com_fundo_filtrado\RGB_JPG_Normais\grao_DSC_0613_id60.png,RGB_JPG_Normais,RGB_JPG_Normais
C:\Users\eduar\Desktop\Soybe-main\data\com_fundo_filtrado\RGB_JPG_IMPUREZAS\grao_DSC_0250_id99.png,RGB_JPG_IMPUREZAS,RGB_JPG_IMPUREZAS
C:\Users\eduar\Desktop\Soybe-main\data\com_fundo_filtrado\RGB_JPG_Normais\grao_DSC_0640_id4.png,RGB_JPG_Normais,RGB_JPG_Normais
C:\Users\eduar\Desktop\Soybe-main\data\com_fundo_filtrado\RGB_JPG_Normais\grao_DSC_0143_id90.png,RGB_JPG_Normais,RGB_JPG_Normais
C:\Users\eduar\Desktop\Soybe-main\data\com_fundo_filtrado\RGB_JPG_Normais\grao_DSC_0390_id47.png,RGB_JPG_Normais,RGB_JPG_Normais
C:\Users\eduar\Desktop\Soybe-main\data\com_fundo_filtrado\RGB_JPG_PURPURAS\grao_DSC_0047_id6.png,RGB_JPG_PURPURAS,RGB_JPG_PURPURAS
C:\Users\eduar\Desktop\Soybe-main\data\com_fundo_filtrado\RGB_JPG_IMPUREZAS\grao_DSC_0011_id72.png,RGB_JPG_IMPUREZAS,RGB_JPG_IMPUREZAS
C:\Users\eduar\Desktop\Soybe-main\data\com_fundo_filtrado\RGB_JPG_Normais\grao_DSC_0386_id36.png,RGB_JPG_Normais,RGB_JPG_Normais
C:\Users\eduar\Desktop\Soybe-main\data\com_fundo_filtrado\RGB_JPG_Normais\grao_DSC_0664_id20.png,RGB_JPG_Normais,RGB_JPG_Normais
C:\Users\eduar\Desktop\Soybe-main\data\com_fundo_filtrado\RGB_JPG_Normais\grao_DSC_0156_id35.png,RGB_JPG_Normais,RGB_JPG_Normais
C:\Users\eduar\Desktop\Soybe-main\data\com_fundo_filtrado\RGB_JPG_Normais\grao_DSC_0136_id73.png,RGB_JPG_Normais,RGB_JPG_Normais
C:\Users\eduar\Desktop\Soybe-main\data\com_fundo_filtrado\RGB_JPG_QUEBRADOS\grao_DSC_0456_id85.png,RGB_JPG_QUEBRADOS,RGB_JPG_QUEBRADOS
C:\Users\eduar\Desktop\Soybe-main\data\com_fundo_filtrado\RGB_JPG_CHOCHOS\grao_DSC_0337_id54.png,RGB_JPG_CHOCHOS,RGB_JPG_CHOCHOS
C:\Users\eduar\Desktop\Soybe-main\data\com_fundo_filtrado\RGB_JPG_MAMONAS\grao_DSC_0190_id173.png,RGB_JPG_MAMONAS,RGB_JPG_MAMONAS
C:\Users\eduar\Desktop\Soybe-main\data\com_fundo_filtrado\RGB_JPG_IMPUREZAS\grao_DSC_0261_id111.png,RGB_JPG_IMPUREZAS,RGB_JPG_IMPUREZAS
C:\Users\eduar\Desktop\Soybe-main\data\com_fundo_filtrado\RGB_JPG_IMPUREZAS\grao_DSC_0240_id84.png,RGB_JPG_IMPUREZAS,RGB_JPG_IMPUREZAS
C:\Users\eduar\Desktop\Soybe-main\data\com_fundo_filtrado\RGB_JPG_IMPUREZAS\grao_DSC_0242_id197.png,RGB_JPG_IMPUREZAS,RGB_JPG_IMPUREZAS
C:\Users\eduar\Desktop\Soybe-main\data\com_fundo_filtrado\RGB_JPG_Normais\grao_DSC_0489_id71.png,RGB_JPG_Normais,RGB_JPG_Normais
C:\Users\eduar\Desktop\Soybe-main\data\com_fundo_filtrado\RGB_JPG_Normais\grao_DSC_0395_id37.png,RGB_JPG_Normais,RGB_JPG_Normais
C:\Users\eduar\Desktop\Soybe-main\data\com_fundo_filtrado\RGB_JPG_PURPURAS\grao_DSC_0049_id28.png,RGB_JPG_PURPURAS,RGB_JPG_PURPURAS
C:\Users\eduar\Desktop\Soybe-main\data\com_fundo_filtrado\RGB_JPG_QUEBRADOS\grao_DSC_0439_id60.png,RGB_JPG_QUEBRADOS,RGB_JPG_QUEBRADOS
C:\Users\eduar\Desktop\Soybe-main\data\com_fundo_filtrado\RGB_JPG_IMPUREZAS\grao_DSC_0016_id123.png,RGB_JPG_IMPUREZAS,RGB_JPG_IMPUREZAS
C:\Users\eduar\Desktop\Soybe-main\data\com_fundo_filtrado\RGB_JPG_IMPUREZAS\grao_DSC_0229_id208.png,RGB_JPG_IMPUREZAS,RGB_JPG_IMPUREZAS
C:\Users\eduar\Desktop\Soybe-main\data\com_fundo_filtrado\RGB_JPG_IMPUREZAS\grao_DSC_0252_id118.png,RGB_JPG_IMPUREZAS,RGB_JPG_IMPUREZAS
C:\Users\eduar\Desktop\Soybe-main\data\com_fundo_filtrado\RGB_JPG_IMPUREZAS\grao_DSC_0228_id116.png,RGB_JPG_IMPUREZAS,RGB_JPG_IMPUREZAS
C:\Users\eduar\Desktop\Soybe-main\data\com_fundo_filtrado\RGB_JPG_Normais\grao_DSC_0400_id46.png,RGB_JPG_Normais,RGB_JPG_Normais
C:\Users\eduar\Desktop\Soybe-main\data\com_fundo_filtrado\RGB_JPG_Normais\grao_DSC_0506_id58.png,RGB_JPG_Normais,RGB_JPG_Normais
C:\Users\eduar\Desktop\Soybe-main\data\com_fundo_filtrado\RGB_JPG_Normais\grao_DSC_0379_id97.png,RGB_JPG_Normais,RGB_JPG_Normais
C:\Users\eduar\Desktop\Soybe-main\data\com_fundo_filtrado\RGB_JPG_Normais\grao_DSC_0470_id75.png,RGB_JPG_Normais,RGB_JPG_Normais
C:\Users\eduar\Desktop\Soybe-main\data\com_fundo_filtrado\RGB_JPG_Normais\grao_DSC_0384_id99.png,RGB_JPG_Normais,RGB_JPG_Normais
C:\Users\eduar\Desktop\Soybe-main\data\com_fundo_filtrado\RGB_JPG_QUEBRADOS\grao_DSC_0418_id99.png,RGB_JPG_QUEBRADOS,RGB_JPG_QUEBRADOS
C:\Users\eduar\Desktop\Soybe-main\data\com_fundo_filtrado\RGB_JPG_Normais\grao_DSC_0610_id41.png,RGB_JPG_Normais,RGB_JPG_Normais
C:\Users\eduar\Desktop\Soybe-main\data\com_fundo_filtrado\RGB_JPG_MAMONAS\grao_DSC_0187_id92.png,RGB_JPG_MAMONAS,RGB_JPG_MAMONAS
C:\Users\eduar\Desktop\Soybe-main\data\com_fundo_filtrado\RGB_JPG_CHOCHOS\grao_DSC_0326_id63.png,RGB_JPG_CHOCHOS,RGB_JPG_CHOCHOS
C:\Users\eduar\Desktop\Soybe-main\data\com_fundo_filtrado\RGB_JPG_IMPUREZAS\grao_DSC_0016_id63.png,RGB_JPG_IMPUREZAS,RGB_JPG_IMPUREZAS
C:\Users\eduar\Desktop\Soybe-main\data\com_fundo_filtrado\RGB_JPG_IMPUREZAS\grao_DSC_0294_id31.png,RGB_JPG_IMPUREZAS,RGB_JPG_IMPUREZAS
C:\Users\eduar\Desktop\Soybe-main\data\com_fundo_filtrado\RGB_JPG_IMPUREZAS\grao_DSC_0278_id115.png,RGB_JPG_IMPUREZAS,RGB_JPG_IMPUREZAS
C:\Users\eduar\Desktop\Soybe-main\data\com_fundo_filtrado\RGB_JPG_Normais\grao_DSC_0478_id35.png,RGB_JPG_Normais,RGB_JPG_Normais
C:\Users\eduar\Desktop\Soybe-main\data\com_fundo_filtrado\RGB_JPG_QUEBRADOS\grao_DSC_0168_id64.png,RGB_JPG_QUEBRADOS,RGB_JPG_QUEBRADOS
C:\Users\eduar\Desktop\Soybe-main\data\com_fundo_filtrado\RGB_JPG_Normais\grao_DSC_0617_id97.png,RGB_JPG_Normais,RGB_JPG_Normais
C:\Users\eduar\Desktop\Soybe-main\data\com_fundo_filtrado\RGB_JPG_IMPUREZAS\grao_DSC_0231_id199.png,RGB_JPG_IMPUREZAS,RGB_JPG_IMPUREZAS
C:\Users\eduar\Desktop\Soybe-main\data\com_fundo_filtrado\RGB_JPG_Normais\grao_DSC_0660_id35.png,RGB_JPG_Normais,RGB_JPG_Normais
C:\Users\eduar\Desktop\Soybe-main\data\com_fundo_filtrado\RGB_JPG_Normais\grao_DSC_0498_id22.png,RGB_JPG_Normais,RGB_JPG_Normais
C:\Users\eduar\Desktop\Soybe-main\data\com_fundo_filtrado\RGB_JPG_CHOCHOS\grao_DSC_0353_id90.png,RGB_JPG_CHOCHOS,RGB_JPG_CHOCHOS
C:\Users\eduar\Desktop\Soybe-main\data\com_fundo_filtrado\RGB_JPG_IMPUREZAS\grao_DSC_0005_id153.png,RGB_JPG_IMPUREZAS,RGB_JPG_IMPUREZAS
C:\Users\eduar\Desktop\Soybe-main\data\com_fundo_filtrado\RGB_JPG_Normais\grao_DSC_0498_id74.png,RGB_JPG_Normais,RGB_JPG_Normais
C:\Users\eduar\Desktop\Soybe-main\data\com_fundo_filtrado\RGB_JPG_IMPUREZAS\grao_DSC_0003_id247.png,RGB_JPG_IMPUREZAS,RGB_JPG_IMPUREZAS
C:\Users\eduar\Desktop\Soybe-main\data\com_fundo_filtrado\RGB_JPG_Normais\grao_DSC_0495_id53.png,RGB_JPG_Normais,RGB_JPG_Normais
C:\Users\eduar\Desktop\Soybe-main\data\com_fundo_filtrado\RGB_JPG_QUEBRADOS\grao_DSC_0168_id33.png,RGB_JPG_QUEBRADOS,RGB_JPG_QUEBRADOS
C:\Users\eduar\Desktop\Soybe-main\data\com_fundo_filtrado\RGB_JPG_Normais\grao_DSC_0641_id1.png,RGB_JPG_Normais,RGB_JPG_Normais
C:\Users\eduar\Desktop\Soybe-main\data\com_fundo_filtrado\RGB_JPG_IMPUREZAS\grao_DSC_0239_id124.png,RGB_JPG_IMPUREZAS,RGB_JPG_IMPUREZAS
C:\Users\eduar\Desktop\Soybe-main\data\com_fundo_filtrado\RGB_JPG_CHOCHOS\grao_DSC_0339_id50.png,RGB_JPG_CHOCHOS,RGB_JPG_CHOCHOS
C:\Users\eduar\Desktop\Soybe-main\data\com_fundo_filtrado\RGB_JPG_IMPUREZAS\grao_DSC_0277_id102.png,RGB_JPG_IMPUREZAS,RGB_JPG_IMPUREZAS
C:\Users\eduar\Desktop\Soybe-main\data\com_fundo_filtrado\RGB_JPG_IMPUREZAS\grao_DSC_0280_id197.png,RGB_JPG_IMPUREZAS,RGB_JPG_IMPUREZAS
C:\Users\eduar\Desktop\Soybe-main\data\com_fundo_filtrado\RGB_JPG_Normais\grao_DSC_0387_id88.png,RGB_JPG_Normais,RGB_JPG_Normais
C:\Users\eduar\Desktop\Soybe-main\data\com_fundo_filtrado\RGB_JPG_Normais\grao_DSC_0379_id59.png,RGB_JPG_Normais,RGB_JPG_Normais
C:\Users\eduar\Desktop\Soybe-main\data\com_fundo_filtrado\RGB_JPG_IMPUREZAS\grao_DSC_0003_id280.png,RGB_JPG_IMPUREZAS,RGB_JPG_IMPUREZAS
C:\Users\eduar\Desktop\Soybe-main\data\com_fundo_filtrado\RGB_JPG_Normais\grao_DSC_0505_id29.png,RGB_JPG_Normais,RGB_JPG_Normais
C:\Users\eduar\Desktop\Soybe-main\data\com_fundo_filtrado\RGB_JPG_Normais\grao_DSC_0614_id53.png,RGB_JPG_Normais,RGB_JPG_Normais
C:\Users\eduar\Desktop\Soybe-main\data\com_fundo_filtrado\RGB_JPG_Normais\grao_DSC_0144_id54.png,RGB_JPG_Normais,RGB_JPG_Normais
C:\Users\eduar\Desktop\Soybe-main\data\com_fundo_filtrado\RGB_JPG_Normais\grao_DSC_0484_id44.png,RGB_JPG_Normais,RGB_JPG_Normais
C:\Users\eduar\Desktop\Soybe-main\data\com_fundo_filtrado\RGB_JPG_IMPUREZAS\grao_DSC_0025_id73.png,RGB_JPG_IMPUREZAS,RGB_JPG_IMPUREZAS
C:\Users\eduar\Desktop\Soybe-main\data\com_fundo_filtrado\RGB_JPG_Normais\grao_DSC_0478_id2.png,RGB_JPG_Normais,RGB_JPG_Normais
C:\Users\eduar\Desktop\Soybe-main\data\com_fundo_filtrado\RGB_JPG_CHOCHOS\grao_DSC_0324_id31.png,RGB_JPG_CHOCHOS,RGB_JPG_CHOCHOS
C:\Users\eduar\Desktop\Soybe-main\data\com_fundo_filtrado\RGB_JPG_Normais\grao_DSC_0470_id17.png,RGB_JPG_Normais,RGB_JPG_Normais
C:\Users\eduar\Desktop\Soybe-main\data\com_fundo_filtrado\RGB_JPG_IMPUREZAS\grao_DSC_0249_id13.png,RGB_JPG_IMPUREZAS,RGB_JPG_IMPUREZAS
C:\Users\eduar\Desktop\Soybe-main\data\com_fundo_filtrado\RGB_JPG_QUEBRADOS\grao_DSC_0434_id53.png,RGB_JPG_QUEBRADOS,RGB_JPG_QUEBRADOS
C:\Users\eduar\Desktop\Soybe-main\data\com_fundo_filtrado\RGB_JPG_IMPUREZAS\grao_DSC_0280_id219.png,RGB_JPG_IMPUREZAS,RGB_JPG_IMPUREZAS
C:\Users\eduar\Desktop\Soybe-main\data\com_fundo_filtrado\RGB_JPG_CHOCHOS\grao_DSC_0332_id90.png,RGB_JPG_CHOCHOS,RGB_JPG_CHOCHOS
C:\Users\eduar\Desktop\Soybe-main\data\com_fundo_filtrado\RGB_JPG_QUEBRADOS\grao_DSC_0404_id33.png,RGB_JPG_QUEBRADOS,RGB_JPG_QUEBRADOS
C:\Users\eduar\Desktop\Soybe-main\data\com_fundo_filtrado\RGB_JPG_IMPUREZAS\grao_DSC_0027_id138.png,RGB_JPG_IMPUREZAS,RGB_JPG_IMPUREZAS
C:\Users\eduar\Desktop\Soybe-main\data\com_fundo_filtrado\RGB_JPG_CHOCHOS\grao_DSC_0319_id60.png,RGB_JPG_CHOCHOS,RGB_JPG_IMPUREZAS
C:\Users\eduar\Desktop\Soybe-main\data\com_fundo_filtrado\RGB_JPG_Normais\grao_DSC_0144_id39.png,RGB_JPG_Normais,RGB_JPG_Normais
C:\Users\eduar\Desktop\Soybe-main\data\com_fundo_filtrado\RGB_JPG_Normais\grao_DSC_0506_id20.png,RGB_JPG_Normais,RGB_JPG_Normais
C:\Users\eduar\Desktop\Soybe-main\data\com_fundo_filtrado\RGB_JPG_Normais\grao_DSC_0616_id45.png,RGB_JPG_Normais,RGB_JPG_Normais
C:\Users\eduar\Desktop\Soybe-main\data\com_fundo_filtrado\RGB_JPG_Normais\grao_DSC_0609_id49.png,RGB_JPG_Normais,RGB_JPG_Normais
C:\Users\eduar\Desktop\Soybe-main\data\com_fundo_filtrado\RGB_JPG_Normais\grao_DSC_0468_id86.png,RGB_JPG_Normais,RGB_JPG_Normais
C:\Users\eduar\Desktop\Soybe-main\data\com_fundo_filtrado\RGB_JPG_IMPUREZAS\grao_DSC_0270_id79.png,RGB_JPG_IMPUREZAS,RGB_JPG_IMPUREZAS
C:\Users\eduar\Desktop\Soybe-main\data\com_fundo_filtrado\RGB_JPG_QUEBRADOS\grao_DSC_0457_id71.png,RGB_JPG_QUEBRADOS,RGB_JPG_QUEBRADOS
C:\Users\eduar\Desktop\Soybe-main\data\com_fundo_filtrado\RGB_JPG_Normais\grao_DSC_0639_id57.png,RGB_JPG_Normais,RGB_JPG_Normais
C:\Users\eduar\Desktop\Soybe-main\data\com_fundo_filtrado\RGB_JPG_CHOCHOS\grao_DSC_0348_id29.png,RGB_JPG_CHOCHOS,RGB_JPG_CHOCHOS
C:\Users\eduar\Desktop\Soybe-main\data\com_fundo_filtrado\RGB_JPG_IMPUREZAS\grao_DSC_0238_id78.png,RGB_JPG_IMPUREZAS,RGB_JPG_IMPUREZAS
C:\Users\eduar\Desktop\Soybe-main\data\com_fundo_filtrado\RGB_JPG_CHOCHOS\grao_DSC_0336_id72.png,RGB_JPG_CHOCHOS,RGB_JPG_CHOCHOS
C:\Users\eduar\Desktop\Soybe-main\data\com_fundo_filtrado\RGB_JPG_Normais\grao_DSC_0607_id107.png,RGB_JPG_Normais,RGB_JPG_Normais
C:\Users\eduar\Desktop\Soybe-main\data\com_fundo_filtrado\RGB_JPG_Normais\grao_DSC_0659_id11.png,RGB_JPG_Normais,RGB_JPG_Normais
C:\Users\eduar\Desktop\Soybe-main\data\com_fundo_filtrado\RGB_JPG_IMPUREZAS\grao_DSC_0039_id50.png,RGB_JPG_IMPUREZAS,RGB_JPG_IMPUREZAS
C:\Users\eduar\Desktop\Soybe-main\data\com_fundo_filtrado\RGB_JPG_Normais\grao_DSC_0660_id14.png,RGB_JPG_Normais,RGB_JPG_Normais
C:\Users\eduar\Desktop\Soybe-main\data\com_fundo_filtrado\RGB_JPG_Normais\grao_DSC_0393_id7.png,RGB_JPG_Normais,RGB_JPG_Normais
C:\Users\eduar\Desktop\Soybe-main\data\com_fundo_filtrado\RGB_JPG_Normais\grao_DSC_0506_id98.png,RGB_JPG_Normais,RGB_JPG_Normais
C:\Users\eduar\Desktop\Soybe-main\data\com_fundo_filtrado\RGB_JPG_IMPUREZAS\grao_DSC_0269_id195.png,RGB_JPG_IMPUREZAS,RGB_JPG_IMPUREZAS
C:\Users\eduar\Desktop\Soybe-main\data\com_fundo_filtrado\RGB_JPG_IMPUREZAS\grao_DSC_0251_id41.png,RGB_JPG_IMPUREZAS,RGB_JPG_IMPUREZAS
C:\Users\eduar\Desktop\Soybe-main\data\com_fundo_filtrado\RGB_JPG_Normais\grao_DSC_0393_id41.png,RGB_JPG_Normais,RGB_JPG_Normais
C:\Users\eduar\Desktop\Soybe-main\data\com_fundo_filtrado\RGB_JPG_IMPUREZAS\grao_DSC_0236_id43.png,RGB_JPG_IMPUREZAS,RGB_JPG_IMPUREZAS
C:\Users\eduar\Desktop\Soybe-main\data\com_fundo_filtrado\RGB_JPG_Normais\grao_DSC_0488_id90.png,RGB_JPG_Normais,RGB_JPG_Normais
C:\Users\eduar\Desktop\Soybe-main\data\com_fundo_filtrado\RGB_JPG_Normais\grao_DSC_0656_id25.png,RGB_JPG_Normais,RGB_JPG_Normais
C:\Users\eduar\Desktop\Soybe-main\data\com_fundo_filtrado\RGB_JPG_Normais\grao_DSC_0474_id59.png,RGB_JPG_Normais,RGB_JPG_Normais
C:\Users\eduar\Desktop\Soybe-main\data\com_fundo_filtrado\RGB_JPG_IMPUREZAS\grao_DSC_0239_id326.png,RGB_JPG_IMPUREZAS,RGB_JPG_IMPUREZAS
C:\Users\eduar\Desktop\Soybe-main\data\com_fundo_filtrado\RGB_JPG_QUEBRADOS\grao_DSC_0170_id16.png,RGB_JPG_QUEBRADOS,RGB_JPG_QUEBRADOS
C:\Users\eduar\Desktop\Soybe-main\data\com_fundo_filtrado\RGB_JPG_IMPUREZAS\grao_DSC_0281_id164.png,RGB_JPG_IMPUREZAS,RGB_JPG_IMPUREZAS
C:\Users\eduar\Desktop\Soybe-main\data\com_fundo_filtrado\RGB_JPG_Normais\grao_DSC_0614_id74.png,RGB_JPG_Normais,RGB_JPG_Normais
C:\Users\eduar\Desktop\Soybe-main\data\com_fundo_filtrado\RGB_JPG_IMPUREZAS\grao_DSC_0257_id30.png,RGB_JPG_IMPUREZAS,RGB_JPG_IMPUREZAS
C:\Users\eduar\Desktop\Soybe-main\data\com_fundo_filtrado\RGB_JPG_Normais\grao_DSC_0151_id59.png,RGB_JPG_Normais,RGB_JPG_Normais
C:\Users\eduar\Desktop\Soybe-main\data\com_fundo_filtrado\RGB_JPG_IMPUREZAS\grao_DSC_0038_id22.png,RGB_JPG_IMPUREZAS,RGB_JPG_IMPUREZAS
C:\Users\eduar\Desktop\Soybe-main\data\com_fundo_filtrado\RGB_JPG_Normais\grao_DSC_0384_id38.png,RGB_JPG_Normais,RGB_JPG_Normais
C:\Users\eduar\Desktop\Soybe-main\data\com_fundo_filtrado\RGB_JPG_Normais\grao_DSC_0494_id78.png,RGB_JPG_Normais,RGB_JPG_Normais
C:\Users\eduar\Desktop\Soybe-main\data\com_fundo_filtrado\RGB_JPG_CHOCHOS\grao_DSC_0364_id60.png,RGB_JPG_CHOCHOS,RGB_JPG_CHOCHOS
C:\Users\eduar\Desktop\Soybe-main\data\com_fundo_filtrado\RGB_JPG_CHOCHOS\grao_DSC_0358_id82.png,RGB_JPG_CHOCHOS,RGB_JPG_ESVERDEADO
C:\Users\eduar\Desktop\Soybe-main\data\com_fundo_filtrado\RGB_JPG_QUEBRADOS\grao_DSC_0443_id17.png,RGB_JPG_QUEBRADOS,RGB_JPG_QUEBRADOS
C:\Users\eduar\Desktop\Soybe-main\data\com_fundo_filtrado\RGB_JPG_QUEBRADOS\grao_DSC_0413_id14.png,RGB_JPG_QUEBRADOS,RGB_JPG_QUEBRADOS
C:\Users\eduar\Desktop\Soybe-main\data\com_fundo_filtrado\RGB_JPG_Normais\grao_DSC_0472_id98.png,RGB_JPG_Normais,RGB_JPG_Normais
C:\Users\eduar\Desktop\Soybe-main\data\com_fundo_filtrado\RGB_JPG_ESVERDEADO\grao_DSC_0311_id76.png,RGB_JPG_ESVERDEADO,RGB_JPG_ESVERDEADO
C:\Users\eduar\Desktop\Soybe-main\data\com_fundo_filtrado\RGB_JPG_IMPUREZAS\grao_DSC_0274_id69.png,RGB_JPG_IMPUREZAS,RGB_JPG_IMPUREZAS
C:\Users\eduar\Desktop\Soybe-main\data\com_fundo_filtrado\RGB_JPG_PURPURAS\grao_DSC_0049_id27.png,RGB_JPG_PURPURAS,RGB_JPG_PURPURAS
C:\Users\eduar\Desktop\Soybe-main\data\com_fundo_filtrado\RGB_JPG_PURPURAS\grao_DSC_0050_id39.png,RGB_JPG_PURPURAS,RGB_JPG_PURPURAS
C:\Users\eduar\Desktop\Soybe-main\data\com_fundo_filtrado\RGB_JPG_IMPUREZAS\grao_DSC_0038_id53.png,RGB_JPG_IMPUREZAS,RGB_JPG_IMPUREZAS
C:\Users\eduar\Desktop\Soybe-main\data\com_fundo_filtrado\RGB_JPG_QUEBRADOS\grao_DSC_0433_id59.png,RGB_JPG_QUEBRADOS,RGB_JPG_QUEBRADOS
C:\Users\eduar\Desktop\Soybe-main\data\com_fundo_filtrado\RGB_JPG_Normais\grao_DSC_0652_id38.png,RGB_JPG_Normais,RGB_JPG_Normais
C:\Users\eduar\Desktop\Soybe-main\data\com_fundo_filtrado\RGB_JPG_Normais\grao_DSC_0372_id110.png,RGB_JPG_Normais,RGB_JPG_Normais
C:\Users\eduar\Desktop\Soybe-main\data\com_fundo_filtrado\RGB_JPG_QUEBRADOS\grao_DSC_0440_id96.png,RGB_JPG_QUEBRADOS,RGB_JPG_QUEBRADOS
C:\Users\eduar\Desktop\Soybe-main\data\com_fundo_filtrado\RGB_JPG_IMPUREZAS\grao_DSC_0242_id320.png,RGB_JPG_IMPUREZAS,RGB_JPG_IMPUREZAS
C:\Users\eduar\Desktop\Soybe-main\data\com_fundo_filtrado\RGB_JPG_Normais\grao_DSC_0516_id7.png,RGB_JPG_Normais,RGB_JPG_Normais
C:\Users\eduar\Desktop\Soybe-main\data\com_fundo_filtrado\RGB_JPG_Normais\grao_DSC_0514_id81.png,RGB_JPG_Normais,RGB_JPG_Normais
C:\Users\eduar\Desktop\Soybe-main\data\com_fundo_filtrado\RGB_JPG_QUEBRADOS\grao_DSC_0464_id61.png,RGB_JPG_QUEBRADOS,RGB_JPG_QUEBRADOS
C:\Users\eduar\Desktop\Soybe-main\data\com_fundo_filtrado\RGB_JPG_IMPUREZAS\grao_DSC_0279_id100.png,RGB_JPG_IMPUREZAS,RGB_JPG_IMPUREZAS
C:\Users\eduar\Desktop\Soybe-main\data\com_fundo_filtrado\RGB_JPG_ESVERDEADO\grao_DSC_0309_id33.png,RGB_JPG_ESVERDEADO,RGB_JPG_ESVERDEADO
C:\Users\eduar\Desktop\Soybe-main\data\com_fundo_filtrado\RGB_JPG_IMPUREZAS\grao_DSC_0284_id181.png,RGB_JPG_IMPUREZAS,RGB_JPG_IMPUREZAS
C:\Users\eduar\Desktop\Soybe-main\data\com_fundo_filtrado\RGB_JPG_QUEBRADOS\grao_DSC_0421_id103.png,RGB_JPG_QUEBRADOS,RGB_JPG_QUEBRADOS
C:\Users\eduar\Desktop\Soybe-main\data\com_fundo_filtrado\RGB_JPG_Normais\grao_DSC_0393_id106.png,RGB_JPG_Normais,RGB_JPG_Normais
C:\Users\eduar\Desktop\Soybe-main\data\com_fundo_filtrado\RGB_JPG_Normais\grao_DSC_0641_id42.png,RGB_JPG_Normais,RGB_JPG_Normais
C:\Users\eduar\Desktop\Soybe-main\data\com_fundo_filtrado\RGB_JPG_IMPUREZAS\grao_DSC_0036_id246.png,RGB_JPG_IMPUREZAS,RGB_JPG_IMPUREZAS
C:\Users\eduar\Desktop\Soybe-main\data\com_fundo_filtrado\RGB_JPG_Normais\grao_DSC_0519_id54.png,RGB_JPG_Normais,RGB_JPG_Normais
C:\Users\eduar\Desktop\Soybe-main\data\com_fundo_filtrado\RGB_JPG_QUEBRADOS\grao_DSC_0430_id19.png,RGB_JPG_QUEBRADOS,RGB_JPG_QUEBRADOS
C:\Users\eduar\Desktop\Soybe-main\data\com_fundo_filtrado\RGB_JPG_IMPUREZAS\grao_DSC_0257_id121.png,RGB_JPG_IMPUREZAS,RGB_JPG_IMPUREZAS
C:\Users\eduar\Desktop\Soybe-main\data\com_fundo_filtrado\RGB_JPG_ESVERDEADO\grao_DSC_0306_id59.png,RGB_JPG_ESVERDEADO,RGB_JPG_ESVERDEADO
C:\Users\eduar\Desktop\Soybe-main\data\com_fundo_filtrado\RGB_JPG_Normais\grao_DSC_0472_id75.png,RGB_JPG_Normais,RGB_JPG_Normais
C:\Users\eduar\Desktop\Soybe-main\data\com_fundo_filtrado\RGB_JPG_IMPUREZAS\grao_DSC_0269_id112.png,RGB_JPG_IMPUREZAS,RGB_JPG_IMPUREZAS
C:\Users\eduar\Desktop\Soybe-main\data\com_fundo_filtrado\RGB_JPG_ESVERDEADO\grao_DSC_0310_id85.png,RGB_JPG_ESVERDEADO,RGB_JPG_CHOCHOS
C:\Users\eduar\Desktop\Soybe-main\data\com_fundo_filtrado\RGB_JPG_Normais\grao_DSC_0656_id54.png,RGB_JPG_Normais,RGB_JPG_Normais
C:\Users\eduar\Desktop\Soybe-main\data\com_fundo_filtrado\RGB_JPG_PURPURAS\grao_DSC_0047_id41.png,RGB_JPG_PURPURAS,RGB_JPG_PURPURAS
C:\Users\eduar\Desktop\Soybe-main\data\com_fundo_filtrado\RGB_JPG_QUEBRADOS\grao_DSC_0168_id13.png,RGB_JPG_QUEBRADOS,RGB_JPG_QUEBRADOS
C:\Users\eduar\Desktop\Soybe-main\data\com_fundo_filtrado\RGB_JPG_QUEBRADOS\grao_DSC_0421_id11.png,RGB_JPG_QUEBRADOS,RGB_JPG_QUEBRADOS
C:\Users\eduar\Desktop\Soybe-main\data\com_fundo_filtrado\RGB_JPG_Normais\grao_DSC_0615_id69.png,RGB_JPG_Normais,RGB_JPG_Normais
C:\Users\eduar\Desktop\Soybe-main\data\com_fundo_filtrado\RGB_JPG_Normais\grao_DSC_0619_id54.png,RGB_JPG_Normais,RGB_JPG_Normais
C:\Users\eduar\Desktop\Soybe-main\data\com_fundo_filtrado\RGB_JPG_CHOCHOS\grao_DSC_0355_id78.png,RGB_JPG_CHOCHOS,RGB_JPG_CHOCHOS
C:\Users\eduar\Desktop\Soybe-main\data\com_fundo_filtrado\RGB_JPG_ESVERDEADO\grao_DSC_0311_id88.png,RGB_JPG_ESVERDEADO,RGB_JPG_ESVERDEADO
C:\Users\eduar\Desktop\Soybe-main\data\com_fundo_filtrado\RGB_JPG_IMPUREZAS\grao_DSC_0246_id218.png,RGB_JPG_IMPUREZAS,RGB_JPG_IMPUREZAS
C:\Users\eduar\Desktop\Soybe-main\data\com_fundo_filtrado\RGB_JPG_IMPUREZAS\grao_DSC_0293_id362.png,RGB_JPG_IMPUREZAS,RGB_JPG_IMPUREZAS
C:\Users\eduar\Desktop\Soybe-main\data\com_fundo_filtrado\RGB_JPG_IMPUREZAS\grao_DSC_0244_id65.png,RGB_JPG_IMPUREZAS,RGB_JPG_IMPUREZAS
C:\Users\eduar\Desktop\Soybe-main\data\com_fundo_filtrado\RGB_JPG_IMPUREZAS\grao_DSC_0229_id179.png,RGB_JPG_IMPUREZAS,RGB_JPG_IMPUREZAS
C:\Users\eduar\Desktop\Soybe-main\data\com_fundo_filtrado\RGB_JPG_CHOCHOS\grao_DSC_0316_id19.png,RGB_JPG_CHOCHOS,RGB_JPG_CHOCHOS
C:\Users\eduar\Desktop\Soybe-main\data\com_fundo_filtrado\RGB_JPG_IMPUREZAS\grao_DSC_0019_id129.png,RGB_JPG_IMPUREZAS,RGB_JPG_IMPUREZAS
C:\Users\eduar\Desktop\Soybe-main\data\com_fundo_filtrado\RGB_JPG_Normais\grao_DSC_0638_id82.png,RGB_JPG_Normais,RGB_JPG_Normais
C:\Users\eduar\Desktop\Soybe-main\data\com_fundo_filtrado\RGB_JPG_Normais\grao_DSC_0670_id2.png,RGB_JPG_Normais,RGB_JPG_Normais
C:\Users\eduar\Desktop\Soybe-main\data\com_fundo_filtrado\RGB_JPG_IMPUREZAS\grao_DSC_0249_id116.png,RGB_JPG_IMPUREZAS,RGB_JPG_IMPUREZAS
C:\Users\eduar\Desktop\Soybe-main\data\com_fundo_filtrado\RGB_JPG_Normais\grao_DSC_0485_id29.png,RGB_JPG_Normais,RGB_JPG_Normais
C:\Users\eduar\Desktop\Soybe-main\data\com_fundo_filtrado\RGB_JPG_QUEBRADOS\grao_DSC_0401_id5.png,RGB_JPG_QUEBRADOS,RGB_JPG_QUEBRADOS
C:\Users\eduar\Desktop\Soybe-main\data\com_fundo_filtrado\RGB_JPG_IMPUREZAS\grao_DSC_0236_id201.png,RGB_JPG_IMPUREZAS,RGB_JPG_IMPUREZAS
C:\Users\eduar\Desktop\Soybe-main\data\com_fundo_filtrado\RGB_JPG_IMPUREZAS\grao_DSC_0251_id121.png,RGB_JPG_IMPUREZAS,RGB_JPG_IMPUREZAS
C:\Users\eduar\Desktop\Soybe-main\data\com_fundo_filtrado\RGB_JPG_QUEBRADOS\grao_DSC_0173_id119.png,RGB_JPG_QUEBRADOS,RGB_JPG_QUEBRADOS
C:\Users\eduar\Desktop\Soybe-main\data\com_fundo_filtrado\RGB_JPG_Normais\grao_DSC_0668_id32.png,RGB_JPG_Normais,RGB_JPG_Normais
C:\Users\eduar\Desktop\Soybe-main\data\com_fundo_filtrado\RGB_JPG_IMPUREZAS\grao_DSC_0274_id116.png,RGB_JPG_IMPUREZAS,RGB_JPG_IMPUREZAS
C:\Users\eduar\Desktop\Soybe-main\data\com_fundo_filtrado\RGB_JPG_Normais\grao_DSC_0152_id42.png,RGB_JPG_Normais,RGB_JPG_Normais
C:\Users\eduar\Desktop\Soybe-main\data\com_fundo_filtrado\RGB_JPG_IMPUREZAS\grao_DSC_0028_id98.png,RGB_JPG_IMPUREZAS,RGB_JPG_IMPUREZAS
C:\Users\eduar\Desktop\Soybe-main\data\com_fundo_filtrado\RGB_JPG_QUEBRADOS\grao_DSC_0458_id90.png,RGB_JPG_QUEBRADOS,RGB_JPG_QUEBRADOS
C:\Users\eduar\Desktop\Soybe-main\data\com_fundo_filtrado\RGB_JPG_QUEBRADOS\grao_DSC_0467_id20.png,RGB_JPG_QUEBRADOS,RGB_JPG_QUEBRADOS
C:\Users\eduar\Desktop\Soybe-main\data\com_fundo_filtrado\RGB_JPG_PURPURAS\grao_DSC_0046_id55.png,RGB_JPG_PURPURAS,RGB_JPG_PURPURAS
C:\Users\eduar\Desktop\Soybe-main\data\com_fundo_filtrado\RGB_JPG_CHOCHOS\grao_DSC_0167_id91.png,RGB_JPG_CHOCHOS,RGB_JPG_CHOCHOS
C:\Users\eduar\Desktop\Soybe-main\data\com_fundo_filtrado\RGB_JPG_CHOCHOS\grao_DSC_0362_id13.png,RGB_JPG_CHOCHOS,RGB_JPG_CHOCHOS
C:\Users\eduar\Desktop\Soybe-main\data\com_fundo_filtrado\RGB_JPG_CHOCHOS\grao_DSC_0355_id93.png,RGB_JPG_CHOCHOS,RGB_JPG_CHOCHOS
C:\Users\eduar\Desktop\Soybe-main\data\com_fundo_filtrado\RGB_JPG_QUEBRADOS\grao_DSC_0437_id20.png,RGB_JPG_QUEBRADOS,RGB_JPG_QUEBRADOS
C:\Users\eduar\Desktop\Soybe-main\data\com_fundo_filtrado\RGB_JPG_IMPUREZAS\grao_DSC_0239_id51.png,RGB_JPG_IMPUREZAS,RGB_JPG_IMPUREZAS
C:\Users\eduar\Desktop\Soybe-main\data\com_fundo_filtrado\RGB_JPG_Normais\grao_DSC_0479_id35.png,RGB_JPG_Normais,RGB_JPG_Normais
C:\Users\eduar\Desktop\Soybe-main\data\com_fundo_filtrado\RGB_JPG_QUEBRADOS\grao_DSC_0447_id96.png,RGB_JPG_QUEBRADOS,RGB_JPG_QUEBRADOS
C:\Users\eduar\Desktop\Soybe-main\data\com_fundo_filtrado\RGB_JPG_QUEBRADOS\grao_DSC_0447_id57.png,RGB_JPG_QUEBRADOS,RGB_JPG_QUEBRADOS
C:\Users\eduar\Desktop\Soybe-main\data\com_fundo_filtrado\RGB_JPG_Normais\grao_DSC_0610_id13.png,RGB_JPG_Normais,RGB_JPG_Normais
C:\Users\eduar\Desktop\Soybe-main\data\com_fundo_filtrado\RGB_JPG_IMPUREZAS\grao_DSC_0038_id120.png,RGB_JPG_IMPUREZAS,RGB_JPG_IMPUREZAS
C:\Users\eduar\Desktop\Soybe-main\data\com_fundo_filtrado\RGB_JPG_IMPUREZAS\grao_DSC_0242_id150.png,RGB_JPG_IMPUREZAS,RGB_JPG_IMPUREZAS
C:\Users\eduar\Desktop\Soybe-main\data\com_fundo_filtrado\RGB_JPG_CHOCHOS\grao_DSC_0335_id29.png,RGB_JPG_CHOCHOS,RGB_JPG_CHOCHOS
C:\Users\eduar\Desktop\Soybe-main\data\com_fundo_filtrado\RGB_JPG_Normais\grao_DSC_0639_id99.png,RGB_JPG_Normais,RGB_JPG_Normais
C:\Users\eduar\Desktop\Soybe-main\data\com_fundo_filtrado\RGB_JPG_IMPUREZAS\grao_DSC_0027_id112.png,RGB_JPG_IMPUREZAS,RGB_JPG_IMPUREZAS
C:\Users\eduar\Desktop\Soybe-main\data\com_fundo_filtrado\RGB_JPG_IMPUREZAS\grao_DSC_0236_id107.png,RGB_JPG_IMPUREZAS,RGB_JPG_IMPUREZAS
C:\Users\eduar\Desktop\Soybe-main\data\com_fundo_filtrado\RGB_JPG_IMPUREZAS\grao_DSC_0237_id253.png,RGB_JPG_IMPUREZAS,RGB_JPG_IMPUREZAS
C:\Users\eduar\Desktop\Soybe-main\data\com_fundo_filtrado\RGB_JPG_QUEBRADOS\grao_DSC_0444_id6.png,RGB_JPG_QUEBRADOS,RGB_JPG_QUEBRADOS
C:\Users\eduar\Desktop\Soybe-main\data\com_fundo_filtrado\RGB_JPG_Normais\grao_DSC_0468_id74.png,RGB_JPG_Normais,RGB_JPG_Normais
C:\Users\eduar\Desktop\Soybe-main\data\com_fundo_filtrado\RGB_JPG_Normais\grao_DSC_0215_id38.png,RGB_JPG_Normais,RGB_JPG_Normais
C:\Users\eduar\Desktop\Soybe-main\data\com_fundo_filtrado\RGB_JPG_Normais\grao_DSC_0642_id57.png,RGB_JPG_Normais,RGB_JPG_Normais
C:\Users\eduar\Desktop\Soybe-main\data\com_fundo_filtrado\RGB_JPG_QUEBRADOS\grao_DSC_0436_id69.png,RGB_JPG_QUEBRADOS,RGB_JPG_QUEBRADOS
C:\Users\eduar\Desktop\Soybe-main\data\com_fundo_filtrado\RGB_JPG_Normais\grao_DSC_0646_id87.png,RGB_JPG_Normais,RGB_JPG_Normais
C:\Users\eduar\Desktop\Soybe-main\data\com_fundo_filtrado\RGB_JPG_CHOCHOS\grao_DSC_0167_id2.png,RGB_JPG_CHOCHOS,RGB_JPG_CHOCHOS
C:\Users\eduar\Desktop\Soybe-main\data\com_fundo_filtrado\RGB_JPG_Normais\grao_DSC_0393_id38.png,RGB_JPG_Normais,RGB_JPG_Normais
C:\Users\eduar\Desktop\Soybe-main\data\com_fundo_filtrado\RGB_JPG_QUEBRADOS\grao_DSC_0430_id68.png,RGB_JPG_QUEBRADOS,RGB_JPG_QUEBRADOS
C:\Users\eduar\Desktop\Soybe-main\data\com_fundo_filtrado\RGB_JPG_Normais\grao_DSC_0133_id102.png,RGB_JPG_Normais,RGB_JPG_Normais
C:\Users\eduar\Desktop\Soybe-main\data\com_fundo_filtrado\RGB_JPG_IMPUREZAS\grao_DSC_0229_id67.png,RGB_JPG_IMPUREZAS,RGB_JPG_IMPUREZAS
C:\Users\eduar\Desktop\Soybe-main\data\com_fundo_filtrado\RGB_JPG_QUEBRADOS\grao_DSC_0168_id100.png,RGB_JPG_QUEBRADOS,RGB_JPG_QUEBRADOS
C:\Users\eduar\Desktop\Soybe-main\data\com_fundo_filtrado\RGB_JPG_IMPUREZAS\grao_DSC_0029_id3.png,RGB_JPG_IMPUREZAS,RGB_JPG_IMPUREZAS
C:\Users\eduar\Desktop\Soybe-main\data\com_fundo_filtrado\RGB_JPG_QUEBRADOS\grao_DSC_0419_id39.png,RGB_JPG_QUEBRADOS,RGB_JPG_QUEBRADOS
C:\Users\eduar\Desktop\Soybe-main\data\com_fundo_filtrado\RGB_JPG_QUEBRADOS\grao_DSC_0402_id10.png,RGB_JPG_QUEBRADOS,RGB_JPG_QUEBRADOS
C:\Users\eduar\Desktop\Soybe-main\data\com_fundo_filtrado\RGB_JPG_IMPUREZAS\grao_DSC_0002_id64.png,RGB_JPG_IMPUREZAS,RGB_JPG_IMPUREZAS
C:\Users\eduar\Desktop\Soybe-main\data\com_fundo_filtrado\RGB_JPG_Normais\grao_DSC_0515_id7.png,RGB_JPG_Normais,RGB_JPG_Normais
C:\Users\eduar\Desktop\Soybe-main\data\com_fundo_filtrado\RGB_JPG_Normais\grao_DSC_0500_id84.png,RGB_JPG_Normais,RGB_JPG_Normais
C:\Users\eduar\Desktop\Soybe-main\data\com_fundo_filtrado\RGB_JPG_QUEBRADOS\grao_DSC_0169_id115.png,RGB_JPG_QUEBRADOS,RGB_JPG_QUEBRADOS
C:\Users\eduar\Desktop\Soybe-main\data\com_fundo_filtrado\RGB_JPG_ESVERDEADO\grao_DSC_0309_id66.png,RGB_JPG_ESVERDEADO,RGB_JPG_ESVERDEADO
C:\Users\eduar\Desktop\Soybe-main\data\com_fundo_filtrado\RGB_JPG_QUEBRADOS\grao_DSC_0464_id51.png,RGB_JPG_QUEBRADOS,RGB_JPG_QUEBRADOS
C:\Users\eduar\Desktop\Soybe-main\data\com_fundo_filtrado\RGB_JPG_Normais\grao_DSC_0615_id64.png,RGB_JPG_Normais,RGB_JPG_Normais
C:\Users\eduar\Desktop\Soybe-main\data\com_fundo_filtrado\RGB_JPG_Normais\grao_DSC_0663_id63.png,RGB_JPG_Normais,RGB_JPG_Normais
C:\Users\eduar\Desktop\Soybe-main\data\com_fundo_filtrado\RGB_JPG_Normais\grao_DSC_0653_id3.png,RGB_JPG_Normais,RGB_JPG_Normais
C:\Users\eduar\Desktop\Soybe-main\data\com_fundo_filtrado\RGB_JPG_QUEBRADOS\grao_DSC_0172_id5.png,RGB_JPG_QUEBRADOS,RGB_JPG_QUEBRADOS
C:\Users\eduar\Desktop\Soybe-main\data\com_fundo_filtrado\RGB_JPG_MAMONAS\grao_DSC_0187_id90.png,RGB_JPG_MAMONAS,RGB_JPG_MAMONAS
C:\Users\eduar\Desktop\Soybe-main\data\com_fundo_filtrado\RGB_JPG_Normais\grao_DSC_0514_id34.png,RGB_JPG_Normais,RGB_JPG_Normais
C:\Users\eduar\Desktop\Soybe-main\data\com_fundo_filtrado\RGB_JPG_Normais\grao_DSC_0659_id48.png,RGB_JPG_Normais,RGB_JPG_Normais
C:\Users\eduar\Desktop\Soybe-main\data\com_fundo_filtrado\RGB_JPG_IMPUREZAS\grao_DSC_0272_id92.png,RGB_JPG_IMPUREZAS,RGB_JPG_IMPUREZAS
C:\Users\eduar\Desktop\Soybe-main\data\com_fundo_filtrado\RGB_JPG_Normais\grao_DSC_0513_id22.png,RGB_JPG_Normais,RGB_JPG_Normais
C:\Users\eduar\Desktop\Soybe-main\data\com_fundo_filtrado\RGB_JPG_QUEBRADOS\grao_DSC_0455_id73.png,RGB_JPG_QUEBRADOS,RGB_JPG_QUEBRADOS
C:\Users\eduar\Desktop\Soybe-main\data\com_fundo_filtrado\RGB_JPG_Normais\grao_DSC_0496_id67.png,RGB_JPG_Normais,RGB_JPG_Normais
C:\Users\eduar\Desktop\Soybe-main\data\com_fundo_filtrado\RGB_JPG_IMPUREZAS\grao_DSC_0021_id200.png,RGB_JPG_IMPUREZAS,RGB_JPG_IMPUREZAS
C:\Users\eduar\Desktop\Soybe-main\data\com_fundo_filtrado\RGB_JPG_IMPUREZAS\grao_DSC_0239_id90.png,RGB_JPG_IMPUREZAS,RGB_JPG_IMPUREZAS
C:\Users\eduar\Desktop\Soybe-main\data\com_fundo_filtrado\RGB_JPG_IMPUREZAS\grao_DSC_0280_id62.png,RGB_JPG_IMPUREZAS,RGB_JPG_IMPUREZAS
C:\Users\eduar\Desktop\Soybe-main\data\com_fundo_filtrado\RGB_JPG_Normais\grao_DSC_0506_id30.png,RGB_JPG_Normais,RGB_JPG_Normais
C:\Users\eduar\Desktop\Soybe-main\data\com_fundo_filtrado\RGB_JPG_IMPUREZAS\grao_DSC_0231_id208.png,RGB_JPG_IMPUREZAS,RGB_JPG_IMPUREZAS
C:\Users\eduar\Desktop\Soybe-main\data\com_fundo_filtrado\RGB_JPG_QUEBRADOS\grao_DSC_0432_id33.png,RGB_JPG_QUEBRADOS,RGB_JPG_QUEBRADOS
C:\Users\eduar\Desktop\Soybe-main\data\com_fundo_filtrado\RGB_JPG_QUEBRADOS\grao_DSC_0410_id12.png,RGB_JPG_QUEBRADOS,RGB_JPG_QUEBRADOS
C:\Users\eduar\Desktop\Soybe-main\data\com_fundo_filtrado\RGB_JPG_Normais\grao_DSC_0498_id11.png,RGB_JPG_Normais,RGB_JPG_Normais
C:\Users\eduar\Desktop\Soybe-main\data\com_fundo_filtrado\RGB_JPG_QUEBRADOS\grao_DSC_0423_id66.png,RGB_JPG_QUEBRADOS,RGB_JPG_QUEBRADOS
C:\Users\eduar\Desktop\Soybe-main\data\com_fundo_filtrado\RGB_JPG_CHOCHOS\grao_DSC_0352_id60.png,RGB_JPG_CHOCHOS,RGB_JPG_CHOCHOS
C:\Users\eduar\Desktop\Soybe-main\data\com_fundo_filtrado\RGB_JPG_CHOCHOS\grao_DSC_0332_id74.png,RGB_JPG_CHOCHOS,RGB_JPG_CHOCHOS
C:\Users\eduar\Desktop\Soybe-main\data\com_fundo_filtrado\RGB_JPG_IMPUREZAS\grao_DSC_0017_id106.png,RGB_JPG_IMPUREZAS,RGB_JPG_IMPUREZAS
C:\Users\eduar\Desktop\Soybe-main\data\com_fundo_filtrado\RGB_JPG_IMPUREZAS\grao_DSC_0006_id79.png,RGB_JPG_IMPUREZAS,RGB_JPG_IMPUREZAS
C:\Users\eduar\Desktop\Soybe-main\data\com_fundo_filtrado\RGB_JPG_QUEBRADOS\grao_DSC_0436_id9.png,RGB_JPG_QUEBRADOS,RGB_JPG_QUEBRADOS
C:\Users\eduar\Desktop\Soybe-main\data\com_fundo_filtrado\RGB_JPG_IMPUREZAS\grao_DSC_0259_id208.png,RGB_JPG_IMPUREZAS,RGB_JPG_IMPUREZAS
C:\Users\eduar\Desktop\Soybe-main\data\com_fundo_filtrado\RGB_JPG_Normais\grao_DSC_0378_id87.png,RGB_JPG_Normais,RGB_JPG_Normais
C:\Users\eduar\Desktop\Soybe-main\data\com_fundo_filtrado\RGB_JPG_IMPUREZAS\grao_DSC_0007_id196.png,RGB_JPG_IMPUREZAS,RGB_JPG_IMPUREZAS
C:\Users\eduar\Desktop\Soybe-main\data\com_fundo_filtrado\RGB_JPG_IMPUREZAS\grao_DSC_0230_id49.png,RGB_JPG_IMPUREZAS,RGB_JPG_IMPUREZAS
C:\Users\eduar\Desktop\Soybe-main\data\com_fundo_filtrado\RGB_JPG_QUEBRADOS\grao_DSC_0168_id60.png,RGB_JPG_QUEBRADOS,RGB_JPG_QUEBRADOS
C:\Users\eduar\Desktop\Soybe-main\data\com_fundo_filtrado\RGB_JPG_Normais\grao_DSC_0631_id96.png,RGB_JPG_Normais,RGB_JPG_Normais
C:\Users\eduar\Desktop\Soybe-main\data\com_fundo_filtrado\RGB_JPG_CHOCHOS\grao_DSC_0339_id75.png,RGB_JPG_CHOCHOS,RGB_JPG_CHOCHOS
C:\Users\eduar\Desktop\Soybe-main\data\com_fundo_filtrado\RGB_JPG_IMPUREZAS\grao_DSC_0011_id64.png,RGB_JPG_IMPUREZAS,RGB_JPG_IMPUREZAS
C:\Users\eduar\Desktop\Soybe-main\data\com_fundo_filtrado\RGB_JPG_QUEBRADOS\grao_DSC_0408_id58.png,RGB_JPG_QUEBRADOS,RGB_JPG_Normais
C:\Users\eduar\Desktop\Soybe-main\data\com_fundo_filtrado\RGB_JPG_Normais\grao_DSC_0505_id65.png,RGB_JPG_Normais,RGB_JPG_Normais
C:\Users\eduar\Desktop\Soybe-main\data\com_fundo_filtrado\RGB_JPG_Normais\grao_DSC_0144_id58.png,RGB_JPG_Normais,RGB_JPG_Normais
C:\Users\eduar\Desktop\Soybe-main\data\com_fundo_filtrado\RGB_JPG_IMPUREZAS\grao_DSC_0252_id25.png,RGB_JPG_IMPUREZAS,RGB_JPG_IMPUREZAS
C:\Users\eduar\Desktop\Soybe-main\data\com_fundo_filtrado\RGB_JPG_Normais\grao_DSC_0663_id55.png,RGB_JPG_Normais,RGB_JPG_Normais
C:\Users\eduar\Desktop\Soybe-main\data\com_fundo_filtrado\RGB_JPG_Normais\grao_DSC_0472_id87.png,RGB_JPG_Normais,RGB_JPG_Normais
C:\Users\eduar\Desktop\Soybe-main\data\com_fundo_filtrado\RGB_JPG_IMPUREZAS\grao_DSC_0287_id72.png,RGB_JPG_IMPUREZAS,RGB_JPG_IMPUREZAS
C:\Users\eduar\Desktop\Soybe-main\data\com_fundo_filtrado\RGB_JPG_IMPUREZAS\grao_DSC_0016_id90.png,RGB_JPG_IMPUREZAS,RGB_JPG_IMPUREZAS
C:\Users\eduar\Desktop\Soybe-main\data\com_fundo_filtrado\RGB_JPG_IMPUREZAS\grao_DSC_0238_id250.png,RGB_JPG_IMPUREZAS,RGB_JPG_IMPUREZAS
C:\Users\eduar\Desktop\Soybe-main\data\com_fundo_filtrado\RGB_JPG_IMPUREZAS\grao_DSC_0036_id177.png,RGB_JPG_IMPUREZAS,RGB_JPG_IMPUREZAS
C:\Users\eduar\Desktop\Soybe-main\data\com_fundo_filtrado\RGB_JPG_QUEBRADOS\grao_DSC_0457_id17.png,RGB_JPG_QUEBRADOS,RGB_JPG_QUEBRADOS
C:\Users\eduar\Desktop\Soybe-main\data\com_fundo_filtrado\RGB_JPG_Normais\grao_DSC_0630_id55.png,RGB_JPG_Normais,RGB_JPG_Normais
C:\Users\eduar\Desktop\Soybe-main\data\com_fundo_filtrado\RGB_JPG_Normais\grao_DSC_0157_id14.png,RGB_JPG_Normais,RGB_JPG_Normais
C:\Users\eduar\Desktop\Soybe-main\data\com_fundo_filtrado\RGB_JPG_CHOCHOS\grao_DSC_0360_id34.png,RGB_JPG_CHOCHOS,RGB_JPG_CHOCHOS
C:\Users\eduar\Desktop\Soybe-main\data\com_fundo_filtrado\RGB_JPG_QUEBRADOS\grao_DSC_0407_id24.png,RGB_JPG_QUEBRADOS,RGB_JPG_QUEBRADOS
C:\Users\eduar\Desktop\Soybe-main\data\com_fundo_filtrado\RGB_JPG_Normais\grao_DSC_0211_id91.png,RGB_JPG_Normais,RGB_JPG_Normais
C:\Users\eduar\Desktop\Soybe-main\data\com_fundo_filtrado\RGB_JPG_CHOCHOS\grao_DSC_0325_id33.png,RGB_JPG_CHOCHOS,RGB_JPG_CHOCHOS
C:\Users\eduar\Desktop\Soybe-main\data\com_fundo_filtrado\RGB_JPG_IMPUREZAS\grao_DSC_0016_id84.png,RGB_JPG_IMPUREZAS,RGB_JPG_IMPUREZAS
C:\Users\eduar\Desktop\Soybe-main\data\com_fundo_filtrado\RGB_JPG_ESVERDEADO\grao_DSC_0310_id79.png,RGB_JPG_ESVERDEADO,RGB_JPG_ESVERDEADO
C:\Users\eduar\Desktop\Soybe-main\data\com_fundo_filtrado\RGB_JPG_IMPUREZAS\grao_DSC_0281_id230.png,RGB_JPG_IMPUREZAS,RGB_JPG_IMPUREZAS
C:\Users\eduar\Desktop\Soybe-main\data\com_fundo_filtrado\RGB_JPG_Normais\grao_DSC_0156_id50.png,RGB_JPG_Normais,RGB_JPG_Normais
C:\Users\eduar\Desktop\Soybe-main\data\com_fundo_filtrado\RGB_JPG_IMPUREZAS\grao_DSC_0024_id159.png,RGB_JPG_IMPUREZAS,RGB_JPG_IMPUREZAS
C:\Users\eduar\Desktop\Soybe-main\data\com_fundo_filtrado\RGB_JPG_Normais\grao_DSC_0150_id59.png,RGB_JPG_Normais,RGB_JPG_Normais
C:\Users\eduar\Desktop\Soybe-main\data\com_fundo_filtrado\RGB_JPG_IMPUREZAS\grao_DSC_0026_id39.png,RGB_JPG_IMPUREZAS,RGB_JPG_IMPUREZAS
C:\Users\eduar\Desktop\Soybe-main\data\com_fundo_filtrado\RGB_JPG_IMPUREZAS\grao_DSC_0027_id213.png,RGB_JPG_IMPUREZAS,RGB_JPG_IMPUREZAS
C:\Users\eduar\Desktop\Soybe-main\data\com_fundo_filtrado\RGB_JPG_IMPUREZAS\grao_DSC_0045_id91.png,RGB_JPG_IMPUREZAS,RGB_JPG_IMPUREZAS
C:\Users\eduar\Desktop\Soybe-main\data\com_fundo_filtrado\RGB_JPG_IMPUREZAS\grao_DSC_0266_id92.png,RGB_JPG_IMPUREZAS,RGB_JPG_IMPUREZAS
C:\Users\eduar\Desktop\Soybe-main\data\com_fundo_filtrado\RGB_JPG_Normais\grao_DSC_0671_id73.png,RGB_JPG_Normais,RGB_JPG_Normais
C:\Users\eduar\Desktop\Soybe-main\data\com_fundo_filtrado\RGB_JPG_IMPUREZAS\grao_DSC_0247_id193.png,RGB_JPG_IMPUREZAS,RGB_JPG_IMPUREZAS
C:\Users\eduar\Desktop\Soybe-main\data\com_fundo_filtrado\RGB_JPG_Normais\grao_DSC_0637_id27.png,RGB_JPG_Normais,RGB_JPG_Normais
C:\Users\eduar\Desktop\Soybe-main\data\com_fundo_filtrado\RGB_JPG_IMPUREZAS\grao_DSC_0007_id205.png,RGB_JPG_IMPUREZAS,RGB_JPG_IMPUREZAS
C:\Users\eduar\Desktop\Soybe-main\data\com_fundo_filtrado\RGB_JPG_Normais\grao_DSC_0654_id100.png,RGB_JPG_Normais,RGB_JPG_Normais
C:\Users\eduar\Desktop\Soybe-main\data\com_fundo_filtrado\RGB_JPG_QUEBRADOS\grao_DSC_0442_id21.png,RGB_JPG_QUEBRADOS,RGB_JPG_QUEBRADOS
C:\Users\eduar\Desktop\Soybe-main\data\com_fundo_filtrado\RGB_JPG_CHOCHOS\grao_DSC_0361_id52.png,RGB_JPG_CHOCHOS,RGB_JPG_CHOCHOS
C:\Users\eduar\Desktop\Soybe-main\data\com_fundo_filtrado\RGB_JPG_IMPUREZAS\grao_DSC_0294_id137.png,RGB_JPG_IMPUREZAS,RGB_JPG_IMPUREZAS
C:\Users\eduar\Desktop\Soybe-main\data\com_fundo_filtrado\RGB_JPG_CHOCHOS\grao_DSC_0336_id99.png,RGB_JPG_CHOCHOS,RGB_JPG_CHOCHOS
C:\Users\eduar\Desktop\Soybe-main\data\com_fundo_filtrado\RGB_JPG_IMPUREZAS\grao_DSC_0249_id138.png,RGB_JPG_IMPUREZAS,RGB_JPG_IMPUREZAS
C:\Users\eduar\Desktop\Soybe-main\data\com_fundo_filtrado\RGB_JPG_IMPUREZAS\grao_DSC_0242_id37.png,RGB_JPG_IMPUREZAS,RGB_JPG_IMPUREZAS
C:\Users\eduar\Desktop\Soybe-main\data\com_fundo_filtrado\RGB_JPG_IMPUREZAS\grao_DSC_0251_id207.png,RGB_JPG_IMPUREZAS,RGB_JPG_IMPUREZAS
C:\Users\eduar\Desktop\Soybe-main\data\com_fundo_filtrado\RGB_JPG_IMPUREZAS\grao_DSC_0243_id2.png,RGB_JPG_IMPUREZAS,RGB_JPG_IMPUREZAS
C:\Users\eduar\Desktop\Soybe-main\data\com_fundo_filtrado\RGB_JPG_IMPUREZAS\grao_DSC_0276_id84.png,RGB_JPG_IMPUREZAS,RGB_JPG_IMPUREZAS
C:\Users\eduar\Desktop\Soybe-main\data\com_fundo_filtrado\RGB_JPG_IMPUREZAS\grao_DSC_0013_id75.png,RGB_JPG_IMPUREZAS,RGB_JPG_IMPUREZAS
C:\Users\eduar\Desktop\Soybe-main\data\com_fundo_filtrado\RGB_JPG_QUEBRADOS\grao_DSC_0439_id77.png,RGB_JPG_QUEBRADOS,RGB_JPG_QUEBRADOS
C:\Users\eduar\Desktop\Soybe-main\data\com_fundo_filtrado\RGB_JPG_Normais\grao_DSC_0636_id55.png,RGB_JPG_Normais,RGB_JPG_Normais
C:\Users\eduar\Desktop\Soybe-main\data\com_fundo_filtrado\RGB_JPG_QUEBRADOS\grao_DSC_0418_id47.png,RGB_JPG_QUEBRADOS,RGB_JPG_QUEBRADOS
C:\Users\eduar\Desktop\Soybe-main\data\com_fundo_filtrado\RGB_JPG_CHOCHOS\grao_DSC_0353_id17.png,RGB_JPG_CHOCHOS,RGB_JPG_CHOCHOS
C:\Users\eduar\Desktop\Soybe-main\data\com_fundo_filtrado\RGB_JPG_Normais\grao_DSC_0503_id7.png,RGB_JPG_Normais,RGB_JPG_Normais
C:\Users\eduar\Desktop\Soybe-main\data\com_fundo_filtrado\RGB_JPG_QUEBRADOS\grao_DSC_0453_id64.png,RGB_JPG_QUEBRADOS,RGB_JPG_QUEBRADOS
C:\Users\eduar\Desktop\Soybe-main\data\com_fundo_filtrado\RGB_JPG_IMPUREZAS\grao_DSC_0280_id145.png,RGB_JPG_IMPUREZAS,RGB_JPG_IMPUREZAS
C:\Users\eduar\Desktop\Soybe-main\data\com_fundo_filtrado\RGB_JPG_IMPUREZAS\grao_DSC_0272_id194.png,RGB_JPG_IMPUREZAS,RGB_JPG_IMPUREZAS
C:\Users\eduar\Desktop\Soybe-main\data\com_fundo_filtrado\RGB_JPG_Normais\grao_DSC_0639_id85.png,RGB_JPG_Normais,RGB_JPG_Normais
C:\Users\eduar\Desktop\Soybe-main\data\com_fundo_filtrado\RGB_JPG_Normais\grao_DSC_0369_id110.png,RGB_JPG_Normais,RGB_JPG_Normais
C:\Users\eduar\Desktop\Soybe-main\data\com_fundo_filtrado\RGB_JPG_IMPUREZAS\grao_DSC_0038_id160.png,RGB_JPG_IMPUREZAS,RGB_JPG_IMPUREZAS
C:\Users\eduar\Desktop\Soybe-main\data\com_fundo_filtrado\RGB_JPG_MAMONAS\grao_DSC_0186_id83.png,RGB_JPG_MAMONAS,RGB_JPG_MAMONAS
C:\Users\eduar\Desktop\Soybe-main\data\com_fundo_filtrado\RGB_JPG_IMPUREZAS\grao_DSC_0272_id193.png,RGB_JPG_IMPUREZAS,RGB_JPG_IMPUREZAS
C:\Users\eduar\Desktop\Soybe-main\data\com_fundo_filtrado\RGB_JPG_Normais\grao_DSC_0642_id47.png,RGB_JPG_Normais,RGB_JPG_Normais
C:\Users\eduar\Desktop\Soybe-main\data\com_fundo_filtrado\RGB_JPG_IMPUREZAS\grao_DSC_0251_id170.png,RGB_JPG_IMPUREZAS,RGB_JPG_IMPUREZAS
C:\Users\eduar\Desktop\Soybe-main\data\com_fundo_filtrado\RGB_JPG_Normais\grao_DSC_0634_id84.png,RGB_JPG_Normais,RGB_JPG_Normais
C:\Users\eduar\Desktop\Soybe-main\data\com_fundo_filtrado\RGB_JPG_Normais\grao_DSC_0383_id49.png,RGB_JPG_Normais,RGB_JPG_Normais
C:\Users\eduar\Desktop\Soybe-main\data\com_fundo_filtrado\RGB_JPG_IMPUREZAS\grao_DSC_0003_id195.png,RGB_JPG_IMPUREZAS,RGB_JPG_IMPUREZAS
C:\Users\eduar\Desktop\Soybe-main\data\com_fundo_filtrado\RGB_JPG_Normais\grao_DSC_0679_id30.png,RGB_JPG_Normais,RGB_JPG_Normais
C:\Users\eduar\Desktop\Soybe-main\data\com_fundo_filtrado\RGB_JPG_IMPUREZAS\grao_DSC_0242_id25.png,RGB_JPG_IMPUREZAS,RGB_JPG_IMPUREZAS
C:\Users\eduar\Desktop\Soybe-main\data\com_fundo_filtrado\RGB_JPG_IMPUREZAS\grao_DSC_0004_id208.png,RGB_JPG_IMPUREZAS,RGB_JPG_IMPUREZAS
C:\Users\eduar\Desktop\Soybe-main\data\com_fundo_filtrado\RGB_JPG_IMPUREZAS\grao_DSC_0290_id259.png,RGB_JPG_IMPUREZAS,RGB_JPG_IMPUREZAS
C:\Users\eduar\Desktop\Soybe-main\data\com_fundo_filtrado\RGB_JPG_IMPUREZAS\grao_DSC_0021_id17.png,RGB_JPG_IMPUREZAS,RGB_JPG_IMPUREZAS
C:\Users\eduar\Desktop\Soybe-main\data\com_fundo_filtrado\RGB_JPG_QUEBRADOS\grao_DSC_0408_id20.png,RGB_JPG_QUEBRADOS,RGB_JPG_QUEBRADOS
C:\Users\eduar\Desktop\Soybe-main\data\com_fundo_filtrado\RGB_JPG_IMPUREZAS\grao_DSC_0026_id114.png,RGB_JPG_IMPUREZAS,RGB_JPG_IMPUREZAS
C:\Users\eduar\Desktop\Soybe-main\data\com_fundo_filtrado\RGB_JPG_Normais\grao_DSC_0622_id35.png,RGB_JPG_Normais,RGB_JPG_Normais
C:\Users\eduar\Desktop\Soybe-main\data\com_fundo_filtrado\RGB_JPG_QUEBRADOS\grao_DSC_0408_id69.png,RGB_JPG_QUEBRADOS,RGB_JPG_QUEBRADOS
C:\Users\eduar\Desktop\Soybe-main\data\com_fundo_filtrado\RGB_JPG_IMPUREZAS\grao_DSC_0266_id131.png,RGB_JPG_IMPUREZAS,RGB_JPG_IMPUREZAS
C:\Users\eduar\Desktop\Soybe-main\data\com_fundo_filtrado\RGB_JPG_Normais\grao_DSC_0478_id92.png,RGB_JPG_Normais,RGB_JPG_Normais
C:\Users\eduar\Desktop\Soybe-main\data\com_fundo_filtrado\RGB_JPG_QUEBRADOS\grao_DSC_0464_id45.png,RGB_JPG_QUEBRADOS,RGB_JPG_QUEBRADOS
C:\Users\eduar\Desktop\Soybe-main\data\com_fundo_filtrado\RGB_JPG_Normais\grao_DSC_0645_id83.png,RGB_JPG_Normais,RGB_JPG_Normais
C:\Users\eduar\Desktop\Soybe-main\data\com_fundo_filtrado\RGB_JPG_Normais\grao_DSC_0134_id62.png,RGB_JPG_Normais,RGB_JPG_Normais
C:\Users\eduar\Desktop\Soybe-main\data\com_fundo_filtrado\RGB_JPG_ESVERDEADO\grao_DSC_0311_id92.png,RGB_JPG_ESVERDEADO,RGB_JPG_ESVERDEADO
C:\Users\eduar\Desktop\Soybe-main\data\com_fundo_filtrado\RGB_JPG_IMPUREZAS\grao_DSC_0296_id278.png,RGB_JPG_IMPUREZAS,RGB_JPG_IMPUREZAS
C:\Users\eduar\Desktop\Soybe-main\data\com_fundo_filtrado\RGB_JPG_QUEBRADOS\grao_DSC_0452_id64.png,RGB_JPG_QUEBRADOS,RGB_JPG_QUEBRADOS
C:\Users\eduar\Desktop\Soybe-main\data\com_fundo_filtrado\RGB_JPG_QUEBRADOS\grao_DSC_0435_id40.png,RGB_JPG_QUEBRADOS,RGB_JPG_QUEBRADOS
C:\Users\eduar\Desktop\Soybe-main\data\com_fundo_filtrado\RGB_JPG_QUEBRADOS\grao_DSC_0418_id27.png,RGB_JPG_QUEBRADOS,RGB_JPG_QUEBRADOS
C:\Users\eduar\Desktop\Soybe-main\data\com_fundo_filtrado\RGB_JPG_IMPUREZAS\grao_DSC_0237_id224.png,RGB_JPG_IMPUREZAS,RGB_JPG_IMPUREZAS
C:\Users\eduar\Desktop\Soybe-main\data\com_fundo_filtrado\RGB_JPG_QUEBRADOS\grao_DSC_0448_id9.png,RGB_JPG_QUEBRADOS,RGB_JPG_QUEBRADOS
C:\Users\eduar\Desktop\Soybe-main\data\com_fundo_filtrado\RGB_JPG_Normais\grao_DSC_0386_id55.png,RGB_JPG_Normais,RGB_JPG_Normais
C:\Users\eduar\Desktop\Soybe-main\data\com_fundo_filtrado\RGB_JPG_CHOCHOS\grao_DSC_0343_id99.png,RGB_JPG_CHOCHOS,RGB_JPG_CHOCHOS
C:\Users\eduar\Desktop\Soybe-main\data\com_fundo_filtrado\RGB_JPG_IMPUREZAS\grao_DSC_0223_id34.png,RGB_JPG_IMPUREZAS,RGB_JPG_IMPUREZAS
C:\Users\eduar\Desktop\Soybe-main\data\com_fundo_filtrado\RGB_JPG_PURPURAS\grao_DSC_0048_id48.png,RGB_JPG_PURPURAS,RGB_JPG_PURPURAS
C:\Users\eduar\Desktop\Soybe-main\data\com_fundo_filtrado\RGB_JPG_QUEBRADOS\grao_DSC_0403_id70.png,RGB_JPG_QUEBRADOS,RGB_JPG_QUEBRADOS
C:\Users\eduar\Desktop\Soybe-main\data\com_fundo_filtrado\RGB_JPG_QUEBRADOS\grao_DSC_0173_id79.png,RGB_JPG_QUEBRADOS,RGB_JPG_QUEBRADOS
C:\Users\eduar\Desktop\Soybe-main\data\com_fundo_filtrado\RGB_JPG_QUEBRADOS\grao_DSC_0444_id14.png,RGB_JPG_QUEBRADOS,RGB_JPG_QUEBRADOS
C:\Users\eduar\Desktop\Soybe-main\data\com_fundo_filtrado\RGB_JPG_IMPUREZAS\grao_DSC_0023_id125.png,RGB_JPG_IMPUREZAS,RGB_JPG_IMPUREZAS
C:\Users\eduar\Desktop\Soybe-main\data\com_fundo_filtrado\RGB_JPG_Normais\grao_DSC_0400_id64.png,RGB_JPG_Normais,RGB_JPG_Normais
C:\Users\eduar\Desktop\Soybe-main\data\com_fundo_filtrado\RGB_JPG_IMPUREZAS\grao_DSC_0275_id162.png,RGB_JPG_IMPUREZAS,RGB_JPG_IMPUREZAS
C:\Users\eduar\Desktop\Soybe-main\data\com_fundo_filtrado\RGB_JPG_INSETOS\grao_DSC_0164_id8.png,RGB_JPG_INSETOS,RGB_JPG_Normais
C:\Users\eduar\Desktop\Soybe-main\data\com_fundo_filtrado\RGB_JPG_Normais\grao_DSC_0155_id102.png,RGB_JPG_Normais,RGB_JPG_Normais
C:\Users\eduar\Desktop\Soybe-main\data\com_fundo_filtrado\RGB_JPG_CHOCHOS\grao_DSC_0326_id109.png,RGB_JPG_CHOCHOS,RGB_JPG_CHOCHOS
C:\Users\eduar\Desktop\Soybe-main\data\com_fundo_filtrado\RGB_JPG_Normais\grao_DSC_0632_id47.png,RGB_JPG_Normais,RGB_JPG_Normais
C:\Users\eduar\Desktop\Soybe-main\data\com_fundo_filtrado\RGB_JPG_CHOCHOS\grao_DSC_0317_id8.png,RGB_JPG_CHOCHOS,RGB_JPG_CHOCHOS
C:\Users\eduar\Desktop\Soybe-main\data\com_fundo_filtrado\RGB_JPG_QUEBRADOS\grao_DSC_0441_id2.png,RGB_JPG_QUEBRADOS,RGB_JPG_QUEBRADOS
C:\Users\eduar\Desktop\Soybe-main\data\com_fundo_filtrado\RGB_JPG_Normais\grao_DSC_0371_id91.png,RGB_JPG_Normais,RGB_JPG_Normais
C:\Users\eduar\Desktop\Soybe-main\data\com_fundo_filtrado\RGB_JPG_QUEBRADOS\grao_DSC_0439_id42.png,RGB_JPG_QUEBRADOS,RGB_JPG_QUEBRADOS
C:\Users\eduar\Desktop\Soybe-main\data\com_fundo_filtrado\RGB_JPG_Normais\grao_DSC_0499_id102.png,RGB_JPG_Normais,RGB_JPG_Normais
C:\Users\eduar\Desktop\Soybe-main\data\com_fundo_filtrado\RGB_JPG_IMPUREZAS\grao_DSC_0257_id105.png,RGB_JPG_IMPUREZAS,RGB_JPG_IMPUREZAS
C:\Users\eduar\Desktop\Soybe-main\data\com_fundo_filtrado\RGB_JPG_Normais\grao_DSC_0618_id26.png,RGB_JPG_Normais,RGB_JPG_Normais
C:\Users\eduar\Desktop\Soybe-main\data\com_fundo_filtrado\RGB_JPG_Normais\grao_DSC_0484_id43.png,RGB_JPG_Normais,RGB_JPG_Normais
C:\Users\eduar\Desktop\Soybe-main\data\com_fundo_filtrado\RGB_JPG_Normais\grao_DSC_0150_id53.png,RGB_JPG_Normais,RGB_JPG_Normais
C:\Users\eduar\Desktop\Soybe-main\data\com_fundo_filtrado\RGB_JPG_Normais\grao_DSC_0494_id88.png,RGB_JPG_Normais,RGB_JPG_Normais
C:\Users\eduar\Desktop\Soybe-main\data\com_fundo_filtrado\RGB_JPG_Normais\grao_DSC_0676_id5.png,RGB_JPG_Normais,RGB_JPG_Normais
C:\Users\eduar\Desktop\Soybe-main\data\com_fundo_filtrado\RGB_JPG_IMPUREZAS\grao_DSC_0239_id129.png,RGB_JPG_IMPUREZAS,RGB_JPG_IMPUREZAS
C:\Users\eduar\Desktop\Soybe-main\data\com_fundo_filtrado\RGB_JPG_IMPUREZAS\grao_DSC_0281_id18.png,RGB_JPG_IMPUREZAS,RGB_JPG_IMPUREZAS
C:\Users\eduar\Desktop\Soybe-main\data\com_fundo_filtrado\RGB_JPG_QUEBRADOS\grao_DSC_0437_id82.png,RGB_JPG_QUEBRADOS,RGB_JPG_QUEBRADOS
C:\Users\eduar\Desktop\Soybe-main\data\com_fundo_filtrado\RGB_JPG_MAMONAS\grao_DSC_0189_id194.png,RGB_JPG_MAMONAS,RGB_JPG_MAMONAS
C:\Users\eduar\Desktop\Soybe-main\data\com_fundo_filtrado\RGB_JPG_IMPUREZAS\grao_DSC_0042_id143.png,RGB_JPG_IMPUREZAS,RGB_JPG_IMPUREZAS
C:\Users\eduar\Desktop\Soybe-main\data\com_fundo_filtrado\RGB_JPG_CHOCHOS\grao_DSC_0355_id29.png,RGB_JPG_CHOCHOS,RGB_JPG_CHOCHOS
C:\Users\eduar\Desktop\Soybe-main\data\com_fundo_filtrado\RGB_JPG_IMPUREZAS\grao_DSC_0223_id47.png,RGB_JPG_IMPUREZAS,RGB_JPG_IMPUREZAS
C:\Users\eduar\Desktop\Soybe-main\data\com_fundo_filtrado\RGB_JPG_IMPUREZAS\grao_DSC_0247_id81.png,RGB_JPG_IMPUREZAS,RGB_JPG_IMPUREZAS
C:\Users\eduar\Desktop\Soybe-main\data\com_fundo_filtrado\RGB_JPG_IMPUREZAS\grao_DSC_0291_id18.png,RGB_JPG_IMPUREZAS,RGB_JPG_IMPUREZAS
C:\Users\eduar\Desktop\Soybe-main\data\com_fundo_filtrado\RGB_JPG_IMPUREZAS\grao_DSC_0288_id22.png,RGB_JPG_IMPUREZAS,RGB_JPG_IMPUREZAS
C:\Users\eduar\Desktop\Soybe-main\data\com_fundo_filtrado\RGB_JPG_Normais\grao_DSC_0382_id33.png,RGB_JPG_Normais,RGB_JPG_Normais
C:\Users\eduar\Desktop\Soybe-main\data\com_fundo_filtrado\RGB_JPG_Normais\grao_DSC_0670_id13.png,RGB_JPG_Normais,RGB_JPG_Normais
C:\Users\eduar\Desktop\Soybe-main\data\com_fundo_filtrado\RGB_JPG_IMPUREZAS\grao_DSC_0267_id156.png,RGB_JPG_IMPUREZAS,RGB_JPG_IMPUREZAS
C:\Users\eduar\Desktop\Soybe-main\data\com_fundo_filtrado\RGB_JPG_QUEBRADOS\grao_DSC_0168_id16.png,RGB_JPG_QUEBRADOS,RGB_JPG_QUEBRADOS
C:\Users\eduar\Desktop\Soybe-main\data\com_fundo_filtrado\RGB_JPG_Normais\grao_DSC_0515_id15.png,RGB_JPG_Normais,RGB_JPG_Normais
C:\Users\eduar\Desktop\Soybe-main\data\com_fundo_filtrado\RGB_JPG_QUEBRADOS\grao_DSC_0171_id102.png,RGB_JPG_QUEBRADOS,RGB_JPG_QUEBRADOS
C:\Users\eduar\Desktop\Soybe-main\data\com_fundo_filtrado\RGB_JPG_IMPUREZAS\grao_DSC_0269_id71.png,RGB_JPG_IMPUREZAS,RGB_JPG_IMPUREZAS
C:\Users\eduar\Desktop\Soybe-main\data\com_fundo_filtrado\RGB_JPG_Normais\grao_DSC_0143_id111.png,RGB_JPG_Normais,RGB_JPG_Normais
C:\Users\eduar\Desktop\Soybe-main\data\com_fundo_filtrado\RGB_JPG_Normais\grao_DSC_0507_id9.png,RGB_JPG_Normais,RGB_JPG_Normais
C:\Users\eduar\Desktop\Soybe-main\data\com_fundo_filtrado\RGB_JPG_QUEBRADOS\grao_DSC_0439_id71.png,RGB_JPG_QUEBRADOS,RGB_JPG_QUEBRADOS
C:\Users\eduar\Desktop\Soybe-main\data\com_fundo_filtrado\RGB_JPG_Normais\grao_DSC_0388_id1.png,RGB_JPG_Normais,RGB_JPG_Normais
C:\Users\eduar\Desktop\Soybe-main\data\com_fundo_filtrado\RGB_JPG_QUEBRADOS\grao_DSC_0437_id38.png,RGB_JPG_QUEBRADOS,RGB_JPG_QUEBRADOS
C:\Users\eduar\Desktop\Soybe-main\data\com_fundo_filtrado\RGB_JPG_Normais\grao_DSC_0618_id12.png,RGB_JPG_Normais,RGB_JPG_Normais
C:\Users\eduar\Desktop\Soybe-main\data\com_fundo_filtrado\RGB_JPG_Normais\grao_DSC_0617_id102.png,RGB_JPG_Normais,RGB_JPG_Normais
C:\Users\eduar\Desktop\Soybe-main\data\com_fundo_filtrado\RGB_JPG_QUEBRADOS\grao_DSC_0434_id74.png,RGB_JPG_QUEBRADOS,RGB_JPG_QUEBRADOS
C:\Users\eduar\Desktop\Soybe-main\data\com_fundo_filtrado\RGB_JPG_IMPUREZAS\grao_DSC_0249_id89.png,RGB_JPG_IMPUREZAS,RGB_JPG_IMPUREZAS
C:\Users\eduar\Desktop\Soybe-main\data\com_fundo_filtrado\RGB_JPG_IMPUREZAS\grao_DSC_0241_id203.png,RGB_JPG_IMPUREZAS,RGB_JPG_IMPUREZAS
C:\Users\eduar\Desktop\Soybe-main\data\com_fundo_filtrado\RGB_JPG_Normais\grao_DSC_0217_id10.png,RGB_JPG_Normais,RGB_JPG_Normais
C:\Users\eduar\Desktop\Soybe-main\data\com_fundo_filtrado\RGB_JPG_Normais\grao_DSC_0496_id40.png,RGB_JPG_Normais,RGB_JPG_Normais
C:\Users\eduar\Desktop\Soybe-main\data\com_fundo_filtrado\RGB_JPG_Normais\grao_DSC_0375_id79.png,RGB_JPG_Normais,RGB_JPG_Normais
C:\Users\eduar\Desktop\Soybe-main\data\com_fundo_filtrado\RGB_JPG_Normais\grao_DSC_0670_id43.png,RGB_JPG_Normais,RGB_JPG_Normais
C:\Users\eduar\Desktop\Soybe-main\data\com_fundo_filtrado\RGB_JPG_QUEBRADOS\grao_DSC_0459_id47.png,RGB_JPG_QUEBRADOS,RGB_JPG_QUEBRADOS
C:\Users\eduar\Desktop\Soybe-main\data\com_fundo_filtrado\RGB_JPG_Normais\grao_DSC_0390_id37.png,RGB_JPG_Normais,RGB_JPG_Normais
C:\Users\eduar\Desktop\Soybe-main\data\com_fundo_filtrado\RGB_JPG_Normais\grao_DSC_0677_id54.png,RGB_JPG_Normais,RGB_JPG_Normais
C:\Users\eduar\Desktop\Soybe-main\data\com_fundo_filtrado\RGB_JPG_INSETOS\grao_DSC_0164_id19.png,RGB_JPG_INSETOS,RGB_JPG_Normais
C:\Users\eduar\Desktop\Soybe-main\data\com_fundo_filtrado\RGB_JPG_IMPUREZAS\grao_DSC_0018_id153.png,RGB_JPG_IMPUREZAS,RGB_JPG_IMPUREZAS
C:\Users\eduar\Desktop\Soybe-main\data\com_fundo_filtrado\RGB_JPG_Normais\grao_DSC_0517_id34.png,RGB_JPG_Normais,RGB_JPG_Normais
C:\Users\eduar\Desktop\Soybe-main\data\com_fundo_filtrado\RGB_JPG_CHOCHOS\grao_DSC_0349_id57.png,RGB_JPG_CHOCHOS,RGB_JPG_CHOCHOS
C:\Users\eduar\Desktop\Soybe-main\data\com_fundo_filtrado\RGB_JPG_Normais\grao_DSC_0377_id73.png,RGB_JPG_Normais,RGB_JPG_Normais
C:\Users\eduar\Desktop\Soybe-main\data\com_fundo_filtrado\RGB_JPG_Normais\grao_DSC_0399_id37.png,RGB_JPG_Normais,RGB_JPG_Normais
C:\Users\eduar\Desktop\Soybe-main\data\com_fundo_filtrado\RGB_JPG_IMPUREZAS\grao_DSC_0259_id222.png,RGB_JPG_IMPUREZAS,RGB_JPG_IMPUREZAS
C:\Users\eduar\Desktop\Soybe-main\data\com_fundo_filtrado\RGB_JPG_CHOCHOS\grao_DSC_0334_id18.png,RGB_JPG_CHOCHOS,RGB_JPG_CHOCHOS
C:\Users\eduar\Desktop\Soybe-main\data\com_fundo_filtrado\RGB_JPG_QUEBRADOS\grao_DSC_0426_id7.png,RGB_JPG_QUEBRADOS,RGB_JPG_QUEBRADOS
C:\Users\eduar\Desktop\Soybe-main\data\com_fundo_filtrado\RGB_JPG_Normais\grao_DSC_0480_id76.png,RGB_JPG_Normais,RGB_JPG_Normais
C:\Users\eduar\Desktop\Soybe-main\data\com_fundo_filtrado\RGB_JPG_IMPUREZAS\grao_DSC_0267_id12.png,RGB_JPG_IMPUREZAS,RGB_JPG_IMPUREZAS
C:\Users\eduar\Desktop\Soybe-main\data\com_fundo_filtrado\RGB_JPG_Normais\grao_DSC_0508_id60.png,RGB_JPG_Normais,RGB_JPG_Normais
C:\Users\eduar\Desktop\Soybe-main\data\com_fundo_filtrado\RGB_JPG_Normais\grao_DSC_0471_id47.png,RGB_JPG_Normais,RGB_JPG_Normais
C:\Users\eduar\Desktop\Soybe-main\data\com_fundo_filtrado\RGB_JPG_Normais\grao_DSC_0505_id33.png,RGB_JPG_Normais,RGB_JPG_Normais
C:\Users\eduar\Desktop\Soybe-main\data\com_fundo_filtrado\RGB_JPG_IMPUREZAS\grao_DSC_0279_id234.png,RGB_JPG_IMPUREZAS,RGB_JPG_IMPUREZAS
C:\Users\eduar\Desktop\Soybe-main\data\com_fundo_filtrado\RGB_JPG_IMPUREZAS\grao_DSC_0282_id18.png,RGB_JPG_IMPUREZAS,RGB_JPG_IMPUREZAS
C:\Users\eduar\Desktop\Soybe-main\data\com_fundo_filtrado\RGB_JPG_IMPUREZAS\grao_DSC_0291_id193.png,RGB_JPG_IMPUREZAS,RGB_JPG_IMPUREZAS
C:\Users\eduar\Desktop\Soybe-main\data\com_fundo_filtrado\RGB_JPG_CHOCHOS\grao_DSC_0347_id11.png,RGB_JPG_CHOCHOS,RGB_JPG_CHOCHOS
C:\Users\eduar\Desktop\Soybe-main\data\com_fundo_filtrado\RGB_JPG_Normais\grao_DSC_0394_id93.png,RGB_JPG_Normais,RGB_JPG_Normais
C:\Users\eduar\Desktop\Soybe-main\data\com_fundo_filtrado\RGB_JPG_IMPUREZAS\grao_DSC_0245_id35.png,RGB_JPG_IMPUREZAS,RGB_JPG_IMPUREZAS
C:\Users\eduar\Desktop\Soybe-main\data\com_fundo_filtrado\RGB_JPG_Normais\grao_DSC_0612_id105.png,RGB_JPG_Normais,RGB_JPG_Normais
C:\Users\eduar\Desktop\Soybe-main\data\com_fundo_filtrado\RGB_JPG_IMPUREZAS\grao_DSC_0250_id56.png,RGB_JPG_IMPUREZAS,RGB_JPG_IMPUREZAS
C:\Users\eduar\Desktop\Soybe-main\data\com_fundo_filtrado\RGB_JPG_Normais\grao_DSC_0506_id96.png,RGB_JPG_Normais,RGB_JPG_Normais
C:\Users\eduar\Desktop\Soybe-main\data\com_fundo_filtrado\RGB_JPG_Normais\grao_DSC_0161_id71.png,RGB_JPG_Normais,RGB_JPG_Normais
C:\Users\eduar\Desktop\Soybe-main\data\com_fundo_filtrado\RGB_JPG_Normais\grao_DSC_0620_id26.png,RGB_JPG_Normais,RGB_JPG_Normais
C:\Users\eduar\Desktop\Soybe-main\data\com_fundo_filtrado\RGB_JPG_ESVERDEADO\grao_DSC_0311_id86.png,RGB_JPG_ESVERDEADO,RGB_JPG_CHOCHOS
C:\Users\eduar\Desktop\Soybe-main\data\com_fundo_filtrado\RGB_JPG_IMPUREZAS\grao_DSC_0277_id121.png,RGB_JPG_IMPUREZAS,RGB_JPG_IMPUREZAS
C:\Users\eduar\Desktop\Soybe-main\data\com_fundo_filtrado\RGB_JPG_IMPUREZAS\grao_DSC_0044_id60.png,RGB_JPG_IMPUREZAS,RGB_JPG_IMPUREZAS
C:\Users\eduar\Desktop\Soybe-main\data\com_fundo_filtrado\RGB_JPG_Normais\grao_DSC_0630_id71.png,RGB_JPG_Normais,RGB_JPG_Normais
C:\Users\eduar\Desktop\Soybe-main\data\com_fundo_filtrado\RGB_JPG_QUEBRADOS\grao_DSC_0457_id72.png,RGB_JPG_QUEBRADOS,RGB_JPG_QUEBRADOS
C:\Users\eduar\Desktop\Soybe-main\data\com_fundo_filtrado\RGB_JPG_Normais\grao_DSC_0614_id21.png,RGB_JPG_Normais,RGB_JPG_Normais
C:\Users\eduar\Desktop\Soybe-main\data\com_fundo_filtrado\RGB_JPG_QUEBRADOS\grao_DSC_0414_id10.png,RGB_JPG_QUEBRADOS,RGB_JPG_Normais
C:\Users\eduar\Desktop\Soybe-main\data\com_fundo_filtrado\RGB_JPG_Normais\grao_DSC_0220_id13.png,RGB_JPG_Normais,RGB_JPG_Normais
C:\Users\eduar\Desktop\Soybe-main\data\com_fundo_filtrado\RGB_JPG_IMPUREZAS\grao_DSC_0025_id144.png,RGB_JPG_IMPUREZAS,RGB_JPG_IMPUREZAS
C:\Users\eduar\Desktop\Soybe-main\data\com_fundo_filtrado\RGB_JPG_IMPUREZAS\grao_DSC_0291_id137.png,RGB_JPG_IMPUREZAS,RGB_JPG_IMPUREZAS
C:\Users\eduar\Desktop\Soybe-main\data\com_fundo_filtrado\RGB_JPG_QUEBRADOS\grao_DSC_0428_id3.png,RGB_JPG_QUEBRADOS,RGB_JPG_QUEBRADOS
C:\Users\eduar\Desktop\Soybe-main\data\com_fundo_filtrado\RGB_JPG_IMPUREZAS\grao_DSC_0230_id31.png,RGB_JPG_IMPUREZAS,RGB_JPG_IMPUREZAS
C:\Users\eduar\Desktop\Soybe-main\data\com_fundo_filtrado\RGB_JPG_IMPUREZAS\grao_DSC_0262_id51.png,RGB_JPG_IMPUREZAS,RGB_JPG_IMPUREZAS
C:\Users\eduar\Desktop\Soybe-main\data\com_fundo_filtrado\RGB_JPG_CHOCHOS\grao_DSC_0358_id62.png,RGB_JPG_CHOCHOS,RGB_JPG_CHOCHOS
C:\Users\eduar\Desktop\Soybe-main\data\com_fundo_filtrado\RGB_JPG_Normais\grao_DSC_0385_id4.png,RGB_JPG_Normais,RGB_JPG_Normais
C:\Users\eduar\Desktop\Soybe-main\data\com_fundo_filtrado\RGB_JPG_Normais\grao_DSC_0639_id69.png,RGB_JPG_Normais,RGB_JPG_Normais
C:\Users\eduar\Desktop\Soybe-main\data\com_fundo_filtrado\RGB_JPG_Normais\grao_DSC_0677_id46.png,RGB_JPG_Normais,RGB_JPG_Normais
C:\Users\eduar\Desktop\Soybe-main\data\com_fundo_filtrado\RGB_JPG_MAMONAS\grao_DSC_0186_id72.png,RGB_JPG_MAMONAS,RGB_JPG_MAMONAS
C:\Users\eduar\Desktop\Soybe-main\data\com_fundo_filtrado\RGB_JPG_Normais\grao_DSC_0494_id77.png,RGB_JPG_Normais,RGB_JPG_Normais
C:\Users\eduar\Desktop\Soybe-main\data\com_fundo_filtrado\RGB_JPG_CHOCHOS\grao_DSC_0359_id109.png,RGB_JPG_CHOCHOS,RGB_JPG_CHOCHOS
C:\Users\eduar\Desktop\Soybe-main\data\com_fundo_filtrado\RGB_JPG_IMPUREZAS\grao_DSC_0237_id88.png,RGB_JPG_IMPUREZAS,RGB_JPG_IMPUREZAS
C:\Users\eduar\Desktop\Soybe-main\data\com_fundo_filtrado\RGB_JPG_Normais\grao_DSC_0494_id34.png,RGB_JPG_Normais,RGB_JPG_Normais
C:\Users\eduar\Desktop\Soybe-main\data\com_fundo_filtrado\RGB_JPG_Normais\grao_DSC_0392_id10.png,RGB_JPG_Normais,RGB_JPG_Normais
C:\Users\eduar\Desktop\Soybe-main\data\com_fundo_filtrado\RGB_JPG_ESVERDEADO\grao_DSC_0309_id87.png,RGB_JPG_ESVERDEADO,RGB_JPG_ESVERDEADO
C:\Users\eduar\Desktop\Soybe-main\data\com_fundo_filtrado\RGB_JPG_QUEBRADOS\grao_DSC_0413_id35.png,RGB_JPG_QUEBRADOS,RGB_JPG_QUEBRADOS
C:\Users\eduar\Desktop\Soybe-main\data\com_fundo_filtrado\RGB_JPG_IMPUREZAS\grao_DSC_0293_id70.png,RGB_JPG_IMPUREZAS,RGB_JPG_IMPUREZAS
C:\Users\eduar\Desktop\Soybe-main\data\com_fundo_filtrado\RGB_JPG_IMPUREZAS\grao_DSC_0223_id57.png,RGB_JPG_IMPUREZAS,RGB_JPG_IMPUREZAS
C:\Users\eduar\Desktop\Soybe-main\data\com_fundo_filtrado\RGB_JPG_IMPUREZAS\grao_DSC_0239_id287.png,RGB_JPG_IMPUREZAS,RGB_JPG_IMPUREZAS
C:\Users\eduar\Desktop\Soybe-main\data\com_fundo_filtrado\RGB_JPG_CHOCHOS\grao_DSC_0357_id13.png,RGB_JPG_CHOCHOS,RGB_JPG_Normais
C:\Users\eduar\Desktop\Soybe-main\data\com_fundo_filtrado\RGB_JPG_Normais\grao_DSC_0665_id35.png,RGB_JPG_Normais,RGB_JPG_Normais
C:\Users\eduar\Desktop\Soybe-main\data\com_fundo_filtrado\RGB_JPG_Normais\grao_DSC_0675_id37.png,RGB_JPG_Normais,RGB_JPG_Normais
C:\Users\eduar\Desktop\Soybe-main\data\com_fundo_filtrado\RGB_JPG_Normais\grao_DSC_0399_id107.png,RGB_JPG_Normais,RGB_JPG_Normais
C:\Users\eduar\Desktop\Soybe-main\data\com_fundo_filtrado\RGB_JPG_IMPUREZAS\grao_DSC_0268_id4.png,RGB_JPG_IMPUREZAS,RGB_JPG_IMPUREZAS
C:\Users\eduar\Desktop\Soybe-main\data\com_fundo_filtrado\RGB_JPG_IMPUREZAS\grao_DSC_0228_id156.png,RGB_JPG_IMPUREZAS,RGB_JPG_IMPUREZAS
C:\Users\eduar\Desktop\Soybe-main\data\com_fundo_filtrado\RGB_JPG_Normais\grao_DSC_0479_id54.png,RGB_JPG_Normais,RGB_JPG_Normais
C:\Users\eduar\Desktop\Soybe-main\data\com_fundo_filtrado\RGB_JPG_IMPUREZAS\grao_DSC_0242_id189.png,RGB_JPG_IMPUREZAS,RGB_JPG_IMPUREZAS
C:\Users\eduar\Desktop\Soybe-main\data\com_fundo_filtrado\RGB_JPG_Normais\grao_DSC_0607_id65.png,RGB_JPG_Normais,RGB_JPG_Normais
C:\Users\eduar\Desktop\Soybe-main\data\com_fundo_filtrado\RGB_JPG_CHOCHOS\grao_DSC_0330_id30.png,RGB_JPG_CHOCHOS,RGB_JPG_CHOCHOS
C:\Users\eduar\Desktop\Soybe-main\data\com_fundo_filtrado\RGB_JPG_Normais\grao_DSC_0633_id40.png,RGB_JPG_Normais,RGB_JPG_Normais
C:\Users\eduar\Desktop\Soybe-main\data\com_fundo_filtrado\RGB_JPG_Normais\grao_DSC_0474_id41.png,RGB_JPG_Normais,RGB_JPG_Normais
C:\Users\eduar\Desktop\Soybe-main\data\com_fundo_filtrado\RGB_JPG_Normais\grao_DSC_0388_id52.png,RGB_JPG_Normais,RGB_JPG_Normais
C:\Users\eduar\Desktop\Soybe-main\data\com_fundo_filtrado\RGB_JPG_Normais\grao_DSC_0607_id21.png,RGB_JPG_Normais,RGB_JPG_Normais
C:\Users\eduar\Desktop\Soybe-main\data\com_fundo_filtrado\RGB_JPG_Normais\grao_DSC_0221_id10.png,RGB_JPG_Normais,RGB_JPG_Normais
C:\Users\eduar\Desktop\Soybe-main\data\com_fundo_filtrado\RGB_JPG_Normais\grao_DSC_0618_id49.png,RGB_JPG_Normais,RGB_JPG_Normais
C:\Users\eduar\Desktop\Soybe-main\data\com_fundo_filtrado\RGB_JPG_ESVERDEADO\grao_DSC_0301_id92.png,RGB_JPG_ESVERDEADO,RGB_JPG_ESVERDEADO
C:\Users\eduar\Desktop\Soybe-main\data\com_fundo_filtrado\RGB_JPG_IMPUREZAS\grao_DSC_0291_id178.png,RGB_JPG_IMPUREZAS,RGB_JPG_IMPUREZAS
C:\Users\eduar\Desktop\Soybe-main\data\com_fundo_filtrado\RGB_JPG_Normais\grao_DSC_0135_id21.png,RGB_JPG_Normais,RGB_JPG_Normais
C:\Users\eduar\Desktop\Soybe-main\data\com_fundo_filtrado\RGB_JPG_Normais\grao_DSC_0393_id93.png,RGB_JPG_Normais,RGB_JPG_QUEBRADOS
C:\Users\eduar\Desktop\Soybe-main\data\com_fundo_filtrado\RGB_JPG_IMPUREZAS\grao_DSC_0021_id152.png,RGB_JPG_IMPUREZAS,RGB_JPG_IMPUREZAS
C:\Users\eduar\Desktop\Soybe-main\data\com_fundo_filtrado\RGB_JPG_IMPUREZAS\grao_DSC_0291_id2.png,RGB_JPG_IMPUREZAS,RGB_JPG_IMPUREZAS
C:\Users\eduar\Desktop\Soybe-main\data\com_fundo_filtrado\RGB_JPG_QUEBRADOS\grao_DSC_0422_id5.png,RGB_JPG_QUEBRADOS,RGB_JPG_QUEBRADOS
C:\Users\eduar\Desktop\Soybe-main\data\com_fundo_filtrado\RGB_JPG_QUEBRADOS\grao_DSC_0409_id46.png,RGB_JPG_QUEBRADOS,RGB_JPG_QUEBRADOS
C:\Users\eduar\Desktop\Soybe-main\data\com_fundo_filtrado\RGB_JPG_QUEBRADOS\grao_DSC_0424_id36.png,RGB_JPG_QUEBRADOS,RGB_JPG_QUEBRADOS
C:\Users\eduar\Desktop\Soybe-main\data\com_fundo_filtrado\RGB_JPG_IMPUREZAS\grao_DSC_0240_id313.png,RGB_JPG_IMPUREZAS,RGB_JPG_IMPUREZAS
C:\Users\eduar\Desktop\Soybe-main\data\com_fundo_filtrado\RGB_JPG_ESVERDEADO\grao_DSC_0303_id43.png,RGB_JPG_ESVERDEADO,RGB_JPG_ESVERDEADO
C:\Users\eduar\Desktop\Soybe-main\data\com_fundo_filtrado\RGB_JPG_Normais\grao_DSC_0210_id20.png,RGB_JPG_Normais,RGB_JPG_Normais
C:\Users\eduar\Desktop\Soybe-main\data\com_fundo_filtrado\RGB_JPG_IMPUREZAS\grao_DSC_0012_id78.png,RGB_JPG_IMPUREZAS,RGB_JPG_IMPUREZAS
C:\Users\eduar\Desktop\Soybe-main\data\com_fundo_filtrado\RGB_JPG_IMPUREZAS\grao_DSC_0258_id98.png,RGB_JPG_IMPUREZAS,RGB_JPG_IMPUREZAS
C:\Users\eduar\Desktop\Soybe-main\data\com_fundo_filtrado\RGB_JPG_IMPUREZAS\grao_DSC_0277_id114.png,RGB_JPG_IMPUREZAS,RGB_JPG_IMPUREZAS
C:\Users\eduar\Desktop\Soybe-main\data\com_fundo_filtrado\RGB_JPG_Normais\grao_DSC_0658_id42.png,RGB_JPG_Normais,RGB_JPG_Normais
C:\Users\eduar\Desktop\Soybe-main\data\com_fundo_filtrado\RGB_JPG_PURPURAS\grao_DSC_0147_id9.png,RGB_JPG_PURPURAS,RGB_JPG_PURPURAS
C:\Users\eduar\Desktop\Soybe-main\data\com_fundo_filtrado\RGB_JPG_CHOCHOS\grao_DSC_0325_id50.png,RGB_JPG_CHOCHOS,RGB_JPG_CHOCHOS
C:\Users\eduar\Desktop\Soybe-main\data\com_fundo_filtrado\RGB_JPG_Normais\grao_DSC_0637_id62.png,RGB_JPG_Normais,RGB_JPG_Normais
C:\Users\eduar\Desktop\Soybe-main\data\com_fundo_filtrado\RGB_JPG_Normais\grao_DSC_0494_id9.png,RGB_JPG_Normais,RGB_JPG_Normais
C:\Users\eduar\Desktop\Soybe-main\data\com_fundo_filtrado\RGB_JPG_QUEBRADOS\grao_DSC_0442_id29.png,RGB_JPG_QUEBRADOS,RGB_JPG_QUEBRADOS
C:\Users\eduar\Desktop\Soybe-main\data\com_fundo_filtrado\RGB_JPG_QUEBRADOS\grao_DSC_0454_id84.png,RGB_JPG_QUEBRADOS,RGB_JPG_QUEBRADOS
C:\Users\eduar\Desktop\Soybe-main\data\com_fundo_filtrado\RGB_JPG_IMPUREZAS\grao_DSC_0246_id99.png,RGB_JPG_IMPUREZAS,RGB_JPG_IMPUREZAS
C:\Users\eduar\Desktop\Soybe-main\data\com_fundo_filtrado\RGB_JPG_IMPUREZAS\grao_DSC_0225_id136.png,RGB_JPG_IMPUREZAS,RGB_JPG_IMPUREZAS
C:\Users\eduar\Desktop\Soybe-main\data\com_fundo_filtrado\RGB_JPG_QUEBRADOS\grao_DSC_0465_id32.png,RGB_JPG_QUEBRADOS,RGB_JPG_QUEBRADOS
C:\Users\eduar\Desktop\Soybe-main\data\com_fundo_filtrado\RGB_JPG_ESVERDEADO\grao_DSC_0305_id40.png,RGB_JPG_ESVERDEADO,RGB_JPG_ESVERDEADO
C:\Users\eduar\Desktop\Soybe-main\data\com_fundo_filtrado\RGB_JPG_Normais\grao_DSC_0387_id41.png,RGB_JPG_Normais,RGB_JPG_Normais
C:\Users\eduar\Desktop\Soybe-main\data\com_fundo_filtrado\RGB_JPG_Normais\grao_DSC_0381_id106.png,RGB_JPG_Normais,RGB_JPG_Normais
C:\Users\eduar\Desktop\Soybe-main\data\com_fundo_filtrado\RGB_JPG_IMPUREZAS\grao_DSC_0229_id115.png,RGB_JPG_IMPUREZAS,RGB_JPG_IMPUREZAS
C:\Users\eduar\Desktop\Soybe-main\data\com_fundo_filtrado\RGB_JPG_Normais\grao_DSC_0372_id27.png,RGB_JPG_Normais,RGB_JPG_Normais
C:\Users\eduar\Desktop\Soybe-main\data\com_fundo_filtrado\RGB_JPG_Normais\grao_DSC_0622_id91.png,RGB_JPG_Normais,RGB_JPG_Normais
C:\Users\eduar\Desktop\Soybe-main\data\com_fundo_filtrado\RGB_JPG_ESVERDEADO\grao_DSC_0309_id14.png,RGB_JPG_ESVERDEADO,RGB_JPG_ESVERDEADO
C:\Users\eduar\Desktop\Soybe-main\data\com_fundo_filtrado\RGB_JPG_Normais\grao_DSC_0660_id32.png,RGB_JPG_Normais,RGB_JPG_Normais
C:\Users\eduar\Desktop\Soybe-main\data\com_fundo_filtrado\RGB_JPG_IMPUREZAS\grao_DSC_0258_id147.png,RGB_JPG_IMPUREZAS,RGB_JPG_IMPUREZAS
C:\Users\eduar\Desktop\Soybe-main\data\com_fundo_filtrado\RGB_JPG_Normais\grao_DSC_0220_id65.png,RGB_JPG_Normais,RGB_JPG_Normais
C:\Users\eduar\Desktop\Soybe-main\data\com_fundo_filtrado\RGB_JPG_Normais\grao_DSC_0469_id14.png,RGB_JPG_Normais,RGB_JPG_Normais
C:\Users\eduar\Desktop\Soybe-main\data\com_fundo_filtrado\RGB_JPG_Normais\grao_DSC_0142_id35.png,RGB_JPG_Normais,RGB_JPG_Normais
C:\Users\eduar\Desktop\Soybe-main\data\com_fundo_filtrado\RGB_JPG_Normais\grao_DSC_0470_id100.png,RGB_JPG_Normais,RGB_JPG_Normais
C:\Users\eduar\Desktop\Soybe-main\data\com_fundo_filtrado\RGB_JPG_ESVERDEADO\grao_DSC_0309_id22.png,RGB_JPG_ESVERDEADO,RGB_JPG_ESVERDEADO
C:\Users\eduar\Desktop\Soybe-main\data\com_fundo_filtrado\RGB_JPG_Normais\grao_DSC_0632_id58.png,RGB_JPG_Normais,RGB_JPG_Normais
C:\Users\eduar\Desktop\Soybe-main\data\com_fundo_filtrado\RGB_JPG_Normais\grao_DSC_0502_id52.png,RGB_JPG_Normais,RGB_JPG_Normais
C:\Users\eduar\Desktop\Soybe-main\data\com_fundo_filtrado\RGB_JPG_Normais\grao_DSC_0644_id97.png,RGB_JPG_Normais,RGB_JPG_Normais
C:\Users\eduar\Desktop\Soybe-main\data\com_fundo_filtrado\RGB_JPG_Normais\grao_DSC_0630_id76.png,RGB_JPG_Normais,RGB_JPG_Normais
C:\Users\eduar\Desktop\Soybe-main\data\com_fundo_filtrado\RGB_JPG_IMPUREZAS\grao_DSC_0017_id325.png,RGB_JPG_IMPUREZAS,RGB_JPG_IMPUREZAS
C:\Users\eduar\Desktop\Soybe-main\data\com_fundo_filtrado\RGB_JPG_Normais\grao_DSC_0634_id89.png,RGB_JPG_Normais,RGB_JPG_Normais
C:\Users\eduar\Desktop\Soybe-main\data\com_fundo_filtrado\RGB_JPG_Normais\grao_DSC_0679_id2.png,RGB_JPG_Normais,RGB_JPG_Normais
C:\Users\eduar\Desktop\Soybe-main\data\com_fundo_filtrado\RGB_JPG_Normais\grao_DSC_0641_id9.png,RGB_JPG_Normais,RGB_JPG_Normais
C:\Users\eduar\Desktop\Soybe-main\data\com_fundo_filtrado\RGB_JPG_Normais\grao_DSC_0143_id24.png,RGB_JPG_Normais,RGB_JPG_Normais
C:\Users\eduar\Desktop\Soybe-main\data\com_fundo_filtrado\RGB_JPG_Normais\grao_DSC_0495_id29.png,RGB_JPG_Normais,RGB_JPG_Normais
C:\Users\eduar\Desktop\Soybe-main\data\com_fundo_filtrado\RGB_JPG_CHOCHOS\grao_DSC_0350_id110.png,RGB_JPG_CHOCHOS,RGB_JPG_CHOCHOS
C:\Users\eduar\Desktop\Soybe-main\data\com_fundo_filtrado\RGB_JPG_QUEBRADOS\grao_DSC_0432_id60.png,RGB_JPG_QUEBRADOS,RGB_JPG_QUEBRADOS
C:\Users\eduar\Desktop\Soybe-main\data\com_fundo_filtrado\RGB_JPG_QUEBRADOS\grao_DSC_0407_id51.png,RGB_JPG_QUEBRADOS,RGB_JPG_QUEBRADOS
C:\Users\eduar\Desktop\Soybe-main\data\com_fundo_filtrado\RGB_JPG_IMPUREZAS\grao_DSC_0244_id143.png,RGB_JPG_IMPUREZAS,RGB_JPG_IMPUREZAS
C:\Users\eduar\Desktop\Soybe-main\data\com_fundo_filtrado\RGB_JPG_CHOCHOS\grao_DSC_0334_id2.png,RGB_JPG_CHOCHOS,RGB_JPG_CHOCHOS
C:\Users\eduar\Desktop\Soybe-main\data\com_fundo_filtrado\RGB_JPG_Normais\grao_DSC_0392_id58.png,RGB_JPG_Normais,RGB_JPG_Normais
C:\Users\eduar\Desktop\Soybe-main\data\com_fundo_filtrado\RGB_JPG_IMPUREZAS\grao_DSC_0288_id159.png,RGB_JPG_IMPUREZAS,RGB_JPG_IMPUREZAS
C:\Users\eduar\Desktop\Soybe-main\data\com_fundo_filtrado\RGB_JPG_QUEBRADOS\grao_DSC_0434_id42.png,RGB_JPG_QUEBRADOS,RGB_JPG_QUEBRADOS
C:\Users\eduar\Desktop\Soybe-main\data\com_fundo_filtrado\RGB_JPG_Normais\grao_DSC_0650_id46.png,RGB_JPG_Normais,RGB_JPG_Normais
C:\Users\eduar\Desktop\Soybe-main\data\com_fundo_filtrado\RGB_JPG_Normais\grao_DSC_0376_id81.png,RGB_JPG_Normais,RGB_JPG_Normais
C:\Users\eduar\Desktop\Soybe-main\data\com_fundo_filtrado\RGB_JPG_CHOCHOS\grao_DSC_0359_id45.png,RGB_JPG_CHOCHOS,RGB_JPG_CHOCHOS
C:\Users\eduar\Desktop\Soybe-main\data\com_fundo_filtrado\RGB_JPG_Normais\grao_DSC_0134_id63.png,RGB_JPG_Normais,RGB_JPG_Normais
C:\Users\eduar\Desktop\Soybe-main\data\com_fundo_filtrado\RGB_JPG_IMPUREZAS\grao_DSC_0017_id11.png,RGB_JPG_IMPUREZAS,RGB_JPG_IMPUREZAS
C:\Users\eduar\Desktop\Soybe-main\data\com_fundo_filtrado\RGB_JPG_CHOCHOS\grao_DSC_0355_id54.png,RGB_JPG_CHOCHOS,RGB_JPG_CHOCHOS
C:\Users\eduar\Desktop\Soybe-main\data\com_fundo_filtrado\RGB_JPG_Normais\grao_DSC_0505_id4.png,RGB_JPG_Normais,RGB_JPG_Normais
C:\Users\eduar\Desktop\Soybe-main\data\com_fundo_filtrado\RGB_JPG_Normais\grao_DSC_0499_id7.png,RGB_JPG_Normais,RGB_JPG_Normais
C:\Users\eduar\Desktop\Soybe-main\data\com_fundo_filtrado\RGB_JPG_Normais\grao_DSC_0633_id53.png,RGB_JPG_Normais,RGB_JPG_Normais
C:\Users\eduar\Desktop\Soybe-main\data\com_fundo_filtrado\RGB_JPG_Normais\grao_DSC_0616_id69.png,RGB_JPG_Normais,RGB_JPG_Normais
C:\Users\eduar\Desktop\Soybe-main\data\com_fundo_filtrado\RGB_JPG_Normais\grao_DSC_0152_id23.png,RGB_JPG_Normais,RGB_JPG_Normais
C:\Users\eduar\Desktop\Soybe-main\data\com_fundo_filtrado\RGB_JPG_PURPURAS\grao_DSC_0149_id12.png,RGB_JPG_PURPURAS,RGB_JPG_PURPURAS
C:\Users\eduar\Desktop\Soybe-main\data\com_fundo_filtrado\RGB_JPG_IMPUREZAS\grao_DSC_0285_id110.png,RGB_JPG_IMPUREZAS,RGB_JPG_IMPUREZAS
C:\Users\eduar\Desktop\Soybe-main\data\com_fundo_filtrado\RGB_JPG_IMPUREZAS\grao_DSC_0291_id30.png,RGB_JPG_IMPUREZAS,RGB_JPG_IMPUREZAS
C:\Users\eduar\Desktop\Soybe-main\data\com_fundo_filtrado\RGB_JPG_QUEBRADOS\grao_DSC_0401_id67.png,RGB_JPG_QUEBRADOS,RGB_JPG_QUEBRADOS
C:\Users\eduar\Desktop\Soybe-main\data\com_fundo_filtrado\RGB_JPG_CHOCHOS\grao_DSC_0348_id70.png,RGB_JPG_CHOCHOS,RGB_JPG_CHOCHOS
C:\Users\eduar\Desktop\Soybe-main\data\com_fundo_filtrado\RGB_JPG_Normais\grao_DSC_0392_id89.png,RGB_JPG_Normais,RGB_JPG_Normais
C:\Users\eduar\Desktop\Soybe-main\data\com_fundo_filtrado\RGB_JPG_IMPUREZAS\grao_DSC_0010_id164.png,RGB_JPG_IMPUREZAS,RGB_JPG_IMPUREZAS
C:\Users\eduar\Desktop\Soybe-main\data\com_fundo_filtrado\RGB_JPG_QUEBRADOS\grao_DSC_0440_id87.png,RGB_JPG_QUEBRADOS,RGB_JPG_QUEBRADOS
C:\Users\eduar\Desktop\Soybe-main\data\com_fundo_filtrado\RGB_JPG_Normais\grao_DSC_0658_id13.png,RGB_JPG_Normais,RGB_JPG_Normais
C:\Users\eduar\Desktop\Soybe-main\data\com_fundo_filtrado\RGB_JPG_Normais\grao_DSC_0643_id46.png,RGB_JPG_Normais,RGB_JPG_Normais
C:\Users\eduar\Desktop\Soybe-main\data\com_fundo_filtrado\RGB_JPG_CHOCHOS\grao_DSC_0336_id30.png,RGB_JPG_CHOCHOS,RGB_JPG_CHOCHOS
C:\Users\eduar\Desktop\Soybe-main\data\com_fundo_filtrado\RGB_JPG_Normais\grao_DSC_0632_id52.png,RGB_JPG_Normais,RGB_JPG_Normais
C:\Users\eduar\Desktop\Soybe-main\data\com_fundo_filtrado\RGB_JPG_IMPUREZAS\grao_DSC_0259_id113.png,RGB_JPG_IMPUREZAS,RGB_JPG_IMPUREZAS
C:\Users\eduar\Desktop\Soybe-main\data\com_fundo_filtrado\RGB_JPG_CHOCHOS\grao_DSC_0335_id39.png,RGB_JPG_CHOCHOS,RGB_JPG_CHOCHOS
C:\Users\eduar\Desktop\Soybe-main\data\com_fundo_filtrado\RGB_JPG_IMPUREZAS\grao_DSC_0003_id219.png,RGB_JPG_IMPUREZAS,RGB_JPG_IMPUREZAS
C:\Users\eduar\Desktop\Soybe-main\data\com_fundo_filtrado\RGB_JPG_IMPUREZAS\grao_DSC_0274_id226.png,RGB_JPG_IMPUREZAS,RGB_JPG_IMPUREZAS
C:\Users\eduar\Desktop\Soybe-main\data\com_fundo_filtrado\RGB_JPG_Normais\grao_DSC_0680_id95.png,RGB_JPG_Normais,RGB_JPG_Normais
C:\Users\eduar\Desktop\Soybe-main\data\com_fundo_filtrado\RGB_JPG_QUEBRADOS\grao_DSC_0431_id61.png,RGB_JPG_QUEBRADOS,RGB_JPG_QUEBRADOS
C:\Users\eduar\Desktop\Soybe-main\data\com_fundo_filtrado\RGB_JPG_Normais\grao_DSC_0212_id25.png,RGB_JPG_Normais,RGB_JPG_Normais
C:\Users\eduar\Desktop\Soybe-main\data\com_fundo_filtrado\RGB_JPG_CHOCHOS\grao_DSC_0336_id9.png,RGB_JPG_CHOCHOS,RGB_JPG_CHOCHOS
C:\Users\eduar\Desktop\Soybe-main\data\com_fundo_filtrado\RGB_JPG_QUEBRADOS\grao_DSC_0169_id34.png,RGB_JPG_QUEBRADOS,RGB_JPG_QUEBRADOS
C:\Users\eduar\Desktop\Soybe-main\data\com_fundo_filtrado\RGB_JPG_QUEBRADOS\grao_DSC_0467_id42.png,RGB_JPG_QUEBRADOS,RGB_JPG_QUEBRADOS
C:\Users\eduar\Desktop\Soybe-main\data\com_fundo_filtrado\RGB_JPG_QUEBRADOS\grao_DSC_0432_id89.png,RGB_JPG_QUEBRADOS,RGB_JPG_QUEBRADOS
C:\Users\eduar\Desktop\Soybe-main\data\com_fundo_filtrado\RGB_JPG_Normais\grao_DSC_0510_id83.png,RGB_JPG_Normais,RGB_JPG_Normais
C:\Users\eduar\Desktop\Soybe-main\data\com_fundo_filtrado\RGB_JPG_Normais\grao_DSC_0612_id34.png,RGB_JPG_Normais,RGB_JPG_Normais
C:\Users\eduar\Desktop\Soybe-main\data\com_fundo_filtrado\RGB_JPG_CHOCHOS\grao_DSC_0340_id72.png,RGB_JPG_CHOCHOS,RGB_JPG_CHOCHOS
C:\Users\eduar\Desktop\Soybe-main\data\com_fundo_filtrado\RGB_JPG_CHOCHOS\grao_DSC_0332_id55.png,RGB_JPG_CHOCHOS,RGB_JPG_CHOCHOS
C:\Users\eduar\Desktop\Soybe-main\data\com_fundo_filtrado\RGB_JPG_INSETOS\grao_DSC_0164_id6.png,RGB_JPG_INSETOS,RGB_JPG_Normais
C:\Users\eduar\Desktop\Soybe-main\data\com_fundo_filtrado\RGB_JPG_Normais\grao_DSC_0668_id60.png,RGB_JPG_Normais,RGB_JPG_Normais
C:\Users\eduar\Desktop\Soybe-main\data\com_fundo_filtrado\RGB_JPG_Normais\grao_DSC_0152_id61.png,RGB_JPG_Normais,RGB_JPG_Normais
C:\Users\eduar\Desktop\Soybe-main\data\com_fundo_filtrado\RGB_JPG_IMPUREZAS\grao_DSC_0226_id83.png,RGB_JPG_IMPUREZAS,RGB_JPG_IMPUREZAS
C:\Users\eduar\Desktop\Soybe-main\data\com_fundo_filtrado\RGB_JPG_Normais\grao_DSC_0157_id11.png,RGB_JPG_Normais,RGB_JPG_Normais
C:\Users\eduar\Desktop\Soybe-main\data\com_fundo_filtrado\RGB_JPG_IMPUREZAS\grao_DSC_0025_id252.png,RGB_JPG_IMPUREZAS,RGB_JPG_IMPUREZAS
C:\Users\eduar\Desktop\Soybe-main\data\com_fundo_filtrado\RGB_JPG_IMPUREZAS\grao_DSC_0296_id111.png,RGB_JPG_IMPUREZAS,RGB_JPG_IMPUREZAS
C:\Users\eduar\Desktop\Soybe-main\data\com_fundo_filtrado\RGB_JPG_QUEBRADOS\grao_DSC_0450_id36.png,RGB_JPG_QUEBRADOS,RGB_JPG_QUEBRADOS
C:\Users\eduar\Desktop\Soybe-main\data\com_fundo_filtrado\RGB_JPG_Normais\grao_DSC_0468_id7.png,RGB_JPG_Normais,RGB_JPG_Normais
C:\Users\eduar\Desktop\Soybe-main\data\com_fundo_filtrado\RGB_JPG_Normais\grao_DSC_0639_id48.png,RGB_JPG_Normais,RGB_JPG_Normais
C:\Users\eduar\Desktop\Soybe-main\data\com_fundo_filtrado\RGB_JPG_Normais\grao_DSC_0663_id45.png,RGB_JPG_Normais,RGB_JPG_Normais
C:\Users\eduar\Desktop\Soybe-main\data\com_fundo_filtrado\RGB_JPG_QUEBRADOS\grao_DSC_0424_id86.png,RGB_JPG_QUEBRADOS,RGB_JPG_QUEBRADOS
C:\Users\eduar\Desktop\Soybe-main\data\com_fundo_filtrado\RGB_JPG_CHOCHOS\grao_DSC_0333_id44.png,RGB_JPG_CHOCHOS,RGB_JPG_CHOCHOS
C:\Users\eduar\Desktop\Soybe-main\data\com_fundo_filtrado\RGB_JPG_QUEBRADOS\grao_DSC_0443_id90.png,RGB_JPG_QUEBRADOS,RGB_JPG_QUEBRADOS
C:\Users\eduar\Desktop\Soybe-main\data\com_fundo_filtrado\RGB_JPG_QUEBRADOS\grao_DSC_0433_id30.png,RGB_JPG_QUEBRADOS,RGB_JPG_QUEBRADOS
C:\Users\eduar\Desktop\Soybe-main\data\com_fundo_filtrado\RGB_JPG_Normais\grao_DSC_0640_id40.png,RGB_JPG_Normais,RGB_JPG_Normais
C:\Users\eduar\Desktop\Soybe-main\data\com_fundo_filtrado\RGB_JPG_Normais\grao_DSC_0483_id44.png,RGB_JPG_Normais,RGB_JPG_Normais
C:\Users\eduar\Desktop\Soybe-main\data\com_fundo_filtrado\RGB_JPG_IMPUREZAS\grao_DSC_0006_id134.png,RGB_JPG_IMPUREZAS,RGB_JPG_IMPUREZAS
C:\Users\eduar\Desktop\Soybe-main\data\com_fundo_filtrado\RGB_JPG_ESVERDEADO\grao_DSC_0311_id84.png,RGB_JPG_ESVERDEADO,RGB_JPG_ESVERDEADO
C:\Users\eduar\Desktop\Soybe-main\data\com_fundo_filtrado\RGB_JPG_CHOCHOS\grao_DSC_0338_id39.png,RGB_JPG_CHOCHOS,RGB_JPG_ESVERDEADO
C:\Users\eduar\Desktop\Soybe-main\data\com_fundo_filtrado\RGB_JPG_IMPUREZAS\grao_DSC_0262_id212.png,RGB_JPG_IMPUREZAS,RGB_JPG_IMPUREZAS
C:\Users\eduar\Desktop\Soybe-main\data\com_fundo_filtrado\RGB_JPG_CHOCHOS\grao_DSC_0349_id54.png,RGB_JPG_CHOCHOS,RGB_JPG_CHOCHOS
C:\Users\eduar\Desktop\Soybe-main\data\com_fundo_filtrado\RGB_JPG_IMPUREZAS\grao_DSC_0004_id80.png,RGB_JPG_IMPUREZAS,RGB_JPG_IMPUREZAS
C:\Users\eduar\Desktop\Soybe-main\data\com_fundo_filtrado\RGB_JPG_IMPUREZAS\grao_DSC_0276_id338.png,RGB_JPG_IMPUREZAS,RGB_JPG_IMPUREZAS
C:\Users\eduar\Desktop\Soybe-main\data\com_fundo_filtrado\RGB_JPG_Normais\grao_DSC_0651_id95.png,RGB_JPG_Normais,RGB_JPG_Normais
C:\Users\eduar\Desktop\Soybe-main\data\com_fundo_filtrado\RGB_JPG_Normais\grao_DSC_0614_id66.png,RGB_JPG_Normais,RGB_JPG_Normais
C:\Users\eduar\Desktop\Soybe-main\data\com_fundo_filtrado\RGB_JPG_IMPUREZAS\grao_DSC_0010_id83.png,RGB_JPG_IMPUREZAS,RGB_JPG_IMPUREZAS
C:\Users\eduar\Desktop\Soybe-main\data\com_fundo_filtrado\RGB_JPG_IMPUREZAS\grao_DSC_0021_id214.png,RGB_JPG_IMPUREZAS,RGB_JPG_IMPUREZAS
C:\Users\eduar\Desktop\Soybe-main\data\com_fundo_filtrado\RGB_JPG_Normais\grao_DSC_0391_id85.png,RGB_JPG_Normais,RGB_JPG_Normais
C:\Users\eduar\Desktop\Soybe-main\data\com_fundo_filtrado\RGB_JPG_CHOCHOS\grao_DSC_0358_id107.png,RGB_JPG_CHOCHOS,RGB_JPG_CHOCHOS
C:\Users\eduar\Desktop\Soybe-main\data\com_fundo_filtrado\RGB_JPG_QUEBRADOS\grao_DSC_0408_id75.png,RGB_JPG_QUEBRADOS,RGB_JPG_QUEBRADOS
C:\Users\eduar\Desktop\Soybe-main\data\com_fundo_filtrado\RGB_JPG_CHOCHOS\grao_DSC_0352_id53.png,RGB_JPG_CHOCHOS,RGB_JPG_CHOCHOS
C:\Users\eduar\Desktop\Soybe-main\data\com_fundo_filtrado\RGB_JPG_Normais\grao_DSC_0645_id25.png,RGB_JPG_Normais,RGB_JPG_Normais
C:\Users\eduar\Desktop\Soybe-main\data\com_fundo_filtrado\RGB_JPG_IMPUREZAS\grao_DSC_0263_id58.png,RGB_JPG_IMPUREZAS,RGB_JPG_IMPUREZAS
C:\Users\eduar\Desktop\Soybe-main\data\com_fundo_filtrado\RGB_JPG_Normais\grao_DSC_0517_id24.png,RGB_JPG_Normais,RGB_JPG_Normais
C:\Users\eduar\Desktop\Soybe-main\data\com_fundo_filtrado\RGB_JPG_Normais\grao_DSC_0370_id48.png,RGB_JPG_Normais,RGB_JPG_Normais
C:\Users\eduar\Desktop\Soybe-main\data\com_fundo_filtrado\RGB_JPG_IMPUREZAS\grao_DSC_0282_id163.png,RGB_JPG_IMPUREZAS,RGB_JPG_IMPUREZAS
C:\Users\eduar\Desktop\Soybe-main\data\com_fundo_filtrado\RGB_JPG_Normais\grao_DSC_0624_id28.png,RGB_JPG_Normais,RGB_JPG_Normais
C:\Users\eduar\Desktop\Soybe-main\data\com_fundo_filtrado\RGB_JPG_IMPUREZAS\grao_DSC_0020_id116.png,RGB_JPG_IMPUREZAS,RGB_JPG_IMPUREZAS
C:\Users\eduar\Desktop\Soybe-main\data\com_fundo_filtrado\RGB_JPG_Normais\grao_DSC_0470_id5.png,RGB_JPG_Normais,RGB_JPG_Normais
C:\Users\eduar\Desktop\Soybe-main\data\com_fundo_filtrado\RGB_JPG_Normais\grao_DSC_0481_id88.png,RGB_JPG_Normais,RGB_JPG_Normais
C:\Users\eduar\Desktop\Soybe-main\data\com_fundo_filtrado\RGB_JPG_Normais\grao_DSC_0381_id74.png,RGB_JPG_Normais,RGB_JPG_Normais
C:\Users\eduar\Desktop\Soybe-main\data\com_fundo_filtrado\RGB_JPG_CHOCHOS\grao_DSC_0364_id45.png,RGB_JPG_CHOCHOS,RGB_JPG_CHOCHOS
C:\Users\eduar\Desktop\Soybe-main\data\com_fundo_filtrado\RGB_JPG_Normais\grao_DSC_0680_id23.png,RGB_JPG_Normais,RGB_JPG_Normais
C:\Users\eduar\Desktop\Soybe-main\data\com_fundo_filtrado\RGB_JPG_CHOCHOS\grao_DSC_0328_id68.png,RGB_JPG_CHOCHOS,RGB_JPG_CHOCHOS
C:\Users\eduar\Desktop\Soybe-main\data\com_fundo_filtrado\RGB_JPG_IMPUREZAS\grao_DSC_0242_id31.png,RGB_JPG_IMPUREZAS,RGB_JPG_IMPUREZAS
C:\Users\eduar\Desktop\Soybe-main\data\com_fundo_filtrado\RGB_JPG_IMPUREZAS\grao_DSC_0274_id132.png,RGB_JPG_IMPUREZAS,RGB_JPG_IMPUREZAS
C:\Users\eduar\Desktop\Soybe-main\data\com_fundo_filtrado\RGB_JPG_QUEBRADOS\grao_DSC_0456_id60.png,RGB_JPG_QUEBRADOS,RGB_JPG_QUEBRADOS
C:\Users\eduar\Desktop\Soybe-main\data\com_fundo_filtrado\RGB_JPG_QUEBRADOS\grao_DSC_0439_id3.png,RGB_JPG_QUEBRADOS,RGB_JPG_QUEBRADOS
C:\Users\eduar\Desktop\Soybe-main\data\com_fundo_filtrado\RGB_JPG_IMPUREZAS\grao_DSC_0274_id3.png,RGB_JPG_IMPUREZAS,RGB_JPG_IMPUREZAS
C:\Users\eduar\Desktop\Soybe-main\data\com_fundo_filtrado\RGB_JPG_Normais\grao_DSC_0470_id65.png,RGB_JPG_Normais,RGB_JPG_Normais
C:\Users\eduar\Desktop\Soybe-main\data\com_fundo_filtrado\RGB_JPG_IMPUREZAS\grao_DSC_0266_id5.png,RGB_JPG_IMPUREZAS,RGB_JPG_IMPUREZAS
C:\Users\eduar\Desktop\Soybe-main\data\com_fundo_filtrado\RGB_JPG_Normais\grao_DSC_0220_id38.png,RGB_JPG_Normais,RGB_JPG_Normais
C:\Users\eduar\Desktop\Soybe-main\data\com_fundo_filtrado\RGB_JPG_Normais\grao_DSC_0654_id83.png,RGB_JPG_Normais,RGB_JPG_Normais
C:\Users\eduar\Desktop\Soybe-main\data\com_fundo_filtrado\RGB_JPG_IMPUREZAS\grao_DSC_0266_id103.png,RGB_JPG_IMPUREZAS,RGB_JPG_IMPUREZAS
C:\Users\eduar\Desktop\Soybe-main\data\com_fundo_filtrado\RGB_JPG_Normais\grao_DSC_0622_id49.png,RGB_JPG_Normais,RGB_JPG_Normais
C:\Users\eduar\Desktop\Soybe-main\data\com_fundo_filtrado\RGB_JPG_IMPUREZAS\grao_DSC_0267_id43.png,RGB_JPG_IMPUREZAS,RGB_JPG_IMPUREZAS
C:\Users\eduar\Desktop\Soybe-main\data\com_fundo_filtrado\RGB_JPG_IMPUREZAS\grao_DSC_0252_id179.png,RGB_JPG_IMPUREZAS,RGB_JPG_IMPUREZAS
C:\Users\eduar\Desktop\Soybe-main\data\com_fundo_filtrado\RGB_JPG_IMPUREZAS\grao_DSC_0253_id195.png,RGB_JPG_IMPUREZAS,RGB_JPG_IMPUREZAS
C:\Users\eduar\Desktop\Soybe-main\data\com_fundo_filtrado\RGB_JPG_IMPUREZAS\grao_DSC_0240_id36.png,RGB_JPG_IMPUREZAS,RGB_JPG_IMPUREZAS
C:\Users\eduar\Desktop\Soybe-main\data\com_fundo_filtrado\RGB_JPG_Normais\grao_DSC_0151_id94.png,RGB_JPG_Normais,RGB_JPG_Normais
C:\Users\eduar\Desktop\Soybe-main\data\com_fundo_filtrado\RGB_JPG_IMPUREZAS\grao_DSC_0242_id3.png,RGB_JPG_IMPUREZAS,RGB_JPG_IMPUREZAS
C:\Users\eduar\Desktop\Soybe-main\data\com_fundo_filtrado\RGB_JPG_QUEBRADOS\grao_DSC_0452_id22.png,RGB_JPG_QUEBRADOS,RGB_JPG_QUEBRADOS
C:\Users\eduar\Desktop\Soybe-main\data\com_fundo_filtrado\RGB_JPG_Normais\grao_DSC_0133_id14.png,RGB_JPG_Normais,RGB_JPG_Normais
C:\Users\eduar\Desktop\Soybe-main\data\com_fundo_filtrado\RGB_JPG_Normais\grao_DSC_0486_id17.png,RGB_JPG_Normais,RGB_JPG_Normais
C:\Users\eduar\Desktop\Soybe-main\data\com_fundo_filtrado\RGB_JPG_Normais\grao_DSC_0510_id39.png,RGB_JPG_Normais,RGB_JPG_Normais
C:\Users\eduar\Desktop\Soybe-main\data\com_fundo_filtrado\RGB_JPG_CHOCHOS\grao_DSC_0364_id90.png,RGB_JPG_CHOCHOS,RGB_JPG_CHOCHOS
C:\Users\eduar\Desktop\Soybe-main\data\com_fundo_filtrado\RGB_JPG_Normais\grao_DSC_0383_id77.png,RGB_JPG_Normais,RGB_JPG_Normais
C:\Users\eduar\Desktop\Soybe-main\data\com_fundo_filtrado\RGB_JPG_IMPUREZAS\grao_DSC_0266_id97.png,RGB_JPG_IMPUREZAS,RGB_JPG_IMPUREZAS
C:\Users\eduar\Desktop\Soybe-main\data\com_fundo_filtrado\RGB_JPG_Normais\grao_DSC_0479_id61.png,RGB_JPG_Normais,RGB_JPG_Normais
C:\Users\eduar\Desktop\Soybe-main\data\com_fundo_filtrado\RGB_JPG_IMPUREZAS\grao_DSC_0029_id4.png,RGB_JPG_IMPUREZAS,RGB_JPG_IMPUREZAS
C:\Users\eduar\Desktop\Soybe-main\data\com_fundo_filtrado\RGB_JPG_Normais\grao_DSC_0512_id70.png,RGB_JPG_Normais,RGB_JPG_Normais
C:\Users\eduar\Desktop\Soybe-main\data\com_fundo_filtrado\RGB_JPG_Normais\grao_DSC_0377_id30.png,RGB_JPG_Normais,RGB_JPG_Normais
C:\Users\eduar\Desktop\Soybe-main\data\com_fundo_filtrado\RGB_JPG_Normais\grao_DSC_0497_id63.png,RGB_JPG_Normais,RGB_JPG_Normais
C:\Users\eduar\Desktop\Soybe-main\data\com_fundo_filtrado\RGB_JPG_Normais\grao_DSC_0671_id20.png,RGB_JPG_Normais,RGB_JPG_Normais
C:\Users\eduar\Desktop\Soybe-main\data\com_fundo_filtrado\RGB_JPG_Normais\grao_DSC_0638_id45.png,RGB_JPG_Normais,RGB_JPG_Normais
C:\Users\eduar\Desktop\Soybe-main\data\com_fundo_filtrado\RGB_JPG_IMPUREZAS\grao_DSC_0242_id391.png,RGB_JPG_IMPUREZAS,RGB_JPG_IMPUREZAS
C:\Users\eduar\Desktop\Soybe-main\data\com_fundo_filtrado\RGB_JPG_Normais\grao_DSC_0215_id53.png,RGB_JPG_Normais,RGB_JPG_Normais
C:\Users\eduar\Desktop\Soybe-main\data\com_fundo_filtrado\RGB_JPG_Normais\grao_DSC_0518_id7.png,RGB_JPG_Normais,RGB_JPG_Normais
C:\Users\eduar\Desktop\Soybe-main\data\com_fundo_filtrado\RGB_JPG_IMPUREZAS\grao_DSC_0027_id145.png,RGB_JPG_IMPUREZAS,RGB_JPG_IMPUREZAS
C:\Users\eduar\Desktop\Soybe-main\data\com_fundo_filtrado\RGB_JPG_Normais\grao_DSC_0154_id113.png,RGB_JPG_Normais,RGB_JPG_Normais
C:\Users\eduar\Desktop\Soybe-main\data\com_fundo_filtrado\RGB_JPG_CHOCHOS\grao_DSC_0167_id58.png,RGB_JPG_CHOCHOS,RGB_JPG_CHOCHOS
C:\Users\eduar\Desktop\Soybe-main\data\com_fundo_filtrado\RGB_JPG_Normais\grao_DSC_0617_id59.png,RGB_JPG_Normais,RGB_JPG_Normais
C:\Users\eduar\Desktop\Soybe-main\data\com_fundo_filtrado\RGB_JPG_IMPUREZAS\grao_DSC_0268_id174.png,RGB_JPG_IMPUREZAS,RGB_JPG_IMPUREZAS
C:\Users\eduar\Desktop\Soybe-main\data\com_fundo_filtrado\RGB_JPG_IMPUREZAS\grao_DSC_0269_id6.png,RGB_JPG_IMPUREZAS,RGB_JPG_IMPUREZAS
C:\Users\eduar\Desktop\Soybe-main\data\com_fundo_filtrado\RGB_JPG_Normais\grao_DSC_0157_id57.png,RGB_JPG_Normais,RGB_JPG_Normais
C:\Users\eduar\Desktop\Soybe-main\data\com_fundo_filtrado\RGB_JPG_QUEBRADOS\grao_DSC_0447_id70.png,RGB_JPG_QUEBRADOS,RGB_JPG_QUEBRADOS
C:\Users\eduar\Desktop\Soybe-main\data\com_fundo_filtrado\RGB_JPG_CHOCHOS\grao_DSC_0167_id92.png,RGB_JPG_CHOCHOS,RGB_JPG_CHOCHOS
C:\Users\eduar\Desktop\Soybe-main\data\com_fundo_filtrado\RGB_JPG_Normais\grao_DSC_0133_id22.png,RGB_JPG_Normais,RGB_JPG_Normais
C:\Users\eduar\Desktop\Soybe-main\data\com_fundo_filtrado\RGB_JPG_Normais\grao_DSC_0493_id29.png,RGB_JPG_Normais,RGB_JPG_Normais
C:\Users\eduar\Desktop\Soybe-main\data\com_fundo_filtrado\RGB_JPG_Normais\grao_DSC_0495_id105.png,RGB_JPG_Normais,RGB_JPG_Normais
C:\Users\eduar\Desktop\Soybe-main\data\com_fundo_filtrado\RGB_JPG_ESVERDEADO\grao_DSC_0309_id3.png,RGB_JPG_ESVERDEADO,RGB_JPG_ESVERDEADO
C:\Users\eduar\Desktop\Soybe-main\data\com_fundo_filtrado\RGB_JPG_QUEBRADOS\grao_DSC_0434_id80.png,RGB_JPG_QUEBRADOS,RGB_JPG_QUEBRADOS
C:\Users\eduar\Desktop\Soybe-main\data\com_fundo_filtrado\RGB_JPG_CHOCHOS\grao_DSC_0319_id50.png,RGB_JPG_CHOCHOS,RGB_JPG_CHOCHOS
C:\Users\eduar\Desktop\Soybe-main\data\com_fundo_filtrado\RGB_JPG_IMPUREZAS\grao_DSC_0016_id85.png,RGB_JPG_IMPUREZAS,RGB_JPG_IMPUREZAS
C:\Users\eduar\Desktop\Soybe-main\data\com_fundo_filtrado\RGB_JPG_CHOCHOS\grao_DSC_0327_id59.png,RGB_JPG_CHOCHOS,RGB_JPG_CHOCHOS
C:\Users\eduar\Desktop\Soybe-main\data\com_fundo_filtrado\RGB_JPG_Normais\grao_DSC_0161_id85.png,RGB_JPG_Normais,RGB_JPG_Normais
C:\Users\eduar\Desktop\Soybe-main\data\com_fundo_filtrado\RGB_JPG_Normais\grao_DSC_0678_id99.png,RGB_JPG_Normais,RGB_JPG_Normais
C:\Users\eduar\Desktop\Soybe-main\data\com_fundo_filtrado\RGB_JPG_ESVERDEADO\grao_DSC_0308_id41.png,RGB_JPG_ESVERDEADO,RGB_JPG_ESVERDEADO
C:\Users\eduar\Desktop\Soybe-main\data\com_fundo_filtrado\RGB_JPG_IMPUREZAS\grao_DSC_0002_id126.png,RGB_JPG_IMPUREZAS,RGB_JPG_IMPUREZAS
C:\Users\eduar\Desktop\Soybe-main\data\com_fundo_filtrado\RGB_JPG_IMPUREZAS\grao_DSC_0040_id65.png,RGB_JPG_IMPUREZAS,RGB_JPG_IMPUREZAS
C:\Users\eduar\Desktop\Soybe-main\data\com_fundo_filtrado\RGB_JPG_IMPUREZAS\grao_DSC_0254_id47.png,RGB_JPG_IMPUREZAS,RGB_JPG_IMPUREZAS
C:\Users\eduar\Desktop\Soybe-main\data\com_fundo_filtrado\RGB_JPG_CHOCHOS\grao_DSC_0353_id50.png,RGB_JPG_CHOCHOS,RGB_JPG_CHOCHOS
C:\Users\eduar\Desktop\Soybe-main\data\com_fundo_filtrado\RGB_JPG_IMPUREZAS\grao_DSC_0250_id58.png,RGB_JPG_IMPUREZAS,RGB_JPG_IMPUREZAS
C:\Users\eduar\Desktop\Soybe-main\data\com_fundo_filtrado\RGB_JPG_Normais\grao_DSC_0382_id83.png,RGB_JPG_Normais,RGB_JPG_Normais
C:\Users\eduar\Desktop\Soybe-main\data\com_fundo_filtrado\RGB_JPG_Normais\grao_DSC_0634_id26.png,RGB_JPG_Normais,RGB_JPG_Normais
C:\Users\eduar\Desktop\Soybe-main\data\com_fundo_filtrado\RGB_JPG_Normais\grao_DSC_0617_id40.png,RGB_JPG_Normais,RGB_JPG_Normais
C:\Users\eduar\Desktop\Soybe-main\data\com_fundo_filtrado\RGB_JPG_Normais\grao_DSC_0476_id54.png,RGB_JPG_Normais,RGB_JPG_Normais
C:\Users\eduar\Desktop\Soybe-main\data\com_fundo_filtrado\RGB_JPG_Normais\grao_DSC_0673_id40.png,RGB_JPG_Normais,RGB_JPG_Normais
C:\Users\eduar\Desktop\Soybe-main\data\com_fundo_filtrado\RGB_JPG_IMPUREZAS\grao_DSC_0283_id68.png,RGB_JPG_IMPUREZAS,RGB_JPG_IMPUREZAS
C:\Users\eduar\Desktop\Soybe-main\data\com_fundo_filtrado\RGB_JPG_Normais\grao_DSC_0388_id2.png,RGB_JPG_Normais,RGB_JPG_QUEBRADOS
C:\Users\eduar\Desktop\Soybe-main\data\com_fundo_filtrado\RGB_JPG_IMPUREZAS\grao_DSC_0027_id212.png,RGB_JPG_IMPUREZAS,RGB_JPG_IMPUREZAS
C:\Users\eduar\Desktop\Soybe-main\data\com_fundo_filtrado\RGB_JPG_IMPUREZAS\grao_DSC_0245_id111.png,RGB_JPG_IMPUREZAS,RGB_JPG_IMPUREZAS
C:\Users\eduar\Desktop\Soybe-main\data\com_fundo_filtrado\RGB_JPG_Normais\grao_DSC_0394_id89.png,RGB_JPG_Normais,RGB_JPG_Normais
C:\Users\eduar\Desktop\Soybe-main\data\com_fundo_filtrado\RGB_JPG_IMPUREZAS\grao_DSC_0270_id194.png,RGB_JPG_IMPUREZAS,RGB_JPG_IMPUREZAS
C:\Users\eduar\Desktop\Soybe-main\data\com_fundo_filtrado\RGB_JPG_Normais\grao_DSC_0517_id73.png,RGB_JPG_Normais,RGB_JPG_Normais
C:\Users\eduar\Desktop\Soybe-main\data\com_fundo_filtrado\RGB_JPG_Normais\grao_DSC_0134_id50.png,RGB_JPG_Normais,RGB_JPG_Normais
C:\Users\eduar\Desktop\Soybe-main\data\com_fundo_filtrado\RGB_JPG_IMPUREZAS\grao_DSC_0288_id251.png,RGB_JPG_IMPUREZAS,RGB_JPG_IMPUREZAS
C:\Users\eduar\Desktop\Soybe-main\data\com_fundo_filtrado\RGB_JPG_Normais\grao_DSC_0674_id1.png,RGB_JPG_Normais,RGB_JPG_Normais
C:\Users\eduar\Desktop\Soybe-main\data\com_fundo_filtrado\RGB_JPG_CHOCHOS\grao_DSC_0325_id100.png,RGB_JPG_CHOCHOS,RGB_JPG_CHOCHOS
C:\Users\eduar\Desktop\Soybe-main\data\com_fundo_filtrado\RGB_JPG_IMPUREZAS\grao_DSC_0017_id210.png,RGB_JPG_IMPUREZAS,RGB_JPG_IMPUREZAS
C:\Users\eduar\Desktop\Soybe-main\data\com_fundo_filtrado\RGB_JPG_Normais\grao_DSC_0385_id89.png,RGB_JPG_Normais,RGB_JPG_Normais
C:\Users\eduar\Desktop\Soybe-main\data\com_fundo_filtrado\RGB_JPG_IMPUREZAS\grao_DSC_0238_id6.png,RGB_JPG_IMPUREZAS,RGB_JPG_IMPUREZAS
C:\Users\eduar\Desktop\Soybe-main\data\com_fundo_filtrado\RGB_JPG_Normais\grao_DSC_0629_id37.png,RGB_JPG_Normais,RGB_JPG_Normais
C:\Users\eduar\Desktop\Soybe-main\data\com_fundo_filtrado\RGB_JPG_Normais\grao_DSC_0641_id97.png,RGB_JPG_Normais,RGB_JPG_Normais
C:\Users\eduar\Desktop\Soybe-main\data\com_fundo_filtrado\RGB_JPG_Normais\grao_DSC_0650_id99.png,RGB_JPG_Normais,RGB_JPG_Normais
C:\Users\eduar\Desktop\Soybe-main\data\com_fundo_filtrado\RGB_JPG_Normais\grao_DSC_0519_id21.png,RGB_JPG_Normais,RGB_JPG_Normais
C:\Users\eduar\Desktop\Soybe-main\data\com_fundo_filtrado\RGB_JPG_Normais\grao_DSC_0632_id63.png,RGB_JPG_Normais,RGB_JPG_Normais
C:\Users\eduar\Desktop\Soybe-main\data\com_fundo_filtrado\RGB_JPG_IMPUREZAS\grao_DSC_0236_id5.png,RGB_JPG_IMPUREZAS,RGB_JPG_IMPUREZAS
C:\Users\eduar\Desktop\Soybe-main\data\com_fundo_filtrado\RGB_JPG_IMPUREZAS\grao_DSC_0230_id250.png,RGB_JPG_IMPUREZAS,RGB_JPG_IMPUREZAS
C:\Users\eduar\Desktop\Soybe-main\data\com_fundo_filtrado\RGB_JPG_QUEBRADOS\grao_DSC_0459_id93.png,RGB_JPG_QUEBRADOS,RGB_JPG_QUEBRADOS
C:\Users\eduar\Desktop\Soybe-main\data\com_fundo_filtrado\RGB_JPG_IMPUREZAS\grao_DSC_0039_id1.png,RGB_JPG_IMPUREZAS,RGB_JPG_IMPUREZAS
C:\Users\eduar\Desktop\Soybe-main\data\com_fundo_filtrado\RGB_JPG_Normais\grao_DSC_0386_id110.png,RGB_JPG_Normais,RGB_JPG_Normais
C:\Users\eduar\Desktop\Soybe-main\data\com_fundo_filtrado\RGB_JPG_IMPUREZAS\grao_DSC_0272_id95.png,RGB_JPG_IMPUREZAS,RGB_JPG_IMPUREZAS
C:\Users\eduar\Desktop\Soybe-main\data\com_fundo_filtrado\RGB_JPG_Normais\grao_DSC_0161_id43.png,RGB_JPG_Normais,RGB_JPG_Normais
C:\Users\eduar\Desktop\Soybe-main\data\com_fundo_filtrado\RGB_JPG_CHOCHOS\grao_DSC_0340_id76.png,RGB_JPG_CHOCHOS,RGB_JPG_CHOCHOS
C:\Users\eduar\Desktop\Soybe-main\data\com_fundo_filtrado\RGB_JPG_Normais\grao_DSC_0668_id37.png,RGB_JPG_Normais,RGB_JPG_Normais
C:\Users\eduar\Desktop\Soybe-main\data\com_fundo_filtrado\RGB_JPG_IMPUREZAS\grao_DSC_0294_id120.png,RGB_JPG_IMPUREZAS,RGB_JPG_IMPUREZAS
C:\Users\eduar\Desktop\Soybe-main\data\com_fundo_filtrado\RGB_JPG_IMPUREZAS\grao_DSC_0257_id247.png,RGB_JPG_IMPUREZAS,RGB_JPG_IMPUREZAS
C:\Users\eduar\Desktop\Soybe-main\data\com_fundo_filtrado\RGB_JPG_Normais\grao_DSC_0489_id64.png,RGB_JPG_Normais,RGB_JPG_Normais
C:\Users\eduar\Desktop\Soybe-main\data\com_fundo_filtrado\RGB_JPG_IMPUREZAS\grao_DSC_0242_id209.png,RGB_JPG_IMPUREZAS,RGB_JPG_IMPUREZAS
C:\Users\eduar\Desktop\Soybe-main\data\com_fundo_filtrado\RGB_JPG_IMPUREZAS\grao_DSC_0287_id10.png,RGB_JPG_IMPUREZAS,RGB_JPG_IMPUREZAS
C:\Users\eduar\Desktop\Soybe-main\data\com_fundo_filtrado\RGB_JPG_CHOCHOS\grao_DSC_0317_id18.png,RGB_JPG_CHOCHOS,RGB_JPG_CHOCHOS
C:\Users\eduar\Desktop\Soybe-main\data\com_fundo_filtrado\RGB_JPG_IMPUREZAS\grao_DSC_0031_id84.png,RGB_JPG_IMPUREZAS,RGB_JPG_IMPUREZAS
C:\Users\eduar\Desktop\Soybe-main\data\com_fundo_filtrado\RGB_JPG_IMPUREZAS\grao_DSC_0254_id180.png,RGB_JPG_IMPUREZAS,RGB_JPG_IMPUREZAS
C:\Users\eduar\Desktop\Soybe-main\data\com_fundo_filtrado\RGB_JPG_QUEBRADOS\grao_DSC_0436_id70.png,RGB_JPG_QUEBRADOS,RGB_JPG_QUEBRADOS
C:\Users\eduar\Desktop\Soybe-main\data\com_fundo_filtrado\RGB_JPG_IMPUREZAS\grao_DSC_0239_id134.png,RGB_JPG_IMPUREZAS,RGB_JPG_IMPUREZAS
C:\Users\eduar\Desktop\Soybe-main\data\com_fundo_filtrado\RGB_JPG_Normais\grao_DSC_0478_id67.png,RGB_JPG_Normais,RGB_JPG_Normais
C:\Users\eduar\Desktop\Soybe-main\data\com_fundo_filtrado\RGB_JPG_Normais\grao_DSC_0630_id48.png,RGB_JPG_Normais,RGB_JPG_Normais
C:\Users\eduar\Desktop\Soybe-main\data\com_fundo_filtrado\RGB_JPG_Normais\grao_DSC_0385_id99.png,RGB_JPG_Normais,RGB_JPG_Normais
C:\Users\eduar\Desktop\Soybe-main\data\com_fundo_filtrado\RGB_JPG_Normais\grao_DSC_0513_id55.png,RGB_JPG_Normais,RGB_JPG_Normais
C:\Users\eduar\Desktop\Soybe-main\data\com_fundo_filtrado\RGB_JPG_Normais\grao_DSC_0658_id81.png,RGB_JPG_Normais,RGB_JPG_Normais
C:\Users\eduar\Desktop\Soybe-main\data\com_fundo_filtrado\RGB_JPG_IMPUREZAS\grao_DSC_0036_id271.png,RGB_JPG_IMPUREZAS,RGB_JPG_IMPUREZAS
C:\Users\eduar\Desktop\Soybe-main\data\com_fundo_filtrado\RGB_JPG_IMPUREZAS\grao_DSC_0279_id220.png,RGB_JPG_IMPUREZAS,RGB_JPG_IMPUREZAS
C:\Users\eduar\Desktop\Soybe-main\data\com_fundo_filtrado\RGB_JPG_Normais\grao_DSC_0608_id64.png,RGB_JPG_Normais,RGB_JPG_Normais
C:\Users\eduar\Desktop\Soybe-main\data\com_fundo_filtrado\RGB_JPG_IMPUREZAS\grao_DSC_0225_id71.png,RGB_JPG_IMPUREZAS,RGB_JPG_IMPUREZAS
C:\Users\eduar\Desktop\Soybe-main\data\com_fundo_filtrado\RGB_JPG_CHOCHOS\grao_DSC_0346_id11.png,RGB_JPG_CHOCHOS,RGB_JPG_CHOCHOS
C:\Users\eduar\Desktop\Soybe-main\data\com_fundo_filtrado\RGB_JPG_QUEBRADOS\grao_DSC_0449_id78.png,RGB_JPG_QUEBRADOS,RGB_JPG_QUEBRADOS
C:\Users\eduar\Desktop\Soybe-main\data\com_fundo_filtrado\RGB_JPG_IMPUREZAS\grao_DSC_0269_id69.png,RGB_JPG_IMPUREZAS,RGB_JPG_IMPUREZAS
C:\Users\eduar\Desktop\Soybe-main\data\com_fundo_filtrado\RGB_JPG_IMPUREZAS\grao_DSC_0273_id93.png,RGB_JPG_IMPUREZAS,RGB_JPG_IMPUREZAS
C:\Users\eduar\Desktop\Soybe-main\data\com_fundo_filtrado\RGB_JPG_QUEBRADOS\grao_DSC_0464_id5.png,RGB_JPG_QUEBRADOS,RGB_JPG_QUEBRADOS
C:\Users\eduar\Desktop\Soybe-main\data\com_fundo_filtrado\RGB_JPG_IMPUREZAS\grao_DSC_0279_id245.png,RGB_JPG_IMPUREZAS,RGB_JPG_IMPUREZAS
C:\Users\eduar\Desktop\Soybe-main\data\com_fundo_filtrado\RGB_JPG_IMPUREZAS\grao_DSC_0009_id78.png,RGB_JPG_IMPUREZAS,RGB_JPG_IMPUREZAS
C:\Users\eduar\Desktop\Soybe-main\data\com_fundo_filtrado\RGB_JPG_IMPUREZAS\grao_DSC_0290_id26.png,RGB_JPG_IMPUREZAS,RGB_JPG_IMPUREZAS
C:\Users\eduar\Desktop\Soybe-main\data\com_fundo_filtrado\RGB_JPG_QUEBRADOS\grao_DSC_0407_id31.png,RGB_JPG_QUEBRADOS,RGB_JPG_QUEBRADOS
C:\Users\eduar\Desktop\Soybe-main\data\com_fundo_filtrado\RGB_JPG_IMPUREZAS\grao_DSC_0270_id100.png,RGB_JPG_IMPUREZAS,RGB_JPG_IMPUREZAS
C:\Users\eduar\Desktop\Soybe-main\data\com_fundo_filtrado\RGB_JPG_Normais\grao_DSC_0380_id75.png,RGB_JPG_Normais,RGB_JPG_Normais
C:\Users\eduar\Desktop\Soybe-main\data\com_fundo_filtrado\RGB_JPG_QUEBRADOS\grao_DSC_0403_id75.png,RGB_JPG_QUEBRADOS,RGB_JPG_QUEBRADOS
C:\Users\eduar\Desktop\Soybe-main\data\com_fundo_filtrado\RGB_JPG_Normais\grao_DSC_0503_id3.png,RGB_JPG_Normais,RGB_JPG_Normais
C:\Users\eduar\Desktop\Soybe-main\data\com_fundo_filtrado\RGB_JPG_CHOCHOS\grao_DSC_0319_id32.png,RGB_JPG_CHOCHOS,RGB_JPG_CHOCHOS
C:\Users\eduar\Desktop\Soybe-main\data\com_fundo_filtrado\RGB_JPG_IMPUREZAS\grao_DSC_0027_id223.png,RGB_JPG_IMPUREZAS,RGB_JPG_IMPUREZAS
C:\Users\eduar\Desktop\Soybe-main\data\com_fundo_filtrado\RGB_JPG_IMPUREZAS\grao_DSC_0253_id191.png,RGB_JPG_IMPUREZAS,RGB_JPG_IMPUREZAS
C:\Users\eduar\Desktop\Soybe-main\data\com_fundo_filtrado\RGB_JPG_Normais\grao_DSC_0392_id38.png,RGB_JPG_Normais,RGB_JPG_Normais
C:\Users\eduar\Desktop\Soybe-main\data\com_fundo_filtrado\RGB_JPG_ESVERDEADO\grao_DSC_0309_id45.png,RGB_JPG_ESVERDEADO,RGB_JPG_ESVERDEADO
C:\Users\eduar\Desktop\Soybe-main\data\com_fundo_filtrado\RGB_JPG_IMPUREZAS\grao_DSC_0006_id116.png,RGB_JPG_IMPUREZAS,RGB_JPG_IMPUREZAS
C:\Users\eduar\Desktop\Soybe-main\data\com_fundo_filtrado\RGB_JPG_QUEBRADOS\grao_DSC_0403_id30.png,RGB_JPG_QUEBRADOS,RGB_JPG_QUEBRADOS
C:\Users\eduar\Desktop\Soybe-main\data\com_fundo_filtrado\RGB_JPG_IMPUREZAS\grao_DSC_0041_id106.png,RGB_JPG_IMPUREZAS,RGB_JPG_IMPUREZAS
C:\Users\eduar\Desktop\Soybe-main\data\com_fundo_filtrado\RGB_JPG_CHOCHOS\grao_DSC_0364_id135.png,RGB_JPG_CHOCHOS,RGB_JPG_CHOCHOS
C:\Users\eduar\Desktop\Soybe-main\data\com_fundo_filtrado\RGB_JPG_Normais\grao_DSC_0370_id16.png,RGB_JPG_Normais,RGB_JPG_Normais
C:\Users\eduar\Desktop\Soybe-main\data\com_fundo_filtrado\RGB_JPG_QUEBRADOS\grao_DSC_0441_id3.png,RGB_JPG_QUEBRADOS,RGB_JPG_QUEBRADOS
C:\Users\eduar\Desktop\Soybe-main\data\com_fundo_filtrado\RGB_JPG_Normais\grao_DSC_0631_id33.png,RGB_JPG_Normais,RGB_JPG_Normais
C:\Users\eduar\Desktop\Soybe-main\data\com_fundo_filtrado\RGB_JPG_IMPUREZAS\grao_DSC_0245_id213.png,RGB_JPG_IMPUREZAS,RGB_JPG_IMPUREZAS
C:\Users\eduar\Desktop\Soybe-main\data\com_fundo_filtrado\RGB_JPG_IMPUREZAS\grao_DSC_0015_id82.png,RGB_JPG_IMPUREZAS,RGB_JPG_IMPUREZAS
C:\Users\eduar\Desktop\Soybe-main\data\com_fundo_filtrado\RGB_JPG_IMPUREZAS\grao_DSC_0290_id218.png,RGB_JPG_IMPUREZAS,RGB_JPG_IMPUREZAS
C:\Users\eduar\Desktop\Soybe-main\data\com_fundo_filtrado\RGB_JPG_IMPUREZAS\grao_DSC_0237_id170.png,RGB_JPG_IMPUREZAS,RGB_JPG_IMPUREZAS
C:\Users\eduar\Desktop\Soybe-main\data\com_fundo_filtrado\RGB_JPG_IMPUREZAS\grao_DSC_0265_id81.png,RGB_JPG_IMPUREZAS,RGB_JPG_IMPUREZAS
C:\Users\eduar\Desktop\Soybe-main\data\com_fundo_filtrado\RGB_JPG_Normais\grao_DSC_0369_id32.png,RGB_JPG_Normais,RGB_JPG_Normais
C:\Users\eduar\Desktop\Soybe-main\data\com_fundo_filtrado\RGB_JPG_QUEBRADOS\grao_DSC_0418_id1.png,RGB_JPG_QUEBRADOS,RGB_JPG_QUEBRADOS
C:\Users\eduar\Desktop\Soybe-main\data\com_fundo_filtrado\RGB_JPG_QUEBRADOS\grao_DSC_0459_id39.png,RGB_JPG_QUEBRADOS,RGB_JPG_QUEBRADOS
C:\Users\eduar\Desktop\Soybe-main\data\com_fundo_filtrado\RGB_JPG_QUEBRADOS\grao_DSC_0428_id35.png,RGB_JPG_QUEBRADOS,RGB_JPG_QUEBRADOS
C:\Users\eduar\Desktop\Soybe-main\data\com_fundo_filtrado\RGB_JPG_CHOCHOS\grao_DSC_0347_id20.png,RGB_JPG_CHOCHOS,RGB_JPG_CHOCHOS
C:\Users\eduar\Desktop\Soybe-main\data\com_fundo_filtrado\RGB_JPG_CHOCHOS\grao_DSC_0333_id85.png,RGB_JPG_CHOCHOS,RGB_JPG_CHOCHOS
C:\Users\eduar\Desktop\Soybe-main\data\com_fundo_filtrado\RGB_JPG_IMPUREZAS\grao_DSC_0286_id147.png,RGB_JPG_IMPUREZAS,RGB_JPG_IMPUREZAS
C:\Users\eduar\Desktop\Soybe-main\data\com_fundo_filtrado\RGB_JPG_Normais\grao_DSC_0614_id13.png,RGB_JPG_Normais,RGB_JPG_Normais
C:\Users\eduar\Desktop\Soybe-main\data\com_fundo_filtrado\RGB_JPG_Normais\grao_DSC_0615_id68.png,RGB_JPG_Normais,RGB_JPG_Normais
C:\Users\eduar\Desktop\Soybe-main\data\com_fundo_filtrado\RGB_JPG_Normais\grao_DSC_0613_id99.png,RGB_JPG_Normais,RGB_JPG_Normais
C:\Users\eduar\Desktop\Soybe-main\data\com_fundo_filtrado\RGB_JPG_Normais\grao_DSC_0481_id52.png,RGB_JPG_Normais,RGB_JPG_Normais
C:\Users\eduar\Desktop\Soybe-main\data\com_fundo_filtrado\RGB_JPG_Normais\grao_DSC_0663_id37.png,RGB_JPG_Normais,RGB_JPG_Normais
C:\Users\eduar\Desktop\Soybe-main\data\com_fundo_filtrado\RGB_JPG_Normais\grao_DSC_0371_id76.png,RGB_JPG_Normais,RGB_JPG_Normais
C:\Users\eduar\Desktop\Soybe-main\data\com_fundo_filtrado\RGB_JPG_Normais\grao_DSC_0499_id26.png,RGB_JPG_Normais,RGB_JPG_Normais
C:\Users\eduar\Desktop\Soybe-main\data\com_fundo_filtrado\RGB_JPG_QUEBRADOS\grao_DSC_0454_id14.png,RGB_JPG_QUEBRADOS,RGB_JPG_QUEBRADOS
C:\Users\eduar\Desktop\Soybe-main\data\com_fundo_filtrado\RGB_JPG_QUEBRADOS\grao_DSC_0444_id44.png,RGB_JPG_QUEBRADOS,RGB_JPG_QUEBRADOS
C:\Users\eduar\Desktop\Soybe-main\data\com_fundo_filtrado\RGB_JPG_Normais\grao_DSC_0369_id116.png,RGB_JPG_Normais,RGB_JPG_Normais
C:\Users\eduar\Desktop\Soybe-main\data\com_fundo_filtrado\RGB_JPG_CHOCHOS\grao_DSC_0329_id27.png,RGB_JPG_CHOCHOS,RGB_JPG_Normais
C:\Users\eduar\Desktop\Soybe-main\data\com_fundo_filtrado\RGB_JPG_IMPUREZAS\grao_DSC_0243_id49.png,RGB_JPG_IMPUREZAS,RGB_JPG_IMPUREZAS
C:\Users\eduar\Desktop\Soybe-main\data\com_fundo_filtrado\RGB_JPG_Normais\grao_DSC_0136_id61.png,RGB_JPG_Normais,RGB_JPG_Normais
C:\Users\eduar\Desktop\Soybe-main\data\com_fundo_filtrado\RGB_JPG_CHOCHOS\grao_DSC_0319_id115.png,RGB_JPG_CHOCHOS,RGB_JPG_CHOCHOS
C:\Users\eduar\Desktop\Soybe-main\data\com_fundo_filtrado\RGB_JPG_CHOCHOS\grao_DSC_0355_id100.png,RGB_JPG_CHOCHOS,RGB_JPG_CHOCHOS
C:\Users\eduar\Desktop\Soybe-main\data\com_fundo_filtrado\RGB_JPG_CHOCHOS\grao_DSC_0355_id36.png,RGB_JPG_CHOCHOS,RGB_JPG_CHOCHOS
C:\Users\eduar\Desktop\Soybe-main\data\com_fundo_filtrado\RGB_JPG_CHOCHOS\grao_DSC_0337_id88.png,RGB_JPG_CHOCHOS,RGB_JPG_CHOCHOS
C:\Users\eduar\Desktop\Soybe-main\data\com_fundo_filtrado\RGB_JPG_Normais\grao_DSC_0157_id2.png,RGB_JPG_Normais,RGB_JPG_Normais
C:\Users\eduar\Desktop\Soybe-main\data\com_fundo_filtrado\RGB_JPG_IMPUREZAS\grao_DSC_0290_id52.png,RGB_JPG_IMPUREZAS,RGB_JPG_IMPUREZAS
C:\Users\eduar\Desktop\Soybe-main\data\com_fundo_filtrado\RGB_JPG_Normais\grao_DSC_0216_id31.png,RGB_JPG_Normais,RGB_JPG_Normais
C:\Users\eduar\Desktop\Soybe-main\data\com_fundo_filtrado\RGB_JPG_Normais\grao_DSC_0517_id4.png,RGB_JPG_Normais,RGB_JPG_Normais
C:\Users\eduar\Desktop\Soybe-main\data\com_fundo_filtrado\RGB_JPG_IMPUREZAS\grao_DSC_0293_id385.png,RGB_JPG_IMPUREZAS,RGB_JPG_IMPUREZAS
C:\Users\eduar\Desktop\Soybe-main\data\com_fundo_filtrado\RGB_JPG_Normais\grao_DSC_0675_id34.png,RGB_JPG_Normais,RGB_JPG_Normais
C:\Users\eduar\Desktop\Soybe-main\data\com_fundo_filtrado\RGB_JPG_Normais\grao_DSC_0493_id88.png,RGB_JPG_Normais,RGB_JPG_Normais
C:\Users\eduar\Desktop\Soybe-main\data\com_fundo_filtrado\RGB_JPG_Normais\grao_DSC_0365_id111.png,RGB_JPG_Normais,RGB_JPG_Normais
C:\Users\eduar\Desktop\Soybe-main\data\com_fundo_filtrado\RGB_JPG_IMPUREZAS\grao_DSC_0283_id200.png,RGB_JPG_IMPUREZAS,RGB_JPG_IMPUREZAS
C:\Users\eduar\Desktop\Soybe-main\data\com_fundo_filtrado\RGB_JPG_Normais\grao_DSC_0636_id54.png,RGB_JPG_Normais,RGB_JPG_Normais
C:\Users\eduar\Desktop\Soybe-main\data\com_fundo_filtrado\RGB_JPG_Normais\grao_DSC_0383_id95.png,RGB_JPG_Normais,RGB_JPG_Normais
C:\Users\eduar\Desktop\Soybe-main\data\com_fundo_filtrado\RGB_JPG_Normais\grao_DSC_0629_id39.png,RGB_JPG_Normais,RGB_JPG_Normais
C:\Users\eduar\Desktop\Soybe-main\data\com_fundo_filtrado\RGB_JPG_Normais\grao_DSC_0498_id33.png,RGB_JPG_Normais,RGB_JPG_Normais
C:\Users\eduar\Desktop\Soybe-main\data\com_fundo_filtrado\RGB_JPG_CHOCHOS\grao_DSC_0335_id9.png,RGB_JPG_CHOCHOS,RGB_JPG_CHOCHOS
C:\Users\eduar\Desktop\Soybe-main\data\com_fundo_filtrado\RGB_JPG_Normais\grao_DSC_0472_id32.png,RGB_JPG_Normais,RGB_JPG_Normais
C:\Users\eduar\Desktop\Soybe-main\data\com_fundo_filtrado\RGB_JPG_IMPUREZAS\grao_DSC_0224_id91.png,RGB_JPG_IMPUREZAS,RGB_JPG_IMPUREZAS
C:\Users\eduar\Desktop\Soybe-main\data\com_fundo_filtrado\RGB_JPG_Normais\grao_DSC_0494_id60.png,RGB_JPG_Normais,RGB_JPG_Normais
C:\Users\eduar\Desktop\Soybe-main\data\com_fundo_filtrado\RGB_JPG_IMPUREZAS\grao_DSC_0272_id107.png,RGB_JPG_IMPUREZAS,RGB_JPG_IMPUREZAS
C:\Users\eduar\Desktop\Soybe-main\data\com_fundo_filtrado\RGB_JPG_QUEBRADOS\grao_DSC_0460_id91.png,RGB_JPG_QUEBRADOS,RGB_JPG_QUEBRADOS
C:\Users\eduar\Desktop\Soybe-main\data\com_fundo_filtrado\RGB_JPG_CHOCHOS\grao_DSC_0356_id61.png,RGB_JPG_CHOCHOS,RGB_JPG_CHOCHOS
C:\Users\eduar\Desktop\Soybe-main\data\com_fundo_filtrado\RGB_JPG_Normais\grao_DSC_0520_id22.png,RGB_JPG_Normais,RGB_JPG_Normais
C:\Users\eduar\Desktop\Soybe-main\data\com_fundo_filtrado\RGB_JPG_Normais\grao_DSC_0140_id7.png,RGB_JPG_Normais,RGB_JPG_Normais
C:\Users\eduar\Desktop\Soybe-main\data\com_fundo_filtrado\RGB_JPG_CHOCHOS\grao_DSC_0346_id68.png,RGB_JPG_CHOCHOS,RGB_JPG_CHOCHOS
C:\Users\eduar\Desktop\Soybe-main\data\com_fundo_filtrado\RGB_JPG_IMPUREZAS\grao_DSC_0026_id65.png,RGB_JPG_IMPUREZAS,RGB_JPG_IMPUREZAS
C:\Users\eduar\Desktop\Soybe-main\data\com_fundo_filtrado\RGB_JPG_Normais\grao_DSC_0621_id28.png,RGB_JPG_Normais,RGB_JPG_Normais
C:\Users\eduar\Desktop\Soybe-main\data\com_fundo_filtrado\RGB_JPG_Normais\grao_DSC_0662_id50.png,RGB_JPG_Normais,RGB_JPG_Normais
C:\Users\eduar\Desktop\Soybe-main\data\com_fundo_filtrado\RGB_JPG_Normais\grao_DSC_0470_id29.png,RGB_JPG_Normais,RGB_JPG_Normais
C:\Users\eduar\Desktop\Soybe-main\data\com_fundo_filtrado\RGB_JPG_Normais\grao_DSC_0657_id22.png,RGB_JPG_Normais,RGB_JPG_Normais
C:\Users\eduar\Desktop\Soybe-main\data\com_fundo_filtrado\RGB_JPG_IMPUREZAS\grao_DSC_0025_id34.png,RGB_JPG_IMPUREZAS,RGB_JPG_IMPUREZAS
C:\Users\eduar\Desktop\Soybe-main\data\com_fundo_filtrado\RGB_JPG_CHOCHOS\grao_DSC_0346_id75.png,RGB_JPG_CHOCHOS,RGB_JPG_CHOCHOS
C:\Users\eduar\Desktop\Soybe-main\data\com_fundo_filtrado\RGB_JPG_IMPUREZAS\grao_DSC_0002_id199.png,RGB_JPG_IMPUREZAS,RGB_JPG_IMPUREZAS
C:\Users\eduar\Desktop\Soybe-main\data\com_fundo_filtrado\RGB_JPG_Normais\grao_DSC_0481_id36.png,RGB_JPG_Normais,RGB_JPG_Normais
C:\Users\eduar\Desktop\Soybe-main\data\com_fundo_filtrado\RGB_JPG_Normais\grao_DSC_0517_id99.png,RGB_JPG_Normais,RGB_JPG_Normais
C:\Users\eduar\Desktop\Soybe-main\data\com_fundo_filtrado\RGB_JPG_Normais\grao_DSC_0631_id81.png,RGB_JPG_Normais,RGB_JPG_Normais
C:\Users\eduar\Desktop\Soybe-main\data\com_fundo_filtrado\RGB_JPG_Normais\grao_DSC_0490_id46.png,RGB_JPG_Normais,RGB_JPG_Normais
C:\Users\eduar\Desktop\Soybe-main\data\com_fundo_filtrado\RGB_JPG_Normais\grao_DSC_0668_id14.png,RGB_JPG_Normais,RGB_JPG_Normais
C:\Users\eduar\Desktop\Soybe-main\data\com_fundo_filtrado\RGB_JPG_Normais\grao_DSC_0494_id18.png,RGB_JPG_Normais,RGB_JPG_Normais
C:\Users\eduar\Desktop\Soybe-main\data\com_fundo_filtrado\RGB_JPG_QUEBRADOS\grao_DSC_0448_id80.png,RGB_JPG_QUEBRADOS,RGB_JPG_QUEBRADOS
C:\Users\eduar\Desktop\Soybe-main\data\com_fundo_filtrado\RGB_JPG_CHOCHOS\grao_DSC_0329_id64.png,RGB_JPG_CHOCHOS,RGB_JPG_CHOCHOS
C:\Users\eduar\Desktop\Soybe-main\data\com_fundo_filtrado\RGB_JPG_ESVERDEADO\grao_DSC_0307_id102.png,RGB_JPG_ESVERDEADO,RGB_JPG_ESVERDEADO
C:\Users\eduar\Desktop\Soybe-main\data\com_fundo_filtrado\RGB_JPG_IMPUREZAS\grao_DSC_0265_id97.png,RGB_JPG_IMPUREZAS,RGB_JPG_IMPUREZAS
C:\Users\eduar\Desktop\Soybe-main\data\com_fundo_filtrado\RGB_JPG_Normais\grao_DSC_0365_id15.png,RGB_JPG_Normais,RGB_JPG_Normais
C:\Users\eduar\Desktop\Soybe-main\data\com_fundo_filtrado\RGB_JPG_Normais\grao_DSC_0367_id17.png,RGB_JPG_Normais,RGB_JPG_ESVERDEADO
C:\Users\eduar\Desktop\Soybe-main\data\com_fundo_filtrado\RGB_JPG_Normais\grao_DSC_0671_id84.png,RGB_JPG_Normais,RGB_JPG_Normais
C:\Users\eduar\Desktop\Soybe-main\data\com_fundo_filtrado\RGB_JPG_Normais\grao_DSC_0396_id30.png,RGB_JPG_Normais,RGB_JPG_Normais
C:\Users\eduar\Desktop\Soybe-main\data\com_fundo_filtrado\RGB_JPG_QUEBRADOS\grao_DSC_0432_id35.png,RGB_JPG_QUEBRADOS,RGB_JPG_QUEBRADOS
C:\Users\eduar\Desktop\Soybe-main\data\com_fundo_filtrado\RGB_JPG_IMPUREZAS\grao_DSC_0290_id158.png,RGB_JPG_IMPUREZAS,RGB_JPG_IMPUREZAS
C:\Users\eduar\Desktop\Soybe-main\data\com_fundo_filtrado\RGB_JPG_Normais\grao_DSC_0383_id11.png,RGB_JPG_Normais,RGB_JPG_Normais
C:\Users\eduar\Desktop\Soybe-main\data\com_fundo_filtrado\RGB_JPG_Normais\grao_DSC_0369_id75.png,RGB_JPG_Normais,RGB_JPG_Normais
C:\Users\eduar\Desktop\Soybe-main\data\com_fundo_filtrado\RGB_JPG_IMPUREZAS\grao_DSC_0276_id92.png,RGB_JPG_IMPUREZAS,RGB_JPG_IMPUREZAS
C:\Users\eduar\Desktop\Soybe-main\data\com_fundo_filtrado\RGB_JPG_Normais\grao_DSC_0676_id12.png,RGB_JPG_Normais,RGB_JPG_Normais
C:\Users\eduar\Desktop\Soybe-main\data\com_fundo_filtrado\RGB_JPG_CHOCHOS\grao_DSC_0342_id52.png,RGB_JPG_CHOCHOS,RGB_JPG_CHOCHOS
C:\Users\eduar\Desktop\Soybe-main\data\com_fundo_filtrado\RGB_JPG_QUEBRADOS\grao_DSC_0415_id56.png,RGB_JPG_QUEBRADOS,RGB_JPG_QUEBRADOS
C:\Users\eduar\Desktop\Soybe-main\data\com_fundo_filtrado\RGB_JPG_CHOCHOS\grao_DSC_0328_id58.png,RGB_JPG_CHOCHOS,RGB_JPG_CHOCHOS
C:\Users\eduar\Desktop\Soybe-main\data\com_fundo_filtrado\RGB_JPG_Normais\grao_DSC_0615_id9.png,RGB_JPG_Normais,RGB_JPG_Normais
C:\Users\eduar\Desktop\Soybe-main\data\com_fundo_filtrado\RGB_JPG_Normais\grao_DSC_0654_id51.png,RGB_JPG_Normais,RGB_JPG_Normais
C:\Users\eduar\Desktop\Soybe-main\data\com_fundo_filtrado\RGB_JPG_QUEBRADOS\grao_DSC_0420_id103.png,RGB_JPG_QUEBRADOS,RGB_JPG_QUEBRADOS
C:\Users\eduar\Desktop\Soybe-main\data\com_fundo_filtrado\RGB_JPG_QUEBRADOS\grao_DSC_0420_id18.png,RGB_JPG_QUEBRADOS,RGB_JPG_QUEBRADOS
C:\Users\eduar\Desktop\Soybe-main\data\com_fundo_filtrado\RGB_JPG_IMPUREZAS\grao_DSC_0016_id68.png,RGB_JPG_IMPUREZAS,RGB_JPG_IMPUREZAS
C:\Users\eduar\Desktop\Soybe-main\data\com_fundo_filtrado\RGB_JPG_Normais\grao_DSC_0160_id26.png,RGB_JPG_Normais,RGB_JPG_Normais
C:\Users\eduar\Desktop\Soybe-main\data\com_fundo_filtrado\RGB_JPG_Normais\grao_DSC_0159_id23.png,RGB_JPG_Normais,RGB_JPG_Normais
C:\Users\eduar\Desktop\Soybe-main\data\com_fundo_filtrado\RGB_JPG_Normais\grao_DSC_0658_id70.png,RGB_JPG_Normais,RGB_JPG_Normais
C:\Users\eduar\Desktop\Soybe-main\data\com_fundo_filtrado\RGB_JPG_QUEBRADOS\grao_DSC_0454_id64.png,RGB_JPG_QUEBRADOS,RGB_JPG_QUEBRADOS
C:\Users\eduar\Desktop\Soybe-main\data\com_fundo_filtrado\RGB_JPG_Normais\grao_DSC_0368_id73.png,RGB_JPG_Normais,RGB_JPG_Normais
C:\Users\eduar\Desktop\Soybe-main\data\com_fundo_filtrado\RGB_JPG_Normais\grao_DSC_0477_id20.png,RGB_JPG_Normais,RGB_JPG_Normais
C:\Users\eduar\Desktop\Soybe-main\data\com_fundo_filtrado\RGB_JPG_CHOCHOS\grao_DSC_0357_id22.png,RGB_JPG_CHOCHOS,RGB_JPG_CHOCHOS
C:\Users\eduar\Desktop\Soybe-main\data\com_fundo_filtrado\RGB_JPG_IMPUREZAS\grao_DSC_0256_id5.png,RGB_JPG_IMPUREZAS,RGB_JPG_IMPUREZAS
C:\Users\eduar\Desktop\Soybe-main\data\com_fundo_filtrado\RGB_JPG_IMPUREZAS\grao_DSC_0291_id83.png,RGB_JPG_IMPUREZAS,RGB_JPG_IMPUREZAS
C:\Users\eduar\Desktop\Soybe-main\data\com_fundo_filtrado\RGB_JPG_QUEBRADOS\grao_DSC_0171_id29.png,RGB_JPG_QUEBRADOS,RGB_JPG_QUEBRADOS
C:\Users\eduar\Desktop\Soybe-main\data\com_fundo_filtrado\RGB_JPG_QUEBRADOS\grao_DSC_0447_id39.png,RGB_JPG_QUEBRADOS,RGB_JPG_QUEBRADOS
C:\Users\eduar\Desktop\Soybe-main\data\com_fundo_filtrado\RGB_JPG_Normais\grao_DSC_0622_id96.png,RGB_JPG_Normais,RGB_JPG_Normais
C:\Users\eduar\Desktop\Soybe-main\data\com_fundo_filtrado\RGB_JPG_Normais\grao_DSC_0141_id27.png,RGB_JPG_Normais,RGB_JPG_Normais
C:\Users\eduar\Desktop\Soybe-main\data\com_fundo_filtrado\RGB_JPG_IMPUREZAS\grao_DSC_0231_id19.png,RGB_JPG_IMPUREZAS,RGB_JPG_IMPUREZAS
C:\Users\eduar\Desktop\Soybe-main\data\com_fundo_filtrado\RGB_JPG_Normais\grao_DSC_0680_id20.png,RGB_JPG_Normais,RGB_JPG_Normais
C:\Users\eduar\Desktop\Soybe-main\data\com_fundo_filtrado\RGB_JPG_CHOCHOS\grao_DSC_0360_id32.png,RGB_JPG_CHOCHOS,RGB_JPG_CHOCHOS
C:\Users\eduar\Desktop\Soybe-main\data\com_fundo_filtrado\RGB_JPG_IMPUREZAS\grao_DSC_0291_id155.png,RGB_JPG_IMPUREZAS,RGB_JPG_IMPUREZAS
C:\Users\eduar\Desktop\Soybe-main\data\com_fundo_filtrado\RGB_JPG_Normais\grao_DSC_0379_id90.png,RGB_JPG_Normais,RGB_JPG_Normais
C:\Users\eduar\Desktop\Soybe-main\data\com_fundo_filtrado\RGB_JPG_IMPUREZAS\grao_DSC_0239_id171.png,RGB_JPG_IMPUREZAS,RGB_JPG_IMPUREZAS
C:\Users\eduar\Desktop\Soybe-main\data\com_fundo_filtrado\RGB_JPG_CHOCHOS\grao_DSC_0347_id36.png,RGB_JPG_CHOCHOS,RGB_JPG_CHOCHOS
C:\Users\eduar\Desktop\Soybe-main\data\com_fundo_filtrado\RGB_JPG_QUEBRADOS\grao_DSC_0435_id54.png,RGB_JPG_QUEBRADOS,RGB_JPG_Normais
C:\Users\eduar\Desktop\Soybe-main\data\com_fundo_filtrado\RGB_JPG_QUEBRADOS\grao_DSC_0409_id58.png,RGB_JPG_QUEBRADOS,RGB_JPG_QUEBRADOS
C:\Users\eduar\Desktop\Soybe-main\data\com_fundo_filtrado\RGB_JPG_CHOCHOS\grao_DSC_0363_id109.png,RGB_JPG_CHOCHOS,RGB_JPG_CHOCHOS
C:\Users\eduar\Desktop\Soybe-main\data\com_fundo_filtrado\RGB_JPG_Normais\grao_DSC_0634_id72.png,RGB_JPG_Normais,RGB_JPG_Normais
C:\Users\eduar\Desktop\Soybe-main\data\com_fundo_filtrado\RGB_JPG_QUEBRADOS\grao_DSC_0432_id51.png,RGB_JPG_QUEBRADOS,RGB_JPG_QUEBRADOS
C:\Users\eduar\Desktop\Soybe-main\data\com_fundo_filtrado\RGB_JPG_QUEBRADOS\grao_DSC_0418_id35.png,RGB_JPG_QUEBRADOS,RGB_JPG_QUEBRADOS
C:\Users\eduar\Desktop\Soybe-main\data\com_fundo_filtrado\RGB_JPG_Normais\grao_DSC_0509_id45.png,RGB_JPG_Normais,RGB_JPG_Normais
C:\Users\eduar\Desktop\Soybe-main\data\com_fundo_filtrado\RGB_JPG_IMPUREZAS\grao_DSC_0002_id243.png,RGB_JPG_IMPUREZAS,RGB_JPG_IMPUREZAS
C:\Users\eduar\Desktop\Soybe-main\data\com_fundo_filtrado\RGB_JPG_Normais\grao_DSC_0516_id84.png,RGB_JPG_Normais,RGB_JPG_Normais
C:\Users\eduar\Desktop\Soybe-main\data\com_fundo_filtrado\RGB_JPG_IMPUREZAS\grao_DSC_0241_id46.png,RGB_JPG_IMPUREZAS,RGB_JPG_IMPUREZAS
C:\Users\eduar\Desktop\Soybe-main\data\com_fundo_filtrado\RGB_JPG_IMPUREZAS\grao_DSC_0279_id121.png,RGB_JPG_IMPUREZAS,RGB_JPG_IMPUREZAS
C:\Users\eduar\Desktop\Soybe-main\data\com_fundo_filtrado\RGB_JPG_IMPUREZAS\grao_DSC_0251_id166.png,RGB_JPG_IMPUREZAS,RGB_JPG_IMPUREZAS
C:\Users\eduar\Desktop\Soybe-main\data\com_fundo_filtrado\RGB_JPG_Normais\grao_DSC_0618_id45.png,RGB_JPG_Normais,RGB_JPG_Normais
C:\Users\eduar\Desktop\Soybe-main\data\com_fundo_filtrado\RGB_JPG_CHOCHOS\grao_DSC_0317_id19.png,RGB_JPG_CHOCHOS,RGB_JPG_CHOCHOS
C:\Users\eduar\Desktop\Soybe-main\data\com_fundo_filtrado\RGB_JPG_IMPUREZAS\grao_DSC_0015_id81.png,RGB_JPG_IMPUREZAS,RGB_JPG_IMPUREZAS
C:\Users\eduar\Desktop\Soybe-main\data\com_fundo_filtrado\RGB_JPG_CHOCHOS\grao_DSC_0356_id42.png,RGB_JPG_CHOCHOS,RGB_JPG_CHOCHOS
C:\Users\eduar\Desktop\Soybe-main\data\com_fundo_filtrado\RGB_JPG_ESVERDEADO\grao_DSC_0304_id8.png,RGB_JPG_ESVERDEADO,RGB_JPG_QUEBRADOS
C:\Users\eduar\Desktop\Soybe-main\data\com_fundo_filtrado\RGB_JPG_IMPUREZAS\grao_DSC_0284_id152.png,RGB_JPG_IMPUREZAS,RGB_JPG_IMPUREZAS
C:\Users\eduar\Desktop\Soybe-main\data\com_fundo_filtrado\RGB_JPG_Normais\grao_DSC_0486_id44.png,RGB_JPG_Normais,RGB_JPG_Normais
C:\Users\eduar\Desktop\Soybe-main\data\com_fundo_filtrado\RGB_JPG_Normais\grao_DSC_0221_id23.png,RGB_JPG_Normais,RGB_JPG_Normais
C:\Users\eduar\Desktop\Soybe-main\data\com_fundo_filtrado\RGB_JPG_IMPUREZAS\grao_DSC_0021_id96.png,RGB_JPG_IMPUREZAS,RGB_JPG_IMPUREZAS
C:\Users\eduar\Desktop\Soybe-main\data\com_fundo_filtrado\RGB_JPG_Normais\grao_DSC_0372_id83.png,RGB_JPG_Normais,RGB_JPG_Normais
C:\Users\eduar\Desktop\Soybe-main\data\com_fundo_filtrado\RGB_JPG_IMPUREZAS\grao_DSC_0225_id34.png,RGB_JPG_IMPUREZAS,RGB_JPG_IMPUREZAS
C:\Users\eduar\Desktop\Soybe-main\data\com_fundo_filtrado\RGB_JPG_Normais\grao_DSC_0391_id95.png,RGB_JPG_Normais,RGB_JPG_Normais
C:\Users\eduar\Desktop\Soybe-main\data\com_fundo_filtrado\RGB_JPG_Normais\grao_DSC_0496_id77.png,RGB_JPG_Normais,RGB_JPG_Normais
C:\Users\eduar\Desktop\Soybe-main\data\com_fundo_filtrado\RGB_JPG_Normais\grao_DSC_0634_id87.png,RGB_JPG_Normais,RGB_JPG_Normais
C:\Users\eduar\Desktop\Soybe-main\data\com_fundo_filtrado\RGB_JPG_IMPUREZAS\grao_DSC_0247_id150.png,RGB_JPG_IMPUREZAS,RGB_JPG_IMPUREZAS
C:\Users\eduar\Desktop\Soybe-main\data\com_fundo_filtrado\RGB_JPG_IMPUREZAS\grao_DSC_0291_id46.png,RGB_JPG_IMPUREZAS,RGB_JPG_IMPUREZAS
C:\Users\eduar\Desktop\Soybe-main\data\com_fundo_filtrado\RGB_JPG_Normais\grao_DSC_0636_id19.png,RGB_JPG_Normais,RGB_JPG_Normais
C:\Users\eduar\Desktop\Soybe-main\data\com_fundo_filtrado\RGB_JPG_IMPUREZAS\grao_DSC_0024_id162.png,RGB_JPG_IMPUREZAS,RGB_JPG_IMPUREZAS
C:\Users\eduar\Desktop\Soybe-main\data\com_fundo_filtrado\RGB_JPG_QUEBRADOS\grao_DSC_0413_id55.png,RGB_JPG_QUEBRADOS,RGB_JPG_QUEBRADOS
C:\Users\eduar\Desktop\Soybe-main\data\com_fundo_filtrado\RGB_JPG_QUEBRADOS\grao_DSC_0437_id45.png,RGB_JPG_QUEBRADOS,RGB_JPG_QUEBRADOS
C:\Users\eduar\Desktop\Soybe-main\data\com_fundo_filtrado\RGB_JPG_IMPUREZAS\grao_DSC_0225_id134.png,RGB_JPG_IMPUREZAS,RGB_JPG_IMPUREZAS
C:\Users\eduar\Desktop\Soybe-main\data\com_fundo_filtrado\RGB_JPG_Normais\grao_DSC_0648_id31.png,RGB_JPG_Normais,RGB_JPG_Normais
C:\Users\eduar\Desktop\Soybe-main\data\com_fundo_filtrado\RGB_JPG_QUEBRADOS\grao_DSC_0404_id13.png,RGB_JPG_QUEBRADOS,RGB_JPG_QUEBRADOS
C:\Users\eduar\Desktop\Soybe-main\data\com_fundo_filtrado\RGB_JPG_Normais\grao_DSC_0508_id86.png,RGB_JPG_Normais,RGB_JPG_Normais
C:\Users\eduar\Desktop\Soybe-main\data\com_fundo_filtrado\RGB_JPG_QUEBRADOS\grao_DSC_0466_id55.png,RGB_JPG_QUEBRADOS,RGB_JPG_QUEBRADOS
C:\Users\eduar\Desktop\Soybe-main\data\com_fundo_filtrado\RGB_JPG_CHOCHOS\grao_DSC_0338_id64.png,RGB_JPG_CHOCHOS,RGB_JPG_CHOCHOS
C:\Users\eduar\Desktop\Soybe-main\data\com_fundo_filtrado\RGB_JPG_Normais\grao_DSC_0674_id52.png,RGB_JPG_Normais,RGB_JPG_Normais
C:\Users\eduar\Desktop\Soybe-main\data\com_fundo_filtrado\RGB_JPG_Normais\grao_DSC_0675_id12.png,RGB_JPG_Normais,RGB_JPG_Normais
C:\Users\eduar\Desktop\Soybe-main\data\com_fundo_filtrado\RGB_JPG_IMPUREZAS\grao_DSC_0036_id49.png,RGB_JPG_IMPUREZAS,RGB_JPG_IMPUREZAS
C:\Users\eduar\Desktop\Soybe-main\data\com_fundo_filtrado\RGB_JPG_Normais\grao_DSC_0479_id76.png,RGB_JPG_Normais,RGB_JPG_Normais
C:\Users\eduar\Desktop\Soybe-main\data\com_fundo_filtrado\RGB_JPG_Normais\grao_DSC_0143_id47.png,RGB_JPG_Normais,RGB_JPG_Normais
C:\Users\eduar\Desktop\Soybe-main\data\com_fundo_filtrado\RGB_JPG_Normais\grao_DSC_0468_id52.png,RGB_JPG_Normais,RGB_JPG_Normais
C:\Users\eduar\Desktop\Soybe-main\data\com_fundo_filtrado\RGB_JPG_IMPUREZAS\grao_DSC_0252_id244.png,RGB_JPG_IMPUREZAS,RGB_JPG_IMPUREZAS
C:\Users\eduar\Desktop\Soybe-main\data\com_fundo_filtrado\RGB_JPG_IMPUREZAS\grao_DSC_0294_id211.png,RGB_JPG_IMPUREZAS,RGB_JPG_IMPUREZAS
C:\Users\eduar\Desktop\Soybe-main\data\com_fundo_filtrado\RGB_JPG_Normais\grao_DSC_0610_id42.png,RGB_JPG_Normais,RGB_JPG_Normais
C:\Users\eduar\Desktop\Soybe-main\data\com_fundo_filtrado\RGB_JPG_Normais\grao_DSC_0141_id44.png,RGB_JPG_Normais,RGB_JPG_PURPURAS
C:\Users\eduar\Desktop\Soybe-main\data\com_fundo_filtrado\RGB_JPG_QUEBRADOS\grao_DSC_0437_id14.png,RGB_JPG_QUEBRADOS,RGB_JPG_QUEBRADOS
C:\Users\eduar\Desktop\Soybe-main\data\com_fundo_filtrado\RGB_JPG_Normais\grao_DSC_0392_id47.png,RGB_JPG_Normais,RGB_JPG_Normais
C:\Users\eduar\Desktop\Soybe-main\data\com_fundo_filtrado\RGB_JPG_QUEBRADOS\grao_DSC_0412_id21.png,RGB_JPG_QUEBRADOS,RGB_JPG_QUEBRADOS
C:\Users\eduar\Desktop\Soybe-main\data\com_fundo_filtrado\RGB_JPG_IMPUREZAS\grao_DSC_0003_id282.png,RGB_JPG_IMPUREZAS,RGB_JPG_IMPUREZAS
C:\Users\eduar\Desktop\Soybe-main\data\com_fundo_filtrado\RGB_JPG_CHOCHOS\grao_DSC_0353_id46.png,RGB_JPG_CHOCHOS,RGB_JPG_CHOCHOS
C:\Users\eduar\Desktop\Soybe-main\data\com_fundo_filtrado\RGB_JPG_QUEBRADOS\grao_DSC_0429_id112.png,RGB_JPG_QUEBRADOS,RGB_JPG_Normais
C:\Users\eduar\Desktop\Soybe-main\data\com_fundo_filtrado\RGB_JPG_CHOCHOS\grao_DSC_0345_id46.png,RGB_JPG_CHOCHOS,RGB_JPG_CHOCHOS
C:\Users\eduar\Desktop\Soybe-main\data\com_fundo_filtrado\RGB_JPG_IMPUREZAS\grao_DSC_0225_id66.png,RGB_JPG_IMPUREZAS,RGB_JPG_IMPUREZAS
C:\Users\eduar\Desktop\Soybe-main\data\com_fundo_filtrado\RGB_JPG_IMPUREZAS\grao_DSC_0241_id108.png,RGB_JPG_IMPUREZAS,RGB_JPG_IMPUREZAS
C:\Users\eduar\Desktop\Soybe-main\data\com_fundo_filtrado\RGB_JPG_MAMONAS\grao_DSC_0187_id106.png,RGB_JPG_MAMONAS,RGB_JPG_MAMONAS
C:\Users\eduar\Desktop\Soybe-main\data\com_fundo_filtrado\RGB_JPG_IMPUREZAS\grao_DSC_0003_id264.png,RGB_JPG_IMPUREZAS,RGB_JPG_IMPUREZAS
C:\Users\eduar\Desktop\Soybe-main\data\com_fundo_filtrado\RGB_JPG_QUEBRADOS\grao_DSC_0453_id56.png,RGB_JPG_QUEBRADOS,RGB_JPG_QUEBRADOS
C:\Users\eduar\Desktop\Soybe-main\data\com_fundo_filtrado\RGB_JPG_IMPUREZAS\grao_DSC_0005_id2.png,RGB_JPG_IMPUREZAS,RGB_JPG_IMPUREZAS
C:\Users\eduar\Desktop\Soybe-main\data\com_fundo_filtrado\RGB_JPG_IMPUREZAS\grao_DSC_0295_id46.png,RGB_JPG_IMPUREZAS,RGB_JPG_IMPUREZAS
C:\Users\eduar\Desktop\Soybe-main\data\com_fundo_filtrado\RGB_JPG_IMPUREZAS\grao_DSC_0250_id123.png,RGB_JPG_IMPUREZAS,RGB_JPG_IMPUREZAS
C:\Users\eduar\Desktop\Soybe-main\data\com_fundo_filtrado\RGB_JPG_IMPUREZAS\grao_DSC_0273_id138.png,RGB_JPG_IMPUREZAS,RGB_JPG_IMPUREZAS
C:\Users\eduar\Desktop\Soybe-main\data\com_fundo_filtrado\RGB_JPG_Normais\grao_DSC_0370_id10.png,RGB_JPG_Normais,RGB_JPG_Normais
C:\Users\eduar\Desktop\Soybe-main\data\com_fundo_filtrado\RGB_JPG_IMPUREZAS\grao_DSC_0268_id100.png,RGB_JPG_IMPUREZAS,RGB_JPG_IMPUREZAS
C:\Users\eduar\Desktop\Soybe-main\data\com_fundo_filtrado\RGB_JPG_IMPUREZAS\grao_DSC_0020_id104.png,RGB_JPG_IMPUREZAS,RGB_JPG_IMPUREZAS
C:\Users\eduar\Desktop\Soybe-main\data\com_fundo_filtrado\RGB_JPG_IMPUREZAS\grao_DSC_0045_id100.png,RGB_JPG_IMPUREZAS,RGB_JPG_IMPUREZAS
C:\Users\eduar\Desktop\Soybe-main\data\com_fundo_filtrado\RGB_JPG_Normais\grao_DSC_0632_id2.png,RGB_JPG_Normais,RGB_JPG_Normais
C:\Users\eduar\Desktop\Soybe-main\data\com_fundo_filtrado\RGB_JPG_CHOCHOS\grao_DSC_0339_id22.png,RGB_JPG_CHOCHOS,RGB_JPG_CHOCHOS
C:\Users\eduar\Desktop\Soybe-main\data\com_fundo_filtrado\RGB_JPG_IMPUREZAS\grao_DSC_0289_id29.png,RGB_JPG_IMPUREZAS,RGB_JPG_IMPUREZAS
C:\Users\eduar\Desktop\Soybe-main\data\com_fundo_filtrado\RGB_JPG_Normais\grao_DSC_0632_id38.png,RGB_JPG_Normais,RGB_JPG_Normais
C:\Users\eduar\Desktop\Soybe-main\data\com_fundo_filtrado\RGB_JPG_IMPUREZAS\grao_DSC_0013_id131.png,RGB_JPG_IMPUREZAS,RGB_JPG_IMPUREZAS
C:\Users\eduar\Desktop\Soybe-main\data\com_fundo_filtrado\RGB_JPG_Normais\grao_DSC_0484_id54.png,RGB_JPG_Normais,RGB_JPG_Normais
C:\Users\eduar\Desktop\Soybe-main\data\com_fundo_filtrado\RGB_JPG_Normais\grao_DSC_0642_id59.png,RGB_JPG_Normais,RGB_JPG_Normais
C:\Users\eduar\Desktop\Soybe-main\data\com_fundo_filtrado\RGB_JPG_Normais\grao_DSC_0653_id6.png,RGB_JPG_Normais,RGB_JPG_Normais
C:\Users\eduar\Desktop\Soybe-main\data\com_fundo_filtrado\RGB_JPG_IMPUREZAS\grao_DSC_0227_id114.png,RGB_JPG_IMPUREZAS,RGB_JPG_IMPUREZAS
C:\Users\eduar\Desktop\Soybe-main\data\com_fundo_filtrado\RGB_JPG_IMPUREZAS\grao_DSC_0241_id111.png,RGB_JPG_IMPUREZAS,RGB_JPG_IMPUREZAS
C:\Users\eduar\Desktop\Soybe-main\data\com_fundo_filtrado\RGB_JPG_ESVERDEADO\grao_DSC_0302_id63.png,RGB_JPG_ESVERDEADO,RGB_JPG_ESVERDEADO
C:\Users\eduar\Desktop\Soybe-main\data\com_fundo_filtrado\RGB_JPG_CHOCHOS\grao_DSC_0328_id40.png,RGB_JPG_CHOCHOS,RGB_JPG_CHOCHOS
C:\Users\eduar\Desktop\Soybe-main\data\com_fundo_filtrado\RGB_JPG_QUEBRADOS\grao_DSC_0420_id36.png,RGB_JPG_QUEBRADOS,RGB_JPG_QUEBRADOS
C:\Users\eduar\Desktop\Soybe-main\data\com_fundo_filtrado\RGB_JPG_Normais\grao_DSC_0637_id85.png,RGB_JPG_Normais,RGB_JPG_Normais
C:\Users\eduar\Desktop\Soybe-main\data\com_fundo_filtrado\RGB_JPG_IMPUREZAS\grao_DSC_0223_id131.png,RGB_JPG_IMPUREZAS,RGB_JPG_IMPUREZAS
C:\Users\eduar\Desktop\Soybe-main\data\com_fundo_filtrado\RGB_JPG_Normais\grao_DSC_0385_id107.png,RGB_JPG_Normais,RGB_JPG_Normais
C:\Users\eduar\Desktop\Soybe-main\data\com_fundo_filtrado\RGB_JPG_INSETOS\grao_DSC_0163_id8.png,RGB_JPG_INSETOS,RGB_JPG_Normais
C:\Users\eduar\Desktop\Soybe-main\data\com_fundo_filtrado\RGB_JPG_Normais\grao_DSC_0618_id41.png,RGB_JPG_Normais,RGB_JPG_Normais
C:\Users\eduar\Desktop\Soybe-main\data\com_fundo_filtrado\RGB_JPG_QUEBRADOS\grao_DSC_0465_id48.png,RGB_JPG_QUEBRADOS,RGB_JPG_QUEBRADOS
C:\Users\eduar\Desktop\Soybe-main\data\com_fundo_filtrado\RGB_JPG_IMPUREZAS\grao_DSC_0024_id129.png,RGB_JPG_IMPUREZAS,RGB_JPG_IMPUREZAS
C:\Users\eduar\Desktop\Soybe-main\data\com_fundo_filtrado\RGB_JPG_IMPUREZAS\grao_DSC_0283_id214.png,RGB_JPG_IMPUREZAS,RGB_JPG_IMPUREZAS
C:\Users\eduar\Desktop\Soybe-main\data\com_fundo_filtrado\RGB_JPG_IMPUREZAS\grao_DSC_0279_id2.png,RGB_JPG_IMPUREZAS,RGB_JPG_IMPUREZAS
C:\Users\eduar\Desktop\Soybe-main\data\com_fundo_filtrado\RGB_JPG_ESVERDEADO\grao_DSC_0308_id73.png,RGB_JPG_ESVERDEADO,RGB_JPG_IMPUREZAS
C:\Users\eduar\Desktop\Soybe-main\data\com_fundo_filtrado\RGB_JPG_IMPUREZAS\grao_DSC_0272_id108.png,RGB_JPG_IMPUREZAS,RGB_JPG_IMPUREZAS
C:\Users\eduar\Desktop\Soybe-main\data\com_fundo_filtrado\RGB_JPG_Normais\grao_DSC_0637_id29.png,RGB_JPG_Normais,RGB_JPG_Normais
C:\Users\eduar\Desktop\Soybe-main\data\com_fundo_filtrado\RGB_JPG_IMPUREZAS\grao_DSC_0277_id153.png,RGB_JPG_IMPUREZAS,RGB_JPG_IMPUREZAS
C:\Users\eduar\Desktop\Soybe-main\data\com_fundo_filtrado\RGB_JPG_IMPUREZAS\grao_DSC_0279_id24.png,RGB_JPG_IMPUREZAS,RGB_JPG_IMPUREZAS
C:\Users\eduar\Desktop\Soybe-main\data\com_fundo_filtrado\RGB_JPG_IMPUREZAS\grao_DSC_0264_id160.png,RGB_JPG_IMPUREZAS,RGB_JPG_IMPUREZAS
C:\Users\eduar\Desktop\Soybe-main\data\com_fundo_filtrado\RGB_JPG_CHOCHOS\grao_DSC_0353_id34.png,RGB_JPG_CHOCHOS,RGB_JPG_CHOCHOS
C:\Users\eduar\Desktop\Soybe-main\data\com_fundo_filtrado\RGB_JPG_IMPUREZAS\grao_DSC_0241_id259.png,RGB_JPG_IMPUREZAS,RGB_JPG_IMPUREZAS
C:\Users\eduar\Desktop\Soybe-main\data\com_fundo_filtrado\RGB_JPG_Normais\grao_DSC_0505_id73.png,RGB_JPG_Normais,RGB_JPG_Normais
C:\Users\eduar\Desktop\Soybe-main\data\com_fundo_filtrado\RGB_JPG_CHOCHOS\grao_DSC_0358_id66.png,RGB_JPG_CHOCHOS,RGB_JPG_CHOCHOS
C:\Users\eduar\Desktop\Soybe-main\data\com_fundo_filtrado\RGB_JPG_Normais\grao_DSC_0212_id48.png,RGB_JPG_Normais,RGB_JPG_Normais
C:\Users\eduar\Desktop\Soybe-main\data\com_fundo_filtrado\RGB_JPG_CHOCHOS\grao_DSC_0167_id90.png,RGB_JPG_CHOCHOS,RGB_JPG_CHOCHOS
C:\Users\eduar\Desktop\Soybe-main\data\com_fundo_filtrado\RGB_JPG_IMPUREZAS\grao_DSC_0256_id133.png,RGB_JPG_IMPUREZAS,RGB_JPG_IMPUREZAS
C:\Users\eduar\Desktop\Soybe-main\data\com_fundo_filtrado\RGB_JPG_Normais\grao_DSC_0609_id102.png,RGB_JPG_Normais,RGB_JPG_Normais
C:\Users\eduar\Desktop\Soybe-main\data\com_fundo_filtrado\RGB_JPG_IMPUREZAS\grao_DSC_0029_id31.png,RGB_JPG_IMPUREZAS,RGB_JPG_IMPUREZAS
C:\Users\eduar\Desktop\Soybe-main\data\com_fundo_filtrado\RGB_JPG_Normais\grao_DSC_0137_id91.png,RGB_JPG_Normais,RGB_JPG_Normais
C:\Users\eduar\Desktop\Soybe-main\data\com_fundo_filtrado\RGB_JPG_Normais\grao_DSC_0622_id102.png,RGB_JPG_Normais,RGB_JPG_Normais
C:\Users\eduar\Desktop\Soybe-main\data\com_fundo_filtrado\RGB_JPG_IMPUREZAS\grao_DSC_0249_id122.png,RGB_JPG_IMPUREZAS,RGB_JPG_IMPUREZAS
C:\Users\eduar\Desktop\Soybe-main\data\com_fundo_filtrado\RGB_JPG_Normais\grao_DSC_0134_id102.png,RGB_JPG_Normais,RGB_JPG_Normais
C:\Users\eduar\Desktop\Soybe-main\data\com_fundo_filtrado\RGB_JPG_Normais\grao_DSC_0674_id77.png,RGB_JPG_Normais,RGB_JPG_Normais
C:\Users\eduar\Desktop\Soybe-main\data\com_fundo_filtrado\RGB_JPG_Normais\grao_DSC_0624_id12.png,RGB_JPG_Normais,RGB_JPG_Normais
C:\Users\eduar\Desktop\Soybe-main\data\com_fundo_filtrado\RGB_JPG_IMPUREZAS\grao_DSC_0006_id35.png,RGB_JPG_IMPUREZAS,RGB_JPG_IMPUREZAS
C:\Users\eduar\Desktop\Soybe-main\data\com_fundo_filtrado\RGB_JPG_IMPUREZAS\grao_DSC_0027_id209.png,RGB_JPG_IMPUREZAS,RGB_JPG_IMPUREZAS
C:\Users\eduar\Desktop\Soybe-main\data\com_fundo_filtrado\RGB_JPG_IMPUREZAS\grao_DSC_0244_id76.png,RGB_JPG_IMPUREZAS,RGB_JPG_IMPUREZAS
C:\Users\eduar\Desktop\Soybe-main\data\com_fundo_filtrado\RGB_JPG_QUEBRADOS\grao_DSC_0170_id58.png,RGB_JPG_QUEBRADOS,RGB_JPG_QUEBRADOS
C:\Users\eduar\Desktop\Soybe-main\data\com_fundo_filtrado\RGB_JPG_QUEBRADOS\grao_DSC_0441_id59.png,RGB_JPG_QUEBRADOS,RGB_JPG_QUEBRADOS
C:\Users\eduar\Desktop\Soybe-main\data\com_fundo_filtrado\RGB_JPG_IMPUREZAS\grao_DSC_0021_id20.png,RGB_JPG_IMPUREZAS,RGB_JPG_IMPUREZAS
C:\Users\eduar\Desktop\Soybe-main\data\com_fundo_filtrado\RGB_JPG_ESVERDEADO\grao_DSC_0301_id93.png,RGB_JPG_ESVERDEADO,RGB_JPG_CHOCHOS
C:\Users\eduar\Desktop\Soybe-main\data\com_fundo_filtrado\RGB_JPG_Normais\grao_DSC_0386_id76.png,RGB_JPG_Normais,RGB_JPG_Normais
C:\Users\eduar\Desktop\Soybe-main\data\com_fundo_filtrado\RGB_JPG_ESVERDEADO\grao_DSC_0299_id80.png,RGB_JPG_ESVERDEADO,RGB_JPG_ESVERDEADO
C:\Users\eduar\Desktop\Soybe-main\data\com_fundo_filtrado\RGB_JPG_Normais\grao_DSC_0608_id26.png,RGB_JPG_Normais,RGB_JPG_Normais
C:\Users\eduar\Desktop\Soybe-main\data\com_fundo_filtrado\RGB_JPG_ESVERDEADO\grao_DSC_0310_id45.png,RGB_JPG_ESVERDEADO,RGB_JPG_ESVERDEADO
C:\Users\eduar\Desktop\Soybe-main\data\com_fundo_filtrado\RGB_JPG_Normais\grao_DSC_0641_id94.png,RGB_JPG_Normais,RGB_JPG_Normais
C:\Users\eduar\Desktop\Soybe-main\data\com_fundo_filtrado\RGB_JPG_Normais\grao_DSC_0617_id92.png,RGB_JPG_Normais,RGB_JPG_Normais
C:\Users\eduar\Desktop\Soybe-main\data\com_fundo_filtrado\RGB_JPG_Normais\grao_DSC_0662_id94.png,RGB_JPG_Normais,RGB_JPG_Normais
C:\Users\eduar\Desktop\Soybe-main\data\com_fundo_filtrado\RGB_JPG_CHOCHOS\grao_DSC_0324_id50.png,RGB_JPG_CHOCHOS,RGB_JPG_CHOCHOS
C:\Users\eduar\Desktop\Soybe-main\data\com_fundo_filtrado\RGB_JPG_CHOCHOS\grao_DSC_0341_id95.png,RGB_JPG_CHOCHOS,RGB_JPG_CHOCHOS
C:\Users\eduar\Desktop\Soybe-main\data\com_fundo_filtrado\RGB_JPG_Normais\grao_DSC_0486_id23.png,RGB_JPG_Normais,RGB_JPG_Normais
C:\Users\eduar\Desktop\Soybe-main\data\com_fundo_filtrado\RGB_JPG_Normais\grao_DSC_0680_id105.png,RGB_JPG_Normais,RGB_JPG_Normais
C:\Users\eduar\Desktop\Soybe-main\data\com_fundo_filtrado\RGB_JPG_QUEBRADOS\grao_DSC_0168_id68.png,RGB_JPG_QUEBRADOS,RGB_JPG_QUEBRADOS
C:\Users\eduar\Desktop\Soybe-main\data\com_fundo_filtrado\RGB_JPG_CHOCHOS\grao_DSC_0325_id42.png,RGB_JPG_CHOCHOS,RGB_JPG_CHOCHOS
C:\Users\eduar\Desktop\Soybe-main\data\com_fundo_filtrado\RGB_JPG_Normais\grao_DSC_0488_id49.png,RGB_JPG_Normais,RGB_JPG_Normais
C:\Users\eduar\Desktop\Soybe-main\data\com_fundo_filtrado\RGB_JPG_IMPUREZAS\grao_DSC_0282_id141.png,RGB_JPG_IMPUREZAS,RGB_JPG_IMPUREZAS
C:\Users\eduar\Desktop\Soybe-main\data\com_fundo_filtrado\RGB_JPG_Normais\grao_DSC_0514_id76.png,RGB_JPG_Normais,RGB_JPG_Normais
C:\Users\eduar\Desktop\Soybe-main\data\com_fundo_filtrado\RGB_JPG_Normais\grao_DSC_0484_id64.png,RGB_JPG_Normais,RGB_JPG_Normais
C:\Users\eduar\Desktop\Soybe-main\data\com_fundo_filtrado\RGB_JPG_Normais\grao_DSC_0155_id17.png,RGB_JPG_Normais,RGB_JPG_Normais
C:\Users\eduar\Desktop\Soybe-main\data\com_fundo_filtrado\RGB_JPG_QUEBRADOS\grao_DSC_0407_id70.png,RGB_JPG_QUEBRADOS,RGB_JPG_QUEBRADOS
C:\Users\eduar\Desktop\Soybe-main\data\com_fundo_filtrado\RGB_JPG_Normais\grao_DSC_0647_id85.png,RGB_JPG_Normais,RGB_JPG_Normais
C:\Users\eduar\Desktop\Soybe-main\data\com_fundo_filtrado\RGB_JPG_IMPUREZAS\grao_DSC_0006_id10.png,RGB_JPG_IMPUREZAS,RGB_JPG_IMPUREZAS
C:\Users\eduar\Desktop\Soybe-main\data\com_fundo_filtrado\RGB_JPG_Normais\grao_DSC_0136_id2.png,RGB_JPG_Normais,RGB_JPG_Normais
C:\Users\eduar\Desktop\Soybe-main\data\com_fundo_filtrado\RGB_JPG_Normais\grao_DSC_0507_id64.png,RGB_JPG_Normais,RGB_JPG_Normais
C:\Users\eduar\Desktop\Soybe-main\data\com_fundo_filtrado\RGB_JPG_Normais\grao_DSC_0395_id76.png,RGB_JPG_Normais,RGB_JPG_Normais
C:\Users\eduar\Desktop\Soybe-main\data\com_fundo_filtrado\RGB_JPG_Normais\grao_DSC_0677_id6.png,RGB_JPG_Normais,RGB_JPG_Normais
C:\Users\eduar\Desktop\Soybe-main\data\com_fundo_filtrado\RGB_JPG_Normais\grao_DSC_0491_id13.png,RGB_JPG_Normais,RGB_JPG_Normais
C:\Users\eduar\Desktop\Soybe-main\data\com_fundo_filtrado\RGB_JPG_Normais\grao_DSC_0369_id85.png,RGB_JPG_Normais,RGB_JPG_Normais
C:\Users\eduar\Desktop\Soybe-main\data\com_fundo_filtrado\RGB_JPG_Normais\grao_DSC_0211_id25.png,RGB_JPG_Normais,RGB_JPG_Normais
C:\Users\eduar\Desktop\Soybe-main\data\com_fundo_filtrado\RGB_JPG_Normais\grao_DSC_0670_id53.png,RGB_JPG_Normais,RGB_JPG_Normais
C:\Users\eduar\Desktop\Soybe-main\data\com_fundo_filtrado\RGB_JPG_IMPUREZAS\grao_DSC_0017_id281.png,RGB_JPG_IMPUREZAS,RGB_JPG_IMPUREZAS
C:\Users\eduar\Desktop\Soybe-main\data\com_fundo_filtrado\RGB_JPG_Normais\grao_DSC_0646_id18.png,RGB_JPG_Normais,RGB_JPG_Normais
C:\Users\eduar\Desktop\Soybe-main\data\com_fundo_filtrado\RGB_JPG_QUEBRADOS\grao_DSC_0170_id92.png,RGB_JPG_QUEBRADOS,RGB_JPG_QUEBRADOS
C:\Users\eduar\Desktop\Soybe-main\data\com_fundo_filtrado\RGB_JPG_Normais\grao_DSC_0498_id40.png,RGB_JPG_Normais,RGB_JPG_Normais
C:\Users\eduar\Desktop\Soybe-main\data\com_fundo_filtrado\RGB_JPG_IMPUREZAS\grao_DSC_0239_id85.png,RGB_JPG_IMPUREZAS,RGB_JPG_IMPUREZAS
C:\Users\eduar\Desktop\Soybe-main\data\com_fundo_filtrado\RGB_JPG_QUEBRADOS\grao_DSC_0173_id3.png,RGB_JPG_QUEBRADOS,RGB_JPG_QUEBRADOS
C:\Users\eduar\Desktop\Soybe-main\data\com_fundo_filtrado\RGB_JPG_Normais\grao_DSC_0654_id24.png,RGB_JPG_Normais,RGB_JPG_Normais
C:\Users\eduar\Desktop\Soybe-main\data\com_fundo_filtrado\RGB_JPG_Normais\grao_DSC_0159_id67.png,RGB_JPG_Normais,RGB_JPG_Normais
C:\Users\eduar\Desktop\Soybe-main\data\com_fundo_filtrado\RGB_JPG_Normais\grao_DSC_0606_id91.png,RGB_JPG_Normais,RGB_JPG_Normais
C:\Users\eduar\Desktop\Soybe-main\data\com_fundo_filtrado\RGB_JPG_Normais\grao_DSC_0512_id46.png,RGB_JPG_Normais,RGB_JPG_Normais
C:\Users\eduar\Desktop\Soybe-main\data\com_fundo_filtrado\RGB_JPG_Normais\grao_DSC_0644_id101.png,RGB_JPG_Normais,RGB_JPG_Normais
C:\Users\eduar\Desktop\Soybe-main\data\com_fundo_filtrado\RGB_JPG_Normais\grao_DSC_0478_id23.png,RGB_JPG_Normais,RGB_JPG_Normais
C:\Users\eduar\Desktop\Soybe-main\data\com_fundo_filtrado\RGB_JPG_Normais\grao_DSC_0472_id24.png,RGB_JPG_Normais,RGB_JPG_Normais
C:\Users\eduar\Desktop\Soybe-main\data\com_fundo_filtrado\RGB_JPG_Normais\grao_DSC_0491_id58.png,RGB_JPG_Normais,RGB_JPG_Normais
C:\Users\eduar\Desktop\Soybe-main\data\com_fundo_filtrado\RGB_JPG_QUEBRADOS\grao_DSC_0465_id81.png,RGB_JPG_QUEBRADOS,RGB_JPG_QUEBRADOS
C:\Users\eduar\Desktop\Soybe-main\data\com_fundo_filtrado\RGB_JPG_Normais\grao_DSC_0498_id15.png,RGB_JPG_Normais,RGB_JPG_Normais
C:\Users\eduar\Desktop\Soybe-main\data\com_fundo_filtrado\RGB_JPG_IMPUREZAS\grao_DSC_0295_id210.png,RGB_JPG_IMPUREZAS,RGB_JPG_IMPUREZAS
C:\Users\eduar\Desktop\Soybe-main\data\com_fundo_filtrado\RGB_JPG_QUEBRADOS\grao_DSC_0439_id23.png,RGB_JPG_QUEBRADOS,RGB_JPG_QUEBRADOS
C:\Users\eduar\Desktop\Soybe-main\data\com_fundo_filtrado\RGB_JPG_IMPUREZAS\grao_DSC_0274_id157.png,RGB_JPG_IMPUREZAS,RGB_JPG_IMPUREZAS
C:\Users\eduar\Desktop\Soybe-main\data\com_fundo_filtrado\RGB_JPG_IMPUREZAS\grao_DSC_0258_id78.png,RGB_JPG_IMPUREZAS,RGB_JPG_IMPUREZAS
C:\Users\eduar\Desktop\Soybe-main\data\com_fundo_filtrado\RGB_JPG_IMPUREZAS\grao_DSC_0248_id70.png,RGB_JPG_IMPUREZAS,RGB_JPG_IMPUREZAS
C:\Users\eduar\Desktop\Soybe-main\data\com_fundo_filtrado\RGB_JPG_Normais\grao_DSC_0512_id74.png,RGB_JPG_Normais,RGB_JPG_Normais
C:\Users\eduar\Desktop\Soybe-main\data\com_fundo_filtrado\RGB_JPG_Normais\grao_DSC_0379_id26.png,RGB_JPG_Normais,RGB_JPG_Normais
C:\Users\eduar\Desktop\Soybe-main\data\com_fundo_filtrado\RGB_JPG_Normais\grao_DSC_0498_id3.png,RGB_JPG_Normais,RGB_JPG_Normais
C:\Users\eduar\Desktop\Soybe-main\data\com_fundo_filtrado\RGB_JPG_Normais\grao_DSC_0665_id62.png,RGB_JPG_Normais,RGB_JPG_Normais
C:\Users\eduar\Desktop\Soybe-main\data\com_fundo_filtrado\RGB_JPG_IMPUREZAS\grao_DSC_0226_id176.png,RGB_JPG_IMPUREZAS,RGB_JPG_IMPUREZAS
C:\Users\eduar\Desktop\Soybe-main\data\com_fundo_filtrado\RGB_JPG_QUEBRADOS\grao_DSC_0436_id86.png,RGB_JPG_QUEBRADOS,RGB_JPG_QUEBRADOS
C:\Users\eduar\Desktop\Soybe-main\data\com_fundo_filtrado\RGB_JPG_Normais\grao_DSC_0474_id61.png,RGB_JPG_Normais,RGB_JPG_Normais
C:\Users\eduar\Desktop\Soybe-main\data\com_fundo_filtrado\RGB_JPG_Normais\grao_DSC_0657_id87.png,RGB_JPG_Normais,RGB_JPG_Normais
C:\Users\eduar\Desktop\Soybe-main\data\com_fundo_filtrado\RGB_JPG_IMPUREZAS\grao_DSC_0259_id115.png,RGB_JPG_IMPUREZAS,RGB_JPG_IMPUREZAS
C:\Users\eduar\Desktop\Soybe-main\data\com_fundo_filtrado\RGB_JPG_CHOCHOS\grao_DSC_0364_id11.png,RGB_JPG_CHOCHOS,RGB_JPG_CHOCHOS
C:\Users\eduar\Desktop\Soybe-main\data\com_fundo_filtrado\RGB_JPG_Normais\grao_DSC_0636_id16.png,RGB_JPG_Normais,RGB_JPG_Normais
C:\Users\eduar\Desktop\Soybe-main\data\com_fundo_filtrado\RGB_JPG_CHOCHOS\grao_DSC_0359_id107.png,RGB_JPG_CHOCHOS,RGB_JPG_CHOCHOS
C:\Users\eduar\Desktop\Soybe-main\data\com_fundo_filtrado\RGB_JPG_Normais\grao_DSC_0619_id42.png,RGB_JPG_Normais,RGB_JPG_Normais
C:\Users\eduar\Desktop\Soybe-main\data\com_fundo_filtrado\RGB_JPG_IMPUREZAS\grao_DSC_0268_id153.png,RGB_JPG_IMPUREZAS,RGB_JPG_IMPUREZAS
C:\Users\eduar\Desktop\Soybe-main\data\com_fundo_filtrado\RGB_JPG_Normais\grao_DSC_0613_id108.png,RGB_JPG_Normais,RGB_JPG_Normais
C:\Users\eduar\Desktop\Soybe-main\data\com_fundo_filtrado\RGB_JPG_IMPUREZAS\grao_DSC_0245_id207.png,RGB_JPG_IMPUREZAS,RGB_JPG_IMPUREZAS
C:\Users\eduar\Desktop\Soybe-main\data\com_fundo_filtrado\RGB_JPG_Normais\grao_DSC_0151_id6.png,RGB_JPG_Normais,RGB_JPG_Normais
C:\Users\eduar\Desktop\Soybe-main\data\com_fundo_filtrado\RGB_JPG_Normais\grao_DSC_0213_id51.png,RGB_JPG_Normais,RGB_JPG_QUEBRADOS
C:\Users\eduar\Desktop\Soybe-main\data\com_fundo_filtrado\RGB_JPG_QUEBRADOS\grao_DSC_0173_id59.png,RGB_JPG_QUEBRADOS,RGB_JPG_QUEBRADOS
C:\Users\eduar\Desktop\Soybe-main\data\com_fundo_filtrado\RGB_JPG_CHOCHOS\grao_DSC_0330_id61.png,RGB_JPG_CHOCHOS,RGB_JPG_CHOCHOS
C:\Users\eduar\Desktop\Soybe-main\data\com_fundo_filtrado\RGB_JPG_Normais\grao_DSC_0218_id41.png,RGB_JPG_Normais,RGB_JPG_Normais
C:\Users\eduar\Desktop\Soybe-main\data\com_fundo_filtrado\RGB_JPG_IMPUREZAS\grao_DSC_0254_id4.png,RGB_JPG_IMPUREZAS,RGB_JPG_IMPUREZAS
C:\Users\eduar\Desktop\Soybe-main\data\com_fundo_filtrado\RGB_JPG_QUEBRADOS\grao_DSC_0440_id89.png,RGB_JPG_QUEBRADOS,RGB_JPG_QUEBRADOS
C:\Users\eduar\Desktop\Soybe-main\data\com_fundo_filtrado\RGB_JPG_IMPUREZAS\grao_DSC_0025_id251.png,RGB_JPG_IMPUREZAS,RGB_JPG_IMPUREZAS
C:\Users\eduar\Desktop\Soybe-main\data\com_fundo_filtrado\RGB_JPG_IMPUREZAS\grao_DSC_0293_id158.png,RGB_JPG_IMPUREZAS,RGB_JPG_IMPUREZAS
C:\Users\eduar\Desktop\Soybe-main\data\com_fundo_filtrado\RGB_JPG_QUEBRADOS\grao_DSC_0451_id76.png,RGB_JPG_QUEBRADOS,RGB_JPG_QUEBRADOS
C:\Users\eduar\Desktop\Soybe-main\data\com_fundo_filtrado\RGB_JPG_IMPUREZAS\grao_DSC_0284_id46.png,RGB_JPG_IMPUREZAS,RGB_JPG_IMPUREZAS
C:\Users\eduar\Desktop\Soybe-main\data\com_fundo_filtrado\RGB_JPG_Normais\grao_DSC_0376_id46.png,RGB_JPG_Normais,RGB_JPG_Normais
C:\Users\eduar\Desktop\Soybe-main\data\com_fundo_filtrado\RGB_JPG_IMPUREZAS\grao_DSC_0238_id93.png,RGB_JPG_IMPUREZAS,RGB_JPG_IMPUREZAS
C:\Users\eduar\Desktop\Soybe-main\data\com_fundo_filtrado\RGB_JPG_IMPUREZAS\grao_DSC_0291_id69.png,RGB_JPG_IMPUREZAS,RGB_JPG_IMPUREZAS
C:\Users\eduar\Desktop\Soybe-main\data\com_fundo_filtrado\RGB_JPG_QUEBRADOS\grao_DSC_0401_id104.png,RGB_JPG_QUEBRADOS,RGB_JPG_QUEBRADOS
C:\Users\eduar\Desktop\Soybe-main\data\com_fundo_filtrado\RGB_JPG_Normais\grao_DSC_0654_id33.png,RGB_JPG_Normais,RGB_JPG_Normais
C:\Users\eduar\Desktop\Soybe-main\data\com_fundo_filtrado\RGB_JPG_Normais\grao_DSC_0388_id87.png,RGB_JPG_Normais,RGB_JPG_Normais
C:\Users\eduar\Desktop\Soybe-main\data\com_fundo_filtrado\RGB_JPG_Normais\grao_DSC_0660_id64.png,RGB_JPG_Normais,RGB_JPG_Normais
C:\Users\eduar\Desktop\Soybe-main\data\com_fundo_filtrado\RGB_JPG_Normais\grao_DSC_0386_id63.png,RGB_JPG_Normais,RGB_JPG_Normais
C:\Users\eduar\Desktop\Soybe-main\data\com_fundo_filtrado\RGB_JPG_IMPUREZAS\grao_DSC_0017_id204.png,RGB_JPG_IMPUREZAS,RGB_JPG_IMPUREZAS
C:\Users\eduar\Desktop\Soybe-main\data\com_fundo_filtrado\RGB_JPG_Normais\grao_DSC_0496_id25.png,RGB_JPG_Normais,RGB_JPG_Normais
C:\Users\eduar\Desktop\Soybe-main\data\com_fundo_filtrado\RGB_JPG_Normais\grao_DSC_0503_id73.png,RGB_JPG_Normais,RGB_JPG_Normais
C:\Users\eduar\Desktop\Soybe-main\data\com_fundo_filtrado\RGB_JPG_QUEBRADOS\grao_DSC_0409_id34.png,RGB_JPG_QUEBRADOS,RGB_JPG_QUEBRADOS
C:\Users\eduar\Desktop\Soybe-main\data\com_fundo_filtrado\RGB_JPG_IMPUREZAS\grao_DSC_0003_id184.png,RGB_JPG_IMPUREZAS,RGB_JPG_IMPUREZAS
C:\Users\eduar\Desktop\Soybe-main\data\com_fundo_filtrado\RGB_JPG_QUEBRADOS\grao_DSC_0421_id90.png,RGB_JPG_QUEBRADOS,RGB_JPG_QUEBRADOS
C:\Users\eduar\Desktop\Soybe-main\data\com_fundo_filtrado\RGB_JPG_Normais\grao_DSC_0665_id32.png,RGB_JPG_Normais,RGB_JPG_Normais
C:\Users\eduar\Desktop\Soybe-main\data\com_fundo_filtrado\RGB_JPG_Normais\grao_DSC_0482_id83.png,RGB_JPG_Normais,RGB_JPG_Normais
C:\Users\eduar\Desktop\Soybe-main\data\com_fundo_filtrado\RGB_JPG_IMPUREZAS\grao_DSC_0010_id162.png,RGB_JPG_IMPUREZAS,RGB_JPG_IMPUREZAS
C:\Users\eduar\Desktop\Soybe-main\data\com_fundo_filtrado\RGB_JPG_CHOCHOS\grao_DSC_0358_id81.png,RGB_JPG_CHOCHOS,RGB_JPG_CHOCHOS
C:\Users\eduar\Desktop\Soybe-main\data\com_fundo_filtrado\RGB_JPG_IMPUREZAS\grao_DSC_0276_id277.png,RGB_JPG_IMPUREZAS,RGB_JPG_IMPUREZAS
C:\Users\eduar\Desktop\Soybe-main\data\com_fundo_filtrado\RGB_JPG_QUEBRADOS\grao_DSC_0445_id33.png,RGB_JPG_QUEBRADOS,RGB_JPG_QUEBRADOS
C:\Users\eduar\Desktop\Soybe-main\data\com_fundo_filtrado\RGB_JPG_QUEBRADOS\grao_DSC_0419_id58.png,RGB_JPG_QUEBRADOS,RGB_JPG_QUEBRADOS
C:\Users\eduar\Desktop\Soybe-main\data\com_fundo_filtrado\RGB_JPG_Normais\grao_DSC_0396_id3.png,RGB_JPG_Normais,RGB_JPG_Normais
C:\Users\eduar\Desktop\Soybe-main\data\com_fundo_filtrado\RGB_JPG_QUEBRADOS\grao_DSC_0465_id83.png,RGB_JPG_QUEBRADOS,RGB_JPG_QUEBRADOS
C:\Users\eduar\Desktop\Soybe-main\data\com_fundo_filtrado\RGB_JPG_Normais\grao_DSC_0211_id47.png,RGB_JPG_Normais,RGB_JPG_Normais
C:\Users\eduar\Desktop\Soybe-main\data\com_fundo_filtrado\RGB_JPG_Normais\grao_DSC_0474_id80.png,RGB_JPG_Normais,RGB_JPG_QUEBRADOS
C:\Users\eduar\Desktop\Soybe-main\data\com_fundo_filtrado\RGB_JPG_IMPUREZAS\grao_DSC_0036_id231.png,RGB_JPG_IMPUREZAS,RGB_JPG_IMPUREZAS
C:\Users\eduar\Desktop\Soybe-main\data\com_fundo_filtrado\RGB_JPG_Normais\grao_DSC_0475_id10.png,RGB_JPG_Normais,RGB_JPG_Normais
C:\Users\eduar\Desktop\Soybe-main\data\com_fundo_filtrado\RGB_JPG_QUEBRADOS\grao_DSC_0445_id59.png,RGB_JPG_QUEBRADOS,RGB_JPG_QUEBRADOS
C:\Users\eduar\Desktop\Soybe-main\data\com_fundo_filtrado\RGB_JPG_Normais\grao_DSC_0386_id65.png,RGB_JPG_Normais,RGB_JPG_Normais
C:\Users\eduar\Desktop\Soybe-main\data\com_fundo_filtrado\RGB_JPG_Normais\grao_DSC_0162_id29.png,RGB_JPG_Normais,RGB_JPG_Normais
C:\Users\eduar\Desktop\Soybe-main\data\com_fundo_filtrado\RGB_JPG_QUEBRADOS\grao_DSC_0414_id46.png,RGB_JPG_QUEBRADOS,RGB_JPG_QUEBRADOS
C:\Users\eduar\Desktop\Soybe-main\data\com_fundo_filtrado\RGB_JPG_QUEBRADOS\grao_DSC_0456_id36.png,RGB_JPG_QUEBRADOS,RGB_JPG_QUEBRADOS
C:\Users\eduar\Desktop\Soybe-main\data\com_fundo_filtrado\RGB_JPG_CHOCHOS\grao_DSC_0352_id74.png,RGB_JPG_CHOCHOS,RGB_JPG_CHOCHOS
C:\Users\eduar\Desktop\Soybe-main\data\com_fundo_filtrado\RGB_JPG_Normais\grao_DSC_0470_id109.png,RGB_JPG_Normais,RGB_JPG_Normais
C:\Users\eduar\Desktop\Soybe-main\data\com_fundo_filtrado\RGB_JPG_CHOCHOS\grao_DSC_0314_id44.png,RGB_JPG_CHOCHOS,RGB_JPG_CHOCHOS
C:\Users\eduar\Desktop\Soybe-main\data\com_fundo_filtrado\RGB_JPG_Normais\grao_DSC_0660_id34.png,RGB_JPG_Normais,RGB_JPG_Normais
C:\Users\eduar\Desktop\Soybe-main\data\com_fundo_filtrado\RGB_JPG_QUEBRADOS\grao_DSC_0443_id14.png,RGB_JPG_QUEBRADOS,RGB_JPG_QUEBRADOS
C:\Users\eduar\Desktop\Soybe-main\data\com_fundo_filtrado\RGB_JPG_Normais\grao_DSC_0667_id68.png,RGB_JPG_Normais,RGB_JPG_Normais
C:\Users\eduar\Desktop\Soybe-main\data\com_fundo_filtrado\RGB_JPG_IMPUREZAS\grao_DSC_0275_id201.png,RGB_JPG_IMPUREZAS,RGB_JPG_IMPUREZAS
C:\Users\eduar\Desktop\Soybe-main\data\com_fundo_filtrado\RGB_JPG_CHOCHOS\grao_DSC_0339_id99.png,RGB_JPG_CHOCHOS,RGB_JPG_CHOCHOS
C:\Users\eduar\Desktop\Soybe-main\data\com_fundo_filtrado\RGB_JPG_Normais\grao_DSC_0215_id26.png,RGB_JPG_Normais,RGB_JPG_Normais
C:\Users\eduar\Desktop\Soybe-main\data\com_fundo_filtrado\RGB_JPG_QUEBRADOS\grao_DSC_0414_id7.png,RGB_JPG_QUEBRADOS,RGB_JPG_QUEBRADOS
C:\Users\eduar\Desktop\Soybe-main\data\com_fundo_filtrado\RGB_JPG_PURPURAS\grao_DSC_0050_id32.png,RGB_JPG_PURPURAS,RGB_JPG_PURPURAS
C:\Users\eduar\Desktop\Soybe-main\data\com_fundo_filtrado\RGB_JPG_Normais\grao_DSC_0507_id99.png,RGB_JPG_Normais,RGB_JPG_Normais
C:\Users\eduar\Desktop\Soybe-main\data\com_fundo_filtrado\RGB_JPG_QUEBRADOS\grao_DSC_0169_id97.png,RGB_JPG_QUEBRADOS,RGB_JPG_QUEBRADOS
C:\Users\eduar\Desktop\Soybe-main\data\com_fundo_filtrado\RGB_JPG_Normais\grao_DSC_0514_id17.png,RGB_JPG_Normais,RGB_JPG_Normais
C:\Users\eduar\Desktop\Soybe-main\data\com_fundo_filtrado\RGB_JPG_ESVERDEADO\grao_DSC_0309_id39.png,RGB_JPG_ESVERDEADO,RGB_JPG_ESVERDEADO
C:\Users\eduar\Desktop\Soybe-main\data\com_fundo_filtrado\RGB_JPG_IMPUREZAS\grao_DSC_0024_id103.png,RGB_JPG_IMPUREZAS,RGB_JPG_IMPUREZAS
C:\Users\eduar\Desktop\Soybe-main\data\com_fundo_filtrado\RGB_JPG_Normais\grao_DSC_0609_id6.png,RGB_JPG_Normais,RGB_JPG_Normais
C:\Users\eduar\Desktop\Soybe-main\data\com_fundo_filtrado\RGB_JPG_CHOCHOS\grao_DSC_0358_id70.png,RGB_JPG_CHOCHOS,RGB_JPG_CHOCHOS
C:\Users\eduar\Desktop\Soybe-main\data\com_fundo_filtrado\RGB_JPG_CHOCHOS\grao_DSC_0332_id2.png,RGB_JPG_CHOCHOS,RGB_JPG_CHOCHOS
C:\Users\eduar\Desktop\Soybe-main\data\com_fundo_filtrado\RGB_JPG_Normais\grao_DSC_0159_id41.png,RGB_JPG_Normais,RGB_JPG_Normais
C:\Users\eduar\Desktop\Soybe-main\data\com_fundo_filtrado\RGB_JPG_Normais\grao_DSC_0675_id77.png,RGB_JPG_Normais,RGB_JPG_Normais
C:\Users\eduar\Desktop\Soybe-main\data\com_fundo_filtrado\RGB_JPG_IMPUREZAS\grao_DSC_0231_id65.png,RGB_JPG_IMPUREZAS,RGB_JPG_IMPUREZAS
C:\Users\eduar\Desktop\Soybe-main\data\com_fundo_filtrado\RGB_JPG_QUEBRADOS\grao_DSC_0454_id86.png,RGB_JPG_QUEBRADOS,RGB_JPG_QUEBRADOS
C:\Users\eduar\Desktop\Soybe-main\data\com_fundo_filtrado\RGB_JPG_Normais\grao_DSC_0212_id15.png,RGB_JPG_Normais,RGB_JPG_Normais
C:\Users\eduar\Desktop\Soybe-main\data\com_fundo_filtrado\RGB_JPG_IMPUREZAS\grao_DSC_0018_id230.png,RGB_JPG_IMPUREZAS,RGB_JPG_IMPUREZAS
C:\Users\eduar\Desktop\Soybe-main\data\com_fundo_filtrado\RGB_JPG_QUEBRADOS\grao_DSC_0461_id31.png,RGB_JPG_QUEBRADOS,RGB_JPG_QUEBRADOS
C:\Users\eduar\Desktop\Soybe-main\data\com_fundo_filtrado\RGB_JPG_Normais\grao_DSC_0221_id31.png,RGB_JPG_Normais,RGB_JPG_Normais
C:\Users\eduar\Desktop\Soybe-main\data\com_fundo_filtrado\RGB_JPG_CHOCHOS\grao_DSC_0335_id72.png,RGB_JPG_CHOCHOS,RGB_JPG_CHOCHOS
C:\Users\eduar\Desktop\Soybe-main\data\com_fundo_filtrado\RGB_JPG_Normais\grao_DSC_0151_id37.png,RGB_JPG_Normais,RGB_JPG_Normais
C:\Users\eduar\Desktop\Soybe-main\data\com_fundo_filtrado\RGB_JPG_Normais\grao_DSC_0217_id40.png,RGB_JPG_Normais,RGB_JPG_Normais
C:\Users\eduar\Desktop\Soybe-main\data\com_fundo_filtrado\RGB_JPG_CHOCHOS\grao_DSC_0351_id95.png,RGB_JPG_CHOCHOS,RGB_JPG_CHOCHOS
C:\Users\eduar\Desktop\Soybe-main\data\com_fundo_filtrado\RGB_JPG_CHOCHOS\grao_DSC_0351_id8.png,RGB_JPG_CHOCHOS,RGB_JPG_CHOCHOS
C:\Users\eduar\Desktop\Soybe-main\data\com_fundo_filtrado\RGB_JPG_CHOCHOS\grao_DSC_0350_id7.png,RGB_JPG_CHOCHOS,RGB_JPG_CHOCHOS
C:\Users\eduar\Desktop\Soybe-main\data\com_fundo_filtrado\RGB_JPG_Normais\grao_DSC_0392_id42.png,RGB_JPG_Normais,RGB_JPG_Normais
C:\Users\eduar\Desktop\Soybe-main\data\com_fundo_filtrado\RGB_JPG_IMPUREZAS\grao_DSC_0268_id198.png,RGB_JPG_IMPUREZAS,RGB_JPG_IMPUREZAS
C:\Users\eduar\Desktop\Soybe-main\data\com_fundo_filtrado\RGB_JPG_IMPUREZAS\grao_DSC_0228_id34.png,RGB_JPG_IMPUREZAS,RGB_JPG_IMPUREZAS
C:\Users\eduar\Desktop\Soybe-main\data\com_fundo_filtrado\RGB_JPG_QUEBRADOS\grao_DSC_0410_id66.png,RGB_JPG_QUEBRADOS,RGB_JPG_QUEBRADOS
C:\Users\eduar\Desktop\Soybe-main\data\com_fundo_filtrado\RGB_JPG_Normais\grao_DSC_0662_id54.png,RGB_JPG_Normais,RGB_JPG_Normais
C:\Users\eduar\Desktop\Soybe-main\data\com_fundo_filtrado\RGB_JPG_Normais\grao_DSC_0144_id35.png,RGB_JPG_Normais,RGB_JPG_Normais
C:\Users\eduar\Desktop\Soybe-main\data\com_fundo_filtrado\RGB_JPG_Normais\grao_DSC_0615_id110.png,RGB_JPG_Normais,RGB_JPG_Normais
C:\Users\eduar\Desktop\Soybe-main\data\com_fundo_filtrado\RGB_JPG_Normais\grao_DSC_0367_id71.png,RGB_JPG_Normais,RGB_JPG_Normais
C:\Users\eduar\Desktop\Soybe-main\data\com_fundo_filtrado\RGB_JPG_Normais\grao_DSC_0479_id46.png,RGB_JPG_Normais,RGB_JPG_Normais
C:\Users\eduar\Desktop\Soybe-main\data\com_fundo_filtrado\RGB_JPG_Normais\grao_DSC_0674_id80.png,RGB_JPG_Normais,RGB_JPG_Normais
C:\Users\eduar\Desktop\Soybe-main\data\com_fundo_filtrado\RGB_JPG_IMPUREZAS\grao_DSC_0010_id166.png,RGB_JPG_IMPUREZAS,RGB_JPG_IMPUREZAS
C:\Users\eduar\Desktop\Soybe-main\data\com_fundo_filtrado\RGB_JPG_CHOCHOS\grao_DSC_0357_id51.png,RGB_JPG_CHOCHOS,RGB_JPG_CHOCHOS
C:\Users\eduar\Desktop\Soybe-main\data\com_fundo_filtrado\RGB_JPG_IMPUREZAS\grao_DSC_0249_id139.png,RGB_JPG_IMPUREZAS,RGB_JPG_IMPUREZAS
C:\Users\eduar\Desktop\Soybe-main\data\com_fundo_filtrado\RGB_JPG_Normais\grao_DSC_0637_id92.png,RGB_JPG_Normais,RGB_JPG_Normais
C:\Users\eduar\Desktop\Soybe-main\data\com_fundo_filtrado\RGB_JPG_Normais\grao_DSC_0472_id65.png,RGB_JPG_Normais,RGB_JPG_Normais
C:\Users\eduar\Desktop\Soybe-main\data\com_fundo_filtrado\RGB_JPG_CHOCHOS\grao_DSC_0356_id63.png,RGB_JPG_CHOCHOS,RGB_JPG_CHOCHOS
C:\Users\eduar\Desktop\Soybe-main\data\com_fundo_filtrado\RGB_JPG_Normais\grao_DSC_0159_id95.png,RGB_JPG_Normais,RGB_JPG_Normais
C:\Users\eduar\Desktop\Soybe-main\data\com_fundo_filtrado\RGB_JPG_Normais\grao_DSC_0658_id41.png,RGB_JPG_Normais,RGB_JPG_Normais
C:\Users\eduar\Desktop\Soybe-main\data\com_fundo_filtrado\RGB_JPG_QUEBRADOS\grao_DSC_0459_id2.png,RGB_JPG_QUEBRADOS,RGB_JPG_QUEBRADOS
C:\Users\eduar\Desktop\Soybe-main\data\com_fundo_filtrado\RGB_JPG_QUEBRADOS\grao_DSC_0413_id17.png,RGB_JPG_QUEBRADOS,RGB_JPG_QUEBRADOS
C:\Users\eduar\Desktop\Soybe-main\data\com_fundo_filtrado\RGB_JPG_CHOCHOS\grao_DSC_0327_id95.png,RGB_JPG_CHOCHOS,RGB_JPG_CHOCHOS
C:\Users\eduar\Desktop\Soybe-main\data\com_fundo_filtrado\RGB_JPG_IMPUREZAS\grao_DSC_0006_id100.png,RGB_JPG_IMPUREZAS,RGB_JPG_IMPUREZAS
C:\Users\eduar\Desktop\Soybe-main\data\com_fundo_filtrado\RGB_JPG_QUEBRADOS\grao_DSC_0423_id94.png,RGB_JPG_QUEBRADOS,RGB_JPG_QUEBRADOS
C:\Users\eduar\Desktop\Soybe-main\data\com_fundo_filtrado\RGB_JPG_Normais\grao_DSC_0614_id85.png,RGB_JPG_Normais,RGB_JPG_Normais
C:\Users\eduar\Desktop\Soybe-main\data\com_fundo_filtrado\RGB_JPG_Normais\grao_DSC_0484_id52.png,RGB_JPG_Normais,RGB_JPG_Normais
C:\Users\eduar\Desktop\Soybe-main\data\com_fundo_filtrado\RGB_JPG_Normais\grao_DSC_0678_id95.png,RGB_JPG_Normais,RGB_JPG_Normais
C:\Users\eduar\Desktop\Soybe-main\data\com_fundo_filtrado\RGB_JPG_IMPUREZAS\grao_DSC_0285_id265.png,RGB_JPG_IMPUREZAS,RGB_JPG_IMPUREZAS
C:\Users\eduar\Desktop\Soybe-main\data\com_fundo_filtrado\RGB_JPG_Normais\grao_DSC_0480_id102.png,RGB_JPG_Normais,RGB_JPG_Normais
C:\Users\eduar\Desktop\Soybe-main\data\com_fundo_filtrado\RGB_JPG_Normais\grao_DSC_0221_id2.png,RGB_JPG_Normais,RGB_JPG_Normais
C:\Users\eduar\Desktop\Soybe-main\data\com_fundo_filtrado\RGB_JPG_Normais\grao_DSC_0663_id76.png,RGB_JPG_Normais,RGB_JPG_Normais
C:\Users\eduar\Desktop\Soybe-main\data\com_fundo_filtrado\RGB_JPG_IMPUREZAS\grao_DSC_0250_id190.png,RGB_JPG_IMPUREZAS,RGB_JPG_IMPUREZAS
C:\Users\eduar\Desktop\Soybe-main\data\com_fundo_filtrado\RGB_JPG_Normais\grao_DSC_0637_id5.png,RGB_JPG_Normais,RGB_JPG_Normais
C:\Users\eduar\Desktop\Soybe-main\data\com_fundo_filtrado\RGB_JPG_IMPUREZAS\grao_DSC_0295_id147.png,RGB_JPG_IMPUREZAS,RGB_JPG_IMPUREZAS
C:\Users\eduar\Desktop\Soybe-main\data\com_fundo_filtrado\RGB_JPG_Normais\grao_DSC_0150_id111.png,RGB_JPG_Normais,RGB_JPG_Normais
C:\Users\eduar\Desktop\Soybe-main\data\com_fundo_filtrado\RGB_JPG_Normais\grao_DSC_0483_id1.png,RGB_JPG_Normais,RGB_JPG_Normais
C:\Users\eduar\Desktop\Soybe-main\data\com_fundo_filtrado\RGB_JPG_Normais\grao_DSC_0631_id1.png,RGB_JPG_Normais,RGB_JPG_Normais
C:\Users\eduar\Desktop\Soybe-main\data\com_fundo_filtrado\RGB_JPG_Normais\grao_DSC_0211_id83.png,RGB_JPG_Normais,RGB_JPG_Normais
C:\Users\eduar\Desktop\Soybe-main\data\com_fundo_filtrado\RGB_JPG_IMPUREZAS\grao_DSC_0251_id192.png,RGB_JPG_IMPUREZAS,RGB_JPG_IMPUREZAS
C:\Users\eduar\Desktop\Soybe-main\data\com_fundo_filtrado\RGB_JPG_IMPUREZAS\grao_DSC_0224_id172.png,RGB_JPG_IMPUREZAS,RGB_JPG_IMPUREZAS
C:\Users\eduar\Desktop\Soybe-main\data\com_fundo_filtrado\RGB_JPG_QUEBRADOS\grao_DSC_0408_id64.png,RGB_JPG_QUEBRADOS,RGB_JPG_QUEBRADOS
C:\Users\eduar\Desktop\Soybe-main\data\com_fundo_filtrado\RGB_JPG_IMPUREZAS\grao_DSC_0275_id25.png,RGB_JPG_IMPUREZAS,RGB_JPG_IMPUREZAS
C:\Users\eduar\Desktop\Soybe-main\data\com_fundo_filtrado\RGB_JPG_Normais\grao_DSC_0612_id23.png,RGB_JPG_Normais,RGB_JPG_Normais
C:\Users\eduar\Desktop\Soybe-main\data\com_fundo_filtrado\RGB_JPG_CHOCHOS\grao_DSC_0316_id39.png,RGB_JPG_CHOCHOS,RGB_JPG_CHOCHOS
C:\Users\eduar\Desktop\Soybe-main\data\com_fundo_filtrado\RGB_JPG_QUEBRADOS\grao_DSC_0433_id1.png,RGB_JPG_QUEBRADOS,RGB_JPG_QUEBRADOS
C:\Users\eduar\Desktop\Soybe-main\data\com_fundo_filtrado\RGB_JPG_IMPUREZAS\grao_DSC_0223_id125.png,RGB_JPG_IMPUREZAS,RGB_JPG_IMPUREZAS
C:\Users\eduar\Desktop\Soybe-main\data\com_fundo_filtrado\RGB_JPG_Normais\grao_DSC_0629_id82.png,RGB_JPG_Normais,RGB_JPG_Normais
C:\Users\eduar\Desktop\Soybe-main\data\com_fundo_filtrado\RGB_JPG_Normais\grao_DSC_0611_id34.png,RGB_JPG_Normais,RGB_JPG_Normais
C:\Users\eduar\Desktop\Soybe-main\data\com_fundo_filtrado\RGB_JPG_QUEBRADOS\grao_DSC_0424_id38.png,RGB_JPG_QUEBRADOS,RGB_JPG_QUEBRADOS
C:\Users\eduar\Desktop\Soybe-main\data\com_fundo_filtrado\RGB_JPG_Normais\grao_DSC_0380_id65.png,RGB_JPG_Normais,RGB_JPG_Normais
C:\Users\eduar\Desktop\Soybe-main\data\com_fundo_filtrado\RGB_JPG_QUEBRADOS\grao_DSC_0458_id92.png,RGB_JPG_QUEBRADOS,RGB_JPG_QUEBRADOS
C:\Users\eduar\Desktop\Soybe-main\data\com_fundo_filtrado\RGB_JPG_IMPUREZAS\grao_DSC_0010_id163.png,RGB_JPG_IMPUREZAS,RGB_JPG_IMPUREZAS
C:\Users\eduar\Desktop\Soybe-main\data\com_fundo_filtrado\RGB_JPG_IMPUREZAS\grao_DSC_0225_id49.png,RGB_JPG_IMPUREZAS,RGB_JPG_IMPUREZAS
C:\Users\eduar\Desktop\Soybe-main\data\com_fundo_filtrado\RGB_JPG_Normais\grao_DSC_0666_id46.png,RGB_JPG_Normais,RGB_JPG_Normais
C:\Users\eduar\Desktop\Soybe-main\data\com_fundo_filtrado\RGB_JPG_CHOCHOS\grao_DSC_0318_id64.png,RGB_JPG_CHOCHOS,RGB_JPG_CHOCHOS
C:\Users\eduar\Desktop\Soybe-main\data\com_fundo_filtrado\RGB_JPG_Normais\grao_DSC_0672_id25.png,RGB_JPG_Normais,RGB_JPG_Normais
C:\Users\eduar\Desktop\Soybe-main\data\com_fundo_filtrado\RGB_JPG_IMPUREZAS\grao_DSC_0028_id4.png,RGB_JPG_IMPUREZAS,RGB_JPG_IMPUREZAS
C:\Users\eduar\Desktop\Soybe-main\data\com_fundo_filtrado\RGB_JPG_IMPUREZAS\grao_DSC_0004_id234.png,RGB_JPG_IMPUREZAS,RGB_JPG_IMPUREZAS
C:\Users\eduar\Desktop\Soybe-main\data\com_fundo_filtrado\RGB_JPG_Normais\grao_DSC_0155_id105.png,RGB_JPG_Normais,RGB_JPG_Normais
C:\Users\eduar\Desktop\Soybe-main\data\com_fundo_filtrado\RGB_JPG_QUEBRADOS\grao_DSC_0429_id44.png,RGB_JPG_QUEBRADOS,RGB_JPG_QUEBRADOS
C:\Users\eduar\Desktop\Soybe-main\data\com_fundo_filtrado\RGB_JPG_Normais\grao_DSC_0393_id21.png,RGB_JPG_Normais,RGB_JPG_Normais
C:\Users\eduar\Desktop\Soybe-main\data\com_fundo_filtrado\RGB_JPG_MAMONAS\grao_DSC_0188_id146.png,RGB_JPG_MAMONAS,RGB_JPG_MAMONAS
C:\Users\eduar\Desktop\Soybe-main\data\com_fundo_filtrado\RGB_JPG_QUEBRADOS\grao_DSC_0406_id63.png,RGB_JPG_QUEBRADOS,RGB_JPG_QUEBRADOS
C:\Users\eduar\Desktop\Soybe-main\data\com_fundo_filtrado\RGB_JPG_PURPURAS\grao_DSC_0046_id47.png,RGB_JPG_PURPURAS,RGB_JPG_PURPURAS
C:\Users\eduar\Desktop\Soybe-main\data\com_fundo_filtrado\RGB_JPG_CHOCHOS\grao_DSC_0356_id45.png,RGB_JPG_CHOCHOS,RGB_JPG_CHOCHOS
C:\Users\eduar\Desktop\Soybe-main\data\com_fundo_filtrado\RGB_JPG_Normais\grao_DSC_0468_id47.png,RGB_JPG_Normais,RGB_JPG_Normais
C:\Users\eduar\Desktop\Soybe-main\data\com_fundo_filtrado\RGB_JPG_Normais\grao_DSC_0480_id44.png,RGB_JPG_Normais,RGB_JPG_Normais
C:\Users\eduar\Desktop\Soybe-main\data\com_fundo_filtrado\RGB_JPG_CHOCHOS\grao_DSC_0352_id93.png,RGB_JPG_CHOCHOS,RGB_JPG_CHOCHOS
C:\Users\eduar\Desktop\Soybe-main\data\com_fundo_filtrado\RGB_JPG_QUEBRADOS\grao_DSC_0406_id29.png,RGB_JPG_QUEBRADOS,RGB_JPG_QUEBRADOS
C:\Users\eduar\Desktop\Soybe-main\data\com_fundo_filtrado\RGB_JPG_IMPUREZAS\grao_DSC_0038_id58.png,RGB_JPG_IMPUREZAS,RGB_JPG_IMPUREZAS
C:\Users\eduar\Desktop\Soybe-main\data\com_fundo_filtrado\RGB_JPG_IMPUREZAS\grao_DSC_0008_id63.png,RGB_JPG_IMPUREZAS,RGB_JPG_IMPUREZAS
C:\Users\eduar\Desktop\Soybe-main\data\com_fundo_filtrado\RGB_JPG_Normais\grao_DSC_0161_id11.png,RGB_JPG_Normais,RGB_JPG_Normais
C:\Users\eduar\Desktop\Soybe-main\data\com_fundo_filtrado\RGB_JPG_IMPUREZAS\grao_DSC_0230_id64.png,RGB_JPG_IMPUREZAS,RGB_JPG_IMPUREZAS
C:\Users\eduar\Desktop\Soybe-main\data\com_fundo_filtrado\RGB_JPG_IMPUREZAS\grao_DSC_0007_id167.png,RGB_JPG_IMPUREZAS,RGB_JPG_IMPUREZAS
C:\Users\eduar\Desktop\Soybe-main\data\com_fundo_filtrado\RGB_JPG_Normais\grao_DSC_0505_id37.png,RGB_JPG_Normais,RGB_JPG_Normais
C:\Users\eduar\Desktop\Soybe-main\data\com_fundo_filtrado\RGB_JPG_IMPUREZAS\grao_DSC_0275_id81.png,RGB_JPG_IMPUREZAS,RGB_JPG_IMPUREZAS
C:\Users\eduar\Desktop\Soybe-main\data\com_fundo_filtrado\RGB_JPG_Normais\grao_DSC_0372_id56.png,RGB_JPG_Normais,RGB_JPG_Normais
C:\Users\eduar\Desktop\Soybe-main\data\com_fundo_filtrado\RGB_JPG_Normais\grao_DSC_0219_id71.png,RGB_JPG_Normais,RGB_JPG_Normais
C:\Users\eduar\Desktop\Soybe-main\data\com_fundo_filtrado\RGB_JPG_Normais\grao_DSC_0512_id67.png,RGB_JPG_Normais,RGB_JPG_Normais
C:\Users\eduar\Desktop\Soybe-main\data\com_fundo_filtrado\RGB_JPG_Normais\grao_DSC_0490_id94.png,RGB_JPG_Normais,RGB_JPG_Normais
C:\Users\eduar\Desktop\Soybe-main\data\com_fundo_filtrado\RGB_JPG_Normais\grao_DSC_0609_id112.png,RGB_JPG_Normais,RGB_JPG_Normais
C:\Users\eduar\Desktop\Soybe-main\data\com_fundo_filtrado\RGB_JPG_IMPUREZAS\grao_DSC_0265_id154.png,RGB_JPG_IMPUREZAS,RGB_JPG_IMPUREZAS
C:\Users\eduar\Desktop\Soybe-main\data\com_fundo_filtrado\RGB_JPG_Normais\grao_DSC_0641_id64.png,RGB_JPG_Normais,RGB_JPG_Normais
C:\Users\eduar\Desktop\Soybe-main\data\com_fundo_filtrado\RGB_JPG_IMPUREZAS\grao_DSC_0021_id156.png,RGB_JPG_IMPUREZAS,RGB_JPG_IMPUREZAS
C:\Users\eduar\Desktop\Soybe-main\data\com_fundo_filtrado\RGB_JPG_IMPUREZAS\grao_DSC_0273_id178.png,RGB_JPG_IMPUREZAS,RGB_JPG_IMPUREZAS
C:\Users\eduar\Desktop\Soybe-main\data\com_fundo_filtrado\RGB_JPG_QUEBRADOS\grao_DSC_0466_id37.png,RGB_JPG_QUEBRADOS,RGB_JPG_QUEBRADOS
C:\Users\eduar\Desktop\Soybe-main\data\com_fundo_filtrado\RGB_JPG_QUEBRADOS\grao_DSC_0408_id70.png,RGB_JPG_QUEBRADOS,RGB_JPG_QUEBRADOS
C:\Users\eduar\Desktop\Soybe-main\data\com_fundo_filtrado\RGB_JPG_IMPUREZAS\grao_DSC_0272_id130.png,RGB_JPG_IMPUREZAS,RGB_JPG_IMPUREZAS
C:\Users\eduar\Desktop\Soybe-main\data\com_fundo_filtrado\RGB_JPG_Normais\grao_DSC_0665_id94.png,RGB_JPG_Normais,RGB_JPG_Normais
C:\Users\eduar\Desktop\Soybe-main\data\com_fundo_filtrado\RGB_JPG_CHOCHOS\grao_DSC_0318_id38.png,RGB_JPG_CHOCHOS,RGB_JPG_CHOCHOS
C:\Users\eduar\Desktop\Soybe-main\data\com_fundo_filtrado\RGB_JPG_IMPUREZAS\grao_DSC_0276_id284.png,RGB_JPG_IMPUREZAS,RGB_JPG_IMPUREZAS
C:\Users\eduar\Desktop\Soybe-main\data\com_fundo_filtrado\RGB_JPG_CHOCHOS\grao_DSC_0338_id49.png,RGB_JPG_CHOCHOS,RGB_JPG_CHOCHOS
C:\Users\eduar\Desktop\Soybe-main\data\com_fundo_filtrado\RGB_JPG_CHOCHOS\grao_DSC_0359_id87.png,RGB_JPG_CHOCHOS,RGB_JPG_CHOCHOS
C:\Users\eduar\Desktop\Soybe-main\data\com_fundo_filtrado\RGB_JPG_IMPUREZAS\grao_DSC_0262_id153.png,RGB_JPG_IMPUREZAS,RGB_JPG_IMPUREZAS
C:\Users\eduar\Desktop\Soybe-main\data\com_fundo_filtrado\RGB_JPG_ESVERDEADO\grao_DSC_0308_id47.png,RGB_JPG_ESVERDEADO,RGB_JPG_CHOCHOS
C:\Users\eduar\Desktop\Soybe-main\data\com_fundo_filtrado\RGB_JPG_Normais\grao_DSC_0391_id112.png,RGB_JPG_Normais,RGB_JPG_Normais
C:\Users\eduar\Desktop\Soybe-main\data\com_fundo_filtrado\RGB_JPG_IMPUREZAS\grao_DSC_0043_id58.png,RGB_JPG_IMPUREZAS,RGB_JPG_IMPUREZAS
C:\Users\eduar\Desktop\Soybe-main\data\com_fundo_filtrado\RGB_JPG_Normais\grao_DSC_0659_id38.png,RGB_JPG_Normais,RGB_JPG_Normais
C:\Users\eduar\Desktop\Soybe-main\data\com_fundo_filtrado\RGB_JPG_Normais\grao_DSC_0158_id29.png,RGB_JPG_Normais,RGB_JPG_Normais
C:\Users\eduar\Desktop\Soybe-main\data\com_fundo_filtrado\RGB_JPG_CHOCHOS\grao_DSC_0357_id63.png,RGB_JPG_CHOCHOS,RGB_JPG_CHOCHOS
C:\Users\eduar\Desktop\Soybe-main\data\com_fundo_filtrado\RGB_JPG_ESVERDEADO\grao_DSC_0312_id32.png,RGB_JPG_ESVERDEADO,RGB_JPG_ESVERDEADO
C:\Users\eduar\Desktop\Soybe-main\data\com_fundo_filtrado\RGB_JPG_CHOCHOS\grao_DSC_0353_id29.png,RGB_JPG_CHOCHOS,RGB_JPG_CHOCHOS
C:\Users\eduar\Desktop\Soybe-main\data\com_fundo_filtrado\RGB_JPG_QUEBRADOS\grao_DSC_0440_id57.png,RGB_JPG_QUEBRADOS,RGB_JPG_QUEBRADOS
C:\Users\eduar\Desktop\Soybe-main\data\com_fundo_filtrado\RGB_JPG_Normais\grao_DSC_0519_id1.png,RGB_JPG_Normais,RGB_JPG_Normais
C:\Users\eduar\Desktop\Soybe-main\data\com_fundo_filtrado\RGB_JPG_IMPUREZAS\grao_DSC_0252_id227.png,RGB_JPG_IMPUREZAS,RGB_JPG_IMPUREZAS
C:\Users\eduar\Desktop\Soybe-main\data\com_fundo_filtrado\RGB_JPG_Normais\grao_DSC_0621_id30.png,RGB_JPG_Normais,RGB_JPG_Normais
C:\Users\eduar\Desktop\Soybe-main\data\com_fundo_filtrado\RGB_JPG_QUEBRADOS\grao_DSC_0460_id4.png,RGB_JPG_QUEBRADOS,RGB_JPG_QUEBRADOS
C:\Users\eduar\Desktop\Soybe-main\data\com_fundo_filtrado\RGB_JPG_Normais\grao_DSC_0154_id58.png,RGB_JPG_Normais,RGB_JPG_Normais
C:\Users\eduar\Desktop\Soybe-main\data\com_fundo_filtrado\RGB_JPG_IMPUREZAS\grao_DSC_0228_id102.png,RGB_JPG_IMPUREZAS,RGB_JPG_IMPUREZAS
C:\Users\eduar\Desktop\Soybe-main\data\com_fundo_filtrado\RGB_JPG_QUEBRADOS\grao_DSC_0439_id14.png,RGB_JPG_QUEBRADOS,RGB_JPG_QUEBRADOS
C:\Users\eduar\Desktop\Soybe-main\data\com_fundo_filtrado\RGB_JPG_Normais\grao_DSC_0379_id91.png,RGB_JPG_Normais,RGB_JPG_Normais
C:\Users\eduar\Desktop\Soybe-main\data\com_fundo_filtrado\RGB_JPG_ESVERDEADO\grao_DSC_0308_id16.png,RGB_JPG_ESVERDEADO,RGB_JPG_ESVERDEADO
C:\Users\eduar\Desktop\Soybe-main\data\com_fundo_filtrado\RGB_JPG_IMPUREZAS\grao_DSC_0031_id32.png,RGB_JPG_IMPUREZAS,RGB_JPG_IMPUREZAS
C:\Users\eduar\Desktop\Soybe-main\data\com_fundo_filtrado\RGB_JPG_QUEBRADOS\grao_DSC_0460_id52.png,RGB_JPG_QUEBRADOS,RGB_JPG_QUEBRADOS
C:\Users\eduar\Desktop\Soybe-main\data\com_fundo_filtrado\RGB_JPG_IMPUREZAS\grao_DSC_0232_id2.png,RGB_JPG_IMPUREZAS,RGB_JPG_IMPUREZAS
C:\Users\eduar\Desktop\Soybe-main\data\com_fundo_filtrado\RGB_JPG_Normais\grao_DSC_0612_id30.png,RGB_JPG_Normais,RGB_JPG_Normais
C:\Users\eduar\Desktop\Soybe-main\data\com_fundo_filtrado\RGB_JPG_CHOCHOS\grao_DSC_0357_id102.png,RGB_JPG_CHOCHOS,RGB_JPG_CHOCHOS
C:\Users\eduar\Desktop\Soybe-main\data\com_fundo_filtrado\RGB_JPG_Normais\grao_DSC_0479_id56.png,RGB_JPG_Normais,RGB_JPG_Normais
C:\Users\eduar\Desktop\Soybe-main\data\com_fundo_filtrado\RGB_JPG_IMPUREZAS\grao_DSC_0290_id38.png,RGB_JPG_IMPUREZAS,RGB_JPG_IMPUREZAS
C:\Users\eduar\Desktop\Soybe-main\data\com_fundo_filtrado\RGB_JPG_Normais\grao_DSC_0470_id40.png,RGB_JPG_Normais,RGB_JPG_Normais
C:\Users\eduar\Desktop\Soybe-main\data\com_fundo_filtrado\RGB_JPG_Normais\grao_DSC_0676_id72.png,RGB_JPG_Normais,RGB_JPG_Normais
C:\Users\eduar\Desktop\Soybe-main\data\com_fundo_filtrado\RGB_JPG_QUEBRADOS\grao_DSC_0407_id56.png,RGB_JPG_QUEBRADOS,RGB_JPG_QUEBRADOS
C:\Users\eduar\Desktop\Soybe-main\data\com_fundo_filtrado\RGB_JPG_Normais\grao_DSC_0383_id21.png,RGB_JPG_Normais,RGB_JPG_Normais
C:\Users\eduar\Desktop\Soybe-main\data\com_fundo_filtrado\RGB_JPG_Normais\grao_DSC_0136_id75.png,RGB_JPG_Normais,RGB_JPG_Normais
C:\Users\eduar\Desktop\Soybe-main\data\com_fundo_filtrado\RGB_JPG_IMPUREZAS\grao_DSC_0021_id147.png,RGB_JPG_IMPUREZAS,RGB_JPG_IMPUREZAS
C:\Users\eduar\Desktop\Soybe-main\data\com_fundo_filtrado\RGB_JPG_IMPUREZAS\grao_DSC_0243_id183.png,RGB_JPG_IMPUREZAS,RGB_JPG_IMPUREZAS
C:\Users\eduar\Desktop\Soybe-main\data\com_fundo_filtrado\RGB_JPG_IMPUREZAS\grao_DSC_0283_id81.png,RGB_JPG_IMPUREZAS,RGB_JPG_IMPUREZAS
C:\Users\eduar\Desktop\Soybe-main\data\com_fundo_filtrado\RGB_JPG_IMPUREZAS\grao_DSC_0289_id138.png,RGB_JPG_IMPUREZAS,RGB_JPG_IMPUREZAS
C:\Users\eduar\Desktop\Soybe-main\data\com_fundo_filtrado\RGB_JPG_CHOCHOS\grao_DSC_0327_id108.png,RGB_JPG_CHOCHOS,RGB_JPG_CHOCHOS
C:\Users\eduar\Desktop\Soybe-main\data\com_fundo_filtrado\RGB_JPG_IMPUREZAS\grao_DSC_0254_id111.png,RGB_JPG_IMPUREZAS,RGB_JPG_IMPUREZAS
C:\Users\eduar\Desktop\Soybe-main\data\com_fundo_filtrado\RGB_JPG_QUEBRADOS\grao_DSC_0446_id33.png,RGB_JPG_QUEBRADOS,RGB_JPG_QUEBRADOS
C:\Users\eduar\Desktop\Soybe-main\data\com_fundo_filtrado\RGB_JPG_Normais\grao_DSC_0665_id16.png,RGB_JPG_Normais,RGB_JPG_Normais
C:\Users\eduar\Desktop\Soybe-main\data\com_fundo_filtrado\RGB_JPG_Normais\grao_DSC_0468_id35.png,RGB_JPG_Normais,RGB_JPG_Normais
C:\Users\eduar\Desktop\Soybe-main\data\com_fundo_filtrado\RGB_JPG_Normais\grao_DSC_0656_id64.png,RGB_JPG_Normais,RGB_JPG_Normais
C:\Users\eduar\Desktop\Soybe-main\data\com_fundo_filtrado\RGB_JPG_Normais\grao_DSC_0649_id4.png,RGB_JPG_Normais,RGB_JPG_Normais
C:\Users\eduar\Desktop\Soybe-main\data\com_fundo_filtrado\RGB_JPG_IMPUREZAS\grao_DSC_0270_id111.png,RGB_JPG_IMPUREZAS,RGB_JPG_IMPUREZAS
C:\Users\eduar\Desktop\Soybe-main\data\com_fundo_filtrado\RGB_JPG_QUEBRADOS\grao_DSC_0443_id23.png,RGB_JPG_QUEBRADOS,RGB_JPG_QUEBRADOS
C:\Users\eduar\Desktop\Soybe-main\data\com_fundo_filtrado\RGB_JPG_IMPUREZAS\grao_DSC_0041_id147.png,RGB_JPG_IMPUREZAS,RGB_JPG_IMPUREZAS
C:\Users\eduar\Desktop\Soybe-main\data\com_fundo_filtrado\RGB_JPG_CHOCHOS\grao_DSC_0343_id78.png,RGB_JPG_CHOCHOS,RGB_JPG_CHOCHOS
C:\Users\eduar\Desktop\Soybe-main\data\com_fundo_filtrado\RGB_JPG_Normais\grao_DSC_0612_id2.png,RGB_JPG_Normais,RGB_JPG_Normais
C:\Users\eduar\Desktop\Soybe-main\data\com_fundo_filtrado\RGB_JPG_IMPUREZAS\grao_DSC_0277_id105.png,RGB_JPG_IMPUREZAS,RGB_JPG_IMPUREZAS
C:\Users\eduar\Desktop\Soybe-main\data\com_fundo_filtrado\RGB_JPG_Normais\grao_DSC_0636_id61.png,RGB_JPG_Normais,RGB_JPG_Normais
C:\Users\eduar\Desktop\Soybe-main\data\com_fundo_filtrado\RGB_JPG_Normais\grao_DSC_0520_id38.png,RGB_JPG_Normais,RGB_JPG_Normais
C:\Users\eduar\Desktop\Soybe-main\data\com_fundo_filtrado\RGB_JPG_CHOCHOS\grao_DSC_0318_id81.png,RGB_JPG_CHOCHOS,RGB_JPG_CHOCHOS
C:\Users\eduar\Desktop\Soybe-main\data\com_fundo_filtrado\RGB_JPG_Normais\grao_DSC_0494_id80.png,RGB_JPG_Normais,RGB_JPG_Normais
C:\Users\eduar\Desktop\Soybe-main\data\com_fundo_filtrado\RGB_JPG_Normais\grao_DSC_0665_id45.png,RGB_JPG_Normais,RGB_JPG_Normais
C:\Users\eduar\Desktop\Soybe-main\data\com_fundo_filtrado\RGB_JPG_Normais\grao_DSC_0520_id37.png,RGB_JPG_Normais,RGB_JPG_Normais
C:\Users\eduar\Desktop\Soybe-main\data\com_fundo_filtrado\RGB_JPG_CHOCHOS\grao_DSC_0338_id8.png,RGB_JPG_CHOCHOS,RGB_JPG_CHOCHOS
C:\Users\eduar\Desktop\Soybe-main\data\com_fundo_filtrado\RGB_JPG_CHOCHOS\grao_DSC_0332_id86.png,RGB_JPG_CHOCHOS,RGB_JPG_CHOCHOS
C:\Users\eduar\Desktop\Soybe-main\data\com_fundo_filtrado\RGB_JPG_IMPUREZAS\grao_DSC_0296_id219.png,RGB_JPG_IMPUREZAS,RGB_JPG_IMPUREZAS
C:\Users\eduar\Desktop\Soybe-main\data\com_fundo_filtrado\RGB_JPG_Normais\grao_DSC_0136_id59.png,RGB_JPG_Normais,RGB_JPG_Normais
C:\Users\eduar\Desktop\Soybe-main\data\com_fundo_filtrado\RGB_JPG_QUEBRADOS\grao_DSC_0428_id71.png,RGB_JPG_QUEBRADOS,RGB_JPG_QUEBRADOS
C:\Users\eduar\Desktop\Soybe-main\data\com_fundo_filtrado\RGB_JPG_QUEBRADOS\grao_DSC_0408_id43.png,RGB_JPG_QUEBRADOS,RGB_JPG_QUEBRADOS
C:\Users\eduar\Desktop\Soybe-main\data\com_fundo_filtrado\RGB_JPG_IMPUREZAS\grao_DSC_0270_id1.png,RGB_JPG_IMPUREZAS,RGB_JPG_IMPUREZAS
C:\Users\eduar\Desktop\Soybe-main\data\com_fundo_filtrado\RGB_JPG_Normais\grao_DSC_0388_id30.png,RGB_JPG_Normais,RGB_JPG_Normais
C:\Users\eduar\Desktop\Soybe-main\data\com_fundo_filtrado\RGB_JPG_Normais\grao_DSC_0389_id29.png,RGB_JPG_Normais,RGB_JPG_Normais
C:\Users\eduar\Desktop\Soybe-main\data\com_fundo_filtrado\RGB_JPG_Normais\grao_DSC_0513_id41.png,RGB_JPG_Normais,RGB_JPG_Normais
C:\Users\eduar\Desktop\Soybe-main\data\com_fundo_filtrado\RGB_JPG_Normais\grao_DSC_0469_id78.png,RGB_JPG_Normais,RGB_JPG_Normais
C:\Users\eduar\Desktop\Soybe-main\data\com_fundo_filtrado\RGB_JPG_Normais\grao_DSC_0469_id50.png,RGB_JPG_Normais,RGB_JPG_Normais
C:\Users\eduar\Desktop\Soybe-main\data\com_fundo_filtrado\RGB_JPG_IMPUREZAS\grao_DSC_0294_id79.png,RGB_JPG_IMPUREZAS,RGB_JPG_IMPUREZAS
C:\Users\eduar\Desktop\Soybe-main\data\com_fundo_filtrado\RGB_JPG_CHOCHOS\grao_DSC_0326_id81.png,RGB_JPG_CHOCHOS,RGB_JPG_CHOCHOS
C:\Users\eduar\Desktop\Soybe-main\data\com_fundo_filtrado\RGB_JPG_Normais\grao_DSC_0160_id66.png,RGB_JPG_Normais,RGB_JPG_Normais
C:\Users\eduar\Desktop\Soybe-main\data\com_fundo_filtrado\RGB_JPG_CHOCHOS\grao_DSC_0331_id7.png,RGB_JPG_CHOCHOS,RGB_JPG_CHOCHOS
C:\Users\eduar\Desktop\Soybe-main\data\com_fundo_filtrado\RGB_JPG_Normais\grao_DSC_0215_id16.png,RGB_JPG_Normais,RGB_JPG_Normais
C:\Users\eduar\Desktop\Soybe-main\data\com_fundo_filtrado\RGB_JPG_QUEBRADOS\grao_DSC_0450_id1.png,RGB_JPG_QUEBRADOS,RGB_JPG_QUEBRADOS
C:\Users\eduar\Desktop\Soybe-main\data\com_fundo_filtrado\RGB_JPG_Normais\grao_DSC_0395_id115.png,RGB_JPG_Normais,RGB_JPG_Normais
C:\Users\eduar\Desktop\Soybe-main\data\com_fundo_filtrado\RGB_JPG_PURPURAS\grao_DSC_0049_id8.png,RGB_JPG_PURPURAS,RGB_JPG_PURPURAS
C:\Users\eduar\Desktop\Soybe-main\data\com_fundo_filtrado\RGB_JPG_Normais\grao_DSC_0622_id36.png,RGB_JPG_Normais,RGB_JPG_Normais
C:\Users\eduar\Desktop\Soybe-main\data\com_fundo_filtrado\RGB_JPG_Normais\grao_DSC_0623_id61.png,RGB_JPG_Normais,RGB_JPG_Normais
C:\Users\eduar\Desktop\Soybe-main\data\com_fundo_filtrado\RGB_JPG_Normais\grao_DSC_0472_id106.png,RGB_JPG_Normais,RGB_JPG_Normais
C:\Users\eduar\Desktop\Soybe-main\data\com_fundo_filtrado\RGB_JPG_QUEBRADOS\grao_DSC_0408_id90.png,RGB_JPG_QUEBRADOS,RGB_JPG_QUEBRADOS
C:\Users\eduar\Desktop\Soybe-main\data\com_fundo_filtrado\RGB_JPG_QUEBRADOS\grao_DSC_0421_id109.png,RGB_JPG_QUEBRADOS,RGB_JPG_QUEBRADOS
C:\Users\eduar\Desktop\Soybe-main\data\com_fundo_filtrado\RGB_JPG_IMPUREZAS\grao_DSC_0025_id330.png,RGB_JPG_IMPUREZAS,RGB_JPG_IMPUREZAS
C:\Users\eduar\Desktop\Soybe-main\data\com_fundo_filtrado\RGB_JPG_IMPUREZAS\grao_DSC_0241_id2.png,RGB_JPG_IMPUREZAS,RGB_JPG_IMPUREZAS
C:\Users\eduar\Desktop\Soybe-main\data\com_fundo_filtrado\RGB_JPG_IMPUREZAS\grao_DSC_0289_id18.png,RGB_JPG_IMPUREZAS,RGB_JPG_IMPUREZAS
C:\Users\eduar\Desktop\Soybe-main\data\com_fundo_filtrado\RGB_JPG_CHOCHOS\grao_DSC_0334_id105.png,RGB_JPG_CHOCHOS,RGB_JPG_CHOCHOS
C:\Users\eduar\Desktop\Soybe-main\data\com_fundo_filtrado\RGB_JPG_Normais\grao_DSC_0643_id60.png,RGB_JPG_Normais,RGB_JPG_Normais
C:\Users\eduar\Desktop\Soybe-main\data\com_fundo_filtrado\RGB_JPG_IMPUREZAS\grao_DSC_0288_id155.png,RGB_JPG_IMPUREZAS,RGB_JPG_IMPUREZAS
C:\Users\eduar\Desktop\Soybe-main\data\com_fundo_filtrado\RGB_JPG_Normais\grao_DSC_0382_id61.png,RGB_JPG_Normais,RGB_JPG_Normais
C:\Users\eduar\Desktop\Soybe-main\data\com_fundo_filtrado\RGB_JPG_Normais\grao_DSC_0515_id72.png,RGB_JPG_Normais,RGB_JPG_Normais
C:\Users\eduar\Desktop\Soybe-main\data\com_fundo_filtrado\RGB_JPG_Normais\grao_DSC_0656_id30.png,RGB_JPG_Normais,RGB_JPG_Normais
C:\Users\eduar\Desktop\Soybe-main\data\com_fundo_filtrado\RGB_JPG_IMPUREZAS\grao_DSC_0294_id85.png,RGB_JPG_IMPUREZAS,RGB_JPG_IMPUREZAS
C:\Users\eduar\Desktop\Soybe-main\data\com_fundo_filtrado\RGB_JPG_Normais\grao_DSC_0137_id85.png,RGB_JPG_Normais,RGB_JPG_Normais
C:\Users\eduar\Desktop\Soybe-main\data\com_fundo_filtrado\RGB_JPG_Normais\grao_DSC_0152_id2.png,RGB_JPG_Normais,RGB_JPG_Normais
C:\Users\eduar\Desktop\Soybe-main\data\com_fundo_filtrado\RGB_JPG_Normais\grao_DSC_0480_id58.png,RGB_JPG_Normais,RGB_JPG_Normais
C:\Users\eduar\Desktop\Soybe-main\data\com_fundo_filtrado\RGB_JPG_Normais\grao_DSC_0680_id10.png,RGB_JPG_Normais,RGB_JPG_Normais
C:\Users\eduar\Desktop\Soybe-main\data\com_fundo_filtrado\RGB_JPG_IMPUREZAS\grao_DSC_0270_id252.png,RGB_JPG_IMPUREZAS,RGB_JPG_IMPUREZAS
C:\Users\eduar\Desktop\Soybe-main\data\com_fundo_filtrado\RGB_JPG_Normais\grao_DSC_0470_id47.png,RGB_JPG_Normais,RGB_JPG_Normais
C:\Users\eduar\Desktop\Soybe-main\data\com_fundo_filtrado\RGB_JPG_IMPUREZAS\grao_DSC_0276_id35.png,RGB_JPG_IMPUREZAS,RGB_JPG_IMPUREZAS
C:\Users\eduar\Desktop\Soybe-main\data\com_fundo_filtrado\RGB_JPG_QUEBRADOS\grao_DSC_0466_id65.png,RGB_JPG_QUEBRADOS,RGB_JPG_QUEBRADOS
C:\Users\eduar\Desktop\Soybe-main\data\com_fundo_filtrado\RGB_JPG_QUEBRADOS\grao_DSC_0415_id35.png,RGB_JPG_QUEBRADOS,RGB_JPG_QUEBRADOS
C:\Users\eduar\Desktop\Soybe-main\data\com_fundo_filtrado\RGB_JPG_Normais\grao_DSC_0367_id98.png,RGB_JPG_Normais,RGB_JPG_ESVERDEADO
C:\Users\eduar\Desktop\Soybe-main\data\com_fundo_filtrado\RGB_JPG_QUEBRADOS\grao_DSC_0422_id79.png,RGB_JPG_QUEBRADOS,RGB_JPG_QUEBRADOS
C:\Users\eduar\Desktop\Soybe-main\data\com_fundo_filtrado\RGB_JPG_Normais\grao_DSC_0395_id7.png,RGB_JPG_Normais,RGB_JPG_Normais
C:\Users\eduar\Desktop\Soybe-main\data\com_fundo_filtrado\RGB_JPG_IMPUREZAS\grao_DSC_0284_id77.png,RGB_JPG_IMPUREZAS,RGB_JPG_IMPUREZAS
C:\Users\eduar\Desktop\Soybe-main\data\com_fundo_filtrado\RGB_JPG_QUEBRADOS\grao_DSC_0420_id1.png,RGB_JPG_QUEBRADOS,RGB_JPG_QUEBRADOS
C:\Users\eduar\Desktop\Soybe-main\data\com_fundo_filtrado\RGB_JPG_CHOCHOS\grao_DSC_0324_id34.png,RGB_JPG_CHOCHOS,RGB_JPG_CHOCHOS
C:\Users\eduar\Desktop\Soybe-main\data\com_fundo_filtrado\RGB_JPG_IMPUREZAS\grao_DSC_0258_id25.png,RGB_JPG_IMPUREZAS,RGB_JPG_IMPUREZAS
C:\Users\eduar\Desktop\Soybe-main\data\com_fundo_filtrado\RGB_JPG_Normais\grao_DSC_0623_id98.png,RGB_JPG_Normais,RGB_JPG_Normais
C:\Users\eduar\Desktop\Soybe-main\data\com_fundo_filtrado\RGB_JPG_IMPUREZAS\grao_DSC_0287_id119.png,RGB_JPG_IMPUREZAS,RGB_JPG_IMPUREZAS
C:\Users\eduar\Desktop\Soybe-main\data\com_fundo_filtrado\RGB_JPG_Normais\grao_DSC_0399_id29.png,RGB_JPG_Normais,RGB_JPG_Normais
C:\Users\eduar\Desktop\Soybe-main\data\com_fundo_filtrado\RGB_JPG_Normais\grao_DSC_0214_id36.png,RGB_JPG_Normais,RGB_JPG_Normais
C:\Users\eduar\Desktop\Soybe-main\data\com_fundo_filtrado\RGB_JPG_MAMONAS\grao_DSC_0189_id167.png,RGB_JPG_MAMONAS,RGB_JPG_MAMONAS
C:\Users\eduar\Desktop\Soybe-main\data\com_fundo_filtrado\RGB_JPG_Normais\grao_DSC_0159_id57.png,RGB_JPG_Normais,RGB_JPG_Normais
C:\Users\eduar\Desktop\Soybe-main\data\com_fundo_filtrado\RGB_JPG_IMPUREZAS\grao_DSC_0253_id192.png,RGB_JPG_IMPUREZAS,RGB_JPG_IMPUREZAS
C:\Users\eduar\Desktop\Soybe-main\data\com_fundo_filtrado\RGB_JPG_CHOCHOS\grao_DSC_0327_id16.png,RGB_JPG_CHOCHOS,RGB_JPG_CHOCHOS
C:\Users\eduar\Desktop\Soybe-main\data\com_fundo_filtrado\RGB_JPG_Normais\grao_DSC_0608_id93.png,RGB_JPG_Normais,RGB_JPG_Normais
C:\Users\eduar\Desktop\Soybe-main\data\com_fundo_filtrado\RGB_JPG_CHOCHOS\grao_DSC_0353_id67.png,RGB_JPG_CHOCHOS,RGB_JPG_CHOCHOS
C:\Users\eduar\Desktop\Soybe-main\data\com_fundo_filtrado\RGB_JPG_Normais\grao_DSC_0615_id50.png,RGB_JPG_Normais,RGB_JPG_Normais
C:\Users\eduar\Desktop\Soybe-main\data\com_fundo_filtrado\RGB_JPG_Normais\grao_DSC_0136_id53.png,RGB_JPG_Normais,RGB_JPG_Normais
C:\Users\eduar\Desktop\Soybe-main\data\com_fundo_filtrado\RGB_JPG_Normais\grao_DSC_0506_id16.png,RGB_JPG_Normais,RGB_JPG_Normais
C:\Users\eduar\Desktop\Soybe-main\data\com_fundo_filtrado\RGB_JPG_CHOCHOS\grao_DSC_0346_id52.png,RGB_JPG_CHOCHOS,RGB_JPG_CHOCHOS
C:\Users\eduar\Desktop\Soybe-main\data\com_fundo_filtrado\RGB_JPG_IMPUREZAS\grao_DSC_0249_id180.png,RGB_JPG_IMPUREZAS,RGB_JPG_IMPUREZAS
C:\Users\eduar\Desktop\Soybe-main\data\com_fundo_filtrado\RGB_JPG_QUEBRADOS\grao_DSC_0436_id77.png,RGB_JPG_QUEBRADOS,RGB_JPG_QUEBRADOS
C:\Users\eduar\Desktop\Soybe-main\data\com_fundo_filtrado\RGB_JPG_Normais\grao_DSC_0672_id82.png,RGB_JPG_Normais,RGB_JPG_Normais
C:\Users\eduar\Desktop\Soybe-main\data\com_fundo_filtrado\RGB_JPG_QUEBRADOS\grao_DSC_0428_id77.png,RGB_JPG_QUEBRADOS,RGB_JPG_QUEBRADOS
C:\Users\eduar\Desktop\Soybe-main\data\com_fundo_filtrado\RGB_JPG_IMPUREZAS\grao_DSC_0284_id78.png,RGB_JPG_IMPUREZAS,RGB_JPG_IMPUREZAS
C:\Users\eduar\Desktop\Soybe-main\data\com_fundo_filtrado\RGB_JPG_IMPUREZAS\grao_DSC_0261_id38.png,RGB_JPG_IMPUREZAS,RGB_JPG_IMPUREZAS
C:\Users\eduar\Desktop\Soybe-main\data\com_fundo_filtrado\RGB_JPG_Normais\grao_DSC_0672_id67.png,RGB_JPG_Normais,RGB_JPG_Normais
C:\Users\eduar\Desktop\Soybe-main\data\com_fundo_filtrado\RGB_JPG_Normais\grao_DSC_0515_id18.png,RGB_JPG_Normais,RGB_JPG_Normais
C:\Users\eduar\Desktop\Soybe-main\data\com_fundo_filtrado\RGB_JPG_Normais\grao_DSC_0481_id70.png,RGB_JPG_Normais,RGB_JPG_Normais
C:\Users\eduar\Desktop\Soybe-main\data\com_fundo_filtrado\RGB_JPG_Normais\grao_DSC_0662_id16.png,RGB_JPG_Normais,RGB_JPG_Normais
C:\Users\eduar\Desktop\Soybe-main\data\com_fundo_filtrado\RGB_JPG_IMPUREZAS\grao_DSC_0031_id173.png,RGB_JPG_IMPUREZAS,RGB_JPG_IMPUREZAS
C:\Users\eduar\Desktop\Soybe-main\data\com_fundo_filtrado\RGB_JPG_Normais\grao_DSC_0623_id34.png,RGB_JPG_Normais,RGB_JPG_Normais
C:\Users\eduar\Desktop\Soybe-main\data\com_fundo_filtrado\RGB_JPG_CHOCHOS\grao_DSC_0356_id17.png,RGB_JPG_CHOCHOS,RGB_JPG_CHOCHOS
C:\Users\eduar\Desktop\Soybe-main\data\com_fundo_filtrado\RGB_JPG_IMPUREZAS\grao_DSC_0290_id142.png,RGB_JPG_IMPUREZAS,RGB_JPG_IMPUREZAS
C:\Users\eduar\Desktop\Soybe-main\data\com_fundo_filtrado\RGB_JPG_Normais\grao_DSC_0612_id24.png,RGB_JPG_Normais,RGB_JPG_Normais
C:\Users\eduar\Desktop\Soybe-main\data\com_fundo_filtrado\RGB_JPG_IMPUREZAS\grao_DSC_0044_id9.png,RGB_JPG_IMPUREZAS,RGB_JPG_IMPUREZAS
C:\Users\eduar\Desktop\Soybe-main\data\com_fundo_filtrado\RGB_JPG_Normais\grao_DSC_0472_id19.png,RGB_JPG_Normais,RGB_JPG_Normais
C:\Users\eduar\Desktop\Soybe-main\data\com_fundo_filtrado\RGB_JPG_IMPUREZAS\grao_DSC_0223_id112.png,RGB_JPG_IMPUREZAS,RGB_JPG_IMPUREZAS
C:\Users\eduar\Desktop\Soybe-main\data\com_fundo_filtrado\RGB_JPG_Normais\grao_DSC_0656_id11.png,RGB_JPG_Normais,RGB_JPG_Normais
C:\Users\eduar\Desktop\Soybe-main\data\com_fundo_filtrado\RGB_JPG_Normais\grao_DSC_0632_id92.png,RGB_JPG_Normais,RGB_JPG_Normais
C:\Users\eduar\Desktop\Soybe-main\data\com_fundo_filtrado\RGB_JPG_ESVERDEADO\grao_DSC_0305_id35.png,RGB_JPG_ESVERDEADO,RGB_JPG_ESVERDEADO
C:\Users\eduar\Desktop\Soybe-main\data\com_fundo_filtrado\RGB_JPG_Normais\grao_DSC_0377_id24.png,RGB_JPG_Normais,RGB_JPG_Normais
C:\Users\eduar\Desktop\Soybe-main\data\com_fundo_filtrado\RGB_JPG_Normais\grao_DSC_0648_id47.png,RGB_JPG_Normais,RGB_JPG_Normais
C:\Users\eduar\Desktop\Soybe-main\data\com_fundo_filtrado\RGB_JPG_QUEBRADOS\grao_DSC_0406_id13.png,RGB_JPG_QUEBRADOS,RGB_JPG_QUEBRADOS
C:\Users\eduar\Desktop\Soybe-main\data\com_fundo_filtrado\RGB_JPG_Normais\grao_DSC_0481_id7.png,RGB_JPG_Normais,RGB_JPG_Normais
C:\Users\eduar\Desktop\Soybe-main\data\com_fundo_filtrado\RGB_JPG_Normais\grao_DSC_0487_id72.png,RGB_JPG_Normais,RGB_JPG_Normais
C:\Users\eduar\Desktop\Soybe-main\data\com_fundo_filtrado\RGB_JPG_IMPUREZAS\grao_DSC_0288_id176.png,RGB_JPG_IMPUREZAS,RGB_JPG_IMPUREZAS
C:\Users\eduar\Desktop\Soybe-main\data\com_fundo_filtrado\RGB_JPG_Normais\grao_DSC_0672_id85.png,RGB_JPG_Normais,RGB_JPG_Normais
C:\Users\eduar\Desktop\Soybe-main\data\com_fundo_filtrado\RGB_JPG_PURPURAS\grao_DSC_0046_id10.png,RGB_JPG_PURPURAS,RGB_JPG_PURPURAS
C:\Users\eduar\Desktop\Soybe-main\data\com_fundo_filtrado\RGB_JPG_Normais\grao_DSC_0368_id11.png,RGB_JPG_Normais,RGB_JPG_Normais
C:\Users\eduar\Desktop\Soybe-main\data\com_fundo_filtrado\RGB_JPG_Normais\grao_DSC_0676_id30.png,RGB_JPG_Normais,RGB_JPG_Normais
C:\Users\eduar\Desktop\Soybe-main\data\com_fundo_filtrado\RGB_JPG_Normais\grao_DSC_0476_id59.png,RGB_JPG_Normais,RGB_JPG_Normais
C:\Users\eduar\Desktop\Soybe-main\data\com_fundo_filtrado\RGB_JPG_IMPUREZAS\grao_DSC_0286_id214.png,RGB_JPG_IMPUREZAS,RGB_JPG_IMPUREZAS
C:\Users\eduar\Desktop\Soybe-main\data\com_fundo_filtrado\RGB_JPG_IMPUREZAS\grao_DSC_0283_id131.png,RGB_JPG_IMPUREZAS,RGB_JPG_IMPUREZAS
C:\Users\eduar\Desktop\Soybe-main\data\com_fundo_filtrado\RGB_JPG_IMPUREZAS\grao_DSC_0247_id131.png,RGB_JPG_IMPUREZAS,RGB_JPG_IMPUREZAS
C:\Users\eduar\Desktop\Soybe-main\data\com_fundo_filtrado\RGB_JPG_IMPUREZAS\grao_DSC_0002_id294.png,RGB_JPG_IMPUREZAS,RGB_JPG_IMPUREZAS
C:\Users\eduar\Desktop\Soybe-main\data\com_fundo_filtrado\RGB_JPG_QUEBRADOS\grao_DSC_0462_id92.png,RGB_JPG_QUEBRADOS,RGB_JPG_QUEBRADOS
C:\Users\eduar\Desktop\Soybe-main\data\com_fundo_filtrado\RGB_JPG_IMPUREZAS\grao_DSC_0260_id163.png,RGB_JPG_IMPUREZAS,RGB_JPG_IMPUREZAS
C:\Users\eduar\Desktop\Soybe-main\data\com_fundo_filtrado\RGB_JPG_IMPUREZAS\grao_DSC_0224_id198.png,RGB_JPG_IMPUREZAS,RGB_JPG_IMPUREZAS
C:\Users\eduar\Desktop\Soybe-main\data\com_fundo_filtrado\RGB_JPG_Normais\grao_DSC_0489_id88.png,RGB_JPG_Normais,RGB_JPG_Normais
C:\Users\eduar\Desktop\Soybe-main\data\com_fundo_filtrado\RGB_JPG_Normais\grao_DSC_0375_id38.png,RGB_JPG_Normais,RGB_JPG_Normais
C:\Users\eduar\Desktop\Soybe-main\data\com_fundo_filtrado\RGB_JPG_PURPURAS\grao_DSC_0147_id4.png,RGB_JPG_PURPURAS,RGB_JPG_PURPURAS
C:\Users\eduar\Desktop\Soybe-main\data\com_fundo_filtrado\RGB_JPG_Normais\grao_DSC_0382_id41.png,RGB_JPG_Normais,RGB_JPG_Normais
C:\Users\eduar\Desktop\Soybe-main\data\com_fundo_filtrado\RGB_JPG_CHOCHOS\grao_DSC_0338_id20.png,RGB_JPG_CHOCHOS,RGB_JPG_CHOCHOS
C:\Users\eduar\Desktop\Soybe-main\data\com_fundo_filtrado\RGB_JPG_IMPUREZAS\grao_DSC_0268_id28.png,RGB_JPG_IMPUREZAS,RGB_JPG_IMPUREZAS
C:\Users\eduar\Desktop\Soybe-main\data\com_fundo_filtrado\RGB_JPG_Normais\grao_DSC_0508_id71.png,RGB_JPG_Normais,RGB_JPG_Normais
C:\Users\eduar\Desktop\Soybe-main\data\com_fundo_filtrado\RGB_JPG_Normais\grao_DSC_0642_id5.png,RGB_JPG_Normais,RGB_JPG_Normais
C:\Users\eduar\Desktop\Soybe-main\data\com_fundo_filtrado\RGB_JPG_Normais\grao_DSC_0645_id36.png,RGB_JPG_Normais,RGB_JPG_Normais
C:\Users\eduar\Desktop\Soybe-main\data\com_fundo_filtrado\RGB_JPG_QUEBRADOS\grao_DSC_0447_id14.png,RGB_JPG_QUEBRADOS,RGB_JPG_QUEBRADOS
C:\Users\eduar\Desktop\Soybe-main\data\com_fundo_filtrado\RGB_JPG_Normais\grao_DSC_0502_id98.png,RGB_JPG_Normais,RGB_JPG_Normais
C:\Users\eduar\Desktop\Soybe-main\data\com_fundo_filtrado\RGB_JPG_CHOCHOS\grao_DSC_0346_id49.png,RGB_JPG_CHOCHOS,RGB_JPG_CHOCHOS
C:\Users\eduar\Desktop\Soybe-main\data\com_fundo_filtrado\RGB_JPG_Normais\grao_DSC_0664_id96.png,RGB_JPG_Normais,RGB_JPG_Normais
C:\Users\eduar\Desktop\Soybe-main\data\com_fundo_filtrado\RGB_JPG_QUEBRADOS\grao_DSC_0447_id40.png,RGB_JPG_QUEBRADOS,RGB_JPG_QUEBRADOS
C:\Users\eduar\Desktop\Soybe-main\data\com_fundo_filtrado\RGB_JPG_Normais\grao_DSC_0472_id3.png,RGB_JPG_Normais,RGB_JPG_Normais
C:\Users\eduar\Desktop\Soybe-main\data\com_fundo_filtrado\RGB_JPG_Normais\grao_DSC_0492_id10.png,RGB_JPG_Normais,RGB_JPG_Normais
C:\Users\eduar\Desktop\Soybe-main\data\com_fundo_filtrado\RGB_JPG_Normais\grao_DSC_0378_id29.png,RGB_JPG_Normais,RGB_JPG_Normais
C:\Users\eduar\Desktop\Soybe-main\data\com_fundo_filtrado\RGB_JPG_Normais\grao_DSC_0151_id10.png,RGB_JPG_Normais,RGB_JPG_Normais
C:\Users\eduar\Desktop\Soybe-main\data\com_fundo_filtrado\RGB_JPG_QUEBRADOS\grao_DSC_0419_id1.png,RGB_JPG_QUEBRADOS,RGB_JPG_QUEBRADOS
C:\Users\eduar\Desktop\Soybe-main\data\com_fundo_filtrado\RGB_JPG_Normais\grao_DSC_0513_id87.png,RGB_JPG_Normais,RGB_JPG_Normais
C:\Users\eduar\Desktop\Soybe-main\data\com_fundo_filtrado\RGB_JPG_ESVERDEADO\grao_DSC_0304_id67.png,RGB_JPG_ESVERDEADO,RGB_JPG_ESVERDEADO
C:\Users\eduar\Desktop\Soybe-main\data\com_fundo_filtrado\RGB_JPG_IMPUREZAS\grao_DSC_0002_id373.png,RGB_JPG_IMPUREZAS,RGB_JPG_IMPUREZAS
C:\Users\eduar\Desktop\Soybe-main\data\com_fundo_filtrado\RGB_JPG_Normais\grao_DSC_0383_id73.png,RGB_JPG_Normais,RGB_JPG_Normais
C:\Users\eduar\Desktop\Soybe-main\data\com_fundo_filtrado\RGB_JPG_Normais\grao_DSC_0142_id82.png,RGB_JPG_Normais,RGB_JPG_Normais
C:\Users\eduar\Desktop\Soybe-main\data\com_fundo_filtrado\RGB_JPG_Normais\grao_DSC_0666_id94.png,RGB_JPG_Normais,RGB_JPG_Normais
C:\Users\eduar\Desktop\Soybe-main\data\com_fundo_filtrado\RGB_JPG_CHOCHOS\grao_DSC_0346_id97.png,RGB_JPG_CHOCHOS,RGB_JPG_CHOCHOS
C:\Users\eduar\Desktop\Soybe-main\data\com_fundo_filtrado\RGB_JPG_ESVERDEADO\grao_DSC_0300_id58.png,RGB_JPG_ESVERDEADO,RGB_JPG_QUEBRADOS
C:\Users\eduar\Desktop\Soybe-main\data\com_fundo_filtrado\RGB_JPG_Normais\grao_DSC_0154_id1.png,RGB_JPG_Normais,RGB_JPG_Normais
C:\Users\eduar\Desktop\Soybe-main\data\com_fundo_filtrado\RGB_JPG_Normais\grao_DSC_0137_id82.png,RGB_JPG_Normais,RGB_JPG_Normais
C:\Users\eduar\Desktop\Soybe-main\data\com_fundo_filtrado\RGB_JPG_Normais\grao_DSC_0155_id82.png,RGB_JPG_Normais,RGB_JPG_Normais
C:\Users\eduar\Desktop\Soybe-main\data\com_fundo_filtrado\RGB_JPG_Normais\grao_DSC_0496_id50.png,RGB_JPG_Normais,RGB_JPG_Normais
C:\Users\eduar\Desktop\Soybe-main\data\com_fundo_filtrado\RGB_JPG_QUEBRADOS\grao_DSC_0434_id68.png,RGB_JPG_QUEBRADOS,RGB_JPG_QUEBRADOS
C:\Users\eduar\Desktop\Soybe-main\data\com_fundo_filtrado\RGB_JPG_IMPUREZAS\grao_DSC_0018_id71.png,RGB_JPG_IMPUREZAS,RGB_JPG_IMPUREZAS
C:\Users\eduar\Desktop\Soybe-main\data\com_fundo_filtrado\RGB_JPG_CHOCHOS\grao_DSC_0345_id51.png,RGB_JPG_CHOCHOS,RGB_JPG_CHOCHOS
C:\Users\eduar\Desktop\Soybe-main\data\com_fundo_filtrado\RGB_JPG_CHOCHOS\grao_DSC_0328_id83.png,RGB_JPG_CHOCHOS,RGB_JPG_CHOCHOS
C:\Users\eduar\Desktop\Soybe-main\data\com_fundo_filtrado\RGB_JPG_QUEBRADOS\grao_DSC_0426_id16.png,RGB_JPG_QUEBRADOS,RGB_JPG_QUEBRADOS
C:\Users\eduar\Desktop\Soybe-main\data\com_fundo_filtrado\RGB_JPG_ESVERDEADO\grao_DSC_0309_id2.png,RGB_JPG_ESVERDEADO,RGB_JPG_ESVERDEADO
C:\Users\eduar\Desktop\Soybe-main\data\com_fundo_filtrado\RGB_JPG_IMPUREZAS\grao_DSC_0003_id24.png,RGB_JPG_IMPUREZAS,RGB_JPG_IMPUREZAS
C:\Users\eduar\Desktop\Soybe-main\data\com_fundo_filtrado\RGB_JPG_Normais\grao_DSC_0611_id80.png,RGB_JPG_Normais,RGB_JPG_Normais
C:\Users\eduar\Desktop\Soybe-main\data\com_fundo_filtrado\RGB_JPG_QUEBRADOS\grao_DSC_0443_id63.png,RGB_JPG_QUEBRADOS,RGB_JPG_QUEBRADOS
C:\Users\eduar\Desktop\Soybe-main\data\com_fundo_filtrado\RGB_JPG_Normais\grao_DSC_0210_id54.png,RGB_JPG_Normais,RGB_JPG_Normais
C:\Users\eduar\Desktop\Soybe-main\data\com_fundo_filtrado\RGB_JPG_Normais\grao_DSC_0218_id27.png,RGB_JPG_Normais,RGB_JPG_Normais
C:\Users\eduar\Desktop\Soybe-main\data\com_fundo_filtrado\RGB_JPG_CHOCHOS\grao_DSC_0332_id36.png,RGB_JPG_CHOCHOS,RGB_JPG_CHOCHOS
C:\Users\eduar\Desktop\Soybe-main\data\com_fundo_filtrado\RGB_JPG_Normais\grao_DSC_0680_id78.png,RGB_JPG_Normais,RGB_JPG_Normais
C:\Users\eduar\Desktop\Soybe-main\data\com_fundo_filtrado\RGB_JPG_Normais\grao_DSC_0507_id81.png,RGB_JPG_Normais,RGB_JPG_Normais
C:\Users\eduar\Desktop\Soybe-main\data\com_fundo_filtrado\RGB_JPG_Normais\grao_DSC_0660_id81.png,RGB_JPG_Normais,RGB_JPG_Normais
C:\Users\eduar\Desktop\Soybe-main\data\com_fundo_filtrado\RGB_JPG_QUEBRADOS\grao_DSC_0172_id2.png,RGB_JPG_QUEBRADOS,RGB_JPG_QUEBRADOS
C:\Users\eduar\Desktop\Soybe-main\data\com_fundo_filtrado\RGB_JPG_IMPUREZAS\grao_DSC_0289_id17.png,RGB_JPG_IMPUREZAS,RGB_JPG_IMPUREZAS
C:\Users\eduar\Desktop\Soybe-main\data\com_fundo_filtrado\RGB_JPG_Normais\grao_DSC_0483_id28.png,RGB_JPG_Normais,RGB_JPG_Normais
C:\Users\eduar\Desktop\Soybe-main\data\com_fundo_filtrado\RGB_JPG_IMPUREZAS\grao_DSC_0261_id71.png,RGB_JPG_IMPUREZAS,RGB_JPG_IMPUREZAS
C:\Users\eduar\Desktop\Soybe-main\data\com_fundo_filtrado\RGB_JPG_Normais\grao_DSC_0368_id115.png,RGB_JPG_Normais,RGB_JPG_Normais
C:\Users\eduar\Desktop\Soybe-main\data\com_fundo_filtrado\RGB_JPG_QUEBRADOS\grao_DSC_0459_id91.png,RGB_JPG_QUEBRADOS,RGB_JPG_QUEBRADOS
C:\Users\eduar\Desktop\Soybe-main\data\com_fundo_filtrado\RGB_JPG_CHOCHOS\grao_DSC_0359_id26.png,RGB_JPG_CHOCHOS,RGB_JPG_CHOCHOS
C:\Users\eduar\Desktop\Soybe-main\data\com_fundo_filtrado\RGB_JPG_ESVERDEADO\grao_DSC_0300_id46.png,RGB_JPG_ESVERDEADO,RGB_JPG_ESVERDEADO
C:\Users\eduar\Desktop\Soybe-main\data\com_fundo_filtrado\RGB_JPG_CHOCHOS\grao_DSC_0363_id98.png,RGB_JPG_CHOCHOS,RGB_JPG_CHOCHOS
C:\Users\eduar\Desktop\Soybe-main\data\com_fundo_filtrado\RGB_JPG_IMPUREZAS\grao_DSC_0270_id199.png,RGB_JPG_IMPUREZAS,RGB_JPG_IMPUREZAS
C:\Users\eduar\Desktop\Soybe-main\data\com_fundo_filtrado\RGB_JPG_Normais\grao_DSC_0656_id74.png,RGB_JPG_Normais,RGB_JPG_Normais
C:\Users\eduar\Desktop\Soybe-main\data\com_fundo_filtrado\RGB_JPG_Normais\grao_DSC_0614_id29.png,RGB_JPG_Normais,RGB_JPG_Normais
C:\Users\eduar\Desktop\Soybe-main\data\com_fundo_filtrado\RGB_JPG_IMPUREZAS\grao_DSC_0242_id187.png,RGB_JPG_IMPUREZAS,RGB_JPG_IMPUREZAS
C:\Users\eduar\Desktop\Soybe-main\data\com_fundo_filtrado\RGB_JPG_Normais\grao_DSC_0609_id72.png,RGB_JPG_Normais,RGB_JPG_Normais
C:\Users\eduar\Desktop\Soybe-main\data\com_fundo_filtrado\RGB_JPG_Normais\grao_DSC_0141_id68.png,RGB_JPG_Normais,RGB_JPG_Normais
C:\Users\eduar\Desktop\Soybe-main\data\com_fundo_filtrado\RGB_JPG_IMPUREZAS\grao_DSC_0025_id25.png,RGB_JPG_IMPUREZAS,RGB_JPG_IMPUREZAS
C:\Users\eduar\Desktop\Soybe-main\data\com_fundo_filtrado\RGB_JPG_Normais\grao_DSC_0391_id11.png,RGB_JPG_Normais,RGB_JPG_Normais
C:\Users\eduar\Desktop\Soybe-main\data\com_fundo_filtrado\RGB_JPG_CHOCHOS\grao_DSC_0333_id49.png,RGB_JPG_CHOCHOS,RGB_JPG_CHOCHOS
C:\Users\eduar\Desktop\Soybe-main\data\com_fundo_filtrado\RGB_JPG_Normais\grao_DSC_0140_id56.png,RGB_JPG_Normais,RGB_JPG_Normais
C:\Users\eduar\Desktop\Soybe-main\data\com_fundo_filtrado\RGB_JPG_Normais\grao_DSC_0136_id115.png,RGB_JPG_Normais,RGB_JPG_Normais
C:\Users\eduar\Desktop\Soybe-main\data\com_fundo_filtrado\RGB_JPG_Normais\grao_DSC_0382_id72.png,RGB_JPG_Normais,RGB_JPG_Normais
C:\Users\eduar\Desktop\Soybe-main\data\com_fundo_filtrado\RGB_JPG_Normais\grao_DSC_0159_id78.png,RGB_JPG_Normais,RGB_JPG_Normais
C:\Users\eduar\Desktop\Soybe-main\data\com_fundo_filtrado\RGB_JPG_Normais\grao_DSC_0636_id11.png,RGB_JPG_Normais,RGB_JPG_Normais
C:\Users\eduar\Desktop\Soybe-main\data\com_fundo_filtrado\RGB_JPG_IMPUREZAS\grao_DSC_0275_id293.png,RGB_JPG_IMPUREZAS,RGB_JPG_IMPUREZAS
C:\Users\eduar\Desktop\Soybe-main\data\com_fundo_filtrado\RGB_JPG_IMPUREZAS\grao_DSC_0232_id7.png,RGB_JPG_IMPUREZAS,RGB_JPG_IMPUREZAS
C:\Users\eduar\Desktop\Soybe-main\data\com_fundo_filtrado\RGB_JPG_INSETOS\grao_DSC_0163_id11.png,RGB_JPG_INSETOS,RGB_JPG_INSETOS
C:\Users\eduar\Desktop\Soybe-main\data\com_fundo_filtrado\RGB_JPG_Normais\grao_DSC_0370_id2.png,RGB_JPG_Normais,RGB_JPG_Normais
C:\Users\eduar\Desktop\Soybe-main\data\com_fundo_filtrado\RGB_JPG_IMPUREZAS\grao_DSC_0295_id150.png,RGB_JPG_IMPUREZAS,RGB_JPG_IMPUREZAS
C:\Users\eduar\Desktop\Soybe-main\data\com_fundo_filtrado\RGB_JPG_Normais\grao_DSC_0678_id59.png,RGB_JPG_Normais,RGB_JPG_Normais
C:\Users\eduar\Desktop\Soybe-main\data\com_fundo_filtrado\RGB_JPG_Normais\grao_DSC_0365_id119.png,RGB_JPG_Normais,RGB_JPG_Normais
C:\Users\eduar\Desktop\Soybe-main\data\com_fundo_filtrado\RGB_JPG_IMPUREZAS\grao_DSC_0257_id58.png,RGB_JPG_IMPUREZAS,RGB_JPG_IMPUREZAS
C:\Users\eduar\Desktop\Soybe-main\data\com_fundo_filtrado\RGB_JPG_Normais\grao_DSC_0375_id75.png,RGB_JPG_Normais,RGB_JPG_Normais
C:\Users\eduar\Desktop\Soybe-main\data\com_fundo_filtrado\RGB_JPG_Normais\grao_DSC_0649_id76.png,RGB_JPG_Normais,RGB_JPG_Normais
C:\Users\eduar\Desktop\Soybe-main\data\com_fundo_filtrado\RGB_JPG_CHOCHOS\grao_DSC_0344_id72.png,RGB_JPG_CHOCHOS,RGB_JPG_CHOCHOS
C:\Users\eduar\Desktop\Soybe-main\data\com_fundo_filtrado\RGB_JPG_Normais\grao_DSC_0372_id65.png,RGB_JPG_Normais,RGB_JPG_Normais
C:\Users\eduar\Desktop\Soybe-main\data\com_fundo_filtrado\RGB_JPG_IMPUREZAS\grao_DSC_0004_id7.png,RGB_JPG_IMPUREZAS,RGB_JPG_IMPUREZAS
C:\Users\eduar\Desktop\Soybe-main\data\com_fundo_filtrado\RGB_JPG_Normais\grao_DSC_0651_id50.png,RGB_JPG_Normais,RGB_JPG_Normais
C:\Users\eduar\Desktop\Soybe-main\data\com_fundo_filtrado\RGB_JPG_Normais\grao_DSC_0140_id88.png,RGB_JPG_Normais,RGB_JPG_Normais
C:\Users\eduar\Desktop\Soybe-main\data\com_fundo_filtrado\RGB_JPG_IMPUREZAS\grao_DSC_0236_id202.png,RGB_JPG_IMPUREZAS,RGB_JPG_IMPUREZAS
C:\Users\eduar\Desktop\Soybe-main\data\com_fundo_filtrado\RGB_JPG_IMPUREZAS\grao_DSC_0005_id114.png,RGB_JPG_IMPUREZAS,RGB_JPG_IMPUREZAS
C:\Users\eduar\Desktop\Soybe-main\data\com_fundo_filtrado\RGB_JPG_Normais\grao_DSC_0679_id42.png,RGB_JPG_Normais,RGB_JPG_Normais
C:\Users\eduar\Desktop\Soybe-main\data\com_fundo_filtrado\RGB_JPG_Normais\grao_DSC_0651_id62.png,RGB_JPG_Normais,RGB_JPG_Normais
C:\Users\eduar\Desktop\Soybe-main\data\com_fundo_filtrado\RGB_JPG_PURPURAS\grao_DSC_0046_id26.png,RGB_JPG_PURPURAS,RGB_JPG_PURPURAS
C:\Users\eduar\Desktop\Soybe-main\data\com_fundo_filtrado\RGB_JPG_CHOCHOS\grao_DSC_0346_id24.png,RGB_JPG_CHOCHOS,RGB_JPG_ESVERDEADO
C:\Users\eduar\Desktop\Soybe-main\data\com_fundo_filtrado\RGB_JPG_QUEBRADOS\grao_DSC_0426_id75.png,RGB_JPG_QUEBRADOS,RGB_JPG_QUEBRADOS
C:\Users\eduar\Desktop\Soybe-main\data\com_fundo_filtrado\RGB_JPG_QUEBRADOS\grao_DSC_0449_id1.png,RGB_JPG_QUEBRADOS,RGB_JPG_QUEBRADOS
C:\Users\eduar\Desktop\Soybe-main\data\com_fundo_filtrado\RGB_JPG_ESVERDEADO\grao_DSC_0305_id104.png,RGB_JPG_ESVERDEADO,RGB_JPG_ESVERDEADO
C:\Users\eduar\Desktop\Soybe-main\data\com_fundo_filtrado\RGB_JPG_Normais\grao_DSC_0211_id44.png,RGB_JPG_Normais,RGB_JPG_Normais
C:\Users\eduar\Desktop\Soybe-main\data\com_fundo_filtrado\RGB_JPG_IMPUREZAS\grao_DSC_0282_id101.png,RGB_JPG_IMPUREZAS,RGB_JPG_IMPUREZAS
C:\Users\eduar\Desktop\Soybe-main\data\com_fundo_filtrado\RGB_JPG_IMPUREZAS\grao_DSC_0240_id339.png,RGB_JPG_IMPUREZAS,RGB_JPG_IMPUREZAS
C:\Users\eduar\Desktop\Soybe-main\data\com_fundo_filtrado\RGB_JPG_IMPUREZAS\grao_DSC_0005_id80.png,RGB_JPG_IMPUREZAS,RGB_JPG_IMPUREZAS
C:\Users\eduar\Desktop\Soybe-main\data\com_fundo_filtrado\RGB_JPG_Normais\grao_DSC_0400_id71.png,RGB_JPG_Normais,RGB_JPG_Normais
C:\Users\eduar\Desktop\Soybe-main\data\com_fundo_filtrado\RGB_JPG_Normais\grao_DSC_0378_id92.png,RGB_JPG_Normais,RGB_JPG_Normais
C:\Users\eduar\Desktop\Soybe-main\data\com_fundo_filtrado\RGB_JPG_Normais\grao_DSC_0368_id110.png,RGB_JPG_Normais,RGB_JPG_Normais
C:\Users\eduar\Desktop\Soybe-main\data\com_fundo_filtrado\RGB_JPG_IMPUREZAS\grao_DSC_0260_id97.png,RGB_JPG_IMPUREZAS,RGB_JPG_IMPUREZAS
C:\Users\eduar\Desktop\Soybe-main\data\com_fundo_filtrado\RGB_JPG_Normais\grao_DSC_0472_id61.png,RGB_JPG_Normais,RGB_JPG_Normais
C:\Users\eduar\Desktop\Soybe-main\data\com_fundo_filtrado\RGB_JPG_IMPUREZAS\grao_DSC_0288_id15.png,RGB_JPG_IMPUREZAS,RGB_JPG_IMPUREZAS
C:\Users\eduar\Desktop\Soybe-main\data\com_fundo_filtrado\RGB_JPG_Normais\grao_DSC_0212_id6.png,RGB_JPG_Normais,RGB_JPG_Normais
C:\Users\eduar\Desktop\Soybe-main\data\com_fundo_filtrado\RGB_JPG_Normais\grao_DSC_0135_id36.png,RGB_JPG_Normais,RGB_JPG_Normais
C:\Users\eduar\Desktop\Soybe-main\data\com_fundo_filtrado\RGB_JPG_IMPUREZAS\grao_DSC_0020_id183.png,RGB_JPG_IMPUREZAS,RGB_JPG_IMPUREZAS
C:\Users\eduar\Desktop\Soybe-main\data\com_fundo_filtrado\RGB_JPG_Normais\grao_DSC_0668_id59.png,RGB_JPG_Normais,RGB_JPG_Normais
C:\Users\eduar\Desktop\Soybe-main\data\com_fundo_filtrado\RGB_JPG_IMPUREZAS\grao_DSC_0227_id158.png,RGB_JPG_IMPUREZAS,RGB_JPG_IMPUREZAS
C:\Users\eduar\Desktop\Soybe-main\data\com_fundo_filtrado\RGB_JPG_CHOCHOS\grao_DSC_0315_id22.png,RGB_JPG_CHOCHOS,RGB_JPG_CHOCHOS
C:\Users\eduar\Desktop\Soybe-main\data\com_fundo_filtrado\RGB_JPG_QUEBRADOS\grao_DSC_0438_id73.png,RGB_JPG_QUEBRADOS,RGB_JPG_QUEBRADOS
C:\Users\eduar\Desktop\Soybe-main\data\com_fundo_filtrado\RGB_JPG_IMPUREZAS\grao_DSC_0288_id219.png,RGB_JPG_IMPUREZAS,RGB_JPG_IMPUREZAS
C:\Users\eduar\Desktop\Soybe-main\data\com_fundo_filtrado\RGB_JPG_QUEBRADOS\grao_DSC_0428_id44.png,RGB_JPG_QUEBRADOS,RGB_JPG_QUEBRADOS
C:\Users\eduar\Desktop\Soybe-main\data\com_fundo_filtrado\RGB_JPG_Normais\grao_DSC_0388_id114.png,RGB_JPG_Normais,RGB_JPG_Normais
C:\Users\eduar\Desktop\Soybe-main\data\com_fundo_filtrado\RGB_JPG_QUEBRADOS\grao_DSC_0417_id18.png,RGB_JPG_QUEBRADOS,RGB_JPG_QUEBRADOS
C:\Users\eduar\Desktop\Soybe-main\data\com_fundo_filtrado\RGB_JPG_Normais\grao_DSC_0156_id111.png,RGB_JPG_Normais,RGB_JPG_Normais
C:\Users\eduar\Desktop\Soybe-main\data\com_fundo_filtrado\RGB_JPG_IMPUREZAS\grao_DSC_0237_id222.png,RGB_JPG_IMPUREZAS,RGB_JPG_IMPUREZAS
C:\Users\eduar\Desktop\Soybe-main\data\com_fundo_filtrado\RGB_JPG_Normais\grao_DSC_0160_id86.png,RGB_JPG_Normais,RGB_JPG_Normais
C:\Users\eduar\Desktop\Soybe-main\data\com_fundo_filtrado\RGB_JPG_IMPUREZAS\grao_DSC_0258_id115.png,RGB_JPG_IMPUREZAS,RGB_JPG_IMPUREZAS
C:\Users\eduar\Desktop\Soybe-main\data\com_fundo_filtrado\RGB_JPG_CHOCHOS\grao_DSC_0356_id30.png,RGB_JPG_CHOCHOS,RGB_JPG_CHOCHOS
C:\Users\eduar\Desktop\Soybe-main\data\com_fundo_filtrado\RGB_JPG_Normais\grao_DSC_0611_id101.png,RGB_JPG_Normais,RGB_JPG_Normais
C:\Users\eduar\Desktop\Soybe-main\data\com_fundo_filtrado\RGB_JPG_Normais\grao_DSC_0211_id11.png,RGB_JPG_Normais,RGB_JPG_Normais
C:\Users\eduar\Desktop\Soybe-main\data\com_fundo_filtrado\RGB_JPG_Normais\grao_DSC_0214_id30.png,RGB_JPG_Normais,RGB_JPG_Normais
C:\Users\eduar\Desktop\Soybe-main\data\com_fundo_filtrado\RGB_JPG_IMPUREZAS\grao_DSC_0023_id132.png,RGB_JPG_IMPUREZAS,RGB_JPG_IMPUREZAS
C:\Users\eduar\Desktop\Soybe-main\data\com_fundo_filtrado\RGB_JPG_IMPUREZAS\grao_DSC_0286_id93.png,RGB_JPG_IMPUREZAS,RGB_JPG_IMPUREZAS
C:\Users\eduar\Desktop\Soybe-main\data\com_fundo_filtrado\RGB_JPG_Normais\grao_DSC_0623_id95.png,RGB_JPG_Normais,RGB_JPG_Normais
C:\Users\eduar\Desktop\Soybe-main\data\com_fundo_filtrado\RGB_JPG_Normais\grao_DSC_0674_id5.png,RGB_JPG_Normais,RGB_JPG_Normais
C:\Users\eduar\Desktop\Soybe-main\data\com_fundo_filtrado\RGB_JPG_IMPUREZAS\grao_DSC_0287_id139.png,RGB_JPG_IMPUREZAS,RGB_JPG_IMPUREZAS
C:\Users\eduar\Desktop\Soybe-main\data\com_fundo_filtrado\RGB_JPG_IMPUREZAS\grao_DSC_0027_id69.png,RGB_JPG_IMPUREZAS,RGB_JPG_IMPUREZAS
C:\Users\eduar\Desktop\Soybe-main\data\com_fundo_filtrado\RGB_JPG_CHOCHOS\grao_DSC_0342_id82.png,RGB_JPG_CHOCHOS,RGB_JPG_CHOCHOS
C:\Users\eduar\Desktop\Soybe-main\data\com_fundo_filtrado\RGB_JPG_Normais\grao_DSC_0640_id42.png,RGB_JPG_Normais,RGB_JPG_Normais
C:\Users\eduar\Desktop\Soybe-main\data\com_fundo_filtrado\RGB_JPG_IMPUREZAS\grao_DSC_0262_id166.png,RGB_JPG_IMPUREZAS,RGB_JPG_IMPUREZAS
C:\Users\eduar\Desktop\Soybe-main\data\com_fundo_filtrado\RGB_JPG_IMPUREZAS\grao_DSC_0005_id189.png,RGB_JPG_IMPUREZAS,RGB_JPG_IMPUREZAS
C:\Users\eduar\Desktop\Soybe-main\data\com_fundo_filtrado\RGB_JPG_Normais\grao_DSC_0519_id16.png,RGB_JPG_Normais,RGB_JPG_Normais
C:\Users\eduar\Desktop\Soybe-main\data\com_fundo_filtrado\RGB_JPG_ESVERDEADO\grao_DSC_0304_id11.png,RGB_JPG_ESVERDEADO,RGB_JPG_ESVERDEADO
C:\Users\eduar\Desktop\Soybe-main\data\com_fundo_filtrado\RGB_JPG_ESVERDEADO\grao_DSC_0304_id82.png,RGB_JPG_ESVERDEADO,RGB_JPG_ESVERDEADO
C:\Users\eduar\Desktop\Soybe-main\data\com_fundo_filtrado\RGB_JPG_IMPUREZAS\grao_DSC_0019_id241.png,RGB_JPG_IMPUREZAS,RGB_JPG_IMPUREZAS
C:\Users\eduar\Desktop\Soybe-main\data\com_fundo_filtrado\RGB_JPG_QUEBRADOS\grao_DSC_0467_id74.png,RGB_JPG_QUEBRADOS,RGB_JPG_QUEBRADOS
C:\Users\eduar\Desktop\Soybe-main\data\com_fundo_filtrado\RGB_JPG_Normais\grao_DSC_0500_id86.png,RGB_JPG_Normais,RGB_JPG_Normais
C:\Users\eduar\Desktop\Soybe-main\data\com_fundo_filtrado\RGB_JPG_Normais\grao_DSC_0516_id94.png,RGB_JPG_Normais,RGB_JPG_Normais
C:\Users\eduar\Desktop\Soybe-main\data\com_fundo_filtrado\RGB_JPG_IMPUREZAS\grao_DSC_0017_id266.png,RGB_JPG_IMPUREZAS,RGB_JPG_IMPUREZAS
C:\Users\eduar\Desktop\Soybe-main\data\com_fundo_filtrado\RGB_JPG_CHOCHOS\grao_DSC_0327_id57.png,RGB_JPG_CHOCHOS,RGB_JPG_CHOCHOS
C:\Users\eduar\Desktop\Soybe-main\data\com_fundo_filtrado\RGB_JPG_Normais\grao_DSC_0369_id69.png,RGB_JPG_Normais,RGB_JPG_Normais
C:\Users\eduar\Desktop\Soybe-main\data\com_fundo_filtrado\RGB_JPG_Normais\grao_DSC_0608_id23.png,RGB_JPG_Normais,RGB_JPG_Normais
C:\Users\eduar\Desktop\Soybe-main\data\com_fundo_filtrado\RGB_JPG_Normais\grao_DSC_0657_id61.png,RGB_JPG_Normais,RGB_JPG_Normais
C:\Users\eduar\Desktop\Soybe-main\data\com_fundo_filtrado\RGB_JPG_Normais\grao_DSC_0677_id18.png,RGB_JPG_Normais,RGB_JPG_Normais
C:\Users\eduar\Desktop\Soybe-main\data\com_fundo_filtrado\RGB_JPG_IMPUREZAS\grao_DSC_0004_id126.png,RGB_JPG_IMPUREZAS,RGB_JPG_IMPUREZAS
C:\Users\eduar\Desktop\Soybe-main\data\com_fundo_filtrado\RGB_JPG_IMPUREZAS\grao_DSC_0248_id92.png,RGB_JPG_IMPUREZAS,RGB_JPG_IMPUREZAS
C:\Users\eduar\Desktop\Soybe-main\data\com_fundo_filtrado\RGB_JPG_IMPUREZAS\grao_DSC_0034_id69.png,RGB_JPG_IMPUREZAS,RGB_JPG_IMPUREZAS
C:\Users\eduar\Desktop\Soybe-main\data\com_fundo_filtrado\RGB_JPG_IMPUREZAS\grao_DSC_0290_id48.png,RGB_JPG_IMPUREZAS,RGB_JPG_IMPUREZAS
C:\Users\eduar\Desktop\Soybe-main\data\com_fundo_filtrado\RGB_JPG_IMPUREZAS\grao_DSC_0016_id48.png,RGB_JPG_IMPUREZAS,RGB_JPG_IMPUREZAS
C:\Users\eduar\Desktop\Soybe-main\data\com_fundo_filtrado\RGB_JPG_IMPUREZAS\grao_DSC_0295_id112.png,RGB_JPG_IMPUREZAS,RGB_JPG_IMPUREZAS
C:\Users\eduar\Desktop\Soybe-main\data\com_fundo_filtrado\RGB_JPG_Normais\grao_DSC_0394_id16.png,RGB_JPG_Normais,RGB_JPG_Normais
C:\Users\eduar\Desktop\Soybe-main\data\com_fundo_filtrado\RGB_JPG_QUEBRADOS\grao_DSC_0432_id66.png,RGB_JPG_QUEBRADOS,RGB_JPG_QUEBRADOS
C:\Users\eduar\Desktop\Soybe-main\data\com_fundo_filtrado\RGB_JPG_CHOCHOS\grao_DSC_0361_id14.png,RGB_JPG_CHOCHOS,RGB_JPG_CHOCHOS
C:\Users\eduar\Desktop\Soybe-main\data\com_fundo_filtrado\RGB_JPG_CHOCHOS\grao_DSC_0319_id3.png,RGB_JPG_CHOCHOS,RGB_JPG_CHOCHOS
C:\Users\eduar\Desktop\Soybe-main\data\com_fundo_filtrado\RGB_JPG_IMPUREZAS\grao_DSC_0295_id245.png,RGB_JPG_IMPUREZAS,RGB_JPG_IMPUREZAS
C:\Users\eduar\Desktop\Soybe-main\data\com_fundo_filtrado\RGB_JPG_IMPUREZAS\grao_DSC_0262_id123.png,RGB_JPG_IMPUREZAS,RGB_JPG_IMPUREZAS
C:\Users\eduar\Desktop\Soybe-main\data\com_fundo_filtrado\RGB_JPG_CHOCHOS\grao_DSC_0352_id2.png,RGB_JPG_CHOCHOS,RGB_JPG_CHOCHOS
C:\Users\eduar\Desktop\Soybe-main\data\com_fundo_filtrado\RGB_JPG_Normais\grao_DSC_0655_id33.png,RGB_JPG_Normais,RGB_JPG_Normais
C:\Users\eduar\Desktop\Soybe-main\data\com_fundo_filtrado\RGB_JPG_CHOCHOS\grao_DSC_0316_id46.png,RGB_JPG_CHOCHOS,RGB_JPG_CHOCHOS
C:\Users\eduar\Desktop\Soybe-main\data\com_fundo_filtrado\RGB_JPG_Normais\grao_DSC_0607_id43.png,RGB_JPG_Normais,RGB_JPG_Normais
C:\Users\eduar\Desktop\Soybe-main\data\com_fundo_filtrado\RGB_JPG_Normais\grao_DSC_0484_id18.png,RGB_JPG_Normais,RGB_JPG_Normais
C:\Users\eduar\Desktop\Soybe-main\data\com_fundo_filtrado\RGB_JPG_Normais\grao_DSC_0470_id3.png,RGB_JPG_Normais,RGB_JPG_Normais
C:\Users\eduar\Desktop\Soybe-main\data\com_fundo_filtrado\RGB_JPG_Normais\grao_DSC_0678_id45.png,RGB_JPG_Normais,RGB_JPG_Normais
C:\Users\eduar\Desktop\Soybe-main\data\com_fundo_filtrado\RGB_JPG_CHOCHOS\grao_DSC_0359_id27.png,RGB_JPG_CHOCHOS,RGB_JPG_CHOCHOS
C:\Users\eduar\Desktop\Soybe-main\data\com_fundo_filtrado\RGB_JPG_IMPUREZAS\grao_DSC_0286_id212.png,RGB_JPG_IMPUREZAS,RGB_JPG_IMPUREZAS
C:\Users\eduar\Desktop\Soybe-main\data\com_fundo_filtrado\RGB_JPG_CHOCHOS\grao_DSC_0353_id61.png,RGB_JPG_CHOCHOS,RGB_JPG_CHOCHOS
C:\Users\eduar\Desktop\Soybe-main\data\com_fundo_filtrado\RGB_JPG_QUEBRADOS\grao_DSC_0443_id64.png,RGB_JPG_QUEBRADOS,RGB_JPG_QUEBRADOS
C:\Users\eduar\Desktop\Soybe-main\data\com_fundo_filtrado\RGB_JPG_IMPUREZAS\grao_DSC_0269_id123.png,RGB_JPG_IMPUREZAS,RGB_JPG_IMPUREZAS
C:\Users\eduar\Desktop\Soybe-main\data\com_fundo_filtrado\RGB_JPG_IMPUREZAS\grao_DSC_0242_id103.png,RGB_JPG_IMPUREZAS,RGB_JPG_IMPUREZAS
C:\Users\eduar\Desktop\Soybe-main\data\com_fundo_filtrado\RGB_JPG_Normais\grao_DSC_0654_id97.png,RGB_JPG_Normais,RGB_JPG_Normais
C:\Users\eduar\Desktop\Soybe-main\data\com_fundo_filtrado\RGB_JPG_CHOCHOS\grao_DSC_0332_id41.png,RGB_JPG_CHOCHOS,RGB_JPG_CHOCHOS
C:\Users\eduar\Desktop\Soybe-main\data\com_fundo_filtrado\RGB_JPG_MAMONAS\grao_DSC_0185_id20.png,RGB_JPG_MAMONAS,RGB_JPG_MAMONAS
C:\Users\eduar\Desktop\Soybe-main\data\com_fundo_filtrado\RGB_JPG_Normais\grao_DSC_0518_id17.png,RGB_JPG_Normais,RGB_JPG_Normais
C:\Users\eduar\Desktop\Soybe-main\data\com_fundo_filtrado\RGB_JPG_QUEBRADOS\grao_DSC_0172_id41.png,RGB_JPG_QUEBRADOS,RGB_JPG_QUEBRADOS
C:\Users\eduar\Desktop\Soybe-main\data\com_fundo_filtrado\RGB_JPG_Normais\grao_DSC_0618_id5.png,RGB_JPG_Normais,RGB_JPG_Normais
C:\Users\eduar\Desktop\Soybe-main\data\com_fundo_filtrado\RGB_JPG_CHOCHOS\grao_DSC_0336_id69.png,RGB_JPG_CHOCHOS,RGB_JPG_CHOCHOS
C:\Users\eduar\Desktop\Soybe-main\data\com_fundo_filtrado\RGB_JPG_Normais\grao_DSC_0211_id76.png,RGB_JPG_Normais,RGB_JPG_Normais
C:\Users\eduar\Desktop\Soybe-main\data\com_fundo_filtrado\RGB_JPG_IMPUREZAS\grao_DSC_0017_id5.png,RGB_JPG_IMPUREZAS,RGB_JPG_IMPUREZAS
C:\Users\eduar\Desktop\Soybe-main\data\com_fundo_filtrado\RGB_JPG_ESVERDEADO\grao_DSC_0299_id95.png,RGB_JPG_ESVERDEADO,RGB_JPG_ESVERDEADO
C:\Users\eduar\Desktop\Soybe-main\data\com_fundo_filtrado\RGB_JPG_Normais\grao_DSC_0517_id41.png,RGB_JPG_Normais,RGB_JPG_Normais
C:\Users\eduar\Desktop\Soybe-main\data\com_fundo_filtrado\RGB_JPG_Normais\grao_DSC_0490_id32.png,RGB_JPG_Normais,RGB_JPG_Normais
C:\Users\eduar\Desktop\Soybe-main\data\com_fundo_filtrado\RGB_JPG_IMPUREZAS\grao_DSC_0273_id74.png,RGB_JPG_IMPUREZAS,RGB_JPG_IMPUREZAS
C:\Users\eduar\Desktop\Soybe-main\data\com_fundo_filtrado\RGB_JPG_CHOCHOS\grao_DSC_0364_id1.png,RGB_JPG_CHOCHOS,RGB_JPG_CHOCHOS
C:\Users\eduar\Desktop\Soybe-main\data\com_fundo_filtrado\RGB_JPG_IMPUREZAS\grao_DSC_0027_id21.png,RGB_JPG_IMPUREZAS,RGB_JPG_IMPUREZAS
C:\Users\eduar\Desktop\Soybe-main\data\com_fundo_filtrado\RGB_JPG_IMPUREZAS\grao_DSC_0261_id58.png,RGB_JPG_IMPUREZAS,RGB_JPG_IMPUREZAS
C:\Users\eduar\Desktop\Soybe-main\data\com_fundo_filtrado\RGB_JPG_IMPUREZAS\grao_DSC_0258_id166.png,RGB_JPG_IMPUREZAS,RGB_JPG_IMPUREZAS
C:\Users\eduar\Desktop\Soybe-main\data\com_fundo_filtrado\RGB_JPG_Normais\grao_DSC_0668_id34.png,RGB_JPG_Normais,RGB_JPG_Normais
C:\Users\eduar\Desktop\Soybe-main\data\com_fundo_filtrado\RGB_JPG_IMPUREZAS\grao_DSC_0243_id126.png,RGB_JPG_IMPUREZAS,RGB_JPG_IMPUREZAS
C:\Users\eduar\Desktop\Soybe-main\data\com_fundo_filtrado\RGB_JPG_QUEBRADOS\grao_DSC_0421_id39.png,RGB_JPG_QUEBRADOS,RGB_JPG_QUEBRADOS
C:\Users\eduar\Desktop\Soybe-main\data\com_fundo_filtrado\RGB_JPG_Normais\grao_DSC_0392_id109.png,RGB_JPG_Normais,RGB_JPG_Normais
C:\Users\eduar\Desktop\Soybe-main\data\com_fundo_filtrado\RGB_JPG_QUEBRADOS\grao_DSC_0466_id82.png,RGB_JPG_QUEBRADOS,RGB_JPG_QUEBRADOS
C:\Users\eduar\Desktop\Soybe-main\data\com_fundo_filtrado\RGB_JPG_IMPUREZAS\grao_DSC_0255_id38.png,RGB_JPG_IMPUREZAS,RGB_JPG_IMPUREZAS
C:\Users\eduar\Desktop\Soybe-main\data\com_fundo_filtrado\RGB_JPG_Normais\grao_DSC_0469_id45.png,RGB_JPG_Normais,RGB_JPG_Normais
C:\Users\eduar\Desktop\Soybe-main\data\com_fundo_filtrado\RGB_JPG_CHOCHOS\grao_DSC_0359_id98.png,RGB_JPG_CHOCHOS,RGB_JPG_CHOCHOS
C:\Users\eduar\Desktop\Soybe-main\data\com_fundo_filtrado\RGB_JPG_IMPUREZAS\grao_DSC_0262_id105.png,RGB_JPG_IMPUREZAS,RGB_JPG_IMPUREZAS
C:\Users\eduar\Desktop\Soybe-main\data\com_fundo_filtrado\RGB_JPG_Normais\grao_DSC_0157_id72.png,RGB_JPG_Normais,RGB_JPG_Normais
C:\Users\eduar\Desktop\Soybe-main\data\com_fundo_filtrado\RGB_JPG_Normais\grao_DSC_0216_id50.png,RGB_JPG_Normais,RGB_JPG_Normais
C:\Users\eduar\Desktop\Soybe-main\data\com_fundo_filtrado\RGB_JPG_IMPUREZAS\grao_DSC_0294_id36.png,RGB_JPG_IMPUREZAS,RGB_JPG_IMPUREZAS
C:\Users\eduar\Desktop\Soybe-main\data\com_fundo_filtrado\RGB_JPG_MAMONAS\grao_DSC_0190_id50.png,RGB_JPG_MAMONAS,RGB_JPG_MAMONAS
C:\Users\eduar\Desktop\Soybe-main\data\com_fundo_filtrado\RGB_JPG_CHOCHOS\grao_DSC_0348_id42.png,RGB_JPG_CHOCHOS,RGB_JPG_CHOCHOS
C:\Users\eduar\Desktop\Soybe-main\data\com_fundo_filtrado\RGB_JPG_Normais\grao_DSC_0488_id79.png,RGB_JPG_Normais,RGB_JPG_Normais
C:\Users\eduar\Desktop\Soybe-main\data\com_fundo_filtrado\RGB_JPG_QUEBRADOS\grao_DSC_0435_id9.png,RGB_JPG_QUEBRADOS,RGB_JPG_QUEBRADOS
C:\Users\eduar\Desktop\Soybe-main\data\com_fundo_filtrado\RGB_JPG_Normais\grao_DSC_0391_id20.png,RGB_JPG_Normais,RGB_JPG_Normais
C:\Users\eduar\Desktop\Soybe-main\data\com_fundo_filtrado\RGB_JPG_QUEBRADOS\grao_DSC_0420_id17.png,RGB_JPG_QUEBRADOS,RGB_JPG_QUEBRADOS
C:\Users\eduar\Desktop\Soybe-main\data\com_fundo_filtrado\RGB_JPG_Normais\grao_DSC_0373_id39.png,RGB_JPG_Normais,RGB_JPG_Normais
C:\Users\eduar\Desktop\Soybe-main\data\com_fundo_filtrado\RGB_JPG_IMPUREZAS\grao_DSC_0264_id40.png,RGB_JPG_IMPUREZAS,RGB_JPG_IMPUREZAS
C:\Users\eduar\Desktop\Soybe-main\data\com_fundo_filtrado\RGB_JPG_Normais\grao_DSC_0637_id12.png,RGB_JPG_Normais,RGB_JPG_Normais
C:\Users\eduar\Desktop\Soybe-main\data\com_fundo_filtrado\RGB_JPG_IMPUREZAS\grao_DSC_0242_id67.png,RGB_JPG_IMPUREZAS,RGB_JPG_IMPUREZAS
C:\Users\eduar\Desktop\Soybe-main\data\com_fundo_filtrado\RGB_JPG_IMPUREZAS\grao_DSC_0287_id151.png,RGB_JPG_IMPUREZAS,RGB_JPG_IMPUREZAS
C:\Users\eduar\Desktop\Soybe-main\data\com_fundo_filtrado\RGB_JPG_IMPUREZAS\grao_DSC_0012_id22.png,RGB_JPG_IMPUREZAS,RGB_JPG_IMPUREZAS
C:\Users\eduar\Desktop\Soybe-main\data\com_fundo_filtrado\RGB_JPG_IMPUREZAS\grao_DSC_0025_id248.png,RGB_JPG_IMPUREZAS,RGB_JPG_IMPUREZAS
C:\Users\eduar\Desktop\Soybe-main\data\com_fundo_filtrado\RGB_JPG_Normais\grao_DSC_0375_id39.png,RGB_JPG_Normais,RGB_JPG_Normais
C:\Users\eduar\Desktop\Soybe-main\data\com_fundo_filtrado\RGB_JPG_IMPUREZAS\grao_DSC_0010_id125.png,RGB_JPG_IMPUREZAS,RGB_JPG_IMPUREZAS
C:\Users\eduar\Desktop\Soybe-main\data\com_fundo_filtrado\RGB_JPG_ESVERDEADO\grao_DSC_0310_id16.png,RGB_JPG_ESVERDEADO,RGB_JPG_CHOCHOS
C:\Users\eduar\Desktop\Soybe-main\data\com_fundo_filtrado\RGB_JPG_IMPUREZAS\grao_DSC_0019_id232.png,RGB_JPG_IMPUREZAS,RGB_JPG_IMPUREZAS
C:\Users\eduar\Desktop\Soybe-main\data\com_fundo_filtrado\RGB_JPG_ESVERDEADO\grao_DSC_0303_id23.png,RGB_JPG_ESVERDEADO,RGB_JPG_ESVERDEADO
C:\Users\eduar\Desktop\Soybe-main\data\com_fundo_filtrado\RGB_JPG_IMPUREZAS\grao_DSC_0238_id30.png,RGB_JPG_IMPUREZAS,RGB_JPG_IMPUREZAS
C:\Users\eduar\Desktop\Soybe-main\data\com_fundo_filtrado\RGB_JPG_QUEBRADOS\grao_DSC_0430_id98.png,RGB_JPG_QUEBRADOS,RGB_JPG_QUEBRADOS
C:\Users\eduar\Desktop\Soybe-main\data\com_fundo_filtrado\RGB_JPG_Normais\grao_DSC_0367_id79.png,RGB_JPG_Normais,RGB_JPG_Normais
C:\Users\eduar\Desktop\Soybe-main\data\com_fundo_filtrado\RGB_JPG_IMPUREZAS\grao_DSC_0008_id34.png,RGB_JPG_IMPUREZAS,RGB_JPG_IMPUREZAS
C:\Users\eduar\Desktop\Soybe-main\data\com_fundo_filtrado\RGB_JPG_Normais\grao_DSC_0390_id102.png,RGB_JPG_Normais,RGB_JPG_Normais
C:\Users\eduar\Desktop\Soybe-main\data\com_fundo_filtrado\RGB_JPG_IMPUREZAS\grao_DSC_0263_id109.png,RGB_JPG_IMPUREZAS,RGB_JPG_IMPUREZAS
C:\Users\eduar\Desktop\Soybe-main\data\com_fundo_filtrado\RGB_JPG_Normais\grao_DSC_0487_id78.png,RGB_JPG_Normais,RGB_JPG_Normais
C:\Users\eduar\Desktop\Soybe-main\data\com_fundo_filtrado\RGB_JPG_Normais\grao_DSC_0631_id100.png,RGB_JPG_Normais,RGB_JPG_Normais
C:\Users\eduar\Desktop\Soybe-main\data\com_fundo_filtrado\RGB_JPG_Normais\grao_DSC_0638_id21.png,RGB_JPG_Normais,RGB_JPG_Normais
C:\Users\eduar\Desktop\Soybe-main\data\com_fundo_filtrado\RGB_JPG_CHOCHOS\grao_DSC_0355_id84.png,RGB_JPG_CHOCHOS,RGB_JPG_CHOCHOS
C:\Users\eduar\Desktop\Soybe-main\data\com_fundo_filtrado\RGB_JPG_IMPUREZAS\grao_DSC_0289_id160.png,RGB_JPG_IMPUREZAS,RGB_JPG_IMPUREZAS
C:\Users\eduar\Desktop\Soybe-main\data\com_fundo_filtrado\RGB_JPG_IMPUREZAS\grao_DSC_0275_id33.png,RGB_JPG_IMPUREZAS,RGB_JPG_IMPUREZAS
C:\Users\eduar\Desktop\Soybe-main\data\com_fundo_filtrado\RGB_JPG_ESVERDEADO\grao_DSC_0300_id51.png,RGB_JPG_ESVERDEADO,RGB_JPG_ESVERDEADO
C:\Users\eduar\Desktop\Soybe-main\data\com_fundo_filtrado\RGB_JPG_IMPUREZAS\grao_DSC_0009_id83.png,RGB_JPG_IMPUREZAS,RGB_JPG_IMPUREZAS
C:\Users\eduar\Desktop\Soybe-main\data\com_fundo_filtrado\RGB_JPG_Normais\grao_DSC_0496_id57.png,RGB_JPG_Normais,RGB_JPG_Normais
C:\Users\eduar\Desktop\Soybe-main\data\com_fundo_filtrado\RGB_JPG_IMPUREZAS\grao_DSC_0042_id104.png,RGB_JPG_IMPUREZAS,RGB_JPG_IMPUREZAS
C:\Users\eduar\Desktop\Soybe-main\data\com_fundo_filtrado\RGB_JPG_IMPUREZAS\grao_DSC_0026_id170.png,RGB_JPG_IMPUREZAS,RGB_JPG_IMPUREZAS
C:\Users\eduar\Desktop\Soybe-main\data\com_fundo_filtrado\RGB_JPG_IMPUREZAS\grao_DSC_0014_id113.png,RGB_JPG_IMPUREZAS,RGB_JPG_IMPUREZAS
C:\Users\eduar\Desktop\Soybe-main\data\com_fundo_filtrado\RGB_JPG_Normais\grao_DSC_0135_id89.png,RGB_JPG_Normais,RGB_JPG_Normais
C:\Users\eduar\Desktop\Soybe-main\data\com_fundo_filtrado\RGB_JPG_Normais\grao_DSC_0473_id50.png,RGB_JPG_Normais,RGB_JPG_Normais
C:\Users\eduar\Desktop\Soybe-main\data\com_fundo_filtrado\RGB_JPG_IMPUREZAS\grao_DSC_0029_id59.png,RGB_JPG_IMPUREZAS,RGB_JPG_IMPUREZAS
C:\Users\eduar\Desktop\Soybe-main\data\com_fundo_filtrado\RGB_JPG_CHOCHOS\grao_DSC_0315_id69.png,RGB_JPG_CHOCHOS,RGB_JPG_CHOCHOS
C:\Users\eduar\Desktop\Soybe-main\data\com_fundo_filtrado\RGB_JPG_IMPUREZAS\grao_DSC_0227_id85.png,RGB_JPG_IMPUREZAS,RGB_JPG_IMPUREZAS
C:\Users\eduar\Desktop\Soybe-main\data\com_fundo_filtrado\RGB_JPG_IMPUREZAS\grao_DSC_0294_id250.png,RGB_JPG_IMPUREZAS,RGB_JPG_IMPUREZAS
C:\Users\eduar\Desktop\Soybe-main\data\com_fundo_filtrado\RGB_JPG_Normais\grao_DSC_0676_id106.png,RGB_JPG_Normais,RGB_JPG_Normais
C:\Users\eduar\Desktop\Soybe-main\data\com_fundo_filtrado\RGB_JPG_Normais\grao_DSC_0654_id32.png,RGB_JPG_Normais,RGB_JPG_Normais
C:\Users\eduar\Desktop\Soybe-main\data\com_fundo_filtrado\RGB_JPG_Normais\grao_DSC_0620_id93.png,RGB_JPG_Normais,RGB_JPG_Normais
C:\Users\eduar\Desktop\Soybe-main\data\com_fundo_filtrado\RGB_JPG_QUEBRADOS\grao_DSC_0415_id65.png,RGB_JPG_QUEBRADOS,RGB_JPG_QUEBRADOS
C:\Users\eduar\Desktop\Soybe-main\data\com_fundo_filtrado\RGB_JPG_CHOCHOS\grao_DSC_0335_id15.png,RGB_JPG_CHOCHOS,RGB_JPG_CHOCHOS
C:\Users\eduar\Desktop\Soybe-main\data\com_fundo_filtrado\RGB_JPG_Normais\grao_DSC_0632_id69.png,RGB_JPG_Normais,RGB_JPG_Normais
C:\Users\eduar\Desktop\Soybe-main\data\com_fundo_filtrado\RGB_JPG_Normais\grao_DSC_0395_id64.png,RGB_JPG_Normais,RGB_JPG_Normais
C:\Users\eduar\Desktop\Soybe-main\data\com_fundo_filtrado\RGB_JPG_Normais\grao_DSC_0372_id104.png,RGB_JPG_Normais,RGB_JPG_Normais
C:\Users\eduar\Desktop\Soybe-main\data\com_fundo_filtrado\RGB_JPG_Normais\grao_DSC_0480_id93.png,RGB_JPG_Normais,RGB_JPG_Normais
C:\Users\eduar\Desktop\Soybe-main\data\com_fundo_filtrado\RGB_JPG_Normais\grao_DSC_0398_id69.png,RGB_JPG_Normais,RGB_JPG_Normais
C:\Users\eduar\Desktop\Soybe-main\data\com_fundo_filtrado\RGB_JPG_Normais\grao_DSC_0476_id74.png,RGB_JPG_Normais,RGB_JPG_Normais
C:\Users\eduar\Desktop\Soybe-main\data\com_fundo_filtrado\RGB_JPG_Normais\grao_DSC_0150_id16.png,RGB_JPG_Normais,RGB_JPG_Normais
C:\Users\eduar\Desktop\Soybe-main\data\com_fundo_filtrado\RGB_JPG_Normais\grao_DSC_0514_id72.png,RGB_JPG_Normais,RGB_JPG_Normais
C:\Users\eduar\Desktop\Soybe-main\data\com_fundo_filtrado\RGB_JPG_Normais\grao_DSC_0137_id97.png,RGB_JPG_Normais,RGB_JPG_Normais
C:\Users\eduar\Desktop\Soybe-main\data\com_fundo_filtrado\RGB_JPG_Normais\grao_DSC_0676_id79.png,RGB_JPG_Normais,RGB_JPG_Normais
C:\Users\eduar\Desktop\Soybe-main\data\com_fundo_filtrado\RGB_JPG_Normais\grao_DSC_0663_id20.png,RGB_JPG_Normais,RGB_JPG_Normais
C:\Users\eduar\Desktop\Soybe-main\data\com_fundo_filtrado\RGB_JPG_CHOCHOS\grao_DSC_0336_id50.png,RGB_JPG_CHOCHOS,RGB_JPG_CHOCHOS
C:\Users\eduar\Desktop\Soybe-main\data\com_fundo_filtrado\RGB_JPG_CHOCHOS\grao_DSC_0343_id18.png,RGB_JPG_CHOCHOS,RGB_JPG_CHOCHOS
C:\Users\eduar\Desktop\Soybe-main\data\com_fundo_filtrado\RGB_JPG_IMPUREZAS\grao_DSC_0026_id241.png,RGB_JPG_IMPUREZAS,RGB_JPG_IMPUREZAS
C:\Users\eduar\Desktop\Soybe-main\data\com_fundo_filtrado\RGB_JPG_IMPUREZAS\grao_DSC_0278_id203.png,RGB_JPG_IMPUREZAS,RGB_JPG_IMPUREZAS
C:\Users\eduar\Desktop\Soybe-main\data\com_fundo_filtrado\RGB_JPG_IMPUREZAS\grao_DSC_0276_id13.png,RGB_JPG_IMPUREZAS,RGB_JPG_IMPUREZAS
C:\Users\eduar\Desktop\Soybe-main\data\com_fundo_filtrado\RGB_JPG_IMPUREZAS\grao_DSC_0259_id63.png,RGB_JPG_IMPUREZAS,RGB_JPG_IMPUREZAS
C:\Users\eduar\Desktop\Soybe-main\data\com_fundo_filtrado\RGB_JPG_Normais\grao_DSC_0651_id78.png,RGB_JPG_Normais,RGB_JPG_Normais
C:\Users\eduar\Desktop\Soybe-main\data\com_fundo_filtrado\RGB_JPG_Normais\grao_DSC_0485_id65.png,RGB_JPG_Normais,RGB_JPG_Normais
C:\Users\eduar\Desktop\Soybe-main\data\com_fundo_filtrado\RGB_JPG_IMPUREZAS\grao_DSC_0295_id213.png,RGB_JPG_IMPUREZAS,RGB_JPG_IMPUREZAS
C:\Users\eduar\Desktop\Soybe-main\data\com_fundo_filtrado\RGB_JPG_Normais\grao_DSC_0675_id61.png,RGB_JPG_Normais,RGB_JPG_Normais
C:\Users\eduar\Desktop\Soybe-main\data\com_fundo_filtrado\RGB_JPG_Normais\grao_DSC_0624_id48.png,RGB_JPG_Normais,RGB_JPG_Normais
C:\Users\eduar\Desktop\Soybe-main\data\com_fundo_filtrado\RGB_JPG_Normais\grao_DSC_0503_id12.png,RGB_JPG_Normais,RGB_JPG_Normais
C:\Users\eduar\Desktop\Soybe-main\data\com_fundo_filtrado\RGB_JPG_QUEBRADOS\grao_DSC_0455_id47.png,RGB_JPG_QUEBRADOS,RGB_JPG_QUEBRADOS
C:\Users\eduar\Desktop\Soybe-main\data\com_fundo_filtrado\RGB_JPG_Normais\grao_DSC_0509_id41.png,RGB_JPG_Normais,RGB_JPG_Normais
C:\Users\eduar\Desktop\Soybe-main\data\com_fundo_filtrado\RGB_JPG_CHOCHOS\grao_DSC_0363_id97.png,RGB_JPG_CHOCHOS,RGB_JPG_CHOCHOS
C:\Users\eduar\Desktop\Soybe-main\data\com_fundo_filtrado\RGB_JPG_QUEBRADOS\grao_DSC_0423_id76.png,RGB_JPG_QUEBRADOS,RGB_JPG_QUEBRADOS
C:\Users\eduar\Desktop\Soybe-main\data\com_fundo_filtrado\RGB_JPG_IMPUREZAS\grao_DSC_0296_id151.png,RGB_JPG_IMPUREZAS,RGB_JPG_IMPUREZAS
C:\Users\eduar\Desktop\Soybe-main\data\com_fundo_filtrado\RGB_JPG_Normais\grao_DSC_0142_id28.png,RGB_JPG_Normais,RGB_JPG_Normais
C:\Users\eduar\Desktop\Soybe-main\data\com_fundo_filtrado\RGB_JPG_Normais\grao_DSC_0669_id31.png,RGB_JPG_Normais,RGB_JPG_Normais
C:\Users\eduar\Desktop\Soybe-main\data\com_fundo_filtrado\RGB_JPG_Normais\grao_DSC_0507_id80.png,RGB_JPG_Normais,RGB_JPG_Normais
C:\Users\eduar\Desktop\Soybe-main\data\com_fundo_filtrado\RGB_JPG_Normais\grao_DSC_0638_id34.png,RGB_JPG_Normais,RGB_JPG_Normais
C:\Users\eduar\Desktop\Soybe-main\data\com_fundo_filtrado\RGB_JPG_QUEBRADOS\grao_DSC_0418_id84.png,RGB_JPG_QUEBRADOS,RGB_JPG_QUEBRADOS
C:\Users\eduar\Desktop\Soybe-main\data\com_fundo_filtrado\RGB_JPG_QUEBRADOS\grao_DSC_0407_id80.png,RGB_JPG_QUEBRADOS,RGB_JPG_QUEBRADOS
C:\Users\eduar\Desktop\Soybe-main\data\com_fundo_filtrado\RGB_JPG_IMPUREZAS\grao_DSC_0043_id89.png,RGB_JPG_IMPUREZAS,RGB_JPG_IMPUREZAS
C:\Users\eduar\Desktop\Soybe-main\data\com_fundo_filtrado\RGB_JPG_IMPUREZAS\grao_DSC_0252_id50.png,RGB_JPG_IMPUREZAS,RGB_JPG_IMPUREZAS
C:\Users\eduar\Desktop\Soybe-main\data\com_fundo_filtrado\RGB_JPG_QUEBRADOS\grao_DSC_0451_id56.png,RGB_JPG_QUEBRADOS,RGB_JPG_QUEBRADOS
C:\Users\eduar\Desktop\Soybe-main\data\com_fundo_filtrado\RGB_JPG_QUEBRADOS\grao_DSC_0450_id69.png,RGB_JPG_QUEBRADOS,RGB_JPG_QUEBRADOS
C:\Users\eduar\Desktop\Soybe-main\data\com_fundo_filtrado\RGB_JPG_QUEBRADOS\grao_DSC_0463_id60.png,RGB_JPG_QUEBRADOS,RGB_JPG_QUEBRADOS
C:\Users\eduar\Desktop\Soybe-main\data\com_fundo_filtrado\RGB_JPG_Normais\grao_DSC_0672_id40.png,RGB_JPG_Normais,RGB_JPG_Normais
C:\Users\eduar\Desktop\Soybe-main\data\com_fundo_filtrado\RGB_JPG_Normais\grao_DSC_0152_id32.png,RGB_JPG_Normais,RGB_JPG_Normais
C:\Users\eduar\Desktop\Soybe-main\data\com_fundo_filtrado\RGB_JPG_QUEBRADOS\grao_DSC_0455_id56.png,RGB_JPG_QUEBRADOS,RGB_JPG_QUEBRADOS
C:\Users\eduar\Desktop\Soybe-main\data\com_fundo_filtrado\RGB_JPG_CHOCHOS\grao_DSC_0363_id92.png,RGB_JPG_CHOCHOS,RGB_JPG_CHOCHOS
C:\Users\eduar\Desktop\Soybe-main\data\com_fundo_filtrado\RGB_JPG_IMPUREZAS\grao_DSC_0276_id255.png,RGB_JPG_IMPUREZAS,RGB_JPG_IMPUREZAS
C:\Users\eduar\Desktop\Soybe-main\data\com_fundo_filtrado\RGB_JPG_QUEBRADOS\grao_DSC_0449_id31.png,RGB_JPG_QUEBRADOS,RGB_JPG_QUEBRADOS
C:\Users\eduar\Desktop\Soybe-main\data\com_fundo_filtrado\RGB_JPG_CHOCHOS\grao_DSC_0350_id12.png,RGB_JPG_CHOCHOS,RGB_JPG_CHOCHOS
C:\Users\eduar\Desktop\Soybe-main\data\com_fundo_filtrado\RGB_JPG_CHOCHOS\grao_DSC_0314_id65.png,RGB_JPG_CHOCHOS,RGB_JPG_ESVERDEADO
C:\Users\eduar\Desktop\Soybe-main\data\com_fundo_filtrado\RGB_JPG_IMPUREZAS\grao_DSC_0225_id126.png,RGB_JPG_IMPUREZAS,RGB_JPG_IMPUREZAS
C:\Users\eduar\Desktop\Soybe-main\data\com_fundo_filtrado\RGB_JPG_CHOCHOS\grao_DSC_0359_id20.png,RGB_JPG_CHOCHOS,RGB_JPG_CHOCHOS
C:\Users\eduar\Desktop\Soybe-main\data\com_fundo_filtrado\RGB_JPG_PURPURAS\grao_DSC_0149_id5.png,RGB_JPG_PURPURAS,RGB_JPG_PURPURAS
C:\Users\eduar\Desktop\Soybe-main\data\com_fundo_filtrado\RGB_JPG_CHOCHOS\grao_DSC_0329_id110.png,RGB_JPG_CHOCHOS,RGB_JPG_PURPURAS
C:\Users\eduar\Desktop\Soybe-main\data\com_fundo_filtrado\RGB_JPG_IMPUREZAS\grao_DSC_0293_id185.png,RGB_JPG_IMPUREZAS,RGB_JPG_IMPUREZAS
C:\Users\eduar\Desktop\Soybe-main\data\com_fundo_filtrado\RGB_JPG_QUEBRADOS\grao_DSC_0460_id83.png,RGB_JPG_QUEBRADOS,RGB_JPG_QUEBRADOS
C:\Users\eduar\Desktop\Soybe-main\data\com_fundo_filtrado\RGB_JPG_Normais\grao_DSC_0469_id59.png,RGB_JPG_Normais,RGB_JPG_Normais
C:\Users\eduar\Desktop\Soybe-main\data\com_fundo_filtrado\RGB_JPG_QUEBRADOS\grao_DSC_0447_id58.png,RGB_JPG_QUEBRADOS,RGB_JPG_QUEBRADOS
C:\Users\eduar\Desktop\Soybe-main\data\com_fundo_filtrado\RGB_JPG_CHOCHOS\grao_DSC_0316_id73.png,RGB_JPG_CHOCHOS,RGB_JPG_CHOCHOS
C:\Users\eduar\Desktop\Soybe-main\data\com_fundo_filtrado\RGB_JPG_CHOCHOS\grao_DSC_0352_id51.png,RGB_JPG_CHOCHOS,RGB_JPG_CHOCHOS
C:\Users\eduar\Desktop\Soybe-main\data\com_fundo_filtrado\RGB_JPG_Normais\grao_DSC_0512_id90.png,RGB_JPG_Normais,RGB_JPG_Normais
C:\Users\eduar\Desktop\Soybe-main\data\com_fundo_filtrado\RGB_JPG_IMPUREZAS\grao_DSC_0277_id70.png,RGB_JPG_IMPUREZAS,RGB_JPG_IMPUREZAS
C:\Users\eduar\Desktop\Soybe-main\data\com_fundo_filtrado\RGB_JPG_IMPUREZAS\grao_DSC_0020_id169.png,RGB_JPG_IMPUREZAS,RGB_JPG_IMPUREZAS
C:\Users\eduar\Desktop\Soybe-main\data\com_fundo_filtrado\RGB_JPG_IMPUREZAS\grao_DSC_0019_id61.png,RGB_JPG_IMPUREZAS,RGB_JPG_IMPUREZAS
C:\Users\eduar\Desktop\Soybe-main\data\com_fundo_filtrado\RGB_JPG_Normais\grao_DSC_0644_id90.png,RGB_JPG_Normais,RGB_JPG_Normais
C:\Users\eduar\Desktop\Soybe-main\data\com_fundo_filtrado\RGB_JPG_QUEBRADOS\grao_DSC_0173_id83.png,RGB_JPG_QUEBRADOS,RGB_JPG_QUEBRADOS
C:\Users\eduar\Desktop\Soybe-main\data\com_fundo_filtrado\RGB_JPG_IMPUREZAS\grao_DSC_0285_id62.png,RGB_JPG_IMPUREZAS,RGB_JPG_IMPUREZAS
C:\Users\eduar\Desktop\Soybe-main\data\com_fundo_filtrado\RGB_JPG_Normais\grao_DSC_0680_id65.png,RGB_JPG_Normais,RGB_JPG_Normais
C:\Users\eduar\Desktop\Soybe-main\data\com_fundo_filtrado\RGB_JPG_Normais\grao_DSC_0368_id64.png,RGB_JPG_Normais,RGB_JPG_Normais
C:\Users\eduar\Desktop\Soybe-main\data\com_fundo_filtrado\RGB_JPG_Normais\grao_DSC_0504_id89.png,RGB_JPG_Normais,RGB_JPG_Normais
C:\Users\eduar\Desktop\Soybe-main\data\com_fundo_filtrado\RGB_JPG_CHOCHOS\grao_DSC_0345_id54.png,RGB_JPG_CHOCHOS,RGB_JPG_CHOCHOS
C:\Users\eduar\Desktop\Soybe-main\data\com_fundo_filtrado\RGB_JPG_CHOCHOS\grao_DSC_0357_id47.png,RGB_JPG_CHOCHOS,RGB_JPG_CHOCHOS
C:\Users\eduar\Desktop\Soybe-main\data\com_fundo_filtrado\RGB_JPG_Normais\grao_DSC_0622_id30.png,RGB_JPG_Normais,RGB_JPG_Normais
C:\Users\eduar\Desktop\Soybe-main\data\com_fundo_filtrado\RGB_JPG_Normais\grao_DSC_0214_id39.png,RGB_JPG_Normais,RGB_JPG_Normais
C:\Users\eduar\Desktop\Soybe-main\data\com_fundo_filtrado\RGB_JPG_Normais\grao_DSC_0219_id61.png,RGB_JPG_Normais,RGB_JPG_Normais
C:\Users\eduar\Desktop\Soybe-main\data\com_fundo_filtrado\RGB_JPG_Normais\grao_DSC_0611_id58.png,RGB_JPG_Normais,RGB_JPG_Normais
C:\Users\eduar\Desktop\Soybe-main\data\com_fundo_filtrado\RGB_JPG_CHOCHOS\grao_DSC_0319_id64.png,RGB_JPG_CHOCHOS,RGB_JPG_CHOCHOS
C:\Users\eduar\Desktop\Soybe-main\data\com_fundo_filtrado\RGB_JPG_QUEBRADOS\grao_DSC_0413_id48.png,RGB_JPG_QUEBRADOS,RGB_JPG_QUEBRADOS
C:\Users\eduar\Desktop\Soybe-main\data\com_fundo_filtrado\RGB_JPG_Normais\grao_DSC_0673_id64.png,RGB_JPG_Normais,RGB_JPG_Normais
C:\Users\eduar\Desktop\Soybe-main\data\com_fundo_filtrado\RGB_JPG_Normais\grao_DSC_0633_id49.png,RGB_JPG_Normais,RGB_JPG_Normais
C:\Users\eduar\Desktop\Soybe-main\data\com_fundo_filtrado\RGB_JPG_IMPUREZAS\grao_DSC_0283_id125.png,RGB_JPG_IMPUREZAS,RGB_JPG_IMPUREZAS
C:\Users\eduar\Desktop\Soybe-main\data\com_fundo_filtrado\RGB_JPG_Normais\grao_DSC_0621_id109.png,RGB_JPG_Normais,RGB_JPG_Normais
C:\Users\eduar\Desktop\Soybe-main\data\com_fundo_filtrado\RGB_JPG_IMPUREZAS\grao_DSC_0280_id136.png,RGB_JPG_IMPUREZAS,RGB_JPG_IMPUREZAS
C:\Users\eduar\Desktop\Soybe-main\data\com_fundo_filtrado\RGB_JPG_Normais\grao_DSC_0508_id81.png,RGB_JPG_Normais,RGB_JPG_Normais
C:\Users\eduar\Desktop\Soybe-main\data\com_fundo_filtrado\RGB_JPG_IMPUREZAS\grao_DSC_0266_id28.png,RGB_JPG_IMPUREZAS,RGB_JPG_IMPUREZAS
C:\Users\eduar\Desktop\Soybe-main\data\com_fundo_filtrado\RGB_JPG_Normais\grao_DSC_0666_id88.png,RGB_JPG_Normais,RGB_JPG_Normais
C:\Users\eduar\Desktop\Soybe-main\data\com_fundo_filtrado\RGB_JPG_QUEBRADOS\grao_DSC_0170_id84.png,RGB_JPG_QUEBRADOS,RGB_JPG_QUEBRADOS
C:\Users\eduar\Desktop\Soybe-main\data\com_fundo_filtrado\RGB_JPG_CHOCHOS\grao_DSC_0348_id41.png,RGB_JPG_CHOCHOS,RGB_JPG_CHOCHOS
C:\Users\eduar\Desktop\Soybe-main\data\com_fundo_filtrado\RGB_JPG_CHOCHOS\grao_DSC_0348_id13.png,RGB_JPG_CHOCHOS,RGB_JPG_CHOCHOS
C:\Users\eduar\Desktop\Soybe-main\data\com_fundo_filtrado\RGB_JPG_QUEBRADOS\grao_DSC_0436_id50.png,RGB_JPG_QUEBRADOS,RGB_JPG_QUEBRADOS
C:\Users\eduar\Desktop\Soybe-main\data\com_fundo_filtrado\RGB_JPG_MAMONAS\grao_DSC_0186_id87.png,RGB_JPG_MAMONAS,RGB_JPG_MAMONAS
C:\Users\eduar\Desktop\Soybe-main\data\com_fundo_filtrado\RGB_JPG_IMPUREZAS\grao_DSC_0287_id168.png,RGB_JPG_IMPUREZAS,RGB_JPG_IMPUREZAS
C:\Users\eduar\Desktop\Soybe-main\data\com_fundo_filtrado\RGB_JPG_QUEBRADOS\grao_DSC_0452_id10.png,RGB_JPG_QUEBRADOS,RGB_JPG_QUEBRADOS
C:\Users\eduar\Desktop\Soybe-main\data\com_fundo_filtrado\RGB_JPG_CHOCHOS\grao_DSC_0362_id110.png,RGB_JPG_CHOCHOS,RGB_JPG_CHOCHOS
C:\Users\eduar\Desktop\Soybe-main\data\com_fundo_filtrado\RGB_JPG_IMPUREZAS\grao_DSC_0246_id98.png,RGB_JPG_IMPUREZAS,RGB_JPG_IMPUREZAS
C:\Users\eduar\Desktop\Soybe-main\data\com_fundo_filtrado\RGB_JPG_IMPUREZAS\grao_DSC_0288_id119.png,RGB_JPG_IMPUREZAS,RGB_JPG_IMPUREZAS
