caminho_arquivo,classe_verdadeira,classe_predita
C:\Users\eduar\Desktop\Soybe-main\data\com_fundo\RGB_JPG_CHOCHOS\grao_DSC_0328_id1.png,RGB_JPG_CHOCHOS,RGB_JPG_CHOCHOS
C:\Users\eduar\Desktop\Soybe-main\data\com_fundo\RGB_JPG_CHOCHOS\grao_DSC_0328_id10.png,RGB_JPG_CHOCHOS,RGB_JPG_CHOCHOS
C:\Users\eduar\Desktop\Soybe-main\data\com_fundo\RGB_JPG_CHOCHOS\grao_DSC_0328_id100.png,RGB_JPG_CHOCHOS,RGB_JPG_CHOCHOS
C:\Users\eduar\Desktop\Soybe-main\data\com_fundo\RGB_JPG_CHOCHOS\grao_DSC_0328_id101.png,RGB_JPG_CHOCHOS,RGB_JPG_CHOCHOS
C:\Users\eduar\Desktop\Soybe-main\data\com_fundo\RGB_JPG_CHOCHOS\grao_DSC_0328_id102.png,RGB_JPG_CHOCHOS,RGB_JPG_CHOCHOS
C:\Users\eduar\Desktop\Soybe-main\data\com_fundo\RGB_JPG_CHOCHOS\grao_DSC_0328_id103.png,RGB_JPG_CHOCHOS,RGB_JPG_CHOCHOS
C:\Users\eduar\Desktop\Soybe-main\data\com_fundo\RGB_JPG_CHOCHOS\grao_DSC_0328_id104.png,RGB_JPG_CHOCHOS,RGB_JPG_CHOCHOS
C:\Users\eduar\Desktop\Soybe-main\data\com_fundo\RGB_JPG_CHOCHOS\grao_DSC_0328_id105.png,RGB_JPG_CHOCHOS,RGB_JPG_CHOCHOS
C:\Users\eduar\Desktop\Soybe-main\data\com_fundo\RGB_JPG_CHOCHOS\grao_DSC_0328_id106.png,RGB_JPG_CHOCHOS,RGB_JPG_CHOCHOS
C:\Users\eduar\Desktop\Soybe-main\data\com_fundo\RGB_JPG_CHOCHOS\grao_DSC_0328_id107.png,RGB_JPG_CHOCHOS,RGB_JPG_CHOCHOS
C:\Users\eduar\Desktop\Soybe-main\data\com_fundo\RGB_JPG_CHOCHOS\grao_DSC_0328_id108.png,RGB_JPG_CHOCHOS,RGB_JPG_CHOCHOS
C:\Users\eduar\Desktop\Soybe-main\data\com_fundo\RGB_JPG_CHOCHOS\grao_DSC_0328_id109.png,RGB_JPG_CHOCHOS,RGB_JPG_CHOCHOS
C:\Users\eduar\Desktop\Soybe-main\data\com_fundo\RGB_JPG_CHOCHOS\grao_DSC_0328_id11.png,RGB_JPG_CHOCHOS,RGB_JPG_CHOCHOS
C:\Users\eduar\Desktop\Soybe-main\data\com_fundo\RGB_JPG_CHOCHOS\grao_DSC_0328_id110.png,RGB_JPG_CHOCHOS,RGB_JPG_CHOCHOS
C:\Users\eduar\Desktop\Soybe-main\data\com_fundo\RGB_JPG_CHOCHOS\grao_DSC_0328_id111.png,RGB_JPG_CHOCHOS,RGB_JPG_CHOCHOS
C:\Users\eduar\Desktop\Soybe-main\data\com_fundo\RGB_JPG_CHOCHOS\grao_DSC_0328_id112.png,RGB_JPG_CHOCHOS,RGB_JPG_CHOCHOS
C:\Users\eduar\Desktop\Soybe-main\data\com_fundo\RGB_JPG_CHOCHOS\grao_DSC_0328_id113.png,RGB_JPG_CHOCHOS,RGB_JPG_CHOCHOS
C:\Users\eduar\Desktop\Soybe-main\data\com_fundo\RGB_JPG_CHOCHOS\grao_DSC_0328_id114.png,RGB_JPG_CHOCHOS,RGB_JPG_CHOCHOS
C:\Users\eduar\Desktop\Soybe-main\data\com_fundo\RGB_JPG_CHOCHOS\grao_DSC_0328_id115.png,RGB_JPG_CHOCHOS,RGB_JPG_CHOCHOS
C:\Users\eduar\Desktop\Soybe-main\data\com_fundo\RGB_JPG_CHOCHOS\grao_DSC_0328_id116.png,RGB_JPG_CHOCHOS,RGB_JPG_CHOCHOS
C:\Users\eduar\Desktop\Soybe-main\data\com_fundo\RGB_JPG_CHOCHOS\grao_DSC_0328_id117.png,RGB_JPG_CHOCHOS,RGB_JPG_CHOCHOS
C:\Users\eduar\Desktop\Soybe-main\data\com_fundo\RGB_JPG_CHOCHOS\grao_DSC_0328_id12.png,RGB_JPG_CHOCHOS,RGB_JPG_CHOCHOS
C:\Users\eduar\Desktop\Soybe-main\data\com_fundo\RGB_JPG_CHOCHOS\grao_DSC_0328_id13.png,RGB_JPG_CHOCHOS,RGB_JPG_CHOCHOS
C:\Users\eduar\Desktop\Soybe-main\data\com_fundo\RGB_JPG_CHOCHOS\grao_DSC_0328_id14.png,RGB_JPG_CHOCHOS,RGB_JPG_CHOCHOS
C:\Users\eduar\Desktop\Soybe-main\data\com_fundo\RGB_JPG_CHOCHOS\grao_DSC_0328_id15.png,RGB_JPG_CHOCHOS,RGB_JPG_CHOCHOS
C:\Users\eduar\Desktop\Soybe-main\data\com_fundo\RGB_JPG_CHOCHOS\grao_DSC_0328_id16.png,RGB_JPG_CHOCHOS,RGB_JPG_CHOCHOS
C:\Users\eduar\Desktop\Soybe-main\data\com_fundo\RGB_JPG_CHOCHOS\grao_DSC_0328_id17.png,RGB_JPG_CHOCHOS,RGB_JPG_CHOCHOS
C:\Users\eduar\Desktop\Soybe-main\data\com_fundo\RGB_JPG_CHOCHOS\grao_DSC_0328_id18.png,RGB_JPG_CHOCHOS,RGB_JPG_CHOCHOS
C:\Users\eduar\Desktop\Soybe-main\data\com_fundo\RGB_JPG_CHOCHOS\grao_DSC_0328_id19.png,RGB_JPG_CHOCHOS,RGB_JPG_CHOCHOS
C:\Users\eduar\Desktop\Soybe-main\data\com_fundo\RGB_JPG_CHOCHOS\grao_DSC_0328_id2.png,RGB_JPG_CHOCHOS,RGB_JPG_CHOCHOS
C:\Users\eduar\Desktop\Soybe-main\data\com_fundo\RGB_JPG_CHOCHOS\grao_DSC_0328_id20.png,RGB_JPG_CHOCHOS,RGB_JPG_CHOCHOS
C:\Users\eduar\Desktop\Soybe-main\data\com_fundo\RGB_JPG_CHOCHOS\grao_DSC_0328_id21.png,RGB_JPG_CHOCHOS,RGB_JPG_CHOCHOS
C:\Users\eduar\Desktop\Soybe-main\data\com_fundo\RGB_JPG_CHOCHOS\grao_DSC_0328_id22.png,RGB_JPG_CHOCHOS,RGB_JPG_CHOCHOS
C:\Users\eduar\Desktop\Soybe-main\data\com_fundo\RGB_JPG_CHOCHOS\grao_DSC_0328_id24.png,RGB_JPG_CHOCHOS,RGB_JPG_CHOCHOS
C:\Users\eduar\Desktop\Soybe-main\data\com_fundo\RGB_JPG_CHOCHOS\grao_DSC_0328_id25.png,RGB_JPG_CHOCHOS,RGB_JPG_CHOCHOS
C:\Users\eduar\Desktop\Soybe-main\data\com_fundo\RGB_JPG_CHOCHOS\grao_DSC_0328_id26.png,RGB_JPG_CHOCHOS,RGB_JPG_CHOCHOS
C:\Users\eduar\Desktop\Soybe-main\data\com_fundo\RGB_JPG_CHOCHOS\grao_DSC_0328_id27.png,RGB_JPG_CHOCHOS,RGB_JPG_CHOCHOS
C:\Users\eduar\Desktop\Soybe-main\data\com_fundo\RGB_JPG_CHOCHOS\grao_DSC_0328_id28.png,RGB_JPG_CHOCHOS,RGB_JPG_CHOCHOS
C:\Users\eduar\Desktop\Soybe-main\data\com_fundo\RGB_JPG_CHOCHOS\grao_DSC_0328_id29.png,RGB_JPG_CHOCHOS,RGB_JPG_CHOCHOS
C:\Users\eduar\Desktop\Soybe-main\data\com_fundo\RGB_JPG_CHOCHOS\grao_DSC_0328_id3.png,RGB_JPG_CHOCHOS,RGB_JPG_ESVERDEADO
C:\Users\eduar\Desktop\Soybe-main\data\com_fundo\RGB_JPG_CHOCHOS\grao_DSC_0328_id30.png,RGB_JPG_CHOCHOS,RGB_JPG_CHOCHOS
C:\Users\eduar\Desktop\Soybe-main\data\com_fundo\RGB_JPG_CHOCHOS\grao_DSC_0328_id31.png,RGB_JPG_CHOCHOS,RGB_JPG_CHOCHOS
C:\Users\eduar\Desktop\Soybe-main\data\com_fundo\RGB_JPG_CHOCHOS\grao_DSC_0328_id32.png,RGB_JPG_CHOCHOS,RGB_JPG_CHOCHOS
C:\Users\eduar\Desktop\Soybe-main\data\com_fundo\RGB_JPG_CHOCHOS\grao_DSC_0328_id33.png,RGB_JPG_CHOCHOS,RGB_JPG_CHOCHOS
C:\Users\eduar\Desktop\Soybe-main\data\com_fundo\RGB_JPG_CHOCHOS\grao_DSC_0328_id34.png,RGB_JPG_CHOCHOS,RGB_JPG_CHOCHOS
C:\Users\eduar\Desktop\Soybe-main\data\com_fundo\RGB_JPG_CHOCHOS\grao_DSC_0328_id35.png,RGB_JPG_CHOCHOS,RGB_JPG_CHOCHOS
C:\Users\eduar\Desktop\Soybe-main\data\com_fundo\RGB_JPG_CHOCHOS\grao_DSC_0328_id36.png,RGB_JPG_CHOCHOS,RGB_JPG_CHOCHOS
C:\Users\eduar\Desktop\Soybe-main\data\com_fundo\RGB_JPG_CHOCHOS\grao_DSC_0328_id37.png,RGB_JPG_CHOCHOS,RGB_JPG_CHOCHOS
C:\Users\eduar\Desktop\Soybe-main\data\com_fundo\RGB_JPG_CHOCHOS\grao_DSC_0328_id38.png,RGB_JPG_CHOCHOS,RGB_JPG_CHOCHOS
C:\Users\eduar\Desktop\Soybe-main\data\com_fundo\RGB_JPG_CHOCHOS\grao_DSC_0328_id39.png,RGB_JPG_CHOCHOS,RGB_JPG_CHOCHOS
C:\Users\eduar\Desktop\Soybe-main\data\com_fundo\RGB_JPG_CHOCHOS\grao_DSC_0328_id4.png,RGB_JPG_CHOCHOS,RGB_JPG_CHOCHOS
C:\Users\eduar\Desktop\Soybe-main\data\com_fundo\RGB_JPG_CHOCHOS\grao_DSC_0328_id40.png,RGB_JPG_CHOCHOS,RGB_JPG_CHOCHOS
C:\Users\eduar\Desktop\Soybe-main\data\com_fundo\RGB_JPG_CHOCHOS\grao_DSC_0328_id41.png,RGB_JPG_CHOCHOS,RGB_JPG_CHOCHOS
C:\Users\eduar\Desktop\Soybe-main\data\com_fundo\RGB_JPG_CHOCHOS\grao_DSC_0328_id42.png,RGB_JPG_CHOCHOS,RGB_JPG_CHOCHOS
C:\Users\eduar\Desktop\Soybe-main\data\com_fundo\RGB_JPG_CHOCHOS\grao_DSC_0328_id43.png,RGB_JPG_CHOCHOS,RGB_JPG_CHOCHOS
C:\Users\eduar\Desktop\Soybe-main\data\com_fundo\RGB_JPG_CHOCHOS\grao_DSC_0328_id44.png,RGB_JPG_CHOCHOS,RGB_JPG_CHOCHOS
C:\Users\eduar\Desktop\Soybe-main\data\com_fundo\RGB_JPG_CHOCHOS\grao_DSC_0328_id45.png,RGB_JPG_CHOCHOS,RGB_JPG_CHOCHOS
C:\Users\eduar\Desktop\Soybe-main\data\com_fundo\RGB_JPG_CHOCHOS\grao_DSC_0328_id46.png,RGB_JPG_CHOCHOS,RGB_JPG_CHOCHOS
C:\Users\eduar\Desktop\Soybe-main\data\com_fundo\RGB_JPG_CHOCHOS\grao_DSC_0328_id47.png,RGB_JPG_CHOCHOS,RGB_JPG_CHOCHOS
C:\Users\eduar\Desktop\Soybe-main\data\com_fundo\RGB_JPG_CHOCHOS\grao_DSC_0328_id48.png,RGB_JPG_CHOCHOS,RGB_JPG_CHOCHOS
C:\Users\eduar\Desktop\Soybe-main\data\com_fundo\RGB_JPG_CHOCHOS\grao_DSC_0328_id49.png,RGB_JPG_CHOCHOS,RGB_JPG_CHOCHOS
C:\Users\eduar\Desktop\Soybe-main\data\com_fundo\RGB_JPG_CHOCHOS\grao_DSC_0328_id5.png,RGB_JPG_CHOCHOS,RGB_JPG_CHOCHOS
C:\Users\eduar\Desktop\Soybe-main\data\com_fundo\RGB_JPG_CHOCHOS\grao_DSC_0328_id50.png,RGB_JPG_CHOCHOS,RGB_JPG_CHOCHOS
C:\Users\eduar\Desktop\Soybe-main\data\com_fundo\RGB_JPG_CHOCHOS\grao_DSC_0328_id51.png,RGB_JPG_CHOCHOS,RGB_JPG_CHOCHOS
C:\Users\eduar\Desktop\Soybe-main\data\com_fundo\RGB_JPG_CHOCHOS\grao_DSC_0328_id52.png,RGB_JPG_CHOCHOS,RGB_JPG_CHOCHOS
C:\Users\eduar\Desktop\Soybe-main\data\com_fundo\RGB_JPG_CHOCHOS\grao_DSC_0328_id53.png,RGB_JPG_CHOCHOS,RGB_JPG_CHOCHOS
C:\Users\eduar\Desktop\Soybe-main\data\com_fundo\RGB_JPG_CHOCHOS\grao_DSC_0328_id54.png,RGB_JPG_CHOCHOS,RGB_JPG_CHOCHOS
C:\Users\eduar\Desktop\Soybe-main\data\com_fundo\RGB_JPG_CHOCHOS\grao_DSC_0328_id55.png,RGB_JPG_CHOCHOS,RGB_JPG_CHOCHOS
C:\Users\eduar\Desktop\Soybe-main\data\com_fundo\RGB_JPG_CHOCHOS\grao_DSC_0328_id56.png,RGB_JPG_CHOCHOS,RGB_JPG_CHOCHOS
C:\Users\eduar\Desktop\Soybe-main\data\com_fundo\RGB_JPG_CHOCHOS\grao_DSC_0328_id57.png,RGB_JPG_CHOCHOS,RGB_JPG_CHOCHOS
C:\Users\eduar\Desktop\Soybe-main\data\com_fundo\RGB_JPG_CHOCHOS\grao_DSC_0328_id58.png,RGB_JPG_CHOCHOS,RGB_JPG_CHOCHOS
C:\Users\eduar\Desktop\Soybe-main\data\com_fundo\RGB_JPG_CHOCHOS\grao_DSC_0328_id59.png,RGB_JPG_CHOCHOS,RGB_JPG_CHOCHOS
C:\Users\eduar\Desktop\Soybe-main\data\com_fundo\RGB_JPG_CHOCHOS\grao_DSC_0328_id6.png,RGB_JPG_CHOCHOS,RGB_JPG_CHOCHOS
C:\Users\eduar\Desktop\Soybe-main\data\com_fundo\RGB_JPG_CHOCHOS\grao_DSC_0328_id60.png,RGB_JPG_CHOCHOS,RGB_JPG_CHOCHOS
C:\Users\eduar\Desktop\Soybe-main\data\com_fundo\RGB_JPG_CHOCHOS\grao_DSC_0328_id61.png,RGB_JPG_CHOCHOS,RGB_JPG_CHOCHOS
C:\Users\eduar\Desktop\Soybe-main\data\com_fundo\RGB_JPG_CHOCHOS\grao_DSC_0328_id62.png,RGB_JPG_CHOCHOS,RGB_JPG_CHOCHOS
C:\Users\eduar\Desktop\Soybe-main\data\com_fundo\RGB_JPG_CHOCHOS\grao_DSC_0328_id63.png,RGB_JPG_CHOCHOS,RGB_JPG_CHOCHOS
C:\Users\eduar\Desktop\Soybe-main\data\com_fundo\RGB_JPG_CHOCHOS\grao_DSC_0328_id64.png,RGB_JPG_CHOCHOS,RGB_JPG_CHOCHOS
C:\Users\eduar\Desktop\Soybe-main\data\com_fundo\RGB_JPG_CHOCHOS\grao_DSC_0328_id65.png,RGB_JPG_CHOCHOS,RGB_JPG_CHOCHOS
C:\Users\eduar\Desktop\Soybe-main\data\com_fundo\RGB_JPG_CHOCHOS\grao_DSC_0328_id66.png,RGB_JPG_CHOCHOS,RGB_JPG_CHOCHOS
C:\Users\eduar\Desktop\Soybe-main\data\com_fundo\RGB_JPG_CHOCHOS\grao_DSC_0328_id67.png,RGB_JPG_CHOCHOS,RGB_JPG_CHOCHOS
C:\Users\eduar\Desktop\Soybe-main\data\com_fundo\RGB_JPG_CHOCHOS\grao_DSC_0328_id68.png,RGB_JPG_CHOCHOS,RGB_JPG_CHOCHOS
C:\Users\eduar\Desktop\Soybe-main\data\com_fundo\RGB_JPG_CHOCHOS\grao_DSC_0328_id69.png,RGB_JPG_CHOCHOS,RGB_JPG_CHOCHOS
C:\Users\eduar\Desktop\Soybe-main\data\com_fundo\RGB_JPG_CHOCHOS\grao_DSC_0328_id7.png,RGB_JPG_CHOCHOS,RGB_JPG_Normais
C:\Users\eduar\Desktop\Soybe-main\data\com_fundo\RGB_JPG_CHOCHOS\grao_DSC_0328_id70.png,RGB_JPG_CHOCHOS,RGB_JPG_CHOCHOS
C:\Users\eduar\Desktop\Soybe-main\data\com_fundo\RGB_JPG_CHOCHOS\grao_DSC_0328_id71.png,RGB_JPG_CHOCHOS,RGB_JPG_CHOCHOS
C:\Users\eduar\Desktop\Soybe-main\data\com_fundo\RGB_JPG_CHOCHOS\grao_DSC_0328_id72.png,RGB_JPG_CHOCHOS,RGB_JPG_CHOCHOS
C:\Users\eduar\Desktop\Soybe-main\data\com_fundo\RGB_JPG_CHOCHOS\grao_DSC_0328_id73.png,RGB_JPG_CHOCHOS,RGB_JPG_CHOCHOS
C:\Users\eduar\Desktop\Soybe-main\data\com_fundo\RGB_JPG_CHOCHOS\grao_DSC_0328_id74.png,RGB_JPG_CHOCHOS,RGB_JPG_CHOCHOS
C:\Users\eduar\Desktop\Soybe-main\data\com_fundo\RGB_JPG_CHOCHOS\grao_DSC_0328_id75.png,RGB_JPG_CHOCHOS,RGB_JPG_CHOCHOS
C:\Users\eduar\Desktop\Soybe-main\data\com_fundo\RGB_JPG_CHOCHOS\grao_DSC_0328_id76.png,RGB_JPG_CHOCHOS,RGB_JPG_CHOCHOS
C:\Users\eduar\Desktop\Soybe-main\data\com_fundo\RGB_JPG_CHOCHOS\grao_DSC_0328_id77.png,RGB_JPG_CHOCHOS,RGB_JPG_CHOCHOS
C:\Users\eduar\Desktop\Soybe-main\data\com_fundo\RGB_JPG_CHOCHOS\grao_DSC_0328_id79.png,RGB_JPG_CHOCHOS,RGB_JPG_CHOCHOS
C:\Users\eduar\Desktop\Soybe-main\data\com_fundo\RGB_JPG_CHOCHOS\grao_DSC_0328_id8.png,RGB_JPG_CHOCHOS,RGB_JPG_CHOCHOS
C:\Users\eduar\Desktop\Soybe-main\data\com_fundo\RGB_JPG_CHOCHOS\grao_DSC_0328_id80.png,RGB_JPG_CHOCHOS,RGB_JPG_CHOCHOS
C:\Users\eduar\Desktop\Soybe-main\data\com_fundo\RGB_JPG_CHOCHOS\grao_DSC_0328_id81.png,RGB_JPG_CHOCHOS,RGB_JPG_CHOCHOS
C:\Users\eduar\Desktop\Soybe-main\data\com_fundo\RGB_JPG_CHOCHOS\grao_DSC_0328_id82.png,RGB_JPG_CHOCHOS,RGB_JPG_CHOCHOS
C:\Users\eduar\Desktop\Soybe-main\data\com_fundo\RGB_JPG_CHOCHOS\grao_DSC_0328_id83.png,RGB_JPG_CHOCHOS,RGB_JPG_CHOCHOS
C:\Users\eduar\Desktop\Soybe-main\data\com_fundo\RGB_JPG_CHOCHOS\grao_DSC_0328_id84.png,RGB_JPG_CHOCHOS,RGB_JPG_CHOCHOS
C:\Users\eduar\Desktop\Soybe-main\data\com_fundo\RGB_JPG_CHOCHOS\grao_DSC_0328_id85.png,RGB_JPG_CHOCHOS,RGB_JPG_CHOCHOS
C:\Users\eduar\Desktop\Soybe-main\data\com_fundo\RGB_JPG_CHOCHOS\grao_DSC_0328_id86.png,RGB_JPG_CHOCHOS,RGB_JPG_CHOCHOS
C:\Users\eduar\Desktop\Soybe-main\data\com_fundo\RGB_JPG_CHOCHOS\grao_DSC_0328_id87.png,RGB_JPG_CHOCHOS,RGB_JPG_CHOCHOS
C:\Users\eduar\Desktop\Soybe-main\data\com_fundo\RGB_JPG_CHOCHOS\grao_DSC_0328_id88.png,RGB_JPG_CHOCHOS,RGB_JPG_CHOCHOS
C:\Users\eduar\Desktop\Soybe-main\data\com_fundo\RGB_JPG_CHOCHOS\grao_DSC_0328_id89.png,RGB_JPG_CHOCHOS,RGB_JPG_CHOCHOS
C:\Users\eduar\Desktop\Soybe-main\data\com_fundo\RGB_JPG_CHOCHOS\grao_DSC_0328_id9.png,RGB_JPG_CHOCHOS,RGB_JPG_CHOCHOS
C:\Users\eduar\Desktop\Soybe-main\data\com_fundo\RGB_JPG_CHOCHOS\grao_DSC_0328_id90.png,RGB_JPG_CHOCHOS,RGB_JPG_CHOCHOS
C:\Users\eduar\Desktop\Soybe-main\data\com_fundo\RGB_JPG_CHOCHOS\grao_DSC_0328_id91.png,RGB_JPG_CHOCHOS,RGB_JPG_CHOCHOS
C:\Users\eduar\Desktop\Soybe-main\data\com_fundo\RGB_JPG_CHOCHOS\grao_DSC_0328_id92.png,RGB_JPG_CHOCHOS,RGB_JPG_CHOCHOS
C:\Users\eduar\Desktop\Soybe-main\data\com_fundo\RGB_JPG_CHOCHOS\grao_DSC_0328_id93.png,RGB_JPG_CHOCHOS,RGB_JPG_CHOCHOS
C:\Users\eduar\Desktop\Soybe-main\data\com_fundo\RGB_JPG_CHOCHOS\grao_DSC_0328_id94.png,RGB_JPG_CHOCHOS,RGB_JPG_CHOCHOS
C:\Users\eduar\Desktop\Soybe-main\data\com_fundo\RGB_JPG_CHOCHOS\grao_DSC_0328_id95.png,RGB_JPG_CHOCHOS,RGB_JPG_CHOCHOS
C:\Users\eduar\Desktop\Soybe-main\data\com_fundo\RGB_JPG_CHOCHOS\grao_DSC_0328_id96.png,RGB_JPG_CHOCHOS,RGB_JPG_CHOCHOS
C:\Users\eduar\Desktop\Soybe-main\data\com_fundo\RGB_JPG_CHOCHOS\grao_DSC_0328_id97.png,RGB_JPG_CHOCHOS,RGB_JPG_CHOCHOS
C:\Users\eduar\Desktop\Soybe-main\data\com_fundo\RGB_JPG_CHOCHOS\grao_DSC_0328_id98.png,RGB_JPG_CHOCHOS,RGB_JPG_CHOCHOS
C:\Users\eduar\Desktop\Soybe-main\data\com_fundo\RGB_JPG_CHOCHOS\grao_DSC_0328_id99.png,RGB_JPG_CHOCHOS,RGB_JPG_CHOCHOS
C:\Users\eduar\Desktop\Soybe-main\data\com_fundo\RGB_JPG_CHOCHOS\grao_DSC_0349_id1.png,RGB_JPG_CHOCHOS,RGB_JPG_CHOCHOS
C:\Users\eduar\Desktop\Soybe-main\data\com_fundo\RGB_JPG_CHOCHOS\grao_DSC_0349_id10.png,RGB_JPG_CHOCHOS,RGB_JPG_CHOCHOS
C:\Users\eduar\Desktop\Soybe-main\data\com_fundo\RGB_JPG_CHOCHOS\grao_DSC_0349_id100.png,RGB_JPG_CHOCHOS,RGB_JPG_CHOCHOS
C:\Users\eduar\Desktop\Soybe-main\data\com_fundo\RGB_JPG_CHOCHOS\grao_DSC_0349_id101.png,RGB_JPG_CHOCHOS,RGB_JPG_CHOCHOS
C:\Users\eduar\Desktop\Soybe-main\data\com_fundo\RGB_JPG_CHOCHOS\grao_DSC_0349_id102.png,RGB_JPG_CHOCHOS,RGB_JPG_CHOCHOS
C:\Users\eduar\Desktop\Soybe-main\data\com_fundo\RGB_JPG_CHOCHOS\grao_DSC_0349_id103.png,RGB_JPG_CHOCHOS,RGB_JPG_CHOCHOS
C:\Users\eduar\Desktop\Soybe-main\data\com_fundo\RGB_JPG_CHOCHOS\grao_DSC_0349_id104.png,RGB_JPG_CHOCHOS,RGB_JPG_CHOCHOS
C:\Users\eduar\Desktop\Soybe-main\data\com_fundo\RGB_JPG_CHOCHOS\grao_DSC_0349_id105.png,RGB_JPG_CHOCHOS,RGB_JPG_CHOCHOS
C:\Users\eduar\Desktop\Soybe-main\data\com_fundo\RGB_JPG_CHOCHOS\grao_DSC_0349_id11.png,RGB_JPG_CHOCHOS,RGB_JPG_CHOCHOS
C:\Users\eduar\Desktop\Soybe-main\data\com_fundo\RGB_JPG_CHOCHOS\grao_DSC_0349_id12.png,RGB_JPG_CHOCHOS,RGB_JPG_CHOCHOS
C:\Users\eduar\Desktop\Soybe-main\data\com_fundo\RGB_JPG_CHOCHOS\grao_DSC_0349_id13.png,RGB_JPG_CHOCHOS,RGB_JPG_CHOCHOS
C:\Users\eduar\Desktop\Soybe-main\data\com_fundo\RGB_JPG_CHOCHOS\grao_DSC_0349_id14.png,RGB_JPG_CHOCHOS,RGB_JPG_CHOCHOS
C:\Users\eduar\Desktop\Soybe-main\data\com_fundo\RGB_JPG_CHOCHOS\grao_DSC_0349_id15.png,RGB_JPG_CHOCHOS,RGB_JPG_CHOCHOS
C:\Users\eduar\Desktop\Soybe-main\data\com_fundo\RGB_JPG_CHOCHOS\grao_DSC_0349_id16.png,RGB_JPG_CHOCHOS,RGB_JPG_CHOCHOS
C:\Users\eduar\Desktop\Soybe-main\data\com_fundo\RGB_JPG_CHOCHOS\grao_DSC_0349_id17.png,RGB_JPG_CHOCHOS,RGB_JPG_CHOCHOS
C:\Users\eduar\Desktop\Soybe-main\data\com_fundo\RGB_JPG_CHOCHOS\grao_DSC_0349_id18.png,RGB_JPG_CHOCHOS,RGB_JPG_CHOCHOS
C:\Users\eduar\Desktop\Soybe-main\data\com_fundo\RGB_JPG_CHOCHOS\grao_DSC_0349_id19.png,RGB_JPG_CHOCHOS,RGB_JPG_CHOCHOS
C:\Users\eduar\Desktop\Soybe-main\data\com_fundo\RGB_JPG_CHOCHOS\grao_DSC_0349_id2.png,RGB_JPG_CHOCHOS,RGB_JPG_CHOCHOS
C:\Users\eduar\Desktop\Soybe-main\data\com_fundo\RGB_JPG_CHOCHOS\grao_DSC_0349_id20.png,RGB_JPG_CHOCHOS,RGB_JPG_CHOCHOS
C:\Users\eduar\Desktop\Soybe-main\data\com_fundo\RGB_JPG_CHOCHOS\grao_DSC_0349_id21.png,RGB_JPG_CHOCHOS,RGB_JPG_CHOCHOS
C:\Users\eduar\Desktop\Soybe-main\data\com_fundo\RGB_JPG_CHOCHOS\grao_DSC_0349_id22.png,RGB_JPG_CHOCHOS,RGB_JPG_CHOCHOS
C:\Users\eduar\Desktop\Soybe-main\data\com_fundo\RGB_JPG_CHOCHOS\grao_DSC_0349_id23.png,RGB_JPG_CHOCHOS,RGB_JPG_CHOCHOS
C:\Users\eduar\Desktop\Soybe-main\data\com_fundo\RGB_JPG_CHOCHOS\grao_DSC_0349_id24.png,RGB_JPG_CHOCHOS,RGB_JPG_CHOCHOS
C:\Users\eduar\Desktop\Soybe-main\data\com_fundo\RGB_JPG_CHOCHOS\grao_DSC_0349_id25.png,RGB_JPG_CHOCHOS,RGB_JPG_CHOCHOS
C:\Users\eduar\Desktop\Soybe-main\data\com_fundo\RGB_JPG_CHOCHOS\grao_DSC_0349_id27.png,RGB_JPG_CHOCHOS,RGB_JPG_CHOCHOS
C:\Users\eduar\Desktop\Soybe-main\data\com_fundo\RGB_JPG_CHOCHOS\grao_DSC_0349_id28.png,RGB_JPG_CHOCHOS,RGB_JPG_CHOCHOS
C:\Users\eduar\Desktop\Soybe-main\data\com_fundo\RGB_JPG_CHOCHOS\grao_DSC_0349_id29.png,RGB_JPG_CHOCHOS,RGB_JPG_CHOCHOS
C:\Users\eduar\Desktop\Soybe-main\data\com_fundo\RGB_JPG_CHOCHOS\grao_DSC_0349_id3.png,RGB_JPG_CHOCHOS,RGB_JPG_CHOCHOS
C:\Users\eduar\Desktop\Soybe-main\data\com_fundo\RGB_JPG_CHOCHOS\grao_DSC_0349_id30.png,RGB_JPG_CHOCHOS,RGB_JPG_CHOCHOS
C:\Users\eduar\Desktop\Soybe-main\data\com_fundo\RGB_JPG_CHOCHOS\grao_DSC_0349_id31.png,RGB_JPG_CHOCHOS,RGB_JPG_CHOCHOS
C:\Users\eduar\Desktop\Soybe-main\data\com_fundo\RGB_JPG_CHOCHOS\grao_DSC_0349_id32.png,RGB_JPG_CHOCHOS,RGB_JPG_CHOCHOS
C:\Users\eduar\Desktop\Soybe-main\data\com_fundo\RGB_JPG_CHOCHOS\grao_DSC_0349_id33.png,RGB_JPG_CHOCHOS,RGB_JPG_CHOCHOS
C:\Users\eduar\Desktop\Soybe-main\data\com_fundo\RGB_JPG_CHOCHOS\grao_DSC_0349_id34.png,RGB_JPG_CHOCHOS,RGB_JPG_CHOCHOS
C:\Users\eduar\Desktop\Soybe-main\data\com_fundo\RGB_JPG_CHOCHOS\grao_DSC_0349_id35.png,RGB_JPG_CHOCHOS,RGB_JPG_CHOCHOS
C:\Users\eduar\Desktop\Soybe-main\data\com_fundo\RGB_JPG_CHOCHOS\grao_DSC_0349_id36.png,RGB_JPG_CHOCHOS,RGB_JPG_CHOCHOS
C:\Users\eduar\Desktop\Soybe-main\data\com_fundo\RGB_JPG_CHOCHOS\grao_DSC_0349_id38.png,RGB_JPG_CHOCHOS,RGB_JPG_CHOCHOS
C:\Users\eduar\Desktop\Soybe-main\data\com_fundo\RGB_JPG_CHOCHOS\grao_DSC_0349_id39.png,RGB_JPG_CHOCHOS,RGB_JPG_CHOCHOS
C:\Users\eduar\Desktop\Soybe-main\data\com_fundo\RGB_JPG_CHOCHOS\grao_DSC_0349_id4.png,RGB_JPG_CHOCHOS,RGB_JPG_CHOCHOS
C:\Users\eduar\Desktop\Soybe-main\data\com_fundo\RGB_JPG_CHOCHOS\grao_DSC_0349_id40.png,RGB_JPG_CHOCHOS,RGB_JPG_CHOCHOS
C:\Users\eduar\Desktop\Soybe-main\data\com_fundo\RGB_JPG_CHOCHOS\grao_DSC_0349_id41.png,RGB_JPG_CHOCHOS,RGB_JPG_CHOCHOS
C:\Users\eduar\Desktop\Soybe-main\data\com_fundo\RGB_JPG_CHOCHOS\grao_DSC_0349_id42.png,RGB_JPG_CHOCHOS,RGB_JPG_CHOCHOS
C:\Users\eduar\Desktop\Soybe-main\data\com_fundo\RGB_JPG_CHOCHOS\grao_DSC_0349_id43.png,RGB_JPG_CHOCHOS,RGB_JPG_CHOCHOS
C:\Users\eduar\Desktop\Soybe-main\data\com_fundo\RGB_JPG_CHOCHOS\grao_DSC_0349_id44.png,RGB_JPG_CHOCHOS,RGB_JPG_CHOCHOS
C:\Users\eduar\Desktop\Soybe-main\data\com_fundo\RGB_JPG_CHOCHOS\grao_DSC_0349_id45.png,RGB_JPG_CHOCHOS,RGB_JPG_CHOCHOS
C:\Users\eduar\Desktop\Soybe-main\data\com_fundo\RGB_JPG_CHOCHOS\grao_DSC_0349_id46.png,RGB_JPG_CHOCHOS,RGB_JPG_CHOCHOS
C:\Users\eduar\Desktop\Soybe-main\data\com_fundo\RGB_JPG_CHOCHOS\grao_DSC_0349_id47.png,RGB_JPG_CHOCHOS,RGB_JPG_CHOCHOS
C:\Users\eduar\Desktop\Soybe-main\data\com_fundo\RGB_JPG_CHOCHOS\grao_DSC_0349_id48.png,RGB_JPG_CHOCHOS,RGB_JPG_CHOCHOS
C:\Users\eduar\Desktop\Soybe-main\data\com_fundo\RGB_JPG_CHOCHOS\grao_DSC_0349_id49.png,RGB_JPG_CHOCHOS,RGB_JPG_CHOCHOS
C:\Users\eduar\Desktop\Soybe-main\data\com_fundo\RGB_JPG_CHOCHOS\grao_DSC_0349_id5.png,RGB_JPG_CHOCHOS,RGB_JPG_CHOCHOS
C:\Users\eduar\Desktop\Soybe-main\data\com_fundo\RGB_JPG_CHOCHOS\grao_DSC_0349_id50.png,RGB_JPG_CHOCHOS,RGB_JPG_CHOCHOS
C:\Users\eduar\Desktop\Soybe-main\data\com_fundo\RGB_JPG_CHOCHOS\grao_DSC_0349_id51.png,RGB_JPG_CHOCHOS,RGB_JPG_CHOCHOS
C:\Users\eduar\Desktop\Soybe-main\data\com_fundo\RGB_JPG_CHOCHOS\grao_DSC_0349_id52.png,RGB_JPG_CHOCHOS,RGB_JPG_CHOCHOS
C:\Users\eduar\Desktop\Soybe-main\data\com_fundo\RGB_JPG_CHOCHOS\grao_DSC_0349_id53.png,RGB_JPG_CHOCHOS,RGB_JPG_CHOCHOS
C:\Users\eduar\Desktop\Soybe-main\data\com_fundo\RGB_JPG_CHOCHOS\grao_DSC_0349_id54.png,RGB_JPG_CHOCHOS,RGB_JPG_CHOCHOS
C:\Users\eduar\Desktop\Soybe-main\data\com_fundo\RGB_JPG_CHOCHOS\grao_DSC_0349_id55.png,RGB_JPG_CHOCHOS,RGB_JPG_CHOCHOS
C:\Users\eduar\Desktop\Soybe-main\data\com_fundo\RGB_JPG_CHOCHOS\grao_DSC_0349_id56.png,RGB_JPG_CHOCHOS,RGB_JPG_CHOCHOS
C:\Users\eduar\Desktop\Soybe-main\data\com_fundo\RGB_JPG_CHOCHOS\grao_DSC_0349_id57.png,RGB_JPG_CHOCHOS,RGB_JPG_CHOCHOS
C:\Users\eduar\Desktop\Soybe-main\data\com_fundo\RGB_JPG_CHOCHOS\grao_DSC_0349_id58.png,RGB_JPG_CHOCHOS,RGB_JPG_CHOCHOS
C:\Users\eduar\Desktop\Soybe-main\data\com_fundo\RGB_JPG_CHOCHOS\grao_DSC_0349_id59.png,RGB_JPG_CHOCHOS,RGB_JPG_CHOCHOS
C:\Users\eduar\Desktop\Soybe-main\data\com_fundo\RGB_JPG_CHOCHOS\grao_DSC_0349_id6.png,RGB_JPG_CHOCHOS,RGB_JPG_QUEBRADOS
C:\Users\eduar\Desktop\Soybe-main\data\com_fundo\RGB_JPG_CHOCHOS\grao_DSC_0349_id60.png,RGB_JPG_CHOCHOS,RGB_JPG_CHOCHOS
C:\Users\eduar\Desktop\Soybe-main\data\com_fundo\RGB_JPG_CHOCHOS\grao_DSC_0349_id61.png,RGB_JPG_CHOCHOS,RGB_JPG_CHOCHOS
C:\Users\eduar\Desktop\Soybe-main\data\com_fundo\RGB_JPG_CHOCHOS\grao_DSC_0349_id62.png,RGB_JPG_CHOCHOS,RGB_JPG_CHOCHOS
C:\Users\eduar\Desktop\Soybe-main\data\com_fundo\RGB_JPG_CHOCHOS\grao_DSC_0349_id63.png,RGB_JPG_CHOCHOS,RGB_JPG_CHOCHOS
C:\Users\eduar\Desktop\Soybe-main\data\com_fundo\RGB_JPG_CHOCHOS\grao_DSC_0349_id64.png,RGB_JPG_CHOCHOS,RGB_JPG_CHOCHOS
C:\Users\eduar\Desktop\Soybe-main\data\com_fundo\RGB_JPG_CHOCHOS\grao_DSC_0349_id65.png,RGB_JPG_CHOCHOS,RGB_JPG_CHOCHOS
C:\Users\eduar\Desktop\Soybe-main\data\com_fundo\RGB_JPG_CHOCHOS\grao_DSC_0349_id66.png,RGB_JPG_CHOCHOS,RGB_JPG_CHOCHOS
C:\Users\eduar\Desktop\Soybe-main\data\com_fundo\RGB_JPG_CHOCHOS\grao_DSC_0349_id67.png,RGB_JPG_CHOCHOS,RGB_JPG_CHOCHOS
C:\Users\eduar\Desktop\Soybe-main\data\com_fundo\RGB_JPG_CHOCHOS\grao_DSC_0349_id68.png,RGB_JPG_CHOCHOS,RGB_JPG_CHOCHOS
C:\Users\eduar\Desktop\Soybe-main\data\com_fundo\RGB_JPG_CHOCHOS\grao_DSC_0349_id7.png,RGB_JPG_CHOCHOS,RGB_JPG_CHOCHOS
C:\Users\eduar\Desktop\Soybe-main\data\com_fundo\RGB_JPG_CHOCHOS\grao_DSC_0349_id71.png,RGB_JPG_CHOCHOS,RGB_JPG_CHOCHOS
C:\Users\eduar\Desktop\Soybe-main\data\com_fundo\RGB_JPG_CHOCHOS\grao_DSC_0349_id72.png,RGB_JPG_CHOCHOS,RGB_JPG_CHOCHOS
C:\Users\eduar\Desktop\Soybe-main\data\com_fundo\RGB_JPG_CHOCHOS\grao_DSC_0349_id73.png,RGB_JPG_CHOCHOS,RGB_JPG_CHOCHOS
C:\Users\eduar\Desktop\Soybe-main\data\com_fundo\RGB_JPG_CHOCHOS\grao_DSC_0349_id74.png,RGB_JPG_CHOCHOS,RGB_JPG_CHOCHOS
C:\Users\eduar\Desktop\Soybe-main\data\com_fundo\RGB_JPG_CHOCHOS\grao_DSC_0349_id75.png,RGB_JPG_CHOCHOS,RGB_JPG_CHOCHOS
C:\Users\eduar\Desktop\Soybe-main\data\com_fundo\RGB_JPG_CHOCHOS\grao_DSC_0349_id76.png,RGB_JPG_CHOCHOS,RGB_JPG_CHOCHOS
C:\Users\eduar\Desktop\Soybe-main\data\com_fundo\RGB_JPG_CHOCHOS\grao_DSC_0349_id77.png,RGB_JPG_CHOCHOS,RGB_JPG_CHOCHOS
C:\Users\eduar\Desktop\Soybe-main\data\com_fundo\RGB_JPG_CHOCHOS\grao_DSC_0349_id78.png,RGB_JPG_CHOCHOS,RGB_JPG_CHOCHOS
C:\Users\eduar\Desktop\Soybe-main\data\com_fundo\RGB_JPG_CHOCHOS\grao_DSC_0349_id79.png,RGB_JPG_CHOCHOS,RGB_JPG_CHOCHOS
C:\Users\eduar\Desktop\Soybe-main\data\com_fundo\RGB_JPG_CHOCHOS\grao_DSC_0349_id8.png,RGB_JPG_CHOCHOS,RGB_JPG_CHOCHOS
C:\Users\eduar\Desktop\Soybe-main\data\com_fundo\RGB_JPG_CHOCHOS\grao_DSC_0349_id80.png,RGB_JPG_CHOCHOS,RGB_JPG_CHOCHOS
C:\Users\eduar\Desktop\Soybe-main\data\com_fundo\RGB_JPG_CHOCHOS\grao_DSC_0349_id81.png,RGB_JPG_CHOCHOS,RGB_JPG_CHOCHOS
C:\Users\eduar\Desktop\Soybe-main\data\com_fundo\RGB_JPG_CHOCHOS\grao_DSC_0349_id82.png,RGB_JPG_CHOCHOS,RGB_JPG_CHOCHOS
C:\Users\eduar\Desktop\Soybe-main\data\com_fundo\RGB_JPG_CHOCHOS\grao_DSC_0349_id83.png,RGB_JPG_CHOCHOS,RGB_JPG_CHOCHOS
C:\Users\eduar\Desktop\Soybe-main\data\com_fundo\RGB_JPG_CHOCHOS\grao_DSC_0349_id84.png,RGB_JPG_CHOCHOS,RGB_JPG_CHOCHOS
C:\Users\eduar\Desktop\Soybe-main\data\com_fundo\RGB_JPG_CHOCHOS\grao_DSC_0349_id85.png,RGB_JPG_CHOCHOS,RGB_JPG_CHOCHOS
C:\Users\eduar\Desktop\Soybe-main\data\com_fundo\RGB_JPG_CHOCHOS\grao_DSC_0349_id86.png,RGB_JPG_CHOCHOS,RGB_JPG_CHOCHOS
C:\Users\eduar\Desktop\Soybe-main\data\com_fundo\RGB_JPG_CHOCHOS\grao_DSC_0349_id87.png,RGB_JPG_CHOCHOS,RGB_JPG_CHOCHOS
C:\Users\eduar\Desktop\Soybe-main\data\com_fundo\RGB_JPG_CHOCHOS\grao_DSC_0349_id88.png,RGB_JPG_CHOCHOS,RGB_JPG_CHOCHOS
C:\Users\eduar\Desktop\Soybe-main\data\com_fundo\RGB_JPG_CHOCHOS\grao_DSC_0349_id89.png,RGB_JPG_CHOCHOS,RGB_JPG_CHOCHOS
C:\Users\eduar\Desktop\Soybe-main\data\com_fundo\RGB_JPG_CHOCHOS\grao_DSC_0349_id9.png,RGB_JPG_CHOCHOS,RGB_JPG_CHOCHOS
C:\Users\eduar\Desktop\Soybe-main\data\com_fundo\RGB_JPG_CHOCHOS\grao_DSC_0349_id90.png,RGB_JPG_CHOCHOS,RGB_JPG_CHOCHOS
C:\Users\eduar\Desktop\Soybe-main\data\com_fundo\RGB_JPG_CHOCHOS\grao_DSC_0349_id91.png,RGB_JPG_CHOCHOS,RGB_JPG_CHOCHOS
C:\Users\eduar\Desktop\Soybe-main\data\com_fundo\RGB_JPG_CHOCHOS\grao_DSC_0349_id92.png,RGB_JPG_CHOCHOS,RGB_JPG_CHOCHOS
C:\Users\eduar\Desktop\Soybe-main\data\com_fundo\RGB_JPG_CHOCHOS\grao_DSC_0349_id93.png,RGB_JPG_CHOCHOS,RGB_JPG_CHOCHOS
C:\Users\eduar\Desktop\Soybe-main\data\com_fundo\RGB_JPG_CHOCHOS\grao_DSC_0349_id94.png,RGB_JPG_CHOCHOS,RGB_JPG_CHOCHOS
C:\Users\eduar\Desktop\Soybe-main\data\com_fundo\RGB_JPG_CHOCHOS\grao_DSC_0349_id95.png,RGB_JPG_CHOCHOS,RGB_JPG_CHOCHOS
C:\Users\eduar\Desktop\Soybe-main\data\com_fundo\RGB_JPG_CHOCHOS\grao_DSC_0349_id96.png,RGB_JPG_CHOCHOS,RGB_JPG_CHOCHOS
C:\Users\eduar\Desktop\Soybe-main\data\com_fundo\RGB_JPG_CHOCHOS\grao_DSC_0349_id97.png,RGB_JPG_CHOCHOS,RGB_JPG_CHOCHOS
C:\Users\eduar\Desktop\Soybe-main\data\com_fundo\RGB_JPG_CHOCHOS\grao_DSC_0349_id98.png,RGB_JPG_CHOCHOS,RGB_JPG_CHOCHOS
C:\Users\eduar\Desktop\Soybe-main\data\com_fundo\RGB_JPG_CHOCHOS\grao_DSC_0349_id99.png,RGB_JPG_CHOCHOS,RGB_JPG_CHOCHOS
C:\Users\eduar\Desktop\Soybe-main\data\com_fundo\RGB_JPG_CHOCHOS\grao_DSC_0350_id1.png,RGB_JPG_CHOCHOS,RGB_JPG_CHOCHOS
C:\Users\eduar\Desktop\Soybe-main\data\com_fundo\RGB_JPG_CHOCHOS\grao_DSC_0350_id10.png,RGB_JPG_CHOCHOS,RGB_JPG_CHOCHOS
C:\Users\eduar\Desktop\Soybe-main\data\com_fundo\RGB_JPG_CHOCHOS\grao_DSC_0350_id100.png,RGB_JPG_CHOCHOS,RGB_JPG_CHOCHOS
C:\Users\eduar\Desktop\Soybe-main\data\com_fundo\RGB_JPG_CHOCHOS\grao_DSC_0350_id101.png,RGB_JPG_CHOCHOS,RGB_JPG_CHOCHOS
C:\Users\eduar\Desktop\Soybe-main\data\com_fundo\RGB_JPG_CHOCHOS\grao_DSC_0350_id102.png,RGB_JPG_CHOCHOS,RGB_JPG_CHOCHOS
C:\Users\eduar\Desktop\Soybe-main\data\com_fundo\RGB_JPG_CHOCHOS\grao_DSC_0350_id103.png,RGB_JPG_CHOCHOS,RGB_JPG_CHOCHOS
C:\Users\eduar\Desktop\Soybe-main\data\com_fundo\RGB_JPG_CHOCHOS\grao_DSC_0350_id104.png,RGB_JPG_CHOCHOS,RGB_JPG_CHOCHOS
C:\Users\eduar\Desktop\Soybe-main\data\com_fundo\RGB_JPG_CHOCHOS\grao_DSC_0350_id105.png,RGB_JPG_CHOCHOS,RGB_JPG_CHOCHOS
C:\Users\eduar\Desktop\Soybe-main\data\com_fundo\RGB_JPG_CHOCHOS\grao_DSC_0350_id106.png,RGB_JPG_CHOCHOS,RGB_JPG_CHOCHOS
C:\Users\eduar\Desktop\Soybe-main\data\com_fundo\RGB_JPG_CHOCHOS\grao_DSC_0350_id107.png,RGB_JPG_CHOCHOS,RGB_JPG_CHOCHOS
C:\Users\eduar\Desktop\Soybe-main\data\com_fundo\RGB_JPG_CHOCHOS\grao_DSC_0350_id108.png,RGB_JPG_CHOCHOS,RGB_JPG_CHOCHOS
C:\Users\eduar\Desktop\Soybe-main\data\com_fundo\RGB_JPG_CHOCHOS\grao_DSC_0350_id109.png,RGB_JPG_CHOCHOS,RGB_JPG_CHOCHOS
C:\Users\eduar\Desktop\Soybe-main\data\com_fundo\RGB_JPG_CHOCHOS\grao_DSC_0350_id11.png,RGB_JPG_CHOCHOS,RGB_JPG_CHOCHOS
C:\Users\eduar\Desktop\Soybe-main\data\com_fundo\RGB_JPG_CHOCHOS\grao_DSC_0350_id110.png,RGB_JPG_CHOCHOS,RGB_JPG_CHOCHOS
C:\Users\eduar\Desktop\Soybe-main\data\com_fundo\RGB_JPG_CHOCHOS\grao_DSC_0350_id111.png,RGB_JPG_CHOCHOS,RGB_JPG_CHOCHOS
C:\Users\eduar\Desktop\Soybe-main\data\com_fundo\RGB_JPG_CHOCHOS\grao_DSC_0350_id12.png,RGB_JPG_CHOCHOS,RGB_JPG_CHOCHOS
C:\Users\eduar\Desktop\Soybe-main\data\com_fundo\RGB_JPG_CHOCHOS\grao_DSC_0350_id13.png,RGB_JPG_CHOCHOS,RGB_JPG_CHOCHOS
C:\Users\eduar\Desktop\Soybe-main\data\com_fundo\RGB_JPG_CHOCHOS\grao_DSC_0350_id14.png,RGB_JPG_CHOCHOS,RGB_JPG_CHOCHOS
C:\Users\eduar\Desktop\Soybe-main\data\com_fundo\RGB_JPG_CHOCHOS\grao_DSC_0350_id15.png,RGB_JPG_CHOCHOS,RGB_JPG_CHOCHOS
C:\Users\eduar\Desktop\Soybe-main\data\com_fundo\RGB_JPG_CHOCHOS\grao_DSC_0350_id16.png,RGB_JPG_CHOCHOS,RGB_JPG_CHOCHOS
C:\Users\eduar\Desktop\Soybe-main\data\com_fundo\RGB_JPG_CHOCHOS\grao_DSC_0350_id17.png,RGB_JPG_CHOCHOS,RGB_JPG_CHOCHOS
C:\Users\eduar\Desktop\Soybe-main\data\com_fundo\RGB_JPG_CHOCHOS\grao_DSC_0350_id18.png,RGB_JPG_CHOCHOS,RGB_JPG_CHOCHOS
C:\Users\eduar\Desktop\Soybe-main\data\com_fundo\RGB_JPG_CHOCHOS\grao_DSC_0350_id19.png,RGB_JPG_CHOCHOS,RGB_JPG_CHOCHOS
C:\Users\eduar\Desktop\Soybe-main\data\com_fundo\RGB_JPG_CHOCHOS\grao_DSC_0350_id2.png,RGB_JPG_CHOCHOS,RGB_JPG_CHOCHOS
C:\Users\eduar\Desktop\Soybe-main\data\com_fundo\RGB_JPG_CHOCHOS\grao_DSC_0350_id20.png,RGB_JPG_CHOCHOS,RGB_JPG_CHOCHOS
C:\Users\eduar\Desktop\Soybe-main\data\com_fundo\RGB_JPG_CHOCHOS\grao_DSC_0350_id21.png,RGB_JPG_CHOCHOS,RGB_JPG_CHOCHOS
C:\Users\eduar\Desktop\Soybe-main\data\com_fundo\RGB_JPG_CHOCHOS\grao_DSC_0350_id22.png,RGB_JPG_CHOCHOS,RGB_JPG_CHOCHOS
C:\Users\eduar\Desktop\Soybe-main\data\com_fundo\RGB_JPG_CHOCHOS\grao_DSC_0350_id23.png,RGB_JPG_CHOCHOS,RGB_JPG_CHOCHOS
C:\Users\eduar\Desktop\Soybe-main\data\com_fundo\RGB_JPG_CHOCHOS\grao_DSC_0350_id24.png,RGB_JPG_CHOCHOS,RGB_JPG_CHOCHOS
C:\Users\eduar\Desktop\Soybe-main\data\com_fundo\RGB_JPG_CHOCHOS\grao_DSC_0350_id25.png,RGB_JPG_CHOCHOS,RGB_JPG_CHOCHOS
C:\Users\eduar\Desktop\Soybe-main\data\com_fundo\RGB_JPG_CHOCHOS\grao_DSC_0350_id26.png,RGB_JPG_CHOCHOS,RGB_JPG_CHOCHOS
C:\Users\eduar\Desktop\Soybe-main\data\com_fundo\RGB_JPG_CHOCHOS\grao_DSC_0350_id27.png,RGB_JPG_CHOCHOS,RGB_JPG_CHOCHOS
C:\Users\eduar\Desktop\Soybe-main\data\com_fundo\RGB_JPG_CHOCHOS\grao_DSC_0350_id28.png,RGB_JPG_CHOCHOS,RGB_JPG_CHOCHOS
C:\Users\eduar\Desktop\Soybe-main\data\com_fundo\RGB_JPG_CHOCHOS\grao_DSC_0350_id29.png,RGB_JPG_CHOCHOS,RGB_JPG_CHOCHOS
C:\Users\eduar\Desktop\Soybe-main\data\com_fundo\RGB_JPG_CHOCHOS\grao_DSC_0350_id3.png,RGB_JPG_CHOCHOS,RGB_JPG_CHOCHOS
C:\Users\eduar\Desktop\Soybe-main\data\com_fundo\RGB_JPG_CHOCHOS\grao_DSC_0350_id30.png,RGB_JPG_CHOCHOS,RGB_JPG_CHOCHOS
C:\Users\eduar\Desktop\Soybe-main\data\com_fundo\RGB_JPG_CHOCHOS\grao_DSC_0350_id31.png,RGB_JPG_CHOCHOS,RGB_JPG_CHOCHOS
C:\Users\eduar\Desktop\Soybe-main\data\com_fundo\RGB_JPG_CHOCHOS\grao_DSC_0350_id32.png,RGB_JPG_CHOCHOS,RGB_JPG_CHOCHOS
C:\Users\eduar\Desktop\Soybe-main\data\com_fundo\RGB_JPG_CHOCHOS\grao_DSC_0350_id33.png,RGB_JPG_CHOCHOS,RGB_JPG_CHOCHOS
C:\Users\eduar\Desktop\Soybe-main\data\com_fundo\RGB_JPG_CHOCHOS\grao_DSC_0350_id34.png,RGB_JPG_CHOCHOS,RGB_JPG_CHOCHOS
C:\Users\eduar\Desktop\Soybe-main\data\com_fundo\RGB_JPG_CHOCHOS\grao_DSC_0350_id35.png,RGB_JPG_CHOCHOS,RGB_JPG_CHOCHOS
C:\Users\eduar\Desktop\Soybe-main\data\com_fundo\RGB_JPG_CHOCHOS\grao_DSC_0350_id36.png,RGB_JPG_CHOCHOS,RGB_JPG_CHOCHOS
C:\Users\eduar\Desktop\Soybe-main\data\com_fundo\RGB_JPG_CHOCHOS\grao_DSC_0350_id37.png,RGB_JPG_CHOCHOS,RGB_JPG_CHOCHOS
C:\Users\eduar\Desktop\Soybe-main\data\com_fundo\RGB_JPG_CHOCHOS\grao_DSC_0350_id38.png,RGB_JPG_CHOCHOS,RGB_JPG_CHOCHOS
C:\Users\eduar\Desktop\Soybe-main\data\com_fundo\RGB_JPG_CHOCHOS\grao_DSC_0350_id39.png,RGB_JPG_CHOCHOS,RGB_JPG_CHOCHOS
C:\Users\eduar\Desktop\Soybe-main\data\com_fundo\RGB_JPG_CHOCHOS\grao_DSC_0350_id4.png,RGB_JPG_CHOCHOS,RGB_JPG_CHOCHOS
C:\Users\eduar\Desktop\Soybe-main\data\com_fundo\RGB_JPG_CHOCHOS\grao_DSC_0350_id40.png,RGB_JPG_CHOCHOS,RGB_JPG_CHOCHOS
C:\Users\eduar\Desktop\Soybe-main\data\com_fundo\RGB_JPG_CHOCHOS\grao_DSC_0350_id42.png,RGB_JPG_CHOCHOS,RGB_JPG_CHOCHOS
C:\Users\eduar\Desktop\Soybe-main\data\com_fundo\RGB_JPG_CHOCHOS\grao_DSC_0350_id43.png,RGB_JPG_CHOCHOS,RGB_JPG_CHOCHOS
C:\Users\eduar\Desktop\Soybe-main\data\com_fundo\RGB_JPG_CHOCHOS\grao_DSC_0350_id44.png,RGB_JPG_CHOCHOS,RGB_JPG_CHOCHOS
C:\Users\eduar\Desktop\Soybe-main\data\com_fundo\RGB_JPG_CHOCHOS\grao_DSC_0350_id45.png,RGB_JPG_CHOCHOS,RGB_JPG_CHOCHOS
C:\Users\eduar\Desktop\Soybe-main\data\com_fundo\RGB_JPG_CHOCHOS\grao_DSC_0350_id46.png,RGB_JPG_CHOCHOS,RGB_JPG_CHOCHOS
C:\Users\eduar\Desktop\Soybe-main\data\com_fundo\RGB_JPG_CHOCHOS\grao_DSC_0350_id47.png,RGB_JPG_CHOCHOS,RGB_JPG_CHOCHOS
C:\Users\eduar\Desktop\Soybe-main\data\com_fundo\RGB_JPG_CHOCHOS\grao_DSC_0350_id48.png,RGB_JPG_CHOCHOS,RGB_JPG_CHOCHOS
C:\Users\eduar\Desktop\Soybe-main\data\com_fundo\RGB_JPG_CHOCHOS\grao_DSC_0350_id49.png,RGB_JPG_CHOCHOS,RGB_JPG_CHOCHOS
C:\Users\eduar\Desktop\Soybe-main\data\com_fundo\RGB_JPG_CHOCHOS\grao_DSC_0350_id5.png,RGB_JPG_CHOCHOS,RGB_JPG_CHOCHOS
C:\Users\eduar\Desktop\Soybe-main\data\com_fundo\RGB_JPG_CHOCHOS\grao_DSC_0350_id51.png,RGB_JPG_CHOCHOS,RGB_JPG_CHOCHOS
C:\Users\eduar\Desktop\Soybe-main\data\com_fundo\RGB_JPG_CHOCHOS\grao_DSC_0350_id52.png,RGB_JPG_CHOCHOS,RGB_JPG_CHOCHOS
C:\Users\eduar\Desktop\Soybe-main\data\com_fundo\RGB_JPG_CHOCHOS\grao_DSC_0350_id53.png,RGB_JPG_CHOCHOS,RGB_JPG_CHOCHOS
C:\Users\eduar\Desktop\Soybe-main\data\com_fundo\RGB_JPG_CHOCHOS\grao_DSC_0350_id54.png,RGB_JPG_CHOCHOS,RGB_JPG_CHOCHOS
C:\Users\eduar\Desktop\Soybe-main\data\com_fundo\RGB_JPG_CHOCHOS\grao_DSC_0350_id55.png,RGB_JPG_CHOCHOS,RGB_JPG_CHOCHOS
C:\Users\eduar\Desktop\Soybe-main\data\com_fundo\RGB_JPG_CHOCHOS\grao_DSC_0350_id56.png,RGB_JPG_CHOCHOS,RGB_JPG_CHOCHOS
C:\Users\eduar\Desktop\Soybe-main\data\com_fundo\RGB_JPG_CHOCHOS\grao_DSC_0350_id57.png,RGB_JPG_CHOCHOS,RGB_JPG_CHOCHOS
C:\Users\eduar\Desktop\Soybe-main\data\com_fundo\RGB_JPG_CHOCHOS\grao_DSC_0350_id58.png,RGB_JPG_CHOCHOS,RGB_JPG_CHOCHOS
C:\Users\eduar\Desktop\Soybe-main\data\com_fundo\RGB_JPG_CHOCHOS\grao_DSC_0350_id59.png,RGB_JPG_CHOCHOS,RGB_JPG_CHOCHOS
C:\Users\eduar\Desktop\Soybe-main\data\com_fundo\RGB_JPG_CHOCHOS\grao_DSC_0350_id6.png,RGB_JPG_CHOCHOS,RGB_JPG_CHOCHOS
C:\Users\eduar\Desktop\Soybe-main\data\com_fundo\RGB_JPG_CHOCHOS\grao_DSC_0350_id60.png,RGB_JPG_CHOCHOS,RGB_JPG_CHOCHOS
C:\Users\eduar\Desktop\Soybe-main\data\com_fundo\RGB_JPG_CHOCHOS\grao_DSC_0350_id62.png,RGB_JPG_CHOCHOS,RGB_JPG_CHOCHOS
C:\Users\eduar\Desktop\Soybe-main\data\com_fundo\RGB_JPG_CHOCHOS\grao_DSC_0350_id63.png,RGB_JPG_CHOCHOS,RGB_JPG_CHOCHOS
C:\Users\eduar\Desktop\Soybe-main\data\com_fundo\RGB_JPG_CHOCHOS\grao_DSC_0350_id64.png,RGB_JPG_CHOCHOS,RGB_JPG_CHOCHOS
C:\Users\eduar\Desktop\Soybe-main\data\com_fundo\RGB_JPG_CHOCHOS\grao_DSC_0350_id65.png,RGB_JPG_CHOCHOS,RGB_JPG_CHOCHOS
C:\Users\eduar\Desktop\Soybe-main\data\com_fundo\RGB_JPG_CHOCHOS\grao_DSC_0350_id66.png,RGB_JPG_CHOCHOS,RGB_JPG_CHOCHOS
C:\Users\eduar\Desktop\Soybe-main\data\com_fundo\RGB_JPG_CHOCHOS\grao_DSC_0350_id67.png,RGB_JPG_CHOCHOS,RGB_JPG_CHOCHOS
C:\Users\eduar\Desktop\Soybe-main\data\com_fundo\RGB_JPG_CHOCHOS\grao_DSC_0350_id68.png,RGB_JPG_CHOCHOS,RGB_JPG_CHOCHOS
C:\Users\eduar\Desktop\Soybe-main\data\com_fundo\RGB_JPG_CHOCHOS\grao_DSC_0350_id69.png,RGB_JPG_CHOCHOS,RGB_JPG_CHOCHOS
C:\Users\eduar\Desktop\Soybe-main\data\com_fundo\RGB_JPG_CHOCHOS\grao_DSC_0350_id7.png,RGB_JPG_CHOCHOS,RGB_JPG_CHOCHOS
C:\Users\eduar\Desktop\Soybe-main\data\com_fundo\RGB_JPG_CHOCHOS\grao_DSC_0350_id70.png,RGB_JPG_CHOCHOS,RGB_JPG_CHOCHOS
C:\Users\eduar\Desktop\Soybe-main\data\com_fundo\RGB_JPG_CHOCHOS\grao_DSC_0350_id71.png,RGB_JPG_CHOCHOS,RGB_JPG_CHOCHOS
C:\Users\eduar\Desktop\Soybe-main\data\com_fundo\RGB_JPG_CHOCHOS\grao_DSC_0350_id72.png,RGB_JPG_CHOCHOS,RGB_JPG_CHOCHOS
C:\Users\eduar\Desktop\Soybe-main\data\com_fundo\RGB_JPG_CHOCHOS\grao_DSC_0350_id73.png,RGB_JPG_CHOCHOS,RGB_JPG_CHOCHOS
C:\Users\eduar\Desktop\Soybe-main\data\com_fundo\RGB_JPG_CHOCHOS\grao_DSC_0350_id74.png,RGB_JPG_CHOCHOS,RGB_JPG_CHOCHOS
C:\Users\eduar\Desktop\Soybe-main\data\com_fundo\RGB_JPG_CHOCHOS\grao_DSC_0350_id75.png,RGB_JPG_CHOCHOS,RGB_JPG_CHOCHOS
C:\Users\eduar\Desktop\Soybe-main\data\com_fundo\RGB_JPG_CHOCHOS\grao_DSC_0350_id76.png,RGB_JPG_CHOCHOS,RGB_JPG_CHOCHOS
C:\Users\eduar\Desktop\Soybe-main\data\com_fundo\RGB_JPG_CHOCHOS\grao_DSC_0350_id77.png,RGB_JPG_CHOCHOS,RGB_JPG_CHOCHOS
C:\Users\eduar\Desktop\Soybe-main\data\com_fundo\RGB_JPG_CHOCHOS\grao_DSC_0350_id78.png,RGB_JPG_CHOCHOS,RGB_JPG_CHOCHOS
C:\Users\eduar\Desktop\Soybe-main\data\com_fundo\RGB_JPG_CHOCHOS\grao_DSC_0350_id79.png,RGB_JPG_CHOCHOS,RGB_JPG_CHOCHOS
C:\Users\eduar\Desktop\Soybe-main\data\com_fundo\RGB_JPG_CHOCHOS\grao_DSC_0350_id8.png,RGB_JPG_CHOCHOS,RGB_JPG_CHOCHOS
C:\Users\eduar\Desktop\Soybe-main\data\com_fundo\RGB_JPG_CHOCHOS\grao_DSC_0350_id80.png,RGB_JPG_CHOCHOS,RGB_JPG_CHOCHOS
C:\Users\eduar\Desktop\Soybe-main\data\com_fundo\RGB_JPG_CHOCHOS\grao_DSC_0350_id81.png,RGB_JPG_CHOCHOS,RGB_JPG_CHOCHOS
C:\Users\eduar\Desktop\Soybe-main\data\com_fundo\RGB_JPG_CHOCHOS\grao_DSC_0350_id82.png,RGB_JPG_CHOCHOS,RGB_JPG_CHOCHOS
C:\Users\eduar\Desktop\Soybe-main\data\com_fundo\RGB_JPG_CHOCHOS\grao_DSC_0350_id83.png,RGB_JPG_CHOCHOS,RGB_JPG_CHOCHOS
C:\Users\eduar\Desktop\Soybe-main\data\com_fundo\RGB_JPG_CHOCHOS\grao_DSC_0350_id84.png,RGB_JPG_CHOCHOS,RGB_JPG_CHOCHOS
C:\Users\eduar\Desktop\Soybe-main\data\com_fundo\RGB_JPG_CHOCHOS\grao_DSC_0350_id85.png,RGB_JPG_CHOCHOS,RGB_JPG_CHOCHOS
C:\Users\eduar\Desktop\Soybe-main\data\com_fundo\RGB_JPG_CHOCHOS\grao_DSC_0350_id86.png,RGB_JPG_CHOCHOS,RGB_JPG_CHOCHOS
C:\Users\eduar\Desktop\Soybe-main\data\com_fundo\RGB_JPG_CHOCHOS\grao_DSC_0350_id87.png,RGB_JPG_CHOCHOS,RGB_JPG_CHOCHOS
C:\Users\eduar\Desktop\Soybe-main\data\com_fundo\RGB_JPG_CHOCHOS\grao_DSC_0350_id88.png,RGB_JPG_CHOCHOS,RGB_JPG_CHOCHOS
C:\Users\eduar\Desktop\Soybe-main\data\com_fundo\RGB_JPG_CHOCHOS\grao_DSC_0350_id89.png,RGB_JPG_CHOCHOS,RGB_JPG_CHOCHOS
C:\Users\eduar\Desktop\Soybe-main\data\com_fundo\RGB_JPG_CHOCHOS\grao_DSC_0350_id9.png,RGB_JPG_CHOCHOS,RGB_JPG_CHOCHOS
C:\Users\eduar\Desktop\Soybe-main\data\com_fundo\RGB_JPG_CHOCHOS\grao_DSC_0350_id90.png,RGB_JPG_CHOCHOS,RGB_JPG_CHOCHOS
C:\Users\eduar\Desktop\Soybe-main\data\com_fundo\RGB_JPG_CHOCHOS\grao_DSC_0350_id91.png,RGB_JPG_CHOCHOS,RGB_JPG_CHOCHOS
C:\Users\eduar\Desktop\Soybe-main\data\com_fundo\RGB_JPG_CHOCHOS\grao_DSC_0350_id92.png,RGB_JPG_CHOCHOS,RGB_JPG_CHOCHOS
C:\Users\eduar\Desktop\Soybe-main\data\com_fundo\RGB_JPG_CHOCHOS\grao_DSC_0350_id93.png,RGB_JPG_CHOCHOS,RGB_JPG_CHOCHOS
C:\Users\eduar\Desktop\Soybe-main\data\com_fundo\RGB_JPG_CHOCHOS\grao_DSC_0350_id94.png,RGB_JPG_CHOCHOS,RGB_JPG_CHOCHOS
C:\Users\eduar\Desktop\Soybe-main\data\com_fundo\RGB_JPG_CHOCHOS\grao_DSC_0350_id95.png,RGB_JPG_CHOCHOS,RGB_JPG_CHOCHOS
C:\Users\eduar\Desktop\Soybe-main\data\com_fundo\RGB_JPG_CHOCHOS\grao_DSC_0350_id96.png,RGB_JPG_CHOCHOS,RGB_JPG_CHOCHOS
C:\Users\eduar\Desktop\Soybe-main\data\com_fundo\RGB_JPG_CHOCHOS\grao_DSC_0350_id97.png,RGB_JPG_CHOCHOS,RGB_JPG_CHOCHOS
C:\Users\eduar\Desktop\Soybe-main\data\com_fundo\RGB_JPG_CHOCHOS\grao_DSC_0350_id98.png,RGB_JPG_CHOCHOS,RGB_JPG_CHOCHOS
C:\Users\eduar\Desktop\Soybe-main\data\com_fundo\RGB_JPG_CHOCHOS\grao_DSC_0350_id99.png,RGB_JPG_CHOCHOS,RGB_JPG_CHOCHOS
C:\Users\eduar\Desktop\Soybe-main\data\com_fundo\RGB_JPG_CHOCHOS\grao_DSC_0353_id10.png,RGB_JPG_CHOCHOS,RGB_JPG_CHOCHOS
C:\Users\eduar\Desktop\Soybe-main\data\com_fundo\RGB_JPG_CHOCHOS\grao_DSC_0353_id100.png,RGB_JPG_CHOCHOS,RGB_JPG_CHOCHOS
C:\Users\eduar\Desktop\Soybe-main\data\com_fundo\RGB_JPG_CHOCHOS\grao_DSC_0353_id101.png,RGB_JPG_CHOCHOS,RGB_JPG_CHOCHOS
C:\Users\eduar\Desktop\Soybe-main\data\com_fundo\RGB_JPG_CHOCHOS\grao_DSC_0353_id102.png,RGB_JPG_CHOCHOS,RGB_JPG_CHOCHOS
C:\Users\eduar\Desktop\Soybe-main\data\com_fundo\RGB_JPG_CHOCHOS\grao_DSC_0353_id103.png,RGB_JPG_CHOCHOS,RGB_JPG_CHOCHOS
C:\Users\eduar\Desktop\Soybe-main\data\com_fundo\RGB_JPG_CHOCHOS\grao_DSC_0353_id104.png,RGB_JPG_CHOCHOS,RGB_JPG_CHOCHOS
C:\Users\eduar\Desktop\Soybe-main\data\com_fundo\RGB_JPG_CHOCHOS\grao_DSC_0353_id105.png,RGB_JPG_CHOCHOS,RGB_JPG_CHOCHOS
C:\Users\eduar\Desktop\Soybe-main\data\com_fundo\RGB_JPG_CHOCHOS\grao_DSC_0353_id106.png,RGB_JPG_CHOCHOS,RGB_JPG_CHOCHOS
C:\Users\eduar\Desktop\Soybe-main\data\com_fundo\RGB_JPG_CHOCHOS\grao_DSC_0353_id11.png,RGB_JPG_CHOCHOS,RGB_JPG_CHOCHOS
C:\Users\eduar\Desktop\Soybe-main\data\com_fundo\RGB_JPG_CHOCHOS\grao_DSC_0353_id12.png,RGB_JPG_CHOCHOS,RGB_JPG_CHOCHOS
C:\Users\eduar\Desktop\Soybe-main\data\com_fundo\RGB_JPG_CHOCHOS\grao_DSC_0353_id13.png,RGB_JPG_CHOCHOS,RGB_JPG_CHOCHOS
C:\Users\eduar\Desktop\Soybe-main\data\com_fundo\RGB_JPG_CHOCHOS\grao_DSC_0353_id14.png,RGB_JPG_CHOCHOS,RGB_JPG_CHOCHOS
C:\Users\eduar\Desktop\Soybe-main\data\com_fundo\RGB_JPG_CHOCHOS\grao_DSC_0353_id15.png,RGB_JPG_CHOCHOS,RGB_JPG_CHOCHOS
C:\Users\eduar\Desktop\Soybe-main\data\com_fundo\RGB_JPG_CHOCHOS\grao_DSC_0353_id16.png,RGB_JPG_CHOCHOS,RGB_JPG_CHOCHOS
C:\Users\eduar\Desktop\Soybe-main\data\com_fundo\RGB_JPG_CHOCHOS\grao_DSC_0353_id17.png,RGB_JPG_CHOCHOS,RGB_JPG_CHOCHOS
C:\Users\eduar\Desktop\Soybe-main\data\com_fundo\RGB_JPG_CHOCHOS\grao_DSC_0353_id18.png,RGB_JPG_CHOCHOS,RGB_JPG_CHOCHOS
C:\Users\eduar\Desktop\Soybe-main\data\com_fundo\RGB_JPG_CHOCHOS\grao_DSC_0353_id19.png,RGB_JPG_CHOCHOS,RGB_JPG_CHOCHOS
C:\Users\eduar\Desktop\Soybe-main\data\com_fundo\RGB_JPG_CHOCHOS\grao_DSC_0353_id2.png,RGB_JPG_CHOCHOS,RGB_JPG_CHOCHOS
C:\Users\eduar\Desktop\Soybe-main\data\com_fundo\RGB_JPG_CHOCHOS\grao_DSC_0353_id20.png,RGB_JPG_CHOCHOS,RGB_JPG_CHOCHOS
C:\Users\eduar\Desktop\Soybe-main\data\com_fundo\RGB_JPG_CHOCHOS\grao_DSC_0353_id21.png,RGB_JPG_CHOCHOS,RGB_JPG_CHOCHOS
C:\Users\eduar\Desktop\Soybe-main\data\com_fundo\RGB_JPG_CHOCHOS\grao_DSC_0353_id22.png,RGB_JPG_CHOCHOS,RGB_JPG_CHOCHOS
C:\Users\eduar\Desktop\Soybe-main\data\com_fundo\RGB_JPG_CHOCHOS\grao_DSC_0353_id23.png,RGB_JPG_CHOCHOS,RGB_JPG_CHOCHOS
C:\Users\eduar\Desktop\Soybe-main\data\com_fundo\RGB_JPG_CHOCHOS\grao_DSC_0353_id24.png,RGB_JPG_CHOCHOS,RGB_JPG_CHOCHOS
C:\Users\eduar\Desktop\Soybe-main\data\com_fundo\RGB_JPG_CHOCHOS\grao_DSC_0353_id25.png,RGB_JPG_CHOCHOS,RGB_JPG_CHOCHOS
C:\Users\eduar\Desktop\Soybe-main\data\com_fundo\RGB_JPG_CHOCHOS\grao_DSC_0353_id26.png,RGB_JPG_CHOCHOS,RGB_JPG_CHOCHOS
C:\Users\eduar\Desktop\Soybe-main\data\com_fundo\RGB_JPG_CHOCHOS\grao_DSC_0353_id27.png,RGB_JPG_CHOCHOS,RGB_JPG_CHOCHOS
C:\Users\eduar\Desktop\Soybe-main\data\com_fundo\RGB_JPG_CHOCHOS\grao_DSC_0353_id28.png,RGB_JPG_CHOCHOS,RGB_JPG_CHOCHOS
C:\Users\eduar\Desktop\Soybe-main\data\com_fundo\RGB_JPG_CHOCHOS\grao_DSC_0353_id29.png,RGB_JPG_CHOCHOS,RGB_JPG_CHOCHOS
C:\Users\eduar\Desktop\Soybe-main\data\com_fundo\RGB_JPG_CHOCHOS\grao_DSC_0353_id3.png,RGB_JPG_CHOCHOS,RGB_JPG_CHOCHOS
C:\Users\eduar\Desktop\Soybe-main\data\com_fundo\RGB_JPG_CHOCHOS\grao_DSC_0353_id30.png,RGB_JPG_CHOCHOS,RGB_JPG_QUEBRADOS
C:\Users\eduar\Desktop\Soybe-main\data\com_fundo\RGB_JPG_CHOCHOS\grao_DSC_0353_id31.png,RGB_JPG_CHOCHOS,RGB_JPG_CHOCHOS
C:\Users\eduar\Desktop\Soybe-main\data\com_fundo\RGB_JPG_CHOCHOS\grao_DSC_0353_id32.png,RGB_JPG_CHOCHOS,RGB_JPG_CHOCHOS
C:\Users\eduar\Desktop\Soybe-main\data\com_fundo\RGB_JPG_CHOCHOS\grao_DSC_0353_id33.png,RGB_JPG_CHOCHOS,RGB_JPG_CHOCHOS
C:\Users\eduar\Desktop\Soybe-main\data\com_fundo\RGB_JPG_CHOCHOS\grao_DSC_0353_id34.png,RGB_JPG_CHOCHOS,RGB_JPG_CHOCHOS
C:\Users\eduar\Desktop\Soybe-main\data\com_fundo\RGB_JPG_CHOCHOS\grao_DSC_0353_id35.png,RGB_JPG_CHOCHOS,RGB_JPG_CHOCHOS
C:\Users\eduar\Desktop\Soybe-main\data\com_fundo\RGB_JPG_CHOCHOS\grao_DSC_0353_id36.png,RGB_JPG_CHOCHOS,RGB_JPG_CHOCHOS
C:\Users\eduar\Desktop\Soybe-main\data\com_fundo\RGB_JPG_CHOCHOS\grao_DSC_0353_id37.png,RGB_JPG_CHOCHOS,RGB_JPG_CHOCHOS
C:\Users\eduar\Desktop\Soybe-main\data\com_fundo\RGB_JPG_CHOCHOS\grao_DSC_0353_id38.png,RGB_JPG_CHOCHOS,RGB_JPG_CHOCHOS
C:\Users\eduar\Desktop\Soybe-main\data\com_fundo\RGB_JPG_CHOCHOS\grao_DSC_0353_id39.png,RGB_JPG_CHOCHOS,RGB_JPG_CHOCHOS
C:\Users\eduar\Desktop\Soybe-main\data\com_fundo\RGB_JPG_CHOCHOS\grao_DSC_0353_id4.png,RGB_JPG_CHOCHOS,RGB_JPG_CHOCHOS
C:\Users\eduar\Desktop\Soybe-main\data\com_fundo\RGB_JPG_CHOCHOS\grao_DSC_0353_id40.png,RGB_JPG_CHOCHOS,RGB_JPG_CHOCHOS
C:\Users\eduar\Desktop\Soybe-main\data\com_fundo\RGB_JPG_CHOCHOS\grao_DSC_0353_id41.png,RGB_JPG_CHOCHOS,RGB_JPG_QUEBRADOS
C:\Users\eduar\Desktop\Soybe-main\data\com_fundo\RGB_JPG_CHOCHOS\grao_DSC_0353_id42.png,RGB_JPG_CHOCHOS,RGB_JPG_CHOCHOS
C:\Users\eduar\Desktop\Soybe-main\data\com_fundo\RGB_JPG_CHOCHOS\grao_DSC_0353_id43.png,RGB_JPG_CHOCHOS,RGB_JPG_CHOCHOS
C:\Users\eduar\Desktop\Soybe-main\data\com_fundo\RGB_JPG_CHOCHOS\grao_DSC_0353_id44.png,RGB_JPG_CHOCHOS,RGB_JPG_CHOCHOS
C:\Users\eduar\Desktop\Soybe-main\data\com_fundo\RGB_JPG_CHOCHOS\grao_DSC_0353_id45.png,RGB_JPG_CHOCHOS,RGB_JPG_CHOCHOS
C:\Users\eduar\Desktop\Soybe-main\data\com_fundo\RGB_JPG_CHOCHOS\grao_DSC_0353_id46.png,RGB_JPG_CHOCHOS,RGB_JPG_CHOCHOS
C:\Users\eduar\Desktop\Soybe-main\data\com_fundo\RGB_JPG_CHOCHOS\grao_DSC_0353_id47.png,RGB_JPG_CHOCHOS,RGB_JPG_CHOCHOS
C:\Users\eduar\Desktop\Soybe-main\data\com_fundo\RGB_JPG_CHOCHOS\grao_DSC_0353_id48.png,RGB_JPG_CHOCHOS,RGB_JPG_CHOCHOS
C:\Users\eduar\Desktop\Soybe-main\data\com_fundo\RGB_JPG_CHOCHOS\grao_DSC_0353_id49.png,RGB_JPG_CHOCHOS,RGB_JPG_CHOCHOS
C:\Users\eduar\Desktop\Soybe-main\data\com_fundo\RGB_JPG_CHOCHOS\grao_DSC_0353_id5.png,RGB_JPG_CHOCHOS,RGB_JPG_CHOCHOS
C:\Users\eduar\Desktop\Soybe-main\data\com_fundo\RGB_JPG_CHOCHOS\grao_DSC_0353_id50.png,RGB_JPG_CHOCHOS,RGB_JPG_CHOCHOS
C:\Users\eduar\Desktop\Soybe-main\data\com_fundo\RGB_JPG_CHOCHOS\grao_DSC_0353_id51.png,RGB_JPG_CHOCHOS,RGB_JPG_CHOCHOS
C:\Users\eduar\Desktop\Soybe-main\data\com_fundo\RGB_JPG_CHOCHOS\grao_DSC_0353_id52.png,RGB_JPG_CHOCHOS,RGB_JPG_CHOCHOS
C:\Users\eduar\Desktop\Soybe-main\data\com_fundo\RGB_JPG_CHOCHOS\grao_DSC_0353_id53.png,RGB_JPG_CHOCHOS,RGB_JPG_CHOCHOS
C:\Users\eduar\Desktop\Soybe-main\data\com_fundo\RGB_JPG_CHOCHOS\grao_DSC_0353_id54.png,RGB_JPG_CHOCHOS,RGB_JPG_CHOCHOS
C:\Users\eduar\Desktop\Soybe-main\data\com_fundo\RGB_JPG_CHOCHOS\grao_DSC_0353_id55.png,RGB_JPG_CHOCHOS,RGB_JPG_CHOCHOS
C:\Users\eduar\Desktop\Soybe-main\data\com_fundo\RGB_JPG_CHOCHOS\grao_DSC_0353_id56.png,RGB_JPG_CHOCHOS,RGB_JPG_CHOCHOS
C:\Users\eduar\Desktop\Soybe-main\data\com_fundo\RGB_JPG_CHOCHOS\grao_DSC_0353_id57.png,RGB_JPG_CHOCHOS,RGB_JPG_CHOCHOS
C:\Users\eduar\Desktop\Soybe-main\data\com_fundo\RGB_JPG_CHOCHOS\grao_DSC_0353_id58.png,RGB_JPG_CHOCHOS,RGB_JPG_CHOCHOS
C:\Users\eduar\Desktop\Soybe-main\data\com_fundo\RGB_JPG_CHOCHOS\grao_DSC_0353_id59.png,RGB_JPG_CHOCHOS,RGB_JPG_CHOCHOS
C:\Users\eduar\Desktop\Soybe-main\data\com_fundo\RGB_JPG_CHOCHOS\grao_DSC_0353_id6.png,RGB_JPG_CHOCHOS,RGB_JPG_CHOCHOS
C:\Users\eduar\Desktop\Soybe-main\data\com_fundo\RGB_JPG_CHOCHOS\grao_DSC_0353_id60.png,RGB_JPG_CHOCHOS,RGB_JPG_CHOCHOS
C:\Users\eduar\Desktop\Soybe-main\data\com_fundo\RGB_JPG_CHOCHOS\grao_DSC_0353_id61.png,RGB_JPG_CHOCHOS,RGB_JPG_CHOCHOS
C:\Users\eduar\Desktop\Soybe-main\data\com_fundo\RGB_JPG_CHOCHOS\grao_DSC_0353_id62.png,RGB_JPG_CHOCHOS,RGB_JPG_CHOCHOS
C:\Users\eduar\Desktop\Soybe-main\data\com_fundo\RGB_JPG_CHOCHOS\grao_DSC_0353_id63.png,RGB_JPG_CHOCHOS,RGB_JPG_ESVERDEADO
C:\Users\eduar\Desktop\Soybe-main\data\com_fundo\RGB_JPG_CHOCHOS\grao_DSC_0353_id64.png,RGB_JPG_CHOCHOS,RGB_JPG_CHOCHOS
C:\Users\eduar\Desktop\Soybe-main\data\com_fundo\RGB_JPG_CHOCHOS\grao_DSC_0353_id65.png,RGB_JPG_CHOCHOS,RGB_JPG_CHOCHOS
C:\Users\eduar\Desktop\Soybe-main\data\com_fundo\RGB_JPG_CHOCHOS\grao_DSC_0353_id66.png,RGB_JPG_CHOCHOS,RGB_JPG_CHOCHOS
C:\Users\eduar\Desktop\Soybe-main\data\com_fundo\RGB_JPG_CHOCHOS\grao_DSC_0353_id67.png,RGB_JPG_CHOCHOS,RGB_JPG_CHOCHOS
C:\Users\eduar\Desktop\Soybe-main\data\com_fundo\RGB_JPG_CHOCHOS\grao_DSC_0353_id68.png,RGB_JPG_CHOCHOS,RGB_JPG_CHOCHOS
C:\Users\eduar\Desktop\Soybe-main\data\com_fundo\RGB_JPG_CHOCHOS\grao_DSC_0353_id69.png,RGB_JPG_CHOCHOS,RGB_JPG_CHOCHOS
C:\Users\eduar\Desktop\Soybe-main\data\com_fundo\RGB_JPG_CHOCHOS\grao_DSC_0353_id7.png,RGB_JPG_CHOCHOS,RGB_JPG_CHOCHOS
C:\Users\eduar\Desktop\Soybe-main\data\com_fundo\RGB_JPG_CHOCHOS\grao_DSC_0353_id70.png,RGB_JPG_CHOCHOS,RGB_JPG_CHOCHOS
C:\Users\eduar\Desktop\Soybe-main\data\com_fundo\RGB_JPG_CHOCHOS\grao_DSC_0353_id71.png,RGB_JPG_CHOCHOS,RGB_JPG_CHOCHOS
C:\Users\eduar\Desktop\Soybe-main\data\com_fundo\RGB_JPG_CHOCHOS\grao_DSC_0353_id73.png,RGB_JPG_CHOCHOS,RGB_JPG_CHOCHOS
C:\Users\eduar\Desktop\Soybe-main\data\com_fundo\RGB_JPG_CHOCHOS\grao_DSC_0353_id74.png,RGB_JPG_CHOCHOS,RGB_JPG_CHOCHOS
C:\Users\eduar\Desktop\Soybe-main\data\com_fundo\RGB_JPG_CHOCHOS\grao_DSC_0353_id75.png,RGB_JPG_CHOCHOS,RGB_JPG_CHOCHOS
C:\Users\eduar\Desktop\Soybe-main\data\com_fundo\RGB_JPG_CHOCHOS\grao_DSC_0353_id76.png,RGB_JPG_CHOCHOS,RGB_JPG_CHOCHOS
C:\Users\eduar\Desktop\Soybe-main\data\com_fundo\RGB_JPG_CHOCHOS\grao_DSC_0353_id77.png,RGB_JPG_CHOCHOS,RGB_JPG_CHOCHOS
C:\Users\eduar\Desktop\Soybe-main\data\com_fundo\RGB_JPG_CHOCHOS\grao_DSC_0353_id78.png,RGB_JPG_CHOCHOS,RGB_JPG_CHOCHOS
C:\Users\eduar\Desktop\Soybe-main\data\com_fundo\RGB_JPG_CHOCHOS\grao_DSC_0353_id79.png,RGB_JPG_CHOCHOS,RGB_JPG_CHOCHOS
C:\Users\eduar\Desktop\Soybe-main\data\com_fundo\RGB_JPG_CHOCHOS\grao_DSC_0353_id8.png,RGB_JPG_CHOCHOS,RGB_JPG_QUEBRADOS
C:\Users\eduar\Desktop\Soybe-main\data\com_fundo\RGB_JPG_CHOCHOS\grao_DSC_0353_id80.png,RGB_JPG_CHOCHOS,RGB_JPG_CHOCHOS
C:\Users\eduar\Desktop\Soybe-main\data\com_fundo\RGB_JPG_CHOCHOS\grao_DSC_0353_id81.png,RGB_JPG_CHOCHOS,RGB_JPG_CHOCHOS
C:\Users\eduar\Desktop\Soybe-main\data\com_fundo\RGB_JPG_CHOCHOS\grao_DSC_0353_id82.png,RGB_JPG_CHOCHOS,RGB_JPG_CHOCHOS
C:\Users\eduar\Desktop\Soybe-main\data\com_fundo\RGB_JPG_CHOCHOS\grao_DSC_0353_id83.png,RGB_JPG_CHOCHOS,RGB_JPG_CHOCHOS
C:\Users\eduar\Desktop\Soybe-main\data\com_fundo\RGB_JPG_CHOCHOS\grao_DSC_0353_id84.png,RGB_JPG_CHOCHOS,RGB_JPG_CHOCHOS
C:\Users\eduar\Desktop\Soybe-main\data\com_fundo\RGB_JPG_CHOCHOS\grao_DSC_0353_id85.png,RGB_JPG_CHOCHOS,RGB_JPG_CHOCHOS
C:\Users\eduar\Desktop\Soybe-main\data\com_fundo\RGB_JPG_CHOCHOS\grao_DSC_0353_id86.png,RGB_JPG_CHOCHOS,RGB_JPG_CHOCHOS
C:\Users\eduar\Desktop\Soybe-main\data\com_fundo\RGB_JPG_CHOCHOS\grao_DSC_0353_id87.png,RGB_JPG_CHOCHOS,RGB_JPG_CHOCHOS
C:\Users\eduar\Desktop\Soybe-main\data\com_fundo\RGB_JPG_CHOCHOS\grao_DSC_0353_id88.png,RGB_JPG_CHOCHOS,RGB_JPG_CHOCHOS
C:\Users\eduar\Desktop\Soybe-main\data\com_fundo\RGB_JPG_CHOCHOS\grao_DSC_0353_id89.png,RGB_JPG_CHOCHOS,RGB_JPG_CHOCHOS
C:\Users\eduar\Desktop\Soybe-main\data\com_fundo\RGB_JPG_CHOCHOS\grao_DSC_0353_id9.png,RGB_JPG_CHOCHOS,RGB_JPG_CHOCHOS
C:\Users\eduar\Desktop\Soybe-main\data\com_fundo\RGB_JPG_CHOCHOS\grao_DSC_0353_id90.png,RGB_JPG_CHOCHOS,RGB_JPG_CHOCHOS
C:\Users\eduar\Desktop\Soybe-main\data\com_fundo\RGB_JPG_CHOCHOS\grao_DSC_0353_id91.png,RGB_JPG_CHOCHOS,RGB_JPG_CHOCHOS
C:\Users\eduar\Desktop\Soybe-main\data\com_fundo\RGB_JPG_CHOCHOS\grao_DSC_0353_id92.png,RGB_JPG_CHOCHOS,RGB_JPG_CHOCHOS
C:\Users\eduar\Desktop\Soybe-main\data\com_fundo\RGB_JPG_CHOCHOS\grao_DSC_0353_id93.png,RGB_JPG_CHOCHOS,RGB_JPG_CHOCHOS
C:\Users\eduar\Desktop\Soybe-main\data\com_fundo\RGB_JPG_CHOCHOS\grao_DSC_0353_id94.png,RGB_JPG_CHOCHOS,RGB_JPG_CHOCHOS
C:\Users\eduar\Desktop\Soybe-main\data\com_fundo\RGB_JPG_CHOCHOS\grao_DSC_0353_id95.png,RGB_JPG_CHOCHOS,RGB_JPG_CHOCHOS
C:\Users\eduar\Desktop\Soybe-main\data\com_fundo\RGB_JPG_CHOCHOS\grao_DSC_0353_id96.png,RGB_JPG_CHOCHOS,RGB_JPG_CHOCHOS
C:\Users\eduar\Desktop\Soybe-main\data\com_fundo\RGB_JPG_CHOCHOS\grao_DSC_0353_id97.png,RGB_JPG_CHOCHOS,RGB_JPG_CHOCHOS
C:\Users\eduar\Desktop\Soybe-main\data\com_fundo\RGB_JPG_CHOCHOS\grao_DSC_0353_id98.png,RGB_JPG_CHOCHOS,RGB_JPG_CHOCHOS
C:\Users\eduar\Desktop\Soybe-main\data\com_fundo\RGB_JPG_CHOCHOS\grao_DSC_0364_id1.png,RGB_JPG_CHOCHOS,RGB_JPG_CHOCHOS
C:\Users\eduar\Desktop\Soybe-main\data\com_fundo\RGB_JPG_CHOCHOS\grao_DSC_0364_id10.png,RGB_JPG_CHOCHOS,RGB_JPG_CHOCHOS
C:\Users\eduar\Desktop\Soybe-main\data\com_fundo\RGB_JPG_CHOCHOS\grao_DSC_0364_id100.png,RGB_JPG_CHOCHOS,RGB_JPG_CHOCHOS
C:\Users\eduar\Desktop\Soybe-main\data\com_fundo\RGB_JPG_CHOCHOS\grao_DSC_0364_id101.png,RGB_JPG_CHOCHOS,RGB_JPG_CHOCHOS
C:\Users\eduar\Desktop\Soybe-main\data\com_fundo\RGB_JPG_CHOCHOS\grao_DSC_0364_id102.png,RGB_JPG_CHOCHOS,RGB_JPG_CHOCHOS
C:\Users\eduar\Desktop\Soybe-main\data\com_fundo\RGB_JPG_CHOCHOS\grao_DSC_0364_id103.png,RGB_JPG_CHOCHOS,RGB_JPG_CHOCHOS
C:\Users\eduar\Desktop\Soybe-main\data\com_fundo\RGB_JPG_CHOCHOS\grao_DSC_0364_id104.png,RGB_JPG_CHOCHOS,RGB_JPG_CHOCHOS
C:\Users\eduar\Desktop\Soybe-main\data\com_fundo\RGB_JPG_CHOCHOS\grao_DSC_0364_id105.png,RGB_JPG_CHOCHOS,RGB_JPG_ESVERDEADO
C:\Users\eduar\Desktop\Soybe-main\data\com_fundo\RGB_JPG_CHOCHOS\grao_DSC_0364_id106.png,RGB_JPG_CHOCHOS,RGB_JPG_CHOCHOS
C:\Users\eduar\Desktop\Soybe-main\data\com_fundo\RGB_JPG_CHOCHOS\grao_DSC_0364_id107.png,RGB_JPG_CHOCHOS,RGB_JPG_CHOCHOS
C:\Users\eduar\Desktop\Soybe-main\data\com_fundo\RGB_JPG_CHOCHOS\grao_DSC_0364_id109.png,RGB_JPG_CHOCHOS,RGB_JPG_CHOCHOS
C:\Users\eduar\Desktop\Soybe-main\data\com_fundo\RGB_JPG_CHOCHOS\grao_DSC_0364_id11.png,RGB_JPG_CHOCHOS,RGB_JPG_CHOCHOS
C:\Users\eduar\Desktop\Soybe-main\data\com_fundo\RGB_JPG_CHOCHOS\grao_DSC_0364_id110.png,RGB_JPG_CHOCHOS,RGB_JPG_ESVERDEADO
C:\Users\eduar\Desktop\Soybe-main\data\com_fundo\RGB_JPG_CHOCHOS\grao_DSC_0364_id112.png,RGB_JPG_CHOCHOS,RGB_JPG_Normais
C:\Users\eduar\Desktop\Soybe-main\data\com_fundo\RGB_JPG_CHOCHOS\grao_DSC_0364_id113.png,RGB_JPG_CHOCHOS,RGB_JPG_CHOCHOS
C:\Users\eduar\Desktop\Soybe-main\data\com_fundo\RGB_JPG_CHOCHOS\grao_DSC_0364_id114.png,RGB_JPG_CHOCHOS,RGB_JPG_CHOCHOS
C:\Users\eduar\Desktop\Soybe-main\data\com_fundo\RGB_JPG_CHOCHOS\grao_DSC_0364_id115.png,RGB_JPG_CHOCHOS,RGB_JPG_CHOCHOS
C:\Users\eduar\Desktop\Soybe-main\data\com_fundo\RGB_JPG_CHOCHOS\grao_DSC_0364_id116.png,RGB_JPG_CHOCHOS,RGB_JPG_CHOCHOS
C:\Users\eduar\Desktop\Soybe-main\data\com_fundo\RGB_JPG_CHOCHOS\grao_DSC_0364_id117.png,RGB_JPG_CHOCHOS,RGB_JPG_CHOCHOS
C:\Users\eduar\Desktop\Soybe-main\data\com_fundo\RGB_JPG_CHOCHOS\grao_DSC_0364_id118.png,RGB_JPG_CHOCHOS,RGB_JPG_CHOCHOS
C:\Users\eduar\Desktop\Soybe-main\data\com_fundo\RGB_JPG_CHOCHOS\grao_DSC_0364_id119.png,RGB_JPG_CHOCHOS,RGB_JPG_ESVERDEADO
C:\Users\eduar\Desktop\Soybe-main\data\com_fundo\RGB_JPG_CHOCHOS\grao_DSC_0364_id12.png,RGB_JPG_CHOCHOS,RGB_JPG_CHOCHOS
C:\Users\eduar\Desktop\Soybe-main\data\com_fundo\RGB_JPG_CHOCHOS\grao_DSC_0364_id120.png,RGB_JPG_CHOCHOS,RGB_JPG_ESVERDEADO
C:\Users\eduar\Desktop\Soybe-main\data\com_fundo\RGB_JPG_CHOCHOS\grao_DSC_0364_id121.png,RGB_JPG_CHOCHOS,RGB_JPG_CHOCHOS
C:\Users\eduar\Desktop\Soybe-main\data\com_fundo\RGB_JPG_CHOCHOS\grao_DSC_0364_id124.png,RGB_JPG_CHOCHOS,RGB_JPG_CHOCHOS
C:\Users\eduar\Desktop\Soybe-main\data\com_fundo\RGB_JPG_CHOCHOS\grao_DSC_0364_id125.png,RGB_JPG_CHOCHOS,RGB_JPG_CHOCHOS
C:\Users\eduar\Desktop\Soybe-main\data\com_fundo\RGB_JPG_CHOCHOS\grao_DSC_0364_id126.png,RGB_JPG_CHOCHOS,RGB_JPG_CHOCHOS
C:\Users\eduar\Desktop\Soybe-main\data\com_fundo\RGB_JPG_CHOCHOS\grao_DSC_0364_id128.png,RGB_JPG_CHOCHOS,RGB_JPG_ESVERDEADO
C:\Users\eduar\Desktop\Soybe-main\data\com_fundo\RGB_JPG_CHOCHOS\grao_DSC_0364_id129.png,RGB_JPG_CHOCHOS,RGB_JPG_CHOCHOS
C:\Users\eduar\Desktop\Soybe-main\data\com_fundo\RGB_JPG_CHOCHOS\grao_DSC_0364_id13.png,RGB_JPG_CHOCHOS,RGB_JPG_ESVERDEADO
C:\Users\eduar\Desktop\Soybe-main\data\com_fundo\RGB_JPG_CHOCHOS\grao_DSC_0364_id130.png,RGB_JPG_CHOCHOS,RGB_JPG_CHOCHOS
C:\Users\eduar\Desktop\Soybe-main\data\com_fundo\RGB_JPG_CHOCHOS\grao_DSC_0364_id131.png,RGB_JPG_CHOCHOS,RGB_JPG_CHOCHOS
C:\Users\eduar\Desktop\Soybe-main\data\com_fundo\RGB_JPG_CHOCHOS\grao_DSC_0364_id133.png,RGB_JPG_CHOCHOS,RGB_JPG_CHOCHOS
C:\Users\eduar\Desktop\Soybe-main\data\com_fundo\RGB_JPG_CHOCHOS\grao_DSC_0364_id134.png,RGB_JPG_CHOCHOS,RGB_JPG_CHOCHOS
C:\Users\eduar\Desktop\Soybe-main\data\com_fundo\RGB_JPG_CHOCHOS\grao_DSC_0364_id135.png,RGB_JPG_CHOCHOS,RGB_JPG_ESVERDEADO
C:\Users\eduar\Desktop\Soybe-main\data\com_fundo\RGB_JPG_CHOCHOS\grao_DSC_0364_id136.png,RGB_JPG_CHOCHOS,RGB_JPG_ESVERDEADO
C:\Users\eduar\Desktop\Soybe-main\data\com_fundo\RGB_JPG_CHOCHOS\grao_DSC_0364_id137.png,RGB_JPG_CHOCHOS,RGB_JPG_CHOCHOS
C:\Users\eduar\Desktop\Soybe-main\data\com_fundo\RGB_JPG_CHOCHOS\grao_DSC_0364_id138.png,RGB_JPG_CHOCHOS,RGB_JPG_ESVERDEADO
C:\Users\eduar\Desktop\Soybe-main\data\com_fundo\RGB_JPG_CHOCHOS\grao_DSC_0364_id139.png,RGB_JPG_CHOCHOS,RGB_JPG_CHOCHOS
C:\Users\eduar\Desktop\Soybe-main\data\com_fundo\RGB_JPG_CHOCHOS\grao_DSC_0364_id14.png,RGB_JPG_CHOCHOS,RGB_JPG_ESVERDEADO
C:\Users\eduar\Desktop\Soybe-main\data\com_fundo\RGB_JPG_CHOCHOS\grao_DSC_0364_id140.png,RGB_JPG_CHOCHOS,RGB_JPG_CHOCHOS
C:\Users\eduar\Desktop\Soybe-main\data\com_fundo\RGB_JPG_CHOCHOS\grao_DSC_0364_id15.png,RGB_JPG_CHOCHOS,RGB_JPG_ESVERDEADO
C:\Users\eduar\Desktop\Soybe-main\data\com_fundo\RGB_JPG_CHOCHOS\grao_DSC_0364_id16.png,RGB_JPG_CHOCHOS,RGB_JPG_CHOCHOS
C:\Users\eduar\Desktop\Soybe-main\data\com_fundo\RGB_JPG_CHOCHOS\grao_DSC_0364_id17.png,RGB_JPG_CHOCHOS,RGB_JPG_CHOCHOS
C:\Users\eduar\Desktop\Soybe-main\data\com_fundo\RGB_JPG_CHOCHOS\grao_DSC_0364_id18.png,RGB_JPG_CHOCHOS,RGB_JPG_CHOCHOS
C:\Users\eduar\Desktop\Soybe-main\data\com_fundo\RGB_JPG_CHOCHOS\grao_DSC_0364_id19.png,RGB_JPG_CHOCHOS,RGB_JPG_CHOCHOS
C:\Users\eduar\Desktop\Soybe-main\data\com_fundo\RGB_JPG_CHOCHOS\grao_DSC_0364_id2.png,RGB_JPG_CHOCHOS,RGB_JPG_CHOCHOS
C:\Users\eduar\Desktop\Soybe-main\data\com_fundo\RGB_JPG_CHOCHOS\grao_DSC_0364_id20.png,RGB_JPG_CHOCHOS,RGB_JPG_CHOCHOS
C:\Users\eduar\Desktop\Soybe-main\data\com_fundo\RGB_JPG_CHOCHOS\grao_DSC_0364_id21.png,RGB_JPG_CHOCHOS,RGB_JPG_CHOCHOS
C:\Users\eduar\Desktop\Soybe-main\data\com_fundo\RGB_JPG_CHOCHOS\grao_DSC_0364_id22.png,RGB_JPG_CHOCHOS,RGB_JPG_CHOCHOS
C:\Users\eduar\Desktop\Soybe-main\data\com_fundo\RGB_JPG_CHOCHOS\grao_DSC_0364_id23.png,RGB_JPG_CHOCHOS,RGB_JPG_ESVERDEADO
C:\Users\eduar\Desktop\Soybe-main\data\com_fundo\RGB_JPG_CHOCHOS\grao_DSC_0364_id24.png,RGB_JPG_CHOCHOS,RGB_JPG_CHOCHOS
C:\Users\eduar\Desktop\Soybe-main\data\com_fundo\RGB_JPG_CHOCHOS\grao_DSC_0364_id26.png,RGB_JPG_CHOCHOS,RGB_JPG_CHOCHOS
C:\Users\eduar\Desktop\Soybe-main\data\com_fundo\RGB_JPG_CHOCHOS\grao_DSC_0364_id27.png,RGB_JPG_CHOCHOS,RGB_JPG_ESVERDEADO
C:\Users\eduar\Desktop\Soybe-main\data\com_fundo\RGB_JPG_CHOCHOS\grao_DSC_0364_id28.png,RGB_JPG_CHOCHOS,RGB_JPG_ESVERDEADO
C:\Users\eduar\Desktop\Soybe-main\data\com_fundo\RGB_JPG_CHOCHOS\grao_DSC_0364_id29.png,RGB_JPG_CHOCHOS,RGB_JPG_CHOCHOS
C:\Users\eduar\Desktop\Soybe-main\data\com_fundo\RGB_JPG_CHOCHOS\grao_DSC_0364_id3.png,RGB_JPG_CHOCHOS,RGB_JPG_CHOCHOS
C:\Users\eduar\Desktop\Soybe-main\data\com_fundo\RGB_JPG_CHOCHOS\grao_DSC_0364_id30.png,RGB_JPG_CHOCHOS,RGB_JPG_ESVERDEADO
C:\Users\eduar\Desktop\Soybe-main\data\com_fundo\RGB_JPG_CHOCHOS\grao_DSC_0364_id31.png,RGB_JPG_CHOCHOS,RGB_JPG_ESVERDEADO
C:\Users\eduar\Desktop\Soybe-main\data\com_fundo\RGB_JPG_CHOCHOS\grao_DSC_0364_id32.png,RGB_JPG_CHOCHOS,RGB_JPG_CHOCHOS
C:\Users\eduar\Desktop\Soybe-main\data\com_fundo\RGB_JPG_CHOCHOS\grao_DSC_0364_id33.png,RGB_JPG_CHOCHOS,RGB_JPG_ESVERDEADO
C:\Users\eduar\Desktop\Soybe-main\data\com_fundo\RGB_JPG_CHOCHOS\grao_DSC_0364_id34.png,RGB_JPG_CHOCHOS,RGB_JPG_CHOCHOS
C:\Users\eduar\Desktop\Soybe-main\data\com_fundo\RGB_JPG_CHOCHOS\grao_DSC_0364_id35.png,RGB_JPG_CHOCHOS,RGB_JPG_CHOCHOS
C:\Users\eduar\Desktop\Soybe-main\data\com_fundo\RGB_JPG_CHOCHOS\grao_DSC_0364_id36.png,RGB_JPG_CHOCHOS,RGB_JPG_ESVERDEADO
C:\Users\eduar\Desktop\Soybe-main\data\com_fundo\RGB_JPG_CHOCHOS\grao_DSC_0364_id37.png,RGB_JPG_CHOCHOS,RGB_JPG_CHOCHOS
C:\Users\eduar\Desktop\Soybe-main\data\com_fundo\RGB_JPG_CHOCHOS\grao_DSC_0364_id38.png,RGB_JPG_CHOCHOS,RGB_JPG_CHOCHOS
C:\Users\eduar\Desktop\Soybe-main\data\com_fundo\RGB_JPG_CHOCHOS\grao_DSC_0364_id39.png,RGB_JPG_CHOCHOS,RGB_JPG_CHOCHOS
C:\Users\eduar\Desktop\Soybe-main\data\com_fundo\RGB_JPG_CHOCHOS\grao_DSC_0364_id4.png,RGB_JPG_CHOCHOS,RGB_JPG_QUEBRADOS
C:\Users\eduar\Desktop\Soybe-main\data\com_fundo\RGB_JPG_CHOCHOS\grao_DSC_0364_id40.png,RGB_JPG_CHOCHOS,RGB_JPG_CHOCHOS
C:\Users\eduar\Desktop\Soybe-main\data\com_fundo\RGB_JPG_CHOCHOS\grao_DSC_0364_id42.png,RGB_JPG_CHOCHOS,RGB_JPG_ESVERDEADO
C:\Users\eduar\Desktop\Soybe-main\data\com_fundo\RGB_JPG_CHOCHOS\grao_DSC_0364_id44.png,RGB_JPG_CHOCHOS,RGB_JPG_ESVERDEADO
C:\Users\eduar\Desktop\Soybe-main\data\com_fundo\RGB_JPG_CHOCHOS\grao_DSC_0364_id45.png,RGB_JPG_CHOCHOS,RGB_JPG_CHOCHOS
C:\Users\eduar\Desktop\Soybe-main\data\com_fundo\RGB_JPG_CHOCHOS\grao_DSC_0364_id46.png,RGB_JPG_CHOCHOS,RGB_JPG_CHOCHOS
C:\Users\eduar\Desktop\Soybe-main\data\com_fundo\RGB_JPG_CHOCHOS\grao_DSC_0364_id47.png,RGB_JPG_CHOCHOS,RGB_JPG_ESVERDEADO
C:\Users\eduar\Desktop\Soybe-main\data\com_fundo\RGB_JPG_CHOCHOS\grao_DSC_0364_id48.png,RGB_JPG_CHOCHOS,RGB_JPG_CHOCHOS
C:\Users\eduar\Desktop\Soybe-main\data\com_fundo\RGB_JPG_CHOCHOS\grao_DSC_0364_id49.png,RGB_JPG_CHOCHOS,RGB_JPG_ESVERDEADO
C:\Users\eduar\Desktop\Soybe-main\data\com_fundo\RGB_JPG_CHOCHOS\grao_DSC_0364_id5.png,RGB_JPG_CHOCHOS,RGB_JPG_CHOCHOS
C:\Users\eduar\Desktop\Soybe-main\data\com_fundo\RGB_JPG_CHOCHOS\grao_DSC_0364_id50.png,RGB_JPG_CHOCHOS,RGB_JPG_CHOCHOS
C:\Users\eduar\Desktop\Soybe-main\data\com_fundo\RGB_JPG_CHOCHOS\grao_DSC_0364_id51.png,RGB_JPG_CHOCHOS,RGB_JPG_CHOCHOS
C:\Users\eduar\Desktop\Soybe-main\data\com_fundo\RGB_JPG_CHOCHOS\grao_DSC_0364_id52.png,RGB_JPG_CHOCHOS,RGB_JPG_ESVERDEADO
C:\Users\eduar\Desktop\Soybe-main\data\com_fundo\RGB_JPG_CHOCHOS\grao_DSC_0364_id53.png,RGB_JPG_CHOCHOS,RGB_JPG_CHOCHOS
C:\Users\eduar\Desktop\Soybe-main\data\com_fundo\RGB_JPG_CHOCHOS\grao_DSC_0364_id54.png,RGB_JPG_CHOCHOS,RGB_JPG_CHOCHOS
C:\Users\eduar\Desktop\Soybe-main\data\com_fundo\RGB_JPG_CHOCHOS\grao_DSC_0364_id55.png,RGB_JPG_CHOCHOS,RGB_JPG_CHOCHOS
C:\Users\eduar\Desktop\Soybe-main\data\com_fundo\RGB_JPG_CHOCHOS\grao_DSC_0364_id56.png,RGB_JPG_CHOCHOS,RGB_JPG_CHOCHOS
C:\Users\eduar\Desktop\Soybe-main\data\com_fundo\RGB_JPG_CHOCHOS\grao_DSC_0364_id57.png,RGB_JPG_CHOCHOS,RGB_JPG_CHOCHOS
C:\Users\eduar\Desktop\Soybe-main\data\com_fundo\RGB_JPG_CHOCHOS\grao_DSC_0364_id58.png,RGB_JPG_CHOCHOS,RGB_JPG_CHOCHOS
C:\Users\eduar\Desktop\Soybe-main\data\com_fundo\RGB_JPG_CHOCHOS\grao_DSC_0364_id6.png,RGB_JPG_CHOCHOS,RGB_JPG_ESVERDEADO
C:\Users\eduar\Desktop\Soybe-main\data\com_fundo\RGB_JPG_CHOCHOS\grao_DSC_0364_id60.png,RGB_JPG_CHOCHOS,RGB_JPG_CHOCHOS
C:\Users\eduar\Desktop\Soybe-main\data\com_fundo\RGB_JPG_CHOCHOS\grao_DSC_0364_id62.png,RGB_JPG_CHOCHOS,RGB_JPG_CHOCHOS
C:\Users\eduar\Desktop\Soybe-main\data\com_fundo\RGB_JPG_CHOCHOS\grao_DSC_0364_id63.png,RGB_JPG_CHOCHOS,RGB_JPG_CHOCHOS
C:\Users\eduar\Desktop\Soybe-main\data\com_fundo\RGB_JPG_CHOCHOS\grao_DSC_0364_id64.png,RGB_JPG_CHOCHOS,RGB_JPG_ESVERDEADO
C:\Users\eduar\Desktop\Soybe-main\data\com_fundo\RGB_JPG_CHOCHOS\grao_DSC_0364_id65.png,RGB_JPG_CHOCHOS,RGB_JPG_CHOCHOS
C:\Users\eduar\Desktop\Soybe-main\data\com_fundo\RGB_JPG_CHOCHOS\grao_DSC_0364_id67.png,RGB_JPG_CHOCHOS,RGB_JPG_CHOCHOS
C:\Users\eduar\Desktop\Soybe-main\data\com_fundo\RGB_JPG_CHOCHOS\grao_DSC_0364_id68.png,RGB_JPG_CHOCHOS,RGB_JPG_CHOCHOS
C:\Users\eduar\Desktop\Soybe-main\data\com_fundo\RGB_JPG_CHOCHOS\grao_DSC_0364_id69.png,RGB_JPG_CHOCHOS,RGB_JPG_CHOCHOS
C:\Users\eduar\Desktop\Soybe-main\data\com_fundo\RGB_JPG_CHOCHOS\grao_DSC_0364_id7.png,RGB_JPG_CHOCHOS,RGB_JPG_CHOCHOS
C:\Users\eduar\Desktop\Soybe-main\data\com_fundo\RGB_JPG_CHOCHOS\grao_DSC_0364_id70.png,RGB_JPG_CHOCHOS,RGB_JPG_CHOCHOS
C:\Users\eduar\Desktop\Soybe-main\data\com_fundo\RGB_JPG_CHOCHOS\grao_DSC_0364_id71.png,RGB_JPG_CHOCHOS,RGB_JPG_CHOCHOS
C:\Users\eduar\Desktop\Soybe-main\data\com_fundo\RGB_JPG_CHOCHOS\grao_DSC_0364_id72.png,RGB_JPG_CHOCHOS,RGB_JPG_CHOCHOS
C:\Users\eduar\Desktop\Soybe-main\data\com_fundo\RGB_JPG_CHOCHOS\grao_DSC_0364_id74.png,RGB_JPG_CHOCHOS,RGB_JPG_CHOCHOS
C:\Users\eduar\Desktop\Soybe-main\data\com_fundo\RGB_JPG_CHOCHOS\grao_DSC_0364_id75.png,RGB_JPG_CHOCHOS,RGB_JPG_CHOCHOS
C:\Users\eduar\Desktop\Soybe-main\data\com_fundo\RGB_JPG_CHOCHOS\grao_DSC_0364_id76.png,RGB_JPG_CHOCHOS,RGB_JPG_PURPURAS
C:\Users\eduar\Desktop\Soybe-main\data\com_fundo\RGB_JPG_CHOCHOS\grao_DSC_0364_id77.png,RGB_JPG_CHOCHOS,RGB_JPG_CHOCHOS
C:\Users\eduar\Desktop\Soybe-main\data\com_fundo\RGB_JPG_CHOCHOS\grao_DSC_0364_id78.png,RGB_JPG_CHOCHOS,RGB_JPG_CHOCHOS
C:\Users\eduar\Desktop\Soybe-main\data\com_fundo\RGB_JPG_CHOCHOS\grao_DSC_0364_id79.png,RGB_JPG_CHOCHOS,RGB_JPG_CHOCHOS
C:\Users\eduar\Desktop\Soybe-main\data\com_fundo\RGB_JPG_CHOCHOS\grao_DSC_0364_id8.png,RGB_JPG_CHOCHOS,RGB_JPG_ESVERDEADO
C:\Users\eduar\Desktop\Soybe-main\data\com_fundo\RGB_JPG_CHOCHOS\grao_DSC_0364_id80.png,RGB_JPG_CHOCHOS,RGB_JPG_CHOCHOS
C:\Users\eduar\Desktop\Soybe-main\data\com_fundo\RGB_JPG_CHOCHOS\grao_DSC_0364_id81.png,RGB_JPG_CHOCHOS,RGB_JPG_CHOCHOS
C:\Users\eduar\Desktop\Soybe-main\data\com_fundo\RGB_JPG_CHOCHOS\grao_DSC_0364_id82.png,RGB_JPG_CHOCHOS,RGB_JPG_CHOCHOS
C:\Users\eduar\Desktop\Soybe-main\data\com_fundo\RGB_JPG_CHOCHOS\grao_DSC_0364_id83.png,RGB_JPG_CHOCHOS,RGB_JPG_CHOCHOS
C:\Users\eduar\Desktop\Soybe-main\data\com_fundo\RGB_JPG_CHOCHOS\grao_DSC_0364_id85.png,RGB_JPG_CHOCHOS,RGB_JPG_CHOCHOS
C:\Users\eduar\Desktop\Soybe-main\data\com_fundo\RGB_JPG_CHOCHOS\grao_DSC_0364_id86.png,RGB_JPG_CHOCHOS,RGB_JPG_CHOCHOS
C:\Users\eduar\Desktop\Soybe-main\data\com_fundo\RGB_JPG_CHOCHOS\grao_DSC_0364_id87.png,RGB_JPG_CHOCHOS,RGB_JPG_CHOCHOS
C:\Users\eduar\Desktop\Soybe-main\data\com_fundo\RGB_JPG_CHOCHOS\grao_DSC_0364_id88.png,RGB_JPG_CHOCHOS,RGB_JPG_CHOCHOS
C:\Users\eduar\Desktop\Soybe-main\data\com_fundo\RGB_JPG_CHOCHOS\grao_DSC_0364_id89.png,RGB_JPG_CHOCHOS,RGB_JPG_CHOCHOS
C:\Users\eduar\Desktop\Soybe-main\data\com_fundo\RGB_JPG_CHOCHOS\grao_DSC_0364_id9.png,RGB_JPG_CHOCHOS,RGB_JPG_ESVERDEADO
C:\Users\eduar\Desktop\Soybe-main\data\com_fundo\RGB_JPG_CHOCHOS\grao_DSC_0364_id90.png,RGB_JPG_CHOCHOS,RGB_JPG_CHOCHOS
C:\Users\eduar\Desktop\Soybe-main\data\com_fundo\RGB_JPG_CHOCHOS\grao_DSC_0364_id91.png,RGB_JPG_CHOCHOS,RGB_JPG_CHOCHOS
C:\Users\eduar\Desktop\Soybe-main\data\com_fundo\RGB_JPG_CHOCHOS\grao_DSC_0364_id94.png,RGB_JPG_CHOCHOS,RGB_JPG_CHOCHOS
C:\Users\eduar\Desktop\Soybe-main\data\com_fundo\RGB_JPG_CHOCHOS\grao_DSC_0364_id95.png,RGB_JPG_CHOCHOS,RGB_JPG_ESVERDEADO
C:\Users\eduar\Desktop\Soybe-main\data\com_fundo\RGB_JPG_CHOCHOS\grao_DSC_0364_id96.png,RGB_JPG_CHOCHOS,RGB_JPG_CHOCHOS
C:\Users\eduar\Desktop\Soybe-main\data\com_fundo\RGB_JPG_CHOCHOS\grao_DSC_0364_id97.png,RGB_JPG_CHOCHOS,RGB_JPG_CHOCHOS
C:\Users\eduar\Desktop\Soybe-main\data\com_fundo\RGB_JPG_CHOCHOS\grao_DSC_0364_id98.png,RGB_JPG_CHOCHOS,RGB_JPG_CHOCHOS
C:\Users\eduar\Desktop\Soybe-main\data\com_fundo\RGB_JPG_CHOCHOS\grao_DSC_0364_id99.png,RGB_JPG_CHOCHOS,RGB_JPG_CHOCHOS
C:\Users\eduar\Desktop\Soybe-main\data\com_fundo\RGB_JPG_ESVERDEADO\grao_DSC_0310_id10.png,RGB_JPG_ESVERDEADO,RGB_JPG_CHOCHOS
C:\Users\eduar\Desktop\Soybe-main\data\com_fundo\RGB_JPG_ESVERDEADO\grao_DSC_0310_id100.png,RGB_JPG_ESVERDEADO,RGB_JPG_ESVERDEADO
C:\Users\eduar\Desktop\Soybe-main\data\com_fundo\RGB_JPG_ESVERDEADO\grao_DSC_0310_id11.png,RGB_JPG_ESVERDEADO,RGB_JPG_CHOCHOS
C:\Users\eduar\Desktop\Soybe-main\data\com_fundo\RGB_JPG_ESVERDEADO\grao_DSC_0310_id12.png,RGB_JPG_ESVERDEADO,RGB_JPG_ESVERDEADO
C:\Users\eduar\Desktop\Soybe-main\data\com_fundo\RGB_JPG_ESVERDEADO\grao_DSC_0310_id13.png,RGB_JPG_ESVERDEADO,RGB_JPG_ESVERDEADO
C:\Users\eduar\Desktop\Soybe-main\data\com_fundo\RGB_JPG_ESVERDEADO\grao_DSC_0310_id14.png,RGB_JPG_ESVERDEADO,RGB_JPG_ESVERDEADO
C:\Users\eduar\Desktop\Soybe-main\data\com_fundo\RGB_JPG_ESVERDEADO\grao_DSC_0310_id15.png,RGB_JPG_ESVERDEADO,RGB_JPG_ESVERDEADO
C:\Users\eduar\Desktop\Soybe-main\data\com_fundo\RGB_JPG_ESVERDEADO\grao_DSC_0310_id16.png,RGB_JPG_ESVERDEADO,RGB_JPG_CHOCHOS
C:\Users\eduar\Desktop\Soybe-main\data\com_fundo\RGB_JPG_ESVERDEADO\grao_DSC_0310_id17.png,RGB_JPG_ESVERDEADO,RGB_JPG_ESVERDEADO
C:\Users\eduar\Desktop\Soybe-main\data\com_fundo\RGB_JPG_ESVERDEADO\grao_DSC_0310_id18.png,RGB_JPG_ESVERDEADO,RGB_JPG_ESVERDEADO
C:\Users\eduar\Desktop\Soybe-main\data\com_fundo\RGB_JPG_ESVERDEADO\grao_DSC_0310_id19.png,RGB_JPG_ESVERDEADO,RGB_JPG_ESVERDEADO
C:\Users\eduar\Desktop\Soybe-main\data\com_fundo\RGB_JPG_ESVERDEADO\grao_DSC_0310_id2.png,RGB_JPG_ESVERDEADO,RGB_JPG_ESVERDEADO
C:\Users\eduar\Desktop\Soybe-main\data\com_fundo\RGB_JPG_ESVERDEADO\grao_DSC_0310_id20.png,RGB_JPG_ESVERDEADO,RGB_JPG_ESVERDEADO
C:\Users\eduar\Desktop\Soybe-main\data\com_fundo\RGB_JPG_ESVERDEADO\grao_DSC_0310_id21.png,RGB_JPG_ESVERDEADO,RGB_JPG_CHOCHOS
C:\Users\eduar\Desktop\Soybe-main\data\com_fundo\RGB_JPG_ESVERDEADO\grao_DSC_0310_id22.png,RGB_JPG_ESVERDEADO,RGB_JPG_IMPUREZAS
C:\Users\eduar\Desktop\Soybe-main\data\com_fundo\RGB_JPG_ESVERDEADO\grao_DSC_0310_id23.png,RGB_JPG_ESVERDEADO,RGB_JPG_ESVERDEADO
C:\Users\eduar\Desktop\Soybe-main\data\com_fundo\RGB_JPG_ESVERDEADO\grao_DSC_0310_id24.png,RGB_JPG_ESVERDEADO,RGB_JPG_ESVERDEADO
C:\Users\eduar\Desktop\Soybe-main\data\com_fundo\RGB_JPG_ESVERDEADO\grao_DSC_0310_id25.png,RGB_JPG_ESVERDEADO,RGB_JPG_ESVERDEADO
C:\Users\eduar\Desktop\Soybe-main\data\com_fundo\RGB_JPG_ESVERDEADO\grao_DSC_0310_id26.png,RGB_JPG_ESVERDEADO,RGB_JPG_ESVERDEADO
C:\Users\eduar\Desktop\Soybe-main\data\com_fundo\RGB_JPG_ESVERDEADO\grao_DSC_0310_id27.png,RGB_JPG_ESVERDEADO,RGB_JPG_ESVERDEADO
C:\Users\eduar\Desktop\Soybe-main\data\com_fundo\RGB_JPG_ESVERDEADO\grao_DSC_0310_id28.png,RGB_JPG_ESVERDEADO,RGB_JPG_ESVERDEADO
C:\Users\eduar\Desktop\Soybe-main\data\com_fundo\RGB_JPG_ESVERDEADO\grao_DSC_0310_id29.png,RGB_JPG_ESVERDEADO,RGB_JPG_ESVERDEADO
C:\Users\eduar\Desktop\Soybe-main\data\com_fundo\RGB_JPG_ESVERDEADO\grao_DSC_0310_id3.png,RGB_JPG_ESVERDEADO,RGB_JPG_QUEBRADOS
C:\Users\eduar\Desktop\Soybe-main\data\com_fundo\RGB_JPG_ESVERDEADO\grao_DSC_0310_id31.png,RGB_JPG_ESVERDEADO,RGB_JPG_ESVERDEADO
C:\Users\eduar\Desktop\Soybe-main\data\com_fundo\RGB_JPG_ESVERDEADO\grao_DSC_0310_id32.png,RGB_JPG_ESVERDEADO,RGB_JPG_ESVERDEADO
C:\Users\eduar\Desktop\Soybe-main\data\com_fundo\RGB_JPG_ESVERDEADO\grao_DSC_0310_id33.png,RGB_JPG_ESVERDEADO,RGB_JPG_ESVERDEADO
C:\Users\eduar\Desktop\Soybe-main\data\com_fundo\RGB_JPG_ESVERDEADO\grao_DSC_0310_id34.png,RGB_JPG_ESVERDEADO,RGB_JPG_ESVERDEADO
C:\Users\eduar\Desktop\Soybe-main\data\com_fundo\RGB_JPG_ESVERDEADO\grao_DSC_0310_id36.png,RGB_JPG_ESVERDEADO,RGB_JPG_ESVERDEADO
C:\Users\eduar\Desktop\Soybe-main\data\com_fundo\RGB_JPG_ESVERDEADO\grao_DSC_0310_id37.png,RGB_JPG_ESVERDEADO,RGB_JPG_ESVERDEADO
C:\Users\eduar\Desktop\Soybe-main\data\com_fundo\RGB_JPG_ESVERDEADO\grao_DSC_0310_id38.png,RGB_JPG_ESVERDEADO,RGB_JPG_ESVERDEADO
C:\Users\eduar\Desktop\Soybe-main\data\com_fundo\RGB_JPG_ESVERDEADO\grao_DSC_0310_id39.png,RGB_JPG_ESVERDEADO,RGB_JPG_ESVERDEADO
C:\Users\eduar\Desktop\Soybe-main\data\com_fundo\RGB_JPG_ESVERDEADO\grao_DSC_0310_id4.png,RGB_JPG_ESVERDEADO,RGB_JPG_ESVERDEADO
C:\Users\eduar\Desktop\Soybe-main\data\com_fundo\RGB_JPG_ESVERDEADO\grao_DSC_0310_id40.png,RGB_JPG_ESVERDEADO,RGB_JPG_ESVERDEADO
C:\Users\eduar\Desktop\Soybe-main\data\com_fundo\RGB_JPG_ESVERDEADO\grao_DSC_0310_id41.png,RGB_JPG_ESVERDEADO,RGB_JPG_ESVERDEADO
C:\Users\eduar\Desktop\Soybe-main\data\com_fundo\RGB_JPG_ESVERDEADO\grao_DSC_0310_id42.png,RGB_JPG_ESVERDEADO,RGB_JPG_ESVERDEADO
C:\Users\eduar\Desktop\Soybe-main\data\com_fundo\RGB_JPG_ESVERDEADO\grao_DSC_0310_id43.png,RGB_JPG_ESVERDEADO,RGB_JPG_CHOCHOS
C:\Users\eduar\Desktop\Soybe-main\data\com_fundo\RGB_JPG_ESVERDEADO\grao_DSC_0310_id45.png,RGB_JPG_ESVERDEADO,RGB_JPG_ESVERDEADO
C:\Users\eduar\Desktop\Soybe-main\data\com_fundo\RGB_JPG_ESVERDEADO\grao_DSC_0310_id46.png,RGB_JPG_ESVERDEADO,RGB_JPG_ESVERDEADO
C:\Users\eduar\Desktop\Soybe-main\data\com_fundo\RGB_JPG_ESVERDEADO\grao_DSC_0310_id47.png,RGB_JPG_ESVERDEADO,RGB_JPG_ESVERDEADO
C:\Users\eduar\Desktop\Soybe-main\data\com_fundo\RGB_JPG_ESVERDEADO\grao_DSC_0310_id49.png,RGB_JPG_ESVERDEADO,RGB_JPG_CHOCHOS
C:\Users\eduar\Desktop\Soybe-main\data\com_fundo\RGB_JPG_ESVERDEADO\grao_DSC_0310_id5.png,RGB_JPG_ESVERDEADO,RGB_JPG_CHOCHOS
C:\Users\eduar\Desktop\Soybe-main\data\com_fundo\RGB_JPG_ESVERDEADO\grao_DSC_0310_id50.png,RGB_JPG_ESVERDEADO,RGB_JPG_ESVERDEADO
C:\Users\eduar\Desktop\Soybe-main\data\com_fundo\RGB_JPG_ESVERDEADO\grao_DSC_0310_id51.png,RGB_JPG_ESVERDEADO,RGB_JPG_CHOCHOS
C:\Users\eduar\Desktop\Soybe-main\data\com_fundo\RGB_JPG_ESVERDEADO\grao_DSC_0310_id52.png,RGB_JPG_ESVERDEADO,RGB_JPG_ESVERDEADO
C:\Users\eduar\Desktop\Soybe-main\data\com_fundo\RGB_JPG_ESVERDEADO\grao_DSC_0310_id53.png,RGB_JPG_ESVERDEADO,RGB_JPG_ESVERDEADO
C:\Users\eduar\Desktop\Soybe-main\data\com_fundo\RGB_JPG_ESVERDEADO\grao_DSC_0310_id54.png,RGB_JPG_ESVERDEADO,RGB_JPG_CHOCHOS
C:\Users\eduar\Desktop\Soybe-main\data\com_fundo\RGB_JPG_ESVERDEADO\grao_DSC_0310_id55.png,RGB_JPG_ESVERDEADO,RGB_JPG_CHOCHOS
C:\Users\eduar\Desktop\Soybe-main\data\com_fundo\RGB_JPG_ESVERDEADO\grao_DSC_0310_id56.png,RGB_JPG_ESVERDEADO,RGB_JPG_CHOCHOS
C:\Users\eduar\Desktop\Soybe-main\data\com_fundo\RGB_JPG_ESVERDEADO\grao_DSC_0310_id57.png,RGB_JPG_ESVERDEADO,RGB_JPG_ESVERDEADO
C:\Users\eduar\Desktop\Soybe-main\data\com_fundo\RGB_JPG_ESVERDEADO\grao_DSC_0310_id58.png,RGB_JPG_ESVERDEADO,RGB_JPG_CHOCHOS
C:\Users\eduar\Desktop\Soybe-main\data\com_fundo\RGB_JPG_ESVERDEADO\grao_DSC_0310_id59.png,RGB_JPG_ESVERDEADO,RGB_JPG_CHOCHOS
C:\Users\eduar\Desktop\Soybe-main\data\com_fundo\RGB_JPG_ESVERDEADO\grao_DSC_0310_id6.png,RGB_JPG_ESVERDEADO,RGB_JPG_ESVERDEADO
C:\Users\eduar\Desktop\Soybe-main\data\com_fundo\RGB_JPG_ESVERDEADO\grao_DSC_0310_id61.png,RGB_JPG_ESVERDEADO,RGB_JPG_ESVERDEADO
C:\Users\eduar\Desktop\Soybe-main\data\com_fundo\RGB_JPG_ESVERDEADO\grao_DSC_0310_id63.png,RGB_JPG_ESVERDEADO,RGB_JPG_ESVERDEADO
C:\Users\eduar\Desktop\Soybe-main\data\com_fundo\RGB_JPG_ESVERDEADO\grao_DSC_0310_id64.png,RGB_JPG_ESVERDEADO,RGB_JPG_ESVERDEADO
C:\Users\eduar\Desktop\Soybe-main\data\com_fundo\RGB_JPG_ESVERDEADO\grao_DSC_0310_id65.png,RGB_JPG_ESVERDEADO,RGB_JPG_ESVERDEADO
C:\Users\eduar\Desktop\Soybe-main\data\com_fundo\RGB_JPG_ESVERDEADO\grao_DSC_0310_id66.png,RGB_JPG_ESVERDEADO,RGB_JPG_CHOCHOS
C:\Users\eduar\Desktop\Soybe-main\data\com_fundo\RGB_JPG_ESVERDEADO\grao_DSC_0310_id67.png,RGB_JPG_ESVERDEADO,RGB_JPG_ESVERDEADO
C:\Users\eduar\Desktop\Soybe-main\data\com_fundo\RGB_JPG_ESVERDEADO\grao_DSC_0310_id68.png,RGB_JPG_ESVERDEADO,RGB_JPG_ESVERDEADO
C:\Users\eduar\Desktop\Soybe-main\data\com_fundo\RGB_JPG_ESVERDEADO\grao_DSC_0310_id69.png,RGB_JPG_ESVERDEADO,RGB_JPG_ESVERDEADO
C:\Users\eduar\Desktop\Soybe-main\data\com_fundo\RGB_JPG_ESVERDEADO\grao_DSC_0310_id7.png,RGB_JPG_ESVERDEADO,RGB_JPG_ESVERDEADO
C:\Users\eduar\Desktop\Soybe-main\data\com_fundo\RGB_JPG_ESVERDEADO\grao_DSC_0310_id70.png,RGB_JPG_ESVERDEADO,RGB_JPG_ESVERDEADO
C:\Users\eduar\Desktop\Soybe-main\data\com_fundo\RGB_JPG_ESVERDEADO\grao_DSC_0310_id71.png,RGB_JPG_ESVERDEADO,RGB_JPG_ESVERDEADO
C:\Users\eduar\Desktop\Soybe-main\data\com_fundo\RGB_JPG_ESVERDEADO\grao_DSC_0310_id72.png,RGB_JPG_ESVERDEADO,RGB_JPG_CHOCHOS
C:\Users\eduar\Desktop\Soybe-main\data\com_fundo\RGB_JPG_ESVERDEADO\grao_DSC_0310_id73.png,RGB_JPG_ESVERDEADO,RGB_JPG_ESVERDEADO
C:\Users\eduar\Desktop\Soybe-main\data\com_fundo\RGB_JPG_ESVERDEADO\grao_DSC_0310_id74.png,RGB_JPG_ESVERDEADO,RGB_JPG_ESVERDEADO
C:\Users\eduar\Desktop\Soybe-main\data\com_fundo\RGB_JPG_ESVERDEADO\grao_DSC_0310_id75.png,RGB_JPG_ESVERDEADO,RGB_JPG_ESVERDEADO
C:\Users\eduar\Desktop\Soybe-main\data\com_fundo\RGB_JPG_ESVERDEADO\grao_DSC_0310_id76.png,RGB_JPG_ESVERDEADO,RGB_JPG_ESVERDEADO
C:\Users\eduar\Desktop\Soybe-main\data\com_fundo\RGB_JPG_ESVERDEADO\grao_DSC_0310_id77.png,RGB_JPG_ESVERDEADO,RGB_JPG_ESVERDEADO
C:\Users\eduar\Desktop\Soybe-main\data\com_fundo\RGB_JPG_ESVERDEADO\grao_DSC_0310_id78.png,RGB_JPG_ESVERDEADO,RGB_JPG_ESVERDEADO
C:\Users\eduar\Desktop\Soybe-main\data\com_fundo\RGB_JPG_ESVERDEADO\grao_DSC_0310_id79.png,RGB_JPG_ESVERDEADO,RGB_JPG_ESVERDEADO
C:\Users\eduar\Desktop\Soybe-main\data\com_fundo\RGB_JPG_ESVERDEADO\grao_DSC_0310_id8.png,RGB_JPG_ESVERDEADO,RGB_JPG_ESVERDEADO
C:\Users\eduar\Desktop\Soybe-main\data\com_fundo\RGB_JPG_ESVERDEADO\grao_DSC_0310_id80.png,RGB_JPG_ESVERDEADO,RGB_JPG_ESVERDEADO
C:\Users\eduar\Desktop\Soybe-main\data\com_fundo\RGB_JPG_ESVERDEADO\grao_DSC_0310_id81.png,RGB_JPG_ESVERDEADO,RGB_JPG_CHOCHOS
C:\Users\eduar\Desktop\Soybe-main\data\com_fundo\RGB_JPG_ESVERDEADO\grao_DSC_0310_id82.png,RGB_JPG_ESVERDEADO,RGB_JPG_ESVERDEADO
C:\Users\eduar\Desktop\Soybe-main\data\com_fundo\RGB_JPG_ESVERDEADO\grao_DSC_0310_id83.png,RGB_JPG_ESVERDEADO,RGB_JPG_ESVERDEADO
C:\Users\eduar\Desktop\Soybe-main\data\com_fundo\RGB_JPG_ESVERDEADO\grao_DSC_0310_id84.png,RGB_JPG_ESVERDEADO,RGB_JPG_ESVERDEADO
C:\Users\eduar\Desktop\Soybe-main\data\com_fundo\RGB_JPG_ESVERDEADO\grao_DSC_0310_id85.png,RGB_JPG_ESVERDEADO,RGB_JPG_CHOCHOS
C:\Users\eduar\Desktop\Soybe-main\data\com_fundo\RGB_JPG_ESVERDEADO\grao_DSC_0310_id86.png,RGB_JPG_ESVERDEADO,RGB_JPG_CHOCHOS
C:\Users\eduar\Desktop\Soybe-main\data\com_fundo\RGB_JPG_ESVERDEADO\grao_DSC_0310_id87.png,RGB_JPG_ESVERDEADO,RGB_JPG_ESVERDEADO
C:\Users\eduar\Desktop\Soybe-main\data\com_fundo\RGB_JPG_ESVERDEADO\grao_DSC_0310_id88.png,RGB_JPG_ESVERDEADO,RGB_JPG_ESVERDEADO
C:\Users\eduar\Desktop\Soybe-main\data\com_fundo\RGB_JPG_ESVERDEADO\grao_DSC_0310_id89.png,RGB_JPG_ESVERDEADO,RGB_JPG_ESVERDEADO
C:\Users\eduar\Desktop\Soybe-main\data\com_fundo\RGB_JPG_ESVERDEADO\grao_DSC_0310_id9.png,RGB_JPG_ESVERDEADO,RGB_JPG_ESVERDEADO
C:\Users\eduar\Desktop\Soybe-main\data\com_fundo\RGB_JPG_ESVERDEADO\grao_DSC_0310_id90.png,RGB_JPG_ESVERDEADO,RGB_JPG_ESVERDEADO
C:\Users\eduar\Desktop\Soybe-main\data\com_fundo\RGB_JPG_ESVERDEADO\grao_DSC_0310_id91.png,RGB_JPG_ESVERDEADO,RGB_JPG_ESVERDEADO
C:\Users\eduar\Desktop\Soybe-main\data\com_fundo\RGB_JPG_ESVERDEADO\grao_DSC_0310_id92.png,RGB_JPG_ESVERDEADO,RGB_JPG_ESVERDEADO
C:\Users\eduar\Desktop\Soybe-main\data\com_fundo\RGB_JPG_ESVERDEADO\grao_DSC_0310_id94.png,RGB_JPG_ESVERDEADO,RGB_JPG_ESVERDEADO
C:\Users\eduar\Desktop\Soybe-main\data\com_fundo\RGB_JPG_ESVERDEADO\grao_DSC_0310_id95.png,RGB_JPG_ESVERDEADO,RGB_JPG_ESVERDEADO
C:\Users\eduar\Desktop\Soybe-main\data\com_fundo\RGB_JPG_ESVERDEADO\grao_DSC_0310_id96.png,RGB_JPG_ESVERDEADO,RGB_JPG_ESVERDEADO
C:\Users\eduar\Desktop\Soybe-main\data\com_fundo\RGB_JPG_ESVERDEADO\grao_DSC_0310_id97.png,RGB_JPG_ESVERDEADO,RGB_JPG_ESVERDEADO
C:\Users\eduar\Desktop\Soybe-main\data\com_fundo\RGB_JPG_ESVERDEADO\grao_DSC_0310_id98.png,RGB_JPG_ESVERDEADO,RGB_JPG_ESVERDEADO
C:\Users\eduar\Desktop\Soybe-main\data\com_fundo\RGB_JPG_ESVERDEADO\grao_DSC_0310_id99.png,RGB_JPG_ESVERDEADO,RGB_JPG_CHOCHOS
C:\Users\eduar\Desktop\Soybe-main\data\com_fundo\RGB_JPG_ESVERDEADO\grao_DSC_0312_id1.png,RGB_JPG_ESVERDEADO,RGB_JPG_ESVERDEADO
C:\Users\eduar\Desktop\Soybe-main\data\com_fundo\RGB_JPG_ESVERDEADO\grao_DSC_0312_id10.png,RGB_JPG_ESVERDEADO,RGB_JPG_CHOCHOS
C:\Users\eduar\Desktop\Soybe-main\data\com_fundo\RGB_JPG_ESVERDEADO\grao_DSC_0312_id11.png,RGB_JPG_ESVERDEADO,RGB_JPG_ESVERDEADO
C:\Users\eduar\Desktop\Soybe-main\data\com_fundo\RGB_JPG_ESVERDEADO\grao_DSC_0312_id12.png,RGB_JPG_ESVERDEADO,RGB_JPG_CHOCHOS
C:\Users\eduar\Desktop\Soybe-main\data\com_fundo\RGB_JPG_ESVERDEADO\grao_DSC_0312_id13.png,RGB_JPG_ESVERDEADO,RGB_JPG_ESVERDEADO
C:\Users\eduar\Desktop\Soybe-main\data\com_fundo\RGB_JPG_ESVERDEADO\grao_DSC_0312_id14.png,RGB_JPG_ESVERDEADO,RGB_JPG_ESVERDEADO
C:\Users\eduar\Desktop\Soybe-main\data\com_fundo\RGB_JPG_ESVERDEADO\grao_DSC_0312_id15.png,RGB_JPG_ESVERDEADO,RGB_JPG_CHOCHOS
C:\Users\eduar\Desktop\Soybe-main\data\com_fundo\RGB_JPG_ESVERDEADO\grao_DSC_0312_id16.png,RGB_JPG_ESVERDEADO,RGB_JPG_ESVERDEADO
C:\Users\eduar\Desktop\Soybe-main\data\com_fundo\RGB_JPG_ESVERDEADO\grao_DSC_0312_id17.png,RGB_JPG_ESVERDEADO,RGB_JPG_ESVERDEADO
C:\Users\eduar\Desktop\Soybe-main\data\com_fundo\RGB_JPG_ESVERDEADO\grao_DSC_0312_id18.png,RGB_JPG_ESVERDEADO,RGB_JPG_CHOCHOS
C:\Users\eduar\Desktop\Soybe-main\data\com_fundo\RGB_JPG_ESVERDEADO\grao_DSC_0312_id19.png,RGB_JPG_ESVERDEADO,RGB_JPG_ESVERDEADO
C:\Users\eduar\Desktop\Soybe-main\data\com_fundo\RGB_JPG_ESVERDEADO\grao_DSC_0312_id2.png,RGB_JPG_ESVERDEADO,RGB_JPG_ESVERDEADO
C:\Users\eduar\Desktop\Soybe-main\data\com_fundo\RGB_JPG_ESVERDEADO\grao_DSC_0312_id20.png,RGB_JPG_ESVERDEADO,RGB_JPG_ESVERDEADO
C:\Users\eduar\Desktop\Soybe-main\data\com_fundo\RGB_JPG_ESVERDEADO\grao_DSC_0312_id22.png,RGB_JPG_ESVERDEADO,RGB_JPG_ESVERDEADO
C:\Users\eduar\Desktop\Soybe-main\data\com_fundo\RGB_JPG_ESVERDEADO\grao_DSC_0312_id23.png,RGB_JPG_ESVERDEADO,RGB_JPG_ESVERDEADO
C:\Users\eduar\Desktop\Soybe-main\data\com_fundo\RGB_JPG_ESVERDEADO\grao_DSC_0312_id24.png,RGB_JPG_ESVERDEADO,RGB_JPG_CHOCHOS
C:\Users\eduar\Desktop\Soybe-main\data\com_fundo\RGB_JPG_ESVERDEADO\grao_DSC_0312_id25.png,RGB_JPG_ESVERDEADO,RGB_JPG_ESVERDEADO
C:\Users\eduar\Desktop\Soybe-main\data\com_fundo\RGB_JPG_ESVERDEADO\grao_DSC_0312_id27.png,RGB_JPG_ESVERDEADO,RGB_JPG_ESVERDEADO
C:\Users\eduar\Desktop\Soybe-main\data\com_fundo\RGB_JPG_ESVERDEADO\grao_DSC_0312_id28.png,RGB_JPG_ESVERDEADO,RGB_JPG_ESVERDEADO
C:\Users\eduar\Desktop\Soybe-main\data\com_fundo\RGB_JPG_ESVERDEADO\grao_DSC_0312_id29.png,RGB_JPG_ESVERDEADO,RGB_JPG_ESVERDEADO
C:\Users\eduar\Desktop\Soybe-main\data\com_fundo\RGB_JPG_ESVERDEADO\grao_DSC_0312_id3.png,RGB_JPG_ESVERDEADO,RGB_JPG_ESVERDEADO
C:\Users\eduar\Desktop\Soybe-main\data\com_fundo\RGB_JPG_ESVERDEADO\grao_DSC_0312_id30.png,RGB_JPG_ESVERDEADO,RGB_JPG_ESVERDEADO
C:\Users\eduar\Desktop\Soybe-main\data\com_fundo\RGB_JPG_ESVERDEADO\grao_DSC_0312_id31.png,RGB_JPG_ESVERDEADO,RGB_JPG_CHOCHOS
C:\Users\eduar\Desktop\Soybe-main\data\com_fundo\RGB_JPG_ESVERDEADO\grao_DSC_0312_id32.png,RGB_JPG_ESVERDEADO,RGB_JPG_ESVERDEADO
C:\Users\eduar\Desktop\Soybe-main\data\com_fundo\RGB_JPG_ESVERDEADO\grao_DSC_0312_id33.png,RGB_JPG_ESVERDEADO,RGB_JPG_ESVERDEADO
C:\Users\eduar\Desktop\Soybe-main\data\com_fundo\RGB_JPG_ESVERDEADO\grao_DSC_0312_id4.png,RGB_JPG_ESVERDEADO,RGB_JPG_ESVERDEADO
C:\Users\eduar\Desktop\Soybe-main\data\com_fundo\RGB_JPG_ESVERDEADO\grao_DSC_0312_id5.png,RGB_JPG_ESVERDEADO,RGB_JPG_ESVERDEADO
C:\Users\eduar\Desktop\Soybe-main\data\com_fundo\RGB_JPG_ESVERDEADO\grao_DSC_0312_id6.png,RGB_JPG_ESVERDEADO,RGB_JPG_ESVERDEADO
C:\Users\eduar\Desktop\Soybe-main\data\com_fundo\RGB_JPG_ESVERDEADO\grao_DSC_0312_id7.png,RGB_JPG_ESVERDEADO,RGB_JPG_ESVERDEADO
C:\Users\eduar\Desktop\Soybe-main\data\com_fundo\RGB_JPG_ESVERDEADO\grao_DSC_0312_id8.png,RGB_JPG_ESVERDEADO,RGB_JPG_ESVERDEADO
C:\Users\eduar\Desktop\Soybe-main\data\com_fundo\RGB_JPG_ESVERDEADO\grao_DSC_0312_id9.png,RGB_JPG_ESVERDEADO,RGB_JPG_ESVERDEADO
C:\Users\eduar\Desktop\Soybe-main\data\com_fundo\RGB_JPG_IMPUREZAS\grao_DSC_0029_id1.png,RGB_JPG_IMPUREZAS,RGB_JPG_IMPUREZAS
C:\Users\eduar\Desktop\Soybe-main\data\com_fundo\RGB_JPG_IMPUREZAS\grao_DSC_0029_id101.png,RGB_JPG_IMPUREZAS,RGB_JPG_IMPUREZAS
C:\Users\eduar\Desktop\Soybe-main\data\com_fundo\RGB_JPG_IMPUREZAS\grao_DSC_0029_id104.png,RGB_JPG_IMPUREZAS,RGB_JPG_IMPUREZAS
C:\Users\eduar\Desktop\Soybe-main\data\com_fundo\RGB_JPG_IMPUREZAS\grao_DSC_0029_id106.png,RGB_JPG_IMPUREZAS,RGB_JPG_IMPUREZAS
C:\Users\eduar\Desktop\Soybe-main\data\com_fundo\RGB_JPG_IMPUREZAS\grao_DSC_0029_id107.png,RGB_JPG_IMPUREZAS,RGB_JPG_IMPUREZAS
C:\Users\eduar\Desktop\Soybe-main\data\com_fundo\RGB_JPG_IMPUREZAS\grao_DSC_0029_id112.png,RGB_JPG_IMPUREZAS,RGB_JPG_IMPUREZAS
C:\Users\eduar\Desktop\Soybe-main\data\com_fundo\RGB_JPG_IMPUREZAS\grao_DSC_0029_id119.png,RGB_JPG_IMPUREZAS,RGB_JPG_IMPUREZAS
C:\Users\eduar\Desktop\Soybe-main\data\com_fundo\RGB_JPG_IMPUREZAS\grao_DSC_0029_id120.png,RGB_JPG_IMPUREZAS,RGB_JPG_IMPUREZAS
C:\Users\eduar\Desktop\Soybe-main\data\com_fundo\RGB_JPG_IMPUREZAS\grao_DSC_0029_id121.png,RGB_JPG_IMPUREZAS,RGB_JPG_IMPUREZAS
C:\Users\eduar\Desktop\Soybe-main\data\com_fundo\RGB_JPG_IMPUREZAS\grao_DSC_0029_id123.png,RGB_JPG_IMPUREZAS,RGB_JPG_IMPUREZAS
C:\Users\eduar\Desktop\Soybe-main\data\com_fundo\RGB_JPG_IMPUREZAS\grao_DSC_0029_id124.png,RGB_JPG_IMPUREZAS,RGB_JPG_IMPUREZAS
C:\Users\eduar\Desktop\Soybe-main\data\com_fundo\RGB_JPG_IMPUREZAS\grao_DSC_0029_id126.png,RGB_JPG_IMPUREZAS,RGB_JPG_IMPUREZAS
C:\Users\eduar\Desktop\Soybe-main\data\com_fundo\RGB_JPG_IMPUREZAS\grao_DSC_0029_id13.png,RGB_JPG_IMPUREZAS,RGB_JPG_IMPUREZAS
C:\Users\eduar\Desktop\Soybe-main\data\com_fundo\RGB_JPG_IMPUREZAS\grao_DSC_0029_id131.png,RGB_JPG_IMPUREZAS,RGB_JPG_IMPUREZAS
C:\Users\eduar\Desktop\Soybe-main\data\com_fundo\RGB_JPG_IMPUREZAS\grao_DSC_0029_id135.png,RGB_JPG_IMPUREZAS,RGB_JPG_IMPUREZAS
C:\Users\eduar\Desktop\Soybe-main\data\com_fundo\RGB_JPG_IMPUREZAS\grao_DSC_0029_id138.png,RGB_JPG_IMPUREZAS,RGB_JPG_IMPUREZAS
C:\Users\eduar\Desktop\Soybe-main\data\com_fundo\RGB_JPG_IMPUREZAS\grao_DSC_0029_id139.png,RGB_JPG_IMPUREZAS,RGB_JPG_IMPUREZAS
C:\Users\eduar\Desktop\Soybe-main\data\com_fundo\RGB_JPG_IMPUREZAS\grao_DSC_0029_id14.png,RGB_JPG_IMPUREZAS,RGB_JPG_IMPUREZAS
C:\Users\eduar\Desktop\Soybe-main\data\com_fundo\RGB_JPG_IMPUREZAS\grao_DSC_0029_id141.png,RGB_JPG_IMPUREZAS,RGB_JPG_IMPUREZAS
C:\Users\eduar\Desktop\Soybe-main\data\com_fundo\RGB_JPG_IMPUREZAS\grao_DSC_0029_id142.png,RGB_JPG_IMPUREZAS,RGB_JPG_IMPUREZAS
C:\Users\eduar\Desktop\Soybe-main\data\com_fundo\RGB_JPG_IMPUREZAS\grao_DSC_0029_id143.png,RGB_JPG_IMPUREZAS,RGB_JPG_IMPUREZAS
C:\Users\eduar\Desktop\Soybe-main\data\com_fundo\RGB_JPG_IMPUREZAS\grao_DSC_0029_id145.png,RGB_JPG_IMPUREZAS,RGB_JPG_IMPUREZAS
C:\Users\eduar\Desktop\Soybe-main\data\com_fundo\RGB_JPG_IMPUREZAS\grao_DSC_0029_id146.png,RGB_JPG_IMPUREZAS,RGB_JPG_IMPUREZAS
C:\Users\eduar\Desktop\Soybe-main\data\com_fundo\RGB_JPG_IMPUREZAS\grao_DSC_0029_id149.png,RGB_JPG_IMPUREZAS,RGB_JPG_IMPUREZAS
C:\Users\eduar\Desktop\Soybe-main\data\com_fundo\RGB_JPG_IMPUREZAS\grao_DSC_0029_id15.png,RGB_JPG_IMPUREZAS,RGB_JPG_IMPUREZAS
C:\Users\eduar\Desktop\Soybe-main\data\com_fundo\RGB_JPG_IMPUREZAS\grao_DSC_0029_id153.png,RGB_JPG_IMPUREZAS,RGB_JPG_IMPUREZAS
C:\Users\eduar\Desktop\Soybe-main\data\com_fundo\RGB_JPG_IMPUREZAS\grao_DSC_0029_id156.png,RGB_JPG_IMPUREZAS,RGB_JPG_IMPUREZAS
C:\Users\eduar\Desktop\Soybe-main\data\com_fundo\RGB_JPG_IMPUREZAS\grao_DSC_0029_id158.png,RGB_JPG_IMPUREZAS,RGB_JPG_IMPUREZAS
C:\Users\eduar\Desktop\Soybe-main\data\com_fundo\RGB_JPG_IMPUREZAS\grao_DSC_0029_id160.png,RGB_JPG_IMPUREZAS,RGB_JPG_IMPUREZAS
C:\Users\eduar\Desktop\Soybe-main\data\com_fundo\RGB_JPG_IMPUREZAS\grao_DSC_0029_id161.png,RGB_JPG_IMPUREZAS,RGB_JPG_IMPUREZAS
C:\Users\eduar\Desktop\Soybe-main\data\com_fundo\RGB_JPG_IMPUREZAS\grao_DSC_0029_id162.png,RGB_JPG_IMPUREZAS,RGB_JPG_IMPUREZAS
C:\Users\eduar\Desktop\Soybe-main\data\com_fundo\RGB_JPG_IMPUREZAS\grao_DSC_0029_id164.png,RGB_JPG_IMPUREZAS,RGB_JPG_IMPUREZAS
C:\Users\eduar\Desktop\Soybe-main\data\com_fundo\RGB_JPG_IMPUREZAS\grao_DSC_0029_id165.png,RGB_JPG_IMPUREZAS,RGB_JPG_IMPUREZAS
C:\Users\eduar\Desktop\Soybe-main\data\com_fundo\RGB_JPG_IMPUREZAS\grao_DSC_0029_id166.png,RGB_JPG_IMPUREZAS,RGB_JPG_IMPUREZAS
C:\Users\eduar\Desktop\Soybe-main\data\com_fundo\RGB_JPG_IMPUREZAS\grao_DSC_0029_id169.png,RGB_JPG_IMPUREZAS,RGB_JPG_IMPUREZAS
C:\Users\eduar\Desktop\Soybe-main\data\com_fundo\RGB_JPG_IMPUREZAS\grao_DSC_0029_id17.png,RGB_JPG_IMPUREZAS,RGB_JPG_IMPUREZAS
C:\Users\eduar\Desktop\Soybe-main\data\com_fundo\RGB_JPG_IMPUREZAS\grao_DSC_0029_id170.png,RGB_JPG_IMPUREZAS,RGB_JPG_IMPUREZAS
C:\Users\eduar\Desktop\Soybe-main\data\com_fundo\RGB_JPG_IMPUREZAS\grao_DSC_0029_id171.png,RGB_JPG_IMPUREZAS,RGB_JPG_IMPUREZAS
C:\Users\eduar\Desktop\Soybe-main\data\com_fundo\RGB_JPG_IMPUREZAS\grao_DSC_0029_id173.png,RGB_JPG_IMPUREZAS,RGB_JPG_IMPUREZAS
C:\Users\eduar\Desktop\Soybe-main\data\com_fundo\RGB_JPG_IMPUREZAS\grao_DSC_0029_id174.png,RGB_JPG_IMPUREZAS,RGB_JPG_IMPUREZAS
C:\Users\eduar\Desktop\Soybe-main\data\com_fundo\RGB_JPG_IMPUREZAS\grao_DSC_0029_id18.png,RGB_JPG_IMPUREZAS,RGB_JPG_IMPUREZAS
C:\Users\eduar\Desktop\Soybe-main\data\com_fundo\RGB_JPG_IMPUREZAS\grao_DSC_0029_id180.png,RGB_JPG_IMPUREZAS,RGB_JPG_IMPUREZAS
C:\Users\eduar\Desktop\Soybe-main\data\com_fundo\RGB_JPG_IMPUREZAS\grao_DSC_0029_id2.png,RGB_JPG_IMPUREZAS,RGB_JPG_IMPUREZAS
C:\Users\eduar\Desktop\Soybe-main\data\com_fundo\RGB_JPG_IMPUREZAS\grao_DSC_0029_id21.png,RGB_JPG_IMPUREZAS,RGB_JPG_IMPUREZAS
C:\Users\eduar\Desktop\Soybe-main\data\com_fundo\RGB_JPG_IMPUREZAS\grao_DSC_0029_id22.png,RGB_JPG_IMPUREZAS,RGB_JPG_IMPUREZAS
C:\Users\eduar\Desktop\Soybe-main\data\com_fundo\RGB_JPG_IMPUREZAS\grao_DSC_0029_id27.png,RGB_JPG_IMPUREZAS,RGB_JPG_IMPUREZAS
C:\Users\eduar\Desktop\Soybe-main\data\com_fundo\RGB_JPG_IMPUREZAS\grao_DSC_0029_id3.png,RGB_JPG_IMPUREZAS,RGB_JPG_IMPUREZAS
C:\Users\eduar\Desktop\Soybe-main\data\com_fundo\RGB_JPG_IMPUREZAS\grao_DSC_0029_id31.png,RGB_JPG_IMPUREZAS,RGB_JPG_IMPUREZAS
C:\Users\eduar\Desktop\Soybe-main\data\com_fundo\RGB_JPG_IMPUREZAS\grao_DSC_0029_id32.png,RGB_JPG_IMPUREZAS,RGB_JPG_IMPUREZAS
C:\Users\eduar\Desktop\Soybe-main\data\com_fundo\RGB_JPG_IMPUREZAS\grao_DSC_0029_id33.png,RGB_JPG_IMPUREZAS,RGB_JPG_IMPUREZAS
C:\Users\eduar\Desktop\Soybe-main\data\com_fundo\RGB_JPG_IMPUREZAS\grao_DSC_0029_id34.png,RGB_JPG_IMPUREZAS,RGB_JPG_IMPUREZAS
C:\Users\eduar\Desktop\Soybe-main\data\com_fundo\RGB_JPG_IMPUREZAS\grao_DSC_0029_id35.png,RGB_JPG_IMPUREZAS,RGB_JPG_IMPUREZAS
C:\Users\eduar\Desktop\Soybe-main\data\com_fundo\RGB_JPG_IMPUREZAS\grao_DSC_0029_id36.png,RGB_JPG_IMPUREZAS,RGB_JPG_IMPUREZAS
C:\Users\eduar\Desktop\Soybe-main\data\com_fundo\RGB_JPG_IMPUREZAS\grao_DSC_0029_id37.png,RGB_JPG_IMPUREZAS,RGB_JPG_IMPUREZAS
C:\Users\eduar\Desktop\Soybe-main\data\com_fundo\RGB_JPG_IMPUREZAS\grao_DSC_0029_id38.png,RGB_JPG_IMPUREZAS,RGB_JPG_IMPUREZAS
C:\Users\eduar\Desktop\Soybe-main\data\com_fundo\RGB_JPG_IMPUREZAS\grao_DSC_0029_id4.png,RGB_JPG_IMPUREZAS,RGB_JPG_IMPUREZAS
C:\Users\eduar\Desktop\Soybe-main\data\com_fundo\RGB_JPG_IMPUREZAS\grao_DSC_0029_id40.png,RGB_JPG_IMPUREZAS,RGB_JPG_IMPUREZAS
C:\Users\eduar\Desktop\Soybe-main\data\com_fundo\RGB_JPG_IMPUREZAS\grao_DSC_0029_id41.png,RGB_JPG_IMPUREZAS,RGB_JPG_IMPUREZAS
C:\Users\eduar\Desktop\Soybe-main\data\com_fundo\RGB_JPG_IMPUREZAS\grao_DSC_0029_id42.png,RGB_JPG_IMPUREZAS,RGB_JPG_IMPUREZAS
C:\Users\eduar\Desktop\Soybe-main\data\com_fundo\RGB_JPG_IMPUREZAS\grao_DSC_0029_id50.png,RGB_JPG_IMPUREZAS,RGB_JPG_IMPUREZAS
C:\Users\eduar\Desktop\Soybe-main\data\com_fundo\RGB_JPG_IMPUREZAS\grao_DSC_0029_id52.png,RGB_JPG_IMPUREZAS,RGB_JPG_IMPUREZAS
C:\Users\eduar\Desktop\Soybe-main\data\com_fundo\RGB_JPG_IMPUREZAS\grao_DSC_0029_id53.png,RGB_JPG_IMPUREZAS,RGB_JPG_IMPUREZAS
C:\Users\eduar\Desktop\Soybe-main\data\com_fundo\RGB_JPG_IMPUREZAS\grao_DSC_0029_id54.png,RGB_JPG_IMPUREZAS,RGB_JPG_IMPUREZAS
C:\Users\eduar\Desktop\Soybe-main\data\com_fundo\RGB_JPG_IMPUREZAS\grao_DSC_0029_id56.png,RGB_JPG_IMPUREZAS,RGB_JPG_IMPUREZAS
C:\Users\eduar\Desktop\Soybe-main\data\com_fundo\RGB_JPG_IMPUREZAS\grao_DSC_0029_id57.png,RGB_JPG_IMPUREZAS,RGB_JPG_IMPUREZAS
C:\Users\eduar\Desktop\Soybe-main\data\com_fundo\RGB_JPG_IMPUREZAS\grao_DSC_0029_id58.png,RGB_JPG_IMPUREZAS,RGB_JPG_IMPUREZAS
C:\Users\eduar\Desktop\Soybe-main\data\com_fundo\RGB_JPG_IMPUREZAS\grao_DSC_0029_id59.png,RGB_JPG_IMPUREZAS,RGB_JPG_IMPUREZAS
C:\Users\eduar\Desktop\Soybe-main\data\com_fundo\RGB_JPG_IMPUREZAS\grao_DSC_0029_id61.png,RGB_JPG_IMPUREZAS,RGB_JPG_IMPUREZAS
C:\Users\eduar\Desktop\Soybe-main\data\com_fundo\RGB_JPG_IMPUREZAS\grao_DSC_0029_id62.png,RGB_JPG_IMPUREZAS,RGB_JPG_IMPUREZAS
C:\Users\eduar\Desktop\Soybe-main\data\com_fundo\RGB_JPG_IMPUREZAS\grao_DSC_0029_id63.png,RGB_JPG_IMPUREZAS,RGB_JPG_IMPUREZAS
C:\Users\eduar\Desktop\Soybe-main\data\com_fundo\RGB_JPG_IMPUREZAS\grao_DSC_0029_id67.png,RGB_JPG_IMPUREZAS,RGB_JPG_IMPUREZAS
C:\Users\eduar\Desktop\Soybe-main\data\com_fundo\RGB_JPG_IMPUREZAS\grao_DSC_0029_id73.png,RGB_JPG_IMPUREZAS,RGB_JPG_IMPUREZAS
C:\Users\eduar\Desktop\Soybe-main\data\com_fundo\RGB_JPG_IMPUREZAS\grao_DSC_0029_id75.png,RGB_JPG_IMPUREZAS,RGB_JPG_IMPUREZAS
C:\Users\eduar\Desktop\Soybe-main\data\com_fundo\RGB_JPG_IMPUREZAS\grao_DSC_0029_id76.png,RGB_JPG_IMPUREZAS,RGB_JPG_IMPUREZAS
C:\Users\eduar\Desktop\Soybe-main\data\com_fundo\RGB_JPG_IMPUREZAS\grao_DSC_0029_id77.png,RGB_JPG_IMPUREZAS,RGB_JPG_IMPUREZAS
C:\Users\eduar\Desktop\Soybe-main\data\com_fundo\RGB_JPG_IMPUREZAS\grao_DSC_0029_id78.png,RGB_JPG_IMPUREZAS,RGB_JPG_IMPUREZAS
C:\Users\eduar\Desktop\Soybe-main\data\com_fundo\RGB_JPG_IMPUREZAS\grao_DSC_0029_id79.png,RGB_JPG_IMPUREZAS,RGB_JPG_IMPUREZAS
C:\Users\eduar\Desktop\Soybe-main\data\com_fundo\RGB_JPG_IMPUREZAS\grao_DSC_0029_id80.png,RGB_JPG_IMPUREZAS,RGB_JPG_IMPUREZAS
C:\Users\eduar\Desktop\Soybe-main\data\com_fundo\RGB_JPG_IMPUREZAS\grao_DSC_0029_id82.png,RGB_JPG_IMPUREZAS,RGB_JPG_IMPUREZAS
C:\Users\eduar\Desktop\Soybe-main\data\com_fundo\RGB_JPG_IMPUREZAS\grao_DSC_0029_id86.png,RGB_JPG_IMPUREZAS,RGB_JPG_IMPUREZAS
C:\Users\eduar\Desktop\Soybe-main\data\com_fundo\RGB_JPG_IMPUREZAS\grao_DSC_0029_id87.png,RGB_JPG_IMPUREZAS,RGB_JPG_IMPUREZAS
C:\Users\eduar\Desktop\Soybe-main\data\com_fundo\RGB_JPG_IMPUREZAS\grao_DSC_0029_id88.png,RGB_JPG_IMPUREZAS,RGB_JPG_IMPUREZAS
C:\Users\eduar\Desktop\Soybe-main\data\com_fundo\RGB_JPG_IMPUREZAS\grao_DSC_0029_id89.png,RGB_JPG_IMPUREZAS,RGB_JPG_IMPUREZAS
C:\Users\eduar\Desktop\Soybe-main\data\com_fundo\RGB_JPG_IMPUREZAS\grao_DSC_0029_id9.png,RGB_JPG_IMPUREZAS,RGB_JPG_IMPUREZAS
C:\Users\eduar\Desktop\Soybe-main\data\com_fundo\RGB_JPG_IMPUREZAS\grao_DSC_0029_id90.png,RGB_JPG_IMPUREZAS,RGB_JPG_IMPUREZAS
C:\Users\eduar\Desktop\Soybe-main\data\com_fundo\RGB_JPG_IMPUREZAS\grao_DSC_0029_id94.png,RGB_JPG_IMPUREZAS,RGB_JPG_IMPUREZAS
C:\Users\eduar\Desktop\Soybe-main\data\com_fundo\RGB_JPG_IMPUREZAS\grao_DSC_0029_id97.png,RGB_JPG_IMPUREZAS,RGB_JPG_IMPUREZAS
C:\Users\eduar\Desktop\Soybe-main\data\com_fundo\RGB_JPG_IMPUREZAS\grao_DSC_0029_id98.png,RGB_JPG_IMPUREZAS,RGB_JPG_IMPUREZAS
C:\Users\eduar\Desktop\Soybe-main\data\com_fundo\RGB_JPG_IMPUREZAS\grao_DSC_0029_id99.png,RGB_JPG_IMPUREZAS,RGB_JPG_IMPUREZAS
C:\Users\eduar\Desktop\Soybe-main\data\com_fundo\RGB_JPG_IMPUREZAS\grao_DSC_0041_id1.png,RGB_JPG_IMPUREZAS,RGB_JPG_IMPUREZAS
C:\Users\eduar\Desktop\Soybe-main\data\com_fundo\RGB_JPG_IMPUREZAS\grao_DSC_0041_id100.png,RGB_JPG_IMPUREZAS,RGB_JPG_IMPUREZAS
C:\Users\eduar\Desktop\Soybe-main\data\com_fundo\RGB_JPG_IMPUREZAS\grao_DSC_0041_id101.png,RGB_JPG_IMPUREZAS,RGB_JPG_IMPUREZAS
C:\Users\eduar\Desktop\Soybe-main\data\com_fundo\RGB_JPG_IMPUREZAS\grao_DSC_0041_id103.png,RGB_JPG_IMPUREZAS,RGB_JPG_IMPUREZAS
C:\Users\eduar\Desktop\Soybe-main\data\com_fundo\RGB_JPG_IMPUREZAS\grao_DSC_0041_id106.png,RGB_JPG_IMPUREZAS,RGB_JPG_IMPUREZAS
C:\Users\eduar\Desktop\Soybe-main\data\com_fundo\RGB_JPG_IMPUREZAS\grao_DSC_0041_id107.png,RGB_JPG_IMPUREZAS,RGB_JPG_IMPUREZAS
C:\Users\eduar\Desktop\Soybe-main\data\com_fundo\RGB_JPG_IMPUREZAS\grao_DSC_0041_id108.png,RGB_JPG_IMPUREZAS,RGB_JPG_IMPUREZAS
C:\Users\eduar\Desktop\Soybe-main\data\com_fundo\RGB_JPG_IMPUREZAS\grao_DSC_0041_id112.png,RGB_JPG_IMPUREZAS,RGB_JPG_IMPUREZAS
C:\Users\eduar\Desktop\Soybe-main\data\com_fundo\RGB_JPG_IMPUREZAS\grao_DSC_0041_id113.png,RGB_JPG_IMPUREZAS,RGB_JPG_IMPUREZAS
C:\Users\eduar\Desktop\Soybe-main\data\com_fundo\RGB_JPG_IMPUREZAS\grao_DSC_0041_id114.png,RGB_JPG_IMPUREZAS,RGB_JPG_IMPUREZAS
C:\Users\eduar\Desktop\Soybe-main\data\com_fundo\RGB_JPG_IMPUREZAS\grao_DSC_0041_id115.png,RGB_JPG_IMPUREZAS,RGB_JPG_IMPUREZAS
C:\Users\eduar\Desktop\Soybe-main\data\com_fundo\RGB_JPG_IMPUREZAS\grao_DSC_0041_id116.png,RGB_JPG_IMPUREZAS,RGB_JPG_IMPUREZAS
C:\Users\eduar\Desktop\Soybe-main\data\com_fundo\RGB_JPG_IMPUREZAS\grao_DSC_0041_id117.png,RGB_JPG_IMPUREZAS,RGB_JPG_IMPUREZAS
C:\Users\eduar\Desktop\Soybe-main\data\com_fundo\RGB_JPG_IMPUREZAS\grao_DSC_0041_id118.png,RGB_JPG_IMPUREZAS,RGB_JPG_IMPUREZAS
C:\Users\eduar\Desktop\Soybe-main\data\com_fundo\RGB_JPG_IMPUREZAS\grao_DSC_0041_id119.png,RGB_JPG_IMPUREZAS,RGB_JPG_IMPUREZAS
C:\Users\eduar\Desktop\Soybe-main\data\com_fundo\RGB_JPG_IMPUREZAS\grao_DSC_0041_id12.png,RGB_JPG_IMPUREZAS,RGB_JPG_IMPUREZAS
C:\Users\eduar\Desktop\Soybe-main\data\com_fundo\RGB_JPG_IMPUREZAS\grao_DSC_0041_id120.png,RGB_JPG_IMPUREZAS,RGB_JPG_IMPUREZAS
C:\Users\eduar\Desktop\Soybe-main\data\com_fundo\RGB_JPG_IMPUREZAS\grao_DSC_0041_id121.png,RGB_JPG_IMPUREZAS,RGB_JPG_IMPUREZAS
C:\Users\eduar\Desktop\Soybe-main\data\com_fundo\RGB_JPG_IMPUREZAS\grao_DSC_0041_id122.png,RGB_JPG_IMPUREZAS,RGB_JPG_IMPUREZAS
C:\Users\eduar\Desktop\Soybe-main\data\com_fundo\RGB_JPG_IMPUREZAS\grao_DSC_0041_id124.png,RGB_JPG_IMPUREZAS,RGB_JPG_IMPUREZAS
C:\Users\eduar\Desktop\Soybe-main\data\com_fundo\RGB_JPG_IMPUREZAS\grao_DSC_0041_id125.png,RGB_JPG_IMPUREZAS,RGB_JPG_IMPUREZAS
C:\Users\eduar\Desktop\Soybe-main\data\com_fundo\RGB_JPG_IMPUREZAS\grao_DSC_0041_id128.png,RGB_JPG_IMPUREZAS,RGB_JPG_IMPUREZAS
C:\Users\eduar\Desktop\Soybe-main\data\com_fundo\RGB_JPG_IMPUREZAS\grao_DSC_0041_id129.png,RGB_JPG_IMPUREZAS,RGB_JPG_IMPUREZAS
C:\Users\eduar\Desktop\Soybe-main\data\com_fundo\RGB_JPG_IMPUREZAS\grao_DSC_0041_id13.png,RGB_JPG_IMPUREZAS,RGB_JPG_IMPUREZAS
C:\Users\eduar\Desktop\Soybe-main\data\com_fundo\RGB_JPG_IMPUREZAS\grao_DSC_0041_id134.png,RGB_JPG_IMPUREZAS,RGB_JPG_IMPUREZAS
C:\Users\eduar\Desktop\Soybe-main\data\com_fundo\RGB_JPG_IMPUREZAS\grao_DSC_0041_id136.png,RGB_JPG_IMPUREZAS,RGB_JPG_IMPUREZAS
C:\Users\eduar\Desktop\Soybe-main\data\com_fundo\RGB_JPG_IMPUREZAS\grao_DSC_0041_id137.png,RGB_JPG_IMPUREZAS,RGB_JPG_IMPUREZAS
C:\Users\eduar\Desktop\Soybe-main\data\com_fundo\RGB_JPG_IMPUREZAS\grao_DSC_0041_id138.png,RGB_JPG_IMPUREZAS,RGB_JPG_IMPUREZAS
C:\Users\eduar\Desktop\Soybe-main\data\com_fundo\RGB_JPG_IMPUREZAS\grao_DSC_0041_id139.png,RGB_JPG_IMPUREZAS,RGB_JPG_IMPUREZAS
C:\Users\eduar\Desktop\Soybe-main\data\com_fundo\RGB_JPG_IMPUREZAS\grao_DSC_0041_id14.png,RGB_JPG_IMPUREZAS,RGB_JPG_IMPUREZAS
C:\Users\eduar\Desktop\Soybe-main\data\com_fundo\RGB_JPG_IMPUREZAS\grao_DSC_0041_id140.png,RGB_JPG_IMPUREZAS,RGB_JPG_IMPUREZAS
C:\Users\eduar\Desktop\Soybe-main\data\com_fundo\RGB_JPG_IMPUREZAS\grao_DSC_0041_id141.png,RGB_JPG_IMPUREZAS,RGB_JPG_IMPUREZAS
C:\Users\eduar\Desktop\Soybe-main\data\com_fundo\RGB_JPG_IMPUREZAS\grao_DSC_0041_id142.png,RGB_JPG_IMPUREZAS,RGB_JPG_IMPUREZAS
C:\Users\eduar\Desktop\Soybe-main\data\com_fundo\RGB_JPG_IMPUREZAS\grao_DSC_0041_id144.png,RGB_JPG_IMPUREZAS,RGB_JPG_IMPUREZAS
C:\Users\eduar\Desktop\Soybe-main\data\com_fundo\RGB_JPG_IMPUREZAS\grao_DSC_0041_id145.png,RGB_JPG_IMPUREZAS,RGB_JPG_IMPUREZAS
C:\Users\eduar\Desktop\Soybe-main\data\com_fundo\RGB_JPG_IMPUREZAS\grao_DSC_0041_id146.png,RGB_JPG_IMPUREZAS,RGB_JPG_IMPUREZAS
C:\Users\eduar\Desktop\Soybe-main\data\com_fundo\RGB_JPG_IMPUREZAS\grao_DSC_0041_id147.png,RGB_JPG_IMPUREZAS,RGB_JPG_IMPUREZAS
C:\Users\eduar\Desktop\Soybe-main\data\com_fundo\RGB_JPG_IMPUREZAS\grao_DSC_0041_id149.png,RGB_JPG_IMPUREZAS,RGB_JPG_IMPUREZAS
C:\Users\eduar\Desktop\Soybe-main\data\com_fundo\RGB_JPG_IMPUREZAS\grao_DSC_0041_id159.png,RGB_JPG_IMPUREZAS,RGB_JPG_IMPUREZAS
C:\Users\eduar\Desktop\Soybe-main\data\com_fundo\RGB_JPG_IMPUREZAS\grao_DSC_0041_id160.png,RGB_JPG_IMPUREZAS,RGB_JPG_IMPUREZAS
C:\Users\eduar\Desktop\Soybe-main\data\com_fundo\RGB_JPG_IMPUREZAS\grao_DSC_0041_id161.png,RGB_JPG_IMPUREZAS,RGB_JPG_IMPUREZAS
C:\Users\eduar\Desktop\Soybe-main\data\com_fundo\RGB_JPG_IMPUREZAS\grao_DSC_0041_id162.png,RGB_JPG_IMPUREZAS,RGB_JPG_IMPUREZAS
C:\Users\eduar\Desktop\Soybe-main\data\com_fundo\RGB_JPG_IMPUREZAS\grao_DSC_0041_id164.png,RGB_JPG_IMPUREZAS,RGB_JPG_IMPUREZAS
C:\Users\eduar\Desktop\Soybe-main\data\com_fundo\RGB_JPG_IMPUREZAS\grao_DSC_0041_id165.png,RGB_JPG_IMPUREZAS,RGB_JPG_IMPUREZAS
C:\Users\eduar\Desktop\Soybe-main\data\com_fundo\RGB_JPG_IMPUREZAS\grao_DSC_0041_id166.png,RGB_JPG_IMPUREZAS,RGB_JPG_IMPUREZAS
C:\Users\eduar\Desktop\Soybe-main\data\com_fundo\RGB_JPG_IMPUREZAS\grao_DSC_0041_id167.png,RGB_JPG_IMPUREZAS,RGB_JPG_IMPUREZAS
C:\Users\eduar\Desktop\Soybe-main\data\com_fundo\RGB_JPG_IMPUREZAS\grao_DSC_0041_id168.png,RGB_JPG_IMPUREZAS,RGB_JPG_IMPUREZAS
C:\Users\eduar\Desktop\Soybe-main\data\com_fundo\RGB_JPG_IMPUREZAS\grao_DSC_0041_id173.png,RGB_JPG_IMPUREZAS,RGB_JPG_IMPUREZAS
C:\Users\eduar\Desktop\Soybe-main\data\com_fundo\RGB_JPG_IMPUREZAS\grao_DSC_0041_id175.png,RGB_JPG_IMPUREZAS,RGB_JPG_IMPUREZAS
C:\Users\eduar\Desktop\Soybe-main\data\com_fundo\RGB_JPG_IMPUREZAS\grao_DSC_0041_id177.png,RGB_JPG_IMPUREZAS,RGB_JPG_IMPUREZAS
C:\Users\eduar\Desktop\Soybe-main\data\com_fundo\RGB_JPG_IMPUREZAS\grao_DSC_0041_id180.png,RGB_JPG_IMPUREZAS,RGB_JPG_IMPUREZAS
C:\Users\eduar\Desktop\Soybe-main\data\com_fundo\RGB_JPG_IMPUREZAS\grao_DSC_0041_id181.png,RGB_JPG_IMPUREZAS,RGB_JPG_IMPUREZAS
C:\Users\eduar\Desktop\Soybe-main\data\com_fundo\RGB_JPG_IMPUREZAS\grao_DSC_0041_id182.png,RGB_JPG_IMPUREZAS,RGB_JPG_IMPUREZAS
C:\Users\eduar\Desktop\Soybe-main\data\com_fundo\RGB_JPG_IMPUREZAS\grao_DSC_0041_id185.png,RGB_JPG_IMPUREZAS,RGB_JPG_IMPUREZAS
C:\Users\eduar\Desktop\Soybe-main\data\com_fundo\RGB_JPG_IMPUREZAS\grao_DSC_0041_id189.png,RGB_JPG_IMPUREZAS,RGB_JPG_IMPUREZAS
C:\Users\eduar\Desktop\Soybe-main\data\com_fundo\RGB_JPG_IMPUREZAS\grao_DSC_0041_id192.png,RGB_JPG_IMPUREZAS,RGB_JPG_IMPUREZAS
C:\Users\eduar\Desktop\Soybe-main\data\com_fundo\RGB_JPG_IMPUREZAS\grao_DSC_0041_id193.png,RGB_JPG_IMPUREZAS,RGB_JPG_IMPUREZAS
C:\Users\eduar\Desktop\Soybe-main\data\com_fundo\RGB_JPG_IMPUREZAS\grao_DSC_0041_id194.png,RGB_JPG_IMPUREZAS,RGB_JPG_IMPUREZAS
C:\Users\eduar\Desktop\Soybe-main\data\com_fundo\RGB_JPG_IMPUREZAS\grao_DSC_0041_id195.png,RGB_JPG_IMPUREZAS,RGB_JPG_IMPUREZAS
C:\Users\eduar\Desktop\Soybe-main\data\com_fundo\RGB_JPG_IMPUREZAS\grao_DSC_0041_id196.png,RGB_JPG_IMPUREZAS,RGB_JPG_IMPUREZAS
C:\Users\eduar\Desktop\Soybe-main\data\com_fundo\RGB_JPG_IMPUREZAS\grao_DSC_0041_id2.png,RGB_JPG_IMPUREZAS,RGB_JPG_IMPUREZAS
C:\Users\eduar\Desktop\Soybe-main\data\com_fundo\RGB_JPG_IMPUREZAS\grao_DSC_0041_id204.png,RGB_JPG_IMPUREZAS,RGB_JPG_IMPUREZAS
C:\Users\eduar\Desktop\Soybe-main\data\com_fundo\RGB_JPG_IMPUREZAS\grao_DSC_0041_id206.png,RGB_JPG_IMPUREZAS,RGB_JPG_IMPUREZAS
C:\Users\eduar\Desktop\Soybe-main\data\com_fundo\RGB_JPG_IMPUREZAS\grao_DSC_0041_id21.png,RGB_JPG_IMPUREZAS,RGB_JPG_IMPUREZAS
C:\Users\eduar\Desktop\Soybe-main\data\com_fundo\RGB_JPG_IMPUREZAS\grao_DSC_0041_id25.png,RGB_JPG_IMPUREZAS,RGB_JPG_IMPUREZAS
C:\Users\eduar\Desktop\Soybe-main\data\com_fundo\RGB_JPG_IMPUREZAS\grao_DSC_0041_id27.png,RGB_JPG_IMPUREZAS,RGB_JPG_IMPUREZAS
C:\Users\eduar\Desktop\Soybe-main\data\com_fundo\RGB_JPG_IMPUREZAS\grao_DSC_0041_id28.png,RGB_JPG_IMPUREZAS,RGB_JPG_IMPUREZAS
C:\Users\eduar\Desktop\Soybe-main\data\com_fundo\RGB_JPG_IMPUREZAS\grao_DSC_0041_id3.png,RGB_JPG_IMPUREZAS,RGB_JPG_IMPUREZAS
C:\Users\eduar\Desktop\Soybe-main\data\com_fundo\RGB_JPG_IMPUREZAS\grao_DSC_0041_id31.png,RGB_JPG_IMPUREZAS,RGB_JPG_IMPUREZAS
C:\Users\eduar\Desktop\Soybe-main\data\com_fundo\RGB_JPG_IMPUREZAS\grao_DSC_0041_id32.png,RGB_JPG_IMPUREZAS,RGB_JPG_IMPUREZAS
C:\Users\eduar\Desktop\Soybe-main\data\com_fundo\RGB_JPG_IMPUREZAS\grao_DSC_0041_id34.png,RGB_JPG_IMPUREZAS,RGB_JPG_IMPUREZAS
C:\Users\eduar\Desktop\Soybe-main\data\com_fundo\RGB_JPG_IMPUREZAS\grao_DSC_0041_id37.png,RGB_JPG_IMPUREZAS,RGB_JPG_IMPUREZAS
C:\Users\eduar\Desktop\Soybe-main\data\com_fundo\RGB_JPG_IMPUREZAS\grao_DSC_0041_id42.png,RGB_JPG_IMPUREZAS,RGB_JPG_IMPUREZAS
C:\Users\eduar\Desktop\Soybe-main\data\com_fundo\RGB_JPG_IMPUREZAS\grao_DSC_0041_id43.png,RGB_JPG_IMPUREZAS,RGB_JPG_IMPUREZAS
C:\Users\eduar\Desktop\Soybe-main\data\com_fundo\RGB_JPG_IMPUREZAS\grao_DSC_0041_id44.png,RGB_JPG_IMPUREZAS,RGB_JPG_IMPUREZAS
C:\Users\eduar\Desktop\Soybe-main\data\com_fundo\RGB_JPG_IMPUREZAS\grao_DSC_0041_id45.png,RGB_JPG_IMPUREZAS,RGB_JPG_IMPUREZAS
C:\Users\eduar\Desktop\Soybe-main\data\com_fundo\RGB_JPG_IMPUREZAS\grao_DSC_0041_id46.png,RGB_JPG_IMPUREZAS,RGB_JPG_IMPUREZAS
C:\Users\eduar\Desktop\Soybe-main\data\com_fundo\RGB_JPG_IMPUREZAS\grao_DSC_0041_id47.png,RGB_JPG_IMPUREZAS,RGB_JPG_IMPUREZAS
C:\Users\eduar\Desktop\Soybe-main\data\com_fundo\RGB_JPG_IMPUREZAS\grao_DSC_0041_id50.png,RGB_JPG_IMPUREZAS,RGB_JPG_IMPUREZAS
C:\Users\eduar\Desktop\Soybe-main\data\com_fundo\RGB_JPG_IMPUREZAS\grao_DSC_0041_id51.png,RGB_JPG_IMPUREZAS,RGB_JPG_IMPUREZAS
C:\Users\eduar\Desktop\Soybe-main\data\com_fundo\RGB_JPG_IMPUREZAS\grao_DSC_0041_id52.png,RGB_JPG_IMPUREZAS,RGB_JPG_IMPUREZAS
C:\Users\eduar\Desktop\Soybe-main\data\com_fundo\RGB_JPG_IMPUREZAS\grao_DSC_0041_id53.png,RGB_JPG_IMPUREZAS,RGB_JPG_IMPUREZAS
C:\Users\eduar\Desktop\Soybe-main\data\com_fundo\RGB_JPG_IMPUREZAS\grao_DSC_0041_id54.png,RGB_JPG_IMPUREZAS,RGB_JPG_IMPUREZAS
C:\Users\eduar\Desktop\Soybe-main\data\com_fundo\RGB_JPG_IMPUREZAS\grao_DSC_0041_id55.png,RGB_JPG_IMPUREZAS,RGB_JPG_IMPUREZAS
C:\Users\eduar\Desktop\Soybe-main\data\com_fundo\RGB_JPG_IMPUREZAS\grao_DSC_0041_id56.png,RGB_JPG_IMPUREZAS,RGB_JPG_IMPUREZAS
C:\Users\eduar\Desktop\Soybe-main\data\com_fundo\RGB_JPG_IMPUREZAS\grao_DSC_0041_id57.png,RGB_JPG_IMPUREZAS,RGB_JPG_IMPUREZAS
C:\Users\eduar\Desktop\Soybe-main\data\com_fundo\RGB_JPG_IMPUREZAS\grao_DSC_0041_id58.png,RGB_JPG_IMPUREZAS,RGB_JPG_IMPUREZAS
C:\Users\eduar\Desktop\Soybe-main\data\com_fundo\RGB_JPG_IMPUREZAS\grao_DSC_0041_id7.png,RGB_JPG_IMPUREZAS,RGB_JPG_IMPUREZAS
C:\Users\eduar\Desktop\Soybe-main\data\com_fundo\RGB_JPG_IMPUREZAS\grao_DSC_0041_id75.png,RGB_JPG_IMPUREZAS,RGB_JPG_IMPUREZAS
C:\Users\eduar\Desktop\Soybe-main\data\com_fundo\RGB_JPG_IMPUREZAS\grao_DSC_0041_id76.png,RGB_JPG_IMPUREZAS,RGB_JPG_IMPUREZAS
C:\Users\eduar\Desktop\Soybe-main\data\com_fundo\RGB_JPG_IMPUREZAS\grao_DSC_0041_id77.png,RGB_JPG_IMPUREZAS,RGB_JPG_IMPUREZAS
C:\Users\eduar\Desktop\Soybe-main\data\com_fundo\RGB_JPG_IMPUREZAS\grao_DSC_0041_id78.png,RGB_JPG_IMPUREZAS,RGB_JPG_IMPUREZAS
C:\Users\eduar\Desktop\Soybe-main\data\com_fundo\RGB_JPG_IMPUREZAS\grao_DSC_0041_id80.png,RGB_JPG_IMPUREZAS,RGB_JPG_IMPUREZAS
C:\Users\eduar\Desktop\Soybe-main\data\com_fundo\RGB_JPG_IMPUREZAS\grao_DSC_0041_id81.png,RGB_JPG_IMPUREZAS,RGB_JPG_IMPUREZAS
C:\Users\eduar\Desktop\Soybe-main\data\com_fundo\RGB_JPG_IMPUREZAS\grao_DSC_0041_id84.png,RGB_JPG_IMPUREZAS,RGB_JPG_IMPUREZAS
C:\Users\eduar\Desktop\Soybe-main\data\com_fundo\RGB_JPG_IMPUREZAS\grao_DSC_0041_id87.png,RGB_JPG_IMPUREZAS,RGB_JPG_IMPUREZAS
C:\Users\eduar\Desktop\Soybe-main\data\com_fundo\RGB_JPG_IMPUREZAS\grao_DSC_0041_id88.png,RGB_JPG_IMPUREZAS,RGB_JPG_IMPUREZAS
C:\Users\eduar\Desktop\Soybe-main\data\com_fundo\RGB_JPG_IMPUREZAS\grao_DSC_0041_id89.png,RGB_JPG_IMPUREZAS,RGB_JPG_IMPUREZAS
C:\Users\eduar\Desktop\Soybe-main\data\com_fundo\RGB_JPG_IMPUREZAS\grao_DSC_0041_id9.png,RGB_JPG_IMPUREZAS,RGB_JPG_IMPUREZAS
C:\Users\eduar\Desktop\Soybe-main\data\com_fundo\RGB_JPG_IMPUREZAS\grao_DSC_0041_id90.png,RGB_JPG_IMPUREZAS,RGB_JPG_IMPUREZAS
C:\Users\eduar\Desktop\Soybe-main\data\com_fundo\RGB_JPG_IMPUREZAS\grao_DSC_0041_id93.png,RGB_JPG_IMPUREZAS,RGB_JPG_IMPUREZAS
C:\Users\eduar\Desktop\Soybe-main\data\com_fundo\RGB_JPG_IMPUREZAS\grao_DSC_0041_id94.png,RGB_JPG_IMPUREZAS,RGB_JPG_IMPUREZAS
C:\Users\eduar\Desktop\Soybe-main\data\com_fundo\RGB_JPG_IMPUREZAS\grao_DSC_0041_id95.png,RGB_JPG_IMPUREZAS,RGB_JPG_IMPUREZAS
C:\Users\eduar\Desktop\Soybe-main\data\com_fundo\RGB_JPG_IMPUREZAS\grao_DSC_0041_id97.png,RGB_JPG_IMPUREZAS,RGB_JPG_IMPUREZAS
C:\Users\eduar\Desktop\Soybe-main\data\com_fundo\RGB_JPG_IMPUREZAS\grao_DSC_0041_id99.png,RGB_JPG_IMPUREZAS,RGB_JPG_IMPUREZAS
C:\Users\eduar\Desktop\Soybe-main\data\com_fundo\RGB_JPG_IMPUREZAS\grao_DSC_0232_id10.png,RGB_JPG_IMPUREZAS,RGB_JPG_IMPUREZAS
C:\Users\eduar\Desktop\Soybe-main\data\com_fundo\RGB_JPG_IMPUREZAS\grao_DSC_0232_id11.png,RGB_JPG_IMPUREZAS,RGB_JPG_IMPUREZAS
C:\Users\eduar\Desktop\Soybe-main\data\com_fundo\RGB_JPG_IMPUREZAS\grao_DSC_0232_id12.png,RGB_JPG_IMPUREZAS,RGB_JPG_IMPUREZAS
C:\Users\eduar\Desktop\Soybe-main\data\com_fundo\RGB_JPG_IMPUREZAS\grao_DSC_0232_id13.png,RGB_JPG_IMPUREZAS,RGB_JPG_IMPUREZAS
C:\Users\eduar\Desktop\Soybe-main\data\com_fundo\RGB_JPG_IMPUREZAS\grao_DSC_0232_id14.png,RGB_JPG_IMPUREZAS,RGB_JPG_IMPUREZAS
C:\Users\eduar\Desktop\Soybe-main\data\com_fundo\RGB_JPG_IMPUREZAS\grao_DSC_0232_id15.png,RGB_JPG_IMPUREZAS,RGB_JPG_IMPUREZAS
C:\Users\eduar\Desktop\Soybe-main\data\com_fundo\RGB_JPG_IMPUREZAS\grao_DSC_0232_id16.png,RGB_JPG_IMPUREZAS,RGB_JPG_IMPUREZAS
C:\Users\eduar\Desktop\Soybe-main\data\com_fundo\RGB_JPG_IMPUREZAS\grao_DSC_0232_id18.png,RGB_JPG_IMPUREZAS,RGB_JPG_IMPUREZAS
C:\Users\eduar\Desktop\Soybe-main\data\com_fundo\RGB_JPG_IMPUREZAS\grao_DSC_0232_id19.png,RGB_JPG_IMPUREZAS,RGB_JPG_IMPUREZAS
C:\Users\eduar\Desktop\Soybe-main\data\com_fundo\RGB_JPG_IMPUREZAS\grao_DSC_0232_id2.png,RGB_JPG_IMPUREZAS,RGB_JPG_IMPUREZAS
C:\Users\eduar\Desktop\Soybe-main\data\com_fundo\RGB_JPG_IMPUREZAS\grao_DSC_0232_id4.png,RGB_JPG_IMPUREZAS,RGB_JPG_IMPUREZAS
C:\Users\eduar\Desktop\Soybe-main\data\com_fundo\RGB_JPG_IMPUREZAS\grao_DSC_0232_id5.png,RGB_JPG_IMPUREZAS,RGB_JPG_IMPUREZAS
C:\Users\eduar\Desktop\Soybe-main\data\com_fundo\RGB_JPG_IMPUREZAS\grao_DSC_0232_id6.png,RGB_JPG_IMPUREZAS,RGB_JPG_IMPUREZAS
C:\Users\eduar\Desktop\Soybe-main\data\com_fundo\RGB_JPG_IMPUREZAS\grao_DSC_0232_id7.png,RGB_JPG_IMPUREZAS,RGB_JPG_IMPUREZAS
C:\Users\eduar\Desktop\Soybe-main\data\com_fundo\RGB_JPG_IMPUREZAS\grao_DSC_0232_id8.png,RGB_JPG_IMPUREZAS,RGB_JPG_IMPUREZAS
C:\Users\eduar\Desktop\Soybe-main\data\com_fundo\RGB_JPG_IMPUREZAS\grao_DSC_0232_id9.png,RGB_JPG_IMPUREZAS,RGB_JPG_IMPUREZAS
C:\Users\eduar\Desktop\Soybe-main\data\com_fundo\RGB_JPG_IMPUREZAS\grao_DSC_0234_id2.png,RGB_JPG_IMPUREZAS,RGB_JPG_IMPUREZAS
C:\Users\eduar\Desktop\Soybe-main\data\com_fundo\RGB_JPG_IMPUREZAS\grao_DSC_0234_id3.png,RGB_JPG_IMPUREZAS,RGB_JPG_IMPUREZAS
C:\Users\eduar\Desktop\Soybe-main\data\com_fundo\RGB_JPG_IMPUREZAS\grao_DSC_0234_id4.png,RGB_JPG_IMPUREZAS,RGB_JPG_IMPUREZAS
C:\Users\eduar\Desktop\Soybe-main\data\com_fundo\RGB_JPG_IMPUREZAS\grao_DSC_0234_id5.png,RGB_JPG_IMPUREZAS,RGB_JPG_IMPUREZAS
C:\Users\eduar\Desktop\Soybe-main\data\com_fundo\RGB_JPG_IMPUREZAS\grao_DSC_0234_id6.png,RGB_JPG_IMPUREZAS,RGB_JPG_IMPUREZAS
C:\Users\eduar\Desktop\Soybe-main\data\com_fundo\RGB_JPG_IMPUREZAS\grao_DSC_0240_id1.png,RGB_JPG_IMPUREZAS,RGB_JPG_IMPUREZAS
C:\Users\eduar\Desktop\Soybe-main\data\com_fundo\RGB_JPG_IMPUREZAS\grao_DSC_0240_id10.png,RGB_JPG_IMPUREZAS,RGB_JPG_IMPUREZAS
C:\Users\eduar\Desktop\Soybe-main\data\com_fundo\RGB_JPG_IMPUREZAS\grao_DSC_0240_id100.png,RGB_JPG_IMPUREZAS,RGB_JPG_IMPUREZAS
C:\Users\eduar\Desktop\Soybe-main\data\com_fundo\RGB_JPG_IMPUREZAS\grao_DSC_0240_id101.png,RGB_JPG_IMPUREZAS,RGB_JPG_IMPUREZAS
C:\Users\eduar\Desktop\Soybe-main\data\com_fundo\RGB_JPG_IMPUREZAS\grao_DSC_0240_id102.png,RGB_JPG_IMPUREZAS,RGB_JPG_IMPUREZAS
C:\Users\eduar\Desktop\Soybe-main\data\com_fundo\RGB_JPG_IMPUREZAS\grao_DSC_0240_id103.png,RGB_JPG_IMPUREZAS,RGB_JPG_IMPUREZAS
C:\Users\eduar\Desktop\Soybe-main\data\com_fundo\RGB_JPG_IMPUREZAS\grao_DSC_0240_id104.png,RGB_JPG_IMPUREZAS,RGB_JPG_IMPUREZAS
C:\Users\eduar\Desktop\Soybe-main\data\com_fundo\RGB_JPG_IMPUREZAS\grao_DSC_0240_id106.png,RGB_JPG_IMPUREZAS,RGB_JPG_IMPUREZAS
C:\Users\eduar\Desktop\Soybe-main\data\com_fundo\RGB_JPG_IMPUREZAS\grao_DSC_0240_id108.png,RGB_JPG_IMPUREZAS,RGB_JPG_IMPUREZAS
C:\Users\eduar\Desktop\Soybe-main\data\com_fundo\RGB_JPG_IMPUREZAS\grao_DSC_0240_id109.png,RGB_JPG_IMPUREZAS,RGB_JPG_IMPUREZAS
C:\Users\eduar\Desktop\Soybe-main\data\com_fundo\RGB_JPG_IMPUREZAS\grao_DSC_0240_id11.png,RGB_JPG_IMPUREZAS,RGB_JPG_IMPUREZAS
C:\Users\eduar\Desktop\Soybe-main\data\com_fundo\RGB_JPG_IMPUREZAS\grao_DSC_0240_id112.png,RGB_JPG_IMPUREZAS,RGB_JPG_IMPUREZAS
C:\Users\eduar\Desktop\Soybe-main\data\com_fundo\RGB_JPG_IMPUREZAS\grao_DSC_0240_id113.png,RGB_JPG_IMPUREZAS,RGB_JPG_IMPUREZAS
C:\Users\eduar\Desktop\Soybe-main\data\com_fundo\RGB_JPG_IMPUREZAS\grao_DSC_0240_id117.png,RGB_JPG_IMPUREZAS,RGB_JPG_IMPUREZAS
C:\Users\eduar\Desktop\Soybe-main\data\com_fundo\RGB_JPG_IMPUREZAS\grao_DSC_0240_id12.png,RGB_JPG_IMPUREZAS,RGB_JPG_IMPUREZAS
C:\Users\eduar\Desktop\Soybe-main\data\com_fundo\RGB_JPG_IMPUREZAS\grao_DSC_0240_id121.png,RGB_JPG_IMPUREZAS,RGB_JPG_IMPUREZAS
C:\Users\eduar\Desktop\Soybe-main\data\com_fundo\RGB_JPG_IMPUREZAS\grao_DSC_0240_id123.png,RGB_JPG_IMPUREZAS,RGB_JPG_IMPUREZAS
C:\Users\eduar\Desktop\Soybe-main\data\com_fundo\RGB_JPG_IMPUREZAS\grao_DSC_0240_id124.png,RGB_JPG_IMPUREZAS,RGB_JPG_IMPUREZAS
C:\Users\eduar\Desktop\Soybe-main\data\com_fundo\RGB_JPG_IMPUREZAS\grao_DSC_0240_id125.png,RGB_JPG_IMPUREZAS,RGB_JPG_IMPUREZAS
C:\Users\eduar\Desktop\Soybe-main\data\com_fundo\RGB_JPG_IMPUREZAS\grao_DSC_0240_id126.png,RGB_JPG_IMPUREZAS,RGB_JPG_IMPUREZAS
C:\Users\eduar\Desktop\Soybe-main\data\com_fundo\RGB_JPG_IMPUREZAS\grao_DSC_0240_id127.png,RGB_JPG_IMPUREZAS,RGB_JPG_IMPUREZAS
C:\Users\eduar\Desktop\Soybe-main\data\com_fundo\RGB_JPG_IMPUREZAS\grao_DSC_0240_id129.png,RGB_JPG_IMPUREZAS,RGB_JPG_IMPUREZAS
C:\Users\eduar\Desktop\Soybe-main\data\com_fundo\RGB_JPG_IMPUREZAS\grao_DSC_0240_id13.png,RGB_JPG_IMPUREZAS,RGB_JPG_IMPUREZAS
C:\Users\eduar\Desktop\Soybe-main\data\com_fundo\RGB_JPG_IMPUREZAS\grao_DSC_0240_id130.png,RGB_JPG_IMPUREZAS,RGB_JPG_IMPUREZAS
C:\Users\eduar\Desktop\Soybe-main\data\com_fundo\RGB_JPG_IMPUREZAS\grao_DSC_0240_id131.png,RGB_JPG_IMPUREZAS,RGB_JPG_IMPUREZAS
C:\Users\eduar\Desktop\Soybe-main\data\com_fundo\RGB_JPG_IMPUREZAS\grao_DSC_0240_id132.png,RGB_JPG_IMPUREZAS,RGB_JPG_IMPUREZAS
C:\Users\eduar\Desktop\Soybe-main\data\com_fundo\RGB_JPG_IMPUREZAS\grao_DSC_0240_id133.png,RGB_JPG_IMPUREZAS,RGB_JPG_IMPUREZAS
C:\Users\eduar\Desktop\Soybe-main\data\com_fundo\RGB_JPG_IMPUREZAS\grao_DSC_0240_id134.png,RGB_JPG_IMPUREZAS,RGB_JPG_IMPUREZAS
C:\Users\eduar\Desktop\Soybe-main\data\com_fundo\RGB_JPG_IMPUREZAS\grao_DSC_0240_id135.png,RGB_JPG_IMPUREZAS,RGB_JPG_IMPUREZAS
C:\Users\eduar\Desktop\Soybe-main\data\com_fundo\RGB_JPG_IMPUREZAS\grao_DSC_0240_id136.png,RGB_JPG_IMPUREZAS,RGB_JPG_IMPUREZAS
C:\Users\eduar\Desktop\Soybe-main\data\com_fundo\RGB_JPG_IMPUREZAS\grao_DSC_0240_id137.png,RGB_JPG_IMPUREZAS,RGB_JPG_IMPUREZAS
C:\Users\eduar\Desktop\Soybe-main\data\com_fundo\RGB_JPG_IMPUREZAS\grao_DSC_0240_id138.png,RGB_JPG_IMPUREZAS,RGB_JPG_IMPUREZAS
C:\Users\eduar\Desktop\Soybe-main\data\com_fundo\RGB_JPG_IMPUREZAS\grao_DSC_0240_id139.png,RGB_JPG_IMPUREZAS,RGB_JPG_IMPUREZAS
C:\Users\eduar\Desktop\Soybe-main\data\com_fundo\RGB_JPG_IMPUREZAS\grao_DSC_0240_id14.png,RGB_JPG_IMPUREZAS,RGB_JPG_IMPUREZAS
C:\Users\eduar\Desktop\Soybe-main\data\com_fundo\RGB_JPG_IMPUREZAS\grao_DSC_0240_id140.png,RGB_JPG_IMPUREZAS,RGB_JPG_IMPUREZAS
C:\Users\eduar\Desktop\Soybe-main\data\com_fundo\RGB_JPG_IMPUREZAS\grao_DSC_0240_id141.png,RGB_JPG_IMPUREZAS,RGB_JPG_IMPUREZAS
C:\Users\eduar\Desktop\Soybe-main\data\com_fundo\RGB_JPG_IMPUREZAS\grao_DSC_0240_id143.png,RGB_JPG_IMPUREZAS,RGB_JPG_IMPUREZAS
C:\Users\eduar\Desktop\Soybe-main\data\com_fundo\RGB_JPG_IMPUREZAS\grao_DSC_0240_id146.png,RGB_JPG_IMPUREZAS,RGB_JPG_IMPUREZAS
C:\Users\eduar\Desktop\Soybe-main\data\com_fundo\RGB_JPG_IMPUREZAS\grao_DSC_0240_id147.png,RGB_JPG_IMPUREZAS,RGB_JPG_IMPUREZAS
C:\Users\eduar\Desktop\Soybe-main\data\com_fundo\RGB_JPG_IMPUREZAS\grao_DSC_0240_id148.png,RGB_JPG_IMPUREZAS,RGB_JPG_IMPUREZAS
C:\Users\eduar\Desktop\Soybe-main\data\com_fundo\RGB_JPG_IMPUREZAS\grao_DSC_0240_id149.png,RGB_JPG_IMPUREZAS,RGB_JPG_IMPUREZAS
C:\Users\eduar\Desktop\Soybe-main\data\com_fundo\RGB_JPG_IMPUREZAS\grao_DSC_0240_id151.png,RGB_JPG_IMPUREZAS,RGB_JPG_IMPUREZAS
C:\Users\eduar\Desktop\Soybe-main\data\com_fundo\RGB_JPG_IMPUREZAS\grao_DSC_0240_id153.png,RGB_JPG_IMPUREZAS,RGB_JPG_IMPUREZAS
C:\Users\eduar\Desktop\Soybe-main\data\com_fundo\RGB_JPG_IMPUREZAS\grao_DSC_0240_id155.png,RGB_JPG_IMPUREZAS,RGB_JPG_IMPUREZAS
C:\Users\eduar\Desktop\Soybe-main\data\com_fundo\RGB_JPG_IMPUREZAS\grao_DSC_0240_id163.png,RGB_JPG_IMPUREZAS,RGB_JPG_IMPUREZAS
C:\Users\eduar\Desktop\Soybe-main\data\com_fundo\RGB_JPG_IMPUREZAS\grao_DSC_0240_id164.png,RGB_JPG_IMPUREZAS,RGB_JPG_IMPUREZAS
C:\Users\eduar\Desktop\Soybe-main\data\com_fundo\RGB_JPG_IMPUREZAS\grao_DSC_0240_id165.png,RGB_JPG_IMPUREZAS,RGB_JPG_IMPUREZAS
C:\Users\eduar\Desktop\Soybe-main\data\com_fundo\RGB_JPG_IMPUREZAS\grao_DSC_0240_id17.png,RGB_JPG_IMPUREZAS,RGB_JPG_IMPUREZAS
C:\Users\eduar\Desktop\Soybe-main\data\com_fundo\RGB_JPG_IMPUREZAS\grao_DSC_0240_id170.png,RGB_JPG_IMPUREZAS,RGB_JPG_IMPUREZAS
C:\Users\eduar\Desktop\Soybe-main\data\com_fundo\RGB_JPG_IMPUREZAS\grao_DSC_0240_id171.png,RGB_JPG_IMPUREZAS,RGB_JPG_IMPUREZAS
C:\Users\eduar\Desktop\Soybe-main\data\com_fundo\RGB_JPG_IMPUREZAS\grao_DSC_0240_id172.png,RGB_JPG_IMPUREZAS,RGB_JPG_IMPUREZAS
C:\Users\eduar\Desktop\Soybe-main\data\com_fundo\RGB_JPG_IMPUREZAS\grao_DSC_0240_id173.png,RGB_JPG_IMPUREZAS,RGB_JPG_IMPUREZAS
C:\Users\eduar\Desktop\Soybe-main\data\com_fundo\RGB_JPG_IMPUREZAS\grao_DSC_0240_id174.png,RGB_JPG_IMPUREZAS,RGB_JPG_IMPUREZAS
C:\Users\eduar\Desktop\Soybe-main\data\com_fundo\RGB_JPG_IMPUREZAS\grao_DSC_0240_id175.png,RGB_JPG_IMPUREZAS,RGB_JPG_IMPUREZAS
C:\Users\eduar\Desktop\Soybe-main\data\com_fundo\RGB_JPG_IMPUREZAS\grao_DSC_0240_id176.png,RGB_JPG_IMPUREZAS,RGB_JPG_IMPUREZAS
C:\Users\eduar\Desktop\Soybe-main\data\com_fundo\RGB_JPG_IMPUREZAS\grao_DSC_0240_id177.png,RGB_JPG_IMPUREZAS,RGB_JPG_IMPUREZAS
C:\Users\eduar\Desktop\Soybe-main\data\com_fundo\RGB_JPG_IMPUREZAS\grao_DSC_0240_id178.png,RGB_JPG_IMPUREZAS,RGB_JPG_IMPUREZAS
C:\Users\eduar\Desktop\Soybe-main\data\com_fundo\RGB_JPG_IMPUREZAS\grao_DSC_0240_id179.png,RGB_JPG_IMPUREZAS,RGB_JPG_IMPUREZAS
C:\Users\eduar\Desktop\Soybe-main\data\com_fundo\RGB_JPG_IMPUREZAS\grao_DSC_0240_id180.png,RGB_JPG_IMPUREZAS,RGB_JPG_IMPUREZAS
C:\Users\eduar\Desktop\Soybe-main\data\com_fundo\RGB_JPG_IMPUREZAS\grao_DSC_0240_id181.png,RGB_JPG_IMPUREZAS,RGB_JPG_IMPUREZAS
C:\Users\eduar\Desktop\Soybe-main\data\com_fundo\RGB_JPG_IMPUREZAS\grao_DSC_0240_id183.png,RGB_JPG_IMPUREZAS,RGB_JPG_IMPUREZAS
C:\Users\eduar\Desktop\Soybe-main\data\com_fundo\RGB_JPG_IMPUREZAS\grao_DSC_0240_id184.png,RGB_JPG_IMPUREZAS,RGB_JPG_IMPUREZAS
C:\Users\eduar\Desktop\Soybe-main\data\com_fundo\RGB_JPG_IMPUREZAS\grao_DSC_0240_id185.png,RGB_JPG_IMPUREZAS,RGB_JPG_IMPUREZAS
C:\Users\eduar\Desktop\Soybe-main\data\com_fundo\RGB_JPG_IMPUREZAS\grao_DSC_0240_id186.png,RGB_JPG_IMPUREZAS,RGB_JPG_IMPUREZAS
C:\Users\eduar\Desktop\Soybe-main\data\com_fundo\RGB_JPG_IMPUREZAS\grao_DSC_0240_id187.png,RGB_JPG_IMPUREZAS,RGB_JPG_IMPUREZAS
C:\Users\eduar\Desktop\Soybe-main\data\com_fundo\RGB_JPG_IMPUREZAS\grao_DSC_0240_id189.png,RGB_JPG_IMPUREZAS,RGB_JPG_IMPUREZAS
C:\Users\eduar\Desktop\Soybe-main\data\com_fundo\RGB_JPG_IMPUREZAS\grao_DSC_0240_id190.png,RGB_JPG_IMPUREZAS,RGB_JPG_IMPUREZAS
C:\Users\eduar\Desktop\Soybe-main\data\com_fundo\RGB_JPG_IMPUREZAS\grao_DSC_0240_id191.png,RGB_JPG_IMPUREZAS,RGB_JPG_IMPUREZAS
C:\Users\eduar\Desktop\Soybe-main\data\com_fundo\RGB_JPG_IMPUREZAS\grao_DSC_0240_id195.png,RGB_JPG_IMPUREZAS,RGB_JPG_IMPUREZAS
C:\Users\eduar\Desktop\Soybe-main\data\com_fundo\RGB_JPG_IMPUREZAS\grao_DSC_0240_id196.png,RGB_JPG_IMPUREZAS,RGB_JPG_IMPUREZAS
C:\Users\eduar\Desktop\Soybe-main\data\com_fundo\RGB_JPG_IMPUREZAS\grao_DSC_0240_id197.png,RGB_JPG_IMPUREZAS,RGB_JPG_IMPUREZAS
C:\Users\eduar\Desktop\Soybe-main\data\com_fundo\RGB_JPG_IMPUREZAS\grao_DSC_0240_id198.png,RGB_JPG_IMPUREZAS,RGB_JPG_IMPUREZAS
C:\Users\eduar\Desktop\Soybe-main\data\com_fundo\RGB_JPG_IMPUREZAS\grao_DSC_0240_id2.png,RGB_JPG_IMPUREZAS,RGB_JPG_IMPUREZAS
C:\Users\eduar\Desktop\Soybe-main\data\com_fundo\RGB_JPG_IMPUREZAS\grao_DSC_0240_id200.png,RGB_JPG_IMPUREZAS,RGB_JPG_IMPUREZAS
C:\Users\eduar\Desktop\Soybe-main\data\com_fundo\RGB_JPG_IMPUREZAS\grao_DSC_0240_id201.png,RGB_JPG_IMPUREZAS,RGB_JPG_IMPUREZAS
C:\Users\eduar\Desktop\Soybe-main\data\com_fundo\RGB_JPG_IMPUREZAS\grao_DSC_0240_id202.png,RGB_JPG_IMPUREZAS,RGB_JPG_IMPUREZAS
C:\Users\eduar\Desktop\Soybe-main\data\com_fundo\RGB_JPG_IMPUREZAS\grao_DSC_0240_id205.png,RGB_JPG_IMPUREZAS,RGB_JPG_IMPUREZAS
C:\Users\eduar\Desktop\Soybe-main\data\com_fundo\RGB_JPG_IMPUREZAS\grao_DSC_0240_id207.png,RGB_JPG_IMPUREZAS,RGB_JPG_IMPUREZAS
C:\Users\eduar\Desktop\Soybe-main\data\com_fundo\RGB_JPG_IMPUREZAS\grao_DSC_0240_id208.png,RGB_JPG_IMPUREZAS,RGB_JPG_IMPUREZAS
C:\Users\eduar\Desktop\Soybe-main\data\com_fundo\RGB_JPG_IMPUREZAS\grao_DSC_0240_id210.png,RGB_JPG_IMPUREZAS,RGB_JPG_IMPUREZAS
C:\Users\eduar\Desktop\Soybe-main\data\com_fundo\RGB_JPG_IMPUREZAS\grao_DSC_0240_id214.png,RGB_JPG_IMPUREZAS,RGB_JPG_IMPUREZAS
C:\Users\eduar\Desktop\Soybe-main\data\com_fundo\RGB_JPG_IMPUREZAS\grao_DSC_0240_id215.png,RGB_JPG_IMPUREZAS,RGB_JPG_IMPUREZAS
C:\Users\eduar\Desktop\Soybe-main\data\com_fundo\RGB_JPG_IMPUREZAS\grao_DSC_0240_id216.png,RGB_JPG_IMPUREZAS,RGB_JPG_IMPUREZAS
C:\Users\eduar\Desktop\Soybe-main\data\com_fundo\RGB_JPG_IMPUREZAS\grao_DSC_0240_id217.png,RGB_JPG_IMPUREZAS,RGB_JPG_IMPUREZAS
C:\Users\eduar\Desktop\Soybe-main\data\com_fundo\RGB_JPG_IMPUREZAS\grao_DSC_0240_id220.png,RGB_JPG_IMPUREZAS,RGB_JPG_IMPUREZAS
C:\Users\eduar\Desktop\Soybe-main\data\com_fundo\RGB_JPG_IMPUREZAS\grao_DSC_0240_id221.png,RGB_JPG_IMPUREZAS,RGB_JPG_IMPUREZAS
C:\Users\eduar\Desktop\Soybe-main\data\com_fundo\RGB_JPG_IMPUREZAS\grao_DSC_0240_id222.png,RGB_JPG_IMPUREZAS,RGB_JPG_IMPUREZAS
C:\Users\eduar\Desktop\Soybe-main\data\com_fundo\RGB_JPG_IMPUREZAS\grao_DSC_0240_id223.png,RGB_JPG_IMPUREZAS,RGB_JPG_IMPUREZAS
C:\Users\eduar\Desktop\Soybe-main\data\com_fundo\RGB_JPG_IMPUREZAS\grao_DSC_0240_id224.png,RGB_JPG_IMPUREZAS,RGB_JPG_IMPUREZAS
C:\Users\eduar\Desktop\Soybe-main\data\com_fundo\RGB_JPG_IMPUREZAS\grao_DSC_0240_id225.png,RGB_JPG_IMPUREZAS,RGB_JPG_IMPUREZAS
C:\Users\eduar\Desktop\Soybe-main\data\com_fundo\RGB_JPG_IMPUREZAS\grao_DSC_0240_id226.png,RGB_JPG_IMPUREZAS,RGB_JPG_IMPUREZAS
C:\Users\eduar\Desktop\Soybe-main\data\com_fundo\RGB_JPG_IMPUREZAS\grao_DSC_0240_id227.png,RGB_JPG_IMPUREZAS,RGB_JPG_IMPUREZAS
C:\Users\eduar\Desktop\Soybe-main\data\com_fundo\RGB_JPG_IMPUREZAS\grao_DSC_0240_id228.png,RGB_JPG_IMPUREZAS,RGB_JPG_IMPUREZAS
C:\Users\eduar\Desktop\Soybe-main\data\com_fundo\RGB_JPG_IMPUREZAS\grao_DSC_0240_id229.png,RGB_JPG_IMPUREZAS,RGB_JPG_IMPUREZAS
C:\Users\eduar\Desktop\Soybe-main\data\com_fundo\RGB_JPG_IMPUREZAS\grao_DSC_0240_id23.png,RGB_JPG_IMPUREZAS,RGB_JPG_IMPUREZAS
C:\Users\eduar\Desktop\Soybe-main\data\com_fundo\RGB_JPG_IMPUREZAS\grao_DSC_0240_id230.png,RGB_JPG_IMPUREZAS,RGB_JPG_IMPUREZAS
C:\Users\eduar\Desktop\Soybe-main\data\com_fundo\RGB_JPG_IMPUREZAS\grao_DSC_0240_id231.png,RGB_JPG_IMPUREZAS,RGB_JPG_IMPUREZAS
C:\Users\eduar\Desktop\Soybe-main\data\com_fundo\RGB_JPG_IMPUREZAS\grao_DSC_0240_id232.png,RGB_JPG_IMPUREZAS,RGB_JPG_IMPUREZAS
C:\Users\eduar\Desktop\Soybe-main\data\com_fundo\RGB_JPG_IMPUREZAS\grao_DSC_0240_id233.png,RGB_JPG_IMPUREZAS,RGB_JPG_IMPUREZAS
C:\Users\eduar\Desktop\Soybe-main\data\com_fundo\RGB_JPG_IMPUREZAS\grao_DSC_0240_id234.png,RGB_JPG_IMPUREZAS,RGB_JPG_IMPUREZAS
C:\Users\eduar\Desktop\Soybe-main\data\com_fundo\RGB_JPG_IMPUREZAS\grao_DSC_0240_id235.png,RGB_JPG_IMPUREZAS,RGB_JPG_IMPUREZAS
C:\Users\eduar\Desktop\Soybe-main\data\com_fundo\RGB_JPG_IMPUREZAS\grao_DSC_0240_id236.png,RGB_JPG_IMPUREZAS,RGB_JPG_IMPUREZAS
C:\Users\eduar\Desktop\Soybe-main\data\com_fundo\RGB_JPG_IMPUREZAS\grao_DSC_0240_id237.png,RGB_JPG_IMPUREZAS,RGB_JPG_IMPUREZAS
C:\Users\eduar\Desktop\Soybe-main\data\com_fundo\RGB_JPG_IMPUREZAS\grao_DSC_0240_id238.png,RGB_JPG_IMPUREZAS,RGB_JPG_IMPUREZAS
C:\Users\eduar\Desktop\Soybe-main\data\com_fundo\RGB_JPG_IMPUREZAS\grao_DSC_0240_id239.png,RGB_JPG_IMPUREZAS,RGB_JPG_IMPUREZAS
C:\Users\eduar\Desktop\Soybe-main\data\com_fundo\RGB_JPG_IMPUREZAS\grao_DSC_0240_id240.png,RGB_JPG_IMPUREZAS,RGB_JPG_IMPUREZAS
C:\Users\eduar\Desktop\Soybe-main\data\com_fundo\RGB_JPG_IMPUREZAS\grao_DSC_0240_id241.png,RGB_JPG_IMPUREZAS,RGB_JPG_IMPUREZAS
C:\Users\eduar\Desktop\Soybe-main\data\com_fundo\RGB_JPG_IMPUREZAS\grao_DSC_0240_id242.png,RGB_JPG_IMPUREZAS,RGB_JPG_IMPUREZAS
C:\Users\eduar\Desktop\Soybe-main\data\com_fundo\RGB_JPG_IMPUREZAS\grao_DSC_0240_id243.png,RGB_JPG_IMPUREZAS,RGB_JPG_IMPUREZAS
C:\Users\eduar\Desktop\Soybe-main\data\com_fundo\RGB_JPG_IMPUREZAS\grao_DSC_0240_id244.png,RGB_JPG_IMPUREZAS,RGB_JPG_IMPUREZAS
C:\Users\eduar\Desktop\Soybe-main\data\com_fundo\RGB_JPG_IMPUREZAS\grao_DSC_0240_id245.png,RGB_JPG_IMPUREZAS,RGB_JPG_IMPUREZAS
C:\Users\eduar\Desktop\Soybe-main\data\com_fundo\RGB_JPG_IMPUREZAS\grao_DSC_0240_id246.png,RGB_JPG_IMPUREZAS,RGB_JPG_IMPUREZAS
C:\Users\eduar\Desktop\Soybe-main\data\com_fundo\RGB_JPG_IMPUREZAS\grao_DSC_0240_id250.png,RGB_JPG_IMPUREZAS,RGB_JPG_IMPUREZAS
C:\Users\eduar\Desktop\Soybe-main\data\com_fundo\RGB_JPG_IMPUREZAS\grao_DSC_0240_id260.png,RGB_JPG_IMPUREZAS,RGB_JPG_IMPUREZAS
C:\Users\eduar\Desktop\Soybe-main\data\com_fundo\RGB_JPG_IMPUREZAS\grao_DSC_0240_id262.png,RGB_JPG_IMPUREZAS,RGB_JPG_IMPUREZAS
C:\Users\eduar\Desktop\Soybe-main\data\com_fundo\RGB_JPG_IMPUREZAS\grao_DSC_0240_id263.png,RGB_JPG_IMPUREZAS,RGB_JPG_IMPUREZAS
C:\Users\eduar\Desktop\Soybe-main\data\com_fundo\RGB_JPG_IMPUREZAS\grao_DSC_0240_id264.png,RGB_JPG_IMPUREZAS,RGB_JPG_IMPUREZAS
C:\Users\eduar\Desktop\Soybe-main\data\com_fundo\RGB_JPG_IMPUREZAS\grao_DSC_0240_id266.png,RGB_JPG_IMPUREZAS,RGB_JPG_IMPUREZAS
C:\Users\eduar\Desktop\Soybe-main\data\com_fundo\RGB_JPG_IMPUREZAS\grao_DSC_0240_id267.png,RGB_JPG_IMPUREZAS,RGB_JPG_IMPUREZAS
C:\Users\eduar\Desktop\Soybe-main\data\com_fundo\RGB_JPG_IMPUREZAS\grao_DSC_0240_id268.png,RGB_JPG_IMPUREZAS,RGB_JPG_IMPUREZAS
C:\Users\eduar\Desktop\Soybe-main\data\com_fundo\RGB_JPG_IMPUREZAS\grao_DSC_0240_id269.png,RGB_JPG_IMPUREZAS,RGB_JPG_IMPUREZAS
C:\Users\eduar\Desktop\Soybe-main\data\com_fundo\RGB_JPG_IMPUREZAS\grao_DSC_0240_id270.png,RGB_JPG_IMPUREZAS,RGB_JPG_IMPUREZAS
C:\Users\eduar\Desktop\Soybe-main\data\com_fundo\RGB_JPG_IMPUREZAS\grao_DSC_0240_id273.png,RGB_JPG_IMPUREZAS,RGB_JPG_IMPUREZAS
C:\Users\eduar\Desktop\Soybe-main\data\com_fundo\RGB_JPG_IMPUREZAS\grao_DSC_0240_id274.png,RGB_JPG_IMPUREZAS,RGB_JPG_IMPUREZAS
C:\Users\eduar\Desktop\Soybe-main\data\com_fundo\RGB_JPG_IMPUREZAS\grao_DSC_0240_id275.png,RGB_JPG_IMPUREZAS,RGB_JPG_IMPUREZAS
C:\Users\eduar\Desktop\Soybe-main\data\com_fundo\RGB_JPG_IMPUREZAS\grao_DSC_0240_id277.png,RGB_JPG_IMPUREZAS,RGB_JPG_IMPUREZAS
C:\Users\eduar\Desktop\Soybe-main\data\com_fundo\RGB_JPG_IMPUREZAS\grao_DSC_0240_id278.png,RGB_JPG_IMPUREZAS,RGB_JPG_IMPUREZAS
C:\Users\eduar\Desktop\Soybe-main\data\com_fundo\RGB_JPG_IMPUREZAS\grao_DSC_0240_id279.png,RGB_JPG_IMPUREZAS,RGB_JPG_IMPUREZAS
C:\Users\eduar\Desktop\Soybe-main\data\com_fundo\RGB_JPG_IMPUREZAS\grao_DSC_0240_id28.png,RGB_JPG_IMPUREZAS,RGB_JPG_IMPUREZAS
C:\Users\eduar\Desktop\Soybe-main\data\com_fundo\RGB_JPG_IMPUREZAS\grao_DSC_0240_id280.png,RGB_JPG_IMPUREZAS,RGB_JPG_IMPUREZAS
C:\Users\eduar\Desktop\Soybe-main\data\com_fundo\RGB_JPG_IMPUREZAS\grao_DSC_0240_id282.png,RGB_JPG_IMPUREZAS,RGB_JPG_IMPUREZAS
C:\Users\eduar\Desktop\Soybe-main\data\com_fundo\RGB_JPG_IMPUREZAS\grao_DSC_0240_id283.png,RGB_JPG_IMPUREZAS,RGB_JPG_IMPUREZAS
C:\Users\eduar\Desktop\Soybe-main\data\com_fundo\RGB_JPG_IMPUREZAS\grao_DSC_0240_id284.png,RGB_JPG_IMPUREZAS,RGB_JPG_IMPUREZAS
C:\Users\eduar\Desktop\Soybe-main\data\com_fundo\RGB_JPG_IMPUREZAS\grao_DSC_0240_id287.png,RGB_JPG_IMPUREZAS,RGB_JPG_IMPUREZAS
C:\Users\eduar\Desktop\Soybe-main\data\com_fundo\RGB_JPG_IMPUREZAS\grao_DSC_0240_id288.png,RGB_JPG_IMPUREZAS,RGB_JPG_IMPUREZAS
C:\Users\eduar\Desktop\Soybe-main\data\com_fundo\RGB_JPG_IMPUREZAS\grao_DSC_0240_id29.png,RGB_JPG_IMPUREZAS,RGB_JPG_IMPUREZAS
C:\Users\eduar\Desktop\Soybe-main\data\com_fundo\RGB_JPG_IMPUREZAS\grao_DSC_0240_id290.png,RGB_JPG_IMPUREZAS,RGB_JPG_IMPUREZAS
C:\Users\eduar\Desktop\Soybe-main\data\com_fundo\RGB_JPG_IMPUREZAS\grao_DSC_0240_id296.png,RGB_JPG_IMPUREZAS,RGB_JPG_IMPUREZAS
C:\Users\eduar\Desktop\Soybe-main\data\com_fundo\RGB_JPG_IMPUREZAS\grao_DSC_0240_id3.png,RGB_JPG_IMPUREZAS,RGB_JPG_IMPUREZAS
C:\Users\eduar\Desktop\Soybe-main\data\com_fundo\RGB_JPG_IMPUREZAS\grao_DSC_0240_id30.png,RGB_JPG_IMPUREZAS,RGB_JPG_IMPUREZAS
C:\Users\eduar\Desktop\Soybe-main\data\com_fundo\RGB_JPG_IMPUREZAS\grao_DSC_0240_id300.png,RGB_JPG_IMPUREZAS,RGB_JPG_IMPUREZAS
C:\Users\eduar\Desktop\Soybe-main\data\com_fundo\RGB_JPG_IMPUREZAS\grao_DSC_0240_id303.png,RGB_JPG_IMPUREZAS,RGB_JPG_IMPUREZAS
C:\Users\eduar\Desktop\Soybe-main\data\com_fundo\RGB_JPG_IMPUREZAS\grao_DSC_0240_id305.png,RGB_JPG_IMPUREZAS,RGB_JPG_IMPUREZAS
C:\Users\eduar\Desktop\Soybe-main\data\com_fundo\RGB_JPG_IMPUREZAS\grao_DSC_0240_id306.png,RGB_JPG_IMPUREZAS,RGB_JPG_IMPUREZAS
C:\Users\eduar\Desktop\Soybe-main\data\com_fundo\RGB_JPG_IMPUREZAS\grao_DSC_0240_id307.png,RGB_JPG_IMPUREZAS,RGB_JPG_IMPUREZAS
C:\Users\eduar\Desktop\Soybe-main\data\com_fundo\RGB_JPG_IMPUREZAS\grao_DSC_0240_id308.png,RGB_JPG_IMPUREZAS,RGB_JPG_IMPUREZAS
C:\Users\eduar\Desktop\Soybe-main\data\com_fundo\RGB_JPG_IMPUREZAS\grao_DSC_0240_id309.png,RGB_JPG_IMPUREZAS,RGB_JPG_IMPUREZAS
C:\Users\eduar\Desktop\Soybe-main\data\com_fundo\RGB_JPG_IMPUREZAS\grao_DSC_0240_id31.png,RGB_JPG_IMPUREZAS,RGB_JPG_IMPUREZAS
C:\Users\eduar\Desktop\Soybe-main\data\com_fundo\RGB_JPG_IMPUREZAS\grao_DSC_0240_id310.png,RGB_JPG_IMPUREZAS,RGB_JPG_IMPUREZAS
C:\Users\eduar\Desktop\Soybe-main\data\com_fundo\RGB_JPG_IMPUREZAS\grao_DSC_0240_id311.png,RGB_JPG_IMPUREZAS,RGB_JPG_IMPUREZAS
C:\Users\eduar\Desktop\Soybe-main\data\com_fundo\RGB_JPG_IMPUREZAS\grao_DSC_0240_id312.png,RGB_JPG_IMPUREZAS,RGB_JPG_IMPUREZAS
C:\Users\eduar\Desktop\Soybe-main\data\com_fundo\RGB_JPG_IMPUREZAS\grao_DSC_0240_id313.png,RGB_JPG_IMPUREZAS,RGB_JPG_IMPUREZAS
C:\Users\eduar\Desktop\Soybe-main\data\com_fundo\RGB_JPG_IMPUREZAS\grao_DSC_0240_id314.png,RGB_JPG_IMPUREZAS,RGB_JPG_IMPUREZAS
C:\Users\eduar\Desktop\Soybe-main\data\com_fundo\RGB_JPG_IMPUREZAS\grao_DSC_0240_id315.png,RGB_JPG_IMPUREZAS,RGB_JPG_IMPUREZAS
C:\Users\eduar\Desktop\Soybe-main\data\com_fundo\RGB_JPG_IMPUREZAS\grao_DSC_0240_id316.png,RGB_JPG_IMPUREZAS,RGB_JPG_IMPUREZAS
C:\Users\eduar\Desktop\Soybe-main\data\com_fundo\RGB_JPG_IMPUREZAS\grao_DSC_0240_id317.png,RGB_JPG_IMPUREZAS,RGB_JPG_IMPUREZAS
C:\Users\eduar\Desktop\Soybe-main\data\com_fundo\RGB_JPG_IMPUREZAS\grao_DSC_0240_id319.png,RGB_JPG_IMPUREZAS,RGB_JPG_IMPUREZAS
C:\Users\eduar\Desktop\Soybe-main\data\com_fundo\RGB_JPG_IMPUREZAS\grao_DSC_0240_id321.png,RGB_JPG_IMPUREZAS,RGB_JPG_IMPUREZAS
C:\Users\eduar\Desktop\Soybe-main\data\com_fundo\RGB_JPG_IMPUREZAS\grao_DSC_0240_id323.png,RGB_JPG_IMPUREZAS,RGB_JPG_IMPUREZAS
C:\Users\eduar\Desktop\Soybe-main\data\com_fundo\RGB_JPG_IMPUREZAS\grao_DSC_0240_id324.png,RGB_JPG_IMPUREZAS,RGB_JPG_IMPUREZAS
C:\Users\eduar\Desktop\Soybe-main\data\com_fundo\RGB_JPG_IMPUREZAS\grao_DSC_0240_id327.png,RGB_JPG_IMPUREZAS,RGB_JPG_IMPUREZAS
C:\Users\eduar\Desktop\Soybe-main\data\com_fundo\RGB_JPG_IMPUREZAS\grao_DSC_0240_id333.png,RGB_JPG_IMPUREZAS,RGB_JPG_IMPUREZAS
C:\Users\eduar\Desktop\Soybe-main\data\com_fundo\RGB_JPG_IMPUREZAS\grao_DSC_0240_id334.png,RGB_JPG_IMPUREZAS,RGB_JPG_IMPUREZAS
C:\Users\eduar\Desktop\Soybe-main\data\com_fundo\RGB_JPG_IMPUREZAS\grao_DSC_0240_id335.png,RGB_JPG_IMPUREZAS,RGB_JPG_IMPUREZAS
C:\Users\eduar\Desktop\Soybe-main\data\com_fundo\RGB_JPG_IMPUREZAS\grao_DSC_0240_id337.png,RGB_JPG_IMPUREZAS,RGB_JPG_IMPUREZAS
C:\Users\eduar\Desktop\Soybe-main\data\com_fundo\RGB_JPG_IMPUREZAS\grao_DSC_0240_id338.png,RGB_JPG_IMPUREZAS,RGB_JPG_IMPUREZAS
C:\Users\eduar\Desktop\Soybe-main\data\com_fundo\RGB_JPG_IMPUREZAS\grao_DSC_0240_id339.png,RGB_JPG_IMPUREZAS,RGB_JPG_IMPUREZAS
C:\Users\eduar\Desktop\Soybe-main\data\com_fundo\RGB_JPG_IMPUREZAS\grao_DSC_0240_id34.png,RGB_JPG_IMPUREZAS,RGB_JPG_IMPUREZAS
C:\Users\eduar\Desktop\Soybe-main\data\com_fundo\RGB_JPG_IMPUREZAS\grao_DSC_0240_id340.png,RGB_JPG_IMPUREZAS,RGB_JPG_IMPUREZAS
C:\Users\eduar\Desktop\Soybe-main\data\com_fundo\RGB_JPG_IMPUREZAS\grao_DSC_0240_id341.png,RGB_JPG_IMPUREZAS,RGB_JPG_IMPUREZAS
C:\Users\eduar\Desktop\Soybe-main\data\com_fundo\RGB_JPG_IMPUREZAS\grao_DSC_0240_id342.png,RGB_JPG_IMPUREZAS,RGB_JPG_IMPUREZAS
C:\Users\eduar\Desktop\Soybe-main\data\com_fundo\RGB_JPG_IMPUREZAS\grao_DSC_0240_id343.png,RGB_JPG_IMPUREZAS,RGB_JPG_IMPUREZAS
C:\Users\eduar\Desktop\Soybe-main\data\com_fundo\RGB_JPG_IMPUREZAS\grao_DSC_0240_id344.png,RGB_JPG_IMPUREZAS,RGB_JPG_IMPUREZAS
C:\Users\eduar\Desktop\Soybe-main\data\com_fundo\RGB_JPG_IMPUREZAS\grao_DSC_0240_id345.png,RGB_JPG_IMPUREZAS,RGB_JPG_IMPUREZAS
C:\Users\eduar\Desktop\Soybe-main\data\com_fundo\RGB_JPG_IMPUREZAS\grao_DSC_0240_id36.png,RGB_JPG_IMPUREZAS,RGB_JPG_IMPUREZAS
C:\Users\eduar\Desktop\Soybe-main\data\com_fundo\RGB_JPG_IMPUREZAS\grao_DSC_0240_id37.png,RGB_JPG_IMPUREZAS,RGB_JPG_IMPUREZAS
C:\Users\eduar\Desktop\Soybe-main\data\com_fundo\RGB_JPG_IMPUREZAS\grao_DSC_0240_id38.png,RGB_JPG_IMPUREZAS,RGB_JPG_IMPUREZAS
C:\Users\eduar\Desktop\Soybe-main\data\com_fundo\RGB_JPG_IMPUREZAS\grao_DSC_0240_id39.png,RGB_JPG_IMPUREZAS,RGB_JPG_IMPUREZAS
C:\Users\eduar\Desktop\Soybe-main\data\com_fundo\RGB_JPG_IMPUREZAS\grao_DSC_0240_id4.png,RGB_JPG_IMPUREZAS,RGB_JPG_IMPUREZAS
C:\Users\eduar\Desktop\Soybe-main\data\com_fundo\RGB_JPG_IMPUREZAS\grao_DSC_0240_id40.png,RGB_JPG_IMPUREZAS,RGB_JPG_IMPUREZAS
C:\Users\eduar\Desktop\Soybe-main\data\com_fundo\RGB_JPG_IMPUREZAS\grao_DSC_0240_id41.png,RGB_JPG_IMPUREZAS,RGB_JPG_IMPUREZAS
C:\Users\eduar\Desktop\Soybe-main\data\com_fundo\RGB_JPG_IMPUREZAS\grao_DSC_0240_id42.png,RGB_JPG_IMPUREZAS,RGB_JPG_IMPUREZAS
C:\Users\eduar\Desktop\Soybe-main\data\com_fundo\RGB_JPG_IMPUREZAS\grao_DSC_0240_id43.png,RGB_JPG_IMPUREZAS,RGB_JPG_IMPUREZAS
C:\Users\eduar\Desktop\Soybe-main\data\com_fundo\RGB_JPG_IMPUREZAS\grao_DSC_0240_id44.png,RGB_JPG_IMPUREZAS,RGB_JPG_IMPUREZAS
C:\Users\eduar\Desktop\Soybe-main\data\com_fundo\RGB_JPG_IMPUREZAS\grao_DSC_0240_id45.png,RGB_JPG_IMPUREZAS,RGB_JPG_IMPUREZAS
C:\Users\eduar\Desktop\Soybe-main\data\com_fundo\RGB_JPG_IMPUREZAS\grao_DSC_0240_id46.png,RGB_JPG_IMPUREZAS,RGB_JPG_IMPUREZAS
C:\Users\eduar\Desktop\Soybe-main\data\com_fundo\RGB_JPG_IMPUREZAS\grao_DSC_0240_id47.png,RGB_JPG_IMPUREZAS,RGB_JPG_IMPUREZAS
C:\Users\eduar\Desktop\Soybe-main\data\com_fundo\RGB_JPG_IMPUREZAS\grao_DSC_0240_id48.png,RGB_JPG_IMPUREZAS,RGB_JPG_IMPUREZAS
C:\Users\eduar\Desktop\Soybe-main\data\com_fundo\RGB_JPG_IMPUREZAS\grao_DSC_0240_id49.png,RGB_JPG_IMPUREZAS,RGB_JPG_IMPUREZAS
C:\Users\eduar\Desktop\Soybe-main\data\com_fundo\RGB_JPG_IMPUREZAS\grao_DSC_0240_id50.png,RGB_JPG_IMPUREZAS,RGB_JPG_IMPUREZAS
C:\Users\eduar\Desktop\Soybe-main\data\com_fundo\RGB_JPG_IMPUREZAS\grao_DSC_0240_id51.png,RGB_JPG_IMPUREZAS,RGB_JPG_IMPUREZAS
C:\Users\eduar\Desktop\Soybe-main\data\com_fundo\RGB_JPG_IMPUREZAS\grao_DSC_0240_id52.png,RGB_JPG_IMPUREZAS,RGB_JPG_IMPUREZAS
C:\Users\eduar\Desktop\Soybe-main\data\com_fundo\RGB_JPG_IMPUREZAS\grao_DSC_0240_id53.png,RGB_JPG_IMPUREZAS,RGB_JPG_IMPUREZAS
C:\Users\eduar\Desktop\Soybe-main\data\com_fundo\RGB_JPG_IMPUREZAS\grao_DSC_0240_id54.png,RGB_JPG_IMPUREZAS,RGB_JPG_IMPUREZAS
C:\Users\eduar\Desktop\Soybe-main\data\com_fundo\RGB_JPG_IMPUREZAS\grao_DSC_0240_id56.png,RGB_JPG_IMPUREZAS,RGB_JPG_IMPUREZAS
C:\Users\eduar\Desktop\Soybe-main\data\com_fundo\RGB_JPG_IMPUREZAS\grao_DSC_0240_id6.png,RGB_JPG_IMPUREZAS,RGB_JPG_IMPUREZAS
C:\Users\eduar\Desktop\Soybe-main\data\com_fundo\RGB_JPG_IMPUREZAS\grao_DSC_0240_id61.png,RGB_JPG_IMPUREZAS,RGB_JPG_IMPUREZAS
C:\Users\eduar\Desktop\Soybe-main\data\com_fundo\RGB_JPG_IMPUREZAS\grao_DSC_0240_id66.png,RGB_JPG_IMPUREZAS,RGB_JPG_IMPUREZAS
C:\Users\eduar\Desktop\Soybe-main\data\com_fundo\RGB_JPG_IMPUREZAS\grao_DSC_0240_id69.png,RGB_JPG_IMPUREZAS,RGB_JPG_IMPUREZAS
C:\Users\eduar\Desktop\Soybe-main\data\com_fundo\RGB_JPG_IMPUREZAS\grao_DSC_0240_id7.png,RGB_JPG_IMPUREZAS,RGB_JPG_IMPUREZAS
C:\Users\eduar\Desktop\Soybe-main\data\com_fundo\RGB_JPG_IMPUREZAS\grao_DSC_0240_id70.png,RGB_JPG_IMPUREZAS,RGB_JPG_IMPUREZAS
C:\Users\eduar\Desktop\Soybe-main\data\com_fundo\RGB_JPG_IMPUREZAS\grao_DSC_0240_id71.png,RGB_JPG_IMPUREZAS,RGB_JPG_IMPUREZAS
C:\Users\eduar\Desktop\Soybe-main\data\com_fundo\RGB_JPG_IMPUREZAS\grao_DSC_0240_id72.png,RGB_JPG_IMPUREZAS,RGB_JPG_IMPUREZAS
C:\Users\eduar\Desktop\Soybe-main\data\com_fundo\RGB_JPG_IMPUREZAS\grao_DSC_0240_id74.png,RGB_JPG_IMPUREZAS,RGB_JPG_IMPUREZAS
C:\Users\eduar\Desktop\Soybe-main\data\com_fundo\RGB_JPG_IMPUREZAS\grao_DSC_0240_id78.png,RGB_JPG_IMPUREZAS,RGB_JPG_IMPUREZAS
C:\Users\eduar\Desktop\Soybe-main\data\com_fundo\RGB_JPG_IMPUREZAS\grao_DSC_0240_id8.png,RGB_JPG_IMPUREZAS,RGB_JPG_IMPUREZAS
C:\Users\eduar\Desktop\Soybe-main\data\com_fundo\RGB_JPG_IMPUREZAS\grao_DSC_0240_id80.png,RGB_JPG_IMPUREZAS,RGB_JPG_IMPUREZAS
C:\Users\eduar\Desktop\Soybe-main\data\com_fundo\RGB_JPG_IMPUREZAS\grao_DSC_0240_id81.png,RGB_JPG_IMPUREZAS,RGB_JPG_IMPUREZAS
C:\Users\eduar\Desktop\Soybe-main\data\com_fundo\RGB_JPG_IMPUREZAS\grao_DSC_0240_id82.png,RGB_JPG_IMPUREZAS,RGB_JPG_IMPUREZAS
C:\Users\eduar\Desktop\Soybe-main\data\com_fundo\RGB_JPG_IMPUREZAS\grao_DSC_0240_id83.png,RGB_JPG_IMPUREZAS,RGB_JPG_IMPUREZAS
C:\Users\eduar\Desktop\Soybe-main\data\com_fundo\RGB_JPG_IMPUREZAS\grao_DSC_0240_id84.png,RGB_JPG_IMPUREZAS,RGB_JPG_IMPUREZAS
C:\Users\eduar\Desktop\Soybe-main\data\com_fundo\RGB_JPG_IMPUREZAS\grao_DSC_0240_id85.png,RGB_JPG_IMPUREZAS,RGB_JPG_IMPUREZAS
C:\Users\eduar\Desktop\Soybe-main\data\com_fundo\RGB_JPG_IMPUREZAS\grao_DSC_0240_id86.png,RGB_JPG_IMPUREZAS,RGB_JPG_IMPUREZAS
C:\Users\eduar\Desktop\Soybe-main\data\com_fundo\RGB_JPG_IMPUREZAS\grao_DSC_0240_id88.png,RGB_JPG_IMPUREZAS,RGB_JPG_IMPUREZAS
C:\Users\eduar\Desktop\Soybe-main\data\com_fundo\RGB_JPG_IMPUREZAS\grao_DSC_0240_id89.png,RGB_JPG_IMPUREZAS,RGB_JPG_IMPUREZAS
C:\Users\eduar\Desktop\Soybe-main\data\com_fundo\RGB_JPG_IMPUREZAS\grao_DSC_0240_id9.png,RGB_JPG_IMPUREZAS,RGB_JPG_IMPUREZAS
C:\Users\eduar\Desktop\Soybe-main\data\com_fundo\RGB_JPG_IMPUREZAS\grao_DSC_0240_id91.png,RGB_JPG_IMPUREZAS,RGB_JPG_IMPUREZAS
C:\Users\eduar\Desktop\Soybe-main\data\com_fundo\RGB_JPG_IMPUREZAS\grao_DSC_0240_id92.png,RGB_JPG_IMPUREZAS,RGB_JPG_IMPUREZAS
C:\Users\eduar\Desktop\Soybe-main\data\com_fundo\RGB_JPG_IMPUREZAS\grao_DSC_0240_id93.png,RGB_JPG_IMPUREZAS,RGB_JPG_IMPUREZAS
C:\Users\eduar\Desktop\Soybe-main\data\com_fundo\RGB_JPG_IMPUREZAS\grao_DSC_0240_id95.png,RGB_JPG_IMPUREZAS,RGB_JPG_IMPUREZAS
C:\Users\eduar\Desktop\Soybe-main\data\com_fundo\RGB_JPG_IMPUREZAS\grao_DSC_0240_id96.png,RGB_JPG_IMPUREZAS,RGB_JPG_IMPUREZAS
C:\Users\eduar\Desktop\Soybe-main\data\com_fundo\RGB_JPG_IMPUREZAS\grao_DSC_0240_id97.png,RGB_JPG_IMPUREZAS,RGB_JPG_IMPUREZAS
C:\Users\eduar\Desktop\Soybe-main\data\com_fundo\RGB_JPG_IMPUREZAS\grao_DSC_0240_id98.png,RGB_JPG_IMPUREZAS,RGB_JPG_IMPUREZAS
C:\Users\eduar\Desktop\Soybe-main\data\com_fundo\RGB_JPG_IMPUREZAS\grao_DSC_0250_id1.png,RGB_JPG_IMPUREZAS,RGB_JPG_IMPUREZAS
C:\Users\eduar\Desktop\Soybe-main\data\com_fundo\RGB_JPG_IMPUREZAS\grao_DSC_0250_id10.png,RGB_JPG_IMPUREZAS,RGB_JPG_IMPUREZAS
C:\Users\eduar\Desktop\Soybe-main\data\com_fundo\RGB_JPG_IMPUREZAS\grao_DSC_0250_id101.png,RGB_JPG_IMPUREZAS,RGB_JPG_IMPUREZAS
C:\Users\eduar\Desktop\Soybe-main\data\com_fundo\RGB_JPG_IMPUREZAS\grao_DSC_0250_id102.png,RGB_JPG_IMPUREZAS,RGB_JPG_IMPUREZAS
C:\Users\eduar\Desktop\Soybe-main\data\com_fundo\RGB_JPG_IMPUREZAS\grao_DSC_0250_id104.png,RGB_JPG_IMPUREZAS,RGB_JPG_IMPUREZAS
C:\Users\eduar\Desktop\Soybe-main\data\com_fundo\RGB_JPG_IMPUREZAS\grao_DSC_0250_id105.png,RGB_JPG_IMPUREZAS,RGB_JPG_IMPUREZAS
C:\Users\eduar\Desktop\Soybe-main\data\com_fundo\RGB_JPG_IMPUREZAS\grao_DSC_0250_id107.png,RGB_JPG_IMPUREZAS,RGB_JPG_IMPUREZAS
C:\Users\eduar\Desktop\Soybe-main\data\com_fundo\RGB_JPG_IMPUREZAS\grao_DSC_0250_id108.png,RGB_JPG_IMPUREZAS,RGB_JPG_IMPUREZAS
C:\Users\eduar\Desktop\Soybe-main\data\com_fundo\RGB_JPG_IMPUREZAS\grao_DSC_0250_id109.png,RGB_JPG_IMPUREZAS,RGB_JPG_IMPUREZAS
C:\Users\eduar\Desktop\Soybe-main\data\com_fundo\RGB_JPG_IMPUREZAS\grao_DSC_0250_id11.png,RGB_JPG_IMPUREZAS,RGB_JPG_IMPUREZAS
C:\Users\eduar\Desktop\Soybe-main\data\com_fundo\RGB_JPG_IMPUREZAS\grao_DSC_0250_id110.png,RGB_JPG_IMPUREZAS,RGB_JPG_IMPUREZAS
C:\Users\eduar\Desktop\Soybe-main\data\com_fundo\RGB_JPG_IMPUREZAS\grao_DSC_0250_id111.png,RGB_JPG_IMPUREZAS,RGB_JPG_IMPUREZAS
C:\Users\eduar\Desktop\Soybe-main\data\com_fundo\RGB_JPG_IMPUREZAS\grao_DSC_0250_id112.png,RGB_JPG_IMPUREZAS,RGB_JPG_IMPUREZAS
C:\Users\eduar\Desktop\Soybe-main\data\com_fundo\RGB_JPG_IMPUREZAS\grao_DSC_0250_id114.png,RGB_JPG_IMPUREZAS,RGB_JPG_IMPUREZAS
C:\Users\eduar\Desktop\Soybe-main\data\com_fundo\RGB_JPG_IMPUREZAS\grao_DSC_0250_id119.png,RGB_JPG_IMPUREZAS,RGB_JPG_IMPUREZAS
C:\Users\eduar\Desktop\Soybe-main\data\com_fundo\RGB_JPG_IMPUREZAS\grao_DSC_0250_id120.png,RGB_JPG_IMPUREZAS,RGB_JPG_IMPUREZAS
C:\Users\eduar\Desktop\Soybe-main\data\com_fundo\RGB_JPG_IMPUREZAS\grao_DSC_0250_id121.png,RGB_JPG_IMPUREZAS,RGB_JPG_IMPUREZAS
C:\Users\eduar\Desktop\Soybe-main\data\com_fundo\RGB_JPG_IMPUREZAS\grao_DSC_0250_id122.png,RGB_JPG_IMPUREZAS,RGB_JPG_IMPUREZAS
C:\Users\eduar\Desktop\Soybe-main\data\com_fundo\RGB_JPG_IMPUREZAS\grao_DSC_0250_id123.png,RGB_JPG_IMPUREZAS,RGB_JPG_IMPUREZAS
C:\Users\eduar\Desktop\Soybe-main\data\com_fundo\RGB_JPG_IMPUREZAS\grao_DSC_0250_id124.png,RGB_JPG_IMPUREZAS,RGB_JPG_IMPUREZAS
C:\Users\eduar\Desktop\Soybe-main\data\com_fundo\RGB_JPG_IMPUREZAS\grao_DSC_0250_id125.png,RGB_JPG_IMPUREZAS,RGB_JPG_IMPUREZAS
C:\Users\eduar\Desktop\Soybe-main\data\com_fundo\RGB_JPG_IMPUREZAS\grao_DSC_0250_id126.png,RGB_JPG_IMPUREZAS,RGB_JPG_IMPUREZAS
C:\Users\eduar\Desktop\Soybe-main\data\com_fundo\RGB_JPG_IMPUREZAS\grao_DSC_0250_id127.png,RGB_JPG_IMPUREZAS,RGB_JPG_IMPUREZAS
C:\Users\eduar\Desktop\Soybe-main\data\com_fundo\RGB_JPG_IMPUREZAS\grao_DSC_0250_id132.png,RGB_JPG_IMPUREZAS,RGB_JPG_IMPUREZAS
C:\Users\eduar\Desktop\Soybe-main\data\com_fundo\RGB_JPG_IMPUREZAS\grao_DSC_0250_id137.png,RGB_JPG_IMPUREZAS,RGB_JPG_IMPUREZAS
C:\Users\eduar\Desktop\Soybe-main\data\com_fundo\RGB_JPG_IMPUREZAS\grao_DSC_0250_id138.png,RGB_JPG_IMPUREZAS,RGB_JPG_IMPUREZAS
C:\Users\eduar\Desktop\Soybe-main\data\com_fundo\RGB_JPG_IMPUREZAS\grao_DSC_0250_id139.png,RGB_JPG_IMPUREZAS,RGB_JPG_IMPUREZAS
C:\Users\eduar\Desktop\Soybe-main\data\com_fundo\RGB_JPG_IMPUREZAS\grao_DSC_0250_id14.png,RGB_JPG_IMPUREZAS,RGB_JPG_IMPUREZAS
C:\Users\eduar\Desktop\Soybe-main\data\com_fundo\RGB_JPG_IMPUREZAS\grao_DSC_0250_id140.png,RGB_JPG_IMPUREZAS,RGB_JPG_IMPUREZAS
C:\Users\eduar\Desktop\Soybe-main\data\com_fundo\RGB_JPG_IMPUREZAS\grao_DSC_0250_id141.png,RGB_JPG_IMPUREZAS,RGB_JPG_IMPUREZAS
C:\Users\eduar\Desktop\Soybe-main\data\com_fundo\RGB_JPG_IMPUREZAS\grao_DSC_0250_id142.png,RGB_JPG_IMPUREZAS,RGB_JPG_IMPUREZAS
C:\Users\eduar\Desktop\Soybe-main\data\com_fundo\RGB_JPG_IMPUREZAS\grao_DSC_0250_id143.png,RGB_JPG_IMPUREZAS,RGB_JPG_IMPUREZAS
C:\Users\eduar\Desktop\Soybe-main\data\com_fundo\RGB_JPG_IMPUREZAS\grao_DSC_0250_id146.png,RGB_JPG_IMPUREZAS,RGB_JPG_IMPUREZAS
C:\Users\eduar\Desktop\Soybe-main\data\com_fundo\RGB_JPG_IMPUREZAS\grao_DSC_0250_id147.png,RGB_JPG_IMPUREZAS,RGB_JPG_IMPUREZAS
C:\Users\eduar\Desktop\Soybe-main\data\com_fundo\RGB_JPG_IMPUREZAS\grao_DSC_0250_id148.png,RGB_JPG_IMPUREZAS,RGB_JPG_IMPUREZAS
C:\Users\eduar\Desktop\Soybe-main\data\com_fundo\RGB_JPG_IMPUREZAS\grao_DSC_0250_id149.png,RGB_JPG_IMPUREZAS,RGB_JPG_IMPUREZAS
C:\Users\eduar\Desktop\Soybe-main\data\com_fundo\RGB_JPG_IMPUREZAS\grao_DSC_0250_id15.png,RGB_JPG_IMPUREZAS,RGB_JPG_IMPUREZAS
C:\Users\eduar\Desktop\Soybe-main\data\com_fundo\RGB_JPG_IMPUREZAS\grao_DSC_0250_id150.png,RGB_JPG_IMPUREZAS,RGB_JPG_IMPUREZAS
C:\Users\eduar\Desktop\Soybe-main\data\com_fundo\RGB_JPG_IMPUREZAS\grao_DSC_0250_id151.png,RGB_JPG_IMPUREZAS,RGB_JPG_IMPUREZAS
C:\Users\eduar\Desktop\Soybe-main\data\com_fundo\RGB_JPG_IMPUREZAS\grao_DSC_0250_id152.png,RGB_JPG_IMPUREZAS,RGB_JPG_IMPUREZAS
C:\Users\eduar\Desktop\Soybe-main\data\com_fundo\RGB_JPG_IMPUREZAS\grao_DSC_0250_id158.png,RGB_JPG_IMPUREZAS,RGB_JPG_IMPUREZAS
C:\Users\eduar\Desktop\Soybe-main\data\com_fundo\RGB_JPG_IMPUREZAS\grao_DSC_0250_id159.png,RGB_JPG_IMPUREZAS,RGB_JPG_IMPUREZAS
C:\Users\eduar\Desktop\Soybe-main\data\com_fundo\RGB_JPG_IMPUREZAS\grao_DSC_0250_id16.png,RGB_JPG_IMPUREZAS,RGB_JPG_IMPUREZAS
C:\Users\eduar\Desktop\Soybe-main\data\com_fundo\RGB_JPG_IMPUREZAS\grao_DSC_0250_id160.png,RGB_JPG_IMPUREZAS,RGB_JPG_IMPUREZAS
C:\Users\eduar\Desktop\Soybe-main\data\com_fundo\RGB_JPG_IMPUREZAS\grao_DSC_0250_id161.png,RGB_JPG_IMPUREZAS,RGB_JPG_IMPUREZAS
C:\Users\eduar\Desktop\Soybe-main\data\com_fundo\RGB_JPG_IMPUREZAS\grao_DSC_0250_id163.png,RGB_JPG_IMPUREZAS,RGB_JPG_IMPUREZAS
C:\Users\eduar\Desktop\Soybe-main\data\com_fundo\RGB_JPG_IMPUREZAS\grao_DSC_0250_id164.png,RGB_JPG_IMPUREZAS,RGB_JPG_IMPUREZAS
C:\Users\eduar\Desktop\Soybe-main\data\com_fundo\RGB_JPG_IMPUREZAS\grao_DSC_0250_id165.png,RGB_JPG_IMPUREZAS,RGB_JPG_IMPUREZAS
C:\Users\eduar\Desktop\Soybe-main\data\com_fundo\RGB_JPG_IMPUREZAS\grao_DSC_0250_id169.png,RGB_JPG_IMPUREZAS,RGB_JPG_IMPUREZAS
C:\Users\eduar\Desktop\Soybe-main\data\com_fundo\RGB_JPG_IMPUREZAS\grao_DSC_0250_id170.png,RGB_JPG_IMPUREZAS,RGB_JPG_IMPUREZAS
C:\Users\eduar\Desktop\Soybe-main\data\com_fundo\RGB_JPG_IMPUREZAS\grao_DSC_0250_id171.png,RGB_JPG_IMPUREZAS,RGB_JPG_IMPUREZAS
C:\Users\eduar\Desktop\Soybe-main\data\com_fundo\RGB_JPG_IMPUREZAS\grao_DSC_0250_id174.png,RGB_JPG_IMPUREZAS,RGB_JPG_IMPUREZAS
C:\Users\eduar\Desktop\Soybe-main\data\com_fundo\RGB_JPG_IMPUREZAS\grao_DSC_0250_id175.png,RGB_JPG_IMPUREZAS,RGB_JPG_IMPUREZAS
C:\Users\eduar\Desktop\Soybe-main\data\com_fundo\RGB_JPG_IMPUREZAS\grao_DSC_0250_id176.png,RGB_JPG_IMPUREZAS,RGB_JPG_IMPUREZAS
C:\Users\eduar\Desktop\Soybe-main\data\com_fundo\RGB_JPG_IMPUREZAS\grao_DSC_0250_id177.png,RGB_JPG_IMPUREZAS,RGB_JPG_IMPUREZAS
C:\Users\eduar\Desktop\Soybe-main\data\com_fundo\RGB_JPG_IMPUREZAS\grao_DSC_0250_id178.png,RGB_JPG_IMPUREZAS,RGB_JPG_IMPUREZAS
C:\Users\eduar\Desktop\Soybe-main\data\com_fundo\RGB_JPG_IMPUREZAS\grao_DSC_0250_id179.png,RGB_JPG_IMPUREZAS,RGB_JPG_IMPUREZAS
C:\Users\eduar\Desktop\Soybe-main\data\com_fundo\RGB_JPG_IMPUREZAS\grao_DSC_0250_id18.png,RGB_JPG_IMPUREZAS,RGB_JPG_IMPUREZAS
C:\Users\eduar\Desktop\Soybe-main\data\com_fundo\RGB_JPG_IMPUREZAS\grao_DSC_0250_id180.png,RGB_JPG_IMPUREZAS,RGB_JPG_IMPUREZAS
C:\Users\eduar\Desktop\Soybe-main\data\com_fundo\RGB_JPG_IMPUREZAS\grao_DSC_0250_id183.png,RGB_JPG_IMPUREZAS,RGB_JPG_IMPUREZAS
C:\Users\eduar\Desktop\Soybe-main\data\com_fundo\RGB_JPG_IMPUREZAS\grao_DSC_0250_id185.png,RGB_JPG_IMPUREZAS,RGB_JPG_IMPUREZAS
C:\Users\eduar\Desktop\Soybe-main\data\com_fundo\RGB_JPG_IMPUREZAS\grao_DSC_0250_id188.png,RGB_JPG_IMPUREZAS,RGB_JPG_IMPUREZAS
C:\Users\eduar\Desktop\Soybe-main\data\com_fundo\RGB_JPG_IMPUREZAS\grao_DSC_0250_id19.png,RGB_JPG_IMPUREZAS,RGB_JPG_IMPUREZAS
C:\Users\eduar\Desktop\Soybe-main\data\com_fundo\RGB_JPG_IMPUREZAS\grao_DSC_0250_id190.png,RGB_JPG_IMPUREZAS,RGB_JPG_IMPUREZAS
C:\Users\eduar\Desktop\Soybe-main\data\com_fundo\RGB_JPG_IMPUREZAS\grao_DSC_0250_id191.png,RGB_JPG_IMPUREZAS,RGB_JPG_IMPUREZAS
C:\Users\eduar\Desktop\Soybe-main\data\com_fundo\RGB_JPG_IMPUREZAS\grao_DSC_0250_id192.png,RGB_JPG_IMPUREZAS,RGB_JPG_IMPUREZAS
C:\Users\eduar\Desktop\Soybe-main\data\com_fundo\RGB_JPG_IMPUREZAS\grao_DSC_0250_id193.png,RGB_JPG_IMPUREZAS,RGB_JPG_IMPUREZAS
C:\Users\eduar\Desktop\Soybe-main\data\com_fundo\RGB_JPG_IMPUREZAS\grao_DSC_0250_id194.png,RGB_JPG_IMPUREZAS,RGB_JPG_IMPUREZAS
C:\Users\eduar\Desktop\Soybe-main\data\com_fundo\RGB_JPG_IMPUREZAS\grao_DSC_0250_id195.png,RGB_JPG_IMPUREZAS,RGB_JPG_IMPUREZAS
C:\Users\eduar\Desktop\Soybe-main\data\com_fundo\RGB_JPG_IMPUREZAS\grao_DSC_0250_id196.png,RGB_JPG_IMPUREZAS,RGB_JPG_IMPUREZAS
C:\Users\eduar\Desktop\Soybe-main\data\com_fundo\RGB_JPG_IMPUREZAS\grao_DSC_0250_id199.png,RGB_JPG_IMPUREZAS,RGB_JPG_IMPUREZAS
C:\Users\eduar\Desktop\Soybe-main\data\com_fundo\RGB_JPG_IMPUREZAS\grao_DSC_0250_id2.png,RGB_JPG_IMPUREZAS,RGB_JPG_IMPUREZAS
C:\Users\eduar\Desktop\Soybe-main\data\com_fundo\RGB_JPG_IMPUREZAS\grao_DSC_0250_id201.png,RGB_JPG_IMPUREZAS,RGB_JPG_IMPUREZAS
C:\Users\eduar\Desktop\Soybe-main\data\com_fundo\RGB_JPG_IMPUREZAS\grao_DSC_0250_id203.png,RGB_JPG_IMPUREZAS,RGB_JPG_IMPUREZAS
C:\Users\eduar\Desktop\Soybe-main\data\com_fundo\RGB_JPG_IMPUREZAS\grao_DSC_0250_id204.png,RGB_JPG_IMPUREZAS,RGB_JPG_IMPUREZAS
C:\Users\eduar\Desktop\Soybe-main\data\com_fundo\RGB_JPG_IMPUREZAS\grao_DSC_0250_id205.png,RGB_JPG_IMPUREZAS,RGB_JPG_IMPUREZAS
C:\Users\eduar\Desktop\Soybe-main\data\com_fundo\RGB_JPG_IMPUREZAS\grao_DSC_0250_id206.png,RGB_JPG_IMPUREZAS,RGB_JPG_IMPUREZAS
C:\Users\eduar\Desktop\Soybe-main\data\com_fundo\RGB_JPG_IMPUREZAS\grao_DSC_0250_id207.png,RGB_JPG_IMPUREZAS,RGB_JPG_IMPUREZAS
C:\Users\eduar\Desktop\Soybe-main\data\com_fundo\RGB_JPG_IMPUREZAS\grao_DSC_0250_id21.png,RGB_JPG_IMPUREZAS,RGB_JPG_IMPUREZAS
C:\Users\eduar\Desktop\Soybe-main\data\com_fundo\RGB_JPG_IMPUREZAS\grao_DSC_0250_id213.png,RGB_JPG_IMPUREZAS,RGB_JPG_IMPUREZAS
C:\Users\eduar\Desktop\Soybe-main\data\com_fundo\RGB_JPG_IMPUREZAS\grao_DSC_0250_id22.png,RGB_JPG_IMPUREZAS,RGB_JPG_IMPUREZAS
C:\Users\eduar\Desktop\Soybe-main\data\com_fundo\RGB_JPG_IMPUREZAS\grao_DSC_0250_id23.png,RGB_JPG_IMPUREZAS,RGB_JPG_IMPUREZAS
C:\Users\eduar\Desktop\Soybe-main\data\com_fundo\RGB_JPG_IMPUREZAS\grao_DSC_0250_id24.png,RGB_JPG_IMPUREZAS,RGB_JPG_IMPUREZAS
C:\Users\eduar\Desktop\Soybe-main\data\com_fundo\RGB_JPG_IMPUREZAS\grao_DSC_0250_id26.png,RGB_JPG_IMPUREZAS,RGB_JPG_IMPUREZAS
C:\Users\eduar\Desktop\Soybe-main\data\com_fundo\RGB_JPG_IMPUREZAS\grao_DSC_0250_id3.png,RGB_JPG_IMPUREZAS,RGB_JPG_IMPUREZAS
C:\Users\eduar\Desktop\Soybe-main\data\com_fundo\RGB_JPG_IMPUREZAS\grao_DSC_0250_id30.png,RGB_JPG_IMPUREZAS,RGB_JPG_IMPUREZAS
C:\Users\eduar\Desktop\Soybe-main\data\com_fundo\RGB_JPG_IMPUREZAS\grao_DSC_0250_id35.png,RGB_JPG_IMPUREZAS,RGB_JPG_IMPUREZAS
C:\Users\eduar\Desktop\Soybe-main\data\com_fundo\RGB_JPG_IMPUREZAS\grao_DSC_0250_id36.png,RGB_JPG_IMPUREZAS,RGB_JPG_IMPUREZAS
C:\Users\eduar\Desktop\Soybe-main\data\com_fundo\RGB_JPG_IMPUREZAS\grao_DSC_0250_id39.png,RGB_JPG_IMPUREZAS,RGB_JPG_IMPUREZAS
C:\Users\eduar\Desktop\Soybe-main\data\com_fundo\RGB_JPG_IMPUREZAS\grao_DSC_0250_id4.png,RGB_JPG_IMPUREZAS,RGB_JPG_IMPUREZAS
C:\Users\eduar\Desktop\Soybe-main\data\com_fundo\RGB_JPG_IMPUREZAS\grao_DSC_0250_id40.png,RGB_JPG_IMPUREZAS,RGB_JPG_IMPUREZAS
C:\Users\eduar\Desktop\Soybe-main\data\com_fundo\RGB_JPG_IMPUREZAS\grao_DSC_0250_id43.png,RGB_JPG_IMPUREZAS,RGB_JPG_IMPUREZAS
C:\Users\eduar\Desktop\Soybe-main\data\com_fundo\RGB_JPG_IMPUREZAS\grao_DSC_0250_id44.png,RGB_JPG_IMPUREZAS,RGB_JPG_IMPUREZAS
C:\Users\eduar\Desktop\Soybe-main\data\com_fundo\RGB_JPG_IMPUREZAS\grao_DSC_0250_id45.png,RGB_JPG_IMPUREZAS,RGB_JPG_IMPUREZAS
C:\Users\eduar\Desktop\Soybe-main\data\com_fundo\RGB_JPG_IMPUREZAS\grao_DSC_0250_id46.png,RGB_JPG_IMPUREZAS,RGB_JPG_IMPUREZAS
C:\Users\eduar\Desktop\Soybe-main\data\com_fundo\RGB_JPG_IMPUREZAS\grao_DSC_0250_id47.png,RGB_JPG_IMPUREZAS,RGB_JPG_IMPUREZAS
C:\Users\eduar\Desktop\Soybe-main\data\com_fundo\RGB_JPG_IMPUREZAS\grao_DSC_0250_id48.png,RGB_JPG_IMPUREZAS,RGB_JPG_IMPUREZAS
C:\Users\eduar\Desktop\Soybe-main\data\com_fundo\RGB_JPG_IMPUREZAS\grao_DSC_0250_id49.png,RGB_JPG_IMPUREZAS,RGB_JPG_IMPUREZAS
C:\Users\eduar\Desktop\Soybe-main\data\com_fundo\RGB_JPG_IMPUREZAS\grao_DSC_0250_id50.png,RGB_JPG_IMPUREZAS,RGB_JPG_IMPUREZAS
C:\Users\eduar\Desktop\Soybe-main\data\com_fundo\RGB_JPG_IMPUREZAS\grao_DSC_0250_id51.png,RGB_JPG_IMPUREZAS,RGB_JPG_IMPUREZAS
C:\Users\eduar\Desktop\Soybe-main\data\com_fundo\RGB_JPG_IMPUREZAS\grao_DSC_0250_id52.png,RGB_JPG_IMPUREZAS,RGB_JPG_IMPUREZAS
C:\Users\eduar\Desktop\Soybe-main\data\com_fundo\RGB_JPG_IMPUREZAS\grao_DSC_0250_id54.png,RGB_JPG_IMPUREZAS,RGB_JPG_IMPUREZAS
C:\Users\eduar\Desktop\Soybe-main\data\com_fundo\RGB_JPG_IMPUREZAS\grao_DSC_0250_id55.png,RGB_JPG_IMPUREZAS,RGB_JPG_IMPUREZAS
C:\Users\eduar\Desktop\Soybe-main\data\com_fundo\RGB_JPG_IMPUREZAS\grao_DSC_0250_id56.png,RGB_JPG_IMPUREZAS,RGB_JPG_IMPUREZAS
C:\Users\eduar\Desktop\Soybe-main\data\com_fundo\RGB_JPG_IMPUREZAS\grao_DSC_0250_id58.png,RGB_JPG_IMPUREZAS,RGB_JPG_IMPUREZAS
C:\Users\eduar\Desktop\Soybe-main\data\com_fundo\RGB_JPG_IMPUREZAS\grao_DSC_0250_id64.png,RGB_JPG_IMPUREZAS,RGB_JPG_IMPUREZAS
C:\Users\eduar\Desktop\Soybe-main\data\com_fundo\RGB_JPG_IMPUREZAS\grao_DSC_0250_id65.png,RGB_JPG_IMPUREZAS,RGB_JPG_IMPUREZAS
C:\Users\eduar\Desktop\Soybe-main\data\com_fundo\RGB_JPG_IMPUREZAS\grao_DSC_0250_id66.png,RGB_JPG_IMPUREZAS,RGB_JPG_IMPUREZAS
C:\Users\eduar\Desktop\Soybe-main\data\com_fundo\RGB_JPG_IMPUREZAS\grao_DSC_0250_id68.png,RGB_JPG_IMPUREZAS,RGB_JPG_IMPUREZAS
C:\Users\eduar\Desktop\Soybe-main\data\com_fundo\RGB_JPG_IMPUREZAS\grao_DSC_0250_id69.png,RGB_JPG_IMPUREZAS,RGB_JPG_IMPUREZAS
C:\Users\eduar\Desktop\Soybe-main\data\com_fundo\RGB_JPG_IMPUREZAS\grao_DSC_0250_id74.png,RGB_JPG_IMPUREZAS,RGB_JPG_IMPUREZAS
C:\Users\eduar\Desktop\Soybe-main\data\com_fundo\RGB_JPG_IMPUREZAS\grao_DSC_0250_id76.png,RGB_JPG_IMPUREZAS,RGB_JPG_IMPUREZAS
C:\Users\eduar\Desktop\Soybe-main\data\com_fundo\RGB_JPG_IMPUREZAS\grao_DSC_0250_id77.png,RGB_JPG_IMPUREZAS,RGB_JPG_IMPUREZAS
C:\Users\eduar\Desktop\Soybe-main\data\com_fundo\RGB_JPG_IMPUREZAS\grao_DSC_0250_id78.png,RGB_JPG_IMPUREZAS,RGB_JPG_IMPUREZAS
C:\Users\eduar\Desktop\Soybe-main\data\com_fundo\RGB_JPG_IMPUREZAS\grao_DSC_0250_id8.png,RGB_JPG_IMPUREZAS,RGB_JPG_IMPUREZAS
C:\Users\eduar\Desktop\Soybe-main\data\com_fundo\RGB_JPG_IMPUREZAS\grao_DSC_0250_id83.png,RGB_JPG_IMPUREZAS,RGB_JPG_IMPUREZAS
C:\Users\eduar\Desktop\Soybe-main\data\com_fundo\RGB_JPG_IMPUREZAS\grao_DSC_0250_id84.png,RGB_JPG_IMPUREZAS,RGB_JPG_IMPUREZAS
C:\Users\eduar\Desktop\Soybe-main\data\com_fundo\RGB_JPG_IMPUREZAS\grao_DSC_0250_id85.png,RGB_JPG_IMPUREZAS,RGB_JPG_IMPUREZAS
C:\Users\eduar\Desktop\Soybe-main\data\com_fundo\RGB_JPG_IMPUREZAS\grao_DSC_0250_id87.png,RGB_JPG_IMPUREZAS,RGB_JPG_IMPUREZAS
C:\Users\eduar\Desktop\Soybe-main\data\com_fundo\RGB_JPG_IMPUREZAS\grao_DSC_0250_id89.png,RGB_JPG_IMPUREZAS,RGB_JPG_IMPUREZAS
C:\Users\eduar\Desktop\Soybe-main\data\com_fundo\RGB_JPG_IMPUREZAS\grao_DSC_0250_id91.png,RGB_JPG_IMPUREZAS,RGB_JPG_IMPUREZAS
C:\Users\eduar\Desktop\Soybe-main\data\com_fundo\RGB_JPG_IMPUREZAS\grao_DSC_0250_id95.png,RGB_JPG_IMPUREZAS,RGB_JPG_IMPUREZAS
C:\Users\eduar\Desktop\Soybe-main\data\com_fundo\RGB_JPG_IMPUREZAS\grao_DSC_0250_id97.png,RGB_JPG_IMPUREZAS,RGB_JPG_IMPUREZAS
C:\Users\eduar\Desktop\Soybe-main\data\com_fundo\RGB_JPG_IMPUREZAS\grao_DSC_0250_id98.png,RGB_JPG_IMPUREZAS,RGB_JPG_IMPUREZAS
C:\Users\eduar\Desktop\Soybe-main\data\com_fundo\RGB_JPG_IMPUREZAS\grao_DSC_0250_id99.png,RGB_JPG_IMPUREZAS,RGB_JPG_IMPUREZAS
C:\Users\eduar\Desktop\Soybe-main\data\com_fundo\RGB_JPG_IMPUREZAS\grao_DSC_0259_id1.png,RGB_JPG_IMPUREZAS,RGB_JPG_IMPUREZAS
C:\Users\eduar\Desktop\Soybe-main\data\com_fundo\RGB_JPG_IMPUREZAS\grao_DSC_0259_id100.png,RGB_JPG_IMPUREZAS,RGB_JPG_IMPUREZAS
C:\Users\eduar\Desktop\Soybe-main\data\com_fundo\RGB_JPG_IMPUREZAS\grao_DSC_0259_id101.png,RGB_JPG_IMPUREZAS,RGB_JPG_IMPUREZAS
C:\Users\eduar\Desktop\Soybe-main\data\com_fundo\RGB_JPG_IMPUREZAS\grao_DSC_0259_id104.png,RGB_JPG_IMPUREZAS,RGB_JPG_IMPUREZAS
C:\Users\eduar\Desktop\Soybe-main\data\com_fundo\RGB_JPG_IMPUREZAS\grao_DSC_0259_id108.png,RGB_JPG_IMPUREZAS,RGB_JPG_IMPUREZAS
C:\Users\eduar\Desktop\Soybe-main\data\com_fundo\RGB_JPG_IMPUREZAS\grao_DSC_0259_id112.png,RGB_JPG_IMPUREZAS,RGB_JPG_IMPUREZAS
C:\Users\eduar\Desktop\Soybe-main\data\com_fundo\RGB_JPG_IMPUREZAS\grao_DSC_0259_id113.png,RGB_JPG_IMPUREZAS,RGB_JPG_IMPUREZAS
C:\Users\eduar\Desktop\Soybe-main\data\com_fundo\RGB_JPG_IMPUREZAS\grao_DSC_0259_id114.png,RGB_JPG_IMPUREZAS,RGB_JPG_IMPUREZAS
C:\Users\eduar\Desktop\Soybe-main\data\com_fundo\RGB_JPG_IMPUREZAS\grao_DSC_0259_id115.png,RGB_JPG_IMPUREZAS,RGB_JPG_IMPUREZAS
C:\Users\eduar\Desktop\Soybe-main\data\com_fundo\RGB_JPG_IMPUREZAS\grao_DSC_0259_id117.png,RGB_JPG_IMPUREZAS,RGB_JPG_IMPUREZAS
C:\Users\eduar\Desktop\Soybe-main\data\com_fundo\RGB_JPG_IMPUREZAS\grao_DSC_0259_id12.png,RGB_JPG_IMPUREZAS,RGB_JPG_IMPUREZAS
C:\Users\eduar\Desktop\Soybe-main\data\com_fundo\RGB_JPG_IMPUREZAS\grao_DSC_0259_id121.png,RGB_JPG_IMPUREZAS,RGB_JPG_IMPUREZAS
C:\Users\eduar\Desktop\Soybe-main\data\com_fundo\RGB_JPG_IMPUREZAS\grao_DSC_0259_id122.png,RGB_JPG_IMPUREZAS,RGB_JPG_IMPUREZAS
C:\Users\eduar\Desktop\Soybe-main\data\com_fundo\RGB_JPG_IMPUREZAS\grao_DSC_0259_id123.png,RGB_JPG_IMPUREZAS,RGB_JPG_IMPUREZAS
C:\Users\eduar\Desktop\Soybe-main\data\com_fundo\RGB_JPG_IMPUREZAS\grao_DSC_0259_id124.png,RGB_JPG_IMPUREZAS,RGB_JPG_IMPUREZAS
C:\Users\eduar\Desktop\Soybe-main\data\com_fundo\RGB_JPG_IMPUREZAS\grao_DSC_0259_id125.png,RGB_JPG_IMPUREZAS,RGB_JPG_IMPUREZAS
C:\Users\eduar\Desktop\Soybe-main\data\com_fundo\RGB_JPG_IMPUREZAS\grao_DSC_0259_id126.png,RGB_JPG_IMPUREZAS,RGB_JPG_IMPUREZAS
C:\Users\eduar\Desktop\Soybe-main\data\com_fundo\RGB_JPG_IMPUREZAS\grao_DSC_0259_id127.png,RGB_JPG_IMPUREZAS,RGB_JPG_IMPUREZAS
C:\Users\eduar\Desktop\Soybe-main\data\com_fundo\RGB_JPG_IMPUREZAS\grao_DSC_0259_id13.png,RGB_JPG_IMPUREZAS,RGB_JPG_IMPUREZAS
C:\Users\eduar\Desktop\Soybe-main\data\com_fundo\RGB_JPG_IMPUREZAS\grao_DSC_0259_id130.png,RGB_JPG_IMPUREZAS,RGB_JPG_IMPUREZAS
C:\Users\eduar\Desktop\Soybe-main\data\com_fundo\RGB_JPG_IMPUREZAS\grao_DSC_0259_id131.png,RGB_JPG_IMPUREZAS,RGB_JPG_IMPUREZAS
C:\Users\eduar\Desktop\Soybe-main\data\com_fundo\RGB_JPG_IMPUREZAS\grao_DSC_0259_id132.png,RGB_JPG_IMPUREZAS,RGB_JPG_IMPUREZAS
C:\Users\eduar\Desktop\Soybe-main\data\com_fundo\RGB_JPG_IMPUREZAS\grao_DSC_0259_id133.png,RGB_JPG_IMPUREZAS,RGB_JPG_IMPUREZAS
C:\Users\eduar\Desktop\Soybe-main\data\com_fundo\RGB_JPG_IMPUREZAS\grao_DSC_0259_id134.png,RGB_JPG_IMPUREZAS,RGB_JPG_IMPUREZAS
C:\Users\eduar\Desktop\Soybe-main\data\com_fundo\RGB_JPG_IMPUREZAS\grao_DSC_0259_id139.png,RGB_JPG_IMPUREZAS,RGB_JPG_IMPUREZAS
C:\Users\eduar\Desktop\Soybe-main\data\com_fundo\RGB_JPG_IMPUREZAS\grao_DSC_0259_id14.png,RGB_JPG_IMPUREZAS,RGB_JPG_IMPUREZAS
C:\Users\eduar\Desktop\Soybe-main\data\com_fundo\RGB_JPG_IMPUREZAS\grao_DSC_0259_id141.png,RGB_JPG_IMPUREZAS,RGB_JPG_IMPUREZAS
C:\Users\eduar\Desktop\Soybe-main\data\com_fundo\RGB_JPG_IMPUREZAS\grao_DSC_0259_id142.png,RGB_JPG_IMPUREZAS,RGB_JPG_IMPUREZAS
C:\Users\eduar\Desktop\Soybe-main\data\com_fundo\RGB_JPG_IMPUREZAS\grao_DSC_0259_id144.png,RGB_JPG_IMPUREZAS,RGB_JPG_IMPUREZAS
C:\Users\eduar\Desktop\Soybe-main\data\com_fundo\RGB_JPG_IMPUREZAS\grao_DSC_0259_id146.png,RGB_JPG_IMPUREZAS,RGB_JPG_IMPUREZAS
C:\Users\eduar\Desktop\Soybe-main\data\com_fundo\RGB_JPG_IMPUREZAS\grao_DSC_0259_id147.png,RGB_JPG_IMPUREZAS,RGB_JPG_IMPUREZAS
C:\Users\eduar\Desktop\Soybe-main\data\com_fundo\RGB_JPG_IMPUREZAS\grao_DSC_0259_id148.png,RGB_JPG_IMPUREZAS,RGB_JPG_IMPUREZAS
C:\Users\eduar\Desktop\Soybe-main\data\com_fundo\RGB_JPG_IMPUREZAS\grao_DSC_0259_id150.png,RGB_JPG_IMPUREZAS,RGB_JPG_IMPUREZAS
C:\Users\eduar\Desktop\Soybe-main\data\com_fundo\RGB_JPG_IMPUREZAS\grao_DSC_0259_id151.png,RGB_JPG_IMPUREZAS,RGB_JPG_IMPUREZAS
C:\Users\eduar\Desktop\Soybe-main\data\com_fundo\RGB_JPG_IMPUREZAS\grao_DSC_0259_id159.png,RGB_JPG_IMPUREZAS,RGB_JPG_IMPUREZAS
C:\Users\eduar\Desktop\Soybe-main\data\com_fundo\RGB_JPG_IMPUREZAS\grao_DSC_0259_id160.png,RGB_JPG_IMPUREZAS,RGB_JPG_IMPUREZAS
C:\Users\eduar\Desktop\Soybe-main\data\com_fundo\RGB_JPG_IMPUREZAS\grao_DSC_0259_id161.png,RGB_JPG_IMPUREZAS,RGB_JPG_IMPUREZAS
C:\Users\eduar\Desktop\Soybe-main\data\com_fundo\RGB_JPG_IMPUREZAS\grao_DSC_0259_id162.png,RGB_JPG_IMPUREZAS,RGB_JPG_IMPUREZAS
C:\Users\eduar\Desktop\Soybe-main\data\com_fundo\RGB_JPG_IMPUREZAS\grao_DSC_0259_id163.png,RGB_JPG_IMPUREZAS,RGB_JPG_IMPUREZAS
C:\Users\eduar\Desktop\Soybe-main\data\com_fundo\RGB_JPG_IMPUREZAS\grao_DSC_0259_id165.png,RGB_JPG_IMPUREZAS,RGB_JPG_IMPUREZAS
C:\Users\eduar\Desktop\Soybe-main\data\com_fundo\RGB_JPG_IMPUREZAS\grao_DSC_0259_id167.png,RGB_JPG_IMPUREZAS,RGB_JPG_IMPUREZAS
C:\Users\eduar\Desktop\Soybe-main\data\com_fundo\RGB_JPG_IMPUREZAS\grao_DSC_0259_id171.png,RGB_JPG_IMPUREZAS,RGB_JPG_IMPUREZAS
C:\Users\eduar\Desktop\Soybe-main\data\com_fundo\RGB_JPG_IMPUREZAS\grao_DSC_0259_id172.png,RGB_JPG_IMPUREZAS,RGB_JPG_IMPUREZAS
C:\Users\eduar\Desktop\Soybe-main\data\com_fundo\RGB_JPG_IMPUREZAS\grao_DSC_0259_id173.png,RGB_JPG_IMPUREZAS,RGB_JPG_IMPUREZAS
C:\Users\eduar\Desktop\Soybe-main\data\com_fundo\RGB_JPG_IMPUREZAS\grao_DSC_0259_id175.png,RGB_JPG_IMPUREZAS,RGB_JPG_IMPUREZAS
C:\Users\eduar\Desktop\Soybe-main\data\com_fundo\RGB_JPG_IMPUREZAS\grao_DSC_0259_id176.png,RGB_JPG_IMPUREZAS,RGB_JPG_IMPUREZAS
C:\Users\eduar\Desktop\Soybe-main\data\com_fundo\RGB_JPG_IMPUREZAS\grao_DSC_0259_id183.png,RGB_JPG_IMPUREZAS,RGB_JPG_IMPUREZAS
C:\Users\eduar\Desktop\Soybe-main\data\com_fundo\RGB_JPG_IMPUREZAS\grao_DSC_0259_id184.png,RGB_JPG_IMPUREZAS,RGB_JPG_IMPUREZAS
C:\Users\eduar\Desktop\Soybe-main\data\com_fundo\RGB_JPG_IMPUREZAS\grao_DSC_0259_id185.png,RGB_JPG_IMPUREZAS,RGB_JPG_IMPUREZAS
C:\Users\eduar\Desktop\Soybe-main\data\com_fundo\RGB_JPG_IMPUREZAS\grao_DSC_0259_id189.png,RGB_JPG_IMPUREZAS,RGB_JPG_IMPUREZAS
C:\Users\eduar\Desktop\Soybe-main\data\com_fundo\RGB_JPG_IMPUREZAS\grao_DSC_0259_id19.png,RGB_JPG_IMPUREZAS,RGB_JPG_IMPUREZAS
C:\Users\eduar\Desktop\Soybe-main\data\com_fundo\RGB_JPG_IMPUREZAS\grao_DSC_0259_id191.png,RGB_JPG_IMPUREZAS,RGB_JPG_IMPUREZAS
C:\Users\eduar\Desktop\Soybe-main\data\com_fundo\RGB_JPG_IMPUREZAS\grao_DSC_0259_id192.png,RGB_JPG_IMPUREZAS,RGB_JPG_IMPUREZAS
C:\Users\eduar\Desktop\Soybe-main\data\com_fundo\RGB_JPG_IMPUREZAS\grao_DSC_0259_id193.png,RGB_JPG_IMPUREZAS,RGB_JPG_IMPUREZAS
C:\Users\eduar\Desktop\Soybe-main\data\com_fundo\RGB_JPG_IMPUREZAS\grao_DSC_0259_id194.png,RGB_JPG_IMPUREZAS,RGB_JPG_IMPUREZAS
C:\Users\eduar\Desktop\Soybe-main\data\com_fundo\RGB_JPG_IMPUREZAS\grao_DSC_0259_id2.png,RGB_JPG_IMPUREZAS,RGB_JPG_IMPUREZAS
C:\Users\eduar\Desktop\Soybe-main\data\com_fundo\RGB_JPG_IMPUREZAS\grao_DSC_0259_id20.png,RGB_JPG_IMPUREZAS,RGB_JPG_IMPUREZAS
C:\Users\eduar\Desktop\Soybe-main\data\com_fundo\RGB_JPG_IMPUREZAS\grao_DSC_0259_id203.png,RGB_JPG_IMPUREZAS,RGB_JPG_IMPUREZAS
C:\Users\eduar\Desktop\Soybe-main\data\com_fundo\RGB_JPG_IMPUREZAS\grao_DSC_0259_id204.png,RGB_JPG_IMPUREZAS,RGB_JPG_IMPUREZAS
C:\Users\eduar\Desktop\Soybe-main\data\com_fundo\RGB_JPG_IMPUREZAS\grao_DSC_0259_id205.png,RGB_JPG_IMPUREZAS,RGB_JPG_IMPUREZAS
C:\Users\eduar\Desktop\Soybe-main\data\com_fundo\RGB_JPG_IMPUREZAS\grao_DSC_0259_id206.png,RGB_JPG_IMPUREZAS,RGB_JPG_IMPUREZAS
C:\Users\eduar\Desktop\Soybe-main\data\com_fundo\RGB_JPG_IMPUREZAS\grao_DSC_0259_id207.png,RGB_JPG_IMPUREZAS,RGB_JPG_IMPUREZAS
C:\Users\eduar\Desktop\Soybe-main\data\com_fundo\RGB_JPG_IMPUREZAS\grao_DSC_0259_id208.png,RGB_JPG_IMPUREZAS,RGB_JPG_IMPUREZAS
C:\Users\eduar\Desktop\Soybe-main\data\com_fundo\RGB_JPG_IMPUREZAS\grao_DSC_0259_id210.png,RGB_JPG_IMPUREZAS,RGB_JPG_IMPUREZAS
C:\Users\eduar\Desktop\Soybe-main\data\com_fundo\RGB_JPG_IMPUREZAS\grao_DSC_0259_id211.png,RGB_JPG_IMPUREZAS,RGB_JPG_IMPUREZAS
C:\Users\eduar\Desktop\Soybe-main\data\com_fundo\RGB_JPG_IMPUREZAS\grao_DSC_0259_id212.png,RGB_JPG_IMPUREZAS,RGB_JPG_IMPUREZAS
C:\Users\eduar\Desktop\Soybe-main\data\com_fundo\RGB_JPG_IMPUREZAS\grao_DSC_0259_id213.png,RGB_JPG_IMPUREZAS,RGB_JPG_IMPUREZAS
C:\Users\eduar\Desktop\Soybe-main\data\com_fundo\RGB_JPG_IMPUREZAS\grao_DSC_0259_id219.png,RGB_JPG_IMPUREZAS,RGB_JPG_IMPUREZAS
C:\Users\eduar\Desktop\Soybe-main\data\com_fundo\RGB_JPG_IMPUREZAS\grao_DSC_0259_id222.png,RGB_JPG_IMPUREZAS,RGB_JPG_IMPUREZAS
C:\Users\eduar\Desktop\Soybe-main\data\com_fundo\RGB_JPG_IMPUREZAS\grao_DSC_0259_id227.png,RGB_JPG_IMPUREZAS,RGB_JPG_IMPUREZAS
C:\Users\eduar\Desktop\Soybe-main\data\com_fundo\RGB_JPG_IMPUREZAS\grao_DSC_0259_id229.png,RGB_JPG_IMPUREZAS,RGB_JPG_IMPUREZAS
C:\Users\eduar\Desktop\Soybe-main\data\com_fundo\RGB_JPG_IMPUREZAS\grao_DSC_0259_id230.png,RGB_JPG_IMPUREZAS,RGB_JPG_IMPUREZAS
C:\Users\eduar\Desktop\Soybe-main\data\com_fundo\RGB_JPG_IMPUREZAS\grao_DSC_0259_id231.png,RGB_JPG_IMPUREZAS,RGB_JPG_IMPUREZAS
C:\Users\eduar\Desktop\Soybe-main\data\com_fundo\RGB_JPG_IMPUREZAS\grao_DSC_0259_id232.png,RGB_JPG_IMPUREZAS,RGB_JPG_IMPUREZAS
C:\Users\eduar\Desktop\Soybe-main\data\com_fundo\RGB_JPG_IMPUREZAS\grao_DSC_0259_id233.png,RGB_JPG_IMPUREZAS,RGB_JPG_IMPUREZAS
C:\Users\eduar\Desktop\Soybe-main\data\com_fundo\RGB_JPG_IMPUREZAS\grao_DSC_0259_id235.png,RGB_JPG_IMPUREZAS,RGB_JPG_IMPUREZAS
C:\Users\eduar\Desktop\Soybe-main\data\com_fundo\RGB_JPG_IMPUREZAS\grao_DSC_0259_id236.png,RGB_JPG_IMPUREZAS,RGB_JPG_IMPUREZAS
C:\Users\eduar\Desktop\Soybe-main\data\com_fundo\RGB_JPG_IMPUREZAS\grao_DSC_0259_id237.png,RGB_JPG_IMPUREZAS,RGB_JPG_IMPUREZAS
C:\Users\eduar\Desktop\Soybe-main\data\com_fundo\RGB_JPG_IMPUREZAS\grao_DSC_0259_id238.png,RGB_JPG_IMPUREZAS,RGB_JPG_IMPUREZAS
C:\Users\eduar\Desktop\Soybe-main\data\com_fundo\RGB_JPG_IMPUREZAS\grao_DSC_0259_id239.png,RGB_JPG_IMPUREZAS,RGB_JPG_IMPUREZAS
C:\Users\eduar\Desktop\Soybe-main\data\com_fundo\RGB_JPG_IMPUREZAS\grao_DSC_0259_id24.png,RGB_JPG_IMPUREZAS,RGB_JPG_IMPUREZAS
C:\Users\eduar\Desktop\Soybe-main\data\com_fundo\RGB_JPG_IMPUREZAS\grao_DSC_0259_id240.png,RGB_JPG_IMPUREZAS,RGB_JPG_IMPUREZAS
C:\Users\eduar\Desktop\Soybe-main\data\com_fundo\RGB_JPG_IMPUREZAS\grao_DSC_0259_id241.png,RGB_JPG_IMPUREZAS,RGB_JPG_IMPUREZAS
C:\Users\eduar\Desktop\Soybe-main\data\com_fundo\RGB_JPG_IMPUREZAS\grao_DSC_0259_id242.png,RGB_JPG_IMPUREZAS,RGB_JPG_IMPUREZAS
C:\Users\eduar\Desktop\Soybe-main\data\com_fundo\RGB_JPG_IMPUREZAS\grao_DSC_0259_id243.png,RGB_JPG_IMPUREZAS,RGB_JPG_IMPUREZAS
C:\Users\eduar\Desktop\Soybe-main\data\com_fundo\RGB_JPG_IMPUREZAS\grao_DSC_0259_id244.png,RGB_JPG_IMPUREZAS,RGB_JPG_IMPUREZAS
C:\Users\eduar\Desktop\Soybe-main\data\com_fundo\RGB_JPG_IMPUREZAS\grao_DSC_0259_id246.png,RGB_JPG_IMPUREZAS,RGB_JPG_IMPUREZAS
C:\Users\eduar\Desktop\Soybe-main\data\com_fundo\RGB_JPG_IMPUREZAS\grao_DSC_0259_id248.png,RGB_JPG_IMPUREZAS,RGB_JPG_IMPUREZAS
C:\Users\eduar\Desktop\Soybe-main\data\com_fundo\RGB_JPG_IMPUREZAS\grao_DSC_0259_id249.png,RGB_JPG_IMPUREZAS,RGB_JPG_IMPUREZAS
C:\Users\eduar\Desktop\Soybe-main\data\com_fundo\RGB_JPG_IMPUREZAS\grao_DSC_0259_id25.png,RGB_JPG_IMPUREZAS,RGB_JPG_IMPUREZAS
C:\Users\eduar\Desktop\Soybe-main\data\com_fundo\RGB_JPG_IMPUREZAS\grao_DSC_0259_id254.png,RGB_JPG_IMPUREZAS,RGB_JPG_IMPUREZAS
C:\Users\eduar\Desktop\Soybe-main\data\com_fundo\RGB_JPG_IMPUREZAS\grao_DSC_0259_id255.png,RGB_JPG_IMPUREZAS,RGB_JPG_IMPUREZAS
C:\Users\eduar\Desktop\Soybe-main\data\com_fundo\RGB_JPG_IMPUREZAS\grao_DSC_0259_id256.png,RGB_JPG_IMPUREZAS,RGB_JPG_IMPUREZAS
C:\Users\eduar\Desktop\Soybe-main\data\com_fundo\RGB_JPG_IMPUREZAS\grao_DSC_0259_id258.png,RGB_JPG_IMPUREZAS,RGB_JPG_IMPUREZAS
C:\Users\eduar\Desktop\Soybe-main\data\com_fundo\RGB_JPG_IMPUREZAS\grao_DSC_0259_id26.png,RGB_JPG_IMPUREZAS,RGB_JPG_IMPUREZAS
C:\Users\eduar\Desktop\Soybe-main\data\com_fundo\RGB_JPG_IMPUREZAS\grao_DSC_0259_id262.png,RGB_JPG_IMPUREZAS,RGB_JPG_IMPUREZAS
C:\Users\eduar\Desktop\Soybe-main\data\com_fundo\RGB_JPG_IMPUREZAS\grao_DSC_0259_id263.png,RGB_JPG_IMPUREZAS,RGB_JPG_IMPUREZAS
C:\Users\eduar\Desktop\Soybe-main\data\com_fundo\RGB_JPG_IMPUREZAS\grao_DSC_0259_id265.png,RGB_JPG_IMPUREZAS,RGB_JPG_IMPUREZAS
C:\Users\eduar\Desktop\Soybe-main\data\com_fundo\RGB_JPG_IMPUREZAS\grao_DSC_0259_id266.png,RGB_JPG_IMPUREZAS,RGB_JPG_IMPUREZAS
C:\Users\eduar\Desktop\Soybe-main\data\com_fundo\RGB_JPG_IMPUREZAS\grao_DSC_0259_id267.png,RGB_JPG_IMPUREZAS,RGB_JPG_IMPUREZAS
C:\Users\eduar\Desktop\Soybe-main\data\com_fundo\RGB_JPG_IMPUREZAS\grao_DSC_0259_id269.png,RGB_JPG_IMPUREZAS,RGB_JPG_IMPUREZAS
C:\Users\eduar\Desktop\Soybe-main\data\com_fundo\RGB_JPG_IMPUREZAS\grao_DSC_0259_id27.png,RGB_JPG_IMPUREZAS,RGB_JPG_IMPUREZAS
C:\Users\eduar\Desktop\Soybe-main\data\com_fundo\RGB_JPG_IMPUREZAS\grao_DSC_0259_id270.png,RGB_JPG_IMPUREZAS,RGB_JPG_IMPUREZAS
C:\Users\eduar\Desktop\Soybe-main\data\com_fundo\RGB_JPG_IMPUREZAS\grao_DSC_0259_id271.png,RGB_JPG_IMPUREZAS,RGB_JPG_IMPUREZAS
C:\Users\eduar\Desktop\Soybe-main\data\com_fundo\RGB_JPG_IMPUREZAS\grao_DSC_0259_id272.png,RGB_JPG_IMPUREZAS,RGB_JPG_IMPUREZAS
C:\Users\eduar\Desktop\Soybe-main\data\com_fundo\RGB_JPG_IMPUREZAS\grao_DSC_0259_id273.png,RGB_JPG_IMPUREZAS,RGB_JPG_IMPUREZAS
C:\Users\eduar\Desktop\Soybe-main\data\com_fundo\RGB_JPG_IMPUREZAS\grao_DSC_0259_id274.png,RGB_JPG_IMPUREZAS,RGB_JPG_IMPUREZAS
C:\Users\eduar\Desktop\Soybe-main\data\com_fundo\RGB_JPG_IMPUREZAS\grao_DSC_0259_id28.png,RGB_JPG_IMPUREZAS,RGB_JPG_IMPUREZAS
C:\Users\eduar\Desktop\Soybe-main\data\com_fundo\RGB_JPG_IMPUREZAS\grao_DSC_0259_id29.png,RGB_JPG_IMPUREZAS,RGB_JPG_IMPUREZAS
C:\Users\eduar\Desktop\Soybe-main\data\com_fundo\RGB_JPG_IMPUREZAS\grao_DSC_0259_id3.png,RGB_JPG_IMPUREZAS,RGB_JPG_IMPUREZAS
C:\Users\eduar\Desktop\Soybe-main\data\com_fundo\RGB_JPG_IMPUREZAS\grao_DSC_0259_id32.png,RGB_JPG_IMPUREZAS,RGB_JPG_IMPUREZAS
C:\Users\eduar\Desktop\Soybe-main\data\com_fundo\RGB_JPG_IMPUREZAS\grao_DSC_0259_id33.png,RGB_JPG_IMPUREZAS,RGB_JPG_IMPUREZAS
C:\Users\eduar\Desktop\Soybe-main\data\com_fundo\RGB_JPG_IMPUREZAS\grao_DSC_0259_id34.png,RGB_JPG_IMPUREZAS,RGB_JPG_IMPUREZAS
C:\Users\eduar\Desktop\Soybe-main\data\com_fundo\RGB_JPG_IMPUREZAS\grao_DSC_0259_id35.png,RGB_JPG_IMPUREZAS,RGB_JPG_IMPUREZAS
C:\Users\eduar\Desktop\Soybe-main\data\com_fundo\RGB_JPG_IMPUREZAS\grao_DSC_0259_id36.png,RGB_JPG_IMPUREZAS,RGB_JPG_IMPUREZAS
C:\Users\eduar\Desktop\Soybe-main\data\com_fundo\RGB_JPG_IMPUREZAS\grao_DSC_0259_id4.png,RGB_JPG_IMPUREZAS,RGB_JPG_IMPUREZAS
C:\Users\eduar\Desktop\Soybe-main\data\com_fundo\RGB_JPG_IMPUREZAS\grao_DSC_0259_id41.png,RGB_JPG_IMPUREZAS,RGB_JPG_IMPUREZAS
C:\Users\eduar\Desktop\Soybe-main\data\com_fundo\RGB_JPG_IMPUREZAS\grao_DSC_0259_id43.png,RGB_JPG_IMPUREZAS,RGB_JPG_IMPUREZAS
C:\Users\eduar\Desktop\Soybe-main\data\com_fundo\RGB_JPG_IMPUREZAS\grao_DSC_0259_id49.png,RGB_JPG_IMPUREZAS,RGB_JPG_IMPUREZAS
C:\Users\eduar\Desktop\Soybe-main\data\com_fundo\RGB_JPG_IMPUREZAS\grao_DSC_0259_id5.png,RGB_JPG_IMPUREZAS,RGB_JPG_IMPUREZAS
C:\Users\eduar\Desktop\Soybe-main\data\com_fundo\RGB_JPG_IMPUREZAS\grao_DSC_0259_id50.png,RGB_JPG_IMPUREZAS,RGB_JPG_IMPUREZAS
C:\Users\eduar\Desktop\Soybe-main\data\com_fundo\RGB_JPG_IMPUREZAS\grao_DSC_0259_id53.png,RGB_JPG_IMPUREZAS,RGB_JPG_IMPUREZAS
C:\Users\eduar\Desktop\Soybe-main\data\com_fundo\RGB_JPG_IMPUREZAS\grao_DSC_0259_id55.png,RGB_JPG_IMPUREZAS,RGB_JPG_IMPUREZAS
C:\Users\eduar\Desktop\Soybe-main\data\com_fundo\RGB_JPG_IMPUREZAS\grao_DSC_0259_id56.png,RGB_JPG_IMPUREZAS,RGB_JPG_IMPUREZAS
C:\Users\eduar\Desktop\Soybe-main\data\com_fundo\RGB_JPG_IMPUREZAS\grao_DSC_0259_id57.png,RGB_JPG_IMPUREZAS,RGB_JPG_IMPUREZAS
C:\Users\eduar\Desktop\Soybe-main\data\com_fundo\RGB_JPG_IMPUREZAS\grao_DSC_0259_id58.png,RGB_JPG_IMPUREZAS,RGB_JPG_IMPUREZAS
C:\Users\eduar\Desktop\Soybe-main\data\com_fundo\RGB_JPG_IMPUREZAS\grao_DSC_0259_id6.png,RGB_JPG_IMPUREZAS,RGB_JPG_IMPUREZAS
C:\Users\eduar\Desktop\Soybe-main\data\com_fundo\RGB_JPG_IMPUREZAS\grao_DSC_0259_id60.png,RGB_JPG_IMPUREZAS,RGB_JPG_IMPUREZAS
C:\Users\eduar\Desktop\Soybe-main\data\com_fundo\RGB_JPG_IMPUREZAS\grao_DSC_0259_id61.png,RGB_JPG_IMPUREZAS,RGB_JPG_IMPUREZAS
C:\Users\eduar\Desktop\Soybe-main\data\com_fundo\RGB_JPG_IMPUREZAS\grao_DSC_0259_id62.png,RGB_JPG_IMPUREZAS,RGB_JPG_IMPUREZAS
C:\Users\eduar\Desktop\Soybe-main\data\com_fundo\RGB_JPG_IMPUREZAS\grao_DSC_0259_id63.png,RGB_JPG_IMPUREZAS,RGB_JPG_IMPUREZAS
C:\Users\eduar\Desktop\Soybe-main\data\com_fundo\RGB_JPG_IMPUREZAS\grao_DSC_0259_id65.png,RGB_JPG_IMPUREZAS,RGB_JPG_IMPUREZAS
C:\Users\eduar\Desktop\Soybe-main\data\com_fundo\RGB_JPG_IMPUREZAS\grao_DSC_0259_id67.png,RGB_JPG_IMPUREZAS,RGB_JPG_IMPUREZAS
C:\Users\eduar\Desktop\Soybe-main\data\com_fundo\RGB_JPG_IMPUREZAS\grao_DSC_0259_id68.png,RGB_JPG_IMPUREZAS,RGB_JPG_IMPUREZAS
C:\Users\eduar\Desktop\Soybe-main\data\com_fundo\RGB_JPG_IMPUREZAS\grao_DSC_0259_id74.png,RGB_JPG_IMPUREZAS,RGB_JPG_IMPUREZAS
C:\Users\eduar\Desktop\Soybe-main\data\com_fundo\RGB_JPG_IMPUREZAS\grao_DSC_0259_id75.png,RGB_JPG_IMPUREZAS,RGB_JPG_IMPUREZAS
C:\Users\eduar\Desktop\Soybe-main\data\com_fundo\RGB_JPG_IMPUREZAS\grao_DSC_0259_id78.png,RGB_JPG_IMPUREZAS,RGB_JPG_IMPUREZAS
C:\Users\eduar\Desktop\Soybe-main\data\com_fundo\RGB_JPG_IMPUREZAS\grao_DSC_0259_id79.png,RGB_JPG_IMPUREZAS,RGB_JPG_IMPUREZAS
C:\Users\eduar\Desktop\Soybe-main\data\com_fundo\RGB_JPG_IMPUREZAS\grao_DSC_0259_id84.png,RGB_JPG_IMPUREZAS,RGB_JPG_IMPUREZAS
C:\Users\eduar\Desktop\Soybe-main\data\com_fundo\RGB_JPG_IMPUREZAS\grao_DSC_0259_id86.png,RGB_JPG_IMPUREZAS,RGB_JPG_IMPUREZAS
C:\Users\eduar\Desktop\Soybe-main\data\com_fundo\RGB_JPG_IMPUREZAS\grao_DSC_0259_id88.png,RGB_JPG_IMPUREZAS,RGB_JPG_IMPUREZAS
C:\Users\eduar\Desktop\Soybe-main\data\com_fundo\RGB_JPG_IMPUREZAS\grao_DSC_0259_id89.png,RGB_JPG_IMPUREZAS,RGB_JPG_IMPUREZAS
C:\Users\eduar\Desktop\Soybe-main\data\com_fundo\RGB_JPG_IMPUREZAS\grao_DSC_0259_id9.png,RGB_JPG_IMPUREZAS,RGB_JPG_IMPUREZAS
C:\Users\eduar\Desktop\Soybe-main\data\com_fundo\RGB_JPG_IMPUREZAS\grao_DSC_0259_id90.png,RGB_JPG_IMPUREZAS,RGB_JPG_IMPUREZAS
C:\Users\eduar\Desktop\Soybe-main\data\com_fundo\RGB_JPG_IMPUREZAS\grao_DSC_0259_id92.png,RGB_JPG_IMPUREZAS,RGB_JPG_IMPUREZAS
C:\Users\eduar\Desktop\Soybe-main\data\com_fundo\RGB_JPG_IMPUREZAS\grao_DSC_0259_id94.png,RGB_JPG_IMPUREZAS,RGB_JPG_IMPUREZAS
C:\Users\eduar\Desktop\Soybe-main\data\com_fundo\RGB_JPG_IMPUREZAS\grao_DSC_0259_id95.png,RGB_JPG_IMPUREZAS,RGB_JPG_IMPUREZAS
C:\Users\eduar\Desktop\Soybe-main\data\com_fundo\RGB_JPG_IMPUREZAS\grao_DSC_0259_id96.png,RGB_JPG_IMPUREZAS,RGB_JPG_IMPUREZAS
C:\Users\eduar\Desktop\Soybe-main\data\com_fundo\RGB_JPG_IMPUREZAS\grao_DSC_0262_id1.png,RGB_JPG_IMPUREZAS,RGB_JPG_IMPUREZAS
C:\Users\eduar\Desktop\Soybe-main\data\com_fundo\RGB_JPG_IMPUREZAS\grao_DSC_0262_id10.png,RGB_JPG_IMPUREZAS,RGB_JPG_IMPUREZAS
C:\Users\eduar\Desktop\Soybe-main\data\com_fundo\RGB_JPG_IMPUREZAS\grao_DSC_0262_id102.png,RGB_JPG_IMPUREZAS,RGB_JPG_IMPUREZAS
C:\Users\eduar\Desktop\Soybe-main\data\com_fundo\RGB_JPG_IMPUREZAS\grao_DSC_0262_id103.png,RGB_JPG_IMPUREZAS,RGB_JPG_IMPUREZAS
C:\Users\eduar\Desktop\Soybe-main\data\com_fundo\RGB_JPG_IMPUREZAS\grao_DSC_0262_id104.png,RGB_JPG_IMPUREZAS,RGB_JPG_IMPUREZAS
C:\Users\eduar\Desktop\Soybe-main\data\com_fundo\RGB_JPG_IMPUREZAS\grao_DSC_0262_id105.png,RGB_JPG_IMPUREZAS,RGB_JPG_IMPUREZAS
C:\Users\eduar\Desktop\Soybe-main\data\com_fundo\RGB_JPG_IMPUREZAS\grao_DSC_0262_id106.png,RGB_JPG_IMPUREZAS,RGB_JPG_IMPUREZAS
C:\Users\eduar\Desktop\Soybe-main\data\com_fundo\RGB_JPG_IMPUREZAS\grao_DSC_0262_id107.png,RGB_JPG_IMPUREZAS,RGB_JPG_IMPUREZAS
C:\Users\eduar\Desktop\Soybe-main\data\com_fundo\RGB_JPG_IMPUREZAS\grao_DSC_0262_id108.png,RGB_JPG_IMPUREZAS,RGB_JPG_IMPUREZAS
C:\Users\eduar\Desktop\Soybe-main\data\com_fundo\RGB_JPG_IMPUREZAS\grao_DSC_0262_id109.png,RGB_JPG_IMPUREZAS,RGB_JPG_IMPUREZAS
C:\Users\eduar\Desktop\Soybe-main\data\com_fundo\RGB_JPG_IMPUREZAS\grao_DSC_0262_id111.png,RGB_JPG_IMPUREZAS,RGB_JPG_IMPUREZAS
C:\Users\eduar\Desktop\Soybe-main\data\com_fundo\RGB_JPG_IMPUREZAS\grao_DSC_0262_id114.png,RGB_JPG_IMPUREZAS,RGB_JPG_IMPUREZAS
C:\Users\eduar\Desktop\Soybe-main\data\com_fundo\RGB_JPG_IMPUREZAS\grao_DSC_0262_id123.png,RGB_JPG_IMPUREZAS,RGB_JPG_IMPUREZAS
C:\Users\eduar\Desktop\Soybe-main\data\com_fundo\RGB_JPG_IMPUREZAS\grao_DSC_0262_id124.png,RGB_JPG_IMPUREZAS,RGB_JPG_IMPUREZAS
C:\Users\eduar\Desktop\Soybe-main\data\com_fundo\RGB_JPG_IMPUREZAS\grao_DSC_0262_id125.png,RGB_JPG_IMPUREZAS,RGB_JPG_IMPUREZAS
C:\Users\eduar\Desktop\Soybe-main\data\com_fundo\RGB_JPG_IMPUREZAS\grao_DSC_0262_id126.png,RGB_JPG_IMPUREZAS,RGB_JPG_IMPUREZAS
C:\Users\eduar\Desktop\Soybe-main\data\com_fundo\RGB_JPG_IMPUREZAS\grao_DSC_0262_id127.png,RGB_JPG_IMPUREZAS,RGB_JPG_IMPUREZAS
C:\Users\eduar\Desktop\Soybe-main\data\com_fundo\RGB_JPG_IMPUREZAS\grao_DSC_0262_id129.png,RGB_JPG_IMPUREZAS,RGB_JPG_IMPUREZAS
C:\Users\eduar\Desktop\Soybe-main\data\com_fundo\RGB_JPG_IMPUREZAS\grao_DSC_0262_id130.png,RGB_JPG_IMPUREZAS,RGB_JPG_IMPUREZAS
C:\Users\eduar\Desktop\Soybe-main\data\com_fundo\RGB_JPG_IMPUREZAS\grao_DSC_0262_id132.png,RGB_JPG_IMPUREZAS,RGB_JPG_IMPUREZAS
C:\Users\eduar\Desktop\Soybe-main\data\com_fundo\RGB_JPG_IMPUREZAS\grao_DSC_0262_id134.png,RGB_JPG_IMPUREZAS,RGB_JPG_IMPUREZAS
C:\Users\eduar\Desktop\Soybe-main\data\com_fundo\RGB_JPG_IMPUREZAS\grao_DSC_0262_id137.png,RGB_JPG_IMPUREZAS,RGB_JPG_IMPUREZAS
C:\Users\eduar\Desktop\Soybe-main\data\com_fundo\RGB_JPG_IMPUREZAS\grao_DSC_0262_id145.png,RGB_JPG_IMPUREZAS,RGB_JPG_IMPUREZAS
C:\Users\eduar\Desktop\Soybe-main\data\com_fundo\RGB_JPG_IMPUREZAS\grao_DSC_0262_id146.png,RGB_JPG_IMPUREZAS,RGB_JPG_IMPUREZAS
C:\Users\eduar\Desktop\Soybe-main\data\com_fundo\RGB_JPG_IMPUREZAS\grao_DSC_0262_id148.png,RGB_JPG_IMPUREZAS,RGB_JPG_IMPUREZAS
C:\Users\eduar\Desktop\Soybe-main\data\com_fundo\RGB_JPG_IMPUREZAS\grao_DSC_0262_id149.png,RGB_JPG_IMPUREZAS,RGB_JPG_IMPUREZAS
C:\Users\eduar\Desktop\Soybe-main\data\com_fundo\RGB_JPG_IMPUREZAS\grao_DSC_0262_id152.png,RGB_JPG_IMPUREZAS,RGB_JPG_IMPUREZAS
C:\Users\eduar\Desktop\Soybe-main\data\com_fundo\RGB_JPG_IMPUREZAS\grao_DSC_0262_id153.png,RGB_JPG_IMPUREZAS,RGB_JPG_IMPUREZAS
C:\Users\eduar\Desktop\Soybe-main\data\com_fundo\RGB_JPG_IMPUREZAS\grao_DSC_0262_id154.png,RGB_JPG_IMPUREZAS,RGB_JPG_IMPUREZAS
C:\Users\eduar\Desktop\Soybe-main\data\com_fundo\RGB_JPG_IMPUREZAS\grao_DSC_0262_id155.png,RGB_JPG_IMPUREZAS,RGB_JPG_IMPUREZAS
C:\Users\eduar\Desktop\Soybe-main\data\com_fundo\RGB_JPG_IMPUREZAS\grao_DSC_0262_id156.png,RGB_JPG_IMPUREZAS,RGB_JPG_IMPUREZAS
C:\Users\eduar\Desktop\Soybe-main\data\com_fundo\RGB_JPG_IMPUREZAS\grao_DSC_0262_id157.png,RGB_JPG_IMPUREZAS,RGB_JPG_IMPUREZAS
C:\Users\eduar\Desktop\Soybe-main\data\com_fundo\RGB_JPG_IMPUREZAS\grao_DSC_0262_id163.png,RGB_JPG_IMPUREZAS,RGB_JPG_IMPUREZAS
C:\Users\eduar\Desktop\Soybe-main\data\com_fundo\RGB_JPG_IMPUREZAS\grao_DSC_0262_id166.png,RGB_JPG_IMPUREZAS,RGB_JPG_IMPUREZAS
C:\Users\eduar\Desktop\Soybe-main\data\com_fundo\RGB_JPG_IMPUREZAS\grao_DSC_0262_id171.png,RGB_JPG_IMPUREZAS,RGB_JPG_IMPUREZAS
C:\Users\eduar\Desktop\Soybe-main\data\com_fundo\RGB_JPG_IMPUREZAS\grao_DSC_0262_id176.png,RGB_JPG_IMPUREZAS,RGB_JPG_IMPUREZAS
C:\Users\eduar\Desktop\Soybe-main\data\com_fundo\RGB_JPG_IMPUREZAS\grao_DSC_0262_id177.png,RGB_JPG_IMPUREZAS,RGB_JPG_IMPUREZAS
C:\Users\eduar\Desktop\Soybe-main\data\com_fundo\RGB_JPG_IMPUREZAS\grao_DSC_0262_id178.png,RGB_JPG_IMPUREZAS,RGB_JPG_IMPUREZAS
C:\Users\eduar\Desktop\Soybe-main\data\com_fundo\RGB_JPG_IMPUREZAS\grao_DSC_0262_id179.png,RGB_JPG_IMPUREZAS,RGB_JPG_IMPUREZAS
C:\Users\eduar\Desktop\Soybe-main\data\com_fundo\RGB_JPG_IMPUREZAS\grao_DSC_0262_id180.png,RGB_JPG_IMPUREZAS,RGB_JPG_IMPUREZAS
C:\Users\eduar\Desktop\Soybe-main\data\com_fundo\RGB_JPG_IMPUREZAS\grao_DSC_0262_id181.png,RGB_JPG_IMPUREZAS,RGB_JPG_IMPUREZAS
C:\Users\eduar\Desktop\Soybe-main\data\com_fundo\RGB_JPG_IMPUREZAS\grao_DSC_0262_id182.png,RGB_JPG_IMPUREZAS,RGB_JPG_IMPUREZAS
C:\Users\eduar\Desktop\Soybe-main\data\com_fundo\RGB_JPG_IMPUREZAS\grao_DSC_0262_id183.png,RGB_JPG_IMPUREZAS,RGB_JPG_IMPUREZAS
C:\Users\eduar\Desktop\Soybe-main\data\com_fundo\RGB_JPG_IMPUREZAS\grao_DSC_0262_id184.png,RGB_JPG_IMPUREZAS,RGB_JPG_IMPUREZAS
C:\Users\eduar\Desktop\Soybe-main\data\com_fundo\RGB_JPG_IMPUREZAS\grao_DSC_0262_id185.png,RGB_JPG_IMPUREZAS,RGB_JPG_IMPUREZAS
C:\Users\eduar\Desktop\Soybe-main\data\com_fundo\RGB_JPG_IMPUREZAS\grao_DSC_0262_id189.png,RGB_JPG_IMPUREZAS,RGB_JPG_IMPUREZAS
C:\Users\eduar\Desktop\Soybe-main\data\com_fundo\RGB_JPG_IMPUREZAS\grao_DSC_0262_id19.png,RGB_JPG_IMPUREZAS,RGB_JPG_IMPUREZAS
C:\Users\eduar\Desktop\Soybe-main\data\com_fundo\RGB_JPG_IMPUREZAS\grao_DSC_0262_id191.png,RGB_JPG_IMPUREZAS,RGB_JPG_IMPUREZAS
C:\Users\eduar\Desktop\Soybe-main\data\com_fundo\RGB_JPG_IMPUREZAS\grao_DSC_0262_id195.png,RGB_JPG_IMPUREZAS,RGB_JPG_IMPUREZAS
C:\Users\eduar\Desktop\Soybe-main\data\com_fundo\RGB_JPG_IMPUREZAS\grao_DSC_0262_id196.png,RGB_JPG_IMPUREZAS,RGB_JPG_IMPUREZAS
C:\Users\eduar\Desktop\Soybe-main\data\com_fundo\RGB_JPG_IMPUREZAS\grao_DSC_0262_id197.png,RGB_JPG_IMPUREZAS,RGB_JPG_IMPUREZAS
C:\Users\eduar\Desktop\Soybe-main\data\com_fundo\RGB_JPG_IMPUREZAS\grao_DSC_0262_id198.png,RGB_JPG_IMPUREZAS,RGB_JPG_IMPUREZAS
C:\Users\eduar\Desktop\Soybe-main\data\com_fundo\RGB_JPG_IMPUREZAS\grao_DSC_0262_id199.png,RGB_JPG_IMPUREZAS,RGB_JPG_IMPUREZAS
C:\Users\eduar\Desktop\Soybe-main\data\com_fundo\RGB_JPG_IMPUREZAS\grao_DSC_0262_id2.png,RGB_JPG_IMPUREZAS,RGB_JPG_IMPUREZAS
C:\Users\eduar\Desktop\Soybe-main\data\com_fundo\RGB_JPG_IMPUREZAS\grao_DSC_0262_id20.png,RGB_JPG_IMPUREZAS,RGB_JPG_IMPUREZAS
C:\Users\eduar\Desktop\Soybe-main\data\com_fundo\RGB_JPG_IMPUREZAS\grao_DSC_0262_id200.png,RGB_JPG_IMPUREZAS,RGB_JPG_IMPUREZAS
C:\Users\eduar\Desktop\Soybe-main\data\com_fundo\RGB_JPG_IMPUREZAS\grao_DSC_0262_id201.png,RGB_JPG_IMPUREZAS,RGB_JPG_IMPUREZAS
C:\Users\eduar\Desktop\Soybe-main\data\com_fundo\RGB_JPG_IMPUREZAS\grao_DSC_0262_id202.png,RGB_JPG_IMPUREZAS,RGB_JPG_IMPUREZAS
C:\Users\eduar\Desktop\Soybe-main\data\com_fundo\RGB_JPG_IMPUREZAS\grao_DSC_0262_id203.png,RGB_JPG_IMPUREZAS,RGB_JPG_IMPUREZAS
C:\Users\eduar\Desktop\Soybe-main\data\com_fundo\RGB_JPG_IMPUREZAS\grao_DSC_0262_id206.png,RGB_JPG_IMPUREZAS,RGB_JPG_IMPUREZAS
C:\Users\eduar\Desktop\Soybe-main\data\com_fundo\RGB_JPG_IMPUREZAS\grao_DSC_0262_id207.png,RGB_JPG_IMPUREZAS,RGB_JPG_IMPUREZAS
C:\Users\eduar\Desktop\Soybe-main\data\com_fundo\RGB_JPG_IMPUREZAS\grao_DSC_0262_id209.png,RGB_JPG_IMPUREZAS,RGB_JPG_IMPUREZAS
C:\Users\eduar\Desktop\Soybe-main\data\com_fundo\RGB_JPG_IMPUREZAS\grao_DSC_0262_id21.png,RGB_JPG_IMPUREZAS,RGB_JPG_IMPUREZAS
C:\Users\eduar\Desktop\Soybe-main\data\com_fundo\RGB_JPG_IMPUREZAS\grao_DSC_0262_id210.png,RGB_JPG_IMPUREZAS,RGB_JPG_IMPUREZAS
C:\Users\eduar\Desktop\Soybe-main\data\com_fundo\RGB_JPG_IMPUREZAS\grao_DSC_0262_id212.png,RGB_JPG_IMPUREZAS,RGB_JPG_IMPUREZAS
C:\Users\eduar\Desktop\Soybe-main\data\com_fundo\RGB_JPG_IMPUREZAS\grao_DSC_0262_id214.png,RGB_JPG_IMPUREZAS,RGB_JPG_IMPUREZAS
C:\Users\eduar\Desktop\Soybe-main\data\com_fundo\RGB_JPG_IMPUREZAS\grao_DSC_0262_id216.png,RGB_JPG_IMPUREZAS,RGB_JPG_IMPUREZAS
C:\Users\eduar\Desktop\Soybe-main\data\com_fundo\RGB_JPG_IMPUREZAS\grao_DSC_0262_id217.png,RGB_JPG_IMPUREZAS,RGB_JPG_IMPUREZAS
C:\Users\eduar\Desktop\Soybe-main\data\com_fundo\RGB_JPG_IMPUREZAS\grao_DSC_0262_id22.png,RGB_JPG_IMPUREZAS,RGB_JPG_IMPUREZAS
C:\Users\eduar\Desktop\Soybe-main\data\com_fundo\RGB_JPG_IMPUREZAS\grao_DSC_0262_id23.png,RGB_JPG_IMPUREZAS,RGB_JPG_IMPUREZAS
C:\Users\eduar\Desktop\Soybe-main\data\com_fundo\RGB_JPG_IMPUREZAS\grao_DSC_0262_id25.png,RGB_JPG_IMPUREZAS,RGB_JPG_IMPUREZAS
C:\Users\eduar\Desktop\Soybe-main\data\com_fundo\RGB_JPG_IMPUREZAS\grao_DSC_0262_id26.png,RGB_JPG_IMPUREZAS,RGB_JPG_IMPUREZAS
C:\Users\eduar\Desktop\Soybe-main\data\com_fundo\RGB_JPG_IMPUREZAS\grao_DSC_0262_id28.png,RGB_JPG_IMPUREZAS,RGB_JPG_IMPUREZAS
C:\Users\eduar\Desktop\Soybe-main\data\com_fundo\RGB_JPG_IMPUREZAS\grao_DSC_0262_id29.png,RGB_JPG_IMPUREZAS,RGB_JPG_IMPUREZAS
C:\Users\eduar\Desktop\Soybe-main\data\com_fundo\RGB_JPG_IMPUREZAS\grao_DSC_0262_id3.png,RGB_JPG_IMPUREZAS,RGB_JPG_IMPUREZAS
C:\Users\eduar\Desktop\Soybe-main\data\com_fundo\RGB_JPG_IMPUREZAS\grao_DSC_0262_id30.png,RGB_JPG_IMPUREZAS,RGB_JPG_IMPUREZAS
C:\Users\eduar\Desktop\Soybe-main\data\com_fundo\RGB_JPG_IMPUREZAS\grao_DSC_0262_id33.png,RGB_JPG_IMPUREZAS,RGB_JPG_IMPUREZAS
C:\Users\eduar\Desktop\Soybe-main\data\com_fundo\RGB_JPG_IMPUREZAS\grao_DSC_0262_id4.png,RGB_JPG_IMPUREZAS,RGB_JPG_IMPUREZAS
C:\Users\eduar\Desktop\Soybe-main\data\com_fundo\RGB_JPG_IMPUREZAS\grao_DSC_0262_id40.png,RGB_JPG_IMPUREZAS,RGB_JPG_IMPUREZAS
C:\Users\eduar\Desktop\Soybe-main\data\com_fundo\RGB_JPG_IMPUREZAS\grao_DSC_0262_id41.png,RGB_JPG_IMPUREZAS,RGB_JPG_IMPUREZAS
C:\Users\eduar\Desktop\Soybe-main\data\com_fundo\RGB_JPG_IMPUREZAS\grao_DSC_0262_id42.png,RGB_JPG_IMPUREZAS,RGB_JPG_IMPUREZAS
C:\Users\eduar\Desktop\Soybe-main\data\com_fundo\RGB_JPG_IMPUREZAS\grao_DSC_0262_id43.png,RGB_JPG_IMPUREZAS,RGB_JPG_IMPUREZAS
C:\Users\eduar\Desktop\Soybe-main\data\com_fundo\RGB_JPG_IMPUREZAS\grao_DSC_0262_id44.png,RGB_JPG_IMPUREZAS,RGB_JPG_IMPUREZAS
C:\Users\eduar\Desktop\Soybe-main\data\com_fundo\RGB_JPG_IMPUREZAS\grao_DSC_0262_id46.png,RGB_JPG_IMPUREZAS,RGB_JPG_IMPUREZAS
C:\Users\eduar\Desktop\Soybe-main\data\com_fundo\RGB_JPG_IMPUREZAS\grao_DSC_0262_id48.png,RGB_JPG_IMPUREZAS,RGB_JPG_IMPUREZAS
C:\Users\eduar\Desktop\Soybe-main\data\com_fundo\RGB_JPG_IMPUREZAS\grao_DSC_0262_id49.png,RGB_JPG_IMPUREZAS,RGB_JPG_IMPUREZAS
C:\Users\eduar\Desktop\Soybe-main\data\com_fundo\RGB_JPG_IMPUREZAS\grao_DSC_0262_id51.png,RGB_JPG_IMPUREZAS,RGB_JPG_IMPUREZAS
C:\Users\eduar\Desktop\Soybe-main\data\com_fundo\RGB_JPG_IMPUREZAS\grao_DSC_0262_id52.png,RGB_JPG_IMPUREZAS,RGB_JPG_IMPUREZAS
C:\Users\eduar\Desktop\Soybe-main\data\com_fundo\RGB_JPG_IMPUREZAS\grao_DSC_0262_id53.png,RGB_JPG_IMPUREZAS,RGB_JPG_IMPUREZAS
C:\Users\eduar\Desktop\Soybe-main\data\com_fundo\RGB_JPG_IMPUREZAS\grao_DSC_0262_id54.png,RGB_JPG_IMPUREZAS,RGB_JPG_IMPUREZAS
C:\Users\eduar\Desktop\Soybe-main\data\com_fundo\RGB_JPG_IMPUREZAS\grao_DSC_0262_id55.png,RGB_JPG_IMPUREZAS,RGB_JPG_IMPUREZAS
C:\Users\eduar\Desktop\Soybe-main\data\com_fundo\RGB_JPG_IMPUREZAS\grao_DSC_0262_id56.png,RGB_JPG_IMPUREZAS,RGB_JPG_IMPUREZAS
C:\Users\eduar\Desktop\Soybe-main\data\com_fundo\RGB_JPG_IMPUREZAS\grao_DSC_0262_id57.png,RGB_JPG_IMPUREZAS,RGB_JPG_IMPUREZAS
C:\Users\eduar\Desktop\Soybe-main\data\com_fundo\RGB_JPG_IMPUREZAS\grao_DSC_0262_id58.png,RGB_JPG_IMPUREZAS,RGB_JPG_IMPUREZAS
C:\Users\eduar\Desktop\Soybe-main\data\com_fundo\RGB_JPG_IMPUREZAS\grao_DSC_0262_id6.png,RGB_JPG_IMPUREZAS,RGB_JPG_IMPUREZAS
C:\Users\eduar\Desktop\Soybe-main\data\com_fundo\RGB_JPG_IMPUREZAS\grao_DSC_0262_id60.png,RGB_JPG_IMPUREZAS,RGB_JPG_IMPUREZAS
C:\Users\eduar\Desktop\Soybe-main\data\com_fundo\RGB_JPG_IMPUREZAS\grao_DSC_0262_id64.png,RGB_JPG_IMPUREZAS,RGB_JPG_IMPUREZAS
C:\Users\eduar\Desktop\Soybe-main\data\com_fundo\RGB_JPG_IMPUREZAS\grao_DSC_0262_id7.png,RGB_JPG_IMPUREZAS,RGB_JPG_IMPUREZAS
C:\Users\eduar\Desktop\Soybe-main\data\com_fundo\RGB_JPG_IMPUREZAS\grao_DSC_0262_id70.png,RGB_JPG_IMPUREZAS,RGB_JPG_IMPUREZAS
C:\Users\eduar\Desktop\Soybe-main\data\com_fundo\RGB_JPG_IMPUREZAS\grao_DSC_0262_id71.png,RGB_JPG_IMPUREZAS,RGB_JPG_IMPUREZAS
C:\Users\eduar\Desktop\Soybe-main\data\com_fundo\RGB_JPG_IMPUREZAS\grao_DSC_0262_id73.png,RGB_JPG_IMPUREZAS,RGB_JPG_IMPUREZAS
C:\Users\eduar\Desktop\Soybe-main\data\com_fundo\RGB_JPG_IMPUREZAS\grao_DSC_0262_id74.png,RGB_JPG_IMPUREZAS,RGB_JPG_IMPUREZAS
C:\Users\eduar\Desktop\Soybe-main\data\com_fundo\RGB_JPG_IMPUREZAS\grao_DSC_0262_id75.png,RGB_JPG_IMPUREZAS,RGB_JPG_IMPUREZAS
C:\Users\eduar\Desktop\Soybe-main\data\com_fundo\RGB_JPG_IMPUREZAS\grao_DSC_0262_id76.png,RGB_JPG_IMPUREZAS,RGB_JPG_IMPUREZAS
C:\Users\eduar\Desktop\Soybe-main\data\com_fundo\RGB_JPG_IMPUREZAS\grao_DSC_0262_id77.png,RGB_JPG_IMPUREZAS,RGB_JPG_IMPUREZAS
C:\Users\eduar\Desktop\Soybe-main\data\com_fundo\RGB_JPG_IMPUREZAS\grao_DSC_0262_id78.png,RGB_JPG_IMPUREZAS,RGB_JPG_IMPUREZAS
C:\Users\eduar\Desktop\Soybe-main\data\com_fundo\RGB_JPG_IMPUREZAS\grao_DSC_0262_id79.png,RGB_JPG_IMPUREZAS,RGB_JPG_IMPUREZAS
C:\Users\eduar\Desktop\Soybe-main\data\com_fundo\RGB_JPG_IMPUREZAS\grao_DSC_0262_id80.png,RGB_JPG_IMPUREZAS,RGB_JPG_IMPUREZAS
C:\Users\eduar\Desktop\Soybe-main\data\com_fundo\RGB_JPG_IMPUREZAS\grao_DSC_0262_id81.png,RGB_JPG_IMPUREZAS,RGB_JPG_IMPUREZAS
C:\Users\eduar\Desktop\Soybe-main\data\com_fundo\RGB_JPG_IMPUREZAS\grao_DSC_0262_id83.png,RGB_JPG_IMPUREZAS,RGB_JPG_IMPUREZAS
C:\Users\eduar\Desktop\Soybe-main\data\com_fundo\RGB_JPG_IMPUREZAS\grao_DSC_0262_id84.png,RGB_JPG_IMPUREZAS,RGB_JPG_IMPUREZAS
C:\Users\eduar\Desktop\Soybe-main\data\com_fundo\RGB_JPG_IMPUREZAS\grao_DSC_0262_id86.png,RGB_JPG_IMPUREZAS,RGB_JPG_IMPUREZAS
C:\Users\eduar\Desktop\Soybe-main\data\com_fundo\RGB_JPG_IMPUREZAS\grao_DSC_0262_id88.png,RGB_JPG_IMPUREZAS,RGB_JPG_IMPUREZAS
C:\Users\eduar\Desktop\Soybe-main\data\com_fundo\RGB_JPG_IMPUREZAS\grao_DSC_0262_id89.png,RGB_JPG_IMPUREZAS,RGB_JPG_IMPUREZAS
C:\Users\eduar\Desktop\Soybe-main\data\com_fundo\RGB_JPG_IMPUREZAS\grao_DSC_0262_id9.png,RGB_JPG_IMPUREZAS,RGB_JPG_IMPUREZAS
C:\Users\eduar\Desktop\Soybe-main\data\com_fundo\RGB_JPG_IMPUREZAS\grao_DSC_0262_id90.png,RGB_JPG_IMPUREZAS,RGB_JPG_IMPUREZAS
C:\Users\eduar\Desktop\Soybe-main\data\com_fundo\RGB_JPG_IMPUREZAS\grao_DSC_0262_id91.png,RGB_JPG_IMPUREZAS,RGB_JPG_IMPUREZAS
C:\Users\eduar\Desktop\Soybe-main\data\com_fundo\RGB_JPG_IMPUREZAS\grao_DSC_0262_id99.png,RGB_JPG_IMPUREZAS,RGB_JPG_IMPUREZAS
C:\Users\eduar\Desktop\Soybe-main\data\com_fundo\RGB_JPG_IMPUREZAS\grao_DSC_0274_id1.png,RGB_JPG_IMPUREZAS,RGB_JPG_IMPUREZAS
C:\Users\eduar\Desktop\Soybe-main\data\com_fundo\RGB_JPG_IMPUREZAS\grao_DSC_0274_id103.png,RGB_JPG_IMPUREZAS,RGB_JPG_IMPUREZAS
C:\Users\eduar\Desktop\Soybe-main\data\com_fundo\RGB_JPG_IMPUREZAS\grao_DSC_0274_id104.png,RGB_JPG_IMPUREZAS,RGB_JPG_IMPUREZAS
C:\Users\eduar\Desktop\Soybe-main\data\com_fundo\RGB_JPG_IMPUREZAS\grao_DSC_0274_id106.png,RGB_JPG_IMPUREZAS,RGB_JPG_IMPUREZAS
C:\Users\eduar\Desktop\Soybe-main\data\com_fundo\RGB_JPG_IMPUREZAS\grao_DSC_0274_id107.png,RGB_JPG_IMPUREZAS,RGB_JPG_IMPUREZAS
C:\Users\eduar\Desktop\Soybe-main\data\com_fundo\RGB_JPG_IMPUREZAS\grao_DSC_0274_id108.png,RGB_JPG_IMPUREZAS,RGB_JPG_IMPUREZAS
C:\Users\eduar\Desktop\Soybe-main\data\com_fundo\RGB_JPG_IMPUREZAS\grao_DSC_0274_id109.png,RGB_JPG_IMPUREZAS,RGB_JPG_IMPUREZAS
C:\Users\eduar\Desktop\Soybe-main\data\com_fundo\RGB_JPG_IMPUREZAS\grao_DSC_0274_id11.png,RGB_JPG_IMPUREZAS,RGB_JPG_IMPUREZAS
C:\Users\eduar\Desktop\Soybe-main\data\com_fundo\RGB_JPG_IMPUREZAS\grao_DSC_0274_id111.png,RGB_JPG_IMPUREZAS,RGB_JPG_IMPUREZAS
C:\Users\eduar\Desktop\Soybe-main\data\com_fundo\RGB_JPG_IMPUREZAS\grao_DSC_0274_id112.png,RGB_JPG_IMPUREZAS,RGB_JPG_IMPUREZAS
C:\Users\eduar\Desktop\Soybe-main\data\com_fundo\RGB_JPG_IMPUREZAS\grao_DSC_0274_id113.png,RGB_JPG_IMPUREZAS,RGB_JPG_IMPUREZAS
C:\Users\eduar\Desktop\Soybe-main\data\com_fundo\RGB_JPG_IMPUREZAS\grao_DSC_0274_id116.png,RGB_JPG_IMPUREZAS,RGB_JPG_IMPUREZAS
C:\Users\eduar\Desktop\Soybe-main\data\com_fundo\RGB_JPG_IMPUREZAS\grao_DSC_0274_id12.png,RGB_JPG_IMPUREZAS,RGB_JPG_IMPUREZAS
C:\Users\eduar\Desktop\Soybe-main\data\com_fundo\RGB_JPG_IMPUREZAS\grao_DSC_0274_id120.png,RGB_JPG_IMPUREZAS,RGB_JPG_IMPUREZAS
C:\Users\eduar\Desktop\Soybe-main\data\com_fundo\RGB_JPG_IMPUREZAS\grao_DSC_0274_id121.png,RGB_JPG_IMPUREZAS,RGB_JPG_IMPUREZAS
C:\Users\eduar\Desktop\Soybe-main\data\com_fundo\RGB_JPG_IMPUREZAS\grao_DSC_0274_id123.png,RGB_JPG_IMPUREZAS,RGB_JPG_IMPUREZAS
C:\Users\eduar\Desktop\Soybe-main\data\com_fundo\RGB_JPG_IMPUREZAS\grao_DSC_0274_id124.png,RGB_JPG_IMPUREZAS,RGB_JPG_IMPUREZAS
C:\Users\eduar\Desktop\Soybe-main\data\com_fundo\RGB_JPG_IMPUREZAS\grao_DSC_0274_id125.png,RGB_JPG_IMPUREZAS,RGB_JPG_IMPUREZAS
C:\Users\eduar\Desktop\Soybe-main\data\com_fundo\RGB_JPG_IMPUREZAS\grao_DSC_0274_id127.png,RGB_JPG_IMPUREZAS,RGB_JPG_IMPUREZAS
C:\Users\eduar\Desktop\Soybe-main\data\com_fundo\RGB_JPG_IMPUREZAS\grao_DSC_0274_id129.png,RGB_JPG_IMPUREZAS,RGB_JPG_IMPUREZAS
C:\Users\eduar\Desktop\Soybe-main\data\com_fundo\RGB_JPG_IMPUREZAS\grao_DSC_0274_id13.png,RGB_JPG_IMPUREZAS,RGB_JPG_IMPUREZAS
C:\Users\eduar\Desktop\Soybe-main\data\com_fundo\RGB_JPG_IMPUREZAS\grao_DSC_0274_id130.png,RGB_JPG_IMPUREZAS,RGB_JPG_IMPUREZAS
C:\Users\eduar\Desktop\Soybe-main\data\com_fundo\RGB_JPG_IMPUREZAS\grao_DSC_0274_id131.png,RGB_JPG_IMPUREZAS,RGB_JPG_IMPUREZAS
C:\Users\eduar\Desktop\Soybe-main\data\com_fundo\RGB_JPG_IMPUREZAS\grao_DSC_0274_id132.png,RGB_JPG_IMPUREZAS,RGB_JPG_IMPUREZAS
C:\Users\eduar\Desktop\Soybe-main\data\com_fundo\RGB_JPG_IMPUREZAS\grao_DSC_0274_id133.png,RGB_JPG_IMPUREZAS,RGB_JPG_IMPUREZAS
C:\Users\eduar\Desktop\Soybe-main\data\com_fundo\RGB_JPG_IMPUREZAS\grao_DSC_0274_id134.png,RGB_JPG_IMPUREZAS,RGB_JPG_IMPUREZAS
C:\Users\eduar\Desktop\Soybe-main\data\com_fundo\RGB_JPG_IMPUREZAS\grao_DSC_0274_id135.png,RGB_JPG_IMPUREZAS,RGB_JPG_IMPUREZAS
C:\Users\eduar\Desktop\Soybe-main\data\com_fundo\RGB_JPG_IMPUREZAS\grao_DSC_0274_id136.png,RGB_JPG_IMPUREZAS,RGB_JPG_IMPUREZAS
C:\Users\eduar\Desktop\Soybe-main\data\com_fundo\RGB_JPG_IMPUREZAS\grao_DSC_0274_id137.png,RGB_JPG_IMPUREZAS,RGB_JPG_IMPUREZAS
C:\Users\eduar\Desktop\Soybe-main\data\com_fundo\RGB_JPG_IMPUREZAS\grao_DSC_0274_id138.png,RGB_JPG_IMPUREZAS,RGB_JPG_IMPUREZAS
C:\Users\eduar\Desktop\Soybe-main\data\com_fundo\RGB_JPG_IMPUREZAS\grao_DSC_0274_id139.png,RGB_JPG_IMPUREZAS,RGB_JPG_IMPUREZAS
C:\Users\eduar\Desktop\Soybe-main\data\com_fundo\RGB_JPG_IMPUREZAS\grao_DSC_0274_id140.png,RGB_JPG_IMPUREZAS,RGB_JPG_IMPUREZAS
C:\Users\eduar\Desktop\Soybe-main\data\com_fundo\RGB_JPG_IMPUREZAS\grao_DSC_0274_id141.png,RGB_JPG_IMPUREZAS,RGB_JPG_IMPUREZAS
C:\Users\eduar\Desktop\Soybe-main\data\com_fundo\RGB_JPG_IMPUREZAS\grao_DSC_0274_id142.png,RGB_JPG_IMPUREZAS,RGB_JPG_IMPUREZAS
C:\Users\eduar\Desktop\Soybe-main\data\com_fundo\RGB_JPG_IMPUREZAS\grao_DSC_0274_id143.png,RGB_JPG_IMPUREZAS,RGB_JPG_IMPUREZAS
C:\Users\eduar\Desktop\Soybe-main\data\com_fundo\RGB_JPG_IMPUREZAS\grao_DSC_0274_id147.png,RGB_JPG_IMPUREZAS,RGB_JPG_IMPUREZAS
C:\Users\eduar\Desktop\Soybe-main\data\com_fundo\RGB_JPG_IMPUREZAS\grao_DSC_0274_id15.png,RGB_JPG_IMPUREZAS,RGB_JPG_IMPUREZAS
C:\Users\eduar\Desktop\Soybe-main\data\com_fundo\RGB_JPG_IMPUREZAS\grao_DSC_0274_id150.png,RGB_JPG_IMPUREZAS,RGB_JPG_IMPUREZAS
C:\Users\eduar\Desktop\Soybe-main\data\com_fundo\RGB_JPG_IMPUREZAS\grao_DSC_0274_id151.png,RGB_JPG_IMPUREZAS,RGB_JPG_IMPUREZAS
C:\Users\eduar\Desktop\Soybe-main\data\com_fundo\RGB_JPG_IMPUREZAS\grao_DSC_0274_id155.png,RGB_JPG_IMPUREZAS,RGB_JPG_IMPUREZAS
C:\Users\eduar\Desktop\Soybe-main\data\com_fundo\RGB_JPG_IMPUREZAS\grao_DSC_0274_id157.png,RGB_JPG_IMPUREZAS,RGB_JPG_IMPUREZAS
C:\Users\eduar\Desktop\Soybe-main\data\com_fundo\RGB_JPG_IMPUREZAS\grao_DSC_0274_id158.png,RGB_JPG_IMPUREZAS,RGB_JPG_IMPUREZAS
C:\Users\eduar\Desktop\Soybe-main\data\com_fundo\RGB_JPG_IMPUREZAS\grao_DSC_0274_id159.png,RGB_JPG_IMPUREZAS,RGB_JPG_IMPUREZAS
C:\Users\eduar\Desktop\Soybe-main\data\com_fundo\RGB_JPG_IMPUREZAS\grao_DSC_0274_id16.png,RGB_JPG_IMPUREZAS,RGB_JPG_IMPUREZAS
C:\Users\eduar\Desktop\Soybe-main\data\com_fundo\RGB_JPG_IMPUREZAS\grao_DSC_0274_id160.png,RGB_JPG_IMPUREZAS,RGB_JPG_IMPUREZAS
C:\Users\eduar\Desktop\Soybe-main\data\com_fundo\RGB_JPG_IMPUREZAS\grao_DSC_0274_id161.png,RGB_JPG_IMPUREZAS,RGB_JPG_IMPUREZAS
C:\Users\eduar\Desktop\Soybe-main\data\com_fundo\RGB_JPG_IMPUREZAS\grao_DSC_0274_id162.png,RGB_JPG_IMPUREZAS,RGB_JPG_IMPUREZAS
C:\Users\eduar\Desktop\Soybe-main\data\com_fundo\RGB_JPG_IMPUREZAS\grao_DSC_0274_id165.png,RGB_JPG_IMPUREZAS,RGB_JPG_IMPUREZAS
C:\Users\eduar\Desktop\Soybe-main\data\com_fundo\RGB_JPG_IMPUREZAS\grao_DSC_0274_id166.png,RGB_JPG_IMPUREZAS,RGB_JPG_IMPUREZAS
C:\Users\eduar\Desktop\Soybe-main\data\com_fundo\RGB_JPG_IMPUREZAS\grao_DSC_0274_id167.png,RGB_JPG_IMPUREZAS,RGB_JPG_IMPUREZAS
C:\Users\eduar\Desktop\Soybe-main\data\com_fundo\RGB_JPG_IMPUREZAS\grao_DSC_0274_id169.png,RGB_JPG_IMPUREZAS,RGB_JPG_IMPUREZAS
C:\Users\eduar\Desktop\Soybe-main\data\com_fundo\RGB_JPG_IMPUREZAS\grao_DSC_0274_id170.png,RGB_JPG_IMPUREZAS,RGB_JPG_IMPUREZAS
C:\Users\eduar\Desktop\Soybe-main\data\com_fundo\RGB_JPG_IMPUREZAS\grao_DSC_0274_id172.png,RGB_JPG_IMPUREZAS,RGB_JPG_IMPUREZAS
C:\Users\eduar\Desktop\Soybe-main\data\com_fundo\RGB_JPG_IMPUREZAS\grao_DSC_0274_id173.png,RGB_JPG_IMPUREZAS,RGB_JPG_IMPUREZAS
C:\Users\eduar\Desktop\Soybe-main\data\com_fundo\RGB_JPG_IMPUREZAS\grao_DSC_0274_id175.png,RGB_JPG_IMPUREZAS,RGB_JPG_IMPUREZAS
C:\Users\eduar\Desktop\Soybe-main\data\com_fundo\RGB_JPG_IMPUREZAS\grao_DSC_0274_id176.png,RGB_JPG_IMPUREZAS,RGB_JPG_IMPUREZAS
C:\Users\eduar\Desktop\Soybe-main\data\com_fundo\RGB_JPG_IMPUREZAS\grao_DSC_0274_id181.png,RGB_JPG_IMPUREZAS,RGB_JPG_IMPUREZAS
C:\Users\eduar\Desktop\Soybe-main\data\com_fundo\RGB_JPG_IMPUREZAS\grao_DSC_0274_id183.png,RGB_JPG_IMPUREZAS,RGB_JPG_IMPUREZAS
C:\Users\eduar\Desktop\Soybe-main\data\com_fundo\RGB_JPG_IMPUREZAS\grao_DSC_0274_id187.png,RGB_JPG_IMPUREZAS,RGB_JPG_IMPUREZAS
C:\Users\eduar\Desktop\Soybe-main\data\com_fundo\RGB_JPG_IMPUREZAS\grao_DSC_0274_id188.png,RGB_JPG_IMPUREZAS,RGB_JPG_IMPUREZAS
C:\Users\eduar\Desktop\Soybe-main\data\com_fundo\RGB_JPG_IMPUREZAS\grao_DSC_0274_id19.png,RGB_JPG_IMPUREZAS,RGB_JPG_IMPUREZAS
C:\Users\eduar\Desktop\Soybe-main\data\com_fundo\RGB_JPG_IMPUREZAS\grao_DSC_0274_id190.png,RGB_JPG_IMPUREZAS,RGB_JPG_IMPUREZAS
C:\Users\eduar\Desktop\Soybe-main\data\com_fundo\RGB_JPG_IMPUREZAS\grao_DSC_0274_id191.png,RGB_JPG_IMPUREZAS,RGB_JPG_IMPUREZAS
C:\Users\eduar\Desktop\Soybe-main\data\com_fundo\RGB_JPG_IMPUREZAS\grao_DSC_0274_id192.png,RGB_JPG_IMPUREZAS,RGB_JPG_IMPUREZAS
C:\Users\eduar\Desktop\Soybe-main\data\com_fundo\RGB_JPG_IMPUREZAS\grao_DSC_0274_id195.png,RGB_JPG_IMPUREZAS,RGB_JPG_IMPUREZAS
C:\Users\eduar\Desktop\Soybe-main\data\com_fundo\RGB_JPG_IMPUREZAS\grao_DSC_0274_id197.png,RGB_JPG_IMPUREZAS,RGB_JPG_IMPUREZAS
C:\Users\eduar\Desktop\Soybe-main\data\com_fundo\RGB_JPG_IMPUREZAS\grao_DSC_0274_id198.png,RGB_JPG_IMPUREZAS,RGB_JPG_IMPUREZAS
C:\Users\eduar\Desktop\Soybe-main\data\com_fundo\RGB_JPG_IMPUREZAS\grao_DSC_0274_id2.png,RGB_JPG_IMPUREZAS,RGB_JPG_IMPUREZAS
C:\Users\eduar\Desktop\Soybe-main\data\com_fundo\RGB_JPG_IMPUREZAS\grao_DSC_0274_id202.png,RGB_JPG_IMPUREZAS,RGB_JPG_IMPUREZAS
C:\Users\eduar\Desktop\Soybe-main\data\com_fundo\RGB_JPG_IMPUREZAS\grao_DSC_0274_id203.png,RGB_JPG_IMPUREZAS,RGB_JPG_IMPUREZAS
C:\Users\eduar\Desktop\Soybe-main\data\com_fundo\RGB_JPG_IMPUREZAS\grao_DSC_0274_id204.png,RGB_JPG_IMPUREZAS,RGB_JPG_IMPUREZAS
C:\Users\eduar\Desktop\Soybe-main\data\com_fundo\RGB_JPG_IMPUREZAS\grao_DSC_0274_id205.png,RGB_JPG_IMPUREZAS,RGB_JPG_IMPUREZAS
C:\Users\eduar\Desktop\Soybe-main\data\com_fundo\RGB_JPG_IMPUREZAS\grao_DSC_0274_id207.png,RGB_JPG_IMPUREZAS,RGB_JPG_IMPUREZAS
C:\Users\eduar\Desktop\Soybe-main\data\com_fundo\RGB_JPG_IMPUREZAS\grao_DSC_0274_id208.png,RGB_JPG_IMPUREZAS,RGB_JPG_IMPUREZAS
C:\Users\eduar\Desktop\Soybe-main\data\com_fundo\RGB_JPG_IMPUREZAS\grao_DSC_0274_id21.png,RGB_JPG_IMPUREZAS,RGB_JPG_IMPUREZAS
C:\Users\eduar\Desktop\Soybe-main\data\com_fundo\RGB_JPG_IMPUREZAS\grao_DSC_0274_id210.png,RGB_JPG_IMPUREZAS,RGB_JPG_IMPUREZAS
C:\Users\eduar\Desktop\Soybe-main\data\com_fundo\RGB_JPG_IMPUREZAS\grao_DSC_0274_id212.png,RGB_JPG_IMPUREZAS,RGB_JPG_IMPUREZAS
C:\Users\eduar\Desktop\Soybe-main\data\com_fundo\RGB_JPG_IMPUREZAS\grao_DSC_0274_id213.png,RGB_JPG_IMPUREZAS,RGB_JPG_IMPUREZAS
C:\Users\eduar\Desktop\Soybe-main\data\com_fundo\RGB_JPG_IMPUREZAS\grao_DSC_0274_id214.png,RGB_JPG_IMPUREZAS,RGB_JPG_IMPUREZAS
C:\Users\eduar\Desktop\Soybe-main\data\com_fundo\RGB_JPG_IMPUREZAS\grao_DSC_0274_id215.png,RGB_JPG_IMPUREZAS,RGB_JPG_IMPUREZAS
C:\Users\eduar\Desktop\Soybe-main\data\com_fundo\RGB_JPG_IMPUREZAS\grao_DSC_0274_id216.png,RGB_JPG_IMPUREZAS,RGB_JPG_IMPUREZAS
C:\Users\eduar\Desktop\Soybe-main\data\com_fundo\RGB_JPG_IMPUREZAS\grao_DSC_0274_id218.png,RGB_JPG_IMPUREZAS,RGB_JPG_IMPUREZAS
C:\Users\eduar\Desktop\Soybe-main\data\com_fundo\RGB_JPG_IMPUREZAS\grao_DSC_0274_id219.png,RGB_JPG_IMPUREZAS,RGB_JPG_IMPUREZAS
C:\Users\eduar\Desktop\Soybe-main\data\com_fundo\RGB_JPG_IMPUREZAS\grao_DSC_0274_id22.png,RGB_JPG_IMPUREZAS,RGB_JPG_IMPUREZAS
C:\Users\eduar\Desktop\Soybe-main\data\com_fundo\RGB_JPG_IMPUREZAS\grao_DSC_0274_id220.png,RGB_JPG_IMPUREZAS,RGB_JPG_IMPUREZAS
C:\Users\eduar\Desktop\Soybe-main\data\com_fundo\RGB_JPG_IMPUREZAS\grao_DSC_0274_id221.png,RGB_JPG_IMPUREZAS,RGB_JPG_IMPUREZAS
C:\Users\eduar\Desktop\Soybe-main\data\com_fundo\RGB_JPG_IMPUREZAS\grao_DSC_0274_id222.png,RGB_JPG_IMPUREZAS,RGB_JPG_IMPUREZAS
C:\Users\eduar\Desktop\Soybe-main\data\com_fundo\RGB_JPG_IMPUREZAS\grao_DSC_0274_id223.png,RGB_JPG_IMPUREZAS,RGB_JPG_IMPUREZAS
C:\Users\eduar\Desktop\Soybe-main\data\com_fundo\RGB_JPG_IMPUREZAS\grao_DSC_0274_id224.png,RGB_JPG_IMPUREZAS,RGB_JPG_IMPUREZAS
C:\Users\eduar\Desktop\Soybe-main\data\com_fundo\RGB_JPG_IMPUREZAS\grao_DSC_0274_id226.png,RGB_JPG_IMPUREZAS,RGB_JPG_IMPUREZAS
C:\Users\eduar\Desktop\Soybe-main\data\com_fundo\RGB_JPG_IMPUREZAS\grao_DSC_0274_id227.png,RGB_JPG_IMPUREZAS,RGB_JPG_IMPUREZAS
C:\Users\eduar\Desktop\Soybe-main\data\com_fundo\RGB_JPG_IMPUREZAS\grao_DSC_0274_id228.png,RGB_JPG_IMPUREZAS,RGB_JPG_IMPUREZAS
C:\Users\eduar\Desktop\Soybe-main\data\com_fundo\RGB_JPG_IMPUREZAS\grao_DSC_0274_id23.png,RGB_JPG_IMPUREZAS,RGB_JPG_IMPUREZAS
C:\Users\eduar\Desktop\Soybe-main\data\com_fundo\RGB_JPG_IMPUREZAS\grao_DSC_0274_id236.png,RGB_JPG_IMPUREZAS,RGB_JPG_IMPUREZAS
C:\Users\eduar\Desktop\Soybe-main\data\com_fundo\RGB_JPG_IMPUREZAS\grao_DSC_0274_id238.png,RGB_JPG_IMPUREZAS,RGB_JPG_IMPUREZAS
C:\Users\eduar\Desktop\Soybe-main\data\com_fundo\RGB_JPG_IMPUREZAS\grao_DSC_0274_id239.png,RGB_JPG_IMPUREZAS,RGB_JPG_IMPUREZAS
C:\Users\eduar\Desktop\Soybe-main\data\com_fundo\RGB_JPG_IMPUREZAS\grao_DSC_0274_id24.png,RGB_JPG_IMPUREZAS,RGB_JPG_IMPUREZAS
C:\Users\eduar\Desktop\Soybe-main\data\com_fundo\RGB_JPG_IMPUREZAS\grao_DSC_0274_id241.png,RGB_JPG_IMPUREZAS,RGB_JPG_IMPUREZAS
C:\Users\eduar\Desktop\Soybe-main\data\com_fundo\RGB_JPG_IMPUREZAS\grao_DSC_0274_id242.png,RGB_JPG_IMPUREZAS,RGB_JPG_IMPUREZAS
C:\Users\eduar\Desktop\Soybe-main\data\com_fundo\RGB_JPG_IMPUREZAS\grao_DSC_0274_id245.png,RGB_JPG_IMPUREZAS,RGB_JPG_IMPUREZAS
C:\Users\eduar\Desktop\Soybe-main\data\com_fundo\RGB_JPG_IMPUREZAS\grao_DSC_0274_id247.png,RGB_JPG_IMPUREZAS,RGB_JPG_IMPUREZAS
C:\Users\eduar\Desktop\Soybe-main\data\com_fundo\RGB_JPG_IMPUREZAS\grao_DSC_0274_id248.png,RGB_JPG_IMPUREZAS,RGB_JPG_IMPUREZAS
C:\Users\eduar\Desktop\Soybe-main\data\com_fundo\RGB_JPG_IMPUREZAS\grao_DSC_0274_id249.png,RGB_JPG_IMPUREZAS,RGB_JPG_IMPUREZAS
C:\Users\eduar\Desktop\Soybe-main\data\com_fundo\RGB_JPG_IMPUREZAS\grao_DSC_0274_id25.png,RGB_JPG_IMPUREZAS,RGB_JPG_IMPUREZAS
C:\Users\eduar\Desktop\Soybe-main\data\com_fundo\RGB_JPG_IMPUREZAS\grao_DSC_0274_id251.png,RGB_JPG_IMPUREZAS,RGB_JPG_IMPUREZAS
C:\Users\eduar\Desktop\Soybe-main\data\com_fundo\RGB_JPG_IMPUREZAS\grao_DSC_0274_id252.png,RGB_JPG_IMPUREZAS,RGB_JPG_IMPUREZAS
C:\Users\eduar\Desktop\Soybe-main\data\com_fundo\RGB_JPG_IMPUREZAS\grao_DSC_0274_id253.png,RGB_JPG_IMPUREZAS,RGB_JPG_IMPUREZAS
C:\Users\eduar\Desktop\Soybe-main\data\com_fundo\RGB_JPG_IMPUREZAS\grao_DSC_0274_id254.png,RGB_JPG_IMPUREZAS,RGB_JPG_IMPUREZAS
C:\Users\eduar\Desktop\Soybe-main\data\com_fundo\RGB_JPG_IMPUREZAS\grao_DSC_0274_id255.png,RGB_JPG_IMPUREZAS,RGB_JPG_IMPUREZAS
C:\Users\eduar\Desktop\Soybe-main\data\com_fundo\RGB_JPG_IMPUREZAS\grao_DSC_0274_id256.png,RGB_JPG_IMPUREZAS,RGB_JPG_IMPUREZAS
C:\Users\eduar\Desktop\Soybe-main\data\com_fundo\RGB_JPG_IMPUREZAS\grao_DSC_0274_id257.png,RGB_JPG_IMPUREZAS,RGB_JPG_IMPUREZAS
C:\Users\eduar\Desktop\Soybe-main\data\com_fundo\RGB_JPG_IMPUREZAS\grao_DSC_0274_id258.png,RGB_JPG_IMPUREZAS,RGB_JPG_IMPUREZAS
C:\Users\eduar\Desktop\Soybe-main\data\com_fundo\RGB_JPG_IMPUREZAS\grao_DSC_0274_id259.png,RGB_JPG_IMPUREZAS,RGB_JPG_IMPUREZAS
C:\Users\eduar\Desktop\Soybe-main\data\com_fundo\RGB_JPG_IMPUREZAS\grao_DSC_0274_id26.png,RGB_JPG_IMPUREZAS,RGB_JPG_IMPUREZAS
C:\Users\eduar\Desktop\Soybe-main\data\com_fundo\RGB_JPG_IMPUREZAS\grao_DSC_0274_id260.png,RGB_JPG_IMPUREZAS,RGB_JPG_IMPUREZAS
C:\Users\eduar\Desktop\Soybe-main\data\com_fundo\RGB_JPG_IMPUREZAS\grao_DSC_0274_id261.png,RGB_JPG_IMPUREZAS,RGB_JPG_IMPUREZAS
C:\Users\eduar\Desktop\Soybe-main\data\com_fundo\RGB_JPG_IMPUREZAS\grao_DSC_0274_id265.png,RGB_JPG_IMPUREZAS,RGB_JPG_IMPUREZAS
C:\Users\eduar\Desktop\Soybe-main\data\com_fundo\RGB_JPG_IMPUREZAS\grao_DSC_0274_id266.png,RGB_JPG_IMPUREZAS,RGB_JPG_IMPUREZAS
C:\Users\eduar\Desktop\Soybe-main\data\com_fundo\RGB_JPG_IMPUREZAS\grao_DSC_0274_id269.png,RGB_JPG_IMPUREZAS,RGB_JPG_IMPUREZAS
C:\Users\eduar\Desktop\Soybe-main\data\com_fundo\RGB_JPG_IMPUREZAS\grao_DSC_0274_id27.png,RGB_JPG_IMPUREZAS,RGB_JPG_IMPUREZAS
C:\Users\eduar\Desktop\Soybe-main\data\com_fundo\RGB_JPG_IMPUREZAS\grao_DSC_0274_id270.png,RGB_JPG_IMPUREZAS,RGB_JPG_IMPUREZAS
C:\Users\eduar\Desktop\Soybe-main\data\com_fundo\RGB_JPG_IMPUREZAS\grao_DSC_0274_id272.png,RGB_JPG_IMPUREZAS,RGB_JPG_IMPUREZAS
C:\Users\eduar\Desktop\Soybe-main\data\com_fundo\RGB_JPG_IMPUREZAS\grao_DSC_0274_id273.png,RGB_JPG_IMPUREZAS,RGB_JPG_IMPUREZAS
C:\Users\eduar\Desktop\Soybe-main\data\com_fundo\RGB_JPG_IMPUREZAS\grao_DSC_0274_id274.png,RGB_JPG_IMPUREZAS,RGB_JPG_IMPUREZAS
C:\Users\eduar\Desktop\Soybe-main\data\com_fundo\RGB_JPG_IMPUREZAS\grao_DSC_0274_id275.png,RGB_JPG_IMPUREZAS,RGB_JPG_IMPUREZAS
C:\Users\eduar\Desktop\Soybe-main\data\com_fundo\RGB_JPG_IMPUREZAS\grao_DSC_0274_id276.png,RGB_JPG_IMPUREZAS,RGB_JPG_IMPUREZAS
C:\Users\eduar\Desktop\Soybe-main\data\com_fundo\RGB_JPG_IMPUREZAS\grao_DSC_0274_id277.png,RGB_JPG_IMPUREZAS,RGB_JPG_IMPUREZAS
C:\Users\eduar\Desktop\Soybe-main\data\com_fundo\RGB_JPG_IMPUREZAS\grao_DSC_0274_id278.png,RGB_JPG_IMPUREZAS,RGB_JPG_IMPUREZAS
C:\Users\eduar\Desktop\Soybe-main\data\com_fundo\RGB_JPG_IMPUREZAS\grao_DSC_0274_id279.png,RGB_JPG_IMPUREZAS,RGB_JPG_IMPUREZAS
C:\Users\eduar\Desktop\Soybe-main\data\com_fundo\RGB_JPG_IMPUREZAS\grao_DSC_0274_id28.png,RGB_JPG_IMPUREZAS,RGB_JPG_IMPUREZAS
C:\Users\eduar\Desktop\Soybe-main\data\com_fundo\RGB_JPG_IMPUREZAS\grao_DSC_0274_id281.png,RGB_JPG_IMPUREZAS,RGB_JPG_IMPUREZAS
C:\Users\eduar\Desktop\Soybe-main\data\com_fundo\RGB_JPG_IMPUREZAS\grao_DSC_0274_id282.png,RGB_JPG_IMPUREZAS,RGB_JPG_IMPUREZAS
C:\Users\eduar\Desktop\Soybe-main\data\com_fundo\RGB_JPG_IMPUREZAS\grao_DSC_0274_id284.png,RGB_JPG_IMPUREZAS,RGB_JPG_IMPUREZAS
C:\Users\eduar\Desktop\Soybe-main\data\com_fundo\RGB_JPG_IMPUREZAS\grao_DSC_0274_id285.png,RGB_JPG_IMPUREZAS,RGB_JPG_IMPUREZAS
C:\Users\eduar\Desktop\Soybe-main\data\com_fundo\RGB_JPG_IMPUREZAS\grao_DSC_0274_id286.png,RGB_JPG_IMPUREZAS,RGB_JPG_IMPUREZAS
C:\Users\eduar\Desktop\Soybe-main\data\com_fundo\RGB_JPG_IMPUREZAS\grao_DSC_0274_id287.png,RGB_JPG_IMPUREZAS,RGB_JPG_IMPUREZAS
C:\Users\eduar\Desktop\Soybe-main\data\com_fundo\RGB_JPG_IMPUREZAS\grao_DSC_0274_id289.png,RGB_JPG_IMPUREZAS,RGB_JPG_IMPUREZAS
C:\Users\eduar\Desktop\Soybe-main\data\com_fundo\RGB_JPG_IMPUREZAS\grao_DSC_0274_id291.png,RGB_JPG_IMPUREZAS,RGB_JPG_IMPUREZAS
C:\Users\eduar\Desktop\Soybe-main\data\com_fundo\RGB_JPG_IMPUREZAS\grao_DSC_0274_id292.png,RGB_JPG_IMPUREZAS,RGB_JPG_IMPUREZAS
C:\Users\eduar\Desktop\Soybe-main\data\com_fundo\RGB_JPG_IMPUREZAS\grao_DSC_0274_id294.png,RGB_JPG_IMPUREZAS,RGB_JPG_IMPUREZAS
C:\Users\eduar\Desktop\Soybe-main\data\com_fundo\RGB_JPG_IMPUREZAS\grao_DSC_0274_id295.png,RGB_JPG_IMPUREZAS,RGB_JPG_IMPUREZAS
C:\Users\eduar\Desktop\Soybe-main\data\com_fundo\RGB_JPG_IMPUREZAS\grao_DSC_0274_id296.png,RGB_JPG_IMPUREZAS,RGB_JPG_IMPUREZAS
C:\Users\eduar\Desktop\Soybe-main\data\com_fundo\RGB_JPG_IMPUREZAS\grao_DSC_0274_id297.png,RGB_JPG_IMPUREZAS,RGB_JPG_IMPUREZAS
C:\Users\eduar\Desktop\Soybe-main\data\com_fundo\RGB_JPG_IMPUREZAS\grao_DSC_0274_id298.png,RGB_JPG_IMPUREZAS,RGB_JPG_IMPUREZAS
C:\Users\eduar\Desktop\Soybe-main\data\com_fundo\RGB_JPG_IMPUREZAS\grao_DSC_0274_id299.png,RGB_JPG_IMPUREZAS,RGB_JPG_IMPUREZAS
C:\Users\eduar\Desktop\Soybe-main\data\com_fundo\RGB_JPG_IMPUREZAS\grao_DSC_0274_id3.png,RGB_JPG_IMPUREZAS,RGB_JPG_IMPUREZAS
C:\Users\eduar\Desktop\Soybe-main\data\com_fundo\RGB_JPG_IMPUREZAS\grao_DSC_0274_id30.png,RGB_JPG_IMPUREZAS,RGB_JPG_IMPUREZAS
C:\Users\eduar\Desktop\Soybe-main\data\com_fundo\RGB_JPG_IMPUREZAS\grao_DSC_0274_id300.png,RGB_JPG_IMPUREZAS,RGB_JPG_IMPUREZAS
C:\Users\eduar\Desktop\Soybe-main\data\com_fundo\RGB_JPG_IMPUREZAS\grao_DSC_0274_id305.png,RGB_JPG_IMPUREZAS,RGB_JPG_IMPUREZAS
C:\Users\eduar\Desktop\Soybe-main\data\com_fundo\RGB_JPG_IMPUREZAS\grao_DSC_0274_id307.png,RGB_JPG_IMPUREZAS,RGB_JPG_IMPUREZAS
C:\Users\eduar\Desktop\Soybe-main\data\com_fundo\RGB_JPG_IMPUREZAS\grao_DSC_0274_id309.png,RGB_JPG_IMPUREZAS,RGB_JPG_IMPUREZAS
C:\Users\eduar\Desktop\Soybe-main\data\com_fundo\RGB_JPG_IMPUREZAS\grao_DSC_0274_id31.png,RGB_JPG_IMPUREZAS,RGB_JPG_IMPUREZAS
C:\Users\eduar\Desktop\Soybe-main\data\com_fundo\RGB_JPG_IMPUREZAS\grao_DSC_0274_id311.png,RGB_JPG_IMPUREZAS,RGB_JPG_IMPUREZAS
C:\Users\eduar\Desktop\Soybe-main\data\com_fundo\RGB_JPG_IMPUREZAS\grao_DSC_0274_id312.png,RGB_JPG_IMPUREZAS,RGB_JPG_IMPUREZAS
C:\Users\eduar\Desktop\Soybe-main\data\com_fundo\RGB_JPG_IMPUREZAS\grao_DSC_0274_id314.png,RGB_JPG_IMPUREZAS,RGB_JPG_IMPUREZAS
C:\Users\eduar\Desktop\Soybe-main\data\com_fundo\RGB_JPG_IMPUREZAS\grao_DSC_0274_id315.png,RGB_JPG_IMPUREZAS,RGB_JPG_IMPUREZAS
C:\Users\eduar\Desktop\Soybe-main\data\com_fundo\RGB_JPG_IMPUREZAS\grao_DSC_0274_id317.png,RGB_JPG_IMPUREZAS,RGB_JPG_IMPUREZAS
C:\Users\eduar\Desktop\Soybe-main\data\com_fundo\RGB_JPG_IMPUREZAS\grao_DSC_0274_id318.png,RGB_JPG_IMPUREZAS,RGB_JPG_IMPUREZAS
C:\Users\eduar\Desktop\Soybe-main\data\com_fundo\RGB_JPG_IMPUREZAS\grao_DSC_0274_id319.png,RGB_JPG_IMPUREZAS,RGB_JPG_IMPUREZAS
C:\Users\eduar\Desktop\Soybe-main\data\com_fundo\RGB_JPG_IMPUREZAS\grao_DSC_0274_id320.png,RGB_JPG_IMPUREZAS,RGB_JPG_IMPUREZAS
C:\Users\eduar\Desktop\Soybe-main\data\com_fundo\RGB_JPG_IMPUREZAS\grao_DSC_0274_id321.png,RGB_JPG_IMPUREZAS,RGB_JPG_IMPUREZAS
C:\Users\eduar\Desktop\Soybe-main\data\com_fundo\RGB_JPG_IMPUREZAS\grao_DSC_0274_id322.png,RGB_JPG_IMPUREZAS,RGB_JPG_IMPUREZAS
C:\Users\eduar\Desktop\Soybe-main\data\com_fundo\RGB_JPG_IMPUREZAS\grao_DSC_0274_id323.png,RGB_JPG_IMPUREZAS,RGB_JPG_IMPUREZAS
C:\Users\eduar\Desktop\Soybe-main\data\com_fundo\RGB_JPG_IMPUREZAS\grao_DSC_0274_id326.png,RGB_JPG_IMPUREZAS,RGB_JPG_IMPUREZAS
C:\Users\eduar\Desktop\Soybe-main\data\com_fundo\RGB_JPG_IMPUREZAS\grao_DSC_0274_id330.png,RGB_JPG_IMPUREZAS,RGB_JPG_IMPUREZAS
C:\Users\eduar\Desktop\Soybe-main\data\com_fundo\RGB_JPG_IMPUREZAS\grao_DSC_0274_id333.png,RGB_JPG_IMPUREZAS,RGB_JPG_IMPUREZAS
C:\Users\eduar\Desktop\Soybe-main\data\com_fundo\RGB_JPG_IMPUREZAS\grao_DSC_0274_id336.png,RGB_JPG_IMPUREZAS,RGB_JPG_IMPUREZAS
C:\Users\eduar\Desktop\Soybe-main\data\com_fundo\RGB_JPG_IMPUREZAS\grao_DSC_0274_id34.png,RGB_JPG_IMPUREZAS,RGB_JPG_IMPUREZAS
C:\Users\eduar\Desktop\Soybe-main\data\com_fundo\RGB_JPG_IMPUREZAS\grao_DSC_0274_id36.png,RGB_JPG_IMPUREZAS,RGB_JPG_IMPUREZAS
C:\Users\eduar\Desktop\Soybe-main\data\com_fundo\RGB_JPG_IMPUREZAS\grao_DSC_0274_id39.png,RGB_JPG_IMPUREZAS,RGB_JPG_IMPUREZAS
C:\Users\eduar\Desktop\Soybe-main\data\com_fundo\RGB_JPG_IMPUREZAS\grao_DSC_0274_id4.png,RGB_JPG_IMPUREZAS,RGB_JPG_IMPUREZAS
C:\Users\eduar\Desktop\Soybe-main\data\com_fundo\RGB_JPG_IMPUREZAS\grao_DSC_0274_id40.png,RGB_JPG_IMPUREZAS,RGB_JPG_IMPUREZAS
C:\Users\eduar\Desktop\Soybe-main\data\com_fundo\RGB_JPG_IMPUREZAS\grao_DSC_0274_id42.png,RGB_JPG_IMPUREZAS,RGB_JPG_IMPUREZAS
C:\Users\eduar\Desktop\Soybe-main\data\com_fundo\RGB_JPG_IMPUREZAS\grao_DSC_0274_id45.png,RGB_JPG_IMPUREZAS,RGB_JPG_IMPUREZAS
C:\Users\eduar\Desktop\Soybe-main\data\com_fundo\RGB_JPG_IMPUREZAS\grao_DSC_0274_id49.png,RGB_JPG_IMPUREZAS,RGB_JPG_IMPUREZAS
C:\Users\eduar\Desktop\Soybe-main\data\com_fundo\RGB_JPG_IMPUREZAS\grao_DSC_0274_id5.png,RGB_JPG_IMPUREZAS,RGB_JPG_IMPUREZAS
C:\Users\eduar\Desktop\Soybe-main\data\com_fundo\RGB_JPG_IMPUREZAS\grao_DSC_0274_id50.png,RGB_JPG_IMPUREZAS,RGB_JPG_IMPUREZAS
C:\Users\eduar\Desktop\Soybe-main\data\com_fundo\RGB_JPG_IMPUREZAS\grao_DSC_0274_id51.png,RGB_JPG_IMPUREZAS,RGB_JPG_IMPUREZAS
C:\Users\eduar\Desktop\Soybe-main\data\com_fundo\RGB_JPG_IMPUREZAS\grao_DSC_0274_id52.png,RGB_JPG_IMPUREZAS,RGB_JPG_IMPUREZAS
C:\Users\eduar\Desktop\Soybe-main\data\com_fundo\RGB_JPG_IMPUREZAS\grao_DSC_0274_id53.png,RGB_JPG_IMPUREZAS,RGB_JPG_IMPUREZAS
C:\Users\eduar\Desktop\Soybe-main\data\com_fundo\RGB_JPG_IMPUREZAS\grao_DSC_0274_id54.png,RGB_JPG_IMPUREZAS,RGB_JPG_IMPUREZAS
C:\Users\eduar\Desktop\Soybe-main\data\com_fundo\RGB_JPG_IMPUREZAS\grao_DSC_0274_id55.png,RGB_JPG_IMPUREZAS,RGB_JPG_IMPUREZAS
C:\Users\eduar\Desktop\Soybe-main\data\com_fundo\RGB_JPG_IMPUREZAS\grao_DSC_0274_id56.png,RGB_JPG_IMPUREZAS,RGB_JPG_IMPUREZAS
C:\Users\eduar\Desktop\Soybe-main\data\com_fundo\RGB_JPG_IMPUREZAS\grao_DSC_0274_id57.png,RGB_JPG_IMPUREZAS,RGB_JPG_IMPUREZAS
C:\Users\eduar\Desktop\Soybe-main\data\com_fundo\RGB_JPG_IMPUREZAS\grao_DSC_0274_id59.png,RGB_JPG_IMPUREZAS,RGB_JPG_IMPUREZAS
C:\Users\eduar\Desktop\Soybe-main\data\com_fundo\RGB_JPG_IMPUREZAS\grao_DSC_0274_id60.png,RGB_JPG_IMPUREZAS,RGB_JPG_IMPUREZAS
C:\Users\eduar\Desktop\Soybe-main\data\com_fundo\RGB_JPG_IMPUREZAS\grao_DSC_0274_id62.png,RGB_JPG_IMPUREZAS,RGB_JPG_IMPUREZAS
C:\Users\eduar\Desktop\Soybe-main\data\com_fundo\RGB_JPG_IMPUREZAS\grao_DSC_0274_id63.png,RGB_JPG_IMPUREZAS,RGB_JPG_IMPUREZAS
C:\Users\eduar\Desktop\Soybe-main\data\com_fundo\RGB_JPG_IMPUREZAS\grao_DSC_0274_id64.png,RGB_JPG_IMPUREZAS,RGB_JPG_IMPUREZAS
C:\Users\eduar\Desktop\Soybe-main\data\com_fundo\RGB_JPG_IMPUREZAS\grao_DSC_0274_id67.png,RGB_JPG_IMPUREZAS,RGB_JPG_IMPUREZAS
C:\Users\eduar\Desktop\Soybe-main\data\com_fundo\RGB_JPG_IMPUREZAS\grao_DSC_0274_id69.png,RGB_JPG_IMPUREZAS,RGB_JPG_IMPUREZAS
C:\Users\eduar\Desktop\Soybe-main\data\com_fundo\RGB_JPG_IMPUREZAS\grao_DSC_0274_id76.png,RGB_JPG_IMPUREZAS,RGB_JPG_IMPUREZAS
C:\Users\eduar\Desktop\Soybe-main\data\com_fundo\RGB_JPG_IMPUREZAS\grao_DSC_0274_id78.png,RGB_JPG_IMPUREZAS,RGB_JPG_IMPUREZAS
C:\Users\eduar\Desktop\Soybe-main\data\com_fundo\RGB_JPG_IMPUREZAS\grao_DSC_0274_id79.png,RGB_JPG_IMPUREZAS,RGB_JPG_IMPUREZAS
C:\Users\eduar\Desktop\Soybe-main\data\com_fundo\RGB_JPG_IMPUREZAS\grao_DSC_0274_id80.png,RGB_JPG_IMPUREZAS,RGB_JPG_IMPUREZAS
C:\Users\eduar\Desktop\Soybe-main\data\com_fundo\RGB_JPG_IMPUREZAS\grao_DSC_0274_id81.png,RGB_JPG_IMPUREZAS,RGB_JPG_IMPUREZAS
C:\Users\eduar\Desktop\Soybe-main\data\com_fundo\RGB_JPG_IMPUREZAS\grao_DSC_0274_id82.png,RGB_JPG_IMPUREZAS,RGB_JPG_IMPUREZAS
C:\Users\eduar\Desktop\Soybe-main\data\com_fundo\RGB_JPG_IMPUREZAS\grao_DSC_0274_id83.png,RGB_JPG_IMPUREZAS,RGB_JPG_IMPUREZAS
C:\Users\eduar\Desktop\Soybe-main\data\com_fundo\RGB_JPG_IMPUREZAS\grao_DSC_0274_id84.png,RGB_JPG_IMPUREZAS,RGB_JPG_IMPUREZAS
C:\Users\eduar\Desktop\Soybe-main\data\com_fundo\RGB_JPG_IMPUREZAS\grao_DSC_0274_id85.png,RGB_JPG_IMPUREZAS,RGB_JPG_IMPUREZAS
C:\Users\eduar\Desktop\Soybe-main\data\com_fundo\RGB_JPG_IMPUREZAS\grao_DSC_0274_id87.png,RGB_JPG_IMPUREZAS,RGB_JPG_IMPUREZAS
C:\Users\eduar\Desktop\Soybe-main\data\com_fundo\RGB_JPG_IMPUREZAS\grao_DSC_0274_id89.png,RGB_JPG_IMPUREZAS,RGB_JPG_IMPUREZAS
C:\Users\eduar\Desktop\Soybe-main\data\com_fundo\RGB_JPG_IMPUREZAS\grao_DSC_0274_id9.png,RGB_JPG_IMPUREZAS,RGB_JPG_IMPUREZAS
C:\Users\eduar\Desktop\Soybe-main\data\com_fundo\RGB_JPG_IMPUREZAS\grao_DSC_0274_id90.png,RGB_JPG_IMPUREZAS,RGB_JPG_IMPUREZAS
C:\Users\eduar\Desktop\Soybe-main\data\com_fundo\RGB_JPG_IMPUREZAS\grao_DSC_0274_id91.png,RGB_JPG_IMPUREZAS,RGB_JPG_IMPUREZAS
C:\Users\eduar\Desktop\Soybe-main\data\com_fundo\RGB_JPG_IMPUREZAS\grao_DSC_0274_id92.png,RGB_JPG_IMPUREZAS,RGB_JPG_IMPUREZAS
C:\Users\eduar\Desktop\Soybe-main\data\com_fundo\RGB_JPG_IMPUREZAS\grao_DSC_0274_id93.png,RGB_JPG_IMPUREZAS,RGB_JPG_IMPUREZAS
C:\Users\eduar\Desktop\Soybe-main\data\com_fundo\RGB_JPG_IMPUREZAS\grao_DSC_0274_id94.png,RGB_JPG_IMPUREZAS,RGB_JPG_IMPUREZAS
C:\Users\eduar\Desktop\Soybe-main\data\com_fundo\RGB_JPG_IMPUREZAS\grao_DSC_0274_id96.png,RGB_JPG_IMPUREZAS,RGB_JPG_IMPUREZAS
C:\Users\eduar\Desktop\Soybe-main\data\com_fundo\RGB_JPG_IMPUREZAS\grao_DSC_0277_id1.png,RGB_JPG_IMPUREZAS,RGB_JPG_IMPUREZAS
C:\Users\eduar\Desktop\Soybe-main\data\com_fundo\RGB_JPG_IMPUREZAS\grao_DSC_0277_id100.png,RGB_JPG_IMPUREZAS,RGB_JPG_IMPUREZAS
C:\Users\eduar\Desktop\Soybe-main\data\com_fundo\RGB_JPG_IMPUREZAS\grao_DSC_0277_id101.png,RGB_JPG_IMPUREZAS,RGB_JPG_IMPUREZAS
C:\Users\eduar\Desktop\Soybe-main\data\com_fundo\RGB_JPG_IMPUREZAS\grao_DSC_0277_id102.png,RGB_JPG_IMPUREZAS,RGB_JPG_IMPUREZAS
C:\Users\eduar\Desktop\Soybe-main\data\com_fundo\RGB_JPG_IMPUREZAS\grao_DSC_0277_id104.png,RGB_JPG_IMPUREZAS,RGB_JPG_IMPUREZAS
C:\Users\eduar\Desktop\Soybe-main\data\com_fundo\RGB_JPG_IMPUREZAS\grao_DSC_0277_id105.png,RGB_JPG_IMPUREZAS,RGB_JPG_IMPUREZAS
C:\Users\eduar\Desktop\Soybe-main\data\com_fundo\RGB_JPG_IMPUREZAS\grao_DSC_0277_id107.png,RGB_JPG_IMPUREZAS,RGB_JPG_IMPUREZAS
C:\Users\eduar\Desktop\Soybe-main\data\com_fundo\RGB_JPG_IMPUREZAS\grao_DSC_0277_id114.png,RGB_JPG_IMPUREZAS,RGB_JPG_IMPUREZAS
C:\Users\eduar\Desktop\Soybe-main\data\com_fundo\RGB_JPG_IMPUREZAS\grao_DSC_0277_id116.png,RGB_JPG_IMPUREZAS,RGB_JPG_IMPUREZAS
C:\Users\eduar\Desktop\Soybe-main\data\com_fundo\RGB_JPG_IMPUREZAS\grao_DSC_0277_id119.png,RGB_JPG_IMPUREZAS,RGB_JPG_IMPUREZAS
C:\Users\eduar\Desktop\Soybe-main\data\com_fundo\RGB_JPG_IMPUREZAS\grao_DSC_0277_id12.png,RGB_JPG_IMPUREZAS,RGB_JPG_IMPUREZAS
C:\Users\eduar\Desktop\Soybe-main\data\com_fundo\RGB_JPG_IMPUREZAS\grao_DSC_0277_id120.png,RGB_JPG_IMPUREZAS,RGB_JPG_IMPUREZAS
C:\Users\eduar\Desktop\Soybe-main\data\com_fundo\RGB_JPG_IMPUREZAS\grao_DSC_0277_id121.png,RGB_JPG_IMPUREZAS,RGB_JPG_IMPUREZAS
C:\Users\eduar\Desktop\Soybe-main\data\com_fundo\RGB_JPG_IMPUREZAS\grao_DSC_0277_id122.png,RGB_JPG_IMPUREZAS,RGB_JPG_IMPUREZAS
C:\Users\eduar\Desktop\Soybe-main\data\com_fundo\RGB_JPG_IMPUREZAS\grao_DSC_0277_id123.png,RGB_JPG_IMPUREZAS,RGB_JPG_IMPUREZAS
C:\Users\eduar\Desktop\Soybe-main\data\com_fundo\RGB_JPG_IMPUREZAS\grao_DSC_0277_id124.png,RGB_JPG_IMPUREZAS,RGB_JPG_IMPUREZAS
C:\Users\eduar\Desktop\Soybe-main\data\com_fundo\RGB_JPG_IMPUREZAS\grao_DSC_0277_id125.png,RGB_JPG_IMPUREZAS,RGB_JPG_IMPUREZAS
C:\Users\eduar\Desktop\Soybe-main\data\com_fundo\RGB_JPG_IMPUREZAS\grao_DSC_0277_id126.png,RGB_JPG_IMPUREZAS,RGB_JPG_IMPUREZAS
C:\Users\eduar\Desktop\Soybe-main\data\com_fundo\RGB_JPG_IMPUREZAS\grao_DSC_0277_id127.png,RGB_JPG_IMPUREZAS,RGB_JPG_IMPUREZAS
C:\Users\eduar\Desktop\Soybe-main\data\com_fundo\RGB_JPG_IMPUREZAS\grao_DSC_0277_id128.png,RGB_JPG_IMPUREZAS,RGB_JPG_IMPUREZAS
C:\Users\eduar\Desktop\Soybe-main\data\com_fundo\RGB_JPG_IMPUREZAS\grao_DSC_0277_id130.png,RGB_JPG_IMPUREZAS,RGB_JPG_IMPUREZAS
C:\Users\eduar\Desktop\Soybe-main\data\com_fundo\RGB_JPG_IMPUREZAS\grao_DSC_0277_id132.png,RGB_JPG_IMPUREZAS,RGB_JPG_IMPUREZAS
C:\Users\eduar\Desktop\Soybe-main\data\com_fundo\RGB_JPG_IMPUREZAS\grao_DSC_0277_id133.png,RGB_JPG_IMPUREZAS,RGB_JPG_IMPUREZAS
C:\Users\eduar\Desktop\Soybe-main\data\com_fundo\RGB_JPG_IMPUREZAS\grao_DSC_0277_id135.png,RGB_JPG_IMPUREZAS,RGB_JPG_IMPUREZAS
C:\Users\eduar\Desktop\Soybe-main\data\com_fundo\RGB_JPG_IMPUREZAS\grao_DSC_0277_id14.png,RGB_JPG_IMPUREZAS,RGB_JPG_IMPUREZAS
C:\Users\eduar\Desktop\Soybe-main\data\com_fundo\RGB_JPG_IMPUREZAS\grao_DSC_0277_id144.png,RGB_JPG_IMPUREZAS,RGB_JPG_IMPUREZAS
C:\Users\eduar\Desktop\Soybe-main\data\com_fundo\RGB_JPG_IMPUREZAS\grao_DSC_0277_id145.png,RGB_JPG_IMPUREZAS,RGB_JPG_IMPUREZAS
C:\Users\eduar\Desktop\Soybe-main\data\com_fundo\RGB_JPG_IMPUREZAS\grao_DSC_0277_id146.png,RGB_JPG_IMPUREZAS,RGB_JPG_IMPUREZAS
C:\Users\eduar\Desktop\Soybe-main\data\com_fundo\RGB_JPG_IMPUREZAS\grao_DSC_0277_id147.png,RGB_JPG_IMPUREZAS,RGB_JPG_IMPUREZAS
C:\Users\eduar\Desktop\Soybe-main\data\com_fundo\RGB_JPG_IMPUREZAS\grao_DSC_0277_id148.png,RGB_JPG_IMPUREZAS,RGB_JPG_IMPUREZAS
C:\Users\eduar\Desktop\Soybe-main\data\com_fundo\RGB_JPG_IMPUREZAS\grao_DSC_0277_id149.png,RGB_JPG_IMPUREZAS,RGB_JPG_IMPUREZAS
C:\Users\eduar\Desktop\Soybe-main\data\com_fundo\RGB_JPG_IMPUREZAS\grao_DSC_0277_id15.png,RGB_JPG_IMPUREZAS,RGB_JPG_IMPUREZAS
C:\Users\eduar\Desktop\Soybe-main\data\com_fundo\RGB_JPG_IMPUREZAS\grao_DSC_0277_id151.png,RGB_JPG_IMPUREZAS,RGB_JPG_IMPUREZAS
C:\Users\eduar\Desktop\Soybe-main\data\com_fundo\RGB_JPG_IMPUREZAS\grao_DSC_0277_id152.png,RGB_JPG_IMPUREZAS,RGB_JPG_IMPUREZAS
C:\Users\eduar\Desktop\Soybe-main\data\com_fundo\RGB_JPG_IMPUREZAS\grao_DSC_0277_id153.png,RGB_JPG_IMPUREZAS,RGB_JPG_IMPUREZAS
C:\Users\eduar\Desktop\Soybe-main\data\com_fundo\RGB_JPG_IMPUREZAS\grao_DSC_0277_id154.png,RGB_JPG_IMPUREZAS,RGB_JPG_IMPUREZAS
C:\Users\eduar\Desktop\Soybe-main\data\com_fundo\RGB_JPG_IMPUREZAS\grao_DSC_0277_id155.png,RGB_JPG_IMPUREZAS,RGB_JPG_IMPUREZAS
C:\Users\eduar\Desktop\Soybe-main\data\com_fundo\RGB_JPG_IMPUREZAS\grao_DSC_0277_id156.png,RGB_JPG_IMPUREZAS,RGB_JPG_IMPUREZAS
C:\Users\eduar\Desktop\Soybe-main\data\com_fundo\RGB_JPG_IMPUREZAS\grao_DSC_0277_id157.png,RGB_JPG_IMPUREZAS,RGB_JPG_IMPUREZAS
C:\Users\eduar\Desktop\Soybe-main\data\com_fundo\RGB_JPG_IMPUREZAS\grao_DSC_0277_id16.png,RGB_JPG_IMPUREZAS,RGB_JPG_IMPUREZAS
C:\Users\eduar\Desktop\Soybe-main\data\com_fundo\RGB_JPG_IMPUREZAS\grao_DSC_0277_id160.png,RGB_JPG_IMPUREZAS,RGB_JPG_IMPUREZAS
C:\Users\eduar\Desktop\Soybe-main\data\com_fundo\RGB_JPG_IMPUREZAS\grao_DSC_0277_id165.png,RGB_JPG_IMPUREZAS,RGB_JPG_IMPUREZAS
C:\Users\eduar\Desktop\Soybe-main\data\com_fundo\RGB_JPG_IMPUREZAS\grao_DSC_0277_id169.png,RGB_JPG_IMPUREZAS,RGB_JPG_IMPUREZAS
C:\Users\eduar\Desktop\Soybe-main\data\com_fundo\RGB_JPG_IMPUREZAS\grao_DSC_0277_id17.png,RGB_JPG_IMPUREZAS,RGB_JPG_IMPUREZAS
C:\Users\eduar\Desktop\Soybe-main\data\com_fundo\RGB_JPG_IMPUREZAS\grao_DSC_0277_id170.png,RGB_JPG_IMPUREZAS,RGB_JPG_IMPUREZAS
C:\Users\eduar\Desktop\Soybe-main\data\com_fundo\RGB_JPG_IMPUREZAS\grao_DSC_0277_id171.png,RGB_JPG_IMPUREZAS,RGB_JPG_IMPUREZAS
C:\Users\eduar\Desktop\Soybe-main\data\com_fundo\RGB_JPG_IMPUREZAS\grao_DSC_0277_id173.png,RGB_JPG_IMPUREZAS,RGB_JPG_IMPUREZAS
C:\Users\eduar\Desktop\Soybe-main\data\com_fundo\RGB_JPG_IMPUREZAS\grao_DSC_0277_id174.png,RGB_JPG_IMPUREZAS,RGB_JPG_IMPUREZAS
C:\Users\eduar\Desktop\Soybe-main\data\com_fundo\RGB_JPG_IMPUREZAS\grao_DSC_0277_id176.png,RGB_JPG_IMPUREZAS,RGB_JPG_IMPUREZAS
C:\Users\eduar\Desktop\Soybe-main\data\com_fundo\RGB_JPG_IMPUREZAS\grao_DSC_0277_id177.png,RGB_JPG_IMPUREZAS,RGB_JPG_IMPUREZAS
C:\Users\eduar\Desktop\Soybe-main\data\com_fundo\RGB_JPG_IMPUREZAS\grao_DSC_0277_id181.png,RGB_JPG_IMPUREZAS,RGB_JPG_IMPUREZAS
C:\Users\eduar\Desktop\Soybe-main\data\com_fundo\RGB_JPG_IMPUREZAS\grao_DSC_0277_id182.png,RGB_JPG_IMPUREZAS,RGB_JPG_IMPUREZAS
C:\Users\eduar\Desktop\Soybe-main\data\com_fundo\RGB_JPG_IMPUREZAS\grao_DSC_0277_id184.png,RGB_JPG_IMPUREZAS,RGB_JPG_IMPUREZAS
C:\Users\eduar\Desktop\Soybe-main\data\com_fundo\RGB_JPG_IMPUREZAS\grao_DSC_0277_id19.png,RGB_JPG_IMPUREZAS,RGB_JPG_IMPUREZAS
C:\Users\eduar\Desktop\Soybe-main\data\com_fundo\RGB_JPG_IMPUREZAS\grao_DSC_0277_id190.png,RGB_JPG_IMPUREZAS,RGB_JPG_IMPUREZAS
C:\Users\eduar\Desktop\Soybe-main\data\com_fundo\RGB_JPG_IMPUREZAS\grao_DSC_0277_id191.png,RGB_JPG_IMPUREZAS,RGB_JPG_IMPUREZAS
C:\Users\eduar\Desktop\Soybe-main\data\com_fundo\RGB_JPG_IMPUREZAS\grao_DSC_0277_id192.png,RGB_JPG_IMPUREZAS,RGB_JPG_IMPUREZAS
C:\Users\eduar\Desktop\Soybe-main\data\com_fundo\RGB_JPG_IMPUREZAS\grao_DSC_0277_id193.png,RGB_JPG_IMPUREZAS,RGB_JPG_IMPUREZAS
C:\Users\eduar\Desktop\Soybe-main\data\com_fundo\RGB_JPG_IMPUREZAS\grao_DSC_0277_id194.png,RGB_JPG_IMPUREZAS,RGB_JPG_IMPUREZAS
C:\Users\eduar\Desktop\Soybe-main\data\com_fundo\RGB_JPG_IMPUREZAS\grao_DSC_0277_id196.png,RGB_JPG_IMPUREZAS,RGB_JPG_IMPUREZAS
C:\Users\eduar\Desktop\Soybe-main\data\com_fundo\RGB_JPG_IMPUREZAS\grao_DSC_0277_id197.png,RGB_JPG_IMPUREZAS,RGB_JPG_IMPUREZAS
C:\Users\eduar\Desktop\Soybe-main\data\com_fundo\RGB_JPG_IMPUREZAS\grao_DSC_0277_id2.png,RGB_JPG_IMPUREZAS,RGB_JPG_IMPUREZAS
C:\Users\eduar\Desktop\Soybe-main\data\com_fundo\RGB_JPG_IMPUREZAS\grao_DSC_0277_id203.png,RGB_JPG_IMPUREZAS,RGB_JPG_IMPUREZAS
C:\Users\eduar\Desktop\Soybe-main\data\com_fundo\RGB_JPG_IMPUREZAS\grao_DSC_0277_id204.png,RGB_JPG_IMPUREZAS,RGB_JPG_IMPUREZAS
C:\Users\eduar\Desktop\Soybe-main\data\com_fundo\RGB_JPG_IMPUREZAS\grao_DSC_0277_id206.png,RGB_JPG_IMPUREZAS,RGB_JPG_IMPUREZAS
C:\Users\eduar\Desktop\Soybe-main\data\com_fundo\RGB_JPG_IMPUREZAS\grao_DSC_0277_id207.png,RGB_JPG_IMPUREZAS,RGB_JPG_IMPUREZAS
C:\Users\eduar\Desktop\Soybe-main\data\com_fundo\RGB_JPG_IMPUREZAS\grao_DSC_0277_id208.png,RGB_JPG_IMPUREZAS,RGB_JPG_IMPUREZAS
C:\Users\eduar\Desktop\Soybe-main\data\com_fundo\RGB_JPG_IMPUREZAS\grao_DSC_0277_id209.png,RGB_JPG_IMPUREZAS,RGB_JPG_IMPUREZAS
C:\Users\eduar\Desktop\Soybe-main\data\com_fundo\RGB_JPG_IMPUREZAS\grao_DSC_0277_id21.png,RGB_JPG_IMPUREZAS,RGB_JPG_IMPUREZAS
C:\Users\eduar\Desktop\Soybe-main\data\com_fundo\RGB_JPG_IMPUREZAS\grao_DSC_0277_id210.png,RGB_JPG_IMPUREZAS,RGB_JPG_IMPUREZAS
C:\Users\eduar\Desktop\Soybe-main\data\com_fundo\RGB_JPG_IMPUREZAS\grao_DSC_0277_id212.png,RGB_JPG_IMPUREZAS,RGB_JPG_IMPUREZAS
C:\Users\eduar\Desktop\Soybe-main\data\com_fundo\RGB_JPG_IMPUREZAS\grao_DSC_0277_id213.png,RGB_JPG_IMPUREZAS,RGB_JPG_IMPUREZAS
C:\Users\eduar\Desktop\Soybe-main\data\com_fundo\RGB_JPG_IMPUREZAS\grao_DSC_0277_id22.png,RGB_JPG_IMPUREZAS,RGB_JPG_IMPUREZAS
C:\Users\eduar\Desktop\Soybe-main\data\com_fundo\RGB_JPG_IMPUREZAS\grao_DSC_0277_id220.png,RGB_JPG_IMPUREZAS,RGB_JPG_IMPUREZAS
C:\Users\eduar\Desktop\Soybe-main\data\com_fundo\RGB_JPG_IMPUREZAS\grao_DSC_0277_id221.png,RGB_JPG_IMPUREZAS,RGB_JPG_IMPUREZAS
C:\Users\eduar\Desktop\Soybe-main\data\com_fundo\RGB_JPG_IMPUREZAS\grao_DSC_0277_id222.png,RGB_JPG_IMPUREZAS,RGB_JPG_IMPUREZAS
C:\Users\eduar\Desktop\Soybe-main\data\com_fundo\RGB_JPG_IMPUREZAS\grao_DSC_0277_id223.png,RGB_JPG_IMPUREZAS,RGB_JPG_IMPUREZAS
C:\Users\eduar\Desktop\Soybe-main\data\com_fundo\RGB_JPG_IMPUREZAS\grao_DSC_0277_id231.png,RGB_JPG_IMPUREZAS,RGB_JPG_IMPUREZAS
C:\Users\eduar\Desktop\Soybe-main\data\com_fundo\RGB_JPG_IMPUREZAS\grao_DSC_0277_id234.png,RGB_JPG_IMPUREZAS,RGB_JPG_IMPUREZAS
C:\Users\eduar\Desktop\Soybe-main\data\com_fundo\RGB_JPG_IMPUREZAS\grao_DSC_0277_id235.png,RGB_JPG_IMPUREZAS,RGB_JPG_IMPUREZAS
C:\Users\eduar\Desktop\Soybe-main\data\com_fundo\RGB_JPG_IMPUREZAS\grao_DSC_0277_id237.png,RGB_JPG_IMPUREZAS,RGB_JPG_IMPUREZAS
C:\Users\eduar\Desktop\Soybe-main\data\com_fundo\RGB_JPG_IMPUREZAS\grao_DSC_0277_id238.png,RGB_JPG_IMPUREZAS,RGB_JPG_IMPUREZAS
C:\Users\eduar\Desktop\Soybe-main\data\com_fundo\RGB_JPG_IMPUREZAS\grao_DSC_0277_id241.png,RGB_JPG_IMPUREZAS,RGB_JPG_IMPUREZAS
C:\Users\eduar\Desktop\Soybe-main\data\com_fundo\RGB_JPG_IMPUREZAS\grao_DSC_0277_id242.png,RGB_JPG_IMPUREZAS,RGB_JPG_IMPUREZAS
C:\Users\eduar\Desktop\Soybe-main\data\com_fundo\RGB_JPG_IMPUREZAS\grao_DSC_0277_id243.png,RGB_JPG_IMPUREZAS,RGB_JPG_IMPUREZAS
C:\Users\eduar\Desktop\Soybe-main\data\com_fundo\RGB_JPG_IMPUREZAS\grao_DSC_0277_id244.png,RGB_JPG_IMPUREZAS,RGB_JPG_IMPUREZAS
C:\Users\eduar\Desktop\Soybe-main\data\com_fundo\RGB_JPG_IMPUREZAS\grao_DSC_0277_id246.png,RGB_JPG_IMPUREZAS,RGB_JPG_IMPUREZAS
C:\Users\eduar\Desktop\Soybe-main\data\com_fundo\RGB_JPG_IMPUREZAS\grao_DSC_0277_id247.png,RGB_JPG_IMPUREZAS,RGB_JPG_IMPUREZAS
C:\Users\eduar\Desktop\Soybe-main\data\com_fundo\RGB_JPG_IMPUREZAS\grao_DSC_0277_id27.png,RGB_JPG_IMPUREZAS,RGB_JPG_IMPUREZAS
C:\Users\eduar\Desktop\Soybe-main\data\com_fundo\RGB_JPG_IMPUREZAS\grao_DSC_0277_id3.png,RGB_JPG_IMPUREZAS,RGB_JPG_IMPUREZAS
C:\Users\eduar\Desktop\Soybe-main\data\com_fundo\RGB_JPG_IMPUREZAS\grao_DSC_0277_id30.png,RGB_JPG_IMPUREZAS,RGB_JPG_IMPUREZAS
C:\Users\eduar\Desktop\Soybe-main\data\com_fundo\RGB_JPG_IMPUREZAS\grao_DSC_0277_id31.png,RGB_JPG_IMPUREZAS,RGB_JPG_IMPUREZAS
C:\Users\eduar\Desktop\Soybe-main\data\com_fundo\RGB_JPG_IMPUREZAS\grao_DSC_0277_id32.png,RGB_JPG_IMPUREZAS,RGB_JPG_IMPUREZAS
C:\Users\eduar\Desktop\Soybe-main\data\com_fundo\RGB_JPG_IMPUREZAS\grao_DSC_0277_id33.png,RGB_JPG_IMPUREZAS,RGB_JPG_IMPUREZAS
C:\Users\eduar\Desktop\Soybe-main\data\com_fundo\RGB_JPG_IMPUREZAS\grao_DSC_0277_id34.png,RGB_JPG_IMPUREZAS,RGB_JPG_IMPUREZAS
C:\Users\eduar\Desktop\Soybe-main\data\com_fundo\RGB_JPG_IMPUREZAS\grao_DSC_0277_id35.png,RGB_JPG_IMPUREZAS,RGB_JPG_IMPUREZAS
C:\Users\eduar\Desktop\Soybe-main\data\com_fundo\RGB_JPG_IMPUREZAS\grao_DSC_0277_id36.png,RGB_JPG_IMPUREZAS,RGB_JPG_IMPUREZAS
C:\Users\eduar\Desktop\Soybe-main\data\com_fundo\RGB_JPG_IMPUREZAS\grao_DSC_0277_id37.png,RGB_JPG_IMPUREZAS,RGB_JPG_IMPUREZAS
C:\Users\eduar\Desktop\Soybe-main\data\com_fundo\RGB_JPG_IMPUREZAS\grao_DSC_0277_id38.png,RGB_JPG_IMPUREZAS,RGB_JPG_IMPUREZAS
C:\Users\eduar\Desktop\Soybe-main\data\com_fundo\RGB_JPG_IMPUREZAS\grao_DSC_0277_id41.png,RGB_JPG_IMPUREZAS,RGB_JPG_IMPUREZAS
C:\Users\eduar\Desktop\Soybe-main\data\com_fundo\RGB_JPG_IMPUREZAS\grao_DSC_0277_id48.png,RGB_JPG_IMPUREZAS,RGB_JPG_IMPUREZAS
C:\Users\eduar\Desktop\Soybe-main\data\com_fundo\RGB_JPG_IMPUREZAS\grao_DSC_0277_id49.png,RGB_JPG_IMPUREZAS,RGB_JPG_IMPUREZAS
C:\Users\eduar\Desktop\Soybe-main\data\com_fundo\RGB_JPG_IMPUREZAS\grao_DSC_0277_id50.png,RGB_JPG_IMPUREZAS,RGB_JPG_IMPUREZAS
C:\Users\eduar\Desktop\Soybe-main\data\com_fundo\RGB_JPG_IMPUREZAS\grao_DSC_0277_id51.png,RGB_JPG_IMPUREZAS,RGB_JPG_IMPUREZAS
C:\Users\eduar\Desktop\Soybe-main\data\com_fundo\RGB_JPG_IMPUREZAS\grao_DSC_0277_id52.png,RGB_JPG_IMPUREZAS,RGB_JPG_IMPUREZAS
C:\Users\eduar\Desktop\Soybe-main\data\com_fundo\RGB_JPG_IMPUREZAS\grao_DSC_0277_id53.png,RGB_JPG_IMPUREZAS,RGB_JPG_IMPUREZAS
C:\Users\eduar\Desktop\Soybe-main\data\com_fundo\RGB_JPG_IMPUREZAS\grao_DSC_0277_id54.png,RGB_JPG_IMPUREZAS,RGB_JPG_IMPUREZAS
C:\Users\eduar\Desktop\Soybe-main\data\com_fundo\RGB_JPG_IMPUREZAS\grao_DSC_0277_id56.png,RGB_JPG_IMPUREZAS,RGB_JPG_IMPUREZAS
C:\Users\eduar\Desktop\Soybe-main\data\com_fundo\RGB_JPG_IMPUREZAS\grao_DSC_0277_id57.png,RGB_JPG_IMPUREZAS,RGB_JPG_IMPUREZAS
C:\Users\eduar\Desktop\Soybe-main\data\com_fundo\RGB_JPG_IMPUREZAS\grao_DSC_0277_id58.png,RGB_JPG_IMPUREZAS,RGB_JPG_IMPUREZAS
C:\Users\eduar\Desktop\Soybe-main\data\com_fundo\RGB_JPG_IMPUREZAS\grao_DSC_0277_id6.png,RGB_JPG_IMPUREZAS,RGB_JPG_IMPUREZAS
C:\Users\eduar\Desktop\Soybe-main\data\com_fundo\RGB_JPG_IMPUREZAS\grao_DSC_0277_id61.png,RGB_JPG_IMPUREZAS,RGB_JPG_IMPUREZAS
C:\Users\eduar\Desktop\Soybe-main\data\com_fundo\RGB_JPG_IMPUREZAS\grao_DSC_0277_id63.png,RGB_JPG_IMPUREZAS,RGB_JPG_IMPUREZAS
C:\Users\eduar\Desktop\Soybe-main\data\com_fundo\RGB_JPG_IMPUREZAS\grao_DSC_0277_id65.png,RGB_JPG_IMPUREZAS,RGB_JPG_IMPUREZAS
C:\Users\eduar\Desktop\Soybe-main\data\com_fundo\RGB_JPG_IMPUREZAS\grao_DSC_0277_id7.png,RGB_JPG_IMPUREZAS,RGB_JPG_IMPUREZAS
C:\Users\eduar\Desktop\Soybe-main\data\com_fundo\RGB_JPG_IMPUREZAS\grao_DSC_0277_id70.png,RGB_JPG_IMPUREZAS,RGB_JPG_IMPUREZAS
C:\Users\eduar\Desktop\Soybe-main\data\com_fundo\RGB_JPG_IMPUREZAS\grao_DSC_0277_id71.png,RGB_JPG_IMPUREZAS,RGB_JPG_IMPUREZAS
C:\Users\eduar\Desktop\Soybe-main\data\com_fundo\RGB_JPG_IMPUREZAS\grao_DSC_0277_id73.png,RGB_JPG_IMPUREZAS,RGB_JPG_IMPUREZAS
C:\Users\eduar\Desktop\Soybe-main\data\com_fundo\RGB_JPG_IMPUREZAS\grao_DSC_0277_id75.png,RGB_JPG_IMPUREZAS,RGB_JPG_IMPUREZAS
C:\Users\eduar\Desktop\Soybe-main\data\com_fundo\RGB_JPG_IMPUREZAS\grao_DSC_0277_id76.png,RGB_JPG_IMPUREZAS,RGB_JPG_IMPUREZAS
C:\Users\eduar\Desktop\Soybe-main\data\com_fundo\RGB_JPG_IMPUREZAS\grao_DSC_0277_id77.png,RGB_JPG_IMPUREZAS,RGB_JPG_IMPUREZAS
C:\Users\eduar\Desktop\Soybe-main\data\com_fundo\RGB_JPG_IMPUREZAS\grao_DSC_0277_id78.png,RGB_JPG_IMPUREZAS,RGB_JPG_IMPUREZAS
C:\Users\eduar\Desktop\Soybe-main\data\com_fundo\RGB_JPG_IMPUREZAS\grao_DSC_0277_id79.png,RGB_JPG_IMPUREZAS,RGB_JPG_IMPUREZAS
C:\Users\eduar\Desktop\Soybe-main\data\com_fundo\RGB_JPG_IMPUREZAS\grao_DSC_0277_id80.png,RGB_JPG_IMPUREZAS,RGB_JPG_IMPUREZAS
C:\Users\eduar\Desktop\Soybe-main\data\com_fundo\RGB_JPG_IMPUREZAS\grao_DSC_0277_id81.png,RGB_JPG_IMPUREZAS,RGB_JPG_IMPUREZAS
C:\Users\eduar\Desktop\Soybe-main\data\com_fundo\RGB_JPG_IMPUREZAS\grao_DSC_0277_id82.png,RGB_JPG_IMPUREZAS,RGB_JPG_IMPUREZAS
C:\Users\eduar\Desktop\Soybe-main\data\com_fundo\RGB_JPG_IMPUREZAS\grao_DSC_0277_id83.png,RGB_JPG_IMPUREZAS,RGB_JPG_IMPUREZAS
C:\Users\eduar\Desktop\Soybe-main\data\com_fundo\RGB_JPG_IMPUREZAS\grao_DSC_0277_id84.png,RGB_JPG_IMPUREZAS,RGB_JPG_IMPUREZAS
C:\Users\eduar\Desktop\Soybe-main\data\com_fundo\RGB_JPG_IMPUREZAS\grao_DSC_0277_id85.png,RGB_JPG_IMPUREZAS,RGB_JPG_IMPUREZAS
C:\Users\eduar\Desktop\Soybe-main\data\com_fundo\RGB_JPG_IMPUREZAS\grao_DSC_0277_id86.png,RGB_JPG_IMPUREZAS,RGB_JPG_IMPUREZAS
C:\Users\eduar\Desktop\Soybe-main\data\com_fundo\RGB_JPG_IMPUREZAS\grao_DSC_0277_id88.png,RGB_JPG_IMPUREZAS,RGB_JPG_IMPUREZAS
C:\Users\eduar\Desktop\Soybe-main\data\com_fundo\RGB_JPG_IMPUREZAS\grao_DSC_0277_id89.png,RGB_JPG_IMPUREZAS,RGB_JPG_IMPUREZAS
C:\Users\eduar\Desktop\Soybe-main\data\com_fundo\RGB_JPG_IMPUREZAS\grao_DSC_0277_id90.png,RGB_JPG_IMPUREZAS,RGB_JPG_IMPUREZAS
C:\Users\eduar\Desktop\Soybe-main\data\com_fundo\RGB_JPG_IMPUREZAS\grao_DSC_0277_id93.png,RGB_JPG_IMPUREZAS,RGB_JPG_IMPUREZAS
C:\Users\eduar\Desktop\Soybe-main\data\com_fundo\RGB_JPG_IMPUREZAS\grao_DSC_0277_id96.png,RGB_JPG_IMPUREZAS,RGB_JPG_IMPUREZAS
C:\Users\eduar\Desktop\Soybe-main\data\com_fundo\RGB_JPG_IMPUREZAS\grao_DSC_0277_id98.png,RGB_JPG_IMPUREZAS,RGB_JPG_IMPUREZAS
C:\Users\eduar\Desktop\Soybe-main\data\com_fundo\RGB_JPG_IMPUREZAS\grao_DSC_0283_id1.png,RGB_JPG_IMPUREZAS,RGB_JPG_IMPUREZAS
C:\Users\eduar\Desktop\Soybe-main\data\com_fundo\RGB_JPG_IMPUREZAS\grao_DSC_0283_id101.png,RGB_JPG_IMPUREZAS,RGB_JPG_IMPUREZAS
C:\Users\eduar\Desktop\Soybe-main\data\com_fundo\RGB_JPG_IMPUREZAS\grao_DSC_0283_id102.png,RGB_JPG_IMPUREZAS,RGB_JPG_IMPUREZAS
C:\Users\eduar\Desktop\Soybe-main\data\com_fundo\RGB_JPG_IMPUREZAS\grao_DSC_0283_id103.png,RGB_JPG_IMPUREZAS,RGB_JPG_IMPUREZAS
C:\Users\eduar\Desktop\Soybe-main\data\com_fundo\RGB_JPG_IMPUREZAS\grao_DSC_0283_id105.png,RGB_JPG_IMPUREZAS,RGB_JPG_IMPUREZAS
C:\Users\eduar\Desktop\Soybe-main\data\com_fundo\RGB_JPG_IMPUREZAS\grao_DSC_0283_id106.png,RGB_JPG_IMPUREZAS,RGB_JPG_IMPUREZAS
C:\Users\eduar\Desktop\Soybe-main\data\com_fundo\RGB_JPG_IMPUREZAS\grao_DSC_0283_id107.png,RGB_JPG_IMPUREZAS,RGB_JPG_IMPUREZAS
C:\Users\eduar\Desktop\Soybe-main\data\com_fundo\RGB_JPG_IMPUREZAS\grao_DSC_0283_id108.png,RGB_JPG_IMPUREZAS,RGB_JPG_IMPUREZAS
C:\Users\eduar\Desktop\Soybe-main\data\com_fundo\RGB_JPG_IMPUREZAS\grao_DSC_0283_id109.png,RGB_JPG_IMPUREZAS,RGB_JPG_IMPUREZAS
C:\Users\eduar\Desktop\Soybe-main\data\com_fundo\RGB_JPG_IMPUREZAS\grao_DSC_0283_id110.png,RGB_JPG_IMPUREZAS,RGB_JPG_IMPUREZAS
C:\Users\eduar\Desktop\Soybe-main\data\com_fundo\RGB_JPG_IMPUREZAS\grao_DSC_0283_id111.png,RGB_JPG_IMPUREZAS,RGB_JPG_IMPUREZAS
C:\Users\eduar\Desktop\Soybe-main\data\com_fundo\RGB_JPG_IMPUREZAS\grao_DSC_0283_id112.png,RGB_JPG_IMPUREZAS,RGB_JPG_IMPUREZAS
C:\Users\eduar\Desktop\Soybe-main\data\com_fundo\RGB_JPG_IMPUREZAS\grao_DSC_0283_id113.png,RGB_JPG_IMPUREZAS,RGB_JPG_IMPUREZAS
C:\Users\eduar\Desktop\Soybe-main\data\com_fundo\RGB_JPG_IMPUREZAS\grao_DSC_0283_id115.png,RGB_JPG_IMPUREZAS,RGB_JPG_IMPUREZAS
C:\Users\eduar\Desktop\Soybe-main\data\com_fundo\RGB_JPG_IMPUREZAS\grao_DSC_0283_id116.png,RGB_JPG_IMPUREZAS,RGB_JPG_IMPUREZAS
C:\Users\eduar\Desktop\Soybe-main\data\com_fundo\RGB_JPG_IMPUREZAS\grao_DSC_0283_id121.png,RGB_JPG_IMPUREZAS,RGB_JPG_IMPUREZAS
C:\Users\eduar\Desktop\Soybe-main\data\com_fundo\RGB_JPG_IMPUREZAS\grao_DSC_0283_id125.png,RGB_JPG_IMPUREZAS,RGB_JPG_IMPUREZAS
C:\Users\eduar\Desktop\Soybe-main\data\com_fundo\RGB_JPG_IMPUREZAS\grao_DSC_0283_id126.png,RGB_JPG_IMPUREZAS,RGB_JPG_IMPUREZAS
C:\Users\eduar\Desktop\Soybe-main\data\com_fundo\RGB_JPG_IMPUREZAS\grao_DSC_0283_id127.png,RGB_JPG_IMPUREZAS,RGB_JPG_IMPUREZAS
C:\Users\eduar\Desktop\Soybe-main\data\com_fundo\RGB_JPG_IMPUREZAS\grao_DSC_0283_id128.png,RGB_JPG_IMPUREZAS,RGB_JPG_IMPUREZAS
C:\Users\eduar\Desktop\Soybe-main\data\com_fundo\RGB_JPG_IMPUREZAS\grao_DSC_0283_id129.png,RGB_JPG_IMPUREZAS,RGB_JPG_IMPUREZAS
C:\Users\eduar\Desktop\Soybe-main\data\com_fundo\RGB_JPG_IMPUREZAS\grao_DSC_0283_id130.png,RGB_JPG_IMPUREZAS,RGB_JPG_IMPUREZAS
C:\Users\eduar\Desktop\Soybe-main\data\com_fundo\RGB_JPG_IMPUREZAS\grao_DSC_0283_id131.png,RGB_JPG_IMPUREZAS,RGB_JPG_IMPUREZAS
C:\Users\eduar\Desktop\Soybe-main\data\com_fundo\RGB_JPG_IMPUREZAS\grao_DSC_0283_id132.png,RGB_JPG_IMPUREZAS,RGB_JPG_IMPUREZAS
C:\Users\eduar\Desktop\Soybe-main\data\com_fundo\RGB_JPG_IMPUREZAS\grao_DSC_0283_id133.png,RGB_JPG_IMPUREZAS,RGB_JPG_IMPUREZAS
C:\Users\eduar\Desktop\Soybe-main\data\com_fundo\RGB_JPG_IMPUREZAS\grao_DSC_0283_id134.png,RGB_JPG_IMPUREZAS,RGB_JPG_IMPUREZAS
C:\Users\eduar\Desktop\Soybe-main\data\com_fundo\RGB_JPG_IMPUREZAS\grao_DSC_0283_id135.png,RGB_JPG_IMPUREZAS,RGB_JPG_IMPUREZAS
C:\Users\eduar\Desktop\Soybe-main\data\com_fundo\RGB_JPG_IMPUREZAS\grao_DSC_0283_id136.png,RGB_JPG_IMPUREZAS,RGB_JPG_IMPUREZAS
C:\Users\eduar\Desktop\Soybe-main\data\com_fundo\RGB_JPG_IMPUREZAS\grao_DSC_0283_id138.png,RGB_JPG_IMPUREZAS,RGB_JPG_IMPUREZAS
C:\Users\eduar\Desktop\Soybe-main\data\com_fundo\RGB_JPG_IMPUREZAS\grao_DSC_0283_id139.png,RGB_JPG_IMPUREZAS,RGB_JPG_IMPUREZAS
C:\Users\eduar\Desktop\Soybe-main\data\com_fundo\RGB_JPG_IMPUREZAS\grao_DSC_0283_id141.png,RGB_JPG_IMPUREZAS,RGB_JPG_IMPUREZAS
C:\Users\eduar\Desktop\Soybe-main\data\com_fundo\RGB_JPG_IMPUREZAS\grao_DSC_0283_id142.png,RGB_JPG_IMPUREZAS,RGB_JPG_IMPUREZAS
C:\Users\eduar\Desktop\Soybe-main\data\com_fundo\RGB_JPG_IMPUREZAS\grao_DSC_0283_id143.png,RGB_JPG_IMPUREZAS,RGB_JPG_IMPUREZAS
C:\Users\eduar\Desktop\Soybe-main\data\com_fundo\RGB_JPG_IMPUREZAS\grao_DSC_0283_id148.png,RGB_JPG_IMPUREZAS,RGB_JPG_IMPUREZAS
C:\Users\eduar\Desktop\Soybe-main\data\com_fundo\RGB_JPG_IMPUREZAS\grao_DSC_0283_id149.png,RGB_JPG_IMPUREZAS,RGB_JPG_IMPUREZAS
C:\Users\eduar\Desktop\Soybe-main\data\com_fundo\RGB_JPG_IMPUREZAS\grao_DSC_0283_id15.png,RGB_JPG_IMPUREZAS,RGB_JPG_IMPUREZAS
C:\Users\eduar\Desktop\Soybe-main\data\com_fundo\RGB_JPG_IMPUREZAS\grao_DSC_0283_id150.png,RGB_JPG_IMPUREZAS,RGB_JPG_IMPUREZAS
C:\Users\eduar\Desktop\Soybe-main\data\com_fundo\RGB_JPG_IMPUREZAS\grao_DSC_0283_id151.png,RGB_JPG_IMPUREZAS,RGB_JPG_IMPUREZAS
C:\Users\eduar\Desktop\Soybe-main\data\com_fundo\RGB_JPG_IMPUREZAS\grao_DSC_0283_id152.png,RGB_JPG_IMPUREZAS,RGB_JPG_IMPUREZAS
C:\Users\eduar\Desktop\Soybe-main\data\com_fundo\RGB_JPG_IMPUREZAS\grao_DSC_0283_id154.png,RGB_JPG_IMPUREZAS,RGB_JPG_IMPUREZAS
C:\Users\eduar\Desktop\Soybe-main\data\com_fundo\RGB_JPG_IMPUREZAS\grao_DSC_0283_id155.png,RGB_JPG_IMPUREZAS,RGB_JPG_IMPUREZAS
C:\Users\eduar\Desktop\Soybe-main\data\com_fundo\RGB_JPG_IMPUREZAS\grao_DSC_0283_id156.png,RGB_JPG_IMPUREZAS,RGB_JPG_IMPUREZAS
C:\Users\eduar\Desktop\Soybe-main\data\com_fundo\RGB_JPG_IMPUREZAS\grao_DSC_0283_id158.png,RGB_JPG_IMPUREZAS,RGB_JPG_IMPUREZAS
C:\Users\eduar\Desktop\Soybe-main\data\com_fundo\RGB_JPG_IMPUREZAS\grao_DSC_0283_id159.png,RGB_JPG_IMPUREZAS,RGB_JPG_IMPUREZAS
C:\Users\eduar\Desktop\Soybe-main\data\com_fundo\RGB_JPG_IMPUREZAS\grao_DSC_0283_id160.png,RGB_JPG_IMPUREZAS,RGB_JPG_IMPUREZAS
C:\Users\eduar\Desktop\Soybe-main\data\com_fundo\RGB_JPG_IMPUREZAS\grao_DSC_0283_id161.png,RGB_JPG_IMPUREZAS,RGB_JPG_IMPUREZAS
C:\Users\eduar\Desktop\Soybe-main\data\com_fundo\RGB_JPG_IMPUREZAS\grao_DSC_0283_id162.png,RGB_JPG_IMPUREZAS,RGB_JPG_IMPUREZAS
C:\Users\eduar\Desktop\Soybe-main\data\com_fundo\RGB_JPG_IMPUREZAS\grao_DSC_0283_id163.png,RGB_JPG_IMPUREZAS,RGB_JPG_IMPUREZAS
C:\Users\eduar\Desktop\Soybe-main\data\com_fundo\RGB_JPG_IMPUREZAS\grao_DSC_0283_id164.png,RGB_JPG_IMPUREZAS,RGB_JPG_IMPUREZAS
C:\Users\eduar\Desktop\Soybe-main\data\com_fundo\RGB_JPG_IMPUREZAS\grao_DSC_0283_id165.png,RGB_JPG_IMPUREZAS,RGB_JPG_IMPUREZAS
C:\Users\eduar\Desktop\Soybe-main\data\com_fundo\RGB_JPG_IMPUREZAS\grao_DSC_0283_id168.png,RGB_JPG_IMPUREZAS,RGB_JPG_IMPUREZAS
C:\Users\eduar\Desktop\Soybe-main\data\com_fundo\RGB_JPG_IMPUREZAS\grao_DSC_0283_id176.png,RGB_JPG_IMPUREZAS,RGB_JPG_IMPUREZAS
C:\Users\eduar\Desktop\Soybe-main\data\com_fundo\RGB_JPG_IMPUREZAS\grao_DSC_0283_id177.png,RGB_JPG_IMPUREZAS,RGB_JPG_IMPUREZAS
C:\Users\eduar\Desktop\Soybe-main\data\com_fundo\RGB_JPG_IMPUREZAS\grao_DSC_0283_id178.png,RGB_JPG_IMPUREZAS,RGB_JPG_IMPUREZAS
C:\Users\eduar\Desktop\Soybe-main\data\com_fundo\RGB_JPG_IMPUREZAS\grao_DSC_0283_id179.png,RGB_JPG_IMPUREZAS,RGB_JPG_IMPUREZAS
C:\Users\eduar\Desktop\Soybe-main\data\com_fundo\RGB_JPG_IMPUREZAS\grao_DSC_0283_id180.png,RGB_JPG_IMPUREZAS,RGB_JPG_IMPUREZAS
C:\Users\eduar\Desktop\Soybe-main\data\com_fundo\RGB_JPG_IMPUREZAS\grao_DSC_0283_id181.png,RGB_JPG_IMPUREZAS,RGB_JPG_IMPUREZAS
C:\Users\eduar\Desktop\Soybe-main\data\com_fundo\RGB_JPG_IMPUREZAS\grao_DSC_0283_id183.png,RGB_JPG_IMPUREZAS,RGB_JPG_IMPUREZAS
C:\Users\eduar\Desktop\Soybe-main\data\com_fundo\RGB_JPG_IMPUREZAS\grao_DSC_0283_id19.png,RGB_JPG_IMPUREZAS,RGB_JPG_IMPUREZAS
C:\Users\eduar\Desktop\Soybe-main\data\com_fundo\RGB_JPG_IMPUREZAS\grao_DSC_0283_id193.png,RGB_JPG_IMPUREZAS,RGB_JPG_IMPUREZAS
C:\Users\eduar\Desktop\Soybe-main\data\com_fundo\RGB_JPG_IMPUREZAS\grao_DSC_0283_id194.png,RGB_JPG_IMPUREZAS,RGB_JPG_IMPUREZAS
C:\Users\eduar\Desktop\Soybe-main\data\com_fundo\RGB_JPG_IMPUREZAS\grao_DSC_0283_id195.png,RGB_JPG_IMPUREZAS,RGB_JPG_IMPUREZAS
C:\Users\eduar\Desktop\Soybe-main\data\com_fundo\RGB_JPG_IMPUREZAS\grao_DSC_0283_id196.png,RGB_JPG_IMPUREZAS,RGB_JPG_IMPUREZAS
C:\Users\eduar\Desktop\Soybe-main\data\com_fundo\RGB_JPG_IMPUREZAS\grao_DSC_0283_id197.png,RGB_JPG_IMPUREZAS,RGB_JPG_IMPUREZAS
C:\Users\eduar\Desktop\Soybe-main\data\com_fundo\RGB_JPG_IMPUREZAS\grao_DSC_0283_id198.png,RGB_JPG_IMPUREZAS,RGB_JPG_IMPUREZAS
C:\Users\eduar\Desktop\Soybe-main\data\com_fundo\RGB_JPG_IMPUREZAS\grao_DSC_0283_id199.png,RGB_JPG_IMPUREZAS,RGB_JPG_IMPUREZAS
C:\Users\eduar\Desktop\Soybe-main\data\com_fundo\RGB_JPG_IMPUREZAS\grao_DSC_0283_id2.png,RGB_JPG_IMPUREZAS,RGB_JPG_IMPUREZAS
C:\Users\eduar\Desktop\Soybe-main\data\com_fundo\RGB_JPG_IMPUREZAS\grao_DSC_0283_id20.png,RGB_JPG_IMPUREZAS,RGB_JPG_IMPUREZAS
C:\Users\eduar\Desktop\Soybe-main\data\com_fundo\RGB_JPG_IMPUREZAS\grao_DSC_0283_id200.png,RGB_JPG_IMPUREZAS,RGB_JPG_IMPUREZAS
C:\Users\eduar\Desktop\Soybe-main\data\com_fundo\RGB_JPG_IMPUREZAS\grao_DSC_0283_id201.png,RGB_JPG_IMPUREZAS,RGB_JPG_IMPUREZAS
C:\Users\eduar\Desktop\Soybe-main\data\com_fundo\RGB_JPG_IMPUREZAS\grao_DSC_0283_id205.png,RGB_JPG_IMPUREZAS,RGB_JPG_IMPUREZAS
C:\Users\eduar\Desktop\Soybe-main\data\com_fundo\RGB_JPG_IMPUREZAS\grao_DSC_0283_id208.png,RGB_JPG_IMPUREZAS,RGB_JPG_IMPUREZAS
C:\Users\eduar\Desktop\Soybe-main\data\com_fundo\RGB_JPG_IMPUREZAS\grao_DSC_0283_id21.png,RGB_JPG_IMPUREZAS,RGB_JPG_IMPUREZAS
C:\Users\eduar\Desktop\Soybe-main\data\com_fundo\RGB_JPG_IMPUREZAS\grao_DSC_0283_id214.png,RGB_JPG_IMPUREZAS,RGB_JPG_IMPUREZAS
C:\Users\eduar\Desktop\Soybe-main\data\com_fundo\RGB_JPG_IMPUREZAS\grao_DSC_0283_id215.png,RGB_JPG_IMPUREZAS,RGB_JPG_IMPUREZAS
C:\Users\eduar\Desktop\Soybe-main\data\com_fundo\RGB_JPG_IMPUREZAS\grao_DSC_0283_id216.png,RGB_JPG_IMPUREZAS,RGB_JPG_IMPUREZAS
C:\Users\eduar\Desktop\Soybe-main\data\com_fundo\RGB_JPG_IMPUREZAS\grao_DSC_0283_id217.png,RGB_JPG_IMPUREZAS,RGB_JPG_IMPUREZAS
C:\Users\eduar\Desktop\Soybe-main\data\com_fundo\RGB_JPG_IMPUREZAS\grao_DSC_0283_id218.png,RGB_JPG_IMPUREZAS,RGB_JPG_IMPUREZAS
C:\Users\eduar\Desktop\Soybe-main\data\com_fundo\RGB_JPG_IMPUREZAS\grao_DSC_0283_id219.png,RGB_JPG_IMPUREZAS,RGB_JPG_IMPUREZAS
C:\Users\eduar\Desktop\Soybe-main\data\com_fundo\RGB_JPG_IMPUREZAS\grao_DSC_0283_id22.png,RGB_JPG_IMPUREZAS,RGB_JPG_IMPUREZAS
C:\Users\eduar\Desktop\Soybe-main\data\com_fundo\RGB_JPG_IMPUREZAS\grao_DSC_0283_id220.png,RGB_JPG_IMPUREZAS,RGB_JPG_IMPUREZAS
C:\Users\eduar\Desktop\Soybe-main\data\com_fundo\RGB_JPG_IMPUREZAS\grao_DSC_0283_id221.png,RGB_JPG_IMPUREZAS,RGB_JPG_IMPUREZAS
C:\Users\eduar\Desktop\Soybe-main\data\com_fundo\RGB_JPG_IMPUREZAS\grao_DSC_0283_id225.png,RGB_JPG_IMPUREZAS,RGB_JPG_IMPUREZAS
C:\Users\eduar\Desktop\Soybe-main\data\com_fundo\RGB_JPG_IMPUREZAS\grao_DSC_0283_id23.png,RGB_JPG_IMPUREZAS,RGB_JPG_IMPUREZAS
C:\Users\eduar\Desktop\Soybe-main\data\com_fundo\RGB_JPG_IMPUREZAS\grao_DSC_0283_id231.png,RGB_JPG_IMPUREZAS,RGB_JPG_IMPUREZAS
C:\Users\eduar\Desktop\Soybe-main\data\com_fundo\RGB_JPG_IMPUREZAS\grao_DSC_0283_id232.png,RGB_JPG_IMPUREZAS,RGB_JPG_IMPUREZAS
C:\Users\eduar\Desktop\Soybe-main\data\com_fundo\RGB_JPG_IMPUREZAS\grao_DSC_0283_id233.png,RGB_JPG_IMPUREZAS,RGB_JPG_IMPUREZAS
C:\Users\eduar\Desktop\Soybe-main\data\com_fundo\RGB_JPG_IMPUREZAS\grao_DSC_0283_id236.png,RGB_JPG_IMPUREZAS,RGB_JPG_IMPUREZAS
C:\Users\eduar\Desktop\Soybe-main\data\com_fundo\RGB_JPG_IMPUREZAS\grao_DSC_0283_id239.png,RGB_JPG_IMPUREZAS,RGB_JPG_IMPUREZAS
C:\Users\eduar\Desktop\Soybe-main\data\com_fundo\RGB_JPG_IMPUREZAS\grao_DSC_0283_id24.png,RGB_JPG_IMPUREZAS,RGB_JPG_IMPUREZAS
C:\Users\eduar\Desktop\Soybe-main\data\com_fundo\RGB_JPG_IMPUREZAS\grao_DSC_0283_id240.png,RGB_JPG_IMPUREZAS,RGB_JPG_IMPUREZAS
C:\Users\eduar\Desktop\Soybe-main\data\com_fundo\RGB_JPG_IMPUREZAS\grao_DSC_0283_id244.png,RGB_JPG_IMPUREZAS,RGB_JPG_IMPUREZAS
C:\Users\eduar\Desktop\Soybe-main\data\com_fundo\RGB_JPG_IMPUREZAS\grao_DSC_0283_id25.png,RGB_JPG_IMPUREZAS,RGB_JPG_IMPUREZAS
C:\Users\eduar\Desktop\Soybe-main\data\com_fundo\RGB_JPG_IMPUREZAS\grao_DSC_0283_id32.png,RGB_JPG_IMPUREZAS,RGB_JPG_IMPUREZAS
C:\Users\eduar\Desktop\Soybe-main\data\com_fundo\RGB_JPG_IMPUREZAS\grao_DSC_0283_id34.png,RGB_JPG_IMPUREZAS,RGB_JPG_IMPUREZAS
C:\Users\eduar\Desktop\Soybe-main\data\com_fundo\RGB_JPG_IMPUREZAS\grao_DSC_0283_id35.png,RGB_JPG_IMPUREZAS,RGB_JPG_IMPUREZAS
C:\Users\eduar\Desktop\Soybe-main\data\com_fundo\RGB_JPG_IMPUREZAS\grao_DSC_0283_id36.png,RGB_JPG_IMPUREZAS,RGB_JPG_IMPUREZAS
C:\Users\eduar\Desktop\Soybe-main\data\com_fundo\RGB_JPG_IMPUREZAS\grao_DSC_0283_id37.png,RGB_JPG_IMPUREZAS,RGB_JPG_IMPUREZAS
C:\Users\eduar\Desktop\Soybe-main\data\com_fundo\RGB_JPG_IMPUREZAS\grao_DSC_0283_id38.png,RGB_JPG_IMPUREZAS,RGB_JPG_IMPUREZAS
C:\Users\eduar\Desktop\Soybe-main\data\com_fundo\RGB_JPG_IMPUREZAS\grao_DSC_0283_id39.png,RGB_JPG_IMPUREZAS,RGB_JPG_IMPUREZAS
C:\Users\eduar\Desktop\Soybe-main\data\com_fundo\RGB_JPG_IMPUREZAS\grao_DSC_0283_id40.png,RGB_JPG_IMPUREZAS,RGB_JPG_IMPUREZAS
C:\Users\eduar\Desktop\Soybe-main\data\com_fundo\RGB_JPG_IMPUREZAS\grao_DSC_0283_id41.png,RGB_JPG_IMPUREZAS,RGB_JPG_IMPUREZAS
C:\Users\eduar\Desktop\Soybe-main\data\com_fundo\RGB_JPG_IMPUREZAS\grao_DSC_0283_id42.png,RGB_JPG_IMPUREZAS,RGB_JPG_IMPUREZAS
C:\Users\eduar\Desktop\Soybe-main\data\com_fundo\RGB_JPG_IMPUREZAS\grao_DSC_0283_id43.png,RGB_JPG_IMPUREZAS,RGB_JPG_IMPUREZAS
C:\Users\eduar\Desktop\Soybe-main\data\com_fundo\RGB_JPG_IMPUREZAS\grao_DSC_0283_id45.png,RGB_JPG_IMPUREZAS,RGB_JPG_IMPUREZAS
C:\Users\eduar\Desktop\Soybe-main\data\com_fundo\RGB_JPG_IMPUREZAS\grao_DSC_0283_id48.png,RGB_JPG_IMPUREZAS,RGB_JPG_IMPUREZAS
C:\Users\eduar\Desktop\Soybe-main\data\com_fundo\RGB_JPG_IMPUREZAS\grao_DSC_0283_id5.png,RGB_JPG_IMPUREZAS,RGB_JPG_IMPUREZAS
C:\Users\eduar\Desktop\Soybe-main\data\com_fundo\RGB_JPG_IMPUREZAS\grao_DSC_0283_id54.png,RGB_JPG_IMPUREZAS,RGB_JPG_IMPUREZAS
C:\Users\eduar\Desktop\Soybe-main\data\com_fundo\RGB_JPG_IMPUREZAS\grao_DSC_0283_id6.png,RGB_JPG_IMPUREZAS,RGB_JPG_IMPUREZAS
C:\Users\eduar\Desktop\Soybe-main\data\com_fundo\RGB_JPG_IMPUREZAS\grao_DSC_0283_id61.png,RGB_JPG_IMPUREZAS,RGB_JPG_IMPUREZAS
C:\Users\eduar\Desktop\Soybe-main\data\com_fundo\RGB_JPG_IMPUREZAS\grao_DSC_0283_id66.png,RGB_JPG_IMPUREZAS,RGB_JPG_IMPUREZAS
C:\Users\eduar\Desktop\Soybe-main\data\com_fundo\RGB_JPG_IMPUREZAS\grao_DSC_0283_id67.png,RGB_JPG_IMPUREZAS,RGB_JPG_IMPUREZAS
C:\Users\eduar\Desktop\Soybe-main\data\com_fundo\RGB_JPG_IMPUREZAS\grao_DSC_0283_id68.png,RGB_JPG_IMPUREZAS,RGB_JPG_IMPUREZAS
C:\Users\eduar\Desktop\Soybe-main\data\com_fundo\RGB_JPG_IMPUREZAS\grao_DSC_0283_id69.png,RGB_JPG_IMPUREZAS,RGB_JPG_IMPUREZAS
C:\Users\eduar\Desktop\Soybe-main\data\com_fundo\RGB_JPG_IMPUREZAS\grao_DSC_0283_id7.png,RGB_JPG_IMPUREZAS,RGB_JPG_IMPUREZAS
C:\Users\eduar\Desktop\Soybe-main\data\com_fundo\RGB_JPG_IMPUREZAS\grao_DSC_0283_id70.png,RGB_JPG_IMPUREZAS,RGB_JPG_IMPUREZAS
C:\Users\eduar\Desktop\Soybe-main\data\com_fundo\RGB_JPG_IMPUREZAS\grao_DSC_0283_id71.png,RGB_JPG_IMPUREZAS,RGB_JPG_IMPUREZAS
C:\Users\eduar\Desktop\Soybe-main\data\com_fundo\RGB_JPG_IMPUREZAS\grao_DSC_0283_id8.png,RGB_JPG_IMPUREZAS,RGB_JPG_IMPUREZAS
C:\Users\eduar\Desktop\Soybe-main\data\com_fundo\RGB_JPG_IMPUREZAS\grao_DSC_0283_id81.png,RGB_JPG_IMPUREZAS,RGB_JPG_IMPUREZAS
C:\Users\eduar\Desktop\Soybe-main\data\com_fundo\RGB_JPG_IMPUREZAS\grao_DSC_0283_id82.png,RGB_JPG_IMPUREZAS,RGB_JPG_IMPUREZAS
C:\Users\eduar\Desktop\Soybe-main\data\com_fundo\RGB_JPG_IMPUREZAS\grao_DSC_0283_id83.png,RGB_JPG_IMPUREZAS,RGB_JPG_IMPUREZAS
C:\Users\eduar\Desktop\Soybe-main\data\com_fundo\RGB_JPG_IMPUREZAS\grao_DSC_0283_id84.png,RGB_JPG_IMPUREZAS,RGB_JPG_IMPUREZAS
C:\Users\eduar\Desktop\Soybe-main\data\com_fundo\RGB_JPG_IMPUREZAS\grao_DSC_0283_id85.png,RGB_JPG_IMPUREZAS,RGB_JPG_IMPUREZAS
C:\Users\eduar\Desktop\Soybe-main\data\com_fundo\RGB_JPG_IMPUREZAS\grao_DSC_0283_id86.png,RGB_JPG_IMPUREZAS,RGB_JPG_IMPUREZAS
C:\Users\eduar\Desktop\Soybe-main\data\com_fundo\RGB_JPG_IMPUREZAS\grao_DSC_0283_id87.png,RGB_JPG_IMPUREZAS,RGB_JPG_IMPUREZAS
C:\Users\eduar\Desktop\Soybe-main\data\com_fundo\RGB_JPG_IMPUREZAS\grao_DSC_0283_id88.png,RGB_JPG_IMPUREZAS,RGB_JPG_IMPUREZAS
C:\Users\eduar\Desktop\Soybe-main\data\com_fundo\RGB_JPG_IMPUREZAS\grao_DSC_0283_id9.png,RGB_JPG_IMPUREZAS,RGB_JPG_IMPUREZAS
C:\Users\eduar\Desktop\Soybe-main\data\com_fundo\RGB_JPG_IMPUREZAS\grao_DSC_0283_id91.png,RGB_JPG_IMPUREZAS,RGB_JPG_IMPUREZAS
C:\Users\eduar\Desktop\Soybe-main\data\com_fundo\RGB_JPG_IMPUREZAS\grao_DSC_0283_id96.png,RGB_JPG_IMPUREZAS,RGB_JPG_IMPUREZAS
C:\Users\eduar\Desktop\Soybe-main\data\com_fundo\RGB_JPG_IMPUREZAS\grao_DSC_0295_id1.png,RGB_JPG_IMPUREZAS,RGB_JPG_IMPUREZAS
C:\Users\eduar\Desktop\Soybe-main\data\com_fundo\RGB_JPG_IMPUREZAS\grao_DSC_0295_id10.png,RGB_JPG_IMPUREZAS,RGB_JPG_IMPUREZAS
C:\Users\eduar\Desktop\Soybe-main\data\com_fundo\RGB_JPG_IMPUREZAS\grao_DSC_0295_id101.png,RGB_JPG_IMPUREZAS,RGB_JPG_IMPUREZAS
C:\Users\eduar\Desktop\Soybe-main\data\com_fundo\RGB_JPG_IMPUREZAS\grao_DSC_0295_id103.png,RGB_JPG_IMPUREZAS,RGB_JPG_IMPUREZAS
C:\Users\eduar\Desktop\Soybe-main\data\com_fundo\RGB_JPG_IMPUREZAS\grao_DSC_0295_id104.png,RGB_JPG_IMPUREZAS,RGB_JPG_IMPUREZAS
C:\Users\eduar\Desktop\Soybe-main\data\com_fundo\RGB_JPG_IMPUREZAS\grao_DSC_0295_id105.png,RGB_JPG_IMPUREZAS,RGB_JPG_IMPUREZAS
C:\Users\eduar\Desktop\Soybe-main\data\com_fundo\RGB_JPG_IMPUREZAS\grao_DSC_0295_id106.png,RGB_JPG_IMPUREZAS,RGB_JPG_IMPUREZAS
C:\Users\eduar\Desktop\Soybe-main\data\com_fundo\RGB_JPG_IMPUREZAS\grao_DSC_0295_id108.png,RGB_JPG_IMPUREZAS,RGB_JPG_IMPUREZAS
C:\Users\eduar\Desktop\Soybe-main\data\com_fundo\RGB_JPG_IMPUREZAS\grao_DSC_0295_id109.png,RGB_JPG_IMPUREZAS,RGB_JPG_IMPUREZAS
C:\Users\eduar\Desktop\Soybe-main\data\com_fundo\RGB_JPG_IMPUREZAS\grao_DSC_0295_id110.png,RGB_JPG_IMPUREZAS,RGB_JPG_IMPUREZAS
C:\Users\eduar\Desktop\Soybe-main\data\com_fundo\RGB_JPG_IMPUREZAS\grao_DSC_0295_id111.png,RGB_JPG_IMPUREZAS,RGB_JPG_IMPUREZAS
C:\Users\eduar\Desktop\Soybe-main\data\com_fundo\RGB_JPG_IMPUREZAS\grao_DSC_0295_id112.png,RGB_JPG_IMPUREZAS,RGB_JPG_IMPUREZAS
C:\Users\eduar\Desktop\Soybe-main\data\com_fundo\RGB_JPG_IMPUREZAS\grao_DSC_0295_id113.png,RGB_JPG_IMPUREZAS,RGB_JPG_IMPUREZAS
C:\Users\eduar\Desktop\Soybe-main\data\com_fundo\RGB_JPG_IMPUREZAS\grao_DSC_0295_id114.png,RGB_JPG_IMPUREZAS,RGB_JPG_IMPUREZAS
C:\Users\eduar\Desktop\Soybe-main\data\com_fundo\RGB_JPG_IMPUREZAS\grao_DSC_0295_id115.png,RGB_JPG_IMPUREZAS,RGB_JPG_IMPUREZAS
C:\Users\eduar\Desktop\Soybe-main\data\com_fundo\RGB_JPG_IMPUREZAS\grao_DSC_0295_id116.png,RGB_JPG_IMPUREZAS,RGB_JPG_IMPUREZAS
C:\Users\eduar\Desktop\Soybe-main\data\com_fundo\RGB_JPG_IMPUREZAS\grao_DSC_0295_id117.png,RGB_JPG_IMPUREZAS,RGB_JPG_IMPUREZAS
C:\Users\eduar\Desktop\Soybe-main\data\com_fundo\RGB_JPG_IMPUREZAS\grao_DSC_0295_id118.png,RGB_JPG_IMPUREZAS,RGB_JPG_IMPUREZAS
C:\Users\eduar\Desktop\Soybe-main\data\com_fundo\RGB_JPG_IMPUREZAS\grao_DSC_0295_id119.png,RGB_JPG_IMPUREZAS,RGB_JPG_IMPUREZAS
C:\Users\eduar\Desktop\Soybe-main\data\com_fundo\RGB_JPG_IMPUREZAS\grao_DSC_0295_id12.png,RGB_JPG_IMPUREZAS,RGB_JPG_IMPUREZAS
C:\Users\eduar\Desktop\Soybe-main\data\com_fundo\RGB_JPG_IMPUREZAS\grao_DSC_0295_id120.png,RGB_JPG_IMPUREZAS,RGB_JPG_IMPUREZAS
C:\Users\eduar\Desktop\Soybe-main\data\com_fundo\RGB_JPG_IMPUREZAS\grao_DSC_0295_id122.png,RGB_JPG_IMPUREZAS,RGB_JPG_IMPUREZAS
C:\Users\eduar\Desktop\Soybe-main\data\com_fundo\RGB_JPG_IMPUREZAS\grao_DSC_0295_id127.png,RGB_JPG_IMPUREZAS,RGB_JPG_IMPUREZAS
C:\Users\eduar\Desktop\Soybe-main\data\com_fundo\RGB_JPG_IMPUREZAS\grao_DSC_0295_id129.png,RGB_JPG_IMPUREZAS,RGB_JPG_IMPUREZAS
C:\Users\eduar\Desktop\Soybe-main\data\com_fundo\RGB_JPG_IMPUREZAS\grao_DSC_0295_id132.png,RGB_JPG_IMPUREZAS,RGB_JPG_IMPUREZAS
C:\Users\eduar\Desktop\Soybe-main\data\com_fundo\RGB_JPG_IMPUREZAS\grao_DSC_0295_id134.png,RGB_JPG_IMPUREZAS,RGB_JPG_IMPUREZAS
C:\Users\eduar\Desktop\Soybe-main\data\com_fundo\RGB_JPG_IMPUREZAS\grao_DSC_0295_id136.png,RGB_JPG_IMPUREZAS,RGB_JPG_IMPUREZAS
C:\Users\eduar\Desktop\Soybe-main\data\com_fundo\RGB_JPG_IMPUREZAS\grao_DSC_0295_id137.png,RGB_JPG_IMPUREZAS,RGB_JPG_IMPUREZAS
C:\Users\eduar\Desktop\Soybe-main\data\com_fundo\RGB_JPG_IMPUREZAS\grao_DSC_0295_id138.png,RGB_JPG_IMPUREZAS,RGB_JPG_IMPUREZAS
C:\Users\eduar\Desktop\Soybe-main\data\com_fundo\RGB_JPG_IMPUREZAS\grao_DSC_0295_id139.png,RGB_JPG_IMPUREZAS,RGB_JPG_IMPUREZAS
C:\Users\eduar\Desktop\Soybe-main\data\com_fundo\RGB_JPG_IMPUREZAS\grao_DSC_0295_id14.png,RGB_JPG_IMPUREZAS,RGB_JPG_IMPUREZAS
C:\Users\eduar\Desktop\Soybe-main\data\com_fundo\RGB_JPG_IMPUREZAS\grao_DSC_0295_id140.png,RGB_JPG_IMPUREZAS,RGB_JPG_IMPUREZAS
C:\Users\eduar\Desktop\Soybe-main\data\com_fundo\RGB_JPG_IMPUREZAS\grao_DSC_0295_id141.png,RGB_JPG_IMPUREZAS,RGB_JPG_IMPUREZAS
C:\Users\eduar\Desktop\Soybe-main\data\com_fundo\RGB_JPG_IMPUREZAS\grao_DSC_0295_id142.png,RGB_JPG_IMPUREZAS,RGB_JPG_IMPUREZAS
C:\Users\eduar\Desktop\Soybe-main\data\com_fundo\RGB_JPG_IMPUREZAS\grao_DSC_0295_id143.png,RGB_JPG_IMPUREZAS,RGB_JPG_IMPUREZAS
C:\Users\eduar\Desktop\Soybe-main\data\com_fundo\RGB_JPG_IMPUREZAS\grao_DSC_0295_id144.png,RGB_JPG_IMPUREZAS,RGB_JPG_IMPUREZAS
C:\Users\eduar\Desktop\Soybe-main\data\com_fundo\RGB_JPG_IMPUREZAS\grao_DSC_0295_id145.png,RGB_JPG_IMPUREZAS,RGB_JPG_IMPUREZAS
C:\Users\eduar\Desktop\Soybe-main\data\com_fundo\RGB_JPG_IMPUREZAS\grao_DSC_0295_id146.png,RGB_JPG_IMPUREZAS,RGB_JPG_IMPUREZAS
C:\Users\eduar\Desktop\Soybe-main\data\com_fundo\RGB_JPG_IMPUREZAS\grao_DSC_0295_id147.png,RGB_JPG_IMPUREZAS,RGB_JPG_IMPUREZAS
C:\Users\eduar\Desktop\Soybe-main\data\com_fundo\RGB_JPG_IMPUREZAS\grao_DSC_0295_id148.png,RGB_JPG_IMPUREZAS,RGB_JPG_IMPUREZAS
C:\Users\eduar\Desktop\Soybe-main\data\com_fundo\RGB_JPG_IMPUREZAS\grao_DSC_0295_id150.png,RGB_JPG_IMPUREZAS,RGB_JPG_IMPUREZAS
C:\Users\eduar\Desktop\Soybe-main\data\com_fundo\RGB_JPG_IMPUREZAS\grao_DSC_0295_id151.png,RGB_JPG_IMPUREZAS,RGB_JPG_IMPUREZAS
C:\Users\eduar\Desktop\Soybe-main\data\com_fundo\RGB_JPG_IMPUREZAS\grao_DSC_0295_id153.png,RGB_JPG_IMPUREZAS,RGB_JPG_IMPUREZAS
C:\Users\eduar\Desktop\Soybe-main\data\com_fundo\RGB_JPG_IMPUREZAS\grao_DSC_0295_id154.png,RGB_JPG_IMPUREZAS,RGB_JPG_IMPUREZAS
C:\Users\eduar\Desktop\Soybe-main\data\com_fundo\RGB_JPG_IMPUREZAS\grao_DSC_0295_id158.png,RGB_JPG_IMPUREZAS,RGB_JPG_IMPUREZAS
C:\Users\eduar\Desktop\Soybe-main\data\com_fundo\RGB_JPG_IMPUREZAS\grao_DSC_0295_id16.png,RGB_JPG_IMPUREZAS,RGB_JPG_IMPUREZAS
C:\Users\eduar\Desktop\Soybe-main\data\com_fundo\RGB_JPG_IMPUREZAS\grao_DSC_0295_id160.png,RGB_JPG_IMPUREZAS,RGB_JPG_IMPUREZAS
C:\Users\eduar\Desktop\Soybe-main\data\com_fundo\RGB_JPG_IMPUREZAS\grao_DSC_0295_id161.png,RGB_JPG_IMPUREZAS,RGB_JPG_IMPUREZAS
C:\Users\eduar\Desktop\Soybe-main\data\com_fundo\RGB_JPG_IMPUREZAS\grao_DSC_0295_id163.png,RGB_JPG_IMPUREZAS,RGB_JPG_IMPUREZAS
C:\Users\eduar\Desktop\Soybe-main\data\com_fundo\RGB_JPG_IMPUREZAS\grao_DSC_0295_id164.png,RGB_JPG_IMPUREZAS,RGB_JPG_IMPUREZAS
C:\Users\eduar\Desktop\Soybe-main\data\com_fundo\RGB_JPG_IMPUREZAS\grao_DSC_0295_id165.png,RGB_JPG_IMPUREZAS,RGB_JPG_IMPUREZAS
C:\Users\eduar\Desktop\Soybe-main\data\com_fundo\RGB_JPG_IMPUREZAS\grao_DSC_0295_id166.png,RGB_JPG_IMPUREZAS,RGB_JPG_IMPUREZAS
C:\Users\eduar\Desktop\Soybe-main\data\com_fundo\RGB_JPG_IMPUREZAS\grao_DSC_0295_id167.png,RGB_JPG_IMPUREZAS,RGB_JPG_IMPUREZAS
C:\Users\eduar\Desktop\Soybe-main\data\com_fundo\RGB_JPG_IMPUREZAS\grao_DSC_0295_id169.png,RGB_JPG_IMPUREZAS,RGB_JPG_IMPUREZAS
C:\Users\eduar\Desktop\Soybe-main\data\com_fundo\RGB_JPG_IMPUREZAS\grao_DSC_0295_id17.png,RGB_JPG_IMPUREZAS,RGB_JPG_IMPUREZAS
C:\Users\eduar\Desktop\Soybe-main\data\com_fundo\RGB_JPG_IMPUREZAS\grao_DSC_0295_id170.png,RGB_JPG_IMPUREZAS,RGB_JPG_IMPUREZAS
C:\Users\eduar\Desktop\Soybe-main\data\com_fundo\RGB_JPG_IMPUREZAS\grao_DSC_0295_id171.png,RGB_JPG_IMPUREZAS,RGB_JPG_IMPUREZAS
C:\Users\eduar\Desktop\Soybe-main\data\com_fundo\RGB_JPG_IMPUREZAS\grao_DSC_0295_id172.png,RGB_JPG_IMPUREZAS,RGB_JPG_IMPUREZAS
C:\Users\eduar\Desktop\Soybe-main\data\com_fundo\RGB_JPG_IMPUREZAS\grao_DSC_0295_id173.png,RGB_JPG_IMPUREZAS,RGB_JPG_IMPUREZAS
C:\Users\eduar\Desktop\Soybe-main\data\com_fundo\RGB_JPG_IMPUREZAS\grao_DSC_0295_id174.png,RGB_JPG_IMPUREZAS,RGB_JPG_IMPUREZAS
C:\Users\eduar\Desktop\Soybe-main\data\com_fundo\RGB_JPG_IMPUREZAS\grao_DSC_0295_id175.png,RGB_JPG_IMPUREZAS,RGB_JPG_IMPUREZAS
C:\Users\eduar\Desktop\Soybe-main\data\com_fundo\RGB_JPG_IMPUREZAS\grao_DSC_0295_id176.png,RGB_JPG_IMPUREZAS,RGB_JPG_IMPUREZAS
C:\Users\eduar\Desktop\Soybe-main\data\com_fundo\RGB_JPG_IMPUREZAS\grao_DSC_0295_id18.png,RGB_JPG_IMPUREZAS,RGB_JPG_IMPUREZAS
C:\Users\eduar\Desktop\Soybe-main\data\com_fundo\RGB_JPG_IMPUREZAS\grao_DSC_0295_id186.png,RGB_JPG_IMPUREZAS,RGB_JPG_IMPUREZAS
C:\Users\eduar\Desktop\Soybe-main\data\com_fundo\RGB_JPG_IMPUREZAS\grao_DSC_0295_id187.png,RGB_JPG_IMPUREZAS,RGB_JPG_IMPUREZAS
C:\Users\eduar\Desktop\Soybe-main\data\com_fundo\RGB_JPG_IMPUREZAS\grao_DSC_0295_id188.png,RGB_JPG_IMPUREZAS,RGB_JPG_IMPUREZAS
C:\Users\eduar\Desktop\Soybe-main\data\com_fundo\RGB_JPG_IMPUREZAS\grao_DSC_0295_id19.png,RGB_JPG_IMPUREZAS,RGB_JPG_IMPUREZAS
C:\Users\eduar\Desktop\Soybe-main\data\com_fundo\RGB_JPG_IMPUREZAS\grao_DSC_0295_id190.png,RGB_JPG_IMPUREZAS,RGB_JPG_IMPUREZAS
C:\Users\eduar\Desktop\Soybe-main\data\com_fundo\RGB_JPG_IMPUREZAS\grao_DSC_0295_id191.png,RGB_JPG_IMPUREZAS,RGB_JPG_IMPUREZAS
C:\Users\eduar\Desktop\Soybe-main\data\com_fundo\RGB_JPG_IMPUREZAS\grao_DSC_0295_id193.png,RGB_JPG_IMPUREZAS,RGB_JPG_IMPUREZAS
C:\Users\eduar\Desktop\Soybe-main\data\com_fundo\RGB_JPG_IMPUREZAS\grao_DSC_0295_id194.png,RGB_JPG_IMPUREZAS,RGB_JPG_IMPUREZAS
C:\Users\eduar\Desktop\Soybe-main\data\com_fundo\RGB_JPG_IMPUREZAS\grao_DSC_0295_id195.png,RGB_JPG_IMPUREZAS,RGB_JPG_IMPUREZAS
C:\Users\eduar\Desktop\Soybe-main\data\com_fundo\RGB_JPG_IMPUREZAS\grao_DSC_0295_id196.png,RGB_JPG_IMPUREZAS,RGB_JPG_IMPUREZAS
C:\Users\eduar\Desktop\Soybe-main\data\com_fundo\RGB_JPG_IMPUREZAS\grao_DSC_0295_id197.png,RGB_JPG_IMPUREZAS,RGB_JPG_IMPUREZAS
C:\Users\eduar\Desktop\Soybe-main\data\com_fundo\RGB_JPG_IMPUREZAS\grao_DSC_0295_id198.png,RGB_JPG_IMPUREZAS,RGB_JPG_IMPUREZAS
C:\Users\eduar\Desktop\Soybe-main\data\com_fundo\RGB_JPG_IMPUREZAS\grao_DSC_0295_id2.png,RGB_JPG_IMPUREZAS,RGB_JPG_IMPUREZAS
C:\Users\eduar\Desktop\Soybe-main\data\com_fundo\RGB_JPG_IMPUREZAS\grao_DSC_0295_id20.png,RGB_JPG_IMPUREZAS,RGB_JPG_IMPUREZAS
C:\Users\eduar\Desktop\Soybe-main\data\com_fundo\RGB_JPG_IMPUREZAS\grao_DSC_0295_id202.png,RGB_JPG_IMPUREZAS,RGB_JPG_IMPUREZAS
C:\Users\eduar\Desktop\Soybe-main\data\com_fundo\RGB_JPG_IMPUREZAS\grao_DSC_0295_id210.png,RGB_JPG_IMPUREZAS,RGB_JPG_IMPUREZAS
C:\Users\eduar\Desktop\Soybe-main\data\com_fundo\RGB_JPG_IMPUREZAS\grao_DSC_0295_id211.png,RGB_JPG_IMPUREZAS,RGB_JPG_IMPUREZAS
C:\Users\eduar\Desktop\Soybe-main\data\com_fundo\RGB_JPG_IMPUREZAS\grao_DSC_0295_id212.png,RGB_JPG_IMPUREZAS,RGB_JPG_IMPUREZAS
C:\Users\eduar\Desktop\Soybe-main\data\com_fundo\RGB_JPG_IMPUREZAS\grao_DSC_0295_id213.png,RGB_JPG_IMPUREZAS,RGB_JPG_IMPUREZAS
C:\Users\eduar\Desktop\Soybe-main\data\com_fundo\RGB_JPG_IMPUREZAS\grao_DSC_0295_id214.png,RGB_JPG_IMPUREZAS,RGB_JPG_IMPUREZAS
C:\Users\eduar\Desktop\Soybe-main\data\com_fundo\RGB_JPG_IMPUREZAS\grao_DSC_0295_id215.png,RGB_JPG_IMPUREZAS,RGB_JPG_IMPUREZAS
C:\Users\eduar\Desktop\Soybe-main\data\com_fundo\RGB_JPG_IMPUREZAS\grao_DSC_0295_id216.png,RGB_JPG_IMPUREZAS,RGB_JPG_IMPUREZAS
C:\Users\eduar\Desktop\Soybe-main\data\com_fundo\RGB_JPG_IMPUREZAS\grao_DSC_0295_id217.png,RGB_JPG_IMPUREZAS,RGB_JPG_IMPUREZAS
C:\Users\eduar\Desktop\Soybe-main\data\com_fundo\RGB_JPG_IMPUREZAS\grao_DSC_0295_id220.png,RGB_JPG_IMPUREZAS,RGB_JPG_IMPUREZAS
C:\Users\eduar\Desktop\Soybe-main\data\com_fundo\RGB_JPG_IMPUREZAS\grao_DSC_0295_id222.png,RGB_JPG_IMPUREZAS,RGB_JPG_IMPUREZAS
C:\Users\eduar\Desktop\Soybe-main\data\com_fundo\RGB_JPG_IMPUREZAS\grao_DSC_0295_id223.png,RGB_JPG_IMPUREZAS,RGB_JPG_IMPUREZAS
C:\Users\eduar\Desktop\Soybe-main\data\com_fundo\RGB_JPG_IMPUREZAS\grao_DSC_0295_id224.png,RGB_JPG_IMPUREZAS,RGB_JPG_IMPUREZAS
C:\Users\eduar\Desktop\Soybe-main\data\com_fundo\RGB_JPG_IMPUREZAS\grao_DSC_0295_id228.png,RGB_JPG_IMPUREZAS,RGB_JPG_IMPUREZAS
C:\Users\eduar\Desktop\Soybe-main\data\com_fundo\RGB_JPG_IMPUREZAS\grao_DSC_0295_id229.png,RGB_JPG_IMPUREZAS,RGB_JPG_IMPUREZAS
C:\Users\eduar\Desktop\Soybe-main\data\com_fundo\RGB_JPG_IMPUREZAS\grao_DSC_0295_id235.png,RGB_JPG_IMPUREZAS,RGB_JPG_IMPUREZAS
C:\Users\eduar\Desktop\Soybe-main\data\com_fundo\RGB_JPG_IMPUREZAS\grao_DSC_0295_id236.png,RGB_JPG_IMPUREZAS,RGB_JPG_IMPUREZAS
C:\Users\eduar\Desktop\Soybe-main\data\com_fundo\RGB_JPG_IMPUREZAS\grao_DSC_0295_id237.png,RGB_JPG_IMPUREZAS,RGB_JPG_IMPUREZAS
C:\Users\eduar\Desktop\Soybe-main\data\com_fundo\RGB_JPG_IMPUREZAS\grao_DSC_0295_id239.png,RGB_JPG_IMPUREZAS,RGB_JPG_IMPUREZAS
C:\Users\eduar\Desktop\Soybe-main\data\com_fundo\RGB_JPG_IMPUREZAS\grao_DSC_0295_id240.png,RGB_JPG_IMPUREZAS,RGB_JPG_IMPUREZAS
C:\Users\eduar\Desktop\Soybe-main\data\com_fundo\RGB_JPG_IMPUREZAS\grao_DSC_0295_id241.png,RGB_JPG_IMPUREZAS,RGB_JPG_IMPUREZAS
C:\Users\eduar\Desktop\Soybe-main\data\com_fundo\RGB_JPG_IMPUREZAS\grao_DSC_0295_id242.png,RGB_JPG_IMPUREZAS,RGB_JPG_IMPUREZAS
C:\Users\eduar\Desktop\Soybe-main\data\com_fundo\RGB_JPG_IMPUREZAS\grao_DSC_0295_id243.png,RGB_JPG_IMPUREZAS,RGB_JPG_IMPUREZAS
C:\Users\eduar\Desktop\Soybe-main\data\com_fundo\RGB_JPG_IMPUREZAS\grao_DSC_0295_id245.png,RGB_JPG_IMPUREZAS,RGB_JPG_IMPUREZAS
C:\Users\eduar\Desktop\Soybe-main\data\com_fundo\RGB_JPG_IMPUREZAS\grao_DSC_0295_id250.png,RGB_JPG_IMPUREZAS,RGB_JPG_IMPUREZAS
C:\Users\eduar\Desktop\Soybe-main\data\com_fundo\RGB_JPG_IMPUREZAS\grao_DSC_0295_id251.png,RGB_JPG_IMPUREZAS,RGB_JPG_IMPUREZAS
C:\Users\eduar\Desktop\Soybe-main\data\com_fundo\RGB_JPG_IMPUREZAS\grao_DSC_0295_id254.png,RGB_JPG_IMPUREZAS,RGB_JPG_IMPUREZAS
C:\Users\eduar\Desktop\Soybe-main\data\com_fundo\RGB_JPG_IMPUREZAS\grao_DSC_0295_id257.png,RGB_JPG_IMPUREZAS,RGB_JPG_IMPUREZAS
C:\Users\eduar\Desktop\Soybe-main\data\com_fundo\RGB_JPG_IMPUREZAS\grao_DSC_0295_id259.png,RGB_JPG_IMPUREZAS,RGB_JPG_IMPUREZAS
C:\Users\eduar\Desktop\Soybe-main\data\com_fundo\RGB_JPG_IMPUREZAS\grao_DSC_0295_id26.png,RGB_JPG_IMPUREZAS,RGB_JPG_IMPUREZAS
C:\Users\eduar\Desktop\Soybe-main\data\com_fundo\RGB_JPG_IMPUREZAS\grao_DSC_0295_id260.png,RGB_JPG_IMPUREZAS,RGB_JPG_IMPUREZAS
C:\Users\eduar\Desktop\Soybe-main\data\com_fundo\RGB_JPG_IMPUREZAS\grao_DSC_0295_id261.png,RGB_JPG_IMPUREZAS,RGB_JPG_IMPUREZAS
C:\Users\eduar\Desktop\Soybe-main\data\com_fundo\RGB_JPG_IMPUREZAS\grao_DSC_0295_id263.png,RGB_JPG_IMPUREZAS,RGB_JPG_IMPUREZAS
C:\Users\eduar\Desktop\Soybe-main\data\com_fundo\RGB_JPG_IMPUREZAS\grao_DSC_0295_id264.png,RGB_JPG_IMPUREZAS,RGB_JPG_IMPUREZAS
C:\Users\eduar\Desktop\Soybe-main\data\com_fundo\RGB_JPG_IMPUREZAS\grao_DSC_0295_id268.png,RGB_JPG_IMPUREZAS,RGB_JPG_IMPUREZAS
C:\Users\eduar\Desktop\Soybe-main\data\com_fundo\RGB_JPG_IMPUREZAS\grao_DSC_0295_id273.png,RGB_JPG_IMPUREZAS,RGB_JPG_IMPUREZAS
C:\Users\eduar\Desktop\Soybe-main\data\com_fundo\RGB_JPG_IMPUREZAS\grao_DSC_0295_id276.png,RGB_JPG_IMPUREZAS,RGB_JPG_IMPUREZAS
C:\Users\eduar\Desktop\Soybe-main\data\com_fundo\RGB_JPG_IMPUREZAS\grao_DSC_0295_id29.png,RGB_JPG_IMPUREZAS,RGB_JPG_IMPUREZAS
C:\Users\eduar\Desktop\Soybe-main\data\com_fundo\RGB_JPG_IMPUREZAS\grao_DSC_0295_id3.png,RGB_JPG_IMPUREZAS,RGB_JPG_IMPUREZAS
C:\Users\eduar\Desktop\Soybe-main\data\com_fundo\RGB_JPG_IMPUREZAS\grao_DSC_0295_id30.png,RGB_JPG_IMPUREZAS,RGB_JPG_IMPUREZAS
C:\Users\eduar\Desktop\Soybe-main\data\com_fundo\RGB_JPG_IMPUREZAS\grao_DSC_0295_id31.png,RGB_JPG_IMPUREZAS,RGB_JPG_IMPUREZAS
C:\Users\eduar\Desktop\Soybe-main\data\com_fundo\RGB_JPG_IMPUREZAS\grao_DSC_0295_id32.png,RGB_JPG_IMPUREZAS,RGB_JPG_IMPUREZAS
C:\Users\eduar\Desktop\Soybe-main\data\com_fundo\RGB_JPG_IMPUREZAS\grao_DSC_0295_id33.png,RGB_JPG_IMPUREZAS,RGB_JPG_IMPUREZAS
C:\Users\eduar\Desktop\Soybe-main\data\com_fundo\RGB_JPG_IMPUREZAS\grao_DSC_0295_id34.png,RGB_JPG_IMPUREZAS,RGB_JPG_IMPUREZAS
C:\Users\eduar\Desktop\Soybe-main\data\com_fundo\RGB_JPG_IMPUREZAS\grao_DSC_0295_id35.png,RGB_JPG_IMPUREZAS,RGB_JPG_IMPUREZAS
C:\Users\eduar\Desktop\Soybe-main\data\com_fundo\RGB_JPG_IMPUREZAS\grao_DSC_0295_id36.png,RGB_JPG_IMPUREZAS,RGB_JPG_IMPUREZAS
C:\Users\eduar\Desktop\Soybe-main\data\com_fundo\RGB_JPG_IMPUREZAS\grao_DSC_0295_id38.png,RGB_JPG_IMPUREZAS,RGB_JPG_IMPUREZAS
C:\Users\eduar\Desktop\Soybe-main\data\com_fundo\RGB_JPG_IMPUREZAS\grao_DSC_0295_id39.png,RGB_JPG_IMPUREZAS,RGB_JPG_IMPUREZAS
C:\Users\eduar\Desktop\Soybe-main\data\com_fundo\RGB_JPG_IMPUREZAS\grao_DSC_0295_id4.png,RGB_JPG_IMPUREZAS,RGB_JPG_IMPUREZAS
C:\Users\eduar\Desktop\Soybe-main\data\com_fundo\RGB_JPG_IMPUREZAS\grao_DSC_0295_id40.png,RGB_JPG_IMPUREZAS,RGB_JPG_IMPUREZAS
C:\Users\eduar\Desktop\Soybe-main\data\com_fundo\RGB_JPG_IMPUREZAS\grao_DSC_0295_id41.png,RGB_JPG_IMPUREZAS,RGB_JPG_IMPUREZAS
C:\Users\eduar\Desktop\Soybe-main\data\com_fundo\RGB_JPG_IMPUREZAS\grao_DSC_0295_id44.png,RGB_JPG_IMPUREZAS,RGB_JPG_IMPUREZAS
C:\Users\eduar\Desktop\Soybe-main\data\com_fundo\RGB_JPG_IMPUREZAS\grao_DSC_0295_id46.png,RGB_JPG_IMPUREZAS,RGB_JPG_IMPUREZAS
C:\Users\eduar\Desktop\Soybe-main\data\com_fundo\RGB_JPG_IMPUREZAS\grao_DSC_0295_id48.png,RGB_JPG_IMPUREZAS,RGB_JPG_IMPUREZAS
C:\Users\eduar\Desktop\Soybe-main\data\com_fundo\RGB_JPG_IMPUREZAS\grao_DSC_0295_id53.png,RGB_JPG_IMPUREZAS,RGB_JPG_IMPUREZAS
C:\Users\eduar\Desktop\Soybe-main\data\com_fundo\RGB_JPG_IMPUREZAS\grao_DSC_0295_id54.png,RGB_JPG_IMPUREZAS,RGB_JPG_IMPUREZAS
C:\Users\eduar\Desktop\Soybe-main\data\com_fundo\RGB_JPG_IMPUREZAS\grao_DSC_0295_id55.png,RGB_JPG_IMPUREZAS,RGB_JPG_IMPUREZAS
C:\Users\eduar\Desktop\Soybe-main\data\com_fundo\RGB_JPG_IMPUREZAS\grao_DSC_0295_id56.png,RGB_JPG_IMPUREZAS,RGB_JPG_IMPUREZAS
C:\Users\eduar\Desktop\Soybe-main\data\com_fundo\RGB_JPG_IMPUREZAS\grao_DSC_0295_id57.png,RGB_JPG_IMPUREZAS,RGB_JPG_IMPUREZAS
C:\Users\eduar\Desktop\Soybe-main\data\com_fundo\RGB_JPG_IMPUREZAS\grao_DSC_0295_id58.png,RGB_JPG_IMPUREZAS,RGB_JPG_IMPUREZAS
C:\Users\eduar\Desktop\Soybe-main\data\com_fundo\RGB_JPG_IMPUREZAS\grao_DSC_0295_id59.png,RGB_JPG_IMPUREZAS,RGB_JPG_IMPUREZAS
C:\Users\eduar\Desktop\Soybe-main\data\com_fundo\RGB_JPG_IMPUREZAS\grao_DSC_0295_id60.png,RGB_JPG_IMPUREZAS,RGB_JPG_IMPUREZAS
C:\Users\eduar\Desktop\Soybe-main\data\com_fundo\RGB_JPG_IMPUREZAS\grao_DSC_0295_id62.png,RGB_JPG_IMPUREZAS,RGB_JPG_IMPUREZAS
C:\Users\eduar\Desktop\Soybe-main\data\com_fundo\RGB_JPG_IMPUREZAS\grao_DSC_0295_id63.png,RGB_JPG_IMPUREZAS,RGB_JPG_IMPUREZAS
C:\Users\eduar\Desktop\Soybe-main\data\com_fundo\RGB_JPG_IMPUREZAS\grao_DSC_0295_id64.png,RGB_JPG_IMPUREZAS,RGB_JPG_IMPUREZAS
C:\Users\eduar\Desktop\Soybe-main\data\com_fundo\RGB_JPG_IMPUREZAS\grao_DSC_0295_id67.png,RGB_JPG_IMPUREZAS,RGB_JPG_IMPUREZAS
C:\Users\eduar\Desktop\Soybe-main\data\com_fundo\RGB_JPG_IMPUREZAS\grao_DSC_0295_id68.png,RGB_JPG_IMPUREZAS,RGB_JPG_IMPUREZAS
C:\Users\eduar\Desktop\Soybe-main\data\com_fundo\RGB_JPG_IMPUREZAS\grao_DSC_0295_id7.png,RGB_JPG_IMPUREZAS,RGB_JPG_IMPUREZAS
C:\Users\eduar\Desktop\Soybe-main\data\com_fundo\RGB_JPG_IMPUREZAS\grao_DSC_0295_id70.png,RGB_JPG_IMPUREZAS,RGB_JPG_IMPUREZAS
C:\Users\eduar\Desktop\Soybe-main\data\com_fundo\RGB_JPG_IMPUREZAS\grao_DSC_0295_id73.png,RGB_JPG_IMPUREZAS,RGB_JPG_IMPUREZAS
C:\Users\eduar\Desktop\Soybe-main\data\com_fundo\RGB_JPG_IMPUREZAS\grao_DSC_0295_id74.png,RGB_JPG_IMPUREZAS,RGB_JPG_IMPUREZAS
C:\Users\eduar\Desktop\Soybe-main\data\com_fundo\RGB_JPG_IMPUREZAS\grao_DSC_0295_id75.png,RGB_JPG_IMPUREZAS,RGB_JPG_IMPUREZAS
C:\Users\eduar\Desktop\Soybe-main\data\com_fundo\RGB_JPG_IMPUREZAS\grao_DSC_0295_id77.png,RGB_JPG_IMPUREZAS,RGB_JPG_IMPUREZAS
C:\Users\eduar\Desktop\Soybe-main\data\com_fundo\RGB_JPG_IMPUREZAS\grao_DSC_0295_id78.png,RGB_JPG_IMPUREZAS,RGB_JPG_IMPUREZAS
C:\Users\eduar\Desktop\Soybe-main\data\com_fundo\RGB_JPG_IMPUREZAS\grao_DSC_0295_id79.png,RGB_JPG_IMPUREZAS,RGB_JPG_IMPUREZAS
C:\Users\eduar\Desktop\Soybe-main\data\com_fundo\RGB_JPG_IMPUREZAS\grao_DSC_0295_id80.png,RGB_JPG_IMPUREZAS,RGB_JPG_IMPUREZAS
C:\Users\eduar\Desktop\Soybe-main\data\com_fundo\RGB_JPG_IMPUREZAS\grao_DSC_0295_id81.png,RGB_JPG_IMPUREZAS,RGB_JPG_IMPUREZAS
C:\Users\eduar\Desktop\Soybe-main\data\com_fundo\RGB_JPG_IMPUREZAS\grao_DSC_0295_id83.png,RGB_JPG_IMPUREZAS,RGB_JPG_IMPUREZAS
C:\Users\eduar\Desktop\Soybe-main\data\com_fundo\RGB_JPG_IMPUREZAS\grao_DSC_0295_id89.png,RGB_JPG_IMPUREZAS,RGB_JPG_IMPUREZAS
C:\Users\eduar\Desktop\Soybe-main\data\com_fundo\RGB_JPG_IMPUREZAS\grao_DSC_0295_id90.png,RGB_JPG_IMPUREZAS,RGB_JPG_IMPUREZAS
C:\Users\eduar\Desktop\Soybe-main\data\com_fundo\RGB_JPG_IMPUREZAS\grao_DSC_0295_id91.png,RGB_JPG_IMPUREZAS,RGB_JPG_IMPUREZAS
C:\Users\eduar\Desktop\Soybe-main\data\com_fundo\RGB_JPG_IMPUREZAS\grao_DSC_0295_id92.png,RGB_JPG_IMPUREZAS,RGB_JPG_IMPUREZAS
C:\Users\eduar\Desktop\Soybe-main\data\com_fundo\RGB_JPG_IMPUREZAS\grao_DSC_0295_id95.png,RGB_JPG_IMPUREZAS,RGB_JPG_IMPUREZAS
C:\Users\eduar\Desktop\Soybe-main\data\com_fundo\RGB_JPG_IMPUREZAS\grao_DSC_0295_id99.png,RGB_JPG_IMPUREZAS,RGB_JPG_IMPUREZAS
C:\Users\eduar\Desktop\Soybe-main\data\com_fundo\RGB_JPG_INSETOS\grao_DSC_0164_id1.png,RGB_JPG_INSETOS,RGB_JPG_INSETOS
C:\Users\eduar\Desktop\Soybe-main\data\com_fundo\RGB_JPG_INSETOS\grao_DSC_0164_id10.png,RGB_JPG_INSETOS,RGB_JPG_Normais
C:\Users\eduar\Desktop\Soybe-main\data\com_fundo\RGB_JPG_INSETOS\grao_DSC_0164_id100.png,RGB_JPG_INSETOS,RGB_JPG_INSETOS
C:\Users\eduar\Desktop\Soybe-main\data\com_fundo\RGB_JPG_INSETOS\grao_DSC_0164_id101.png,RGB_JPG_INSETOS,RGB_JPG_Normais
C:\Users\eduar\Desktop\Soybe-main\data\com_fundo\RGB_JPG_INSETOS\grao_DSC_0164_id102.png,RGB_JPG_INSETOS,RGB_JPG_INSETOS
C:\Users\eduar\Desktop\Soybe-main\data\com_fundo\RGB_JPG_INSETOS\grao_DSC_0164_id103.png,RGB_JPG_INSETOS,RGB_JPG_Normais
C:\Users\eduar\Desktop\Soybe-main\data\com_fundo\RGB_JPG_INSETOS\grao_DSC_0164_id104.png,RGB_JPG_INSETOS,RGB_JPG_INSETOS
C:\Users\eduar\Desktop\Soybe-main\data\com_fundo\RGB_JPG_INSETOS\grao_DSC_0164_id105.png,RGB_JPG_INSETOS,RGB_JPG_INSETOS
C:\Users\eduar\Desktop\Soybe-main\data\com_fundo\RGB_JPG_INSETOS\grao_DSC_0164_id106.png,RGB_JPG_INSETOS,RGB_JPG_INSETOS
C:\Users\eduar\Desktop\Soybe-main\data\com_fundo\RGB_JPG_INSETOS\grao_DSC_0164_id107.png,RGB_JPG_INSETOS,RGB_JPG_INSETOS
C:\Users\eduar\Desktop\Soybe-main\data\com_fundo\RGB_JPG_INSETOS\grao_DSC_0164_id108.png,RGB_JPG_INSETOS,RGB_JPG_INSETOS
C:\Users\eduar\Desktop\Soybe-main\data\com_fundo\RGB_JPG_INSETOS\grao_DSC_0164_id109.png,RGB_JPG_INSETOS,RGB_JPG_INSETOS
C:\Users\eduar\Desktop\Soybe-main\data\com_fundo\RGB_JPG_INSETOS\grao_DSC_0164_id11.png,RGB_JPG_INSETOS,RGB_JPG_INSETOS
C:\Users\eduar\Desktop\Soybe-main\data\com_fundo\RGB_JPG_INSETOS\grao_DSC_0164_id110.png,RGB_JPG_INSETOS,RGB_JPG_INSETOS
C:\Users\eduar\Desktop\Soybe-main\data\com_fundo\RGB_JPG_INSETOS\grao_DSC_0164_id111.png,RGB_JPG_INSETOS,RGB_JPG_INSETOS
C:\Users\eduar\Desktop\Soybe-main\data\com_fundo\RGB_JPG_INSETOS\grao_DSC_0164_id112.png,RGB_JPG_INSETOS,RGB_JPG_INSETOS
C:\Users\eduar\Desktop\Soybe-main\data\com_fundo\RGB_JPG_INSETOS\grao_DSC_0164_id113.png,RGB_JPG_INSETOS,RGB_JPG_INSETOS
C:\Users\eduar\Desktop\Soybe-main\data\com_fundo\RGB_JPG_INSETOS\grao_DSC_0164_id114.png,RGB_JPG_INSETOS,RGB_JPG_INSETOS
C:\Users\eduar\Desktop\Soybe-main\data\com_fundo\RGB_JPG_INSETOS\grao_DSC_0164_id115.png,RGB_JPG_INSETOS,RGB_JPG_INSETOS
C:\Users\eduar\Desktop\Soybe-main\data\com_fundo\RGB_JPG_INSETOS\grao_DSC_0164_id116.png,RGB_JPG_INSETOS,RGB_JPG_INSETOS
C:\Users\eduar\Desktop\Soybe-main\data\com_fundo\RGB_JPG_INSETOS\grao_DSC_0164_id117.png,RGB_JPG_INSETOS,RGB_JPG_INSETOS
C:\Users\eduar\Desktop\Soybe-main\data\com_fundo\RGB_JPG_INSETOS\grao_DSC_0164_id118.png,RGB_JPG_INSETOS,RGB_JPG_INSETOS
C:\Users\eduar\Desktop\Soybe-main\data\com_fundo\RGB_JPG_INSETOS\grao_DSC_0164_id119.png,RGB_JPG_INSETOS,RGB_JPG_INSETOS
C:\Users\eduar\Desktop\Soybe-main\data\com_fundo\RGB_JPG_INSETOS\grao_DSC_0164_id12.png,RGB_JPG_INSETOS,RGB_JPG_INSETOS
C:\Users\eduar\Desktop\Soybe-main\data\com_fundo\RGB_JPG_INSETOS\grao_DSC_0164_id120.png,RGB_JPG_INSETOS,RGB_JPG_INSETOS
C:\Users\eduar\Desktop\Soybe-main\data\com_fundo\RGB_JPG_INSETOS\grao_DSC_0164_id121.png,RGB_JPG_INSETOS,RGB_JPG_Normais
C:\Users\eduar\Desktop\Soybe-main\data\com_fundo\RGB_JPG_INSETOS\grao_DSC_0164_id122.png,RGB_JPG_INSETOS,RGB_JPG_INSETOS
C:\Users\eduar\Desktop\Soybe-main\data\com_fundo\RGB_JPG_INSETOS\grao_DSC_0164_id13.png,RGB_JPG_INSETOS,RGB_JPG_INSETOS
C:\Users\eduar\Desktop\Soybe-main\data\com_fundo\RGB_JPG_INSETOS\grao_DSC_0164_id14.png,RGB_JPG_INSETOS,RGB_JPG_Normais
C:\Users\eduar\Desktop\Soybe-main\data\com_fundo\RGB_JPG_INSETOS\grao_DSC_0164_id15.png,RGB_JPG_INSETOS,RGB_JPG_PURPURAS
C:\Users\eduar\Desktop\Soybe-main\data\com_fundo\RGB_JPG_INSETOS\grao_DSC_0164_id16.png,RGB_JPG_INSETOS,RGB_JPG_Normais
C:\Users\eduar\Desktop\Soybe-main\data\com_fundo\RGB_JPG_INSETOS\grao_DSC_0164_id17.png,RGB_JPG_INSETOS,RGB_JPG_INSETOS
C:\Users\eduar\Desktop\Soybe-main\data\com_fundo\RGB_JPG_INSETOS\grao_DSC_0164_id18.png,RGB_JPG_INSETOS,RGB_JPG_INSETOS
C:\Users\eduar\Desktop\Soybe-main\data\com_fundo\RGB_JPG_INSETOS\grao_DSC_0164_id19.png,RGB_JPG_INSETOS,RGB_JPG_Normais
C:\Users\eduar\Desktop\Soybe-main\data\com_fundo\RGB_JPG_INSETOS\grao_DSC_0164_id2.png,RGB_JPG_INSETOS,RGB_JPG_INSETOS
C:\Users\eduar\Desktop\Soybe-main\data\com_fundo\RGB_JPG_INSETOS\grao_DSC_0164_id20.png,RGB_JPG_INSETOS,RGB_JPG_Normais
C:\Users\eduar\Desktop\Soybe-main\data\com_fundo\RGB_JPG_INSETOS\grao_DSC_0164_id21.png,RGB_JPG_INSETOS,RGB_JPG_INSETOS
C:\Users\eduar\Desktop\Soybe-main\data\com_fundo\RGB_JPG_INSETOS\grao_DSC_0164_id22.png,RGB_JPG_INSETOS,RGB_JPG_Normais
C:\Users\eduar\Desktop\Soybe-main\data\com_fundo\RGB_JPG_INSETOS\grao_DSC_0164_id23.png,RGB_JPG_INSETOS,RGB_JPG_PURPURAS
C:\Users\eduar\Desktop\Soybe-main\data\com_fundo\RGB_JPG_INSETOS\grao_DSC_0164_id24.png,RGB_JPG_INSETOS,RGB_JPG_INSETOS
C:\Users\eduar\Desktop\Soybe-main\data\com_fundo\RGB_JPG_INSETOS\grao_DSC_0164_id25.png,RGB_JPG_INSETOS,RGB_JPG_Normais
C:\Users\eduar\Desktop\Soybe-main\data\com_fundo\RGB_JPG_INSETOS\grao_DSC_0164_id26.png,RGB_JPG_INSETOS,RGB_JPG_INSETOS
C:\Users\eduar\Desktop\Soybe-main\data\com_fundo\RGB_JPG_INSETOS\grao_DSC_0164_id27.png,RGB_JPG_INSETOS,RGB_JPG_INSETOS
C:\Users\eduar\Desktop\Soybe-main\data\com_fundo\RGB_JPG_INSETOS\grao_DSC_0164_id28.png,RGB_JPG_INSETOS,RGB_JPG_INSETOS
C:\Users\eduar\Desktop\Soybe-main\data\com_fundo\RGB_JPG_INSETOS\grao_DSC_0164_id29.png,RGB_JPG_INSETOS,RGB_JPG_INSETOS
C:\Users\eduar\Desktop\Soybe-main\data\com_fundo\RGB_JPG_INSETOS\grao_DSC_0164_id3.png,RGB_JPG_INSETOS,RGB_JPG_Normais
C:\Users\eduar\Desktop\Soybe-main\data\com_fundo\RGB_JPG_INSETOS\grao_DSC_0164_id30.png,RGB_JPG_INSETOS,RGB_JPG_INSETOS
C:\Users\eduar\Desktop\Soybe-main\data\com_fundo\RGB_JPG_INSETOS\grao_DSC_0164_id31.png,RGB_JPG_INSETOS,RGB_JPG_INSETOS
C:\Users\eduar\Desktop\Soybe-main\data\com_fundo\RGB_JPG_INSETOS\grao_DSC_0164_id32.png,RGB_JPG_INSETOS,RGB_JPG_INSETOS
C:\Users\eduar\Desktop\Soybe-main\data\com_fundo\RGB_JPG_INSETOS\grao_DSC_0164_id33.png,RGB_JPG_INSETOS,RGB_JPG_PURPURAS
C:\Users\eduar\Desktop\Soybe-main\data\com_fundo\RGB_JPG_INSETOS\grao_DSC_0164_id34.png,RGB_JPG_INSETOS,RGB_JPG_Normais
C:\Users\eduar\Desktop\Soybe-main\data\com_fundo\RGB_JPG_INSETOS\grao_DSC_0164_id35.png,RGB_JPG_INSETOS,RGB_JPG_INSETOS
C:\Users\eduar\Desktop\Soybe-main\data\com_fundo\RGB_JPG_INSETOS\grao_DSC_0164_id36.png,RGB_JPG_INSETOS,RGB_JPG_INSETOS
C:\Users\eduar\Desktop\Soybe-main\data\com_fundo\RGB_JPG_INSETOS\grao_DSC_0164_id37.png,RGB_JPG_INSETOS,RGB_JPG_INSETOS
C:\Users\eduar\Desktop\Soybe-main\data\com_fundo\RGB_JPG_INSETOS\grao_DSC_0164_id38.png,RGB_JPG_INSETOS,RGB_JPG_INSETOS
C:\Users\eduar\Desktop\Soybe-main\data\com_fundo\RGB_JPG_INSETOS\grao_DSC_0164_id39.png,RGB_JPG_INSETOS,RGB_JPG_INSETOS
C:\Users\eduar\Desktop\Soybe-main\data\com_fundo\RGB_JPG_INSETOS\grao_DSC_0164_id4.png,RGB_JPG_INSETOS,RGB_JPG_CHOCHOS
C:\Users\eduar\Desktop\Soybe-main\data\com_fundo\RGB_JPG_INSETOS\grao_DSC_0164_id40.png,RGB_JPG_INSETOS,RGB_JPG_INSETOS
C:\Users\eduar\Desktop\Soybe-main\data\com_fundo\RGB_JPG_INSETOS\grao_DSC_0164_id41.png,RGB_JPG_INSETOS,RGB_JPG_Normais
C:\Users\eduar\Desktop\Soybe-main\data\com_fundo\RGB_JPG_INSETOS\grao_DSC_0164_id42.png,RGB_JPG_INSETOS,RGB_JPG_INSETOS
C:\Users\eduar\Desktop\Soybe-main\data\com_fundo\RGB_JPG_INSETOS\grao_DSC_0164_id43.png,RGB_JPG_INSETOS,RGB_JPG_INSETOS
C:\Users\eduar\Desktop\Soybe-main\data\com_fundo\RGB_JPG_INSETOS\grao_DSC_0164_id44.png,RGB_JPG_INSETOS,RGB_JPG_INSETOS
C:\Users\eduar\Desktop\Soybe-main\data\com_fundo\RGB_JPG_INSETOS\grao_DSC_0164_id45.png,RGB_JPG_INSETOS,RGB_JPG_INSETOS
C:\Users\eduar\Desktop\Soybe-main\data\com_fundo\RGB_JPG_INSETOS\grao_DSC_0164_id48.png,RGB_JPG_INSETOS,RGB_JPG_INSETOS
C:\Users\eduar\Desktop\Soybe-main\data\com_fundo\RGB_JPG_INSETOS\grao_DSC_0164_id5.png,RGB_JPG_INSETOS,RGB_JPG_INSETOS
C:\Users\eduar\Desktop\Soybe-main\data\com_fundo\RGB_JPG_INSETOS\grao_DSC_0164_id50.png,RGB_JPG_INSETOS,RGB_JPG_INSETOS
C:\Users\eduar\Desktop\Soybe-main\data\com_fundo\RGB_JPG_INSETOS\grao_DSC_0164_id51.png,RGB_JPG_INSETOS,RGB_JPG_INSETOS
C:\Users\eduar\Desktop\Soybe-main\data\com_fundo\RGB_JPG_INSETOS\grao_DSC_0164_id53.png,RGB_JPG_INSETOS,RGB_JPG_INSETOS
C:\Users\eduar\Desktop\Soybe-main\data\com_fundo\RGB_JPG_INSETOS\grao_DSC_0164_id54.png,RGB_JPG_INSETOS,RGB_JPG_INSETOS
C:\Users\eduar\Desktop\Soybe-main\data\com_fundo\RGB_JPG_INSETOS\grao_DSC_0164_id55.png,RGB_JPG_INSETOS,RGB_JPG_INSETOS
C:\Users\eduar\Desktop\Soybe-main\data\com_fundo\RGB_JPG_INSETOS\grao_DSC_0164_id56.png,RGB_JPG_INSETOS,RGB_JPG_INSETOS
C:\Users\eduar\Desktop\Soybe-main\data\com_fundo\RGB_JPG_INSETOS\grao_DSC_0164_id57.png,RGB_JPG_INSETOS,RGB_JPG_INSETOS
C:\Users\eduar\Desktop\Soybe-main\data\com_fundo\RGB_JPG_INSETOS\grao_DSC_0164_id58.png,RGB_JPG_INSETOS,RGB_JPG_INSETOS
C:\Users\eduar\Desktop\Soybe-main\data\com_fundo\RGB_JPG_INSETOS\grao_DSC_0164_id6.png,RGB_JPG_INSETOS,RGB_JPG_Normais
C:\Users\eduar\Desktop\Soybe-main\data\com_fundo\RGB_JPG_INSETOS\grao_DSC_0164_id60.png,RGB_JPG_INSETOS,RGB_JPG_INSETOS
C:\Users\eduar\Desktop\Soybe-main\data\com_fundo\RGB_JPG_INSETOS\grao_DSC_0164_id61.png,RGB_JPG_INSETOS,RGB_JPG_INSETOS
C:\Users\eduar\Desktop\Soybe-main\data\com_fundo\RGB_JPG_INSETOS\grao_DSC_0164_id62.png,RGB_JPG_INSETOS,RGB_JPG_INSETOS
C:\Users\eduar\Desktop\Soybe-main\data\com_fundo\RGB_JPG_INSETOS\grao_DSC_0164_id63.png,RGB_JPG_INSETOS,RGB_JPG_INSETOS
C:\Users\eduar\Desktop\Soybe-main\data\com_fundo\RGB_JPG_INSETOS\grao_DSC_0164_id64.png,RGB_JPG_INSETOS,RGB_JPG_INSETOS
C:\Users\eduar\Desktop\Soybe-main\data\com_fundo\RGB_JPG_INSETOS\grao_DSC_0164_id65.png,RGB_JPG_INSETOS,RGB_JPG_INSETOS
C:\Users\eduar\Desktop\Soybe-main\data\com_fundo\RGB_JPG_INSETOS\grao_DSC_0164_id66.png,RGB_JPG_INSETOS,RGB_JPG_INSETOS
C:\Users\eduar\Desktop\Soybe-main\data\com_fundo\RGB_JPG_INSETOS\grao_DSC_0164_id67.png,RGB_JPG_INSETOS,RGB_JPG_INSETOS
C:\Users\eduar\Desktop\Soybe-main\data\com_fundo\RGB_JPG_INSETOS\grao_DSC_0164_id68.png,RGB_JPG_INSETOS,RGB_JPG_INSETOS
C:\Users\eduar\Desktop\Soybe-main\data\com_fundo\RGB_JPG_INSETOS\grao_DSC_0164_id69.png,RGB_JPG_INSETOS,RGB_JPG_INSETOS
C:\Users\eduar\Desktop\Soybe-main\data\com_fundo\RGB_JPG_INSETOS\grao_DSC_0164_id7.png,RGB_JPG_INSETOS,RGB_JPG_INSETOS
C:\Users\eduar\Desktop\Soybe-main\data\com_fundo\RGB_JPG_INSETOS\grao_DSC_0164_id70.png,RGB_JPG_INSETOS,RGB_JPG_INSETOS
C:\Users\eduar\Desktop\Soybe-main\data\com_fundo\RGB_JPG_INSETOS\grao_DSC_0164_id71.png,RGB_JPG_INSETOS,RGB_JPG_INSETOS
C:\Users\eduar\Desktop\Soybe-main\data\com_fundo\RGB_JPG_INSETOS\grao_DSC_0164_id72.png,RGB_JPG_INSETOS,RGB_JPG_INSETOS
C:\Users\eduar\Desktop\Soybe-main\data\com_fundo\RGB_JPG_INSETOS\grao_DSC_0164_id73.png,RGB_JPG_INSETOS,RGB_JPG_INSETOS
C:\Users\eduar\Desktop\Soybe-main\data\com_fundo\RGB_JPG_INSETOS\grao_DSC_0164_id74.png,RGB_JPG_INSETOS,RGB_JPG_INSETOS
C:\Users\eduar\Desktop\Soybe-main\data\com_fundo\RGB_JPG_INSETOS\grao_DSC_0164_id75.png,RGB_JPG_INSETOS,RGB_JPG_INSETOS
C:\Users\eduar\Desktop\Soybe-main\data\com_fundo\RGB_JPG_INSETOS\grao_DSC_0164_id76.png,RGB_JPG_INSETOS,RGB_JPG_Normais
C:\Users\eduar\Desktop\Soybe-main\data\com_fundo\RGB_JPG_INSETOS\grao_DSC_0164_id77.png,RGB_JPG_INSETOS,RGB_JPG_INSETOS
C:\Users\eduar\Desktop\Soybe-main\data\com_fundo\RGB_JPG_INSETOS\grao_DSC_0164_id78.png,RGB_JPG_INSETOS,RGB_JPG_INSETOS
C:\Users\eduar\Desktop\Soybe-main\data\com_fundo\RGB_JPG_INSETOS\grao_DSC_0164_id79.png,RGB_JPG_INSETOS,RGB_JPG_INSETOS
C:\Users\eduar\Desktop\Soybe-main\data\com_fundo\RGB_JPG_INSETOS\grao_DSC_0164_id8.png,RGB_JPG_INSETOS,RGB_JPG_Normais
C:\Users\eduar\Desktop\Soybe-main\data\com_fundo\RGB_JPG_INSETOS\grao_DSC_0164_id80.png,RGB_JPG_INSETOS,RGB_JPG_INSETOS
C:\Users\eduar\Desktop\Soybe-main\data\com_fundo\RGB_JPG_INSETOS\grao_DSC_0164_id81.png,RGB_JPG_INSETOS,RGB_JPG_INSETOS
C:\Users\eduar\Desktop\Soybe-main\data\com_fundo\RGB_JPG_INSETOS\grao_DSC_0164_id82.png,RGB_JPG_INSETOS,RGB_JPG_INSETOS
C:\Users\eduar\Desktop\Soybe-main\data\com_fundo\RGB_JPG_INSETOS\grao_DSC_0164_id83.png,RGB_JPG_INSETOS,RGB_JPG_INSETOS
C:\Users\eduar\Desktop\Soybe-main\data\com_fundo\RGB_JPG_INSETOS\grao_DSC_0164_id84.png,RGB_JPG_INSETOS,RGB_JPG_INSETOS
C:\Users\eduar\Desktop\Soybe-main\data\com_fundo\RGB_JPG_INSETOS\grao_DSC_0164_id85.png,RGB_JPG_INSETOS,RGB_JPG_PURPURAS
C:\Users\eduar\Desktop\Soybe-main\data\com_fundo\RGB_JPG_INSETOS\grao_DSC_0164_id87.png,RGB_JPG_INSETOS,RGB_JPG_INSETOS
C:\Users\eduar\Desktop\Soybe-main\data\com_fundo\RGB_JPG_INSETOS\grao_DSC_0164_id88.png,RGB_JPG_INSETOS,RGB_JPG_INSETOS
C:\Users\eduar\Desktop\Soybe-main\data\com_fundo\RGB_JPG_INSETOS\grao_DSC_0164_id89.png,RGB_JPG_INSETOS,RGB_JPG_INSETOS
C:\Users\eduar\Desktop\Soybe-main\data\com_fundo\RGB_JPG_INSETOS\grao_DSC_0164_id9.png,RGB_JPG_INSETOS,RGB_JPG_INSETOS
C:\Users\eduar\Desktop\Soybe-main\data\com_fundo\RGB_JPG_INSETOS\grao_DSC_0164_id90.png,RGB_JPG_INSETOS,RGB_JPG_INSETOS
C:\Users\eduar\Desktop\Soybe-main\data\com_fundo\RGB_JPG_INSETOS\grao_DSC_0164_id91.png,RGB_JPG_INSETOS,RGB_JPG_INSETOS
C:\Users\eduar\Desktop\Soybe-main\data\com_fundo\RGB_JPG_INSETOS\grao_DSC_0164_id92.png,RGB_JPG_INSETOS,RGB_JPG_INSETOS
C:\Users\eduar\Desktop\Soybe-main\data\com_fundo\RGB_JPG_INSETOS\grao_DSC_0164_id93.png,RGB_JPG_INSETOS,RGB_JPG_INSETOS
C:\Users\eduar\Desktop\Soybe-main\data\com_fundo\RGB_JPG_INSETOS\grao_DSC_0164_id94.png,RGB_JPG_INSETOS,RGB_JPG_Normais
C:\Users\eduar\Desktop\Soybe-main\data\com_fundo\RGB_JPG_INSETOS\grao_DSC_0164_id95.png,RGB_JPG_INSETOS,RGB_JPG_Normais
C:\Users\eduar\Desktop\Soybe-main\data\com_fundo\RGB_JPG_INSETOS\grao_DSC_0164_id96.png,RGB_JPG_INSETOS,RGB_JPG_INSETOS
C:\Users\eduar\Desktop\Soybe-main\data\com_fundo\RGB_JPG_INSETOS\grao_DSC_0164_id97.png,RGB_JPG_INSETOS,RGB_JPG_INSETOS
C:\Users\eduar\Desktop\Soybe-main\data\com_fundo\RGB_JPG_INSETOS\grao_DSC_0164_id98.png,RGB_JPG_INSETOS,RGB_JPG_INSETOS
C:\Users\eduar\Desktop\Soybe-main\data\com_fundo\RGB_JPG_INSETOS\grao_DSC_0164_id99.png,RGB_JPG_INSETOS,RGB_JPG_INSETOS
C:\Users\eduar\Desktop\Soybe-main\data\com_fundo\RGB_JPG_MAMONAS\grao_DSC_0189_id104.png,RGB_JPG_MAMONAS,RGB_JPG_MAMONAS
C:\Users\eduar\Desktop\Soybe-main\data\com_fundo\RGB_JPG_MAMONAS\grao_DSC_0189_id110.png,RGB_JPG_MAMONAS,RGB_JPG_MAMONAS
C:\Users\eduar\Desktop\Soybe-main\data\com_fundo\RGB_JPG_MAMONAS\grao_DSC_0189_id112.png,RGB_JPG_MAMONAS,RGB_JPG_MAMONAS
C:\Users\eduar\Desktop\Soybe-main\data\com_fundo\RGB_JPG_MAMONAS\grao_DSC_0189_id118.png,RGB_JPG_MAMONAS,RGB_JPG_MAMONAS
C:\Users\eduar\Desktop\Soybe-main\data\com_fundo\RGB_JPG_MAMONAS\grao_DSC_0189_id119.png,RGB_JPG_MAMONAS,RGB_JPG_MAMONAS
C:\Users\eduar\Desktop\Soybe-main\data\com_fundo\RGB_JPG_MAMONAS\grao_DSC_0189_id120.png,RGB_JPG_MAMONAS,RGB_JPG_MAMONAS
C:\Users\eduar\Desktop\Soybe-main\data\com_fundo\RGB_JPG_MAMONAS\grao_DSC_0189_id121.png,RGB_JPG_MAMONAS,RGB_JPG_MAMONAS
C:\Users\eduar\Desktop\Soybe-main\data\com_fundo\RGB_JPG_MAMONAS\grao_DSC_0189_id122.png,RGB_JPG_MAMONAS,RGB_JPG_MAMONAS
C:\Users\eduar\Desktop\Soybe-main\data\com_fundo\RGB_JPG_MAMONAS\grao_DSC_0189_id124.png,RGB_JPG_MAMONAS,RGB_JPG_MAMONAS
C:\Users\eduar\Desktop\Soybe-main\data\com_fundo\RGB_JPG_MAMONAS\grao_DSC_0189_id125.png,RGB_JPG_MAMONAS,RGB_JPG_MAMONAS
C:\Users\eduar\Desktop\Soybe-main\data\com_fundo\RGB_JPG_MAMONAS\grao_DSC_0189_id131.png,RGB_JPG_MAMONAS,RGB_JPG_MAMONAS
C:\Users\eduar\Desktop\Soybe-main\data\com_fundo\RGB_JPG_MAMONAS\grao_DSC_0189_id132.png,RGB_JPG_MAMONAS,RGB_JPG_MAMONAS
C:\Users\eduar\Desktop\Soybe-main\data\com_fundo\RGB_JPG_MAMONAS\grao_DSC_0189_id136.png,RGB_JPG_MAMONAS,RGB_JPG_MAMONAS
C:\Users\eduar\Desktop\Soybe-main\data\com_fundo\RGB_JPG_MAMONAS\grao_DSC_0189_id137.png,RGB_JPG_MAMONAS,RGB_JPG_MAMONAS
C:\Users\eduar\Desktop\Soybe-main\data\com_fundo\RGB_JPG_MAMONAS\grao_DSC_0189_id138.png,RGB_JPG_MAMONAS,RGB_JPG_MAMONAS
C:\Users\eduar\Desktop\Soybe-main\data\com_fundo\RGB_JPG_MAMONAS\grao_DSC_0189_id139.png,RGB_JPG_MAMONAS,RGB_JPG_MAMONAS
C:\Users\eduar\Desktop\Soybe-main\data\com_fundo\RGB_JPG_MAMONAS\grao_DSC_0189_id140.png,RGB_JPG_MAMONAS,RGB_JPG_MAMONAS
C:\Users\eduar\Desktop\Soybe-main\data\com_fundo\RGB_JPG_MAMONAS\grao_DSC_0189_id141.png,RGB_JPG_MAMONAS,RGB_JPG_MAMONAS
C:\Users\eduar\Desktop\Soybe-main\data\com_fundo\RGB_JPG_MAMONAS\grao_DSC_0189_id142.png,RGB_JPG_MAMONAS,RGB_JPG_MAMONAS
C:\Users\eduar\Desktop\Soybe-main\data\com_fundo\RGB_JPG_MAMONAS\grao_DSC_0189_id143.png,RGB_JPG_MAMONAS,RGB_JPG_MAMONAS
C:\Users\eduar\Desktop\Soybe-main\data\com_fundo\RGB_JPG_MAMONAS\grao_DSC_0189_id144.png,RGB_JPG_MAMONAS,RGB_JPG_MAMONAS
C:\Users\eduar\Desktop\Soybe-main\data\com_fundo\RGB_JPG_MAMONAS\grao_DSC_0189_id145.png,RGB_JPG_MAMONAS,RGB_JPG_MAMONAS
C:\Users\eduar\Desktop\Soybe-main\data\com_fundo\RGB_JPG_MAMONAS\grao_DSC_0189_id147.png,RGB_JPG_MAMONAS,RGB_JPG_MAMONAS
C:\Users\eduar\Desktop\Soybe-main\data\com_fundo\RGB_JPG_MAMONAS\grao_DSC_0189_id148.png,RGB_JPG_MAMONAS,RGB_JPG_MAMONAS
C:\Users\eduar\Desktop\Soybe-main\data\com_fundo\RGB_JPG_MAMONAS\grao_DSC_0189_id149.png,RGB_JPG_MAMONAS,RGB_JPG_MAMONAS
C:\Users\eduar\Desktop\Soybe-main\data\com_fundo\RGB_JPG_MAMONAS\grao_DSC_0189_id150.png,RGB_JPG_MAMONAS,RGB_JPG_MAMONAS
C:\Users\eduar\Desktop\Soybe-main\data\com_fundo\RGB_JPG_MAMONAS\grao_DSC_0189_id151.png,RGB_JPG_MAMONAS,RGB_JPG_MAMONAS
C:\Users\eduar\Desktop\Soybe-main\data\com_fundo\RGB_JPG_MAMONAS\grao_DSC_0189_id152.png,RGB_JPG_MAMONAS,RGB_JPG_MAMONAS
C:\Users\eduar\Desktop\Soybe-main\data\com_fundo\RGB_JPG_MAMONAS\grao_DSC_0189_id154.png,RGB_JPG_MAMONAS,RGB_JPG_MAMONAS
C:\Users\eduar\Desktop\Soybe-main\data\com_fundo\RGB_JPG_MAMONAS\grao_DSC_0189_id159.png,RGB_JPG_MAMONAS,RGB_JPG_MAMONAS
C:\Users\eduar\Desktop\Soybe-main\data\com_fundo\RGB_JPG_MAMONAS\grao_DSC_0189_id165.png,RGB_JPG_MAMONAS,RGB_JPG_MAMONAS
C:\Users\eduar\Desktop\Soybe-main\data\com_fundo\RGB_JPG_MAMONAS\grao_DSC_0189_id166.png,RGB_JPG_MAMONAS,RGB_JPG_MAMONAS
C:\Users\eduar\Desktop\Soybe-main\data\com_fundo\RGB_JPG_MAMONAS\grao_DSC_0189_id167.png,RGB_JPG_MAMONAS,RGB_JPG_MAMONAS
C:\Users\eduar\Desktop\Soybe-main\data\com_fundo\RGB_JPG_MAMONAS\grao_DSC_0189_id168.png,RGB_JPG_MAMONAS,RGB_JPG_MAMONAS
C:\Users\eduar\Desktop\Soybe-main\data\com_fundo\RGB_JPG_MAMONAS\grao_DSC_0189_id17.png,RGB_JPG_MAMONAS,RGB_JPG_MAMONAS
C:\Users\eduar\Desktop\Soybe-main\data\com_fundo\RGB_JPG_MAMONAS\grao_DSC_0189_id171.png,RGB_JPG_MAMONAS,RGB_JPG_MAMONAS
C:\Users\eduar\Desktop\Soybe-main\data\com_fundo\RGB_JPG_MAMONAS\grao_DSC_0189_id172.png,RGB_JPG_MAMONAS,RGB_JPG_MAMONAS
C:\Users\eduar\Desktop\Soybe-main\data\com_fundo\RGB_JPG_MAMONAS\grao_DSC_0189_id177.png,RGB_JPG_MAMONAS,RGB_JPG_MAMONAS
C:\Users\eduar\Desktop\Soybe-main\data\com_fundo\RGB_JPG_MAMONAS\grao_DSC_0189_id18.png,RGB_JPG_MAMONAS,RGB_JPG_MAMONAS
C:\Users\eduar\Desktop\Soybe-main\data\com_fundo\RGB_JPG_MAMONAS\grao_DSC_0189_id181.png,RGB_JPG_MAMONAS,RGB_JPG_MAMONAS
C:\Users\eduar\Desktop\Soybe-main\data\com_fundo\RGB_JPG_MAMONAS\grao_DSC_0189_id183.png,RGB_JPG_MAMONAS,RGB_JPG_Normais
C:\Users\eduar\Desktop\Soybe-main\data\com_fundo\RGB_JPG_MAMONAS\grao_DSC_0189_id187.png,RGB_JPG_MAMONAS,RGB_JPG_MAMONAS
C:\Users\eduar\Desktop\Soybe-main\data\com_fundo\RGB_JPG_MAMONAS\grao_DSC_0189_id188.png,RGB_JPG_MAMONAS,RGB_JPG_MAMONAS
C:\Users\eduar\Desktop\Soybe-main\data\com_fundo\RGB_JPG_MAMONAS\grao_DSC_0189_id189.png,RGB_JPG_MAMONAS,RGB_JPG_MAMONAS
C:\Users\eduar\Desktop\Soybe-main\data\com_fundo\RGB_JPG_MAMONAS\grao_DSC_0189_id190.png,RGB_JPG_MAMONAS,RGB_JPG_MAMONAS
C:\Users\eduar\Desktop\Soybe-main\data\com_fundo\RGB_JPG_MAMONAS\grao_DSC_0189_id191.png,RGB_JPG_MAMONAS,RGB_JPG_MAMONAS
C:\Users\eduar\Desktop\Soybe-main\data\com_fundo\RGB_JPG_MAMONAS\grao_DSC_0189_id192.png,RGB_JPG_MAMONAS,RGB_JPG_MAMONAS
C:\Users\eduar\Desktop\Soybe-main\data\com_fundo\RGB_JPG_MAMONAS\grao_DSC_0189_id193.png,RGB_JPG_MAMONAS,RGB_JPG_MAMONAS
C:\Users\eduar\Desktop\Soybe-main\data\com_fundo\RGB_JPG_MAMONAS\grao_DSC_0189_id194.png,RGB_JPG_MAMONAS,RGB_JPG_MAMONAS
C:\Users\eduar\Desktop\Soybe-main\data\com_fundo\RGB_JPG_MAMONAS\grao_DSC_0189_id195.png,RGB_JPG_MAMONAS,RGB_JPG_MAMONAS
C:\Users\eduar\Desktop\Soybe-main\data\com_fundo\RGB_JPG_MAMONAS\grao_DSC_0189_id196.png,RGB_JPG_MAMONAS,RGB_JPG_MAMONAS
C:\Users\eduar\Desktop\Soybe-main\data\com_fundo\RGB_JPG_MAMONAS\grao_DSC_0189_id197.png,RGB_JPG_MAMONAS,RGB_JPG_MAMONAS
C:\Users\eduar\Desktop\Soybe-main\data\com_fundo\RGB_JPG_MAMONAS\grao_DSC_0189_id199.png,RGB_JPG_MAMONAS,RGB_JPG_MAMONAS
C:\Users\eduar\Desktop\Soybe-main\data\com_fundo\RGB_JPG_MAMONAS\grao_DSC_0189_id202.png,RGB_JPG_MAMONAS,RGB_JPG_MAMONAS
C:\Users\eduar\Desktop\Soybe-main\data\com_fundo\RGB_JPG_MAMONAS\grao_DSC_0189_id203.png,RGB_JPG_MAMONAS,RGB_JPG_MAMONAS
C:\Users\eduar\Desktop\Soybe-main\data\com_fundo\RGB_JPG_MAMONAS\grao_DSC_0189_id205.png,RGB_JPG_MAMONAS,RGB_JPG_MAMONAS
C:\Users\eduar\Desktop\Soybe-main\data\com_fundo\RGB_JPG_MAMONAS\grao_DSC_0189_id207.png,RGB_JPG_MAMONAS,RGB_JPG_MAMONAS
C:\Users\eduar\Desktop\Soybe-main\data\com_fundo\RGB_JPG_MAMONAS\grao_DSC_0189_id208.png,RGB_JPG_MAMONAS,RGB_JPG_MAMONAS
C:\Users\eduar\Desktop\Soybe-main\data\com_fundo\RGB_JPG_MAMONAS\grao_DSC_0189_id218.png,RGB_JPG_MAMONAS,RGB_JPG_MAMONAS
C:\Users\eduar\Desktop\Soybe-main\data\com_fundo\RGB_JPG_MAMONAS\grao_DSC_0189_id220.png,RGB_JPG_MAMONAS,RGB_JPG_MAMONAS
C:\Users\eduar\Desktop\Soybe-main\data\com_fundo\RGB_JPG_MAMONAS\grao_DSC_0189_id223.png,RGB_JPG_MAMONAS,RGB_JPG_MAMONAS
C:\Users\eduar\Desktop\Soybe-main\data\com_fundo\RGB_JPG_MAMONAS\grao_DSC_0189_id224.png,RGB_JPG_MAMONAS,RGB_JPG_MAMONAS
C:\Users\eduar\Desktop\Soybe-main\data\com_fundo\RGB_JPG_MAMONAS\grao_DSC_0189_id228.png,RGB_JPG_MAMONAS,RGB_JPG_MAMONAS
C:\Users\eduar\Desktop\Soybe-main\data\com_fundo\RGB_JPG_MAMONAS\grao_DSC_0189_id229.png,RGB_JPG_MAMONAS,RGB_JPG_MAMONAS
C:\Users\eduar\Desktop\Soybe-main\data\com_fundo\RGB_JPG_MAMONAS\grao_DSC_0189_id230.png,RGB_JPG_MAMONAS,RGB_JPG_MAMONAS
C:\Users\eduar\Desktop\Soybe-main\data\com_fundo\RGB_JPG_MAMONAS\grao_DSC_0189_id233.png,RGB_JPG_MAMONAS,RGB_JPG_MAMONAS
C:\Users\eduar\Desktop\Soybe-main\data\com_fundo\RGB_JPG_MAMONAS\grao_DSC_0189_id240.png,RGB_JPG_MAMONAS,RGB_JPG_MAMONAS
C:\Users\eduar\Desktop\Soybe-main\data\com_fundo\RGB_JPG_MAMONAS\grao_DSC_0189_id25.png,RGB_JPG_MAMONAS,RGB_JPG_MAMONAS
C:\Users\eduar\Desktop\Soybe-main\data\com_fundo\RGB_JPG_MAMONAS\grao_DSC_0189_id254.png,RGB_JPG_MAMONAS,RGB_JPG_MAMONAS
C:\Users\eduar\Desktop\Soybe-main\data\com_fundo\RGB_JPG_MAMONAS\grao_DSC_0189_id258.png,RGB_JPG_MAMONAS,RGB_JPG_MAMONAS
C:\Users\eduar\Desktop\Soybe-main\data\com_fundo\RGB_JPG_MAMONAS\grao_DSC_0189_id259.png,RGB_JPG_MAMONAS,RGB_JPG_MAMONAS
C:\Users\eduar\Desktop\Soybe-main\data\com_fundo\RGB_JPG_MAMONAS\grao_DSC_0189_id26.png,RGB_JPG_MAMONAS,RGB_JPG_MAMONAS
C:\Users\eduar\Desktop\Soybe-main\data\com_fundo\RGB_JPG_MAMONAS\grao_DSC_0189_id263.png,RGB_JPG_MAMONAS,RGB_JPG_MAMONAS
C:\Users\eduar\Desktop\Soybe-main\data\com_fundo\RGB_JPG_MAMONAS\grao_DSC_0189_id265.png,RGB_JPG_MAMONAS,RGB_JPG_MAMONAS
C:\Users\eduar\Desktop\Soybe-main\data\com_fundo\RGB_JPG_MAMONAS\grao_DSC_0189_id27.png,RGB_JPG_MAMONAS,RGB_JPG_MAMONAS
C:\Users\eduar\Desktop\Soybe-main\data\com_fundo\RGB_JPG_MAMONAS\grao_DSC_0189_id270.png,RGB_JPG_MAMONAS,RGB_JPG_MAMONAS
C:\Users\eduar\Desktop\Soybe-main\data\com_fundo\RGB_JPG_MAMONAS\grao_DSC_0189_id272.png,RGB_JPG_MAMONAS,RGB_JPG_MAMONAS
C:\Users\eduar\Desktop\Soybe-main\data\com_fundo\RGB_JPG_MAMONAS\grao_DSC_0189_id274.png,RGB_JPG_MAMONAS,RGB_JPG_MAMONAS
C:\Users\eduar\Desktop\Soybe-main\data\com_fundo\RGB_JPG_MAMONAS\grao_DSC_0189_id275.png,RGB_JPG_MAMONAS,RGB_JPG_MAMONAS
C:\Users\eduar\Desktop\Soybe-main\data\com_fundo\RGB_JPG_MAMONAS\grao_DSC_0189_id276.png,RGB_JPG_MAMONAS,RGB_JPG_MAMONAS
C:\Users\eduar\Desktop\Soybe-main\data\com_fundo\RGB_JPG_MAMONAS\grao_DSC_0189_id277.png,RGB_JPG_MAMONAS,RGB_JPG_MAMONAS
C:\Users\eduar\Desktop\Soybe-main\data\com_fundo\RGB_JPG_MAMONAS\grao_DSC_0189_id28.png,RGB_JPG_MAMONAS,RGB_JPG_MAMONAS
C:\Users\eduar\Desktop\Soybe-main\data\com_fundo\RGB_JPG_MAMONAS\grao_DSC_0189_id280.png,RGB_JPG_MAMONAS,RGB_JPG_MAMONAS
C:\Users\eduar\Desktop\Soybe-main\data\com_fundo\RGB_JPG_MAMONAS\grao_DSC_0189_id30.png,RGB_JPG_MAMONAS,RGB_JPG_MAMONAS
C:\Users\eduar\Desktop\Soybe-main\data\com_fundo\RGB_JPG_MAMONAS\grao_DSC_0189_id31.png,RGB_JPG_MAMONAS,RGB_JPG_MAMONAS
C:\Users\eduar\Desktop\Soybe-main\data\com_fundo\RGB_JPG_MAMONAS\grao_DSC_0189_id32.png,RGB_JPG_MAMONAS,RGB_JPG_MAMONAS
C:\Users\eduar\Desktop\Soybe-main\data\com_fundo\RGB_JPG_MAMONAS\grao_DSC_0189_id33.png,RGB_JPG_MAMONAS,RGB_JPG_MAMONAS
C:\Users\eduar\Desktop\Soybe-main\data\com_fundo\RGB_JPG_MAMONAS\grao_DSC_0189_id35.png,RGB_JPG_MAMONAS,RGB_JPG_MAMONAS
C:\Users\eduar\Desktop\Soybe-main\data\com_fundo\RGB_JPG_MAMONAS\grao_DSC_0189_id37.png,RGB_JPG_MAMONAS,RGB_JPG_MAMONAS
C:\Users\eduar\Desktop\Soybe-main\data\com_fundo\RGB_JPG_MAMONAS\grao_DSC_0189_id38.png,RGB_JPG_MAMONAS,RGB_JPG_MAMONAS
C:\Users\eduar\Desktop\Soybe-main\data\com_fundo\RGB_JPG_MAMONAS\grao_DSC_0189_id40.png,RGB_JPG_MAMONAS,RGB_JPG_MAMONAS
C:\Users\eduar\Desktop\Soybe-main\data\com_fundo\RGB_JPG_MAMONAS\grao_DSC_0189_id41.png,RGB_JPG_MAMONAS,RGB_JPG_MAMONAS
C:\Users\eduar\Desktop\Soybe-main\data\com_fundo\RGB_JPG_MAMONAS\grao_DSC_0189_id42.png,RGB_JPG_MAMONAS,RGB_JPG_MAMONAS
C:\Users\eduar\Desktop\Soybe-main\data\com_fundo\RGB_JPG_MAMONAS\grao_DSC_0189_id47.png,RGB_JPG_MAMONAS,RGB_JPG_MAMONAS
C:\Users\eduar\Desktop\Soybe-main\data\com_fundo\RGB_JPG_MAMONAS\grao_DSC_0189_id49.png,RGB_JPG_MAMONAS,RGB_JPG_MAMONAS
C:\Users\eduar\Desktop\Soybe-main\data\com_fundo\RGB_JPG_MAMONAS\grao_DSC_0189_id52.png,RGB_JPG_MAMONAS,RGB_JPG_MAMONAS
C:\Users\eduar\Desktop\Soybe-main\data\com_fundo\RGB_JPG_MAMONAS\grao_DSC_0189_id53.png,RGB_JPG_MAMONAS,RGB_JPG_MAMONAS
C:\Users\eduar\Desktop\Soybe-main\data\com_fundo\RGB_JPG_MAMONAS\grao_DSC_0189_id54.png,RGB_JPG_MAMONAS,RGB_JPG_MAMONAS
C:\Users\eduar\Desktop\Soybe-main\data\com_fundo\RGB_JPG_MAMONAS\grao_DSC_0189_id55.png,RGB_JPG_MAMONAS,RGB_JPG_MAMONAS
C:\Users\eduar\Desktop\Soybe-main\data\com_fundo\RGB_JPG_MAMONAS\grao_DSC_0189_id56.png,RGB_JPG_MAMONAS,RGB_JPG_MAMONAS
C:\Users\eduar\Desktop\Soybe-main\data\com_fundo\RGB_JPG_MAMONAS\grao_DSC_0189_id58.png,RGB_JPG_MAMONAS,RGB_JPG_MAMONAS
C:\Users\eduar\Desktop\Soybe-main\data\com_fundo\RGB_JPG_MAMONAS\grao_DSC_0189_id59.png,RGB_JPG_MAMONAS,RGB_JPG_MAMONAS
C:\Users\eduar\Desktop\Soybe-main\data\com_fundo\RGB_JPG_MAMONAS\grao_DSC_0189_id60.png,RGB_JPG_MAMONAS,RGB_JPG_MAMONAS
C:\Users\eduar\Desktop\Soybe-main\data\com_fundo\RGB_JPG_MAMONAS\grao_DSC_0189_id61.png,RGB_JPG_MAMONAS,RGB_JPG_MAMONAS
C:\Users\eduar\Desktop\Soybe-main\data\com_fundo\RGB_JPG_MAMONAS\grao_DSC_0189_id62.png,RGB_JPG_MAMONAS,RGB_JPG_MAMONAS
C:\Users\eduar\Desktop\Soybe-main\data\com_fundo\RGB_JPG_MAMONAS\grao_DSC_0189_id64.png,RGB_JPG_MAMONAS,RGB_JPG_MAMONAS
C:\Users\eduar\Desktop\Soybe-main\data\com_fundo\RGB_JPG_MAMONAS\grao_DSC_0189_id67.png,RGB_JPG_MAMONAS,RGB_JPG_MAMONAS
C:\Users\eduar\Desktop\Soybe-main\data\com_fundo\RGB_JPG_MAMONAS\grao_DSC_0189_id68.png,RGB_JPG_MAMONAS,RGB_JPG_MAMONAS
C:\Users\eduar\Desktop\Soybe-main\data\com_fundo\RGB_JPG_MAMONAS\grao_DSC_0189_id70.png,RGB_JPG_MAMONAS,RGB_JPG_MAMONAS
C:\Users\eduar\Desktop\Soybe-main\data\com_fundo\RGB_JPG_MAMONAS\grao_DSC_0189_id77.png,RGB_JPG_MAMONAS,RGB_JPG_MAMONAS
C:\Users\eduar\Desktop\Soybe-main\data\com_fundo\RGB_JPG_MAMONAS\grao_DSC_0189_id78.png,RGB_JPG_MAMONAS,RGB_JPG_MAMONAS
C:\Users\eduar\Desktop\Soybe-main\data\com_fundo\RGB_JPG_MAMONAS\grao_DSC_0189_id79.png,RGB_JPG_MAMONAS,RGB_JPG_MAMONAS
C:\Users\eduar\Desktop\Soybe-main\data\com_fundo\RGB_JPG_MAMONAS\grao_DSC_0189_id81.png,RGB_JPG_MAMONAS,RGB_JPG_MAMONAS
C:\Users\eduar\Desktop\Soybe-main\data\com_fundo\RGB_JPG_MAMONAS\grao_DSC_0189_id82.png,RGB_JPG_MAMONAS,RGB_JPG_MAMONAS
C:\Users\eduar\Desktop\Soybe-main\data\com_fundo\RGB_JPG_MAMONAS\grao_DSC_0189_id84.png,RGB_JPG_MAMONAS,RGB_JPG_MAMONAS
C:\Users\eduar\Desktop\Soybe-main\data\com_fundo\RGB_JPG_MAMONAS\grao_DSC_0189_id85.png,RGB_JPG_MAMONAS,RGB_JPG_MAMONAS
C:\Users\eduar\Desktop\Soybe-main\data\com_fundo\RGB_JPG_MAMONAS\grao_DSC_0189_id86.png,RGB_JPG_MAMONAS,RGB_JPG_MAMONAS
C:\Users\eduar\Desktop\Soybe-main\data\com_fundo\RGB_JPG_MAMONAS\grao_DSC_0189_id87.png,RGB_JPG_MAMONAS,RGB_JPG_MAMONAS
C:\Users\eduar\Desktop\Soybe-main\data\com_fundo\RGB_JPG_MAMONAS\grao_DSC_0189_id90.png,RGB_JPG_MAMONAS,RGB_JPG_MAMONAS
C:\Users\eduar\Desktop\Soybe-main\data\com_fundo\RGB_JPG_MAMONAS\grao_DSC_0189_id91.png,RGB_JPG_MAMONAS,RGB_JPG_MAMONAS
C:\Users\eduar\Desktop\Soybe-main\data\com_fundo\RGB_JPG_MAMONAS\grao_DSC_0189_id92.png,RGB_JPG_MAMONAS,RGB_JPG_MAMONAS
C:\Users\eduar\Desktop\Soybe-main\data\com_fundo\RGB_JPG_MAMONAS\grao_DSC_0189_id94.png,RGB_JPG_MAMONAS,RGB_JPG_MAMONAS
C:\Users\eduar\Desktop\Soybe-main\data\com_fundo\RGB_JPG_MAMONAS\grao_DSC_0189_id97.png,RGB_JPG_MAMONAS,RGB_JPG_MAMONAS
C:\Users\eduar\Desktop\Soybe-main\data\com_fundo\RGB_JPG_MAMONAS\grao_DSC_0189_id99.png,RGB_JPG_MAMONAS,RGB_JPG_MAMONAS
C:\Users\eduar\Desktop\Soybe-main\data\com_fundo\RGB_JPG_Normais\grao_DSC_0135_id1.png,RGB_JPG_Normais,RGB_JPG_Normais
C:\Users\eduar\Desktop\Soybe-main\data\com_fundo\RGB_JPG_Normais\grao_DSC_0135_id10.png,RGB_JPG_Normais,RGB_JPG_Normais
C:\Users\eduar\Desktop\Soybe-main\data\com_fundo\RGB_JPG_Normais\grao_DSC_0135_id100.png,RGB_JPG_Normais,RGB_JPG_Normais
C:\Users\eduar\Desktop\Soybe-main\data\com_fundo\RGB_JPG_Normais\grao_DSC_0135_id101.png,RGB_JPG_Normais,RGB_JPG_Normais
C:\Users\eduar\Desktop\Soybe-main\data\com_fundo\RGB_JPG_Normais\grao_DSC_0135_id102.png,RGB_JPG_Normais,RGB_JPG_Normais
C:\Users\eduar\Desktop\Soybe-main\data\com_fundo\RGB_JPG_Normais\grao_DSC_0135_id103.png,RGB_JPG_Normais,RGB_JPG_Normais
C:\Users\eduar\Desktop\Soybe-main\data\com_fundo\RGB_JPG_Normais\grao_DSC_0135_id104.png,RGB_JPG_Normais,RGB_JPG_Normais
C:\Users\eduar\Desktop\Soybe-main\data\com_fundo\RGB_JPG_Normais\grao_DSC_0135_id105.png,RGB_JPG_Normais,RGB_JPG_Normais
C:\Users\eduar\Desktop\Soybe-main\data\com_fundo\RGB_JPG_Normais\grao_DSC_0135_id106.png,RGB_JPG_Normais,RGB_JPG_Normais
C:\Users\eduar\Desktop\Soybe-main\data\com_fundo\RGB_JPG_Normais\grao_DSC_0135_id107.png,RGB_JPG_Normais,RGB_JPG_Normais
C:\Users\eduar\Desktop\Soybe-main\data\com_fundo\RGB_JPG_Normais\grao_DSC_0135_id108.png,RGB_JPG_Normais,RGB_JPG_Normais
C:\Users\eduar\Desktop\Soybe-main\data\com_fundo\RGB_JPG_Normais\grao_DSC_0135_id109.png,RGB_JPG_Normais,RGB_JPG_Normais
C:\Users\eduar\Desktop\Soybe-main\data\com_fundo\RGB_JPG_Normais\grao_DSC_0135_id11.png,RGB_JPG_Normais,RGB_JPG_Normais
C:\Users\eduar\Desktop\Soybe-main\data\com_fundo\RGB_JPG_Normais\grao_DSC_0135_id110.png,RGB_JPG_Normais,RGB_JPG_Normais
C:\Users\eduar\Desktop\Soybe-main\data\com_fundo\RGB_JPG_Normais\grao_DSC_0135_id111.png,RGB_JPG_Normais,RGB_JPG_Normais
C:\Users\eduar\Desktop\Soybe-main\data\com_fundo\RGB_JPG_Normais\grao_DSC_0135_id112.png,RGB_JPG_Normais,RGB_JPG_Normais
C:\Users\eduar\Desktop\Soybe-main\data\com_fundo\RGB_JPG_Normais\grao_DSC_0135_id113.png,RGB_JPG_Normais,RGB_JPG_Normais
C:\Users\eduar\Desktop\Soybe-main\data\com_fundo\RGB_JPG_Normais\grao_DSC_0135_id114.png,RGB_JPG_Normais,RGB_JPG_Normais
C:\Users\eduar\Desktop\Soybe-main\data\com_fundo\RGB_JPG_Normais\grao_DSC_0135_id12.png,RGB_JPG_Normais,RGB_JPG_Normais
C:\Users\eduar\Desktop\Soybe-main\data\com_fundo\RGB_JPG_Normais\grao_DSC_0135_id13.png,RGB_JPG_Normais,RGB_JPG_Normais
C:\Users\eduar\Desktop\Soybe-main\data\com_fundo\RGB_JPG_Normais\grao_DSC_0135_id14.png,RGB_JPG_Normais,RGB_JPG_Normais
C:\Users\eduar\Desktop\Soybe-main\data\com_fundo\RGB_JPG_Normais\grao_DSC_0135_id15.png,RGB_JPG_Normais,RGB_JPG_Normais
C:\Users\eduar\Desktop\Soybe-main\data\com_fundo\RGB_JPG_Normais\grao_DSC_0135_id16.png,RGB_JPG_Normais,RGB_JPG_Normais
C:\Users\eduar\Desktop\Soybe-main\data\com_fundo\RGB_JPG_Normais\grao_DSC_0135_id17.png,RGB_JPG_Normais,RGB_JPG_Normais
C:\Users\eduar\Desktop\Soybe-main\data\com_fundo\RGB_JPG_Normais\grao_DSC_0135_id18.png,RGB_JPG_Normais,RGB_JPG_Normais
C:\Users\eduar\Desktop\Soybe-main\data\com_fundo\RGB_JPG_Normais\grao_DSC_0135_id19.png,RGB_JPG_Normais,RGB_JPG_Normais
C:\Users\eduar\Desktop\Soybe-main\data\com_fundo\RGB_JPG_Normais\grao_DSC_0135_id2.png,RGB_JPG_Normais,RGB_JPG_Normais
C:\Users\eduar\Desktop\Soybe-main\data\com_fundo\RGB_JPG_Normais\grao_DSC_0135_id20.png,RGB_JPG_Normais,RGB_JPG_Normais
C:\Users\eduar\Desktop\Soybe-main\data\com_fundo\RGB_JPG_Normais\grao_DSC_0135_id21.png,RGB_JPG_Normais,RGB_JPG_Normais
C:\Users\eduar\Desktop\Soybe-main\data\com_fundo\RGB_JPG_Normais\grao_DSC_0135_id22.png,RGB_JPG_Normais,RGB_JPG_Normais
C:\Users\eduar\Desktop\Soybe-main\data\com_fundo\RGB_JPG_Normais\grao_DSC_0135_id23.png,RGB_JPG_Normais,RGB_JPG_Normais
C:\Users\eduar\Desktop\Soybe-main\data\com_fundo\RGB_JPG_Normais\grao_DSC_0135_id24.png,RGB_JPG_Normais,RGB_JPG_Normais
C:\Users\eduar\Desktop\Soybe-main\data\com_fundo\RGB_JPG_Normais\grao_DSC_0135_id25.png,RGB_JPG_Normais,RGB_JPG_Normais
C:\Users\eduar\Desktop\Soybe-main\data\com_fundo\RGB_JPG_Normais\grao_DSC_0135_id26.png,RGB_JPG_Normais,RGB_JPG_Normais
C:\Users\eduar\Desktop\Soybe-main\data\com_fundo\RGB_JPG_Normais\grao_DSC_0135_id27.png,RGB_JPG_Normais,RGB_JPG_Normais
C:\Users\eduar\Desktop\Soybe-main\data\com_fundo\RGB_JPG_Normais\grao_DSC_0135_id28.png,RGB_JPG_Normais,RGB_JPG_Normais
C:\Users\eduar\Desktop\Soybe-main\data\com_fundo\RGB_JPG_Normais\grao_DSC_0135_id29.png,RGB_JPG_Normais,RGB_JPG_Normais
C:\Users\eduar\Desktop\Soybe-main\data\com_fundo\RGB_JPG_Normais\grao_DSC_0135_id3.png,RGB_JPG_Normais,RGB_JPG_Normais
C:\Users\eduar\Desktop\Soybe-main\data\com_fundo\RGB_JPG_Normais\grao_DSC_0135_id30.png,RGB_JPG_Normais,RGB_JPG_Normais
C:\Users\eduar\Desktop\Soybe-main\data\com_fundo\RGB_JPG_Normais\grao_DSC_0135_id31.png,RGB_JPG_Normais,RGB_JPG_Normais
C:\Users\eduar\Desktop\Soybe-main\data\com_fundo\RGB_JPG_Normais\grao_DSC_0135_id32.png,RGB_JPG_Normais,RGB_JPG_Normais
C:\Users\eduar\Desktop\Soybe-main\data\com_fundo\RGB_JPG_Normais\grao_DSC_0135_id33.png,RGB_JPG_Normais,RGB_JPG_Normais
C:\Users\eduar\Desktop\Soybe-main\data\com_fundo\RGB_JPG_Normais\grao_DSC_0135_id34.png,RGB_JPG_Normais,RGB_JPG_Normais
C:\Users\eduar\Desktop\Soybe-main\data\com_fundo\RGB_JPG_Normais\grao_DSC_0135_id35.png,RGB_JPG_Normais,RGB_JPG_Normais
C:\Users\eduar\Desktop\Soybe-main\data\com_fundo\RGB_JPG_Normais\grao_DSC_0135_id36.png,RGB_JPG_Normais,RGB_JPG_Normais
C:\Users\eduar\Desktop\Soybe-main\data\com_fundo\RGB_JPG_Normais\grao_DSC_0135_id37.png,RGB_JPG_Normais,RGB_JPG_Normais
C:\Users\eduar\Desktop\Soybe-main\data\com_fundo\RGB_JPG_Normais\grao_DSC_0135_id38.png,RGB_JPG_Normais,RGB_JPG_Normais
C:\Users\eduar\Desktop\Soybe-main\data\com_fundo\RGB_JPG_Normais\grao_DSC_0135_id39.png,RGB_JPG_Normais,RGB_JPG_Normais
C:\Users\eduar\Desktop\Soybe-main\data\com_fundo\RGB_JPG_Normais\grao_DSC_0135_id4.png,RGB_JPG_Normais,RGB_JPG_Normais
C:\Users\eduar\Desktop\Soybe-main\data\com_fundo\RGB_JPG_Normais\grao_DSC_0135_id40.png,RGB_JPG_Normais,RGB_JPG_Normais
C:\Users\eduar\Desktop\Soybe-main\data\com_fundo\RGB_JPG_Normais\grao_DSC_0135_id41.png,RGB_JPG_Normais,RGB_JPG_Normais
C:\Users\eduar\Desktop\Soybe-main\data\com_fundo\RGB_JPG_Normais\grao_DSC_0135_id42.png,RGB_JPG_Normais,RGB_JPG_Normais
C:\Users\eduar\Desktop\Soybe-main\data\com_fundo\RGB_JPG_Normais\grao_DSC_0135_id43.png,RGB_JPG_Normais,RGB_JPG_Normais
C:\Users\eduar\Desktop\Soybe-main\data\com_fundo\RGB_JPG_Normais\grao_DSC_0135_id44.png,RGB_JPG_Normais,RGB_JPG_Normais
C:\Users\eduar\Desktop\Soybe-main\data\com_fundo\RGB_JPG_Normais\grao_DSC_0135_id45.png,RGB_JPG_Normais,RGB_JPG_Normais
C:\Users\eduar\Desktop\Soybe-main\data\com_fundo\RGB_JPG_Normais\grao_DSC_0135_id46.png,RGB_JPG_Normais,RGB_JPG_Normais
C:\Users\eduar\Desktop\Soybe-main\data\com_fundo\RGB_JPG_Normais\grao_DSC_0135_id47.png,RGB_JPG_Normais,RGB_JPG_Normais
C:\Users\eduar\Desktop\Soybe-main\data\com_fundo\RGB_JPG_Normais\grao_DSC_0135_id48.png,RGB_JPG_Normais,RGB_JPG_Normais
C:\Users\eduar\Desktop\Soybe-main\data\com_fundo\RGB_JPG_Normais\grao_DSC_0135_id49.png,RGB_JPG_Normais,RGB_JPG_Normais
C:\Users\eduar\Desktop\Soybe-main\data\com_fundo\RGB_JPG_Normais\grao_DSC_0135_id5.png,RGB_JPG_Normais,RGB_JPG_Normais
C:\Users\eduar\Desktop\Soybe-main\data\com_fundo\RGB_JPG_Normais\grao_DSC_0135_id50.png,RGB_JPG_Normais,RGB_JPG_Normais
C:\Users\eduar\Desktop\Soybe-main\data\com_fundo\RGB_JPG_Normais\grao_DSC_0135_id51.png,RGB_JPG_Normais,RGB_JPG_Normais
C:\Users\eduar\Desktop\Soybe-main\data\com_fundo\RGB_JPG_Normais\grao_DSC_0135_id52.png,RGB_JPG_Normais,RGB_JPG_Normais
C:\Users\eduar\Desktop\Soybe-main\data\com_fundo\RGB_JPG_Normais\grao_DSC_0135_id53.png,RGB_JPG_Normais,RGB_JPG_Normais
C:\Users\eduar\Desktop\Soybe-main\data\com_fundo\RGB_JPG_Normais\grao_DSC_0135_id54.png,RGB_JPG_Normais,RGB_JPG_Normais
C:\Users\eduar\Desktop\Soybe-main\data\com_fundo\RGB_JPG_Normais\grao_DSC_0135_id55.png,RGB_JPG_Normais,RGB_JPG_Normais
C:\Users\eduar\Desktop\Soybe-main\data\com_fundo\RGB_JPG_Normais\grao_DSC_0135_id56.png,RGB_JPG_Normais,RGB_JPG_Normais
C:\Users\eduar\Desktop\Soybe-main\data\com_fundo\RGB_JPG_Normais\grao_DSC_0135_id57.png,RGB_JPG_Normais,RGB_JPG_Normais
C:\Users\eduar\Desktop\Soybe-main\data\com_fundo\RGB_JPG_Normais\grao_DSC_0135_id58.png,RGB_JPG_Normais,RGB_JPG_Normais
C:\Users\eduar\Desktop\Soybe-main\data\com_fundo\RGB_JPG_Normais\grao_DSC_0135_id59.png,RGB_JPG_Normais,RGB_JPG_Normais
C:\Users\eduar\Desktop\Soybe-main\data\com_fundo\RGB_JPG_Normais\grao_DSC_0135_id6.png,RGB_JPG_Normais,RGB_JPG_Normais
C:\Users\eduar\Desktop\Soybe-main\data\com_fundo\RGB_JPG_Normais\grao_DSC_0135_id60.png,RGB_JPG_Normais,RGB_JPG_Normais
C:\Users\eduar\Desktop\Soybe-main\data\com_fundo\RGB_JPG_Normais\grao_DSC_0135_id61.png,RGB_JPG_Normais,RGB_JPG_Normais
C:\Users\eduar\Desktop\Soybe-main\data\com_fundo\RGB_JPG_Normais\grao_DSC_0135_id62.png,RGB_JPG_Normais,RGB_JPG_Normais
C:\Users\eduar\Desktop\Soybe-main\data\com_fundo\RGB_JPG_Normais\grao_DSC_0135_id63.png,RGB_JPG_Normais,RGB_JPG_Normais
C:\Users\eduar\Desktop\Soybe-main\data\com_fundo\RGB_JPG_Normais\grao_DSC_0135_id64.png,RGB_JPG_Normais,RGB_JPG_Normais
C:\Users\eduar\Desktop\Soybe-main\data\com_fundo\RGB_JPG_Normais\grao_DSC_0135_id65.png,RGB_JPG_Normais,RGB_JPG_Normais
C:\Users\eduar\Desktop\Soybe-main\data\com_fundo\RGB_JPG_Normais\grao_DSC_0135_id66.png,RGB_JPG_Normais,RGB_JPG_Normais
C:\Users\eduar\Desktop\Soybe-main\data\com_fundo\RGB_JPG_Normais\grao_DSC_0135_id67.png,RGB_JPG_Normais,RGB_JPG_Normais
C:\Users\eduar\Desktop\Soybe-main\data\com_fundo\RGB_JPG_Normais\grao_DSC_0135_id68.png,RGB_JPG_Normais,RGB_JPG_Normais
C:\Users\eduar\Desktop\Soybe-main\data\com_fundo\RGB_JPG_Normais\grao_DSC_0135_id69.png,RGB_JPG_Normais,RGB_JPG_Normais
C:\Users\eduar\Desktop\Soybe-main\data\com_fundo\RGB_JPG_Normais\grao_DSC_0135_id7.png,RGB_JPG_Normais,RGB_JPG_Normais
C:\Users\eduar\Desktop\Soybe-main\data\com_fundo\RGB_JPG_Normais\grao_DSC_0135_id70.png,RGB_JPG_Normais,RGB_JPG_Normais
C:\Users\eduar\Desktop\Soybe-main\data\com_fundo\RGB_JPG_Normais\grao_DSC_0135_id71.png,RGB_JPG_Normais,RGB_JPG_Normais
C:\Users\eduar\Desktop\Soybe-main\data\com_fundo\RGB_JPG_Normais\grao_DSC_0135_id72.png,RGB_JPG_Normais,RGB_JPG_Normais
C:\Users\eduar\Desktop\Soybe-main\data\com_fundo\RGB_JPG_Normais\grao_DSC_0135_id73.png,RGB_JPG_Normais,RGB_JPG_Normais
C:\Users\eduar\Desktop\Soybe-main\data\com_fundo\RGB_JPG_Normais\grao_DSC_0135_id74.png,RGB_JPG_Normais,RGB_JPG_Normais
C:\Users\eduar\Desktop\Soybe-main\data\com_fundo\RGB_JPG_Normais\grao_DSC_0135_id75.png,RGB_JPG_Normais,RGB_JPG_Normais
C:\Users\eduar\Desktop\Soybe-main\data\com_fundo\RGB_JPG_Normais\grao_DSC_0135_id76.png,RGB_JPG_Normais,RGB_JPG_Normais
C:\Users\eduar\Desktop\Soybe-main\data\com_fundo\RGB_JPG_Normais\grao_DSC_0135_id77.png,RGB_JPG_Normais,RGB_JPG_Normais
C:\Users\eduar\Desktop\Soybe-main\data\com_fundo\RGB_JPG_Normais\grao_DSC_0135_id78.png,RGB_JPG_Normais,RGB_JPG_Normais
C:\Users\eduar\Desktop\Soybe-main\data\com_fundo\RGB_JPG_Normais\grao_DSC_0135_id79.png,RGB_JPG_Normais,RGB_JPG_Normais
C:\Users\eduar\Desktop\Soybe-main\data\com_fundo\RGB_JPG_Normais\grao_DSC_0135_id8.png,RGB_JPG_Normais,RGB_JPG_Normais
C:\Users\eduar\Desktop\Soybe-main\data\com_fundo\RGB_JPG_Normais\grao_DSC_0135_id80.png,RGB_JPG_Normais,RGB_JPG_Normais
C:\Users\eduar\Desktop\Soybe-main\data\com_fundo\RGB_JPG_Normais\grao_DSC_0135_id81.png,RGB_JPG_Normais,RGB_JPG_Normais
C:\Users\eduar\Desktop\Soybe-main\data\com_fundo\RGB_JPG_Normais\grao_DSC_0135_id82.png,RGB_JPG_Normais,RGB_JPG_INSETOS
C:\Users\eduar\Desktop\Soybe-main\data\com_fundo\RGB_JPG_Normais\grao_DSC_0135_id83.png,RGB_JPG_Normais,RGB_JPG_Normais
C:\Users\eduar\Desktop\Soybe-main\data\com_fundo\RGB_JPG_Normais\grao_DSC_0135_id84.png,RGB_JPG_Normais,RGB_JPG_Normais
C:\Users\eduar\Desktop\Soybe-main\data\com_fundo\RGB_JPG_Normais\grao_DSC_0135_id85.png,RGB_JPG_Normais,RGB_JPG_Normais
C:\Users\eduar\Desktop\Soybe-main\data\com_fundo\RGB_JPG_Normais\grao_DSC_0135_id86.png,RGB_JPG_Normais,RGB_JPG_Normais
C:\Users\eduar\Desktop\Soybe-main\data\com_fundo\RGB_JPG_Normais\grao_DSC_0135_id87.png,RGB_JPG_Normais,RGB_JPG_Normais
C:\Users\eduar\Desktop\Soybe-main\data\com_fundo\RGB_JPG_Normais\grao_DSC_0135_id88.png,RGB_JPG_Normais,RGB_JPG_Normais
C:\Users\eduar\Desktop\Soybe-main\data\com_fundo\RGB_JPG_Normais\grao_DSC_0135_id89.png,RGB_JPG_Normais,RGB_JPG_Normais
C:\Users\eduar\Desktop\Soybe-main\data\com_fundo\RGB_JPG_Normais\grao_DSC_0135_id9.png,RGB_JPG_Normais,RGB_JPG_Normais
C:\Users\eduar\Desktop\Soybe-main\data\com_fundo\RGB_JPG_Normais\grao_DSC_0135_id90.png,RGB_JPG_Normais,RGB_JPG_Normais
C:\Users\eduar\Desktop\Soybe-main\data\com_fundo\RGB_JPG_Normais\grao_DSC_0135_id91.png,RGB_JPG_Normais,RGB_JPG_Normais
C:\Users\eduar\Desktop\Soybe-main\data\com_fundo\RGB_JPG_Normais\grao_DSC_0135_id92.png,RGB_JPG_Normais,RGB_JPG_Normais
C:\Users\eduar\Desktop\Soybe-main\data\com_fundo\RGB_JPG_Normais\grao_DSC_0135_id93.png,RGB_JPG_Normais,RGB_JPG_Normais
C:\Users\eduar\Desktop\Soybe-main\data\com_fundo\RGB_JPG_Normais\grao_DSC_0135_id94.png,RGB_JPG_Normais,RGB_JPG_Normais
C:\Users\eduar\Desktop\Soybe-main\data\com_fundo\RGB_JPG_Normais\grao_DSC_0135_id95.png,RGB_JPG_Normais,RGB_JPG_Normais
C:\Users\eduar\Desktop\Soybe-main\data\com_fundo\RGB_JPG_Normais\grao_DSC_0135_id96.png,RGB_JPG_Normais,RGB_JPG_Normais
C:\Users\eduar\Desktop\Soybe-main\data\com_fundo\RGB_JPG_Normais\grao_DSC_0135_id97.png,RGB_JPG_Normais,RGB_JPG_Normais
C:\Users\eduar\Desktop\Soybe-main\data\com_fundo\RGB_JPG_Normais\grao_DSC_0135_id98.png,RGB_JPG_Normais,RGB_JPG_Normais
C:\Users\eduar\Desktop\Soybe-main\data\com_fundo\RGB_JPG_Normais\grao_DSC_0135_id99.png,RGB_JPG_Normais,RGB_JPG_Normais
C:\Users\eduar\Desktop\Soybe-main\data\com_fundo\RGB_JPG_Normais\grao_DSC_0142_id1.png,RGB_JPG_Normais,RGB_JPG_Normais
C:\Users\eduar\Desktop\Soybe-main\data\com_fundo\RGB_JPG_Normais\grao_DSC_0142_id10.png,RGB_JPG_Normais,RGB_JPG_Normais
C:\Users\eduar\Desktop\Soybe-main\data\com_fundo\RGB_JPG_Normais\grao_DSC_0142_id100.png,RGB_JPG_Normais,RGB_JPG_Normais
C:\Users\eduar\Desktop\Soybe-main\data\com_fundo\RGB_JPG_Normais\grao_DSC_0142_id101.png,RGB_JPG_Normais,RGB_JPG_Normais
C:\Users\eduar\Desktop\Soybe-main\data\com_fundo\RGB_JPG_Normais\grao_DSC_0142_id102.png,RGB_JPG_Normais,RGB_JPG_Normais
C:\Users\eduar\Desktop\Soybe-main\data\com_fundo\RGB_JPG_Normais\grao_DSC_0142_id103.png,RGB_JPG_Normais,RGB_JPG_Normais
C:\Users\eduar\Desktop\Soybe-main\data\com_fundo\RGB_JPG_Normais\grao_DSC_0142_id104.png,RGB_JPG_Normais,RGB_JPG_Normais
C:\Users\eduar\Desktop\Soybe-main\data\com_fundo\RGB_JPG_Normais\grao_DSC_0142_id105.png,RGB_JPG_Normais,RGB_JPG_Normais
C:\Users\eduar\Desktop\Soybe-main\data\com_fundo\RGB_JPG_Normais\grao_DSC_0142_id106.png,RGB_JPG_Normais,RGB_JPG_Normais
C:\Users\eduar\Desktop\Soybe-main\data\com_fundo\RGB_JPG_Normais\grao_DSC_0142_id107.png,RGB_JPG_Normais,RGB_JPG_Normais
C:\Users\eduar\Desktop\Soybe-main\data\com_fundo\RGB_JPG_Normais\grao_DSC_0142_id108.png,RGB_JPG_Normais,RGB_JPG_Normais
C:\Users\eduar\Desktop\Soybe-main\data\com_fundo\RGB_JPG_Normais\grao_DSC_0142_id109.png,RGB_JPG_Normais,RGB_JPG_Normais
C:\Users\eduar\Desktop\Soybe-main\data\com_fundo\RGB_JPG_Normais\grao_DSC_0142_id11.png,RGB_JPG_Normais,RGB_JPG_Normais
C:\Users\eduar\Desktop\Soybe-main\data\com_fundo\RGB_JPG_Normais\grao_DSC_0142_id110.png,RGB_JPG_Normais,RGB_JPG_Normais
C:\Users\eduar\Desktop\Soybe-main\data\com_fundo\RGB_JPG_Normais\grao_DSC_0142_id111.png,RGB_JPG_Normais,RGB_JPG_Normais
C:\Users\eduar\Desktop\Soybe-main\data\com_fundo\RGB_JPG_Normais\grao_DSC_0142_id112.png,RGB_JPG_Normais,RGB_JPG_Normais
C:\Users\eduar\Desktop\Soybe-main\data\com_fundo\RGB_JPG_Normais\grao_DSC_0142_id113.png,RGB_JPG_Normais,RGB_JPG_Normais
C:\Users\eduar\Desktop\Soybe-main\data\com_fundo\RGB_JPG_Normais\grao_DSC_0142_id114.png,RGB_JPG_Normais,RGB_JPG_Normais
C:\Users\eduar\Desktop\Soybe-main\data\com_fundo\RGB_JPG_Normais\grao_DSC_0142_id115.png,RGB_JPG_Normais,RGB_JPG_Normais
C:\Users\eduar\Desktop\Soybe-main\data\com_fundo\RGB_JPG_Normais\grao_DSC_0142_id12.png,RGB_JPG_Normais,RGB_JPG_Normais
C:\Users\eduar\Desktop\Soybe-main\data\com_fundo\RGB_JPG_Normais\grao_DSC_0142_id13.png,RGB_JPG_Normais,RGB_JPG_Normais
C:\Users\eduar\Desktop\Soybe-main\data\com_fundo\RGB_JPG_Normais\grao_DSC_0142_id14.png,RGB_JPG_Normais,RGB_JPG_PURPURAS
C:\Users\eduar\Desktop\Soybe-main\data\com_fundo\RGB_JPG_Normais\grao_DSC_0142_id15.png,RGB_JPG_Normais,RGB_JPG_Normais
C:\Users\eduar\Desktop\Soybe-main\data\com_fundo\RGB_JPG_Normais\grao_DSC_0142_id16.png,RGB_JPG_Normais,RGB_JPG_Normais
C:\Users\eduar\Desktop\Soybe-main\data\com_fundo\RGB_JPG_Normais\grao_DSC_0142_id17.png,RGB_JPG_Normais,RGB_JPG_Normais
C:\Users\eduar\Desktop\Soybe-main\data\com_fundo\RGB_JPG_Normais\grao_DSC_0142_id18.png,RGB_JPG_Normais,RGB_JPG_Normais
C:\Users\eduar\Desktop\Soybe-main\data\com_fundo\RGB_JPG_Normais\grao_DSC_0142_id19.png,RGB_JPG_Normais,RGB_JPG_Normais
C:\Users\eduar\Desktop\Soybe-main\data\com_fundo\RGB_JPG_Normais\grao_DSC_0142_id2.png,RGB_JPG_Normais,RGB_JPG_Normais
C:\Users\eduar\Desktop\Soybe-main\data\com_fundo\RGB_JPG_Normais\grao_DSC_0142_id20.png,RGB_JPG_Normais,RGB_JPG_Normais
C:\Users\eduar\Desktop\Soybe-main\data\com_fundo\RGB_JPG_Normais\grao_DSC_0142_id21.png,RGB_JPG_Normais,RGB_JPG_Normais
C:\Users\eduar\Desktop\Soybe-main\data\com_fundo\RGB_JPG_Normais\grao_DSC_0142_id22.png,RGB_JPG_Normais,RGB_JPG_Normais
C:\Users\eduar\Desktop\Soybe-main\data\com_fundo\RGB_JPG_Normais\grao_DSC_0142_id23.png,RGB_JPG_Normais,RGB_JPG_Normais
C:\Users\eduar\Desktop\Soybe-main\data\com_fundo\RGB_JPG_Normais\grao_DSC_0142_id24.png,RGB_JPG_Normais,RGB_JPG_Normais
C:\Users\eduar\Desktop\Soybe-main\data\com_fundo\RGB_JPG_Normais\grao_DSC_0142_id25.png,RGB_JPG_Normais,RGB_JPG_Normais
C:\Users\eduar\Desktop\Soybe-main\data\com_fundo\RGB_JPG_Normais\grao_DSC_0142_id26.png,RGB_JPG_Normais,RGB_JPG_Normais
C:\Users\eduar\Desktop\Soybe-main\data\com_fundo\RGB_JPG_Normais\grao_DSC_0142_id27.png,RGB_JPG_Normais,RGB_JPG_Normais
C:\Users\eduar\Desktop\Soybe-main\data\com_fundo\RGB_JPG_Normais\grao_DSC_0142_id28.png,RGB_JPG_Normais,RGB_JPG_Normais
C:\Users\eduar\Desktop\Soybe-main\data\com_fundo\RGB_JPG_Normais\grao_DSC_0142_id29.png,RGB_JPG_Normais,RGB_JPG_Normais
C:\Users\eduar\Desktop\Soybe-main\data\com_fundo\RGB_JPG_Normais\grao_DSC_0142_id3.png,RGB_JPG_Normais,RGB_JPG_Normais
C:\Users\eduar\Desktop\Soybe-main\data\com_fundo\RGB_JPG_Normais\grao_DSC_0142_id30.png,RGB_JPG_Normais,RGB_JPG_Normais
C:\Users\eduar\Desktop\Soybe-main\data\com_fundo\RGB_JPG_Normais\grao_DSC_0142_id31.png,RGB_JPG_Normais,RGB_JPG_Normais
C:\Users\eduar\Desktop\Soybe-main\data\com_fundo\RGB_JPG_Normais\grao_DSC_0142_id32.png,RGB_JPG_Normais,RGB_JPG_Normais
C:\Users\eduar\Desktop\Soybe-main\data\com_fundo\RGB_JPG_Normais\grao_DSC_0142_id33.png,RGB_JPG_Normais,RGB_JPG_Normais
C:\Users\eduar\Desktop\Soybe-main\data\com_fundo\RGB_JPG_Normais\grao_DSC_0142_id34.png,RGB_JPG_Normais,RGB_JPG_Normais
C:\Users\eduar\Desktop\Soybe-main\data\com_fundo\RGB_JPG_Normais\grao_DSC_0142_id35.png,RGB_JPG_Normais,RGB_JPG_Normais
C:\Users\eduar\Desktop\Soybe-main\data\com_fundo\RGB_JPG_Normais\grao_DSC_0142_id36.png,RGB_JPG_Normais,RGB_JPG_Normais
C:\Users\eduar\Desktop\Soybe-main\data\com_fundo\RGB_JPG_Normais\grao_DSC_0142_id37.png,RGB_JPG_Normais,RGB_JPG_Normais
C:\Users\eduar\Desktop\Soybe-main\data\com_fundo\RGB_JPG_Normais\grao_DSC_0142_id38.png,RGB_JPG_Normais,RGB_JPG_Normais
C:\Users\eduar\Desktop\Soybe-main\data\com_fundo\RGB_JPG_Normais\grao_DSC_0142_id39.png,RGB_JPG_Normais,RGB_JPG_Normais
C:\Users\eduar\Desktop\Soybe-main\data\com_fundo\RGB_JPG_Normais\grao_DSC_0142_id4.png,RGB_JPG_Normais,RGB_JPG_Normais
C:\Users\eduar\Desktop\Soybe-main\data\com_fundo\RGB_JPG_Normais\grao_DSC_0142_id40.png,RGB_JPG_Normais,RGB_JPG_Normais
C:\Users\eduar\Desktop\Soybe-main\data\com_fundo\RGB_JPG_Normais\grao_DSC_0142_id41.png,RGB_JPG_Normais,RGB_JPG_Normais
C:\Users\eduar\Desktop\Soybe-main\data\com_fundo\RGB_JPG_Normais\grao_DSC_0142_id42.png,RGB_JPG_Normais,RGB_JPG_Normais
C:\Users\eduar\Desktop\Soybe-main\data\com_fundo\RGB_JPG_Normais\grao_DSC_0142_id43.png,RGB_JPG_Normais,RGB_JPG_Normais
C:\Users\eduar\Desktop\Soybe-main\data\com_fundo\RGB_JPG_Normais\grao_DSC_0142_id44.png,RGB_JPG_Normais,RGB_JPG_INSETOS
C:\Users\eduar\Desktop\Soybe-main\data\com_fundo\RGB_JPG_Normais\grao_DSC_0142_id45.png,RGB_JPG_Normais,RGB_JPG_Normais
C:\Users\eduar\Desktop\Soybe-main\data\com_fundo\RGB_JPG_Normais\grao_DSC_0142_id46.png,RGB_JPG_Normais,RGB_JPG_Normais
C:\Users\eduar\Desktop\Soybe-main\data\com_fundo\RGB_JPG_Normais\grao_DSC_0142_id47.png,RGB_JPG_Normais,RGB_JPG_INSETOS
C:\Users\eduar\Desktop\Soybe-main\data\com_fundo\RGB_JPG_Normais\grao_DSC_0142_id48.png,RGB_JPG_Normais,RGB_JPG_Normais
C:\Users\eduar\Desktop\Soybe-main\data\com_fundo\RGB_JPG_Normais\grao_DSC_0142_id49.png,RGB_JPG_Normais,RGB_JPG_Normais
C:\Users\eduar\Desktop\Soybe-main\data\com_fundo\RGB_JPG_Normais\grao_DSC_0142_id5.png,RGB_JPG_Normais,RGB_JPG_Normais
C:\Users\eduar\Desktop\Soybe-main\data\com_fundo\RGB_JPG_Normais\grao_DSC_0142_id50.png,RGB_JPG_Normais,RGB_JPG_Normais
C:\Users\eduar\Desktop\Soybe-main\data\com_fundo\RGB_JPG_Normais\grao_DSC_0142_id51.png,RGB_JPG_Normais,RGB_JPG_Normais
C:\Users\eduar\Desktop\Soybe-main\data\com_fundo\RGB_JPG_Normais\grao_DSC_0142_id52.png,RGB_JPG_Normais,RGB_JPG_Normais
C:\Users\eduar\Desktop\Soybe-main\data\com_fundo\RGB_JPG_Normais\grao_DSC_0142_id53.png,RGB_JPG_Normais,RGB_JPG_INSETOS
C:\Users\eduar\Desktop\Soybe-main\data\com_fundo\RGB_JPG_Normais\grao_DSC_0142_id54.png,RGB_JPG_Normais,RGB_JPG_Normais
C:\Users\eduar\Desktop\Soybe-main\data\com_fundo\RGB_JPG_Normais\grao_DSC_0142_id55.png,RGB_JPG_Normais,RGB_JPG_Normais
C:\Users\eduar\Desktop\Soybe-main\data\com_fundo\RGB_JPG_Normais\grao_DSC_0142_id56.png,RGB_JPG_Normais,RGB_JPG_Normais
C:\Users\eduar\Desktop\Soybe-main\data\com_fundo\RGB_JPG_Normais\grao_DSC_0142_id57.png,RGB_JPG_Normais,RGB_JPG_Normais
C:\Users\eduar\Desktop\Soybe-main\data\com_fundo\RGB_JPG_Normais\grao_DSC_0142_id58.png,RGB_JPG_Normais,RGB_JPG_Normais
C:\Users\eduar\Desktop\Soybe-main\data\com_fundo\RGB_JPG_Normais\grao_DSC_0142_id59.png,RGB_JPG_Normais,RGB_JPG_Normais
C:\Users\eduar\Desktop\Soybe-main\data\com_fundo\RGB_JPG_Normais\grao_DSC_0142_id6.png,RGB_JPG_Normais,RGB_JPG_Normais
C:\Users\eduar\Desktop\Soybe-main\data\com_fundo\RGB_JPG_Normais\grao_DSC_0142_id60.png,RGB_JPG_Normais,RGB_JPG_INSETOS
C:\Users\eduar\Desktop\Soybe-main\data\com_fundo\RGB_JPG_Normais\grao_DSC_0142_id61.png,RGB_JPG_Normais,RGB_JPG_Normais
C:\Users\eduar\Desktop\Soybe-main\data\com_fundo\RGB_JPG_Normais\grao_DSC_0142_id62.png,RGB_JPG_Normais,RGB_JPG_Normais
C:\Users\eduar\Desktop\Soybe-main\data\com_fundo\RGB_JPG_Normais\grao_DSC_0142_id63.png,RGB_JPG_Normais,RGB_JPG_Normais
C:\Users\eduar\Desktop\Soybe-main\data\com_fundo\RGB_JPG_Normais\grao_DSC_0142_id64.png,RGB_JPG_Normais,RGB_JPG_Normais
C:\Users\eduar\Desktop\Soybe-main\data\com_fundo\RGB_JPG_Normais\grao_DSC_0142_id65.png,RGB_JPG_Normais,RGB_JPG_Normais
C:\Users\eduar\Desktop\Soybe-main\data\com_fundo\RGB_JPG_Normais\grao_DSC_0142_id66.png,RGB_JPG_Normais,RGB_JPG_INSETOS
C:\Users\eduar\Desktop\Soybe-main\data\com_fundo\RGB_JPG_Normais\grao_DSC_0142_id67.png,RGB_JPG_Normais,RGB_JPG_Normais
C:\Users\eduar\Desktop\Soybe-main\data\com_fundo\RGB_JPG_Normais\grao_DSC_0142_id68.png,RGB_JPG_Normais,RGB_JPG_Normais
C:\Users\eduar\Desktop\Soybe-main\data\com_fundo\RGB_JPG_Normais\grao_DSC_0142_id69.png,RGB_JPG_Normais,RGB_JPG_Normais
C:\Users\eduar\Desktop\Soybe-main\data\com_fundo\RGB_JPG_Normais\grao_DSC_0142_id7.png,RGB_JPG_Normais,RGB_JPG_Normais
C:\Users\eduar\Desktop\Soybe-main\data\com_fundo\RGB_JPG_Normais\grao_DSC_0142_id70.png,RGB_JPG_Normais,RGB_JPG_Normais
C:\Users\eduar\Desktop\Soybe-main\data\com_fundo\RGB_JPG_Normais\grao_DSC_0142_id71.png,RGB_JPG_Normais,RGB_JPG_Normais
C:\Users\eduar\Desktop\Soybe-main\data\com_fundo\RGB_JPG_Normais\grao_DSC_0142_id72.png,RGB_JPG_Normais,RGB_JPG_Normais
C:\Users\eduar\Desktop\Soybe-main\data\com_fundo\RGB_JPG_Normais\grao_DSC_0142_id73.png,RGB_JPG_Normais,RGB_JPG_Normais
C:\Users\eduar\Desktop\Soybe-main\data\com_fundo\RGB_JPG_Normais\grao_DSC_0142_id74.png,RGB_JPG_Normais,RGB_JPG_Normais
C:\Users\eduar\Desktop\Soybe-main\data\com_fundo\RGB_JPG_Normais\grao_DSC_0142_id75.png,RGB_JPG_Normais,RGB_JPG_Normais
C:\Users\eduar\Desktop\Soybe-main\data\com_fundo\RGB_JPG_Normais\grao_DSC_0142_id76.png,RGB_JPG_Normais,RGB_JPG_Normais
C:\Users\eduar\Desktop\Soybe-main\data\com_fundo\RGB_JPG_Normais\grao_DSC_0142_id77.png,RGB_JPG_Normais,RGB_JPG_Normais
C:\Users\eduar\Desktop\Soybe-main\data\com_fundo\RGB_JPG_Normais\grao_DSC_0142_id78.png,RGB_JPG_Normais,RGB_JPG_Normais
C:\Users\eduar\Desktop\Soybe-main\data\com_fundo\RGB_JPG_Normais\grao_DSC_0142_id79.png,RGB_JPG_Normais,RGB_JPG_Normais
C:\Users\eduar\Desktop\Soybe-main\data\com_fundo\RGB_JPG_Normais\grao_DSC_0142_id8.png,RGB_JPG_Normais,RGB_JPG_Normais
C:\Users\eduar\Desktop\Soybe-main\data\com_fundo\RGB_JPG_Normais\grao_DSC_0142_id80.png,RGB_JPG_Normais,RGB_JPG_Normais
C:\Users\eduar\Desktop\Soybe-main\data\com_fundo\RGB_JPG_Normais\grao_DSC_0142_id81.png,RGB_JPG_Normais,RGB_JPG_Normais
C:\Users\eduar\Desktop\Soybe-main\data\com_fundo\RGB_JPG_Normais\grao_DSC_0142_id82.png,RGB_JPG_Normais,RGB_JPG_Normais
C:\Users\eduar\Desktop\Soybe-main\data\com_fundo\RGB_JPG_Normais\grao_DSC_0142_id83.png,RGB_JPG_Normais,RGB_JPG_Normais
C:\Users\eduar\Desktop\Soybe-main\data\com_fundo\RGB_JPG_Normais\grao_DSC_0142_id84.png,RGB_JPG_Normais,RGB_JPG_Normais
C:\Users\eduar\Desktop\Soybe-main\data\com_fundo\RGB_JPG_Normais\grao_DSC_0142_id85.png,RGB_JPG_Normais,RGB_JPG_Normais
C:\Users\eduar\Desktop\Soybe-main\data\com_fundo\RGB_JPG_Normais\grao_DSC_0142_id86.png,RGB_JPG_Normais,RGB_JPG_Normais
C:\Users\eduar\Desktop\Soybe-main\data\com_fundo\RGB_JPG_Normais\grao_DSC_0142_id87.png,RGB_JPG_Normais,RGB_JPG_Normais
C:\Users\eduar\Desktop\Soybe-main\data\com_fundo\RGB_JPG_Normais\grao_DSC_0142_id88.png,RGB_JPG_Normais,RGB_JPG_INSETOS
C:\Users\eduar\Desktop\Soybe-main\data\com_fundo\RGB_JPG_Normais\grao_DSC_0142_id89.png,RGB_JPG_Normais,RGB_JPG_Normais
C:\Users\eduar\Desktop\Soybe-main\data\com_fundo\RGB_JPG_Normais\grao_DSC_0142_id9.png,RGB_JPG_Normais,RGB_JPG_Normais
C:\Users\eduar\Desktop\Soybe-main\data\com_fundo\RGB_JPG_Normais\grao_DSC_0142_id90.png,RGB_JPG_Normais,RGB_JPG_Normais
C:\Users\eduar\Desktop\Soybe-main\data\com_fundo\RGB_JPG_Normais\grao_DSC_0142_id91.png,RGB_JPG_Normais,RGB_JPG_Normais
C:\Users\eduar\Desktop\Soybe-main\data\com_fundo\RGB_JPG_Normais\grao_DSC_0142_id92.png,RGB_JPG_Normais,RGB_JPG_Normais
C:\Users\eduar\Desktop\Soybe-main\data\com_fundo\RGB_JPG_Normais\grao_DSC_0142_id93.png,RGB_JPG_Normais,RGB_JPG_Normais
C:\Users\eduar\Desktop\Soybe-main\data\com_fundo\RGB_JPG_Normais\grao_DSC_0142_id94.png,RGB_JPG_Normais,RGB_JPG_INSETOS
C:\Users\eduar\Desktop\Soybe-main\data\com_fundo\RGB_JPG_Normais\grao_DSC_0142_id95.png,RGB_JPG_Normais,RGB_JPG_Normais
C:\Users\eduar\Desktop\Soybe-main\data\com_fundo\RGB_JPG_Normais\grao_DSC_0142_id96.png,RGB_JPG_Normais,RGB_JPG_Normais
C:\Users\eduar\Desktop\Soybe-main\data\com_fundo\RGB_JPG_Normais\grao_DSC_0142_id97.png,RGB_JPG_Normais,RGB_JPG_Normais
C:\Users\eduar\Desktop\Soybe-main\data\com_fundo\RGB_JPG_Normais\grao_DSC_0142_id98.png,RGB_JPG_Normais,RGB_JPG_Normais
C:\Users\eduar\Desktop\Soybe-main\data\com_fundo\RGB_JPG_Normais\grao_DSC_0142_id99.png,RGB_JPG_Normais,RGB_JPG_Normais
C:\Users\eduar\Desktop\Soybe-main\data\com_fundo\RGB_JPG_Normais\grao_DSC_0157_id1.png,RGB_JPG_Normais,RGB_JPG_Normais
C:\Users\eduar\Desktop\Soybe-main\data\com_fundo\RGB_JPG_Normais\grao_DSC_0157_id10.png,RGB_JPG_Normais,RGB_JPG_Normais
C:\Users\eduar\Desktop\Soybe-main\data\com_fundo\RGB_JPG_Normais\grao_DSC_0157_id100.png,RGB_JPG_Normais,RGB_JPG_Normais
C:\Users\eduar\Desktop\Soybe-main\data\com_fundo\RGB_JPG_Normais\grao_DSC_0157_id101.png,RGB_JPG_Normais,RGB_JPG_Normais
C:\Users\eduar\Desktop\Soybe-main\data\com_fundo\RGB_JPG_Normais\grao_DSC_0157_id102.png,RGB_JPG_Normais,RGB_JPG_Normais
C:\Users\eduar\Desktop\Soybe-main\data\com_fundo\RGB_JPG_Normais\grao_DSC_0157_id103.png,RGB_JPG_Normais,RGB_JPG_Normais
C:\Users\eduar\Desktop\Soybe-main\data\com_fundo\RGB_JPG_Normais\grao_DSC_0157_id104.png,RGB_JPG_Normais,RGB_JPG_Normais
C:\Users\eduar\Desktop\Soybe-main\data\com_fundo\RGB_JPG_Normais\grao_DSC_0157_id105.png,RGB_JPG_Normais,RGB_JPG_Normais
C:\Users\eduar\Desktop\Soybe-main\data\com_fundo\RGB_JPG_Normais\grao_DSC_0157_id106.png,RGB_JPG_Normais,RGB_JPG_Normais
C:\Users\eduar\Desktop\Soybe-main\data\com_fundo\RGB_JPG_Normais\grao_DSC_0157_id107.png,RGB_JPG_Normais,RGB_JPG_Normais
C:\Users\eduar\Desktop\Soybe-main\data\com_fundo\RGB_JPG_Normais\grao_DSC_0157_id108.png,RGB_JPG_Normais,RGB_JPG_Normais
C:\Users\eduar\Desktop\Soybe-main\data\com_fundo\RGB_JPG_Normais\grao_DSC_0157_id109.png,RGB_JPG_Normais,RGB_JPG_Normais
C:\Users\eduar\Desktop\Soybe-main\data\com_fundo\RGB_JPG_Normais\grao_DSC_0157_id11.png,RGB_JPG_Normais,RGB_JPG_Normais
C:\Users\eduar\Desktop\Soybe-main\data\com_fundo\RGB_JPG_Normais\grao_DSC_0157_id110.png,RGB_JPG_Normais,RGB_JPG_Normais
C:\Users\eduar\Desktop\Soybe-main\data\com_fundo\RGB_JPG_Normais\grao_DSC_0157_id111.png,RGB_JPG_Normais,RGB_JPG_Normais
C:\Users\eduar\Desktop\Soybe-main\data\com_fundo\RGB_JPG_Normais\grao_DSC_0157_id112.png,RGB_JPG_Normais,RGB_JPG_Normais
C:\Users\eduar\Desktop\Soybe-main\data\com_fundo\RGB_JPG_Normais\grao_DSC_0157_id113.png,RGB_JPG_Normais,RGB_JPG_Normais
C:\Users\eduar\Desktop\Soybe-main\data\com_fundo\RGB_JPG_Normais\grao_DSC_0157_id12.png,RGB_JPG_Normais,RGB_JPG_Normais
C:\Users\eduar\Desktop\Soybe-main\data\com_fundo\RGB_JPG_Normais\grao_DSC_0157_id13.png,RGB_JPG_Normais,RGB_JPG_Normais
C:\Users\eduar\Desktop\Soybe-main\data\com_fundo\RGB_JPG_Normais\grao_DSC_0157_id14.png,RGB_JPG_Normais,RGB_JPG_Normais
C:\Users\eduar\Desktop\Soybe-main\data\com_fundo\RGB_JPG_Normais\grao_DSC_0157_id15.png,RGB_JPG_Normais,RGB_JPG_Normais
C:\Users\eduar\Desktop\Soybe-main\data\com_fundo\RGB_JPG_Normais\grao_DSC_0157_id16.png,RGB_JPG_Normais,RGB_JPG_Normais
C:\Users\eduar\Desktop\Soybe-main\data\com_fundo\RGB_JPG_Normais\grao_DSC_0157_id17.png,RGB_JPG_Normais,RGB_JPG_Normais
C:\Users\eduar\Desktop\Soybe-main\data\com_fundo\RGB_JPG_Normais\grao_DSC_0157_id18.png,RGB_JPG_Normais,RGB_JPG_Normais
C:\Users\eduar\Desktop\Soybe-main\data\com_fundo\RGB_JPG_Normais\grao_DSC_0157_id19.png,RGB_JPG_Normais,RGB_JPG_Normais
C:\Users\eduar\Desktop\Soybe-main\data\com_fundo\RGB_JPG_Normais\grao_DSC_0157_id2.png,RGB_JPG_Normais,RGB_JPG_Normais
C:\Users\eduar\Desktop\Soybe-main\data\com_fundo\RGB_JPG_Normais\grao_DSC_0157_id20.png,RGB_JPG_Normais,RGB_JPG_Normais
C:\Users\eduar\Desktop\Soybe-main\data\com_fundo\RGB_JPG_Normais\grao_DSC_0157_id21.png,RGB_JPG_Normais,RGB_JPG_Normais
C:\Users\eduar\Desktop\Soybe-main\data\com_fundo\RGB_JPG_Normais\grao_DSC_0157_id22.png,RGB_JPG_Normais,RGB_JPG_Normais
C:\Users\eduar\Desktop\Soybe-main\data\com_fundo\RGB_JPG_Normais\grao_DSC_0157_id23.png,RGB_JPG_Normais,RGB_JPG_Normais
C:\Users\eduar\Desktop\Soybe-main\data\com_fundo\RGB_JPG_Normais\grao_DSC_0157_id24.png,RGB_JPG_Normais,RGB_JPG_Normais
C:\Users\eduar\Desktop\Soybe-main\data\com_fundo\RGB_JPG_Normais\grao_DSC_0157_id25.png,RGB_JPG_Normais,RGB_JPG_Normais
C:\Users\eduar\Desktop\Soybe-main\data\com_fundo\RGB_JPG_Normais\grao_DSC_0157_id26.png,RGB_JPG_Normais,RGB_JPG_Normais
C:\Users\eduar\Desktop\Soybe-main\data\com_fundo\RGB_JPG_Normais\grao_DSC_0157_id27.png,RGB_JPG_Normais,RGB_JPG_PURPURAS
C:\Users\eduar\Desktop\Soybe-main\data\com_fundo\RGB_JPG_Normais\grao_DSC_0157_id28.png,RGB_JPG_Normais,RGB_JPG_Normais
C:\Users\eduar\Desktop\Soybe-main\data\com_fundo\RGB_JPG_Normais\grao_DSC_0157_id29.png,RGB_JPG_Normais,RGB_JPG_Normais
C:\Users\eduar\Desktop\Soybe-main\data\com_fundo\RGB_JPG_Normais\grao_DSC_0157_id3.png,RGB_JPG_Normais,RGB_JPG_Normais
C:\Users\eduar\Desktop\Soybe-main\data\com_fundo\RGB_JPG_Normais\grao_DSC_0157_id30.png,RGB_JPG_Normais,RGB_JPG_Normais
C:\Users\eduar\Desktop\Soybe-main\data\com_fundo\RGB_JPG_Normais\grao_DSC_0157_id31.png,RGB_JPG_Normais,RGB_JPG_Normais
C:\Users\eduar\Desktop\Soybe-main\data\com_fundo\RGB_JPG_Normais\grao_DSC_0157_id32.png,RGB_JPG_Normais,RGB_JPG_Normais
C:\Users\eduar\Desktop\Soybe-main\data\com_fundo\RGB_JPG_Normais\grao_DSC_0157_id33.png,RGB_JPG_Normais,RGB_JPG_Normais
C:\Users\eduar\Desktop\Soybe-main\data\com_fundo\RGB_JPG_Normais\grao_DSC_0157_id34.png,RGB_JPG_Normais,RGB_JPG_Normais
C:\Users\eduar\Desktop\Soybe-main\data\com_fundo\RGB_JPG_Normais\grao_DSC_0157_id35.png,RGB_JPG_Normais,RGB_JPG_Normais
C:\Users\eduar\Desktop\Soybe-main\data\com_fundo\RGB_JPG_Normais\grao_DSC_0157_id36.png,RGB_JPG_Normais,RGB_JPG_Normais
C:\Users\eduar\Desktop\Soybe-main\data\com_fundo\RGB_JPG_Normais\grao_DSC_0157_id37.png,RGB_JPG_Normais,RGB_JPG_Normais
C:\Users\eduar\Desktop\Soybe-main\data\com_fundo\RGB_JPG_Normais\grao_DSC_0157_id38.png,RGB_JPG_Normais,RGB_JPG_Normais
C:\Users\eduar\Desktop\Soybe-main\data\com_fundo\RGB_JPG_Normais\grao_DSC_0157_id4.png,RGB_JPG_Normais,RGB_JPG_Normais
C:\Users\eduar\Desktop\Soybe-main\data\com_fundo\RGB_JPG_Normais\grao_DSC_0157_id40.png,RGB_JPG_Normais,RGB_JPG_Normais
C:\Users\eduar\Desktop\Soybe-main\data\com_fundo\RGB_JPG_Normais\grao_DSC_0157_id41.png,RGB_JPG_Normais,RGB_JPG_Normais
C:\Users\eduar\Desktop\Soybe-main\data\com_fundo\RGB_JPG_Normais\grao_DSC_0157_id42.png,RGB_JPG_Normais,RGB_JPG_Normais
C:\Users\eduar\Desktop\Soybe-main\data\com_fundo\RGB_JPG_Normais\grao_DSC_0157_id43.png,RGB_JPG_Normais,RGB_JPG_Normais
C:\Users\eduar\Desktop\Soybe-main\data\com_fundo\RGB_JPG_Normais\grao_DSC_0157_id44.png,RGB_JPG_Normais,RGB_JPG_Normais
C:\Users\eduar\Desktop\Soybe-main\data\com_fundo\RGB_JPG_Normais\grao_DSC_0157_id45.png,RGB_JPG_Normais,RGB_JPG_Normais
C:\Users\eduar\Desktop\Soybe-main\data\com_fundo\RGB_JPG_Normais\grao_DSC_0157_id46.png,RGB_JPG_Normais,RGB_JPG_Normais
C:\Users\eduar\Desktop\Soybe-main\data\com_fundo\RGB_JPG_Normais\grao_DSC_0157_id47.png,RGB_JPG_Normais,RGB_JPG_Normais
C:\Users\eduar\Desktop\Soybe-main\data\com_fundo\RGB_JPG_Normais\grao_DSC_0157_id48.png,RGB_JPG_Normais,RGB_JPG_Normais
C:\Users\eduar\Desktop\Soybe-main\data\com_fundo\RGB_JPG_Normais\grao_DSC_0157_id49.png,RGB_JPG_Normais,RGB_JPG_Normais
C:\Users\eduar\Desktop\Soybe-main\data\com_fundo\RGB_JPG_Normais\grao_DSC_0157_id5.png,RGB_JPG_Normais,RGB_JPG_Normais
C:\Users\eduar\Desktop\Soybe-main\data\com_fundo\RGB_JPG_Normais\grao_DSC_0157_id50.png,RGB_JPG_Normais,RGB_JPG_Normais
C:\Users\eduar\Desktop\Soybe-main\data\com_fundo\RGB_JPG_Normais\grao_DSC_0157_id51.png,RGB_JPG_Normais,RGB_JPG_Normais
C:\Users\eduar\Desktop\Soybe-main\data\com_fundo\RGB_JPG_Normais\grao_DSC_0157_id52.png,RGB_JPG_Normais,RGB_JPG_Normais
C:\Users\eduar\Desktop\Soybe-main\data\com_fundo\RGB_JPG_Normais\grao_DSC_0157_id53.png,RGB_JPG_Normais,RGB_JPG_Normais
C:\Users\eduar\Desktop\Soybe-main\data\com_fundo\RGB_JPG_Normais\grao_DSC_0157_id54.png,RGB_JPG_Normais,RGB_JPG_Normais
C:\Users\eduar\Desktop\Soybe-main\data\com_fundo\RGB_JPG_Normais\grao_DSC_0157_id55.png,RGB_JPG_Normais,RGB_JPG_Normais
C:\Users\eduar\Desktop\Soybe-main\data\com_fundo\RGB_JPG_Normais\grao_DSC_0157_id56.png,RGB_JPG_Normais,RGB_JPG_INSETOS
C:\Users\eduar\Desktop\Soybe-main\data\com_fundo\RGB_JPG_Normais\grao_DSC_0157_id57.png,RGB_JPG_Normais,RGB_JPG_Normais
C:\Users\eduar\Desktop\Soybe-main\data\com_fundo\RGB_JPG_Normais\grao_DSC_0157_id58.png,RGB_JPG_Normais,RGB_JPG_Normais
C:\Users\eduar\Desktop\Soybe-main\data\com_fundo\RGB_JPG_Normais\grao_DSC_0157_id59.png,RGB_JPG_Normais,RGB_JPG_Normais
C:\Users\eduar\Desktop\Soybe-main\data\com_fundo\RGB_JPG_Normais\grao_DSC_0157_id6.png,RGB_JPG_Normais,RGB_JPG_Normais
C:\Users\eduar\Desktop\Soybe-main\data\com_fundo\RGB_JPG_Normais\grao_DSC_0157_id60.png,RGB_JPG_Normais,RGB_JPG_Normais
C:\Users\eduar\Desktop\Soybe-main\data\com_fundo\RGB_JPG_Normais\grao_DSC_0157_id61.png,RGB_JPG_Normais,RGB_JPG_Normais
C:\Users\eduar\Desktop\Soybe-main\data\com_fundo\RGB_JPG_Normais\grao_DSC_0157_id62.png,RGB_JPG_Normais,RGB_JPG_Normais
C:\Users\eduar\Desktop\Soybe-main\data\com_fundo\RGB_JPG_Normais\grao_DSC_0157_id64.png,RGB_JPG_Normais,RGB_JPG_Normais
C:\Users\eduar\Desktop\Soybe-main\data\com_fundo\RGB_JPG_Normais\grao_DSC_0157_id65.png,RGB_JPG_Normais,RGB_JPG_Normais
C:\Users\eduar\Desktop\Soybe-main\data\com_fundo\RGB_JPG_Normais\grao_DSC_0157_id66.png,RGB_JPG_Normais,RGB_JPG_Normais
C:\Users\eduar\Desktop\Soybe-main\data\com_fundo\RGB_JPG_Normais\grao_DSC_0157_id67.png,RGB_JPG_Normais,RGB_JPG_Normais
C:\Users\eduar\Desktop\Soybe-main\data\com_fundo\RGB_JPG_Normais\grao_DSC_0157_id68.png,RGB_JPG_Normais,RGB_JPG_Normais
C:\Users\eduar\Desktop\Soybe-main\data\com_fundo\RGB_JPG_Normais\grao_DSC_0157_id69.png,RGB_JPG_Normais,RGB_JPG_Normais
C:\Users\eduar\Desktop\Soybe-main\data\com_fundo\RGB_JPG_Normais\grao_DSC_0157_id70.png,RGB_JPG_Normais,RGB_JPG_Normais
C:\Users\eduar\Desktop\Soybe-main\data\com_fundo\RGB_JPG_Normais\grao_DSC_0157_id71.png,RGB_JPG_Normais,RGB_JPG_Normais
C:\Users\eduar\Desktop\Soybe-main\data\com_fundo\RGB_JPG_Normais\grao_DSC_0157_id72.png,RGB_JPG_Normais,RGB_JPG_Normais
C:\Users\eduar\Desktop\Soybe-main\data\com_fundo\RGB_JPG_Normais\grao_DSC_0157_id73.png,RGB_JPG_Normais,RGB_JPG_Normais
C:\Users\eduar\Desktop\Soybe-main\data\com_fundo\RGB_JPG_Normais\grao_DSC_0157_id74.png,RGB_JPG_Normais,RGB_JPG_Normais
C:\Users\eduar\Desktop\Soybe-main\data\com_fundo\RGB_JPG_Normais\grao_DSC_0157_id75.png,RGB_JPG_Normais,RGB_JPG_Normais
C:\Users\eduar\Desktop\Soybe-main\data\com_fundo\RGB_JPG_Normais\grao_DSC_0157_id76.png,RGB_JPG_Normais,RGB_JPG_Normais
C:\Users\eduar\Desktop\Soybe-main\data\com_fundo\RGB_JPG_Normais\grao_DSC_0157_id77.png,RGB_JPG_Normais,RGB_JPG_Normais
C:\Users\eduar\Desktop\Soybe-main\data\com_fundo\RGB_JPG_Normais\grao_DSC_0157_id78.png,RGB_JPG_Normais,RGB_JPG_Normais
C:\Users\eduar\Desktop\Soybe-main\data\com_fundo\RGB_JPG_Normais\grao_DSC_0157_id79.png,RGB_JPG_Normais,RGB_JPG_Normais
C:\Users\eduar\Desktop\Soybe-main\data\com_fundo\RGB_JPG_Normais\grao_DSC_0157_id8.png,RGB_JPG_Normais,RGB_JPG_Normais
C:\Users\eduar\Desktop\Soybe-main\data\com_fundo\RGB_JPG_Normais\grao_DSC_0157_id80.png,RGB_JPG_Normais,RGB_JPG_Normais
C:\Users\eduar\Desktop\Soybe-main\data\com_fundo\RGB_JPG_Normais\grao_DSC_0157_id81.png,RGB_JPG_Normais,RGB_JPG_Normais
C:\Users\eduar\Desktop\Soybe-main\data\com_fundo\RGB_JPG_Normais\grao_DSC_0157_id82.png,RGB_JPG_Normais,RGB_JPG_Normais
C:\Users\eduar\Desktop\Soybe-main\data\com_fundo\RGB_JPG_Normais\grao_DSC_0157_id83.png,RGB_JPG_Normais,RGB_JPG_Normais
C:\Users\eduar\Desktop\Soybe-main\data\com_fundo\RGB_JPG_Normais\grao_DSC_0157_id84.png,RGB_JPG_Normais,RGB_JPG_Normais
C:\Users\eduar\Desktop\Soybe-main\data\com_fundo\RGB_JPG_Normais\grao_DSC_0157_id85.png,RGB_JPG_Normais,RGB_JPG_Normais
C:\Users\eduar\Desktop\Soybe-main\data\com_fundo\RGB_JPG_Normais\grao_DSC_0157_id86.png,RGB_JPG_Normais,RGB_JPG_Normais
C:\Users\eduar\Desktop\Soybe-main\data\com_fundo\RGB_JPG_Normais\grao_DSC_0157_id87.png,RGB_JPG_Normais,RGB_JPG_Normais
C:\Users\eduar\Desktop\Soybe-main\data\com_fundo\RGB_JPG_Normais\grao_DSC_0157_id88.png,RGB_JPG_Normais,RGB_JPG_Normais
C:\Users\eduar\Desktop\Soybe-main\data\com_fundo\RGB_JPG_Normais\grao_DSC_0157_id89.png,RGB_JPG_Normais,RGB_JPG_Normais
C:\Users\eduar\Desktop\Soybe-main\data\com_fundo\RGB_JPG_Normais\grao_DSC_0157_id9.png,RGB_JPG_Normais,RGB_JPG_Normais
C:\Users\eduar\Desktop\Soybe-main\data\com_fundo\RGB_JPG_Normais\grao_DSC_0157_id90.png,RGB_JPG_Normais,RGB_JPG_Normais
C:\Users\eduar\Desktop\Soybe-main\data\com_fundo\RGB_JPG_Normais\grao_DSC_0157_id91.png,RGB_JPG_Normais,RGB_JPG_Normais
C:\Users\eduar\Desktop\Soybe-main\data\com_fundo\RGB_JPG_Normais\grao_DSC_0157_id92.png,RGB_JPG_Normais,RGB_JPG_Normais
C:\Users\eduar\Desktop\Soybe-main\data\com_fundo\RGB_JPG_Normais\grao_DSC_0157_id93.png,RGB_JPG_Normais,RGB_JPG_Normais
C:\Users\eduar\Desktop\Soybe-main\data\com_fundo\RGB_JPG_Normais\grao_DSC_0157_id94.png,RGB_JPG_Normais,RGB_JPG_Normais
C:\Users\eduar\Desktop\Soybe-main\data\com_fundo\RGB_JPG_Normais\grao_DSC_0157_id95.png,RGB_JPG_Normais,RGB_JPG_Normais
C:\Users\eduar\Desktop\Soybe-main\data\com_fundo\RGB_JPG_Normais\grao_DSC_0157_id96.png,RGB_JPG_Normais,RGB_JPG_Normais
C:\Users\eduar\Desktop\Soybe-main\data\com_fundo\RGB_JPG_Normais\grao_DSC_0157_id97.png,RGB_JPG_Normais,RGB_JPG_Normais
C:\Users\eduar\Desktop\Soybe-main\data\com_fundo\RGB_JPG_Normais\grao_DSC_0157_id98.png,RGB_JPG_Normais,RGB_JPG_Normais
C:\Users\eduar\Desktop\Soybe-main\data\com_fundo\RGB_JPG_Normais\grao_DSC_0157_id99.png,RGB_JPG_Normais,RGB_JPG_Normais
C:\Users\eduar\Desktop\Soybe-main\data\com_fundo\RGB_JPG_Normais\grao_DSC_0367_id1.png,RGB_JPG_Normais,RGB_JPG_CHOCHOS
C:\Users\eduar\Desktop\Soybe-main\data\com_fundo\RGB_JPG_Normais\grao_DSC_0367_id10.png,RGB_JPG_Normais,RGB_JPG_CHOCHOS
C:\Users\eduar\Desktop\Soybe-main\data\com_fundo\RGB_JPG_Normais\grao_DSC_0367_id100.png,RGB_JPG_Normais,RGB_JPG_ESVERDEADO
C:\Users\eduar\Desktop\Soybe-main\data\com_fundo\RGB_JPG_Normais\grao_DSC_0367_id101.png,RGB_JPG_Normais,RGB_JPG_ESVERDEADO
C:\Users\eduar\Desktop\Soybe-main\data\com_fundo\RGB_JPG_Normais\grao_DSC_0367_id102.png,RGB_JPG_Normais,RGB_JPG_ESVERDEADO
C:\Users\eduar\Desktop\Soybe-main\data\com_fundo\RGB_JPG_Normais\grao_DSC_0367_id103.png,RGB_JPG_Normais,RGB_JPG_CHOCHOS
C:\Users\eduar\Desktop\Soybe-main\data\com_fundo\RGB_JPG_Normais\grao_DSC_0367_id104.png,RGB_JPG_Normais,RGB_JPG_CHOCHOS
C:\Users\eduar\Desktop\Soybe-main\data\com_fundo\RGB_JPG_Normais\grao_DSC_0367_id105.png,RGB_JPG_Normais,RGB_JPG_ESVERDEADO
C:\Users\eduar\Desktop\Soybe-main\data\com_fundo\RGB_JPG_Normais\grao_DSC_0367_id106.png,RGB_JPG_Normais,RGB_JPG_ESVERDEADO
C:\Users\eduar\Desktop\Soybe-main\data\com_fundo\RGB_JPG_Normais\grao_DSC_0367_id107.png,RGB_JPG_Normais,RGB_JPG_CHOCHOS
C:\Users\eduar\Desktop\Soybe-main\data\com_fundo\RGB_JPG_Normais\grao_DSC_0367_id108.png,RGB_JPG_Normais,RGB_JPG_Normais
C:\Users\eduar\Desktop\Soybe-main\data\com_fundo\RGB_JPG_Normais\grao_DSC_0367_id109.png,RGB_JPG_Normais,RGB_JPG_Normais
C:\Users\eduar\Desktop\Soybe-main\data\com_fundo\RGB_JPG_Normais\grao_DSC_0367_id11.png,RGB_JPG_Normais,RGB_JPG_ESVERDEADO
C:\Users\eduar\Desktop\Soybe-main\data\com_fundo\RGB_JPG_Normais\grao_DSC_0367_id110.png,RGB_JPG_Normais,RGB_JPG_CHOCHOS
C:\Users\eduar\Desktop\Soybe-main\data\com_fundo\RGB_JPG_Normais\grao_DSC_0367_id12.png,RGB_JPG_Normais,RGB_JPG_ESVERDEADO
C:\Users\eduar\Desktop\Soybe-main\data\com_fundo\RGB_JPG_Normais\grao_DSC_0367_id13.png,RGB_JPG_Normais,RGB_JPG_ESVERDEADO
C:\Users\eduar\Desktop\Soybe-main\data\com_fundo\RGB_JPG_Normais\grao_DSC_0367_id14.png,RGB_JPG_Normais,RGB_JPG_CHOCHOS
C:\Users\eduar\Desktop\Soybe-main\data\com_fundo\RGB_JPG_Normais\grao_DSC_0367_id15.png,RGB_JPG_Normais,RGB_JPG_QUEBRADOS
C:\Users\eduar\Desktop\Soybe-main\data\com_fundo\RGB_JPG_Normais\grao_DSC_0367_id16.png,RGB_JPG_Normais,RGB_JPG_CHOCHOS
C:\Users\eduar\Desktop\Soybe-main\data\com_fundo\RGB_JPG_Normais\grao_DSC_0367_id17.png,RGB_JPG_Normais,RGB_JPG_ESVERDEADO
C:\Users\eduar\Desktop\Soybe-main\data\com_fundo\RGB_JPG_Normais\grao_DSC_0367_id18.png,RGB_JPG_Normais,RGB_JPG_CHOCHOS
C:\Users\eduar\Desktop\Soybe-main\data\com_fundo\RGB_JPG_Normais\grao_DSC_0367_id19.png,RGB_JPG_Normais,RGB_JPG_Normais
C:\Users\eduar\Desktop\Soybe-main\data\com_fundo\RGB_JPG_Normais\grao_DSC_0367_id2.png,RGB_JPG_Normais,RGB_JPG_ESVERDEADO
C:\Users\eduar\Desktop\Soybe-main\data\com_fundo\RGB_JPG_Normais\grao_DSC_0367_id20.png,RGB_JPG_Normais,RGB_JPG_Normais
C:\Users\eduar\Desktop\Soybe-main\data\com_fundo\RGB_JPG_Normais\grao_DSC_0367_id21.png,RGB_JPG_Normais,RGB_JPG_CHOCHOS
C:\Users\eduar\Desktop\Soybe-main\data\com_fundo\RGB_JPG_Normais\grao_DSC_0367_id22.png,RGB_JPG_Normais,RGB_JPG_QUEBRADOS
C:\Users\eduar\Desktop\Soybe-main\data\com_fundo\RGB_JPG_Normais\grao_DSC_0367_id24.png,RGB_JPG_Normais,RGB_JPG_CHOCHOS
C:\Users\eduar\Desktop\Soybe-main\data\com_fundo\RGB_JPG_Normais\grao_DSC_0367_id25.png,RGB_JPG_Normais,RGB_JPG_Normais
C:\Users\eduar\Desktop\Soybe-main\data\com_fundo\RGB_JPG_Normais\grao_DSC_0367_id26.png,RGB_JPG_Normais,RGB_JPG_QUEBRADOS
C:\Users\eduar\Desktop\Soybe-main\data\com_fundo\RGB_JPG_Normais\grao_DSC_0367_id27.png,RGB_JPG_Normais,RGB_JPG_CHOCHOS
C:\Users\eduar\Desktop\Soybe-main\data\com_fundo\RGB_JPG_Normais\grao_DSC_0367_id28.png,RGB_JPG_Normais,RGB_JPG_CHOCHOS
C:\Users\eduar\Desktop\Soybe-main\data\com_fundo\RGB_JPG_Normais\grao_DSC_0367_id29.png,RGB_JPG_Normais,RGB_JPG_Normais
C:\Users\eduar\Desktop\Soybe-main\data\com_fundo\RGB_JPG_Normais\grao_DSC_0367_id3.png,RGB_JPG_Normais,RGB_JPG_CHOCHOS
C:\Users\eduar\Desktop\Soybe-main\data\com_fundo\RGB_JPG_Normais\grao_DSC_0367_id30.png,RGB_JPG_Normais,RGB_JPG_CHOCHOS
C:\Users\eduar\Desktop\Soybe-main\data\com_fundo\RGB_JPG_Normais\grao_DSC_0367_id31.png,RGB_JPG_Normais,RGB_JPG_CHOCHOS
C:\Users\eduar\Desktop\Soybe-main\data\com_fundo\RGB_JPG_Normais\grao_DSC_0367_id32.png,RGB_JPG_Normais,RGB_JPG_QUEBRADOS
C:\Users\eduar\Desktop\Soybe-main\data\com_fundo\RGB_JPG_Normais\grao_DSC_0367_id33.png,RGB_JPG_Normais,RGB_JPG_CHOCHOS
C:\Users\eduar\Desktop\Soybe-main\data\com_fundo\RGB_JPG_Normais\grao_DSC_0367_id34.png,RGB_JPG_Normais,RGB_JPG_Normais
C:\Users\eduar\Desktop\Soybe-main\data\com_fundo\RGB_JPG_Normais\grao_DSC_0367_id35.png,RGB_JPG_Normais,RGB_JPG_CHOCHOS
C:\Users\eduar\Desktop\Soybe-main\data\com_fundo\RGB_JPG_Normais\grao_DSC_0367_id36.png,RGB_JPG_Normais,RGB_JPG_PURPURAS
C:\Users\eduar\Desktop\Soybe-main\data\com_fundo\RGB_JPG_Normais\grao_DSC_0367_id37.png,RGB_JPG_Normais,RGB_JPG_CHOCHOS
C:\Users\eduar\Desktop\Soybe-main\data\com_fundo\RGB_JPG_Normais\grao_DSC_0367_id38.png,RGB_JPG_Normais,RGB_JPG_CHOCHOS
C:\Users\eduar\Desktop\Soybe-main\data\com_fundo\RGB_JPG_Normais\grao_DSC_0367_id39.png,RGB_JPG_Normais,RGB_JPG_QUEBRADOS
C:\Users\eduar\Desktop\Soybe-main\data\com_fundo\RGB_JPG_Normais\grao_DSC_0367_id4.png,RGB_JPG_Normais,RGB_JPG_CHOCHOS
C:\Users\eduar\Desktop\Soybe-main\data\com_fundo\RGB_JPG_Normais\grao_DSC_0367_id40.png,RGB_JPG_Normais,RGB_JPG_CHOCHOS
C:\Users\eduar\Desktop\Soybe-main\data\com_fundo\RGB_JPG_Normais\grao_DSC_0367_id41.png,RGB_JPG_Normais,RGB_JPG_ESVERDEADO
C:\Users\eduar\Desktop\Soybe-main\data\com_fundo\RGB_JPG_Normais\grao_DSC_0367_id42.png,RGB_JPG_Normais,RGB_JPG_Normais
C:\Users\eduar\Desktop\Soybe-main\data\com_fundo\RGB_JPG_Normais\grao_DSC_0367_id43.png,RGB_JPG_Normais,RGB_JPG_QUEBRADOS
C:\Users\eduar\Desktop\Soybe-main\data\com_fundo\RGB_JPG_Normais\grao_DSC_0367_id44.png,RGB_JPG_Normais,RGB_JPG_QUEBRADOS
C:\Users\eduar\Desktop\Soybe-main\data\com_fundo\RGB_JPG_Normais\grao_DSC_0367_id45.png,RGB_JPG_Normais,RGB_JPG_QUEBRADOS
C:\Users\eduar\Desktop\Soybe-main\data\com_fundo\RGB_JPG_Normais\grao_DSC_0367_id46.png,RGB_JPG_Normais,RGB_JPG_QUEBRADOS
C:\Users\eduar\Desktop\Soybe-main\data\com_fundo\RGB_JPG_Normais\grao_DSC_0367_id47.png,RGB_JPG_Normais,RGB_JPG_CHOCHOS
C:\Users\eduar\Desktop\Soybe-main\data\com_fundo\RGB_JPG_Normais\grao_DSC_0367_id48.png,RGB_JPG_Normais,RGB_JPG_QUEBRADOS
C:\Users\eduar\Desktop\Soybe-main\data\com_fundo\RGB_JPG_Normais\grao_DSC_0367_id5.png,RGB_JPG_Normais,RGB_JPG_CHOCHOS
C:\Users\eduar\Desktop\Soybe-main\data\com_fundo\RGB_JPG_Normais\grao_DSC_0367_id51.png,RGB_JPG_Normais,RGB_JPG_QUEBRADOS
C:\Users\eduar\Desktop\Soybe-main\data\com_fundo\RGB_JPG_Normais\grao_DSC_0367_id52.png,RGB_JPG_Normais,RGB_JPG_Normais
C:\Users\eduar\Desktop\Soybe-main\data\com_fundo\RGB_JPG_Normais\grao_DSC_0367_id53.png,RGB_JPG_Normais,RGB_JPG_QUEBRADOS
C:\Users\eduar\Desktop\Soybe-main\data\com_fundo\RGB_JPG_Normais\grao_DSC_0367_id54.png,RGB_JPG_Normais,RGB_JPG_QUEBRADOS
C:\Users\eduar\Desktop\Soybe-main\data\com_fundo\RGB_JPG_Normais\grao_DSC_0367_id55.png,RGB_JPG_Normais,RGB_JPG_QUEBRADOS
C:\Users\eduar\Desktop\Soybe-main\data\com_fundo\RGB_JPG_Normais\grao_DSC_0367_id56.png,RGB_JPG_Normais,RGB_JPG_Normais
C:\Users\eduar\Desktop\Soybe-main\data\com_fundo\RGB_JPG_Normais\grao_DSC_0367_id57.png,RGB_JPG_Normais,RGB_JPG_ESVERDEADO
C:\Users\eduar\Desktop\Soybe-main\data\com_fundo\RGB_JPG_Normais\grao_DSC_0367_id58.png,RGB_JPG_Normais,RGB_JPG_CHOCHOS
C:\Users\eduar\Desktop\Soybe-main\data\com_fundo\RGB_JPG_Normais\grao_DSC_0367_id59.png,RGB_JPG_Normais,RGB_JPG_CHOCHOS
C:\Users\eduar\Desktop\Soybe-main\data\com_fundo\RGB_JPG_Normais\grao_DSC_0367_id6.png,RGB_JPG_Normais,RGB_JPG_ESVERDEADO
C:\Users\eduar\Desktop\Soybe-main\data\com_fundo\RGB_JPG_Normais\grao_DSC_0367_id60.png,RGB_JPG_Normais,RGB_JPG_CHOCHOS
C:\Users\eduar\Desktop\Soybe-main\data\com_fundo\RGB_JPG_Normais\grao_DSC_0367_id61.png,RGB_JPG_Normais,RGB_JPG_CHOCHOS
C:\Users\eduar\Desktop\Soybe-main\data\com_fundo\RGB_JPG_Normais\grao_DSC_0367_id62.png,RGB_JPG_Normais,RGB_JPG_CHOCHOS
C:\Users\eduar\Desktop\Soybe-main\data\com_fundo\RGB_JPG_Normais\grao_DSC_0367_id63.png,RGB_JPG_Normais,RGB_JPG_CHOCHOS
C:\Users\eduar\Desktop\Soybe-main\data\com_fundo\RGB_JPG_Normais\grao_DSC_0367_id64.png,RGB_JPG_Normais,RGB_JPG_CHOCHOS
C:\Users\eduar\Desktop\Soybe-main\data\com_fundo\RGB_JPG_Normais\grao_DSC_0367_id65.png,RGB_JPG_Normais,RGB_JPG_CHOCHOS
C:\Users\eduar\Desktop\Soybe-main\data\com_fundo\RGB_JPG_Normais\grao_DSC_0367_id66.png,RGB_JPG_Normais,RGB_JPG_CHOCHOS
C:\Users\eduar\Desktop\Soybe-main\data\com_fundo\RGB_JPG_Normais\grao_DSC_0367_id67.png,RGB_JPG_Normais,RGB_JPG_Normais
C:\Users\eduar\Desktop\Soybe-main\data\com_fundo\RGB_JPG_Normais\grao_DSC_0367_id68.png,RGB_JPG_Normais,RGB_JPG_CHOCHOS
C:\Users\eduar\Desktop\Soybe-main\data\com_fundo\RGB_JPG_Normais\grao_DSC_0367_id69.png,RGB_JPG_Normais,RGB_JPG_CHOCHOS
C:\Users\eduar\Desktop\Soybe-main\data\com_fundo\RGB_JPG_Normais\grao_DSC_0367_id7.png,RGB_JPG_Normais,RGB_JPG_PURPURAS
C:\Users\eduar\Desktop\Soybe-main\data\com_fundo\RGB_JPG_Normais\grao_DSC_0367_id70.png,RGB_JPG_Normais,RGB_JPG_CHOCHOS
C:\Users\eduar\Desktop\Soybe-main\data\com_fundo\RGB_JPG_Normais\grao_DSC_0367_id71.png,RGB_JPG_Normais,RGB_JPG_CHOCHOS
C:\Users\eduar\Desktop\Soybe-main\data\com_fundo\RGB_JPG_Normais\grao_DSC_0367_id72.png,RGB_JPG_Normais,RGB_JPG_Normais
C:\Users\eduar\Desktop\Soybe-main\data\com_fundo\RGB_JPG_Normais\grao_DSC_0367_id73.png,RGB_JPG_Normais,RGB_JPG_ESVERDEADO
C:\Users\eduar\Desktop\Soybe-main\data\com_fundo\RGB_JPG_Normais\grao_DSC_0367_id75.png,RGB_JPG_Normais,RGB_JPG_QUEBRADOS
C:\Users\eduar\Desktop\Soybe-main\data\com_fundo\RGB_JPG_Normais\grao_DSC_0367_id76.png,RGB_JPG_Normais,RGB_JPG_CHOCHOS
C:\Users\eduar\Desktop\Soybe-main\data\com_fundo\RGB_JPG_Normais\grao_DSC_0367_id77.png,RGB_JPG_Normais,RGB_JPG_CHOCHOS
C:\Users\eduar\Desktop\Soybe-main\data\com_fundo\RGB_JPG_Normais\grao_DSC_0367_id78.png,RGB_JPG_Normais,RGB_JPG_CHOCHOS
C:\Users\eduar\Desktop\Soybe-main\data\com_fundo\RGB_JPG_Normais\grao_DSC_0367_id79.png,RGB_JPG_Normais,RGB_JPG_Normais
C:\Users\eduar\Desktop\Soybe-main\data\com_fundo\RGB_JPG_Normais\grao_DSC_0367_id8.png,RGB_JPG_Normais,RGB_JPG_ESVERDEADO
C:\Users\eduar\Desktop\Soybe-main\data\com_fundo\RGB_JPG_Normais\grao_DSC_0367_id80.png,RGB_JPG_Normais,RGB_JPG_CHOCHOS
C:\Users\eduar\Desktop\Soybe-main\data\com_fundo\RGB_JPG_Normais\grao_DSC_0367_id81.png,RGB_JPG_Normais,RGB_JPG_Normais
C:\Users\eduar\Desktop\Soybe-main\data\com_fundo\RGB_JPG_Normais\grao_DSC_0367_id82.png,RGB_JPG_Normais,RGB_JPG_Normais
C:\Users\eduar\Desktop\Soybe-main\data\com_fundo\RGB_JPG_Normais\grao_DSC_0367_id83.png,RGB_JPG_Normais,RGB_JPG_Normais
C:\Users\eduar\Desktop\Soybe-main\data\com_fundo\RGB_JPG_Normais\grao_DSC_0367_id84.png,RGB_JPG_Normais,RGB_JPG_CHOCHOS
C:\Users\eduar\Desktop\Soybe-main\data\com_fundo\RGB_JPG_Normais\grao_DSC_0367_id85.png,RGB_JPG_Normais,RGB_JPG_CHOCHOS
C:\Users\eduar\Desktop\Soybe-main\data\com_fundo\RGB_JPG_Normais\grao_DSC_0367_id86.png,RGB_JPG_Normais,RGB_JPG_Normais
C:\Users\eduar\Desktop\Soybe-main\data\com_fundo\RGB_JPG_Normais\grao_DSC_0367_id87.png,RGB_JPG_Normais,RGB_JPG_ESVERDEADO
C:\Users\eduar\Desktop\Soybe-main\data\com_fundo\RGB_JPG_Normais\grao_DSC_0367_id88.png,RGB_JPG_Normais,RGB_JPG_Normais
C:\Users\eduar\Desktop\Soybe-main\data\com_fundo\RGB_JPG_Normais\grao_DSC_0367_id89.png,RGB_JPG_Normais,RGB_JPG_ESVERDEADO
C:\Users\eduar\Desktop\Soybe-main\data\com_fundo\RGB_JPG_Normais\grao_DSC_0367_id9.png,RGB_JPG_Normais,RGB_JPG_CHOCHOS
C:\Users\eduar\Desktop\Soybe-main\data\com_fundo\RGB_JPG_Normais\grao_DSC_0367_id90.png,RGB_JPG_Normais,RGB_JPG_ESVERDEADO
C:\Users\eduar\Desktop\Soybe-main\data\com_fundo\RGB_JPG_Normais\grao_DSC_0367_id91.png,RGB_JPG_Normais,RGB_JPG_CHOCHOS
C:\Users\eduar\Desktop\Soybe-main\data\com_fundo\RGB_JPG_Normais\grao_DSC_0367_id92.png,RGB_JPG_Normais,RGB_JPG_CHOCHOS
C:\Users\eduar\Desktop\Soybe-main\data\com_fundo\RGB_JPG_Normais\grao_DSC_0367_id93.png,RGB_JPG_Normais,RGB_JPG_CHOCHOS
C:\Users\eduar\Desktop\Soybe-main\data\com_fundo\RGB_JPG_Normais\grao_DSC_0367_id94.png,RGB_JPG_Normais,RGB_JPG_CHOCHOS
C:\Users\eduar\Desktop\Soybe-main\data\com_fundo\RGB_JPG_Normais\grao_DSC_0367_id95.png,RGB_JPG_Normais,RGB_JPG_ESVERDEADO
C:\Users\eduar\Desktop\Soybe-main\data\com_fundo\RGB_JPG_Normais\grao_DSC_0367_id96.png,RGB_JPG_Normais,RGB_JPG_Normais
C:\Users\eduar\Desktop\Soybe-main\data\com_fundo\RGB_JPG_Normais\grao_DSC_0367_id97.png,RGB_JPG_Normais,RGB_JPG_Normais
C:\Users\eduar\Desktop\Soybe-main\data\com_fundo\RGB_JPG_Normais\grao_DSC_0367_id98.png,RGB_JPG_Normais,RGB_JPG_ESVERDEADO
C:\Users\eduar\Desktop\Soybe-main\data\com_fundo\RGB_JPG_Normais\grao_DSC_0367_id99.png,RGB_JPG_Normais,RGB_JPG_ESVERDEADO
C:\Users\eduar\Desktop\Soybe-main\data\com_fundo\RGB_JPG_Normais\grao_DSC_0368_id1.png,RGB_JPG_Normais,RGB_JPG_Normais
C:\Users\eduar\Desktop\Soybe-main\data\com_fundo\RGB_JPG_Normais\grao_DSC_0368_id10.png,RGB_JPG_Normais,RGB_JPG_Normais
C:\Users\eduar\Desktop\Soybe-main\data\com_fundo\RGB_JPG_Normais\grao_DSC_0368_id100.png,RGB_JPG_Normais,RGB_JPG_CHOCHOS
C:\Users\eduar\Desktop\Soybe-main\data\com_fundo\RGB_JPG_Normais\grao_DSC_0368_id101.png,RGB_JPG_Normais,RGB_JPG_Normais
C:\Users\eduar\Desktop\Soybe-main\data\com_fundo\RGB_JPG_Normais\grao_DSC_0368_id102.png,RGB_JPG_Normais,RGB_JPG_Normais
C:\Users\eduar\Desktop\Soybe-main\data\com_fundo\RGB_JPG_Normais\grao_DSC_0368_id103.png,RGB_JPG_Normais,RGB_JPG_Normais
C:\Users\eduar\Desktop\Soybe-main\data\com_fundo\RGB_JPG_Normais\grao_DSC_0368_id104.png,RGB_JPG_Normais,RGB_JPG_Normais
C:\Users\eduar\Desktop\Soybe-main\data\com_fundo\RGB_JPG_Normais\grao_DSC_0368_id105.png,RGB_JPG_Normais,RGB_JPG_Normais
C:\Users\eduar\Desktop\Soybe-main\data\com_fundo\RGB_JPG_Normais\grao_DSC_0368_id106.png,RGB_JPG_Normais,RGB_JPG_Normais
C:\Users\eduar\Desktop\Soybe-main\data\com_fundo\RGB_JPG_Normais\grao_DSC_0368_id107.png,RGB_JPG_Normais,RGB_JPG_Normais
C:\Users\eduar\Desktop\Soybe-main\data\com_fundo\RGB_JPG_Normais\grao_DSC_0368_id108.png,RGB_JPG_Normais,RGB_JPG_Normais
C:\Users\eduar\Desktop\Soybe-main\data\com_fundo\RGB_JPG_Normais\grao_DSC_0368_id109.png,RGB_JPG_Normais,RGB_JPG_Normais
C:\Users\eduar\Desktop\Soybe-main\data\com_fundo\RGB_JPG_Normais\grao_DSC_0368_id11.png,RGB_JPG_Normais,RGB_JPG_Normais
C:\Users\eduar\Desktop\Soybe-main\data\com_fundo\RGB_JPG_Normais\grao_DSC_0368_id110.png,RGB_JPG_Normais,RGB_JPG_Normais
C:\Users\eduar\Desktop\Soybe-main\data\com_fundo\RGB_JPG_Normais\grao_DSC_0368_id111.png,RGB_JPG_Normais,RGB_JPG_Normais
C:\Users\eduar\Desktop\Soybe-main\data\com_fundo\RGB_JPG_Normais\grao_DSC_0368_id112.png,RGB_JPG_Normais,RGB_JPG_Normais
C:\Users\eduar\Desktop\Soybe-main\data\com_fundo\RGB_JPG_Normais\grao_DSC_0368_id113.png,RGB_JPG_Normais,RGB_JPG_Normais
C:\Users\eduar\Desktop\Soybe-main\data\com_fundo\RGB_JPG_Normais\grao_DSC_0368_id114.png,RGB_JPG_Normais,RGB_JPG_Normais
C:\Users\eduar\Desktop\Soybe-main\data\com_fundo\RGB_JPG_Normais\grao_DSC_0368_id115.png,RGB_JPG_Normais,RGB_JPG_Normais
C:\Users\eduar\Desktop\Soybe-main\data\com_fundo\RGB_JPG_Normais\grao_DSC_0368_id116.png,RGB_JPG_Normais,RGB_JPG_Normais
C:\Users\eduar\Desktop\Soybe-main\data\com_fundo\RGB_JPG_Normais\grao_DSC_0368_id12.png,RGB_JPG_Normais,RGB_JPG_Normais
C:\Users\eduar\Desktop\Soybe-main\data\com_fundo\RGB_JPG_Normais\grao_DSC_0368_id13.png,RGB_JPG_Normais,RGB_JPG_Normais
C:\Users\eduar\Desktop\Soybe-main\data\com_fundo\RGB_JPG_Normais\grao_DSC_0368_id14.png,RGB_JPG_Normais,RGB_JPG_Normais
C:\Users\eduar\Desktop\Soybe-main\data\com_fundo\RGB_JPG_Normais\grao_DSC_0368_id17.png,RGB_JPG_Normais,RGB_JPG_Normais
C:\Users\eduar\Desktop\Soybe-main\data\com_fundo\RGB_JPG_Normais\grao_DSC_0368_id19.png,RGB_JPG_Normais,RGB_JPG_Normais
C:\Users\eduar\Desktop\Soybe-main\data\com_fundo\RGB_JPG_Normais\grao_DSC_0368_id2.png,RGB_JPG_Normais,RGB_JPG_Normais
C:\Users\eduar\Desktop\Soybe-main\data\com_fundo\RGB_JPG_Normais\grao_DSC_0368_id20.png,RGB_JPG_Normais,RGB_JPG_Normais
C:\Users\eduar\Desktop\Soybe-main\data\com_fundo\RGB_JPG_Normais\grao_DSC_0368_id21.png,RGB_JPG_Normais,RGB_JPG_Normais
C:\Users\eduar\Desktop\Soybe-main\data\com_fundo\RGB_JPG_Normais\grao_DSC_0368_id22.png,RGB_JPG_Normais,RGB_JPG_Normais
C:\Users\eduar\Desktop\Soybe-main\data\com_fundo\RGB_JPG_Normais\grao_DSC_0368_id23.png,RGB_JPG_Normais,RGB_JPG_Normais
C:\Users\eduar\Desktop\Soybe-main\data\com_fundo\RGB_JPG_Normais\grao_DSC_0368_id24.png,RGB_JPG_Normais,RGB_JPG_Normais
C:\Users\eduar\Desktop\Soybe-main\data\com_fundo\RGB_JPG_Normais\grao_DSC_0368_id25.png,RGB_JPG_Normais,RGB_JPG_Normais
C:\Users\eduar\Desktop\Soybe-main\data\com_fundo\RGB_JPG_Normais\grao_DSC_0368_id26.png,RGB_JPG_Normais,RGB_JPG_Normais
C:\Users\eduar\Desktop\Soybe-main\data\com_fundo\RGB_JPG_Normais\grao_DSC_0368_id27.png,RGB_JPG_Normais,RGB_JPG_CHOCHOS
C:\Users\eduar\Desktop\Soybe-main\data\com_fundo\RGB_JPG_Normais\grao_DSC_0368_id28.png,RGB_JPG_Normais,RGB_JPG_Normais
C:\Users\eduar\Desktop\Soybe-main\data\com_fundo\RGB_JPG_Normais\grao_DSC_0368_id29.png,RGB_JPG_Normais,RGB_JPG_Normais
C:\Users\eduar\Desktop\Soybe-main\data\com_fundo\RGB_JPG_Normais\grao_DSC_0368_id3.png,RGB_JPG_Normais,RGB_JPG_Normais
C:\Users\eduar\Desktop\Soybe-main\data\com_fundo\RGB_JPG_Normais\grao_DSC_0368_id30.png,RGB_JPG_Normais,RGB_JPG_Normais
C:\Users\eduar\Desktop\Soybe-main\data\com_fundo\RGB_JPG_Normais\grao_DSC_0368_id31.png,RGB_JPG_Normais,RGB_JPG_Normais
C:\Users\eduar\Desktop\Soybe-main\data\com_fundo\RGB_JPG_Normais\grao_DSC_0368_id32.png,RGB_JPG_Normais,RGB_JPG_Normais
C:\Users\eduar\Desktop\Soybe-main\data\com_fundo\RGB_JPG_Normais\grao_DSC_0368_id33.png,RGB_JPG_Normais,RGB_JPG_Normais
C:\Users\eduar\Desktop\Soybe-main\data\com_fundo\RGB_JPG_Normais\grao_DSC_0368_id34.png,RGB_JPG_Normais,RGB_JPG_Normais
C:\Users\eduar\Desktop\Soybe-main\data\com_fundo\RGB_JPG_Normais\grao_DSC_0368_id35.png,RGB_JPG_Normais,RGB_JPG_Normais
C:\Users\eduar\Desktop\Soybe-main\data\com_fundo\RGB_JPG_Normais\grao_DSC_0368_id36.png,RGB_JPG_Normais,RGB_JPG_Normais
C:\Users\eduar\Desktop\Soybe-main\data\com_fundo\RGB_JPG_Normais\grao_DSC_0368_id37.png,RGB_JPG_Normais,RGB_JPG_Normais
C:\Users\eduar\Desktop\Soybe-main\data\com_fundo\RGB_JPG_Normais\grao_DSC_0368_id38.png,RGB_JPG_Normais,RGB_JPG_Normais
C:\Users\eduar\Desktop\Soybe-main\data\com_fundo\RGB_JPG_Normais\grao_DSC_0368_id39.png,RGB_JPG_Normais,RGB_JPG_CHOCHOS
C:\Users\eduar\Desktop\Soybe-main\data\com_fundo\RGB_JPG_Normais\grao_DSC_0368_id4.png,RGB_JPG_Normais,RGB_JPG_CHOCHOS
C:\Users\eduar\Desktop\Soybe-main\data\com_fundo\RGB_JPG_Normais\grao_DSC_0368_id40.png,RGB_JPG_Normais,RGB_JPG_Normais
C:\Users\eduar\Desktop\Soybe-main\data\com_fundo\RGB_JPG_Normais\grao_DSC_0368_id41.png,RGB_JPG_Normais,RGB_JPG_Normais
C:\Users\eduar\Desktop\Soybe-main\data\com_fundo\RGB_JPG_Normais\grao_DSC_0368_id42.png,RGB_JPG_Normais,RGB_JPG_Normais
C:\Users\eduar\Desktop\Soybe-main\data\com_fundo\RGB_JPG_Normais\grao_DSC_0368_id43.png,RGB_JPG_Normais,RGB_JPG_Normais
C:\Users\eduar\Desktop\Soybe-main\data\com_fundo\RGB_JPG_Normais\grao_DSC_0368_id44.png,RGB_JPG_Normais,RGB_JPG_CHOCHOS
C:\Users\eduar\Desktop\Soybe-main\data\com_fundo\RGB_JPG_Normais\grao_DSC_0368_id45.png,RGB_JPG_Normais,RGB_JPG_Normais
C:\Users\eduar\Desktop\Soybe-main\data\com_fundo\RGB_JPG_Normais\grao_DSC_0368_id46.png,RGB_JPG_Normais,RGB_JPG_Normais
C:\Users\eduar\Desktop\Soybe-main\data\com_fundo\RGB_JPG_Normais\grao_DSC_0368_id47.png,RGB_JPG_Normais,RGB_JPG_Normais
C:\Users\eduar\Desktop\Soybe-main\data\com_fundo\RGB_JPG_Normais\grao_DSC_0368_id48.png,RGB_JPG_Normais,RGB_JPG_Normais
C:\Users\eduar\Desktop\Soybe-main\data\com_fundo\RGB_JPG_Normais\grao_DSC_0368_id49.png,RGB_JPG_Normais,RGB_JPG_Normais
C:\Users\eduar\Desktop\Soybe-main\data\com_fundo\RGB_JPG_Normais\grao_DSC_0368_id5.png,RGB_JPG_Normais,RGB_JPG_Normais
C:\Users\eduar\Desktop\Soybe-main\data\com_fundo\RGB_JPG_Normais\grao_DSC_0368_id50.png,RGB_JPG_Normais,RGB_JPG_Normais
C:\Users\eduar\Desktop\Soybe-main\data\com_fundo\RGB_JPG_Normais\grao_DSC_0368_id51.png,RGB_JPG_Normais,RGB_JPG_Normais
C:\Users\eduar\Desktop\Soybe-main\data\com_fundo\RGB_JPG_Normais\grao_DSC_0368_id52.png,RGB_JPG_Normais,RGB_JPG_Normais
C:\Users\eduar\Desktop\Soybe-main\data\com_fundo\RGB_JPG_Normais\grao_DSC_0368_id53.png,RGB_JPG_Normais,RGB_JPG_CHOCHOS
C:\Users\eduar\Desktop\Soybe-main\data\com_fundo\RGB_JPG_Normais\grao_DSC_0368_id54.png,RGB_JPG_Normais,RGB_JPG_Normais
C:\Users\eduar\Desktop\Soybe-main\data\com_fundo\RGB_JPG_Normais\grao_DSC_0368_id55.png,RGB_JPG_Normais,RGB_JPG_Normais
C:\Users\eduar\Desktop\Soybe-main\data\com_fundo\RGB_JPG_Normais\grao_DSC_0368_id56.png,RGB_JPG_Normais,RGB_JPG_Normais
C:\Users\eduar\Desktop\Soybe-main\data\com_fundo\RGB_JPG_Normais\grao_DSC_0368_id57.png,RGB_JPG_Normais,RGB_JPG_Normais
C:\Users\eduar\Desktop\Soybe-main\data\com_fundo\RGB_JPG_Normais\grao_DSC_0368_id58.png,RGB_JPG_Normais,RGB_JPG_CHOCHOS
C:\Users\eduar\Desktop\Soybe-main\data\com_fundo\RGB_JPG_Normais\grao_DSC_0368_id59.png,RGB_JPG_Normais,RGB_JPG_Normais
C:\Users\eduar\Desktop\Soybe-main\data\com_fundo\RGB_JPG_Normais\grao_DSC_0368_id6.png,RGB_JPG_Normais,RGB_JPG_Normais
C:\Users\eduar\Desktop\Soybe-main\data\com_fundo\RGB_JPG_Normais\grao_DSC_0368_id60.png,RGB_JPG_Normais,RGB_JPG_Normais
C:\Users\eduar\Desktop\Soybe-main\data\com_fundo\RGB_JPG_Normais\grao_DSC_0368_id61.png,RGB_JPG_Normais,RGB_JPG_Normais
C:\Users\eduar\Desktop\Soybe-main\data\com_fundo\RGB_JPG_Normais\grao_DSC_0368_id62.png,RGB_JPG_Normais,RGB_JPG_Normais
C:\Users\eduar\Desktop\Soybe-main\data\com_fundo\RGB_JPG_Normais\grao_DSC_0368_id64.png,RGB_JPG_Normais,RGB_JPG_Normais
C:\Users\eduar\Desktop\Soybe-main\data\com_fundo\RGB_JPG_Normais\grao_DSC_0368_id65.png,RGB_JPG_Normais,RGB_JPG_Normais
C:\Users\eduar\Desktop\Soybe-main\data\com_fundo\RGB_JPG_Normais\grao_DSC_0368_id66.png,RGB_JPG_Normais,RGB_JPG_Normais
C:\Users\eduar\Desktop\Soybe-main\data\com_fundo\RGB_JPG_Normais\grao_DSC_0368_id67.png,RGB_JPG_Normais,RGB_JPG_Normais
C:\Users\eduar\Desktop\Soybe-main\data\com_fundo\RGB_JPG_Normais\grao_DSC_0368_id68.png,RGB_JPG_Normais,RGB_JPG_Normais
C:\Users\eduar\Desktop\Soybe-main\data\com_fundo\RGB_JPG_Normais\grao_DSC_0368_id69.png,RGB_JPG_Normais,RGB_JPG_Normais
C:\Users\eduar\Desktop\Soybe-main\data\com_fundo\RGB_JPG_Normais\grao_DSC_0368_id7.png,RGB_JPG_Normais,RGB_JPG_Normais
C:\Users\eduar\Desktop\Soybe-main\data\com_fundo\RGB_JPG_Normais\grao_DSC_0368_id70.png,RGB_JPG_Normais,RGB_JPG_Normais
C:\Users\eduar\Desktop\Soybe-main\data\com_fundo\RGB_JPG_Normais\grao_DSC_0368_id71.png,RGB_JPG_Normais,RGB_JPG_Normais
C:\Users\eduar\Desktop\Soybe-main\data\com_fundo\RGB_JPG_Normais\grao_DSC_0368_id72.png,RGB_JPG_Normais,RGB_JPG_Normais
C:\Users\eduar\Desktop\Soybe-main\data\com_fundo\RGB_JPG_Normais\grao_DSC_0368_id73.png,RGB_JPG_Normais,RGB_JPG_Normais
C:\Users\eduar\Desktop\Soybe-main\data\com_fundo\RGB_JPG_Normais\grao_DSC_0368_id74.png,RGB_JPG_Normais,RGB_JPG_Normais
C:\Users\eduar\Desktop\Soybe-main\data\com_fundo\RGB_JPG_Normais\grao_DSC_0368_id75.png,RGB_JPG_Normais,RGB_JPG_Normais
C:\Users\eduar\Desktop\Soybe-main\data\com_fundo\RGB_JPG_Normais\grao_DSC_0368_id76.png,RGB_JPG_Normais,RGB_JPG_Normais
C:\Users\eduar\Desktop\Soybe-main\data\com_fundo\RGB_JPG_Normais\grao_DSC_0368_id77.png,RGB_JPG_Normais,RGB_JPG_Normais
C:\Users\eduar\Desktop\Soybe-main\data\com_fundo\RGB_JPG_Normais\grao_DSC_0368_id78.png,RGB_JPG_Normais,RGB_JPG_Normais
C:\Users\eduar\Desktop\Soybe-main\data\com_fundo\RGB_JPG_Normais\grao_DSC_0368_id79.png,RGB_JPG_Normais,RGB_JPG_Normais
C:\Users\eduar\Desktop\Soybe-main\data\com_fundo\RGB_JPG_Normais\grao_DSC_0368_id8.png,RGB_JPG_Normais,RGB_JPG_Normais
C:\Users\eduar\Desktop\Soybe-main\data\com_fundo\RGB_JPG_Normais\grao_DSC_0368_id80.png,RGB_JPG_Normais,RGB_JPG_Normais
C:\Users\eduar\Desktop\Soybe-main\data\com_fundo\RGB_JPG_Normais\grao_DSC_0368_id81.png,RGB_JPG_Normais,RGB_JPG_Normais
C:\Users\eduar\Desktop\Soybe-main\data\com_fundo\RGB_JPG_Normais\grao_DSC_0368_id82.png,RGB_JPG_Normais,RGB_JPG_CHOCHOS
C:\Users\eduar\Desktop\Soybe-main\data\com_fundo\RGB_JPG_Normais\grao_DSC_0368_id83.png,RGB_JPG_Normais,RGB_JPG_Normais
C:\Users\eduar\Desktop\Soybe-main\data\com_fundo\RGB_JPG_Normais\grao_DSC_0368_id84.png,RGB_JPG_Normais,RGB_JPG_Normais
C:\Users\eduar\Desktop\Soybe-main\data\com_fundo\RGB_JPG_Normais\grao_DSC_0368_id85.png,RGB_JPG_Normais,RGB_JPG_CHOCHOS
C:\Users\eduar\Desktop\Soybe-main\data\com_fundo\RGB_JPG_Normais\grao_DSC_0368_id86.png,RGB_JPG_Normais,RGB_JPG_Normais
C:\Users\eduar\Desktop\Soybe-main\data\com_fundo\RGB_JPG_Normais\grao_DSC_0368_id87.png,RGB_JPG_Normais,RGB_JPG_Normais
C:\Users\eduar\Desktop\Soybe-main\data\com_fundo\RGB_JPG_Normais\grao_DSC_0368_id88.png,RGB_JPG_Normais,RGB_JPG_Normais
C:\Users\eduar\Desktop\Soybe-main\data\com_fundo\RGB_JPG_Normais\grao_DSC_0368_id89.png,RGB_JPG_Normais,RGB_JPG_ESVERDEADO
C:\Users\eduar\Desktop\Soybe-main\data\com_fundo\RGB_JPG_Normais\grao_DSC_0368_id9.png,RGB_JPG_Normais,RGB_JPG_Normais
C:\Users\eduar\Desktop\Soybe-main\data\com_fundo\RGB_JPG_Normais\grao_DSC_0368_id90.png,RGB_JPG_Normais,RGB_JPG_Normais
C:\Users\eduar\Desktop\Soybe-main\data\com_fundo\RGB_JPG_Normais\grao_DSC_0368_id91.png,RGB_JPG_Normais,RGB_JPG_Normais
C:\Users\eduar\Desktop\Soybe-main\data\com_fundo\RGB_JPG_Normais\grao_DSC_0368_id92.png,RGB_JPG_Normais,RGB_JPG_Normais
C:\Users\eduar\Desktop\Soybe-main\data\com_fundo\RGB_JPG_Normais\grao_DSC_0368_id93.png,RGB_JPG_Normais,RGB_JPG_Normais
C:\Users\eduar\Desktop\Soybe-main\data\com_fundo\RGB_JPG_Normais\grao_DSC_0368_id94.png,RGB_JPG_Normais,RGB_JPG_Normais
C:\Users\eduar\Desktop\Soybe-main\data\com_fundo\RGB_JPG_Normais\grao_DSC_0368_id95.png,RGB_JPG_Normais,RGB_JPG_Normais
C:\Users\eduar\Desktop\Soybe-main\data\com_fundo\RGB_JPG_Normais\grao_DSC_0368_id96.png,RGB_JPG_Normais,RGB_JPG_CHOCHOS
C:\Users\eduar\Desktop\Soybe-main\data\com_fundo\RGB_JPG_Normais\grao_DSC_0368_id97.png,RGB_JPG_Normais,RGB_JPG_Normais
C:\Users\eduar\Desktop\Soybe-main\data\com_fundo\RGB_JPG_Normais\grao_DSC_0368_id98.png,RGB_JPG_Normais,RGB_JPG_Normais
C:\Users\eduar\Desktop\Soybe-main\data\com_fundo\RGB_JPG_Normais\grao_DSC_0368_id99.png,RGB_JPG_Normais,RGB_JPG_CHOCHOS
C:\Users\eduar\Desktop\Soybe-main\data\com_fundo\RGB_JPG_Normais\grao_DSC_0370_id1.png,RGB_JPG_Normais,RGB_JPG_CHOCHOS
C:\Users\eduar\Desktop\Soybe-main\data\com_fundo\RGB_JPG_Normais\grao_DSC_0370_id10.png,RGB_JPG_Normais,RGB_JPG_Normais
C:\Users\eduar\Desktop\Soybe-main\data\com_fundo\RGB_JPG_Normais\grao_DSC_0370_id100.png,RGB_JPG_Normais,RGB_JPG_Normais
C:\Users\eduar\Desktop\Soybe-main\data\com_fundo\RGB_JPG_Normais\grao_DSC_0370_id101.png,RGB_JPG_Normais,RGB_JPG_Normais
C:\Users\eduar\Desktop\Soybe-main\data\com_fundo\RGB_JPG_Normais\grao_DSC_0370_id102.png,RGB_JPG_Normais,RGB_JPG_Normais
C:\Users\eduar\Desktop\Soybe-main\data\com_fundo\RGB_JPG_Normais\grao_DSC_0370_id103.png,RGB_JPG_Normais,RGB_JPG_Normais
C:\Users\eduar\Desktop\Soybe-main\data\com_fundo\RGB_JPG_Normais\grao_DSC_0370_id104.png,RGB_JPG_Normais,RGB_JPG_Normais
C:\Users\eduar\Desktop\Soybe-main\data\com_fundo\RGB_JPG_Normais\grao_DSC_0370_id105.png,RGB_JPG_Normais,RGB_JPG_Normais
C:\Users\eduar\Desktop\Soybe-main\data\com_fundo\RGB_JPG_Normais\grao_DSC_0370_id106.png,RGB_JPG_Normais,RGB_JPG_Normais
C:\Users\eduar\Desktop\Soybe-main\data\com_fundo\RGB_JPG_Normais\grao_DSC_0370_id107.png,RGB_JPG_Normais,RGB_JPG_Normais
C:\Users\eduar\Desktop\Soybe-main\data\com_fundo\RGB_JPG_Normais\grao_DSC_0370_id108.png,RGB_JPG_Normais,RGB_JPG_Normais
C:\Users\eduar\Desktop\Soybe-main\data\com_fundo\RGB_JPG_Normais\grao_DSC_0370_id109.png,RGB_JPG_Normais,RGB_JPG_Normais
C:\Users\eduar\Desktop\Soybe-main\data\com_fundo\RGB_JPG_Normais\grao_DSC_0370_id11.png,RGB_JPG_Normais,RGB_JPG_Normais
C:\Users\eduar\Desktop\Soybe-main\data\com_fundo\RGB_JPG_Normais\grao_DSC_0370_id110.png,RGB_JPG_Normais,RGB_JPG_CHOCHOS
C:\Users\eduar\Desktop\Soybe-main\data\com_fundo\RGB_JPG_Normais\grao_DSC_0370_id111.png,RGB_JPG_Normais,RGB_JPG_Normais
C:\Users\eduar\Desktop\Soybe-main\data\com_fundo\RGB_JPG_Normais\grao_DSC_0370_id112.png,RGB_JPG_Normais,RGB_JPG_Normais
C:\Users\eduar\Desktop\Soybe-main\data\com_fundo\RGB_JPG_Normais\grao_DSC_0370_id113.png,RGB_JPG_Normais,RGB_JPG_Normais
C:\Users\eduar\Desktop\Soybe-main\data\com_fundo\RGB_JPG_Normais\grao_DSC_0370_id114.png,RGB_JPG_Normais,RGB_JPG_Normais
C:\Users\eduar\Desktop\Soybe-main\data\com_fundo\RGB_JPG_Normais\grao_DSC_0370_id115.png,RGB_JPG_Normais,RGB_JPG_Normais
C:\Users\eduar\Desktop\Soybe-main\data\com_fundo\RGB_JPG_Normais\grao_DSC_0370_id12.png,RGB_JPG_Normais,RGB_JPG_Normais
C:\Users\eduar\Desktop\Soybe-main\data\com_fundo\RGB_JPG_Normais\grao_DSC_0370_id13.png,RGB_JPG_Normais,RGB_JPG_Normais
C:\Users\eduar\Desktop\Soybe-main\data\com_fundo\RGB_JPG_Normais\grao_DSC_0370_id14.png,RGB_JPG_Normais,RGB_JPG_QUEBRADOS
C:\Users\eduar\Desktop\Soybe-main\data\com_fundo\RGB_JPG_Normais\grao_DSC_0370_id15.png,RGB_JPG_Normais,RGB_JPG_Normais
C:\Users\eduar\Desktop\Soybe-main\data\com_fundo\RGB_JPG_Normais\grao_DSC_0370_id16.png,RGB_JPG_Normais,RGB_JPG_Normais
C:\Users\eduar\Desktop\Soybe-main\data\com_fundo\RGB_JPG_Normais\grao_DSC_0370_id17.png,RGB_JPG_Normais,RGB_JPG_Normais
C:\Users\eduar\Desktop\Soybe-main\data\com_fundo\RGB_JPG_Normais\grao_DSC_0370_id18.png,RGB_JPG_Normais,RGB_JPG_Normais
C:\Users\eduar\Desktop\Soybe-main\data\com_fundo\RGB_JPG_Normais\grao_DSC_0370_id19.png,RGB_JPG_Normais,RGB_JPG_Normais
C:\Users\eduar\Desktop\Soybe-main\data\com_fundo\RGB_JPG_Normais\grao_DSC_0370_id2.png,RGB_JPG_Normais,RGB_JPG_Normais
C:\Users\eduar\Desktop\Soybe-main\data\com_fundo\RGB_JPG_Normais\grao_DSC_0370_id20.png,RGB_JPG_Normais,RGB_JPG_Normais
C:\Users\eduar\Desktop\Soybe-main\data\com_fundo\RGB_JPG_Normais\grao_DSC_0370_id21.png,RGB_JPG_Normais,RGB_JPG_Normais
C:\Users\eduar\Desktop\Soybe-main\data\com_fundo\RGB_JPG_Normais\grao_DSC_0370_id22.png,RGB_JPG_Normais,RGB_JPG_Normais
C:\Users\eduar\Desktop\Soybe-main\data\com_fundo\RGB_JPG_Normais\grao_DSC_0370_id23.png,RGB_JPG_Normais,RGB_JPG_Normais
C:\Users\eduar\Desktop\Soybe-main\data\com_fundo\RGB_JPG_Normais\grao_DSC_0370_id24.png,RGB_JPG_Normais,RGB_JPG_Normais
C:\Users\eduar\Desktop\Soybe-main\data\com_fundo\RGB_JPG_Normais\grao_DSC_0370_id25.png,RGB_JPG_Normais,RGB_JPG_CHOCHOS
C:\Users\eduar\Desktop\Soybe-main\data\com_fundo\RGB_JPG_Normais\grao_DSC_0370_id26.png,RGB_JPG_Normais,RGB_JPG_Normais
C:\Users\eduar\Desktop\Soybe-main\data\com_fundo\RGB_JPG_Normais\grao_DSC_0370_id27.png,RGB_JPG_Normais,RGB_JPG_Normais
C:\Users\eduar\Desktop\Soybe-main\data\com_fundo\RGB_JPG_Normais\grao_DSC_0370_id28.png,RGB_JPG_Normais,RGB_JPG_CHOCHOS
C:\Users\eduar\Desktop\Soybe-main\data\com_fundo\RGB_JPG_Normais\grao_DSC_0370_id29.png,RGB_JPG_Normais,RGB_JPG_Normais
C:\Users\eduar\Desktop\Soybe-main\data\com_fundo\RGB_JPG_Normais\grao_DSC_0370_id3.png,RGB_JPG_Normais,RGB_JPG_Normais
C:\Users\eduar\Desktop\Soybe-main\data\com_fundo\RGB_JPG_Normais\grao_DSC_0370_id30.png,RGB_JPG_Normais,RGB_JPG_Normais
C:\Users\eduar\Desktop\Soybe-main\data\com_fundo\RGB_JPG_Normais\grao_DSC_0370_id31.png,RGB_JPG_Normais,RGB_JPG_CHOCHOS
C:\Users\eduar\Desktop\Soybe-main\data\com_fundo\RGB_JPG_Normais\grao_DSC_0370_id32.png,RGB_JPG_Normais,RGB_JPG_Normais
C:\Users\eduar\Desktop\Soybe-main\data\com_fundo\RGB_JPG_Normais\grao_DSC_0370_id33.png,RGB_JPG_Normais,RGB_JPG_Normais
C:\Users\eduar\Desktop\Soybe-main\data\com_fundo\RGB_JPG_Normais\grao_DSC_0370_id34.png,RGB_JPG_Normais,RGB_JPG_Normais
C:\Users\eduar\Desktop\Soybe-main\data\com_fundo\RGB_JPG_Normais\grao_DSC_0370_id35.png,RGB_JPG_Normais,RGB_JPG_Normais
C:\Users\eduar\Desktop\Soybe-main\data\com_fundo\RGB_JPG_Normais\grao_DSC_0370_id36.png,RGB_JPG_Normais,RGB_JPG_Normais
C:\Users\eduar\Desktop\Soybe-main\data\com_fundo\RGB_JPG_Normais\grao_DSC_0370_id37.png,RGB_JPG_Normais,RGB_JPG_Normais
C:\Users\eduar\Desktop\Soybe-main\data\com_fundo\RGB_JPG_Normais\grao_DSC_0370_id38.png,RGB_JPG_Normais,RGB_JPG_Normais
C:\Users\eduar\Desktop\Soybe-main\data\com_fundo\RGB_JPG_Normais\grao_DSC_0370_id39.png,RGB_JPG_Normais,RGB_JPG_Normais
C:\Users\eduar\Desktop\Soybe-main\data\com_fundo\RGB_JPG_Normais\grao_DSC_0370_id4.png,RGB_JPG_Normais,RGB_JPG_Normais
C:\Users\eduar\Desktop\Soybe-main\data\com_fundo\RGB_JPG_Normais\grao_DSC_0370_id40.png,RGB_JPG_Normais,RGB_JPG_Normais
C:\Users\eduar\Desktop\Soybe-main\data\com_fundo\RGB_JPG_Normais\grao_DSC_0370_id41.png,RGB_JPG_Normais,RGB_JPG_Normais
C:\Users\eduar\Desktop\Soybe-main\data\com_fundo\RGB_JPG_Normais\grao_DSC_0370_id42.png,RGB_JPG_Normais,RGB_JPG_Normais
C:\Users\eduar\Desktop\Soybe-main\data\com_fundo\RGB_JPG_Normais\grao_DSC_0370_id43.png,RGB_JPG_Normais,RGB_JPG_Normais
C:\Users\eduar\Desktop\Soybe-main\data\com_fundo\RGB_JPG_Normais\grao_DSC_0370_id44.png,RGB_JPG_Normais,RGB_JPG_Normais
C:\Users\eduar\Desktop\Soybe-main\data\com_fundo\RGB_JPG_Normais\grao_DSC_0370_id45.png,RGB_JPG_Normais,RGB_JPG_Normais
C:\Users\eduar\Desktop\Soybe-main\data\com_fundo\RGB_JPG_Normais\grao_DSC_0370_id46.png,RGB_JPG_Normais,RGB_JPG_Normais
C:\Users\eduar\Desktop\Soybe-main\data\com_fundo\RGB_JPG_Normais\grao_DSC_0370_id47.png,RGB_JPG_Normais,RGB_JPG_CHOCHOS
C:\Users\eduar\Desktop\Soybe-main\data\com_fundo\RGB_JPG_Normais\grao_DSC_0370_id48.png,RGB_JPG_Normais,RGB_JPG_QUEBRADOS
C:\Users\eduar\Desktop\Soybe-main\data\com_fundo\RGB_JPG_Normais\grao_DSC_0370_id49.png,RGB_JPG_Normais,RGB_JPG_Normais
C:\Users\eduar\Desktop\Soybe-main\data\com_fundo\RGB_JPG_Normais\grao_DSC_0370_id5.png,RGB_JPG_Normais,RGB_JPG_Normais
C:\Users\eduar\Desktop\Soybe-main\data\com_fundo\RGB_JPG_Normais\grao_DSC_0370_id50.png,RGB_JPG_Normais,RGB_JPG_Normais
C:\Users\eduar\Desktop\Soybe-main\data\com_fundo\RGB_JPG_Normais\grao_DSC_0370_id51.png,RGB_JPG_Normais,RGB_JPG_Normais
C:\Users\eduar\Desktop\Soybe-main\data\com_fundo\RGB_JPG_Normais\grao_DSC_0370_id52.png,RGB_JPG_Normais,RGB_JPG_CHOCHOS
C:\Users\eduar\Desktop\Soybe-main\data\com_fundo\RGB_JPG_Normais\grao_DSC_0370_id53.png,RGB_JPG_Normais,RGB_JPG_Normais
C:\Users\eduar\Desktop\Soybe-main\data\com_fundo\RGB_JPG_Normais\grao_DSC_0370_id54.png,RGB_JPG_Normais,RGB_JPG_Normais
C:\Users\eduar\Desktop\Soybe-main\data\com_fundo\RGB_JPG_Normais\grao_DSC_0370_id55.png,RGB_JPG_Normais,RGB_JPG_Normais
C:\Users\eduar\Desktop\Soybe-main\data\com_fundo\RGB_JPG_Normais\grao_DSC_0370_id56.png,RGB_JPG_Normais,RGB_JPG_Normais
C:\Users\eduar\Desktop\Soybe-main\data\com_fundo\RGB_JPG_Normais\grao_DSC_0370_id57.png,RGB_JPG_Normais,RGB_JPG_Normais
C:\Users\eduar\Desktop\Soybe-main\data\com_fundo\RGB_JPG_Normais\grao_DSC_0370_id58.png,RGB_JPG_Normais,RGB_JPG_Normais
C:\Users\eduar\Desktop\Soybe-main\data\com_fundo\RGB_JPG_Normais\grao_DSC_0370_id59.png,RGB_JPG_Normais,RGB_JPG_Normais
C:\Users\eduar\Desktop\Soybe-main\data\com_fundo\RGB_JPG_Normais\grao_DSC_0370_id6.png,RGB_JPG_Normais,RGB_JPG_CHOCHOS
C:\Users\eduar\Desktop\Soybe-main\data\com_fundo\RGB_JPG_Normais\grao_DSC_0370_id60.png,RGB_JPG_Normais,RGB_JPG_Normais
C:\Users\eduar\Desktop\Soybe-main\data\com_fundo\RGB_JPG_Normais\grao_DSC_0370_id61.png,RGB_JPG_Normais,RGB_JPG_Normais
C:\Users\eduar\Desktop\Soybe-main\data\com_fundo\RGB_JPG_Normais\grao_DSC_0370_id62.png,RGB_JPG_Normais,RGB_JPG_Normais
C:\Users\eduar\Desktop\Soybe-main\data\com_fundo\RGB_JPG_Normais\grao_DSC_0370_id63.png,RGB_JPG_Normais,RGB_JPG_Normais
C:\Users\eduar\Desktop\Soybe-main\data\com_fundo\RGB_JPG_Normais\grao_DSC_0370_id64.png,RGB_JPG_Normais,RGB_JPG_Normais
C:\Users\eduar\Desktop\Soybe-main\data\com_fundo\RGB_JPG_Normais\grao_DSC_0370_id65.png,RGB_JPG_Normais,RGB_JPG_Normais
C:\Users\eduar\Desktop\Soybe-main\data\com_fundo\RGB_JPG_Normais\grao_DSC_0370_id66.png,RGB_JPG_Normais,RGB_JPG_Normais
C:\Users\eduar\Desktop\Soybe-main\data\com_fundo\RGB_JPG_Normais\grao_DSC_0370_id67.png,RGB_JPG_Normais,RGB_JPG_Normais
C:\Users\eduar\Desktop\Soybe-main\data\com_fundo\RGB_JPG_Normais\grao_DSC_0370_id68.png,RGB_JPG_Normais,RGB_JPG_Normais
C:\Users\eduar\Desktop\Soybe-main\data\com_fundo\RGB_JPG_Normais\grao_DSC_0370_id69.png,RGB_JPG_Normais,RGB_JPG_Normais
C:\Users\eduar\Desktop\Soybe-main\data\com_fundo\RGB_JPG_Normais\grao_DSC_0370_id7.png,RGB_JPG_Normais,RGB_JPG_Normais
C:\Users\eduar\Desktop\Soybe-main\data\com_fundo\RGB_JPG_Normais\grao_DSC_0370_id70.png,RGB_JPG_Normais,RGB_JPG_Normais
C:\Users\eduar\Desktop\Soybe-main\data\com_fundo\RGB_JPG_Normais\grao_DSC_0370_id71.png,RGB_JPG_Normais,RGB_JPG_Normais
C:\Users\eduar\Desktop\Soybe-main\data\com_fundo\RGB_JPG_Normais\grao_DSC_0370_id72.png,RGB_JPG_Normais,RGB_JPG_Normais
C:\Users\eduar\Desktop\Soybe-main\data\com_fundo\RGB_JPG_Normais\grao_DSC_0370_id73.png,RGB_JPG_Normais,RGB_JPG_Normais
C:\Users\eduar\Desktop\Soybe-main\data\com_fundo\RGB_JPG_Normais\grao_DSC_0370_id74.png,RGB_JPG_Normais,RGB_JPG_Normais
C:\Users\eduar\Desktop\Soybe-main\data\com_fundo\RGB_JPG_Normais\grao_DSC_0370_id75.png,RGB_JPG_Normais,RGB_JPG_Normais
C:\Users\eduar\Desktop\Soybe-main\data\com_fundo\RGB_JPG_Normais\grao_DSC_0370_id76.png,RGB_JPG_Normais,RGB_JPG_Normais
C:\Users\eduar\Desktop\Soybe-main\data\com_fundo\RGB_JPG_Normais\grao_DSC_0370_id77.png,RGB_JPG_Normais,RGB_JPG_Normais
C:\Users\eduar\Desktop\Soybe-main\data\com_fundo\RGB_JPG_Normais\grao_DSC_0370_id78.png,RGB_JPG_Normais,RGB_JPG_Normais
C:\Users\eduar\Desktop\Soybe-main\data\com_fundo\RGB_JPG_Normais\grao_DSC_0370_id79.png,RGB_JPG_Normais,RGB_JPG_Normais
C:\Users\eduar\Desktop\Soybe-main\data\com_fundo\RGB_JPG_Normais\grao_DSC_0370_id8.png,RGB_JPG_Normais,RGB_JPG_Normais
C:\Users\eduar\Desktop\Soybe-main\data\com_fundo\RGB_JPG_Normais\grao_DSC_0370_id80.png,RGB_JPG_Normais,RGB_JPG_Normais
C:\Users\eduar\Desktop\Soybe-main\data\com_fundo\RGB_JPG_Normais\grao_DSC_0370_id81.png,RGB_JPG_Normais,RGB_JPG_Normais
C:\Users\eduar\Desktop\Soybe-main\data\com_fundo\RGB_JPG_Normais\grao_DSC_0370_id82.png,RGB_JPG_Normais,RGB_JPG_Normais
C:\Users\eduar\Desktop\Soybe-main\data\com_fundo\RGB_JPG_Normais\grao_DSC_0370_id83.png,RGB_JPG_Normais,RGB_JPG_Normais
C:\Users\eduar\Desktop\Soybe-main\data\com_fundo\RGB_JPG_Normais\grao_DSC_0370_id84.png,RGB_JPG_Normais,RGB_JPG_Normais
C:\Users\eduar\Desktop\Soybe-main\data\com_fundo\RGB_JPG_Normais\grao_DSC_0370_id85.png,RGB_JPG_Normais,RGB_JPG_Normais
C:\Users\eduar\Desktop\Soybe-main\data\com_fundo\RGB_JPG_Normais\grao_DSC_0370_id86.png,RGB_JPG_Normais,RGB_JPG_Normais
C:\Users\eduar\Desktop\Soybe-main\data\com_fundo\RGB_JPG_Normais\grao_DSC_0370_id87.png,RGB_JPG_Normais,RGB_JPG_Normais
C:\Users\eduar\Desktop\Soybe-main\data\com_fundo\RGB_JPG_Normais\grao_DSC_0370_id88.png,RGB_JPG_Normais,RGB_JPG_Normais
C:\Users\eduar\Desktop\Soybe-main\data\com_fundo\RGB_JPG_Normais\grao_DSC_0370_id89.png,RGB_JPG_Normais,RGB_JPG_CHOCHOS
C:\Users\eduar\Desktop\Soybe-main\data\com_fundo\RGB_JPG_Normais\grao_DSC_0370_id9.png,RGB_JPG_Normais,RGB_JPG_Normais
C:\Users\eduar\Desktop\Soybe-main\data\com_fundo\RGB_JPG_Normais\grao_DSC_0370_id90.png,RGB_JPG_Normais,RGB_JPG_Normais
C:\Users\eduar\Desktop\Soybe-main\data\com_fundo\RGB_JPG_Normais\grao_DSC_0370_id91.png,RGB_JPG_Normais,RGB_JPG_Normais
C:\Users\eduar\Desktop\Soybe-main\data\com_fundo\RGB_JPG_Normais\grao_DSC_0370_id92.png,RGB_JPG_Normais,RGB_JPG_Normais
C:\Users\eduar\Desktop\Soybe-main\data\com_fundo\RGB_JPG_Normais\grao_DSC_0370_id93.png,RGB_JPG_Normais,RGB_JPG_Normais
C:\Users\eduar\Desktop\Soybe-main\data\com_fundo\RGB_JPG_Normais\grao_DSC_0370_id94.png,RGB_JPG_Normais,RGB_JPG_Normais
C:\Users\eduar\Desktop\Soybe-main\data\com_fundo\RGB_JPG_Normais\grao_DSC_0370_id95.png,RGB_JPG_Normais,RGB_JPG_Normais
C:\Users\eduar\Desktop\Soybe-main\data\com_fundo\RGB_JPG_Normais\grao_DSC_0370_id96.png,RGB_JPG_Normais,RGB_JPG_Normais
C:\Users\eduar\Desktop\Soybe-main\data\com_fundo\RGB_JPG_Normais\grao_DSC_0370_id97.png,RGB_JPG_Normais,RGB_JPG_Normais
C:\Users\eduar\Desktop\Soybe-main\data\com_fundo\RGB_JPG_Normais\grao_DSC_0370_id98.png,RGB_JPG_Normais,RGB_JPG_QUEBRADOS
C:\Users\eduar\Desktop\Soybe-main\data\com_fundo\RGB_JPG_Normais\grao_DSC_0370_id99.png,RGB_JPG_Normais,RGB_JPG_Normais
C:\Users\eduar\Desktop\Soybe-main\data\com_fundo\RGB_JPG_Normais\grao_DSC_0371_id1.png,RGB_JPG_Normais,RGB_JPG_Normais
C:\Users\eduar\Desktop\Soybe-main\data\com_fundo\RGB_JPG_Normais\grao_DSC_0371_id10.png,RGB_JPG_Normais,RGB_JPG_Normais
C:\Users\eduar\Desktop\Soybe-main\data\com_fundo\RGB_JPG_Normais\grao_DSC_0371_id100.png,RGB_JPG_Normais,RGB_JPG_Normais
C:\Users\eduar\Desktop\Soybe-main\data\com_fundo\RGB_JPG_Normais\grao_DSC_0371_id101.png,RGB_JPG_Normais,RGB_JPG_Normais
C:\Users\eduar\Desktop\Soybe-main\data\com_fundo\RGB_JPG_Normais\grao_DSC_0371_id102.png,RGB_JPG_Normais,RGB_JPG_Normais
C:\Users\eduar\Desktop\Soybe-main\data\com_fundo\RGB_JPG_Normais\grao_DSC_0371_id103.png,RGB_JPG_Normais,RGB_JPG_Normais
C:\Users\eduar\Desktop\Soybe-main\data\com_fundo\RGB_JPG_Normais\grao_DSC_0371_id104.png,RGB_JPG_Normais,RGB_JPG_Normais
C:\Users\eduar\Desktop\Soybe-main\data\com_fundo\RGB_JPG_Normais\grao_DSC_0371_id105.png,RGB_JPG_Normais,RGB_JPG_Normais
C:\Users\eduar\Desktop\Soybe-main\data\com_fundo\RGB_JPG_Normais\grao_DSC_0371_id106.png,RGB_JPG_Normais,RGB_JPG_Normais
C:\Users\eduar\Desktop\Soybe-main\data\com_fundo\RGB_JPG_Normais\grao_DSC_0371_id107.png,RGB_JPG_Normais,RGB_JPG_Normais
C:\Users\eduar\Desktop\Soybe-main\data\com_fundo\RGB_JPG_Normais\grao_DSC_0371_id108.png,RGB_JPG_Normais,RGB_JPG_Normais
C:\Users\eduar\Desktop\Soybe-main\data\com_fundo\RGB_JPG_Normais\grao_DSC_0371_id109.png,RGB_JPG_Normais,RGB_JPG_Normais
C:\Users\eduar\Desktop\Soybe-main\data\com_fundo\RGB_JPG_Normais\grao_DSC_0371_id11.png,RGB_JPG_Normais,RGB_JPG_Normais
C:\Users\eduar\Desktop\Soybe-main\data\com_fundo\RGB_JPG_Normais\grao_DSC_0371_id110.png,RGB_JPG_Normais,RGB_JPG_Normais
C:\Users\eduar\Desktop\Soybe-main\data\com_fundo\RGB_JPG_Normais\grao_DSC_0371_id111.png,RGB_JPG_Normais,RGB_JPG_Normais
C:\Users\eduar\Desktop\Soybe-main\data\com_fundo\RGB_JPG_Normais\grao_DSC_0371_id112.png,RGB_JPG_Normais,RGB_JPG_Normais
C:\Users\eduar\Desktop\Soybe-main\data\com_fundo\RGB_JPG_Normais\grao_DSC_0371_id113.png,RGB_JPG_Normais,RGB_JPG_Normais
C:\Users\eduar\Desktop\Soybe-main\data\com_fundo\RGB_JPG_Normais\grao_DSC_0371_id12.png,RGB_JPG_Normais,RGB_JPG_CHOCHOS
C:\Users\eduar\Desktop\Soybe-main\data\com_fundo\RGB_JPG_Normais\grao_DSC_0371_id13.png,RGB_JPG_Normais,RGB_JPG_CHOCHOS
C:\Users\eduar\Desktop\Soybe-main\data\com_fundo\RGB_JPG_Normais\grao_DSC_0371_id14.png,RGB_JPG_Normais,RGB_JPG_Normais
C:\Users\eduar\Desktop\Soybe-main\data\com_fundo\RGB_JPG_Normais\grao_DSC_0371_id15.png,RGB_JPG_Normais,RGB_JPG_Normais
C:\Users\eduar\Desktop\Soybe-main\data\com_fundo\RGB_JPG_Normais\grao_DSC_0371_id16.png,RGB_JPG_Normais,RGB_JPG_Normais
C:\Users\eduar\Desktop\Soybe-main\data\com_fundo\RGB_JPG_Normais\grao_DSC_0371_id17.png,RGB_JPG_Normais,RGB_JPG_Normais
C:\Users\eduar\Desktop\Soybe-main\data\com_fundo\RGB_JPG_Normais\grao_DSC_0371_id18.png,RGB_JPG_Normais,RGB_JPG_Normais
C:\Users\eduar\Desktop\Soybe-main\data\com_fundo\RGB_JPG_Normais\grao_DSC_0371_id2.png,RGB_JPG_Normais,RGB_JPG_Normais
C:\Users\eduar\Desktop\Soybe-main\data\com_fundo\RGB_JPG_Normais\grao_DSC_0371_id21.png,RGB_JPG_Normais,RGB_JPG_Normais
C:\Users\eduar\Desktop\Soybe-main\data\com_fundo\RGB_JPG_Normais\grao_DSC_0371_id22.png,RGB_JPG_Normais,RGB_JPG_Normais
C:\Users\eduar\Desktop\Soybe-main\data\com_fundo\RGB_JPG_Normais\grao_DSC_0371_id23.png,RGB_JPG_Normais,RGB_JPG_Normais
C:\Users\eduar\Desktop\Soybe-main\data\com_fundo\RGB_JPG_Normais\grao_DSC_0371_id24.png,RGB_JPG_Normais,RGB_JPG_Normais
C:\Users\eduar\Desktop\Soybe-main\data\com_fundo\RGB_JPG_Normais\grao_DSC_0371_id25.png,RGB_JPG_Normais,RGB_JPG_CHOCHOS
C:\Users\eduar\Desktop\Soybe-main\data\com_fundo\RGB_JPG_Normais\grao_DSC_0371_id26.png,RGB_JPG_Normais,RGB_JPG_Normais
C:\Users\eduar\Desktop\Soybe-main\data\com_fundo\RGB_JPG_Normais\grao_DSC_0371_id27.png,RGB_JPG_Normais,RGB_JPG_CHOCHOS
C:\Users\eduar\Desktop\Soybe-main\data\com_fundo\RGB_JPG_Normais\grao_DSC_0371_id28.png,RGB_JPG_Normais,RGB_JPG_Normais
C:\Users\eduar\Desktop\Soybe-main\data\com_fundo\RGB_JPG_Normais\grao_DSC_0371_id29.png,RGB_JPG_Normais,RGB_JPG_Normais
C:\Users\eduar\Desktop\Soybe-main\data\com_fundo\RGB_JPG_Normais\grao_DSC_0371_id3.png,RGB_JPG_Normais,RGB_JPG_Normais
C:\Users\eduar\Desktop\Soybe-main\data\com_fundo\RGB_JPG_Normais\grao_DSC_0371_id30.png,RGB_JPG_Normais,RGB_JPG_Normais
C:\Users\eduar\Desktop\Soybe-main\data\com_fundo\RGB_JPG_Normais\grao_DSC_0371_id31.png,RGB_JPG_Normais,RGB_JPG_Normais
C:\Users\eduar\Desktop\Soybe-main\data\com_fundo\RGB_JPG_Normais\grao_DSC_0371_id32.png,RGB_JPG_Normais,RGB_JPG_Normais
C:\Users\eduar\Desktop\Soybe-main\data\com_fundo\RGB_JPG_Normais\grao_DSC_0371_id33.png,RGB_JPG_Normais,RGB_JPG_Normais
C:\Users\eduar\Desktop\Soybe-main\data\com_fundo\RGB_JPG_Normais\grao_DSC_0371_id34.png,RGB_JPG_Normais,RGB_JPG_Normais
C:\Users\eduar\Desktop\Soybe-main\data\com_fundo\RGB_JPG_Normais\grao_DSC_0371_id35.png,RGB_JPG_Normais,RGB_JPG_Normais
C:\Users\eduar\Desktop\Soybe-main\data\com_fundo\RGB_JPG_Normais\grao_DSC_0371_id36.png,RGB_JPG_Normais,RGB_JPG_Normais
C:\Users\eduar\Desktop\Soybe-main\data\com_fundo\RGB_JPG_Normais\grao_DSC_0371_id37.png,RGB_JPG_Normais,RGB_JPG_Normais
C:\Users\eduar\Desktop\Soybe-main\data\com_fundo\RGB_JPG_Normais\grao_DSC_0371_id38.png,RGB_JPG_Normais,RGB_JPG_Normais
C:\Users\eduar\Desktop\Soybe-main\data\com_fundo\RGB_JPG_Normais\grao_DSC_0371_id39.png,RGB_JPG_Normais,RGB_JPG_CHOCHOS
C:\Users\eduar\Desktop\Soybe-main\data\com_fundo\RGB_JPG_Normais\grao_DSC_0371_id4.png,RGB_JPG_Normais,RGB_JPG_Normais
C:\Users\eduar\Desktop\Soybe-main\data\com_fundo\RGB_JPG_Normais\grao_DSC_0371_id40.png,RGB_JPG_Normais,RGB_JPG_Normais
C:\Users\eduar\Desktop\Soybe-main\data\com_fundo\RGB_JPG_Normais\grao_DSC_0371_id41.png,RGB_JPG_Normais,RGB_JPG_Normais
C:\Users\eduar\Desktop\Soybe-main\data\com_fundo\RGB_JPG_Normais\grao_DSC_0371_id42.png,RGB_JPG_Normais,RGB_JPG_Normais
C:\Users\eduar\Desktop\Soybe-main\data\com_fundo\RGB_JPG_Normais\grao_DSC_0371_id43.png,RGB_JPG_Normais,RGB_JPG_Normais
C:\Users\eduar\Desktop\Soybe-main\data\com_fundo\RGB_JPG_Normais\grao_DSC_0371_id44.png,RGB_JPG_Normais,RGB_JPG_Normais
C:\Users\eduar\Desktop\Soybe-main\data\com_fundo\RGB_JPG_Normais\grao_DSC_0371_id45.png,RGB_JPG_Normais,RGB_JPG_Normais
C:\Users\eduar\Desktop\Soybe-main\data\com_fundo\RGB_JPG_Normais\grao_DSC_0371_id46.png,RGB_JPG_Normais,RGB_JPG_Normais
C:\Users\eduar\Desktop\Soybe-main\data\com_fundo\RGB_JPG_Normais\grao_DSC_0371_id47.png,RGB_JPG_Normais,RGB_JPG_Normais
C:\Users\eduar\Desktop\Soybe-main\data\com_fundo\RGB_JPG_Normais\grao_DSC_0371_id48.png,RGB_JPG_Normais,RGB_JPG_Normais
C:\Users\eduar\Desktop\Soybe-main\data\com_fundo\RGB_JPG_Normais\grao_DSC_0371_id49.png,RGB_JPG_Normais,RGB_JPG_Normais
C:\Users\eduar\Desktop\Soybe-main\data\com_fundo\RGB_JPG_Normais\grao_DSC_0371_id5.png,RGB_JPG_Normais,RGB_JPG_Normais
C:\Users\eduar\Desktop\Soybe-main\data\com_fundo\RGB_JPG_Normais\grao_DSC_0371_id50.png,RGB_JPG_Normais,RGB_JPG_Normais
C:\Users\eduar\Desktop\Soybe-main\data\com_fundo\RGB_JPG_Normais\grao_DSC_0371_id51.png,RGB_JPG_Normais,RGB_JPG_Normais
C:\Users\eduar\Desktop\Soybe-main\data\com_fundo\RGB_JPG_Normais\grao_DSC_0371_id52.png,RGB_JPG_Normais,RGB_JPG_Normais
C:\Users\eduar\Desktop\Soybe-main\data\com_fundo\RGB_JPG_Normais\grao_DSC_0371_id53.png,RGB_JPG_Normais,RGB_JPG_Normais
C:\Users\eduar\Desktop\Soybe-main\data\com_fundo\RGB_JPG_Normais\grao_DSC_0371_id54.png,RGB_JPG_Normais,RGB_JPG_Normais
C:\Users\eduar\Desktop\Soybe-main\data\com_fundo\RGB_JPG_Normais\grao_DSC_0371_id55.png,RGB_JPG_Normais,RGB_JPG_Normais
C:\Users\eduar\Desktop\Soybe-main\data\com_fundo\RGB_JPG_Normais\grao_DSC_0371_id56.png,RGB_JPG_Normais,RGB_JPG_Normais
C:\Users\eduar\Desktop\Soybe-main\data\com_fundo\RGB_JPG_Normais\grao_DSC_0371_id57.png,RGB_JPG_Normais,RGB_JPG_Normais
C:\Users\eduar\Desktop\Soybe-main\data\com_fundo\RGB_JPG_Normais\grao_DSC_0371_id58.png,RGB_JPG_Normais,RGB_JPG_Normais
C:\Users\eduar\Desktop\Soybe-main\data\com_fundo\RGB_JPG_Normais\grao_DSC_0371_id59.png,RGB_JPG_Normais,RGB_JPG_Normais
C:\Users\eduar\Desktop\Soybe-main\data\com_fundo\RGB_JPG_Normais\grao_DSC_0371_id6.png,RGB_JPG_Normais,RGB_JPG_Normais
C:\Users\eduar\Desktop\Soybe-main\data\com_fundo\RGB_JPG_Normais\grao_DSC_0371_id60.png,RGB_JPG_Normais,RGB_JPG_Normais
C:\Users\eduar\Desktop\Soybe-main\data\com_fundo\RGB_JPG_Normais\grao_DSC_0371_id61.png,RGB_JPG_Normais,RGB_JPG_Normais
C:\Users\eduar\Desktop\Soybe-main\data\com_fundo\RGB_JPG_Normais\grao_DSC_0371_id62.png,RGB_JPG_Normais,RGB_JPG_CHOCHOS
C:\Users\eduar\Desktop\Soybe-main\data\com_fundo\RGB_JPG_Normais\grao_DSC_0371_id63.png,RGB_JPG_Normais,RGB_JPG_Normais
C:\Users\eduar\Desktop\Soybe-main\data\com_fundo\RGB_JPG_Normais\grao_DSC_0371_id64.png,RGB_JPG_Normais,RGB_JPG_CHOCHOS
C:\Users\eduar\Desktop\Soybe-main\data\com_fundo\RGB_JPG_Normais\grao_DSC_0371_id65.png,RGB_JPG_Normais,RGB_JPG_Normais
C:\Users\eduar\Desktop\Soybe-main\data\com_fundo\RGB_JPG_Normais\grao_DSC_0371_id66.png,RGB_JPG_Normais,RGB_JPG_Normais
C:\Users\eduar\Desktop\Soybe-main\data\com_fundo\RGB_JPG_Normais\grao_DSC_0371_id67.png,RGB_JPG_Normais,RGB_JPG_Normais
C:\Users\eduar\Desktop\Soybe-main\data\com_fundo\RGB_JPG_Normais\grao_DSC_0371_id68.png,RGB_JPG_Normais,RGB_JPG_Normais
C:\Users\eduar\Desktop\Soybe-main\data\com_fundo\RGB_JPG_Normais\grao_DSC_0371_id69.png,RGB_JPG_Normais,RGB_JPG_Normais
C:\Users\eduar\Desktop\Soybe-main\data\com_fundo\RGB_JPG_Normais\grao_DSC_0371_id7.png,RGB_JPG_Normais,RGB_JPG_PURPURAS
C:\Users\eduar\Desktop\Soybe-main\data\com_fundo\RGB_JPG_Normais\grao_DSC_0371_id70.png,RGB_JPG_Normais,RGB_JPG_Normais
C:\Users\eduar\Desktop\Soybe-main\data\com_fundo\RGB_JPG_Normais\grao_DSC_0371_id71.png,RGB_JPG_Normais,RGB_JPG_Normais
C:\Users\eduar\Desktop\Soybe-main\data\com_fundo\RGB_JPG_Normais\grao_DSC_0371_id72.png,RGB_JPG_Normais,RGB_JPG_Normais
C:\Users\eduar\Desktop\Soybe-main\data\com_fundo\RGB_JPG_Normais\grao_DSC_0371_id73.png,RGB_JPG_Normais,RGB_JPG_Normais
C:\Users\eduar\Desktop\Soybe-main\data\com_fundo\RGB_JPG_Normais\grao_DSC_0371_id74.png,RGB_JPG_Normais,RGB_JPG_Normais
C:\Users\eduar\Desktop\Soybe-main\data\com_fundo\RGB_JPG_Normais\grao_DSC_0371_id75.png,RGB_JPG_Normais,RGB_JPG_Normais
C:\Users\eduar\Desktop\Soybe-main\data\com_fundo\RGB_JPG_Normais\grao_DSC_0371_id76.png,RGB_JPG_Normais,RGB_JPG_CHOCHOS
C:\Users\eduar\Desktop\Soybe-main\data\com_fundo\RGB_JPG_Normais\grao_DSC_0371_id77.png,RGB_JPG_Normais,RGB_JPG_Normais
C:\Users\eduar\Desktop\Soybe-main\data\com_fundo\RGB_JPG_Normais\grao_DSC_0371_id78.png,RGB_JPG_Normais,RGB_JPG_Normais
C:\Users\eduar\Desktop\Soybe-main\data\com_fundo\RGB_JPG_Normais\grao_DSC_0371_id79.png,RGB_JPG_Normais,RGB_JPG_Normais
C:\Users\eduar\Desktop\Soybe-main\data\com_fundo\RGB_JPG_Normais\grao_DSC_0371_id8.png,RGB_JPG_Normais,RGB_JPG_Normais
C:\Users\eduar\Desktop\Soybe-main\data\com_fundo\RGB_JPG_Normais\grao_DSC_0371_id80.png,RGB_JPG_Normais,RGB_JPG_CHOCHOS
C:\Users\eduar\Desktop\Soybe-main\data\com_fundo\RGB_JPG_Normais\grao_DSC_0371_id81.png,RGB_JPG_Normais,RGB_JPG_Normais
C:\Users\eduar\Desktop\Soybe-main\data\com_fundo\RGB_JPG_Normais\grao_DSC_0371_id82.png,RGB_JPG_Normais,RGB_JPG_Normais
C:\Users\eduar\Desktop\Soybe-main\data\com_fundo\RGB_JPG_Normais\grao_DSC_0371_id83.png,RGB_JPG_Normais,RGB_JPG_Normais
C:\Users\eduar\Desktop\Soybe-main\data\com_fundo\RGB_JPG_Normais\grao_DSC_0371_id84.png,RGB_JPG_Normais,RGB_JPG_Normais
C:\Users\eduar\Desktop\Soybe-main\data\com_fundo\RGB_JPG_Normais\grao_DSC_0371_id85.png,RGB_JPG_Normais,RGB_JPG_Normais
C:\Users\eduar\Desktop\Soybe-main\data\com_fundo\RGB_JPG_Normais\grao_DSC_0371_id86.png,RGB_JPG_Normais,RGB_JPG_Normais
C:\Users\eduar\Desktop\Soybe-main\data\com_fundo\RGB_JPG_Normais\grao_DSC_0371_id87.png,RGB_JPG_Normais,RGB_JPG_Normais
C:\Users\eduar\Desktop\Soybe-main\data\com_fundo\RGB_JPG_Normais\grao_DSC_0371_id88.png,RGB_JPG_Normais,RGB_JPG_Normais
C:\Users\eduar\Desktop\Soybe-main\data\com_fundo\RGB_JPG_Normais\grao_DSC_0371_id89.png,RGB_JPG_Normais,RGB_JPG_Normais
C:\Users\eduar\Desktop\Soybe-main\data\com_fundo\RGB_JPG_Normais\grao_DSC_0371_id9.png,RGB_JPG_Normais,RGB_JPG_Normais
C:\Users\eduar\Desktop\Soybe-main\data\com_fundo\RGB_JPG_Normais\grao_DSC_0371_id90.png,RGB_JPG_Normais,RGB_JPG_Normais
C:\Users\eduar\Desktop\Soybe-main\data\com_fundo\RGB_JPG_Normais\grao_DSC_0371_id91.png,RGB_JPG_Normais,RGB_JPG_Normais
C:\Users\eduar\Desktop\Soybe-main\data\com_fundo\RGB_JPG_Normais\grao_DSC_0371_id92.png,RGB_JPG_Normais,RGB_JPG_Normais
C:\Users\eduar\Desktop\Soybe-main\data\com_fundo\RGB_JPG_Normais\grao_DSC_0371_id93.png,RGB_JPG_Normais,RGB_JPG_Normais
C:\Users\eduar\Desktop\Soybe-main\data\com_fundo\RGB_JPG_Normais\grao_DSC_0371_id94.png,RGB_JPG_Normais,RGB_JPG_Normais
C:\Users\eduar\Desktop\Soybe-main\data\com_fundo\RGB_JPG_Normais\grao_DSC_0371_id95.png,RGB_JPG_Normais,RGB_JPG_Normais
C:\Users\eduar\Desktop\Soybe-main\data\com_fundo\RGB_JPG_Normais\grao_DSC_0371_id96.png,RGB_JPG_Normais,RGB_JPG_Normais
C:\Users\eduar\Desktop\Soybe-main\data\com_fundo\RGB_JPG_Normais\grao_DSC_0371_id97.png,RGB_JPG_Normais,RGB_JPG_Normais
C:\Users\eduar\Desktop\Soybe-main\data\com_fundo\RGB_JPG_Normais\grao_DSC_0371_id98.png,RGB_JPG_Normais,RGB_JPG_Normais
C:\Users\eduar\Desktop\Soybe-main\data\com_fundo\RGB_JPG_Normais\grao_DSC_0371_id99.png,RGB_JPG_Normais,RGB_JPG_CHOCHOS
C:\Users\eduar\Desktop\Soybe-main\data\com_fundo\RGB_JPG_Normais\grao_DSC_0377_id1.png,RGB_JPG_Normais,RGB_JPG_Normais
C:\Users\eduar\Desktop\Soybe-main\data\com_fundo\RGB_JPG_Normais\grao_DSC_0377_id10.png,RGB_JPG_Normais,RGB_JPG_Normais
C:\Users\eduar\Desktop\Soybe-main\data\com_fundo\RGB_JPG_Normais\grao_DSC_0377_id100.png,RGB_JPG_Normais,RGB_JPG_Normais
C:\Users\eduar\Desktop\Soybe-main\data\com_fundo\RGB_JPG_Normais\grao_DSC_0377_id101.png,RGB_JPG_Normais,RGB_JPG_Normais
C:\Users\eduar\Desktop\Soybe-main\data\com_fundo\RGB_JPG_Normais\grao_DSC_0377_id102.png,RGB_JPG_Normais,RGB_JPG_Normais
C:\Users\eduar\Desktop\Soybe-main\data\com_fundo\RGB_JPG_Normais\grao_DSC_0377_id103.png,RGB_JPG_Normais,RGB_JPG_Normais
C:\Users\eduar\Desktop\Soybe-main\data\com_fundo\RGB_JPG_Normais\grao_DSC_0377_id104.png,RGB_JPG_Normais,RGB_JPG_Normais
C:\Users\eduar\Desktop\Soybe-main\data\com_fundo\RGB_JPG_Normais\grao_DSC_0377_id105.png,RGB_JPG_Normais,RGB_JPG_Normais
C:\Users\eduar\Desktop\Soybe-main\data\com_fundo\RGB_JPG_Normais\grao_DSC_0377_id106.png,RGB_JPG_Normais,RGB_JPG_QUEBRADOS
C:\Users\eduar\Desktop\Soybe-main\data\com_fundo\RGB_JPG_Normais\grao_DSC_0377_id107.png,RGB_JPG_Normais,RGB_JPG_CHOCHOS
C:\Users\eduar\Desktop\Soybe-main\data\com_fundo\RGB_JPG_Normais\grao_DSC_0377_id108.png,RGB_JPG_Normais,RGB_JPG_Normais
C:\Users\eduar\Desktop\Soybe-main\data\com_fundo\RGB_JPG_Normais\grao_DSC_0377_id109.png,RGB_JPG_Normais,RGB_JPG_Normais
C:\Users\eduar\Desktop\Soybe-main\data\com_fundo\RGB_JPG_Normais\grao_DSC_0377_id11.png,RGB_JPG_Normais,RGB_JPG_Normais
C:\Users\eduar\Desktop\Soybe-main\data\com_fundo\RGB_JPG_Normais\grao_DSC_0377_id110.png,RGB_JPG_Normais,RGB_JPG_Normais
C:\Users\eduar\Desktop\Soybe-main\data\com_fundo\RGB_JPG_Normais\grao_DSC_0377_id111.png,RGB_JPG_Normais,RGB_JPG_Normais
C:\Users\eduar\Desktop\Soybe-main\data\com_fundo\RGB_JPG_Normais\grao_DSC_0377_id112.png,RGB_JPG_Normais,RGB_JPG_Normais
C:\Users\eduar\Desktop\Soybe-main\data\com_fundo\RGB_JPG_Normais\grao_DSC_0377_id113.png,RGB_JPG_Normais,RGB_JPG_Normais
C:\Users\eduar\Desktop\Soybe-main\data\com_fundo\RGB_JPG_Normais\grao_DSC_0377_id114.png,RGB_JPG_Normais,RGB_JPG_Normais
C:\Users\eduar\Desktop\Soybe-main\data\com_fundo\RGB_JPG_Normais\grao_DSC_0377_id115.png,RGB_JPG_Normais,RGB_JPG_Normais
C:\Users\eduar\Desktop\Soybe-main\data\com_fundo\RGB_JPG_Normais\grao_DSC_0377_id116.png,RGB_JPG_Normais,RGB_JPG_Normais
C:\Users\eduar\Desktop\Soybe-main\data\com_fundo\RGB_JPG_Normais\grao_DSC_0377_id117.png,RGB_JPG_Normais,RGB_JPG_Normais
C:\Users\eduar\Desktop\Soybe-main\data\com_fundo\RGB_JPG_Normais\grao_DSC_0377_id12.png,RGB_JPG_Normais,RGB_JPG_Normais
C:\Users\eduar\Desktop\Soybe-main\data\com_fundo\RGB_JPG_Normais\grao_DSC_0377_id13.png,RGB_JPG_Normais,RGB_JPG_Normais
C:\Users\eduar\Desktop\Soybe-main\data\com_fundo\RGB_JPG_Normais\grao_DSC_0377_id14.png,RGB_JPG_Normais,RGB_JPG_Normais
C:\Users\eduar\Desktop\Soybe-main\data\com_fundo\RGB_JPG_Normais\grao_DSC_0377_id15.png,RGB_JPG_Normais,RGB_JPG_Normais
C:\Users\eduar\Desktop\Soybe-main\data\com_fundo\RGB_JPG_Normais\grao_DSC_0377_id16.png,RGB_JPG_Normais,RGB_JPG_Normais
C:\Users\eduar\Desktop\Soybe-main\data\com_fundo\RGB_JPG_Normais\grao_DSC_0377_id18.png,RGB_JPG_Normais,RGB_JPG_Normais
C:\Users\eduar\Desktop\Soybe-main\data\com_fundo\RGB_JPG_Normais\grao_DSC_0377_id19.png,RGB_JPG_Normais,RGB_JPG_Normais
C:\Users\eduar\Desktop\Soybe-main\data\com_fundo\RGB_JPG_Normais\grao_DSC_0377_id2.png,RGB_JPG_Normais,RGB_JPG_Normais
C:\Users\eduar\Desktop\Soybe-main\data\com_fundo\RGB_JPG_Normais\grao_DSC_0377_id20.png,RGB_JPG_Normais,RGB_JPG_Normais
C:\Users\eduar\Desktop\Soybe-main\data\com_fundo\RGB_JPG_Normais\grao_DSC_0377_id21.png,RGB_JPG_Normais,RGB_JPG_Normais
C:\Users\eduar\Desktop\Soybe-main\data\com_fundo\RGB_JPG_Normais\grao_DSC_0377_id22.png,RGB_JPG_Normais,RGB_JPG_QUEBRADOS
C:\Users\eduar\Desktop\Soybe-main\data\com_fundo\RGB_JPG_Normais\grao_DSC_0377_id23.png,RGB_JPG_Normais,RGB_JPG_Normais
C:\Users\eduar\Desktop\Soybe-main\data\com_fundo\RGB_JPG_Normais\grao_DSC_0377_id24.png,RGB_JPG_Normais,RGB_JPG_Normais
C:\Users\eduar\Desktop\Soybe-main\data\com_fundo\RGB_JPG_Normais\grao_DSC_0377_id25.png,RGB_JPG_Normais,RGB_JPG_Normais
C:\Users\eduar\Desktop\Soybe-main\data\com_fundo\RGB_JPG_Normais\grao_DSC_0377_id26.png,RGB_JPG_Normais,RGB_JPG_Normais
C:\Users\eduar\Desktop\Soybe-main\data\com_fundo\RGB_JPG_Normais\grao_DSC_0377_id27.png,RGB_JPG_Normais,RGB_JPG_Normais
C:\Users\eduar\Desktop\Soybe-main\data\com_fundo\RGB_JPG_Normais\grao_DSC_0377_id28.png,RGB_JPG_Normais,RGB_JPG_Normais
C:\Users\eduar\Desktop\Soybe-main\data\com_fundo\RGB_JPG_Normais\grao_DSC_0377_id29.png,RGB_JPG_Normais,RGB_JPG_Normais
C:\Users\eduar\Desktop\Soybe-main\data\com_fundo\RGB_JPG_Normais\grao_DSC_0377_id3.png,RGB_JPG_Normais,RGB_JPG_Normais
C:\Users\eduar\Desktop\Soybe-main\data\com_fundo\RGB_JPG_Normais\grao_DSC_0377_id30.png,RGB_JPG_Normais,RGB_JPG_Normais
C:\Users\eduar\Desktop\Soybe-main\data\com_fundo\RGB_JPG_Normais\grao_DSC_0377_id31.png,RGB_JPG_Normais,RGB_JPG_Normais
C:\Users\eduar\Desktop\Soybe-main\data\com_fundo\RGB_JPG_Normais\grao_DSC_0377_id32.png,RGB_JPG_Normais,RGB_JPG_Normais
C:\Users\eduar\Desktop\Soybe-main\data\com_fundo\RGB_JPG_Normais\grao_DSC_0377_id33.png,RGB_JPG_Normais,RGB_JPG_Normais
C:\Users\eduar\Desktop\Soybe-main\data\com_fundo\RGB_JPG_Normais\grao_DSC_0377_id34.png,RGB_JPG_Normais,RGB_JPG_Normais
C:\Users\eduar\Desktop\Soybe-main\data\com_fundo\RGB_JPG_Normais\grao_DSC_0377_id35.png,RGB_JPG_Normais,RGB_JPG_Normais
C:\Users\eduar\Desktop\Soybe-main\data\com_fundo\RGB_JPG_Normais\grao_DSC_0377_id36.png,RGB_JPG_Normais,RGB_JPG_Normais
C:\Users\eduar\Desktop\Soybe-main\data\com_fundo\RGB_JPG_Normais\grao_DSC_0377_id37.png,RGB_JPG_Normais,RGB_JPG_Normais
C:\Users\eduar\Desktop\Soybe-main\data\com_fundo\RGB_JPG_Normais\grao_DSC_0377_id38.png,RGB_JPG_Normais,RGB_JPG_QUEBRADOS
C:\Users\eduar\Desktop\Soybe-main\data\com_fundo\RGB_JPG_Normais\grao_DSC_0377_id39.png,RGB_JPG_Normais,RGB_JPG_Normais
C:\Users\eduar\Desktop\Soybe-main\data\com_fundo\RGB_JPG_Normais\grao_DSC_0377_id4.png,RGB_JPG_Normais,RGB_JPG_Normais
C:\Users\eduar\Desktop\Soybe-main\data\com_fundo\RGB_JPG_Normais\grao_DSC_0377_id40.png,RGB_JPG_Normais,RGB_JPG_Normais
C:\Users\eduar\Desktop\Soybe-main\data\com_fundo\RGB_JPG_Normais\grao_DSC_0377_id41.png,RGB_JPG_Normais,RGB_JPG_Normais
C:\Users\eduar\Desktop\Soybe-main\data\com_fundo\RGB_JPG_Normais\grao_DSC_0377_id42.png,RGB_JPG_Normais,RGB_JPG_Normais
C:\Users\eduar\Desktop\Soybe-main\data\com_fundo\RGB_JPG_Normais\grao_DSC_0377_id43.png,RGB_JPG_Normais,RGB_JPG_Normais
C:\Users\eduar\Desktop\Soybe-main\data\com_fundo\RGB_JPG_Normais\grao_DSC_0377_id44.png,RGB_JPG_Normais,RGB_JPG_Normais
C:\Users\eduar\Desktop\Soybe-main\data\com_fundo\RGB_JPG_Normais\grao_DSC_0377_id45.png,RGB_JPG_Normais,RGB_JPG_Normais
C:\Users\eduar\Desktop\Soybe-main\data\com_fundo\RGB_JPG_Normais\grao_DSC_0377_id46.png,RGB_JPG_Normais,RGB_JPG_Normais
C:\Users\eduar\Desktop\Soybe-main\data\com_fundo\RGB_JPG_Normais\grao_DSC_0377_id47.png,RGB_JPG_Normais,RGB_JPG_Normais
C:\Users\eduar\Desktop\Soybe-main\data\com_fundo\RGB_JPG_Normais\grao_DSC_0377_id48.png,RGB_JPG_Normais,RGB_JPG_QUEBRADOS
C:\Users\eduar\Desktop\Soybe-main\data\com_fundo\RGB_JPG_Normais\grao_DSC_0377_id49.png,RGB_JPG_Normais,RGB_JPG_Normais
C:\Users\eduar\Desktop\Soybe-main\data\com_fundo\RGB_JPG_Normais\grao_DSC_0377_id5.png,RGB_JPG_Normais,RGB_JPG_Normais
C:\Users\eduar\Desktop\Soybe-main\data\com_fundo\RGB_JPG_Normais\grao_DSC_0377_id50.png,RGB_JPG_Normais,RGB_JPG_Normais
C:\Users\eduar\Desktop\Soybe-main\data\com_fundo\RGB_JPG_Normais\grao_DSC_0377_id51.png,RGB_JPG_Normais,RGB_JPG_Normais
C:\Users\eduar\Desktop\Soybe-main\data\com_fundo\RGB_JPG_Normais\grao_DSC_0377_id52.png,RGB_JPG_Normais,RGB_JPG_Normais
C:\Users\eduar\Desktop\Soybe-main\data\com_fundo\RGB_JPG_Normais\grao_DSC_0377_id53.png,RGB_JPG_Normais,RGB_JPG_Normais
C:\Users\eduar\Desktop\Soybe-main\data\com_fundo\RGB_JPG_Normais\grao_DSC_0377_id54.png,RGB_JPG_Normais,RGB_JPG_Normais
C:\Users\eduar\Desktop\Soybe-main\data\com_fundo\RGB_JPG_Normais\grao_DSC_0377_id55.png,RGB_JPG_Normais,RGB_JPG_Normais
C:\Users\eduar\Desktop\Soybe-main\data\com_fundo\RGB_JPG_Normais\grao_DSC_0377_id56.png,RGB_JPG_Normais,RGB_JPG_Normais
C:\Users\eduar\Desktop\Soybe-main\data\com_fundo\RGB_JPG_Normais\grao_DSC_0377_id57.png,RGB_JPG_Normais,RGB_JPG_Normais
C:\Users\eduar\Desktop\Soybe-main\data\com_fundo\RGB_JPG_Normais\grao_DSC_0377_id58.png,RGB_JPG_Normais,RGB_JPG_Normais
C:\Users\eduar\Desktop\Soybe-main\data\com_fundo\RGB_JPG_Normais\grao_DSC_0377_id59.png,RGB_JPG_Normais,RGB_JPG_Normais
C:\Users\eduar\Desktop\Soybe-main\data\com_fundo\RGB_JPG_Normais\grao_DSC_0377_id6.png,RGB_JPG_Normais,RGB_JPG_Normais
C:\Users\eduar\Desktop\Soybe-main\data\com_fundo\RGB_JPG_Normais\grao_DSC_0377_id60.png,RGB_JPG_Normais,RGB_JPG_Normais
C:\Users\eduar\Desktop\Soybe-main\data\com_fundo\RGB_JPG_Normais\grao_DSC_0377_id61.png,RGB_JPG_Normais,RGB_JPG_Normais
C:\Users\eduar\Desktop\Soybe-main\data\com_fundo\RGB_JPG_Normais\grao_DSC_0377_id62.png,RGB_JPG_Normais,RGB_JPG_Normais
C:\Users\eduar\Desktop\Soybe-main\data\com_fundo\RGB_JPG_Normais\grao_DSC_0377_id63.png,RGB_JPG_Normais,RGB_JPG_Normais
C:\Users\eduar\Desktop\Soybe-main\data\com_fundo\RGB_JPG_Normais\grao_DSC_0377_id64.png,RGB_JPG_Normais,RGB_JPG_Normais
C:\Users\eduar\Desktop\Soybe-main\data\com_fundo\RGB_JPG_Normais\grao_DSC_0377_id65.png,RGB_JPG_Normais,RGB_JPG_Normais
C:\Users\eduar\Desktop\Soybe-main\data\com_fundo\RGB_JPG_Normais\grao_DSC_0377_id66.png,RGB_JPG_Normais,RGB_JPG_Normais
C:\Users\eduar\Desktop\Soybe-main\data\com_fundo\RGB_JPG_Normais\grao_DSC_0377_id67.png,RGB_JPG_Normais,RGB_JPG_Normais
C:\Users\eduar\Desktop\Soybe-main\data\com_fundo\RGB_JPG_Normais\grao_DSC_0377_id68.png,RGB_JPG_Normais,RGB_JPG_Normais
C:\Users\eduar\Desktop\Soybe-main\data\com_fundo\RGB_JPG_Normais\grao_DSC_0377_id69.png,RGB_JPG_Normais,RGB_JPG_Normais
C:\Users\eduar\Desktop\Soybe-main\data\com_fundo\RGB_JPG_Normais\grao_DSC_0377_id7.png,RGB_JPG_Normais,RGB_JPG_Normais
C:\Users\eduar\Desktop\Soybe-main\data\com_fundo\RGB_JPG_Normais\grao_DSC_0377_id70.png,RGB_JPG_Normais,RGB_JPG_Normais
C:\Users\eduar\Desktop\Soybe-main\data\com_fundo\RGB_JPG_Normais\grao_DSC_0377_id71.png,RGB_JPG_Normais,RGB_JPG_Normais
C:\Users\eduar\Desktop\Soybe-main\data\com_fundo\RGB_JPG_Normais\grao_DSC_0377_id72.png,RGB_JPG_Normais,RGB_JPG_Normais
C:\Users\eduar\Desktop\Soybe-main\data\com_fundo\RGB_JPG_Normais\grao_DSC_0377_id73.png,RGB_JPG_Normais,RGB_JPG_Normais
C:\Users\eduar\Desktop\Soybe-main\data\com_fundo\RGB_JPG_Normais\grao_DSC_0377_id74.png,RGB_JPG_Normais,RGB_JPG_Normais
C:\Users\eduar\Desktop\Soybe-main\data\com_fundo\RGB_JPG_Normais\grao_DSC_0377_id75.png,RGB_JPG_Normais,RGB_JPG_Normais
C:\Users\eduar\Desktop\Soybe-main\data\com_fundo\RGB_JPG_Normais\grao_DSC_0377_id76.png,RGB_JPG_Normais,RGB_JPG_Normais
C:\Users\eduar\Desktop\Soybe-main\data\com_fundo\RGB_JPG_Normais\grao_DSC_0377_id77.png,RGB_JPG_Normais,RGB_JPG_Normais
C:\Users\eduar\Desktop\Soybe-main\data\com_fundo\RGB_JPG_Normais\grao_DSC_0377_id78.png,RGB_JPG_Normais,RGB_JPG_Normais
C:\Users\eduar\Desktop\Soybe-main\data\com_fundo\RGB_JPG_Normais\grao_DSC_0377_id79.png,RGB_JPG_Normais,RGB_JPG_Normais
C:\Users\eduar\Desktop\Soybe-main\data\com_fundo\RGB_JPG_Normais\grao_DSC_0377_id8.png,RGB_JPG_Normais,RGB_JPG_Normais
C:\Users\eduar\Desktop\Soybe-main\data\com_fundo\RGB_JPG_Normais\grao_DSC_0377_id80.png,RGB_JPG_Normais,RGB_JPG_Normais
C:\Users\eduar\Desktop\Soybe-main\data\com_fundo\RGB_JPG_Normais\grao_DSC_0377_id81.png,RGB_JPG_Normais,RGB_JPG_Normais
C:\Users\eduar\Desktop\Soybe-main\data\com_fundo\RGB_JPG_Normais\grao_DSC_0377_id82.png,RGB_JPG_Normais,RGB_JPG_Normais
C:\Users\eduar\Desktop\Soybe-main\data\com_fundo\RGB_JPG_Normais\grao_DSC_0377_id83.png,RGB_JPG_Normais,RGB_JPG_Normais
C:\Users\eduar\Desktop\Soybe-main\data\com_fundo\RGB_JPG_Normais\grao_DSC_0377_id84.png,RGB_JPG_Normais,RGB_JPG_Normais
C:\Users\eduar\Desktop\Soybe-main\data\com_fundo\RGB_JPG_Normais\grao_DSC_0377_id85.png,RGB_JPG_Normais,RGB_JPG_Normais
C:\Users\eduar\Desktop\Soybe-main\data\com_fundo\RGB_JPG_Normais\grao_DSC_0377_id86.png,RGB_JPG_Normais,RGB_JPG_Normais
C:\Users\eduar\Desktop\Soybe-main\data\com_fundo\RGB_JPG_Normais\grao_DSC_0377_id87.png,RGB_JPG_Normais,RGB_JPG_Normais
C:\Users\eduar\Desktop\Soybe-main\data\com_fundo\RGB_JPG_Normais\grao_DSC_0377_id88.png,RGB_JPG_Normais,RGB_JPG_Normais
C:\Users\eduar\Desktop\Soybe-main\data\com_fundo\RGB_JPG_Normais\grao_DSC_0377_id89.png,RGB_JPG_Normais,RGB_JPG_Normais
C:\Users\eduar\Desktop\Soybe-main\data\com_fundo\RGB_JPG_Normais\grao_DSC_0377_id9.png,RGB_JPG_Normais,RGB_JPG_Normais
C:\Users\eduar\Desktop\Soybe-main\data\com_fundo\RGB_JPG_Normais\grao_DSC_0377_id90.png,RGB_JPG_Normais,RGB_JPG_Normais
C:\Users\eduar\Desktop\Soybe-main\data\com_fundo\RGB_JPG_Normais\grao_DSC_0377_id91.png,RGB_JPG_Normais,RGB_JPG_Normais
C:\Users\eduar\Desktop\Soybe-main\data\com_fundo\RGB_JPG_Normais\grao_DSC_0377_id92.png,RGB_JPG_Normais,RGB_JPG_Normais
C:\Users\eduar\Desktop\Soybe-main\data\com_fundo\RGB_JPG_Normais\grao_DSC_0377_id93.png,RGB_JPG_Normais,RGB_JPG_Normais
C:\Users\eduar\Desktop\Soybe-main\data\com_fundo\RGB_JPG_Normais\grao_DSC_0377_id94.png,RGB_JPG_Normais,RGB_JPG_Normais
C:\Users\eduar\Desktop\Soybe-main\data\com_fundo\RGB_JPG_Normais\grao_DSC_0377_id95.png,RGB_JPG_Normais,RGB_JPG_QUEBRADOS
C:\Users\eduar\Desktop\Soybe-main\data\com_fundo\RGB_JPG_Normais\grao_DSC_0377_id96.png,RGB_JPG_Normais,RGB_JPG_Normais
C:\Users\eduar\Desktop\Soybe-main\data\com_fundo\RGB_JPG_Normais\grao_DSC_0377_id97.png,RGB_JPG_Normais,RGB_JPG_Normais
C:\Users\eduar\Desktop\Soybe-main\data\com_fundo\RGB_JPG_Normais\grao_DSC_0377_id98.png,RGB_JPG_Normais,RGB_JPG_Normais
C:\Users\eduar\Desktop\Soybe-main\data\com_fundo\RGB_JPG_Normais\grao_DSC_0377_id99.png,RGB_JPG_Normais,RGB_JPG_Normais
C:\Users\eduar\Desktop\Soybe-main\data\com_fundo\RGB_JPG_Normais\grao_DSC_0379_id1.png,RGB_JPG_Normais,RGB_JPG_Normais
C:\Users\eduar\Desktop\Soybe-main\data\com_fundo\RGB_JPG_Normais\grao_DSC_0379_id10.png,RGB_JPG_Normais,RGB_JPG_Normais
C:\Users\eduar\Desktop\Soybe-main\data\com_fundo\RGB_JPG_Normais\grao_DSC_0379_id100.png,RGB_JPG_Normais,RGB_JPG_Normais
C:\Users\eduar\Desktop\Soybe-main\data\com_fundo\RGB_JPG_Normais\grao_DSC_0379_id101.png,RGB_JPG_Normais,RGB_JPG_Normais
C:\Users\eduar\Desktop\Soybe-main\data\com_fundo\RGB_JPG_Normais\grao_DSC_0379_id11.png,RGB_JPG_Normais,RGB_JPG_Normais
C:\Users\eduar\Desktop\Soybe-main\data\com_fundo\RGB_JPG_Normais\grao_DSC_0379_id12.png,RGB_JPG_Normais,RGB_JPG_Normais
C:\Users\eduar\Desktop\Soybe-main\data\com_fundo\RGB_JPG_Normais\grao_DSC_0379_id14.png,RGB_JPG_Normais,RGB_JPG_Normais
C:\Users\eduar\Desktop\Soybe-main\data\com_fundo\RGB_JPG_Normais\grao_DSC_0379_id15.png,RGB_JPG_Normais,RGB_JPG_Normais
C:\Users\eduar\Desktop\Soybe-main\data\com_fundo\RGB_JPG_Normais\grao_DSC_0379_id16.png,RGB_JPG_Normais,RGB_JPG_Normais
C:\Users\eduar\Desktop\Soybe-main\data\com_fundo\RGB_JPG_Normais\grao_DSC_0379_id17.png,RGB_JPG_Normais,RGB_JPG_Normais
C:\Users\eduar\Desktop\Soybe-main\data\com_fundo\RGB_JPG_Normais\grao_DSC_0379_id18.png,RGB_JPG_Normais,RGB_JPG_Normais
C:\Users\eduar\Desktop\Soybe-main\data\com_fundo\RGB_JPG_Normais\grao_DSC_0379_id19.png,RGB_JPG_Normais,RGB_JPG_Normais
C:\Users\eduar\Desktop\Soybe-main\data\com_fundo\RGB_JPG_Normais\grao_DSC_0379_id2.png,RGB_JPG_Normais,RGB_JPG_Normais
C:\Users\eduar\Desktop\Soybe-main\data\com_fundo\RGB_JPG_Normais\grao_DSC_0379_id20.png,RGB_JPG_Normais,RGB_JPG_Normais
C:\Users\eduar\Desktop\Soybe-main\data\com_fundo\RGB_JPG_Normais\grao_DSC_0379_id21.png,RGB_JPG_Normais,RGB_JPG_Normais
C:\Users\eduar\Desktop\Soybe-main\data\com_fundo\RGB_JPG_Normais\grao_DSC_0379_id22.png,RGB_JPG_Normais,RGB_JPG_Normais
C:\Users\eduar\Desktop\Soybe-main\data\com_fundo\RGB_JPG_Normais\grao_DSC_0379_id23.png,RGB_JPG_Normais,RGB_JPG_Normais
C:\Users\eduar\Desktop\Soybe-main\data\com_fundo\RGB_JPG_Normais\grao_DSC_0379_id24.png,RGB_JPG_Normais,RGB_JPG_Normais
C:\Users\eduar\Desktop\Soybe-main\data\com_fundo\RGB_JPG_Normais\grao_DSC_0379_id25.png,RGB_JPG_Normais,RGB_JPG_Normais
C:\Users\eduar\Desktop\Soybe-main\data\com_fundo\RGB_JPG_Normais\grao_DSC_0379_id26.png,RGB_JPG_Normais,RGB_JPG_Normais
C:\Users\eduar\Desktop\Soybe-main\data\com_fundo\RGB_JPG_Normais\grao_DSC_0379_id27.png,RGB_JPG_Normais,RGB_JPG_Normais
C:\Users\eduar\Desktop\Soybe-main\data\com_fundo\RGB_JPG_Normais\grao_DSC_0379_id28.png,RGB_JPG_Normais,RGB_JPG_Normais
C:\Users\eduar\Desktop\Soybe-main\data\com_fundo\RGB_JPG_Normais\grao_DSC_0379_id29.png,RGB_JPG_Normais,RGB_JPG_Normais
C:\Users\eduar\Desktop\Soybe-main\data\com_fundo\RGB_JPG_Normais\grao_DSC_0379_id3.png,RGB_JPG_Normais,RGB_JPG_Normais
C:\Users\eduar\Desktop\Soybe-main\data\com_fundo\RGB_JPG_Normais\grao_DSC_0379_id30.png,RGB_JPG_Normais,RGB_JPG_Normais
C:\Users\eduar\Desktop\Soybe-main\data\com_fundo\RGB_JPG_Normais\grao_DSC_0379_id31.png,RGB_JPG_Normais,RGB_JPG_Normais
C:\Users\eduar\Desktop\Soybe-main\data\com_fundo\RGB_JPG_Normais\grao_DSC_0379_id32.png,RGB_JPG_Normais,RGB_JPG_Normais
C:\Users\eduar\Desktop\Soybe-main\data\com_fundo\RGB_JPG_Normais\grao_DSC_0379_id33.png,RGB_JPG_Normais,RGB_JPG_Normais
C:\Users\eduar\Desktop\Soybe-main\data\com_fundo\RGB_JPG_Normais\grao_DSC_0379_id34.png,RGB_JPG_Normais,RGB_JPG_Normais
C:\Users\eduar\Desktop\Soybe-main\data\com_fundo\RGB_JPG_Normais\grao_DSC_0379_id35.png,RGB_JPG_Normais,RGB_JPG_Normais
C:\Users\eduar\Desktop\Soybe-main\data\com_fundo\RGB_JPG_Normais\grao_DSC_0379_id36.png,RGB_JPG_Normais,RGB_JPG_Normais
C:\Users\eduar\Desktop\Soybe-main\data\com_fundo\RGB_JPG_Normais\grao_DSC_0379_id37.png,RGB_JPG_Normais,RGB_JPG_Normais
C:\Users\eduar\Desktop\Soybe-main\data\com_fundo\RGB_JPG_Normais\grao_DSC_0379_id38.png,RGB_JPG_Normais,RGB_JPG_Normais
C:\Users\eduar\Desktop\Soybe-main\data\com_fundo\RGB_JPG_Normais\grao_DSC_0379_id39.png,RGB_JPG_Normais,RGB_JPG_Normais
C:\Users\eduar\Desktop\Soybe-main\data\com_fundo\RGB_JPG_Normais\grao_DSC_0379_id4.png,RGB_JPG_Normais,RGB_JPG_Normais
C:\Users\eduar\Desktop\Soybe-main\data\com_fundo\RGB_JPG_Normais\grao_DSC_0379_id40.png,RGB_JPG_Normais,RGB_JPG_Normais
C:\Users\eduar\Desktop\Soybe-main\data\com_fundo\RGB_JPG_Normais\grao_DSC_0379_id41.png,RGB_JPG_Normais,RGB_JPG_Normais
C:\Users\eduar\Desktop\Soybe-main\data\com_fundo\RGB_JPG_Normais\grao_DSC_0379_id42.png,RGB_JPG_Normais,RGB_JPG_Normais
C:\Users\eduar\Desktop\Soybe-main\data\com_fundo\RGB_JPG_Normais\grao_DSC_0379_id43.png,RGB_JPG_Normais,RGB_JPG_Normais
C:\Users\eduar\Desktop\Soybe-main\data\com_fundo\RGB_JPG_Normais\grao_DSC_0379_id44.png,RGB_JPG_Normais,RGB_JPG_Normais
C:\Users\eduar\Desktop\Soybe-main\data\com_fundo\RGB_JPG_Normais\grao_DSC_0379_id45.png,RGB_JPG_Normais,RGB_JPG_Normais
C:\Users\eduar\Desktop\Soybe-main\data\com_fundo\RGB_JPG_Normais\grao_DSC_0379_id46.png,RGB_JPG_Normais,RGB_JPG_Normais
C:\Users\eduar\Desktop\Soybe-main\data\com_fundo\RGB_JPG_Normais\grao_DSC_0379_id47.png,RGB_JPG_Normais,RGB_JPG_Normais
C:\Users\eduar\Desktop\Soybe-main\data\com_fundo\RGB_JPG_Normais\grao_DSC_0379_id48.png,RGB_JPG_Normais,RGB_JPG_Normais
C:\Users\eduar\Desktop\Soybe-main\data\com_fundo\RGB_JPG_Normais\grao_DSC_0379_id49.png,RGB_JPG_Normais,RGB_JPG_Normais
C:\Users\eduar\Desktop\Soybe-main\data\com_fundo\RGB_JPG_Normais\grao_DSC_0379_id5.png,RGB_JPG_Normais,RGB_JPG_Normais
C:\Users\eduar\Desktop\Soybe-main\data\com_fundo\RGB_JPG_Normais\grao_DSC_0379_id50.png,RGB_JPG_Normais,RGB_JPG_Normais
C:\Users\eduar\Desktop\Soybe-main\data\com_fundo\RGB_JPG_Normais\grao_DSC_0379_id51.png,RGB_JPG_Normais,RGB_JPG_Normais
C:\Users\eduar\Desktop\Soybe-main\data\com_fundo\RGB_JPG_Normais\grao_DSC_0379_id52.png,RGB_JPG_Normais,RGB_JPG_Normais
C:\Users\eduar\Desktop\Soybe-main\data\com_fundo\RGB_JPG_Normais\grao_DSC_0379_id53.png,RGB_JPG_Normais,RGB_JPG_Normais
C:\Users\eduar\Desktop\Soybe-main\data\com_fundo\RGB_JPG_Normais\grao_DSC_0379_id54.png,RGB_JPG_Normais,RGB_JPG_Normais
C:\Users\eduar\Desktop\Soybe-main\data\com_fundo\RGB_JPG_Normais\grao_DSC_0379_id55.png,RGB_JPG_Normais,RGB_JPG_Normais
C:\Users\eduar\Desktop\Soybe-main\data\com_fundo\RGB_JPG_Normais\grao_DSC_0379_id56.png,RGB_JPG_Normais,RGB_JPG_Normais
C:\Users\eduar\Desktop\Soybe-main\data\com_fundo\RGB_JPG_Normais\grao_DSC_0379_id57.png,RGB_JPG_Normais,RGB_JPG_Normais
C:\Users\eduar\Desktop\Soybe-main\data\com_fundo\RGB_JPG_Normais\grao_DSC_0379_id58.png,RGB_JPG_Normais,RGB_JPG_Normais
C:\Users\eduar\Desktop\Soybe-main\data\com_fundo\RGB_JPG_Normais\grao_DSC_0379_id59.png,RGB_JPG_Normais,RGB_JPG_Normais
C:\Users\eduar\Desktop\Soybe-main\data\com_fundo\RGB_JPG_Normais\grao_DSC_0379_id6.png,RGB_JPG_Normais,RGB_JPG_Normais
C:\Users\eduar\Desktop\Soybe-main\data\com_fundo\RGB_JPG_Normais\grao_DSC_0379_id60.png,RGB_JPG_Normais,RGB_JPG_Normais
C:\Users\eduar\Desktop\Soybe-main\data\com_fundo\RGB_JPG_Normais\grao_DSC_0379_id61.png,RGB_JPG_Normais,RGB_JPG_Normais
C:\Users\eduar\Desktop\Soybe-main\data\com_fundo\RGB_JPG_Normais\grao_DSC_0379_id62.png,RGB_JPG_Normais,RGB_JPG_Normais
C:\Users\eduar\Desktop\Soybe-main\data\com_fundo\RGB_JPG_Normais\grao_DSC_0379_id63.png,RGB_JPG_Normais,RGB_JPG_Normais
C:\Users\eduar\Desktop\Soybe-main\data\com_fundo\RGB_JPG_Normais\grao_DSC_0379_id64.png,RGB_JPG_Normais,RGB_JPG_Normais
C:\Users\eduar\Desktop\Soybe-main\data\com_fundo\RGB_JPG_Normais\grao_DSC_0379_id65.png,RGB_JPG_Normais,RGB_JPG_Normais
C:\Users\eduar\Desktop\Soybe-main\data\com_fundo\RGB_JPG_Normais\grao_DSC_0379_id66.png,RGB_JPG_Normais,RGB_JPG_Normais
C:\Users\eduar\Desktop\Soybe-main\data\com_fundo\RGB_JPG_Normais\grao_DSC_0379_id67.png,RGB_JPG_Normais,RGB_JPG_Normais
C:\Users\eduar\Desktop\Soybe-main\data\com_fundo\RGB_JPG_Normais\grao_DSC_0379_id68.png,RGB_JPG_Normais,RGB_JPG_Normais
C:\Users\eduar\Desktop\Soybe-main\data\com_fundo\RGB_JPG_Normais\grao_DSC_0379_id69.png,RGB_JPG_Normais,RGB_JPG_Normais
C:\Users\eduar\Desktop\Soybe-main\data\com_fundo\RGB_JPG_Normais\grao_DSC_0379_id7.png,RGB_JPG_Normais,RGB_JPG_Normais
C:\Users\eduar\Desktop\Soybe-main\data\com_fundo\RGB_JPG_Normais\grao_DSC_0379_id70.png,RGB_JPG_Normais,RGB_JPG_Normais
C:\Users\eduar\Desktop\Soybe-main\data\com_fundo\RGB_JPG_Normais\grao_DSC_0379_id71.png,RGB_JPG_Normais,RGB_JPG_Normais
C:\Users\eduar\Desktop\Soybe-main\data\com_fundo\RGB_JPG_Normais\grao_DSC_0379_id72.png,RGB_JPG_Normais,RGB_JPG_QUEBRADOS
C:\Users\eduar\Desktop\Soybe-main\data\com_fundo\RGB_JPG_Normais\grao_DSC_0379_id73.png,RGB_JPG_Normais,RGB_JPG_Normais
C:\Users\eduar\Desktop\Soybe-main\data\com_fundo\RGB_JPG_Normais\grao_DSC_0379_id74.png,RGB_JPG_Normais,RGB_JPG_Normais
C:\Users\eduar\Desktop\Soybe-main\data\com_fundo\RGB_JPG_Normais\grao_DSC_0379_id75.png,RGB_JPG_Normais,RGB_JPG_Normais
C:\Users\eduar\Desktop\Soybe-main\data\com_fundo\RGB_JPG_Normais\grao_DSC_0379_id76.png,RGB_JPG_Normais,RGB_JPG_Normais
C:\Users\eduar\Desktop\Soybe-main\data\com_fundo\RGB_JPG_Normais\grao_DSC_0379_id77.png,RGB_JPG_Normais,RGB_JPG_Normais
C:\Users\eduar\Desktop\Soybe-main\data\com_fundo\RGB_JPG_Normais\grao_DSC_0379_id78.png,RGB_JPG_Normais,RGB_JPG_Normais
C:\Users\eduar\Desktop\Soybe-main\data\com_fundo\RGB_JPG_Normais\grao_DSC_0379_id79.png,RGB_JPG_Normais,RGB_JPG_Normais
C:\Users\eduar\Desktop\Soybe-main\data\com_fundo\RGB_JPG_Normais\grao_DSC_0379_id8.png,RGB_JPG_Normais,RGB_JPG_Normais
C:\Users\eduar\Desktop\Soybe-main\data\com_fundo\RGB_JPG_Normais\grao_DSC_0379_id80.png,RGB_JPG_Normais,RGB_JPG_Normais
C:\Users\eduar\Desktop\Soybe-main\data\com_fundo\RGB_JPG_Normais\grao_DSC_0379_id81.png,RGB_JPG_Normais,RGB_JPG_Normais
C:\Users\eduar\Desktop\Soybe-main\data\com_fundo\RGB_JPG_Normais\grao_DSC_0379_id82.png,RGB_JPG_Normais,RGB_JPG_Normais
C:\Users\eduar\Desktop\Soybe-main\data\com_fundo\RGB_JPG_Normais\grao_DSC_0379_id83.png,RGB_JPG_Normais,RGB_JPG_Normais
C:\Users\eduar\Desktop\Soybe-main\data\com_fundo\RGB_JPG_Normais\grao_DSC_0379_id84.png,RGB_JPG_Normais,RGB_JPG_Normais
C:\Users\eduar\Desktop\Soybe-main\data\com_fundo\RGB_JPG_Normais\grao_DSC_0379_id85.png,RGB_JPG_Normais,RGB_JPG_Normais
C:\Users\eduar\Desktop\Soybe-main\data\com_fundo\RGB_JPG_Normais\grao_DSC_0379_id86.png,RGB_JPG_Normais,RGB_JPG_Normais
C:\Users\eduar\Desktop\Soybe-main\data\com_fundo\RGB_JPG_Normais\grao_DSC_0379_id87.png,RGB_JPG_Normais,RGB_JPG_Normais
C:\Users\eduar\Desktop\Soybe-main\data\com_fundo\RGB_JPG_Normais\grao_DSC_0379_id88.png,RGB_JPG_Normais,RGB_JPG_QUEBRADOS
C:\Users\eduar\Desktop\Soybe-main\data\com_fundo\RGB_JPG_Normais\grao_DSC_0379_id89.png,RGB_JPG_Normais,RGB_JPG_Normais
C:\Users\eduar\Desktop\Soybe-main\data\com_fundo\RGB_JPG_Normais\grao_DSC_0379_id9.png,RGB_JPG_Normais,RGB_JPG_Normais
C:\Users\eduar\Desktop\Soybe-main\data\com_fundo\RGB_JPG_Normais\grao_DSC_0379_id90.png,RGB_JPG_Normais,RGB_JPG_Normais
C:\Users\eduar\Desktop\Soybe-main\data\com_fundo\RGB_JPG_Normais\grao_DSC_0379_id91.png,RGB_JPG_Normais,RGB_JPG_Normais
C:\Users\eduar\Desktop\Soybe-main\data\com_fundo\RGB_JPG_Normais\grao_DSC_0379_id92.png,RGB_JPG_Normais,RGB_JPG_Normais
C:\Users\eduar\Desktop\Soybe-main\data\com_fundo\RGB_JPG_Normais\grao_DSC_0379_id93.png,RGB_JPG_Normais,RGB_JPG_Normais
C:\Users\eduar\Desktop\Soybe-main\data\com_fundo\RGB_JPG_Normais\grao_DSC_0379_id94.png,RGB_JPG_Normais,RGB_JPG_Normais
C:\Users\eduar\Desktop\Soybe-main\data\com_fundo\RGB_JPG_Normais\grao_DSC_0379_id95.png,RGB_JPG_Normais,RGB_JPG_Normais
C:\Users\eduar\Desktop\Soybe-main\data\com_fundo\RGB_JPG_Normais\grao_DSC_0379_id96.png,RGB_JPG_Normais,RGB_JPG_Normais
C:\Users\eduar\Desktop\Soybe-main\data\com_fundo\RGB_JPG_Normais\grao_DSC_0379_id97.png,RGB_JPG_Normais,RGB_JPG_Normais
C:\Users\eduar\Desktop\Soybe-main\data\com_fundo\RGB_JPG_Normais\grao_DSC_0379_id98.png,RGB_JPG_Normais,RGB_JPG_Normais
C:\Users\eduar\Desktop\Soybe-main\data\com_fundo\RGB_JPG_Normais\grao_DSC_0379_id99.png,RGB_JPG_Normais,RGB_JPG_Normais
C:\Users\eduar\Desktop\Soybe-main\data\com_fundo\RGB_JPG_Normais\grao_DSC_0386_id1.png,RGB_JPG_Normais,RGB_JPG_Normais
C:\Users\eduar\Desktop\Soybe-main\data\com_fundo\RGB_JPG_Normais\grao_DSC_0386_id100.png,RGB_JPG_Normais,RGB_JPG_Normais
C:\Users\eduar\Desktop\Soybe-main\data\com_fundo\RGB_JPG_Normais\grao_DSC_0386_id101.png,RGB_JPG_Normais,RGB_JPG_Normais
C:\Users\eduar\Desktop\Soybe-main\data\com_fundo\RGB_JPG_Normais\grao_DSC_0386_id102.png,RGB_JPG_Normais,RGB_JPG_Normais
C:\Users\eduar\Desktop\Soybe-main\data\com_fundo\RGB_JPG_Normais\grao_DSC_0386_id103.png,RGB_JPG_Normais,RGB_JPG_Normais
C:\Users\eduar\Desktop\Soybe-main\data\com_fundo\RGB_JPG_Normais\grao_DSC_0386_id104.png,RGB_JPG_Normais,RGB_JPG_Normais
C:\Users\eduar\Desktop\Soybe-main\data\com_fundo\RGB_JPG_Normais\grao_DSC_0386_id105.png,RGB_JPG_Normais,RGB_JPG_Normais
C:\Users\eduar\Desktop\Soybe-main\data\com_fundo\RGB_JPG_Normais\grao_DSC_0386_id106.png,RGB_JPG_Normais,RGB_JPG_Normais
C:\Users\eduar\Desktop\Soybe-main\data\com_fundo\RGB_JPG_Normais\grao_DSC_0386_id107.png,RGB_JPG_Normais,RGB_JPG_Normais
C:\Users\eduar\Desktop\Soybe-main\data\com_fundo\RGB_JPG_Normais\grao_DSC_0386_id108.png,RGB_JPG_Normais,RGB_JPG_Normais
C:\Users\eduar\Desktop\Soybe-main\data\com_fundo\RGB_JPG_Normais\grao_DSC_0386_id109.png,RGB_JPG_Normais,RGB_JPG_ESVERDEADO
C:\Users\eduar\Desktop\Soybe-main\data\com_fundo\RGB_JPG_Normais\grao_DSC_0386_id11.png,RGB_JPG_Normais,RGB_JPG_Normais
C:\Users\eduar\Desktop\Soybe-main\data\com_fundo\RGB_JPG_Normais\grao_DSC_0386_id110.png,RGB_JPG_Normais,RGB_JPG_Normais
C:\Users\eduar\Desktop\Soybe-main\data\com_fundo\RGB_JPG_Normais\grao_DSC_0386_id111.png,RGB_JPG_Normais,RGB_JPG_Normais
C:\Users\eduar\Desktop\Soybe-main\data\com_fundo\RGB_JPG_Normais\grao_DSC_0386_id112.png,RGB_JPG_Normais,RGB_JPG_Normais
C:\Users\eduar\Desktop\Soybe-main\data\com_fundo\RGB_JPG_Normais\grao_DSC_0386_id12.png,RGB_JPG_Normais,RGB_JPG_Normais
C:\Users\eduar\Desktop\Soybe-main\data\com_fundo\RGB_JPG_Normais\grao_DSC_0386_id13.png,RGB_JPG_Normais,RGB_JPG_Normais
C:\Users\eduar\Desktop\Soybe-main\data\com_fundo\RGB_JPG_Normais\grao_DSC_0386_id14.png,RGB_JPG_Normais,RGB_JPG_Normais
C:\Users\eduar\Desktop\Soybe-main\data\com_fundo\RGB_JPG_Normais\grao_DSC_0386_id15.png,RGB_JPG_Normais,RGB_JPG_Normais
C:\Users\eduar\Desktop\Soybe-main\data\com_fundo\RGB_JPG_Normais\grao_DSC_0386_id16.png,RGB_JPG_Normais,RGB_JPG_Normais
C:\Users\eduar\Desktop\Soybe-main\data\com_fundo\RGB_JPG_Normais\grao_DSC_0386_id17.png,RGB_JPG_Normais,RGB_JPG_Normais
C:\Users\eduar\Desktop\Soybe-main\data\com_fundo\RGB_JPG_Normais\grao_DSC_0386_id2.png,RGB_JPG_Normais,RGB_JPG_Normais
C:\Users\eduar\Desktop\Soybe-main\data\com_fundo\RGB_JPG_Normais\grao_DSC_0386_id20.png,RGB_JPG_Normais,RGB_JPG_Normais
C:\Users\eduar\Desktop\Soybe-main\data\com_fundo\RGB_JPG_Normais\grao_DSC_0386_id22.png,RGB_JPG_Normais,RGB_JPG_Normais
C:\Users\eduar\Desktop\Soybe-main\data\com_fundo\RGB_JPG_Normais\grao_DSC_0386_id23.png,RGB_JPG_Normais,RGB_JPG_Normais
C:\Users\eduar\Desktop\Soybe-main\data\com_fundo\RGB_JPG_Normais\grao_DSC_0386_id24.png,RGB_JPG_Normais,RGB_JPG_Normais
C:\Users\eduar\Desktop\Soybe-main\data\com_fundo\RGB_JPG_Normais\grao_DSC_0386_id25.png,RGB_JPG_Normais,RGB_JPG_Normais
C:\Users\eduar\Desktop\Soybe-main\data\com_fundo\RGB_JPG_Normais\grao_DSC_0386_id26.png,RGB_JPG_Normais,RGB_JPG_Normais
C:\Users\eduar\Desktop\Soybe-main\data\com_fundo\RGB_JPG_Normais\grao_DSC_0386_id27.png,RGB_JPG_Normais,RGB_JPG_Normais
C:\Users\eduar\Desktop\Soybe-main\data\com_fundo\RGB_JPG_Normais\grao_DSC_0386_id28.png,RGB_JPG_Normais,RGB_JPG_Normais
C:\Users\eduar\Desktop\Soybe-main\data\com_fundo\RGB_JPG_Normais\grao_DSC_0386_id29.png,RGB_JPG_Normais,RGB_JPG_Normais
C:\Users\eduar\Desktop\Soybe-main\data\com_fundo\RGB_JPG_Normais\grao_DSC_0386_id3.png,RGB_JPG_Normais,RGB_JPG_QUEBRADOS
C:\Users\eduar\Desktop\Soybe-main\data\com_fundo\RGB_JPG_Normais\grao_DSC_0386_id30.png,RGB_JPG_Normais,RGB_JPG_Normais
C:\Users\eduar\Desktop\Soybe-main\data\com_fundo\RGB_JPG_Normais\grao_DSC_0386_id31.png,RGB_JPG_Normais,RGB_JPG_Normais
C:\Users\eduar\Desktop\Soybe-main\data\com_fundo\RGB_JPG_Normais\grao_DSC_0386_id32.png,RGB_JPG_Normais,RGB_JPG_Normais
C:\Users\eduar\Desktop\Soybe-main\data\com_fundo\RGB_JPG_Normais\grao_DSC_0386_id33.png,RGB_JPG_Normais,RGB_JPG_Normais
C:\Users\eduar\Desktop\Soybe-main\data\com_fundo\RGB_JPG_Normais\grao_DSC_0386_id34.png,RGB_JPG_Normais,RGB_JPG_Normais
C:\Users\eduar\Desktop\Soybe-main\data\com_fundo\RGB_JPG_Normais\grao_DSC_0386_id35.png,RGB_JPG_Normais,RGB_JPG_Normais
C:\Users\eduar\Desktop\Soybe-main\data\com_fundo\RGB_JPG_Normais\grao_DSC_0386_id36.png,RGB_JPG_Normais,RGB_JPG_Normais
C:\Users\eduar\Desktop\Soybe-main\data\com_fundo\RGB_JPG_Normais\grao_DSC_0386_id37.png,RGB_JPG_Normais,RGB_JPG_Normais
C:\Users\eduar\Desktop\Soybe-main\data\com_fundo\RGB_JPG_Normais\grao_DSC_0386_id38.png,RGB_JPG_Normais,RGB_JPG_Normais
C:\Users\eduar\Desktop\Soybe-main\data\com_fundo\RGB_JPG_Normais\grao_DSC_0386_id39.png,RGB_JPG_Normais,RGB_JPG_Normais
C:\Users\eduar\Desktop\Soybe-main\data\com_fundo\RGB_JPG_Normais\grao_DSC_0386_id4.png,RGB_JPG_Normais,RGB_JPG_Normais
C:\Users\eduar\Desktop\Soybe-main\data\com_fundo\RGB_JPG_Normais\grao_DSC_0386_id40.png,RGB_JPG_Normais,RGB_JPG_Normais
C:\Users\eduar\Desktop\Soybe-main\data\com_fundo\RGB_JPG_Normais\grao_DSC_0386_id41.png,RGB_JPG_Normais,RGB_JPG_Normais
C:\Users\eduar\Desktop\Soybe-main\data\com_fundo\RGB_JPG_Normais\grao_DSC_0386_id42.png,RGB_JPG_Normais,RGB_JPG_Normais
C:\Users\eduar\Desktop\Soybe-main\data\com_fundo\RGB_JPG_Normais\grao_DSC_0386_id43.png,RGB_JPG_Normais,RGB_JPG_Normais
C:\Users\eduar\Desktop\Soybe-main\data\com_fundo\RGB_JPG_Normais\grao_DSC_0386_id44.png,RGB_JPG_Normais,RGB_JPG_Normais
C:\Users\eduar\Desktop\Soybe-main\data\com_fundo\RGB_JPG_Normais\grao_DSC_0386_id45.png,RGB_JPG_Normais,RGB_JPG_Normais
C:\Users\eduar\Desktop\Soybe-main\data\com_fundo\RGB_JPG_Normais\grao_DSC_0386_id46.png,RGB_JPG_Normais,RGB_JPG_Normais
C:\Users\eduar\Desktop\Soybe-main\data\com_fundo\RGB_JPG_Normais\grao_DSC_0386_id47.png,RGB_JPG_Normais,RGB_JPG_Normais
C:\Users\eduar\Desktop\Soybe-main\data\com_fundo\RGB_JPG_Normais\grao_DSC_0386_id48.png,RGB_JPG_Normais,RGB_JPG_Normais
C:\Users\eduar\Desktop\Soybe-main\data\com_fundo\RGB_JPG_Normais\grao_DSC_0386_id49.png,RGB_JPG_Normais,RGB_JPG_Normais
C:\Users\eduar\Desktop\Soybe-main\data\com_fundo\RGB_JPG_Normais\grao_DSC_0386_id5.png,RGB_JPG_Normais,RGB_JPG_Normais
C:\Users\eduar\Desktop\Soybe-main\data\com_fundo\RGB_JPG_Normais\grao_DSC_0386_id50.png,RGB_JPG_Normais,RGB_JPG_Normais
C:\Users\eduar\Desktop\Soybe-main\data\com_fundo\RGB_JPG_Normais\grao_DSC_0386_id51.png,RGB_JPG_Normais,RGB_JPG_Normais
C:\Users\eduar\Desktop\Soybe-main\data\com_fundo\RGB_JPG_Normais\grao_DSC_0386_id52.png,RGB_JPG_Normais,RGB_JPG_Normais
C:\Users\eduar\Desktop\Soybe-main\data\com_fundo\RGB_JPG_Normais\grao_DSC_0386_id53.png,RGB_JPG_Normais,RGB_JPG_Normais
C:\Users\eduar\Desktop\Soybe-main\data\com_fundo\RGB_JPG_Normais\grao_DSC_0386_id54.png,RGB_JPG_Normais,RGB_JPG_Normais
C:\Users\eduar\Desktop\Soybe-main\data\com_fundo\RGB_JPG_Normais\grao_DSC_0386_id55.png,RGB_JPG_Normais,RGB_JPG_Normais
C:\Users\eduar\Desktop\Soybe-main\data\com_fundo\RGB_JPG_Normais\grao_DSC_0386_id56.png,RGB_JPG_Normais,RGB_JPG_Normais
C:\Users\eduar\Desktop\Soybe-main\data\com_fundo\RGB_JPG_Normais\grao_DSC_0386_id57.png,RGB_JPG_Normais,RGB_JPG_Normais
C:\Users\eduar\Desktop\Soybe-main\data\com_fundo\RGB_JPG_Normais\grao_DSC_0386_id58.png,RGB_JPG_Normais,RGB_JPG_Normais
C:\Users\eduar\Desktop\Soybe-main\data\com_fundo\RGB_JPG_Normais\grao_DSC_0386_id59.png,RGB_JPG_Normais,RGB_JPG_Normais
C:\Users\eduar\Desktop\Soybe-main\data\com_fundo\RGB_JPG_Normais\grao_DSC_0386_id6.png,RGB_JPG_Normais,RGB_JPG_Normais
C:\Users\eduar\Desktop\Soybe-main\data\com_fundo\RGB_JPG_Normais\grao_DSC_0386_id60.png,RGB_JPG_Normais,RGB_JPG_Normais
C:\Users\eduar\Desktop\Soybe-main\data\com_fundo\RGB_JPG_Normais\grao_DSC_0386_id61.png,RGB_JPG_Normais,RGB_JPG_Normais
C:\Users\eduar\Desktop\Soybe-main\data\com_fundo\RGB_JPG_Normais\grao_DSC_0386_id62.png,RGB_JPG_Normais,RGB_JPG_Normais
C:\Users\eduar\Desktop\Soybe-main\data\com_fundo\RGB_JPG_Normais\grao_DSC_0386_id63.png,RGB_JPG_Normais,RGB_JPG_QUEBRADOS
C:\Users\eduar\Desktop\Soybe-main\data\com_fundo\RGB_JPG_Normais\grao_DSC_0386_id64.png,RGB_JPG_Normais,RGB_JPG_Normais
C:\Users\eduar\Desktop\Soybe-main\data\com_fundo\RGB_JPG_Normais\grao_DSC_0386_id65.png,RGB_JPG_Normais,RGB_JPG_QUEBRADOS
C:\Users\eduar\Desktop\Soybe-main\data\com_fundo\RGB_JPG_Normais\grao_DSC_0386_id66.png,RGB_JPG_Normais,RGB_JPG_Normais
C:\Users\eduar\Desktop\Soybe-main\data\com_fundo\RGB_JPG_Normais\grao_DSC_0386_id67.png,RGB_JPG_Normais,RGB_JPG_Normais
C:\Users\eduar\Desktop\Soybe-main\data\com_fundo\RGB_JPG_Normais\grao_DSC_0386_id68.png,RGB_JPG_Normais,RGB_JPG_Normais
C:\Users\eduar\Desktop\Soybe-main\data\com_fundo\RGB_JPG_Normais\grao_DSC_0386_id69.png,RGB_JPG_Normais,RGB_JPG_Normais
C:\Users\eduar\Desktop\Soybe-main\data\com_fundo\RGB_JPG_Normais\grao_DSC_0386_id7.png,RGB_JPG_Normais,RGB_JPG_QUEBRADOS
C:\Users\eduar\Desktop\Soybe-main\data\com_fundo\RGB_JPG_Normais\grao_DSC_0386_id70.png,RGB_JPG_Normais,RGB_JPG_Normais
C:\Users\eduar\Desktop\Soybe-main\data\com_fundo\RGB_JPG_Normais\grao_DSC_0386_id71.png,RGB_JPG_Normais,RGB_JPG_Normais
C:\Users\eduar\Desktop\Soybe-main\data\com_fundo\RGB_JPG_Normais\grao_DSC_0386_id72.png,RGB_JPG_Normais,RGB_JPG_Normais
C:\Users\eduar\Desktop\Soybe-main\data\com_fundo\RGB_JPG_Normais\grao_DSC_0386_id73.png,RGB_JPG_Normais,RGB_JPG_Normais
C:\Users\eduar\Desktop\Soybe-main\data\com_fundo\RGB_JPG_Normais\grao_DSC_0386_id74.png,RGB_JPG_Normais,RGB_JPG_Normais
C:\Users\eduar\Desktop\Soybe-main\data\com_fundo\RGB_JPG_Normais\grao_DSC_0386_id75.png,RGB_JPG_Normais,RGB_JPG_Normais
C:\Users\eduar\Desktop\Soybe-main\data\com_fundo\RGB_JPG_Normais\grao_DSC_0386_id76.png,RGB_JPG_Normais,RGB_JPG_Normais
C:\Users\eduar\Desktop\Soybe-main\data\com_fundo\RGB_JPG_Normais\grao_DSC_0386_id77.png,RGB_JPG_Normais,RGB_JPG_Normais
C:\Users\eduar\Desktop\Soybe-main\data\com_fundo\RGB_JPG_Normais\grao_DSC_0386_id78.png,RGB_JPG_Normais,RGB_JPG_Normais
C:\Users\eduar\Desktop\Soybe-main\data\com_fundo\RGB_JPG_Normais\grao_DSC_0386_id79.png,RGB_JPG_Normais,RGB_JPG_Normais
C:\Users\eduar\Desktop\Soybe-main\data\com_fundo\RGB_JPG_Normais\grao_DSC_0386_id8.png,RGB_JPG_Normais,RGB_JPG_Normais
C:\Users\eduar\Desktop\Soybe-main\data\com_fundo\RGB_JPG_Normais\grao_DSC_0386_id80.png,RGB_JPG_Normais,RGB_JPG_Normais
C:\Users\eduar\Desktop\Soybe-main\data\com_fundo\RGB_JPG_Normais\grao_DSC_0386_id81.png,RGB_JPG_Normais,RGB_JPG_Normais
C:\Users\eduar\Desktop\Soybe-main\data\com_fundo\RGB_JPG_Normais\grao_DSC_0386_id82.png,RGB_JPG_Normais,RGB_JPG_Normais
C:\Users\eduar\Desktop\Soybe-main\data\com_fundo\RGB_JPG_Normais\grao_DSC_0386_id83.png,RGB_JPG_Normais,RGB_JPG_Normais
C:\Users\eduar\Desktop\Soybe-main\data\com_fundo\RGB_JPG_Normais\grao_DSC_0386_id84.png,RGB_JPG_Normais,RGB_JPG_Normais
C:\Users\eduar\Desktop\Soybe-main\data\com_fundo\RGB_JPG_Normais\grao_DSC_0386_id85.png,RGB_JPG_Normais,RGB_JPG_Normais
C:\Users\eduar\Desktop\Soybe-main\data\com_fundo\RGB_JPG_Normais\grao_DSC_0386_id86.png,RGB_JPG_Normais,RGB_JPG_Normais
C:\Users\eduar\Desktop\Soybe-main\data\com_fundo\RGB_JPG_Normais\grao_DSC_0386_id87.png,RGB_JPG_Normais,RGB_JPG_Normais
C:\Users\eduar\Desktop\Soybe-main\data\com_fundo\RGB_JPG_Normais\grao_DSC_0386_id88.png,RGB_JPG_Normais,RGB_JPG_Normais
C:\Users\eduar\Desktop\Soybe-main\data\com_fundo\RGB_JPG_Normais\grao_DSC_0386_id89.png,RGB_JPG_Normais,RGB_JPG_CHOCHOS
C:\Users\eduar\Desktop\Soybe-main\data\com_fundo\RGB_JPG_Normais\grao_DSC_0386_id9.png,RGB_JPG_Normais,RGB_JPG_QUEBRADOS
C:\Users\eduar\Desktop\Soybe-main\data\com_fundo\RGB_JPG_Normais\grao_DSC_0386_id90.png,RGB_JPG_Normais,RGB_JPG_Normais
C:\Users\eduar\Desktop\Soybe-main\data\com_fundo\RGB_JPG_Normais\grao_DSC_0386_id91.png,RGB_JPG_Normais,RGB_JPG_Normais
C:\Users\eduar\Desktop\Soybe-main\data\com_fundo\RGB_JPG_Normais\grao_DSC_0386_id92.png,RGB_JPG_Normais,RGB_JPG_Normais
C:\Users\eduar\Desktop\Soybe-main\data\com_fundo\RGB_JPG_Normais\grao_DSC_0386_id93.png,RGB_JPG_Normais,RGB_JPG_Normais
C:\Users\eduar\Desktop\Soybe-main\data\com_fundo\RGB_JPG_Normais\grao_DSC_0386_id94.png,RGB_JPG_Normais,RGB_JPG_Normais
C:\Users\eduar\Desktop\Soybe-main\data\com_fundo\RGB_JPG_Normais\grao_DSC_0386_id95.png,RGB_JPG_Normais,RGB_JPG_Normais
C:\Users\eduar\Desktop\Soybe-main\data\com_fundo\RGB_JPG_Normais\grao_DSC_0386_id96.png,RGB_JPG_Normais,RGB_JPG_Normais
C:\Users\eduar\Desktop\Soybe-main\data\com_fundo\RGB_JPG_Normais\grao_DSC_0386_id97.png,RGB_JPG_Normais,RGB_JPG_Normais
C:\Users\eduar\Desktop\Soybe-main\data\com_fundo\RGB_JPG_Normais\grao_DSC_0386_id98.png,RGB_JPG_Normais,RGB_JPG_Normais
C:\Users\eduar\Desktop\Soybe-main\data\com_fundo\RGB_JPG_Normais\grao_DSC_0386_id99.png,RGB_JPG_Normais,RGB_JPG_Normais
C:\Users\eduar\Desktop\Soybe-main\data\com_fundo\RGB_JPG_Normais\grao_DSC_0390_id1.png,RGB_JPG_Normais,RGB_JPG_QUEBRADOS
C:\Users\eduar\Desktop\Soybe-main\data\com_fundo\RGB_JPG_Normais\grao_DSC_0390_id10.png,RGB_JPG_Normais,RGB_JPG_QUEBRADOS
C:\Users\eduar\Desktop\Soybe-main\data\com_fundo\RGB_JPG_Normais\grao_DSC_0390_id100.png,RGB_JPG_Normais,RGB_JPG_Normais
C:\Users\eduar\Desktop\Soybe-main\data\com_fundo\RGB_JPG_Normais\grao_DSC_0390_id101.png,RGB_JPG_Normais,RGB_JPG_Normais
C:\Users\eduar\Desktop\Soybe-main\data\com_fundo\RGB_JPG_Normais\grao_DSC_0390_id102.png,RGB_JPG_Normais,RGB_JPG_Normais
C:\Users\eduar\Desktop\Soybe-main\data\com_fundo\RGB_JPG_Normais\grao_DSC_0390_id103.png,RGB_JPG_Normais,RGB_JPG_Normais
C:\Users\eduar\Desktop\Soybe-main\data\com_fundo\RGB_JPG_Normais\grao_DSC_0390_id104.png,RGB_JPG_Normais,RGB_JPG_Normais
C:\Users\eduar\Desktop\Soybe-main\data\com_fundo\RGB_JPG_Normais\grao_DSC_0390_id105.png,RGB_JPG_Normais,RGB_JPG_Normais
C:\Users\eduar\Desktop\Soybe-main\data\com_fundo\RGB_JPG_Normais\grao_DSC_0390_id106.png,RGB_JPG_Normais,RGB_JPG_Normais
C:\Users\eduar\Desktop\Soybe-main\data\com_fundo\RGB_JPG_Normais\grao_DSC_0390_id107.png,RGB_JPG_Normais,RGB_JPG_QUEBRADOS
C:\Users\eduar\Desktop\Soybe-main\data\com_fundo\RGB_JPG_Normais\grao_DSC_0390_id108.png,RGB_JPG_Normais,RGB_JPG_Normais
C:\Users\eduar\Desktop\Soybe-main\data\com_fundo\RGB_JPG_Normais\grao_DSC_0390_id109.png,RGB_JPG_Normais,RGB_JPG_QUEBRADOS
C:\Users\eduar\Desktop\Soybe-main\data\com_fundo\RGB_JPG_Normais\grao_DSC_0390_id11.png,RGB_JPG_Normais,RGB_JPG_Normais
C:\Users\eduar\Desktop\Soybe-main\data\com_fundo\RGB_JPG_Normais\grao_DSC_0390_id110.png,RGB_JPG_Normais,RGB_JPG_Normais
C:\Users\eduar\Desktop\Soybe-main\data\com_fundo\RGB_JPG_Normais\grao_DSC_0390_id111.png,RGB_JPG_Normais,RGB_JPG_Normais
C:\Users\eduar\Desktop\Soybe-main\data\com_fundo\RGB_JPG_Normais\grao_DSC_0390_id112.png,RGB_JPG_Normais,RGB_JPG_QUEBRADOS
C:\Users\eduar\Desktop\Soybe-main\data\com_fundo\RGB_JPG_Normais\grao_DSC_0390_id113.png,RGB_JPG_Normais,RGB_JPG_Normais
C:\Users\eduar\Desktop\Soybe-main\data\com_fundo\RGB_JPG_Normais\grao_DSC_0390_id114.png,RGB_JPG_Normais,RGB_JPG_Normais
C:\Users\eduar\Desktop\Soybe-main\data\com_fundo\RGB_JPG_Normais\grao_DSC_0390_id115.png,RGB_JPG_Normais,RGB_JPG_Normais
C:\Users\eduar\Desktop\Soybe-main\data\com_fundo\RGB_JPG_Normais\grao_DSC_0390_id12.png,RGB_JPG_Normais,RGB_JPG_Normais
C:\Users\eduar\Desktop\Soybe-main\data\com_fundo\RGB_JPG_Normais\grao_DSC_0390_id13.png,RGB_JPG_Normais,RGB_JPG_Normais
C:\Users\eduar\Desktop\Soybe-main\data\com_fundo\RGB_JPG_Normais\grao_DSC_0390_id14.png,RGB_JPG_Normais,RGB_JPG_Normais
C:\Users\eduar\Desktop\Soybe-main\data\com_fundo\RGB_JPG_Normais\grao_DSC_0390_id15.png,RGB_JPG_Normais,RGB_JPG_Normais
C:\Users\eduar\Desktop\Soybe-main\data\com_fundo\RGB_JPG_Normais\grao_DSC_0390_id16.png,RGB_JPG_Normais,RGB_JPG_Normais
C:\Users\eduar\Desktop\Soybe-main\data\com_fundo\RGB_JPG_Normais\grao_DSC_0390_id17.png,RGB_JPG_Normais,RGB_JPG_Normais
C:\Users\eduar\Desktop\Soybe-main\data\com_fundo\RGB_JPG_Normais\grao_DSC_0390_id18.png,RGB_JPG_Normais,RGB_JPG_Normais
C:\Users\eduar\Desktop\Soybe-main\data\com_fundo\RGB_JPG_Normais\grao_DSC_0390_id19.png,RGB_JPG_Normais,RGB_JPG_Normais
C:\Users\eduar\Desktop\Soybe-main\data\com_fundo\RGB_JPG_Normais\grao_DSC_0390_id2.png,RGB_JPG_Normais,RGB_JPG_Normais
C:\Users\eduar\Desktop\Soybe-main\data\com_fundo\RGB_JPG_Normais\grao_DSC_0390_id20.png,RGB_JPG_Normais,RGB_JPG_Normais
C:\Users\eduar\Desktop\Soybe-main\data\com_fundo\RGB_JPG_Normais\grao_DSC_0390_id21.png,RGB_JPG_Normais,RGB_JPG_Normais
C:\Users\eduar\Desktop\Soybe-main\data\com_fundo\RGB_JPG_Normais\grao_DSC_0390_id22.png,RGB_JPG_Normais,RGB_JPG_Normais
C:\Users\eduar\Desktop\Soybe-main\data\com_fundo\RGB_JPG_Normais\grao_DSC_0390_id23.png,RGB_JPG_Normais,RGB_JPG_Normais
C:\Users\eduar\Desktop\Soybe-main\data\com_fundo\RGB_JPG_Normais\grao_DSC_0390_id24.png,RGB_JPG_Normais,RGB_JPG_Normais
C:\Users\eduar\Desktop\Soybe-main\data\com_fundo\RGB_JPG_Normais\grao_DSC_0390_id25.png,RGB_JPG_Normais,RGB_JPG_Normais
C:\Users\eduar\Desktop\Soybe-main\data\com_fundo\RGB_JPG_Normais\grao_DSC_0390_id26.png,RGB_JPG_Normais,RGB_JPG_Normais
C:\Users\eduar\Desktop\Soybe-main\data\com_fundo\RGB_JPG_Normais\grao_DSC_0390_id27.png,RGB_JPG_Normais,RGB_JPG_Normais
C:\Users\eduar\Desktop\Soybe-main\data\com_fundo\RGB_JPG_Normais\grao_DSC_0390_id28.png,RGB_JPG_Normais,RGB_JPG_Normais
C:\Users\eduar\Desktop\Soybe-main\data\com_fundo\RGB_JPG_Normais\grao_DSC_0390_id29.png,RGB_JPG_Normais,RGB_JPG_Normais
C:\Users\eduar\Desktop\Soybe-main\data\com_fundo\RGB_JPG_Normais\grao_DSC_0390_id3.png,RGB_JPG_Normais,RGB_JPG_Normais
C:\Users\eduar\Desktop\Soybe-main\data\com_fundo\RGB_JPG_Normais\grao_DSC_0390_id30.png,RGB_JPG_Normais,RGB_JPG_Normais
C:\Users\eduar\Desktop\Soybe-main\data\com_fundo\RGB_JPG_Normais\grao_DSC_0390_id31.png,RGB_JPG_Normais,RGB_JPG_Normais
C:\Users\eduar\Desktop\Soybe-main\data\com_fundo\RGB_JPG_Normais\grao_DSC_0390_id32.png,RGB_JPG_Normais,RGB_JPG_Normais
C:\Users\eduar\Desktop\Soybe-main\data\com_fundo\RGB_JPG_Normais\grao_DSC_0390_id33.png,RGB_JPG_Normais,RGB_JPG_Normais
C:\Users\eduar\Desktop\Soybe-main\data\com_fundo\RGB_JPG_Normais\grao_DSC_0390_id34.png,RGB_JPG_Normais,RGB_JPG_Normais
C:\Users\eduar\Desktop\Soybe-main\data\com_fundo\RGB_JPG_Normais\grao_DSC_0390_id35.png,RGB_JPG_Normais,RGB_JPG_Normais
C:\Users\eduar\Desktop\Soybe-main\data\com_fundo\RGB_JPG_Normais\grao_DSC_0390_id36.png,RGB_JPG_Normais,RGB_JPG_Normais
C:\Users\eduar\Desktop\Soybe-main\data\com_fundo\RGB_JPG_Normais\grao_DSC_0390_id37.png,RGB_JPG_Normais,RGB_JPG_Normais
C:\Users\eduar\Desktop\Soybe-main\data\com_fundo\RGB_JPG_Normais\grao_DSC_0390_id38.png,RGB_JPG_Normais,RGB_JPG_Normais
C:\Users\eduar\Desktop\Soybe-main\data\com_fundo\RGB_JPG_Normais\grao_DSC_0390_id39.png,RGB_JPG_Normais,RGB_JPG_Normais
C:\Users\eduar\Desktop\Soybe-main\data\com_fundo\RGB_JPG_Normais\grao_DSC_0390_id4.png,RGB_JPG_Normais,RGB_JPG_Normais
C:\Users\eduar\Desktop\Soybe-main\data\com_fundo\RGB_JPG_Normais\grao_DSC_0390_id40.png,RGB_JPG_Normais,RGB_JPG_Normais
C:\Users\eduar\Desktop\Soybe-main\data\com_fundo\RGB_JPG_Normais\grao_DSC_0390_id41.png,RGB_JPG_Normais,RGB_JPG_Normais
C:\Users\eduar\Desktop\Soybe-main\data\com_fundo\RGB_JPG_Normais\grao_DSC_0390_id42.png,RGB_JPG_Normais,RGB_JPG_Normais
C:\Users\eduar\Desktop\Soybe-main\data\com_fundo\RGB_JPG_Normais\grao_DSC_0390_id43.png,RGB_JPG_Normais,RGB_JPG_Normais
C:\Users\eduar\Desktop\Soybe-main\data\com_fundo\RGB_JPG_Normais\grao_DSC_0390_id44.png,RGB_JPG_Normais,RGB_JPG_Normais
C:\Users\eduar\Desktop\Soybe-main\data\com_fundo\RGB_JPG_Normais\grao_DSC_0390_id45.png,RGB_JPG_Normais,RGB_JPG_Normais
C:\Users\eduar\Desktop\Soybe-main\data\com_fundo\RGB_JPG_Normais\grao_DSC_0390_id46.png,RGB_JPG_Normais,RGB_JPG_Normais
C:\Users\eduar\Desktop\Soybe-main\data\com_fundo\RGB_JPG_Normais\grao_DSC_0390_id47.png,RGB_JPG_Normais,RGB_JPG_Normais
C:\Users\eduar\Desktop\Soybe-main\data\com_fundo\RGB_JPG_Normais\grao_DSC_0390_id48.png,RGB_JPG_Normais,RGB_JPG_Normais
C:\Users\eduar\Desktop\Soybe-main\data\com_fundo\RGB_JPG_Normais\grao_DSC_0390_id49.png,RGB_JPG_Normais,RGB_JPG_Normais
C:\Users\eduar\Desktop\Soybe-main\data\com_fundo\RGB_JPG_Normais\grao_DSC_0390_id5.png,RGB_JPG_Normais,RGB_JPG_Normais
C:\Users\eduar\Desktop\Soybe-main\data\com_fundo\RGB_JPG_Normais\grao_DSC_0390_id50.png,RGB_JPG_Normais,RGB_JPG_Normais
C:\Users\eduar\Desktop\Soybe-main\data\com_fundo\RGB_JPG_Normais\grao_DSC_0390_id51.png,RGB_JPG_Normais,RGB_JPG_Normais
C:\Users\eduar\Desktop\Soybe-main\data\com_fundo\RGB_JPG_Normais\grao_DSC_0390_id52.png,RGB_JPG_Normais,RGB_JPG_Normais
C:\Users\eduar\Desktop\Soybe-main\data\com_fundo\RGB_JPG_Normais\grao_DSC_0390_id53.png,RGB_JPG_Normais,RGB_JPG_Normais
C:\Users\eduar\Desktop\Soybe-main\data\com_fundo\RGB_JPG_Normais\grao_DSC_0390_id54.png,RGB_JPG_Normais,RGB_JPG_Normais
C:\Users\eduar\Desktop\Soybe-main\data\com_fundo\RGB_JPG_Normais\grao_DSC_0390_id55.png,RGB_JPG_Normais,RGB_JPG_Normais
C:\Users\eduar\Desktop\Soybe-main\data\com_fundo\RGB_JPG_Normais\grao_DSC_0390_id56.png,RGB_JPG_Normais,RGB_JPG_Normais
C:\Users\eduar\Desktop\Soybe-main\data\com_fundo\RGB_JPG_Normais\grao_DSC_0390_id57.png,RGB_JPG_Normais,RGB_JPG_Normais
C:\Users\eduar\Desktop\Soybe-main\data\com_fundo\RGB_JPG_Normais\grao_DSC_0390_id58.png,RGB_JPG_Normais,RGB_JPG_Normais
C:\Users\eduar\Desktop\Soybe-main\data\com_fundo\RGB_JPG_Normais\grao_DSC_0390_id59.png,RGB_JPG_Normais,RGB_JPG_QUEBRADOS
C:\Users\eduar\Desktop\Soybe-main\data\com_fundo\RGB_JPG_Normais\grao_DSC_0390_id6.png,RGB_JPG_Normais,RGB_JPG_Normais
C:\Users\eduar\Desktop\Soybe-main\data\com_fundo\RGB_JPG_Normais\grao_DSC_0390_id60.png,RGB_JPG_Normais,RGB_JPG_Normais
C:\Users\eduar\Desktop\Soybe-main\data\com_fundo\RGB_JPG_Normais\grao_DSC_0390_id61.png,RGB_JPG_Normais,RGB_JPG_Normais
C:\Users\eduar\Desktop\Soybe-main\data\com_fundo\RGB_JPG_Normais\grao_DSC_0390_id62.png,RGB_JPG_Normais,RGB_JPG_Normais
C:\Users\eduar\Desktop\Soybe-main\data\com_fundo\RGB_JPG_Normais\grao_DSC_0390_id63.png,RGB_JPG_Normais,RGB_JPG_Normais
C:\Users\eduar\Desktop\Soybe-main\data\com_fundo\RGB_JPG_Normais\grao_DSC_0390_id64.png,RGB_JPG_Normais,RGB_JPG_Normais
C:\Users\eduar\Desktop\Soybe-main\data\com_fundo\RGB_JPG_Normais\grao_DSC_0390_id65.png,RGB_JPG_Normais,RGB_JPG_Normais
C:\Users\eduar\Desktop\Soybe-main\data\com_fundo\RGB_JPG_Normais\grao_DSC_0390_id66.png,RGB_JPG_Normais,RGB_JPG_Normais
C:\Users\eduar\Desktop\Soybe-main\data\com_fundo\RGB_JPG_Normais\grao_DSC_0390_id67.png,RGB_JPG_Normais,RGB_JPG_Normais
C:\Users\eduar\Desktop\Soybe-main\data\com_fundo\RGB_JPG_Normais\grao_DSC_0390_id68.png,RGB_JPG_Normais,RGB_JPG_QUEBRADOS
C:\Users\eduar\Desktop\Soybe-main\data\com_fundo\RGB_JPG_Normais\grao_DSC_0390_id69.png,RGB_JPG_Normais,RGB_JPG_Normais
C:\Users\eduar\Desktop\Soybe-main\data\com_fundo\RGB_JPG_Normais\grao_DSC_0390_id7.png,RGB_JPG_Normais,RGB_JPG_Normais
C:\Users\eduar\Desktop\Soybe-main\data\com_fundo\RGB_JPG_Normais\grao_DSC_0390_id70.png,RGB_JPG_Normais,RGB_JPG_Normais
C:\Users\eduar\Desktop\Soybe-main\data\com_fundo\RGB_JPG_Normais\grao_DSC_0390_id71.png,RGB_JPG_Normais,RGB_JPG_Normais
C:\Users\eduar\Desktop\Soybe-main\data\com_fundo\RGB_JPG_Normais\grao_DSC_0390_id72.png,RGB_JPG_Normais,RGB_JPG_Normais
C:\Users\eduar\Desktop\Soybe-main\data\com_fundo\RGB_JPG_Normais\grao_DSC_0390_id73.png,RGB_JPG_Normais,RGB_JPG_Normais
C:\Users\eduar\Desktop\Soybe-main\data\com_fundo\RGB_JPG_Normais\grao_DSC_0390_id74.png,RGB_JPG_Normais,RGB_JPG_Normais
C:\Users\eduar\Desktop\Soybe-main\data\com_fundo\RGB_JPG_Normais\grao_DSC_0390_id75.png,RGB_JPG_Normais,RGB_JPG_Normais
C:\Users\eduar\Desktop\Soybe-main\data\com_fundo\RGB_JPG_Normais\grao_DSC_0390_id76.png,RGB_JPG_Normais,RGB_JPG_Normais
C:\Users\eduar\Desktop\Soybe-main\data\com_fundo\RGB_JPG_Normais\grao_DSC_0390_id77.png,RGB_JPG_Normais,RGB_JPG_Normais
C:\Users\eduar\Desktop\Soybe-main\data\com_fundo\RGB_JPG_Normais\grao_DSC_0390_id78.png,RGB_JPG_Normais,RGB_JPG_Normais
C:\Users\eduar\Desktop\Soybe-main\data\com_fundo\RGB_JPG_Normais\grao_DSC_0390_id79.png,RGB_JPG_Normais,RGB_JPG_Normais
C:\Users\eduar\Desktop\Soybe-main\data\com_fundo\RGB_JPG_Normais\grao_DSC_0390_id8.png,RGB_JPG_Normais,RGB_JPG_Normais
C:\Users\eduar\Desktop\Soybe-main\data\com_fundo\RGB_JPG_Normais\grao_DSC_0390_id80.png,RGB_JPG_Normais,RGB_JPG_Normais
C:\Users\eduar\Desktop\Soybe-main\data\com_fundo\RGB_JPG_Normais\grao_DSC_0390_id81.png,RGB_JPG_Normais,RGB_JPG_Normais
C:\Users\eduar\Desktop\Soybe-main\data\com_fundo\RGB_JPG_Normais\grao_DSC_0390_id82.png,RGB_JPG_Normais,RGB_JPG_Normais
C:\Users\eduar\Desktop\Soybe-main\data\com_fundo\RGB_JPG_Normais\grao_DSC_0390_id83.png,RGB_JPG_Normais,RGB_JPG_Normais
C:\Users\eduar\Desktop\Soybe-main\data\com_fundo\RGB_JPG_Normais\grao_DSC_0390_id84.png,RGB_JPG_Normais,RGB_JPG_Normais
C:\Users\eduar\Desktop\Soybe-main\data\com_fundo\RGB_JPG_Normais\grao_DSC_0390_id85.png,RGB_JPG_Normais,RGB_JPG_Normais
C:\Users\eduar\Desktop\Soybe-main\data\com_fundo\RGB_JPG_Normais\grao_DSC_0390_id86.png,RGB_JPG_Normais,RGB_JPG_Normais
C:\Users\eduar\Desktop\Soybe-main\data\com_fundo\RGB_JPG_Normais\grao_DSC_0390_id87.png,RGB_JPG_Normais,RGB_JPG_Normais
C:\Users\eduar\Desktop\Soybe-main\data\com_fundo\RGB_JPG_Normais\grao_DSC_0390_id88.png,RGB_JPG_Normais,RGB_JPG_Normais
C:\Users\eduar\Desktop\Soybe-main\data\com_fundo\RGB_JPG_Normais\grao_DSC_0390_id89.png,RGB_JPG_Normais,RGB_JPG_Normais
C:\Users\eduar\Desktop\Soybe-main\data\com_fundo\RGB_JPG_Normais\grao_DSC_0390_id9.png,RGB_JPG_Normais,RGB_JPG_Normais
C:\Users\eduar\Desktop\Soybe-main\data\com_fundo\RGB_JPG_Normais\grao_DSC_0390_id90.png,RGB_JPG_Normais,RGB_JPG_Normais
C:\Users\eduar\Desktop\Soybe-main\data\com_fundo\RGB_JPG_Normais\grao_DSC_0390_id91.png,RGB_JPG_Normais,RGB_JPG_Normais
C:\Users\eduar\Desktop\Soybe-main\data\com_fundo\RGB_JPG_Normais\grao_DSC_0390_id92.png,RGB_JPG_Normais,RGB_JPG_Normais
C:\Users\eduar\Desktop\Soybe-main\data\com_fundo\RGB_JPG_Normais\grao_DSC_0390_id93.png,RGB_JPG_Normais,RGB_JPG_Normais
C:\Users\eduar\Desktop\Soybe-main\data\com_fundo\RGB_JPG_Normais\grao_DSC_0390_id94.png,RGB_JPG_Normais,RGB_JPG_Normais
C:\Users\eduar\Desktop\Soybe-main\data\com_fundo\RGB_JPG_Normais\grao_DSC_0390_id95.png,RGB_JPG_Normais,RGB_JPG_Normais
C:\Users\eduar\Desktop\Soybe-main\data\com_fundo\RGB_JPG_Normais\grao_DSC_0390_id96.png,RGB_JPG_Normais,RGB_JPG_Normais
C:\Users\eduar\Desktop\Soybe-main\data\com_fundo\RGB_JPG_Normais\grao_DSC_0390_id97.png,RGB_JPG_Normais,RGB_JPG_Normais
C:\Users\eduar\Desktop\Soybe-main\data\com_fundo\RGB_JPG_Normais\grao_DSC_0390_id98.png,RGB_JPG_Normais,RGB_JPG_Normais
C:\Users\eduar\Desktop\Soybe-main\data\com_fundo\RGB_JPG_Normais\grao_DSC_0390_id99.png,RGB_JPG_Normais,RGB_JPG_Normais
C:\Users\eduar\Desktop\Soybe-main\data\com_fundo\RGB_JPG_Normais\grao_DSC_0473_id1.png,RGB_JPG_Normais,RGB_JPG_Normais
C:\Users\eduar\Desktop\Soybe-main\data\com_fundo\RGB_JPG_Normais\grao_DSC_0473_id10.png,RGB_JPG_Normais,RGB_JPG_QUEBRADOS
C:\Users\eduar\Desktop\Soybe-main\data\com_fundo\RGB_JPG_Normais\grao_DSC_0473_id100.png,RGB_JPG_Normais,RGB_JPG_Normais
C:\Users\eduar\Desktop\Soybe-main\data\com_fundo\RGB_JPG_Normais\grao_DSC_0473_id101.png,RGB_JPG_Normais,RGB_JPG_Normais
C:\Users\eduar\Desktop\Soybe-main\data\com_fundo\RGB_JPG_Normais\grao_DSC_0473_id102.png,RGB_JPG_Normais,RGB_JPG_Normais
C:\Users\eduar\Desktop\Soybe-main\data\com_fundo\RGB_JPG_Normais\grao_DSC_0473_id11.png,RGB_JPG_Normais,RGB_JPG_Normais
C:\Users\eduar\Desktop\Soybe-main\data\com_fundo\RGB_JPG_Normais\grao_DSC_0473_id12.png,RGB_JPG_Normais,RGB_JPG_Normais
C:\Users\eduar\Desktop\Soybe-main\data\com_fundo\RGB_JPG_Normais\grao_DSC_0473_id13.png,RGB_JPG_Normais,RGB_JPG_Normais
C:\Users\eduar\Desktop\Soybe-main\data\com_fundo\RGB_JPG_Normais\grao_DSC_0473_id14.png,RGB_JPG_Normais,RGB_JPG_QUEBRADOS
C:\Users\eduar\Desktop\Soybe-main\data\com_fundo\RGB_JPG_Normais\grao_DSC_0473_id15.png,RGB_JPG_Normais,RGB_JPG_Normais
C:\Users\eduar\Desktop\Soybe-main\data\com_fundo\RGB_JPG_Normais\grao_DSC_0473_id16.png,RGB_JPG_Normais,RGB_JPG_Normais
C:\Users\eduar\Desktop\Soybe-main\data\com_fundo\RGB_JPG_Normais\grao_DSC_0473_id18.png,RGB_JPG_Normais,RGB_JPG_Normais
C:\Users\eduar\Desktop\Soybe-main\data\com_fundo\RGB_JPG_Normais\grao_DSC_0473_id19.png,RGB_JPG_Normais,RGB_JPG_Normais
C:\Users\eduar\Desktop\Soybe-main\data\com_fundo\RGB_JPG_Normais\grao_DSC_0473_id2.png,RGB_JPG_Normais,RGB_JPG_Normais
C:\Users\eduar\Desktop\Soybe-main\data\com_fundo\RGB_JPG_Normais\grao_DSC_0473_id20.png,RGB_JPG_Normais,RGB_JPG_Normais
C:\Users\eduar\Desktop\Soybe-main\data\com_fundo\RGB_JPG_Normais\grao_DSC_0473_id21.png,RGB_JPG_Normais,RGB_JPG_Normais
C:\Users\eduar\Desktop\Soybe-main\data\com_fundo\RGB_JPG_Normais\grao_DSC_0473_id22.png,RGB_JPG_Normais,RGB_JPG_Normais
C:\Users\eduar\Desktop\Soybe-main\data\com_fundo\RGB_JPG_Normais\grao_DSC_0473_id23.png,RGB_JPG_Normais,RGB_JPG_Normais
C:\Users\eduar\Desktop\Soybe-main\data\com_fundo\RGB_JPG_Normais\grao_DSC_0473_id24.png,RGB_JPG_Normais,RGB_JPG_Normais
C:\Users\eduar\Desktop\Soybe-main\data\com_fundo\RGB_JPG_Normais\grao_DSC_0473_id25.png,RGB_JPG_Normais,RGB_JPG_Normais
C:\Users\eduar\Desktop\Soybe-main\data\com_fundo\RGB_JPG_Normais\grao_DSC_0473_id26.png,RGB_JPG_Normais,RGB_JPG_Normais
C:\Users\eduar\Desktop\Soybe-main\data\com_fundo\RGB_JPG_Normais\grao_DSC_0473_id27.png,RGB_JPG_Normais,RGB_JPG_QUEBRADOS
C:\Users\eduar\Desktop\Soybe-main\data\com_fundo\RGB_JPG_Normais\grao_DSC_0473_id28.png,RGB_JPG_Normais,RGB_JPG_Normais
C:\Users\eduar\Desktop\Soybe-main\data\com_fundo\RGB_JPG_Normais\grao_DSC_0473_id29.png,RGB_JPG_Normais,RGB_JPG_Normais
C:\Users\eduar\Desktop\Soybe-main\data\com_fundo\RGB_JPG_Normais\grao_DSC_0473_id3.png,RGB_JPG_Normais,RGB_JPG_Normais
C:\Users\eduar\Desktop\Soybe-main\data\com_fundo\RGB_JPG_Normais\grao_DSC_0473_id30.png,RGB_JPG_Normais,RGB_JPG_Normais
C:\Users\eduar\Desktop\Soybe-main\data\com_fundo\RGB_JPG_Normais\grao_DSC_0473_id31.png,RGB_JPG_Normais,RGB_JPG_Normais
C:\Users\eduar\Desktop\Soybe-main\data\com_fundo\RGB_JPG_Normais\grao_DSC_0473_id32.png,RGB_JPG_Normais,RGB_JPG_Normais
C:\Users\eduar\Desktop\Soybe-main\data\com_fundo\RGB_JPG_Normais\grao_DSC_0473_id33.png,RGB_JPG_Normais,RGB_JPG_Normais
C:\Users\eduar\Desktop\Soybe-main\data\com_fundo\RGB_JPG_Normais\grao_DSC_0473_id34.png,RGB_JPG_Normais,RGB_JPG_Normais
C:\Users\eduar\Desktop\Soybe-main\data\com_fundo\RGB_JPG_Normais\grao_DSC_0473_id35.png,RGB_JPG_Normais,RGB_JPG_Normais
C:\Users\eduar\Desktop\Soybe-main\data\com_fundo\RGB_JPG_Normais\grao_DSC_0473_id36.png,RGB_JPG_Normais,RGB_JPG_Normais
C:\Users\eduar\Desktop\Soybe-main\data\com_fundo\RGB_JPG_Normais\grao_DSC_0473_id37.png,RGB_JPG_Normais,RGB_JPG_Normais
C:\Users\eduar\Desktop\Soybe-main\data\com_fundo\RGB_JPG_Normais\grao_DSC_0473_id38.png,RGB_JPG_Normais,RGB_JPG_Normais
C:\Users\eduar\Desktop\Soybe-main\data\com_fundo\RGB_JPG_Normais\grao_DSC_0473_id39.png,RGB_JPG_Normais,RGB_JPG_Normais
C:\Users\eduar\Desktop\Soybe-main\data\com_fundo\RGB_JPG_Normais\grao_DSC_0473_id4.png,RGB_JPG_Normais,RGB_JPG_Normais
C:\Users\eduar\Desktop\Soybe-main\data\com_fundo\RGB_JPG_Normais\grao_DSC_0473_id40.png,RGB_JPG_Normais,RGB_JPG_Normais
C:\Users\eduar\Desktop\Soybe-main\data\com_fundo\RGB_JPG_Normais\grao_DSC_0473_id41.png,RGB_JPG_Normais,RGB_JPG_Normais
C:\Users\eduar\Desktop\Soybe-main\data\com_fundo\RGB_JPG_Normais\grao_DSC_0473_id42.png,RGB_JPG_Normais,RGB_JPG_Normais
C:\Users\eduar\Desktop\Soybe-main\data\com_fundo\RGB_JPG_Normais\grao_DSC_0473_id43.png,RGB_JPG_Normais,RGB_JPG_Normais
C:\Users\eduar\Desktop\Soybe-main\data\com_fundo\RGB_JPG_Normais\grao_DSC_0473_id44.png,RGB_JPG_Normais,RGB_JPG_Normais
C:\Users\eduar\Desktop\Soybe-main\data\com_fundo\RGB_JPG_Normais\grao_DSC_0473_id45.png,RGB_JPG_Normais,RGB_JPG_Normais
C:\Users\eduar\Desktop\Soybe-main\data\com_fundo\RGB_JPG_Normais\grao_DSC_0473_id46.png,RGB_JPG_Normais,RGB_JPG_Normais
C:\Users\eduar\Desktop\Soybe-main\data\com_fundo\RGB_JPG_Normais\grao_DSC_0473_id47.png,RGB_JPG_Normais,RGB_JPG_Normais
C:\Users\eduar\Desktop\Soybe-main\data\com_fundo\RGB_JPG_Normais\grao_DSC_0473_id48.png,RGB_JPG_Normais,RGB_JPG_Normais
C:\Users\eduar\Desktop\Soybe-main\data\com_fundo\RGB_JPG_Normais\grao_DSC_0473_id49.png,RGB_JPG_Normais,RGB_JPG_Normais
C:\Users\eduar\Desktop\Soybe-main\data\com_fundo\RGB_JPG_Normais\grao_DSC_0473_id5.png,RGB_JPG_Normais,RGB_JPG_Normais
C:\Users\eduar\Desktop\Soybe-main\data\com_fundo\RGB_JPG_Normais\grao_DSC_0473_id50.png,RGB_JPG_Normais,RGB_JPG_Normais
C:\Users\eduar\Desktop\Soybe-main\data\com_fundo\RGB_JPG_Normais\grao_DSC_0473_id51.png,RGB_JPG_Normais,RGB_JPG_Normais
C:\Users\eduar\Desktop\Soybe-main\data\com_fundo\RGB_JPG_Normais\grao_DSC_0473_id52.png,RGB_JPG_Normais,RGB_JPG_Normais
C:\Users\eduar\Desktop\Soybe-main\data\com_fundo\RGB_JPG_Normais\grao_DSC_0473_id53.png,RGB_JPG_Normais,RGB_JPG_Normais
C:\Users\eduar\Desktop\Soybe-main\data\com_fundo\RGB_JPG_Normais\grao_DSC_0473_id54.png,RGB_JPG_Normais,RGB_JPG_Normais
C:\Users\eduar\Desktop\Soybe-main\data\com_fundo\RGB_JPG_Normais\grao_DSC_0473_id55.png,RGB_JPG_Normais,RGB_JPG_Normais
C:\Users\eduar\Desktop\Soybe-main\data\com_fundo\RGB_JPG_Normais\grao_DSC_0473_id56.png,RGB_JPG_Normais,RGB_JPG_Normais
C:\Users\eduar\Desktop\Soybe-main\data\com_fundo\RGB_JPG_Normais\grao_DSC_0473_id57.png,RGB_JPG_Normais,RGB_JPG_Normais
C:\Users\eduar\Desktop\Soybe-main\data\com_fundo\RGB_JPG_Normais\grao_DSC_0473_id58.png,RGB_JPG_Normais,RGB_JPG_Normais
C:\Users\eduar\Desktop\Soybe-main\data\com_fundo\RGB_JPG_Normais\grao_DSC_0473_id59.png,RGB_JPG_Normais,RGB_JPG_Normais
C:\Users\eduar\Desktop\Soybe-main\data\com_fundo\RGB_JPG_Normais\grao_DSC_0473_id6.png,RGB_JPG_Normais,RGB_JPG_Normais
C:\Users\eduar\Desktop\Soybe-main\data\com_fundo\RGB_JPG_Normais\grao_DSC_0473_id60.png,RGB_JPG_Normais,RGB_JPG_Normais
C:\Users\eduar\Desktop\Soybe-main\data\com_fundo\RGB_JPG_Normais\grao_DSC_0473_id61.png,RGB_JPG_Normais,RGB_JPG_Normais
C:\Users\eduar\Desktop\Soybe-main\data\com_fundo\RGB_JPG_Normais\grao_DSC_0473_id62.png,RGB_JPG_Normais,RGB_JPG_Normais
C:\Users\eduar\Desktop\Soybe-main\data\com_fundo\RGB_JPG_Normais\grao_DSC_0473_id63.png,RGB_JPG_Normais,RGB_JPG_Normais
C:\Users\eduar\Desktop\Soybe-main\data\com_fundo\RGB_JPG_Normais\grao_DSC_0473_id64.png,RGB_JPG_Normais,RGB_JPG_Normais
C:\Users\eduar\Desktop\Soybe-main\data\com_fundo\RGB_JPG_Normais\grao_DSC_0473_id65.png,RGB_JPG_Normais,RGB_JPG_Normais
C:\Users\eduar\Desktop\Soybe-main\data\com_fundo\RGB_JPG_Normais\grao_DSC_0473_id66.png,RGB_JPG_Normais,RGB_JPG_Normais
C:\Users\eduar\Desktop\Soybe-main\data\com_fundo\RGB_JPG_Normais\grao_DSC_0473_id67.png,RGB_JPG_Normais,RGB_JPG_Normais
C:\Users\eduar\Desktop\Soybe-main\data\com_fundo\RGB_JPG_Normais\grao_DSC_0473_id68.png,RGB_JPG_Normais,RGB_JPG_Normais
C:\Users\eduar\Desktop\Soybe-main\data\com_fundo\RGB_JPG_Normais\grao_DSC_0473_id69.png,RGB_JPG_Normais,RGB_JPG_Normais
C:\Users\eduar\Desktop\Soybe-main\data\com_fundo\RGB_JPG_Normais\grao_DSC_0473_id7.png,RGB_JPG_Normais,RGB_JPG_Normais
C:\Users\eduar\Desktop\Soybe-main\data\com_fundo\RGB_JPG_Normais\grao_DSC_0473_id70.png,RGB_JPG_Normais,RGB_JPG_Normais
C:\Users\eduar\Desktop\Soybe-main\data\com_fundo\RGB_JPG_Normais\grao_DSC_0473_id71.png,RGB_JPG_Normais,RGB_JPG_Normais
C:\Users\eduar\Desktop\Soybe-main\data\com_fundo\RGB_JPG_Normais\grao_DSC_0473_id72.png,RGB_JPG_Normais,RGB_JPG_Normais
C:\Users\eduar\Desktop\Soybe-main\data\com_fundo\RGB_JPG_Normais\grao_DSC_0473_id73.png,RGB_JPG_Normais,RGB_JPG_Normais
C:\Users\eduar\Desktop\Soybe-main\data\com_fundo\RGB_JPG_Normais\grao_DSC_0473_id74.png,RGB_JPG_Normais,RGB_JPG_Normais
C:\Users\eduar\Desktop\Soybe-main\data\com_fundo\RGB_JPG_Normais\grao_DSC_0473_id75.png,RGB_JPG_Normais,RGB_JPG_Normais
C:\Users\eduar\Desktop\Soybe-main\data\com_fundo\RGB_JPG_Normais\grao_DSC_0473_id76.png,RGB_JPG_Normais,RGB_JPG_Normais
C:\Users\eduar\Desktop\Soybe-main\data\com_fundo\RGB_JPG_Normais\grao_DSC_0473_id77.png,RGB_JPG_Normais,RGB_JPG_Normais
C:\Users\eduar\Desktop\Soybe-main\data\com_fundo\RGB_JPG_Normais\grao_DSC_0473_id78.png,RGB_JPG_Normais,RGB_JPG_Normais
C:\Users\eduar\Desktop\Soybe-main\data\com_fundo\RGB_JPG_Normais\grao_DSC_0473_id79.png,RGB_JPG_Normais,RGB_JPG_Normais
C:\Users\eduar\Desktop\Soybe-main\data\com_fundo\RGB_JPG_Normais\grao_DSC_0473_id8.png,RGB_JPG_Normais,RGB_JPG_Normais
C:\Users\eduar\Desktop\Soybe-main\data\com_fundo\RGB_JPG_Normais\grao_DSC_0473_id80.png,RGB_JPG_Normais,RGB_JPG_Normais
C:\Users\eduar\Desktop\Soybe-main\data\com_fundo\RGB_JPG_Normais\grao_DSC_0473_id81.png,RGB_JPG_Normais,RGB_JPG_Normais
C:\Users\eduar\Desktop\Soybe-main\data\com_fundo\RGB_JPG_Normais\grao_DSC_0473_id82.png,RGB_JPG_Normais,RGB_JPG_Normais
C:\Users\eduar\Desktop\Soybe-main\data\com_fundo\RGB_JPG_Normais\grao_DSC_0473_id83.png,RGB_JPG_Normais,RGB_JPG_Normais
C:\Users\eduar\Desktop\Soybe-main\data\com_fundo\RGB_JPG_Normais\grao_DSC_0473_id84.png,RGB_JPG_Normais,RGB_JPG_Normais
C:\Users\eduar\Desktop\Soybe-main\data\com_fundo\RGB_JPG_Normais\grao_DSC_0473_id85.png,RGB_JPG_Normais,RGB_JPG_Normais
C:\Users\eduar\Desktop\Soybe-main\data\com_fundo\RGB_JPG_Normais\grao_DSC_0473_id86.png,RGB_JPG_Normais,RGB_JPG_ESVERDEADO
C:\Users\eduar\Desktop\Soybe-main\data\com_fundo\RGB_JPG_Normais\grao_DSC_0473_id87.png,RGB_JPG_Normais,RGB_JPG_Normais
C:\Users\eduar\Desktop\Soybe-main\data\com_fundo\RGB_JPG_Normais\grao_DSC_0473_id88.png,RGB_JPG_Normais,RGB_JPG_Normais
C:\Users\eduar\Desktop\Soybe-main\data\com_fundo\RGB_JPG_Normais\grao_DSC_0473_id89.png,RGB_JPG_Normais,RGB_JPG_Normais
C:\Users\eduar\Desktop\Soybe-main\data\com_fundo\RGB_JPG_Normais\grao_DSC_0473_id9.png,RGB_JPG_Normais,RGB_JPG_Normais
C:\Users\eduar\Desktop\Soybe-main\data\com_fundo\RGB_JPG_Normais\grao_DSC_0473_id90.png,RGB_JPG_Normais,RGB_JPG_Normais
C:\Users\eduar\Desktop\Soybe-main\data\com_fundo\RGB_JPG_Normais\grao_DSC_0473_id91.png,RGB_JPG_Normais,RGB_JPG_Normais
C:\Users\eduar\Desktop\Soybe-main\data\com_fundo\RGB_JPG_Normais\grao_DSC_0473_id92.png,RGB_JPG_Normais,RGB_JPG_Normais
C:\Users\eduar\Desktop\Soybe-main\data\com_fundo\RGB_JPG_Normais\grao_DSC_0473_id93.png,RGB_JPG_Normais,RGB_JPG_Normais
C:\Users\eduar\Desktop\Soybe-main\data\com_fundo\RGB_JPG_Normais\grao_DSC_0473_id94.png,RGB_JPG_Normais,RGB_JPG_Normais
C:\Users\eduar\Desktop\Soybe-main\data\com_fundo\RGB_JPG_Normais\grao_DSC_0473_id95.png,RGB_JPG_Normais,RGB_JPG_Normais
C:\Users\eduar\Desktop\Soybe-main\data\com_fundo\RGB_JPG_Normais\grao_DSC_0473_id96.png,RGB_JPG_Normais,RGB_JPG_Normais
C:\Users\eduar\Desktop\Soybe-main\data\com_fundo\RGB_JPG_Normais\grao_DSC_0473_id97.png,RGB_JPG_Normais,RGB_JPG_Normais
C:\Users\eduar\Desktop\Soybe-main\data\com_fundo\RGB_JPG_Normais\grao_DSC_0473_id98.png,RGB_JPG_Normais,RGB_JPG_Normais
C:\Users\eduar\Desktop\Soybe-main\data\com_fundo\RGB_JPG_Normais\grao_DSC_0473_id99.png,RGB_JPG_Normais,RGB_JPG_Normais
C:\Users\eduar\Desktop\Soybe-main\data\com_fundo\RGB_JPG_Normais\grao_DSC_0477_id1.png,RGB_JPG_Normais,RGB_JPG_Normais
C:\Users\eduar\Desktop\Soybe-main\data\com_fundo\RGB_JPG_Normais\grao_DSC_0477_id10.png,RGB_JPG_Normais,RGB_JPG_Normais
C:\Users\eduar\Desktop\Soybe-main\data\com_fundo\RGB_JPG_Normais\grao_DSC_0477_id100.png,RGB_JPG_Normais,RGB_JPG_Normais
C:\Users\eduar\Desktop\Soybe-main\data\com_fundo\RGB_JPG_Normais\grao_DSC_0477_id101.png,RGB_JPG_Normais,RGB_JPG_Normais
C:\Users\eduar\Desktop\Soybe-main\data\com_fundo\RGB_JPG_Normais\grao_DSC_0477_id102.png,RGB_JPG_Normais,RGB_JPG_Normais
C:\Users\eduar\Desktop\Soybe-main\data\com_fundo\RGB_JPG_Normais\grao_DSC_0477_id103.png,RGB_JPG_Normais,RGB_JPG_Normais
C:\Users\eduar\Desktop\Soybe-main\data\com_fundo\RGB_JPG_Normais\grao_DSC_0477_id104.png,RGB_JPG_Normais,RGB_JPG_Normais
C:\Users\eduar\Desktop\Soybe-main\data\com_fundo\RGB_JPG_Normais\grao_DSC_0477_id105.png,RGB_JPG_Normais,RGB_JPG_Normais
C:\Users\eduar\Desktop\Soybe-main\data\com_fundo\RGB_JPG_Normais\grao_DSC_0477_id106.png,RGB_JPG_Normais,RGB_JPG_Normais
C:\Users\eduar\Desktop\Soybe-main\data\com_fundo\RGB_JPG_Normais\grao_DSC_0477_id107.png,RGB_JPG_Normais,RGB_JPG_Normais
C:\Users\eduar\Desktop\Soybe-main\data\com_fundo\RGB_JPG_Normais\grao_DSC_0477_id108.png,RGB_JPG_Normais,RGB_JPG_Normais
C:\Users\eduar\Desktop\Soybe-main\data\com_fundo\RGB_JPG_Normais\grao_DSC_0477_id11.png,RGB_JPG_Normais,RGB_JPG_Normais
C:\Users\eduar\Desktop\Soybe-main\data\com_fundo\RGB_JPG_Normais\grao_DSC_0477_id14.png,RGB_JPG_Normais,RGB_JPG_Normais
C:\Users\eduar\Desktop\Soybe-main\data\com_fundo\RGB_JPG_Normais\grao_DSC_0477_id15.png,RGB_JPG_Normais,RGB_JPG_Normais
C:\Users\eduar\Desktop\Soybe-main\data\com_fundo\RGB_JPG_Normais\grao_DSC_0477_id16.png,RGB_JPG_Normais,RGB_JPG_Normais
C:\Users\eduar\Desktop\Soybe-main\data\com_fundo\RGB_JPG_Normais\grao_DSC_0477_id17.png,RGB_JPG_Normais,RGB_JPG_QUEBRADOS
C:\Users\eduar\Desktop\Soybe-main\data\com_fundo\RGB_JPG_Normais\grao_DSC_0477_id19.png,RGB_JPG_Normais,RGB_JPG_Normais
C:\Users\eduar\Desktop\Soybe-main\data\com_fundo\RGB_JPG_Normais\grao_DSC_0477_id2.png,RGB_JPG_Normais,RGB_JPG_Normais
C:\Users\eduar\Desktop\Soybe-main\data\com_fundo\RGB_JPG_Normais\grao_DSC_0477_id20.png,RGB_JPG_Normais,RGB_JPG_Normais
C:\Users\eduar\Desktop\Soybe-main\data\com_fundo\RGB_JPG_Normais\grao_DSC_0477_id21.png,RGB_JPG_Normais,RGB_JPG_QUEBRADOS
C:\Users\eduar\Desktop\Soybe-main\data\com_fundo\RGB_JPG_Normais\grao_DSC_0477_id22.png,RGB_JPG_Normais,RGB_JPG_Normais
C:\Users\eduar\Desktop\Soybe-main\data\com_fundo\RGB_JPG_Normais\grao_DSC_0477_id23.png,RGB_JPG_Normais,RGB_JPG_Normais
C:\Users\eduar\Desktop\Soybe-main\data\com_fundo\RGB_JPG_Normais\grao_DSC_0477_id24.png,RGB_JPG_Normais,RGB_JPG_Normais
C:\Users\eduar\Desktop\Soybe-main\data\com_fundo\RGB_JPG_Normais\grao_DSC_0477_id25.png,RGB_JPG_Normais,RGB_JPG_Normais
C:\Users\eduar\Desktop\Soybe-main\data\com_fundo\RGB_JPG_Normais\grao_DSC_0477_id26.png,RGB_JPG_Normais,RGB_JPG_Normais
C:\Users\eduar\Desktop\Soybe-main\data\com_fundo\RGB_JPG_Normais\grao_DSC_0477_id27.png,RGB_JPG_Normais,RGB_JPG_Normais
C:\Users\eduar\Desktop\Soybe-main\data\com_fundo\RGB_JPG_Normais\grao_DSC_0477_id28.png,RGB_JPG_Normais,RGB_JPG_QUEBRADOS
C:\Users\eduar\Desktop\Soybe-main\data\com_fundo\RGB_JPG_Normais\grao_DSC_0477_id29.png,RGB_JPG_Normais,RGB_JPG_Normais
C:\Users\eduar\Desktop\Soybe-main\data\com_fundo\RGB_JPG_Normais\grao_DSC_0477_id3.png,RGB_JPG_Normais,RGB_JPG_Normais
C:\Users\eduar\Desktop\Soybe-main\data\com_fundo\RGB_JPG_Normais\grao_DSC_0477_id30.png,RGB_JPG_Normais,RGB_JPG_Normais
C:\Users\eduar\Desktop\Soybe-main\data\com_fundo\RGB_JPG_Normais\grao_DSC_0477_id32.png,RGB_JPG_Normais,RGB_JPG_Normais
C:\Users\eduar\Desktop\Soybe-main\data\com_fundo\RGB_JPG_Normais\grao_DSC_0477_id33.png,RGB_JPG_Normais,RGB_JPG_Normais
C:\Users\eduar\Desktop\Soybe-main\data\com_fundo\RGB_JPG_Normais\grao_DSC_0477_id34.png,RGB_JPG_Normais,RGB_JPG_Normais
C:\Users\eduar\Desktop\Soybe-main\data\com_fundo\RGB_JPG_Normais\grao_DSC_0477_id35.png,RGB_JPG_Normais,RGB_JPG_Normais
C:\Users\eduar\Desktop\Soybe-main\data\com_fundo\RGB_JPG_Normais\grao_DSC_0477_id36.png,RGB_JPG_Normais,RGB_JPG_Normais
C:\Users\eduar\Desktop\Soybe-main\data\com_fundo\RGB_JPG_Normais\grao_DSC_0477_id37.png,RGB_JPG_Normais,RGB_JPG_Normais
C:\Users\eduar\Desktop\Soybe-main\data\com_fundo\RGB_JPG_Normais\grao_DSC_0477_id38.png,RGB_JPG_Normais,RGB_JPG_Normais
C:\Users\eduar\Desktop\Soybe-main\data\com_fundo\RGB_JPG_Normais\grao_DSC_0477_id39.png,RGB_JPG_Normais,RGB_JPG_Normais
C:\Users\eduar\Desktop\Soybe-main\data\com_fundo\RGB_JPG_Normais\grao_DSC_0477_id4.png,RGB_JPG_Normais,RGB_JPG_Normais
C:\Users\eduar\Desktop\Soybe-main\data\com_fundo\RGB_JPG_Normais\grao_DSC_0477_id40.png,RGB_JPG_Normais,RGB_JPG_Normais
C:\Users\eduar\Desktop\Soybe-main\data\com_fundo\RGB_JPG_Normais\grao_DSC_0477_id41.png,RGB_JPG_Normais,RGB_JPG_Normais
C:\Users\eduar\Desktop\Soybe-main\data\com_fundo\RGB_JPG_Normais\grao_DSC_0477_id42.png,RGB_JPG_Normais,RGB_JPG_Normais
C:\Users\eduar\Desktop\Soybe-main\data\com_fundo\RGB_JPG_Normais\grao_DSC_0477_id43.png,RGB_JPG_Normais,RGB_JPG_Normais
C:\Users\eduar\Desktop\Soybe-main\data\com_fundo\RGB_JPG_Normais\grao_DSC_0477_id44.png,RGB_JPG_Normais,RGB_JPG_Normais
C:\Users\eduar\Desktop\Soybe-main\data\com_fundo\RGB_JPG_Normais\grao_DSC_0477_id45.png,RGB_JPG_Normais,RGB_JPG_Normais
C:\Users\eduar\Desktop\Soybe-main\data\com_fundo\RGB_JPG_Normais\grao_DSC_0477_id46.png,RGB_JPG_Normais,RGB_JPG_Normais
C:\Users\eduar\Desktop\Soybe-main\data\com_fundo\RGB_JPG_Normais\grao_DSC_0477_id47.png,RGB_JPG_Normais,RGB_JPG_Normais
C:\Users\eduar\Desktop\Soybe-main\data\com_fundo\RGB_JPG_Normais\grao_DSC_0477_id48.png,RGB_JPG_Normais,RGB_JPG_Normais
C:\Users\eduar\Desktop\Soybe-main\data\com_fundo\RGB_JPG_Normais\grao_DSC_0477_id49.png,RGB_JPG_Normais,RGB_JPG_Normais
C:\Users\eduar\Desktop\Soybe-main\data\com_fundo\RGB_JPG_Normais\grao_DSC_0477_id5.png,RGB_JPG_Normais,RGB_JPG_Normais
C:\Users\eduar\Desktop\Soybe-main\data\com_fundo\RGB_JPG_Normais\grao_DSC_0477_id50.png,RGB_JPG_Normais,RGB_JPG_Normais
C:\Users\eduar\Desktop\Soybe-main\data\com_fundo\RGB_JPG_Normais\grao_DSC_0477_id51.png,RGB_JPG_Normais,RGB_JPG_Normais
C:\Users\eduar\Desktop\Soybe-main\data\com_fundo\RGB_JPG_Normais\grao_DSC_0477_id52.png,RGB_JPG_Normais,RGB_JPG_Normais
C:\Users\eduar\Desktop\Soybe-main\data\com_fundo\RGB_JPG_Normais\grao_DSC_0477_id53.png,RGB_JPG_Normais,RGB_JPG_Normais
C:\Users\eduar\Desktop\Soybe-main\data\com_fundo\RGB_JPG_Normais\grao_DSC_0477_id54.png,RGB_JPG_Normais,RGB_JPG_Normais
C:\Users\eduar\Desktop\Soybe-main\data\com_fundo\RGB_JPG_Normais\grao_DSC_0477_id55.png,RGB_JPG_Normais,RGB_JPG_QUEBRADOS
C:\Users\eduar\Desktop\Soybe-main\data\com_fundo\RGB_JPG_Normais\grao_DSC_0477_id56.png,RGB_JPG_Normais,RGB_JPG_Normais
C:\Users\eduar\Desktop\Soybe-main\data\com_fundo\RGB_JPG_Normais\grao_DSC_0477_id57.png,RGB_JPG_Normais,RGB_JPG_Normais
C:\Users\eduar\Desktop\Soybe-main\data\com_fundo\RGB_JPG_Normais\grao_DSC_0477_id58.png,RGB_JPG_Normais,RGB_JPG_Normais
C:\Users\eduar\Desktop\Soybe-main\data\com_fundo\RGB_JPG_Normais\grao_DSC_0477_id59.png,RGB_JPG_Normais,RGB_JPG_Normais
C:\Users\eduar\Desktop\Soybe-main\data\com_fundo\RGB_JPG_Normais\grao_DSC_0477_id60.png,RGB_JPG_Normais,RGB_JPG_Normais
C:\Users\eduar\Desktop\Soybe-main\data\com_fundo\RGB_JPG_Normais\grao_DSC_0477_id61.png,RGB_JPG_Normais,RGB_JPG_Normais
C:\Users\eduar\Desktop\Soybe-main\data\com_fundo\RGB_JPG_Normais\grao_DSC_0477_id62.png,RGB_JPG_Normais,RGB_JPG_Normais
C:\Users\eduar\Desktop\Soybe-main\data\com_fundo\RGB_JPG_Normais\grao_DSC_0477_id63.png,RGB_JPG_Normais,RGB_JPG_Normais
C:\Users\eduar\Desktop\Soybe-main\data\com_fundo\RGB_JPG_Normais\grao_DSC_0477_id64.png,RGB_JPG_Normais,RGB_JPG_Normais
C:\Users\eduar\Desktop\Soybe-main\data\com_fundo\RGB_JPG_Normais\grao_DSC_0477_id65.png,RGB_JPG_Normais,RGB_JPG_Normais
C:\Users\eduar\Desktop\Soybe-main\data\com_fundo\RGB_JPG_Normais\grao_DSC_0477_id66.png,RGB_JPG_Normais,RGB_JPG_Normais
C:\Users\eduar\Desktop\Soybe-main\data\com_fundo\RGB_JPG_Normais\grao_DSC_0477_id67.png,RGB_JPG_Normais,RGB_JPG_Normais
C:\Users\eduar\Desktop\Soybe-main\data\com_fundo\RGB_JPG_Normais\grao_DSC_0477_id68.png,RGB_JPG_Normais,RGB_JPG_Normais
C:\Users\eduar\Desktop\Soybe-main\data\com_fundo\RGB_JPG_Normais\grao_DSC_0477_id69.png,RGB_JPG_Normais,RGB_JPG_Normais
C:\Users\eduar\Desktop\Soybe-main\data\com_fundo\RGB_JPG_Normais\grao_DSC_0477_id7.png,RGB_JPG_Normais,RGB_JPG_Normais
C:\Users\eduar\Desktop\Soybe-main\data\com_fundo\RGB_JPG_Normais\grao_DSC_0477_id70.png,RGB_JPG_Normais,RGB_JPG_QUEBRADOS
C:\Users\eduar\Desktop\Soybe-main\data\com_fundo\RGB_JPG_Normais\grao_DSC_0477_id71.png,RGB_JPG_Normais,RGB_JPG_Normais
C:\Users\eduar\Desktop\Soybe-main\data\com_fundo\RGB_JPG_Normais\grao_DSC_0477_id72.png,RGB_JPG_Normais,RGB_JPG_Normais
C:\Users\eduar\Desktop\Soybe-main\data\com_fundo\RGB_JPG_Normais\grao_DSC_0477_id73.png,RGB_JPG_Normais,RGB_JPG_Normais
C:\Users\eduar\Desktop\Soybe-main\data\com_fundo\RGB_JPG_Normais\grao_DSC_0477_id74.png,RGB_JPG_Normais,RGB_JPG_Normais
C:\Users\eduar\Desktop\Soybe-main\data\com_fundo\RGB_JPG_Normais\grao_DSC_0477_id75.png,RGB_JPG_Normais,RGB_JPG_Normais
C:\Users\eduar\Desktop\Soybe-main\data\com_fundo\RGB_JPG_Normais\grao_DSC_0477_id76.png,RGB_JPG_Normais,RGB_JPG_Normais
C:\Users\eduar\Desktop\Soybe-main\data\com_fundo\RGB_JPG_Normais\grao_DSC_0477_id77.png,RGB_JPG_Normais,RGB_JPG_Normais
C:\Users\eduar\Desktop\Soybe-main\data\com_fundo\RGB_JPG_Normais\grao_DSC_0477_id78.png,RGB_JPG_Normais,RGB_JPG_Normais
C:\Users\eduar\Desktop\Soybe-main\data\com_fundo\RGB_JPG_Normais\grao_DSC_0477_id79.png,RGB_JPG_Normais,RGB_JPG_Normais
C:\Users\eduar\Desktop\Soybe-main\data\com_fundo\RGB_JPG_Normais\grao_DSC_0477_id8.png,RGB_JPG_Normais,RGB_JPG_Normais
C:\Users\eduar\Desktop\Soybe-main\data\com_fundo\RGB_JPG_Normais\grao_DSC_0477_id80.png,RGB_JPG_Normais,RGB_JPG_QUEBRADOS
C:\Users\eduar\Desktop\Soybe-main\data\com_fundo\RGB_JPG_Normais\grao_DSC_0477_id81.png,RGB_JPG_Normais,RGB_JPG_Normais
C:\Users\eduar\Desktop\Soybe-main\data\com_fundo\RGB_JPG_Normais\grao_DSC_0477_id82.png,RGB_JPG_Normais,RGB_JPG_Normais
C:\Users\eduar\Desktop\Soybe-main\data\com_fundo\RGB_JPG_Normais\grao_DSC_0477_id83.png,RGB_JPG_Normais,RGB_JPG_Normais
C:\Users\eduar\Desktop\Soybe-main\data\com_fundo\RGB_JPG_Normais\grao_DSC_0477_id84.png,RGB_JPG_Normais,RGB_JPG_Normais
C:\Users\eduar\Desktop\Soybe-main\data\com_fundo\RGB_JPG_Normais\grao_DSC_0477_id86.png,RGB_JPG_Normais,RGB_JPG_Normais
C:\Users\eduar\Desktop\Soybe-main\data\com_fundo\RGB_JPG_Normais\grao_DSC_0477_id87.png,RGB_JPG_Normais,RGB_JPG_Normais
C:\Users\eduar\Desktop\Soybe-main\data\com_fundo\RGB_JPG_Normais\grao_DSC_0477_id88.png,RGB_JPG_Normais,RGB_JPG_Normais
C:\Users\eduar\Desktop\Soybe-main\data\com_fundo\RGB_JPG_Normais\grao_DSC_0477_id89.png,RGB_JPG_Normais,RGB_JPG_Normais
C:\Users\eduar\Desktop\Soybe-main\data\com_fundo\RGB_JPG_Normais\grao_DSC_0477_id9.png,RGB_JPG_Normais,RGB_JPG_Normais
C:\Users\eduar\Desktop\Soybe-main\data\com_fundo\RGB_JPG_Normais\grao_DSC_0477_id90.png,RGB_JPG_Normais,RGB_JPG_Normais
C:\Users\eduar\Desktop\Soybe-main\data\com_fundo\RGB_JPG_Normais\grao_DSC_0477_id91.png,RGB_JPG_Normais,RGB_JPG_Normais
C:\Users\eduar\Desktop\Soybe-main\data\com_fundo\RGB_JPG_Normais\grao_DSC_0477_id92.png,RGB_JPG_Normais,RGB_JPG_Normais
C:\Users\eduar\Desktop\Soybe-main\data\com_fundo\RGB_JPG_Normais\grao_DSC_0477_id93.png,RGB_JPG_Normais,RGB_JPG_Normais
C:\Users\eduar\Desktop\Soybe-main\data\com_fundo\RGB_JPG_Normais\grao_DSC_0477_id94.png,RGB_JPG_Normais,RGB_JPG_Normais
C:\Users\eduar\Desktop\Soybe-main\data\com_fundo\RGB_JPG_Normais\grao_DSC_0477_id95.png,RGB_JPG_Normais,RGB_JPG_Normais
C:\Users\eduar\Desktop\Soybe-main\data\com_fundo\RGB_JPG_Normais\grao_DSC_0477_id96.png,RGB_JPG_Normais,RGB_JPG_Normais
C:\Users\eduar\Desktop\Soybe-main\data\com_fundo\RGB_JPG_Normais\grao_DSC_0477_id97.png,RGB_JPG_Normais,RGB_JPG_Normais
C:\Users\eduar\Desktop\Soybe-main\data\com_fundo\RGB_JPG_Normais\grao_DSC_0477_id98.png,RGB_JPG_Normais,RGB_JPG_Normais
C:\Users\eduar\Desktop\Soybe-main\data\com_fundo\RGB_JPG_Normais\grao_DSC_0477_id99.png,RGB_JPG_Normais,RGB_JPG_Normais
C:\Users\eduar\Desktop\Soybe-main\data\com_fundo\RGB_JPG_Normais\grao_DSC_0485_id1.png,RGB_JPG_Normais,RGB_JPG_Normais
C:\Users\eduar\Desktop\Soybe-main\data\com_fundo\RGB_JPG_Normais\grao_DSC_0485_id10.png,RGB_JPG_Normais,RGB_JPG_Normais
C:\Users\eduar\Desktop\Soybe-main\data\com_fundo\RGB_JPG_Normais\grao_DSC_0485_id11.png,RGB_JPG_Normais,RGB_JPG_Normais
C:\Users\eduar\Desktop\Soybe-main\data\com_fundo\RGB_JPG_Normais\grao_DSC_0485_id12.png,RGB_JPG_Normais,RGB_JPG_Normais
C:\Users\eduar\Desktop\Soybe-main\data\com_fundo\RGB_JPG_Normais\grao_DSC_0485_id13.png,RGB_JPG_Normais,RGB_JPG_Normais
C:\Users\eduar\Desktop\Soybe-main\data\com_fundo\RGB_JPG_Normais\grao_DSC_0485_id14.png,RGB_JPG_Normais,RGB_JPG_Normais
C:\Users\eduar\Desktop\Soybe-main\data\com_fundo\RGB_JPG_Normais\grao_DSC_0485_id15.png,RGB_JPG_Normais,RGB_JPG_Normais
C:\Users\eduar\Desktop\Soybe-main\data\com_fundo\RGB_JPG_Normais\grao_DSC_0485_id16.png,RGB_JPG_Normais,RGB_JPG_Normais
C:\Users\eduar\Desktop\Soybe-main\data\com_fundo\RGB_JPG_Normais\grao_DSC_0485_id17.png,RGB_JPG_Normais,RGB_JPG_Normais
C:\Users\eduar\Desktop\Soybe-main\data\com_fundo\RGB_JPG_Normais\grao_DSC_0485_id18.png,RGB_JPG_Normais,RGB_JPG_Normais
C:\Users\eduar\Desktop\Soybe-main\data\com_fundo\RGB_JPG_Normais\grao_DSC_0485_id19.png,RGB_JPG_Normais,RGB_JPG_Normais
C:\Users\eduar\Desktop\Soybe-main\data\com_fundo\RGB_JPG_Normais\grao_DSC_0485_id2.png,RGB_JPG_Normais,RGB_JPG_Normais
C:\Users\eduar\Desktop\Soybe-main\data\com_fundo\RGB_JPG_Normais\grao_DSC_0485_id20.png,RGB_JPG_Normais,RGB_JPG_Normais
C:\Users\eduar\Desktop\Soybe-main\data\com_fundo\RGB_JPG_Normais\grao_DSC_0485_id21.png,RGB_JPG_Normais,RGB_JPG_Normais
C:\Users\eduar\Desktop\Soybe-main\data\com_fundo\RGB_JPG_Normais\grao_DSC_0485_id22.png,RGB_JPG_Normais,RGB_JPG_Normais
C:\Users\eduar\Desktop\Soybe-main\data\com_fundo\RGB_JPG_Normais\grao_DSC_0485_id23.png,RGB_JPG_Normais,RGB_JPG_Normais
C:\Users\eduar\Desktop\Soybe-main\data\com_fundo\RGB_JPG_Normais\grao_DSC_0485_id24.png,RGB_JPG_Normais,RGB_JPG_Normais
C:\Users\eduar\Desktop\Soybe-main\data\com_fundo\RGB_JPG_Normais\grao_DSC_0485_id25.png,RGB_JPG_Normais,RGB_JPG_Normais
C:\Users\eduar\Desktop\Soybe-main\data\com_fundo\RGB_JPG_Normais\grao_DSC_0485_id26.png,RGB_JPG_Normais,RGB_JPG_Normais
C:\Users\eduar\Desktop\Soybe-main\data\com_fundo\RGB_JPG_Normais\grao_DSC_0485_id28.png,RGB_JPG_Normais,RGB_JPG_Normais
C:\Users\eduar\Desktop\Soybe-main\data\com_fundo\RGB_JPG_Normais\grao_DSC_0485_id29.png,RGB_JPG_Normais,RGB_JPG_Normais
C:\Users\eduar\Desktop\Soybe-main\data\com_fundo\RGB_JPG_Normais\grao_DSC_0485_id3.png,RGB_JPG_Normais,RGB_JPG_Normais
C:\Users\eduar\Desktop\Soybe-main\data\com_fundo\RGB_JPG_Normais\grao_DSC_0485_id30.png,RGB_JPG_Normais,RGB_JPG_Normais
C:\Users\eduar\Desktop\Soybe-main\data\com_fundo\RGB_JPG_Normais\grao_DSC_0485_id31.png,RGB_JPG_Normais,RGB_JPG_Normais
C:\Users\eduar\Desktop\Soybe-main\data\com_fundo\RGB_JPG_Normais\grao_DSC_0485_id32.png,RGB_JPG_Normais,RGB_JPG_Normais
C:\Users\eduar\Desktop\Soybe-main\data\com_fundo\RGB_JPG_Normais\grao_DSC_0485_id33.png,RGB_JPG_Normais,RGB_JPG_Normais
C:\Users\eduar\Desktop\Soybe-main\data\com_fundo\RGB_JPG_Normais\grao_DSC_0485_id34.png,RGB_JPG_Normais,RGB_JPG_Normais
C:\Users\eduar\Desktop\Soybe-main\data\com_fundo\RGB_JPG_Normais\grao_DSC_0485_id35.png,RGB_JPG_Normais,RGB_JPG_Normais
C:\Users\eduar\Desktop\Soybe-main\data\com_fundo\RGB_JPG_Normais\grao_DSC_0485_id36.png,RGB_JPG_Normais,RGB_JPG_Normais
C:\Users\eduar\Desktop\Soybe-main\data\com_fundo\RGB_JPG_Normais\grao_DSC_0485_id37.png,RGB_JPG_Normais,RGB_JPG_Normais
C:\Users\eduar\Desktop\Soybe-main\data\com_fundo\RGB_JPG_Normais\grao_DSC_0485_id38.png,RGB_JPG_Normais,RGB_JPG_Normais
C:\Users\eduar\Desktop\Soybe-main\data\com_fundo\RGB_JPG_Normais\grao_DSC_0485_id39.png,RGB_JPG_Normais,RGB_JPG_Normais
C:\Users\eduar\Desktop\Soybe-main\data\com_fundo\RGB_JPG_Normais\grao_DSC_0485_id4.png,RGB_JPG_Normais,RGB_JPG_Normais
C:\Users\eduar\Desktop\Soybe-main\data\com_fundo\RGB_JPG_Normais\grao_DSC_0485_id40.png,RGB_JPG_Normais,RGB_JPG_Normais
C:\Users\eduar\Desktop\Soybe-main\data\com_fundo\RGB_JPG_Normais\grao_DSC_0485_id41.png,RGB_JPG_Normais,RGB_JPG_Normais
C:\Users\eduar\Desktop\Soybe-main\data\com_fundo\RGB_JPG_Normais\grao_DSC_0485_id42.png,RGB_JPG_Normais,RGB_JPG_Normais
C:\Users\eduar\Desktop\Soybe-main\data\com_fundo\RGB_JPG_Normais\grao_DSC_0485_id43.png,RGB_JPG_Normais,RGB_JPG_Normais
C:\Users\eduar\Desktop\Soybe-main\data\com_fundo\RGB_JPG_Normais\grao_DSC_0485_id44.png,RGB_JPG_Normais,RGB_JPG_Normais
C:\Users\eduar\Desktop\Soybe-main\data\com_fundo\RGB_JPG_Normais\grao_DSC_0485_id45.png,RGB_JPG_Normais,RGB_JPG_Normais
C:\Users\eduar\Desktop\Soybe-main\data\com_fundo\RGB_JPG_Normais\grao_DSC_0485_id46.png,RGB_JPG_Normais,RGB_JPG_Normais
C:\Users\eduar\Desktop\Soybe-main\data\com_fundo\RGB_JPG_Normais\grao_DSC_0485_id47.png,RGB_JPG_Normais,RGB_JPG_Normais
C:\Users\eduar\Desktop\Soybe-main\data\com_fundo\RGB_JPG_Normais\grao_DSC_0485_id48.png,RGB_JPG_Normais,RGB_JPG_Normais
C:\Users\eduar\Desktop\Soybe-main\data\com_fundo\RGB_JPG_Normais\grao_DSC_0485_id49.png,RGB_JPG_Normais,RGB_JPG_Normais
C:\Users\eduar\Desktop\Soybe-main\data\com_fundo\RGB_JPG_Normais\grao_DSC_0485_id5.png,RGB_JPG_Normais,RGB_JPG_Normais
C:\Users\eduar\Desktop\Soybe-main\data\com_fundo\RGB_JPG_Normais\grao_DSC_0485_id50.png,RGB_JPG_Normais,RGB_JPG_Normais
C:\Users\eduar\Desktop\Soybe-main\data\com_fundo\RGB_JPG_Normais\grao_DSC_0485_id51.png,RGB_JPG_Normais,RGB_JPG_Normais
C:\Users\eduar\Desktop\Soybe-main\data\com_fundo\RGB_JPG_Normais\grao_DSC_0485_id52.png,RGB_JPG_Normais,RGB_JPG_Normais
C:\Users\eduar\Desktop\Soybe-main\data\com_fundo\RGB_JPG_Normais\grao_DSC_0485_id53.png,RGB_JPG_Normais,RGB_JPG_Normais
C:\Users\eduar\Desktop\Soybe-main\data\com_fundo\RGB_JPG_Normais\grao_DSC_0485_id54.png,RGB_JPG_Normais,RGB_JPG_Normais
C:\Users\eduar\Desktop\Soybe-main\data\com_fundo\RGB_JPG_Normais\grao_DSC_0485_id55.png,RGB_JPG_Normais,RGB_JPG_Normais
C:\Users\eduar\Desktop\Soybe-main\data\com_fundo\RGB_JPG_Normais\grao_DSC_0485_id56.png,RGB_JPG_Normais,RGB_JPG_Normais
C:\Users\eduar\Desktop\Soybe-main\data\com_fundo\RGB_JPG_Normais\grao_DSC_0485_id57.png,RGB_JPG_Normais,RGB_JPG_Normais
C:\Users\eduar\Desktop\Soybe-main\data\com_fundo\RGB_JPG_Normais\grao_DSC_0485_id58.png,RGB_JPG_Normais,RGB_JPG_Normais
C:\Users\eduar\Desktop\Soybe-main\data\com_fundo\RGB_JPG_Normais\grao_DSC_0485_id59.png,RGB_JPG_Normais,RGB_JPG_Normais
C:\Users\eduar\Desktop\Soybe-main\data\com_fundo\RGB_JPG_Normais\grao_DSC_0485_id6.png,RGB_JPG_Normais,RGB_JPG_Normais
C:\Users\eduar\Desktop\Soybe-main\data\com_fundo\RGB_JPG_Normais\grao_DSC_0485_id60.png,RGB_JPG_Normais,RGB_JPG_Normais
C:\Users\eduar\Desktop\Soybe-main\data\com_fundo\RGB_JPG_Normais\grao_DSC_0485_id61.png,RGB_JPG_Normais,RGB_JPG_Normais
C:\Users\eduar\Desktop\Soybe-main\data\com_fundo\RGB_JPG_Normais\grao_DSC_0485_id63.png,RGB_JPG_Normais,RGB_JPG_Normais
C:\Users\eduar\Desktop\Soybe-main\data\com_fundo\RGB_JPG_Normais\grao_DSC_0485_id64.png,RGB_JPG_Normais,RGB_JPG_Normais
C:\Users\eduar\Desktop\Soybe-main\data\com_fundo\RGB_JPG_Normais\grao_DSC_0485_id65.png,RGB_JPG_Normais,RGB_JPG_Normais
C:\Users\eduar\Desktop\Soybe-main\data\com_fundo\RGB_JPG_Normais\grao_DSC_0485_id66.png,RGB_JPG_Normais,RGB_JPG_Normais
C:\Users\eduar\Desktop\Soybe-main\data\com_fundo\RGB_JPG_Normais\grao_DSC_0485_id67.png,RGB_JPG_Normais,RGB_JPG_QUEBRADOS
C:\Users\eduar\Desktop\Soybe-main\data\com_fundo\RGB_JPG_Normais\grao_DSC_0485_id68.png,RGB_JPG_Normais,RGB_JPG_Normais
C:\Users\eduar\Desktop\Soybe-main\data\com_fundo\RGB_JPG_Normais\grao_DSC_0485_id7.png,RGB_JPG_Normais,RGB_JPG_Normais
C:\Users\eduar\Desktop\Soybe-main\data\com_fundo\RGB_JPG_Normais\grao_DSC_0485_id70.png,RGB_JPG_Normais,RGB_JPG_Normais
C:\Users\eduar\Desktop\Soybe-main\data\com_fundo\RGB_JPG_Normais\grao_DSC_0485_id71.png,RGB_JPG_Normais,RGB_JPG_Normais
C:\Users\eduar\Desktop\Soybe-main\data\com_fundo\RGB_JPG_Normais\grao_DSC_0485_id72.png,RGB_JPG_Normais,RGB_JPG_Normais
C:\Users\eduar\Desktop\Soybe-main\data\com_fundo\RGB_JPG_Normais\grao_DSC_0485_id73.png,RGB_JPG_Normais,RGB_JPG_Normais
C:\Users\eduar\Desktop\Soybe-main\data\com_fundo\RGB_JPG_Normais\grao_DSC_0485_id74.png,RGB_JPG_Normais,RGB_JPG_Normais
C:\Users\eduar\Desktop\Soybe-main\data\com_fundo\RGB_JPG_Normais\grao_DSC_0485_id75.png,RGB_JPG_Normais,RGB_JPG_Normais
C:\Users\eduar\Desktop\Soybe-main\data\com_fundo\RGB_JPG_Normais\grao_DSC_0485_id77.png,RGB_JPG_Normais,RGB_JPG_Normais
C:\Users\eduar\Desktop\Soybe-main\data\com_fundo\RGB_JPG_Normais\grao_DSC_0485_id78.png,RGB_JPG_Normais,RGB_JPG_Normais
C:\Users\eduar\Desktop\Soybe-main\data\com_fundo\RGB_JPG_Normais\grao_DSC_0485_id79.png,RGB_JPG_Normais,RGB_JPG_Normais
C:\Users\eduar\Desktop\Soybe-main\data\com_fundo\RGB_JPG_Normais\grao_DSC_0485_id8.png,RGB_JPG_Normais,RGB_JPG_Normais
C:\Users\eduar\Desktop\Soybe-main\data\com_fundo\RGB_JPG_Normais\grao_DSC_0485_id80.png,RGB_JPG_Normais,RGB_JPG_Normais
C:\Users\eduar\Desktop\Soybe-main\data\com_fundo\RGB_JPG_Normais\grao_DSC_0485_id81.png,RGB_JPG_Normais,RGB_JPG_Normais
C:\Users\eduar\Desktop\Soybe-main\data\com_fundo\RGB_JPG_Normais\grao_DSC_0485_id82.png,RGB_JPG_Normais,RGB_JPG_Normais
C:\Users\eduar\Desktop\Soybe-main\data\com_fundo\RGB_JPG_Normais\grao_DSC_0485_id83.png,RGB_JPG_Normais,RGB_JPG_Normais
C:\Users\eduar\Desktop\Soybe-main\data\com_fundo\RGB_JPG_Normais\grao_DSC_0485_id84.png,RGB_JPG_Normais,RGB_JPG_Normais
C:\Users\eduar\Desktop\Soybe-main\data\com_fundo\RGB_JPG_Normais\grao_DSC_0485_id85.png,RGB_JPG_Normais,RGB_JPG_Normais
C:\Users\eduar\Desktop\Soybe-main\data\com_fundo\RGB_JPG_Normais\grao_DSC_0485_id86.png,RGB_JPG_Normais,RGB_JPG_Normais
C:\Users\eduar\Desktop\Soybe-main\data\com_fundo\RGB_JPG_Normais\grao_DSC_0485_id87.png,RGB_JPG_Normais,RGB_JPG_Normais
C:\Users\eduar\Desktop\Soybe-main\data\com_fundo\RGB_JPG_Normais\grao_DSC_0485_id89.png,RGB_JPG_Normais,RGB_JPG_Normais
C:\Users\eduar\Desktop\Soybe-main\data\com_fundo\RGB_JPG_Normais\grao_DSC_0485_id9.png,RGB_JPG_Normais,RGB_JPG_Normais
C:\Users\eduar\Desktop\Soybe-main\data\com_fundo\RGB_JPG_Normais\grao_DSC_0502_id1.png,RGB_JPG_Normais,RGB_JPG_Normais
C:\Users\eduar\Desktop\Soybe-main\data\com_fundo\RGB_JPG_Normais\grao_DSC_0502_id10.png,RGB_JPG_Normais,RGB_JPG_Normais
C:\Users\eduar\Desktop\Soybe-main\data\com_fundo\RGB_JPG_Normais\grao_DSC_0502_id11.png,RGB_JPG_Normais,RGB_JPG_Normais
C:\Users\eduar\Desktop\Soybe-main\data\com_fundo\RGB_JPG_Normais\grao_DSC_0502_id12.png,RGB_JPG_Normais,RGB_JPG_Normais
C:\Users\eduar\Desktop\Soybe-main\data\com_fundo\RGB_JPG_Normais\grao_DSC_0502_id13.png,RGB_JPG_Normais,RGB_JPG_Normais
C:\Users\eduar\Desktop\Soybe-main\data\com_fundo\RGB_JPG_Normais\grao_DSC_0502_id14.png,RGB_JPG_Normais,RGB_JPG_Normais
C:\Users\eduar\Desktop\Soybe-main\data\com_fundo\RGB_JPG_Normais\grao_DSC_0502_id15.png,RGB_JPG_Normais,RGB_JPG_Normais
C:\Users\eduar\Desktop\Soybe-main\data\com_fundo\RGB_JPG_Normais\grao_DSC_0502_id16.png,RGB_JPG_Normais,RGB_JPG_Normais
C:\Users\eduar\Desktop\Soybe-main\data\com_fundo\RGB_JPG_Normais\grao_DSC_0502_id17.png,RGB_JPG_Normais,RGB_JPG_Normais
C:\Users\eduar\Desktop\Soybe-main\data\com_fundo\RGB_JPG_Normais\grao_DSC_0502_id18.png,RGB_JPG_Normais,RGB_JPG_QUEBRADOS
C:\Users\eduar\Desktop\Soybe-main\data\com_fundo\RGB_JPG_Normais\grao_DSC_0502_id19.png,RGB_JPG_Normais,RGB_JPG_Normais
C:\Users\eduar\Desktop\Soybe-main\data\com_fundo\RGB_JPG_Normais\grao_DSC_0502_id2.png,RGB_JPG_Normais,RGB_JPG_Normais
C:\Users\eduar\Desktop\Soybe-main\data\com_fundo\RGB_JPG_Normais\grao_DSC_0502_id20.png,RGB_JPG_Normais,RGB_JPG_Normais
C:\Users\eduar\Desktop\Soybe-main\data\com_fundo\RGB_JPG_Normais\grao_DSC_0502_id21.png,RGB_JPG_Normais,RGB_JPG_Normais
C:\Users\eduar\Desktop\Soybe-main\data\com_fundo\RGB_JPG_Normais\grao_DSC_0502_id22.png,RGB_JPG_Normais,RGB_JPG_Normais
C:\Users\eduar\Desktop\Soybe-main\data\com_fundo\RGB_JPG_Normais\grao_DSC_0502_id23.png,RGB_JPG_Normais,RGB_JPG_Normais
C:\Users\eduar\Desktop\Soybe-main\data\com_fundo\RGB_JPG_Normais\grao_DSC_0502_id24.png,RGB_JPG_Normais,RGB_JPG_Normais
C:\Users\eduar\Desktop\Soybe-main\data\com_fundo\RGB_JPG_Normais\grao_DSC_0502_id25.png,RGB_JPG_Normais,RGB_JPG_Normais
C:\Users\eduar\Desktop\Soybe-main\data\com_fundo\RGB_JPG_Normais\grao_DSC_0502_id26.png,RGB_JPG_Normais,RGB_JPG_Normais
C:\Users\eduar\Desktop\Soybe-main\data\com_fundo\RGB_JPG_Normais\grao_DSC_0502_id27.png,RGB_JPG_Normais,RGB_JPG_Normais
C:\Users\eduar\Desktop\Soybe-main\data\com_fundo\RGB_JPG_Normais\grao_DSC_0502_id28.png,RGB_JPG_Normais,RGB_JPG_Normais
C:\Users\eduar\Desktop\Soybe-main\data\com_fundo\RGB_JPG_Normais\grao_DSC_0502_id29.png,RGB_JPG_Normais,RGB_JPG_Normais
C:\Users\eduar\Desktop\Soybe-main\data\com_fundo\RGB_JPG_Normais\grao_DSC_0502_id3.png,RGB_JPG_Normais,RGB_JPG_Normais
C:\Users\eduar\Desktop\Soybe-main\data\com_fundo\RGB_JPG_Normais\grao_DSC_0502_id30.png,RGB_JPG_Normais,RGB_JPG_Normais
C:\Users\eduar\Desktop\Soybe-main\data\com_fundo\RGB_JPG_Normais\grao_DSC_0502_id31.png,RGB_JPG_Normais,RGB_JPG_Normais
C:\Users\eduar\Desktop\Soybe-main\data\com_fundo\RGB_JPG_Normais\grao_DSC_0502_id32.png,RGB_JPG_Normais,RGB_JPG_Normais
C:\Users\eduar\Desktop\Soybe-main\data\com_fundo\RGB_JPG_Normais\grao_DSC_0502_id33.png,RGB_JPG_Normais,RGB_JPG_Normais
C:\Users\eduar\Desktop\Soybe-main\data\com_fundo\RGB_JPG_Normais\grao_DSC_0502_id34.png,RGB_JPG_Normais,RGB_JPG_Normais
C:\Users\eduar\Desktop\Soybe-main\data\com_fundo\RGB_JPG_Normais\grao_DSC_0502_id35.png,RGB_JPG_Normais,RGB_JPG_Normais
C:\Users\eduar\Desktop\Soybe-main\data\com_fundo\RGB_JPG_Normais\grao_DSC_0502_id36.png,RGB_JPG_Normais,RGB_JPG_Normais
C:\Users\eduar\Desktop\Soybe-main\data\com_fundo\RGB_JPG_Normais\grao_DSC_0502_id37.png,RGB_JPG_Normais,RGB_JPG_Normais
C:\Users\eduar\Desktop\Soybe-main\data\com_fundo\RGB_JPG_Normais\grao_DSC_0502_id38.png,RGB_JPG_Normais,RGB_JPG_Normais
C:\Users\eduar\Desktop\Soybe-main\data\com_fundo\RGB_JPG_Normais\grao_DSC_0502_id39.png,RGB_JPG_Normais,RGB_JPG_Normais
C:\Users\eduar\Desktop\Soybe-main\data\com_fundo\RGB_JPG_Normais\grao_DSC_0502_id4.png,RGB_JPG_Normais,RGB_JPG_Normais
C:\Users\eduar\Desktop\Soybe-main\data\com_fundo\RGB_JPG_Normais\grao_DSC_0502_id40.png,RGB_JPG_Normais,RGB_JPG_Normais
C:\Users\eduar\Desktop\Soybe-main\data\com_fundo\RGB_JPG_Normais\grao_DSC_0502_id41.png,RGB_JPG_Normais,RGB_JPG_Normais
C:\Users\eduar\Desktop\Soybe-main\data\com_fundo\RGB_JPG_Normais\grao_DSC_0502_id42.png,RGB_JPG_Normais,RGB_JPG_Normais
C:\Users\eduar\Desktop\Soybe-main\data\com_fundo\RGB_JPG_Normais\grao_DSC_0502_id43.png,RGB_JPG_Normais,RGB_JPG_Normais
C:\Users\eduar\Desktop\Soybe-main\data\com_fundo\RGB_JPG_Normais\grao_DSC_0502_id44.png,RGB_JPG_Normais,RGB_JPG_Normais
C:\Users\eduar\Desktop\Soybe-main\data\com_fundo\RGB_JPG_Normais\grao_DSC_0502_id45.png,RGB_JPG_Normais,RGB_JPG_Normais
C:\Users\eduar\Desktop\Soybe-main\data\com_fundo\RGB_JPG_Normais\grao_DSC_0502_id46.png,RGB_JPG_Normais,RGB_JPG_Normais
C:\Users\eduar\Desktop\Soybe-main\data\com_fundo\RGB_JPG_Normais\grao_DSC_0502_id47.png,RGB_JPG_Normais,RGB_JPG_Normais
C:\Users\eduar\Desktop\Soybe-main\data\com_fundo\RGB_JPG_Normais\grao_DSC_0502_id48.png,RGB_JPG_Normais,RGB_JPG_Normais
C:\Users\eduar\Desktop\Soybe-main\data\com_fundo\RGB_JPG_Normais\grao_DSC_0502_id49.png,RGB_JPG_Normais,RGB_JPG_Normais
C:\Users\eduar\Desktop\Soybe-main\data\com_fundo\RGB_JPG_Normais\grao_DSC_0502_id5.png,RGB_JPG_Normais,RGB_JPG_Normais
C:\Users\eduar\Desktop\Soybe-main\data\com_fundo\RGB_JPG_Normais\grao_DSC_0502_id50.png,RGB_JPG_Normais,RGB_JPG_Normais
C:\Users\eduar\Desktop\Soybe-main\data\com_fundo\RGB_JPG_Normais\grao_DSC_0502_id52.png,RGB_JPG_Normais,RGB_JPG_Normais
C:\Users\eduar\Desktop\Soybe-main\data\com_fundo\RGB_JPG_Normais\grao_DSC_0502_id53.png,RGB_JPG_Normais,RGB_JPG_Normais
C:\Users\eduar\Desktop\Soybe-main\data\com_fundo\RGB_JPG_Normais\grao_DSC_0502_id54.png,RGB_JPG_Normais,RGB_JPG_QUEBRADOS
C:\Users\eduar\Desktop\Soybe-main\data\com_fundo\RGB_JPG_Normais\grao_DSC_0502_id55.png,RGB_JPG_Normais,RGB_JPG_Normais
C:\Users\eduar\Desktop\Soybe-main\data\com_fundo\RGB_JPG_Normais\grao_DSC_0502_id56.png,RGB_JPG_Normais,RGB_JPG_Normais
C:\Users\eduar\Desktop\Soybe-main\data\com_fundo\RGB_JPG_Normais\grao_DSC_0502_id57.png,RGB_JPG_Normais,RGB_JPG_Normais
C:\Users\eduar\Desktop\Soybe-main\data\com_fundo\RGB_JPG_Normais\grao_DSC_0502_id58.png,RGB_JPG_Normais,RGB_JPG_Normais
C:\Users\eduar\Desktop\Soybe-main\data\com_fundo\RGB_JPG_Normais\grao_DSC_0502_id59.png,RGB_JPG_Normais,RGB_JPG_Normais
C:\Users\eduar\Desktop\Soybe-main\data\com_fundo\RGB_JPG_Normais\grao_DSC_0502_id6.png,RGB_JPG_Normais,RGB_JPG_Normais
C:\Users\eduar\Desktop\Soybe-main\data\com_fundo\RGB_JPG_Normais\grao_DSC_0502_id60.png,RGB_JPG_Normais,RGB_JPG_Normais
C:\Users\eduar\Desktop\Soybe-main\data\com_fundo\RGB_JPG_Normais\grao_DSC_0502_id61.png,RGB_JPG_Normais,RGB_JPG_Normais
C:\Users\eduar\Desktop\Soybe-main\data\com_fundo\RGB_JPG_Normais\grao_DSC_0502_id62.png,RGB_JPG_Normais,RGB_JPG_Normais
C:\Users\eduar\Desktop\Soybe-main\data\com_fundo\RGB_JPG_Normais\grao_DSC_0502_id63.png,RGB_JPG_Normais,RGB_JPG_Normais
C:\Users\eduar\Desktop\Soybe-main\data\com_fundo\RGB_JPG_Normais\grao_DSC_0502_id64.png,RGB_JPG_Normais,RGB_JPG_Normais
C:\Users\eduar\Desktop\Soybe-main\data\com_fundo\RGB_JPG_Normais\grao_DSC_0502_id65.png,RGB_JPG_Normais,RGB_JPG_Normais
C:\Users\eduar\Desktop\Soybe-main\data\com_fundo\RGB_JPG_Normais\grao_DSC_0502_id66.png,RGB_JPG_Normais,RGB_JPG_Normais
C:\Users\eduar\Desktop\Soybe-main\data\com_fundo\RGB_JPG_Normais\grao_DSC_0502_id67.png,RGB_JPG_Normais,RGB_JPG_Normais
C:\Users\eduar\Desktop\Soybe-main\data\com_fundo\RGB_JPG_Normais\grao_DSC_0502_id68.png,RGB_JPG_Normais,RGB_JPG_Normais
C:\Users\eduar\Desktop\Soybe-main\data\com_fundo\RGB_JPG_Normais\grao_DSC_0502_id69.png,RGB_JPG_Normais,RGB_JPG_Normais
C:\Users\eduar\Desktop\Soybe-main\data\com_fundo\RGB_JPG_Normais\grao_DSC_0502_id7.png,RGB_JPG_Normais,RGB_JPG_Normais
C:\Users\eduar\Desktop\Soybe-main\data\com_fundo\RGB_JPG_Normais\grao_DSC_0502_id70.png,RGB_JPG_Normais,RGB_JPG_Normais
C:\Users\eduar\Desktop\Soybe-main\data\com_fundo\RGB_JPG_Normais\grao_DSC_0502_id71.png,RGB_JPG_Normais,RGB_JPG_Normais
C:\Users\eduar\Desktop\Soybe-main\data\com_fundo\RGB_JPG_Normais\grao_DSC_0502_id72.png,RGB_JPG_Normais,RGB_JPG_Normais
C:\Users\eduar\Desktop\Soybe-main\data\com_fundo\RGB_JPG_Normais\grao_DSC_0502_id73.png,RGB_JPG_Normais,RGB_JPG_Normais
C:\Users\eduar\Desktop\Soybe-main\data\com_fundo\RGB_JPG_Normais\grao_DSC_0502_id74.png,RGB_JPG_Normais,RGB_JPG_Normais
C:\Users\eduar\Desktop\Soybe-main\data\com_fundo\RGB_JPG_Normais\grao_DSC_0502_id75.png,RGB_JPG_Normais,RGB_JPG_Normais
C:\Users\eduar\Desktop\Soybe-main\data\com_fundo\RGB_JPG_Normais\grao_DSC_0502_id76.png,RGB_JPG_Normais,RGB_JPG_Normais
C:\Users\eduar\Desktop\Soybe-main\data\com_fundo\RGB_JPG_Normais\grao_DSC_0502_id77.png,RGB_JPG_Normais,RGB_JPG_Normais
C:\Users\eduar\Desktop\Soybe-main\data\com_fundo\RGB_JPG_Normais\grao_DSC_0502_id78.png,RGB_JPG_Normais,RGB_JPG_Normais
C:\Users\eduar\Desktop\Soybe-main\data\com_fundo\RGB_JPG_Normais\grao_DSC_0502_id79.png,RGB_JPG_Normais,RGB_JPG_Normais
C:\Users\eduar\Desktop\Soybe-main\data\com_fundo\RGB_JPG_Normais\grao_DSC_0502_id8.png,RGB_JPG_Normais,RGB_JPG_Normais
C:\Users\eduar\Desktop\Soybe-main\data\com_fundo\RGB_JPG_Normais\grao_DSC_0502_id80.png,RGB_JPG_Normais,RGB_JPG_Normais
C:\Users\eduar\Desktop\Soybe-main\data\com_fundo\RGB_JPG_Normais\grao_DSC_0502_id81.png,RGB_JPG_Normais,RGB_JPG_Normais
C:\Users\eduar\Desktop\Soybe-main\data\com_fundo\RGB_JPG_Normais\grao_DSC_0502_id82.png,RGB_JPG_Normais,RGB_JPG_Normais
C:\Users\eduar\Desktop\Soybe-main\data\com_fundo\RGB_JPG_Normais\grao_DSC_0502_id83.png,RGB_JPG_Normais,RGB_JPG_Normais
C:\Users\eduar\Desktop\Soybe-main\data\com_fundo\RGB_JPG_Normais\grao_DSC_0502_id84.png,RGB_JPG_Normais,RGB_JPG_QUEBRADOS
C:\Users\eduar\Desktop\Soybe-main\data\com_fundo\RGB_JPG_Normais\grao_DSC_0502_id85.png,RGB_JPG_Normais,RGB_JPG_Normais
C:\Users\eduar\Desktop\Soybe-main\data\com_fundo\RGB_JPG_Normais\grao_DSC_0502_id86.png,RGB_JPG_Normais,RGB_JPG_Normais
C:\Users\eduar\Desktop\Soybe-main\data\com_fundo\RGB_JPG_Normais\grao_DSC_0502_id87.png,RGB_JPG_Normais,RGB_JPG_Normais
C:\Users\eduar\Desktop\Soybe-main\data\com_fundo\RGB_JPG_Normais\grao_DSC_0502_id88.png,RGB_JPG_Normais,RGB_JPG_Normais
C:\Users\eduar\Desktop\Soybe-main\data\com_fundo\RGB_JPG_Normais\grao_DSC_0502_id89.png,RGB_JPG_Normais,RGB_JPG_Normais
C:\Users\eduar\Desktop\Soybe-main\data\com_fundo\RGB_JPG_Normais\grao_DSC_0502_id9.png,RGB_JPG_Normais,RGB_JPG_Normais
C:\Users\eduar\Desktop\Soybe-main\data\com_fundo\RGB_JPG_Normais\grao_DSC_0502_id90.png,RGB_JPG_Normais,RGB_JPG_Normais
C:\Users\eduar\Desktop\Soybe-main\data\com_fundo\RGB_JPG_Normais\grao_DSC_0502_id91.png,RGB_JPG_Normais,RGB_JPG_Normais
C:\Users\eduar\Desktop\Soybe-main\data\com_fundo\RGB_JPG_Normais\grao_DSC_0502_id92.png,RGB_JPG_Normais,RGB_JPG_Normais
C:\Users\eduar\Desktop\Soybe-main\data\com_fundo\RGB_JPG_Normais\grao_DSC_0502_id93.png,RGB_JPG_Normais,RGB_JPG_Normais
C:\Users\eduar\Desktop\Soybe-main\data\com_fundo\RGB_JPG_Normais\grao_DSC_0502_id94.png,RGB_JPG_Normais,RGB_JPG_Normais
C:\Users\eduar\Desktop\Soybe-main\data\com_fundo\RGB_JPG_Normais\grao_DSC_0502_id95.png,RGB_JPG_Normais,RGB_JPG_Normais
C:\Users\eduar\Desktop\Soybe-main\data\com_fundo\RGB_JPG_Normais\grao_DSC_0502_id96.png,RGB_JPG_Normais,RGB_JPG_Normais
C:\Users\eduar\Desktop\Soybe-main\data\com_fundo\RGB_JPG_Normais\grao_DSC_0502_id97.png,RGB_JPG_Normais,RGB_JPG_Normais
C:\Users\eduar\Desktop\Soybe-main\data\com_fundo\RGB_JPG_Normais\grao_DSC_0502_id98.png,RGB_JPG_Normais,RGB_JPG_Normais
C:\Users\eduar\Desktop\Soybe-main\data\com_fundo\RGB_JPG_Normais\grao_DSC_0507_id1.png,RGB_JPG_Normais,RGB_JPG_Normais
C:\Users\eduar\Desktop\Soybe-main\data\com_fundo\RGB_JPG_Normais\grao_DSC_0507_id10.png,RGB_JPG_Normais,RGB_JPG_Normais
C:\Users\eduar\Desktop\Soybe-main\data\com_fundo\RGB_JPG_Normais\grao_DSC_0507_id100.png,RGB_JPG_Normais,RGB_JPG_Normais
C:\Users\eduar\Desktop\Soybe-main\data\com_fundo\RGB_JPG_Normais\grao_DSC_0507_id101.png,RGB_JPG_Normais,RGB_JPG_Normais
C:\Users\eduar\Desktop\Soybe-main\data\com_fundo\RGB_JPG_Normais\grao_DSC_0507_id102.png,RGB_JPG_Normais,RGB_JPG_Normais
C:\Users\eduar\Desktop\Soybe-main\data\com_fundo\RGB_JPG_Normais\grao_DSC_0507_id103.png,RGB_JPG_Normais,RGB_JPG_Normais
C:\Users\eduar\Desktop\Soybe-main\data\com_fundo\RGB_JPG_Normais\grao_DSC_0507_id104.png,RGB_JPG_Normais,RGB_JPG_Normais
C:\Users\eduar\Desktop\Soybe-main\data\com_fundo\RGB_JPG_Normais\grao_DSC_0507_id11.png,RGB_JPG_Normais,RGB_JPG_Normais
C:\Users\eduar\Desktop\Soybe-main\data\com_fundo\RGB_JPG_Normais\grao_DSC_0507_id12.png,RGB_JPG_Normais,RGB_JPG_Normais
C:\Users\eduar\Desktop\Soybe-main\data\com_fundo\RGB_JPG_Normais\grao_DSC_0507_id13.png,RGB_JPG_Normais,RGB_JPG_Normais
C:\Users\eduar\Desktop\Soybe-main\data\com_fundo\RGB_JPG_Normais\grao_DSC_0507_id14.png,RGB_JPG_Normais,RGB_JPG_Normais
C:\Users\eduar\Desktop\Soybe-main\data\com_fundo\RGB_JPG_Normais\grao_DSC_0507_id15.png,RGB_JPG_Normais,RGB_JPG_Normais
C:\Users\eduar\Desktop\Soybe-main\data\com_fundo\RGB_JPG_Normais\grao_DSC_0507_id18.png,RGB_JPG_Normais,RGB_JPG_Normais
C:\Users\eduar\Desktop\Soybe-main\data\com_fundo\RGB_JPG_Normais\grao_DSC_0507_id19.png,RGB_JPG_Normais,RGB_JPG_Normais
C:\Users\eduar\Desktop\Soybe-main\data\com_fundo\RGB_JPG_Normais\grao_DSC_0507_id2.png,RGB_JPG_Normais,RGB_JPG_Normais
C:\Users\eduar\Desktop\Soybe-main\data\com_fundo\RGB_JPG_Normais\grao_DSC_0507_id20.png,RGB_JPG_Normais,RGB_JPG_Normais
C:\Users\eduar\Desktop\Soybe-main\data\com_fundo\RGB_JPG_Normais\grao_DSC_0507_id21.png,RGB_JPG_Normais,RGB_JPG_QUEBRADOS
C:\Users\eduar\Desktop\Soybe-main\data\com_fundo\RGB_JPG_Normais\grao_DSC_0507_id22.png,RGB_JPG_Normais,RGB_JPG_Normais
C:\Users\eduar\Desktop\Soybe-main\data\com_fundo\RGB_JPG_Normais\grao_DSC_0507_id23.png,RGB_JPG_Normais,RGB_JPG_Normais
C:\Users\eduar\Desktop\Soybe-main\data\com_fundo\RGB_JPG_Normais\grao_DSC_0507_id24.png,RGB_JPG_Normais,RGB_JPG_Normais
C:\Users\eduar\Desktop\Soybe-main\data\com_fundo\RGB_JPG_Normais\grao_DSC_0507_id25.png,RGB_JPG_Normais,RGB_JPG_Normais
C:\Users\eduar\Desktop\Soybe-main\data\com_fundo\RGB_JPG_Normais\grao_DSC_0507_id26.png,RGB_JPG_Normais,RGB_JPG_Normais
C:\Users\eduar\Desktop\Soybe-main\data\com_fundo\RGB_JPG_Normais\grao_DSC_0507_id27.png,RGB_JPG_Normais,RGB_JPG_Normais
C:\Users\eduar\Desktop\Soybe-main\data\com_fundo\RGB_JPG_Normais\grao_DSC_0507_id28.png,RGB_JPG_Normais,RGB_JPG_Normais
C:\Users\eduar\Desktop\Soybe-main\data\com_fundo\RGB_JPG_Normais\grao_DSC_0507_id29.png,RGB_JPG_Normais,RGB_JPG_Normais
C:\Users\eduar\Desktop\Soybe-main\data\com_fundo\RGB_JPG_Normais\grao_DSC_0507_id3.png,RGB_JPG_Normais,RGB_JPG_Normais
C:\Users\eduar\Desktop\Soybe-main\data\com_fundo\RGB_JPG_Normais\grao_DSC_0507_id30.png,RGB_JPG_Normais,RGB_JPG_Normais
C:\Users\eduar\Desktop\Soybe-main\data\com_fundo\RGB_JPG_Normais\grao_DSC_0507_id31.png,RGB_JPG_Normais,RGB_JPG_Normais
C:\Users\eduar\Desktop\Soybe-main\data\com_fundo\RGB_JPG_Normais\grao_DSC_0507_id32.png,RGB_JPG_Normais,RGB_JPG_Normais
C:\Users\eduar\Desktop\Soybe-main\data\com_fundo\RGB_JPG_Normais\grao_DSC_0507_id33.png,RGB_JPG_Normais,RGB_JPG_Normais
C:\Users\eduar\Desktop\Soybe-main\data\com_fundo\RGB_JPG_Normais\grao_DSC_0507_id34.png,RGB_JPG_Normais,RGB_JPG_Normais
C:\Users\eduar\Desktop\Soybe-main\data\com_fundo\RGB_JPG_Normais\grao_DSC_0507_id35.png,RGB_JPG_Normais,RGB_JPG_Normais
C:\Users\eduar\Desktop\Soybe-main\data\com_fundo\RGB_JPG_Normais\grao_DSC_0507_id36.png,RGB_JPG_Normais,RGB_JPG_Normais
C:\Users\eduar\Desktop\Soybe-main\data\com_fundo\RGB_JPG_Normais\grao_DSC_0507_id37.png,RGB_JPG_Normais,RGB_JPG_Normais
C:\Users\eduar\Desktop\Soybe-main\data\com_fundo\RGB_JPG_Normais\grao_DSC_0507_id38.png,RGB_JPG_Normais,RGB_JPG_Normais
C:\Users\eduar\Desktop\Soybe-main\data\com_fundo\RGB_JPG_Normais\grao_DSC_0507_id39.png,RGB_JPG_Normais,RGB_JPG_Normais
C:\Users\eduar\Desktop\Soybe-main\data\com_fundo\RGB_JPG_Normais\grao_DSC_0507_id4.png,RGB_JPG_Normais,RGB_JPG_Normais
C:\Users\eduar\Desktop\Soybe-main\data\com_fundo\RGB_JPG_Normais\grao_DSC_0507_id40.png,RGB_JPG_Normais,RGB_JPG_Normais
C:\Users\eduar\Desktop\Soybe-main\data\com_fundo\RGB_JPG_Normais\grao_DSC_0507_id41.png,RGB_JPG_Normais,RGB_JPG_Normais
C:\Users\eduar\Desktop\Soybe-main\data\com_fundo\RGB_JPG_Normais\grao_DSC_0507_id42.png,RGB_JPG_Normais,RGB_JPG_Normais
C:\Users\eduar\Desktop\Soybe-main\data\com_fundo\RGB_JPG_Normais\grao_DSC_0507_id43.png,RGB_JPG_Normais,RGB_JPG_Normais
C:\Users\eduar\Desktop\Soybe-main\data\com_fundo\RGB_JPG_Normais\grao_DSC_0507_id44.png,RGB_JPG_Normais,RGB_JPG_Normais
C:\Users\eduar\Desktop\Soybe-main\data\com_fundo\RGB_JPG_Normais\grao_DSC_0507_id45.png,RGB_JPG_Normais,RGB_JPG_Normais
C:\Users\eduar\Desktop\Soybe-main\data\com_fundo\RGB_JPG_Normais\grao_DSC_0507_id46.png,RGB_JPG_Normais,RGB_JPG_Normais
C:\Users\eduar\Desktop\Soybe-main\data\com_fundo\RGB_JPG_Normais\grao_DSC_0507_id47.png,RGB_JPG_Normais,RGB_JPG_Normais
C:\Users\eduar\Desktop\Soybe-main\data\com_fundo\RGB_JPG_Normais\grao_DSC_0507_id48.png,RGB_JPG_Normais,RGB_JPG_Normais
C:\Users\eduar\Desktop\Soybe-main\data\com_fundo\RGB_JPG_Normais\grao_DSC_0507_id49.png,RGB_JPG_Normais,RGB_JPG_Normais
C:\Users\eduar\Desktop\Soybe-main\data\com_fundo\RGB_JPG_Normais\grao_DSC_0507_id5.png,RGB_JPG_Normais,RGB_JPG_Normais
C:\Users\eduar\Desktop\Soybe-main\data\com_fundo\RGB_JPG_Normais\grao_DSC_0507_id50.png,RGB_JPG_Normais,RGB_JPG_Normais
C:\Users\eduar\Desktop\Soybe-main\data\com_fundo\RGB_JPG_Normais\grao_DSC_0507_id51.png,RGB_JPG_Normais,RGB_JPG_Normais
C:\Users\eduar\Desktop\Soybe-main\data\com_fundo\RGB_JPG_Normais\grao_DSC_0507_id52.png,RGB_JPG_Normais,RGB_JPG_Normais
C:\Users\eduar\Desktop\Soybe-main\data\com_fundo\RGB_JPG_Normais\grao_DSC_0507_id53.png,RGB_JPG_Normais,RGB_JPG_Normais
C:\Users\eduar\Desktop\Soybe-main\data\com_fundo\RGB_JPG_Normais\grao_DSC_0507_id54.png,RGB_JPG_Normais,RGB_JPG_Normais
C:\Users\eduar\Desktop\Soybe-main\data\com_fundo\RGB_JPG_Normais\grao_DSC_0507_id55.png,RGB_JPG_Normais,RGB_JPG_Normais
C:\Users\eduar\Desktop\Soybe-main\data\com_fundo\RGB_JPG_Normais\grao_DSC_0507_id56.png,RGB_JPG_Normais,RGB_JPG_Normais
C:\Users\eduar\Desktop\Soybe-main\data\com_fundo\RGB_JPG_Normais\grao_DSC_0507_id57.png,RGB_JPG_Normais,RGB_JPG_Normais
C:\Users\eduar\Desktop\Soybe-main\data\com_fundo\RGB_JPG_Normais\grao_DSC_0507_id58.png,RGB_JPG_Normais,RGB_JPG_Normais
C:\Users\eduar\Desktop\Soybe-main\data\com_fundo\RGB_JPG_Normais\grao_DSC_0507_id59.png,RGB_JPG_Normais,RGB_JPG_Normais
C:\Users\eduar\Desktop\Soybe-main\data\com_fundo\RGB_JPG_Normais\grao_DSC_0507_id6.png,RGB_JPG_Normais,RGB_JPG_Normais
C:\Users\eduar\Desktop\Soybe-main\data\com_fundo\RGB_JPG_Normais\grao_DSC_0507_id60.png,RGB_JPG_Normais,RGB_JPG_Normais
C:\Users\eduar\Desktop\Soybe-main\data\com_fundo\RGB_JPG_Normais\grao_DSC_0507_id61.png,RGB_JPG_Normais,RGB_JPG_Normais
C:\Users\eduar\Desktop\Soybe-main\data\com_fundo\RGB_JPG_Normais\grao_DSC_0507_id62.png,RGB_JPG_Normais,RGB_JPG_Normais
C:\Users\eduar\Desktop\Soybe-main\data\com_fundo\RGB_JPG_Normais\grao_DSC_0507_id63.png,RGB_JPG_Normais,RGB_JPG_Normais
C:\Users\eduar\Desktop\Soybe-main\data\com_fundo\RGB_JPG_Normais\grao_DSC_0507_id64.png,RGB_JPG_Normais,RGB_JPG_Normais
C:\Users\eduar\Desktop\Soybe-main\data\com_fundo\RGB_JPG_Normais\grao_DSC_0507_id65.png,RGB_JPG_Normais,RGB_JPG_Normais
C:\Users\eduar\Desktop\Soybe-main\data\com_fundo\RGB_JPG_Normais\grao_DSC_0507_id66.png,RGB_JPG_Normais,RGB_JPG_Normais
C:\Users\eduar\Desktop\Soybe-main\data\com_fundo\RGB_JPG_Normais\grao_DSC_0507_id67.png,RGB_JPG_Normais,RGB_JPG_Normais
C:\Users\eduar\Desktop\Soybe-main\data\com_fundo\RGB_JPG_Normais\grao_DSC_0507_id68.png,RGB_JPG_Normais,RGB_JPG_Normais
C:\Users\eduar\Desktop\Soybe-main\data\com_fundo\RGB_JPG_Normais\grao_DSC_0507_id69.png,RGB_JPG_Normais,RGB_JPG_Normais
C:\Users\eduar\Desktop\Soybe-main\data\com_fundo\RGB_JPG_Normais\grao_DSC_0507_id7.png,RGB_JPG_Normais,RGB_JPG_Normais
C:\Users\eduar\Desktop\Soybe-main\data\com_fundo\RGB_JPG_Normais\grao_DSC_0507_id70.png,RGB_JPG_Normais,RGB_JPG_Normais
C:\Users\eduar\Desktop\Soybe-main\data\com_fundo\RGB_JPG_Normais\grao_DSC_0507_id71.png,RGB_JPG_Normais,RGB_JPG_Normais
C:\Users\eduar\Desktop\Soybe-main\data\com_fundo\RGB_JPG_Normais\grao_DSC_0507_id72.png,RGB_JPG_Normais,RGB_JPG_Normais
C:\Users\eduar\Desktop\Soybe-main\data\com_fundo\RGB_JPG_Normais\grao_DSC_0507_id73.png,RGB_JPG_Normais,RGB_JPG_Normais
C:\Users\eduar\Desktop\Soybe-main\data\com_fundo\RGB_JPG_Normais\grao_DSC_0507_id74.png,RGB_JPG_Normais,RGB_JPG_Normais
C:\Users\eduar\Desktop\Soybe-main\data\com_fundo\RGB_JPG_Normais\grao_DSC_0507_id75.png,RGB_JPG_Normais,RGB_JPG_Normais
C:\Users\eduar\Desktop\Soybe-main\data\com_fundo\RGB_JPG_Normais\grao_DSC_0507_id76.png,RGB_JPG_Normais,RGB_JPG_Normais
C:\Users\eduar\Desktop\Soybe-main\data\com_fundo\RGB_JPG_Normais\grao_DSC_0507_id77.png,RGB_JPG_Normais,RGB_JPG_Normais
C:\Users\eduar\Desktop\Soybe-main\data\com_fundo\RGB_JPG_Normais\grao_DSC_0507_id78.png,RGB_JPG_Normais,RGB_JPG_Normais
C:\Users\eduar\Desktop\Soybe-main\data\com_fundo\RGB_JPG_Normais\grao_DSC_0507_id79.png,RGB_JPG_Normais,RGB_JPG_Normais
C:\Users\eduar\Desktop\Soybe-main\data\com_fundo\RGB_JPG_Normais\grao_DSC_0507_id8.png,RGB_JPG_Normais,RGB_JPG_Normais
C:\Users\eduar\Desktop\Soybe-main\data\com_fundo\RGB_JPG_Normais\grao_DSC_0507_id80.png,RGB_JPG_Normais,RGB_JPG_Normais
C:\Users\eduar\Desktop\Soybe-main\data\com_fundo\RGB_JPG_Normais\grao_DSC_0507_id81.png,RGB_JPG_Normais,RGB_JPG_Normais
C:\Users\eduar\Desktop\Soybe-main\data\com_fundo\RGB_JPG_Normais\grao_DSC_0507_id82.png,RGB_JPG_Normais,RGB_JPG_Normais
C:\Users\eduar\Desktop\Soybe-main\data\com_fundo\RGB_JPG_Normais\grao_DSC_0507_id83.png,RGB_JPG_Normais,RGB_JPG_Normais
C:\Users\eduar\Desktop\Soybe-main\data\com_fundo\RGB_JPG_Normais\grao_DSC_0507_id84.png,RGB_JPG_Normais,RGB_JPG_Normais
C:\Users\eduar\Desktop\Soybe-main\data\com_fundo\RGB_JPG_Normais\grao_DSC_0507_id85.png,RGB_JPG_Normais,RGB_JPG_Normais
C:\Users\eduar\Desktop\Soybe-main\data\com_fundo\RGB_JPG_Normais\grao_DSC_0507_id86.png,RGB_JPG_Normais,RGB_JPG_Normais
C:\Users\eduar\Desktop\Soybe-main\data\com_fundo\RGB_JPG_Normais\grao_DSC_0507_id87.png,RGB_JPG_Normais,RGB_JPG_Normais
C:\Users\eduar\Desktop\Soybe-main\data\com_fundo\RGB_JPG_Normais\grao_DSC_0507_id88.png,RGB_JPG_Normais,RGB_JPG_Normais
C:\Users\eduar\Desktop\Soybe-main\data\com_fundo\RGB_JPG_Normais\grao_DSC_0507_id89.png,RGB_JPG_Normais,RGB_JPG_Normais
C:\Users\eduar\Desktop\Soybe-main\data\com_fundo\RGB_JPG_Normais\grao_DSC_0507_id9.png,RGB_JPG_Normais,RGB_JPG_Normais
C:\Users\eduar\Desktop\Soybe-main\data\com_fundo\RGB_JPG_Normais\grao_DSC_0507_id90.png,RGB_JPG_Normais,RGB_JPG_Normais
C:\Users\eduar\Desktop\Soybe-main\data\com_fundo\RGB_JPG_Normais\grao_DSC_0507_id91.png,RGB_JPG_Normais,RGB_JPG_Normais
C:\Users\eduar\Desktop\Soybe-main\data\com_fundo\RGB_JPG_Normais\grao_DSC_0507_id92.png,RGB_JPG_Normais,RGB_JPG_Normais
C:\Users\eduar\Desktop\Soybe-main\data\com_fundo\RGB_JPG_Normais\grao_DSC_0507_id93.png,RGB_JPG_Normais,RGB_JPG_Normais
C:\Users\eduar\Desktop\Soybe-main\data\com_fundo\RGB_JPG_Normais\grao_DSC_0507_id94.png,RGB_JPG_Normais,RGB_JPG_Normais
C:\Users\eduar\Desktop\Soybe-main\data\com_fundo\RGB_JPG_Normais\grao_DSC_0507_id95.png,RGB_JPG_Normais,RGB_JPG_Normais
C:\Users\eduar\Desktop\Soybe-main\data\com_fundo\RGB_JPG_Normais\grao_DSC_0507_id96.png,RGB_JPG_Normais,RGB_JPG_Normais
C:\Users\eduar\Desktop\Soybe-main\data\com_fundo\RGB_JPG_Normais\grao_DSC_0507_id97.png,RGB_JPG_Normais,RGB_JPG_Normais
C:\Users\eduar\Desktop\Soybe-main\data\com_fundo\RGB_JPG_Normais\grao_DSC_0507_id98.png,RGB_JPG_Normais,RGB_JPG_Normais
C:\Users\eduar\Desktop\Soybe-main\data\com_fundo\RGB_JPG_Normais\grao_DSC_0507_id99.png,RGB_JPG_Normais,RGB_JPG_Normais
C:\Users\eduar\Desktop\Soybe-main\data\com_fundo\RGB_JPG_Normais\grao_DSC_0618_id1.png,RGB_JPG_Normais,RGB_JPG_Normais
C:\Users\eduar\Desktop\Soybe-main\data\com_fundo\RGB_JPG_Normais\grao_DSC_0618_id10.png,RGB_JPG_Normais,RGB_JPG_Normais
C:\Users\eduar\Desktop\Soybe-main\data\com_fundo\RGB_JPG_Normais\grao_DSC_0618_id100.png,RGB_JPG_Normais,RGB_JPG_Normais
C:\Users\eduar\Desktop\Soybe-main\data\com_fundo\RGB_JPG_Normais\grao_DSC_0618_id101.png,RGB_JPG_Normais,RGB_JPG_Normais
C:\Users\eduar\Desktop\Soybe-main\data\com_fundo\RGB_JPG_Normais\grao_DSC_0618_id102.png,RGB_JPG_Normais,RGB_JPG_Normais
C:\Users\eduar\Desktop\Soybe-main\data\com_fundo\RGB_JPG_Normais\grao_DSC_0618_id103.png,RGB_JPG_Normais,RGB_JPG_Normais
C:\Users\eduar\Desktop\Soybe-main\data\com_fundo\RGB_JPG_Normais\grao_DSC_0618_id104.png,RGB_JPG_Normais,RGB_JPG_Normais
C:\Users\eduar\Desktop\Soybe-main\data\com_fundo\RGB_JPG_Normais\grao_DSC_0618_id105.png,RGB_JPG_Normais,RGB_JPG_Normais
C:\Users\eduar\Desktop\Soybe-main\data\com_fundo\RGB_JPG_Normais\grao_DSC_0618_id106.png,RGB_JPG_Normais,RGB_JPG_Normais
C:\Users\eduar\Desktop\Soybe-main\data\com_fundo\RGB_JPG_Normais\grao_DSC_0618_id107.png,RGB_JPG_Normais,RGB_JPG_Normais
C:\Users\eduar\Desktop\Soybe-main\data\com_fundo\RGB_JPG_Normais\grao_DSC_0618_id108.png,RGB_JPG_Normais,RGB_JPG_Normais
C:\Users\eduar\Desktop\Soybe-main\data\com_fundo\RGB_JPG_Normais\grao_DSC_0618_id109.png,RGB_JPG_Normais,RGB_JPG_Normais
C:\Users\eduar\Desktop\Soybe-main\data\com_fundo\RGB_JPG_Normais\grao_DSC_0618_id11.png,RGB_JPG_Normais,RGB_JPG_Normais
C:\Users\eduar\Desktop\Soybe-main\data\com_fundo\RGB_JPG_Normais\grao_DSC_0618_id110.png,RGB_JPG_Normais,RGB_JPG_Normais
C:\Users\eduar\Desktop\Soybe-main\data\com_fundo\RGB_JPG_Normais\grao_DSC_0618_id111.png,RGB_JPG_Normais,RGB_JPG_Normais
C:\Users\eduar\Desktop\Soybe-main\data\com_fundo\RGB_JPG_Normais\grao_DSC_0618_id112.png,RGB_JPG_Normais,RGB_JPG_Normais
C:\Users\eduar\Desktop\Soybe-main\data\com_fundo\RGB_JPG_Normais\grao_DSC_0618_id12.png,RGB_JPG_Normais,RGB_JPG_Normais
C:\Users\eduar\Desktop\Soybe-main\data\com_fundo\RGB_JPG_Normais\grao_DSC_0618_id13.png,RGB_JPG_Normais,RGB_JPG_Normais
C:\Users\eduar\Desktop\Soybe-main\data\com_fundo\RGB_JPG_Normais\grao_DSC_0618_id14.png,RGB_JPG_Normais,RGB_JPG_Normais
C:\Users\eduar\Desktop\Soybe-main\data\com_fundo\RGB_JPG_Normais\grao_DSC_0618_id15.png,RGB_JPG_Normais,RGB_JPG_Normais
C:\Users\eduar\Desktop\Soybe-main\data\com_fundo\RGB_JPG_Normais\grao_DSC_0618_id18.png,RGB_JPG_Normais,RGB_JPG_Normais
C:\Users\eduar\Desktop\Soybe-main\data\com_fundo\RGB_JPG_Normais\grao_DSC_0618_id19.png,RGB_JPG_Normais,RGB_JPG_Normais
C:\Users\eduar\Desktop\Soybe-main\data\com_fundo\RGB_JPG_Normais\grao_DSC_0618_id2.png,RGB_JPG_Normais,RGB_JPG_Normais
C:\Users\eduar\Desktop\Soybe-main\data\com_fundo\RGB_JPG_Normais\grao_DSC_0618_id20.png,RGB_JPG_Normais,RGB_JPG_Normais
C:\Users\eduar\Desktop\Soybe-main\data\com_fundo\RGB_JPG_Normais\grao_DSC_0618_id21.png,RGB_JPG_Normais,RGB_JPG_Normais
C:\Users\eduar\Desktop\Soybe-main\data\com_fundo\RGB_JPG_Normais\grao_DSC_0618_id22.png,RGB_JPG_Normais,RGB_JPG_Normais
C:\Users\eduar\Desktop\Soybe-main\data\com_fundo\RGB_JPG_Normais\grao_DSC_0618_id23.png,RGB_JPG_Normais,RGB_JPG_Normais
C:\Users\eduar\Desktop\Soybe-main\data\com_fundo\RGB_JPG_Normais\grao_DSC_0618_id24.png,RGB_JPG_Normais,RGB_JPG_Normais
C:\Users\eduar\Desktop\Soybe-main\data\com_fundo\RGB_JPG_Normais\grao_DSC_0618_id25.png,RGB_JPG_Normais,RGB_JPG_Normais
C:\Users\eduar\Desktop\Soybe-main\data\com_fundo\RGB_JPG_Normais\grao_DSC_0618_id26.png,RGB_JPG_Normais,RGB_JPG_Normais
C:\Users\eduar\Desktop\Soybe-main\data\com_fundo\RGB_JPG_Normais\grao_DSC_0618_id27.png,RGB_JPG_Normais,RGB_JPG_Normais
C:\Users\eduar\Desktop\Soybe-main\data\com_fundo\RGB_JPG_Normais\grao_DSC_0618_id28.png,RGB_JPG_Normais,RGB_JPG_Normais
C:\Users\eduar\Desktop\Soybe-main\data\com_fundo\RGB_JPG_Normais\grao_DSC_0618_id29.png,RGB_JPG_Normais,RGB_JPG_Normais
C:\Users\eduar\Desktop\Soybe-main\data\com_fundo\RGB_JPG_Normais\grao_DSC_0618_id3.png,RGB_JPG_Normais,RGB_JPG_Normais
C:\Users\eduar\Desktop\Soybe-main\data\com_fundo\RGB_JPG_Normais\grao_DSC_0618_id30.png,RGB_JPG_Normais,RGB_JPG_Normais
C:\Users\eduar\Desktop\Soybe-main\data\com_fundo\RGB_JPG_Normais\grao_DSC_0618_id31.png,RGB_JPG_Normais,RGB_JPG_Normais
C:\Users\eduar\Desktop\Soybe-main\data\com_fundo\RGB_JPG_Normais\grao_DSC_0618_id32.png,RGB_JPG_Normais,RGB_JPG_Normais
C:\Users\eduar\Desktop\Soybe-main\data\com_fundo\RGB_JPG_Normais\grao_DSC_0618_id33.png,RGB_JPG_Normais,RGB_JPG_Normais
C:\Users\eduar\Desktop\Soybe-main\data\com_fundo\RGB_JPG_Normais\grao_DSC_0618_id34.png,RGB_JPG_Normais,RGB_JPG_Normais
C:\Users\eduar\Desktop\Soybe-main\data\com_fundo\RGB_JPG_Normais\grao_DSC_0618_id35.png,RGB_JPG_Normais,RGB_JPG_Normais
C:\Users\eduar\Desktop\Soybe-main\data\com_fundo\RGB_JPG_Normais\grao_DSC_0618_id36.png,RGB_JPG_Normais,RGB_JPG_Normais
C:\Users\eduar\Desktop\Soybe-main\data\com_fundo\RGB_JPG_Normais\grao_DSC_0618_id37.png,RGB_JPG_Normais,RGB_JPG_Normais
C:\Users\eduar\Desktop\Soybe-main\data\com_fundo\RGB_JPG_Normais\grao_DSC_0618_id38.png,RGB_JPG_Normais,RGB_JPG_Normais
C:\Users\eduar\Desktop\Soybe-main\data\com_fundo\RGB_JPG_Normais\grao_DSC_0618_id39.png,RGB_JPG_Normais,RGB_JPG_Normais
C:\Users\eduar\Desktop\Soybe-main\data\com_fundo\RGB_JPG_Normais\grao_DSC_0618_id4.png,RGB_JPG_Normais,RGB_JPG_Normais
C:\Users\eduar\Desktop\Soybe-main\data\com_fundo\RGB_JPG_Normais\grao_DSC_0618_id40.png,RGB_JPG_Normais,RGB_JPG_Normais
C:\Users\eduar\Desktop\Soybe-main\data\com_fundo\RGB_JPG_Normais\grao_DSC_0618_id41.png,RGB_JPG_Normais,RGB_JPG_Normais
C:\Users\eduar\Desktop\Soybe-main\data\com_fundo\RGB_JPG_Normais\grao_DSC_0618_id42.png,RGB_JPG_Normais,RGB_JPG_Normais
C:\Users\eduar\Desktop\Soybe-main\data\com_fundo\RGB_JPG_Normais\grao_DSC_0618_id43.png,RGB_JPG_Normais,RGB_JPG_Normais
C:\Users\eduar\Desktop\Soybe-main\data\com_fundo\RGB_JPG_Normais\grao_DSC_0618_id44.png,RGB_JPG_Normais,RGB_JPG_Normais
C:\Users\eduar\Desktop\Soybe-main\data\com_fundo\RGB_JPG_Normais\grao_DSC_0618_id45.png,RGB_JPG_Normais,RGB_JPG_Normais
C:\Users\eduar\Desktop\Soybe-main\data\com_fundo\RGB_JPG_Normais\grao_DSC_0618_id46.png,RGB_JPG_Normais,RGB_JPG_Normais
C:\Users\eduar\Desktop\Soybe-main\data\com_fundo\RGB_JPG_Normais\grao_DSC_0618_id47.png,RGB_JPG_Normais,RGB_JPG_Normais
C:\Users\eduar\Desktop\Soybe-main\data\com_fundo\RGB_JPG_Normais\grao_DSC_0618_id48.png,RGB_JPG_Normais,RGB_JPG_Normais
C:\Users\eduar\Desktop\Soybe-main\data\com_fundo\RGB_JPG_Normais\grao_DSC_0618_id49.png,RGB_JPG_Normais,RGB_JPG_Normais
C:\Users\eduar\Desktop\Soybe-main\data\com_fundo\RGB_JPG_Normais\grao_DSC_0618_id5.png,RGB_JPG_Normais,RGB_JPG_Normais
C:\Users\eduar\Desktop\Soybe-main\data\com_fundo\RGB_JPG_Normais\grao_DSC_0618_id50.png,RGB_JPG_Normais,RGB_JPG_Normais
C:\Users\eduar\Desktop\Soybe-main\data\com_fundo\RGB_JPG_Normais\grao_DSC_0618_id51.png,RGB_JPG_Normais,RGB_JPG_Normais
C:\Users\eduar\Desktop\Soybe-main\data\com_fundo\RGB_JPG_Normais\grao_DSC_0618_id52.png,RGB_JPG_Normais,RGB_JPG_Normais
C:\Users\eduar\Desktop\Soybe-main\data\com_fundo\RGB_JPG_Normais\grao_DSC_0618_id53.png,RGB_JPG_Normais,RGB_JPG_Normais
C:\Users\eduar\Desktop\Soybe-main\data\com_fundo\RGB_JPG_Normais\grao_DSC_0618_id54.png,RGB_JPG_Normais,RGB_JPG_Normais
C:\Users\eduar\Desktop\Soybe-main\data\com_fundo\RGB_JPG_Normais\grao_DSC_0618_id55.png,RGB_JPG_Normais,RGB_JPG_Normais
C:\Users\eduar\Desktop\Soybe-main\data\com_fundo\RGB_JPG_Normais\grao_DSC_0618_id56.png,RGB_JPG_Normais,RGB_JPG_Normais
C:\Users\eduar\Desktop\Soybe-main\data\com_fundo\RGB_JPG_Normais\grao_DSC_0618_id57.png,RGB_JPG_Normais,RGB_JPG_Normais
C:\Users\eduar\Desktop\Soybe-main\data\com_fundo\RGB_JPG_Normais\grao_DSC_0618_id58.png,RGB_JPG_Normais,RGB_JPG_Normais
C:\Users\eduar\Desktop\Soybe-main\data\com_fundo\RGB_JPG_Normais\grao_DSC_0618_id59.png,RGB_JPG_Normais,RGB_JPG_Normais
C:\Users\eduar\Desktop\Soybe-main\data\com_fundo\RGB_JPG_Normais\grao_DSC_0618_id6.png,RGB_JPG_Normais,RGB_JPG_Normais
C:\Users\eduar\Desktop\Soybe-main\data\com_fundo\RGB_JPG_Normais\grao_DSC_0618_id60.png,RGB_JPG_Normais,RGB_JPG_Normais
C:\Users\eduar\Desktop\Soybe-main\data\com_fundo\RGB_JPG_Normais\grao_DSC_0618_id61.png,RGB_JPG_Normais,RGB_JPG_Normais
C:\Users\eduar\Desktop\Soybe-main\data\com_fundo\RGB_JPG_Normais\grao_DSC_0618_id62.png,RGB_JPG_Normais,RGB_JPG_Normais
C:\Users\eduar\Desktop\Soybe-main\data\com_fundo\RGB_JPG_Normais\grao_DSC_0618_id63.png,RGB_JPG_Normais,RGB_JPG_Normais
C:\Users\eduar\Desktop\Soybe-main\data\com_fundo\RGB_JPG_Normais\grao_DSC_0618_id64.png,RGB_JPG_Normais,RGB_JPG_Normais
C:\Users\eduar\Desktop\Soybe-main\data\com_fundo\RGB_JPG_Normais\grao_DSC_0618_id65.png,RGB_JPG_Normais,RGB_JPG_Normais
C:\Users\eduar\Desktop\Soybe-main\data\com_fundo\RGB_JPG_Normais\grao_DSC_0618_id66.png,RGB_JPG_Normais,RGB_JPG_Normais
C:\Users\eduar\Desktop\Soybe-main\data\com_fundo\RGB_JPG_Normais\grao_DSC_0618_id67.png,RGB_JPG_Normais,RGB_JPG_Normais
C:\Users\eduar\Desktop\Soybe-main\data\com_fundo\RGB_JPG_Normais\grao_DSC_0618_id68.png,RGB_JPG_Normais,RGB_JPG_Normais
C:\Users\eduar\Desktop\Soybe-main\data\com_fundo\RGB_JPG_Normais\grao_DSC_0618_id69.png,RGB_JPG_Normais,RGB_JPG_Normais
C:\Users\eduar\Desktop\Soybe-main\data\com_fundo\RGB_JPG_Normais\grao_DSC_0618_id7.png,RGB_JPG_Normais,RGB_JPG_Normais
C:\Users\eduar\Desktop\Soybe-main\data\com_fundo\RGB_JPG_Normais\grao_DSC_0618_id70.png,RGB_JPG_Normais,RGB_JPG_Normais
C:\Users\eduar\Desktop\Soybe-main\data\com_fundo\RGB_JPG_Normais\grao_DSC_0618_id71.png,RGB_JPG_Normais,RGB_JPG_Normais
C:\Users\eduar\Desktop\Soybe-main\data\com_fundo\RGB_JPG_Normais\grao_DSC_0618_id72.png,RGB_JPG_Normais,RGB_JPG_Normais
C:\Users\eduar\Desktop\Soybe-main\data\com_fundo\RGB_JPG_Normais\grao_DSC_0618_id73.png,RGB_JPG_Normais,RGB_JPG_Normais
C:\Users\eduar\Desktop\Soybe-main\data\com_fundo\RGB_JPG_Normais\grao_DSC_0618_id74.png,RGB_JPG_Normais,RGB_JPG_Normais
C:\Users\eduar\Desktop\Soybe-main\data\com_fundo\RGB_JPG_Normais\grao_DSC_0618_id75.png,RGB_JPG_Normais,RGB_JPG_Normais
C:\Users\eduar\Desktop\Soybe-main\data\com_fundo\RGB_JPG_Normais\grao_DSC_0618_id76.png,RGB_JPG_Normais,RGB_JPG_Normais
C:\Users\eduar\Desktop\Soybe-main\data\com_fundo\RGB_JPG_Normais\grao_DSC_0618_id77.png,RGB_JPG_Normais,RGB_JPG_Normais
C:\Users\eduar\Desktop\Soybe-main\data\com_fundo\RGB_JPG_Normais\grao_DSC_0618_id78.png,RGB_JPG_Normais,RGB_JPG_Normais
C:\Users\eduar\Desktop\Soybe-main\data\com_fundo\RGB_JPG_Normais\grao_DSC_0618_id79.png,RGB_JPG_Normais,RGB_JPG_Normais
C:\Users\eduar\Desktop\Soybe-main\data\com_fundo\RGB_JPG_Normais\grao_DSC_0618_id8.png,RGB_JPG_Normais,RGB_JPG_Normais
C:\Users\eduar\Desktop\Soybe-main\data\com_fundo\RGB_JPG_Normais\grao_DSC_0618_id80.png,RGB_JPG_Normais,RGB_JPG_Normais
C:\Users\eduar\Desktop\Soybe-main\data\com_fundo\RGB_JPG_Normais\grao_DSC_0618_id81.png,RGB_JPG_Normais,RGB_JPG_Normais
C:\Users\eduar\Desktop\Soybe-main\data\com_fundo\RGB_JPG_Normais\grao_DSC_0618_id82.png,RGB_JPG_Normais,RGB_JPG_Normais
C:\Users\eduar\Desktop\Soybe-main\data\com_fundo\RGB_JPG_Normais\grao_DSC_0618_id84.png,RGB_JPG_Normais,RGB_JPG_Normais
C:\Users\eduar\Desktop\Soybe-main\data\com_fundo\RGB_JPG_Normais\grao_DSC_0618_id85.png,RGB_JPG_Normais,RGB_JPG_Normais
C:\Users\eduar\Desktop\Soybe-main\data\com_fundo\RGB_JPG_Normais\grao_DSC_0618_id86.png,RGB_JPG_Normais,RGB_JPG_Normais
C:\Users\eduar\Desktop\Soybe-main\data\com_fundo\RGB_JPG_Normais\grao_DSC_0618_id87.png,RGB_JPG_Normais,RGB_JPG_Normais
C:\Users\eduar\Desktop\Soybe-main\data\com_fundo\RGB_JPG_Normais\grao_DSC_0618_id88.png,RGB_JPG_Normais,RGB_JPG_Normais
C:\Users\eduar\Desktop\Soybe-main\data\com_fundo\RGB_JPG_Normais\grao_DSC_0618_id89.png,RGB_JPG_Normais,RGB_JPG_Normais
C:\Users\eduar\Desktop\Soybe-main\data\com_fundo\RGB_JPG_Normais\grao_DSC_0618_id9.png,RGB_JPG_Normais,RGB_JPG_Normais
C:\Users\eduar\Desktop\Soybe-main\data\com_fundo\RGB_JPG_Normais\grao_DSC_0618_id90.png,RGB_JPG_Normais,RGB_JPG_Normais
C:\Users\eduar\Desktop\Soybe-main\data\com_fundo\RGB_JPG_Normais\grao_DSC_0618_id91.png,RGB_JPG_Normais,RGB_JPG_Normais
C:\Users\eduar\Desktop\Soybe-main\data\com_fundo\RGB_JPG_Normais\grao_DSC_0618_id92.png,RGB_JPG_Normais,RGB_JPG_Normais
C:\Users\eduar\Desktop\Soybe-main\data\com_fundo\RGB_JPG_Normais\grao_DSC_0618_id93.png,RGB_JPG_Normais,RGB_JPG_Normais
C:\Users\eduar\Desktop\Soybe-main\data\com_fundo\RGB_JPG_Normais\grao_DSC_0618_id94.png,RGB_JPG_Normais,RGB_JPG_Normais
C:\Users\eduar\Desktop\Soybe-main\data\com_fundo\RGB_JPG_Normais\grao_DSC_0618_id95.png,RGB_JPG_Normais,RGB_JPG_Normais
C:\Users\eduar\Desktop\Soybe-main\data\com_fundo\RGB_JPG_Normais\grao_DSC_0618_id96.png,RGB_JPG_Normais,RGB_JPG_Normais
C:\Users\eduar\Desktop\Soybe-main\data\com_fundo\RGB_JPG_Normais\grao_DSC_0618_id97.png,RGB_JPG_Normais,RGB_JPG_Normais
C:\Users\eduar\Desktop\Soybe-main\data\com_fundo\RGB_JPG_Normais\grao_DSC_0618_id98.png,RGB_JPG_Normais,RGB_JPG_Normais
C:\Users\eduar\Desktop\Soybe-main\data\com_fundo\RGB_JPG_Normais\grao_DSC_0618_id99.png,RGB_JPG_Normais,RGB_JPG_Normais
C:\Users\eduar\Desktop\Soybe-main\data\com_fundo\RGB_JPG_Normais\grao_DSC_0634_id1.png,RGB_JPG_Normais,RGB_JPG_Normais
C:\Users\eduar\Desktop\Soybe-main\data\com_fundo\RGB_JPG_Normais\grao_DSC_0634_id10.png,RGB_JPG_Normais,RGB_JPG_Normais
C:\Users\eduar\Desktop\Soybe-main\data\com_fundo\RGB_JPG_Normais\grao_DSC_0634_id11.png,RGB_JPG_Normais,RGB_JPG_Normais
C:\Users\eduar\Desktop\Soybe-main\data\com_fundo\RGB_JPG_Normais\grao_DSC_0634_id12.png,RGB_JPG_Normais,RGB_JPG_Normais
C:\Users\eduar\Desktop\Soybe-main\data\com_fundo\RGB_JPG_Normais\grao_DSC_0634_id13.png,RGB_JPG_Normais,RGB_JPG_Normais
C:\Users\eduar\Desktop\Soybe-main\data\com_fundo\RGB_JPG_Normais\grao_DSC_0634_id14.png,RGB_JPG_Normais,RGB_JPG_Normais
C:\Users\eduar\Desktop\Soybe-main\data\com_fundo\RGB_JPG_Normais\grao_DSC_0634_id15.png,RGB_JPG_Normais,RGB_JPG_Normais
C:\Users\eduar\Desktop\Soybe-main\data\com_fundo\RGB_JPG_Normais\grao_DSC_0634_id16.png,RGB_JPG_Normais,RGB_JPG_Normais
C:\Users\eduar\Desktop\Soybe-main\data\com_fundo\RGB_JPG_Normais\grao_DSC_0634_id17.png,RGB_JPG_Normais,RGB_JPG_Normais
C:\Users\eduar\Desktop\Soybe-main\data\com_fundo\RGB_JPG_Normais\grao_DSC_0634_id18.png,RGB_JPG_Normais,RGB_JPG_Normais
C:\Users\eduar\Desktop\Soybe-main\data\com_fundo\RGB_JPG_Normais\grao_DSC_0634_id19.png,RGB_JPG_Normais,RGB_JPG_Normais
C:\Users\eduar\Desktop\Soybe-main\data\com_fundo\RGB_JPG_Normais\grao_DSC_0634_id2.png,RGB_JPG_Normais,RGB_JPG_Normais
C:\Users\eduar\Desktop\Soybe-main\data\com_fundo\RGB_JPG_Normais\grao_DSC_0634_id20.png,RGB_JPG_Normais,RGB_JPG_Normais
C:\Users\eduar\Desktop\Soybe-main\data\com_fundo\RGB_JPG_Normais\grao_DSC_0634_id21.png,RGB_JPG_Normais,RGB_JPG_Normais
C:\Users\eduar\Desktop\Soybe-main\data\com_fundo\RGB_JPG_Normais\grao_DSC_0634_id22.png,RGB_JPG_Normais,RGB_JPG_Normais
C:\Users\eduar\Desktop\Soybe-main\data\com_fundo\RGB_JPG_Normais\grao_DSC_0634_id23.png,RGB_JPG_Normais,RGB_JPG_Normais
C:\Users\eduar\Desktop\Soybe-main\data\com_fundo\RGB_JPG_Normais\grao_DSC_0634_id24.png,RGB_JPG_Normais,RGB_JPG_Normais
C:\Users\eduar\Desktop\Soybe-main\data\com_fundo\RGB_JPG_Normais\grao_DSC_0634_id25.png,RGB_JPG_Normais,RGB_JPG_Normais
C:\Users\eduar\Desktop\Soybe-main\data\com_fundo\RGB_JPG_Normais\grao_DSC_0634_id26.png,RGB_JPG_Normais,RGB_JPG_Normais
C:\Users\eduar\Desktop\Soybe-main\data\com_fundo\RGB_JPG_Normais\grao_DSC_0634_id27.png,RGB_JPG_Normais,RGB_JPG_QUEBRADOS
C:\Users\eduar\Desktop\Soybe-main\data\com_fundo\RGB_JPG_Normais\grao_DSC_0634_id28.png,RGB_JPG_Normais,RGB_JPG_Normais
C:\Users\eduar\Desktop\Soybe-main\data\com_fundo\RGB_JPG_Normais\grao_DSC_0634_id29.png,RGB_JPG_Normais,RGB_JPG_Normais
C:\Users\eduar\Desktop\Soybe-main\data\com_fundo\RGB_JPG_Normais\grao_DSC_0634_id3.png,RGB_JPG_Normais,RGB_JPG_Normais
C:\Users\eduar\Desktop\Soybe-main\data\com_fundo\RGB_JPG_Normais\grao_DSC_0634_id30.png,RGB_JPG_Normais,RGB_JPG_Normais
C:\Users\eduar\Desktop\Soybe-main\data\com_fundo\RGB_JPG_Normais\grao_DSC_0634_id31.png,RGB_JPG_Normais,RGB_JPG_Normais
C:\Users\eduar\Desktop\Soybe-main\data\com_fundo\RGB_JPG_Normais\grao_DSC_0634_id32.png,RGB_JPG_Normais,RGB_JPG_Normais
C:\Users\eduar\Desktop\Soybe-main\data\com_fundo\RGB_JPG_Normais\grao_DSC_0634_id33.png,RGB_JPG_Normais,RGB_JPG_Normais
C:\Users\eduar\Desktop\Soybe-main\data\com_fundo\RGB_JPG_Normais\grao_DSC_0634_id34.png,RGB_JPG_Normais,RGB_JPG_Normais
C:\Users\eduar\Desktop\Soybe-main\data\com_fundo\RGB_JPG_Normais\grao_DSC_0634_id35.png,RGB_JPG_Normais,RGB_JPG_Normais
C:\Users\eduar\Desktop\Soybe-main\data\com_fundo\RGB_JPG_Normais\grao_DSC_0634_id36.png,RGB_JPG_Normais,RGB_JPG_Normais
C:\Users\eduar\Desktop\Soybe-main\data\com_fundo\RGB_JPG_Normais\grao_DSC_0634_id37.png,RGB_JPG_Normais,RGB_JPG_Normais
C:\Users\eduar\Desktop\Soybe-main\data\com_fundo\RGB_JPG_Normais\grao_DSC_0634_id38.png,RGB_JPG_Normais,RGB_JPG_Normais
C:\Users\eduar\Desktop\Soybe-main\data\com_fundo\RGB_JPG_Normais\grao_DSC_0634_id39.png,RGB_JPG_Normais,RGB_JPG_Normais
C:\Users\eduar\Desktop\Soybe-main\data\com_fundo\RGB_JPG_Normais\grao_DSC_0634_id4.png,RGB_JPG_Normais,RGB_JPG_Normais
C:\Users\eduar\Desktop\Soybe-main\data\com_fundo\RGB_JPG_Normais\grao_DSC_0634_id40.png,RGB_JPG_Normais,RGB_JPG_Normais
C:\Users\eduar\Desktop\Soybe-main\data\com_fundo\RGB_JPG_Normais\grao_DSC_0634_id41.png,RGB_JPG_Normais,RGB_JPG_Normais
C:\Users\eduar\Desktop\Soybe-main\data\com_fundo\RGB_JPG_Normais\grao_DSC_0634_id42.png,RGB_JPG_Normais,RGB_JPG_PURPURAS
C:\Users\eduar\Desktop\Soybe-main\data\com_fundo\RGB_JPG_Normais\grao_DSC_0634_id43.png,RGB_JPG_Normais,RGB_JPG_Normais
C:\Users\eduar\Desktop\Soybe-main\data\com_fundo\RGB_JPG_Normais\grao_DSC_0634_id44.png,RGB_JPG_Normais,RGB_JPG_Normais
C:\Users\eduar\Desktop\Soybe-main\data\com_fundo\RGB_JPG_Normais\grao_DSC_0634_id45.png,RGB_JPG_Normais,RGB_JPG_Normais
C:\Users\eduar\Desktop\Soybe-main\data\com_fundo\RGB_JPG_Normais\grao_DSC_0634_id46.png,RGB_JPG_Normais,RGB_JPG_Normais
C:\Users\eduar\Desktop\Soybe-main\data\com_fundo\RGB_JPG_Normais\grao_DSC_0634_id47.png,RGB_JPG_Normais,RGB_JPG_Normais
C:\Users\eduar\Desktop\Soybe-main\data\com_fundo\RGB_JPG_Normais\grao_DSC_0634_id48.png,RGB_JPG_Normais,RGB_JPG_Normais
C:\Users\eduar\Desktop\Soybe-main\data\com_fundo\RGB_JPG_Normais\grao_DSC_0634_id49.png,RGB_JPG_Normais,RGB_JPG_Normais
C:\Users\eduar\Desktop\Soybe-main\data\com_fundo\RGB_JPG_Normais\grao_DSC_0634_id5.png,RGB_JPG_Normais,RGB_JPG_Normais
C:\Users\eduar\Desktop\Soybe-main\data\com_fundo\RGB_JPG_Normais\grao_DSC_0634_id50.png,RGB_JPG_Normais,RGB_JPG_Normais
C:\Users\eduar\Desktop\Soybe-main\data\com_fundo\RGB_JPG_Normais\grao_DSC_0634_id51.png,RGB_JPG_Normais,RGB_JPG_Normais
C:\Users\eduar\Desktop\Soybe-main\data\com_fundo\RGB_JPG_Normais\grao_DSC_0634_id52.png,RGB_JPG_Normais,RGB_JPG_Normais
C:\Users\eduar\Desktop\Soybe-main\data\com_fundo\RGB_JPG_Normais\grao_DSC_0634_id53.png,RGB_JPG_Normais,RGB_JPG_Normais
C:\Users\eduar\Desktop\Soybe-main\data\com_fundo\RGB_JPG_Normais\grao_DSC_0634_id54.png,RGB_JPG_Normais,RGB_JPG_Normais
C:\Users\eduar\Desktop\Soybe-main\data\com_fundo\RGB_JPG_Normais\grao_DSC_0634_id55.png,RGB_JPG_Normais,RGB_JPG_Normais
C:\Users\eduar\Desktop\Soybe-main\data\com_fundo\RGB_JPG_Normais\grao_DSC_0634_id56.png,RGB_JPG_Normais,RGB_JPG_Normais
C:\Users\eduar\Desktop\Soybe-main\data\com_fundo\RGB_JPG_Normais\grao_DSC_0634_id57.png,RGB_JPG_Normais,RGB_JPG_Normais
C:\Users\eduar\Desktop\Soybe-main\data\com_fundo\RGB_JPG_Normais\grao_DSC_0634_id58.png,RGB_JPG_Normais,RGB_JPG_Normais
C:\Users\eduar\Desktop\Soybe-main\data\com_fundo\RGB_JPG_Normais\grao_DSC_0634_id59.png,RGB_JPG_Normais,RGB_JPG_Normais
C:\Users\eduar\Desktop\Soybe-main\data\com_fundo\RGB_JPG_Normais\grao_DSC_0634_id6.png,RGB_JPG_Normais,RGB_JPG_Normais
C:\Users\eduar\Desktop\Soybe-main\data\com_fundo\RGB_JPG_Normais\grao_DSC_0634_id60.png,RGB_JPG_Normais,RGB_JPG_Normais
C:\Users\eduar\Desktop\Soybe-main\data\com_fundo\RGB_JPG_Normais\grao_DSC_0634_id61.png,RGB_JPG_Normais,RGB_JPG_Normais
C:\Users\eduar\Desktop\Soybe-main\data\com_fundo\RGB_JPG_Normais\grao_DSC_0634_id62.png,RGB_JPG_Normais,RGB_JPG_Normais
C:\Users\eduar\Desktop\Soybe-main\data\com_fundo\RGB_JPG_Normais\grao_DSC_0634_id63.png,RGB_JPG_Normais,RGB_JPG_Normais
C:\Users\eduar\Desktop\Soybe-main\data\com_fundo\RGB_JPG_Normais\grao_DSC_0634_id64.png,RGB_JPG_Normais,RGB_JPG_Normais
C:\Users\eduar\Desktop\Soybe-main\data\com_fundo\RGB_JPG_Normais\grao_DSC_0634_id65.png,RGB_JPG_Normais,RGB_JPG_Normais
C:\Users\eduar\Desktop\Soybe-main\data\com_fundo\RGB_JPG_Normais\grao_DSC_0634_id66.png,RGB_JPG_Normais,RGB_JPG_Normais
C:\Users\eduar\Desktop\Soybe-main\data\com_fundo\RGB_JPG_Normais\grao_DSC_0634_id67.png,RGB_JPG_Normais,RGB_JPG_Normais
C:\Users\eduar\Desktop\Soybe-main\data\com_fundo\RGB_JPG_Normais\grao_DSC_0634_id68.png,RGB_JPG_Normais,RGB_JPG_Normais
C:\Users\eduar\Desktop\Soybe-main\data\com_fundo\RGB_JPG_Normais\grao_DSC_0634_id69.png,RGB_JPG_Normais,RGB_JPG_Normais
C:\Users\eduar\Desktop\Soybe-main\data\com_fundo\RGB_JPG_Normais\grao_DSC_0634_id7.png,RGB_JPG_Normais,RGB_JPG_Normais
C:\Users\eduar\Desktop\Soybe-main\data\com_fundo\RGB_JPG_Normais\grao_DSC_0634_id70.png,RGB_JPG_Normais,RGB_JPG_Normais
C:\Users\eduar\Desktop\Soybe-main\data\com_fundo\RGB_JPG_Normais\grao_DSC_0634_id71.png,RGB_JPG_Normais,RGB_JPG_Normais
C:\Users\eduar\Desktop\Soybe-main\data\com_fundo\RGB_JPG_Normais\grao_DSC_0634_id72.png,RGB_JPG_Normais,RGB_JPG_Normais
C:\Users\eduar\Desktop\Soybe-main\data\com_fundo\RGB_JPG_Normais\grao_DSC_0634_id73.png,RGB_JPG_Normais,RGB_JPG_Normais
C:\Users\eduar\Desktop\Soybe-main\data\com_fundo\RGB_JPG_Normais\grao_DSC_0634_id74.png,RGB_JPG_Normais,RGB_JPG_Normais
C:\Users\eduar\Desktop\Soybe-main\data\com_fundo\RGB_JPG_Normais\grao_DSC_0634_id75.png,RGB_JPG_Normais,RGB_JPG_Normais
C:\Users\eduar\Desktop\Soybe-main\data\com_fundo\RGB_JPG_Normais\grao_DSC_0634_id76.png,RGB_JPG_Normais,RGB_JPG_Normais
C:\Users\eduar\Desktop\Soybe-main\data\com_fundo\RGB_JPG_Normais\grao_DSC_0634_id77.png,RGB_JPG_Normais,RGB_JPG_Normais
C:\Users\eduar\Desktop\Soybe-main\data\com_fundo\RGB_JPG_Normais\grao_DSC_0634_id78.png,RGB_JPG_Normais,RGB_JPG_Normais
C:\Users\eduar\Desktop\Soybe-main\data\com_fundo\RGB_JPG_Normais\grao_DSC_0634_id79.png,RGB_JPG_Normais,RGB_JPG_Normais
C:\Users\eduar\Desktop\Soybe-main\data\com_fundo\RGB_JPG_Normais\grao_DSC_0634_id8.png,RGB_JPG_Normais,RGB_JPG_Normais
C:\Users\eduar\Desktop\Soybe-main\data\com_fundo\RGB_JPG_Normais\grao_DSC_0634_id80.png,RGB_JPG_Normais,RGB_JPG_Normais
C:\Users\eduar\Desktop\Soybe-main\data\com_fundo\RGB_JPG_Normais\grao_DSC_0634_id82.png,RGB_JPG_Normais,RGB_JPG_Normais
C:\Users\eduar\Desktop\Soybe-main\data\com_fundo\RGB_JPG_Normais\grao_DSC_0634_id83.png,RGB_JPG_Normais,RGB_JPG_Normais
C:\Users\eduar\Desktop\Soybe-main\data\com_fundo\RGB_JPG_Normais\grao_DSC_0634_id84.png,RGB_JPG_Normais,RGB_JPG_Normais
C:\Users\eduar\Desktop\Soybe-main\data\com_fundo\RGB_JPG_Normais\grao_DSC_0634_id85.png,RGB_JPG_Normais,RGB_JPG_Normais
C:\Users\eduar\Desktop\Soybe-main\data\com_fundo\RGB_JPG_Normais\grao_DSC_0634_id86.png,RGB_JPG_Normais,RGB_JPG_Normais
C:\Users\eduar\Desktop\Soybe-main\data\com_fundo\RGB_JPG_Normais\grao_DSC_0634_id87.png,RGB_JPG_Normais,RGB_JPG_Normais
C:\Users\eduar\Desktop\Soybe-main\data\com_fundo\RGB_JPG_Normais\grao_DSC_0634_id88.png,RGB_JPG_Normais,RGB_JPG_Normais
C:\Users\eduar\Desktop\Soybe-main\data\com_fundo\RGB_JPG_Normais\grao_DSC_0634_id89.png,RGB_JPG_Normais,RGB_JPG_Normais
C:\Users\eduar\Desktop\Soybe-main\data\com_fundo\RGB_JPG_Normais\grao_DSC_0634_id9.png,RGB_JPG_Normais,RGB_JPG_Normais
C:\Users\eduar\Desktop\Soybe-main\data\com_fundo\RGB_JPG_Normais\grao_DSC_0634_id90.png,RGB_JPG_Normais,RGB_JPG_Normais
C:\Users\eduar\Desktop\Soybe-main\data\com_fundo\RGB_JPG_Normais\grao_DSC_0634_id91.png,RGB_JPG_Normais,RGB_JPG_Normais
C:\Users\eduar\Desktop\Soybe-main\data\com_fundo\RGB_JPG_Normais\grao_DSC_0634_id92.png,RGB_JPG_Normais,RGB_JPG_Normais
C:\Users\eduar\Desktop\Soybe-main\data\com_fundo\RGB_JPG_Normais\grao_DSC_0634_id93.png,RGB_JPG_Normais,RGB_JPG_Normais
C:\Users\eduar\Desktop\Soybe-main\data\com_fundo\RGB_JPG_Normais\grao_DSC_0634_id94.png,RGB_JPG_Normais,RGB_JPG_Normais
C:\Users\eduar\Desktop\Soybe-main\data\com_fundo\RGB_JPG_Normais\grao_DSC_0634_id95.png,RGB_JPG_Normais,RGB_JPG_Normais
C:\Users\eduar\Desktop\Soybe-main\data\com_fundo\RGB_JPG_Normais\grao_DSC_0634_id96.png,RGB_JPG_Normais,RGB_JPG_Normais
C:\Users\eduar\Desktop\Soybe-main\data\com_fundo\RGB_JPG_Normais\grao_DSC_0657_id1.png,RGB_JPG_Normais,RGB_JPG_Normais
C:\Users\eduar\Desktop\Soybe-main\data\com_fundo\RGB_JPG_Normais\grao_DSC_0657_id10.png,RGB_JPG_Normais,RGB_JPG_Normais
C:\Users\eduar\Desktop\Soybe-main\data\com_fundo\RGB_JPG_Normais\grao_DSC_0657_id100.png,RGB_JPG_Normais,RGB_JPG_Normais
C:\Users\eduar\Desktop\Soybe-main\data\com_fundo\RGB_JPG_Normais\grao_DSC_0657_id101.png,RGB_JPG_Normais,RGB_JPG_Normais
C:\Users\eduar\Desktop\Soybe-main\data\com_fundo\RGB_JPG_Normais\grao_DSC_0657_id11.png,RGB_JPG_Normais,RGB_JPG_Normais
C:\Users\eduar\Desktop\Soybe-main\data\com_fundo\RGB_JPG_Normais\grao_DSC_0657_id12.png,RGB_JPG_Normais,RGB_JPG_Normais
C:\Users\eduar\Desktop\Soybe-main\data\com_fundo\RGB_JPG_Normais\grao_DSC_0657_id13.png,RGB_JPG_Normais,RGB_JPG_Normais
C:\Users\eduar\Desktop\Soybe-main\data\com_fundo\RGB_JPG_Normais\grao_DSC_0657_id14.png,RGB_JPG_Normais,RGB_JPG_Normais
C:\Users\eduar\Desktop\Soybe-main\data\com_fundo\RGB_JPG_Normais\grao_DSC_0657_id15.png,RGB_JPG_Normais,RGB_JPG_Normais
C:\Users\eduar\Desktop\Soybe-main\data\com_fundo\RGB_JPG_Normais\grao_DSC_0657_id16.png,RGB_JPG_Normais,RGB_JPG_Normais
C:\Users\eduar\Desktop\Soybe-main\data\com_fundo\RGB_JPG_Normais\grao_DSC_0657_id17.png,RGB_JPG_Normais,RGB_JPG_Normais
C:\Users\eduar\Desktop\Soybe-main\data\com_fundo\RGB_JPG_Normais\grao_DSC_0657_id18.png,RGB_JPG_Normais,RGB_JPG_Normais
C:\Users\eduar\Desktop\Soybe-main\data\com_fundo\RGB_JPG_Normais\grao_DSC_0657_id19.png,RGB_JPG_Normais,RGB_JPG_Normais
C:\Users\eduar\Desktop\Soybe-main\data\com_fundo\RGB_JPG_Normais\grao_DSC_0657_id2.png,RGB_JPG_Normais,RGB_JPG_Normais
C:\Users\eduar\Desktop\Soybe-main\data\com_fundo\RGB_JPG_Normais\grao_DSC_0657_id20.png,RGB_JPG_Normais,RGB_JPG_Normais
C:\Users\eduar\Desktop\Soybe-main\data\com_fundo\RGB_JPG_Normais\grao_DSC_0657_id21.png,RGB_JPG_Normais,RGB_JPG_Normais
C:\Users\eduar\Desktop\Soybe-main\data\com_fundo\RGB_JPG_Normais\grao_DSC_0657_id22.png,RGB_JPG_Normais,RGB_JPG_Normais
C:\Users\eduar\Desktop\Soybe-main\data\com_fundo\RGB_JPG_Normais\grao_DSC_0657_id23.png,RGB_JPG_Normais,RGB_JPG_Normais
C:\Users\eduar\Desktop\Soybe-main\data\com_fundo\RGB_JPG_Normais\grao_DSC_0657_id24.png,RGB_JPG_Normais,RGB_JPG_Normais
C:\Users\eduar\Desktop\Soybe-main\data\com_fundo\RGB_JPG_Normais\grao_DSC_0657_id25.png,RGB_JPG_Normais,RGB_JPG_Normais
C:\Users\eduar\Desktop\Soybe-main\data\com_fundo\RGB_JPG_Normais\grao_DSC_0657_id26.png,RGB_JPG_Normais,RGB_JPG_Normais
C:\Users\eduar\Desktop\Soybe-main\data\com_fundo\RGB_JPG_Normais\grao_DSC_0657_id27.png,RGB_JPG_Normais,RGB_JPG_Normais
C:\Users\eduar\Desktop\Soybe-main\data\com_fundo\RGB_JPG_Normais\grao_DSC_0657_id28.png,RGB_JPG_Normais,RGB_JPG_Normais
C:\Users\eduar\Desktop\Soybe-main\data\com_fundo\RGB_JPG_Normais\grao_DSC_0657_id29.png,RGB_JPG_Normais,RGB_JPG_Normais
C:\Users\eduar\Desktop\Soybe-main\data\com_fundo\RGB_JPG_Normais\grao_DSC_0657_id3.png,RGB_JPG_Normais,RGB_JPG_Normais
C:\Users\eduar\Desktop\Soybe-main\data\com_fundo\RGB_JPG_Normais\grao_DSC_0657_id30.png,RGB_JPG_Normais,RGB_JPG_Normais
C:\Users\eduar\Desktop\Soybe-main\data\com_fundo\RGB_JPG_Normais\grao_DSC_0657_id31.png,RGB_JPG_Normais,RGB_JPG_Normais
C:\Users\eduar\Desktop\Soybe-main\data\com_fundo\RGB_JPG_Normais\grao_DSC_0657_id32.png,RGB_JPG_Normais,RGB_JPG_Normais
C:\Users\eduar\Desktop\Soybe-main\data\com_fundo\RGB_JPG_Normais\grao_DSC_0657_id33.png,RGB_JPG_Normais,RGB_JPG_Normais
C:\Users\eduar\Desktop\Soybe-main\data\com_fundo\RGB_JPG_Normais\grao_DSC_0657_id34.png,RGB_JPG_Normais,RGB_JPG_Normais
C:\Users\eduar\Desktop\Soybe-main\data\com_fundo\RGB_JPG_Normais\grao_DSC_0657_id35.png,RGB_JPG_Normais,RGB_JPG_Normais
C:\Users\eduar\Desktop\Soybe-main\data\com_fundo\RGB_JPG_Normais\grao_DSC_0657_id36.png,RGB_JPG_Normais,RGB_JPG_Normais
C:\Users\eduar\Desktop\Soybe-main\data\com_fundo\RGB_JPG_Normais\grao_DSC_0657_id37.png,RGB_JPG_Normais,RGB_JPG_Normais
C:\Users\eduar\Desktop\Soybe-main\data\com_fundo\RGB_JPG_Normais\grao_DSC_0657_id38.png,RGB_JPG_Normais,RGB_JPG_Normais
C:\Users\eduar\Desktop\Soybe-main\data\com_fundo\RGB_JPG_Normais\grao_DSC_0657_id39.png,RGB_JPG_Normais,RGB_JPG_Normais
C:\Users\eduar\Desktop\Soybe-main\data\com_fundo\RGB_JPG_Normais\grao_DSC_0657_id4.png,RGB_JPG_Normais,RGB_JPG_Normais
C:\Users\eduar\Desktop\Soybe-main\data\com_fundo\RGB_JPG_Normais\grao_DSC_0657_id40.png,RGB_JPG_Normais,RGB_JPG_Normais
C:\Users\eduar\Desktop\Soybe-main\data\com_fundo\RGB_JPG_Normais\grao_DSC_0657_id41.png,RGB_JPG_Normais,RGB_JPG_Normais
C:\Users\eduar\Desktop\Soybe-main\data\com_fundo\RGB_JPG_Normais\grao_DSC_0657_id42.png,RGB_JPG_Normais,RGB_JPG_Normais
C:\Users\eduar\Desktop\Soybe-main\data\com_fundo\RGB_JPG_Normais\grao_DSC_0657_id43.png,RGB_JPG_Normais,RGB_JPG_Normais
C:\Users\eduar\Desktop\Soybe-main\data\com_fundo\RGB_JPG_Normais\grao_DSC_0657_id44.png,RGB_JPG_Normais,RGB_JPG_Normais
C:\Users\eduar\Desktop\Soybe-main\data\com_fundo\RGB_JPG_Normais\grao_DSC_0657_id45.png,RGB_JPG_Normais,RGB_JPG_Normais
C:\Users\eduar\Desktop\Soybe-main\data\com_fundo\RGB_JPG_Normais\grao_DSC_0657_id46.png,RGB_JPG_Normais,RGB_JPG_Normais
C:\Users\eduar\Desktop\Soybe-main\data\com_fundo\RGB_JPG_Normais\grao_DSC_0657_id47.png,RGB_JPG_Normais,RGB_JPG_Normais
C:\Users\eduar\Desktop\Soybe-main\data\com_fundo\RGB_JPG_Normais\grao_DSC_0657_id48.png,RGB_JPG_Normais,RGB_JPG_Normais
C:\Users\eduar\Desktop\Soybe-main\data\com_fundo\RGB_JPG_Normais\grao_DSC_0657_id49.png,RGB_JPG_Normais,RGB_JPG_Normais
C:\Users\eduar\Desktop\Soybe-main\data\com_fundo\RGB_JPG_Normais\grao_DSC_0657_id5.png,RGB_JPG_Normais,RGB_JPG_Normais
C:\Users\eduar\Desktop\Soybe-main\data\com_fundo\RGB_JPG_Normais\grao_DSC_0657_id50.png,RGB_JPG_Normais,RGB_JPG_Normais
C:\Users\eduar\Desktop\Soybe-main\data\com_fundo\RGB_JPG_Normais\grao_DSC_0657_id51.png,RGB_JPG_Normais,RGB_JPG_Normais
C:\Users\eduar\Desktop\Soybe-main\data\com_fundo\RGB_JPG_Normais\grao_DSC_0657_id52.png,RGB_JPG_Normais,RGB_JPG_Normais
C:\Users\eduar\Desktop\Soybe-main\data\com_fundo\RGB_JPG_Normais\grao_DSC_0657_id54.png,RGB_JPG_Normais,RGB_JPG_Normais
C:\Users\eduar\Desktop\Soybe-main\data\com_fundo\RGB_JPG_Normais\grao_DSC_0657_id55.png,RGB_JPG_Normais,RGB_JPG_Normais
C:\Users\eduar\Desktop\Soybe-main\data\com_fundo\RGB_JPG_Normais\grao_DSC_0657_id56.png,RGB_JPG_Normais,RGB_JPG_Normais
C:\Users\eduar\Desktop\Soybe-main\data\com_fundo\RGB_JPG_Normais\grao_DSC_0657_id57.png,RGB_JPG_Normais,RGB_JPG_Normais
C:\Users\eduar\Desktop\Soybe-main\data\com_fundo\RGB_JPG_Normais\grao_DSC_0657_id58.png,RGB_JPG_Normais,RGB_JPG_Normais
C:\Users\eduar\Desktop\Soybe-main\data\com_fundo\RGB_JPG_Normais\grao_DSC_0657_id59.png,RGB_JPG_Normais,RGB_JPG_Normais
C:\Users\eduar\Desktop\Soybe-main\data\com_fundo\RGB_JPG_Normais\grao_DSC_0657_id6.png,RGB_JPG_Normais,RGB_JPG_Normais
C:\Users\eduar\Desktop\Soybe-main\data\com_fundo\RGB_JPG_Normais\grao_DSC_0657_id60.png,RGB_JPG_Normais,RGB_JPG_Normais
C:\Users\eduar\Desktop\Soybe-main\data\com_fundo\RGB_JPG_Normais\grao_DSC_0657_id61.png,RGB_JPG_Normais,RGB_JPG_Normais
C:\Users\eduar\Desktop\Soybe-main\data\com_fundo\RGB_JPG_Normais\grao_DSC_0657_id62.png,RGB_JPG_Normais,RGB_JPG_Normais
C:\Users\eduar\Desktop\Soybe-main\data\com_fundo\RGB_JPG_Normais\grao_DSC_0657_id63.png,RGB_JPG_Normais,RGB_JPG_Normais
C:\Users\eduar\Desktop\Soybe-main\data\com_fundo\RGB_JPG_Normais\grao_DSC_0657_id64.png,RGB_JPG_Normais,RGB_JPG_Normais
C:\Users\eduar\Desktop\Soybe-main\data\com_fundo\RGB_JPG_Normais\grao_DSC_0657_id65.png,RGB_JPG_Normais,RGB_JPG_Normais
C:\Users\eduar\Desktop\Soybe-main\data\com_fundo\RGB_JPG_Normais\grao_DSC_0657_id66.png,RGB_JPG_Normais,RGB_JPG_Normais
C:\Users\eduar\Desktop\Soybe-main\data\com_fundo\RGB_JPG_Normais\grao_DSC_0657_id67.png,RGB_JPG_Normais,RGB_JPG_Normais
C:\Users\eduar\Desktop\Soybe-main\data\com_fundo\RGB_JPG_Normais\grao_DSC_0657_id68.png,RGB_JPG_Normais,RGB_JPG_Normais
C:\Users\eduar\Desktop\Soybe-main\data\com_fundo\RGB_JPG_Normais\grao_DSC_0657_id69.png,RGB_JPG_Normais,RGB_JPG_Normais
C:\Users\eduar\Desktop\Soybe-main\data\com_fundo\RGB_JPG_Normais\grao_DSC_0657_id7.png,RGB_JPG_Normais,RGB_JPG_Normais
C:\Users\eduar\Desktop\Soybe-main\data\com_fundo\RGB_JPG_Normais\grao_DSC_0657_id70.png,RGB_JPG_Normais,RGB_JPG_Normais
C:\Users\eduar\Desktop\Soybe-main\data\com_fundo\RGB_JPG_Normais\grao_DSC_0657_id71.png,RGB_JPG_Normais,RGB_JPG_Normais
C:\Users\eduar\Desktop\Soybe-main\data\com_fundo\RGB_JPG_Normais\grao_DSC_0657_id72.png,RGB_JPG_Normais,RGB_JPG_Normais
C:\Users\eduar\Desktop\Soybe-main\data\com_fundo\RGB_JPG_Normais\grao_DSC_0657_id73.png,RGB_JPG_Normais,RGB_JPG_Normais
C:\Users\eduar\Desktop\Soybe-main\data\com_fundo\RGB_JPG_Normais\grao_DSC_0657_id74.png,RGB_JPG_Normais,RGB_JPG_Normais
C:\Users\eduar\Desktop\Soybe-main\data\com_fundo\RGB_JPG_Normais\grao_DSC_0657_id75.png,RGB_JPG_Normais,RGB_JPG_Normais
C:\Users\eduar\Desktop\Soybe-main\data\com_fundo\RGB_JPG_Normais\grao_DSC_0657_id76.png,RGB_JPG_Normais,RGB_JPG_Normais
C:\Users\eduar\Desktop\Soybe-main\data\com_fundo\RGB_JPG_Normais\grao_DSC_0657_id77.png,RGB_JPG_Normais,RGB_JPG_Normais
C:\Users\eduar\Desktop\Soybe-main\data\com_fundo\RGB_JPG_Normais\grao_DSC_0657_id78.png,RGB_JPG_Normais,RGB_JPG_Normais
C:\Users\eduar\Desktop\Soybe-main\data\com_fundo\RGB_JPG_Normais\grao_DSC_0657_id79.png,RGB_JPG_Normais,RGB_JPG_Normais
C:\Users\eduar\Desktop\Soybe-main\data\com_fundo\RGB_JPG_Normais\grao_DSC_0657_id8.png,RGB_JPG_Normais,RGB_JPG_Normais
C:\Users\eduar\Desktop\Soybe-main\data\com_fundo\RGB_JPG_Normais\grao_DSC_0657_id80.png,RGB_JPG_Normais,RGB_JPG_Normais
C:\Users\eduar\Desktop\Soybe-main\data\com_fundo\RGB_JPG_Normais\grao_DSC_0657_id81.png,RGB_JPG_Normais,RGB_JPG_Normais
C:\Users\eduar\Desktop\Soybe-main\data\com_fundo\RGB_JPG_Normais\grao_DSC_0657_id82.png,RGB_JPG_Normais,RGB_JPG_Normais
C:\Users\eduar\Desktop\Soybe-main\data\com_fundo\RGB_JPG_Normais\grao_DSC_0657_id83.png,RGB_JPG_Normais,RGB_JPG_Normais
C:\Users\eduar\Desktop\Soybe-main\data\com_fundo\RGB_JPG_Normais\grao_DSC_0657_id84.png,RGB_JPG_Normais,RGB_JPG_Normais
C:\Users\eduar\Desktop\Soybe-main\data\com_fundo\RGB_JPG_Normais\grao_DSC_0657_id85.png,RGB_JPG_Normais,RGB_JPG_Normais
C:\Users\eduar\Desktop\Soybe-main\data\com_fundo\RGB_JPG_Normais\grao_DSC_0657_id86.png,RGB_JPG_Normais,RGB_JPG_Normais
C:\Users\eduar\Desktop\Soybe-main\data\com_fundo\RGB_JPG_Normais\grao_DSC_0657_id87.png,RGB_JPG_Normais,RGB_JPG_Normais
C:\Users\eduar\Desktop\Soybe-main\data\com_fundo\RGB_JPG_Normais\grao_DSC_0657_id88.png,RGB_JPG_Normais,RGB_JPG_Normais
C:\Users\eduar\Desktop\Soybe-main\data\com_fundo\RGB_JPG_Normais\grao_DSC_0657_id89.png,RGB_JPG_Normais,RGB_JPG_Normais
C:\Users\eduar\Desktop\Soybe-main\data\com_fundo\RGB_JPG_Normais\grao_DSC_0657_id9.png,RGB_JPG_Normais,RGB_JPG_Normais
C:\Users\eduar\Desktop\Soybe-main\data\com_fundo\RGB_JPG_Normais\grao_DSC_0657_id90.png,RGB_JPG_Normais,RGB_JPG_Normais
C:\Users\eduar\Desktop\Soybe-main\data\com_fundo\RGB_JPG_Normais\grao_DSC_0657_id91.png,RGB_JPG_Normais,RGB_JPG_Normais
C:\Users\eduar\Desktop\Soybe-main\data\com_fundo\RGB_JPG_Normais\grao_DSC_0657_id92.png,RGB_JPG_Normais,RGB_JPG_Normais
C:\Users\eduar\Desktop\Soybe-main\data\com_fundo\RGB_JPG_Normais\grao_DSC_0657_id93.png,RGB_JPG_Normais,RGB_JPG_Normais
C:\Users\eduar\Desktop\Soybe-main\data\com_fundo\RGB_JPG_Normais\grao_DSC_0657_id94.png,RGB_JPG_Normais,RGB_JPG_Normais
C:\Users\eduar\Desktop\Soybe-main\data\com_fundo\RGB_JPG_Normais\grao_DSC_0657_id95.png,RGB_JPG_Normais,RGB_JPG_Normais
C:\Users\eduar\Desktop\Soybe-main\data\com_fundo\RGB_JPG_Normais\grao_DSC_0657_id96.png,RGB_JPG_Normais,RGB_JPG_Normais
C:\Users\eduar\Desktop\Soybe-main\data\com_fundo\RGB_JPG_Normais\grao_DSC_0657_id97.png,RGB_JPG_Normais,RGB_JPG_Normais
C:\Users\eduar\Desktop\Soybe-main\data\com_fundo\RGB_JPG_Normais\grao_DSC_0657_id98.png,RGB_JPG_Normais,RGB_JPG_Normais
C:\Users\eduar\Desktop\Soybe-main\data\com_fundo\RGB_JPG_Normais\grao_DSC_0657_id99.png,RGB_JPG_Normais,RGB_JPG_Normais
C:\Users\eduar\Desktop\Soybe-main\data\com_fundo\RGB_JPG_PURPURAS\grao_DSC_0146_id1.png,RGB_JPG_PURPURAS,RGB_JPG_PURPURAS
C:\Users\eduar\Desktop\Soybe-main\data\com_fundo\RGB_JPG_PURPURAS\grao_DSC_0146_id10.png,RGB_JPG_PURPURAS,RGB_JPG_Normais
C:\Users\eduar\Desktop\Soybe-main\data\com_fundo\RGB_JPG_PURPURAS\grao_DSC_0146_id11.png,RGB_JPG_PURPURAS,RGB_JPG_PURPURAS
C:\Users\eduar\Desktop\Soybe-main\data\com_fundo\RGB_JPG_PURPURAS\grao_DSC_0146_id12.png,RGB_JPG_PURPURAS,RGB_JPG_PURPURAS
C:\Users\eduar\Desktop\Soybe-main\data\com_fundo\RGB_JPG_PURPURAS\grao_DSC_0146_id13.png,RGB_JPG_PURPURAS,RGB_JPG_PURPURAS
C:\Users\eduar\Desktop\Soybe-main\data\com_fundo\RGB_JPG_PURPURAS\grao_DSC_0146_id14.png,RGB_JPG_PURPURAS,RGB_JPG_PURPURAS
C:\Users\eduar\Desktop\Soybe-main\data\com_fundo\RGB_JPG_PURPURAS\grao_DSC_0146_id15.png,RGB_JPG_PURPURAS,RGB_JPG_PURPURAS
C:\Users\eduar\Desktop\Soybe-main\data\com_fundo\RGB_JPG_PURPURAS\grao_DSC_0146_id16.png,RGB_JPG_PURPURAS,RGB_JPG_PURPURAS
C:\Users\eduar\Desktop\Soybe-main\data\com_fundo\RGB_JPG_PURPURAS\grao_DSC_0146_id17.png,RGB_JPG_PURPURAS,RGB_JPG_PURPURAS
C:\Users\eduar\Desktop\Soybe-main\data\com_fundo\RGB_JPG_PURPURAS\grao_DSC_0146_id18.png,RGB_JPG_PURPURAS,RGB_JPG_PURPURAS
C:\Users\eduar\Desktop\Soybe-main\data\com_fundo\RGB_JPG_PURPURAS\grao_DSC_0146_id19.png,RGB_JPG_PURPURAS,RGB_JPG_PURPURAS
C:\Users\eduar\Desktop\Soybe-main\data\com_fundo\RGB_JPG_PURPURAS\grao_DSC_0146_id2.png,RGB_JPG_PURPURAS,RGB_JPG_PURPURAS
C:\Users\eduar\Desktop\Soybe-main\data\com_fundo\RGB_JPG_PURPURAS\grao_DSC_0146_id20.png,RGB_JPG_PURPURAS,RGB_JPG_PURPURAS
C:\Users\eduar\Desktop\Soybe-main\data\com_fundo\RGB_JPG_PURPURAS\grao_DSC_0146_id21.png,RGB_JPG_PURPURAS,RGB_JPG_PURPURAS
C:\Users\eduar\Desktop\Soybe-main\data\com_fundo\RGB_JPG_PURPURAS\grao_DSC_0146_id22.png,RGB_JPG_PURPURAS,RGB_JPG_Normais
C:\Users\eduar\Desktop\Soybe-main\data\com_fundo\RGB_JPG_PURPURAS\grao_DSC_0146_id23.png,RGB_JPG_PURPURAS,RGB_JPG_PURPURAS
C:\Users\eduar\Desktop\Soybe-main\data\com_fundo\RGB_JPG_PURPURAS\grao_DSC_0146_id3.png,RGB_JPG_PURPURAS,RGB_JPG_PURPURAS
C:\Users\eduar\Desktop\Soybe-main\data\com_fundo\RGB_JPG_PURPURAS\grao_DSC_0146_id4.png,RGB_JPG_PURPURAS,RGB_JPG_PURPURAS
C:\Users\eduar\Desktop\Soybe-main\data\com_fundo\RGB_JPG_PURPURAS\grao_DSC_0146_id5.png,RGB_JPG_PURPURAS,RGB_JPG_PURPURAS
C:\Users\eduar\Desktop\Soybe-main\data\com_fundo\RGB_JPG_PURPURAS\grao_DSC_0146_id6.png,RGB_JPG_PURPURAS,RGB_JPG_PURPURAS
C:\Users\eduar\Desktop\Soybe-main\data\com_fundo\RGB_JPG_PURPURAS\grao_DSC_0146_id7.png,RGB_JPG_PURPURAS,RGB_JPG_PURPURAS
C:\Users\eduar\Desktop\Soybe-main\data\com_fundo\RGB_JPG_PURPURAS\grao_DSC_0146_id8.png,RGB_JPG_PURPURAS,RGB_JPG_PURPURAS
C:\Users\eduar\Desktop\Soybe-main\data\com_fundo\RGB_JPG_PURPURAS\grao_DSC_0146_id9.png,RGB_JPG_PURPURAS,RGB_JPG_PURPURAS
C:\Users\eduar\Desktop\Soybe-main\data\com_fundo\RGB_JPG_PURPURAS\grao_DSC_0149_id1.png,RGB_JPG_PURPURAS,RGB_JPG_Normais
C:\Users\eduar\Desktop\Soybe-main\data\com_fundo\RGB_JPG_PURPURAS\grao_DSC_0149_id10.png,RGB_JPG_PURPURAS,RGB_JPG_Normais
C:\Users\eduar\Desktop\Soybe-main\data\com_fundo\RGB_JPG_PURPURAS\grao_DSC_0149_id11.png,RGB_JPG_PURPURAS,RGB_JPG_Normais
C:\Users\eduar\Desktop\Soybe-main\data\com_fundo\RGB_JPG_PURPURAS\grao_DSC_0149_id12.png,RGB_JPG_PURPURAS,RGB_JPG_PURPURAS
C:\Users\eduar\Desktop\Soybe-main\data\com_fundo\RGB_JPG_PURPURAS\grao_DSC_0149_id13.png,RGB_JPG_PURPURAS,RGB_JPG_Normais
C:\Users\eduar\Desktop\Soybe-main\data\com_fundo\RGB_JPG_PURPURAS\grao_DSC_0149_id2.png,RGB_JPG_PURPURAS,RGB_JPG_PURPURAS
C:\Users\eduar\Desktop\Soybe-main\data\com_fundo\RGB_JPG_PURPURAS\grao_DSC_0149_id3.png,RGB_JPG_PURPURAS,RGB_JPG_Normais
C:\Users\eduar\Desktop\Soybe-main\data\com_fundo\RGB_JPG_PURPURAS\grao_DSC_0149_id4.png,RGB_JPG_PURPURAS,RGB_JPG_Normais
C:\Users\eduar\Desktop\Soybe-main\data\com_fundo\RGB_JPG_PURPURAS\grao_DSC_0149_id5.png,RGB_JPG_PURPURAS,RGB_JPG_Normais
C:\Users\eduar\Desktop\Soybe-main\data\com_fundo\RGB_JPG_PURPURAS\grao_DSC_0149_id6.png,RGB_JPG_PURPURAS,RGB_JPG_Normais
C:\Users\eduar\Desktop\Soybe-main\data\com_fundo\RGB_JPG_PURPURAS\grao_DSC_0149_id7.png,RGB_JPG_PURPURAS,RGB_JPG_Normais
C:\Users\eduar\Desktop\Soybe-main\data\com_fundo\RGB_JPG_PURPURAS\grao_DSC_0149_id8.png,RGB_JPG_PURPURAS,RGB_JPG_PURPURAS
C:\Users\eduar\Desktop\Soybe-main\data\com_fundo\RGB_JPG_PURPURAS\grao_DSC_0149_id9.png,RGB_JPG_PURPURAS,RGB_JPG_Normais
C:\Users\eduar\Desktop\Soybe-main\data\com_fundo\RGB_JPG_QUEBRADOS\grao_DSC_0170_id1.png,RGB_JPG_QUEBRADOS,RGB_JPG_QUEBRADOS
C:\Users\eduar\Desktop\Soybe-main\data\com_fundo\RGB_JPG_QUEBRADOS\grao_DSC_0170_id10.png,RGB_JPG_QUEBRADOS,RGB_JPG_QUEBRADOS
C:\Users\eduar\Desktop\Soybe-main\data\com_fundo\RGB_JPG_QUEBRADOS\grao_DSC_0170_id100.png,RGB_JPG_QUEBRADOS,RGB_JPG_QUEBRADOS
C:\Users\eduar\Desktop\Soybe-main\data\com_fundo\RGB_JPG_QUEBRADOS\grao_DSC_0170_id101.png,RGB_JPG_QUEBRADOS,RGB_JPG_QUEBRADOS
C:\Users\eduar\Desktop\Soybe-main\data\com_fundo\RGB_JPG_QUEBRADOS\grao_DSC_0170_id102.png,RGB_JPG_QUEBRADOS,RGB_JPG_QUEBRADOS
C:\Users\eduar\Desktop\Soybe-main\data\com_fundo\RGB_JPG_QUEBRADOS\grao_DSC_0170_id103.png,RGB_JPG_QUEBRADOS,RGB_JPG_QUEBRADOS
C:\Users\eduar\Desktop\Soybe-main\data\com_fundo\RGB_JPG_QUEBRADOS\grao_DSC_0170_id104.png,RGB_JPG_QUEBRADOS,RGB_JPG_QUEBRADOS
C:\Users\eduar\Desktop\Soybe-main\data\com_fundo\RGB_JPG_QUEBRADOS\grao_DSC_0170_id105.png,RGB_JPG_QUEBRADOS,RGB_JPG_QUEBRADOS
C:\Users\eduar\Desktop\Soybe-main\data\com_fundo\RGB_JPG_QUEBRADOS\grao_DSC_0170_id106.png,RGB_JPG_QUEBRADOS,RGB_JPG_QUEBRADOS
C:\Users\eduar\Desktop\Soybe-main\data\com_fundo\RGB_JPG_QUEBRADOS\grao_DSC_0170_id107.png,RGB_JPG_QUEBRADOS,RGB_JPG_QUEBRADOS
C:\Users\eduar\Desktop\Soybe-main\data\com_fundo\RGB_JPG_QUEBRADOS\grao_DSC_0170_id108.png,RGB_JPG_QUEBRADOS,RGB_JPG_QUEBRADOS
C:\Users\eduar\Desktop\Soybe-main\data\com_fundo\RGB_JPG_QUEBRADOS\grao_DSC_0170_id109.png,RGB_JPG_QUEBRADOS,RGB_JPG_QUEBRADOS
C:\Users\eduar\Desktop\Soybe-main\data\com_fundo\RGB_JPG_QUEBRADOS\grao_DSC_0170_id11.png,RGB_JPG_QUEBRADOS,RGB_JPG_QUEBRADOS
C:\Users\eduar\Desktop\Soybe-main\data\com_fundo\RGB_JPG_QUEBRADOS\grao_DSC_0170_id110.png,RGB_JPG_QUEBRADOS,RGB_JPG_QUEBRADOS
C:\Users\eduar\Desktop\Soybe-main\data\com_fundo\RGB_JPG_QUEBRADOS\grao_DSC_0170_id111.png,RGB_JPG_QUEBRADOS,RGB_JPG_QUEBRADOS
C:\Users\eduar\Desktop\Soybe-main\data\com_fundo\RGB_JPG_QUEBRADOS\grao_DSC_0170_id12.png,RGB_JPG_QUEBRADOS,RGB_JPG_QUEBRADOS
C:\Users\eduar\Desktop\Soybe-main\data\com_fundo\RGB_JPG_QUEBRADOS\grao_DSC_0170_id13.png,RGB_JPG_QUEBRADOS,RGB_JPG_QUEBRADOS
C:\Users\eduar\Desktop\Soybe-main\data\com_fundo\RGB_JPG_QUEBRADOS\grao_DSC_0170_id14.png,RGB_JPG_QUEBRADOS,RGB_JPG_QUEBRADOS
C:\Users\eduar\Desktop\Soybe-main\data\com_fundo\RGB_JPG_QUEBRADOS\grao_DSC_0170_id15.png,RGB_JPG_QUEBRADOS,RGB_JPG_QUEBRADOS
C:\Users\eduar\Desktop\Soybe-main\data\com_fundo\RGB_JPG_QUEBRADOS\grao_DSC_0170_id16.png,RGB_JPG_QUEBRADOS,RGB_JPG_QUEBRADOS
C:\Users\eduar\Desktop\Soybe-main\data\com_fundo\RGB_JPG_QUEBRADOS\grao_DSC_0170_id17.png,RGB_JPG_QUEBRADOS,RGB_JPG_QUEBRADOS
C:\Users\eduar\Desktop\Soybe-main\data\com_fundo\RGB_JPG_QUEBRADOS\grao_DSC_0170_id18.png,RGB_JPG_QUEBRADOS,RGB_JPG_QUEBRADOS
C:\Users\eduar\Desktop\Soybe-main\data\com_fundo\RGB_JPG_QUEBRADOS\grao_DSC_0170_id19.png,RGB_JPG_QUEBRADOS,RGB_JPG_QUEBRADOS
C:\Users\eduar\Desktop\Soybe-main\data\com_fundo\RGB_JPG_QUEBRADOS\grao_DSC_0170_id2.png,RGB_JPG_QUEBRADOS,RGB_JPG_QUEBRADOS
C:\Users\eduar\Desktop\Soybe-main\data\com_fundo\RGB_JPG_QUEBRADOS\grao_DSC_0170_id20.png,RGB_JPG_QUEBRADOS,RGB_JPG_QUEBRADOS
C:\Users\eduar\Desktop\Soybe-main\data\com_fundo\RGB_JPG_QUEBRADOS\grao_DSC_0170_id21.png,RGB_JPG_QUEBRADOS,RGB_JPG_QUEBRADOS
C:\Users\eduar\Desktop\Soybe-main\data\com_fundo\RGB_JPG_QUEBRADOS\grao_DSC_0170_id22.png,RGB_JPG_QUEBRADOS,RGB_JPG_QUEBRADOS
C:\Users\eduar\Desktop\Soybe-main\data\com_fundo\RGB_JPG_QUEBRADOS\grao_DSC_0170_id23.png,RGB_JPG_QUEBRADOS,RGB_JPG_QUEBRADOS
C:\Users\eduar\Desktop\Soybe-main\data\com_fundo\RGB_JPG_QUEBRADOS\grao_DSC_0170_id24.png,RGB_JPG_QUEBRADOS,RGB_JPG_QUEBRADOS
C:\Users\eduar\Desktop\Soybe-main\data\com_fundo\RGB_JPG_QUEBRADOS\grao_DSC_0170_id25.png,RGB_JPG_QUEBRADOS,RGB_JPG_QUEBRADOS
C:\Users\eduar\Desktop\Soybe-main\data\com_fundo\RGB_JPG_QUEBRADOS\grao_DSC_0170_id26.png,RGB_JPG_QUEBRADOS,RGB_JPG_QUEBRADOS
C:\Users\eduar\Desktop\Soybe-main\data\com_fundo\RGB_JPG_QUEBRADOS\grao_DSC_0170_id27.png,RGB_JPG_QUEBRADOS,RGB_JPG_QUEBRADOS
C:\Users\eduar\Desktop\Soybe-main\data\com_fundo\RGB_JPG_QUEBRADOS\grao_DSC_0170_id28.png,RGB_JPG_QUEBRADOS,RGB_JPG_QUEBRADOS
C:\Users\eduar\Desktop\Soybe-main\data\com_fundo\RGB_JPG_QUEBRADOS\grao_DSC_0170_id29.png,RGB_JPG_QUEBRADOS,RGB_JPG_QUEBRADOS
C:\Users\eduar\Desktop\Soybe-main\data\com_fundo\RGB_JPG_QUEBRADOS\grao_DSC_0170_id3.png,RGB_JPG_QUEBRADOS,RGB_JPG_QUEBRADOS
C:\Users\eduar\Desktop\Soybe-main\data\com_fundo\RGB_JPG_QUEBRADOS\grao_DSC_0170_id30.png,RGB_JPG_QUEBRADOS,RGB_JPG_QUEBRADOS
C:\Users\eduar\Desktop\Soybe-main\data\com_fundo\RGB_JPG_QUEBRADOS\grao_DSC_0170_id31.png,RGB_JPG_QUEBRADOS,RGB_JPG_QUEBRADOS
C:\Users\eduar\Desktop\Soybe-main\data\com_fundo\RGB_JPG_QUEBRADOS\grao_DSC_0170_id32.png,RGB_JPG_QUEBRADOS,RGB_JPG_QUEBRADOS
C:\Users\eduar\Desktop\Soybe-main\data\com_fundo\RGB_JPG_QUEBRADOS\grao_DSC_0170_id33.png,RGB_JPG_QUEBRADOS,RGB_JPG_QUEBRADOS
C:\Users\eduar\Desktop\Soybe-main\data\com_fundo\RGB_JPG_QUEBRADOS\grao_DSC_0170_id34.png,RGB_JPG_QUEBRADOS,RGB_JPG_QUEBRADOS
C:\Users\eduar\Desktop\Soybe-main\data\com_fundo\RGB_JPG_QUEBRADOS\grao_DSC_0170_id35.png,RGB_JPG_QUEBRADOS,RGB_JPG_CHOCHOS
C:\Users\eduar\Desktop\Soybe-main\data\com_fundo\RGB_JPG_QUEBRADOS\grao_DSC_0170_id36.png,RGB_JPG_QUEBRADOS,RGB_JPG_QUEBRADOS
C:\Users\eduar\Desktop\Soybe-main\data\com_fundo\RGB_JPG_QUEBRADOS\grao_DSC_0170_id37.png,RGB_JPG_QUEBRADOS,RGB_JPG_QUEBRADOS
C:\Users\eduar\Desktop\Soybe-main\data\com_fundo\RGB_JPG_QUEBRADOS\grao_DSC_0170_id38.png,RGB_JPG_QUEBRADOS,RGB_JPG_QUEBRADOS
C:\Users\eduar\Desktop\Soybe-main\data\com_fundo\RGB_JPG_QUEBRADOS\grao_DSC_0170_id39.png,RGB_JPG_QUEBRADOS,RGB_JPG_QUEBRADOS
C:\Users\eduar\Desktop\Soybe-main\data\com_fundo\RGB_JPG_QUEBRADOS\grao_DSC_0170_id4.png,RGB_JPG_QUEBRADOS,RGB_JPG_QUEBRADOS
C:\Users\eduar\Desktop\Soybe-main\data\com_fundo\RGB_JPG_QUEBRADOS\grao_DSC_0170_id40.png,RGB_JPG_QUEBRADOS,RGB_JPG_QUEBRADOS
C:\Users\eduar\Desktop\Soybe-main\data\com_fundo\RGB_JPG_QUEBRADOS\grao_DSC_0170_id41.png,RGB_JPG_QUEBRADOS,RGB_JPG_Normais
C:\Users\eduar\Desktop\Soybe-main\data\com_fundo\RGB_JPG_QUEBRADOS\grao_DSC_0170_id42.png,RGB_JPG_QUEBRADOS,RGB_JPG_QUEBRADOS
C:\Users\eduar\Desktop\Soybe-main\data\com_fundo\RGB_JPG_QUEBRADOS\grao_DSC_0170_id43.png,RGB_JPG_QUEBRADOS,RGB_JPG_QUEBRADOS
C:\Users\eduar\Desktop\Soybe-main\data\com_fundo\RGB_JPG_QUEBRADOS\grao_DSC_0170_id44.png,RGB_JPG_QUEBRADOS,RGB_JPG_QUEBRADOS
C:\Users\eduar\Desktop\Soybe-main\data\com_fundo\RGB_JPG_QUEBRADOS\grao_DSC_0170_id45.png,RGB_JPG_QUEBRADOS,RGB_JPG_QUEBRADOS
C:\Users\eduar\Desktop\Soybe-main\data\com_fundo\RGB_JPG_QUEBRADOS\grao_DSC_0170_id46.png,RGB_JPG_QUEBRADOS,RGB_JPG_QUEBRADOS
C:\Users\eduar\Desktop\Soybe-main\data\com_fundo\RGB_JPG_QUEBRADOS\grao_DSC_0170_id47.png,RGB_JPG_QUEBRADOS,RGB_JPG_QUEBRADOS
C:\Users\eduar\Desktop\Soybe-main\data\com_fundo\RGB_JPG_QUEBRADOS\grao_DSC_0170_id48.png,RGB_JPG_QUEBRADOS,RGB_JPG_QUEBRADOS
C:\Users\eduar\Desktop\Soybe-main\data\com_fundo\RGB_JPG_QUEBRADOS\grao_DSC_0170_id49.png,RGB_JPG_QUEBRADOS,RGB_JPG_QUEBRADOS
C:\Users\eduar\Desktop\Soybe-main\data\com_fundo\RGB_JPG_QUEBRADOS\grao_DSC_0170_id5.png,RGB_JPG_QUEBRADOS,RGB_JPG_QUEBRADOS
C:\Users\eduar\Desktop\Soybe-main\data\com_fundo\RGB_JPG_QUEBRADOS\grao_DSC_0170_id50.png,RGB_JPG_QUEBRADOS,RGB_JPG_QUEBRADOS
C:\Users\eduar\Desktop\Soybe-main\data\com_fundo\RGB_JPG_QUEBRADOS\grao_DSC_0170_id51.png,RGB_JPG_QUEBRADOS,RGB_JPG_QUEBRADOS
C:\Users\eduar\Desktop\Soybe-main\data\com_fundo\RGB_JPG_QUEBRADOS\grao_DSC_0170_id52.png,RGB_JPG_QUEBRADOS,RGB_JPG_QUEBRADOS
C:\Users\eduar\Desktop\Soybe-main\data\com_fundo\RGB_JPG_QUEBRADOS\grao_DSC_0170_id53.png,RGB_JPG_QUEBRADOS,RGB_JPG_QUEBRADOS
C:\Users\eduar\Desktop\Soybe-main\data\com_fundo\RGB_JPG_QUEBRADOS\grao_DSC_0170_id54.png,RGB_JPG_QUEBRADOS,RGB_JPG_QUEBRADOS
C:\Users\eduar\Desktop\Soybe-main\data\com_fundo\RGB_JPG_QUEBRADOS\grao_DSC_0170_id55.png,RGB_JPG_QUEBRADOS,RGB_JPG_QUEBRADOS
C:\Users\eduar\Desktop\Soybe-main\data\com_fundo\RGB_JPG_QUEBRADOS\grao_DSC_0170_id56.png,RGB_JPG_QUEBRADOS,RGB_JPG_QUEBRADOS
C:\Users\eduar\Desktop\Soybe-main\data\com_fundo\RGB_JPG_QUEBRADOS\grao_DSC_0170_id57.png,RGB_JPG_QUEBRADOS,RGB_JPG_QUEBRADOS
C:\Users\eduar\Desktop\Soybe-main\data\com_fundo\RGB_JPG_QUEBRADOS\grao_DSC_0170_id58.png,RGB_JPG_QUEBRADOS,RGB_JPG_QUEBRADOS
C:\Users\eduar\Desktop\Soybe-main\data\com_fundo\RGB_JPG_QUEBRADOS\grao_DSC_0170_id59.png,RGB_JPG_QUEBRADOS,RGB_JPG_QUEBRADOS
C:\Users\eduar\Desktop\Soybe-main\data\com_fundo\RGB_JPG_QUEBRADOS\grao_DSC_0170_id6.png,RGB_JPG_QUEBRADOS,RGB_JPG_QUEBRADOS
C:\Users\eduar\Desktop\Soybe-main\data\com_fundo\RGB_JPG_QUEBRADOS\grao_DSC_0170_id60.png,RGB_JPG_QUEBRADOS,RGB_JPG_QUEBRADOS
C:\Users\eduar\Desktop\Soybe-main\data\com_fundo\RGB_JPG_QUEBRADOS\grao_DSC_0170_id61.png,RGB_JPG_QUEBRADOS,RGB_JPG_QUEBRADOS
C:\Users\eduar\Desktop\Soybe-main\data\com_fundo\RGB_JPG_QUEBRADOS\grao_DSC_0170_id62.png,RGB_JPG_QUEBRADOS,RGB_JPG_QUEBRADOS
C:\Users\eduar\Desktop\Soybe-main\data\com_fundo\RGB_JPG_QUEBRADOS\grao_DSC_0170_id63.png,RGB_JPG_QUEBRADOS,RGB_JPG_QUEBRADOS
C:\Users\eduar\Desktop\Soybe-main\data\com_fundo\RGB_JPG_QUEBRADOS\grao_DSC_0170_id64.png,RGB_JPG_QUEBRADOS,RGB_JPG_QUEBRADOS
C:\Users\eduar\Desktop\Soybe-main\data\com_fundo\RGB_JPG_QUEBRADOS\grao_DSC_0170_id65.png,RGB_JPG_QUEBRADOS,RGB_JPG_QUEBRADOS
C:\Users\eduar\Desktop\Soybe-main\data\com_fundo\RGB_JPG_QUEBRADOS\grao_DSC_0170_id66.png,RGB_JPG_QUEBRADOS,RGB_JPG_QUEBRADOS
C:\Users\eduar\Desktop\Soybe-main\data\com_fundo\RGB_JPG_QUEBRADOS\grao_DSC_0170_id67.png,RGB_JPG_QUEBRADOS,RGB_JPG_QUEBRADOS
C:\Users\eduar\Desktop\Soybe-main\data\com_fundo\RGB_JPG_QUEBRADOS\grao_DSC_0170_id68.png,RGB_JPG_QUEBRADOS,RGB_JPG_QUEBRADOS
C:\Users\eduar\Desktop\Soybe-main\data\com_fundo\RGB_JPG_QUEBRADOS\grao_DSC_0170_id69.png,RGB_JPG_QUEBRADOS,RGB_JPG_QUEBRADOS
C:\Users\eduar\Desktop\Soybe-main\data\com_fundo\RGB_JPG_QUEBRADOS\grao_DSC_0170_id7.png,RGB_JPG_QUEBRADOS,RGB_JPG_QUEBRADOS
C:\Users\eduar\Desktop\Soybe-main\data\com_fundo\RGB_JPG_QUEBRADOS\grao_DSC_0170_id70.png,RGB_JPG_QUEBRADOS,RGB_JPG_QUEBRADOS
C:\Users\eduar\Desktop\Soybe-main\data\com_fundo\RGB_JPG_QUEBRADOS\grao_DSC_0170_id71.png,RGB_JPG_QUEBRADOS,RGB_JPG_QUEBRADOS
C:\Users\eduar\Desktop\Soybe-main\data\com_fundo\RGB_JPG_QUEBRADOS\grao_DSC_0170_id72.png,RGB_JPG_QUEBRADOS,RGB_JPG_QUEBRADOS
C:\Users\eduar\Desktop\Soybe-main\data\com_fundo\RGB_JPG_QUEBRADOS\grao_DSC_0170_id73.png,RGB_JPG_QUEBRADOS,RGB_JPG_QUEBRADOS
C:\Users\eduar\Desktop\Soybe-main\data\com_fundo\RGB_JPG_QUEBRADOS\grao_DSC_0170_id74.png,RGB_JPG_QUEBRADOS,RGB_JPG_QUEBRADOS
C:\Users\eduar\Desktop\Soybe-main\data\com_fundo\RGB_JPG_QUEBRADOS\grao_DSC_0170_id75.png,RGB_JPG_QUEBRADOS,RGB_JPG_QUEBRADOS
C:\Users\eduar\Desktop\Soybe-main\data\com_fundo\RGB_JPG_QUEBRADOS\grao_DSC_0170_id76.png,RGB_JPG_QUEBRADOS,RGB_JPG_QUEBRADOS
C:\Users\eduar\Desktop\Soybe-main\data\com_fundo\RGB_JPG_QUEBRADOS\grao_DSC_0170_id77.png,RGB_JPG_QUEBRADOS,RGB_JPG_QUEBRADOS
C:\Users\eduar\Desktop\Soybe-main\data\com_fundo\RGB_JPG_QUEBRADOS\grao_DSC_0170_id78.png,RGB_JPG_QUEBRADOS,RGB_JPG_QUEBRADOS
C:\Users\eduar\Desktop\Soybe-main\data\com_fundo\RGB_JPG_QUEBRADOS\grao_DSC_0170_id79.png,RGB_JPG_QUEBRADOS,RGB_JPG_QUEBRADOS
C:\Users\eduar\Desktop\Soybe-main\data\com_fundo\RGB_JPG_QUEBRADOS\grao_DSC_0170_id8.png,RGB_JPG_QUEBRADOS,RGB_JPG_QUEBRADOS
C:\Users\eduar\Desktop\Soybe-main\data\com_fundo\RGB_JPG_QUEBRADOS\grao_DSC_0170_id80.png,RGB_JPG_QUEBRADOS,RGB_JPG_QUEBRADOS
C:\Users\eduar\Desktop\Soybe-main\data\com_fundo\RGB_JPG_QUEBRADOS\grao_DSC_0170_id81.png,RGB_JPG_QUEBRADOS,RGB_JPG_QUEBRADOS
C:\Users\eduar\Desktop\Soybe-main\data\com_fundo\RGB_JPG_QUEBRADOS\grao_DSC_0170_id82.png,RGB_JPG_QUEBRADOS,RGB_JPG_QUEBRADOS
C:\Users\eduar\Desktop\Soybe-main\data\com_fundo\RGB_JPG_QUEBRADOS\grao_DSC_0170_id83.png,RGB_JPG_QUEBRADOS,RGB_JPG_QUEBRADOS
C:\Users\eduar\Desktop\Soybe-main\data\com_fundo\RGB_JPG_QUEBRADOS\grao_DSC_0170_id84.png,RGB_JPG_QUEBRADOS,RGB_JPG_QUEBRADOS
C:\Users\eduar\Desktop\Soybe-main\data\com_fundo\RGB_JPG_QUEBRADOS\grao_DSC_0170_id86.png,RGB_JPG_QUEBRADOS,RGB_JPG_QUEBRADOS
C:\Users\eduar\Desktop\Soybe-main\data\com_fundo\RGB_JPG_QUEBRADOS\grao_DSC_0170_id87.png,RGB_JPG_QUEBRADOS,RGB_JPG_QUEBRADOS
C:\Users\eduar\Desktop\Soybe-main\data\com_fundo\RGB_JPG_QUEBRADOS\grao_DSC_0170_id88.png,RGB_JPG_QUEBRADOS,RGB_JPG_QUEBRADOS
C:\Users\eduar\Desktop\Soybe-main\data\com_fundo\RGB_JPG_QUEBRADOS\grao_DSC_0170_id89.png,RGB_JPG_QUEBRADOS,RGB_JPG_QUEBRADOS
C:\Users\eduar\Desktop\Soybe-main\data\com_fundo\RGB_JPG_QUEBRADOS\grao_DSC_0170_id9.png,RGB_JPG_QUEBRADOS,RGB_JPG_QUEBRADOS
C:\Users\eduar\Desktop\Soybe-main\data\com_fundo\RGB_JPG_QUEBRADOS\grao_DSC_0170_id90.png,RGB_JPG_QUEBRADOS,RGB_JPG_QUEBRADOS
C:\Users\eduar\Desktop\Soybe-main\data\com_fundo\RGB_JPG_QUEBRADOS\grao_DSC_0170_id91.png,RGB_JPG_QUEBRADOS,RGB_JPG_QUEBRADOS
C:\Users\eduar\Desktop\Soybe-main\data\com_fundo\RGB_JPG_QUEBRADOS\grao_DSC_0170_id92.png,RGB_JPG_QUEBRADOS,RGB_JPG_QUEBRADOS
C:\Users\eduar\Desktop\Soybe-main\data\com_fundo\RGB_JPG_QUEBRADOS\grao_DSC_0170_id93.png,RGB_JPG_QUEBRADOS,RGB_JPG_QUEBRADOS
C:\Users\eduar\Desktop\Soybe-main\data\com_fundo\RGB_JPG_QUEBRADOS\grao_DSC_0170_id94.png,RGB_JPG_QUEBRADOS,RGB_JPG_QUEBRADOS
C:\Users\eduar\Desktop\Soybe-main\data\com_fundo\RGB_JPG_QUEBRADOS\grao_DSC_0170_id95.png,RGB_JPG_QUEBRADOS,RGB_JPG_QUEBRADOS
C:\Users\eduar\Desktop\Soybe-main\data\com_fundo\RGB_JPG_QUEBRADOS\grao_DSC_0170_id96.png,RGB_JPG_QUEBRADOS,RGB_JPG_QUEBRADOS
C:\Users\eduar\Desktop\Soybe-main\data\com_fundo\RGB_JPG_QUEBRADOS\grao_DSC_0170_id97.png,RGB_JPG_QUEBRADOS,RGB_JPG_QUEBRADOS
C:\Users\eduar\Desktop\Soybe-main\data\com_fundo\RGB_JPG_QUEBRADOS\grao_DSC_0170_id98.png,RGB_JPG_QUEBRADOS,RGB_JPG_QUEBRADOS
C:\Users\eduar\Desktop\Soybe-main\data\com_fundo\RGB_JPG_QUEBRADOS\grao_DSC_0170_id99.png,RGB_JPG_QUEBRADOS,RGB_JPG_QUEBRADOS
C:\Users\eduar\Desktop\Soybe-main\data\com_fundo\RGB_JPG_QUEBRADOS\grao_DSC_0419_id1.png,RGB_JPG_QUEBRADOS,RGB_JPG_QUEBRADOS
C:\Users\eduar\Desktop\Soybe-main\data\com_fundo\RGB_JPG_QUEBRADOS\grao_DSC_0419_id10.png,RGB_JPG_QUEBRADOS,RGB_JPG_QUEBRADOS
C:\Users\eduar\Desktop\Soybe-main\data\com_fundo\RGB_JPG_QUEBRADOS\grao_DSC_0419_id11.png,RGB_JPG_QUEBRADOS,RGB_JPG_QUEBRADOS
C:\Users\eduar\Desktop\Soybe-main\data\com_fundo\RGB_JPG_QUEBRADOS\grao_DSC_0419_id12.png,RGB_JPG_QUEBRADOS,RGB_JPG_QUEBRADOS
C:\Users\eduar\Desktop\Soybe-main\data\com_fundo\RGB_JPG_QUEBRADOS\grao_DSC_0419_id13.png,RGB_JPG_QUEBRADOS,RGB_JPG_QUEBRADOS
C:\Users\eduar\Desktop\Soybe-main\data\com_fundo\RGB_JPG_QUEBRADOS\grao_DSC_0419_id14.png,RGB_JPG_QUEBRADOS,RGB_JPG_QUEBRADOS
C:\Users\eduar\Desktop\Soybe-main\data\com_fundo\RGB_JPG_QUEBRADOS\grao_DSC_0419_id15.png,RGB_JPG_QUEBRADOS,RGB_JPG_QUEBRADOS
C:\Users\eduar\Desktop\Soybe-main\data\com_fundo\RGB_JPG_QUEBRADOS\grao_DSC_0419_id16.png,RGB_JPG_QUEBRADOS,RGB_JPG_QUEBRADOS
C:\Users\eduar\Desktop\Soybe-main\data\com_fundo\RGB_JPG_QUEBRADOS\grao_DSC_0419_id17.png,RGB_JPG_QUEBRADOS,RGB_JPG_QUEBRADOS
C:\Users\eduar\Desktop\Soybe-main\data\com_fundo\RGB_JPG_QUEBRADOS\grao_DSC_0419_id18.png,RGB_JPG_QUEBRADOS,RGB_JPG_QUEBRADOS
C:\Users\eduar\Desktop\Soybe-main\data\com_fundo\RGB_JPG_QUEBRADOS\grao_DSC_0419_id2.png,RGB_JPG_QUEBRADOS,RGB_JPG_QUEBRADOS
C:\Users\eduar\Desktop\Soybe-main\data\com_fundo\RGB_JPG_QUEBRADOS\grao_DSC_0419_id20.png,RGB_JPG_QUEBRADOS,RGB_JPG_QUEBRADOS
C:\Users\eduar\Desktop\Soybe-main\data\com_fundo\RGB_JPG_QUEBRADOS\grao_DSC_0419_id21.png,RGB_JPG_QUEBRADOS,RGB_JPG_QUEBRADOS
C:\Users\eduar\Desktop\Soybe-main\data\com_fundo\RGB_JPG_QUEBRADOS\grao_DSC_0419_id22.png,RGB_JPG_QUEBRADOS,RGB_JPG_QUEBRADOS
C:\Users\eduar\Desktop\Soybe-main\data\com_fundo\RGB_JPG_QUEBRADOS\grao_DSC_0419_id23.png,RGB_JPG_QUEBRADOS,RGB_JPG_QUEBRADOS
C:\Users\eduar\Desktop\Soybe-main\data\com_fundo\RGB_JPG_QUEBRADOS\grao_DSC_0419_id24.png,RGB_JPG_QUEBRADOS,RGB_JPG_QUEBRADOS
C:\Users\eduar\Desktop\Soybe-main\data\com_fundo\RGB_JPG_QUEBRADOS\grao_DSC_0419_id25.png,RGB_JPG_QUEBRADOS,RGB_JPG_QUEBRADOS
C:\Users\eduar\Desktop\Soybe-main\data\com_fundo\RGB_JPG_QUEBRADOS\grao_DSC_0419_id26.png,RGB_JPG_QUEBRADOS,RGB_JPG_QUEBRADOS
C:\Users\eduar\Desktop\Soybe-main\data\com_fundo\RGB_JPG_QUEBRADOS\grao_DSC_0419_id27.png,RGB_JPG_QUEBRADOS,RGB_JPG_QUEBRADOS
C:\Users\eduar\Desktop\Soybe-main\data\com_fundo\RGB_JPG_QUEBRADOS\grao_DSC_0419_id28.png,RGB_JPG_QUEBRADOS,RGB_JPG_QUEBRADOS
C:\Users\eduar\Desktop\Soybe-main\data\com_fundo\RGB_JPG_QUEBRADOS\grao_DSC_0419_id29.png,RGB_JPG_QUEBRADOS,RGB_JPG_QUEBRADOS
C:\Users\eduar\Desktop\Soybe-main\data\com_fundo\RGB_JPG_QUEBRADOS\grao_DSC_0419_id3.png,RGB_JPG_QUEBRADOS,RGB_JPG_QUEBRADOS
C:\Users\eduar\Desktop\Soybe-main\data\com_fundo\RGB_JPG_QUEBRADOS\grao_DSC_0419_id30.png,RGB_JPG_QUEBRADOS,RGB_JPG_QUEBRADOS
C:\Users\eduar\Desktop\Soybe-main\data\com_fundo\RGB_JPG_QUEBRADOS\grao_DSC_0419_id31.png,RGB_JPG_QUEBRADOS,RGB_JPG_QUEBRADOS
C:\Users\eduar\Desktop\Soybe-main\data\com_fundo\RGB_JPG_QUEBRADOS\grao_DSC_0419_id32.png,RGB_JPG_QUEBRADOS,RGB_JPG_QUEBRADOS
C:\Users\eduar\Desktop\Soybe-main\data\com_fundo\RGB_JPG_QUEBRADOS\grao_DSC_0419_id33.png,RGB_JPG_QUEBRADOS,RGB_JPG_QUEBRADOS
C:\Users\eduar\Desktop\Soybe-main\data\com_fundo\RGB_JPG_QUEBRADOS\grao_DSC_0419_id34.png,RGB_JPG_QUEBRADOS,RGB_JPG_QUEBRADOS
C:\Users\eduar\Desktop\Soybe-main\data\com_fundo\RGB_JPG_QUEBRADOS\grao_DSC_0419_id35.png,RGB_JPG_QUEBRADOS,RGB_JPG_QUEBRADOS
C:\Users\eduar\Desktop\Soybe-main\data\com_fundo\RGB_JPG_QUEBRADOS\grao_DSC_0419_id36.png,RGB_JPG_QUEBRADOS,RGB_JPG_QUEBRADOS
C:\Users\eduar\Desktop\Soybe-main\data\com_fundo\RGB_JPG_QUEBRADOS\grao_DSC_0419_id37.png,RGB_JPG_QUEBRADOS,RGB_JPG_QUEBRADOS
C:\Users\eduar\Desktop\Soybe-main\data\com_fundo\RGB_JPG_QUEBRADOS\grao_DSC_0419_id38.png,RGB_JPG_QUEBRADOS,RGB_JPG_QUEBRADOS
C:\Users\eduar\Desktop\Soybe-main\data\com_fundo\RGB_JPG_QUEBRADOS\grao_DSC_0419_id39.png,RGB_JPG_QUEBRADOS,RGB_JPG_QUEBRADOS
C:\Users\eduar\Desktop\Soybe-main\data\com_fundo\RGB_JPG_QUEBRADOS\grao_DSC_0419_id4.png,RGB_JPG_QUEBRADOS,RGB_JPG_QUEBRADOS
C:\Users\eduar\Desktop\Soybe-main\data\com_fundo\RGB_JPG_QUEBRADOS\grao_DSC_0419_id41.png,RGB_JPG_QUEBRADOS,RGB_JPG_QUEBRADOS
C:\Users\eduar\Desktop\Soybe-main\data\com_fundo\RGB_JPG_QUEBRADOS\grao_DSC_0419_id42.png,RGB_JPG_QUEBRADOS,RGB_JPG_QUEBRADOS
C:\Users\eduar\Desktop\Soybe-main\data\com_fundo\RGB_JPG_QUEBRADOS\grao_DSC_0419_id43.png,RGB_JPG_QUEBRADOS,RGB_JPG_QUEBRADOS
C:\Users\eduar\Desktop\Soybe-main\data\com_fundo\RGB_JPG_QUEBRADOS\grao_DSC_0419_id44.png,RGB_JPG_QUEBRADOS,RGB_JPG_QUEBRADOS
C:\Users\eduar\Desktop\Soybe-main\data\com_fundo\RGB_JPG_QUEBRADOS\grao_DSC_0419_id45.png,RGB_JPG_QUEBRADOS,RGB_JPG_QUEBRADOS
C:\Users\eduar\Desktop\Soybe-main\data\com_fundo\RGB_JPG_QUEBRADOS\grao_DSC_0419_id46.png,RGB_JPG_QUEBRADOS,RGB_JPG_QUEBRADOS
C:\Users\eduar\Desktop\Soybe-main\data\com_fundo\RGB_JPG_QUEBRADOS\grao_DSC_0419_id47.png,RGB_JPG_QUEBRADOS,RGB_JPG_QUEBRADOS
C:\Users\eduar\Desktop\Soybe-main\data\com_fundo\RGB_JPG_QUEBRADOS\grao_DSC_0419_id48.png,RGB_JPG_QUEBRADOS,RGB_JPG_QUEBRADOS
C:\Users\eduar\Desktop\Soybe-main\data\com_fundo\RGB_JPG_QUEBRADOS\grao_DSC_0419_id49.png,RGB_JPG_QUEBRADOS,RGB_JPG_QUEBRADOS
C:\Users\eduar\Desktop\Soybe-main\data\com_fundo\RGB_JPG_QUEBRADOS\grao_DSC_0419_id5.png,RGB_JPG_QUEBRADOS,RGB_JPG_QUEBRADOS
C:\Users\eduar\Desktop\Soybe-main\data\com_fundo\RGB_JPG_QUEBRADOS\grao_DSC_0419_id50.png,RGB_JPG_QUEBRADOS,RGB_JPG_QUEBRADOS
C:\Users\eduar\Desktop\Soybe-main\data\com_fundo\RGB_JPG_QUEBRADOS\grao_DSC_0419_id51.png,RGB_JPG_QUEBRADOS,RGB_JPG_QUEBRADOS
C:\Users\eduar\Desktop\Soybe-main\data\com_fundo\RGB_JPG_QUEBRADOS\grao_DSC_0419_id53.png,RGB_JPG_QUEBRADOS,RGB_JPG_QUEBRADOS
C:\Users\eduar\Desktop\Soybe-main\data\com_fundo\RGB_JPG_QUEBRADOS\grao_DSC_0419_id54.png,RGB_JPG_QUEBRADOS,RGB_JPG_QUEBRADOS
C:\Users\eduar\Desktop\Soybe-main\data\com_fundo\RGB_JPG_QUEBRADOS\grao_DSC_0419_id55.png,RGB_JPG_QUEBRADOS,RGB_JPG_QUEBRADOS
C:\Users\eduar\Desktop\Soybe-main\data\com_fundo\RGB_JPG_QUEBRADOS\grao_DSC_0419_id56.png,RGB_JPG_QUEBRADOS,RGB_JPG_QUEBRADOS
C:\Users\eduar\Desktop\Soybe-main\data\com_fundo\RGB_JPG_QUEBRADOS\grao_DSC_0419_id57.png,RGB_JPG_QUEBRADOS,RGB_JPG_QUEBRADOS
C:\Users\eduar\Desktop\Soybe-main\data\com_fundo\RGB_JPG_QUEBRADOS\grao_DSC_0419_id58.png,RGB_JPG_QUEBRADOS,RGB_JPG_QUEBRADOS
C:\Users\eduar\Desktop\Soybe-main\data\com_fundo\RGB_JPG_QUEBRADOS\grao_DSC_0419_id59.png,RGB_JPG_QUEBRADOS,RGB_JPG_QUEBRADOS
C:\Users\eduar\Desktop\Soybe-main\data\com_fundo\RGB_JPG_QUEBRADOS\grao_DSC_0419_id6.png,RGB_JPG_QUEBRADOS,RGB_JPG_QUEBRADOS
C:\Users\eduar\Desktop\Soybe-main\data\com_fundo\RGB_JPG_QUEBRADOS\grao_DSC_0419_id60.png,RGB_JPG_QUEBRADOS,RGB_JPG_QUEBRADOS
C:\Users\eduar\Desktop\Soybe-main\data\com_fundo\RGB_JPG_QUEBRADOS\grao_DSC_0419_id61.png,RGB_JPG_QUEBRADOS,RGB_JPG_QUEBRADOS
C:\Users\eduar\Desktop\Soybe-main\data\com_fundo\RGB_JPG_QUEBRADOS\grao_DSC_0419_id62.png,RGB_JPG_QUEBRADOS,RGB_JPG_QUEBRADOS
C:\Users\eduar\Desktop\Soybe-main\data\com_fundo\RGB_JPG_QUEBRADOS\grao_DSC_0419_id63.png,RGB_JPG_QUEBRADOS,RGB_JPG_QUEBRADOS
C:\Users\eduar\Desktop\Soybe-main\data\com_fundo\RGB_JPG_QUEBRADOS\grao_DSC_0419_id64.png,RGB_JPG_QUEBRADOS,RGB_JPG_QUEBRADOS
C:\Users\eduar\Desktop\Soybe-main\data\com_fundo\RGB_JPG_QUEBRADOS\grao_DSC_0419_id65.png,RGB_JPG_QUEBRADOS,RGB_JPG_QUEBRADOS
C:\Users\eduar\Desktop\Soybe-main\data\com_fundo\RGB_JPG_QUEBRADOS\grao_DSC_0419_id66.png,RGB_JPG_QUEBRADOS,RGB_JPG_QUEBRADOS
C:\Users\eduar\Desktop\Soybe-main\data\com_fundo\RGB_JPG_QUEBRADOS\grao_DSC_0419_id68.png,RGB_JPG_QUEBRADOS,RGB_JPG_QUEBRADOS
C:\Users\eduar\Desktop\Soybe-main\data\com_fundo\RGB_JPG_QUEBRADOS\grao_DSC_0419_id69.png,RGB_JPG_QUEBRADOS,RGB_JPG_QUEBRADOS
C:\Users\eduar\Desktop\Soybe-main\data\com_fundo\RGB_JPG_QUEBRADOS\grao_DSC_0419_id7.png,RGB_JPG_QUEBRADOS,RGB_JPG_QUEBRADOS
C:\Users\eduar\Desktop\Soybe-main\data\com_fundo\RGB_JPG_QUEBRADOS\grao_DSC_0419_id70.png,RGB_JPG_QUEBRADOS,RGB_JPG_QUEBRADOS
C:\Users\eduar\Desktop\Soybe-main\data\com_fundo\RGB_JPG_QUEBRADOS\grao_DSC_0419_id71.png,RGB_JPG_QUEBRADOS,RGB_JPG_QUEBRADOS
C:\Users\eduar\Desktop\Soybe-main\data\com_fundo\RGB_JPG_QUEBRADOS\grao_DSC_0419_id72.png,RGB_JPG_QUEBRADOS,RGB_JPG_QUEBRADOS
C:\Users\eduar\Desktop\Soybe-main\data\com_fundo\RGB_JPG_QUEBRADOS\grao_DSC_0419_id73.png,RGB_JPG_QUEBRADOS,RGB_JPG_QUEBRADOS
C:\Users\eduar\Desktop\Soybe-main\data\com_fundo\RGB_JPG_QUEBRADOS\grao_DSC_0419_id74.png,RGB_JPG_QUEBRADOS,RGB_JPG_QUEBRADOS
C:\Users\eduar\Desktop\Soybe-main\data\com_fundo\RGB_JPG_QUEBRADOS\grao_DSC_0419_id75.png,RGB_JPG_QUEBRADOS,RGB_JPG_QUEBRADOS
C:\Users\eduar\Desktop\Soybe-main\data\com_fundo\RGB_JPG_QUEBRADOS\grao_DSC_0419_id76.png,RGB_JPG_QUEBRADOS,RGB_JPG_QUEBRADOS
C:\Users\eduar\Desktop\Soybe-main\data\com_fundo\RGB_JPG_QUEBRADOS\grao_DSC_0419_id77.png,RGB_JPG_QUEBRADOS,RGB_JPG_QUEBRADOS
C:\Users\eduar\Desktop\Soybe-main\data\com_fundo\RGB_JPG_QUEBRADOS\grao_DSC_0419_id78.png,RGB_JPG_QUEBRADOS,RGB_JPG_QUEBRADOS
C:\Users\eduar\Desktop\Soybe-main\data\com_fundo\RGB_JPG_QUEBRADOS\grao_DSC_0419_id79.png,RGB_JPG_QUEBRADOS,RGB_JPG_QUEBRADOS
C:\Users\eduar\Desktop\Soybe-main\data\com_fundo\RGB_JPG_QUEBRADOS\grao_DSC_0419_id8.png,RGB_JPG_QUEBRADOS,RGB_JPG_QUEBRADOS
C:\Users\eduar\Desktop\Soybe-main\data\com_fundo\RGB_JPG_QUEBRADOS\grao_DSC_0419_id80.png,RGB_JPG_QUEBRADOS,RGB_JPG_QUEBRADOS
C:\Users\eduar\Desktop\Soybe-main\data\com_fundo\RGB_JPG_QUEBRADOS\grao_DSC_0419_id81.png,RGB_JPG_QUEBRADOS,RGB_JPG_QUEBRADOS
C:\Users\eduar\Desktop\Soybe-main\data\com_fundo\RGB_JPG_QUEBRADOS\grao_DSC_0419_id82.png,RGB_JPG_QUEBRADOS,RGB_JPG_QUEBRADOS
C:\Users\eduar\Desktop\Soybe-main\data\com_fundo\RGB_JPG_QUEBRADOS\grao_DSC_0419_id83.png,RGB_JPG_QUEBRADOS,RGB_JPG_QUEBRADOS
C:\Users\eduar\Desktop\Soybe-main\data\com_fundo\RGB_JPG_QUEBRADOS\grao_DSC_0419_id84.png,RGB_JPG_QUEBRADOS,RGB_JPG_ESVERDEADO
C:\Users\eduar\Desktop\Soybe-main\data\com_fundo\RGB_JPG_QUEBRADOS\grao_DSC_0419_id85.png,RGB_JPG_QUEBRADOS,RGB_JPG_QUEBRADOS
C:\Users\eduar\Desktop\Soybe-main\data\com_fundo\RGB_JPG_QUEBRADOS\grao_DSC_0419_id86.png,RGB_JPG_QUEBRADOS,RGB_JPG_QUEBRADOS
C:\Users\eduar\Desktop\Soybe-main\data\com_fundo\RGB_JPG_QUEBRADOS\grao_DSC_0419_id9.png,RGB_JPG_QUEBRADOS,RGB_JPG_QUEBRADOS
C:\Users\eduar\Desktop\Soybe-main\data\com_fundo\RGB_JPG_QUEBRADOS\grao_DSC_0428_id1.png,RGB_JPG_QUEBRADOS,RGB_JPG_QUEBRADOS
C:\Users\eduar\Desktop\Soybe-main\data\com_fundo\RGB_JPG_QUEBRADOS\grao_DSC_0428_id10.png,RGB_JPG_QUEBRADOS,RGB_JPG_QUEBRADOS
C:\Users\eduar\Desktop\Soybe-main\data\com_fundo\RGB_JPG_QUEBRADOS\grao_DSC_0428_id100.png,RGB_JPG_QUEBRADOS,RGB_JPG_Normais
C:\Users\eduar\Desktop\Soybe-main\data\com_fundo\RGB_JPG_QUEBRADOS\grao_DSC_0428_id101.png,RGB_JPG_QUEBRADOS,RGB_JPG_QUEBRADOS
C:\Users\eduar\Desktop\Soybe-main\data\com_fundo\RGB_JPG_QUEBRADOS\grao_DSC_0428_id103.png,RGB_JPG_QUEBRADOS,RGB_JPG_QUEBRADOS
C:\Users\eduar\Desktop\Soybe-main\data\com_fundo\RGB_JPG_QUEBRADOS\grao_DSC_0428_id12.png,RGB_JPG_QUEBRADOS,RGB_JPG_QUEBRADOS
C:\Users\eduar\Desktop\Soybe-main\data\com_fundo\RGB_JPG_QUEBRADOS\grao_DSC_0428_id13.png,RGB_JPG_QUEBRADOS,RGB_JPG_QUEBRADOS
C:\Users\eduar\Desktop\Soybe-main\data\com_fundo\RGB_JPG_QUEBRADOS\grao_DSC_0428_id14.png,RGB_JPG_QUEBRADOS,RGB_JPG_QUEBRADOS
C:\Users\eduar\Desktop\Soybe-main\data\com_fundo\RGB_JPG_QUEBRADOS\grao_DSC_0428_id15.png,RGB_JPG_QUEBRADOS,RGB_JPG_QUEBRADOS
C:\Users\eduar\Desktop\Soybe-main\data\com_fundo\RGB_JPG_QUEBRADOS\grao_DSC_0428_id16.png,RGB_JPG_QUEBRADOS,RGB_JPG_QUEBRADOS
C:\Users\eduar\Desktop\Soybe-main\data\com_fundo\RGB_JPG_QUEBRADOS\grao_DSC_0428_id17.png,RGB_JPG_QUEBRADOS,RGB_JPG_QUEBRADOS
C:\Users\eduar\Desktop\Soybe-main\data\com_fundo\RGB_JPG_QUEBRADOS\grao_DSC_0428_id18.png,RGB_JPG_QUEBRADOS,RGB_JPG_QUEBRADOS
C:\Users\eduar\Desktop\Soybe-main\data\com_fundo\RGB_JPG_QUEBRADOS\grao_DSC_0428_id19.png,RGB_JPG_QUEBRADOS,RGB_JPG_QUEBRADOS
C:\Users\eduar\Desktop\Soybe-main\data\com_fundo\RGB_JPG_QUEBRADOS\grao_DSC_0428_id2.png,RGB_JPG_QUEBRADOS,RGB_JPG_QUEBRADOS
C:\Users\eduar\Desktop\Soybe-main\data\com_fundo\RGB_JPG_QUEBRADOS\grao_DSC_0428_id20.png,RGB_JPG_QUEBRADOS,RGB_JPG_QUEBRADOS
C:\Users\eduar\Desktop\Soybe-main\data\com_fundo\RGB_JPG_QUEBRADOS\grao_DSC_0428_id21.png,RGB_JPG_QUEBRADOS,RGB_JPG_QUEBRADOS
C:\Users\eduar\Desktop\Soybe-main\data\com_fundo\RGB_JPG_QUEBRADOS\grao_DSC_0428_id23.png,RGB_JPG_QUEBRADOS,RGB_JPG_QUEBRADOS
C:\Users\eduar\Desktop\Soybe-main\data\com_fundo\RGB_JPG_QUEBRADOS\grao_DSC_0428_id24.png,RGB_JPG_QUEBRADOS,RGB_JPG_QUEBRADOS
C:\Users\eduar\Desktop\Soybe-main\data\com_fundo\RGB_JPG_QUEBRADOS\grao_DSC_0428_id25.png,RGB_JPG_QUEBRADOS,RGB_JPG_QUEBRADOS
C:\Users\eduar\Desktop\Soybe-main\data\com_fundo\RGB_JPG_QUEBRADOS\grao_DSC_0428_id26.png,RGB_JPG_QUEBRADOS,RGB_JPG_QUEBRADOS
C:\Users\eduar\Desktop\Soybe-main\data\com_fundo\RGB_JPG_QUEBRADOS\grao_DSC_0428_id27.png,RGB_JPG_QUEBRADOS,RGB_JPG_QUEBRADOS
C:\Users\eduar\Desktop\Soybe-main\data\com_fundo\RGB_JPG_QUEBRADOS\grao_DSC_0428_id28.png,RGB_JPG_QUEBRADOS,RGB_JPG_QUEBRADOS
C:\Users\eduar\Desktop\Soybe-main\data\com_fundo\RGB_JPG_QUEBRADOS\grao_DSC_0428_id29.png,RGB_JPG_QUEBRADOS,RGB_JPG_QUEBRADOS
C:\Users\eduar\Desktop\Soybe-main\data\com_fundo\RGB_JPG_QUEBRADOS\grao_DSC_0428_id3.png,RGB_JPG_QUEBRADOS,RGB_JPG_QUEBRADOS
C:\Users\eduar\Desktop\Soybe-main\data\com_fundo\RGB_JPG_QUEBRADOS\grao_DSC_0428_id30.png,RGB_JPG_QUEBRADOS,RGB_JPG_QUEBRADOS
C:\Users\eduar\Desktop\Soybe-main\data\com_fundo\RGB_JPG_QUEBRADOS\grao_DSC_0428_id31.png,RGB_JPG_QUEBRADOS,RGB_JPG_QUEBRADOS
C:\Users\eduar\Desktop\Soybe-main\data\com_fundo\RGB_JPG_QUEBRADOS\grao_DSC_0428_id32.png,RGB_JPG_QUEBRADOS,RGB_JPG_QUEBRADOS
C:\Users\eduar\Desktop\Soybe-main\data\com_fundo\RGB_JPG_QUEBRADOS\grao_DSC_0428_id33.png,RGB_JPG_QUEBRADOS,RGB_JPG_QUEBRADOS
C:\Users\eduar\Desktop\Soybe-main\data\com_fundo\RGB_JPG_QUEBRADOS\grao_DSC_0428_id34.png,RGB_JPG_QUEBRADOS,RGB_JPG_QUEBRADOS
C:\Users\eduar\Desktop\Soybe-main\data\com_fundo\RGB_JPG_QUEBRADOS\grao_DSC_0428_id35.png,RGB_JPG_QUEBRADOS,RGB_JPG_QUEBRADOS
C:\Users\eduar\Desktop\Soybe-main\data\com_fundo\RGB_JPG_QUEBRADOS\grao_DSC_0428_id36.png,RGB_JPG_QUEBRADOS,RGB_JPG_QUEBRADOS
C:\Users\eduar\Desktop\Soybe-main\data\com_fundo\RGB_JPG_QUEBRADOS\grao_DSC_0428_id37.png,RGB_JPG_QUEBRADOS,RGB_JPG_QUEBRADOS
C:\Users\eduar\Desktop\Soybe-main\data\com_fundo\RGB_JPG_QUEBRADOS\grao_DSC_0428_id38.png,RGB_JPG_QUEBRADOS,RGB_JPG_QUEBRADOS
C:\Users\eduar\Desktop\Soybe-main\data\com_fundo\RGB_JPG_QUEBRADOS\grao_DSC_0428_id39.png,RGB_JPG_QUEBRADOS,RGB_JPG_QUEBRADOS
C:\Users\eduar\Desktop\Soybe-main\data\com_fundo\RGB_JPG_QUEBRADOS\grao_DSC_0428_id4.png,RGB_JPG_QUEBRADOS,RGB_JPG_QUEBRADOS
C:\Users\eduar\Desktop\Soybe-main\data\com_fundo\RGB_JPG_QUEBRADOS\grao_DSC_0428_id40.png,RGB_JPG_QUEBRADOS,RGB_JPG_QUEBRADOS
C:\Users\eduar\Desktop\Soybe-main\data\com_fundo\RGB_JPG_QUEBRADOS\grao_DSC_0428_id41.png,RGB_JPG_QUEBRADOS,RGB_JPG_QUEBRADOS
C:\Users\eduar\Desktop\Soybe-main\data\com_fundo\RGB_JPG_QUEBRADOS\grao_DSC_0428_id42.png,RGB_JPG_QUEBRADOS,RGB_JPG_QUEBRADOS
C:\Users\eduar\Desktop\Soybe-main\data\com_fundo\RGB_JPG_QUEBRADOS\grao_DSC_0428_id43.png,RGB_JPG_QUEBRADOS,RGB_JPG_QUEBRADOS
C:\Users\eduar\Desktop\Soybe-main\data\com_fundo\RGB_JPG_QUEBRADOS\grao_DSC_0428_id44.png,RGB_JPG_QUEBRADOS,RGB_JPG_QUEBRADOS
C:\Users\eduar\Desktop\Soybe-main\data\com_fundo\RGB_JPG_QUEBRADOS\grao_DSC_0428_id45.png,RGB_JPG_QUEBRADOS,RGB_JPG_QUEBRADOS
C:\Users\eduar\Desktop\Soybe-main\data\com_fundo\RGB_JPG_QUEBRADOS\grao_DSC_0428_id46.png,RGB_JPG_QUEBRADOS,RGB_JPG_QUEBRADOS
C:\Users\eduar\Desktop\Soybe-main\data\com_fundo\RGB_JPG_QUEBRADOS\grao_DSC_0428_id47.png,RGB_JPG_QUEBRADOS,RGB_JPG_QUEBRADOS
C:\Users\eduar\Desktop\Soybe-main\data\com_fundo\RGB_JPG_QUEBRADOS\grao_DSC_0428_id48.png,RGB_JPG_QUEBRADOS,RGB_JPG_QUEBRADOS
C:\Users\eduar\Desktop\Soybe-main\data\com_fundo\RGB_JPG_QUEBRADOS\grao_DSC_0428_id49.png,RGB_JPG_QUEBRADOS,RGB_JPG_QUEBRADOS
C:\Users\eduar\Desktop\Soybe-main\data\com_fundo\RGB_JPG_QUEBRADOS\grao_DSC_0428_id5.png,RGB_JPG_QUEBRADOS,RGB_JPG_QUEBRADOS
C:\Users\eduar\Desktop\Soybe-main\data\com_fundo\RGB_JPG_QUEBRADOS\grao_DSC_0428_id50.png,RGB_JPG_QUEBRADOS,RGB_JPG_QUEBRADOS
C:\Users\eduar\Desktop\Soybe-main\data\com_fundo\RGB_JPG_QUEBRADOS\grao_DSC_0428_id51.png,RGB_JPG_QUEBRADOS,RGB_JPG_CHOCHOS
C:\Users\eduar\Desktop\Soybe-main\data\com_fundo\RGB_JPG_QUEBRADOS\grao_DSC_0428_id52.png,RGB_JPG_QUEBRADOS,RGB_JPG_QUEBRADOS
C:\Users\eduar\Desktop\Soybe-main\data\com_fundo\RGB_JPG_QUEBRADOS\grao_DSC_0428_id53.png,RGB_JPG_QUEBRADOS,RGB_JPG_QUEBRADOS
C:\Users\eduar\Desktop\Soybe-main\data\com_fundo\RGB_JPG_QUEBRADOS\grao_DSC_0428_id54.png,RGB_JPG_QUEBRADOS,RGB_JPG_QUEBRADOS
C:\Users\eduar\Desktop\Soybe-main\data\com_fundo\RGB_JPG_QUEBRADOS\grao_DSC_0428_id55.png,RGB_JPG_QUEBRADOS,RGB_JPG_QUEBRADOS
C:\Users\eduar\Desktop\Soybe-main\data\com_fundo\RGB_JPG_QUEBRADOS\grao_DSC_0428_id56.png,RGB_JPG_QUEBRADOS,RGB_JPG_QUEBRADOS
C:\Users\eduar\Desktop\Soybe-main\data\com_fundo\RGB_JPG_QUEBRADOS\grao_DSC_0428_id57.png,RGB_JPG_QUEBRADOS,RGB_JPG_QUEBRADOS
C:\Users\eduar\Desktop\Soybe-main\data\com_fundo\RGB_JPG_QUEBRADOS\grao_DSC_0428_id58.png,RGB_JPG_QUEBRADOS,RGB_JPG_QUEBRADOS
C:\Users\eduar\Desktop\Soybe-main\data\com_fundo\RGB_JPG_QUEBRADOS\grao_DSC_0428_id59.png,RGB_JPG_QUEBRADOS,RGB_JPG_QUEBRADOS
C:\Users\eduar\Desktop\Soybe-main\data\com_fundo\RGB_JPG_QUEBRADOS\grao_DSC_0428_id6.png,RGB_JPG_QUEBRADOS,RGB_JPG_QUEBRADOS
C:\Users\eduar\Desktop\Soybe-main\data\com_fundo\RGB_JPG_QUEBRADOS\grao_DSC_0428_id60.png,RGB_JPG_QUEBRADOS,RGB_JPG_QUEBRADOS
C:\Users\eduar\Desktop\Soybe-main\data\com_fundo\RGB_JPG_QUEBRADOS\grao_DSC_0428_id61.png,RGB_JPG_QUEBRADOS,RGB_JPG_QUEBRADOS
C:\Users\eduar\Desktop\Soybe-main\data\com_fundo\RGB_JPG_QUEBRADOS\grao_DSC_0428_id62.png,RGB_JPG_QUEBRADOS,RGB_JPG_QUEBRADOS
C:\Users\eduar\Desktop\Soybe-main\data\com_fundo\RGB_JPG_QUEBRADOS\grao_DSC_0428_id63.png,RGB_JPG_QUEBRADOS,RGB_JPG_QUEBRADOS
C:\Users\eduar\Desktop\Soybe-main\data\com_fundo\RGB_JPG_QUEBRADOS\grao_DSC_0428_id64.png,RGB_JPG_QUEBRADOS,RGB_JPG_QUEBRADOS
C:\Users\eduar\Desktop\Soybe-main\data\com_fundo\RGB_JPG_QUEBRADOS\grao_DSC_0428_id65.png,RGB_JPG_QUEBRADOS,RGB_JPG_QUEBRADOS
C:\Users\eduar\Desktop\Soybe-main\data\com_fundo\RGB_JPG_QUEBRADOS\grao_DSC_0428_id66.png,RGB_JPG_QUEBRADOS,RGB_JPG_QUEBRADOS
C:\Users\eduar\Desktop\Soybe-main\data\com_fundo\RGB_JPG_QUEBRADOS\grao_DSC_0428_id67.png,RGB_JPG_QUEBRADOS,RGB_JPG_QUEBRADOS
C:\Users\eduar\Desktop\Soybe-main\data\com_fundo\RGB_JPG_QUEBRADOS\grao_DSC_0428_id68.png,RGB_JPG_QUEBRADOS,RGB_JPG_QUEBRADOS
C:\Users\eduar\Desktop\Soybe-main\data\com_fundo\RGB_JPG_QUEBRADOS\grao_DSC_0428_id7.png,RGB_JPG_QUEBRADOS,RGB_JPG_QUEBRADOS
C:\Users\eduar\Desktop\Soybe-main\data\com_fundo\RGB_JPG_QUEBRADOS\grao_DSC_0428_id70.png,RGB_JPG_QUEBRADOS,RGB_JPG_QUEBRADOS
C:\Users\eduar\Desktop\Soybe-main\data\com_fundo\RGB_JPG_QUEBRADOS\grao_DSC_0428_id71.png,RGB_JPG_QUEBRADOS,RGB_JPG_QUEBRADOS
C:\Users\eduar\Desktop\Soybe-main\data\com_fundo\RGB_JPG_QUEBRADOS\grao_DSC_0428_id72.png,RGB_JPG_QUEBRADOS,RGB_JPG_QUEBRADOS
C:\Users\eduar\Desktop\Soybe-main\data\com_fundo\RGB_JPG_QUEBRADOS\grao_DSC_0428_id73.png,RGB_JPG_QUEBRADOS,RGB_JPG_QUEBRADOS
C:\Users\eduar\Desktop\Soybe-main\data\com_fundo\RGB_JPG_QUEBRADOS\grao_DSC_0428_id74.png,RGB_JPG_QUEBRADOS,RGB_JPG_QUEBRADOS
C:\Users\eduar\Desktop\Soybe-main\data\com_fundo\RGB_JPG_QUEBRADOS\grao_DSC_0428_id75.png,RGB_JPG_QUEBRADOS,RGB_JPG_QUEBRADOS
C:\Users\eduar\Desktop\Soybe-main\data\com_fundo\RGB_JPG_QUEBRADOS\grao_DSC_0428_id76.png,RGB_JPG_QUEBRADOS,RGB_JPG_QUEBRADOS
C:\Users\eduar\Desktop\Soybe-main\data\com_fundo\RGB_JPG_QUEBRADOS\grao_DSC_0428_id77.png,RGB_JPG_QUEBRADOS,RGB_JPG_QUEBRADOS
C:\Users\eduar\Desktop\Soybe-main\data\com_fundo\RGB_JPG_QUEBRADOS\grao_DSC_0428_id78.png,RGB_JPG_QUEBRADOS,RGB_JPG_QUEBRADOS
C:\Users\eduar\Desktop\Soybe-main\data\com_fundo\RGB_JPG_QUEBRADOS\grao_DSC_0428_id79.png,RGB_JPG_QUEBRADOS,RGB_JPG_QUEBRADOS
C:\Users\eduar\Desktop\Soybe-main\data\com_fundo\RGB_JPG_QUEBRADOS\grao_DSC_0428_id8.png,RGB_JPG_QUEBRADOS,RGB_JPG_QUEBRADOS
C:\Users\eduar\Desktop\Soybe-main\data\com_fundo\RGB_JPG_QUEBRADOS\grao_DSC_0428_id80.png,RGB_JPG_QUEBRADOS,RGB_JPG_QUEBRADOS
C:\Users\eduar\Desktop\Soybe-main\data\com_fundo\RGB_JPG_QUEBRADOS\grao_DSC_0428_id83.png,RGB_JPG_QUEBRADOS,RGB_JPG_QUEBRADOS
C:\Users\eduar\Desktop\Soybe-main\data\com_fundo\RGB_JPG_QUEBRADOS\grao_DSC_0428_id84.png,RGB_JPG_QUEBRADOS,RGB_JPG_QUEBRADOS
C:\Users\eduar\Desktop\Soybe-main\data\com_fundo\RGB_JPG_QUEBRADOS\grao_DSC_0428_id85.png,RGB_JPG_QUEBRADOS,RGB_JPG_QUEBRADOS
C:\Users\eduar\Desktop\Soybe-main\data\com_fundo\RGB_JPG_QUEBRADOS\grao_DSC_0428_id86.png,RGB_JPG_QUEBRADOS,RGB_JPG_QUEBRADOS
C:\Users\eduar\Desktop\Soybe-main\data\com_fundo\RGB_JPG_QUEBRADOS\grao_DSC_0428_id87.png,RGB_JPG_QUEBRADOS,RGB_JPG_QUEBRADOS
C:\Users\eduar\Desktop\Soybe-main\data\com_fundo\RGB_JPG_QUEBRADOS\grao_DSC_0428_id88.png,RGB_JPG_QUEBRADOS,RGB_JPG_QUEBRADOS
C:\Users\eduar\Desktop\Soybe-main\data\com_fundo\RGB_JPG_QUEBRADOS\grao_DSC_0428_id89.png,RGB_JPG_QUEBRADOS,RGB_JPG_QUEBRADOS
C:\Users\eduar\Desktop\Soybe-main\data\com_fundo\RGB_JPG_QUEBRADOS\grao_DSC_0428_id9.png,RGB_JPG_QUEBRADOS,RGB_JPG_QUEBRADOS
C:\Users\eduar\Desktop\Soybe-main\data\com_fundo\RGB_JPG_QUEBRADOS\grao_DSC_0428_id90.png,RGB_JPG_QUEBRADOS,RGB_JPG_QUEBRADOS
C:\Users\eduar\Desktop\Soybe-main\data\com_fundo\RGB_JPG_QUEBRADOS\grao_DSC_0428_id91.png,RGB_JPG_QUEBRADOS,RGB_JPG_QUEBRADOS
C:\Users\eduar\Desktop\Soybe-main\data\com_fundo\RGB_JPG_QUEBRADOS\grao_DSC_0428_id92.png,RGB_JPG_QUEBRADOS,RGB_JPG_QUEBRADOS
C:\Users\eduar\Desktop\Soybe-main\data\com_fundo\RGB_JPG_QUEBRADOS\grao_DSC_0428_id93.png,RGB_JPG_QUEBRADOS,RGB_JPG_QUEBRADOS
C:\Users\eduar\Desktop\Soybe-main\data\com_fundo\RGB_JPG_QUEBRADOS\grao_DSC_0428_id94.png,RGB_JPG_QUEBRADOS,RGB_JPG_QUEBRADOS
C:\Users\eduar\Desktop\Soybe-main\data\com_fundo\RGB_JPG_QUEBRADOS\grao_DSC_0428_id95.png,RGB_JPG_QUEBRADOS,RGB_JPG_QUEBRADOS
C:\Users\eduar\Desktop\Soybe-main\data\com_fundo\RGB_JPG_QUEBRADOS\grao_DSC_0428_id96.png,RGB_JPG_QUEBRADOS,RGB_JPG_QUEBRADOS
C:\Users\eduar\Desktop\Soybe-main\data\com_fundo\RGB_JPG_QUEBRADOS\grao_DSC_0428_id97.png,RGB_JPG_QUEBRADOS,RGB_JPG_QUEBRADOS
C:\Users\eduar\Desktop\Soybe-main\data\com_fundo\RGB_JPG_QUEBRADOS\grao_DSC_0428_id98.png,RGB_JPG_QUEBRADOS,RGB_JPG_QUEBRADOS
C:\Users\eduar\Desktop\Soybe-main\data\com_fundo\RGB_JPG_QUEBRADOS\grao_DSC_0428_id99.png,RGB_JPG_QUEBRADOS,RGB_JPG_QUEBRADOS
C:\Users\eduar\Desktop\Soybe-main\data\com_fundo\RGB_JPG_QUEBRADOS\grao_DSC_0430_id1.png,RGB_JPG_QUEBRADOS,RGB_JPG_QUEBRADOS
C:\Users\eduar\Desktop\Soybe-main\data\com_fundo\RGB_JPG_QUEBRADOS\grao_DSC_0430_id10.png,RGB_JPG_QUEBRADOS,RGB_JPG_QUEBRADOS
C:\Users\eduar\Desktop\Soybe-main\data\com_fundo\RGB_JPG_QUEBRADOS\grao_DSC_0430_id100.png,RGB_JPG_QUEBRADOS,RGB_JPG_QUEBRADOS
C:\Users\eduar\Desktop\Soybe-main\data\com_fundo\RGB_JPG_QUEBRADOS\grao_DSC_0430_id101.png,RGB_JPG_QUEBRADOS,RGB_JPG_QUEBRADOS
C:\Users\eduar\Desktop\Soybe-main\data\com_fundo\RGB_JPG_QUEBRADOS\grao_DSC_0430_id102.png,RGB_JPG_QUEBRADOS,RGB_JPG_QUEBRADOS
C:\Users\eduar\Desktop\Soybe-main\data\com_fundo\RGB_JPG_QUEBRADOS\grao_DSC_0430_id103.png,RGB_JPG_QUEBRADOS,RGB_JPG_QUEBRADOS
C:\Users\eduar\Desktop\Soybe-main\data\com_fundo\RGB_JPG_QUEBRADOS\grao_DSC_0430_id11.png,RGB_JPG_QUEBRADOS,RGB_JPG_QUEBRADOS
C:\Users\eduar\Desktop\Soybe-main\data\com_fundo\RGB_JPG_QUEBRADOS\grao_DSC_0430_id12.png,RGB_JPG_QUEBRADOS,RGB_JPG_QUEBRADOS
C:\Users\eduar\Desktop\Soybe-main\data\com_fundo\RGB_JPG_QUEBRADOS\grao_DSC_0430_id13.png,RGB_JPG_QUEBRADOS,RGB_JPG_QUEBRADOS
C:\Users\eduar\Desktop\Soybe-main\data\com_fundo\RGB_JPG_QUEBRADOS\grao_DSC_0430_id14.png,RGB_JPG_QUEBRADOS,RGB_JPG_QUEBRADOS
C:\Users\eduar\Desktop\Soybe-main\data\com_fundo\RGB_JPG_QUEBRADOS\grao_DSC_0430_id15.png,RGB_JPG_QUEBRADOS,RGB_JPG_QUEBRADOS
C:\Users\eduar\Desktop\Soybe-main\data\com_fundo\RGB_JPG_QUEBRADOS\grao_DSC_0430_id16.png,RGB_JPG_QUEBRADOS,RGB_JPG_Normais
C:\Users\eduar\Desktop\Soybe-main\data\com_fundo\RGB_JPG_QUEBRADOS\grao_DSC_0430_id19.png,RGB_JPG_QUEBRADOS,RGB_JPG_QUEBRADOS
C:\Users\eduar\Desktop\Soybe-main\data\com_fundo\RGB_JPG_QUEBRADOS\grao_DSC_0430_id2.png,RGB_JPG_QUEBRADOS,RGB_JPG_Normais
C:\Users\eduar\Desktop\Soybe-main\data\com_fundo\RGB_JPG_QUEBRADOS\grao_DSC_0430_id20.png,RGB_JPG_QUEBRADOS,RGB_JPG_QUEBRADOS
C:\Users\eduar\Desktop\Soybe-main\data\com_fundo\RGB_JPG_QUEBRADOS\grao_DSC_0430_id21.png,RGB_JPG_QUEBRADOS,RGB_JPG_QUEBRADOS
C:\Users\eduar\Desktop\Soybe-main\data\com_fundo\RGB_JPG_QUEBRADOS\grao_DSC_0430_id22.png,RGB_JPG_QUEBRADOS,RGB_JPG_QUEBRADOS
C:\Users\eduar\Desktop\Soybe-main\data\com_fundo\RGB_JPG_QUEBRADOS\grao_DSC_0430_id23.png,RGB_JPG_QUEBRADOS,RGB_JPG_QUEBRADOS
C:\Users\eduar\Desktop\Soybe-main\data\com_fundo\RGB_JPG_QUEBRADOS\grao_DSC_0430_id24.png,RGB_JPG_QUEBRADOS,RGB_JPG_QUEBRADOS
C:\Users\eduar\Desktop\Soybe-main\data\com_fundo\RGB_JPG_QUEBRADOS\grao_DSC_0430_id26.png,RGB_JPG_QUEBRADOS,RGB_JPG_Normais
C:\Users\eduar\Desktop\Soybe-main\data\com_fundo\RGB_JPG_QUEBRADOS\grao_DSC_0430_id27.png,RGB_JPG_QUEBRADOS,RGB_JPG_QUEBRADOS
C:\Users\eduar\Desktop\Soybe-main\data\com_fundo\RGB_JPG_QUEBRADOS\grao_DSC_0430_id28.png,RGB_JPG_QUEBRADOS,RGB_JPG_QUEBRADOS
C:\Users\eduar\Desktop\Soybe-main\data\com_fundo\RGB_JPG_QUEBRADOS\grao_DSC_0430_id29.png,RGB_JPG_QUEBRADOS,RGB_JPG_QUEBRADOS
C:\Users\eduar\Desktop\Soybe-main\data\com_fundo\RGB_JPG_QUEBRADOS\grao_DSC_0430_id3.png,RGB_JPG_QUEBRADOS,RGB_JPG_QUEBRADOS
C:\Users\eduar\Desktop\Soybe-main\data\com_fundo\RGB_JPG_QUEBRADOS\grao_DSC_0430_id30.png,RGB_JPG_QUEBRADOS,RGB_JPG_QUEBRADOS
C:\Users\eduar\Desktop\Soybe-main\data\com_fundo\RGB_JPG_QUEBRADOS\grao_DSC_0430_id31.png,RGB_JPG_QUEBRADOS,RGB_JPG_QUEBRADOS
C:\Users\eduar\Desktop\Soybe-main\data\com_fundo\RGB_JPG_QUEBRADOS\grao_DSC_0430_id32.png,RGB_JPG_QUEBRADOS,RGB_JPG_QUEBRADOS
C:\Users\eduar\Desktop\Soybe-main\data\com_fundo\RGB_JPG_QUEBRADOS\grao_DSC_0430_id33.png,RGB_JPG_QUEBRADOS,RGB_JPG_QUEBRADOS
C:\Users\eduar\Desktop\Soybe-main\data\com_fundo\RGB_JPG_QUEBRADOS\grao_DSC_0430_id34.png,RGB_JPG_QUEBRADOS,RGB_JPG_QUEBRADOS
C:\Users\eduar\Desktop\Soybe-main\data\com_fundo\RGB_JPG_QUEBRADOS\grao_DSC_0430_id35.png,RGB_JPG_QUEBRADOS,RGB_JPG_QUEBRADOS
C:\Users\eduar\Desktop\Soybe-main\data\com_fundo\RGB_JPG_QUEBRADOS\grao_DSC_0430_id36.png,RGB_JPG_QUEBRADOS,RGB_JPG_QUEBRADOS
C:\Users\eduar\Desktop\Soybe-main\data\com_fundo\RGB_JPG_QUEBRADOS\grao_DSC_0430_id37.png,RGB_JPG_QUEBRADOS,RGB_JPG_QUEBRADOS
C:\Users\eduar\Desktop\Soybe-main\data\com_fundo\RGB_JPG_QUEBRADOS\grao_DSC_0430_id38.png,RGB_JPG_QUEBRADOS,RGB_JPG_QUEBRADOS
C:\Users\eduar\Desktop\Soybe-main\data\com_fundo\RGB_JPG_QUEBRADOS\grao_DSC_0430_id39.png,RGB_JPG_QUEBRADOS,RGB_JPG_QUEBRADOS
C:\Users\eduar\Desktop\Soybe-main\data\com_fundo\RGB_JPG_QUEBRADOS\grao_DSC_0430_id4.png,RGB_JPG_QUEBRADOS,RGB_JPG_QUEBRADOS
C:\Users\eduar\Desktop\Soybe-main\data\com_fundo\RGB_JPG_QUEBRADOS\grao_DSC_0430_id40.png,RGB_JPG_QUEBRADOS,RGB_JPG_QUEBRADOS
C:\Users\eduar\Desktop\Soybe-main\data\com_fundo\RGB_JPG_QUEBRADOS\grao_DSC_0430_id42.png,RGB_JPG_QUEBRADOS,RGB_JPG_QUEBRADOS
C:\Users\eduar\Desktop\Soybe-main\data\com_fundo\RGB_JPG_QUEBRADOS\grao_DSC_0430_id43.png,RGB_JPG_QUEBRADOS,RGB_JPG_QUEBRADOS
C:\Users\eduar\Desktop\Soybe-main\data\com_fundo\RGB_JPG_QUEBRADOS\grao_DSC_0430_id44.png,RGB_JPG_QUEBRADOS,RGB_JPG_QUEBRADOS
C:\Users\eduar\Desktop\Soybe-main\data\com_fundo\RGB_JPG_QUEBRADOS\grao_DSC_0430_id45.png,RGB_JPG_QUEBRADOS,RGB_JPG_QUEBRADOS
C:\Users\eduar\Desktop\Soybe-main\data\com_fundo\RGB_JPG_QUEBRADOS\grao_DSC_0430_id46.png,RGB_JPG_QUEBRADOS,RGB_JPG_QUEBRADOS
C:\Users\eduar\Desktop\Soybe-main\data\com_fundo\RGB_JPG_QUEBRADOS\grao_DSC_0430_id47.png,RGB_JPG_QUEBRADOS,RGB_JPG_QUEBRADOS
C:\Users\eduar\Desktop\Soybe-main\data\com_fundo\RGB_JPG_QUEBRADOS\grao_DSC_0430_id48.png,RGB_JPG_QUEBRADOS,RGB_JPG_QUEBRADOS
C:\Users\eduar\Desktop\Soybe-main\data\com_fundo\RGB_JPG_QUEBRADOS\grao_DSC_0430_id49.png,RGB_JPG_QUEBRADOS,RGB_JPG_QUEBRADOS
C:\Users\eduar\Desktop\Soybe-main\data\com_fundo\RGB_JPG_QUEBRADOS\grao_DSC_0430_id5.png,RGB_JPG_QUEBRADOS,RGB_JPG_QUEBRADOS
C:\Users\eduar\Desktop\Soybe-main\data\com_fundo\RGB_JPG_QUEBRADOS\grao_DSC_0430_id50.png,RGB_JPG_QUEBRADOS,RGB_JPG_QUEBRADOS
C:\Users\eduar\Desktop\Soybe-main\data\com_fundo\RGB_JPG_QUEBRADOS\grao_DSC_0430_id51.png,RGB_JPG_QUEBRADOS,RGB_JPG_QUEBRADOS
C:\Users\eduar\Desktop\Soybe-main\data\com_fundo\RGB_JPG_QUEBRADOS\grao_DSC_0430_id53.png,RGB_JPG_QUEBRADOS,RGB_JPG_QUEBRADOS
C:\Users\eduar\Desktop\Soybe-main\data\com_fundo\RGB_JPG_QUEBRADOS\grao_DSC_0430_id54.png,RGB_JPG_QUEBRADOS,RGB_JPG_QUEBRADOS
C:\Users\eduar\Desktop\Soybe-main\data\com_fundo\RGB_JPG_QUEBRADOS\grao_DSC_0430_id55.png,RGB_JPG_QUEBRADOS,RGB_JPG_QUEBRADOS
C:\Users\eduar\Desktop\Soybe-main\data\com_fundo\RGB_JPG_QUEBRADOS\grao_DSC_0430_id56.png,RGB_JPG_QUEBRADOS,RGB_JPG_QUEBRADOS
C:\Users\eduar\Desktop\Soybe-main\data\com_fundo\RGB_JPG_QUEBRADOS\grao_DSC_0430_id57.png,RGB_JPG_QUEBRADOS,RGB_JPG_QUEBRADOS
C:\Users\eduar\Desktop\Soybe-main\data\com_fundo\RGB_JPG_QUEBRADOS\grao_DSC_0430_id58.png,RGB_JPG_QUEBRADOS,RGB_JPG_QUEBRADOS
C:\Users\eduar\Desktop\Soybe-main\data\com_fundo\RGB_JPG_QUEBRADOS\grao_DSC_0430_id59.png,RGB_JPG_QUEBRADOS,RGB_JPG_QUEBRADOS
C:\Users\eduar\Desktop\Soybe-main\data\com_fundo\RGB_JPG_QUEBRADOS\grao_DSC_0430_id6.png,RGB_JPG_QUEBRADOS,RGB_JPG_Normais
C:\Users\eduar\Desktop\Soybe-main\data\com_fundo\RGB_JPG_QUEBRADOS\grao_DSC_0430_id60.png,RGB_JPG_QUEBRADOS,RGB_JPG_Normais
C:\Users\eduar\Desktop\Soybe-main\data\com_fundo\RGB_JPG_QUEBRADOS\grao_DSC_0430_id61.png,RGB_JPG_QUEBRADOS,RGB_JPG_QUEBRADOS
C:\Users\eduar\Desktop\Soybe-main\data\com_fundo\RGB_JPG_QUEBRADOS\grao_DSC_0430_id62.png,RGB_JPG_QUEBRADOS,RGB_JPG_QUEBRADOS
C:\Users\eduar\Desktop\Soybe-main\data\com_fundo\RGB_JPG_QUEBRADOS\grao_DSC_0430_id63.png,RGB_JPG_QUEBRADOS,RGB_JPG_QUEBRADOS
C:\Users\eduar\Desktop\Soybe-main\data\com_fundo\RGB_JPG_QUEBRADOS\grao_DSC_0430_id64.png,RGB_JPG_QUEBRADOS,RGB_JPG_QUEBRADOS
C:\Users\eduar\Desktop\Soybe-main\data\com_fundo\RGB_JPG_QUEBRADOS\grao_DSC_0430_id65.png,RGB_JPG_QUEBRADOS,RGB_JPG_QUEBRADOS
C:\Users\eduar\Desktop\Soybe-main\data\com_fundo\RGB_JPG_QUEBRADOS\grao_DSC_0430_id66.png,RGB_JPG_QUEBRADOS,RGB_JPG_QUEBRADOS
C:\Users\eduar\Desktop\Soybe-main\data\com_fundo\RGB_JPG_QUEBRADOS\grao_DSC_0430_id68.png,RGB_JPG_QUEBRADOS,RGB_JPG_QUEBRADOS
C:\Users\eduar\Desktop\Soybe-main\data\com_fundo\RGB_JPG_QUEBRADOS\grao_DSC_0430_id69.png,RGB_JPG_QUEBRADOS,RGB_JPG_QUEBRADOS
C:\Users\eduar\Desktop\Soybe-main\data\com_fundo\RGB_JPG_QUEBRADOS\grao_DSC_0430_id7.png,RGB_JPG_QUEBRADOS,RGB_JPG_QUEBRADOS
C:\Users\eduar\Desktop\Soybe-main\data\com_fundo\RGB_JPG_QUEBRADOS\grao_DSC_0430_id70.png,RGB_JPG_QUEBRADOS,RGB_JPG_QUEBRADOS
C:\Users\eduar\Desktop\Soybe-main\data\com_fundo\RGB_JPG_QUEBRADOS\grao_DSC_0430_id71.png,RGB_JPG_QUEBRADOS,RGB_JPG_QUEBRADOS
C:\Users\eduar\Desktop\Soybe-main\data\com_fundo\RGB_JPG_QUEBRADOS\grao_DSC_0430_id72.png,RGB_JPG_QUEBRADOS,RGB_JPG_QUEBRADOS
C:\Users\eduar\Desktop\Soybe-main\data\com_fundo\RGB_JPG_QUEBRADOS\grao_DSC_0430_id73.png,RGB_JPG_QUEBRADOS,RGB_JPG_QUEBRADOS
C:\Users\eduar\Desktop\Soybe-main\data\com_fundo\RGB_JPG_QUEBRADOS\grao_DSC_0430_id75.png,RGB_JPG_QUEBRADOS,RGB_JPG_QUEBRADOS
C:\Users\eduar\Desktop\Soybe-main\data\com_fundo\RGB_JPG_QUEBRADOS\grao_DSC_0430_id76.png,RGB_JPG_QUEBRADOS,RGB_JPG_QUEBRADOS
C:\Users\eduar\Desktop\Soybe-main\data\com_fundo\RGB_JPG_QUEBRADOS\grao_DSC_0430_id77.png,RGB_JPG_QUEBRADOS,RGB_JPG_QUEBRADOS
C:\Users\eduar\Desktop\Soybe-main\data\com_fundo\RGB_JPG_QUEBRADOS\grao_DSC_0430_id78.png,RGB_JPG_QUEBRADOS,RGB_JPG_QUEBRADOS
C:\Users\eduar\Desktop\Soybe-main\data\com_fundo\RGB_JPG_QUEBRADOS\grao_DSC_0430_id79.png,RGB_JPG_QUEBRADOS,RGB_JPG_QUEBRADOS
C:\Users\eduar\Desktop\Soybe-main\data\com_fundo\RGB_JPG_QUEBRADOS\grao_DSC_0430_id8.png,RGB_JPG_QUEBRADOS,RGB_JPG_QUEBRADOS
C:\Users\eduar\Desktop\Soybe-main\data\com_fundo\RGB_JPG_QUEBRADOS\grao_DSC_0430_id80.png,RGB_JPG_QUEBRADOS,RGB_JPG_QUEBRADOS
C:\Users\eduar\Desktop\Soybe-main\data\com_fundo\RGB_JPG_QUEBRADOS\grao_DSC_0430_id81.png,RGB_JPG_QUEBRADOS,RGB_JPG_QUEBRADOS
C:\Users\eduar\Desktop\Soybe-main\data\com_fundo\RGB_JPG_QUEBRADOS\grao_DSC_0430_id83.png,RGB_JPG_QUEBRADOS,RGB_JPG_QUEBRADOS
C:\Users\eduar\Desktop\Soybe-main\data\com_fundo\RGB_JPG_QUEBRADOS\grao_DSC_0430_id84.png,RGB_JPG_QUEBRADOS,RGB_JPG_QUEBRADOS
C:\Users\eduar\Desktop\Soybe-main\data\com_fundo\RGB_JPG_QUEBRADOS\grao_DSC_0430_id85.png,RGB_JPG_QUEBRADOS,RGB_JPG_QUEBRADOS
C:\Users\eduar\Desktop\Soybe-main\data\com_fundo\RGB_JPG_QUEBRADOS\grao_DSC_0430_id86.png,RGB_JPG_QUEBRADOS,RGB_JPG_QUEBRADOS
C:\Users\eduar\Desktop\Soybe-main\data\com_fundo\RGB_JPG_QUEBRADOS\grao_DSC_0430_id87.png,RGB_JPG_QUEBRADOS,RGB_JPG_QUEBRADOS
C:\Users\eduar\Desktop\Soybe-main\data\com_fundo\RGB_JPG_QUEBRADOS\grao_DSC_0430_id88.png,RGB_JPG_QUEBRADOS,RGB_JPG_QUEBRADOS
C:\Users\eduar\Desktop\Soybe-main\data\com_fundo\RGB_JPG_QUEBRADOS\grao_DSC_0430_id89.png,RGB_JPG_QUEBRADOS,RGB_JPG_QUEBRADOS
C:\Users\eduar\Desktop\Soybe-main\data\com_fundo\RGB_JPG_QUEBRADOS\grao_DSC_0430_id9.png,RGB_JPG_QUEBRADOS,RGB_JPG_QUEBRADOS
C:\Users\eduar\Desktop\Soybe-main\data\com_fundo\RGB_JPG_QUEBRADOS\grao_DSC_0430_id91.png,RGB_JPG_QUEBRADOS,RGB_JPG_QUEBRADOS
C:\Users\eduar\Desktop\Soybe-main\data\com_fundo\RGB_JPG_QUEBRADOS\grao_DSC_0430_id92.png,RGB_JPG_QUEBRADOS,RGB_JPG_QUEBRADOS
C:\Users\eduar\Desktop\Soybe-main\data\com_fundo\RGB_JPG_QUEBRADOS\grao_DSC_0430_id93.png,RGB_JPG_QUEBRADOS,RGB_JPG_Normais
C:\Users\eduar\Desktop\Soybe-main\data\com_fundo\RGB_JPG_QUEBRADOS\grao_DSC_0430_id94.png,RGB_JPG_QUEBRADOS,RGB_JPG_QUEBRADOS
C:\Users\eduar\Desktop\Soybe-main\data\com_fundo\RGB_JPG_QUEBRADOS\grao_DSC_0430_id95.png,RGB_JPG_QUEBRADOS,RGB_JPG_QUEBRADOS
C:\Users\eduar\Desktop\Soybe-main\data\com_fundo\RGB_JPG_QUEBRADOS\grao_DSC_0430_id96.png,RGB_JPG_QUEBRADOS,RGB_JPG_QUEBRADOS
C:\Users\eduar\Desktop\Soybe-main\data\com_fundo\RGB_JPG_QUEBRADOS\grao_DSC_0430_id98.png,RGB_JPG_QUEBRADOS,RGB_JPG_QUEBRADOS
C:\Users\eduar\Desktop\Soybe-main\data\com_fundo\RGB_JPG_QUEBRADOS\grao_DSC_0430_id99.png,RGB_JPG_QUEBRADOS,RGB_JPG_QUEBRADOS
C:\Users\eduar\Desktop\Soybe-main\data\com_fundo\RGB_JPG_QUEBRADOS\grao_DSC_0434_id1.png,RGB_JPG_QUEBRADOS,RGB_JPG_QUEBRADOS
C:\Users\eduar\Desktop\Soybe-main\data\com_fundo\RGB_JPG_QUEBRADOS\grao_DSC_0434_id10.png,RGB_JPG_QUEBRADOS,RGB_JPG_QUEBRADOS
C:\Users\eduar\Desktop\Soybe-main\data\com_fundo\RGB_JPG_QUEBRADOS\grao_DSC_0434_id100.png,RGB_JPG_QUEBRADOS,RGB_JPG_QUEBRADOS
C:\Users\eduar\Desktop\Soybe-main\data\com_fundo\RGB_JPG_QUEBRADOS\grao_DSC_0434_id101.png,RGB_JPG_QUEBRADOS,RGB_JPG_QUEBRADOS
C:\Users\eduar\Desktop\Soybe-main\data\com_fundo\RGB_JPG_QUEBRADOS\grao_DSC_0434_id102.png,RGB_JPG_QUEBRADOS,RGB_JPG_QUEBRADOS
C:\Users\eduar\Desktop\Soybe-main\data\com_fundo\RGB_JPG_QUEBRADOS\grao_DSC_0434_id103.png,RGB_JPG_QUEBRADOS,RGB_JPG_QUEBRADOS
C:\Users\eduar\Desktop\Soybe-main\data\com_fundo\RGB_JPG_QUEBRADOS\grao_DSC_0434_id104.png,RGB_JPG_QUEBRADOS,RGB_JPG_QUEBRADOS
C:\Users\eduar\Desktop\Soybe-main\data\com_fundo\RGB_JPG_QUEBRADOS\grao_DSC_0434_id11.png,RGB_JPG_QUEBRADOS,RGB_JPG_QUEBRADOS
C:\Users\eduar\Desktop\Soybe-main\data\com_fundo\RGB_JPG_QUEBRADOS\grao_DSC_0434_id12.png,RGB_JPG_QUEBRADOS,RGB_JPG_QUEBRADOS
C:\Users\eduar\Desktop\Soybe-main\data\com_fundo\RGB_JPG_QUEBRADOS\grao_DSC_0434_id13.png,RGB_JPG_QUEBRADOS,RGB_JPG_QUEBRADOS
C:\Users\eduar\Desktop\Soybe-main\data\com_fundo\RGB_JPG_QUEBRADOS\grao_DSC_0434_id14.png,RGB_JPG_QUEBRADOS,RGB_JPG_QUEBRADOS
C:\Users\eduar\Desktop\Soybe-main\data\com_fundo\RGB_JPG_QUEBRADOS\grao_DSC_0434_id15.png,RGB_JPG_QUEBRADOS,RGB_JPG_QUEBRADOS
C:\Users\eduar\Desktop\Soybe-main\data\com_fundo\RGB_JPG_QUEBRADOS\grao_DSC_0434_id16.png,RGB_JPG_QUEBRADOS,RGB_JPG_QUEBRADOS
C:\Users\eduar\Desktop\Soybe-main\data\com_fundo\RGB_JPG_QUEBRADOS\grao_DSC_0434_id17.png,RGB_JPG_QUEBRADOS,RGB_JPG_CHOCHOS
C:\Users\eduar\Desktop\Soybe-main\data\com_fundo\RGB_JPG_QUEBRADOS\grao_DSC_0434_id18.png,RGB_JPG_QUEBRADOS,RGB_JPG_QUEBRADOS
C:\Users\eduar\Desktop\Soybe-main\data\com_fundo\RGB_JPG_QUEBRADOS\grao_DSC_0434_id19.png,RGB_JPG_QUEBRADOS,RGB_JPG_QUEBRADOS
C:\Users\eduar\Desktop\Soybe-main\data\com_fundo\RGB_JPG_QUEBRADOS\grao_DSC_0434_id2.png,RGB_JPG_QUEBRADOS,RGB_JPG_QUEBRADOS
C:\Users\eduar\Desktop\Soybe-main\data\com_fundo\RGB_JPG_QUEBRADOS\grao_DSC_0434_id20.png,RGB_JPG_QUEBRADOS,RGB_JPG_QUEBRADOS
C:\Users\eduar\Desktop\Soybe-main\data\com_fundo\RGB_JPG_QUEBRADOS\grao_DSC_0434_id21.png,RGB_JPG_QUEBRADOS,RGB_JPG_QUEBRADOS
C:\Users\eduar\Desktop\Soybe-main\data\com_fundo\RGB_JPG_QUEBRADOS\grao_DSC_0434_id22.png,RGB_JPG_QUEBRADOS,RGB_JPG_QUEBRADOS
C:\Users\eduar\Desktop\Soybe-main\data\com_fundo\RGB_JPG_QUEBRADOS\grao_DSC_0434_id23.png,RGB_JPG_QUEBRADOS,RGB_JPG_QUEBRADOS
C:\Users\eduar\Desktop\Soybe-main\data\com_fundo\RGB_JPG_QUEBRADOS\grao_DSC_0434_id24.png,RGB_JPG_QUEBRADOS,RGB_JPG_IMPUREZAS
C:\Users\eduar\Desktop\Soybe-main\data\com_fundo\RGB_JPG_QUEBRADOS\grao_DSC_0434_id25.png,RGB_JPG_QUEBRADOS,RGB_JPG_QUEBRADOS
C:\Users\eduar\Desktop\Soybe-main\data\com_fundo\RGB_JPG_QUEBRADOS\grao_DSC_0434_id26.png,RGB_JPG_QUEBRADOS,RGB_JPG_QUEBRADOS
C:\Users\eduar\Desktop\Soybe-main\data\com_fundo\RGB_JPG_QUEBRADOS\grao_DSC_0434_id27.png,RGB_JPG_QUEBRADOS,RGB_JPG_QUEBRADOS
C:\Users\eduar\Desktop\Soybe-main\data\com_fundo\RGB_JPG_QUEBRADOS\grao_DSC_0434_id28.png,RGB_JPG_QUEBRADOS,RGB_JPG_QUEBRADOS
C:\Users\eduar\Desktop\Soybe-main\data\com_fundo\RGB_JPG_QUEBRADOS\grao_DSC_0434_id29.png,RGB_JPG_QUEBRADOS,RGB_JPG_QUEBRADOS
C:\Users\eduar\Desktop\Soybe-main\data\com_fundo\RGB_JPG_QUEBRADOS\grao_DSC_0434_id3.png,RGB_JPG_QUEBRADOS,RGB_JPG_QUEBRADOS
C:\Users\eduar\Desktop\Soybe-main\data\com_fundo\RGB_JPG_QUEBRADOS\grao_DSC_0434_id30.png,RGB_JPG_QUEBRADOS,RGB_JPG_QUEBRADOS
C:\Users\eduar\Desktop\Soybe-main\data\com_fundo\RGB_JPG_QUEBRADOS\grao_DSC_0434_id31.png,RGB_JPG_QUEBRADOS,RGB_JPG_QUEBRADOS
C:\Users\eduar\Desktop\Soybe-main\data\com_fundo\RGB_JPG_QUEBRADOS\grao_DSC_0434_id32.png,RGB_JPG_QUEBRADOS,RGB_JPG_QUEBRADOS
C:\Users\eduar\Desktop\Soybe-main\data\com_fundo\RGB_JPG_QUEBRADOS\grao_DSC_0434_id33.png,RGB_JPG_QUEBRADOS,RGB_JPG_QUEBRADOS
C:\Users\eduar\Desktop\Soybe-main\data\com_fundo\RGB_JPG_QUEBRADOS\grao_DSC_0434_id34.png,RGB_JPG_QUEBRADOS,RGB_JPG_CHOCHOS
C:\Users\eduar\Desktop\Soybe-main\data\com_fundo\RGB_JPG_QUEBRADOS\grao_DSC_0434_id35.png,RGB_JPG_QUEBRADOS,RGB_JPG_QUEBRADOS
C:\Users\eduar\Desktop\Soybe-main\data\com_fundo\RGB_JPG_QUEBRADOS\grao_DSC_0434_id36.png,RGB_JPG_QUEBRADOS,RGB_JPG_QUEBRADOS
C:\Users\eduar\Desktop\Soybe-main\data\com_fundo\RGB_JPG_QUEBRADOS\grao_DSC_0434_id37.png,RGB_JPG_QUEBRADOS,RGB_JPG_QUEBRADOS
C:\Users\eduar\Desktop\Soybe-main\data\com_fundo\RGB_JPG_QUEBRADOS\grao_DSC_0434_id38.png,RGB_JPG_QUEBRADOS,RGB_JPG_QUEBRADOS
C:\Users\eduar\Desktop\Soybe-main\data\com_fundo\RGB_JPG_QUEBRADOS\grao_DSC_0434_id39.png,RGB_JPG_QUEBRADOS,RGB_JPG_QUEBRADOS
C:\Users\eduar\Desktop\Soybe-main\data\com_fundo\RGB_JPG_QUEBRADOS\grao_DSC_0434_id4.png,RGB_JPG_QUEBRADOS,RGB_JPG_QUEBRADOS
C:\Users\eduar\Desktop\Soybe-main\data\com_fundo\RGB_JPG_QUEBRADOS\grao_DSC_0434_id40.png,RGB_JPG_QUEBRADOS,RGB_JPG_QUEBRADOS
C:\Users\eduar\Desktop\Soybe-main\data\com_fundo\RGB_JPG_QUEBRADOS\grao_DSC_0434_id41.png,RGB_JPG_QUEBRADOS,RGB_JPG_QUEBRADOS
C:\Users\eduar\Desktop\Soybe-main\data\com_fundo\RGB_JPG_QUEBRADOS\grao_DSC_0434_id42.png,RGB_JPG_QUEBRADOS,RGB_JPG_QUEBRADOS
C:\Users\eduar\Desktop\Soybe-main\data\com_fundo\RGB_JPG_QUEBRADOS\grao_DSC_0434_id43.png,RGB_JPG_QUEBRADOS,RGB_JPG_QUEBRADOS
C:\Users\eduar\Desktop\Soybe-main\data\com_fundo\RGB_JPG_QUEBRADOS\grao_DSC_0434_id44.png,RGB_JPG_QUEBRADOS,RGB_JPG_QUEBRADOS
C:\Users\eduar\Desktop\Soybe-main\data\com_fundo\RGB_JPG_QUEBRADOS\grao_DSC_0434_id45.png,RGB_JPG_QUEBRADOS,RGB_JPG_QUEBRADOS
C:\Users\eduar\Desktop\Soybe-main\data\com_fundo\RGB_JPG_QUEBRADOS\grao_DSC_0434_id46.png,RGB_JPG_QUEBRADOS,RGB_JPG_QUEBRADOS
C:\Users\eduar\Desktop\Soybe-main\data\com_fundo\RGB_JPG_QUEBRADOS\grao_DSC_0434_id47.png,RGB_JPG_QUEBRADOS,RGB_JPG_QUEBRADOS
C:\Users\eduar\Desktop\Soybe-main\data\com_fundo\RGB_JPG_QUEBRADOS\grao_DSC_0434_id48.png,RGB_JPG_QUEBRADOS,RGB_JPG_QUEBRADOS
C:\Users\eduar\Desktop\Soybe-main\data\com_fundo\RGB_JPG_QUEBRADOS\grao_DSC_0434_id49.png,RGB_JPG_QUEBRADOS,RGB_JPG_QUEBRADOS
C:\Users\eduar\Desktop\Soybe-main\data\com_fundo\RGB_JPG_QUEBRADOS\grao_DSC_0434_id5.png,RGB_JPG_QUEBRADOS,RGB_JPG_QUEBRADOS
C:\Users\eduar\Desktop\Soybe-main\data\com_fundo\RGB_JPG_QUEBRADOS\grao_DSC_0434_id50.png,RGB_JPG_QUEBRADOS,RGB_JPG_QUEBRADOS
C:\Users\eduar\Desktop\Soybe-main\data\com_fundo\RGB_JPG_QUEBRADOS\grao_DSC_0434_id51.png,RGB_JPG_QUEBRADOS,RGB_JPG_QUEBRADOS
C:\Users\eduar\Desktop\Soybe-main\data\com_fundo\RGB_JPG_QUEBRADOS\grao_DSC_0434_id52.png,RGB_JPG_QUEBRADOS,RGB_JPG_QUEBRADOS
C:\Users\eduar\Desktop\Soybe-main\data\com_fundo\RGB_JPG_QUEBRADOS\grao_DSC_0434_id53.png,RGB_JPG_QUEBRADOS,RGB_JPG_QUEBRADOS
C:\Users\eduar\Desktop\Soybe-main\data\com_fundo\RGB_JPG_QUEBRADOS\grao_DSC_0434_id54.png,RGB_JPG_QUEBRADOS,RGB_JPG_QUEBRADOS
C:\Users\eduar\Desktop\Soybe-main\data\com_fundo\RGB_JPG_QUEBRADOS\grao_DSC_0434_id55.png,RGB_JPG_QUEBRADOS,RGB_JPG_QUEBRADOS
C:\Users\eduar\Desktop\Soybe-main\data\com_fundo\RGB_JPG_QUEBRADOS\grao_DSC_0434_id56.png,RGB_JPG_QUEBRADOS,RGB_JPG_QUEBRADOS
C:\Users\eduar\Desktop\Soybe-main\data\com_fundo\RGB_JPG_QUEBRADOS\grao_DSC_0434_id57.png,RGB_JPG_QUEBRADOS,RGB_JPG_QUEBRADOS
C:\Users\eduar\Desktop\Soybe-main\data\com_fundo\RGB_JPG_QUEBRADOS\grao_DSC_0434_id58.png,RGB_JPG_QUEBRADOS,RGB_JPG_QUEBRADOS
C:\Users\eduar\Desktop\Soybe-main\data\com_fundo\RGB_JPG_QUEBRADOS\grao_DSC_0434_id59.png,RGB_JPG_QUEBRADOS,RGB_JPG_QUEBRADOS
C:\Users\eduar\Desktop\Soybe-main\data\com_fundo\RGB_JPG_QUEBRADOS\grao_DSC_0434_id6.png,RGB_JPG_QUEBRADOS,RGB_JPG_QUEBRADOS
C:\Users\eduar\Desktop\Soybe-main\data\com_fundo\RGB_JPG_QUEBRADOS\grao_DSC_0434_id60.png,RGB_JPG_QUEBRADOS,RGB_JPG_QUEBRADOS
C:\Users\eduar\Desktop\Soybe-main\data\com_fundo\RGB_JPG_QUEBRADOS\grao_DSC_0434_id61.png,RGB_JPG_QUEBRADOS,RGB_JPG_QUEBRADOS
C:\Users\eduar\Desktop\Soybe-main\data\com_fundo\RGB_JPG_QUEBRADOS\grao_DSC_0434_id62.png,RGB_JPG_QUEBRADOS,RGB_JPG_QUEBRADOS
C:\Users\eduar\Desktop\Soybe-main\data\com_fundo\RGB_JPG_QUEBRADOS\grao_DSC_0434_id63.png,RGB_JPG_QUEBRADOS,RGB_JPG_QUEBRADOS
C:\Users\eduar\Desktop\Soybe-main\data\com_fundo\RGB_JPG_QUEBRADOS\grao_DSC_0434_id64.png,RGB_JPG_QUEBRADOS,RGB_JPG_QUEBRADOS
C:\Users\eduar\Desktop\Soybe-main\data\com_fundo\RGB_JPG_QUEBRADOS\grao_DSC_0434_id65.png,RGB_JPG_QUEBRADOS,RGB_JPG_QUEBRADOS
C:\Users\eduar\Desktop\Soybe-main\data\com_fundo\RGB_JPG_QUEBRADOS\grao_DSC_0434_id66.png,RGB_JPG_QUEBRADOS,RGB_JPG_QUEBRADOS
C:\Users\eduar\Desktop\Soybe-main\data\com_fundo\RGB_JPG_QUEBRADOS\grao_DSC_0434_id67.png,RGB_JPG_QUEBRADOS,RGB_JPG_QUEBRADOS
C:\Users\eduar\Desktop\Soybe-main\data\com_fundo\RGB_JPG_QUEBRADOS\grao_DSC_0434_id68.png,RGB_JPG_QUEBRADOS,RGB_JPG_QUEBRADOS
C:\Users\eduar\Desktop\Soybe-main\data\com_fundo\RGB_JPG_QUEBRADOS\grao_DSC_0434_id69.png,RGB_JPG_QUEBRADOS,RGB_JPG_QUEBRADOS
C:\Users\eduar\Desktop\Soybe-main\data\com_fundo\RGB_JPG_QUEBRADOS\grao_DSC_0434_id7.png,RGB_JPG_QUEBRADOS,RGB_JPG_QUEBRADOS
C:\Users\eduar\Desktop\Soybe-main\data\com_fundo\RGB_JPG_QUEBRADOS\grao_DSC_0434_id70.png,RGB_JPG_QUEBRADOS,RGB_JPG_QUEBRADOS
C:\Users\eduar\Desktop\Soybe-main\data\com_fundo\RGB_JPG_QUEBRADOS\grao_DSC_0434_id71.png,RGB_JPG_QUEBRADOS,RGB_JPG_QUEBRADOS
C:\Users\eduar\Desktop\Soybe-main\data\com_fundo\RGB_JPG_QUEBRADOS\grao_DSC_0434_id72.png,RGB_JPG_QUEBRADOS,RGB_JPG_QUEBRADOS
C:\Users\eduar\Desktop\Soybe-main\data\com_fundo\RGB_JPG_QUEBRADOS\grao_DSC_0434_id73.png,RGB_JPG_QUEBRADOS,RGB_JPG_QUEBRADOS
C:\Users\eduar\Desktop\Soybe-main\data\com_fundo\RGB_JPG_QUEBRADOS\grao_DSC_0434_id74.png,RGB_JPG_QUEBRADOS,RGB_JPG_QUEBRADOS
C:\Users\eduar\Desktop\Soybe-main\data\com_fundo\RGB_JPG_QUEBRADOS\grao_DSC_0434_id75.png,RGB_JPG_QUEBRADOS,RGB_JPG_QUEBRADOS
C:\Users\eduar\Desktop\Soybe-main\data\com_fundo\RGB_JPG_QUEBRADOS\grao_DSC_0434_id76.png,RGB_JPG_QUEBRADOS,RGB_JPG_QUEBRADOS
C:\Users\eduar\Desktop\Soybe-main\data\com_fundo\RGB_JPG_QUEBRADOS\grao_DSC_0434_id77.png,RGB_JPG_QUEBRADOS,RGB_JPG_QUEBRADOS
C:\Users\eduar\Desktop\Soybe-main\data\com_fundo\RGB_JPG_QUEBRADOS\grao_DSC_0434_id78.png,RGB_JPG_QUEBRADOS,RGB_JPG_QUEBRADOS
C:\Users\eduar\Desktop\Soybe-main\data\com_fundo\RGB_JPG_QUEBRADOS\grao_DSC_0434_id79.png,RGB_JPG_QUEBRADOS,RGB_JPG_QUEBRADOS
C:\Users\eduar\Desktop\Soybe-main\data\com_fundo\RGB_JPG_QUEBRADOS\grao_DSC_0434_id8.png,RGB_JPG_QUEBRADOS,RGB_JPG_QUEBRADOS
C:\Users\eduar\Desktop\Soybe-main\data\com_fundo\RGB_JPG_QUEBRADOS\grao_DSC_0434_id80.png,RGB_JPG_QUEBRADOS,RGB_JPG_QUEBRADOS
C:\Users\eduar\Desktop\Soybe-main\data\com_fundo\RGB_JPG_QUEBRADOS\grao_DSC_0434_id81.png,RGB_JPG_QUEBRADOS,RGB_JPG_QUEBRADOS
C:\Users\eduar\Desktop\Soybe-main\data\com_fundo\RGB_JPG_QUEBRADOS\grao_DSC_0434_id82.png,RGB_JPG_QUEBRADOS,RGB_JPG_QUEBRADOS
C:\Users\eduar\Desktop\Soybe-main\data\com_fundo\RGB_JPG_QUEBRADOS\grao_DSC_0434_id83.png,RGB_JPG_QUEBRADOS,RGB_JPG_QUEBRADOS
C:\Users\eduar\Desktop\Soybe-main\data\com_fundo\RGB_JPG_QUEBRADOS\grao_DSC_0434_id84.png,RGB_JPG_QUEBRADOS,RGB_JPG_QUEBRADOS
C:\Users\eduar\Desktop\Soybe-main\data\com_fundo\RGB_JPG_QUEBRADOS\grao_DSC_0434_id85.png,RGB_JPG_QUEBRADOS,RGB_JPG_QUEBRADOS
C:\Users\eduar\Desktop\Soybe-main\data\com_fundo\RGB_JPG_QUEBRADOS\grao_DSC_0434_id86.png,RGB_JPG_QUEBRADOS,RGB_JPG_QUEBRADOS
C:\Users\eduar\Desktop\Soybe-main\data\com_fundo\RGB_JPG_QUEBRADOS\grao_DSC_0434_id87.png,RGB_JPG_QUEBRADOS,RGB_JPG_QUEBRADOS
C:\Users\eduar\Desktop\Soybe-main\data\com_fundo\RGB_JPG_QUEBRADOS\grao_DSC_0434_id88.png,RGB_JPG_QUEBRADOS,RGB_JPG_QUEBRADOS
C:\Users\eduar\Desktop\Soybe-main\data\com_fundo\RGB_JPG_QUEBRADOS\grao_DSC_0434_id89.png,RGB_JPG_QUEBRADOS,RGB_JPG_QUEBRADOS
C:\Users\eduar\Desktop\Soybe-main\data\com_fundo\RGB_JPG_QUEBRADOS\grao_DSC_0434_id9.png,RGB_JPG_QUEBRADOS,RGB_JPG_QUEBRADOS
C:\Users\eduar\Desktop\Soybe-main\data\com_fundo\RGB_JPG_QUEBRADOS\grao_DSC_0434_id90.png,RGB_JPG_QUEBRADOS,RGB_JPG_QUEBRADOS
C:\Users\eduar\Desktop\Soybe-main\data\com_fundo\RGB_JPG_QUEBRADOS\grao_DSC_0434_id91.png,RGB_JPG_QUEBRADOS,RGB_JPG_QUEBRADOS
C:\Users\eduar\Desktop\Soybe-main\data\com_fundo\RGB_JPG_QUEBRADOS\grao_DSC_0434_id92.png,RGB_JPG_QUEBRADOS,RGB_JPG_QUEBRADOS
C:\Users\eduar\Desktop\Soybe-main\data\com_fundo\RGB_JPG_QUEBRADOS\grao_DSC_0434_id93.png,RGB_JPG_QUEBRADOS,RGB_JPG_QUEBRADOS
C:\Users\eduar\Desktop\Soybe-main\data\com_fundo\RGB_JPG_QUEBRADOS\grao_DSC_0434_id94.png,RGB_JPG_QUEBRADOS,RGB_JPG_CHOCHOS
C:\Users\eduar\Desktop\Soybe-main\data\com_fundo\RGB_JPG_QUEBRADOS\grao_DSC_0434_id95.png,RGB_JPG_QUEBRADOS,RGB_JPG_QUEBRADOS
C:\Users\eduar\Desktop\Soybe-main\data\com_fundo\RGB_JPG_QUEBRADOS\grao_DSC_0434_id96.png,RGB_JPG_QUEBRADOS,RGB_JPG_Normais
C:\Users\eduar\Desktop\Soybe-main\data\com_fundo\RGB_JPG_QUEBRADOS\grao_DSC_0434_id97.png,RGB_JPG_QUEBRADOS,RGB_JPG_QUEBRADOS
C:\Users\eduar\Desktop\Soybe-main\data\com_fundo\RGB_JPG_QUEBRADOS\grao_DSC_0434_id98.png,RGB_JPG_QUEBRADOS,RGB_JPG_QUEBRADOS
C:\Users\eduar\Desktop\Soybe-main\data\com_fundo\RGB_JPG_QUEBRADOS\grao_DSC_0434_id99.png,RGB_JPG_QUEBRADOS,RGB_JPG_QUEBRADOS
C:\Users\eduar\Desktop\Soybe-main\data\com_fundo\RGB_JPG_QUEBRADOS\grao_DSC_0437_id1.png,RGB_JPG_QUEBRADOS,RGB_JPG_QUEBRADOS
C:\Users\eduar\Desktop\Soybe-main\data\com_fundo\RGB_JPG_QUEBRADOS\grao_DSC_0437_id10.png,RGB_JPG_QUEBRADOS,RGB_JPG_QUEBRADOS
C:\Users\eduar\Desktop\Soybe-main\data\com_fundo\RGB_JPG_QUEBRADOS\grao_DSC_0437_id100.png,RGB_JPG_QUEBRADOS,RGB_JPG_QUEBRADOS
C:\Users\eduar\Desktop\Soybe-main\data\com_fundo\RGB_JPG_QUEBRADOS\grao_DSC_0437_id101.png,RGB_JPG_QUEBRADOS,RGB_JPG_QUEBRADOS
C:\Users\eduar\Desktop\Soybe-main\data\com_fundo\RGB_JPG_QUEBRADOS\grao_DSC_0437_id102.png,RGB_JPG_QUEBRADOS,RGB_JPG_QUEBRADOS
C:\Users\eduar\Desktop\Soybe-main\data\com_fundo\RGB_JPG_QUEBRADOS\grao_DSC_0437_id103.png,RGB_JPG_QUEBRADOS,RGB_JPG_QUEBRADOS
C:\Users\eduar\Desktop\Soybe-main\data\com_fundo\RGB_JPG_QUEBRADOS\grao_DSC_0437_id104.png,RGB_JPG_QUEBRADOS,RGB_JPG_QUEBRADOS
C:\Users\eduar\Desktop\Soybe-main\data\com_fundo\RGB_JPG_QUEBRADOS\grao_DSC_0437_id105.png,RGB_JPG_QUEBRADOS,RGB_JPG_QUEBRADOS
C:\Users\eduar\Desktop\Soybe-main\data\com_fundo\RGB_JPG_QUEBRADOS\grao_DSC_0437_id106.png,RGB_JPG_QUEBRADOS,RGB_JPG_QUEBRADOS
C:\Users\eduar\Desktop\Soybe-main\data\com_fundo\RGB_JPG_QUEBRADOS\grao_DSC_0437_id107.png,RGB_JPG_QUEBRADOS,RGB_JPG_QUEBRADOS
C:\Users\eduar\Desktop\Soybe-main\data\com_fundo\RGB_JPG_QUEBRADOS\grao_DSC_0437_id108.png,RGB_JPG_QUEBRADOS,RGB_JPG_QUEBRADOS
C:\Users\eduar\Desktop\Soybe-main\data\com_fundo\RGB_JPG_QUEBRADOS\grao_DSC_0437_id11.png,RGB_JPG_QUEBRADOS,RGB_JPG_QUEBRADOS
C:\Users\eduar\Desktop\Soybe-main\data\com_fundo\RGB_JPG_QUEBRADOS\grao_DSC_0437_id12.png,RGB_JPG_QUEBRADOS,RGB_JPG_QUEBRADOS
C:\Users\eduar\Desktop\Soybe-main\data\com_fundo\RGB_JPG_QUEBRADOS\grao_DSC_0437_id13.png,RGB_JPG_QUEBRADOS,RGB_JPG_QUEBRADOS
C:\Users\eduar\Desktop\Soybe-main\data\com_fundo\RGB_JPG_QUEBRADOS\grao_DSC_0437_id14.png,RGB_JPG_QUEBRADOS,RGB_JPG_QUEBRADOS
C:\Users\eduar\Desktop\Soybe-main\data\com_fundo\RGB_JPG_QUEBRADOS\grao_DSC_0437_id15.png,RGB_JPG_QUEBRADOS,RGB_JPG_QUEBRADOS
C:\Users\eduar\Desktop\Soybe-main\data\com_fundo\RGB_JPG_QUEBRADOS\grao_DSC_0437_id16.png,RGB_JPG_QUEBRADOS,RGB_JPG_QUEBRADOS
C:\Users\eduar\Desktop\Soybe-main\data\com_fundo\RGB_JPG_QUEBRADOS\grao_DSC_0437_id17.png,RGB_JPG_QUEBRADOS,RGB_JPG_QUEBRADOS
C:\Users\eduar\Desktop\Soybe-main\data\com_fundo\RGB_JPG_QUEBRADOS\grao_DSC_0437_id18.png,RGB_JPG_QUEBRADOS,RGB_JPG_QUEBRADOS
C:\Users\eduar\Desktop\Soybe-main\data\com_fundo\RGB_JPG_QUEBRADOS\grao_DSC_0437_id19.png,RGB_JPG_QUEBRADOS,RGB_JPG_QUEBRADOS
C:\Users\eduar\Desktop\Soybe-main\data\com_fundo\RGB_JPG_QUEBRADOS\grao_DSC_0437_id2.png,RGB_JPG_QUEBRADOS,RGB_JPG_QUEBRADOS
C:\Users\eduar\Desktop\Soybe-main\data\com_fundo\RGB_JPG_QUEBRADOS\grao_DSC_0437_id20.png,RGB_JPG_QUEBRADOS,RGB_JPG_QUEBRADOS
C:\Users\eduar\Desktop\Soybe-main\data\com_fundo\RGB_JPG_QUEBRADOS\grao_DSC_0437_id21.png,RGB_JPG_QUEBRADOS,RGB_JPG_QUEBRADOS
C:\Users\eduar\Desktop\Soybe-main\data\com_fundo\RGB_JPG_QUEBRADOS\grao_DSC_0437_id22.png,RGB_JPG_QUEBRADOS,RGB_JPG_QUEBRADOS
C:\Users\eduar\Desktop\Soybe-main\data\com_fundo\RGB_JPG_QUEBRADOS\grao_DSC_0437_id23.png,RGB_JPG_QUEBRADOS,RGB_JPG_QUEBRADOS
C:\Users\eduar\Desktop\Soybe-main\data\com_fundo\RGB_JPG_QUEBRADOS\grao_DSC_0437_id24.png,RGB_JPG_QUEBRADOS,RGB_JPG_QUEBRADOS
C:\Users\eduar\Desktop\Soybe-main\data\com_fundo\RGB_JPG_QUEBRADOS\grao_DSC_0437_id25.png,RGB_JPG_QUEBRADOS,RGB_JPG_QUEBRADOS
C:\Users\eduar\Desktop\Soybe-main\data\com_fundo\RGB_JPG_QUEBRADOS\grao_DSC_0437_id26.png,RGB_JPG_QUEBRADOS,RGB_JPG_QUEBRADOS
C:\Users\eduar\Desktop\Soybe-main\data\com_fundo\RGB_JPG_QUEBRADOS\grao_DSC_0437_id27.png,RGB_JPG_QUEBRADOS,RGB_JPG_QUEBRADOS
C:\Users\eduar\Desktop\Soybe-main\data\com_fundo\RGB_JPG_QUEBRADOS\grao_DSC_0437_id28.png,RGB_JPG_QUEBRADOS,RGB_JPG_QUEBRADOS
C:\Users\eduar\Desktop\Soybe-main\data\com_fundo\RGB_JPG_QUEBRADOS\grao_DSC_0437_id29.png,RGB_JPG_QUEBRADOS,RGB_JPG_QUEBRADOS
C:\Users\eduar\Desktop\Soybe-main\data\com_fundo\RGB_JPG_QUEBRADOS\grao_DSC_0437_id3.png,RGB_JPG_QUEBRADOS,RGB_JPG_QUEBRADOS
C:\Users\eduar\Desktop\Soybe-main\data\com_fundo\RGB_JPG_QUEBRADOS\grao_DSC_0437_id30.png,RGB_JPG_QUEBRADOS,RGB_JPG_QUEBRADOS
C:\Users\eduar\Desktop\Soybe-main\data\com_fundo\RGB_JPG_QUEBRADOS\grao_DSC_0437_id31.png,RGB_JPG_QUEBRADOS,RGB_JPG_QUEBRADOS
C:\Users\eduar\Desktop\Soybe-main\data\com_fundo\RGB_JPG_QUEBRADOS\grao_DSC_0437_id33.png,RGB_JPG_QUEBRADOS,RGB_JPG_QUEBRADOS
C:\Users\eduar\Desktop\Soybe-main\data\com_fundo\RGB_JPG_QUEBRADOS\grao_DSC_0437_id34.png,RGB_JPG_QUEBRADOS,RGB_JPG_QUEBRADOS
C:\Users\eduar\Desktop\Soybe-main\data\com_fundo\RGB_JPG_QUEBRADOS\grao_DSC_0437_id35.png,RGB_JPG_QUEBRADOS,RGB_JPG_QUEBRADOS
C:\Users\eduar\Desktop\Soybe-main\data\com_fundo\RGB_JPG_QUEBRADOS\grao_DSC_0437_id36.png,RGB_JPG_QUEBRADOS,RGB_JPG_QUEBRADOS
C:\Users\eduar\Desktop\Soybe-main\data\com_fundo\RGB_JPG_QUEBRADOS\grao_DSC_0437_id37.png,RGB_JPG_QUEBRADOS,RGB_JPG_QUEBRADOS
C:\Users\eduar\Desktop\Soybe-main\data\com_fundo\RGB_JPG_QUEBRADOS\grao_DSC_0437_id38.png,RGB_JPG_QUEBRADOS,RGB_JPG_QUEBRADOS
C:\Users\eduar\Desktop\Soybe-main\data\com_fundo\RGB_JPG_QUEBRADOS\grao_DSC_0437_id39.png,RGB_JPG_QUEBRADOS,RGB_JPG_QUEBRADOS
C:\Users\eduar\Desktop\Soybe-main\data\com_fundo\RGB_JPG_QUEBRADOS\grao_DSC_0437_id4.png,RGB_JPG_QUEBRADOS,RGB_JPG_QUEBRADOS
C:\Users\eduar\Desktop\Soybe-main\data\com_fundo\RGB_JPG_QUEBRADOS\grao_DSC_0437_id40.png,RGB_JPG_QUEBRADOS,RGB_JPG_QUEBRADOS
C:\Users\eduar\Desktop\Soybe-main\data\com_fundo\RGB_JPG_QUEBRADOS\grao_DSC_0437_id41.png,RGB_JPG_QUEBRADOS,RGB_JPG_QUEBRADOS
C:\Users\eduar\Desktop\Soybe-main\data\com_fundo\RGB_JPG_QUEBRADOS\grao_DSC_0437_id42.png,RGB_JPG_QUEBRADOS,RGB_JPG_QUEBRADOS
C:\Users\eduar\Desktop\Soybe-main\data\com_fundo\RGB_JPG_QUEBRADOS\grao_DSC_0437_id44.png,RGB_JPG_QUEBRADOS,RGB_JPG_QUEBRADOS
C:\Users\eduar\Desktop\Soybe-main\data\com_fundo\RGB_JPG_QUEBRADOS\grao_DSC_0437_id45.png,RGB_JPG_QUEBRADOS,RGB_JPG_QUEBRADOS
C:\Users\eduar\Desktop\Soybe-main\data\com_fundo\RGB_JPG_QUEBRADOS\grao_DSC_0437_id47.png,RGB_JPG_QUEBRADOS,RGB_JPG_QUEBRADOS
C:\Users\eduar\Desktop\Soybe-main\data\com_fundo\RGB_JPG_QUEBRADOS\grao_DSC_0437_id48.png,RGB_JPG_QUEBRADOS,RGB_JPG_QUEBRADOS
C:\Users\eduar\Desktop\Soybe-main\data\com_fundo\RGB_JPG_QUEBRADOS\grao_DSC_0437_id49.png,RGB_JPG_QUEBRADOS,RGB_JPG_QUEBRADOS
C:\Users\eduar\Desktop\Soybe-main\data\com_fundo\RGB_JPG_QUEBRADOS\grao_DSC_0437_id5.png,RGB_JPG_QUEBRADOS,RGB_JPG_QUEBRADOS
C:\Users\eduar\Desktop\Soybe-main\data\com_fundo\RGB_JPG_QUEBRADOS\grao_DSC_0437_id50.png,RGB_JPG_QUEBRADOS,RGB_JPG_QUEBRADOS
C:\Users\eduar\Desktop\Soybe-main\data\com_fundo\RGB_JPG_QUEBRADOS\grao_DSC_0437_id51.png,RGB_JPG_QUEBRADOS,RGB_JPG_QUEBRADOS
C:\Users\eduar\Desktop\Soybe-main\data\com_fundo\RGB_JPG_QUEBRADOS\grao_DSC_0437_id52.png,RGB_JPG_QUEBRADOS,RGB_JPG_QUEBRADOS
C:\Users\eduar\Desktop\Soybe-main\data\com_fundo\RGB_JPG_QUEBRADOS\grao_DSC_0437_id53.png,RGB_JPG_QUEBRADOS,RGB_JPG_QUEBRADOS
C:\Users\eduar\Desktop\Soybe-main\data\com_fundo\RGB_JPG_QUEBRADOS\grao_DSC_0437_id54.png,RGB_JPG_QUEBRADOS,RGB_JPG_QUEBRADOS
C:\Users\eduar\Desktop\Soybe-main\data\com_fundo\RGB_JPG_QUEBRADOS\grao_DSC_0437_id55.png,RGB_JPG_QUEBRADOS,RGB_JPG_QUEBRADOS
C:\Users\eduar\Desktop\Soybe-main\data\com_fundo\RGB_JPG_QUEBRADOS\grao_DSC_0437_id56.png,RGB_JPG_QUEBRADOS,RGB_JPG_CHOCHOS
C:\Users\eduar\Desktop\Soybe-main\data\com_fundo\RGB_JPG_QUEBRADOS\grao_DSC_0437_id57.png,RGB_JPG_QUEBRADOS,RGB_JPG_QUEBRADOS
C:\Users\eduar\Desktop\Soybe-main\data\com_fundo\RGB_JPG_QUEBRADOS\grao_DSC_0437_id58.png,RGB_JPG_QUEBRADOS,RGB_JPG_QUEBRADOS
C:\Users\eduar\Desktop\Soybe-main\data\com_fundo\RGB_JPG_QUEBRADOS\grao_DSC_0437_id59.png,RGB_JPG_QUEBRADOS,RGB_JPG_QUEBRADOS
C:\Users\eduar\Desktop\Soybe-main\data\com_fundo\RGB_JPG_QUEBRADOS\grao_DSC_0437_id6.png,RGB_JPG_QUEBRADOS,RGB_JPG_QUEBRADOS
C:\Users\eduar\Desktop\Soybe-main\data\com_fundo\RGB_JPG_QUEBRADOS\grao_DSC_0437_id60.png,RGB_JPG_QUEBRADOS,RGB_JPG_QUEBRADOS
C:\Users\eduar\Desktop\Soybe-main\data\com_fundo\RGB_JPG_QUEBRADOS\grao_DSC_0437_id61.png,RGB_JPG_QUEBRADOS,RGB_JPG_QUEBRADOS
C:\Users\eduar\Desktop\Soybe-main\data\com_fundo\RGB_JPG_QUEBRADOS\grao_DSC_0437_id62.png,RGB_JPG_QUEBRADOS,RGB_JPG_QUEBRADOS
C:\Users\eduar\Desktop\Soybe-main\data\com_fundo\RGB_JPG_QUEBRADOS\grao_DSC_0437_id63.png,RGB_JPG_QUEBRADOS,RGB_JPG_QUEBRADOS
C:\Users\eduar\Desktop\Soybe-main\data\com_fundo\RGB_JPG_QUEBRADOS\grao_DSC_0437_id64.png,RGB_JPG_QUEBRADOS,RGB_JPG_QUEBRADOS
C:\Users\eduar\Desktop\Soybe-main\data\com_fundo\RGB_JPG_QUEBRADOS\grao_DSC_0437_id65.png,RGB_JPG_QUEBRADOS,RGB_JPG_QUEBRADOS
C:\Users\eduar\Desktop\Soybe-main\data\com_fundo\RGB_JPG_QUEBRADOS\grao_DSC_0437_id66.png,RGB_JPG_QUEBRADOS,RGB_JPG_QUEBRADOS
C:\Users\eduar\Desktop\Soybe-main\data\com_fundo\RGB_JPG_QUEBRADOS\grao_DSC_0437_id67.png,RGB_JPG_QUEBRADOS,RGB_JPG_QUEBRADOS
C:\Users\eduar\Desktop\Soybe-main\data\com_fundo\RGB_JPG_QUEBRADOS\grao_DSC_0437_id68.png,RGB_JPG_QUEBRADOS,RGB_JPG_QUEBRADOS
C:\Users\eduar\Desktop\Soybe-main\data\com_fundo\RGB_JPG_QUEBRADOS\grao_DSC_0437_id69.png,RGB_JPG_QUEBRADOS,RGB_JPG_QUEBRADOS
C:\Users\eduar\Desktop\Soybe-main\data\com_fundo\RGB_JPG_QUEBRADOS\grao_DSC_0437_id7.png,RGB_JPG_QUEBRADOS,RGB_JPG_QUEBRADOS
C:\Users\eduar\Desktop\Soybe-main\data\com_fundo\RGB_JPG_QUEBRADOS\grao_DSC_0437_id70.png,RGB_JPG_QUEBRADOS,RGB_JPG_QUEBRADOS
C:\Users\eduar\Desktop\Soybe-main\data\com_fundo\RGB_JPG_QUEBRADOS\grao_DSC_0437_id71.png,RGB_JPG_QUEBRADOS,RGB_JPG_QUEBRADOS
C:\Users\eduar\Desktop\Soybe-main\data\com_fundo\RGB_JPG_QUEBRADOS\grao_DSC_0437_id72.png,RGB_JPG_QUEBRADOS,RGB_JPG_QUEBRADOS
C:\Users\eduar\Desktop\Soybe-main\data\com_fundo\RGB_JPG_QUEBRADOS\grao_DSC_0437_id73.png,RGB_JPG_QUEBRADOS,RGB_JPG_QUEBRADOS
C:\Users\eduar\Desktop\Soybe-main\data\com_fundo\RGB_JPG_QUEBRADOS\grao_DSC_0437_id74.png,RGB_JPG_QUEBRADOS,RGB_JPG_QUEBRADOS
C:\Users\eduar\Desktop\Soybe-main\data\com_fundo\RGB_JPG_QUEBRADOS\grao_DSC_0437_id75.png,RGB_JPG_QUEBRADOS,RGB_JPG_QUEBRADOS
C:\Users\eduar\Desktop\Soybe-main\data\com_fundo\RGB_JPG_QUEBRADOS\grao_DSC_0437_id76.png,RGB_JPG_QUEBRADOS,RGB_JPG_QUEBRADOS
C:\Users\eduar\Desktop\Soybe-main\data\com_fundo\RGB_JPG_QUEBRADOS\grao_DSC_0437_id77.png,RGB_JPG_QUEBRADOS,RGB_JPG_QUEBRADOS
C:\Users\eduar\Desktop\Soybe-main\data\com_fundo\RGB_JPG_QUEBRADOS\grao_DSC_0437_id78.png,RGB_JPG_QUEBRADOS,RGB_JPG_QUEBRADOS
C:\Users\eduar\Desktop\Soybe-main\data\com_fundo\RGB_JPG_QUEBRADOS\grao_DSC_0437_id79.png,RGB_JPG_QUEBRADOS,RGB_JPG_QUEBRADOS
C:\Users\eduar\Desktop\Soybe-main\data\com_fundo\RGB_JPG_QUEBRADOS\grao_DSC_0437_id8.png,RGB_JPG_QUEBRADOS,RGB_JPG_QUEBRADOS
C:\Users\eduar\Desktop\Soybe-main\data\com_fundo\RGB_JPG_QUEBRADOS\grao_DSC_0437_id80.png,RGB_JPG_QUEBRADOS,RGB_JPG_QUEBRADOS
C:\Users\eduar\Desktop\Soybe-main\data\com_fundo\RGB_JPG_QUEBRADOS\grao_DSC_0437_id81.png,RGB_JPG_QUEBRADOS,RGB_JPG_QUEBRADOS
C:\Users\eduar\Desktop\Soybe-main\data\com_fundo\RGB_JPG_QUEBRADOS\grao_DSC_0437_id82.png,RGB_JPG_QUEBRADOS,RGB_JPG_ESVERDEADO
C:\Users\eduar\Desktop\Soybe-main\data\com_fundo\RGB_JPG_QUEBRADOS\grao_DSC_0437_id83.png,RGB_JPG_QUEBRADOS,RGB_JPG_Normais
C:\Users\eduar\Desktop\Soybe-main\data\com_fundo\RGB_JPG_QUEBRADOS\grao_DSC_0437_id84.png,RGB_JPG_QUEBRADOS,RGB_JPG_QUEBRADOS
C:\Users\eduar\Desktop\Soybe-main\data\com_fundo\RGB_JPG_QUEBRADOS\grao_DSC_0437_id85.png,RGB_JPG_QUEBRADOS,RGB_JPG_QUEBRADOS
C:\Users\eduar\Desktop\Soybe-main\data\com_fundo\RGB_JPG_QUEBRADOS\grao_DSC_0437_id86.png,RGB_JPG_QUEBRADOS,RGB_JPG_CHOCHOS
C:\Users\eduar\Desktop\Soybe-main\data\com_fundo\RGB_JPG_QUEBRADOS\grao_DSC_0437_id87.png,RGB_JPG_QUEBRADOS,RGB_JPG_QUEBRADOS
C:\Users\eduar\Desktop\Soybe-main\data\com_fundo\RGB_JPG_QUEBRADOS\grao_DSC_0437_id88.png,RGB_JPG_QUEBRADOS,RGB_JPG_QUEBRADOS
C:\Users\eduar\Desktop\Soybe-main\data\com_fundo\RGB_JPG_QUEBRADOS\grao_DSC_0437_id89.png,RGB_JPG_QUEBRADOS,RGB_JPG_QUEBRADOS
C:\Users\eduar\Desktop\Soybe-main\data\com_fundo\RGB_JPG_QUEBRADOS\grao_DSC_0437_id9.png,RGB_JPG_QUEBRADOS,RGB_JPG_QUEBRADOS
C:\Users\eduar\Desktop\Soybe-main\data\com_fundo\RGB_JPG_QUEBRADOS\grao_DSC_0437_id90.png,RGB_JPG_QUEBRADOS,RGB_JPG_QUEBRADOS
C:\Users\eduar\Desktop\Soybe-main\data\com_fundo\RGB_JPG_QUEBRADOS\grao_DSC_0437_id91.png,RGB_JPG_QUEBRADOS,RGB_JPG_QUEBRADOS
C:\Users\eduar\Desktop\Soybe-main\data\com_fundo\RGB_JPG_QUEBRADOS\grao_DSC_0437_id92.png,RGB_JPG_QUEBRADOS,RGB_JPG_QUEBRADOS
C:\Users\eduar\Desktop\Soybe-main\data\com_fundo\RGB_JPG_QUEBRADOS\grao_DSC_0437_id93.png,RGB_JPG_QUEBRADOS,RGB_JPG_QUEBRADOS
C:\Users\eduar\Desktop\Soybe-main\data\com_fundo\RGB_JPG_QUEBRADOS\grao_DSC_0437_id94.png,RGB_JPG_QUEBRADOS,RGB_JPG_QUEBRADOS
C:\Users\eduar\Desktop\Soybe-main\data\com_fundo\RGB_JPG_QUEBRADOS\grao_DSC_0437_id95.png,RGB_JPG_QUEBRADOS,RGB_JPG_QUEBRADOS
C:\Users\eduar\Desktop\Soybe-main\data\com_fundo\RGB_JPG_QUEBRADOS\grao_DSC_0437_id96.png,RGB_JPG_QUEBRADOS,RGB_JPG_QUEBRADOS
C:\Users\eduar\Desktop\Soybe-main\data\com_fundo\RGB_JPG_QUEBRADOS\grao_DSC_0437_id98.png,RGB_JPG_QUEBRADOS,RGB_JPG_QUEBRADOS
C:\Users\eduar\Desktop\Soybe-main\data\com_fundo\RGB_JPG_QUEBRADOS\grao_DSC_0437_id99.png,RGB_JPG_QUEBRADOS,RGB_JPG_QUEBRADOS
C:\Users\eduar\Desktop\Soybe-main\data\com_fundo\RGB_JPG_QUEBRADOS\grao_DSC_0438_id1.png,RGB_JPG_QUEBRADOS,RGB_JPG_QUEBRADOS
C:\Users\eduar\Desktop\Soybe-main\data\com_fundo\RGB_JPG_QUEBRADOS\grao_DSC_0438_id10.png,RGB_JPG_QUEBRADOS,RGB_JPG_QUEBRADOS
C:\Users\eduar\Desktop\Soybe-main\data\com_fundo\RGB_JPG_QUEBRADOS\grao_DSC_0438_id100.png,RGB_JPG_QUEBRADOS,RGB_JPG_QUEBRADOS
C:\Users\eduar\Desktop\Soybe-main\data\com_fundo\RGB_JPG_QUEBRADOS\grao_DSC_0438_id101.png,RGB_JPG_QUEBRADOS,RGB_JPG_QUEBRADOS
C:\Users\eduar\Desktop\Soybe-main\data\com_fundo\RGB_JPG_QUEBRADOS\grao_DSC_0438_id102.png,RGB_JPG_QUEBRADOS,RGB_JPG_QUEBRADOS
C:\Users\eduar\Desktop\Soybe-main\data\com_fundo\RGB_JPG_QUEBRADOS\grao_DSC_0438_id103.png,RGB_JPG_QUEBRADOS,RGB_JPG_QUEBRADOS
C:\Users\eduar\Desktop\Soybe-main\data\com_fundo\RGB_JPG_QUEBRADOS\grao_DSC_0438_id104.png,RGB_JPG_QUEBRADOS,RGB_JPG_QUEBRADOS
C:\Users\eduar\Desktop\Soybe-main\data\com_fundo\RGB_JPG_QUEBRADOS\grao_DSC_0438_id105.png,RGB_JPG_QUEBRADOS,RGB_JPG_QUEBRADOS
C:\Users\eduar\Desktop\Soybe-main\data\com_fundo\RGB_JPG_QUEBRADOS\grao_DSC_0438_id106.png,RGB_JPG_QUEBRADOS,RGB_JPG_QUEBRADOS
C:\Users\eduar\Desktop\Soybe-main\data\com_fundo\RGB_JPG_QUEBRADOS\grao_DSC_0438_id107.png,RGB_JPG_QUEBRADOS,RGB_JPG_QUEBRADOS
C:\Users\eduar\Desktop\Soybe-main\data\com_fundo\RGB_JPG_QUEBRADOS\grao_DSC_0438_id108.png,RGB_JPG_QUEBRADOS,RGB_JPG_QUEBRADOS
C:\Users\eduar\Desktop\Soybe-main\data\com_fundo\RGB_JPG_QUEBRADOS\grao_DSC_0438_id109.png,RGB_JPG_QUEBRADOS,RGB_JPG_QUEBRADOS
C:\Users\eduar\Desktop\Soybe-main\data\com_fundo\RGB_JPG_QUEBRADOS\grao_DSC_0438_id11.png,RGB_JPG_QUEBRADOS,RGB_JPG_QUEBRADOS
C:\Users\eduar\Desktop\Soybe-main\data\com_fundo\RGB_JPG_QUEBRADOS\grao_DSC_0438_id110.png,RGB_JPG_QUEBRADOS,RGB_JPG_QUEBRADOS
C:\Users\eduar\Desktop\Soybe-main\data\com_fundo\RGB_JPG_QUEBRADOS\grao_DSC_0438_id111.png,RGB_JPG_QUEBRADOS,RGB_JPG_QUEBRADOS
C:\Users\eduar\Desktop\Soybe-main\data\com_fundo\RGB_JPG_QUEBRADOS\grao_DSC_0438_id113.png,RGB_JPG_QUEBRADOS,RGB_JPG_QUEBRADOS
C:\Users\eduar\Desktop\Soybe-main\data\com_fundo\RGB_JPG_QUEBRADOS\grao_DSC_0438_id12.png,RGB_JPG_QUEBRADOS,RGB_JPG_QUEBRADOS
C:\Users\eduar\Desktop\Soybe-main\data\com_fundo\RGB_JPG_QUEBRADOS\grao_DSC_0438_id13.png,RGB_JPG_QUEBRADOS,RGB_JPG_QUEBRADOS
C:\Users\eduar\Desktop\Soybe-main\data\com_fundo\RGB_JPG_QUEBRADOS\grao_DSC_0438_id14.png,RGB_JPG_QUEBRADOS,RGB_JPG_QUEBRADOS
C:\Users\eduar\Desktop\Soybe-main\data\com_fundo\RGB_JPG_QUEBRADOS\grao_DSC_0438_id15.png,RGB_JPG_QUEBRADOS,RGB_JPG_QUEBRADOS
C:\Users\eduar\Desktop\Soybe-main\data\com_fundo\RGB_JPG_QUEBRADOS\grao_DSC_0438_id16.png,RGB_JPG_QUEBRADOS,RGB_JPG_QUEBRADOS
C:\Users\eduar\Desktop\Soybe-main\data\com_fundo\RGB_JPG_QUEBRADOS\grao_DSC_0438_id17.png,RGB_JPG_QUEBRADOS,RGB_JPG_QUEBRADOS
C:\Users\eduar\Desktop\Soybe-main\data\com_fundo\RGB_JPG_QUEBRADOS\grao_DSC_0438_id18.png,RGB_JPG_QUEBRADOS,RGB_JPG_QUEBRADOS
C:\Users\eduar\Desktop\Soybe-main\data\com_fundo\RGB_JPG_QUEBRADOS\grao_DSC_0438_id19.png,RGB_JPG_QUEBRADOS,RGB_JPG_QUEBRADOS
C:\Users\eduar\Desktop\Soybe-main\data\com_fundo\RGB_JPG_QUEBRADOS\grao_DSC_0438_id2.png,RGB_JPG_QUEBRADOS,RGB_JPG_QUEBRADOS
C:\Users\eduar\Desktop\Soybe-main\data\com_fundo\RGB_JPG_QUEBRADOS\grao_DSC_0438_id20.png,RGB_JPG_QUEBRADOS,RGB_JPG_QUEBRADOS
C:\Users\eduar\Desktop\Soybe-main\data\com_fundo\RGB_JPG_QUEBRADOS\grao_DSC_0438_id21.png,RGB_JPG_QUEBRADOS,RGB_JPG_QUEBRADOS
C:\Users\eduar\Desktop\Soybe-main\data\com_fundo\RGB_JPG_QUEBRADOS\grao_DSC_0438_id22.png,RGB_JPG_QUEBRADOS,RGB_JPG_QUEBRADOS
C:\Users\eduar\Desktop\Soybe-main\data\com_fundo\RGB_JPG_QUEBRADOS\grao_DSC_0438_id23.png,RGB_JPG_QUEBRADOS,RGB_JPG_QUEBRADOS
C:\Users\eduar\Desktop\Soybe-main\data\com_fundo\RGB_JPG_QUEBRADOS\grao_DSC_0438_id24.png,RGB_JPG_QUEBRADOS,RGB_JPG_QUEBRADOS
C:\Users\eduar\Desktop\Soybe-main\data\com_fundo\RGB_JPG_QUEBRADOS\grao_DSC_0438_id25.png,RGB_JPG_QUEBRADOS,RGB_JPG_QUEBRADOS
C:\Users\eduar\Desktop\Soybe-main\data\com_fundo\RGB_JPG_QUEBRADOS\grao_DSC_0438_id26.png,RGB_JPG_QUEBRADOS,RGB_JPG_QUEBRADOS
C:\Users\eduar\Desktop\Soybe-main\data\com_fundo\RGB_JPG_QUEBRADOS\grao_DSC_0438_id27.png,RGB_JPG_QUEBRADOS,RGB_JPG_QUEBRADOS
C:\Users\eduar\Desktop\Soybe-main\data\com_fundo\RGB_JPG_QUEBRADOS\grao_DSC_0438_id28.png,RGB_JPG_QUEBRADOS,RGB_JPG_QUEBRADOS
C:\Users\eduar\Desktop\Soybe-main\data\com_fundo\RGB_JPG_QUEBRADOS\grao_DSC_0438_id29.png,RGB_JPG_QUEBRADOS,RGB_JPG_QUEBRADOS
C:\Users\eduar\Desktop\Soybe-main\data\com_fundo\RGB_JPG_QUEBRADOS\grao_DSC_0438_id3.png,RGB_JPG_QUEBRADOS,RGB_JPG_QUEBRADOS
C:\Users\eduar\Desktop\Soybe-main\data\com_fundo\RGB_JPG_QUEBRADOS\grao_DSC_0438_id30.png,RGB_JPG_QUEBRADOS,RGB_JPG_QUEBRADOS
C:\Users\eduar\Desktop\Soybe-main\data\com_fundo\RGB_JPG_QUEBRADOS\grao_DSC_0438_id31.png,RGB_JPG_QUEBRADOS,RGB_JPG_QUEBRADOS
C:\Users\eduar\Desktop\Soybe-main\data\com_fundo\RGB_JPG_QUEBRADOS\grao_DSC_0438_id32.png,RGB_JPG_QUEBRADOS,RGB_JPG_QUEBRADOS
C:\Users\eduar\Desktop\Soybe-main\data\com_fundo\RGB_JPG_QUEBRADOS\grao_DSC_0438_id33.png,RGB_JPG_QUEBRADOS,RGB_JPG_QUEBRADOS
C:\Users\eduar\Desktop\Soybe-main\data\com_fundo\RGB_JPG_QUEBRADOS\grao_DSC_0438_id34.png,RGB_JPG_QUEBRADOS,RGB_JPG_QUEBRADOS
C:\Users\eduar\Desktop\Soybe-main\data\com_fundo\RGB_JPG_QUEBRADOS\grao_DSC_0438_id36.png,RGB_JPG_QUEBRADOS,RGB_JPG_QUEBRADOS
C:\Users\eduar\Desktop\Soybe-main\data\com_fundo\RGB_JPG_QUEBRADOS\grao_DSC_0438_id37.png,RGB_JPG_QUEBRADOS,RGB_JPG_QUEBRADOS
C:\Users\eduar\Desktop\Soybe-main\data\com_fundo\RGB_JPG_QUEBRADOS\grao_DSC_0438_id38.png,RGB_JPG_QUEBRADOS,RGB_JPG_QUEBRADOS
C:\Users\eduar\Desktop\Soybe-main\data\com_fundo\RGB_JPG_QUEBRADOS\grao_DSC_0438_id39.png,RGB_JPG_QUEBRADOS,RGB_JPG_QUEBRADOS
C:\Users\eduar\Desktop\Soybe-main\data\com_fundo\RGB_JPG_QUEBRADOS\grao_DSC_0438_id4.png,RGB_JPG_QUEBRADOS,RGB_JPG_QUEBRADOS
C:\Users\eduar\Desktop\Soybe-main\data\com_fundo\RGB_JPG_QUEBRADOS\grao_DSC_0438_id40.png,RGB_JPG_QUEBRADOS,RGB_JPG_QUEBRADOS
C:\Users\eduar\Desktop\Soybe-main\data\com_fundo\RGB_JPG_QUEBRADOS\grao_DSC_0438_id42.png,RGB_JPG_QUEBRADOS,RGB_JPG_QUEBRADOS
C:\Users\eduar\Desktop\Soybe-main\data\com_fundo\RGB_JPG_QUEBRADOS\grao_DSC_0438_id43.png,RGB_JPG_QUEBRADOS,RGB_JPG_QUEBRADOS
C:\Users\eduar\Desktop\Soybe-main\data\com_fundo\RGB_JPG_QUEBRADOS\grao_DSC_0438_id44.png,RGB_JPG_QUEBRADOS,RGB_JPG_QUEBRADOS
C:\Users\eduar\Desktop\Soybe-main\data\com_fundo\RGB_JPG_QUEBRADOS\grao_DSC_0438_id45.png,RGB_JPG_QUEBRADOS,RGB_JPG_QUEBRADOS
C:\Users\eduar\Desktop\Soybe-main\data\com_fundo\RGB_JPG_QUEBRADOS\grao_DSC_0438_id46.png,RGB_JPG_QUEBRADOS,RGB_JPG_QUEBRADOS
C:\Users\eduar\Desktop\Soybe-main\data\com_fundo\RGB_JPG_QUEBRADOS\grao_DSC_0438_id47.png,RGB_JPG_QUEBRADOS,RGB_JPG_QUEBRADOS
C:\Users\eduar\Desktop\Soybe-main\data\com_fundo\RGB_JPG_QUEBRADOS\grao_DSC_0438_id48.png,RGB_JPG_QUEBRADOS,RGB_JPG_QUEBRADOS
C:\Users\eduar\Desktop\Soybe-main\data\com_fundo\RGB_JPG_QUEBRADOS\grao_DSC_0438_id49.png,RGB_JPG_QUEBRADOS,RGB_JPG_QUEBRADOS
C:\Users\eduar\Desktop\Soybe-main\data\com_fundo\RGB_JPG_QUEBRADOS\grao_DSC_0438_id5.png,RGB_JPG_QUEBRADOS,RGB_JPG_QUEBRADOS
C:\Users\eduar\Desktop\Soybe-main\data\com_fundo\RGB_JPG_QUEBRADOS\grao_DSC_0438_id50.png,RGB_JPG_QUEBRADOS,RGB_JPG_QUEBRADOS
C:\Users\eduar\Desktop\Soybe-main\data\com_fundo\RGB_JPG_QUEBRADOS\grao_DSC_0438_id51.png,RGB_JPG_QUEBRADOS,RGB_JPG_QUEBRADOS
C:\Users\eduar\Desktop\Soybe-main\data\com_fundo\RGB_JPG_QUEBRADOS\grao_DSC_0438_id52.png,RGB_JPG_QUEBRADOS,RGB_JPG_QUEBRADOS
C:\Users\eduar\Desktop\Soybe-main\data\com_fundo\RGB_JPG_QUEBRADOS\grao_DSC_0438_id53.png,RGB_JPG_QUEBRADOS,RGB_JPG_QUEBRADOS
C:\Users\eduar\Desktop\Soybe-main\data\com_fundo\RGB_JPG_QUEBRADOS\grao_DSC_0438_id54.png,RGB_JPG_QUEBRADOS,RGB_JPG_QUEBRADOS
C:\Users\eduar\Desktop\Soybe-main\data\com_fundo\RGB_JPG_QUEBRADOS\grao_DSC_0438_id55.png,RGB_JPG_QUEBRADOS,RGB_JPG_QUEBRADOS
C:\Users\eduar\Desktop\Soybe-main\data\com_fundo\RGB_JPG_QUEBRADOS\grao_DSC_0438_id56.png,RGB_JPG_QUEBRADOS,RGB_JPG_QUEBRADOS
C:\Users\eduar\Desktop\Soybe-main\data\com_fundo\RGB_JPG_QUEBRADOS\grao_DSC_0438_id57.png,RGB_JPG_QUEBRADOS,RGB_JPG_QUEBRADOS
C:\Users\eduar\Desktop\Soybe-main\data\com_fundo\RGB_JPG_QUEBRADOS\grao_DSC_0438_id58.png,RGB_JPG_QUEBRADOS,RGB_JPG_QUEBRADOS
C:\Users\eduar\Desktop\Soybe-main\data\com_fundo\RGB_JPG_QUEBRADOS\grao_DSC_0438_id59.png,RGB_JPG_QUEBRADOS,RGB_JPG_QUEBRADOS
C:\Users\eduar\Desktop\Soybe-main\data\com_fundo\RGB_JPG_QUEBRADOS\grao_DSC_0438_id6.png,RGB_JPG_QUEBRADOS,RGB_JPG_QUEBRADOS
C:\Users\eduar\Desktop\Soybe-main\data\com_fundo\RGB_JPG_QUEBRADOS\grao_DSC_0438_id60.png,RGB_JPG_QUEBRADOS,RGB_JPG_QUEBRADOS
C:\Users\eduar\Desktop\Soybe-main\data\com_fundo\RGB_JPG_QUEBRADOS\grao_DSC_0438_id61.png,RGB_JPG_QUEBRADOS,RGB_JPG_QUEBRADOS
C:\Users\eduar\Desktop\Soybe-main\data\com_fundo\RGB_JPG_QUEBRADOS\grao_DSC_0438_id62.png,RGB_JPG_QUEBRADOS,RGB_JPG_QUEBRADOS
C:\Users\eduar\Desktop\Soybe-main\data\com_fundo\RGB_JPG_QUEBRADOS\grao_DSC_0438_id63.png,RGB_JPG_QUEBRADOS,RGB_JPG_QUEBRADOS
C:\Users\eduar\Desktop\Soybe-main\data\com_fundo\RGB_JPG_QUEBRADOS\grao_DSC_0438_id64.png,RGB_JPG_QUEBRADOS,RGB_JPG_QUEBRADOS
C:\Users\eduar\Desktop\Soybe-main\data\com_fundo\RGB_JPG_QUEBRADOS\grao_DSC_0438_id65.png,RGB_JPG_QUEBRADOS,RGB_JPG_QUEBRADOS
C:\Users\eduar\Desktop\Soybe-main\data\com_fundo\RGB_JPG_QUEBRADOS\grao_DSC_0438_id66.png,RGB_JPG_QUEBRADOS,RGB_JPG_QUEBRADOS
C:\Users\eduar\Desktop\Soybe-main\data\com_fundo\RGB_JPG_QUEBRADOS\grao_DSC_0438_id67.png,RGB_JPG_QUEBRADOS,RGB_JPG_QUEBRADOS
C:\Users\eduar\Desktop\Soybe-main\data\com_fundo\RGB_JPG_QUEBRADOS\grao_DSC_0438_id68.png,RGB_JPG_QUEBRADOS,RGB_JPG_QUEBRADOS
C:\Users\eduar\Desktop\Soybe-main\data\com_fundo\RGB_JPG_QUEBRADOS\grao_DSC_0438_id69.png,RGB_JPG_QUEBRADOS,RGB_JPG_QUEBRADOS
C:\Users\eduar\Desktop\Soybe-main\data\com_fundo\RGB_JPG_QUEBRADOS\grao_DSC_0438_id7.png,RGB_JPG_QUEBRADOS,RGB_JPG_IMPUREZAS
C:\Users\eduar\Desktop\Soybe-main\data\com_fundo\RGB_JPG_QUEBRADOS\grao_DSC_0438_id70.png,RGB_JPG_QUEBRADOS,RGB_JPG_QUEBRADOS
C:\Users\eduar\Desktop\Soybe-main\data\com_fundo\RGB_JPG_QUEBRADOS\grao_DSC_0438_id71.png,RGB_JPG_QUEBRADOS,RGB_JPG_QUEBRADOS
C:\Users\eduar\Desktop\Soybe-main\data\com_fundo\RGB_JPG_QUEBRADOS\grao_DSC_0438_id72.png,RGB_JPG_QUEBRADOS,RGB_JPG_QUEBRADOS
C:\Users\eduar\Desktop\Soybe-main\data\com_fundo\RGB_JPG_QUEBRADOS\grao_DSC_0438_id73.png,RGB_JPG_QUEBRADOS,RGB_JPG_QUEBRADOS
C:\Users\eduar\Desktop\Soybe-main\data\com_fundo\RGB_JPG_QUEBRADOS\grao_DSC_0438_id74.png,RGB_JPG_QUEBRADOS,RGB_JPG_QUEBRADOS
C:\Users\eduar\Desktop\Soybe-main\data\com_fundo\RGB_JPG_QUEBRADOS\grao_DSC_0438_id75.png,RGB_JPG_QUEBRADOS,RGB_JPG_QUEBRADOS
C:\Users\eduar\Desktop\Soybe-main\data\com_fundo\RGB_JPG_QUEBRADOS\grao_DSC_0438_id76.png,RGB_JPG_QUEBRADOS,RGB_JPG_QUEBRADOS
C:\Users\eduar\Desktop\Soybe-main\data\com_fundo\RGB_JPG_QUEBRADOS\grao_DSC_0438_id78.png,RGB_JPG_QUEBRADOS,RGB_JPG_QUEBRADOS
C:\Users\eduar\Desktop\Soybe-main\data\com_fundo\RGB_JPG_QUEBRADOS\grao_DSC_0438_id79.png,RGB_JPG_QUEBRADOS,RGB_JPG_QUEBRADOS
C:\Users\eduar\Desktop\Soybe-main\data\com_fundo\RGB_JPG_QUEBRADOS\grao_DSC_0438_id8.png,RGB_JPG_QUEBRADOS,RGB_JPG_QUEBRADOS
C:\Users\eduar\Desktop\Soybe-main\data\com_fundo\RGB_JPG_QUEBRADOS\grao_DSC_0438_id80.png,RGB_JPG_QUEBRADOS,RGB_JPG_QUEBRADOS
C:\Users\eduar\Desktop\Soybe-main\data\com_fundo\RGB_JPG_QUEBRADOS\grao_DSC_0438_id81.png,RGB_JPG_QUEBRADOS,RGB_JPG_QUEBRADOS
C:\Users\eduar\Desktop\Soybe-main\data\com_fundo\RGB_JPG_QUEBRADOS\grao_DSC_0438_id82.png,RGB_JPG_QUEBRADOS,RGB_JPG_QUEBRADOS
C:\Users\eduar\Desktop\Soybe-main\data\com_fundo\RGB_JPG_QUEBRADOS\grao_DSC_0438_id83.png,RGB_JPG_QUEBRADOS,RGB_JPG_QUEBRADOS
C:\Users\eduar\Desktop\Soybe-main\data\com_fundo\RGB_JPG_QUEBRADOS\grao_DSC_0438_id84.png,RGB_JPG_QUEBRADOS,RGB_JPG_QUEBRADOS
C:\Users\eduar\Desktop\Soybe-main\data\com_fundo\RGB_JPG_QUEBRADOS\grao_DSC_0438_id85.png,RGB_JPG_QUEBRADOS,RGB_JPG_QUEBRADOS
C:\Users\eduar\Desktop\Soybe-main\data\com_fundo\RGB_JPG_QUEBRADOS\grao_DSC_0438_id86.png,RGB_JPG_QUEBRADOS,RGB_JPG_QUEBRADOS
C:\Users\eduar\Desktop\Soybe-main\data\com_fundo\RGB_JPG_QUEBRADOS\grao_DSC_0438_id87.png,RGB_JPG_QUEBRADOS,RGB_JPG_QUEBRADOS
C:\Users\eduar\Desktop\Soybe-main\data\com_fundo\RGB_JPG_QUEBRADOS\grao_DSC_0438_id88.png,RGB_JPG_QUEBRADOS,RGB_JPG_QUEBRADOS
C:\Users\eduar\Desktop\Soybe-main\data\com_fundo\RGB_JPG_QUEBRADOS\grao_DSC_0438_id89.png,RGB_JPG_QUEBRADOS,RGB_JPG_QUEBRADOS
C:\Users\eduar\Desktop\Soybe-main\data\com_fundo\RGB_JPG_QUEBRADOS\grao_DSC_0438_id9.png,RGB_JPG_QUEBRADOS,RGB_JPG_QUEBRADOS
C:\Users\eduar\Desktop\Soybe-main\data\com_fundo\RGB_JPG_QUEBRADOS\grao_DSC_0438_id90.png,RGB_JPG_QUEBRADOS,RGB_JPG_QUEBRADOS
C:\Users\eduar\Desktop\Soybe-main\data\com_fundo\RGB_JPG_QUEBRADOS\grao_DSC_0438_id91.png,RGB_JPG_QUEBRADOS,RGB_JPG_QUEBRADOS
C:\Users\eduar\Desktop\Soybe-main\data\com_fundo\RGB_JPG_QUEBRADOS\grao_DSC_0438_id92.png,RGB_JPG_QUEBRADOS,RGB_JPG_QUEBRADOS
C:\Users\eduar\Desktop\Soybe-main\data\com_fundo\RGB_JPG_QUEBRADOS\grao_DSC_0438_id93.png,RGB_JPG_QUEBRADOS,RGB_JPG_QUEBRADOS
C:\Users\eduar\Desktop\Soybe-main\data\com_fundo\RGB_JPG_QUEBRADOS\grao_DSC_0438_id95.png,RGB_JPG_QUEBRADOS,RGB_JPG_QUEBRADOS
C:\Users\eduar\Desktop\Soybe-main\data\com_fundo\RGB_JPG_QUEBRADOS\grao_DSC_0438_id96.png,RGB_JPG_QUEBRADOS,RGB_JPG_QUEBRADOS
C:\Users\eduar\Desktop\Soybe-main\data\com_fundo\RGB_JPG_QUEBRADOS\grao_DSC_0438_id97.png,RGB_JPG_QUEBRADOS,RGB_JPG_QUEBRADOS
C:\Users\eduar\Desktop\Soybe-main\data\com_fundo\RGB_JPG_QUEBRADOS\grao_DSC_0438_id98.png,RGB_JPG_QUEBRADOS,RGB_JPG_QUEBRADOS
C:\Users\eduar\Desktop\Soybe-main\data\com_fundo\RGB_JPG_QUEBRADOS\grao_DSC_0438_id99.png,RGB_JPG_QUEBRADOS,RGB_JPG_QUEBRADOS
